market,code,chg_pct,vol_rank,amt_rank
SH,601288,-0.45,2055933,2253891
SH,601398,0.13,2040964,2697995
SH,601857,-0.08,1724470,1949173
SZ,300750,-0.37,1671784,1815638
SH,600519,-3.79,1613880,1613880
SH,601138,1.5,1333126,1333126
SH,601988,0.51,1245624,1904275
SZ,300308,1.91,1066652,1124115
SH,600036,-0.51,789263,964911
SH,601628,-0.32,764640,1037880
SH,601088,0.76,743086,977326
SH,601899,2.92,689748,890257
SH,688256,0.27,688609,688609
SH,600900,-0.27,685599,685599
SH,688041,-0.3,651070,651070
SZ,000333,-0.17,570609,632267
SH,601318,-0.26,550166,934535
SH,601728,0.76,513909,605777
SH,600028,-0.19,472815,603418
SZ,002475,-0.43,412621,435871
SH,603259,-0.91,390209,470747
SH,601166,-0.32,380297,380297
SH,601658,-0.19,356112,589667
SH,600183,1.95,352115,354635
SH,688012,-0.97,349715,355522
SH,600276,-1.05,332091,345533
SH,600030,-0.28,331567,425449
SH,603993,2.11,328788,402855
SZ,002415,0.37,316704,320862
SH,601998,0,313875,428468
SZ,300394,6.91,311518,312216
SZ,002594,0.12,310343,811522
SH,600000,-0.43,301751,301751
SZ,002384,4.73,297921,393612
SH,603986,1.51,283307,297400
SZ,000858,-1.85,280944,280951
SH,688981,-1.3,262203,1122612
SZ,300059,-0.71,258119,305843
SZ,002916,1.7,255579,261868
SH,688825,2.03,253521,3765394
SH,600150,-0.38,250528,250528
SH,601225,1.5,249646,249646
SH,601319,-0.43,242450,302050
SH,688008,-0.13,242244,258278
SH,601816,-0.19,239247,239247
SZ,300408,-1.61,237465,253583
SZ,002463,0.84,235140,235330
SZ,300476,0.8,234883,266806
SH,600309,0.01,228681,228681
SZ,002938,0.35,221123,221765
SZ,000651,0.3,220991,224168
SH,600919,0,213976,213976
SZ,002142,-0.18,212106,212239
SZ,000725,0.34,206190,215968
SH,601601,-0.36,204051,286782
SH,603288,-1.11,196929,207244
SH,601919,1.82,196761,239251
SH,688072,0.28,195089,200600
SH,688498,3.36,192941,195466
SH,600406,0.82,187551,188104
SZ,300274,-0.62,184137,240472
SH,601668,0,181810,181810
SZ,300760,-1,180328,180498
SH,600176,2.12,180032,181462
SH,601328,-0.14,179118,607059
SH,600025,-0.41,178300,178300
SZ,300433,-0.83,176126,187079
SH,600989,0.09,168007,168007
SH,601985,0.11,165984,180793
SH,601066,-0.22,165510,197641
SZ,301165,0.02,160286,160286
SH,600887,-0.7,159425,160221
SH,600487,2.46,158334,159156
SH,600031,-0.36,158302,171763
SZ,002352,-0.17,156835,172070
SZ,002281,2.61,154530,162689
SH,600111,-1.51,151869,151869
SZ,003816,0.26,151834,194925
SZ,000792,-0.06,149486,149487
SZ,300124,-0.17,147246,165408
SH,601869,1.77,146879,299263
SH,600809,-2.72,146579,146579
SH,688082,-0.02,145754,147337
SH,601766,-0.33,142561,168175
SZ,002050,0.23,141699,161546
SH,601100,-0.73,141443,141443
SH,600584,0.36,141346,141346
SH,601688,-0.4,141093,174309
SH,601818,0,139220,177257
SZ,300604,0.42,139132,183507
SH,601872,0.47,138317,138317
SH,601009,0,138225,138225
SH,603256,0.76,136666,140528
SH,600690,-0.4,135503,203213
SH,601229,0.11,133991,133991
SH,600999,-0.05,133819,156798
SH,600188,0.05,132342,222818
SH,603019,0.27,131090,131095
SH,601898,0.43,129135,187080
SH,688120,-1.36,128944,128944
SZ,002714,0,128891,226821
SZ,300857,-0.49,128852,129515
SZ,000568,-2.88,127747,127820
SZ,301200,2.36,126274,145211
SH,600760,-0.44,125151,125389
SZ,000408,2.32,124665,124666
SH,688506,-0.98,123449,123449
SH,601600,0.65,123055,159884
SH,600019,-0.16,122917,125029
SZ,000776,-0.28,122273,162053
SH,600522,0.25,121638,121638
SH,600489,3.21,121425,121425
SH,600346,0.12,120721,120721
SH,600016,-0.57,120571,148860
SH,601336,-0.34,120080,179623
SZ,300014,-0.59,118510,121922
SZ,300442,1.76,118054,118401
SH,600926,-0.11,117869,117869
SH,688111,-0.94,117864,117864
SH,600018,-0.19,117628,117797
SZ,000938,2.7,117349,117349
SH,688361,2.67,117230,117230
SZ,002493,-0.47,117006,125168
SZ,000977,0.94,116672,116803
SH,688525,1.45,115770,115770
SH,605117,0.68,115762,115762
SH,600104,-0.68,115298,115298
SZ,301308,-0.52,113953,173715
SH,601698,0.04,111946,111946
SZ,000988,1.25,111714,111772
SH,600660,-1.16,111386,145128
SH,600160,0.22,110312,110312
SH,603501,0.16,110111,114740
SH,688521,0.36,109401,109401
SH,600547,2.86,109084,139128
SH,600673,-0.95,108356,108645
SH,600905,0,106632,106632
SZ,002028,4.52,106293,136191
SH,600089,-0.47,104947,104947
SZ,002353,0.46,104822,155298
SH,601888,-0.73,104770,111495
SH,601169,-0.19,104658,104658
SH,688347,1.27,104567,445640
SH,600886,0.29,103017,110622
SZ,000100,-0.38,103006,106500
SZ,301217,0.76,102781,102781
SZ,002080,1.3,101879,101879
SZ,000166,-0.21,101860,113181
SH,600015,-0.29,101402,104879
SH,601995,-0.48,101213,167120
SZ,000657,1.36,100608,157725
SZ,300033,-0.68,100251,172106
SH,600893,0.49,98770,98787
SH,601939,-0.19,98047,2673556
SH,600938,0.31,97982,1557557
SZ,002156,2.06,97511,97521
SZ,002602,-1.91,97331,105548
SH,601012,1.5,97302,97302
SH,600362,4.33,96582,161155
SH,601633,-0.64,95293,131528
SZ,002008,-0.07,94639,101848
SH,603228,-1.66,94627,96485
SH,601006,0,93157,93157
SH,601168,4.6,92580,92580
SZ,002230,-0.47,91059,99878
SZ,002600,-0.38,91008,102640
SZ,000807,0.81,90582,90583
SH,600795,-0.19,90070,90070
SH,688271,-0.7,88704,88704
SH,601881,-0.24,88225,133181
SZ,000538,-0.53,88221,88785
SH,601390,-0.45,88206,106466
SH,600549,0.3,87968,89873
SH,600941,-0.31,87930,2112335
SZ,000617,-0.28,86725,86725
SH,603893,0,86310,86321
SH,601689,0.16,86179,86179
SZ,300757,2.16,85699,88356
SZ,000895,-0.15,85081,85092
SZ,002001,-0.35,84910,85933
SH,688702,4.87,84853,171384
SH,601727,0,84651,104274
SZ,002648,-1.53,83724,83778
SZ,000301,-0.23,83133,83169
SH,601868,0,82369,112370
SH,605499,-1.1,82177,89249
SH,601127,-1.12,81909,91628
SZ,300620,2.58,81670,82279
SH,688200,-0.48,81524,81524
SH,688396,0.38,80968,80968
SH,688249,0.52,80906,90056
SH,601825,-0.22,80901,83232
SZ,300498,0.37,80388,89961
SH,600118,0.39,79345,79345
SH,603799,-0.77,79317,79566
SH,600236,-0.48,79297,79297
SH,600436,-1.11,79095,79095
SZ,001289,-0.37,78402,129995
SH,688002,0.17,77416,77416
SH,601838,-0.27,76334,76334
SH,600011,0,75224,107375
SZ,000630,3.23,74769,89978
SZ,002179,-1.57,74444,74580
SH,688777,-1.05,74138,74514
SH,688519,1.94,74082,74082
SH,600674,0.27,73460,73460
SZ,300661,-0.82,73410,83625
SZ,002311,-1.24,73406,73477
SZ,300475,1.23,73360,76540
SH,688126,-0.38,73326,85270
SH,601958,0.49,73308,73308
SH,603195,1.55,73249,73382
SZ,002027,-1.17,72500,72500
SH,600039,-0.47,72260,72260
SH,600482,0.76,71971,71971
SZ,000636,-0.87,71943,71943
SZ,000425,-0.12,71824,93455
SZ,002466,-0.46,71573,83091
SZ,002202,1.48,71441,89713
SH,600010,-0.44,69840,100854
SH,603296,1.31,69550,132046
SH,601186,-0.16,69480,82020
SZ,000708,-0.21,69449,69449
SH,601800,-0.16,69399,95986
SZ,000426,2.74,69109,69125
SH,601231,4.46,68849,68849
SH,600585,-0.34,68810,91293
SH,601179,-0.73,68738,68738
SH,688629,0.44,68697,69779
SZ,300015,-0.91,68670,80255
SH,601111,-0.16,68665,120906
SZ,002241,-0.26,68639,77511
SH,600988,3.22,68320,78031
SH,600703,0.66,68200,68200
SZ,001309,1.47,68020,93498
SH,688037,0.05,67987,67987
SZ,002428,2.39,67929,67938
SZ,300759,-2.72,67849,87785
SH,600029,-0.19,67520,90786
SH,600958,-0.43,67449,76725
SZ,000975,2.99,66967,73583
SH,688585,-0.78,66958,66958
SZ,001979,-1.57,66345,67440
SH,688172,-0.78,66147,78776
SH,688313,3.96,66139,66139
SH,603156,1.12,65887,65887
SH,600023,-0.19,65703,65703
SH,601360,-1.15,65516,65516
SZ,002625,-0.48,65240,65241
SH,601018,0.3,65172,65172
SZ,002851,0.75,65095,77450
SZ,002837,0.72,65001,73275
SZ,002460,-0.47,64909,112362
SH,600233,0.26,64885,64885
SH,600026,1.32,64770,92573
SZ,000960,1.81,64682,64682
SH,688141,0.05,64428,64428
SH,688017,-0.25,63984,63984
SH,688409,-0.35,63934,63934
SZ,000831,-1.19,63907,63907
SH,688766,4.35,63777,63777
SZ,000021,0.45,63612,63620
SH,600066,0,63518,63518
SH,600415,-0.85,63390,63390
SH,688036,-0.04,63304,63304
SZ,000703,-1,63158,63476
SH,601916,-0.33,62910,80197
SH,600048,-0.75,62605,62605
SZ,001965,-0.32,62311,62311
SZ,300223,1.89,61888,70775
SZ,300548,7.35,61481,61605
SH,600875,0.82,61405,93825
SH,601669,-0.2,61305,80791
SH,600105,0.77,60892,60892
SZ,002128,0.67,60679,84634
SZ,300285,-0.33,60329,70511
SZ,002185,0.72,60173,60187
SZ,002304,-1.79,60030,60032
SH,600115,-0.27,59928,77749
SZ,002595,0.78,59903,60320
SH,600438,3.36,59561,59561
SZ,000768,-0.32,59304,59394
SZ,002709,-0.72,59123,79871
SH,601061,2.31,58702,58702
SZ,002422,-0.06,58541,71712
SZ,000933,0.7,58459,58497
SZ,300666,1.32,57329,71551
SH,600009,-0.47,57070,57256
SH,600221,0.76,56985,57477
SZ,300765,-0.55,56942,56942
SH,600426,0.44,56916,56924
SH,688019,0.32,56858,56858
SH,688048,3.28,56801,56801
SZ,300054,0.14,56752,72780
SH,601901,-0.28,56637,56637
SZ,300136,0.37,56567,66327
SH,601788,-0.68,56530,66718
SZ,002049,-2.33,55899,55906
SH,688147,-1.01,55801,55801
SZ,002484,-2.88,55603,57640
SH,600885,-1.01,55450,55450
SZ,002920,1.78,55038,55056
SH,688630,-0.5,54916,61071
SZ,002064,-0.44,54868,54985
SH,600460,0.46,54748,54748
SH,601233,0.61,54570,54669
SH,600219,0.42,54548,54548
SH,600372,-0.08,54438,54438
SZ,002436,2.84,54357,60865
SZ,002532,0.69,54293,61192
SZ,300316,1.03,54115,57541
SH,600580,0.38,54050,54205
SH,688469,-0.21,54002,77121
SZ,300450,-0.68,53862,57828
SH,688578,-1.01,53627,53627
SH,601059,-0.53,53510,53510
SH,601877,-0.55,53445,53445
SZ,002821,-1.85,53270,60618
SZ,002558,-2.94,53197,53197
SH,600601,0,52796,54106
SZ,301526,1.08,52791,141747
SH,600803,-0.16,52742,53144
SZ,301358,0.28,52716,58468
SH,600096,0.03,52684,52684
SZ,300373,0.46,52490,52607
SH,600498,0.78,52416,55984
SH,600879,-0.18,52327,52327
SZ,301269,-0.68,52180,52180
SH,688110,0.73,52174,52174
SH,603083,1.8,52152,69688
SH,603659,-1.09,52104,52104
SH,600418,-2.74,51891,51891
SZ,300058,-1.18,51891,53566
SH,600497,1.88,51815,51815
SH,600350,-1.37,51682,51682
SZ,000963,-1.4,51363,51384
SZ,300418,-0.4,51056,55822
SH,688432,-0.62,50937,50937
SH,688548,-1.27,50797,50797
SH,600196,-1.11,50717,63930
SZ,300567,-0.21,50618,62367
SH,601377,-0.16,50348,50348
SH,600895,-0.66,50301,50301
SZ,002636,2.2,50181,50436
SZ,300803,-0.76,50134,50503
SH,688375,-0.28,49827,49827
SZ,000783,-0.43,49771,49771
SH,601699,0.49,49358,49358
SZ,001872,-0.41,48969,52795
SZ,000157,-0.13,48922,59848
SH,603979,1.94,48743,48743
SH,601208,0.38,48378,48378
SZ,000066,-0.26,48254,48258
SZ,300395,0.29,48010,49245
SH,688234,0.22,47870,53987
SZ,002409,-0.78,47785,71399
SH,688627,1.67,47754,47754
SZ,300390,-0.97,47392,55336
SH,600985,1.1,47213,47213
SH,600667,-1.99,47039,47039
SZ,002414,-0.56,47037,59107
SH,600726,-2.48,46870,49579
SZ,002074,-0.65,46857,48961
SZ,003031,5.32,46601,61794
SH,601298,-0.57,46588,56083
SZ,002812,-0.43,46313,55248
SH,688729,0.08,46311,78293
SH,601607,-0.47,46050,61225
SH,601618,0.39,45881,53177
SH,688331,-1.71,45811,72660
SH,688223,0.91,45596,45596
SH,600377,-0.07,45398,60151
SH,601117,0,45052,45181
SZ,301377,1.55,44956,192830
SH,688047,-0.32,44222,44222
SH,601058,-0.8,44192,44192
SH,601198,-0.65,43735,43735
SH,600930,-0.72,43725,169777
SH,600206,0.87,43360,43360
SH,688808,0.9,43242,230072
SH,601021,-0.13,43105,43105
SH,603129,-1.57,43052,43052
SH,688146,-1.9,42795,156282
SZ,002203,1.15,42694,44231
SH,688336,-1.66,42651,42651
SH,688187,-0.36,42637,65298
SH,688220,-0.3,42604,42604
SH,601878,-0.2,42536,42536
SH,603260,1.1,42406,42406
SH,688009,-0.19,42243,51890
SH,688728,0.12,42100,42130
SZ,002407,-0.81,41983,46236
SH,600642,2.03,41842,41844
SH,600909,0.36,41751,41751
SH,600027,-0.21,41747,52601
SH,688188,-0.35,41549,41549
SH,600392,-0.87,41524,41524
SH,603268,-0.77,41488,181199
SH,600570,-1.17,41395,41395
SH,603087,-2,41228,43893
SH,601212,2.21,41171,41171
SH,688433,4.31,41096,41096
SH,600352,-0.23,40992,40992
SH,688099,-0.12,40922,40922
SH,601108,-0.22,40912,40912
SZ,300017,-0.68,40727,42951
SZ,000811,1.46,40691,41277
SH,688303,2.97,40687,40687
SH,603699,-0.5,40227,41137
SH,688025,4.46,40143,40143
SH,603806,0.52,39966,39966
SZ,002138,-0.39,39850,41929
SH,600021,-0.63,39704,39704
SH,603650,0.12,39696,39792
SZ,300979,-1.32,39678,39678
SH,600578,-1.98,39565,39565
SZ,000596,-2.55,39561,51179
SH,600995,-0.23,39503,39503
SH,601555,-0.12,39452,39452
SZ,002850,2.23,39343,53730
SZ,002155,1.87,39235,39238
SZ,000983,0.88,39172,39172
SH,600968,-0.25,39034,39034
SZ,002236,-0.96,38999,53322
SH,600588,-2.14,38954,38954
SH,601456,-0.44,38911,50500
SZ,002738,1.13,38900,39905
SZ,301511,2.39,38784,61324
SH,600256,2.89,38736,38736
SZ,002429,-0.34,38547,38570
SZ,300346,-0.01,38507,40571
SZ,002129,1.93,38457,38490
SH,600845,-1.2,38456,51499
SZ,000559,-0.33,38446,38458
SZ,002294,-1.54,38296,38305
SH,603379,0.08,38106,38106
SH,601665,-0.47,38092,38092
SZ,002273,0.58,37950,38632
SH,688472,1.26,37925,37925
SZ,300001,-0.18,37896,38783
SH,601126,-0.47,37863,38231
SH,688300,-5.07,37737,37737
SH,600141,1.91,37735,37735
SZ,000987,-0.65,37700,37729
SZ,300672,2.68,37602,38811
SH,601238,-0.38,37583,51903
SH,600901,-0.14,37580,37589
SH,603392,-1.35,37540,37540
SH,601216,-0.44,37465,37465
SH,688668,-0.01,37411,37411
SZ,300919,-0.31,37375,42677
SH,601777,0.49,37209,37209
SZ,002966,-0.23,37142,37777
SH,600869,1.52,37130,37130
SZ,000688,-0.88,37116,37116
SZ,300115,0,37028,37138
SZ,000893,0.57,37026,42146
SH,600600,-0.87,36938,71061
SH,603929,6.28,36894,36894
SZ,002056,0.13,36856,36894
SH,601577,-0.43,36749,36757
SZ,002653,-1.78,36577,77740
SZ,300037,-0.56,36361,50133
SH,600663,-0.64,36354,46525
SZ,300751,5.46,36281,52470
SH,688167,2.51,36146,36146
SZ,300866,0.73,36063,68567
SH,688295,-4.07,36000,36000
SZ,001203,-0.96,35914,42160
SZ,300489,2.78,35910,36042
SZ,300782,1.43,35860,45999
SH,603369,-3.45,35821,35821
SZ,300870,2.76,35809,35813
SH,600177,-0.5,35487,36433
SZ,300972,-1.01,35332,38456
SZ,300454,-1.22,35295,52888
SZ,002432,3.4,35221,35268
SH,601808,-0.33,35111,56591
SH,688322,-0.86,34915,45007
SH,605358,0.67,34865,34865
SH,605589,-2.98,34860,34880
SZ,300832,-0.54,34812,40040
SH,600157,0,34472,34472
SH,688052,1.12,34413,39235
SH,600298,-7.74,34397,34825
SH,600863,-0.61,34045,37766
SZ,002444,-0.46,33897,35309
SZ,300570,9.06,33851,40004
SH,601611,-0.43,33845,33845
SZ,002517,-2.18,33815,38242
SZ,002340,0.15,33755,33931
SH,600707,0.86,33688,33695
SH,603308,1.18,33654,33654
SH,600839,-0.13,33551,33560
SZ,000661,-1.03,33452,34148
SH,603298,-0.07,33400,33400
SH,688122,-0.7,33386,33386
SZ,002126,0,33380,35550
SH,688027,1.04,33263,42569
SH,600085,-1.09,33203,33203
SZ,000878,2.67,33100,40064
SZ,000423,-0.18,33097,33156
SH,600060,-0.38,32998,33120
SH,601696,-0.41,32864,32864
SZ,002032,-0.11,32643,32658
SH,600641,2.4,32591,33159
SH,600348,1.47,32468,32468
SH,601236,-0.28,32336,32336
SZ,002252,-1.2,32282,32304
SH,603486,0.11,32085,32378
SH,603198,-3.07,32000,32000
SH,600562,-0.88,31941,31941
SH,688676,-1.07,31937,31937
SH,600109,-0.34,31903,31903
SH,603127,-1.45,31731,37880
SH,601162,-1.06,31727,37173
SZ,002378,0.65,31575,31741
SZ,000729,-1.09,31496,35373
SH,688213,0.04,31494,39165
SZ,300207,-0.26,31416,33864
SH,600330,1.92,31403,31403
SH,688266,-1.47,31400,31400
SZ,000967,-1.57,31293,31308
SZ,300251,-0.78,31278,33062
SH,603225,-0.26,31269,31436
SZ,002859,-0.07,31267,33116
SH,603606,-0.65,31137,31137
SZ,300748,-0.53,31087,38018
SZ,000728,-0.13,31070,31070
SH,688599,2,30992,30992
SH,688362,0.56,30987,30987
SZ,000876,0.73,30960,30979
SZ,002555,-1.51,30953,43139
SZ,002222,1.43,30847,30985
SZ,300347,-3.02,30771,46771
SH,603823,4.1,30770,30770
SZ,301396,-2.02,30758,46716
SH,603568,-3.9,30727,30727
SZ,000786,-0.59,30715,30947
SZ,002131,-1.87,30621,35416
SZ,002601,-0.18,30609,36717
SH,600801,-0.25,30591,47401
SZ,002240,-1.17,30573,30653
SH,600563,0.36,30573,30573
SZ,002245,0.74,30573,32493
SH,688617,-0.94,30534,30534
SH,688301,-0.2,30432,30432
SZ,301236,-1.09,30321,39948
SZ,002261,-0.22,30234,33238
SZ,000002,-0.95,30123,36985
SH,688333,0.06,30121,30121
SH,688102,1.47,30101,30189
SH,600259,-2.96,30098,30098
SH,688180,-1.97,29966,40144
SH,688195,0.53,29871,29871
SZ,300814,0.04,29852,29852
SZ,000800,-0.32,29722,29725
SH,600332,-0.88,29692,34337
SZ,000060,1.83,29578,29578
SZ,002673,-0.29,29544,29544
SH,688385,0.16,29499,45049
SZ,000027,-0.31,29496,29496
SH,688387,1.11,29445,49914
SZ,002939,-0.48,29434,32961
SH,603061,1.13,29318,29318
SH,600871,0,29262,40947
SH,600483,-0.27,29219,29219
SZ,300209,0.39,29033,36291
SZ,000883,-0.88,28964,31645
SZ,000958,-0.36,28963,98543
SH,600699,-0.71,28876,32085
SH,603186,9.92,28876,28876
SZ,300628,-0.14,28817,50297
SH,600428,-0.33,28781,32296
SH,600737,2.99,28768,28768
SH,603939,-1.53,28685,28685
SZ,300558,-1.07,28674,28765
SH,688568,-1.36,28533,28533
SZ,000629,0,28522,28523
SH,603179,-1.35,28425,28425
SZ,002472,0,28364,32206
SZ,300339,-0.75,28339,29021
SZ,000962,1.73,28335,29708
SH,688318,-1.81,28320,28320
SH,601933,-0.62,28292,28292
SH,600353,9.99,28287,28287
SH,600398,-0.5,28240,28240
SH,600282,-0.21,28236,28236
SH,600517,0,28135,28135
SH,601990,-0.29,28056,29170
SZ,300903,-0.09,28047,34753
SH,603338,-0.49,28011,28011
SH,603920,-0.32,28009,28009
SH,688411,-0.44,27883,38374
SH,688169,0.67,27860,27860
SH,600079,0.06,27777,29380
SH,603444,-1.52,27688,27688
SZ,000737,6.7,27616,27618
SH,688297,-0.01,27513,27513
SH,688192,-2.12,27493,27729
SH,688127,2.2,27471,27471
SZ,300432,-0.48,27305,27613
SH,688114,-2.3,27203,27261
SZ,003022,-0.04,27182,27206
SZ,002747,-0.02,27182,33621
SH,600637,-1.21,27164,27164
SH,603766,0.69,27066,27066
SZ,002797,-0.61,27063,27063
SH,603688,0.79,27046,27046
SH,600369,-0.24,27046,27046
SZ,002608,0,27013,27013
SH,688065,-0.83,26958,33331
SZ,000887,-6.45,26826,26870
SH,688248,1.58,26823,26823
SZ,300236,2.03,26702,30041
SH,600499,-0.99,26677,26677
SZ,301018,1.5,26583,35179
SZ,000981,0,26447,27793
SZ,002046,5.05,26345,26643
SH,601880,0,26331,33708
SH,600312,-0.66,26324,26324
SZ,300811,0.58,26317,32064
SH,601000,-0.66,26311,26311
SZ,000877,-0.26,26309,26309
SH,600777,0.49,26292,28086
SZ,002487,-0.47,26278,30825
SH,601615,-0.51,26211,26211
SH,688018,-0.18,26202,26202
SZ,300438,-1.48,26190,32617
SH,600515,0,26152,32562
SZ,002465,-0.56,26117,26159
SH,600536,-1.36,26035,28817
SZ,000959,-0.84,26006,27065
SH,600331,2.32,25989,33786
SH,601918,0.91,25983,25983
SH,600546,0.23,25950,25950
SH,601799,-1.29,25943,25943
SZ,001389,0.47,25939,80479
SZ,002841,0.04,25937,34785
SH,600208,-0.64,25864,25867
SH,600521,-1.47,25858,25858
SH,688608,-0.29,25652,25652
SH,603663,2.45,25571,25589
SH,600299,0.24,25501,25501
SH,605090,-0.57,25482,25508
SH,688205,0.93,25476,25476
SH,603119,-0.32,25388,25388
SZ,002459,1.32,25330,25352
SH,600998,-0.98,25263,25263
SH,600862,0.33,25256,25256
SH,600153,-0.33,25226,25226
SZ,000739,-3.49,25198,25208
SH,600732,1.01,25179,25298
SZ,002396,1.44,25101,25205
SH,603067,0.06,25099,25099
SH,600918,-0.35,25050,43472
SH,600704,-0.2,25029,25029
SH,689009,-0.1,24980,32694
SZ,301205,-1.44,24964,38777
SZ,002244,-1.19,24956,28159
SZ,000547,0.26,24949,25096
SH,600595,0.65,24929,24929
SZ,001267,-1.58,24835,32036
SH,603881,-0.85,24818,24818
SH,688001,4.41,24809,24809
SZ,002223,-0.78,24707,26285
SH,601606,0.29,24696,24696
SH,600396,-1.34,24683,24683
SH,601155,-2.05,24631,24631
SZ,002364,-2.08,24590,24831
SZ,002152,-0.89,24548,24561
SZ,000932,-0.55,24532,24532
SH,600161,-1.11,24519,24519
SH,603345,-0.81,24493,27833
SZ,000951,0.48,24490,24490
SH,688278,-1.5,24442,24442
SH,605111,0.96,24422,24422
SZ,000062,-0.16,24388,24412
SZ,300255,-2.56,24372,24410
SH,600126,-2.29,24350,24350
SZ,001270,0.79,24316,24472
SZ,002180,-0.77,24308,25409
SH,603678,-1.13,24301,24301
SZ,002015,-3.1,24285,24285
SH,600295,-0.4,24280,34397
SZ,000415,-0.21,24268,27830
SZ,000738,-0.15,24265,24265
SH,603306,0.75,24234,24234
SH,688820,1.33,24172,260416
SH,603236,-1.29,24137,24137
SH,688778,-0.43,24124,24124
SZ,002266,1.22,24116,25992
SH,600583,-0.17,24052,24052
SZ,300024,-0.38,24041,24048
SH,688403,0.08,24023,24023
SH,600323,0.07,24020,24020
SZ,002536,3.4,23981,25319
SZ,002456,-0.82,23920,25206
SH,600246,0.64,23914,24579
SZ,000921,0.62,23879,35799
SH,603160,-0.22,23770,23770
SH,601666,0.31,23755,23755
SH,603049,-0.35,23709,41057
SH,601717,-0.7,23564,27281
SH,601099,-0.57,23516,23516
SH,603596,-0.97,23500,23500
SH,688475,-0.29,23420,23420
SZ,300738,-0.16,23352,23359
SH,601928,-0.32,23337,23337
SZ,002491,0.76,23294,24354
SZ,301536,1.64,23272,52428
SH,600166,0,23119,23119
SH,601118,2.27,23109,23109
SZ,000582,-5.72,23057,26908
SH,688502,0.29,23054,23054
SZ,002157,0.34,23052,27380
SZ,002603,-1.35,23029,27951
SH,603885,-0.55,22991,22991
SH,600100,-0.86,22983,22983
SZ,002430,-0.2,22933,22943
SZ,300677,2.25,22876,32168
SH,601866,0,22820,30860
SZ,000155,0.08,22819,22819
SZ,920185,-1.11,22803,23185
SH,600977,-1.21,22740,22740
SH,601228,-0.32,22709,22709
SH,688349,0.07,22647,23040
SZ,000830,-0.41,22603,22604
SZ,000733,-0.31,22602,22605
SH,688123,-1.37,22536,22536
SH,600095,-0.75,22530,22530
SH,688400,1.09,22527,23426
SZ,300806,1.25,22518,31249
SH,600535,-1.69,22514,22514
SH,603605,-0.93,22428,22428
SZ,002552,0.26,22409,23593
SZ,000603,4.11,22275,23052
SZ,002085,-0.46,22273,22273
SZ,000400,-0.44,22260,22338
SH,688596,-3.26,22240,22240
SH,688372,1.05,22203,22203
SH,601128,-0.15,22181,22181
SH,603301,0.57,22166,22166
SH,600884,-0.57,22095,27037
SH,688425,0,22081,22081
SH,600566,-1.95,22076,22143
SH,600873,-1,22069,22069
SZ,002379,0.62,22057,252934
SZ,002498,-1.33,22023,22023
SH,601963,0,21988,39195
SH,603005,0.6,21985,21985
SH,601608,-0.61,21982,21982
SH,600388,-1.02,21946,21946
SH,600961,1.53,21945,31317
SH,603565,-0.47,21904,21904
SH,600745,-1.54,21898,21898
SZ,300496,-1.21,21834,27278
SZ,300776,0.21,21822,34713
SH,603728,-0.16,21815,21815
SZ,002926,-0.23,21814,21814
SH,603773,2.15,21801,21808
SH,603730,0.6,21765,21765
SH,600098,-0.15,21701,21701
SH,600390,-0.4,21681,21681
SZ,002716,4.83,21669,26339
SZ,000750,-0.52,21620,23820
SH,688257,-0.06,21589,21589
SH,600602,-2.62,21508,27381
SZ,002271,-0.52,21500,26825
SZ,000709,-0.47,21498,21501
SH,603358,5.8,21463,21834
SH,688343,-0.24,21447,21447
SZ,002335,-0.75,21408,24481
SH,603618,3.65,21405,21405
SH,600685,-0.41,21398,36822
SH,601106,-0.31,21396,21396
SZ,002265,1.43,21322,21322
SZ,000623,-0.49,21299,21383
SH,600598,1.01,21279,21279
SH,601567,-0.97,21261,21261
SZ,002149,-0.13,21258,21262
SZ,002065,-0.94,21257,23432
SZ,000598,0,21243,21246
SH,600486,-0.73,21240,21240
SH,600550,-1.36,21178,21178
SH,600516,-0.56,21177,21177
SH,601016,-1.4,21134,22906
SZ,000564,0,21133,25281
SZ,300474,-0.01,21133,27171
SH,688819,-0.9,21114,21114
SH,603077,0.84,21108,21108
SZ,300073,-0.52,21038,22632
SH,603588,0.95,21021,21021
SZ,000029,6.13,21008,23835
SH,603876,0.4,21001,21001
SZ,002468,0.07,20963,21737
SZ,000158,-1.34,20960,21102
SH,603290,0.44,20954,20954
SZ,300083,0.65,20949,23375
SH,600765,0.15,20943,20943
SH,688131,-2.04,20903,20903
SZ,300699,-0.38,20897,21150
SZ,300398,-0.23,20892,21006
SH,688449,1.92,20815,32655
SH,601865,1.77,20797,25631
SH,603737,-1.33,20789,20789
SZ,300487,0.67,20684,34188
SZ,002007,-1.05,20661,23971
SZ,300142,-1.35,20661,20951
SZ,300623,0.15,20650,22391
SZ,003035,-0.17,20568,20568
SZ,000519,0.54,20568,20568
SH,600008,-0.35,20554,20554
SZ,300012,2.58,20534,24132
SZ,002317,-1.78,20533,22914
SZ,300896,-0.57,20494,30332
SH,600848,-0.11,20492,21592
SZ,300821,0.12,20456,20460
SH,600132,-1.37,20448,20448
SH,601677,0.74,20390,20390
SZ,300763,0,20386,25146
SH,603115,-2.49,20376,20376
SH,600688,-0.35,20374,29308
SH,600970,0,20371,20371
SH,603530,1.13,20364,20552
SZ,002423,-0.66,20345,20345
SH,601997,-0.17,20292,20292
SH,603667,0.29,20273,21211
SH,688270,1.5,20262,20262
SH,603899,-0.71,20230,20230
SH,688233,-0.38,20208,20208
SH,688503,4.69,20203,20203
SZ,300762,-0.39,20202,20922
SH,603516,-0.1,20174,20174
SZ,002497,-0.93,20132,21899
SH,600329,-1.87,20126,27331
SZ,000039,-0.67,20114,47131
SH,603950,0,20112,20129
SH,600170,0,20082,20082
SH,600582,-0.2,20072,20072
SZ,002895,0.6,20043,20255
SH,688097,0.54,20041,20041
SZ,002518,0.06,20006,20611
SH,688392,-2.63,20001,20001
SZ,300003,-1.62,19989,23338
SH,688268,0.99,19987,19987
SZ,001896,0.15,19972,19972
SH,603233,-2.17,19953,19953
SZ,001337,2.46,19950,19950
SZ,002948,-0.17,19936,32943
SZ,300843,1.27,19772,20167
SH,601158,-0.23,19728,19728
SZ,002299,0.19,19693,20083
SH,688388,2.69,19678,19678
SH,600967,-0.25,19622,19622
SZ,300085,-0.81,19613,21256
SZ,000683,0.17,19564,21781
SH,600500,2.45,19520,19520
SH,600518,0,19490,19499
SH,601187,0,19408,19450
SZ,002130,-0.23,19395,23672
SZ,002545,0,19382,21336
SH,688523,1.02,19372,19372
SH,601858,-0.23,19336,19336
SZ,000825,-0.58,19310,19310
SZ,300747,0.55,19235,20695
SH,688005,-0.87,19216,19216
SZ,002262,-0.99,19213,22083
SH,601609,1.37,19188,19188
SZ,002831,-0.66,19184,34605
SZ,300199,-0.61,19151,22699
SZ,002044,-1.78,19139,19336
SZ,300456,0.88,19118,23431
SH,603833,-0.91,19066,19066
SH,603226,-0.06,19005,19005
SH,603658,-1.39,18971,18971
SZ,002683,0.11,18964,21619
SZ,301297,0.96,18953,24912
SZ,300627,0.21,18925,22866
SZ,002500,-0.37,18918,18918
SZ,002192,-0.6,18890,18929
SZ,002120,-0.29,18805,19367
SZ,002461,-0.81,18791,18791
SZ,300088,-0.25,18790,18883
SH,603816,-0.94,18773,21301
SH,601101,1.25,18720,18720
SH,600012,-0.55,18720,27440
SH,600927,-0.53,18711,18711
SH,600629,-0.3,18696,18696
SH,603002,3.06,18690,18690
SZ,000686,-0.37,18653,18653
SZ,300257,-0.14,18588,19346
SZ,002318,-0.4,18556,19006
SH,600114,0.27,18553,19005
SZ,002756,-0.84,18549,25834
SH,688800,1.68,18540,18540
SH,688652,-0.09,18449,25669
SH,600380,-1.07,18441,18441
SH,600131,-1.08,18417,18434
SH,688281,-0.77,18393,18393
SZ,301035,-0.99,18344,18371
SZ,301171,0.27,18319,22576
SZ,301550,0.27,18300,29900
SZ,000032,0.4,18288,18288
SH,601098,-0.38,18247,18247
SH,603000,-0.95,18244,18244
SZ,002389,-0.63,18218,18221
SZ,002270,1.04,18211,18211
SH,603171,-2.34,18176,18196
SZ,300122,-1.6,18174,30760
SZ,300953,-1.89,18118,25206
SH,601020,0.59,18097,18097
SH,603132,0.11,18064,18064
SH,600577,-0.24,18055,18055
SH,601969,-0.43,18028,18138
SH,603337,-0.99,18027,18389
SH,600397,0.78,18017,18017
SH,600110,0.19,18011,18011
SH,605198,-1.76,18004,22240
SZ,002670,-0.53,18003,21460
SZ,001287,1.07,17956,17956
SZ,000969,0.82,17901,18058
SH,601636,-0.32,17900,17900
SZ,300503,1.69,17898,22870
SZ,300568,-1.06,17875,22115
SH,688692,-1.17,17874,27292
SH,688363,-0.92,17870,17870
SH,600339,-0.3,17866,17866
SH,601139,0,17865,17865
SZ,300131,-0.74,17864,19454
SZ,000937,0.64,17864,18385
SH,600606,-0.77,17849,17849
SH,600038,-0.33,17834,21858
SZ,000997,-0.95,17741,17841
SH,605196,-0.42,17717,17843
SH,600552,0.59,17664,17664
SH,600655,-0.86,17660,17666
SH,600004,-0.26,17656,19226
SZ,000935,0,17651,17651
SH,688208,-0.74,17626,17626
SZ,300720,0.86,17566,18589
SH,688690,-0.86,17554,17554
SH,605020,-0.22,17441,17715
SH,688795,0,17440,271206
SZ,002957,0.73,17409,17463
SH,688700,0.69,17373,17373
SZ,002402,0.38,17368,19594
SZ,002913,0.18,17364,18042
SZ,300102,-0.41,17329,17413
SH,603733,0.38,17318,17318
SH,688549,-0.67,17267,43284
SH,688582,0.99,17247,17247
SH,603529,-1.26,17245,17518
SZ,000429,-0.29,17243,27661
SH,603638,0.05,17235,17235
SH,688520,-1.87,17217,18183
SZ,300260,0.02,17209,24399
SH,600754,-1.03,17197,20196
SH,603786,-0.29,17184,17184
SH,688166,-2.57,17127,17127
SZ,000543,-0.12,17115,17115
SZ,300657,0.55,17105,17602
SH,688380,5.81,17064,17064
SZ,300724,1.11,17047,20636
SZ,301285,1.09,17011,17011
SZ,000513,-1.08,17010,26584
SH,688143,-0.7,17010,17901
SH,600032,-1.11,16977,16977
SH,600120,-0.99,16974,16974
SZ,300170,-1.72,16950,17750
SH,605289,0.01,16931,16955
SZ,000875,0,16912,18354
SH,688332,1.92,16867,16867
SZ,000591,-0.22,16863,16869
SH,603283,-0.92,16851,16851
SZ,000506,2.78,16837,16843
SH,600956,0.42,16836,32267
SH,688772,-0.66,16824,16824
SH,600410,-0.44,16820,16820
SH,601137,-0.42,16820,16820
SH,600267,0.35,16795,16795
SH,600435,2.78,16787,16787
SZ,002145,-0.22,16748,16749
SZ,300888,-0.82,16732,16807
SH,603009,0.6,16724,16724
SH,600179,-0.68,16685,18280
SZ,300613,0,16674,17677
SH,603858,-0.62,16673,16673
SH,601975,0,16662,16662
SH,601156,-0.44,16653,27989
SH,688150,2.13,16621,16621
SZ,300676,-1.71,16616,16708
SZ,002237,1.38,16610,19919
SH,688003,7.9,16603,16603
SZ,300779,-4.51,16593,21715
SH,600062,-0.43,16539,16545
SZ,300684,20,16536,24209
SH,603871,0.08,16526,16526
SH,688390,1.03,16520,16520
SZ,300679,7.62,16495,19495
SH,600867,-1.74,16491,16491
SH,600171,0.04,16475,16475
SH,601333,0.34,16448,20613
SZ,000528,-0.61,16443,16466
SZ,300140,-0.37,16436,16456
SZ,301093,0.16,16427,17206
SZ,000970,-0.8,16388,16388
SZ,003021,-3.63,16380,21138
SH,603025,-2.76,16371,16482
SZ,000537,-0.99,16364,16364
SZ,300364,0.41,16352,18038
SZ,300319,-0.25,16336,17033
SH,688531,-1.1,16319,23544
SH,688545,0.22,16315,32227
SZ,301319,2.81,16276,21596
SH,688308,1.36,16272,16272
SH,601921,0.41,16222,16222
SH,600459,2.25,16220,17577
SH,600739,-0.27,16197,16197
SH,688615,-2,16173,23422
SH,605296,2.09,16161,16418
SH,600172,1.53,16155,18157
SH,688368,0.4,16149,26605
SH,600531,1.92,16083,16083
SZ,000050,-0.29,16076,16076
SH,601326,0,16033,18830
SZ,300723,-1.49,15988,17228
SH,688353,2.18,15976,15976
SZ,301316,-0.04,15975,16479
SH,601966,-0.26,15967,15967
SH,600888,-0.86,15966,15966
SH,688046,-3.99,15948,15948
SH,601519,-0.73,15933,15933
SZ,002958,-0.33,15884,16222
SZ,002171,0,15863,15953
SZ,002827,1.22,15851,15911
SZ,000682,-0.5,15846,15847
SZ,000766,-1.02,15843,15851
SZ,002176,-0.95,15825,15848
SH,688661,-0.47,15824,15824
SZ,000723,-0.27,15823,15853
SZ,002326,-0.55,15805,18012
SH,688484,-0.26,15767,15767
SZ,300735,-0.56,15762,16838
SZ,002312,-0.23,15756,15781
SH,688106,0.03,15752,15924
SZ,920438,-0.94,15750,16323
SZ,300413,-1.15,15724,28790
SZ,002506,0.75,15722,15737
SZ,300602,1.16,15706,22959
SZ,300773,-0.77,15686,16582
SH,688206,0.22,15630,18044
SZ,000898,-0.5,15597,18364
SZ,001213,-0.27,15556,15556
SH,600528,-0.13,15551,15551
SH,603026,-0.91,15547,15547
SH,688625,2.39,15546,15546
SZ,300660,0.04,15546,15555
SH,603355,-0.43,15539,15539
SZ,301389,0.26,15485,15485
SZ,300144,-0.32,15464,15627
SZ,002611,-0.44,15451,18734
SZ,301611,0.06,15448,45950
SH,600151,-0.18,15447,15447
SH,600623,-0.11,15440,17443
SZ,300002,-0.94,15438,16406
SH,600928,0,15438,15511
SH,600162,0.21,15394,15394
SZ,002081,10.02,15389,15454
SH,603997,-2.02,15382,15382
SZ,300342,-1.82,15372,15544
SH,688279,1.16,15343,18878
SH,600877,-0.3,15334,15334
SZ,002773,-1.49,15322,20555
SZ,002969,0,15320,15401
SH,600959,-0.64,15302,15302
SH,603456,-1.47,15218,15218
SH,600835,-1.04,15211,18998
SH,603118,10.02,15210,15210
SH,601369,-0.33,15202,15356
SZ,002405,-0.76,15195,15287
SZ,300469,-0.67,15152,15160
SZ,000563,-0.33,15137,15137
SZ,002896,-0.71,15132,15132
SH,688222,-2.37,15114,15114
SH,688779,-0.5,15106,15106
SZ,300201,0.2,15065,15146
SZ,002768,0.1,15060,26065
SZ,002158,0.11,15036,15069
SH,601702,0.33,15008,15008
SH,603317,-1.11,14997,14997
SH,600511,-0.58,14974,20417
SH,603662,-0.31,14935,14935
SZ,300655,-0.21,14927,14995
SH,603826,-0.05,14914,14914
SH,600403,-1.41,14895,14895
SH,600750,-0.58,14884,15044
SZ,000902,0.7,14868,16324
SH,600651,-1,14817,14817
SZ,000711,-0.31,14812,18367
SH,603203,0.64,14805,14976
SH,600808,-0.39,14800,19098
SH,688593,1,14783,14783
SZ,301128,1.33,14773,16795
SH,603800,3.18,14768,14768
SH,600761,-0.59,14750,14750
SH,603738,-0.25,14741,14741
SH,600201,-1.02,14728,14728
SZ,001331,0.06,14715,21068
SZ,000620,3.63,14669,18437
SH,688158,0.17,14624,16438
SZ,300179,5.6,14608,18972
SZ,002508,-1.07,14601,14779
SZ,000791,-0.65,14575,24426
SZ,301047,-6.38,14569,14819
SH,600596,0.28,14562,14562
SZ,002250,-1.51,14525,14605
SZ,000927,0,14521,14521
SZ,300323,-0.23,14514,19833
SZ,000973,0.21,14468,35153
SH,601568,0,14459,14459
SZ,001696,0.62,14450,18561
SZ,002645,-1.29,14421,15966
SZ,002320,-0.3,14376,14376
SZ,002048,0.89,14376,16488
SZ,000778,-0.26,14367,14624
SZ,000534,1.17,14363,14563
SH,600872,-0.9,14340,14402
SH,601019,-0.71,14316,14316
SZ,000539,-2.77,14310,29402
SZ,001286,0.38,14283,39675
SH,600548,-0.47,14281,21140
SH,600490,1.85,14267,15844
SH,688260,-1.9,14266,14266
SH,688535,1.34,14265,15306
SZ,002410,-1.19,14225,14967
SZ,001301,1.03,14224,19941
SZ,002568,-1.83,14206,19416
SZ,000966,-0.96,14203,14203
SH,688202,-2.85,14194,14194
SH,601778,-0.51,14148,14148
SZ,300253,-1.41,14132,16774
SH,600022,-0.74,14122,14122
SH,601133,0.45,14122,14171
SH,601678,-2.39,14099,16622
SH,688802,1.6,14082,304072
SZ,000088,-0.21,14075,23138
SH,600452,-0.86,14075,14075
SH,603078,0.86,14072,14072
SH,600301,1.13,14048,32274
SH,601827,-0.11,14044,14044
SH,601375,-0.24,13997,18850
SH,688401,0.06,13966,14834
SZ,301015,-1.25,13954,13955
SH,600816,-1.54,13892,25005
SZ,300593,5.01,13873,16714
SH,600906,-0.75,13871,21190
SZ,001339,0.21,13854,27984
SH,600366,-0.31,13848,13848
SZ,002249,1.78,13848,18330
SH,600621,-0.45,13845,13845
SH,688029,-0.72,13824,13824
SH,600744,-3.26,13812,13812
SZ,301626,2.42,13791,30319
SZ,300975,0.61,13778,19236
SH,688603,-0.49,13745,13745
SH,688028,-0.59,13744,13744
SH,600633,-1.8,13721,13721
SH,603505,-0.78,13719,13719
SZ,300835,-1.64,13711,19563
SH,600783,0.27,13704,13704
SZ,002408,-0.79,13700,14158
SZ,000685,-0.44,13687,16116
SH,600821,0.29,13673,13673
SH,600779,-1.64,13650,13650
SZ,300957,-1.06,13650,13725
SH,600409,0.15,13625,13625
SH,603882,-1.72,13592,13685
SZ,000672,0.94,13591,13591
SH,688031,-1.65,13583,13583
SH,688538,0,13575,32590
SZ,000581,-0.4,13568,16522
SH,601886,1.79,13551,13551
SZ,002906,-1.82,13545,13553
SZ,000422,-0.15,13544,13801
SH,600710,-0.76,13525,13525
SH,600361,0,13512,13512
SZ,300999,0,13512,134998
SH,603613,-1.26,13481,13481
SH,600933,0.37,13469,14142
SZ,300455,-0.04,13463,13673
SZ,002911,-0.18,13456,13787
SH,603305,-0.25,13452,13452
SH,600320,-0.24,13406,21289
SZ,002226,-0.78,13377,13377
SZ,000680,-0.38,13369,15256
SZ,300436,-1.71,13365,15568
SH,600675,-0.44,13362,13362
SH,688088,-0.41,13347,13347
SZ,301219,0.85,13334,18682
SZ,000612,0.45,13329,13329
SZ,002979,-1.02,13323,18899
SZ,300184,0,13298,14524
SZ,002167,0.4,13293,13572
SH,600258,-0.99,13288,13288
SH,688516,1.59,13286,13286
SZ,300166,0.76,13278,16694
SH,605179,3.7,13269,13269
SH,603039,-3.93,13268,13268
SZ,002946,-1.44,13254,13409
SH,688006,0.23,13251,13251
SZ,002354,0,13233,13468
SZ,002867,-0.56,13230,13308
SZ,000089,-0.61,13207,13207
SZ,000070,0.39,13185,13365
SH,603031,0.19,13138,15623
SZ,002153,-6.82,13102,22352
SZ,301095,1.08,13099,15163
SH,600416,-0.77,13090,13090
SZ,301486,2.28,13086,23118
SH,688258,0.71,13085,13085
SH,603868,-0.82,13072,13072
SZ,000799,-1.75,13067,13069
SH,605099,-0.27,13045,13062
SZ,002399,-1.5,13033,15333
SZ,300409,-0.42,13026,14636
SH,605389,0.55,13019,13742
SH,600064,-0.12,13012,13012
SZ,301123,0.63,13012,18499
SH,600113,0.13,13009,13318
SH,688107,1.76,12996,12996
SH,688100,-9.24,12980,12980
SH,600575,-0.29,12980,23937
SZ,002507,-0.34,12969,13005
SH,688055,0.26,12967,12967
SH,600155,-0.5,12949,12949
SZ,002534,0.32,12942,13107
SH,603707,-0.86,12941,12941
SZ,002151,0.07,12930,15853
SZ,002010,-0.84,12849,12880
SZ,300100,0.31,12836,13329
SH,600916,1.46,12835,12835
SZ,000815,-2.68,12835,12835
SZ,000785,-0.89,12828,13762
SH,600057,-0.32,12827,17403
SZ,300718,-0.07,12822,19480
SZ,002901,-0.9,12817,18399
SZ,300457,-1.02,12811,13020
SH,603698,0.08,12805,12805
SZ,002174,-0.83,12779,12787
SZ,301275,0.43,12774,17935
SZ,002643,-0.97,12748,12942
SZ,002655,3.18,12739,12786
SZ,001258,-0.79,12731,12731
SH,600764,-0.49,12727,12727
SZ,002779,0.52,12717,14174
SZ,002563,-0.34,12705,15464
SH,600343,0.2,12700,12700
SH,600167,-0.35,12695,12695
SH,600271,-0.57,12692,12692
SH,600338,0.59,12570,12570
SH,600529,-0.93,12556,12556
SH,603011,4.62,12543,12543
SH,600216,-1.19,12530,12665
SZ,002755,-1.88,12511,12512
SZ,002745,0,12503,17439
SZ,300229,-1.37,12502,12510
SH,688105,-3.19,12496,12496
SZ,002929,0.89,12457,16472
SH,688383,1.19,12455,12455
SZ,000048,-0.71,12454,12476
SH,600211,-1.87,12454,12454
SZ,301150,0.91,12433,13254
SZ,000592,0.46,12429,12537
SH,600589,0.12,12390,12416
SH,600776,0,12380,16265
SZ,002936,0,12372,16002
SZ,300296,-0.18,12369,14482
SH,603556,-1.88,12351,12351
SH,688321,-1.87,12344,13408
SH,600063,-0.32,12332,12332
SH,603515,-0.59,12320,12396
SZ,002091,-0.38,12306,12501
SH,688059,-1.36,12303,13146
SZ,300357,-1.77,12296,13304
SH,605599,1.48,12242,12242
SZ,000762,-0.12,12228,12229
SZ,300693,-0.06,12214,14170
SZ,002372,-0.35,12202,13214
SH,688559,0.37,12200,12200
SZ,301183,1.13,12194,16634
SH,600116,-0.77,12180,12180
SH,688809,0.23,12178,60890
SZ,003036,0.29,12175,12175
SH,603991,0.78,12168,20753
SH,603888,-1.02,12157,12157
SZ,000681,-0.38,12157,12596
SZ,002701,-0.41,12147,12159
SZ,000069,-0.55,12142,14146
SH,600827,-0.52,12130,13488
SZ,301238,-0.71,12129,12129
SZ,300034,0.32,12119,12592
SH,688567,-0.89,12099,12099
SH,600717,0,12097,12097
SZ,300607,0.39,12096,17095
SH,688020,1.21,12092,12092
SZ,301029,0,12073,16950
SH,600755,-0.34,12047,12078
SH,600702,-2.28,12043,12048
SH,600850,-1.2,12040,12040
SH,605507,-0.96,12033,12033
SZ,920808,-0.79,12028,12352
SH,603267,-0.45,12028,12028
SZ,002792,-2.05,12023,18643
SH,688382,-1.84,11998,11998
SH,600572,-1.66,11950,11982
SZ,002416,-0.9,11945,12095
SZ,300459,-1.35,11933,12762
SH,688662,5.46,11903,11903
SZ,300726,-0.65,11886,22828
SZ,300769,-0.87,11885,13228
SH,601107,0,11873,16789
SZ,300133,-0.82,11865,13367
SZ,002268,-1.12,11842,11847
SZ,002400,-4.32,11824,11942
SH,688116,-0.91,11821,11821
SZ,300070,-0.57,11816,12467
SZ,002617,-0.15,11791,11990
SZ,000553,0.37,11778,12604
SZ,000901,0.2,11773,11773
SZ,000567,-0.48,11769,11806
SZ,002947,-0.16,11742,15144
SZ,002183,-0.21,11738,11738
SH,603297,-0.22,11720,11720
SZ,301071,3.06,11709,15929
SH,688660,-0.78,11707,11707
SZ,003018,0.17,11693,12903
SH,688319,1.02,11688,11688
SZ,301293,-1.57,11684,11684
SZ,002440,-0.23,11678,13870
SZ,002092,0.44,11668,11733
SZ,300761,0.05,11665,15496
SH,601512,-0.12,11646,11646
SZ,301666,0.48,11643,191530
SH,603185,0.82,11638,11708
SZ,300827,-0.21,11638,14841
SZ,002531,-0.45,11632,11698
SZ,002654,-0.85,11631,11631
SZ,002287,-1.01,11630,11654
SH,603589,-2.25,11621,11621
SZ,002847,-0.07,11614,12869
SZ,002647,-0.34,11605,12919
SH,603389,0.66,11598,11598
SH,600420,-1.14,11574,11574
SH,600315,-0.91,11562,11562
SZ,000156,-0.28,11559,12600
SH,688508,2.72,11559,11559
SZ,002607,-0.94,11530,12828
SH,601339,-0.38,11517,11517
SH,688182,1.16,11512,11512
SH,601992,-0.71,11501,14735
SH,600058,-0.73,11491,11491
SZ,000801,-0.52,11480,11484
SZ,002544,-0.52,11480,11481
SZ,002246,-0.8,11475,11475
SH,600986,-2.02,11468,11468
SH,600864,2.61,11464,11464
SH,688090,1.01,11457,11457
SZ,300182,-0.58,11455,13506
SZ,300775,-0.31,11441,11783
SZ,301021,2.19,11414,11427
SH,603757,-0.02,11413,11413
SZ,002031,0.34,11405,13108
SZ,002096,-0.64,11400,11400
SH,600461,-0.22,11378,11378
SH,688016,-0.69,11366,11366
SH,600395,2.12,11356,11356
SH,601952,1.73,11327,11327
SZ,300302,0.2,11308,14694
SH,688663,0.17,11302,11302
SH,603713,-1.24,11268,11268
SZ,300139,4.51,11265,13210
SZ,300601,-1.57,11246,13950
SH,601882,5.91,11223,11223
SZ,002348,-0.71,11222,12335
SH,603906,-0.24,11221,15767
SZ,300146,-1.17,11219,16934
SH,603124,0.18,11218,21066
SH,601222,-0.35,11206,11206
SZ,301039,-1.02,11198,14449
SH,603601,-0.09,11195,11195
SZ,300331,0,11187,13077
SH,601068,0.46,11185,13053
SZ,002366,0.17,11176,12569
SZ,002083,0.17,11176,11180
SZ,301188,0.75,11175,11175
SH,603983,-1.09,11168,11168
SZ,002413,-0.22,11167,11373
SZ,300428,0.11,11153,12814
SH,603927,-0.88,11153,11153
SZ,301338,1.77,11148,15300
SH,688198,-0.57,11144,11144
SH,688306,0,11141,11141
SZ,000990,-0.6,11127,11127
SZ,300573,-1.25,11119,14509
SZ,300468,-1.26,11110,11128
SZ,002024,0,11104,11118
SZ,301080,-2.95,11103,14679
SH,600635,-0.64,11102,13552
SH,600619,-1.12,11096,15091
SZ,002597,-0.45,11095,11116
SZ,002897,0.3,11095,11664
SZ,002741,0.98,11095,12090
SZ,300863,0.46,11074,11528
SZ,002217,0,11065,11369
SZ,002297,1.79,11061,11061
SZ,001280,-0.68,11054,131598
SH,600285,-1.01,11047,11059
SH,688153,-0.14,11035,11356
SZ,002258,1.62,11028,11046
SH,603220,1.08,11028,11028
SZ,301127,11.18,11001,11331
SH,603099,0.95,10995,10995
SH,600859,-0.7,10991,10992
SH,603281,0.43,10990,10990
SH,603040,-0.84,10984,11042
SH,688485,1.25,10971,10971
SH,603303,0.31,10970,10970
SH,603052,1.04,10960,10960
SZ,300065,-0.53,10950,12028
SZ,002987,-1.63,10950,11237
SH,688063,-0.48,10950,10950
SH,600268,-0.64,10937,10938
SZ,000839,-2.1,10936,10936
SZ,300674,-1.45,10918,10934
SZ,300376,-0.63,10916,10919
SZ,002338,1.23,10906,10906
SZ,002539,0,10900,14795
SZ,000410,3.17,10900,14649
SH,600248,3.16,10895,10919
SZ,000099,-0.7,10861,10861
SH,603328,0.74,10853,10853
SZ,000035,-0.41,10848,11200
SZ,000837,1.61,10809,10978
SH,600367,-0.17,10809,11452
SZ,000700,-0.92,10805,10805
SZ,002254,-0.38,10802,10814
SZ,920116,0.82,10791,10791
SZ,002668,1.12,10787,10787
SH,688359,1.86,10783,10783
SZ,300725,-2.93,10777,12429
SZ,000917,-1.67,10773,10773
SZ,920045,3.25,10764,36405
SH,688138,-0.14,10754,10754
SZ,300009,-2.34,10752,14602
SH,600559,-2.07,10748,10748
SH,600123,0.41,10740,10740
SZ,000998,1.87,10739,12005
SZ,002385,0.67,10732,12884
SZ,002842,0.63,10730,13077
SZ,301207,-1.37,10728,10734
SH,600612,-0.11,10715,17676
SZ,301382,1.25,10709,12940
SZ,300682,-9.68,10701,11160
SZ,002310,-0.81,10690,14578
SZ,002698,-0.54,10678,12935
SZ,000810,-0.4,10673,11053
SZ,002051,-1.35,10670,10670
SZ,002011,-0.49,10647,10777
SZ,002182,-0.23,10646,12199
SH,600882,-1.17,10642,10642
SH,600184,0.05,10641,10641
SZ,300363,-1.82,10640,11668
SH,600908,-0.18,10636,11676
SZ,300026,-2.2,10625,10635
SZ,300049,0.84,10600,11980
SH,600773,-0.97,10582,10582
SZ,002373,-1.15,10580,12136
SZ,301267,-0.84,10570,13692
SZ,002583,-0.59,10570,14985
SH,601801,-0.36,10553,10553
SH,601619,-0.92,10550,12596
SZ,002967,-0.33,10550,11174
SZ,300315,-0.94,10547,11237
SH,600006,-0.93,10540,10540
SZ,300185,0,10539,11059
SZ,301031,1,10537,13404
SZ,300638,-0.84,10529,17850
SZ,002838,1.25,10528,11974
SH,688275,-0.04,10525,10525
SH,601022,1.39,10508,10508
SH,688068,-2.34,10507,10507
SH,605060,0.64,10504,10579
SH,688371,-0.72,10490,10490
SH,603341,-1.42,10490,20501
SZ,002807,-0.25,10490,10505
SZ,000028,-0.79,10480,12202
SZ,300224,-0.61,10478,10517
SH,603093,-0.16,10470,12323
SH,603693,-0.67,10466,10466
SZ,002139,-0.5,10465,12182
SZ,002931,0.74,10455,11277
SZ,300777,0.12,10454,10667
SH,688698,0.35,10429,10429
SZ,000950,-3.33,10414,10414
SZ,000949,-0.31,10403,10405
SH,600391,0.77,10392,10392
SH,601900,-0.5,10381,10381
SZ,300382,-0.61,10380,10381
SZ,002839,-0.22,10379,10388
SZ,300913,0.41,10377,12443
SH,601163,-0.22,10376,10376
SH,600759,-0.39,10359,10373
SZ,300005,-1.57,10352,10437
SH,600480,-0.46,10336,10413
SZ,000555,-1.39,10302,10314
SH,688378,1.79,10294,11168
SH,603619,-0.35,10287,10287
SH,600509,-0.26,10280,10280
SZ,300244,-1.29,10275,12806
SZ,002276,-0.86,10272,10313
SZ,000510,-0.58,10258,10967
SZ,001399,0.55,10256,176442
SH,600376,-0.49,10241,10241
SZ,002204,-0.74,10236,10236
SH,600198,0.26,10233,10246
SZ,300580,-0.91,10222,10865
SZ,002832,0.46,10203,14953
SH,600645,-2.36,10197,10201
SH,600446,-0.72,10194,10194
SZ,300353,-0.04,10191,11603
SZ,002289,-0.23,10165,10381
SZ,300328,0.14,10161,10211
SZ,000828,-0.09,10156,10156
SH,603859,-0.68,10155,11056
SZ,000690,-0.2,10155,10161
SH,603393,-0.07,10153,10153
SH,600345,1.1,10151,15815
SZ,002815,0.23,10149,16118
SH,600648,-0.21,10149,12130
SZ,301510,0.15,10147,10798
SZ,002181,-0.99,10131,10368
SH,603936,1.65,10124,10364
SZ,000403,-1.27,10122,10226
SH,688125,0.12,10114,10142
SZ,000061,-0.17,10102,11175
SH,603218,-0.19,10094,10103
SZ,000899,-0.38,10079,10079
SH,603883,-2.2,10078,10078
SH,600971,0.36,10068,10068
SZ,002439,-0.85,10055,16717
SH,688797,-0.8,10052,53471
SZ,002020,-1.27,10041,11942
SH,688726,3.16,10040,18503
SZ,002565,-0.62,10027,10027
SH,600360,-0.18,10016,10016
SZ,000727,0,10010,10010
SZ,002922,0.42,10009,11220
SH,603538,-1.91,9983,10072
SH,605006,0.86,9961,9961
SZ,300263,-0.38,9960,10567
SZ,002043,-1.03,9949,10223
SZ,002003,-1.31,9945,11568
SH,600993,-0.98,9945,9962
SH,688543,-0.19,9944,9944
SH,688160,-0.56,9942,9942
SZ,301091,-0.67,9939,9939
SZ,002169,-1.05,9931,10246
SZ,000006,-2.25,9922,9922
SZ,300687,-0.26,9915,12056
SH,603690,-0.64,9911,9911
SZ,002387,0.14,9904,9917
SH,603300,-0.79,9896,9896
SH,605318,0.4,9894,9894
SH,601005,-0.82,9893,11435
SH,600383,-0.44,9887,9887
SZ,002580,-1.96,9879,9912
SH,600326,-0.67,9878,9878
SZ,002984,-0.71,9866,14321
SH,603125,0.62,9854,9854
SZ,002549,-0.96,9852,9895
SH,600728,-1.06,9831,9831
SZ,002980,1.87,9811,18250
SZ,002759,0.15,9788,9797
SH,600787,-0.21,9787,9787
SH,603992,-0.71,9787,9787
SH,688231,1.97,9779,9779
SZ,300596,-0.67,9759,9759
SH,688584,-0.45,9750,19005
SH,688697,4.33,9719,9719
SH,601949,-1.34,9710,9710
SH,600666,0.26,9708,10675
SZ,300007,-0.14,9708,11235
SZ,300377,-1.12,9707,10552
SH,688611,0.32,9702,9702
SH,600037,-0.42,9701,9701
SZ,002675,-0.98,9694,10753
SH,600507,0,9692,9692
SZ,300618,-0.33,9679,11000
SZ,300378,-0.85,9667,9741
SH,600718,-1.21,9667,9667
SH,603027,-0.67,9661,9661
SZ,300303,-0.13,9659,10300
SH,600662,-0.69,9653,9682
SZ,002437,1.32,9640,10235
SH,688032,-0.09,9639,9639
SZ,002626,-1.85,9636,9637
SH,688351,-0.43,9633,9633
SZ,301087,-1.05,9626,11705
SZ,300480,0.79,9615,13176
SH,600163,-0.19,9610,9610
SZ,002978,-0.07,9609,12281
SZ,301196,1.12,9594,14615
SZ,002063,-0.9,9589,10382
SH,603103,-1.17,9576,9576
SH,603533,-0.9,9568,9568
SZ,000049,0.32,9567,9570
SZ,002891,-0.99,9560,9560
SZ,000656,-0.78,9560,13342
SZ,000065,-0.43,9553,10418
SH,688209,0.05,9552,9552
SH,600033,-0.28,9551,9551
SZ,300486,-1.08,9545,9548
SZ,002585,-1.09,9533,12269
SZ,300118,0.49,9528,11719
SH,688227,2.67,9519,9519
SH,688035,1.87,9519,9519
SZ,301090,-0.14,9517,9527
SZ,000552,0,9501,13647
SZ,002557,-0.73,9495,9525
SZ,300113,-1.16,9488,12566
SZ,000795,-0.11,9477,9477
SH,603327,-0.1,9472,9472
SH,688376,0.29,9465,9465
SZ,002426,-0.7,9459,9459
SZ,002062,2.82,9447,10393
SH,600072,-0.67,9447,13086
SH,600373,-0.98,9445,9445
SH,605123,-0.25,9442,9442
SH,688262,-0.38,9442,9442
SH,601003,-0.8,9431,9694
SH,603360,-0.73,9428,9428
SZ,002541,-0.72,9427,13110
SZ,002937,0.64,9427,9452
SH,605168,0.34,9415,9415
SH,601811,-0.24,9408,14658
SH,600129,0.24,9407,9407
SZ,002458,-0.09,9403,13926
SH,688552,-0.28,9392,9392
SZ,300855,1.85,9369,12649
SZ,300415,-0.28,9365,9685
SH,688289,-1.39,9357,9357
SZ,300277,-0.56,9354,18533
SZ,000516,-1.39,9348,9493
SH,603319,0.18,9344,9344
SH,688669,1.53,9343,9343
SZ,000833,0.15,9342,16515
SZ,000401,-0.27,9341,9429
SZ,000923,3.05,9324,9693
SZ,300790,3.79,9321,10608
SH,601200,-0.42,9316,9316
SZ,002993,0.15,9314,10782
SZ,300634,-2.09,9298,9660
SZ,002283,2.09,9296,10563
SZ,300624,-1.05,9295,10494
SH,603626,0.9,9289,9289
SH,600757,-0.51,9271,9272
SH,600649,-0.26,9269,9269
SH,603583,-0.69,9262,9347
SH,601038,-0.15,9256,14214
SH,600740,0.56,9249,9249
SZ,002346,5.6,9246,10412
SZ,301216,1.13,9242,9846
SH,603712,-0.32,9241,9241
SZ,002705,-1.11,9239,9288
SH,603057,-1.79,9233,9303
SH,603890,-6.46,9232,9232
SH,688190,-0.31,9206,9206
SH,600363,0.2,9198,9198
SZ,000420,-0.79,9193,9196
SZ,301717,-2.03,9184,53673
SZ,000031,-0.92,9173,9173
SZ,002293,-0.26,9166,9243
SH,603995,1.66,9156,9156
SH,600597,-0.44,9153,9153
SH,603323,-0.23,9148,9148
SZ,001914,-0.33,9146,9146
SZ,002706,-0.19,9141,11220
SH,600210,-0.32,9131,9131
SH,600328,-0.15,9120,9120
SH,605255,-0.46,9117,9117
SZ,002119,0.29,9112,9112
SZ,301177,-0.47,9108,9114
SH,688305,5.91,9095,9119
SZ,301381,-1.01,9081,9089
SZ,000823,-0.25,9079,9079
SZ,000536,0,9063,9073
SH,603599,0.1,9057,9057
SZ,300188,-1.48,9051,9093
SH,601311,-0.38,9033,9033
SH,688253,-1.56,9026,9026
SH,688456,0.57,9020,9020
SH,688139,-1.17,9020,9020
SH,688161,-0.87,9020,9020
SZ,002061,-0.56,9019,9172
SZ,301345,0.95,9003,28026
SH,600481,0.69,9000,9000
SZ,002208,-0.79,8986,8989
SZ,002115,-0.98,8985,9693
SH,600133,-0.23,8967,8967
SH,688165,-0.51,8964,8964
SH,601528,-0.61,8963,9477
SZ,301363,-0.97,8958,13659
SH,600307,-0.68,8957,8957
SH,688128,-0.22,8948,8948
SZ,002961,-0.73,8947,8947
SZ,002243,-1.06,8947,8995
SZ,300420,-0.98,8942,8942
SZ,001227,0,8941,12075
SH,603100,-0.45,8937,8965
SZ,300846,-1.05,8931,10822
SH,601579,-0.31,8928,8928
SH,600266,-1.14,8926,8926
SZ,002345,0.39,8924,9143
SZ,301078,-1.66,8922,8941
SH,688677,-0.54,8918,8918
SZ,000600,-0.6,8917,14750
SH,601860,-0.39,8915,9189
SH,603163,2.43,8900,8900
SZ,002190,-1.66,8893,8893
SH,688076,-0.73,8880,8880
SH,688325,0.1,8876,9339
SZ,002674,2.36,8871,8961
SZ,000818,0.15,8866,8890
SZ,300181,-1.6,8863,10310
SZ,300072,2.7,8859,8929
SH,688327,-0.83,8858,11034
SZ,000593,-1.31,8851,8855
SZ,001308,-0.59,8848,12786
SH,600094,-1.18,8845,9672
SZ,002511,-0.56,8842,8955
SH,600273,-0.29,8838,8838
SZ,002019,-1.12,8838,12760
SZ,300483,0,8809,8815
SH,600556,-1.01,8804,8804
SH,600508,0.81,8793,8793
SZ,002368,-0.97,8782,8825
SH,600997,0.91,8781,8781
SH,688177,-3.1,8778,8778
SZ,300740,0.37,8777,9440
SZ,002170,-0.08,8772,10791
SH,605298,0.13,8771,8846
SZ,300938,-0.53,8766,10100
SZ,000676,-5.42,8763,8768
SZ,000930,1.29,8762,8762
SH,600269,-0.26,8758,8758
SZ,920186,0.46,8754,16736
SZ,002579,0.87,8751,9189
SZ,002392,1.34,8751,9000
SH,688083,-2.73,8745,8745
SZ,301086,3.17,8739,15767
SH,603915,0.23,8727,8876
SH,688239,-0.1,8723,8723
SH,600185,-0.42,8709,8709
SZ,300440,-0.74,8703,8737
SH,603809,0.43,8697,8697
SZ,002173,-2.95,8695,9117
SH,688261,-0.4,8676,8715
SZ,300042,1.22,8669,8669
SZ,301013,-1.9,8660,10696
SZ,002985,0,8654,8678
SH,600640,-1.96,8644,8644
SH,603496,-0.83,8642,8642
SZ,002099,-1.47,8602,8612
SH,601089,-1.58,8592,8592
SZ,000859,-0.61,8592,8592
SH,688428,-1.37,8588,55691
SH,688513,-2.1,8585,8585
SH,601890,-2.82,8558,8558
SZ,300772,1.58,8549,9639
SH,600812,-1.18,8544,8544
SH,600020,1.33,8540,8540
SH,605319,0.04,8533,8581
SH,688739,-0.66,8529,8629
SH,600936,-4.84,8522,8522
SH,688758,-2.78,8522,11903
SZ,300766,-2.37,8519,9395
SZ,301606,-0.01,8506,21389
SH,600782,-0.36,8493,8597
SH,688783,0.35,8486,127433
SZ,002053,-0.42,8480,8480
SH,600929,0,8479,8479
SH,688179,-3.41,8478,8478
SZ,002233,0.7,8474,8477
SZ,000980,-1.17,8471,8471
SH,688605,0.09,8470,15820
SZ,300401,-0.81,8469,8608
SZ,002703,-1.15,8468,11887
SH,688507,-0.75,8468,15326
SH,600996,-1.87,8466,8466
SH,688381,1.6,8465,8465
SZ,002004,-1.96,8456,8890
SZ,000761,0.44,8455,9367
SZ,002718,-0.81,8421,11599
SH,688612,-0.26,8420,13749
SZ,300895,6.13,8419,8579
SZ,000848,0,8408,8486
SH,603399,-1.9,8407,8407
SH,600973,-0.96,8406,8406
SZ,000829,-1.79,8398,8406
SZ,300101,-0.19,8393,8422
SH,688710,-3.12,8390,13042
SZ,002292,-0.11,8387,12184
SH,605488,1.57,8381,9111
SH,688586,0.19,8380,8380
SZ,301109,-0.29,8378,10590
SZ,300497,-0.32,8368,9879
SH,688112,-0.16,8368,8368
SH,600399,0,8362,8362
SH,688789,-0.68,8360,8360
SH,605116,-1.24,8355,8355
SH,688486,0.81,8351,8351
SH,605016,0.45,8350,8350
SZ,300053,0,8343,8934
SH,601929,-0.82,8341,8341
SH,688337,0.79,8327,9795
SH,603919,-1.91,8309,8309
SH,688091,-2.13,8305,8330
SH,688416,2.26,8300,8300
SZ,000922,0.43,8297,9816
SZ,000550,-0.55,8295,13811
SH,603612,-0.29,8293,8293
SZ,002515,-0.12,8275,9092
SZ,300145,-0.22,8274,8315
SZ,300322,-1.41,8271,8640
SH,600478,-0.4,8266,8266
SZ,300516,0.49,8261,8261
SH,600722,7.62,8259,8259
SZ,003009,0.28,8257,8259
SZ,300130,-1.29,8254,10784
SH,600567,0,8253,8253
SH,605100,0.06,8251,8289
SZ,002332,-1.4,8241,8280
SH,688252,0,8225,8225
SH,600686,-1.11,8225,8225
SZ,000751,2.01,8207,8207
SZ,300842,0.62,8207,9234
SZ,002730,-0.45,8194,8574
SZ,002216,-0.37,8190,11421
SZ,300529,-1.47,8183,12754
SZ,002251,-1.33,8179,9894
SZ,301571,0.23,8177,12312
SH,605222,-0.74,8176,8176
SZ,301189,3.88,8170,8465
SH,600693,-1.04,8168,8177
SH,600683,-5.32,8163,8163
SH,603508,-0.46,8159,8159
SH,600751,-1.24,8157,9191
SZ,300741,-0.29,8154,8154
SZ,000712,-2.78,8124,8127
SZ,002039,-0.51,8124,8124
SH,603227,-0.51,8123,8123
SZ,002928,-0.77,8117,8117
SZ,301489,-2.63,8116,13564
SZ,300576,-0.52,8115,12894
SZ,002219,-1.97,8114,8561
SZ,002030,0.17,8112,8112
SZ,000885,-0.31,8109,8109
SH,603219,-0.47,8107,8107
SZ,301176,0.33,8096,8343
SH,603985,1.49,8094,8094
SH,688628,3,8086,8086
SH,688050,-1.68,8082,8082
SH,603608,-1.19,8076,8076
SH,601718,0,8068,8068
SZ,002239,-0.39,8067,8678
SH,688221,-1.99,8065,8065
SH,600545,2.04,8063,8063
SZ,300499,-0.19,8058,9063
SZ,300850,-0.84,8052,11085
SZ,002277,-0.16,8044,8044
SH,605305,-0.49,8044,8044
SZ,002350,1.41,8038,8216
SZ,000719,-0.32,8032,12319
SH,603033,0.76,8029,8177
SH,603055,0.78,8023,8039
SH,600639,-0.2,8009,10573
SZ,002639,-0.4,7988,9433
SZ,301209,1.83,7973,9333
SH,603112,-0.06,7971,8051
SH,600389,-0.26,7967,7967
SH,600935,0.44,7962,8160
SZ,300527,0.51,7961,7961
SZ,000533,0.26,7952,8020
SH,605008,-0.15,7945,7945
SH,688011,-0.8,7934,7961
SZ,300939,-1.08,7916,7916
SZ,002309,0.92,7916,9895
SZ,002150,0.32,7916,7968
SZ,002960,-0.36,7912,8609
SH,603680,-0.87,7900,7900
SZ,002017,-0.57,7889,7894
SZ,002221,-0.36,7889,8511
SZ,002125,-0.86,7888,7888
SH,688108,-1.5,7887,7887
SH,600055,-1.48,7881,7881
SH,688439,0,7878,7878
SZ,301369,1.08,7872,14683
SH,688191,1.01,7866,7866
SH,600736,0.29,7863,7863
SZ,300035,-0.95,7852,9226
SZ,002079,0.1,7852,8794
SH,603687,0.21,7843,7843
SZ,300171,-3.72,7843,10676
SZ,002951,7.72,7838,7876
SZ,000869,-0.05,7837,11318
SH,603181,2.7,7824,7824
SH,605333,0.3,7824,7824
SZ,002761,0.56,7821,9579
SZ,002097,-0.4,7819,7834
SZ,300031,-0.08,7805,9288
SZ,300327,-0.38,7804,7862
SH,603931,-0.63,7803,7803
SH,601595,-0.1,7794,7794
SZ,300985,-1.04,7761,7761
SZ,002023,-0.27,7760,7831
SZ,301327,-0.33,7760,7760
SZ,002448,7.83,7756,7861
SH,600611,-2.35,7754,11726
SZ,002342,-0.84,7752,7795
SZ,002782,-0.43,7750,7844
SH,688328,-1.09,7746,7746
SH,688155,-0.43,7737,7737
SH,600846,-1.11,7735,7735
SH,603053,-0.67,7733,7733
SZ,000026,1.29,7725,8598
SH,605128,0.65,7721,7721
SZ,002941,-0.46,7721,7721
SZ,300294,-1.91,7720,7720
SZ,002267,-0.56,7718,7718
SZ,301326,1.51,7713,7781
SZ,000628,1.21,7711,14130
SH,603459,0.2,7709,73506
SZ,000860,-1.6,7700,7700
SH,688515,-0.2,7699,12362
SH,601828,-0.92,7694,9273
SZ,002488,-1.06,7692,8322
SH,688678,0.05,7683,7683
SZ,002516,-0.56,7682,7737
SZ,300641,-0.26,7678,7678
SZ,002434,-0.84,7671,7679
SH,603223,0.37,7651,7651
SH,603043,-0.28,7649,7715
SH,688293,-1.74,7640,9272
SZ,002471,-1.04,7634,7775
SZ,300834,1.25,7628,7696
SH,688480,-0.34,7628,7628
SH,688062,-2.55,7628,14800
SZ,002446,-1.42,7613,8220
SH,603269,-0.44,7611,7611
SH,688622,-1.13,7610,7610
SH,600251,0.31,7607,7607
SZ,300770,-0.73,7598,7598
SZ,301248,1.32,7593,10390
SZ,300595,-1.55,7587,10151
SZ,002212,-2.1,7584,7666
SH,688277,-1.74,7584,7584
SH,600789,-1.44,7577,7839
SZ,002041,1.77,7577,7577
SH,601686,0,7574,7574
SH,600587,-1.88,7571,7571
SH,600502,0,7570,7570
SZ,300416,-0.12,7567,7618
SH,600618,0,7558,11657
SH,600746,0,7544,7544
SH,688598,-0.04,7532,7680
SH,600075,-0.22,7531,7531
SZ,301373,1.88,7529,11725
SH,603477,1.24,7498,7688
SH,603466,0.24,7495,7495
SH,601908,0.32,7485,7485
SH,688798,-0.48,7481,12848
SZ,301487,-0.42,7478,7478
SZ,300685,-1.78,7472,7482
SZ,300168,-1.69,7469,7477
SH,600305,-0.28,7467,7479
SH,688488,-2.25,7465,7465
SZ,300986,-0.14,7462,7467
SH,600917,-0.2,7462,7462
SH,600335,-0.59,7452,7452
SZ,300868,0.14,7451,11734
SH,600797,-0.54,7450,7450
SH,605133,0.84,7448,7531
SZ,300174,-0.81,7447,7488
SH,688073,-1.74,7441,7441
SZ,300482,-1.25,7432,8089
SZ,002386,-0.51,7431,7432
SH,603977,0.17,7418,7418
SZ,000012,0,7406,11501
SZ,002990,1.13,7405,14048
SZ,300862,3.36,7404,9024
SH,605007,1.43,7403,7421
SZ,003013,-2.07,7402,8473
SH,688326,-0.63,7395,7946
SH,603211,0.48,7393,7393
SH,688352,7.06,7387,23982
SZ,301263,-1.88,7381,10345
SZ,002077,0.08,7376,7376
SZ,300910,-1.14,7367,10518
SZ,002885,-0.22,7360,8404
SH,600861,-0.37,7359,7359
SZ,002275,-1.04,7348,7750
SZ,300180,-0.68,7347,7555
SH,603045,1.16,7342,7342
SZ,002631,1.09,7341,7375
SZ,300861,0.7,7332,11677
SZ,002106,-0.47,7331,7340
SH,600059,-1.94,7329,7329
SZ,000402,-1.6,7322,7323
SZ,002533,-0.87,7314,8308
SH,601388,0.91,7308,7308
SZ,301191,2.73,7307,9691
SH,688176,-1.68,7301,7301
SH,688103,0.47,7298,7298
SH,688312,0.44,7295,7295
SZ,000059,-0.43,7277,7277
SH,600903,-0.78,7263,7263
SH,600078,0.37,7262,7449
SZ,002588,-0.11,7255,9733
SZ,000813,-1.41,7255,7256
SH,601700,-2.89,7254,7254
SZ,300298,-1.33,7249,9010
SZ,300400,-0.69,7246,7270
SH,600525,8.28,7240,7240
SZ,003039,-0.75,7237,7237
SZ,301498,-1.77,7236,16159
SH,603050,0,7236,7236
SH,603990,1.37,7234,7234
SH,600557,-1.3,7230,7230
SH,600590,-0.34,7229,7309
SH,688049,-0.43,7229,7229
SH,600829,5.33,7225,7225
SZ,002796,0.06,7225,8008
SZ,001298,-0.44,7219,7664
SH,600657,-1.16,7215,7215
SZ,300520,-0.38,7214,7464
SZ,002971,-0.77,7213,9436
SH,603166,-0.61,7208,7264
SH,600881,2.29,7208,7208
SH,603580,4.2,7204,7204
SZ,002324,-0.1,7204,10322
SH,688621,-1.96,7202,7202
SH,688699,-2.8,7199,7199
SZ,000650,-1.09,7189,7560
SH,688478,3.61,7185,7185
SH,688626,-1.24,7181,7181
SH,600400,-0.31,7172,7172
SH,601226,-0.31,7171,7171
SZ,301069,-0.29,7170,7613
SZ,002110,-0.66,7166,7166
SZ,300153,0.36,7166,7203
SH,600252,-2.16,7164,7164
SZ,000595,5.36,7162,7162
SZ,300337,-0.29,7157,8269
SZ,002733,-0.66,7152,7450
SZ,002215,-0.1,7151,8888
SZ,002034,-0.56,7142,7172
SZ,001232,0.14,7139,89723
SZ,300739,0.6,7138,8799
SZ,002006,-0.5,7135,7135
SZ,002256,-1.66,7131,7224
SH,600866,-0.22,7128,7128
SZ,002721,0,7127,7127
SH,603311,0.43,7126,7126
SZ,301328,0.65,7123,9856
SZ,002108,-0.68,7119,7122
SZ,000928,-0.19,7116,7116
SZ,920982,-0.55,7108,14746
SZ,300976,1.53,7100,11037
SZ,002036,-3.99,7093,7107
SZ,301232,0,7089,11925
SH,600748,-0.25,7083,7083
SZ,000544,-0.4,7076,7076
SH,600125,-0.17,7076,7076
SH,688418,-0.29,7073,7073
SZ,000030,-0.23,7068,7275
SZ,300700,1.22,7062,7889
SZ,300098,-1.28,7061,7959
SZ,000503,-1.49,7060,7060
SZ,300191,-0.33,7058,10211
SH,600708,0.32,7054,7065
SZ,300852,0.26,7054,7307
SH,603279,-0.64,7049,7049
SH,688550,-0.14,7041,7041
SH,600925,0.46,7034,30173
SZ,300109,-1.3,7033,7839
SH,688818,-0.15,7033,86012
SZ,002242,1.54,7023,7035
SZ,001314,0.21,7008,8055
SH,688563,-0.18,7008,23232
SZ,002681,-0.66,6999,8004
SZ,300080,0.81,6997,7006
SH,600604,1.84,6995,9310
SZ,000597,-1.38,6990,7078
SZ,000566,-1.09,6989,6993
SH,688087,-0.65,6986,7245
SZ,002421,0.59,6984,7274
SZ,000756,-2.09,6980,9747
SZ,002935,-0.46,6974,7087
SZ,920029,-1.22,6971,7164
SZ,300276,-0.14,6956,9219
SH,600815,-1.5,6954,6954
SH,601096,-0.46,6950,11316
SZ,002650,0.16,6941,6941
SZ,300909,-1.06,6940,9296
SZ,301392,0.52,6930,16988
SH,603660,2.19,6926,6926
SZ,000755,1.51,6926,6926
SZ,002093,-0.86,6922,6922
SH,605365,-0.14,6913,6913
SZ,002881,-0.62,6911,11406
SH,688518,-0.38,6908,6908
SH,688290,0.43,6905,6905
SH,601015,0.3,6904,6904
SZ,300045,0.45,6903,8860
SH,603128,-0.18,6899,6899
SH,600510,0.15,6894,6894
SZ,000551,0.92,6892,6898
SH,600676,-0.44,6881,6881
SZ,002315,-1.24,6878,10789
SZ,300731,2.43,6866,7235
SH,600169,0.49,6866,6866
SH,603416,1.53,6864,7722
SZ,300492,-1.34,6855,6855
SZ,000631,-0.99,6854,6854
SZ,300143,-2.13,6841,7997
SZ,300222,-0.37,6828,8190
SH,600770,0.19,6825,6825
SZ,300265,-0.2,6823,6827
SZ,002284,-0.84,6817,6881
SH,600429,-0.43,6814,6835
SH,603229,-2.02,6808,6808
SZ,300137,-0.69,6806,6890
SH,603277,-1.58,6805,6827
SH,600874,0,6804,8684
SZ,301286,0.4,6800,16868
SZ,002955,-0.33,6799,8223
SH,603778,1.34,6795,6977
SZ,300997,-2.32,6795,7490
SH,600810,0,6787,6849
SZ,301607,-0.41,6781,10459
SH,600771,-1.27,6779,6779
SZ,301215,-0.57,6771,6778
SH,600828,-0.75,6770,6772
SH,600682,-1.85,6763,7815
SZ,000777,-0.05,6760,6760
SH,605011,-0.81,6758,6758
SH,600158,-0.7,6755,6755
SH,688610,3.9,6754,11220
SZ,300540,-1.35,6748,7429
SH,688631,-0.95,6745,6745
SZ,002550,-1.8,6742,9048
SH,688577,0,6741,6741
SZ,002214,-1.32,6736,8429
SH,600962,-0.3,6728,6728
SH,600654,-1.01,6721,8252
SH,603866,0,6703,6703
SH,688315,-0.61,6701,6701
SZ,300341,-0.9,6700,6726
SZ,300252,-0.49,6699,8204
SH,600195,-0.29,6699,6699
SZ,002546,-0.82,6698,6973
SZ,300348,-1.28,6698,7449
SH,605598,-0.67,6698,6698
SZ,300192,0,6681,6760
SH,600775,-0.69,6678,9084
SZ,000601,-0.77,6677,6778
SZ,301050,-0.15,6674,7836
SZ,002785,-1.36,6666,7807
SZ,002970,0.69,6664,9699
SZ,002734,-0.96,6664,7276
SH,603071,-0.07,6662,6662
SZ,002537,-0.86,6661,6680
SZ,000589,0,6655,6699
SZ,002690,0.59,6654,13533
SH,600780,-0.68,6638,6638
SZ,300768,-4.18,6638,10160
SH,600468,-0.8,6624,6624
SH,603065,-1.55,6620,6620
SZ,301366,2.46,6620,11856
SZ,000968,-0.43,6618,6618
SH,603887,-7.79,6616,6616
SZ,002943,0.34,6615,9347
SH,688365,-1.83,6612,6612
SZ,300444,-1.3,6607,8473
SZ,002163,-0.23,6605,6946
SH,603489,0.68,6602,6602
SH,603517,-0.36,6593,6593
SH,600103,1.02,6593,6678
SH,603368,-1.36,6586,6586
SH,600422,-1.35,6586,6586
SZ,300197,1.83,6583,6583
SH,601515,0,6582,6582
SH,688788,-0.16,6580,6580
SZ,000058,-0.73,6578,8224
SH,688276,-0.55,6569,6569
SZ,301061,1.46,6566,9883
SZ,300284,-1.43,6555,6908
SZ,301339,0.88,6552,6632
SZ,003043,-0.94,6551,10035
SZ,300872,-1.2,6550,7576
SH,688787,-0.8,6548,6548
SZ,002042,-0.76,6548,6548
SH,688079,-0.18,6547,6661
SZ,300819,-0.24,6547,7248
SZ,002057,-0.45,6546,6551
SZ,002664,-0.6,6536,6621
SZ,300343,1.66,6532,6549
SH,605178,1,6531,6531
SH,600894,-0.12,6526,6557
SH,688230,0.35,6497,6497
SZ,301529,-0.88,6497,12104
SZ,000008,0,6492,6492
SZ,000989,-1.88,6490,8003
SH,600966,-0.6,6484,6484
SZ,920394,0.2,6482,6530
SH,605098,0.35,6479,6479
SZ,002810,-0.39,6475,6976
SH,603200,-0.82,6473,6473
SH,688185,0.52,6471,13978
SZ,002229,4.14,6450,6490
SZ,002014,-0.55,6449,6554
SH,688685,-0.26,6447,6447
SZ,000090,-0.85,6446,6446
SH,605188,-0.54,6438,6438
SH,688115,-0.6,6436,6436
SH,603155,0.21,6433,6433
SZ,300467,-1.4,6431,7677
SH,605366,0.12,6430,6430
SZ,301522,-0.5,6430,8638
SH,603010,0,6427,6587
SZ,300134,-0.82,6424,6424
SZ,300221,0.07,6422,6585
SZ,002135,0.16,6420,6860
SZ,301678,0.61,6418,11063
SH,688708,0.09,6416,18001
SZ,300493,-0.38,6414,6489
SH,603867,1.71,6397,6451
SZ,301291,-1.63,6390,12283
SH,600496,-0.3,6388,6388
SH,605005,-0.05,6388,6388
SZ,002140,0.67,6377,6386
SZ,300815,0,6367,6501
SH,600851,-0.91,6363,10405
SZ,300324,-0.52,6361,6427
SH,603197,-0.91,6360,6446
SH,600488,-1.18,6344,6344
SZ,002635,0.56,6336,10568
SZ,001391,-0.47,6336,50911
SH,688620,0.25,6335,6335
SH,603897,-4.15,6331,6331
SH,600368,0,6326,6326
SZ,300900,0.74,6317,8062
SH,600501,0.54,6315,6315
SH,603363,0.68,6311,8029
SZ,002132,2.5,6310,6321
SZ,002470,-0.51,6309,6309
SZ,300358,-1.96,6309,6400
SZ,300435,-0.57,6308,6596
SH,688366,-0.69,6307,7437
SH,601500,0,6300,6300
SZ,002009,0,6281,7136
SZ,002965,-0.38,6280,8752
SZ,300566,-0.06,6275,7255
SZ,300119,-2.33,6272,8737
SH,600313,3.39,6266,6724
SZ,003010,-1.06,6262,8613
SZ,300212,0.67,6259,6450
SH,688757,1.38,6245,13898
SH,600310,-1.61,6244,6244
SZ,000572,-0.77,6241,6250
SH,688767,-0.09,6236,6236
SZ,002870,0.08,6232,7339
SZ,002213,0.2,6228,7244
SH,603595,0.71,6225,6225
SZ,002052,-1.73,6218,6787
SZ,002519,-0.53,6213,6229
SZ,000524,-0.74,6211,6213
SZ,301137,-0.92,6205,6205
SH,688135,1.6,6205,6205
SZ,002538,0.28,6201,6205
SZ,000905,-0.11,6194,12878
SZ,300164,-0.83,6188,6244
SH,603108,-2.19,6185,6185
SZ,300598,-0.76,6182,6184
SZ,300706,0.67,6181,8337
SZ,002527,-0.59,6177,7745
SH,600643,-1.51,6171,6182
SZ,002272,-0.06,6167,7326
SH,688553,-2.56,6165,7605
SH,688635,-2.39,6162,32503
SH,600108,0.96,6152,6152
SZ,300041,0.09,6152,6322
SZ,301261,-0.14,6150,6203
SH,600730,3.05,6148,6148
SZ,000735,4.5,6146,6149
SH,600897,0.75,6146,6146
SZ,000908,0.43,6141,12282
SZ,300820,-0.8,6140,12206
SH,603213,-0.35,6140,6140
SZ,301182,-0.15,6136,6729
SH,688505,0.7,6132,8946
SZ,002123,-1.27,6132,6854
SH,688733,0.82,6129,6129
SZ,000541,1.43,6128,7648
SZ,300151,-0.17,6124,8845
SH,600975,0.41,6123,6123
SZ,300709,1.74,6121,7624
SZ,001212,-0.08,6114,7068
SH,603969,-1.09,6114,6258
SH,603567,-1.8,6106,6112
SH,603776,0.37,6098,6098
SH,605288,-1.53,6097,6138
SZ,300307,-0.89,6091,6196
SH,688499,-1.14,6083,6083
SZ,300369,-3.33,6082,6104
SH,600769,-1.81,6078,6078
SZ,300128,0.43,6072,6080
SH,600203,-0.57,6066,6066
SZ,301312,-0.45,6066,12058
SZ,000957,-1.24,6065,6065
SH,688526,-0.3,6064,6064
SZ,300981,-0.51,6064,6617
SH,605183,0.96,6059,6099
SH,688309,0.54,6057,6057
SZ,002708,-0.84,6055,6588
SZ,002605,-0.77,6054,7474
SZ,300969,0.21,6048,12680
SH,600617,0.29,6037,6559
SH,605018,-0.53,6036,6036
SZ,000722,-0.83,6034,7428
SH,600370,-0.65,6034,6034
SZ,300722,0.09,6025,6025
SH,600433,2.69,6021,6021
SZ,002082,-1.66,6019,6484
SH,600230,1.18,6019,6019
SH,688510,-0.8,6017,6017
SZ,300393,0.64,6013,6854
SZ,002606,-0.27,6013,6266
SZ,300983,-0.6,6007,6793
SH,688232,-0.84,6005,6005
SH,603383,-0.77,6003,6003
SZ,002210,0,6001,6014
SZ,000915,-0.65,5997,6001
SH,600255,0.3,5996,5996
SZ,002390,-1.88,5995,6045
SH,605339,-1.32,5995,5995
SH,603012,-1.79,5987,5987
SZ,301230,-4.68,5986,6655
SZ,300626,-0.26,5984,5987
SZ,002302,0,5971,5971
SZ,300256,-1.11,5967,6034
SZ,300617,-1.14,5960,7109
SH,605056,-0.19,5958,6047
SH,688709,-0.06,5947,17080
SH,603877,0.08,5946,5954
SH,603123,-1.18,5942,7276
SH,688717,-0.32,5942,9598
SH,688109,-0.16,5942,5942
SH,600855,0.16,5939,5950
SZ,002068,-0.85,5939,5942
SZ,300161,3.01,5938,6050
SZ,002452,-0.08,5925,7097
SZ,300093,-0.03,5915,13829
SZ,000881,-0.6,5910,6183
SH,603507,-0.94,5908,5973
SH,603135,0.11,5905,5949
SZ,002127,-0.99,5904,7266
SZ,300226,-1.64,5902,6139
SZ,000561,-0.51,5899,6567
SZ,301099,0.08,5897,9690
SH,600698,0.28,5896,7587
SZ,002232,-0.75,5895,5895
SZ,003041,-0.86,5894,6204
SZ,300708,-1.32,5894,7707
SH,688323,1.38,5890,5890
SH,605277,0.26,5887,5995
SZ,300990,0.92,5886,12959
SH,603708,-0.64,5885,5885
SH,600586,0,5882,5882
SZ,300043,-1.86,5882,5885
SH,688689,-0.53,5876,5876
SH,688117,-1.51,5865,5865
SZ,301000,-0.15,5864,6212
SZ,002685,0.17,5864,5865
SH,600983,-0.38,5863,5863
SZ,002164,-0.48,5863,6503
SZ,000793,0.46,5862,9667
SH,600106,0.23,5861,5861
SH,688345,-0.44,5860,5888
SH,688095,-0.96,5858,5858
SZ,001330,-2.32,5849,6914
SZ,000025,-0.12,5845,6414
SZ,301292,0.44,5842,15279
SH,688575,0.99,5840,5840
SZ,002382,-1.01,5837,5894
SZ,300756,-0.9,5837,6707
SZ,300129,-0.11,5836,9004
SZ,002029,1.5,5836,6183
SZ,300841,-1.73,5834,6236
SH,688656,-1.39,5834,5834
SZ,300696,-1.03,5831,6423
SZ,300063,-2.1,5827,7054
SZ,300127,-0.93,5819,8147
SH,600592,-0.26,5817,5817
SH,688799,-1.51,5813,5813
SZ,920599,-0.35,5813,7669
SH,603758,-2.96,5808,5808
SH,601121,1.26,5808,7146
SH,600477,0,5803,5803
SH,688170,-0.03,5802,5802
SZ,301307,0.62,5800,11229
SZ,300046,0.12,5800,5800
SH,600691,0.41,5796,5797
SH,688219,0.57,5787,5787
SZ,301566,-0.82,5786,10964
SH,605555,0.59,5785,5785
SZ,300258,-0.28,5784,5938
SZ,300203,0,5784,5789
SH,600963,-0.29,5782,5782
SH,600375,-0.24,5778,6332
SZ,000608,-0.12,5777,5812
SH,603609,2.57,5777,5777
SH,603130,0.05,5776,5776
SH,600288,0,5774,5774
SZ,300079,-0.65,5767,6417
SZ,000042,-1.24,5764,5771
SH,688226,0.23,5752,5975
SZ,002067,-1.14,5752,6342
SZ,301638,-1.15,5750,73068
SZ,001323,-1.06,5749,8036
SZ,300075,-1.67,5747,6926
SZ,002752,-1,5736,5744
SH,688419,-0.64,5736,5736
SH,600826,0.13,5736,5736
SH,688408,0.38,5735,5735
SH,688173,-0.56,5734,5789
SZ,301153,-1.08,5733,6146
SZ,000936,-7.16,5732,5733
SH,688151,-0.53,5729,5729
SZ,002263,0,5729,5729
SZ,002803,-1.17,5728,8815
SH,600054,-0.17,5723,8133
SH,688562,-0.55,5720,5720
SZ,002349,-1.81,5716,5835
SH,601116,-1.22,5712,5712
SZ,000670,0.15,5697,5803
SZ,000880,0.12,5696,11638
SH,600223,-1.22,5693,5693
SZ,002298,-1.14,5689,6372
SH,600081,0.69,5685,5685
SZ,300581,0.49,5683,5683
SZ,002101,-0.57,5682,5687
SZ,300534,-0.47,5682,5706
SH,600425,-0.27,5681,5681
SZ,001236,-1.05,5678,7548
SZ,301155,-0.08,5672,10004
SZ,301306,1.2,5672,8216
SZ,002997,0.15,5662,5662
SZ,002824,0.08,5650,7773
SZ,300465,-1.92,5649,5649
SZ,002218,0.25,5648,5732
SZ,000912,0,5645,5645
SZ,002695,-0.35,5641,6172
SZ,002793,-1.88,5636,5645
SZ,301101,-0.67,5635,5850
SH,603366,-0.56,5634,5634
SH,600742,-0.25,5632,5632
SZ,301321,-0.59,5626,7105
SH,603333,-0.43,5625,5625
SZ,000697,0.12,5623,12020
SZ,300579,-1.45,5616,5821
SZ,000411,-1.77,5604,5615
SH,688711,0.27,5603,5603
SZ,002073,-0.89,5597,5655
SZ,300996,-2.54,5597,6649
SZ,002992,0.82,5593,6475
SZ,300470,-0.34,5587,5887
SH,600449,-0.59,5585,5585
SZ,000517,0,5582,7132
SZ,001313,1.4,5579,5586
SZ,300689,2.87,5576,6335
SH,601968,-0.22,5575,5575
SZ,003006,-1.28,5571,5585
SZ,002510,-0.71,5567,5624
SH,688334,-0.38,5566,5645
SZ,300047,-1.33,5562,6110
SZ,000948,-1.98,5549,5560
SZ,002988,-4.71,5546,5546
SZ,300019,-0.85,5540,5909
SZ,000920,-0.25,5534,5534
SZ,002956,-0.77,5531,5532
SH,603336,-0.97,5527,5527
SZ,300048,-1.2,5527,5537
SZ,000900,-0.54,5525,5525
SZ,002134,-0.08,5523,5526
SH,688796,-3.6,5522,63915
SZ,300283,0.48,5519,7221
SH,603610,0.51,5517,5517
SZ,300217,-1.1,5512,6562
SH,688448,-0.25,5512,5512
SH,600982,-0.39,5510,5510
SZ,002805,-0.94,5509,5534
SH,603587,-0.25,5507,5507
SH,600237,-0.33,5503,5555
SH,603855,0.12,5503,5535
SZ,000036,-5.99,5500,5503
SZ,002206,-0.75,5496,6043
SZ,300214,-1,5495,5495
SZ,300006,-1.69,5490,5491
SH,603901,-0.2,5490,5565
SZ,002713,1.17,5486,9914
SZ,300278,0,5483,5500
SZ,002279,-5.22,5481,5941
SZ,920493,-1.49,5476,7432
SZ,002860,-2.44,5473,5603
SZ,300159,-0.33,5472,9773
SH,600035,-0.28,5458,5458
SH,688655,8.29,5453,5453
SH,600981,-0.4,5449,5449
SH,603686,-0.37,5446,5446
SZ,001359,0.36,5441,21762
SH,600593,2.45,5438,5507
SZ,300039,-1.65,5437,6203
SH,600644,-0.41,5436,5436
SZ,301580,0.9,5429,8035
SZ,000501,-0.55,5424,5429
SZ,300158,-1.61,5423,5428
SZ,300293,-0.8,5415,5415
SH,600694,0.07,5413,5413
SZ,301301,-1.79,5412,19488
SH,688181,-1.94,5408,5408
SH,605287,-1.14,5407,5407
SZ,002196,-0.71,5407,5489
SH,688218,6.15,5404,5404
SZ,300057,-1.06,5401,6523
SH,603499,0,5401,5401
SZ,300926,2.26,5394,7861
SZ,002907,5.24,5393,6707
SH,600189,-0.91,5393,5393
SH,603848,-0.51,5392,5392
SZ,300592,-0.43,5389,6131
SZ,003033,2.33,5384,5451
SH,688776,0.61,5381,5381
SZ,300905,0.16,5381,6914
SH,603380,-0.32,5380,5380
SH,600784,0.63,5378,5378
SZ,002376,0.15,5376,5536
SZ,300227,-3.35,5376,7018
SH,603439,-1.62,5375,5375
SZ,002274,0,5374,5457
SH,688707,-0.27,5372,5372
SZ,300084,-0.86,5369,6256
SZ,300587,-2.1,5368,6621
SZ,920368,0.5,5368,5642
SZ,301379,5.19,5366,6809
SH,603217,-0.26,5362,5362
SH,603353,-0.5,5360,5360
SH,600292,-1.04,5359,58123
SH,600889,0.69,5356,8576
SH,603098,-0.39,5356,5363
SH,688237,-0.85,5353,5353
SZ,002255,-0.46,5353,6971
SZ,002047,-6.6,5352,5352
SZ,300067,-1.37,5352,6591
SH,688320,0.94,5349,5349
SZ,002787,0.42,5344,7160
SH,688228,-0.92,5337,5337
SZ,300695,0.44,5337,5337
SZ,002235,-7.56,5336,5587
SZ,002833,-0.48,5334,7809
SZ,000717,-0.44,5332,5332
SZ,300918,0.19,5330,5330
SZ,301282,2.87,5324,6360
SZ,301362,-0.52,5319,18958
SH,600278,-0.31,5318,5318
SZ,300300,-0.37,5314,5315
SZ,002649,-2.07,5310,5855
SH,601008,0,5310,5310
SH,688566,-1.56,5305,5305
SZ,300525,-1.59,5303,6464
SZ,003040,-1.18,5299,5349
SH,605228,-0.26,5296,5318
SZ,300633,-1.58,5296,8650
SH,603668,-0.18,5296,5296
SZ,300959,0.09,5294,8131
SH,603194,-0.23,5289,13421
SZ,002424,-0.64,5287,6415
SH,603153,-0.52,5285,5365
SH,601177,-0.37,5280,5349
SZ,002572,-0.97,5277,7801
SH,603889,-0.52,5276,5316
SZ,002191,-0.26,5274,5317
SZ,300488,-0.11,5268,6209
SZ,300082,-0.63,5264,5278
SZ,301365,-1.53,5262,7797
SZ,002194,-1.52,5257,7031
SH,601518,0.36,5256,5256
SH,688282,3.58,5253,5253
SH,688207,0.8,5252,5252
SZ,301323,0.07,5251,8162
SH,603131,0.39,5249,5249
SZ,300825,-0.9,5247,5360
SH,603682,-6.24,5245,5245
SZ,300648,-0.27,5241,6884
SZ,300856,-1.03,5241,5423
SH,600825,-0.98,5235,5235
SZ,000557,-0.82,5234,5236
SZ,301413,1.27,5232,8763
SZ,300792,-1.2,5229,5827
SH,605050,-0.46,5229,5229
SZ,300066,-0.75,5210,5429
SZ,002419,-0.43,5204,5204
SZ,000531,-0.51,5204,5957
SH,603158,-1.48,5202,5202
SH,688683,0.16,5202,5202
SH,600868,-2.48,5201,5201
SZ,002657,-0.95,5197,5246
SZ,300149,-3.65,5196,5449
SZ,000925,-0.76,5195,5235
SZ,002882,-1.02,5192,9108
SH,603666,0.12,5190,5190
SH,603685,-1.82,5188,6513
SH,603191,-2.29,5187,5187
SH,688720,0.12,5184,8131
SZ,002383,-0.42,5183,5183
SH,601086,-0.76,5181,5181
SZ,002577,0,5181,5182
SZ,300233,-2.7,5181,5378
SH,600300,0.31,5175,5175
SH,600605,-0.39,5167,5167
SZ,002697,-3.01,5166,6120
SZ,300925,-0.99,5166,6336
SZ,002489,-0.73,5165,5856
SZ,002300,-1.51,5164,5165
SZ,002777,-1.15,5158,5205
SH,603110,1.55,5153,5153
SZ,002122,0.39,5148,5184
SZ,000409,-0.79,5143,5902
SH,600721,-3.18,5141,5141
SZ,002567,0,5140,5145
SZ,300531,-0.95,5135,5291
SZ,300446,-0.21,5129,11607
SZ,301012,-0.22,5129,5129
SZ,301053,-1.1,5128,5522
SH,605580,0.33,5127,5127
SH,603212,0.52,5123,5123
SH,600217,-0.31,5122,5122
SZ,000888,-0.5,5116,5116
SH,601011,0.38,5115,5115
SH,688101,-0.31,5110,5110
SH,605299,-0.78,5108,5108
SH,603590,-1.36,5107,5133
SH,603727,-0.49,5096,5096
SZ,002358,-0.53,5095,5095
SH,688348,0.84,5092,5092
SZ,002351,-0.5,5091,8687
SH,601279,-0.3,5090,5090
SZ,300528,-0.57,5090,5090
SH,603701,0.1,5089,5089
SH,688539,0.37,5076,5076
SH,600138,-0.56,5074,5074
SZ,002915,-2.05,5073,5904
SZ,300259,-0.44,5070,5071
SZ,301211,-0.32,5070,5070
SZ,002201,-0.35,5069,5487
SZ,002038,-1.48,5069,6113
SH,688057,0.22,5067,5067
SZ,301239,-1.07,5065,5335
SZ,002640,-1.2,5063,5095
SH,688007,0.73,5060,5060
SZ,000652,-1.13,5060,5064
SZ,301349,-0.17,5060,6408
SZ,000796,-0.77,5057,6094
SZ,301368,-0.67,5055,5055
SH,605009,-0.54,5052,5052
SZ,300507,-1.06,5051,5218
SZ,300797,3.68,5050,5063
SZ,300681,-0.26,5050,6696
SZ,300406,-1.48,5049,6975
SH,603170,-0.23,5048,5048
SZ,003004,1.1,5047,6010
SZ,300036,-1.38,5047,5588
SH,600284,-0.18,5045,5045
SZ,002166,-0.28,5037,5058
SH,688386,1.54,5037,5513
SH,603173,0.1,5035,5035
SZ,002060,-0.3,5032,12089
SH,603196,0.71,5031,8889
SZ,002528,-1.43,5031,5742
SZ,002559,-0.19,5030,6406
SH,688356,0.85,5028,5028
SZ,002066,0.28,5024,5109
SZ,301256,1.36,5021,5021
SH,601002,0,5020,5058
SZ,300586,0.11,5020,6678
SH,688410,0.09,5016,5016
SH,600990,0,5004,5004
SH,688691,-0.64,4999,8221
SZ,002189,-0.41,4999,4999
SH,600569,-0.56,4998,4998
SH,600336,-0.47,4996,4996
SZ,002154,0.48,4992,6173
SZ,002530,-1.36,4991,5595
SH,600279,-0.23,4985,4985
SZ,301265,1.49,4984,6190
SH,603843,-0.55,4981,4981
SZ,000560,-1.38,4981,5017
SZ,002303,-0.95,4979,7886
SZ,300619,-0.48,4978,5913
SH,600495,0,4978,4978
SH,603790,1.09,4975,4975
SH,688225,-0.71,4972,4972
SH,600191,-0.48,4971,4971
SH,600817,0.75,4967,4991
SH,688696,0,4965,4965
SZ,300443,-0.38,4965,6547
SH,688069,-3.23,4962,4962
SZ,002637,-0.36,4961,5019
SZ,301330,-1.33,4957,5700
SH,601789,-1.29,4956,6951
SZ,300878,-1.09,4946,4969
SH,688247,1.21,4946,4946
SZ,301603,1.49,4944,15822
SZ,301051,4.19,4941,6220
SH,600513,-1.81,4938,4938
SZ,002989,-1.61,4936,5030
SZ,301629,0.19,4933,10723
SH,600610,0,4933,7456
SH,600073,0.77,4932,4932
SZ,002334,-0.29,4932,5503
SZ,300692,-1.93,4931,5403
SZ,300461,-1.83,4929,5366
SZ,002033,0.11,4929,4929
SZ,301115,-0.98,4922,6006
SH,603286,0.36,4921,4968
SZ,301160,-0.95,4915,7397
SZ,002570,-0.43,4914,4914
SH,600939,0,4908,4908
SH,600199,-2.85,4907,4907
SZ,300569,-0.61,4905,4919
SZ,300287,-1.58,4904,5339
SH,603598,-1.88,4903,4909
SZ,000852,-0.38,4903,4932
SZ,300249,0.77,4901,6005
SZ,300783,-0.78,4899,7021
SH,688786,-0.2,4895,4895
SZ,301589,-0.47,4894,13128
SZ,000404,-0.41,4892,4914
SZ,301162,0.52,4889,7532
SH,603122,-1.36,4888,4888
SH,600379,2,4884,4884
SZ,002344,-0.77,4882,4887
SZ,002819,-0.23,4881,6151
SZ,000525,-0.22,4881,5720
SH,603511,0.08,4879,4927
SZ,300261,-1.33,4874,4980
SZ,300907,0.44,4872,4872
SZ,002307,0.67,4871,4930
SH,600308,0,4869,4869
SZ,300219,-0.13,4869,4878
SZ,002479,0,4868,4879
SH,600979,-1.25,4867,4942
SH,688379,-1.34,4865,5129
SZ,002238,-0.97,4855,4855
SZ,300518,-0.52,4853,4854
SZ,002483,-0.35,4851,4858
SZ,002642,-1.34,4849,4849
SH,600523,3.99,4849,4852
SZ,002632,-1.05,4848,5272
SZ,002662,-0.3,4845,4845
SH,688389,-1.47,4838,4838
SH,600814,-0.74,4837,4837
SZ,300404,-2.35,4834,6531
SH,601566,0,4833,4833
SZ,002375,0.28,4832,4864
SH,603711,-0.25,4826,4826
SZ,301268,-0.07,4825,5335
SZ,000720,-0.25,4825,4825
SZ,001322,-0.48,4824,5929
SH,603162,0.79,4823,15701
SH,603980,2.45,4819,4819
SZ,300087,1.52,4818,5059
SZ,001328,-0.36,4818,5129
SZ,002526,-0.72,4817,4849
SZ,301045,-0.44,4817,7622
SZ,300491,-1.88,4815,5428
SZ,002651,1.43,4812,8795
SH,600790,-0.9,4808,4808
SZ,300016,-2.05,4807,4973
SH,605286,-6.77,4805,4805
SZ,301179,-0.68,4799,8173
SZ,300292,-1.14,4799,5770
SH,688377,0.64,4795,4795
SZ,301583,-3.91,4795,28843
SZ,300788,-0.93,4792,4792
SZ,301048,-0.32,4789,4789
SZ,300291,-1.71,4789,4851
SH,688580,-0.53,4789,4789
SH,600121,0.26,4788,4788
SZ,300697,2.05,4783,6247
SH,600351,-0.85,4782,4782
SH,688210,0.31,4781,4781
SH,603330,10.02,4779,5084
SH,688512,-0.4,4774,6956
SZ,300147,-3.58,4772,4801
SH,688085,-1.08,4768,4989
SZ,920640,-0.63,4767,4954
SH,603998,0.65,4764,4764
SZ,002322,3.83,4761,4953
SH,600571,-0.37,4761,4850
SZ,001208,-0.52,4752,9518
SH,600756,-2.26,4751,5126
SZ,002418,2.7,4750,4750
SZ,301235,-0.62,4743,6337
SH,603803,0.18,4742,4742
SZ,002455,-0.41,4738,5180
SH,600231,0,4737,4796
SZ,002443,-0.1,4732,4732
SH,603398,-1.08,4731,4731
SZ,300688,0,4727,5333
SH,688238,-2.66,4726,4738
SH,600715,-1.19,4723,6699
SZ,300397,-1.19,4722,5989
SH,603777,0.14,4722,4722
SH,603387,-0.84,4722,4722
SH,688667,-0.67,4721,4721
SZ,002638,-1.4,4721,5014
SH,688719,0.15,4719,6069
SH,603150,1.1,4719,4719
SZ,002482,-0.78,4717,4726
SZ,002291,-1.27,4711,5068
SZ,300785,-1.32,4709,7654
SZ,300755,-2.15,4707,4710
SZ,001317,-0.89,4701,4706
SH,688591,-0.49,4700,6708
SZ,300120,-3.77,4700,5118
SZ,000863,-0.48,4699,4770
SZ,002959,0.24,4691,5230
SH,603912,0.58,4691,4691
SZ,002556,0.2,4689,4693
SZ,301004,0.58,4688,5022
SZ,002165,-0.61,4686,4735
SZ,002892,-0.94,4686,6947
SZ,300871,-4.71,4685,4685
SZ,002481,-0.23,4685,5169
SH,603976,0.44,4683,4683
SZ,002045,-0.94,4674,4680
SZ,300463,-1.85,4670,5744
SZ,000753,-0.41,4670,4670
SZ,002774,-5.57,4669,5579
SH,605368,-0.75,4667,4667
SZ,300388,-1.85,4665,4665
SH,600088,-1.25,4665,4665
SH,600551,-0.28,4665,4665
SZ,002749,-0.69,4665,4769
SZ,300232,-0.37,4665,5724
SZ,002520,-2.25,4663,4877
SZ,300547,0.11,4662,5674
SZ,300123,-1.25,4662,4792
SZ,002523,-0.29,4658,4675
SH,600084,0,4652,4652
SZ,002728,-1.27,4652,4764
SH,603070,0.09,4652,4652
SH,688679,3.21,4651,4651
SZ,300267,-1.2,4651,6745
SZ,002590,-0.52,4648,4874
SH,603916,0,4645,4645
SZ,301367,-0.54,4642,5928
SZ,002880,-0.52,4640,4640
SZ,301458,0.25,4637,10525
SH,605338,-0.81,4636,4636
SZ,300196,0.37,4632,7665
SZ,002543,0.14,4631,5205
SH,688609,-0.85,4630,4833
SZ,002589,-3.96,4629,5101
SH,603222,-1.77,4626,4626
SZ,300802,-1.46,4622,6488
SH,688330,-0.17,4621,4621
SZ,002727,-1.74,4621,6887
SZ,002573,-0.9,4621,4628
SZ,001207,-0.18,4621,4787
SH,688665,-0.43,4620,4620
SZ,301055,0.1,4618,4719
SZ,300702,-1.91,4616,7635
SH,605208,1.08,4613,4613
SZ,002026,-0.18,4612,4612
SZ,002501,-0.75,4610,4615
SZ,300490,-0.67,4605,4668
SH,603767,-0.32,4599,4599
SH,603408,-0.38,4597,4597
SH,600857,0.79,4594,4594
SZ,920576,1.65,4593,4639
SZ,301060,1.51,4592,5107
SZ,002902,1.02,4592,6075
SH,603137,-3.79,4590,4590
SH,600558,2,4587,4587
SZ,000759,0.58,4583,4631
SH,600626,0,4583,4583
SZ,300523,-0.8,4583,4583
SH,603669,2.23,4580,4580
SH,688137,-5.85,4580,4580
SZ,002146,-0.84,4576,5087
SH,688807,2,4576,22880
SH,688551,-0.7,4567,4567
SH,603348,0,4566,4566
SZ,300027,0,4565,4939
SZ,300964,0.36,4557,6210
SZ,000993,-0.79,4557,4557
SZ,000045,-0.88,4557,5050
SH,688196,3.17,4553,4553
SZ,000665,-2.67,4537,4537
SZ,301391,-1.82,4537,4643
SZ,300606,-1.42,4536,5333
SZ,002522,-0.78,4534,4538
SZ,300215,-4.26,4532,4532
SH,600758,0,4530,4535
SZ,300767,0.05,4529,5216
SH,600681,-0.28,4529,4532
SZ,000417,-0.5,4526,4531
SZ,300705,-3.08,4524,6119
SZ,002401,-0.89,4523,4527
SH,688119,1.01,4523,4523
SH,601588,-0.57,4522,5724
SH,688212,3.71,4521,4521
SZ,300429,-0.45,4520,6009
SZ,000779,0.52,4513,4513
SZ,000558,-0.56,4510,4512
SH,603365,0.35,4507,4531
SZ,300711,-1.62,4497,5076
SZ,002478,-0.31,4495,5603
SZ,301325,-0.25,4492,4492
SH,600222,-1.34,4492,4492
SZ,301008,-0.68,4486,5080
SH,603683,-0.37,4485,4532
SH,603528,-0.46,4483,4483
SZ,300968,0.65,4477,4477
SH,603726,0.5,4475,4498
SH,688530,0.75,4472,10257
SZ,301252,-0.14,4472,5576
SZ,002586,-0.71,4470,4703
SH,605300,0.61,4467,4467
SZ,002512,-0.96,4465,4498
SZ,002788,-0.84,4452,4530
SH,600658,-0.49,4452,4452
SZ,300138,-1.23,4449,5396
SH,603681,-0.2,4446,4446
SH,603032,-0.67,4443,4450
SZ,002627,-0.62,4440,4488
SZ,000507,-0.19,4440,4525
SZ,002124,0,4437,4999
SH,600283,-0.12,4436,4436
SH,688646,-3.22,4434,6875
SH,603661,-0.02,4432,4432
SZ,002393,-0.93,4431,4550
SH,601218,-0.21,4428,4428
SZ,300643,-1.07,4425,4435
SZ,002641,0.78,4423,4793
SH,600178,-0.41,4422,4422
SZ,300715,-0.34,4419,5338
SH,603322,0.79,4419,4419
SH,600469,0.19,4417,4646
SH,600976,-1.29,4413,4416
SZ,002454,-0.39,4413,4422
SH,600071,-0.56,4412,4412
SH,603928,-0.68,4412,4412
SZ,000078,-0.58,4410,4420
SH,600714,0.39,4409,4409
SZ,300271,-2.28,4409,4506
SH,688045,0.03,4403,4403
SZ,300368,-8.97,4396,4396
SZ,002707,-0.77,4394,4992
SZ,300917,-1.32,4394,4394
SZ,300737,0,4392,5496
SZ,002059,-0.44,4384,4515
SZ,002370,-2.48,4384,4385
SH,603187,-7.42,4382,4428
SZ,000886,-0.87,4381,4430
SZ,300326,-0.96,4379,4381
SH,688653,0.07,4379,5875
SH,688291,2.06,4376,4376
SH,688236,1.2,4375,5819
SH,600382,-0.62,4375,4375
SZ,301075,-0.52,4372,4372
SH,600101,-0.36,4372,4372
SZ,001283,-0.41,4372,5483
SZ,300189,5.57,4369,5048
SH,688010,0.22,4369,4369
SH,603018,0.57,4366,4366
SH,603060,-0.17,4366,4366
SZ,300791,-5.09,4363,5224
SZ,300105,-1.62,4361,4364
SZ,002746,0.33,4357,5284
SH,600173,-0.79,4357,4357
SZ,002367,-1.61,4354,4372
SZ,002112,-0.53,4353,4886
SH,603206,-0.62,4352,4352
SH,600168,0,4351,4351
SH,688558,2.62,4351,4351
SZ,300018,-1.15,4349,5850
SZ,301007,-0.61,4345,4402
SH,603209,0.6,4343,4391
SH,603611,-0.17,4343,4343
SZ,002884,-0.12,4342,5687
SZ,002161,0,4342,4342
SH,603869,-1.1,4339,4339
SZ,000011,-0.71,4333,4905
SH,603175,-0.52,4328,41596
SH,603015,0.09,4325,4325
SZ,300669,-0.54,4323,4565
SH,601065,0,4319,4319
SH,600880,-0.74,4317,4319
SZ,000821,-0.69,4317,4447
SZ,000819,-0.75,4312,4353
SH,600337,0,4311,4311
SZ,301488,0.52,4311,10521
SZ,002005,-1.19,4310,4311
SH,600152,-0.36,4307,4307
SZ,002480,-1.22,4306,4315
SZ,301058,0.96,4303,4375
SZ,300403,3.48,4303,5921
SH,605577,-0.61,4302,4302
SZ,300091,0,4301,7475
SZ,000428,-0.7,4300,4300
SZ,300632,-0.25,4298,5930
SH,688350,-0.22,4297,4297
SZ,300481,5.26,4296,4322
SZ,300745,-0.71,4294,5086
SH,605086,-0.2,4292,4292
SZ,000718,-1.04,4290,5705
SZ,002876,-0.92,4290,5008
SH,688267,0.16,4289,4289
SZ,003026,0.34,4286,5567
SZ,002765,0,4285,4689
SH,600340,0,4283,4283
SZ,002644,-1.29,4279,4279
SH,603106,-4.63,4279,4279
SH,603324,2.31,4278,4428
SZ,300286,-0.18,4276,5161
SZ,301348,-1.64,4276,5304
SH,603016,-1.39,4270,4270
SH,603261,-1.81,4269,4269
SH,603933,0.05,4267,4267
SH,688061,0.76,4262,4262
SZ,301370,-0.87,4259,4259
SZ,300441,-0.14,4256,4382
SZ,001338,-0.34,4255,4255
SH,600227,0.6,4254,5623
SZ,000521,-0.4,4254,5005
SH,603038,-1.67,4250,4250
SH,603339,-0.06,4249,4249
SH,603165,0.15,4247,4247
SH,600819,0.19,4246,5255
SZ,002427,-1.14,4243,4247
SH,688311,0.08,4241,4241
SH,600609,-0.3,4240,4240
SZ,300434,-3.04,4239,4978
SZ,301116,-0.73,4238,4238
SZ,002886,0.05,4238,5335
SZ,300984,1.88,4236,6572
SZ,300859,-0.79,4232,4232
SZ,002264,-1.36,4231,4679
SZ,300210,-1.23,4227,4227
SH,603121,-0.31,4225,4225
SH,688639,-0.58,4222,4222
SZ,920946,-2.26,4221,4222
SZ,002117,-0.61,4220,4221
SH,603822,-0.62,4210,4210
SH,688429,0,4208,4208
SZ,300847,-1.1,4206,4206
SZ,002321,0,4205,4223
SH,600650,-0.45,4202,5935
SH,605055,-0.61,4202,4202
SZ,300532,-0.99,4202,4418
SH,605088,-0.89,4201,4233
SZ,301280,1.98,4198,8085
SZ,000919,-0.58,4197,4198
SZ,920077,0.14,4194,8143
SZ,002285,-0.92,4188,4225
SH,688595,-1.08,4184,4184
SH,603636,-1.63,4184,4184
SZ,300557,0.07,4184,4205
SZ,002328,-0.94,4183,5657
SH,688583,4.55,4179,11992
SH,688136,-1.19,4175,4175
SH,600076,-0.63,4168,4168
SZ,300096,-0.71,4162,4162
SH,603069,-0.07,4159,4159
SZ,300121,0.21,4157,4310
SZ,300733,-2.33,4155,5636
SH,600127,10.05,4146,4146
SH,603703,2.46,4146,4146
SZ,300246,3.16,4145,5186
SH,600479,-0.99,4143,4873
SH,603615,-0.46,4128,4128
SZ,300793,-0.71,4126,4220
SZ,300355,0,4126,4845
SH,600261,-0.31,4125,4125
SZ,301096,-0.97,4119,5414
SH,603088,0.53,4116,4722
SZ,002843,0.49,4111,4136
SH,603697,-0.2,4110,4110
SZ,300539,-0.73,4109,5056
SZ,300505,0.85,4104,5189
SH,688633,-0.44,4103,4103
SZ,300228,-0.4,4102,4385
SZ,301419,9.97,4102,6206
SZ,300320,-0.34,4101,5080
SH,688286,-2.25,4100,4100
SZ,300901,0.59,4099,4099
SH,603956,-1.9,4098,4098
SZ,300004,-4.25,4094,4094
SH,600135,0,4089,4089
SZ,001288,1.01,4088,6293
SZ,300206,-2.1,4088,7002
SH,603966,0.13,4085,4090
SH,688168,-0.25,4080,4080
SZ,300663,-2.2,4079,4239
SH,688211,-0.31,4077,4077
SH,603978,-0.45,4076,4076
SH,603558,-0.07,4071,4071
SZ,002380,-0.93,4063,6857
SH,688269,1.27,4062,4062
SZ,000655,0.15,4060,4060
SZ,003019,0,4059,4153
SH,603318,-0.22,4058,4903
SZ,300590,-0.17,4058,5242
SZ,300071,-1.82,4056,4135
SZ,002490,-0.12,4052,6160
SH,688133,0.57,4052,4052
SH,600792,-0.26,4051,4051
SZ,300061,-1.21,4044,4283
SH,603167,-0.22,4044,4044
SH,603095,4.62,4037,4037
SH,605268,-0.1,4035,4035
SH,603081,-0.3,4035,4035
SH,603271,0.23,4035,8452
SZ,300318,-1.35,4033,4158
SH,603178,-1.66,4031,4031
SH,688186,-0.47,4031,4031
SH,603058,-0.5,4031,4031
SZ,300421,-0.39,4030,5146
SH,600725,0,4030,4030
SH,603072,-0.4,4028,8433
SZ,002612,-1.55,4026,6999
SZ,000782,-1.29,4024,5232
SZ,002560,-0.77,4022,4669
SZ,300571,0.49,4021,4851
SZ,002160,0.26,4020,4028
SH,603918,-2.56,4020,4020
SH,603035,-0.35,4019,4019
SZ,301168,-0.23,4018,5059
SH,603429,1.59,4018,4018
SZ,002950,-2.19,4017,5921
SZ,300893,-0.8,4014,7568
SH,603676,-1.38,4012,4012
SZ,301003,-0.29,4012,5186
SH,688215,0.75,4005,4005
SZ,300639,-0.93,4002,4105
SZ,002449,0,4002,4002
SZ,002693,-2.2,3995,4031
SH,688023,-1.6,3990,3990
SH,603519,-1.57,3990,3990
SZ,301517,-0.33,3986,6180
SZ,300022,-1.22,3983,3984
SH,603085,-0.39,3983,3983
SH,603090,0.05,3982,3982
SH,603607,0,3981,3981
SZ,000096,0.13,3980,4113
SZ,300963,-0.83,3976,5421
SZ,000626,2.47,3969,3987
SH,600520,-0.43,3967,3967
SH,600628,-0.8,3965,3965
SZ,002628,-5.39,3965,3982
SZ,300111,-1.27,3965,3965
SH,601368,0,3965,3965
SZ,002562,-0.4,3962,5566
SH,600505,-0.63,3959,3959
SZ,300882,-0.66,3955,4250
SZ,301201,-0.91,3954,5636
SZ,301376,-1.53,3952,8214
SH,603967,-0.08,3952,3952
SZ,300183,-0.46,3951,4927
SZ,300943,3.28,3951,6035
SH,605028,0.04,3949,3949
SZ,300508,4.33,3949,5246
SZ,002040,0.12,3947,3947
SZ,000526,-1.65,3947,3959
SZ,300662,-0.19,3946,3958
SH,688298,-0.55,3945,3945
SZ,300712,-0.46,3944,3961
SZ,301602,-0.04,3939,8091
SH,603421,0.5,3933,3933
SZ,000816,-0.35,3930,3950
SZ,002772,0.86,3928,3961
SZ,301186,0.41,3924,4173
SH,603679,-1.2,3922,3922
SH,603719,0,3920,3920
SH,688785,0.48,3913,19557
SZ,000882,-0.68,3912,3914
SZ,300231,0.8,3909,3909
SZ,301102,-0.2,3906,3906
SZ,002116,-0.55,3904,3952
SH,603520,-1.1,3902,3902
SZ,300541,-0.58,3900,4322
SH,688489,-1.18,3897,3927
SZ,300873,0.48,3897,5369
SH,600798,0.94,3897,3897
SZ,000520,0.26,3897,3897
SH,605058,0.26,3895,3895
SZ,002677,-0.83,3894,4561
SH,600526,0.45,3894,3963
SZ,300349,-0.37,3893,4393
SH,603239,-0.41,3893,3893
SZ,000599,-0.2,3888,11629
SZ,002986,-3,3888,4896
SH,600727,0.27,3885,3885
SZ,002582,2.08,3883,5050
SH,600067,-0.35,3883,3883
SZ,300290,0.17,3882,3883
SH,688039,-1.26,3881,3881
SZ,002088,-2.9,3881,3907
SH,688459,-0.24,3878,3878
SZ,300758,-1.27,3878,4302
SH,603113,0.44,3878,3878
SH,600860,1.87,3876,4780
SZ,301187,-1.03,3875,3875
SZ,002564,-1.09,3874,3874
SH,603689,-0.53,3874,3891
SZ,301479,-1.92,3871,6762
SZ,002930,-0.33,3866,4085
SH,688571,-0.54,3864,3864
SZ,300588,-0.31,3862,4182
SH,603716,-1.55,3857,3857
SZ,920239,-0.78,3855,3902
SH,603138,0.07,3852,3923
SZ,001380,-0.35,3852,4483
SZ,301322,-1.15,3851,5711
SZ,920139,-0.8,3848,3983
SZ,301169,0.83,3847,3849
SZ,300522,-1.74,3844,4711
SZ,300332,-0.62,3843,4010
SZ,002584,-0.48,3841,4799
SZ,300880,-0.65,3840,3840
SZ,301408,-1.98,3833,6696
SH,603315,-0.65,3832,3832
SH,603020,-0.38,3832,3832
SZ,002973,1.52,3831,4929
SZ,000850,-0.48,3830,3831
SZ,000523,-1.02,3830,5305
SZ,301257,-2.73,3828,4016
SZ,300351,-0.06,3825,5647
SZ,300478,-0.29,3820,3820
SH,603316,1.76,3816,3899
SZ,000016,-0.82,3816,5755
SZ,002786,-0.76,3815,3826
SZ,002197,-0.69,3813,4387
SZ,002406,-0.14,3806,4944
SZ,300317,-2.54,3805,3811
SH,603926,-0.65,3802,3837
SZ,300471,-3.14,3800,4767
SZ,000716,1.38,3796,3885
SZ,300194,-1.99,3796,4664
SH,688768,0.3,3794,3826
SH,605189,-1.48,3788,3788
SH,605162,-1.26,3786,3786
SZ,002177,-1.76,3785,4217
SZ,300424,2.29,3783,3785
SH,600960,-0.24,3783,3783
SH,600333,0,3782,3782
SZ,300044,-0.18,3777,4033
SH,688588,-0.71,3775,3775
SZ,301315,-1.98,3775,3775
SH,600800,-5.28,3773,3774
SZ,300629,-1.01,3772,4375
SH,600568,0,3772,4504
SZ,300809,0.4,3770,6349
SZ,002724,-2.05,3770,5123
SZ,300936,0.19,3769,5977
SZ,300553,0.82,3766,4914
SH,605337,-0.09,3764,3764
SH,603291,-0.1,3762,3762
SZ,002035,-0.81,3762,4077
SZ,000906,-0.18,3759,3804
SH,600527,-0.45,3758,3758
SZ,300200,-1.22,3756,3818
SZ,300506,0,3754,7285
SH,688075,-0.6,3753,3753
SH,688199,-0.12,3749,3749
SZ,002554,-0.34,3747,3748
SZ,002162,-0.48,3747,3752
SH,600794,0.65,3744,3744
SZ,301016,0.71,3743,3904
SZ,920522,-0.91,3741,4510
SZ,002849,1.3,3740,3771
SZ,301421,0.21,3739,9344
SZ,300572,2.23,3738,4722
SH,605369,-0.69,3737,3737
SZ,300911,-1.53,3735,3997
SH,605186,-0.89,3735,3735
SH,601113,-0.28,3732,4577
SZ,000007,0.28,3728,3728
SH,688302,-1.59,3723,3723
SZ,301085,0.05,3722,5482
SH,688299,-0.14,3722,3722
SZ,300299,-1.81,3716,3721
SH,600805,0,3716,3718
SZ,300055,-0.67,3715,4912
SH,688606,-0.5,3715,3715
SZ,002228,0,3713,3725
SH,600824,-0.55,3710,3710
SH,601188,0,3708,3708
SZ,000797,-0.83,3706,3707
SZ,301259,1.87,3706,5779
SZ,301398,0.03,3706,3801
SZ,002225,-0.25,3705,4405
SZ,301630,-0.14,3704,9886
SZ,002766,-3.99,3702,3715
SZ,300380,-1.01,3701,4023
SZ,000532,-0.54,3700,3713
SH,688399,-0.52,3698,3698
SH,603396,1.64,3697,3697
SH,605378,-0.06,3695,3695
SZ,002333,-0.53,3692,3739
SZ,002596,-0.3,3692,3695
SZ,002248,1.87,3690,3690
SH,605158,0.7,3687,3687
SZ,002187,-0.93,3687,3687
SZ,300686,0.35,3684,3709
SZ,300243,-2.6,3677,4596
SH,603903,1.98,3677,3677
SZ,300010,-0.44,3676,4567
SH,603109,0.11,3669,3669
SZ,300448,-1.03,3669,3863
SZ,002927,0.18,3668,3709
SH,603725,-1.63,3667,3667
SH,603655,0.14,3667,3667
SH,688590,-1.35,3665,4074
SZ,000659,-0.34,3664,3664
SH,688163,1.62,3662,3662
SH,603232,-0.49,3659,3679
SH,600734,0,3659,3660
SH,603390,0,3655,3661
SH,600506,-0.53,3655,3655
SH,603657,1.81,3654,3654
SZ,300654,-0.47,3650,3789
SH,600830,-0.24,3648,3648
SZ,002090,-0.64,3647,3669
SZ,001238,0.48,3646,3897
SH,605388,-1.13,3645,3645
SH,603126,-0.16,3645,3645
SZ,301017,-2.35,3642,5711
SZ,301234,-0.1,3637,6156
SH,600729,-0.67,3636,8320
SZ,301038,-0.84,3630,3630
SZ,000903,0,3629,3657
SZ,300068,-0.46,3628,3818
SZ,002172,4.41,3627,3630
SZ,002469,0.52,3626,3744
SH,603199,-0.29,3626,3626
SZ,300656,-2.71,3625,4596
SZ,002305,-1.41,3624,3625
SZ,300248,-0.88,3624,4220
SZ,920809,0.13,3622,4727
SZ,000505,1.96,3617,4158
SH,688607,-0.93,3613,4014
SZ,300683,-3.26,3613,3874
SH,600980,0.37,3613,3689
SZ,002412,-0.95,3609,3648
SZ,301246,-0.27,3607,8484
SH,603706,0.16,3600,3600
SZ,002457,0.28,3599,3602
SH,600576,-0.9,3599,5747
SZ,300414,0.18,3595,3713
SZ,300652,0.33,3590,4000
SH,603639,0.38,3589,3692
SH,603313,-0.78,3589,3589
SH,688157,1.54,3585,3585
SH,603116,0,3584,3584
SZ,002107,-2.17,3583,3619
SZ,300333,-5.13,3582,3595
SH,603898,0.85,3582,3582
SH,603551,0.21,3579,3624
SH,603566,-0.18,3578,3578
SZ,001216,-0.81,3578,4254
SH,688636,-0.28,3576,3576
SZ,300736,-0.61,3572,3664
SZ,300402,0.21,3571,3618
SZ,002676,-0.59,3571,3571
SZ,300453,-1.58,3570,5179
SZ,002095,-0.97,3569,3584
SH,688283,0.38,3568,3568
SH,603139,0.71,3565,3799
SH,688373,-1.62,3563,3563
SZ,300521,-0.85,3563,3608
SZ,000713,1.4,3561,4630
SZ,301026,1.78,3559,4928
SH,600579,-0.4,3559,3559
SZ,300749,-1.21,3556,4635
SZ,300345,-0.26,3555,4302
SH,603559,1.03,3555,3555
SZ,002356,0,3553,3553
SZ,002462,-1.37,3553,3556
SZ,300933,-1.36,3551,3551
SZ,300385,-1.92,3540,4058
SZ,002783,-1.02,3537,3830
SZ,300099,-0.15,3537,4483
SZ,002609,-1.15,3533,4954
SH,600262,0.2,3532,3532
SH,688098,-0.22,3527,3527
SZ,300611,-0.62,3527,5019
SH,688602,-0.14,3527,3527
SZ,920799,-0.97,3525,6141
SH,688533,-0.27,3524,3524
SH,603105,-0.41,3520,3520
SZ,301251,0.37,3514,8766
SH,603569,-0.33,3512,3512
SH,688600,-0.52,3512,3512
SZ,300962,-0.36,3511,3511
SZ,301120,-0.18,3511,5802
SH,600581,0,3510,3510
SZ,300545,-0.33,3510,5445
SH,688259,0.61,3506,3506
SH,601599,-0.65,3505,3505
SH,688398,0.58,3501,3501
SZ,000509,-0.9,3498,3498
SZ,300840,-0.34,3497,4740
SZ,000889,-1.22,3497,3764
SH,603577,-0.09,3497,3497
SH,600327,-1.24,3495,3495
SZ,300190,0,3494,3508
SH,605566,0.15,3494,3494
SZ,300213,-3.06,3492,3756
SH,603665,0,3492,3492
SZ,301112,-0.08,3487,3487
SZ,001400,-1.07,3485,6332
SZ,300225,-0.39,3484,3509
SZ,300533,-1.49,3483,4950
SH,600228,0.12,3482,3488
SH,603051,-1.05,3475,3501
SZ,300078,-0.31,3474,3488
SH,688084,-0.83,3466,3466
SH,600834,-0.54,3466,3466
SZ,000965,-0.63,3463,3463
SZ,003032,-0.72,3462,4898
SH,605588,-0.54,3462,3470
SH,605066,-0.57,3462,3462
SH,688339,-0.44,3460,4250
SH,688680,1.9,3457,3457
SZ,301499,-0.15,3456,3456
SZ,002339,-0.68,3456,3640
SH,603309,-1.24,3456,3456
SZ,300812,-2.06,3456,3808
SH,688813,-0.57,3455,18381
SZ,300668,0.81,3454,4171
SH,605303,-0.18,3447,3447
SH,600503,0,3445,3445
SZ,301193,2.13,3442,4502
SZ,920819,-0.34,3441,3481
SH,688033,0.33,3441,3441
SZ,300427,-1.29,3441,3478
SZ,301609,-1.48,3440,5707
SZ,000726,-0.67,3436,4766
SZ,301656,-0.58,3435,40569
SZ,001257,0.16,3433,46027
SZ,300494,-1.25,3430,4223
SZ,300399,-0.62,3428,3428
SZ,000788,-2.03,3427,3427
SH,605398,-0.27,3425,3425
SH,603014,-0.46,3421,14082
SH,688317,2.1,3421,3421
SZ,000868,-0.26,3420,3420
SZ,300050,-0.15,3420,3422
SZ,301448,-1.14,3419,5046
SH,601999,-1.42,3416,3416
SZ,301132,1.46,3414,5337
SZ,300781,-1.08,3414,4626
SZ,300879,-0.81,3411,3435
SZ,301568,1.14,3411,7399
SZ,002474,-1.82,3411,4013
SZ,002822,0,3410,6221
SZ,300894,0,3405,4690
SH,688693,1.76,3403,6446
SH,688053,-0.89,3401,3401
SZ,300241,0.71,3399,4056
SZ,300021,1.3,3397,3977
SZ,300551,-0.49,3394,3404
SZ,301110,-0.68,3391,4822
SZ,300110,-2.04,3390,3393
SZ,300822,-0.84,3390,3654
SH,603958,1.31,3389,3389
SH,601033,-0.69,3389,12708
SZ,301500,1.99,3388,13197
SH,603811,-0.66,3386,3386
SZ,301289,-0.33,3385,3407
SH,603798,-0.59,3385,3385
SZ,300234,2.18,3385,4951
SH,603759,-0.26,3385,3385
SZ,301175,-0.17,3383,8007
SH,600229,-0.77,3383,3383
SZ,300056,-2.76,3382,3385
SZ,002735,-0.49,3381,4451
SH,603948,0.73,3380,3380
SH,600613,9.98,3379,3765
SH,603696,-2.5,3377,3377
SH,688750,0,3377,6706
SZ,002269,-1.36,3375,3618
SH,600467,0,3375,3375
SZ,301076,-0.35,3374,5047
SZ,003037,-0.7,3373,3373
SZ,002667,3.71,3372,3713
SZ,300473,0.22,3367,3862
SZ,300419,-0.53,3365,3365
SZ,002374,-0.63,3364,3364
SH,603813,-0.3,3360,3360
SH,605399,0.37,3359,3363
SH,601366,0,3359,3359
SZ,920179,-0.17,3358,4187
SZ,300154,0.57,3356,4788
SH,603357,-0.32,3352,3352
SZ,000926,-0.92,3351,3393
SZ,300270,-0.53,3350,3888
SH,600843,0.14,3350,5092
SZ,300530,-1.26,3346,3346
SZ,002109,0,3344,3344
SZ,000721,-0.9,3341,3742
SH,688216,0.48,3340,3597
SZ,002037,-0.57,3339,3339
SZ,002055,0.54,3338,3397
SH,600791,0.96,3338,3342
SH,688358,-0.69,3337,3341
SZ,000691,0.19,3336,5004
SH,603630,-0.93,3333,3333
SH,600822,-0.35,3332,4171
SH,603101,-0.55,3330,3330
SZ,000803,2.26,3329,3376
SZ,300603,0,3328,4137
SZ,002395,0.4,3326,3326
SZ,000514,-0.75,3324,3324
SZ,301226,-0.41,3324,3324
SZ,300932,-0.66,3323,4665
SH,603007,-0.41,3323,4228
SZ,300664,-0.64,3321,3448
SZ,300515,-0.23,3319,3385
SZ,002369,-1,3318,3322
SH,600052,-1.99,3318,3318
SH,600318,0,3317,3317
SZ,300160,0.23,3315,3362
SH,600638,-0.8,3313,3313
SZ,002646,-1.13,3313,3335
SH,603648,0.99,3312,3312
SZ,300729,-0.58,3312,3440
SH,603987,-0.91,3311,3311
SH,688522,-0.56,3309,8150
SZ,301682,-0.38,3306,15643
SZ,002362,-1.17,3305,3892
SH,600853,-0.6,3305,3305
SZ,001311,-0.15,3303,7331
SZ,002178,-0.84,3303,3304
SH,600218,0,3302,3302
SZ,002571,-0.8,3299,4335
SH,603815,-0.55,3299,3299
SH,600354,3.82,3299,3299
SZ,300504,-0.78,3298,4095
SZ,000862,-0.37,3297,4819
SZ,002485,-0.65,3297,3297
SZ,000546,0,3295,3678
SH,600716,0,3295,3295
SH,600280,-1.67,3295,3295
SZ,300466,-0.67,3295,3931
SZ,000736,-1.11,3295,3295
SZ,301199,-0.1,3293,3422
SZ,002548,0.99,3290,3387
SH,605077,0.46,3288,3327
SH,605108,-0.93,3279,3279
SH,688370,-0.03,3277,3277
SH,688175,-0.8,3277,3277
SZ,002357,0.19,3276,3276
SH,605138,0,3272,3272
SZ,002686,-2.02,3272,3545
SH,605136,-1.79,3272,3272
SZ,301617,-0.22,3270,8238
SH,600622,-0.45,3269,3269
SZ,301028,-0.37,3268,5038
SZ,300311,-2.87,3267,4096
SZ,000037,-1.62,3267,5811
SZ,001210,1.83,3266,5374
SH,688458,0.11,3266,3886
SZ,002845,-0.52,3263,4271
SZ,000789,0.25,3261,3261
SZ,000668,-3.93,3261,3261
SH,603048,1,3259,3259
SZ,002086,-2.82,3257,4035
SZ,300801,-0.24,3256,5170
SZ,002903,3.35,3255,4710
SH,600679,-0.1,3255,4690
SH,603535,-1.69,3255,3255
SZ,301613,-0.55,3254,5578
SZ,301302,-0.84,3252,3647
SH,600539,-0.62,3252,3252
SZ,301311,-0.28,3252,3252
SZ,300848,-0.3,3248,5490
SH,688338,-0.99,3245,3245
SH,688682,-0.43,3241,3241
SZ,300238,-2.39,3240,3240
SZ,301273,4.42,3239,4221
SZ,300193,-0.25,3238,3677
SH,603230,-1.39,3235,3235
SZ,301468,-0.56,3234,5611
SH,603278,-0.72,3233,3233
SZ,300069,0,3232,3232
SZ,300132,-1.23,3231,3285
SZ,002175,-0.77,3230,3230
SZ,301551,-1.36,3226,8348
SH,600293,-0.7,3225,3225
SZ,920725,-1.05,3225,6663
SZ,002451,-0.8,3223,3235
SZ,300040,-1.57,3223,4008
SZ,300721,0.04,3222,3839
SZ,000607,-1.08,3222,3704
SZ,300622,-0.39,3221,4712
SH,603817,-0.17,3221,3221
SZ,002818,-0.54,3219,8076
SZ,000488,-0.51,3219,5589
SZ,300407,-1.5,3218,4303
SZ,002313,-0.8,3216,3216
SH,603637,-0.29,3215,3215
SH,688171,0.51,3215,3215
SZ,301111,-1.32,3214,3214
SZ,002826,-1.52,3214,3318
SZ,002365,-0.97,3211,3857
SZ,002094,-0.84,3211,3213
SZ,002726,1.29,3210,3212
SZ,001217,-0.6,3210,3242
SZ,301213,0.05,3209,4964
SH,603656,0.11,3207,3207
SZ,300889,0,3207,4825
SZ,001318,0.98,3205,3205
SZ,002021,-0.73,3204,3204
SZ,002575,-2.31,3202,3378
SZ,301223,-0.53,3202,3202
SZ,300578,-0.73,3201,3202
SZ,300746,-1.1,3199,3230
SZ,000609,0.73,3199,3289
SZ,300608,-1.21,3196,3654
SZ,301696,2.63,3195,42481
SZ,300125,-0.55,3193,5893
SH,688618,0.69,3189,3189
SZ,300051,-2.9,3189,3229
SZ,000731,0.35,3189,3189
SZ,300609,-0.81,3188,3193
SZ,300836,0,3185,4653
SZ,300948,-0.43,3184,3373
SZ,300955,-0.9,3183,3183
SZ,301073,-0.43,3182,3481
SZ,003000,-0.57,3182,4658
SZ,920047,-1.5,3181,4844
SZ,002912,-1.05,3180,3347
SZ,300560,-1.27,3178,3906
SH,603210,-0.21,3178,4650
SZ,000931,-1.62,3177,3186
SH,600969,-1.93,3175,3175
SZ,301270,-0.23,3174,3359
SZ,300795,6.67,3173,5452
SH,688722,0,3171,3171
SZ,300826,0.91,3168,3293
SZ,002327,-0.3,3167,5378
SH,603161,-0.47,3166,3721
SZ,002811,-0.87,3165,3449
SZ,920037,0,3164,5176
SH,603500,0.11,3163,3165
SZ,301148,-1.04,3163,6258
SH,603856,-0.26,3162,3162
SZ,002441,-0.62,3157,4313
SH,600192,-0.41,3154,3154
SH,688579,-1.24,3152,3152
SZ,300094,-0.34,3151,3215
SZ,002394,-0.8,3150,3156
SZ,301136,-0.16,3150,3154
SH,601616,0,3150,3150
SH,603600,0,3149,3149
SH,603266,-0.18,3148,3148
SH,688159,1.71,3145,3145
SH,603999,-1.79,3145,3145
SH,600749,-0.49,3139,3139
SH,603739,-1.58,3138,3138
SH,688273,-0.97,3137,3137
SH,603788,0.21,3134,3134
SZ,301042,-1.41,3134,3288
SZ,002137,-0.74,3132,4562
SH,688687,-0.96,3132,3132
SH,603258,-0.83,3130,3149
SZ,001215,0.09,3130,3138
SH,605259,0,3129,3129
SH,605218,-0.19,3129,3569
SH,603527,0.51,3129,3129
SZ,301218,-6.19,3127,5090
SZ,301662,-0.12,3127,8134
SH,688030,-1.19,3125,3125
SZ,000576,0.7,3123,3142
SZ,003020,-0.69,3122,4227
SH,688557,-1.26,3121,3121
SZ,300550,-1.56,3119,3122
SZ,000695,-1.74,3119,3258
SZ,000421,-0.17,3118,3119
SZ,000615,-0.87,3118,6024
SZ,002933,0,3116,3129
SH,688511,-0.46,3116,3116
SZ,002296,-0.77,3113,3491
SZ,300537,-1.76,3111,4248
SZ,300908,-0.03,3110,3692
SH,688229,-0.71,3108,3108
SH,600731,-0.16,3104,3174
SZ,301310,-1.4,3103,9716
SZ,301206,-0.16,3102,4817
SZ,301133,-0.77,3102,3390
SZ,300589,-0.74,3099,4993
SZ,300946,-0.31,3098,6376
SZ,001229,1.21,3096,6021
SH,600053,0.28,3095,3095
SZ,300691,-0.91,3093,3769
SZ,000890,0.27,3092,3092
SZ,300927,0.09,3092,3169
SZ,301305,3.71,3090,6013
SZ,002547,1.82,3082,3147
SZ,300247,-1.02,3079,3079
SZ,300352,-0.81,3075,3494
SH,600215,0.15,3075,3075
SH,600668,-0.66,3072,3072
SZ,002795,-0.97,3071,3123
SZ,300833,0.56,3071,4781
SZ,300867,-0.79,3070,4353
SZ,000151,0,3067,3495
SZ,300816,-1.17,3067,4203
SH,603808,-0.58,3066,3066
SZ,002623,-0.05,3065,3072
SH,688081,-0.66,3060,3060
SZ,000798,-0.23,3058,3059
SZ,002889,-0.8,3058,4596
SZ,300798,-1.3,3055,3713
SH,688335,-0.23,3054,3054
SZ,300864,0.26,3053,3053
SH,688391,2.09,3051,3051
SH,603838,-0.3,3050,3050
SZ,300310,-0.89,3049,3888
SH,603819,-1.4,3048,3048
SZ,301158,0,3046,3124
SZ,002829,-0.94,3045,4333
SZ,301020,-1.18,3045,3045
SZ,301281,-1.71,3044,4646
SH,600265,-1.67,3044,3044
SZ,002542,-1.69,3043,3125
SZ,002168,-0.76,3043,3043
SH,688071,-0.41,3040,3040
SZ,002388,2.21,3037,3039
SZ,300973,-0.88,3023,4318
SZ,300011,-0.16,3023,3609
SZ,300321,-1.21,3021,3025
SZ,002012,0.16,3021,3021
SH,600738,-0.74,3020,3023
SZ,300052,-2.61,3019,3019
SH,601956,-0.6,3015,3015
SZ,920806,-0.78,3013,3013
SZ,300062,-1.93,3011,4139
SZ,002823,-1.59,3011,4421
SZ,300920,0.2,3011,4533
SZ,301172,-0.81,3005,4062
SZ,300135,-0.3,3004,3004
SZ,300032,-0.26,3004,3004
SH,603949,0.42,3002,3009
SH,605068,-2.21,3001,3001
SZ,300877,0.4,3000,3000
SZ,300931,4.35,2999,3730
SZ,300563,-0.45,2997,4308
SZ,002798,-0.84,2997,3408
SH,600594,-1.54,2996,2996
SH,688015,0.06,2996,2996
SZ,003002,-0.54,2991,3272
SZ,300982,-0.57,2986,3187
SZ,002355,-1.01,2986,3229
SZ,001221,-1.03,2986,15536
SH,603201,-0.93,2985,3011
SZ,300600,-0.19,2984,2984
SH,603001,-0.66,2983,2983
SZ,000530,0.2,2983,4191
SZ,300839,-0.56,2982,3034
SZ,003015,0.17,2982,3392
SZ,920125,-0.49,2981,7312
SZ,002692,-1.18,2979,2980
SZ,301393,-0.71,2977,7313
SZ,002347,-0.16,2975,3043
SZ,002282,0,2974,3103
SH,600322,-0.36,2974,2974
SZ,300239,-0.78,2967,2986
SH,603896,-1.18,2966,2966
SH,688070,0,2965,2965
SH,600665,-0.57,2964,2964
SZ,002863,8.81,2961,2961
SZ,300086,-1.6,2961,3058
SZ,300542,-1.39,2961,3571
SH,688479,-0.83,2960,6887
SZ,001218,0.12,2958,3316
SH,600272,5,2957,4854
SZ,003029,-1.28,2957,3251
SZ,002199,0.79,2956,3116
SZ,002148,-1.05,2953,3660
SZ,002921,-0.6,2953,3425
SZ,300381,-1.11,2952,2963
SZ,000710,-2.39,2949,3164
SH,603159,0.05,2947,2947
SZ,300858,-1.56,2946,3966
SZ,300860,-0.8,2943,5069
SZ,300329,-1.34,2942,2951
SZ,002259,-0.25,2942,2942
SZ,000068,0,2939,2939
SH,600620,-0.22,2939,2939
SH,603722,-0.25,2938,3000
SH,603192,-0.56,2937,3523
SZ,002923,-2.06,2934,3808
SZ,301266,-0.04,2932,3091
SZ,300511,0,2932,3441
SZ,002286,0.51,2932,3013
SZ,002587,-0.89,2930,3600
SZ,301313,0.27,2926,3854
SH,688280,-0.52,2925,3317
SZ,002878,-0.71,2925,3249
SH,688056,0.05,2923,2923
SH,600838,-0.54,2922,2922
SZ,300266,-0.52,2920,2921
SZ,002578,-0.58,2919,3182
SZ,300875,-0.47,2918,3319
SZ,002425,-2.45,2917,3033
SZ,300187,-7.34,2916,2931
SZ,002899,-0.09,2915,2915
SZ,920418,-0.58,2914,3017
SH,600530,-0.26,2914,2914
SZ,301068,-0.33,2912,4102
SZ,003023,-1.1,2911,2917
SH,600470,2.2,2905,2905
SZ,001223,-0.28,2902,5432
SZ,300552,-1.64,2902,4578
SZ,002689,0,2899,2900
SZ,300890,-0.52,2899,3171
SZ,300157,-0.99,2893,3031
SZ,002875,-0.36,2893,2893
SZ,000910,-0.93,2889,2890
SZ,300591,-0.59,2888,3343
SZ,002022,-1.22,2885,2886
SH,600684,0,2885,3739
SZ,300237,-0.98,2884,2884
SH,603008,1.56,2880,2880
SZ,002224,0.56,2879,3221
SH,600249,-0.75,2877,2877
SZ,301525,-0.09,2875,5489
SZ,301260,0.36,2875,6767
SH,600212,-0.54,2874,3809
SH,603335,-0.44,2873,2873
SH,600844,0.58,2871,3548
SZ,300410,-0.88,2871,2871
SH,603280,-4.08,2870,2870
SH,605500,0.29,2868,2868
SZ,300818,-0.09,2867,4425
SZ,000838,-3.19,2866,2993
SZ,300945,1.78,2864,3145
SZ,301151,-0.75,2864,2866
SH,688285,0.4,2864,2864
SZ,301608,0.63,2863,6380
SH,600616,-1.37,2863,2863
SZ,001256,-0.1,2863,3819
SH,603006,0.72,2863,2863
SZ,000897,-0.55,2863,2863
SZ,002186,-1.05,2862,2864
SH,688152,-0.59,2860,2860
SZ,002278,-1.23,2860,3097
SZ,300175,0.17,2858,2858
SZ,002976,0.69,2856,4566
SH,688619,1.45,2856,2856
SZ,002403,-0.51,2856,3274
SZ,301631,-1.49,2855,8383
SZ,000809,-0.28,2854,2854
SH,688570,0.26,2851,6560
SZ,002996,-0.15,2851,4164
SH,603310,-0.33,2850,5073
SH,605080,-0.53,2849,2860
SH,600712,-1.11,2844,2876
SZ,002521,-2.01,2842,3797
SZ,003025,0.48,2842,3564
SH,603042,0.07,2841,2841
SH,688589,0.21,2841,2841
SZ,002658,-3.76,2840,5035
SZ,300501,0.1,2833,2843
SZ,002722,0.16,2833,2833
SZ,301121,-0.04,2832,3647
SZ,300163,-2.66,2831,2939
SH,603190,1.02,2831,2938
SH,605169,0.2,2829,2829
SZ,300510,-0.86,2829,2829
SZ,000978,-0.48,2827,2828
SH,603036,1.25,2826,2826
SZ,300584,-1.65,2826,4130
SZ,300272,-2.4,2824,3718
SZ,002846,-0.92,2824,4452
SZ,301066,0.08,2821,2843
SZ,003016,-0.28,2819,2885
SZ,002663,-0.59,2817,2844
SZ,920699,0.44,2814,6151
SZ,003007,-0.63,2814,4636
SZ,000698,4.07,2813,2934
SZ,301082,-0.57,2812,3033
SZ,002314,-0.93,2810,5686
SZ,002748,-0.42,2810,2810
SH,600408,0.36,2809,2809
SZ,301439,-2.16,2807,5961
SH,603970,0.68,2804,2804
SZ,300148,-1.42,2801,2900
SZ,002981,-0.29,2799,3144
SZ,002331,-0.7,2798,2982
SZ,300447,0.22,2798,4338
SH,601112,0.07,2798,26645
SH,600630,-0.44,2796,2796
SH,600419,-0.1,2795,2795
SZ,002866,-3.24,2793,4401
SH,688765,-2.06,2793,13875
SZ,300998,-0.76,2792,3557
SH,600624,-0.23,2792,2792
SZ,300830,-1.3,2791,3740
SZ,300449,-0.95,2791,2791
SH,688314,1.82,2791,2791
SZ,002476,0,2791,2791
SH,603878,-0.39,2789,2789
SH,603079,9.99,2788,2788
SZ,000529,-0.19,2787,2855
SH,605155,0.61,2783,2829
SZ,300810,0.04,2783,2882
SH,603633,-0.3,2783,2783
SH,688500,-1.14,2781,2820
SZ,301255,-0.28,2780,3168
SH,603829,-0.72,2779,2779
SZ,002616,-0.41,2779,4064
SH,600136,-0.68,2779,2918
SZ,301225,1.58,2777,9095
SZ,300279,-0.17,2776,2788
SZ,001388,-0.22,2771,5178
SZ,301081,-1.03,2770,2884
SH,600876,0,2770,4520
SZ,000570,-0.39,2767,3514
SH,605089,-1.08,2767,2767
SZ,001299,-0.19,2767,3073
SZ,300853,0.61,2765,4132
SZ,300562,-0.29,2764,3620
SZ,301092,0.22,2761,6096
SZ,300585,-0.36,2760,2760
SH,600405,-0.43,2758,2758
SH,603151,1.45,2758,2758
SZ,300218,0.24,2758,2767
SZ,000159,0.88,2754,2754
SZ,002054,-0.27,2753,3457
SH,603037,-0.66,2752,2756
SZ,002561,-0.29,2752,2761
SZ,300716,-0.28,2748,2748
SZ,300386,-1.52,2746,4578
SZ,301202,0,2744,4700
SZ,300479,-0.99,2741,2743
SH,688292,-0.62,2741,2741
SZ,300649,1.82,2737,3415
SZ,002323,-0.76,2735,2736
SH,603518,0.13,2735,2746
SH,600785,-1.02,2732,2732
SH,688080,0.87,2730,2730
SZ,301181,-0.67,2730,3498
SZ,300942,-1.74,2730,2730
SH,603585,0.2,2730,2776
SZ,300366,0.19,2727,3123
SH,603030,0.98,2726,2726
SZ,002962,-0.14,2724,3797
SH,601996,-0.81,2724,2724
SZ,300242,-1.37,2722,2722
SZ,300439,-1.26,2722,3574
SZ,000153,-0.16,2721,2756
SZ,300025,1.32,2721,2732
SZ,002072,-0.53,2720,2721
SZ,300615,0.74,2717,3426
SZ,002329,-2.33,2717,3471
SH,603215,-0.13,2717,3114
SZ,002337,-0.21,2717,2719
SZ,300653,-1.75,2716,2716
SZ,002963,1.96,2715,2734
SH,600793,2.95,2714,2714
SZ,002917,-0.37,2712,3619
SH,603955,-0.39,2710,2710
SZ,002659,-1.08,2710,2710
SZ,300425,0,2709,2715
SH,603102,7.22,2708,2708
SZ,301040,2.46,2707,2869
SZ,301296,-0.3,2706,2706
SZ,300020,-0.55,2706,2805
SH,688357,0.75,2706,2706
SH,603839,-0.13,2705,2705
SH,601798,1.19,2705,2705
SH,688727,-0.33,2700,22457
SZ,000972,-2.77,2699,2699
SH,603237,-0.48,2699,2787
SZ,300301,0,2693,2830
SH,603895,-0.43,2691,2691
SH,600257,-0.7,2690,2690
SH,688529,0.5,2689,2689
SH,603586,2.62,2688,2688
SH,603602,-0.84,2687,2687
SZ,300477,0.37,2686,2905
SH,603188,2.61,2686,2686
SZ,000812,-0.55,2684,2685
SZ,301622,-0.13,2684,4812
SZ,300389,-0.72,2682,4510
SZ,301279,-0.81,2679,3460
SZ,001300,-1.34,2679,2679
SZ,300359,-1.85,2679,2679
SZ,002404,-0.33,2679,3293
SZ,001324,-0.25,2679,2679
SZ,002363,-0.3,2677,2685
SZ,300384,-0.64,2674,3876
SZ,301197,-0.15,2674,2964
SZ,300631,-0.44,2673,2748
SZ,002953,-0.51,2672,4670
SZ,301149,-0.5,2663,4377
SH,603066,-0.43,2662,2662
SZ,301337,-0.94,2660,2720
SZ,002905,-1.92,2659,2864
SH,603289,1.23,2655,2655
SZ,000669,-2.25,2654,2654
SH,603331,-0.29,2653,2653
SZ,300230,-0.23,2652,3424
SH,603617,-0.14,2649,2670
SH,688367,-0.06,2649,2649
SZ,300374,-1.27,2648,2648
SH,603080,0.65,2647,2647
SZ,300445,0.21,2647,4000
SH,603677,0.07,2646,2646
SZ,301222,0.73,2646,3483
SH,600358,-0.75,2641,6083
SZ,000017,-0.16,2641,4128
SH,600250,-0.58,2640,2640
SZ,300426,-2.36,2636,2968
SZ,002952,-0.14,2636,3290
SZ,300991,-1.4,2633,4116
SH,688828,-2.04,2630,40401
SH,603768,-0.26,2629,2629
SH,600356,-0.1,2629,2900
SZ,301535,0.13,2628,6584
SH,605166,-0.82,2628,2628
SZ,920068,0.2,2628,9919
SZ,002453,-0.67,2628,3542
SZ,000419,-1.01,2626,2626
SZ,002816,-1.42,2624,2624
SH,603017,0,2624,2624
SH,603797,-2.56,2624,2624
SZ,300162,-0.51,2621,3213
SZ,002687,-3.05,2621,3200
SZ,301122,-1.16,2619,4233
SZ,300095,-0.11,2618,3250
SH,603202,-0.32,2616,8336
SH,600537,-0.44,2616,2616
SH,603863,-1.38,2615,2615
SZ,002853,-1.49,2614,3715
SH,603107,-0.32,2614,4041
SZ,001369,-0.62,2612,14441
SZ,300141,-1.34,2607,2640
SH,600538,-0.59,2605,2605
SZ,002682,-0.21,2604,2604
SZ,301072,-1.11,2601,4069
SZ,002769,-0.56,2600,2602
SZ,002613,-0.58,2600,3698
SH,600735,-0.96,2600,2620
SH,688296,0.88,2599,2599
SH,600289,1.1,2598,2897
SH,601007,-0.44,2597,2597
SH,603779,-0.25,2597,2597
SH,600661,-1.19,2596,2596
SH,603076,-0.13,2595,2595
SZ,300921,0.69,2592,4110
SH,600671,-1.88,2591,2591
SZ,300577,-2.66,2587,4365
SZ,300536,-0.1,2584,2584
SZ,301387,1.92,2582,6491
SH,605033,-2.54,2581,2581
SH,605266,-1.17,2581,2581
SZ,301046,-0.49,2578,3338
SZ,002983,0.3,2576,4432
SZ,000019,3.51,2576,7134
SH,603089,10.05,2576,2958
SZ,301119,-0.76,2575,3184
SZ,002103,-1.18,2573,3542
SZ,002330,-0.24,2572,2573
SH,600833,-1.44,2572,2572
SZ,300636,-1.12,2572,2940
SZ,301190,-0.43,2570,3855
SZ,000565,-0.33,2567,2567
SZ,300647,-2.42,2566,2570
SH,603373,-1.86,2566,6073
SZ,002136,0,2561,2567
SH,600381,-1.12,2560,2560
SZ,300334,-0.69,2558,2558
SZ,300555,0.31,2558,2584
SZ,300288,-1.18,2555,3366
SH,603917,0.08,2552,2552
SZ,301380,-0.65,2551,3203
SH,601010,0,2550,2550
SH,603801,-1,2550,2550
SH,688455,0.46,2549,2549
SZ,002712,-1.45,2548,2564
SZ,301221,-0.27,2544,3742
SZ,002871,-0.75,2538,4282
SZ,300452,-1.38,2537,2994
SZ,301528,1.41,2536,4920
SH,688468,-0.77,2535,2535
SZ,920190,-0.81,2535,2549
SZ,000790,-1.68,2534,2539
SH,605151,0.11,2532,2532
SH,688246,-1.44,2532,2532
SZ,300281,0.31,2531,2669
SH,603886,0,2530,2530
SH,603189,-0.31,2528,2528
SZ,300952,0,2526,4108
SZ,301632,-1.64,2526,5751
SZ,002098,-0.55,2524,2524
SZ,300582,-0.34,2524,3400
SZ,920571,2.16,2523,4732
SZ,920491,-0.85,2523,3074
SZ,002861,-0.52,2515,3120
SZ,300269,-0.61,2513,2615
SZ,301531,0.73,2512,11776
SZ,300789,0.56,2512,2589
SZ,300103,0.38,2510,2512
SH,600858,0,2510,2522
SH,688026,-1.69,2509,2510
SZ,301027,1.72,2509,3043
SH,688203,4.04,2505,2505
SZ,301669,1.53,2501,14659
SZ,300264,0.45,2500,2908
SZ,301565,-0.55,2499,7808
SZ,301002,-0.7,2498,3966
SH,603059,-0.67,2495,2499
SH,688129,-0.37,2495,2495
SZ,002660,-0.54,2494,2593
SZ,002869,-0.62,2493,2801
SZ,002700,-0.15,2493,2519
SZ,301178,-0.21,2493,3379
SZ,000707,0,2489,2643
SZ,300978,-1.24,2489,3665
SH,603320,0.42,2488,2488
SZ,301356,-0.45,2487,4240
SZ,301025,-1.85,2486,3591
SZ,300092,0.51,2485,3243
SH,600560,0,2485,2485
SH,603909,0.85,2482,2482
SZ,002806,0,2481,3028
SZ,300354,-0.61,2481,4220
SZ,300667,0.28,2481,2941
SZ,000715,-0.77,2480,2756
SH,603836,0.11,2480,2544
SZ,002813,-0.04,2477,2479
SZ,301592,-1.15,2476,7421
SH,603828,-0.23,2473,2473
SZ,300464,0.29,2472,3252
SH,603375,0.68,2471,3900
SZ,000430,-0.29,2468,5392
SZ,002599,-0.99,2468,3227
SZ,000692,1.09,2467,2467
SZ,001282,-0.54,2467,3588
SZ,002593,-1.34,2466,3537
SH,688718,1.28,2466,2466
SH,603818,-0.82,2465,2465
SH,603488,-0.11,2464,2464
SZ,301563,0.63,2463,10895
SZ,001333,0.42,2463,2463
SZ,002868,0.79,2461,3561
SZ,301397,-0.44,2460,5380
SZ,001219,-0.14,2459,2521
SZ,920402,0.11,2459,3803
SH,603378,0.17,2456,2456
SZ,002855,-0.49,2455,2457
SH,600302,-1.66,2450,2450
SZ,300275,-2.69,2449,2778
SH,600463,-0.48,2448,2448
SZ,300173,0.3,2447,2447
SZ,300250,-1.39,2445,3320
SZ,000545,-0.39,2444,2447
SH,603086,0.54,2444,2444
SZ,300829,3.93,2444,3543
SZ,300824,-1.02,2443,2500
SZ,002442,0,2438,2497
SZ,301106,-1.03,2437,2437
SZ,000014,-0.29,2437,2437
SH,603880,4.85,2437,2437
SZ,002398,-1.21,2435,2794
SZ,920019,0.48,2434,3055
SZ,300701,-0.3,2433,2698
SZ,300460,0.46,2432,2432
SZ,002729,-0.13,2430,2534
SZ,002574,0.88,2429,2429
SZ,300730,-1.75,2425,2829
SZ,300898,-0.13,2423,2619
SZ,000752,0.44,2421,2421
SH,605199,0,2421,2421
SZ,002184,0.4,2421,3544
SH,603136,-0.21,2420,2420
SZ,301628,2.27,2420,6543
SH,688597,-1.5,2416,2416
SZ,300988,0.13,2414,2933
SZ,300172,-0.21,2413,3120
SZ,002343,-1.16,2411,2411
SH,688560,-0.07,2410,2410
SH,688369,0.05,2409,2409
SH,603332,-0.53,2408,2408
SZ,001230,4.24,2406,4109
SZ,301108,-0.85,2405,4176
SZ,300796,0.76,2405,2405
SH,605258,0.04,2403,2403
SZ,300097,2.36,2401,2695
SZ,301665,-0.42,2398,10359
SZ,300849,0,2397,3261
SZ,002431,0,2397,2397
SZ,301088,-1.31,2397,2906
SZ,300993,-0.19,2397,3054
SZ,001260,-9.98,2394,2394
SH,600573,-1.13,2393,2393
SZ,301596,-0.1,2391,5892
SH,688310,-0.2,2391,2391
SZ,002661,0.39,2390,2510
SH,688517,4.67,2389,2389
SZ,920002,-0.14,2389,3412
SZ,920510,2.58,2388,4676
SH,600319,0.16,2388,2388
SZ,000586,-0.15,2388,2416
SZ,301707,-0.43,2388,36296
SZ,300965,0.32,2387,2647
SZ,001376,-1.23,2387,5139
SZ,300411,3.9,2386,3138
SH,603096,1.31,2386,2386
SH,603180,-1.01,2385,2385
SH,688066,0,2383,2383
SH,688197,-0.74,2382,5535
SZ,002932,0.53,2382,3548
SZ,300583,-0.69,2381,2426
SZ,300658,-0.36,2381,3587
SZ,000055,-0.27,2379,3780
SZ,002767,0.39,2378,2738
SZ,001201,0.34,2377,3042
SZ,301118,0.04,2376,2470
SZ,002857,-0.15,2375,2413
SZ,301658,0.21,2373,10045
SZ,300891,-0.41,2371,2844
SZ,301283,0.97,2371,3016
SZ,300805,-1.66,2370,3489
SH,688178,-0.38,2365,2365
SZ,300956,-0.43,2365,2421
SZ,002058,-0.71,2364,2370
SZ,002391,0,2362,3306
SZ,301317,-0.47,2361,7110
SH,603937,-0.61,2360,2360
SZ,001368,-0.49,2359,2469
SH,603557,-1.3,2357,2357
SZ,301258,-0.33,2355,2424
SZ,300690,-0.46,2352,3486
SZ,002879,-0.74,2352,3312
SZ,002828,-0.67,2352,2352
SZ,301290,0,2352,2960
SZ,002114,0.14,2351,2351
SZ,002069,-0.59,2351,2354
SZ,002825,-1.6,2348,3129
SZ,001367,-0.4,2346,2939
SZ,300235,1.05,2346,2908
SH,603578,1.56,2345,3043
SH,688113,1.03,2343,2343
SZ,301059,-0.69,2342,2621
SZ,301262,-1.33,2341,7998
SZ,300884,-0.96,2341,3105
SZ,301195,-0.92,2340,3525
SH,603721,-0.43,2339,2339
SH,600359,0.82,2339,2339
SZ,000573,-0.26,2336,2355
SZ,300512,-0.54,2335,2951
SH,603382,-3.43,2335,3665
SZ,300916,-1.22,2334,3615
SH,603787,-0.28,2334,2334
SZ,000635,-0.46,2333,2507
SZ,301125,0.15,2333,2632
SH,605003,-0.04,2332,2332
SH,603700,0.78,2332,2332
SZ,300800,0.4,2329,2353
SH,600854,0,2327,2327
SH,600753,-0.48,2326,2326
SZ,300340,-0.81,2324,2342
SH,603536,-0.09,2321,2321
SZ,300786,0.19,2320,2917
SH,688244,-0.18,2320,2320
SZ,002420,-0.51,2319,2357
SZ,300198,-1.73,2315,2331
SH,600182,0,2314,4627
SZ,002377,-0.74,2312,2428
SZ,001205,0.8,2311,2609
SZ,301588,0.06,2310,3743
SH,600491,1.34,2310,2310
SZ,300694,0,2309,2312
SZ,300211,-1.02,2304,2346
SZ,002576,-0.48,2304,2348
SZ,300987,-1.84,2302,2302
SH,600540,2.59,2302,2302
SZ,002397,0.85,2300,2655
SZ,002234,0,2300,2663
SH,603755,0.34,2296,2296
SZ,300513,0.14,2295,2296
SH,600232,-0.62,2294,2294
SZ,000955,-0.69,2293,2294
SZ,002890,-0.13,2291,2411
SH,603183,-0.42,2287,2287
SH,688721,0.07,2283,5527
SH,688623,-1.01,2282,5495
SZ,002702,0,2280,2762
SH,600281,0.45,2279,2279
SH,688201,-0.68,2277,2277
SZ,002723,-0.27,2276,2386
SZ,300808,-0.56,2273,3059
SH,603023,0.25,2272,2272
SZ,301089,-1.17,2271,3176
SZ,300013,-0.24,2270,2273
SZ,300732,-0.32,2269,2272
SZ,002763,-0.79,2268,3062
SH,605069,-0.18,2267,2267
SZ,002836,-0.5,2267,2267
SZ,002908,-1.53,2266,3037
SZ,000757,-0.46,2264,2264
SZ,000554,0.48,2264,3008
SZ,002319,-0.91,2262,2262
SZ,300484,0,2261,2815
SZ,301331,-1.29,2258,2264
SH,603922,0.8,2258,2258
SZ,301185,-1.5,2258,2498
SZ,300989,-0.49,2256,2916
SH,688648,0.03,2256,4412
SH,600423,0.36,2252,2252
SZ,301079,-0.84,2252,3175
SZ,300922,-0.16,2249,2866
SZ,000953,-0.48,2248,2248
SH,600239,-0.7,2248,2248
SH,603356,1.02,2245,2245
SZ,300771,-0.07,2241,2844
SZ,300112,-0.94,2241,2715
SZ,002820,9.96,2240,2240
SZ,300107,0,2239,3624
SZ,002771,-1.07,2236,2687
SH,603407,-0.74,2232,25349
SZ,301117,-1.02,2231,3483
SZ,300565,0.1,2230,2440
SZ,301077,-2.86,2229,3970
SZ,002742,-0.46,2227,2907
SZ,002295,0.34,2226,2228
SZ,001259,-0.31,2225,3444
SZ,300940,-0.41,2224,3144
SH,688737,2.31,2222,2222
SZ,300599,1.46,2221,4230
SZ,002852,0,2218,2669
SZ,000548,-0.44,2217,2217
SZ,300774,0.18,2214,4435
SH,688755,-0.99,2212,3169
SH,605001,0.36,2212,2212
SH,688272,0.34,2211,2211
SZ,002900,-1.5,2209,4337
SZ,300295,0.69,2208,2497
SZ,920344,-1.86,2205,2362
SH,688355,1.54,2205,2205
SZ,300703,-1.26,2201,2388
SZ,002492,-0.89,2200,2240
SZ,001228,0.66,2198,2858
SZ,300980,0.04,2196,3083
SZ,002762,1.96,2194,3675
SZ,000679,0.49,2192,2192
SZ,301019,-0.25,2187,2983
SZ,300612,-1.39,2186,2198
SZ,301011,-0.46,2184,2300
SZ,001211,2.32,2183,2339
SH,688581,-1.02,2180,4275
SH,603176,-0.2,2180,2243
SZ,002864,-1.33,2179,3021
SZ,002887,-1.66,2179,3069
SH,600187,0.75,2179,2179
SZ,002775,0.82,2172,2409
SZ,002633,0.07,2169,2175
SZ,002076,0,2168,2307
SH,603238,0.16,2167,2167
SH,603321,0,2167,2195
SZ,301220,0.04,2162,3131
SZ,300165,-1.33,2162,2547
SZ,002671,0,2161,2201
SH,600965,1.93,2161,2161
SH,603377,-0.32,2161,2161
SZ,001365,-0.41,2161,19730
SZ,300422,-1.87,2160,2232
SH,688251,-0.45,2157,2172
SH,600148,-0.25,2157,2157
SZ,002614,-0.6,2153,3044
SH,603326,-0.14,2151,2151
SH,688426,0.21,2150,2155
SZ,002799,-1.17,2147,2147
SZ,000952,-1.1,2147,2147
SZ,300902,0.53,2146,3127
SZ,300546,-1.23,2145,2984
SH,600371,3.09,2145,2145
SZ,300637,2.12,2144,2146
SZ,300205,-1.38,2142,2142
SH,600768,1.2,2141,2141
SZ,002848,-0.38,2139,2161
SH,603381,0.33,2138,3568
SZ,002991,-0.11,2137,3990
SZ,002732,-0.28,2137,2148
SZ,920017,-1.52,2136,2159
SH,605180,-0.54,2133,2133
SZ,000590,-1.21,2133,2134
SZ,300929,1.13,2132,2248
SZ,301161,0.25,2130,3311
SH,688613,0.06,2128,2128
SH,600892,0.8,2125,2126
SZ,300970,0.23,2125,2753
SZ,002918,-0.49,2125,4055
SZ,300710,0.21,2124,2833
SZ,301212,-0.21,2123,2446
SZ,002998,-1,2123,2785
SZ,002942,0.2,2123,2379
SZ,300778,-0.66,2120,2120
SH,603182,0.08,2119,2119
SH,600241,-0.4,2119,2119
SZ,300960,0,2117,2335
SH,688811,-0.6,2114,11513
SZ,001332,0.19,2114,4865
SH,603193,-1.01,2113,8274
SZ,001390,-0.05,2113,3558
SH,688038,0.39,2112,2112
SZ,300509,-0.69,2110,2531
SZ,300387,0.83,2109,2110
SZ,300375,0,2109,3026
SZ,300947,-1.26,2109,2110
SH,600615,-0.1,2108,2112
SZ,002679,-0.21,2108,2108
SH,688013,-0.98,2106,2106
SZ,300412,-0.21,2105,2240
SZ,920060,0.23,2103,3372
SH,603968,0.39,2102,2102
SZ,300673,-1.05,2102,3240
SH,600774,-1.92,2100,2101
SZ,002666,-0.94,2098,3302
SH,603329,-0.96,2097,2541
SZ,000605,-0.66,2095,2095
SH,600439,-0.53,2094,2094
SZ,920961,2.74,2093,2835
SZ,301599,0.58,2091,16496
SZ,300753,-2.57,2090,2997
SH,605177,-1.01,2089,2109
SZ,002105,-1.2,2088,2099
SZ,300106,0.51,2088,2088
SH,603285,-0.58,2087,5360
SZ,300665,-0.51,2086,2197
SZ,300844,-0.63,2085,2163
SH,688657,1.36,2084,3331
SH,603900,0.66,2084,2085
SZ,300719,-0.5,2083,2949
SZ,300597,-0.12,2079,2088
SH,603177,-0.48,2079,2079
SH,603616,0,2075,2091
SZ,301335,6.01,2074,2998
SZ,001360,3.44,2073,3370
SZ,300074,-0.78,2073,2075
SZ,002696,-0.95,2072,2144
SH,600802,0.44,2071,2071
SH,600107,0.88,2070,2070
SZ,002622,-1.98,2066,2066
SH,600287,-0.62,2066,2066
SH,688132,0.37,2064,2064
SH,688060,-1,2062,2062
SZ,002253,-0.4,2060,2213
SZ,301332,0.39,2058,3586
SZ,301198,-0.15,2058,2143
SZ,301067,1.35,2055,3130
SH,603982,0.33,2054,2209
SZ,300305,-1.38,2054,2399
SZ,002486,-1.95,2051,2061
SZ,301208,2.84,2050,3649
SZ,300240,-0.69,2049,2096
SH,603168,-1.07,2049,2058
SH,600807,0,2046,2300
SZ,301428,-0.73,2046,2899
SZ,920111,1.34,2046,4216
SH,688156,0.59,2046,2046
SZ,301041,0.78,2045,2763
SH,600097,-1.39,2043,2043
SH,600159,-0.8,2042,2042
SH,603385,-0.55,2040,2040
SZ,002656,-0.33,2039,2116
SZ,301557,-0.27,2037,5080
SZ,001266,0.09,2036,3629
SZ,300350,-0.45,2032,2422
SH,603825,-0.98,2032,2032
SZ,300854,1.89,2027,2486
SZ,300575,-0.5,2026,2800
SZ,000020,-0.35,2025,3166
SZ,300883,0.16,2024,2118
SH,688096,-1.13,2022,2022
SH,600238,1.34,2022,2035
SH,603282,0.67,2018,2018
SZ,300966,-0.29,2018,3034
SZ,002652,-0.5,2018,2018
SZ,300897,-0.71,2017,3231
SZ,300335,-0.56,2017,2504
SH,600444,0.36,2016,2016
SH,600128,0,2016,2056
SZ,300787,-1.24,2014,3213
SH,688716,-0.09,2014,3504
SZ,300967,0.12,2010,3022
SZ,002524,-0.5,2007,2030
SZ,300254,-1.88,2003,2266
SH,603041,0.28,2000,2000
SZ,920178,1.69,1999,6846
SH,603810,-0.16,1999,1999
SZ,002551,0.31,1999,2765
SH,603270,-0.24,1998,6192
SZ,000985,-0.76,1996,1996
SZ,000633,-0.18,1995,1995
SZ,002995,-0.55,1994,3148
SZ,002715,0,1994,1994
SZ,002999,-0.16,1993,2016
SZ,002873,-1.06,1992,2029
SH,688759,-1.87,1989,12435
SZ,920978,-0.24,1988,3547
SZ,002615,-1.19,1986,3678
SZ,920405,-0.63,1986,2549
SZ,300396,-0.67,1982,1985
SZ,300314,12.21,1981,3969
SZ,300423,1.72,1976,2950
SH,603028,0.29,1972,1992
SH,605336,-0.91,1972,1972
SZ,002800,0.08,1971,2030
SH,600235,-0.52,1967,1967
SH,688193,0.53,1965,1965
SH,600706,0.26,1964,1972
SZ,300807,-0.49,1963,2572
SH,688670,-0.49,1963,1963
SZ,001234,-0.73,1962,2329
SZ,301024,-0.18,1961,2026
SZ,300150,-0.93,1961,2475
SZ,920247,-0.27,1960,2702
SZ,300992,1.49,1959,2394
SZ,002205,0.09,1959,1959
SH,603879,0,1958,1958
SZ,301299,-0.31,1958,2652
SZ,300650,-0.6,1957,2774
SH,600165,9.88,1957,4314
SZ,000705,-1.83,1957,2319
SZ,002909,-0.18,1955,2005
SZ,300906,-0.39,1955,2165
SH,600099,-0.44,1955,1955
SZ,300659,-0.47,1953,2687
SH,688004,-2.32,1948,1948
SZ,300817,-0.05,1947,3392
SZ,920208,0,1946,2248
SZ,001255,-0.19,1942,2187
SH,688420,0.46,1938,1938
SH,600303,-0.34,1938,1955
SZ,300543,-0.5,1937,2371
SH,688616,0,1930,1930
SH,603262,-0.69,1929,7396
SH,603021,-1.94,1929,1929
SZ,002968,-0.1,1928,2048
SZ,300437,-0.26,1927,2719
SZ,002778,-0.56,1925,1946
SH,688118,-1.52,1925,1925
SH,688395,-0.48,1925,1925
SH,600678,0,1923,1923
SZ,301318,-0.28,1922,2791
SZ,301180,-0.42,1922,4684
SH,600051,0,1921,1921
SZ,301141,-0.34,1920,5351
SZ,301371,-0.11,1915,12774
SZ,001366,-1.32,1912,1912
SZ,002598,-0.14,1911,2081
SZ,001268,-0.92,1910,3052
SH,600847,-0.31,1910,1910
SH,603435,-0.75,1909,24565
SZ,301062,-0.71,1907,3003
SZ,000995,-1.82,1907,1907
SZ,002634,-0.22,1906,1980
SH,605122,-1.24,1905,1905
SZ,301056,-1.63,1904,2887
SZ,301052,-0.78,1902,2346
SZ,300937,-4.45,1902,2806
SH,688051,-0.36,1899,1899
SH,603718,-1.01,1895,1895
SZ,300644,-0.04,1894,2376
SH,603214,0,1892,1892
SZ,002760,-0.22,1892,1892
SZ,300743,-0.66,1888,2241
SH,600202,-0.6,1886,1886
SZ,002817,-0.9,1885,1944
SZ,920879,-0.39,1885,2519
SH,603029,-0.18,1883,1883
SZ,001237,-0.17,1882,8009
SZ,300935,-0.78,1881,2480
SZ,301590,0.16,1880,4540
SZ,000702,-0.17,1879,1879
SZ,300030,-1.14,1878,2133
SZ,300881,0,1877,3597
SH,688393,-1.08,1876,1876
SZ,920087,7.53,1875,1888
SZ,003017,0.36,1874,2263
SZ,002753,0.96,1872,2714
SZ,002159,-0.36,1871,2395
SH,688092,0,1867,1867
SZ,301227,2.06,1867,3321
SZ,301585,-0.39,1867,2851
SH,688189,-1.29,1866,1866
SH,688288,1.85,1865,1865
SZ,301010,-0.22,1859,1859
SZ,002535,0.4,1858,1996
SZ,000911,1.53,1857,1857
SH,601026,-3.62,1857,11025
SZ,300538,-0.83,1857,2792
SZ,301138,0.33,1855,3247
SZ,001356,1.16,1852,5157
SZ,000909,0,1852,1852
SZ,300717,-1.24,1851,1867
SZ,301509,-3.54,1850,3927
SZ,920476,0.39,1848,2060
SH,603120,2.47,1842,4393
SH,603709,-0.25,1839,1846
SH,600149,-0.61,1836,1836
SZ,300961,1,1834,2140
SZ,002529,-0.13,1833,1833
SZ,301309,-0.22,1831,3039
SH,603325,0.04,1831,4284
SH,603717,0.8,1828,1828
SH,603418,0.23,1824,8514
SZ,002972,-0.72,1819,3324
SZ,001378,1.13,1818,3735
SZ,301360,-0.48,1815,3719
SZ,300081,-0.32,1814,1814
SH,600080,-0.4,1810,1810
SZ,300923,-0.45,1808,1862
SH,605567,0.33,1808,1808
SH,600082,-0.34,1808,1841
SZ,002209,-0.69,1804,2338
SH,600883,0.93,1801,1801
SZ,000856,-0.62,1798,1798
SZ,002630,-0.59,1798,1972
SH,600448,-0.34,1795,1795
SH,600180,-1.19,1793,1793
SZ,300941,-0.81,1792,2965
SZ,300313,1.45,1790,2175
SZ,000056,1.02,1789,2341
SH,603255,0.51,1789,3969
SZ,003030,0.5,1788,2756
SZ,300645,-1.07,1786,1822
SZ,301556,1.27,1786,5166
SZ,001206,-0.94,1782,3084
SZ,300651,-0.74,1780,2432
SZ,002862,-0.64,1774,2339
SZ,920189,-0.28,1773,2954
SZ,300912,-0.9,1772,2347
SZ,002856,1.13,1772,1935
SZ,301030,-1.67,1770,1773
SZ,002360,-0.17,1768,2182
SZ,920914,-0.66,1767,1768
SZ,301231,-0.4,1766,2278
SZ,002569,0.16,1763,1813
SZ,301336,0.8,1761,2276
SZ,002198,0.87,1761,1761
SZ,300876,-0.44,1758,2357
SH,688681,-0.11,1757,1757
SZ,920339,-1.35,1755,2557
SZ,002717,-0.96,1753,1857
SZ,300837,0,1752,2317
SZ,300556,-0.36,1751,1962
SH,688058,-0.34,1750,1750
SH,688435,-0.28,1748,2604
SZ,301159,-1.87,1745,2546
SZ,003038,-0.18,1745,2620
SZ,300971,0.37,1745,2224
SH,600818,-0.13,1744,2356
SZ,301388,-0.45,1742,2456
SH,603908,0.43,1740,1740
SZ,002381,-0.54,1739,2223
SH,603022,0.23,1736,1736
SZ,002743,-0.49,1734,1737
SZ,003005,-0.79,1733,3158
SZ,000632,1.09,1732,1732
SH,603860,0.12,1730,1730
SH,600243,0.77,1729,1729
SZ,003027,-0.47,1723,2148
SZ,301538,0.23,1720,4319
SH,600137,-0.16,1719,1719
SZ,301057,-0.6,1718,2481
SZ,002802,0.44,1718,2081
SZ,002780,-0.89,1718,2175
SZ,301063,-0.55,1716,1853
SZ,301130,-5.76,1716,2224
SZ,300707,0.08,1714,2076
SZ,300472,0,1714,1919
SZ,300195,-0.54,1714,2313
SZ,301166,-0.32,1713,2616
SH,600778,-0.35,1709,1710
SZ,001285,-0.93,1707,7427
SZ,000619,0,1706,2091
SZ,002858,-0.76,1706,2160
SZ,300169,-0.87,1702,1915
SZ,000663,0.73,1700,1869
SZ,301098,-0.78,1696,2034
SH,603789,0.15,1695,1729
SH,603082,4.01,1694,6956
SZ,301548,-0.1,1693,5614
SH,603231,-0.12,1692,3048
SZ,001233,-0.98,1691,8341
SZ,920021,-0.43,1691,2110
SZ,300245,-0.34,1683,1748
SZ,920509,0.05,1682,3211
SZ,002629,-0.84,1681,1977
SZ,300614,-0.75,1680,1680
SZ,301586,0,1677,2629
SH,603092,-0.15,1677,19400
SZ,920015,-2.38,1669,5653
SH,688466,0.07,1667,1667
SZ,920083,7.24,1667,3914
SZ,301595,-1.01,1667,4421
SZ,301135,-0.17,1666,2142
SZ,300554,0.43,1664,2403
SH,688078,0.62,1662,1662
SZ,001222,-0.33,1661,2806
SH,688450,0.27,1659,2238
SZ,002495,0,1658,2236
SZ,301680,-0.21,1658,8169
SH,688659,0,1656,1656
SZ,300610,-0.09,1652,2117
SZ,301065,-0.77,1652,2029
SZ,300616,-0.74,1652,2389
SZ,300845,-1.37,1649,2359
SZ,300519,-2.35,1649,2312
SZ,301107,-0.97,1645,2882
SH,603312,-3.35,1643,5162
SZ,300950,-0.35,1638,2567
SZ,000929,-0.55,1638,1638
SH,688565,-0.72,1638,1638
SZ,002592,0,1637,1769
SZ,301667,-0.34,1637,7705
SZ,002910,1.59,1637,1871
SH,600493,0.17,1635,1635
SZ,001386,2.22,1631,18127
SZ,002620,-0.76,1631,1948
SH,600119,-0.21,1629,1629
SZ,003042,-0.07,1621,1874
SH,688509,0.24,1620,3242
SZ,002227,0,1618,1631
SH,688793,1.06,1615,1615
SZ,300220,-0.92,1614,1616
SZ,301687,0.33,1614,7609
SZ,301618,-0.02,1608,4217
SZ,920026,-1.79,1608,2133
SZ,002982,-0.07,1607,2509
SH,688021,1.35,1606,1606
SZ,001209,-0.88,1606,2198
SZ,300995,0.11,1605,2434
SZ,002789,0.79,1601,1633
SZ,301456,0.34,1600,3550
SH,603257,-0.07,1600,7710
SH,600561,0.18,1599,1599
SZ,002835,-1.4,1599,2757
SZ,300167,0.89,1597,1878
SH,688528,-0.1,1596,1596
SZ,301383,-0.82,1596,3690
SZ,003028,-0.3,1594,3250
SZ,301032,0.1,1592,2402
SH,600689,-0.28,1589,2098
SH,600796,-0.77,1589,4420
SZ,001296,-0.24,1586,2929
SZ,301229,0.08,1581,2223
SZ,002949,-1.13,1579,2037
SZ,301361,-0.03,1571,3243
SZ,001202,0.6,1570,2240
SZ,920106,-0.71,1569,2034
SH,688712,-0.88,1569,14349
SZ,300306,0.2,1568,2676
SH,688329,-0.09,1568,1568
SZ,300462,-0.17,1564,2053
SZ,300500,-0.2,1562,1621
SH,600692,0,1561,2153
SZ,301395,0,1559,2972
SZ,920839,-0.86,1558,2825
SZ,301581,0.03,1558,2947
SZ,300514,-0.3,1558,1944
SH,603402,-0.39,1557,6227
SZ,002566,-1.32,1553,2217
SZ,301587,-0.65,1552,3113
SZ,300625,0,1552,2676
SH,603406,-0.29,1550,10556
SH,600476,0.1,1549,1549
SZ,002207,-0.82,1549,1557
SZ,301022,-0.12,1548,2292
SZ,301555,-0.58,1547,2953
SZ,920174,-0.03,1546,6010
SZ,301036,0.14,1546,2195
SH,603400,-0.73,1546,5539
SZ,920138,-1.29,1546,19331
SH,688781,-0.12,1545,37830
SZ,920892,-0.86,1543,1743
SH,688067,-0.69,1537,1537
SZ,300813,-1.36,1536,2448
SZ,002306,0,1536,1644
SZ,301491,-0.44,1536,5179
SZ,301023,-0.73,1530,2758
SZ,001395,-0.5,1529,3334
SH,600455,2.17,1528,1528
SZ,920857,-0.95,1528,1528
SZ,301210,-0.91,1525,3992
SZ,002790,0.52,1520,2436
SZ,301276,0.96,1519,2724
SZ,301636,-0.36,1519,2602
SH,603275,-0.15,1518,5432
SZ,003011,-0.44,1517,2027
SZ,301512,-0.28,1515,2321
SH,603272,-0.13,1514,1514
SZ,301390,-0.15,1512,1850
SZ,002694,0,1509,1602
SZ,301591,1.23,1509,3692
SZ,300977,-0.68,1505,2417
SZ,002247,-0.84,1499,1983
SZ,300892,-0.16,1498,2321
SZ,002513,-0.57,1497,1946
SZ,301518,-2.03,1496,3705
SZ,301203,-1.98,1493,2725
SZ,002316,-1.34,1493,1722
SZ,002144,0.18,1492,1916
SZ,300640,-0.73,1490,2099
SZ,000677,-1.14,1486,1486
SZ,301505,-0.17,1482,1860
SZ,003008,-0.15,1482,1983
SZ,301633,-0.02,1482,3234
SH,688022,0,1477,1477
SZ,001326,1.37,1476,4499
SZ,301683,-0.57,1470,6504
SZ,301129,-1.53,1464,2948
SH,688130,-1.77,1462,2932
SZ,301167,-0.28,1457,1543
SZ,920010,-0.35,1457,1960
SZ,301560,0.21,1452,2892
SZ,300621,-1.37,1446,1486
SZ,300865,-1.41,1438,2394
SZ,002691,0,1438,1455
SZ,301100,0.19,1437,3260
SZ,001226,-0.27,1434,3155
SZ,301558,-0.9,1431,5143
SH,603062,1.23,1431,4168
SH,603395,1.01,1430,5720
SZ,301507,-0.76,1428,4625
SZ,920088,-1.3,1427,3859
SZ,300549,-0.77,1421,1875
SZ,301278,0.44,1416,2471
SZ,300635,-0.41,1414,1644
SH,603391,0.02,1411,5644
SZ,300155,-0.46,1410,2402
SZ,000610,0,1408,1416
SZ,002591,-0.15,1408,1891
SZ,002977,-0.04,1406,2533
SZ,001387,0.08,1405,2207
SZ,301152,-0.59,1404,2349
SZ,920371,1.41,1403,1479
SZ,002809,-0.35,1402,1982
SZ,000637,-0.25,1400,1996
SZ,301355,0.1,1396,1949
SZ,300670,-0.31,1395,1968
SZ,000010,-0.64,1395,1747
SZ,301508,-0.16,1394,5358
SZ,301126,-1.07,1394,2077
SZ,300838,-0.43,1393,1889
SZ,300564,-0.48,1387,1976
SZ,002883,0.22,1384,1410
SZ,300828,-2.02,1382,2726
SH,688806,-0.29,1375,12412
SZ,301601,0.18,1374,2286
SZ,002188,-0.36,1372,1743
SZ,001278,-0.42,1368,1983
SZ,301009,-0.54,1367,2460
SZ,301298,-0.46,1364,1851
SZ,301097,-0.76,1362,2838
SH,688592,1.07,1361,2857
SH,688217,-1.45,1360,1360
SZ,920953,-1.08,1358,2906
SH,688576,0.96,1354,2834
SZ,301295,-0.62,1354,4641
SZ,300594,0.54,1351,1364
SZ,001239,-0.49,1351,2844
SZ,920821,0.49,1351,2565
SZ,301156,-0.08,1346,2095
SZ,920038,1.52,1346,4116
SZ,920751,0,1346,1406
SH,688805,-0.86,1342,6709
SZ,300928,-0.19,1340,2001
SH,603248,-0.73,1339,8611
SZ,920200,-0.62,1338,3062
SZ,301501,4.05,1331,4526
SZ,301288,0.83,1330,1839
SZ,300605,-1.58,1327,1734
SZ,920837,0,1327,1481
SZ,001277,-0.2,1326,2213
SZ,002200,0.6,1323,3050
SZ,920533,-0.1,1323,2365
SZ,301233,0.27,1323,2411
SZ,002888,-0.05,1322,2604
SZ,301131,0.12,1314,1834
SH,688790,-1.83,1312,10304
SZ,001358,0.63,1312,3171
SZ,300126,0.16,1310,1891
SZ,920225,-1.42,1309,2007
SZ,920119,0,1309,4793
SZ,300994,-0.88,1301,2599
SH,688671,-0.81,1301,1899
SZ,301584,-1.21,1300,10195
SZ,301329,-0.85,1298,3346
SZ,920701,0.47,1294,1771
SH,603207,-1.37,1292,3803
SZ,301515,-0.62,1288,1907
SZ,920682,-0.34,1287,2219
SZ,003003,-0.17,1286,1930
SH,688089,0.13,1286,1286
SZ,920039,-0.82,1284,1284
SH,600543,-0.24,1278,1278
SH,603293,-0.13,1277,6515
SZ,920207,-1.08,1276,2089
SZ,300535,3.01,1276,1682
SZ,301503,0.45,1276,2300
SZ,301677,-0.85,1266,5905
SZ,301157,0.57,1265,3673
SZ,301163,-0.72,1263,1883
SZ,920238,-0.6,1261,6190
SZ,300517,-0.69,1257,1996
SZ,301272,0,1257,1987
SZ,002830,-1.8,1256,2515
SH,603350,0.18,1254,3312
SZ,920274,1.72,1251,1251
SZ,300823,-0.46,1247,1927
SZ,301502,-0.39,1243,3008
SZ,001319,-0.04,1238,2757
SZ,920523,-0.51,1237,1547
SZ,920211,-0.58,1230,3649
SZ,920403,5.35,1228,2065
SZ,300405,-0.52,1225,1592
SZ,002193,0,1225,1225
SZ,300430,0.64,1224,1286
SZ,301300,0,1219,2041
SZ,920273,-0.38,1214,1824
SH,603370,-0.16,1211,6055
SZ,920790,-1.32,1210,1758
SZ,301372,0,1206,2009
SZ,920807,-0.3,1205,1773
SH,603352,-0.48,1203,6013
SZ,920284,-0.49,1202,1879
SH,603004,0.94,1201,4802
SH,600365,0,1196,1271
SZ,301446,-0.15,1196,3916
SZ,920367,-3.36,1193,2012
SZ,920981,2.85,1192,2371
SZ,920425,-0.2,1190,1446
SZ,300915,0.64,1182,2585
SZ,300804,0.4,1181,3178
SZ,920046,-2.71,1181,2135
SZ,300930,-0.31,1178,2500
SH,603276,0.26,1176,3235
SZ,300899,0.28,1175,1831
SZ,301359,-0.71,1175,1984
SZ,301559,-0.3,1175,7830
SZ,920033,0,1174,1688
SZ,301083,-0.71,1174,2439
SZ,300713,-0.9,1169,2078
SZ,300152,0,1169,1169
SZ,300851,-0.07,1168,2059
SZ,920237,-0.94,1167,1190
SZ,301113,-0.72,1166,1925
SZ,300886,0.86,1165,1852
SZ,001336,-0.21,1164,1891
SZ,301516,2.67,1160,4640
SZ,001373,-0.17,1158,1896
SZ,920304,-0.34,1144,1433
SZ,002872,-0.55,1143,1692
SZ,920249,-0.32,1141,3858
SZ,920575,2.88,1140,1705
SZ,920566,0,1136,1461
SZ,301006,-0.14,1135,1886
SZ,920089,-0.58,1131,1986
SH,688184,0.7,1123,1793
SZ,920171,-0.53,1121,1661
SZ,920429,6.64,1112,1220
SZ,301539,0.07,1108,2184
SZ,301418,-0.57,1106,2756
SZ,920099,-1.2,1106,1766
SZ,920885,0.73,1094,2111
SH,688701,0.25,1090,1090
SZ,300949,-0.35,1088,1903
SH,688651,-0.55,1078,2350
SZ,001379,-0.18,1077,3200
SZ,301577,0.79,1075,2570
SZ,920932,0.16,1065,1286
SH,603334,3.11,1065,4802
SZ,920130,-0.26,1065,1714
SZ,001382,-0.87,1058,6922
SZ,300958,0,1056,1818
SZ,920505,-5.18,1052,1892
SZ,001312,-1.13,1042,4254
SZ,920396,-0.77,1041,1465
SZ,920526,0.05,1038,1640
SH,688816,0.04,1034,5037
SH,603729,-0.35,1034,1034
SZ,000820,0,1033,2250
SZ,920199,-1.3,1032,1853
SZ,920642,0.29,1032,1070
SH,688695,-0.04,1030,1641
SH,603468,-0.76,1029,10606
SZ,920001,-0.34,1028,1755
SZ,920592,-0.33,1026,1648
SZ,920651,-2.24,1025,1507
SZ,001231,-0.19,1024,2004
SZ,002514,-0.53,1019,1325
SZ,301513,-1.02,1011,5018
SZ,920419,-0.18,1010,1080
SH,603359,-0.43,1008,1008
SZ,920357,0.06,1006,1664
SZ,920184,-0.52,1004,1479
SZ,301616,0.83,1003,2824
SZ,920792,-0.29,1000,1629
SZ,001279,0.04,998,3994
SZ,920985,-0.86,998,1408
SZ,920924,-1.61,992,1629
SZ,002719,-0.48,992,1067
SZ,920062,0,991,1408
SZ,300338,0,983,1131
SZ,920161,-1.47,982,3617
SZ,301173,-0.12,979,2790
SZ,301459,-0.52,975,3891
SZ,920690,-1.35,973,1496
SZ,301192,-0.19,970,1996
SZ,920100,0.11,963,3632
SZ,920167,0.21,956,1609
SZ,920206,-1.1,955,2483
SZ,920270,0.6,954,1228
SZ,920415,-0.22,952,1237
SZ,920786,0.73,951,1440
SZ,920012,0.26,951,2430
SH,603409,0.23,951,3314
SZ,920098,0.94,947,1391
SZ,301399,-0.16,940,3180
SZ,920092,-3.18,940,1770
SZ,301105,-0.1,938,2367
SZ,001225,-0.21,937,2922
SZ,920436,0.29,922,981
SZ,920496,-0.15,918,1048
SZ,920005,0,913,1978
SZ,920266,-0.64,911,954
SZ,920726,-0.23,911,1650
SZ,920169,1.24,910,1446
SZ,301386,-0.09,908,2824
SZ,300417,-0.72,906,1459
SH,603205,-0.13,902,3404
SZ,920223,0.18,896,1725
SZ,301519,-0.58,893,1898
SZ,920694,-0.2,891,1877
SZ,920275,-0.29,885,1069
SZ,920028,0.89,882,2230
SZ,301037,-0.22,881,1800
SZ,301668,-0.13,878,3971
SZ,920227,-0.99,877,1928
SZ,920541,0,871,1322
SZ,301170,-0.6,869,2286
SZ,920670,-0.75,866,1380
SZ,920195,0.74,866,1200
SZ,920833,-1.76,866,1145
SH,688638,1.08,866,1832
SZ,920433,-0.19,862,1303
SH,688573,0.06,861,1582
SZ,920220,0.73,860,2746
SZ,920943,1.78,859,1683
SZ,920020,0.52,853,3453
SZ,920748,0,849,1768
SZ,301598,0.25,844,2832
SZ,001306,-0.65,843,3422
SZ,920855,-0.07,843,939
SH,603376,0.04,842,10520
SZ,920122,-0.87,841,2075
SH,603073,-0.47,840,1914
SZ,920770,0.49,839,1334
SZ,301049,-0.75,838,1845
SZ,920000,0.28,838,1334
SZ,920873,-1.12,835,1069
SZ,920193,0.09,835,3687
SZ,920663,-0.37,833,1736
SH,603284,-0.67,831,3325
SZ,920693,-0.03,826,1639
SZ,920027,0.09,825,1179
SZ,920156,-1.04,821,3938
SZ,920926,0.29,820,904
SZ,920478,-1.45,812,1336
SZ,001335,0.83,810,2973
SZ,920870,0.99,806,1636
SZ,301449,0.38,805,3579
SH,603075,0.21,804,7634
SH,603273,-0.13,797,3063
SZ,920221,-0.84,794,1526
SZ,301314,0.37,791,2394
SZ,920260,-1.47,788,825
SZ,920445,8.98,786,1079
SZ,920378,-0.27,785,1096
SZ,920556,-0.14,780,1076
SZ,920974,-0.32,780,994
SZ,001396,-0.45,780,3669
SZ,920519,-0.5,779,877
SZ,301353,-1.03,779,2423
SZ,920832,0.16,769,862
SZ,301552,-1.07,768,3072
SZ,920006,-1.41,765,1445
SZ,920976,-0.8,759,1220
SZ,920768,-1.25,758,1097
SZ,301429,-0.28,750,2014
SZ,301533,0.08,746,2578
SZ,001325,-0.25,744,2978
SZ,920078,-0.51,742,2285
SZ,001220,0.79,739,2955
SZ,920475,-0.97,738,1327
SZ,920765,-0.56,735,1210
SZ,920395,-0.13,735,1067
SZ,920363,0.39,731,1286
SZ,920639,-0.96,728,1236
SZ,920181,-1.25,724,3122
SZ,920242,0.51,722,1291
SZ,920370,-0.35,722,826
SZ,920942,0.94,715,1056
SZ,920263,-0.84,715,984
SZ,920856,-2.11,710,1274
SZ,920058,-6.87,706,1434
SZ,920685,-1.06,703,1103
SZ,920061,-1.59,700,1259
SZ,301578,-0.29,699,2459
SZ,920553,-0.66,695,1065
SZ,920634,1.06,694,1093
SZ,920117,-1,693,3082
SZ,920720,-0.31,691,2474
SZ,920547,-0.8,691,1422
SZ,300784,-0.28,688,2301
SZ,920564,0,687,1494
SZ,920299,-1.81,687,1362
SZ,920081,2.58,686,2914
SZ,920781,-0.52,684,878
SZ,920706,-0.69,680,1350
SZ,920245,-0.23,676,877
SZ,920346,-0.86,666,1198
SZ,920008,-0.45,666,1246
SZ,301575,0.11,666,3314
SZ,301287,-1.83,665,2603
SZ,920925,-0.57,665,1185
SZ,920964,0,659,1165
SZ,920163,-0.45,658,1396
SZ,920627,0.43,658,1327
SZ,920108,-0.1,657,1550
SZ,920608,0.07,656,847
SZ,920101,0,656,2103
SZ,920579,-0.73,653,1898
SZ,920187,0,648,1767
SZ,920527,0.15,643,829
SZ,920278,-1.51,641,1134
SZ,920204,0,638,1204
SZ,920300,-0.61,638,823
SZ,920876,-0.48,632,1033
SZ,920570,-0.39,629,1238
SZ,920175,-0.87,625,938
SZ,920580,-0.52,621,975
SZ,920079,-0.93,617,5712
SZ,920118,0.61,616,1016
SZ,920422,0.22,615,822
SZ,920578,0.78,599,1289
SZ,920471,0.36,589,924
SZ,920826,-1.78,588,1308
SZ,920675,-0.4,580,1264
SZ,920641,-0.3,576,955
SZ,920090,0,576,771
SZ,920014,-0.34,576,1047
SZ,920096,-0.91,575,2451
SZ,920112,1.23,574,1958
SZ,920679,0.46,573,861
SZ,920992,-1.01,572,1128
SZ,920107,88.39,570,2531
SZ,920455,-0.16,568,1036
SZ,920057,-0.6,568,883
SZ,920719,-0.77,567,710
SZ,920469,-1.43,567,772
SZ,920086,-0.33,558,1707
SZ,920665,0.46,558,1131
SZ,920271,-0.92,555,1253
SZ,920065,-1.28,554,3176
SZ,920198,-4.14,554,1268
SZ,920075,-0.5,548,1010
SZ,920146,0,544,676
SZ,920262,-0.27,542,1166
SZ,920896,0,539,1228
SZ,920454,-0.35,538,1148
SZ,920810,-0.22,532,817
SZ,920729,-0.14,529,1867
SZ,920374,0,525,1286
SZ,920023,0,524,638
SZ,920871,0,522,942
SZ,920662,-0.25,519,1682
SZ,920703,0.1,515,1459
SZ,920050,-1.21,515,1925
SZ,920230,-0.17,510,1085
SZ,920056,1.22,510,1350
SZ,920166,-1.14,509,1613
SZ,920160,-0.29,502,2233
SZ,920069,-0.46,502,1801
SZ,920176,0.3,499,3693
SZ,920030,0.23,498,792
SZ,920753,-0.32,497,1236
SZ,920149,-0.62,496,600
SZ,920392,0,489,1040
SZ,920212,0.96,488,1004
SZ,920145,-0.59,488,705
SZ,920080,0,481,1739
SZ,920407,-0.37,478,1173
SZ,920076,0,467,1485
SZ,920082,-0.97,464,1650
SZ,920508,-0.2,463,870
SZ,920779,-1.06,462,1849
SZ,920177,0.16,454,1282
SZ,920656,-0.56,454,1401
SZ,920351,-0.51,453,1002
SZ,920718,-0.19,453,883
SZ,920950,-0.23,452,927
SZ,920126,0.7,450,1874
SZ,920267,-0.29,448,783
SZ,920414,0.13,445,632
SZ,920128,0.33,440,1470
SZ,920970,1.79,439,694
SZ,920427,-1.36,438,888
SZ,920016,0,437,982
SZ,920091,-0.02,435,1842
SZ,920180,0.17,433,1433
SZ,920168,-0.9,431,1151
SZ,920136,-0.52,431,1642
SH,688121,-0.46,428,493
SZ,920188,0.79,427,1791
SZ,920158,-0.24,426,1593
SZ,920110,-0.14,421,1010
SZ,920055,-1.09,398,1769
SZ,920802,-3.64,392,887
SZ,920957,-0.32,390,980
SZ,920072,-0.29,388,2054
SZ,920036,0,388,1616
SZ,920007,-0.24,381,1594
SZ,920035,-0.7,376,1657
SZ,920218,1.26,372,1651
SZ,920165,0.05,370,1857
SZ,920009,-0.64,369,2841
SZ,002731,0.63,365,407
SZ,920717,-1.19,363,940
SZ,920895,0,359,707
SZ,920011,-0.42,349,1549
SZ,920191,-1.02,346,1540
SZ,920121,0.65,334,1850
SZ,920066,-0.23,329,1042
SZ,920222,-1.68,322,2388
SZ,920183,0.81,322,1400
SZ,920003,-0.35,320,1490
SZ,920022,0.63,320,1161
SZ,920132,-0.11,317,932
SZ,920931,1.24,306,999
SZ,301139,-0.24,302,483
SZ,920504,-0.83,302,765
SH,688496,-2.16,214,405
