SH,601288,-0.76,2059125,2257391
SH,601398,-0.78,2024788,2676611
SH,601857,1.31,1751997,1980287
SZ,300750,-0.43,1645669,1787277
SH,600519,-0.38,1629469,1629469
SZ,300308,3.77,1099950,1159207
SH,600036,-0.55,799372,977269
SH,601628,-0.46,790669,1073211
SH,688256,0.5,737622,737622
SH,601088,0.14,726100,954986
SH,601899,2.03,725183,935993
SH,688041,1.81,688748,688748
SH,600900,-0.28,677036,677036
SZ,000333,-0.83,582409,645347
SH,601318,-0.46,567648,964232
SZ,300502,5.17,556483,618604
SZ,002371,1.62,547095,547533
SH,600028,0.39,483238,616720
SH,601728,-1.42,482081,568259
SZ,002475,3.13,422291,445362
SH,601166,-0.69,388338,388338
SH,603259,6.1,374479,451771
SH,603993,2.55,364757,446927
SH,601658,-0.39,359013,594471
SH,688012,1.6,346135,351883
SH,600276,2.51,340766,354559
SH,600030,-0.24,339117,435136
SH,600183,10,337597,340012
SZ,002415,-1.19,334705,339100
SZ,002594,-0.82,309297,808787
SH,600000,-0.85,306747,306747
SH,601998,-1.18,304092,415113
SZ,000858,-0.51,287581,287588
SH,603986,7.82,277498,291301
SZ,002384,5.62,274811,363080
SZ,300059,-1.19,263995,312805
SH,600150,0.29,263397,263397
SZ,300394,4.31,255771,256344
SZ,002916,7.75,253565,259804
SH,688981,1.76,252625,1081604
SH,601319,-0.97,250259,311779
SH,601816,-0.58,247075,247075
SH,688008,3.52,246926,263270
SH,601225,1.21,244120,244120
SH,601211,0.84,243079,317495
SZ,002463,6.37,239717,239910
SH,600309,1.96,239293,239293
SZ,300476,8.59,235030,266973
SZ,002938,8.14,234526,235207
SH,688825,-0.55,232672,3455735
SZ,300408,-2.19,232249,246912
SZ,000651,-0.21,221764,224952
SZ,000725,2.85,216801,227082
SZ,000001,-0.88,216761,216764
SH,601601,-0.94,214729,301790
SH,600919,-0.67,214160,214160
SZ,002142,-0.75,207882,208013
SH,603288,-0.95,201266,211808
SH,688072,2.32,197277,202850
SH,601919,0.59,194124,236045
SH,600406,-0.82,191956,192521
SH,601668,-0.65,187595,187595
SZ,300433,5.11,181891,193202
SH,600025,-0.5,180722,180722
SZ,300760,-0.6,180293,180448
SH,601328,-0.71,179639,608826
SH,600989,1.19,174167,174167
SH,688498,5.93,173524,175795
SH,600176,5.47,170818,172175
SH,601066,-0.26,168108,200743
SZ,300274,-1.7,166500,217438
SH,601985,-0.44,165984,180793
SH,600031,-1.1,165590,179670
SH,600887,-0.86,164209,165029
SH,600111,5.49,159822,159822
SZ,002352,-1.56,159283,174756
SZ,300124,0.99,154308,173341
SZ,003816,-1.51,153407,196945
SZ,000792,0.74,152078,152080
SZ,002281,10,151793,159808
SH,601872,2.52,148006,148006
SZ,000338,1.53,147849,257738
SH,600809,-1.22,144114,144114
SZ,002050,-0.02,142843,162850
SH,601766,-1,142804,168462
SZ,000408,4.15,141813,141814
SH,601818,-0.64,141077,179620
SH,601688,-1.02,140947,174128
SH,601100,-0.56,140116,140116
SZ,000063,-0.22,139436,165606
SZ,300604,1.94,138971,183294
SH,601009,-0.52,138719,138719
SH,601869,3.78,138423,282034
SH,600584,1.49,137785,137785
SH,603256,5.28,137765,141658
SH,600690,-1.03,136879,205276
SH,688082,2.46,136526,138008
SH,600999,1.39,135452,158712
SH,600050,-2.27,132639,133812
SZ,301165,-1.01,131376,131376
SH,601229,-0.64,131292,131292
SH,601600,2.5,130053,168976
SH,603019,0.83,129524,129530
SH,601898,-1.68,127762,185091
SZ,000568,-0.69,127100,127172
SH,600346,3.21,126774,126774
SH,688120,4.31,126621,126621
SH,600188,-0.13,126619,213183
SZ,002714,0.03,125906,221568
SZ,002493,2.51,125784,134558
SH,601336,-0.49,125272,187391
SH,600016,0,124827,154114
SH,600019,-1.02,123988,126118
SH,688506,-0.82,123643,123643
SH,600489,1.23,123219,123219
SH,688361,1.39,123148,123148
SZ,000776,0.34,122627,162522
SH,688111,-1.34,122263,122263
SZ,300857,0.24,122056,122683
SZ,301200,5.16,120427,138487
SH,600018,-0.57,120186,120357
SH,600104,-0.94,119666,119666
SH,600760,-1.37,119011,119237
SH,600926,-0.55,116636,116636
SH,600160,-1.5,116575,116575
SH,688521,0.94,115291,115291
SH,600522,3.69,114266,114266
SH,688525,3.98,114223,114223
SH,601698,-0.06,113932,113932
SZ,300014,-0.36,113926,117206
SZ,000977,0.04,112682,112808
SZ,300442,-0.69,111787,112116
SH,600660,-0.69,111486,145258
SH,688347,3.22,108633,462965
SH,600547,0.3,108614,138528
SZ,000938,-0.07,108425,108426
SZ,301308,4.93,108344,162625
SH,600905,-0.78,107775,107775
SH,603501,-0.39,107770,112300
SZ,000988,4.07,107734,107790
SH,605117,1.2,107588,107588
SH,601888,-1.16,107210,114092
SH,600089,-0.37,106614,106614
SH,600886,-1.03,105998,113824
SH,601169,-0.39,105926,105926
SZ,300033,-0.14,104609,179587
SH,600015,-1.02,103710,107267
SH,600362,7.5,103181,172167
SZ,000166,-0.43,101860,113181
SH,601168,7.25,101540,101540
SZ,002353,1.57,101472,150343
SH,601995,-1.08,100950,166685
SH,600673,2.86,99322,99586
SZ,000100,0.83,97775,101092
SH,688183,7.62,97537,97537
SZ,002028,-0.61,97460,124867
SZ,002736,-0.38,97086,103442
SH,601012,0.47,96999,96999
SH,601633,-1.33,96475,132663
SH,601939,-0.88,96128,2621236
SZ,000807,3.04,95264,95265
SH,601006,-1.02,95143,95143
SZ,000657,4.72,95128,149135
SH,600893,-1.27,94479,94495
SZ,002008,3.69,94439,101632
SZ,301217,14.42,93911,93911
SH,600938,1.03,93527,1486737
SZ,002156,0.85,93293,93302
SH,603228,10,93233,95064
SZ,002001,0.82,93231,94354
SZ,002602,-1.07,93185,101052
SZ,002080,6.87,92397,92397
SZ,002600,-0.62,91152,102803
SH,688271,-0.74,90797,90797
SH,601390,-0.66,90645,109410
SH,601881,-0.63,89529,135149
SZ,000538,-0.6,89320,89891
SH,600795,-0.79,88821,88821
SH,600549,-0.88,88512,90429
SZ,002648,1.93,87057,87113
SH,601127,-2.62,86596,96872
SH,603893,0.8,86537,86548
SZ,000301,1.4,86438,86475
SH,601689,-0.17,86336,86336
SH,600941,-1.05,86151,2069611
SH,601727,-1.59,85408,105207
SH,600236,-1.72,84972,84972
SH,601868,0,83990,114582
SZ,000895,-5.19,83349,83360
SH,603799,5,82054,82312
SH,688249,2.75,81870,90685
SH,605499,-0.36,81419,88427
SH,600436,-0.84,81231,81231
SH,688200,2.04,80949,80949
SH,688777,-2.38,80294,80701
SZ,001289,-0.8,80268,133088
SZ,300498,-0.58,80091,89628
SH,688396,2.87,79892,79892
SH,600118,1.1,78103,78103
SH,688702,-1.35,78093,157731
SZ,300757,1.97,78063,80484
SH,601825,-1.07,77527,79760
SH,601991,-0.63,76980,114927
SZ,002311,-2.87,76433,76507
SH,600011,-0.99,76324,108945
SZ,000630,3.96,76107,91587
SH,601838,-0.38,75868,75868
SH,688002,3.61,75809,75809
SH,601958,1.84,75148,75148
SZ,000425,-1.53,74615,97086
SH,688126,0.46,73895,85931
SZ,002179,1.5,73773,73908
SH,600039,-1.4,73217,73217
SZ,002241,-0.72,73201,82661
SZ,002027,-1.55,73078,73078
SH,600674,-0.59,72729,72729
SH,603195,-1.34,72421,72553
SH,600703,5.76,72341,72341
SZ,002202,4.04,71945,90347
SH,600010,1.33,71406,103115
SH,601179,-1.13,71096,71096
SZ,300475,3.47,71052,74131
SH,601800,-1.13,70923,98093
SH,600066,-0.92,70912,70912
SZ,000708,-0.63,70710,70711
SH,601186,-0.96,70630,83378
SH,601111,-1.3,70411,123980
SH,600585,-0.89,70162,93087
SZ,002466,0.64,70067,81344
SH,688629,2.9,69725,70824
SH,600988,0.65,69169,79000
SH,600029,-1.34,68867,92598
SZ,300015,-1.02,68750,80348
SZ,000426,2.58,68434,68451
SH,600026,1.66,67947,97114
SH,600958,-0.32,67748,77065
SZ,000703,3.37,67606,67947
SH,688172,3.91,67238,80075
SZ,001309,4.83,67167,92326
SH,600482,1.96,67117,67117
SZ,000636,-0.71,66945,66945
SZ,300661,4.29,66682,75961
SH,601231,1.09,66460,66460
SH,688519,8.81,66441,66441
SH,601360,-3.84,66356,66356
SH,600023,-0.8,65971,65971
SH,600415,-1.95,65748,65748
SZ,000975,2.32,65730,72224
SZ,000960,1.3,65422,65422
SH,603296,0.49,65189,123768
SH,601018,-0.88,65172,65172
SH,688036,-1.56,65042,65042
SH,688585,-2.6,64377,64377
SZ,002428,8.34,64370,64378
SZ,001965,-0.52,64350,64350
SZ,000021,1.98,64068,64077
SZ,002460,0.34,63492,109909
SH,600233,-1.06,63344,63344
SH,600115,-1.59,62652,81283
SH,688037,2.76,62608,62608
SZ,002837,4.46,62503,70459
SH,601669,-0.61,62482,82341
SZ,300759,10.81,62311,80620
SH,688017,1.09,62279,62279
SH,601916,-1.36,62263,79373
SH,600048,-1.51,62127,62127
SZ,002128,-0.28,62114,86635
SZ,002851,3.7,61850,73588
SH,600875,-0.87,61269,93618
SH,603156,5.59,61186,61186
SZ,002595,0.15,60905,61329
SZ,001979,-1.99,60758,61760
SZ,000831,10,60691,60691
SZ,000933,2.47,60662,60701
SZ,002304,-1.56,60618,60619
SZ,300285,1.77,60363,70551
SZ,300223,4.45,60340,69208
SZ,002064,2.88,60216,60345
SZ,000625,-1.62,60020,71968
SH,688141,1.26,59600,59600
SH,601061,1.33,59584,59584
SH,688409,5.86,59579,59579
SZ,002709,-0.53,58912,79585
SH,600009,-0.99,58756,58948
SZ,300054,2.4,58531,75061
SH,600426,0.19,58484,58491
SH,688766,4.86,58440,58440
SZ,002422,5.32,58139,71219
SH,600438,4.39,57851,57851
SH,601901,-0.42,57707,57707
SH,600105,2.27,57383,57383
SH,688019,2.71,57324,57324
SH,601233,3.21,57230,57334
SZ,000768,-1.09,57194,57281
SH,600221,-0.74,56985,57477
SH,688313,5.97,56878,56878
SH,601788,-0.67,56842,67087
SZ,300765,0.95,56717,56717
SZ,002532,2.54,56428,63599
SZ,002049,0.2,56177,56185
SZ,002484,4.69,55907,57955
SZ,300666,5.83,55838,69691
SH,600580,-1.29,55701,55861
SZ,300136,3.06,55602,65195
SH,600219,2.33,55466,55466
SH,688630,7.23,55463,61679
SH,600096,0.8,55164,55164
SZ,002821,10,54614,62148
SZ,002558,-1.9,54546,54546
SH,600372,-1.48,54341,54341
SH,600885,-1.42,54228,54228
SZ,002920,-2.78,54114,54131
SH,601877,-0.9,54068,54068
SH,601059,-0.53,53672,53672
SZ,300450,-0.37,53597,57543
SH,600460,2.54,53167,53167
SZ,301526,7.39,53086,142539
SH,600803,-0.51,53079,53485
SH,600879,-0.05,52921,52921
SH,600350,0.93,52745,52745
SH,600497,0.97,52521,52521
SZ,300548,3.19,51913,52018
SH,600378,0.29,51912,62436
SZ,301269,0.19,51818,51818
SZ,300373,1.43,51704,51819
SZ,300058,-3.18,51647,53315
SH,603659,0.21,51568,51568
SZ,300316,2.11,51245,54490
SZ,000157,-0.68,51043,62442
SH,688110,2.9,50940,50940
SH,688578,1.98,50810,50810
SH,601377,-0.67,50693,50693
SZ,300418,-1.9,50609,55334
SH,600418,-4.48,50582,52207
SZ,001872,-0.44,50534,54483
SZ,300803,-1.37,50352,50722
SZ,300567,6.54,50314,61992
SH,688048,6.57,50310,50310
SH,600895,-0.82,50224,50224
SH,688469,3.39,50128,71588
SH,600741,-0.68,50097,50097
SH,600498,3.73,49848,53240
SZ,000783,0.45,49605,49605
SZ,301358,-0.44,49574,54984
SH,603979,1.35,49567,49567
SZ,000963,0.5,49014,49034
SH,600196,0.97,48683,61366
SH,601699,0.18,48670,48670
SH,688432,1.64,48099,48099
SH,601298,-0.44,47936,57706
SH,688147,5.16,47840,47840
SZ,002636,10,47798,48041
SH,688375,2.55,47735,47735
SZ,002074,-1.15,47465,49596
SH,601117,-0.76,47243,47379
SZ,000066,-1.42,46835,46839
SH,688729,2.59,46433,78500
SH,600726,-0.79,46422,49105
SH,601618,-1.13,46417,53798
SZ,002414,0.15,45915,57698
SH,601607,-0.05,45799,60891
SH,603629,2.76,45415,46171
SZ,301377,7.09,45314,194365
SH,603129,0.22,45296,45296
SH,601208,7.26,45246,45246
SH,600377,0.08,45246,59949
SH,688223,-0.89,45083,45083
SH,601058,-0.57,44883,44883
SH,600930,-0.94,44799,173949
SH,688331,5.54,44758,70989
SH,601021,-1.54,44690,44690
SH,688146,-0.01,44642,163027
SH,601198,-0.42,44543,44543
SZ,002203,4.27,44331,45927
SH,688047,-1.08,44242,44242
SH,688808,8.83,43995,234080
SH,603083,4.46,43989,58780
SH,600985,-1.14,43927,43927
SZ,002812,-0.83,43804,52255
SH,688220,0.41,43553,43553
SH,600352,1.91,43432,43432
SH,603268,3.44,43431,189685
SZ,300395,3.13,43254,44366
SH,688627,5.08,43197,43197
SH,688187,1.12,43107,66016
SH,601878,-0.41,42994,42994
SH,600027,-0.84,42853,53995
SH,605376,-0.83,42497,42497
SH,688188,-1.64,42478,42478
SH,688009,-0.39,42415,52102
SH,600570,-3.4,42380,42380
SH,688728,2.15,42074,42103
SH,600143,-1.23,42025,42639
SH,603260,1,41921,41921
SH,600392,5.26,41770,41770
SZ,000999,-0.31,41384,41422
SZ,000811,4.91,41376,41972
SH,600667,3.03,41308,41308
SH,600021,-1.14,41199,41199
SH,600909,0.86,41048,41048
SH,600206,10,40778,40778
SH,688099,-2.64,40685,40685
SH,600061,-0.92,40666,40666
SH,600642,-1.19,40374,40376
SH,601212,0,40282,40282
SH,603699,2.49,40235,41144
SH,688303,0.96,40197,40197
SH,600995,-0.94,40142,40142
SZ,002236,-1.81,39956,54629
SH,601555,0.13,39799,39799
SH,603806,1.26,39731,39731
SZ,300979,-1.15,39701,39701
SZ,002407,1.19,39397,43475
SH,688336,2.95,39389,39389
SZ,003031,3.58,39377,52214
SH,603379,-1.89,39376,39376
SH,600588,-3.91,39364,39364
SZ,002945,-1.34,39339,39339
SH,600968,-0.76,39237,39237
SZ,002155,-0.19,39219,39223
SH,600578,-0.33,39164,39164
SH,603650,2.38,39112,39207
SH,601108,-0.23,39054,39054
SH,601456,-0.77,38955,50557
SZ,000893,-0.51,38910,44290
SH,601216,-0.85,38730,38730
SZ,000559,-1.09,38678,38690
SZ,002294,2.01,38486,38495
SH,603087,0.47,38450,40971
SH,688433,6,38449,38449
SZ,000987,-1.02,38402,38431
SH,601777,-1.73,38339,38339
SZ,002850,1.9,38242,52227
SZ,002078,-1,38206,39274
SH,600845,-5.53,38178,51128
SH,601665,-0.63,38154,38154
SH,688295,-3.76,38097,38097
SZ,300919,1.37,37878,43251
SZ,002138,1.69,37781,39751
SZ,300346,2.97,37759,39783
SH,600600,-0.85,37655,72439
SZ,002195,-3.03,37626,37966
SZ,002738,-0.07,37620,38592
SH,600141,-2.4,37530,37530
SH,601126,1.81,37525,37890
SZ,002273,0.33,37444,38117
SH,603392,0.79,37211,37211
SH,601577,-1.06,37151,37159
SH,688472,-0.09,37124,37124
SZ,002653,2.98,37076,77353
SH,600901,-0.3,36943,36952
SZ,000983,-2.69,36844,36844
SZ,002429,1.37,36738,36759
SZ,300037,-0.35,36678,50571
SH,600711,3.86,36593,36593
SZ,000688,0.1,36571,36571
SZ,001203,0.54,36371,42696
SH,600256,1.43,36243,36243
SZ,300001,-0.08,36205,37053
SH,688300,9.95,36129,36129
SZ,002056,2.35,36059,36097
SH,601808,-0.56,35999,58023
SH,600869,3.91,35976,35976
SZ,000596,-2.37,35957,46517
SZ,300972,-2.2,35932,39110
SZ,002129,0.23,35912,35943
SZ,002966,-0.6,35867,36481
SZ,300866,0.87,35769,68008
SZ,300017,2.04,35568,37510
SH,601611,-2.24,35292,35292
SH,688322,1.06,35267,45461
SZ,002340,1.48,34770,34951
SH,605589,3.87,34733,34753
SH,603298,0.42,34723,34723
SZ,300672,12.51,34723,35839
SZ,002444,-0.22,34711,36157
SZ,000878,3.67,34482,41737
SZ,300454,-5,34474,51658
SH,600157,-1.85,34472,34472
SH,600177,0.13,34406,35323
SH,605358,2.35,34363,34363
SH,688122,-1.57,34101,34101
SH,688536,3.14,34021,34629
SH,600707,3.27,34011,34018
SZ,000423,-1.1,34011,34071
SZ,300782,0.17,33847,43417
SZ,002432,1.86,33825,33870
SH,688668,4.53,33775,33775
SH,600085,-0.88,33752,33752
SH,688775,-3.55,33512,51813
SH,603225,1.47,33338,33516
SZ,301511,13.64,33301,56029
SZ,002517,-1.55,33286,37644
SH,601598,-0.3,33214,46199
SH,600733,-1.43,33187,34956
SH,603369,-1.84,33140,33140
SH,600060,0.04,33115,33238
SZ,302132,-2.48,33060,150733
SH,603486,-1.27,33054,33356
SZ,300751,0.89,32954,47659
SH,688027,-0.72,32948,42166
SH,603308,0.85,32920,32920
SZ,002126,1.05,32871,35008
SH,601696,-0.66,32808,32808
SZ,002032,-0.86,32755,32770
SZ,002601,-0.83,32676,39197
SH,601236,-0.85,32618,32618
SZ,301236,-2.29,32379,42660
SZ,300251,-2.17,32305,34147
SZ,300870,-1.41,32108,32112
SH,600109,-0.45,32088,32088
SZ,002252,-0.81,32019,32040
SH,688235,3.3,31972,428570
SH,688025,6.53,31937,31937
SH,603606,-0.43,31928,31928
SH,688599,-1.58,31882,31882
SZ,300832,-0.76,31820,36599
SH,603568,-0.18,31567,31567
SZ,300748,3.22,31528,38633
SZ,000728,-0.68,31419,31419
SZ,300207,-1.12,31365,33809
SH,688676,-0.4,31302,31302
SZ,002378,-0.79,31264,31429
SH,688266,4.6,31071,31071
SZ,000876,-0.85,31005,31024
SZ,002555,-1.61,30922,43094
SH,601162,-1.9,30867,36166
SZ,002131,-4,30796,35620
SH,688362,3.58,30792,30792
SZ,000967,-2.23,30756,30770
SZ,002261,-2.11,30739,33792
SH,600801,-0.42,30738,47630
SZ,000002,-3.06,30706,37701
SH,600563,-0.86,30605,30605
SH,600348,-1.04,30519,30519
SH,600863,-1.26,30481,36590
SZ,000786,-2.53,30479,30708
SZ,000661,1.44,30463,31097
SH,600259,6.46,30437,30437
SH,603127,4.8,30432,36328
SH,688301,6.11,30413,30413
SH,600562,-3.12,30326,30326
SZ,000800,-1.27,30312,30315
SH,688213,1.88,30141,37483
SZ,002859,3.5,30059,31837
SZ,000060,2.43,29978,29978
SZ,000027,-1.09,29972,29972
SH,600871,-0.44,29939,41895
SZ,000883,-0.85,29936,32707
SH,688333,8.45,29915,29915
SH,600282,-2.21,29901,29901
SH,600332,-0.78,29833,34499
SZ,002025,0.31,29824,29834
SZ,002673,-0.73,29812,29812
SZ,000958,-1.26,29393,100008
SH,688052,2.01,29332,33442
SZ,300347,4.11,29270,44489
SH,600699,-1.49,29253,32504
SZ,300339,-2.78,29241,29945
SH,688617,-1.49,29234,29234
SH,600483,-1.4,29219,29219
SZ,002939,-1.09,29218,32719
SH,688385,1.63,29176,44555
SH,600428,-0.57,29172,32735
SZ,000629,0,29172,29174
SZ,301396,3.21,29150,44274
SZ,300558,12.38,29113,29206
SH,688387,1.48,29021,49196
SH,688568,-2.47,28970,28970
SZ,002472,-1.22,28941,32861
SH,688318,-1.92,28922,28922
SH,600398,-0.65,28913,28913
SH,603198,-2.05,28896,28896
SH,688180,2,28893,38706
SZ,002240,1.12,28729,28804
SH,688411,1.87,28472,39184
SH,600331,6.22,28468,37009
SH,600517,-1.96,28421,28421
SH,600737,3.59,28404,28404
SH,601990,-0.88,28395,29522
SZ,002245,3.94,28373,30157
SH,603338,-1.14,28361,28361
SH,603766,-1.49,28339,28339
SH,688102,4.91,28263,28345
SH,688167,4.07,28258,28258
SH,601933,-2.16,28114,28114
SZ,300458,0.23,28009,34181
SZ,000737,3.61,27902,27904
SH,601000,-0.83,27852,27852
SZ,000959,-1.05,27794,28926
SH,600079,0.56,27638,29233
SZ,000962,1.78,27584,28915
SH,600499,-0.27,27540,27540
SH,603061,2.7,27496,27496
SH,688169,0.15,27455,27455
SZ,002608,-1.08,27353,27353
SH,603444,-1.02,27344,27344
SZ,002797,-1.65,27316,27316
SH,600369,-0.72,27245,27245
SH,603823,-2.15,27214,27214
SZ,000981,-4.97,27208,28593
SH,688127,4.46,27187,27187
SZ,002747,-0.22,27173,33612
SH,600777,-2.28,27120,28970
SH,603179,-2.33,27090,27090
SZ,300570,2.19,27080,32002
SH,688297,-1.56,27034,27034
SH,600330,1.2,27025,27025
SH,688248,-1.11,26902,26902
SH,601880,-0.67,26883,34415
SZ,300432,0.51,26831,27134
SZ,000877,-1.81,26807,26807
SZ,003022,0.9,26795,26818
SZ,000582,-0.79,26788,31262
SH,600595,1.98,26773,26773
SH,603939,-1.95,26709,26709
SH,601799,-1,26631,26631
SH,600536,-4.02,26533,29368
SH,603688,2.96,26531,26531
SH,603920,3.8,26352,26352
SZ,002487,-0.16,26303,30854
SZ,300814,9.42,26241,26241
SZ,002465,-1.02,26241,26283
SH,688065,0.67,26182,32371
SH,688608,-3.11,26157,26157
SH,688548,1.72,26128,49873
SH,688018,0.37,26117,26117
SH,600299,-2.41,26117,26117
SH,600515,-2.4,26060,32448
SZ,000739,5.4,25973,25984
SZ,002180,-3.24,25913,27087
SZ,300236,1.16,25894,29132
SH,601615,-0.86,25736,25736
SZ,001389,5.06,25735,79845
SZ,300209,-0.28,25682,32103
SH,600546,-2.11,25653,25653
SH,600704,-1.38,25597,25597
SZ,002841,-2.39,25457,34141
SZ,000932,-1.06,25423,25423
SH,601918,1.13,25413,25413
SH,600521,3.1,25408,25408
SH,600208,1.02,25354,25357
SZ,002015,-1.07,25291,25291
SH,603119,-0.25,25279,25279
SZ,002223,-0.62,25272,26886
SH,600396,-1.09,25272,25272
SH,688192,4.46,25265,25482
SZ,000951,-1.99,25250,25250
SZ,002456,-4.75,25247,26604
SH,600918,-1.07,25187,43709
SH,601069,-1.21,25063,25736
SH,600862,-1.52,25061,25061
SZ,002152,-2.88,25020,25032
SH,600998,0.2,25011,25011
SZ,300438,0.16,24937,31056
SZ,002046,1.6,24934,25217
SH,600153,-1.37,24907,24907
SZ,001267,5.33,24878,32091
SZ,000547,-0.37,24790,24936
SH,600583,-0.17,24715,24715
SZ,000887,-0.2,24710,24750
SZ,300024,0.7,24699,24705
SZ,300903,9.16,24670,30568
SH,603345,0.06,24657,28020
SZ,300255,3.75,24629,24668
SH,603049,-0.72,24623,42640
SZ,000830,0.31,24545,24547
SZ,301018,4.12,24543,32480
SH,601155,-2.32,24541,24541
SZ,000921,-1.14,24526,36768
SH,601717,-1.11,24474,28334
SH,688195,4.27,24411,24411
SZ,002266,0.6,24358,26253
SZ,000415,-0.21,24322,27892
SH,688403,3.69,24281,24281
SZ,000062,0.65,24179,24202
SH,600323,-1.88,24167,24167
SZ,001270,1.54,24165,24319
SH,603160,-1,24101,24101
SH,605090,0.23,24091,24116
SH,600161,-0.64,24065,24065
SZ,300383,-1.75,24062,24106
SH,600295,0.25,24043,34061
SH,688820,2.03,24039,258981
SZ,301205,1.03,24035,37334
SH,688475,-1.38,23972,23972
SH,603885,-1.33,23946,23946
SZ,000738,-0.81,23936,23936
SH,600166,-0.65,23911,23911
SH,603678,2.89,23869,23869
SZ,920185,0.57,23856,24255
SH,600566,-4.2,23838,23919
SH,601399,-1.19,23805,23805
SZ,300677,2.13,23690,33314
SH,603596,-4.06,23680,23680
SH,688778,-0.69,23609,23609
SZ,300811,2.37,23552,28695
SZ,002430,-1.1,23529,23539
SH,603663,0.89,23525,23541
SH,688001,1.49,23508,23508
SH,600246,0.97,23498,24151
SH,601928,-2.23,23362,23362
SH,600100,-2.51,23352,23352
SH,601118,2.25,23323,23323
SH,605111,1.78,23304,23304
SH,600977,-1.1,23263,23263
SH,688349,-1.38,23258,23661
SH,601866,-0.82,23208,31386
SH,600535,0.19,23186,23186
SH,600095,-1.57,23131,23131
SH,601099,-1.73,23107,23107
SZ,002244,-2.33,23053,26012
SH,600353,4.98,23041,23041
SZ,301536,3.12,22970,51749
SZ,000400,-1.21,22920,23000
SZ,000733,-1.23,22867,22871
SH,603301,-0.92,22831,22831
SH,601606,-3.48,22828,22828
SH,603306,2.53,22804,22804
SZ,002603,1.85,22795,27667
SH,601228,-1.3,22784,22784
SH,603730,-0.84,22689,22689
SH,603605,-1.35,22614,22614
SZ,300496,-2.74,22599,28234
SZ,002379,5.14,22534,258407
SH,600388,-0.38,22454,22454
SZ,002157,-1.02,22428,26640
SH,600884,-2.77,22425,27442
SH,603186,10,22421,22421
SH,601128,-1.12,22400,22400
SH,600486,0.89,22368,22368
SH,601865,10.02,22337,27529
SZ,002085,-1.4,22295,22295
SH,600873,0.51,22266,22266
SH,601567,-1.85,22230,22230
SZ,002498,-2.19,22223,22223
SH,689009,-4.48,22219,29081
SZ,300738,-1.87,22160,22167
SH,688278,-0.54,22157,22157
SH,688425,-0.47,22134,22134
SH,601666,0.22,22076,22076
SH,688257,5.38,22044,22044
SZ,000155,-0.24,22043,22043
SH,601608,-0.61,22028,22028
SH,603881,-1.76,22025,22025
SZ,002271,-1.53,21998,27446
SZ,002396,0.07,21995,22086
SH,601963,-1.27,21988,39195
SH,688400,2.43,21969,22845
SZ,000750,-0.51,21968,24204
SH,688205,3.1,21949,21949
SZ,300806,2.04,21888,30375
SH,603565,-0.66,21883,21883
SH,600390,-1.41,21816,21816
SZ,000709,-1.39,21808,21811
SH,688343,0.25,21799,21799
SH,603728,-0.3,21786,21786
SZ,002364,0.78,21677,21889
SZ,300776,3.33,21632,34411
SH,600126,-3.17,21580,21580
SZ,002926,-0.72,21551,21551
SZ,002536,4.39,21509,22710
SZ,300474,-0.39,21494,27636
SH,603005,1.86,21456,21456
SH,600550,-2.17,21435,21435
SH,688819,-0.8,21425,21425
SZ,000623,-0.54,21418,21502
SH,600745,0.24,21401,21401
SH,603773,10,21360,21368
SZ,000603,2.11,21308,22051
SZ,000598,-0.27,21303,21306
SH,600685,-1.14,21209,36497
SZ,300699,-1.4,21209,21466
SH,600598,-2.2,21208,21208
SZ,002317,1.5,21181,23637
SZ,300083,6.61,21173,23624
SZ,000034,-2.49,21169,25347
SH,601677,0.53,21161,21161
SH,603077,-0.41,21108,21108
SZ,002468,2.59,21081,21860
SH,601016,-2.5,21074,22840
SH,688372,2.67,21065,21065
SZ,000158,-3.98,21040,21182
SH,603290,1.69,21028,21028
SZ,002895,0.49,21021,21243
SH,600132,-1.22,21019,21019
SZ,300073,-0.45,20952,22539
SZ,003035,-1.42,20909,20909
SZ,002065,-3.48,20908,23047
SH,600961,3.04,20893,29815
SH,600329,-0.26,20852,28316
SH,600008,-0.69,20847,20847
SZ,000564,-2.81,20831,24920
SH,600516,-0.76,20814,20814
SH,600688,-0.69,20814,29941
SZ,002423,-2.16,20760,20760
SH,688502,3.69,20751,20751
SZ,300398,2.53,20688,20801
SH,600765,-1.1,20679,20679
SZ,300896,-1.43,20674,30598
SH,603337,-1.82,20591,21004
SZ,002545,-2.19,20569,22642
SH,601858,-0.98,20569,20569
SH,600848,-1.25,20564,21668
SZ,001896,2.67,20552,20552
SH,688114,-1.09,20516,20559
SH,600970,0,20476,20476
SH,601997,-0.7,20475,20475
SZ,300487,2.93,20465,33827
SZ,002335,0,20445,23379
SH,603899,-1.45,20404,20404
SZ,002831,-1.95,20377,36756
SZ,300762,0.9,20352,20352
SZ,002624,-1.41,20306,21553
SZ,000009,5.07,20299,20324
SH,603737,-2.42,20266,20266
SZ,000519,-0.26,20234,20234
SZ,000683,-1.3,20165,22450
SH,603516,0.77,20140,20140
SH,603667,-0.3,20127,21058
SZ,300821,0.06,20108,20112
SZ,002299,-0.89,20083,20481
SZ,002491,3.09,20035,20947
SZ,002948,-1.04,20006,33060
SZ,300003,0.08,19989,23338
SZ,002716,-0.34,19950,24250
SZ,300012,-0.49,19937,23442
SZ,000825,-1.95,19937,19937
SZ,300623,1.49,19921,21601
SH,603115,1.84,19909,19909
SZ,000029,-0.57,19848,22520
SZ,300085,-2.46,19815,21475
SH,600582,-1.03,19782,19782
SZ,000039,1.06,19769,46322
SH,688123,3.27,19750,19750
SZ,300088,1.4,19735,19832
SH,601158,-0.47,19728,19728
SH,603816,-2.29,19728,19863
SZ,002130,-0.45,19670,24008
SH,688268,1.82,19644,19644
SZ,300763,-1.08,19630,24214
SH,688005,-1.6,19616,19616
SH,603876,2.23,19608,19608
SH,603358,0.59,19524,19861
SH,603236,-2.43,19467,19467
SH,688097,0.79,19443,19443
SH,601101,5.9,19397,19397
SZ,002497,0.38,19390,21092
SH,603833,-3.8,19353,19353
SZ,301035,-0.48,19352,19381
SH,600500,7.39,19305,19305
SH,688233,3.1,19245,19245
SZ,300142,0.08,19225,19496
SZ,300843,2.75,19202,19586
SZ,002461,-1.69,19167,19167
SZ,002518,1.1,19159,19737
SH,688596,7.92,19143,19143
SH,600967,-1.57,19128,19128
SH,603530,-0.68,19125,19301
SH,601187,-1.48,19118,19160
SZ,002265,-1.32,19111,19111
SZ,002500,-0.92,19062,19062
SZ,300456,1.11,19023,23314
SH,600602,-2.42,19015,24208
SH,603618,3.7,19006,19006
SZ,002262,0.28,18992,21829
SH,688523,1.33,18924,18924
SZ,002149,0.36,18886,18889
SZ,002318,-0.69,18842,19299
SZ,001337,-0.39,18829,18829
SH,600012,0.56,18801,27560
SZ,000429,1.41,18755,30087
SH,600927,-2.19,18725,18725
SZ,000686,-0.98,18724,18724
SH,600339,-0.58,18704,18704
SZ,002120,-1.18,18664,19222
SZ,002739,0,18634,18900
SZ,002683,0.32,18630,21239
SZ,300747,1.22,18624,20038
SH,688388,6.74,18596,18596
SH,688131,8.5,18594,18594
SH,603132,-1.03,18592,18592
SH,688208,-2.28,18591,18591
SH,601098,-2.17,18571,18571
SH,603950,-0.68,18522,18537
SH,600007,-0.26,18494,18494
SH,603000,-3.4,18465,18465
SZ,301171,-4.26,18459,22749
SH,600131,-2.7,18441,18458
SH,600518,-0.74,18384,18392
SH,601139,-0.46,18354,18354
SH,600380,0.2,18349,18349
SZ,300627,-1.3,18299,22096
SH,600114,3.74,18294,18739
SZ,002044,-1.45,18286,18475
SH,600316,-2.33,18236,18236
SH,688363,-0.59,18232,18232
SH,603658,-0.36,18223,18223
SZ,301297,2.01,18197,23919
SZ,300122,0.39,18174,30760
SZ,000997,-3.52,18154,18256
SH,600110,9.99,18150,18150
SH,600226,4.27,18144,18144
SH,688561,-5.45,18059,18059
SH,601636,0.83,17989,17989
SH,688281,-0.85,17981,17981
SZ,002670,-2.28,17970,21421
SZ,002389,-3.9,17933,17935
SH,601969,-0.32,17930,18039
SH,601609,1.07,17926,17926
SZ,002270,-2.19,17924,17925
SH,600004,-1.16,17916,19510
SH,688795,0.89,17871,277899
SZ,000969,0.29,17870,18027
SH,600397,6.87,17869,17869
SH,600629,-0.37,17856,17856
SH,688503,1.07,17850,17850
SZ,300503,2.07,17748,22679
SH,688652,4.65,17727,24664
SH,600606,-3.07,17708,17708
SZ,000032,-0.13,17693,17693
SZ,300953,-0.28,17682,24600
SH,600655,-1.51,17660,17666
SZ,000543,-0.25,17659,17659
SH,605020,-0.9,17602,17879
SH,601975,0.54,17551,17551
SZ,002552,10.01,17541,18468
SH,600186,1.24,17534,17569
SH,605198,3.07,17515,21635
SH,603529,-1.8,17511,17855
SH,600038,-1.05,17493,21440
SZ,000937,-2.31,17486,17996
SH,603638,-0.74,17473,17473
SZ,002192,0.67,17465,17501
SH,600032,-1.62,17410,17410
SZ,920438,-0.55,17409,18042
SH,688449,4.79,17396,27292
SH,688692,-2.29,17375,26530
SH,688392,8.68,17360,17360
SZ,300102,0.59,17320,17404
SZ,001287,0.26,17318,17318
SH,600120,-1.16,17282,17282
SH,600664,9.97,17227,17227
SZ,000591,-1.55,17214,17220
SH,603871,-1.48,17210,17210
SH,600754,-1.03,17197,20238
SZ,000513,0.27,17164,26824
SZ,300170,-5.73,17139,17947
SH,600552,3.13,17116,17116
SH,603226,-0.28,17113,17113
SH,601020,0.77,17104,17104
SH,603733,1.9,17089,17089
SH,605196,-0.02,17047,17169
SH,600410,-2.68,17040,17040
SZ,002145,-1.31,17015,17016
SZ,000528,-0.47,16972,16996
SZ,000935,-1.85,16933,16933
SH,688549,3.16,16931,42442
SH,603786,-1.82,16930,16930
SZ,300888,-1.24,16929,17005
SH,600820,-0.91,16915,16915
SZ,300724,-0.63,16900,20459
SZ,002925,-0.81,16778,17710
SH,603002,5.34,16773,16773
SH,688582,-0.09,16761,16761
SH,601333,-0.99,16731,20967
SZ,300140,-1.99,16714,16735
SZ,300779,-2.56,16690,21843
SH,600062,0.19,16643,16648
SZ,002957,2.77,16626,16678
SH,688800,-1.6,16594,16594
SZ,000970,1.34,16582,16582
SZ,002237,0,16574,19877
SH,600171,-0.29,16560,16560
SZ,003021,-0.59,16544,21344
SH,601137,2.16,16517,16529
SZ,000766,0,16509,16517
SH,600179,-0.92,16415,17984
SH,688308,3.57,16356,16356
SH,603858,0.45,16346,16346
SH,603938,3.27,16330,16330
SZ,002913,6.05,16320,16957
SH,601156,-0.57,16313,27417
SH,688772,0.49,16289,16289
SZ,000050,-0.44,16271,16271
SH,601966,-1.41,16260,16260
SH,603997,-0.46,16247,16247
SZ,300613,3.69,16229,17204
SH,600739,-0.55,16228,16228
SZ,002611,-0.24,16214,19659
SZ,000682,-1.46,16208,16209
SH,601519,-3.32,16192,16192
SZ,300364,-3.04,16147,17812
SZ,300660,-0.92,16144,16154
SH,600531,2.93,16144,16144
SH,601326,-1.44,16128,18941
SZ,000506,5.16,16094,16100
SZ,300260,1.89,16090,22813
SH,688390,-0.19,16090,16090
SZ,002171,1.01,16073,16164
SH,688106,0.17,16062,16062
SZ,300773,-4.34,16046,16962
SH,600763,-0.13,16031,16031
SZ,300413,-2.79,15990,29277
SH,688661,1.02,15957,15957
SZ,300201,0.19,15938,16024
SH,603355,-2.14,15935,15935
SH,688690,3.54,15930,15930
SZ,300131,2.14,15926,17343
SZ,000898,-2.43,15915,18738
SH,688520,1.8,15876,16767
SH,688380,1.36,15870,15870
SH,688615,-3.54,15868,22981
SZ,002312,-1.05,15824,15857
SH,601921,-1.1,15822,15822
SH,688150,3.97,15816,15816
SH,600528,-1.38,15795,15795
SH,600435,-2.24,15759,15759
SH,600623,-1.87,15702,17740
SH,600459,0.05,15673,16984
SZ,300144,-1.61,15644,15810
SZ,001213,-0.84,15644,15644
SH,688332,1.03,15641,15641
SH,600888,2.03,15640,15640
SZ,002176,-1.28,15604,15627
SZ,002326,-0.51,15594,17772
SH,600750,-0.87,15582,15750
SZ,300735,-1.05,15580,16644
SH,600928,-1.39,15570,15644
SH,601702,0.52,15527,15527
SH,600172,3.07,15527,17450
SH,688545,5.96,15526,30668
SH,603026,-0.48,15517,15517
SH,603283,2.28,15497,15497
SH,600151,-1.81,15490,15490
SZ,300723,1.26,15476,16676
SH,600267,9.98,15473,15473
SZ,000537,-1.04,15459,15459
SZ,300002,-2.78,15456,16426
SZ,000902,0.07,15439,16951
SH,600651,5.5,15393,15393
SH,605296,-1.06,15389,15634
SZ,001331,2.5,15378,22018
SZ,002506,-2.22,15371,15386
SZ,301285,5.06,15356,15356
SH,600761,-0.91,15356,15356
SH,688368,5.4,15347,25284
SH,688484,-0.46,15341,15341
SZ,002405,-3.7,15265,15358
SH,688779,0.89,15260,15260
SH,688003,0.64,15224,15224
SH,600835,-1.09,15219,19008
SH,600808,-1.15,15218,19637
SZ,000723,-3.88,15207,15236
SH,600959,-2.56,15152,15152
SH,688206,1.2,15149,15149
SH,600877,-0.92,15144,15144
SZ,301093,4.23,15139,15857
SH,688353,-0.03,15138,15138
SZ,000563,-1.65,15137,15137
SH,600511,-0.17,15112,20605
SZ,301316,-1.92,15083,15559
SZ,000791,-0.12,15021,25172
SH,603662,-0.73,15013,15013
SZ,301550,-0.95,14996,24501
SH,688531,1.88,14990,21627
SZ,300679,2.38,14978,17702
SZ,000539,-1,14975,30767
SZ,300342,0.25,14964,15187
SZ,300655,0.45,14961,15029
SH,603063,0.84,14949,15010
SH,605289,3.19,14938,14959
SH,600596,1.01,14900,14900
SZ,301389,6.2,14898,14898
SH,600403,-2.8,14895,14895
SZ,002320,-2.05,14890,14890
SZ,301319,-0.08,14879,19742
SZ,300602,1.34,14868,21734
SH,603317,-2.09,14837,14837
SH,601678,-0.26,14835,17489
SH,603826,1.1,14829,14829
SZ,002768,1.45,14792,25602
SH,601568,-0.53,14737,14737
SH,603025,-1.84,14719,14818
SZ,000927,-1.61,14702,14702
SZ,000680,0.18,14698,16772
SZ,301611,4.89,14693,43705
SH,600872,-1.29,14656,14719
SZ,300469,-0.61,14641,14649
SH,688625,3.51,14617,14617
SH,688100,-2.4,14609,14736
SZ,000778,-1.05,14601,14862
SZ,002969,-1.46,14599,14676
SH,600201,1.3,14585,14585
SZ,300319,3.01,14582,15204
SZ,002410,-3.53,14539,15297
SH,600452,-2.56,14536,14536
SZ,002290,2.73,14533,14579
SZ,300323,2.95,14525,19849
SZ,002827,6.82,14518,14573
SZ,301005,2.91,14515,14817
SZ,002773,0.38,14512,19468
SH,601019,-2.93,14483,14483
SZ,002250,0.94,14472,14551
SH,603203,3.45,14465,14633
SZ,002568,-1.76,14404,19687
SH,688603,9.15,14387,14387
SH,688686,1.22,14350,14350
SH,600022,-2.18,14336,14336
SH,600548,-0.7,14333,21216
SZ,000966,-2.37,14307,14307
SH,600744,-1.81,14279,14279
SH,688593,2.61,14278,14278
SZ,301128,4.82,14271,16224
SH,688158,-1.3,14255,16023
SZ,000422,-0.22,14174,14443
SH,600490,1.28,14148,15711
SH,601375,-1.19,14135,19036
SH,603613,-0.4,14087,14087
SH,603738,0.05,14081,14081
SH,601778,-3.07,14073,14073
SH,603456,5.07,14063,14063
SZ,002508,-2.58,14041,14212
SZ,001286,-0.28,14040,39000
SH,603505,-2.11,14022,14022
SH,603009,-0.09,14015,14015
SZ,300720,4.68,14013,14830
SZ,002911,-1.42,13988,14332
SZ,000088,-1.11,13980,22982
SZ,002408,0.4,13948,14413
SZ,300999,-1.48,13946,139335
SH,600621,-1.12,13919,13919
SH,600906,-1.05,13914,21255
SH,601827,-0.35,13910,13910
SZ,002946,-2.79,13892,14055
SZ,001248,-1.87,13886,174113
SH,600633,-3.43,13873,13873
SH,600409,3.23,13872,13872
SZ,300253,-3.74,13817,16399
SZ,300671,2.32,13817,13854
SH,600361,-0.53,13811,13811
SH,600056,0.33,13802,13807
SZ,301219,6.79,13799,19333
SH,603039,-8.69,13791,13791
SH,600710,-1.58,13786,13786
SZ,000612,1.23,13782,13782
SZ,000672,2.31,13756,13756
SH,600475,-2.46,13747,13938
SH,600320,-1.18,13737,21815
SH,601965,-1.85,13728,13786
SH,688538,-0.82,13690,32866
SZ,002249,-1.6,13680,18108
SZ,000685,-0.35,13675,16101
SH,688046,19.99,13663,13663
SZ,300957,-1.03,13663,13737
SH,600779,-1.92,13631,13631
SH,688535,3.21,13630,14624
SH,600301,1.17,13626,31306
SH,603078,3.31,13621,13621
SH,603305,-0.83,13614,13614
SZ,001339,0.45,13587,27445
SH,688031,-2.05,13578,13578
SH,600456,-0.17,13574,13574
SH,688088,-2.78,13564,13564
SH,600816,-2.35,13563,24414
SH,601133,1.73,13550,13597
SH,600783,-0.75,13547,13547
SH,688401,1.26,13538,14380
SZ,300455,-1.59,13535,13709
SZ,002867,-1.71,13532,13612
SH,688258,-1.81,13524,13524
SH,605389,1.33,13523,14275
SZ,001696,-1.23,13523,17370
SH,688143,5.47,13511,14219
SZ,002906,-2.27,13488,13496
SZ,300179,2.97,13478,17505
SZ,001301,-1.34,13478,18894
SH,600366,2.51,13463,13463
SZ,002048,-0.72,13455,15432
SZ,002226,1,13430,13430
SH,688006,-1.28,13420,13420
SZ,000534,1.1,13413,13600
SZ,002979,-0.45,13392,18997
SH,600933,-1.15,13371,14039
SH,688055,-0.24,13367,13367
SH,603868,-1.5,13329,13329
SZ,000089,-1.51,13309,13309
SZ,002534,0.63,13288,13459
SZ,301275,-0.84,13286,18653
SH,688029,-0.27,13262,13262
SZ,002563,-1.63,13243,16165
SZ,300184,0.56,13235,14455
SZ,002975,3.38,13216,20026
SH,600064,-1.03,13202,13202
SH,600258,-1.57,13198,13198
SH,600416,-2.93,13149,13149
SZ,002010,-2.05,13125,13157
SH,600675,-3.97,13120,13120
SZ,002645,3.83,13101,14505
SH,600575,-1.16,13097,24152
SZ,002507,-1.38,13084,13120
SZ,000799,-1.96,13080,13082
SH,600057,-1.56,13078,17744
SZ,000711,7.66,13049,16182
SZ,002153,-4.67,13022,22216
SZ,002167,0.53,13012,13286
SZ,300718,-3.39,13005,19758
SH,600167,-2.38,12966,12966
SZ,300229,-5.11,12947,12956
SH,688028,3.87,12935,12935
SH,600916,-0.64,12902,12902
SH,688107,3.11,12887,12887
SZ,002151,-1.51,12868,15777
SH,605099,-2.22,12841,12869
SH,688222,3.76,12838,12838
SZ,000069,-3.62,12831,14950
SZ,300100,-1.15,12819,13311
SH,688516,-0.45,12808,12808
SH,603707,-0.24,12796,12796
SZ,300436,0.84,12785,14893
SH,600764,-1.95,12770,12770
SZ,002354,-3.32,12729,12955
SH,600063,3.54,12725,12725
SH,600113,0.75,12713,13014
SZ,000785,-3.09,12712,13637
SZ,300457,-1.08,12697,12904
SZ,002643,1.81,12694,12887
SH,600821,-0.3,12689,12689
SZ,002372,0.23,12687,13739
SZ,300166,-0.91,12681,15942
SH,600529,-1.08,12675,12675
SH,603698,0.08,12655,12655
SZ,300409,0,12650,14213
SZ,301095,1.65,12605,14590
SH,688260,-1.69,12600,12600
SH,600271,-3.4,12600,12600
SH,603800,0.18,12582,12582
SZ,002792,10,12564,19481
SH,600343,0.56,12554,12554
SH,688059,2.53,12549,13409
SH,603031,1.5,12541,14913
SH,600338,1.78,12534,12534
SZ,300296,-1.63,12485,14618
SH,600285,-0.85,12463,12477
SZ,002440,0.84,12445,14781
SH,603515,-1.57,12424,12500
SZ,002901,-0.59,12407,17811
SZ,002755,1.52,12400,12400
SZ,000070,1.47,12397,12566
SZ,000815,-2.72,12383,12383
SZ,300593,1.78,12382,14919
SZ,002936,-1.67,12372,16002
SH,600211,1.08,12351,12351
SH,603556,-6.16,12351,12351
SZ,002929,-0.44,12336,16312
SH,600850,-3.81,12325,12325
SH,600776,-2.57,12294,16152
SZ,000762,-0.45,12291,12291
SH,688809,1.24,12277,61386
SZ,002701,-0.82,12275,12287
SZ,301029,-0.69,12264,17217
SH,603888,-3.44,12246,12246
SZ,300835,3.13,12246,17473
SZ,000758,1.15,12234,12281
SZ,002091,-0.9,12226,12420
SH,688567,-1.85,12221,12221
SH,600116,-1.68,12219,12219
SZ,000592,-4.49,12180,12286
SH,600827,-1.93,12178,13542
SH,600702,-3.92,12169,12174
SH,605118,1.47,12143,12215
SZ,300034,-1.24,12135,12608
SH,601339,-0.73,12132,12132
SH,603757,10,12127,12127
SZ,301150,6.54,12123,12924
SZ,000681,-3.02,12123,12561
SH,600755,-0.69,12111,12142
SZ,301626,-0.19,12102,26605
SZ,002399,0.1,12098,14233
SZ,300459,-3.65,12097,12938
SH,688116,-1.42,12088,12088
SZ,301015,2.5,12083,12084
SZ,301238,-0.65,12078,12078
SH,601107,-1.23,12046,17033
SH,688020,20,12044,12044
SH,688202,9.36,12019,12019
SZ,002698,9.98,11995,14531
SH,600589,-1.33,11990,12016
SH,688559,2.72,11987,11987
SZ,920808,0.67,11964,12286
SZ,002268,-4.51,11952,11957
SZ,002096,0.94,11933,11933
SZ,000567,-1.91,11925,11962
SZ,000973,-0.87,11919,30285
SZ,002183,-2.34,11894,11894
SZ,300133,-2.71,11882,13386
SZ,301666,2,11879,195425
SZ,002745,1.55,11865,16548
SH,603267,-0.13,11861,11861
SZ,300070,-1.7,11850,12504
SZ,301123,2.37,11847,16842
SZ,002847,-2.64,11846,13126
SZ,001258,3.77,11807,11807
SZ,300761,-1.43,11799,15674
SZ,000901,-1.06,11765,11765
SH,603389,-2.85,11761,11761
SH,603991,1.18,11755,20049
SZ,002947,2.97,11751,15157
SZ,000553,-1.99,11734,12558
SZ,300182,-4.59,11726,13825
SZ,002287,0.39,11704,11728
SH,601512,-1.01,11691,11691
SH,603589,-2.14,11681,11681
SZ,300682,-3.4,11675,12206
SZ,300769,-0.38,11674,12992
SZ,920116,2.92,11650,11650
SZ,300726,0.95,11646,22367
SH,603297,-0.06,11627,11627
SZ,002668,-1.1,11622,11622
SZ,002531,-2.25,11614,11680
SZ,002607,-3.68,11586,12890
SZ,002400,-3.16,11583,11698
SZ,002597,-0.14,11572,11594
SH,601068,-1.08,11569,13501
SH,688660,-3.12,11547,11547
SZ,003036,1.93,11536,11536
SH,688306,-1.25,11521,11521
SZ,002092,-0.44,11513,11577
SZ,300468,-8.38,11507,11526
SH,600162,0.28,11505,11505
SZ,002416,-3.28,11505,11649
SH,601992,-2.81,11501,14735
SH,600058,2.49,11480,11480
SZ,003018,2.41,11480,12668
SH,600986,-4.09,11468,11468
SH,600420,-0.34,11467,11467
SZ,301039,-1.49,11460,14787
SH,600461,-0.1,11455,11455
SZ,000801,-1.82,11450,11454
SZ,001280,1.74,11449,136293
SH,603118,-1.61,11447,11447
SH,688321,3.54,11443,12429
SZ,300573,1.91,11429,14882
SZ,000156,-2.74,11423,12452
SZ,300357,0.34,11387,12320
SZ,000048,-0.45,11380,11399
SH,600315,-2.13,11374,11374
SH,603983,0.21,11372,11372
SZ,000839,-7.63,11367,11367
SZ,301293,0.04,11356,11356
SH,601222,-1.58,11349,11349
SZ,000990,1.37,11348,11348
SZ,301047,5.43,11334,11529
SZ,300775,-1.52,11319,11657
SH,688016,0.17,11313,11313
SZ,002174,-1.94,11310,11317
SH,600635,-3.1,11296,13788
SZ,300302,1.66,11278,14656
SH,601619,-0.21,11273,13486
SZ,300428,0.11,11273,12951
SH,600268,-1.67,11272,11273
SZ,002366,-4.83,11269,12673
SZ,301071,3.49,11249,15303
SH,601952,-1.68,11244,11244
SH,603927,-3.55,11244,11244
SH,688508,9.45,11225,11225
SZ,300674,-4.19,11220,11237
SZ,002258,-1.81,11220,11238
SZ,000035,-2.21,11218,11582
SZ,002024,-2.41,11196,11210
SZ,300146,-1.08,11196,16900
SH,688090,8.41,11172,11172
SH,688105,10.32,11167,11167
SZ,002987,-5.24,11163,11455
SZ,002654,6.28,11157,11158
SH,603040,1.76,11138,11196
SZ,002051,-1.19,11136,11136
SH,600859,-2.16,11126,11127
SZ,002544,-2.03,11112,11113
SZ,002413,-1.37,11102,11307
SZ,002083,0.34,11095,11095
SH,600882,-1.79,11074,11074
SH,603601,-0.09,11069,11069
SZ,300607,-0.26,11053,15621
SH,600864,-2.02,11048,11048
SZ,300065,-0.35,11029,12115
SZ,002539,2.91,11007,14940
SZ,300638,-3.21,10996,18642
SZ,300224,0.85,10979,11019
SZ,002741,6.78,10979,11963
SH,603906,-0.7,10967,15411
SZ,300601,-0.4,10967,13604
SH,688182,5.34,10964,10964
SZ,002297,2.08,10952,10952
SZ,300204,1,10951,13068
SZ,301486,2.98,10947,19338
SZ,300827,-1.44,10944,13956
SH,603281,-0.65,10943,10943
SZ,002182,-1.01,10940,12536
SH,603185,-2.41,10939,11004
SH,600619,-2.32,10938,14877
SZ,002246,-0.19,10926,10926
SZ,002217,-1.31,10919,11219
SZ,300376,-3.09,10916,10919
SH,600612,-1.79,10899,17980
SH,688198,-0.69,10899,10899
SZ,002011,-1.43,10891,11024
SZ,000099,-2.29,10884,10884
SZ,002348,1.52,10870,11947
SZ,000949,1.23,10867,10869
SH,603393,-0.77,10852,10852
SH,603093,-1.49,10835,13607
SH,603328,10.04,10833,10833
SZ,002139,-0.87,10829,12606
SH,603124,8.32,10826,20331
SH,603713,0.71,10818,10818
SH,688063,-1.29,10811,10811
SZ,000767,-2.61,10804,11415
SZ,301338,4.59,10800,14823
SZ,300077,1.28,10794,12925
SH,600572,0.24,10760,10789
SZ,002807,-1.23,10760,10776
SH,600908,-1.46,10756,11807
SH,603992,-1.77,10739,10739
SZ,002897,2.27,10704,11253
SZ,000700,0,10695,10695
SZ,301188,4.04,10691,10691
SZ,000810,-1.93,10673,11053
SZ,002373,-3.36,10663,12231
SH,600006,-2.37,10660,10660
SZ,300185,-1.41,10655,11180
SZ,300315,-3.22,10649,11345
SZ,002839,-1.12,10647,10657
SZ,002310,-2.41,10646,14518
SZ,300139,-1.14,10634,12470
SZ,000998,-1.93,10634,11888
SZ,000028,-1.02,10617,12361
SH,603693,-2.29,10609,10609
SZ,000899,-1,10567,10567
SH,688359,7.63,10566,10566
SH,600367,4.19,10564,11193
SZ,300777,-0.32,10562,10777
SH,601801,-2.87,10553,10553
SH,600395,-2.95,10540,10540
SZ,002254,0.24,10530,10542
SH,601163,-1.19,10520,10520
SH,603099,-0.45,10505,10505
SZ,002583,-4.09,10493,14876
SZ,002931,1.87,10477,11301
SH,688698,-1.01,10476,10476
SZ,301127,7.53,10471,10785
SH,600184,0.39,10466,10466
SZ,002655,3.23,10457,10478
SZ,002003,-1.82,10446,12150
SH,600509,-1.16,10445,10445
SZ,301207,-0.22,10445,10452
SH,600773,-1.78,10420,10420
SZ,002439,-2.58,10419,17323
SZ,301021,4.34,10396,10407
SZ,300353,-1.68,10375,11812
SZ,002276,-1.8,10373,10414
SH,600480,-1.6,10361,10438
SZ,000555,-4.74,10360,10372
SH,603303,6.32,10354,10354
SH,603859,-2.66,10348,11266
SZ,000690,-1.65,10329,10335
SH,600446,-4.01,10326,10326
SH,603619,-0.57,10310,10310
SH,603235,-0.83,10288,10288
SH,688160,-0.39,10284,10284
SZ,000828,-0.69,10281,10281
SH,603218,-0.98,10269,10278
SZ,002081,-2.99,10260,10303
SZ,300331,3.15,10251,11983
SH,601900,-1.43,10248,10248
SZ,300684,3.84,10229,14975
SZ,000061,-2.89,10228,11314
SH,603011,0.19,10215,10215
SZ,002565,-2.62,10197,10197
SZ,301267,-1.43,10194,13205
SH,605318,0.25,10173,10173
SZ,300913,-0.19,10168,12193
SH,600123,-1.28,10165,10165
SH,603052,1.86,10161,10161
SZ,002204,-1.49,10159,10159
SZ,002181,-4.47,10154,10391
SH,688275,0,10154,10154
SH,600648,-1.65,10138,12117
SH,688662,5.26,10118,10118
SH,601882,-0.5,10116,10116
SZ,300618,9.5,10115,11496
SZ,300009,0.12,10100,13716
SZ,300693,3.16,10085,11733
SZ,002842,1.51,10078,12282
SZ,000510,3.1,10076,10772
SZ,300580,-2.42,10066,10699
SH,600507,0.23,10062,10062
SH,600993,-0.16,10061,10078
SZ,000727,-1.76,10056,10056
SH,600391,-3.29,10049,10049
SH,600360,0.87,10045,10045
SH,603936,10.01,10042,10280
SZ,300328,0.41,10038,10087
SZ,300049,-0.25,10035,11341
SZ,300863,3.52,10035,10446
SZ,002338,-0.87,10032,10032
SH,688068,3.8,10031,10031
SZ,301031,-0.8,10030,12758
SZ,300026,-0.29,10024,10034
SZ,002984,-1.74,10023,14549
SZ,002043,-1.89,10021,10297
SZ,300951,-1.66,10013,11204
SH,600345,1.9,10007,15591
SH,600458,-0.34,10004,10961
SZ,002020,1.17,9998,11891
SH,688378,3.08,9985,10833
SH,600363,-0.35,9965,9965
SH,688138,0.96,9963,9963
SZ,000837,-0.69,9963,10119
SZ,301087,-0.98,9942,12090
SZ,002031,-2.07,9932,11415
SZ,300304,0.61,9921,10195
SH,601949,-3.51,9920,9920
SZ,002387,-0.96,9918,9931
SZ,301183,2.74,9909,13518
SH,600787,-1.71,9896,9896
SH,601005,-0.82,9893,11435
SH,600662,-2.46,9881,9910
SZ,002978,-0.03,9878,12626
SZ,002865,-0.06,9878,13755
SH,600163,-1.32,9877,9877
SZ,002549,-1.44,9873,9916
SH,688125,2.25,9859,9885
SZ,300244,0.05,9839,12262
SZ,002891,-1.57,9828,9828
SH,688584,-0.48,9818,19139
SH,603533,-3.24,9814,9814
SH,603341,0.33,9814,19179
SZ,000403,-0.75,9802,9903
SH,688797,0.08,9800,52129
SH,603300,-2.57,9796,9796
SH,600718,-2.96,9787,9787
SH,605060,1.62,9761,9828
SZ,000917,-2.68,9752,9753
SZ,000795,1.04,9745,9745
SH,603027,-2.91,9741,9741
SZ,002063,-3.67,9730,10535
SH,601038,-1.69,9724,14933
SZ,300377,-2.96,9721,10567
SH,600033,-1.38,9715,9715
SZ,300303,0.97,9712,10357
SZ,301091,1.04,9707,9707
SZ,002832,-2.88,9685,14193
SH,600971,-2.29,9684,9684
SH,600759,0,9655,9667
SZ,002100,0.57,9652,9652
SZ,300007,-1.55,9651,11169
SZ,002705,-2.91,9651,9702
SZ,300415,-1.38,9651,9980
SZ,300005,1.38,9651,9730
SZ,000065,-1.51,9649,10523
SZ,002169,-1,9635,9940
SZ,002557,-2.19,9621,9652
SH,688726,-1.01,9617,17725
SZ,920045,0.82,9616,32521
SZ,002675,0.54,9605,10654
SH,688032,-1.45,9602,9602
SH,688371,5.58,9588,9588
SZ,300378,-3.81,9576,9648
SZ,301382,-1.21,9575,11569
SH,600037,-2.82,9562,9562
SH,688209,0.73,9556,9556
SH,600373,-3,9553,9553
SZ,300263,1.77,9550,10133
SZ,002922,0.24,9546,10700
SZ,300486,0.45,9535,9538
SH,688351,0.35,9516,9516
SZ,002647,-3.19,9513,10591
SH,600666,-2.8,9508,10455
SH,688231,3.99,9495,9495
SH,603360,-0.87,9492,9492
SH,601003,-5.6,9482,9747
SZ,000410,-1.42,9481,12742
SH,600072,-2.12,9479,13131
SZ,300188,-7.89,9479,9523
SZ,300596,2.88,9477,9685
SZ,002361,0.09,9474,11137
SH,688543,-1.5,9453,9453
SZ,301090,-2.12,9443,9453
SZ,002937,1.25,9437,9461
SZ,000049,-0.68,9433,9435
SH,603538,2.01,9414,9498
SZ,000600,-1.02,9407,15562
SZ,300480,7.41,9402,12884
SZ,002967,-1.66,9400,10938
SH,600094,-5.14,9398,10276
SH,603599,-0.95,9394,9394
SH,601886,-1.3,9393,9393
SH,605123,-1.73,9385,9385
SH,603323,-1.39,9370,9370
SH,601811,-1.57,9368,14596
SZ,000923,1.36,9362,9732
SH,600936,-4.75,9358,9358
SH,601200,-1.27,9356,9356
SH,688376,0.54,9347,9347
SH,688253,3.57,9346,9346
SH,600757,-0.89,9344,9345
SH,603103,-2.5,9342,9342
SH,603125,0.3,9340,9340
SH,600198,-1.64,9322,9334
SH,603100,-1.02,9320,9350
SZ,300687,0.11,9320,11333
SH,603327,-2.61,9315,9315
SZ,000401,-2.47,9315,9403
SH,600210,-0.15,9313,9313
SZ,001308,-1.54,9306,13448
SZ,002289,0.5,9295,9492
SZ,301381,-2.21,9288,9296
SZ,300118,-1.17,9287,11423
SZ,002961,-1.81,9286,9286
SZ,300113,-2.35,9274,12283
SZ,300624,-2.93,9274,10471
SH,603883,-1.36,9274,9274
SH,688697,2.92,9258,9258
SH,605255,-1.98,9258,9258
SH,600328,-0.46,9252,9252
SZ,002541,-1.74,9209,12807
SH,600597,-2.19,9208,9208
SZ,002426,-2.52,9187,9187
SZ,300382,1.5,9187,9188
SH,688227,-1.25,9186,9186
SZ,002173,3.07,9175,9620
SH,601311,-1,9174,9174
SZ,000420,-1.31,9168,9172
SH,603583,-1.06,9162,9247
SZ,300420,1.23,9154,9154
SZ,000833,-1.07,9142,16162
SH,688327,-3.09,9142,11388
SH,600269,-1,9131,9131
SZ,000950,-0.18,9129,9129
SZ,000516,-0.47,9128,9269
SZ,301177,-2.14,9124,9130
SH,605016,-0.08,9123,9123
SZ,301078,-2.95,9121,9131
SZ,301216,0.06,9117,9713
SH,688611,-0.71,9111,9111
SZ,002061,-1.4,9097,9251
SZ,000676,-3.72,9090,9096
SH,600307,-1.35,9082,9082
SH,603712,-2.4,9079,9079
SH,688262,0.41,9075,9075
SH,601528,-1.8,9075,9595
SZ,002208,-0.78,9075,9077
SZ,002293,-2.14,9066,9142
SZ,002170,-0.34,9064,11150
SZ,002345,-2.24,9063,9285
SH,603690,0.3,9061,9061
SH,603057,-1.42,9060,9128
SH,688165,-1.02,9058,9058
SH,605179,4.25,9055,9055
SZ,001914,-1.37,9051,9051
SZ,002511,-1.23,9045,9160
SZ,300042,1.46,9039,9040
SZ,001227,-1.82,9025,12189
SH,601860,-1.92,9021,9299
SZ,002993,0.83,9020,10443
SZ,002062,0.88,9020,9923
SZ,000823,5.8,9001,9002
SZ,300483,1.26,8994,9000
SZ,000006,-2.48,8991,8991
SH,600133,0.36,8988,8988
SH,600649,-2.69,8970,8970
SH,688325,0.14,8958,9425
SZ,000536,-2.4,8952,8962
SH,688128,-1.46,8952,8952
SH,603319,-0.1,8943,8943
SH,600273,-1.01,8943,8943
SH,600740,-3.58,8942,8942
SH,600556,-5.17,8930,8930
SZ,301196,4.25,8920,13589
SZ,300363,5.58,8910,9771
SZ,301345,0.53,8898,27701
SZ,300855,3.58,8891,12004
SH,603915,-0.28,8884,9036
SH,688289,0.07,8882,8882
SH,688035,2.26,8873,8873
SH,688677,2.71,8872,8872
SH,688139,-0.56,8868,8868
SH,688456,3.05,8865,8865
SZ,002283,-0.89,8865,10073
SZ,002119,2.21,8864,8864
SH,600645,0.37,8860,8863
SH,603169,-2.86,8857,8857
SZ,301363,0.42,8817,13444
SZ,002703,-8.12,8802,12356
SZ,000656,-2.51,8801,12283
SH,600481,-1.38,8793,8793
SH,688261,0.83,8790,8829
SZ,000848,-2.02,8787,8864
SH,688076,0.76,8785,8785
SH,600929,-2.54,8775,8775
SH,688552,-3.3,8765,8765
SZ,300850,-1.55,8759,12058
SZ,002368,-4.33,8757,8800
SZ,920186,1.95,8753,16734
SH,600996,-1.67,8753,8753
SZ,300740,-1.77,8751,9416
SZ,000818,-1.84,8748,8771
SZ,002053,-0.72,8738,8738
SZ,300634,-4.45,8738,9078
SH,600389,-2.44,8734,8734
SZ,002115,-0.75,8731,9419
SH,605319,1.01,8700,8749
SH,605298,-1.3,8690,8765
SH,603626,-0.18,8684,8684
SH,600782,-2.12,8682,8788
SZ,301606,-1.65,8681,21828
SH,600185,-2.94,8671,8671
SZ,002075,-3.65,8666,8666
SZ,000930,-1.68,8651,8651
SZ,002243,-1.77,8646,8692
SZ,002458,-0.88,8630,12781
SZ,300725,6.06,8625,9949
SH,688507,-2.4,8618,15598
SH,600508,-2.4,8610,8610
SZ,301357,-2.07,8604,8604
SH,603508,-2.45,8602,8602
SH,688239,0.29,8601,8601
SZ,002233,-3.93,8589,8595
SZ,300766,-2.83,8573,9454
SZ,002580,-0.88,8567,8596
SH,688485,3.62,8561,8561
SZ,300145,1.59,8561,8603
SH,688083,-2.12,8560,8560
SH,688161,-0.73,8544,8544
SH,600020,-0.51,8540,8540
SZ,002099,0.19,8537,8547
SZ,300846,-2.46,8536,10343
SH,688783,2.32,8530,128079
SH,688486,0.77,8523,8523
SZ,002985,-1.6,8518,8542
SZ,301013,-0.56,8518,10521
SH,603995,2.36,8501,8501
SH,605305,-0.24,8501,8501
SH,600997,-3.77,8495,8495
SZ,002019,0.4,8493,12261
SZ,002579,4.31,8477,8901
SH,603809,-2.12,8476,8476
SH,688112,3.15,8475,8475
SH,603890,1.01,8467,8467
SZ,000593,3.96,8467,8471
SH,600973,0.16,8461,8461
SZ,300440,1.05,8457,8489
SH,600129,0.52,8453,8453
SZ,002392,-0.94,8450,8691
SZ,300497,2.19,8440,10046
SZ,000980,-3.46,8421,8421
SZ,000761,-2.98,8418,9326
SZ,300181,-0.28,8411,9784
SZ,300053,-0.61,8409,9004
SZ,301109,-1.02,8403,10621
SZ,002039,-0.55,8401,8402
SH,603013,-1.36,8401,8401
SZ,300130,-5.19,8392,10966
SZ,002626,-0.85,8392,8393
SH,600567,-0.74,8389,8389
SZ,000829,-3.52,8388,8396
SZ,000550,-1.39,8384,13958
SH,600478,-1.19,8368,8368
SZ,000751,-0.18,8353,8353
SH,603459,10,8346,79581
SH,603227,1.44,8327,8327
SH,605168,-0.12,8321,8321
SH,603219,0.82,8314,8314
SZ,000712,-2.41,8312,8315
SZ,002332,-0.23,8310,8349
SH,688586,-2.04,8309,8309
SZ,301176,12.15,8299,8553
SH,600640,-3.4,8295,8295
SH,688758,5.7,8290,11578
SH,603919,-3.19,8289,8289
SH,600399,-1.63,8283,8283
SZ,002980,3.39,8276,15395
SH,600686,-2.78,8246,8246
SH,601089,0.12,8242,8242
SH,600266,-3.16,8241,8241
SH,688605,1.69,8230,15373
SZ,002004,0,8230,8652
SH,688739,-0.04,8224,8321
SZ,002585,0.65,8220,10580
SZ,300529,-10.03,8214,12802
SH,600017,-1.83,8212,8212
SZ,300322,-2.91,8210,8575
SH,601929,-4.07,8201,8201
SZ,002759,-1.85,8200,8208
SZ,000885,-0.61,8199,8199
SZ,002190,-2.51,8197,8197
SZ,002674,-2.22,8195,8278
SH,600812,0.21,8184,8184
SZ,300938,1.06,8177,9421
SZ,003009,-0.05,8177,8178
SH,688337,0.39,8173,9613
SZ,002639,-2.13,8160,9636
SH,603680,-1.69,8159,8159
SH,688789,-2.07,8149,8149
SZ,002239,-1.18,8133,8749
SZ,000719,-1.69,8119,12452
SH,605116,1.37,8116,8116
SH,688669,5.33,8098,8098
SZ,002718,0.78,8097,11153
SH,603163,0.53,8097,8097
SZ,301086,6.22,8093,14602
SZ,002292,-2.56,8092,11756
SH,600693,-2.5,8090,8098
SZ,002721,3.4,8085,8085
SZ,000922,-1.11,8078,9557
SZ,300790,-0.56,8076,9191
SH,603496,-2.88,8072,8072
SH,688091,0.46,8060,8084
SZ,002212,-6.24,8051,8138
SZ,300741,-1.13,8043,8043
SH,601890,-1.29,8040,8040
SZ,002346,1.54,8038,9052
SZ,001232,2.74,8031,100923
SH,600751,-2.49,8028,9046
SH,603112,-1.24,8024,8105
SZ,002488,-3.85,8023,8680
SH,688277,-1.03,8004,8004
SH,600639,-1.66,8001,10562
SZ,300072,-2.55,7997,8060
SZ,002221,-3,7991,8621
SH,603687,0.55,7986,7986
SZ,000533,-3.87,7979,8048
SZ,301080,16.57,7978,10547
SH,603608,-1.72,7978,7978
SZ,300035,-1.5,7974,9370
SZ,002017,-5.3,7965,7969
SH,688252,2.69,7964,7964
SH,600935,-1.72,7962,8160
SZ,002251,-2.71,7956,9626
SZ,301228,-0.29,7951,7988
SZ,002216,-1.94,7944,11078
SH,603399,-1.52,7915,7915
SZ,300527,-1.51,7890,7890
SZ,002267,-0.97,7885,7885
SH,688439,-0.9,7882,7882
SZ,002515,0.56,7878,8656
SZ,002277,-2.74,7877,7877
SH,601828,-1.35,7875,9491
SH,688416,3.13,7866,7866
SH,600545,0.92,7849,7849
SH,603053,-1,7849,7849
SZ,000860,-2.57,7848,7848
SH,601595,-3.2,7844,7844
SZ,300910,-0.26,7842,11196
SH,600722,7.16,7837,7837
SZ,002125,-1.18,7825,7825
SZ,000869,-0.91,7819,11291
SZ,002023,2.21,7819,7890
SZ,300499,2.64,7803,8776
SZ,002941,-2.1,7794,7794
SH,605100,0.46,7791,7828
SH,600962,-2.78,7777,7777
SH,688381,1.91,7776,7776
SH,600502,-1.51,7776,7776
SZ,002960,-1.94,7775,8461
SZ,002516,-1.47,7770,7825
SH,601718,-1.1,7763,7763
SZ,002079,0,7762,8694
SH,603181,-0.37,7759,7759
SH,600618,-1.51,7753,11957
SZ,000859,-2.91,7750,7750
SH,688480,2.26,7748,7748
SZ,301327,-1.69,7748,7748
SZ,002342,-1.45,7743,7786
SZ,002737,1.38,7738,7738
SH,600075,-1.3,7736,7736
SZ,002386,0.34,7730,7732
SZ,300516,-0.96,7724,7724
SZ,002446,2.71,7723,8339
SZ,300327,-0.03,7722,7780
SZ,300416,0.79,7718,7771
SH,603223,-0.99,7715,7715
SZ,002041,-4.15,7709,7709
SH,605333,-2.23,7689,7689
SH,600746,-0.29,7684,7684
SH,688155,-0.81,7681,7681
SZ,002097,-2.58,7680,7694
SH,688050,-1.16,7674,7674
SZ,300770,-1.91,7664,7664
SH,605488,-1.48,7664,8331
SZ,002030,-1.96,7663,7663
SZ,002150,0.33,7661,7712
SZ,002761,-2.33,7659,9380
SH,688515,0.01,7654,12290
SH,688622,-1.77,7653,7653
SZ,002036,-2.67,7652,7668
SH,688428,2.49,7647,49588
SZ,300641,-1.01,7641,7641
SH,600587,-1.01,7638,7638
SH,601686,-1.33,7633,7633
SH,605007,-1.88,7622,7640
SZ,300294,-1.87,7619,7619
SZ,002309,-2.16,7603,9504
SZ,301369,2.4,7596,14169
SZ,002471,-1.73,7594,7733
SH,688628,1.95,7578,7578
SH,600736,-1.93,7576,7576
SZ,301189,0.82,7575,7848
SZ,300576,0.3,7572,12030
SH,688326,-3.06,7565,8128
SH,688011,4.41,7556,7582
SH,688710,6.93,7553,11741
SZ,301498,-0.25,7545,16848
SH,603477,-1.19,7539,7730
SH,688305,-1.6,7531,7551
SZ,000012,-1.28,7524,11683
SH,688093,0.64,7523,7523
SH,603045,2.38,7516,7516
SH,600335,-1.55,7512,7512
SH,688678,4.08,7502,7502
SZ,300180,-3.51,7501,7713
SZ,301326,13.19,7500,7566
SH,688798,-1.1,7494,12871
SH,600861,-2.57,7490,7490
SZ,300939,4.19,7489,7489
SZ,002110,-2.83,7482,7482
SH,600917,-1.02,7477,7477
SZ,300834,-3.37,7474,7541
SZ,002214,-4.46,7468,9345
SH,600305,-1.73,7456,7468
SH,605008,0.87,7454,7454
SH,605133,-0.07,7448,7531
SH,600846,-1.15,7441,7441
SZ,002730,-0.45,7440,7785
SZ,002106,1.05,7437,7446
SZ,301571,3.71,7436,11196
SZ,300031,-0.97,7429,8840
SZ,002434,-2.07,7422,7429
SH,688087,-1.25,7422,7697
SZ,002588,-0.68,7410,9941
SH,600789,-0.4,7405,7661
SZ,002782,0.94,7398,7487
SZ,300401,0.8,7397,7518
SH,688177,1.65,7395,7395
SZ,300191,2.99,7392,10694
SH,601908,-0.96,7389,7389
SZ,301263,0.75,7388,10355
SH,603977,-1.24,7387,7387
SZ,003013,0.88,7381,8450
SH,603279,-1.38,7378,7378
SH,688221,3.09,7364,7364
SH,688103,3.62,7364,7364
SH,603166,-0.85,7362,7419
SZ,002533,-0.86,7360,8360
SZ,000628,-2.64,7357,13482
SZ,301510,-0.78,7356,10656
SZ,300595,-1.51,7353,9848
SH,688049,-0.32,7338,7338
SZ,300482,-0.34,7337,7986
SH,601700,-10.05,7334,7334
SZ,301232,2.83,7331,12331
SZ,002215,-0.54,7329,9109
SZ,300168,-3.95,7325,7333
SH,600117,-2.59,7324,7324
SH,603985,0.12,7323,7323
SZ,002275,-0.14,7320,7721
SZ,002077,0.16,7318,7318
SZ,300895,-2.14,7309,7448
SZ,002971,10.01,7306,9558
SH,603931,0.47,7298,7298
SH,600251,-2.28,7296,7296
SH,688179,4.13,7294,7294
SH,600866,-0.89,7294,7294
SH,603055,-1.55,7292,7318
SH,605167,-3.89,7287,7287
SZ,000059,-0.65,7277,7277
SH,603050,-1.79,7268,7268
SZ,300520,-2.82,7267,7520
SZ,000402,-3.18,7262,7263
SZ,003039,-1.83,7256,7256
SZ,300842,0.5,7248,8155
SZ,002990,6.58,7240,13737
SH,600724,-1.95,7239,7241
SH,600078,0.92,7235,7391
SH,600797,-3.95,7234,7234
SZ,300861,-0.46,7222,11502
SZ,000928,-1.56,7216,7216
SH,600657,-3.43,7215,7215
SH,688108,-1.42,7197,7197
SH,603211,1.34,7189,7189
SZ,300276,-2.15,7188,9527
SZ,002121,-2.11,7185,8513
SH,600059,-1.98,7183,7183
SH,688556,-0.11,7170,7170
SZ,002034,-1.13,7168,7198
SH,688418,0.59,7163,7163
SZ,000498,-1.58,7160,7669
SH,601226,-1.74,7159,7159
SZ,920982,1.16,7152,14837
SH,688290,2.31,7151,7151
SH,600611,-6.53,7144,10804
SZ,300298,-1.48,7132,8865
SH,601388,0.62,7132,7132
SZ,301248,1.83,7130,9756
SH,600125,-0.9,7128,7128
SZ,002324,-1.39,7126,10211
SZ,300098,-3.13,7123,8029
SZ,000503,-3.83,7119,7119
SH,600676,-0.85,7117,7117
SZ,300337,-0.49,7114,8219
SZ,002006,-1.15,7111,7111
SZ,002681,-3.2,7109,8130
SH,601579,-3.51,7106,7106
SH,600590,-1.51,7103,7181
SH,688626,-0.13,7101,7101
SZ,002733,0.79,7097,7392
SH,688176,-0.15,7089,7089
SH,600400,0.32,7080,7080
SH,603299,-0.87,7071,8650
SZ,002108,-1.14,7070,7072
SZ,000650,-0.37,7070,7434
SZ,301069,-1.19,7055,7491
SH,600708,-2.75,7054,7065
SH,603416,-1.74,7043,7923
SZ,002734,0.37,7041,7713
SZ,000756,-1.25,7039,9830
SZ,002448,-1.05,7036,7132
SZ,301489,3.09,7033,11755
SH,601096,-3.38,7032,11450
SH,600557,1.06,7032,7032
SH,688621,3.84,7031,7031
SZ,300739,3.67,7026,8660
SH,688488,3.22,7019,7019
SZ,000030,-1.17,7001,7206
SZ,001298,-0.45,6999,7431
SH,600510,-1.59,6997,6997
SZ,300852,4.13,6993,7244
SZ,300171,1.55,6988,9512
SH,601330,-1.66,6983,10100
SH,600955,-1.08,6980,6980
SZ,300768,-4.48,6979,10681
SH,600449,3.55,6977,6977
SH,600748,-2.82,6972,6972
SZ,300174,0.52,6972,7011
SZ,002315,-3.66,6970,10933
SZ,002650,0.16,6952,6952
SZ,300222,0.28,6952,8338
SZ,000595,-2.55,6946,6946
SZ,300540,-0.05,6944,7645
SH,600252,-0.9,6941,6941
SZ,920029,-1.22,6937,7129
SH,600730,2.07,6934,6934
SZ,002935,-0.29,6924,7074
SH,688699,5.13,6920,6920
SH,688191,0.29,6918,6918
SH,688563,-1.72,6913,22917
SH,605011,-2.31,6910,6910
SZ,300134,-6.25,6900,6900
SZ,301191,0.59,6897,9148
SH,605098,1.92,6883,6883
SZ,301392,7.18,6881,16867
SZ,300868,2.14,6875,10827
SZ,300348,-4.46,6866,7636
SZ,002881,-1.64,6863,11328
SZ,002093,-3.67,6861,6861
SH,688550,-0.42,6860,6860
SZ,000813,-0.6,6856,6858
SH,603660,10,6852,6852
SH,603311,-0.64,6848,6848
SH,603128,-1.31,6846,6846
SZ,002284,-1.67,6846,6911
SZ,300492,-3.52,6844,6844
SH,600771,-1.19,6838,6838
SZ,300986,-3.64,6835,6840
SH,600169,-0.48,6833,6833
SH,688293,8.43,6830,8288
SZ,920394,0.32,6827,6878
SZ,002796,2.71,6824,7563
SZ,301215,-2.26,6824,6831
SH,600810,-1.86,6820,6882
SZ,002445,-3.67,6815,6845
SH,603778,-1.93,6814,6996
SZ,000601,-2.1,6813,6917
SH,600780,-1.15,6810,6810
SZ,300080,-2.4,6810,6819
SZ,002219,-0.94,6805,7180
SZ,300045,-1.56,6805,8734
SZ,002664,5.58,6783,6878
SH,688631,-2.71,6782,6782
SH,600925,-1.85,6778,29071
SZ,300265,-1.15,6771,6776
SH,600654,-1.67,6767,8309
SZ,000755,-1.7,6764,6764
SZ,300685,-0.73,6755,6764
SH,603580,-3.88,6744,6744
SH,605365,-2.1,6742,6742
SH,601015,-7.81,6740,6740
SZ,300872,-4.13,6736,7790
SH,688062,3.17,6735,13067
SH,600874,-1.07,6730,8590
SH,688478,4.56,6730,6730
SH,600987,-1.19,6727,6727
SH,688518,0.56,6724,6724
SZ,002546,-1.98,6722,6998
SH,600770,-1.51,6721,6721
SH,603866,-2.54,6719,6719
SZ,000777,-2.55,6714,6714
SH,600468,-4.33,6711,6711
SH,688788,-0.02,6696,6696
SH,603367,0.54,6692,6692
SH,605598,-0.53,6688,6688
SZ,300153,-1.68,6682,6717
SZ,300997,-2.75,6676,7360
SZ,300678,-3.57,6674,6793
SZ,002631,6.59,6674,6705
SZ,002537,-3.71,6673,6692
SZ,002256,-2.06,6667,6755
SZ,000968,-1.14,6656,6656
SZ,000589,0.7,6655,6699
SZ,301291,-1.54,6647,12777
SZ,002242,-3.21,6634,6646
SZ,301061,-1.64,6630,9980
SZ,002135,-1.39,6629,7084
SZ,000631,-1.02,6624,6624
SZ,002785,-0.86,6621,7755
SH,600158,-2.53,6621,6621
SH,600828,-2.54,6614,6616
SZ,300252,0,6610,8094
SZ,001314,-0.07,6610,7597
SH,600525,1.83,6607,6607
SH,600325,-5.13,6605,6605
SH,603071,-1.24,6601,6601
SZ,002014,-0.17,6600,6707
SH,688365,-4.43,6599,6599
SH,603517,-1.44,6593,6593
SZ,300109,-1.69,6593,7349
SH,600195,-1.37,6586,6586
SZ,301286,0.32,6581,16324
SZ,300137,2.9,6578,6659
SH,605178,1.7,6567,6567
SZ,002690,-0.71,6567,13357
SH,600713,0,6565,6659
SZ,002104,-7.05,6555,7742
SZ,002437,9.86,6552,6957
SH,600894,-0.88,6551,6583
SZ,002421,-4.93,6551,6934
SH,603466,-3.41,6549,6549
SH,603065,-0.88,6548,6548
SZ,002057,1.76,6546,6551
SH,600775,-2.2,6544,8901
SZ,300493,-1.82,6540,6617
SH,688818,-0.19,6540,86047
SH,600422,-1.48,6525,6525
SZ,300976,0.76,6524,10143
SH,603990,3.19,6520,6520
SZ,002163,-2.63,6517,6853
SH,600429,-2.67,6514,6534
SH,688787,-2.63,6513,6513
SH,603200,-1.82,6510,6510
SZ,002438,-3.87,6508,7045
SH,688352,11.91,6508,21127
SZ,301209,-0.69,6500,7608
SZ,002810,-1.46,6498,7000
SH,600488,1.54,6497,6497
SZ,002970,-3.77,6496,9454
SZ,000008,-2.04,6492,6492
SH,688079,4.91,6490,6604
SZ,300444,-2.72,6488,8320
SZ,002052,-3.48,6487,7080
SZ,002550,0.29,6485,8818
SZ,000551,-0.88,6483,6486
SZ,000058,-3.37,6480,8101
SH,603229,0.78,6476,6476
SH,688708,-2.21,6476,18170
SZ,002467,-2.66,6465,6506
SH,603567,6.83,6463,6469
SZ,300343,-3.65,6461,6474
SH,688577,-1.63,6459,6459
SH,605366,-1.41,6453,6453
SH,600966,-2.03,6430,6430
SZ,002885,0.74,6420,7331
SH,600310,-2,6420,6420
SH,600103,-3,6416,6498
SH,603861,-1.61,6412,6557
SH,688610,4.33,6405,10641
SZ,002840,-2.65,6405,6449
SZ,301182,6.89,6398,7016
SZ,300819,1.82,6396,7081
SZ,002943,3.55,6393,9032
SZ,300731,0.66,6392,6735
SH,600682,-1.25,6379,7371
SH,603277,-2.23,6378,6399
SZ,002042,-2.33,6378,6378
SZ,300435,-2.42,6374,6665
SZ,000989,1.44,6372,7858
SZ,002140,-1.52,6370,6379
SZ,301339,-2.28,6369,6446
SZ,300143,3.38,6367,7443
SZ,300358,0.33,6365,6457
SZ,300284,-2.92,6363,6706
SH,600683,-2.93,6356,6356
SZ,300700,3.9,6348,7091
SH,688230,1.35,6343,6343
SZ,002470,-1.02,6341,6342
SZ,003043,1.06,6339,9709
SZ,301137,-4.56,6338,6338
SZ,001391,-1.87,6336,50911
SZ,300324,-3.89,6327,6392
SZ,300127,2.28,6327,8857
SZ,300815,-1.69,6324,6457
SZ,301522,-1.2,6319,8490
SH,605188,-1.81,6316,6316
SH,601500,-0.74,6316,6341
SH,603969,-1.06,6310,6458
SH,603155,1.32,6310,6310
SZ,300598,-4.71,6306,6308
SH,603197,-1.74,6288,6374
SH,600368,-0.75,6278,6278
SZ,000905,-1.85,6268,13033
SH,600604,-2.83,6263,8336
SZ,300900,0.62,6248,7973
SZ,301678,-0.08,6247,10768
SZ,300996,-7.67,6246,7421
SZ,300909,0.1,6241,8360
SZ,301366,20,6239,11175
SH,601515,-2.4,6235,6235
SH,600643,-3.68,6234,6245
SH,603489,-0.51,6234,6234
SZ,300983,0.34,6232,7047
SH,603867,-0.47,6225,6277
SZ,300164,-0.92,6223,6279
SH,600501,-2.28,6216,6216
SZ,002009,-1.4,6206,7051
SZ,000090,-2.91,6203,6204
SH,688685,-2.28,6196,6196
SH,688276,0.34,6184,6184
SH,605005,0.26,6183,6183
SZ,000026,-0.75,6183,6882
SH,603336,-0.28,6178,6178
SZ,000722,-1.33,6173,7599
SH,603123,-6.15,6164,7548
SH,603213,-1.55,6162,6162
SZ,000572,-2.59,6158,6167
SH,600313,-4.36,6158,6608
SH,603068,-2.54,6153,6153
SH,688598,4.28,6148,6269
SH,603108,-2.95,6143,6143
SH,688499,0.3,6140,6140
SH,603368,-0.44,6133,6133
SZ,002213,1.06,6125,7039
SZ,002527,-1.27,6119,7672
SH,600370,-0.64,6114,6114
SH,600203,-0.86,6114,6114
SH,603010,-0.73,6113,6266
SZ,002965,2.17,6109,8513
SZ,000524,-2.45,6103,6106
SZ,300221,3.69,6094,6249
SZ,002605,-2.11,6092,7520
SZ,300981,7.19,6091,6647
SH,600829,1.45,6089,6089
SH,600975,-2,6086,6086
SZ,301155,6.06,6080,10724
SZ,000908,1.17,6079,12158
SH,688069,0.88,6077,6077
SZ,300128,0.86,6072,6080
SH,688232,-2.88,6066,6066
SZ,300985,3.21,6065,6065
SZ,002127,-1.93,6064,7463
SZ,002302,-5.5,6059,6059
SZ,300360,-2.01,6058,6227
SZ,301328,0.21,6054,8377
SH,600897,-1.28,6054,6054
SH,603595,7.12,6053,6053
SH,600255,0,6051,6051
SH,605056,-0.19,6047,6137
SH,603776,0.37,6045,6045
SH,603383,-3.25,6042,6042
SZ,002519,-2.34,6035,6083
SH,600851,3.16,6031,9862
SZ,300820,0.63,6031,11988
SZ,000541,-1.4,6029,7525
SZ,300226,-3.58,6027,6269
SH,600230,2.18,6019,6019
SH,688757,2.79,6015,13386
SZ,300566,5.36,6014,6954
SH,688109,0.04,6013,6013
SH,688095,-6.72,6011,6011
SH,603363,-2.43,6010,7647
SH,600841,-1.87,5997,7980
SH,600108,-3.44,5996,5996
SZ,920599,1,5991,7905
SZ,002606,-1.86,5979,6230
SH,688366,-0.99,5973,7043
SZ,000779,-10,5972,5973
SZ,002141,0.87,5970,5970
SZ,001212,-0.97,5968,6899
SZ,003006,-3.12,5966,5981
SZ,300041,0,5956,6120
SZ,301292,-0.67,5956,15576
SZ,000957,-1.56,5953,5953
SZ,000915,0.16,5951,5954
SH,688620,0.33,5951,5951
SH,600617,-3.45,5948,6463
SZ,300256,-3.27,5945,6011
SZ,002635,1.08,5937,9902
SH,603135,-1.25,5937,5981
SZ,000913,-2.55,5934,6006
SZ,300151,3.41,5932,8568
SZ,002068,-0.85,5931,5934
SH,688526,-0.92,5929,5929
SZ,300119,-1.54,5929,8259
SZ,300722,-1.78,5925,5925
SH,600983,-1.52,5925,5925
SZ,002123,-6.15,5923,6621
SH,603269,0.81,5922,5922
SH,605183,-1.09,5914,5954
SZ,300214,0.95,5914,5914
SZ,002082,2.06,5911,6368
SZ,300283,-3.29,5896,7713
SZ,300969,0.03,5893,12355
SH,603877,-3.15,5890,5897
SH,603708,-2.22,5885,5885
SZ,002678,-3.12,5878,5882
SZ,000025,-1.24,5876,6449
SZ,003040,3.21,5875,5930
SH,600106,-2.42,5874,5874
SZ,300084,-0.55,5873,6843
SZ,300369,-12.4,5872,5893
SZ,300393,-1.75,5869,6690
SZ,002538,-1,5869,5872
SH,600586,-1.89,5868,5868
SZ,300048,-3.34,5866,5877
SZ,000036,0.48,5864,5868
SH,688408,-0.73,5864,5864
SZ,002232,-3.55,5863,5863
SZ,002452,-1.81,5862,7022
SZ,300192,-2.34,5862,5931
SZ,301638,-1.79,5858,74436
SH,688185,1.75,5857,12651
SH,688709,0.46,5856,16819
SH,600855,-1.56,5850,5861
SZ,000571,-1.63,5844,6025
SZ,300129,-0.48,5843,9015
SH,605018,-1.57,5843,5843
SH,600644,-2.41,5841,5841
SZ,300617,-2.2,5838,6963
SH,688219,-0.92,5826,5826
SZ,301312,5.66,5821,11572
SZ,002210,-3.51,5815,5828
SZ,000793,-1.35,5809,9579
SZ,300043,-4.1,5807,5810
SZ,301153,-4.36,5806,6224
SZ,300467,-0.49,5805,6929
SZ,003010,-4.32,5801,7979
SZ,000735,-2.32,5801,5804
SZ,000561,-1.96,5799,6454
SH,603221,-3.46,5798,5798
SZ,300046,0.25,5797,5797
SZ,002132,-0.23,5793,5802
SH,605277,-1.03,5791,5898
SZ,300756,0.13,5789,6652
SH,601968,-0.43,5779,5779
SH,688717,-1.31,5777,9333
SZ,300470,-0.64,5772,6082
SZ,001330,-3.87,5768,6818
SZ,300709,0.81,5763,7178
SH,688767,1.42,5761,5761
SH,600433,-2.94,5758,5758
SZ,002992,2.53,5757,6665
SZ,002029,-3.02,5756,6098
SZ,301000,-2.21,5752,6093
SH,605555,-1.65,5751,5751
SZ,300258,-1.45,5750,5903
SH,600691,-2.01,5749,5750
SH,688307,3.65,5748,5748
SZ,000881,-1.54,5748,6013
SZ,002803,-3.34,5746,8842
SZ,002101,-2.46,5741,5747
SZ,301099,2.59,5729,9414
SZ,300063,-3.27,5726,6933
SH,603507,-0.4,5726,5789
SH,688689,2.31,5722,5722
SZ,300592,-2.11,5719,6506
SZ,002752,-1.34,5717,5725
SZ,003041,-2.37,5715,6015
SH,600592,-1.64,5714,5714
SH,688510,0.18,5713,5713
SH,600963,-2.68,5712,5712
SZ,300579,-4.56,5710,5918
SH,603012,1.49,5709,5709
SH,688553,1.63,5708,7041
SH,600054,-0.35,5703,8103
SH,688733,2.04,5702,5702
SZ,301307,2.45,5689,11014
SZ,301607,0.78,5686,8770
SH,600826,-2.23,5685,5685
SZ,300047,-3.97,5682,6314
SH,600815,-2.43,5677,5677
SH,688135,1.76,5676,5676
SH,600375,-3.47,5675,6220
SZ,002194,10.01,5671,7584
SH,688658,2.27,5670,5670
SZ,002390,0.34,5668,5715
SZ,300626,0.25,5667,5670
SZ,300079,-3.9,5664,6303
SZ,002206,-1.28,5655,6217
SZ,301362,3.75,5650,20140
SZ,300307,3.76,5650,5748
SZ,002073,-1.41,5648,5706
SZ,000670,-1.44,5647,5752
SH,688334,-1.03,5644,5724
SH,688562,-2.48,5644,5644
SZ,002860,-1.14,5641,5775
SH,688323,4.03,5639,5639
SZ,002793,2.77,5636,5645
SZ,920368,1.9,5633,5921
SH,601121,0.28,5632,6929
SZ,000912,-1.36,5629,5629
SZ,300217,-0.87,5624,6695
SZ,001236,-2.87,5617,7468
SZ,002263,-1.96,5616,5616
SZ,300990,2.94,5616,12365
SH,601116,-2.83,5614,5614
SZ,000948,-3.99,5608,5618
SH,688117,2.75,5601,5601
SZ,300465,-7.13,5600,5600
SZ,300203,-1.02,5600,5605
SZ,301101,-1.99,5600,5814
SH,600982,-1.75,5599,5599
SZ,000697,-1.14,5597,11964
SZ,002218,-2.65,5592,5675
SZ,300708,0.13,5591,7311
SH,600769,1.08,5591,5591
SH,600477,-2.46,5591,5591
SH,688173,-0.43,5590,5643
SH,600237,5.54,5590,5643
SZ,301070,6.93,5589,8315
SH,600742,-2.33,5588,5588
SH,603333,-1.95,5588,5588
SZ,300159,-2.56,5582,9970
SZ,300075,-4.66,5582,6727
SH,688226,-0.43,5573,5788
SZ,002510,-2.28,5567,5624
SZ,002956,-1.7,5556,5557
SH,688315,0.83,5556,5556
SH,600425,-1.97,5552,5552
SZ,300212,-1.48,5546,5716
SH,603887,-3.25,5545,5545
SH,603609,-1.28,5542,5542
SZ,000042,-0.82,5539,5545
SZ,002649,-8.58,5535,6104
SH,688073,18.62,5534,5534
SH,605288,-5.54,5532,5569
SH,688345,0.68,5529,5555
SH,603130,-0.88,5524,5524
SH,600035,-1.14,5523,5523
SZ,002951,-1.56,5515,5569
SH,600223,-1.27,5510,5510
SZ,300905,0.87,5503,7055
SZ,300841,1.4,5495,6005
SH,603855,-1.2,5493,5525
SH,605339,-1.89,5490,5490
SH,688057,7.02,5473,5473
SZ,301306,0.84,5473,7928
SZ,002298,-3.38,5464,6121
SZ,300581,-1.58,5463,5463
SH,600292,-1.65,5460,59219
SH,688656,-0.08,5460,5460
SZ,300019,-1.19,5459,5822
SZ,300525,-6.04,5457,6652
SZ,002349,0.6,5455,5569
SZ,002164,-0.78,5450,6045
SZ,002134,4.61,5448,5452
SH,603366,-2.18,5447,5447
SH,688151,-1.73,5443,5443
SH,688601,1.47,5440,5440
SH,688237,-0.17,5435,5435
SZ,301580,1.14,5434,8043
SH,600694,-1.97,5428,5428
SH,603901,-1.54,5427,5502
SH,688707,-1.38,5423,5423
SH,688711,1.76,5401,5401
SH,688309,0,5401,5401
SH,603897,-1.53,5400,5400
SZ,300197,-2.14,5397,5397
SZ,301301,-0.67,5394,19421
SZ,000501,-1.95,5393,5398
SZ,000920,-1.2,5392,5393
SH,603098,-1.76,5388,5395
SZ,300825,-1.76,5388,5503
SH,600081,-1.31,5386,5386
SZ,300278,-2.04,5384,5401
SZ,300039,4.82,5382,6140
SZ,000717,-2.19,5380,5381
SZ,300066,0.19,5380,5606
SH,603685,1.91,5379,6754
SZ,300451,-4.34,5374,5453
SZ,002196,-1.42,5373,5455
SZ,000411,-0.62,5372,5383
SZ,002787,1.84,5366,7190
SZ,002255,-2.09,5365,6988
SH,603194,-0.92,5363,13610
SZ,002708,-0.76,5358,5829
SZ,920493,-2.56,5354,7266
SZ,300293,-1.79,5351,5351
SZ,300696,-2.28,5350,5894
SZ,300057,1.26,5343,6453
SZ,000608,0.14,5337,5369
SH,600698,-2.42,5332,6861
SZ,300918,-1.67,5325,5325
SH,688776,-2.47,5323,5323
SH,688505,0.94,5322,7764
SZ,001359,2.52,5319,21277
SH,601008,-1.37,5310,5310
SH,600234,1.56,5308,5308
SZ,002833,0.06,5307,7770
SZ,301321,2.25,5305,6700
SH,603153,-1.56,5302,5381
SZ,002685,-1.67,5300,5300
SZ,002882,-2.36,5293,9286
SH,603682,-1.74,5292,5292
SH,603848,-1.86,5292,5292
SH,603668,-0.18,5286,5286
SZ,300959,0.37,5284,8115
SH,603666,-0.46,5278,5278
SZ,000557,-2.15,5278,5279
SH,603380,-0.08,5275,5275
SZ,002695,2.08,5273,5769
SZ,300082,-1.51,5271,5284
SZ,002351,-1.36,5268,8989
SZ,300093,0.26,5266,12312
SZ,002279,-5.15,5266,5708
SZ,002572,-2.99,5264,7781
SZ,300648,2.8,5260,6909
SH,603610,-1.64,5260,5260
SZ,002424,0.66,5253,6373
SZ,300925,-4.02,5250,6439
SZ,000531,-1.19,5249,6009
SH,603499,2.14,5249,5249
SH,601177,-1.2,5248,5317
SH,600981,-2.89,5247,5247
SZ,000404,-1.29,5244,5269
SZ,002577,-1.57,5240,5240
SZ,300792,-3.41,5237,5837
SZ,301323,0.08,5235,8139
SZ,300689,-0.34,5234,5946
SZ,300531,-5.02,5232,5391
SH,600743,0.9,5232,5232
SH,605228,-1.16,5229,5250
SH,603889,-1.24,5229,5268
SH,600720,-1.88,5227,11886
SZ,300006,-0.19,5226,5227
SH,600868,-1.07,5220,5220
SZ,300926,-1.79,5212,7596
SZ,002697,-1.29,5211,6188
SH,600603,-2.84,5209,5209
SZ,003012,-2.95,5208,5311
SH,603701,-0.39,5206,5206
SZ,002777,-4.23,5206,5254
SZ,002274,-0.88,5205,5286
SZ,002191,-0.79,5204,5246
SH,688181,0.96,5200,5200
SH,601518,-0.71,5199,5199
SZ,300300,-3.58,5194,5195
SZ,002988,-0.8,5193,5193
SZ,002915,-3.42,5188,6038
SH,603131,-1.08,5182,5182
SH,688115,-0.01,5177,5177
SH,600825,-2.74,5172,5172
SZ,301566,1.16,5172,9800
SH,605050,-1.12,5170,5170
SZ,002824,-0.34,5168,7110
SH,688683,7.37,5166,5166
SH,688575,-0.65,5165,5165
SZ,000880,-0.65,5163,10548
SZ,002657,-4.29,5156,5216
SZ,301333,5.84,5156,5162
SH,600217,-1.88,5155,5155
SH,600984,-1.67,5154,5154
SZ,002303,-4.82,5144,8147
SZ,002060,-2.36,5142,12352
SZ,001323,-2.59,5139,7183
SZ,002805,-0.8,5139,5162
SZ,300067,-3.34,5136,6326
SH,601086,-1.77,5135,5135
SH,601199,-0.17,5134,5134
SZ,002229,-3.69,5134,5165
SH,688101,-1.01,5133,5133
SZ,002870,-0.32,5133,5257
SZ,300147,2.5,5127,5158
SZ,300587,0,5126,6323
SH,605580,0.27,5124,5124
SH,603988,-4.13,5123,5123
SZ,300633,-2.03,5116,8357
SZ,002376,-7,5116,5269
SH,603170,-1.68,5116,5116
SZ,002358,-2.3,5114,5114
SZ,002419,-1.74,5113,5113
SZ,002567,-1.1,5111,5116
SZ,300446,-1.5,5110,11565
SZ,300619,0.41,5105,6064
SH,603727,1.12,5105,5105
SH,605287,-2.01,5104,5104
SZ,000409,-3.35,5096,5848
SH,600513,0.68,5090,5090
SZ,002383,-2.82,5086,5086
SZ,000517,-3.76,5084,6495
SH,600784,-2.33,5081,5081
SH,688655,11.61,5077,5077
SZ,300528,-3.46,5075,5075
SH,605009,-1.41,5071,5071
SZ,300488,0.77,5070,5976
SZ,300036,-4.28,5069,5613
SZ,301012,-2.27,5066,5066
SH,600199,-5.28,5065,5065
SZ,300443,-1.69,5059,6672
SZ,300697,8.61,5058,6606
SH,600569,-1.67,5055,5055
SZ,300507,-2.09,5053,5220
SZ,301007,-1.2,5050,5117
SH,601002,-2.39,5049,5049
SH,600889,0.81,5045,8077
SH,603173,-1.8,5040,5040
SZ,300161,-2.96,5039,5134
SZ,003033,2.63,5034,5097
SH,600138,-1.69,5031,5031
SH,603137,10,5031,5031
SH,603843,0.14,5030,5030
SH,603353,-0.7,5029,5029
SZ,000925,-0.92,5027,5066
SZ,301529,-0.87,5022,9355
SZ,002637,0.09,5022,5080
SZ,920640,0.72,5021,5219
SH,688720,2.87,5017,7870
SH,603122,1.69,5015,5015
SH,600300,-1.58,5013,5013
SZ,000888,-1.85,5011,5011
SZ,000796,-3.33,5004,6030
SZ,002201,0,5003,5415
SH,603110,-0.07,5002,5002
SZ,000652,-2.27,5002,5006
SZ,300695,-1.54,5001,5001
SZ,002640,-5.27,5001,5032
SZ,002045,3.49,4999,5006
SH,603590,2.73,4998,5023
SH,600593,-1.09,4997,5061
SH,600279,-1.85,4997,4997
SZ,301413,-1.63,4994,8365
SH,603196,0.33,4991,8818
SZ,002530,-4.39,4984,5587
SH,688539,1.55,4983,4983
SZ,000560,-4.47,4981,5017
SH,688410,0.45,4980,4980
SH,603217,5.1,4975,4975
SZ,002638,-2.64,4964,5272
SZ,001313,-1.65,4964,4970
SH,601279,-1.56,4964,4964
SH,688348,-1.2,4960,4960
SZ,300158,-0.19,4957,4962
SZ,300287,-4.56,4957,5397
SZ,300711,4.83,4956,5595
SH,605377,-2.4,4954,4954
SZ,000852,-1.87,4951,4980
SZ,002122,-0.79,4949,4984
SH,600336,-0.79,4940,4940
SH,605299,-2.88,4937,4937
SZ,000525,-2.62,4936,5785
SH,688566,-0.03,4935,4935
SH,688207,-1.79,4933,4933
SZ,301589,-2.26,4930,13224
SH,600756,-4.03,4930,5318
SZ,300856,-2.45,4928,5099
SH,600939,-3.35,4927,4927
SZ,301053,-0.24,4923,5302
SH,600610,-1.55,4919,7435
SH,688386,-0.16,4915,5380
SZ,300569,-1.22,4915,4930
SZ,002047,-2.4,4912,4913
SZ,300233,1.37,4911,5098
SH,600284,-1.93,4909,4909
SH,600979,-1.98,4905,4980
SH,688228,-2,4904,4904
SH,601011,-3.75,4904,4904
SZ,300680,-1.22,4899,6365
SZ,301256,-2.57,4896,4896
SH,688007,-1.84,4890,4890
SZ,300878,0.77,4887,4910
SH,688448,-1.37,4886,4886
SZ,002166,-1.04,4882,4902
SZ,301379,1.82,4881,6193
SH,688786,3.48,4880,4880
SZ,002479,1.07,4876,4887
SZ,300219,0.58,4876,4885
SZ,920576,-0.34,4875,4923
SH,600121,-6.09,4874,4874
SH,600817,-0.64,4871,4895
SZ,002307,-4.16,4871,4930
SZ,002757,0.06,4871,5103
SZ,300227,1.14,4869,6357
SH,603777,0.48,4869,4869
SZ,300149,4.33,4869,5105
SH,603212,-0.79,4865,4865
SZ,301265,2.95,4857,6032
SZ,002038,0.18,4856,5856
SZ,301162,-1.76,4850,7474
SZ,300681,-0.98,4844,6424
SH,600197,-1.44,4841,4841
SH,688691,0.82,4840,7961
SH,600308,-0.92,4839,4839
SZ,002334,-1.78,4836,5396
SH,688796,9.41,4836,55983
SZ,002819,-3.13,4836,6094
SZ,300406,-1.2,4833,6676
SH,688282,-1.69,4831,4831
SH,603286,0.22,4827,4873
SH,688419,1.79,4826,4826
SZ,301349,1.54,4821,6106
SZ,002559,0.31,4818,6136
SZ,300534,6.98,4815,4835
SH,603111,-0.85,4808,4948
SZ,300586,2.28,4801,6387
SZ,300783,-3.1,4796,6873
SH,603976,-2.47,4795,4795
SZ,300368,-4.52,4792,4792
SZ,300518,0.67,4791,4792
SZ,002154,-3.09,4790,5925
SZ,301008,19.99,4789,5423
SZ,301629,0.96,4787,10406
SZ,002066,-0.47,4786,4867
SZ,002940,0.51,4782,5207
SH,603097,1.33,4781,4893
SH,600790,-1.5,4778,4778
SH,600814,-2.1,4778,4778
SZ,300291,-4.1,4770,4832
SZ,002238,-3.25,4767,4767
SZ,002165,-2.23,4766,4816
SZ,301004,-2.74,4765,5105
SZ,300785,-4.08,4764,7743
SZ,300788,-2.97,4763,4763
SH,603162,-2.66,4763,15508
SH,688591,-1.5,4758,6790
SZ,001208,-2.09,4756,9524
SH,600073,-1.16,4754,4754
SZ,002344,-1.84,4754,4759
SH,600084,-3.41,4753,4753
SZ,300797,-0.39,4752,4765
SZ,002102,-0.88,4750,5521
SZ,001328,-1.37,4750,5057
SH,600207,-1.12,4749,4749
SZ,301048,-2.08,4747,4747
SH,601566,-2.01,4747,4747
SH,605368,-1.33,4745,4745
SZ,300249,-0.54,4744,5813
SZ,002892,-2.16,4741,7029
SZ,002642,-3.88,4737,4737
SH,688377,-0.87,4737,4737
SH,600231,-1.75,4737,4796
SH,600990,-2.54,4735,4735
SH,603511,-1,4734,4781
SZ,002959,-1.13,4733,5277
SH,600571,-5.9,4733,4822
SZ,300087,-2.05,4728,4964
SH,600605,-0.38,4728,4728
SH,600288,-2.25,4726,4726
SZ,002528,-0.65,4726,5394
SZ,002662,-1.86,4725,4725
SZ,301045,2.34,4722,7472
SZ,002632,-1.31,4716,5128
SZ,002033,-1.48,4715,4715
SZ,300259,-1.68,4712,4713
SH,688580,0.1,4707,4707
SH,603106,-9.95,4706,4706
SZ,301603,2.55,4705,15058
SH,688679,-1.56,4703,4703
SH,688320,-1.01,4703,4703
SZ,002291,-5.08,4702,5059
SH,603598,-3.42,4701,4706
SZ,300292,-2.54,4698,5649
SH,688609,-0.52,4695,4901
SZ,300692,6.15,4695,5145
SZ,002728,-0.73,4692,4805
SZ,001322,-3.07,4690,5774
SZ,300232,-2.03,4682,5746
SZ,002590,-2.37,4667,4895
SZ,300755,-2.68,4666,4668
SZ,002570,-2.47,4666,4666
SZ,002526,-2.22,4658,4689
SZ,301365,-1.94,4652,6892
SH,601789,-2.94,4651,6524
SZ,301583,0.23,4647,27956
SZ,301330,-2.48,4644,5625
SZ,301391,0.12,4642,4751
SZ,301179,-2.19,4638,7898
SH,603187,1.42,4634,4683
SZ,002749,-1.38,4627,4730
SZ,002774,1.8,4627,5528
SH,688665,0.07,4620,4620
SZ,000753,-2.91,4620,4620
SZ,002111,-1.04,4619,5028
SZ,000863,-0.24,4618,4687
SH,688696,-1.16,4616,4616
SH,600351,0.15,4616,4616
SH,688389,-0.73,4615,4615
SH,600551,-2.43,4611,4611
SZ,002501,-1.51,4610,4615
SZ,301367,-1.4,4610,5887
SZ,300727,-0.69,4607,5119
SZ,300215,-2.83,4607,4607
SH,603387,1.23,4605,4605
SZ,002482,-3.14,4605,4614
SZ,000417,-2.14,4604,4609
SH,603408,-2.46,4601,4601
SZ,000720,-6.86,4599,4599
SZ,300490,-2,4597,4660
SZ,301211,0.36,4594,4594
SZ,300027,-4.27,4591,4966
SZ,000993,-1.37,4584,4584
SH,600758,-5.44,4583,4587
SH,603365,-2.22,4583,4607
SZ,300016,2.39,4582,4741
SZ,002455,-1.69,4579,5007
SH,688085,-0.22,4579,4791
SZ,002375,-2.26,4579,4610
SZ,000936,-1.52,4571,4572
SH,600495,-1.81,4567,4567
SH,688330,-1.41,4567,4567
SZ,002523,-1.81,4559,4576
SH,600088,-2.79,4558,4558
SH,603980,-0.58,4555,4555
SZ,300461,-1.49,4551,4955
SZ,001317,-2.3,4551,4556
SZ,002235,-1.78,4550,4764
SZ,300388,-1.46,4549,4549
SZ,002919,-1.65,4547,4580
SZ,300964,6.42,4546,6196
SZ,000078,4.22,4542,4552
SH,688379,2.13,4540,4787
SH,603758,9.97,4539,4539
SZ,001207,-0.57,4539,4702
SH,603767,-1.86,4537,4537
SZ,300688,-2.82,4534,5115
SZ,301230,3.11,4534,5041
SZ,002483,-1.15,4532,4539
SH,603191,-2.2,4530,4530
SZ,002481,-2.4,4529,4996
SH,603822,0.08,4526,4526
SZ,002478,-0.94,4524,5639
SZ,300547,-0.62,4522,5503
SZ,301055,-0.16,4519,4618
SZ,002989,0.84,4519,4605
SH,600681,-1.45,4515,4519
SH,603711,-2.05,4513,4513
SZ,002026,-1.15,4511,4511
SZ,301239,-0.93,4506,4746
SZ,300138,-1.9,4505,5464
SZ,002401,-3.49,4504,4508
SH,603398,0.88,4497,4497
SZ,002573,-1.84,4493,4501
SH,600523,-2.27,4493,4496
SH,688218,-0.33,4489,4489
SZ,002880,-1.43,4488,4488
SH,688646,0.54,4488,6959
SZ,000045,-3.05,4488,4974
SH,603439,0,4479,4479
SH,600626,-2.58,4477,4477
SH,603683,-1.01,4476,4523
SZ,300196,2.14,4476,7408
SZ,003004,-0.59,4476,5330
SZ,300871,0.32,4474,4474
SZ,300123,-0.21,4473,4598
SH,688210,0.26,4472,4472
SZ,002522,-1.58,4471,4475
SH,603032,0.47,4469,4476
SZ,000507,-0.59,4467,4553
SH,605338,-1.52,4466,4466
SZ,301325,-1.58,4462,4462
SH,688119,-1.73,4455,4455
SH,688512,1.41,4443,6474
SZ,300523,-2.64,4443,4443
SH,603916,-2.48,4443,4443
SZ,300267,0,4438,6435
SZ,301458,2.03,4437,10072
SZ,300463,-0.43,4434,5454
SH,600101,-1.69,4432,4432
SH,605208,-0.21,4431,4431
SH,600379,1.98,4428,4428
SZ,002907,1.38,4426,5504
SH,603206,-3.71,4419,4419
SH,603348,-2.62,4418,4418
SH,601588,-2.91,4416,5589
SH,603661,0.63,4415,4415
SZ,300968,-2.63,4415,4415
SH,600714,-0.32,4409,4409
SH,603726,1.1,4409,4431
SZ,300397,-2.08,4408,5590
SZ,002627,-1.09,4405,4453
SZ,002884,-0.61,4405,5769
SH,603803,-1.98,4402,4402
SZ,300506,-8.26,4401,8539
SZ,002418,3.2,4398,4398
SZ,002540,-0.57,4394,6388
SZ,300271,-4.81,4393,4490
SH,600283,-1.38,4391,4391
SZ,301075,-1.46,4390,4390
SZ,300702,-0.7,4389,7259
SH,688267,-1.22,4387,4387
SZ,301487,-0.49,4387,7391
SZ,002746,0.16,4386,5318
SH,603209,-0.5,4385,4433
SZ,002727,-1.32,4385,6535
SZ,300561,-2.51,4382,5965
SH,603611,-1.04,4382,4382
SZ,300847,-7.84,4381,4381
SZ,000886,-2.17,4381,4430
SZ,000665,-3.5,4378,4378
SH,601065,-1.01,4377,4377
SZ,301488,-4.05,4375,10677
SH,603150,1.67,4374,4374
SZ,300429,-0.94,4374,5815
SH,603060,-2.5,4374,4374
SZ,300767,-0.81,4364,5026
SH,600071,-1.64,4359,4359
SZ,300326,-1.61,4358,4359
SZ,920077,-0.88,4357,8459
SH,603528,-3.58,4356,4356
SH,688010,0.44,4354,4354
SH,600178,-2.29,4352,4352
SZ,300715,4.36,4347,5251
SH,603339,0.65,4341,4341
SZ,002124,-1.78,4339,4888
SH,603558,-1.85,4334,4334
SZ,002641,-2.04,4332,4695
SZ,300802,-0.92,4326,6074
SZ,000819,-1.65,4326,4368
SZ,002651,-2.16,4326,7906
SH,605300,-1.75,4317,4317
SZ,002454,-2.56,4317,4325
SH,600173,-2.83,4315,4315
SZ,000759,-2.36,4315,4359
SH,688196,-1.7,4313,4313
SH,600382,-2.04,4312,4312
SZ,300917,-4.09,4311,4311
SZ,002902,0.71,4306,5697
SZ,002059,-2.66,4306,4434
SZ,002543,-1.65,4301,4833
SZ,001283,-0.37,4300,5393
SZ,300018,-0.66,4299,5772
SH,603386,3.13,4298,4298
SZ,002393,0.14,4293,4409
SZ,301235,1.18,4292,5734
SZ,300491,-1.72,4290,4836
SH,688551,1.1,4289,4289
SZ,301058,-3.45,4288,4359
SZ,300791,-1.53,4286,5132
SZ,001338,-2.61,4285,4285
SH,603681,-1.03,4284,4284
SZ,000521,-1.4,4280,5036
SH,688719,-0.2,4271,5492
SZ,300286,-1.38,4270,5154
SZ,300663,-5.49,4268,4435
SH,603669,1.7,4267,4267
SH,688530,4.44,4263,9779
SH,603015,-1.21,4260,4260
SH,688356,2.93,4258,4258
SZ,301282,4.15,4252,5079
SH,600880,-4.41,4252,4253
SH,603869,-2.68,4246,4246
SH,688350,-0.73,4246,4246
SH,600340,-0.9,4244,4244
SH,603018,-2.44,4243,4243
SH,688291,0.15,4241,4241
SZ,001288,-1.02,4239,6524
SZ,300210,-2.55,4232,4232
SH,603016,-1.98,4231,4231
SZ,300189,-6.46,4227,4884
SH,600152,-0.98,4227,4227
SH,605088,-1.21,4225,4257
SZ,000526,-2.32,4225,4238
SZ,300984,0.74,4219,6547
SH,600558,-2.48,4219,4219
SH,603928,-1.11,4218,4218
SZ,002480,-0.53,4214,4223
SZ,002367,-2.2,4211,4228
SZ,003026,1.39,4205,5462
SZ,002427,-2.05,4204,4208
SH,600227,2.49,4203,5556
SH,688236,0.07,4202,5589
SH,600168,-1.62,4202,4202
SH,600222,-1.56,4201,4201
SH,688639,-1.63,4199,4199
SZ,300441,-2.04,4194,4318
SH,603960,-1.35,4193,4193
SZ,002117,-3.72,4188,4190
SH,605086,-1.67,4188,4188
SZ,300632,1.61,4187,5777
SZ,301160,1.18,4185,6299
SH,600819,-2.2,4183,5177
SZ,300733,-0.96,4179,5667
SZ,002765,-1.4,4177,4571
SZ,000718,-3.16,4176,5553
SH,600609,-3.02,4175,4175
SZ,002264,-3.31,4172,4614
SZ,300532,-2.67,4172,4386
SZ,000518,2.27,4170,4170
SH,605577,-2.28,4169,4169
SH,688061,1.62,4168,4168
SH,603998,0.64,4158,4158
SZ,920593,-1.03,4156,4876
SH,603519,2.5,4152,4152
SZ,300745,-0.84,4151,4917
SZ,002788,0.46,4150,4223
SZ,301252,-0.74,4150,5175
SZ,002490,-0.12,4150,6308
SH,603912,-1.91,4149,4149
SZ,002112,-3.11,4149,4656
SH,603072,1.23,4148,8684
SZ,300793,-1.06,4141,4235
SH,688653,-0.14,4139,5552
SZ,300669,-1.89,4137,4369
SZ,002876,0.73,4133,4825
SH,600650,-5.1,4132,5836
SZ,300686,4.73,4130,4157
SZ,300859,-1.65,4129,4129
SZ,300557,2.17,4128,4148
SH,603318,-2.91,4127,4987
SZ,300893,-0.41,4124,7776
SZ,300539,-1.81,4122,5072
SZ,000016,-0.38,4119,6212
SH,605028,-1.07,4114,4114
SH,603058,-1.48,4113,4114
SZ,002589,9.06,4110,4529
SZ,300505,-1.5,4110,5198
SZ,300541,-4.68,4101,4546
SZ,000011,-3.82,4101,4643
SZ,300290,-3.45,4099,4101
SZ,920522,-0.12,4099,4942
SH,603978,-0.91,4097,4097
SZ,300643,2.84,4097,4106
SH,603069,-3.42,4092,4092
SZ,000655,-0.71,4090,4090
SH,603271,0.21,4089,8567
SZ,002586,-1.04,4089,4302
SZ,002285,-4.16,4089,4125
SZ,300121,-1.64,4088,4239
SZ,300206,-1.05,4088,7002
SH,688311,-1.22,4087,4087
SH,603088,0.86,4085,4687
SH,603966,-0.5,4085,4090
SH,688558,0.72,4084,4084
SZ,301277,1.66,4082,4082
SZ,002380,-2.24,4080,6885
SH,603167,-0.33,4077,4077
SH,603697,-2.05,4076,4076
SZ,002520,-0.69,4075,4261
SZ,300228,-2.4,4074,4355
SZ,003019,-0.66,4074,4169
SZ,300091,-0.39,4072,7077
SZ,301168,-0.06,4072,5126
SZ,002843,-0.54,4071,4096
SH,600479,0.1,4068,4784
SH,688360,-1.84,4064,4064
SH,600505,-1.49,4061,4061
SH,688595,-0.41,4059,4059
SH,688186,-1.49,4059,4059
SH,688807,3.45,4057,20285
SZ,301370,-0.68,4057,4057
SZ,300071,-4.66,4056,4135
SH,600721,10.02,4053,4053
SZ,300705,0.18,4051,5478
SZ,920239,0.67,4051,4100
SH,688633,-0.16,4050,4050
SZ,301115,0.56,4048,4979
SZ,300963,-3.36,4047,5517
SH,688269,-1.71,4043,4043
SZ,300403,-2.06,4036,5698
SZ,002328,0.14,4035,5456
SH,603790,-0.98,4032,4032
SH,603081,-0.2,4031,4031
SZ,002886,0.42,4029,5072
SZ,002406,-2.04,4029,4885
SZ,920139,-0.5,4028,4169
SH,688429,-4.27,4024,4024
SZ,002553,-2.05,4022,5549
SH,603933,1.1,4022,4022
SZ,000520,0.25,4018,4018
SZ,300606,0.32,4014,4719
SZ,300061,-4.43,4013,4251
SH,688571,-0.72,4013,4013
SH,603679,-0.21,4012,4012
SZ,002758,-1.52,4011,4016
SH,603636,-4.55,4010,4010
SZ,300481,-0.99,4009,4033
SZ,000782,0.4,4009,5211
SZ,300022,-0.48,4008,4008
SH,600076,-2.6,4007,4007
SH,600261,-1.63,4005,4005
SH,603324,1.49,4003,4143
SZ,002560,-2.16,4003,4647
SH,688215,7,4003,4003
SH,688023,-6.08,4001,4001
SH,600135,-2.16,4000,4000
SZ,300105,-2.75,4000,4003
SZ,002160,0,3999,4007
SZ,300320,-1.43,3994,4948
SZ,002644,0.39,3993,3993
SH,603716,0.68,3992,3992
SH,605055,-2.25,3991,3991
SZ,300662,-3.13,3989,4001
SH,600857,0.91,3988,3988
SH,603035,-1.26,3986,3986
SZ,300421,-0.91,3982,5084
SZ,301187,-1.69,3980,3980
SZ,002950,-0.1,3974,5858
SH,688238,2.51,3969,3979
SZ,300668,-1.77,3965,4788
SH,603121,-2.57,3964,3964
SZ,301280,0.2,3958,7623
SH,603090,0.58,3958,3958
SH,605268,-2.59,3956,3956
SZ,001316,-1.08,3955,4239
SZ,000599,-3,3953,11825
SH,688133,0.54,3951,3951
SH,603085,-2.44,3951,3951
SZ,002321,-3.62,3950,3967
SH,600727,-2.22,3949,3949
SZ,300571,-1.29,3946,4761
SH,603429,-2.46,3939,3939
SH,603918,-4.59,3936,3936
SZ,300355,-2.03,3935,4620
SH,688768,-1.78,3934,3967
SZ,300590,-0.98,3932,5080
SH,600792,-3.27,3929,3929
SH,603421,-6.07,3926,3926
SH,603178,-2.05,3924,3924
SZ,000919,-0.46,3923,3924
SZ,300588,-2.11,3918,4243
SZ,002772,-1.02,3917,3950
SZ,002449,-1.39,3915,3915
SZ,300004,-2.39,3912,3912
SH,688168,-1.11,3912,3912
SH,600469,0.19,3910,4771
SH,688039,-2.82,3910,3910
SH,603967,-1.13,3907,3907
SZ,002005,-3.03,3907,3908
SH,688813,18.39,3902,20760
SH,688211,0,3900,3900
SZ,002040,-1.22,3898,3898
SH,603615,-0.97,3898,3898
SZ,300907,0.79,3898,3898
SH,603520,0.57,3897,3897
SZ,920946,0.33,3897,3898
SZ,301517,-0.41,3894,6036
SH,688459,-0.73,3888,3888
SH,688489,-3.74,3884,3914
SZ,000096,-2.05,3882,4013
SH,600725,-2.77,3882,3882
SH,603607,-1.26,3881,3881
SZ,002693,-0.1,3876,3911
SH,603956,-2.85,3875,3875
SH,603689,-0.79,3874,3891
SH,603315,-2.1,3864,3864
SH,600798,-1.22,3861,3861
SH,603261,-1.36,3857,3857
SZ,300183,-3.25,3855,4807
SZ,301169,-3.68,3854,3856
SZ,002177,-5.45,3854,4346
SH,605286,-2.62,3852,3852
SH,603175,1.94,3850,36999
SH,600628,-1.97,3849,3849
SZ,301373,4.8,3847,10175
SH,600729,-2.24,3846,8800
SH,603291,2.71,3843,3843
SH,603719,-2.91,3841,3841
SZ,002930,-2.41,3840,4058
SH,688045,2.53,3837,3837
SZ,300712,-2.09,3836,3852
SZ,002370,0.19,3832,3833
SZ,002612,-1.3,3832,6663
SZ,002116,-1.83,3832,3879
SZ,301186,-0.02,3830,4073
SZ,000882,-2.09,3829,3832
SH,603676,-1.11,3829,3829
SH,600520,0.92,3829,3829
SZ,300873,-0.11,3827,5272
SZ,300349,-2.17,3823,4314
SH,603239,-1.39,3823,3823
SZ,300629,-1.55,3822,4433
SZ,301376,-3.09,3817,7933
SZ,301116,-2.51,3816,3816
SZ,300654,-3.21,3816,3961
SZ,301003,-0.01,3814,4930
SZ,000428,-5.55,3811,3811
SH,688136,1.73,3803,3803
SZ,300380,-3.73,3802,4132
SH,600526,-1.13,3798,3866
SZ,300111,-1.33,3797,3797
SZ,300332,-2.7,3794,3959
SZ,002688,-1.92,3790,3901
SZ,300553,-0.88,3789,4944
SH,605058,2.32,3788,3788
SH,603703,-1.18,3785,3785
SZ,002197,-2.2,3781,4350
SH,688298,-1.51,3780,3780
SZ,300318,-0.62,3780,3897
SZ,300351,-0.75,3777,5577
SH,603113,-2.19,3776,3776
SZ,300248,-7.23,3775,4397
SZ,001380,-1.21,3773,4391
SZ,000816,-2.23,3772,3791
SZ,000850,-2.67,3764,3765
SZ,300434,4.56,3763,4419
SZ,300231,-3.74,3762,3763
SZ,300010,-2.99,3759,4671
SZ,300177,-3.27,3759,4614
SZ,300508,-0.38,3758,4993
SH,688600,2.46,3757,3757
SZ,002088,-2.36,3754,3780
SZ,000626,-0.52,3753,3774
SH,603020,-1.18,3753,3753
SZ,000523,-2.07,3750,5194
SH,600067,-2.88,3744,3744
SH,601113,-2.01,3743,4591
SH,688588,-4.76,3740,3740
SH,603138,-3.99,3740,3808
SH,600337,1.17,3736,3736
SZ,002554,-2.09,3734,3734
SZ,002786,-2.32,3731,3742
SZ,301016,-3.63,3729,3888
SH,688199,1.27,3728,3728
SZ,300055,-2.63,3727,4928
SZ,300880,-3.09,3723,3723
SZ,002035,-1.23,3722,4035
SH,600568,-0.88,3722,4444
SZ,002037,10.01,3721,3721
SZ,002564,-3.34,3719,3719
SH,600960,-2.24,3717,3717
SZ,002322,-1.94,3714,3864
SH,605369,-0.4,3710,3710
SH,605189,-4.12,3709,3709
SZ,300758,-0.95,3705,4111
SZ,002986,-1.36,3701,4660
SZ,002584,-1.12,3696,4617
SH,603657,-3.04,3692,3692
SZ,002669,-0.24,3690,3698
SH,600527,-2.73,3689,3689
SH,688590,-4.72,3685,4095
SH,600794,-2.22,3684,3684
SH,688299,-0.53,3684,3684
SH,600734,-1.73,3681,3681
SZ,300572,-0.33,3680,4648
SZ,002090,-2,3679,3701
SH,600333,-1.3,3679,3679
SZ,001269,-0.92,3677,3677
SH,605162,-2.57,3676,3676
SH,603316,1.02,3668,3748
SZ,300911,-2.27,3665,3922
SZ,002228,-2.87,3664,3677
SZ,002849,4.04,3663,3693
SZ,920799,-3.96,3662,6379
SZ,920809,-4.43,3659,4774
SZ,301398,-2.44,3659,3753
SZ,300478,1.94,3656,3656
SZ,300317,-3.28,3656,3661
SH,601188,-1.74,3655,3655
SZ,300933,-0.59,3655,3655
SH,600805,-2.49,3648,3650
SH,600824,-1.97,3647,3647
SH,603926,-1.06,3645,3679
SH,688148,0.42,3643,3643
SH,603038,-1.23,3641,3641
SH,688785,2.66,3640,18196
SZ,301026,1.34,3639,5039
SZ,301038,-1.68,3638,3638
SZ,000532,-1.93,3638,3650
SZ,002187,-2.25,3638,3638
SZ,300943,1.64,3635,5552
SH,688693,19.99,3633,6881
SZ,300096,-1.16,3629,3629
SZ,000797,-3.74,3628,3628
SZ,300044,-1.54,3627,3873
SZ,301201,0.48,3625,5167
SH,605337,-1.68,3624,3624
SZ,300200,-1.38,3620,3681
SH,603126,-1.65,3620,3620
SZ,300125,12.95,3619,6678
SH,600800,-4.11,3618,3619
SH,600860,-2.62,3610,4451
SZ,002469,-2.7,3607,3724
SZ,002305,-3.25,3607,3607
SZ,301085,-1.88,3603,5307
SH,600830,-2.09,3603,3603
SZ,300809,-1.55,3602,6065
SH,603579,-0.93,3597,3597
SH,603139,-0.65,3597,3597
SZ,300068,-2.76,3594,3782
SZ,000903,-1.57,3591,3618
SZ,002162,-2.73,3591,3596
SZ,301630,2.9,3588,9577
SH,603706,-0.57,3587,3587
SZ,300639,-0.17,3586,3679
SZ,002677,-2.83,3585,4199
SZ,300194,0.27,3583,4402
SZ,300471,-2.34,3583,4495
SZ,002628,-3.05,3580,3596
SZ,301322,2.73,3580,5308
SZ,001238,-3.66,3579,3826
SZ,002596,-3.99,3577,3580
SZ,300424,-2.37,3575,3577
SH,600262,-3.89,3575,3575
SZ,002676,-1.38,3571,3571
SH,688075,-1.15,3570,3570
SH,600506,-2.25,3570,3570
SZ,002457,-1.37,3569,3572
SH,688606,0,3568,3568
SZ,300840,3.92,3566,4834
SH,603639,-1.22,3562,3664
SZ,000505,-5.05,3560,4093
SH,600980,0.21,3558,3633
SZ,300736,-0.37,3557,3649
SZ,300448,-4.48,3553,3741
SH,603559,-6.24,3551,3551
SH,688569,0.36,3550,3550
SZ,000659,-1.07,3549,3549
SZ,300611,-1.47,3547,5049
SH,603105,-1.38,3545,3545
SZ,002412,1.71,3545,3583
SZ,301421,1.86,3541,8849
SZ,300559,-4.52,3541,4546
SZ,301096,1.84,3540,4654
SZ,300522,-0.21,3539,4337
SZ,001400,0.07,3539,6429
SH,603199,-1.32,3536,3536
SH,688399,2.74,3535,3535
SZ,300414,-1.91,3527,3668
SZ,001257,0.66,3526,47276
SH,603551,-1.58,3525,3570
SH,600579,-1.64,3524,3524
SZ,300120,-2.04,3523,3837
SZ,300402,-2.35,3523,3569
SH,603232,-3.23,3518,3537
SH,688533,-1.52,3513,3513
SZ,000713,-2.71,3512,4566
SZ,002095,-3.85,3511,3525
SH,600581,-0.86,3510,3510
SH,603116,2.18,3509,3509
SH,603109,-1.05,3507,3507
SZ,002016,-3.98,3503,3503
SZ,000407,-1.71,3503,3520
SH,688302,3.09,3501,3501
SZ,002356,-1.47,3501,3501
SZ,002225,-1.33,3500,4278
SZ,300894,-1.89,3500,4820
SH,603665,-1.43,3498,3498
SH,688157,-0.26,3497,3497
SZ,300521,1.42,3497,3541
SH,603566,-0.29,3495,3495
SH,605186,0.12,3491,3491
SZ,300099,-1.79,3490,4424
SH,688033,-1.26,3486,3486
SZ,002107,0.33,3486,3521
SZ,300683,8.6,3485,3737
SZ,300652,-1.51,3480,3878
SZ,301251,15.59,3480,8681
SZ,002973,-0.35,3478,4475
SZ,301408,0.4,3478,6076
SH,688398,-0.04,3475,3475
SZ,301017,-2.18,3472,5443
SZ,002766,-8.57,3471,3482
SH,601599,-1.96,3470,3470
SZ,300494,-7.13,3470,4272
SH,688163,2.92,3470,3470
SH,600834,-1.35,3466,3466
SZ,920725,0.55,3465,7159
SZ,000726,-1.33,3459,4799
SH,603390,-2.37,3458,3464
SZ,301246,-0.19,3456,8128
SH,688286,1.52,3454,3454
SZ,300812,0.1,3452,3804
SZ,300419,-0.73,3450,3450
SH,605388,-2.37,3447,3447
SH,603569,-1.71,3446,3446
SZ,300213,-2.49,3446,3709
SZ,301259,-0.62,3445,5372
SH,603798,-0.8,3444,3444
SZ,002462,-0.5,3442,3445
SH,603014,-0.28,3435,14141
SZ,000862,-3.18,3435,5021
SZ,301656,-0.52,3433,40545
SZ,300885,-1.24,3431,5097
SZ,301120,-1.23,3429,5668
SZ,300190,-2.15,3428,3442
SZ,301479,-0.38,3427,5987
SZ,000889,-4.36,3427,3689
SZ,300962,-1.88,3427,3427
SZ,002783,-1.32,3421,3705
SH,605158,-1.9,3421,3421
SZ,300533,-3.19,3418,4858
SZ,301613,6.29,3418,5860
SZ,300311,-11.16,3418,4284
SH,601033,-1.58,3415,12807
SZ,001216,-0.78,3413,4058
SH,605303,0.05,3412,3412
SZ,002582,-1.58,3411,4437
SZ,002822,-1.23,3410,6221
SZ,300399,-3.57,3408,3409
SZ,000716,-3.13,3406,3486
SZ,301076,-2.39,3406,5095
SZ,002791,2.09,3405,5535
SZ,002339,-2.59,3404,3584
SH,603813,-1.63,3404,3404
SZ,003037,-0.34,3403,3403
SZ,301609,-3.63,3402,5645
SZ,000509,-2.15,3402,3402
SZ,002927,-1.21,3399,3437
SZ,000965,-3.76,3396,3396
SH,688750,-0.74,3396,6743
SH,605566,-1.12,3395,3395
SH,688680,-0.42,3394,3394
SH,688602,-0.6,3386,3386
SZ,300427,-2.03,3385,3422
SH,688098,-2.01,3384,3384
SH,688053,0.51,3380,3380
SZ,300453,-0.2,3379,4902
SH,600539,0.69,3379,3379
SH,688443,2.7,3378,8639
SZ,300622,-1.7,3378,4941
SH,603351,0.04,3378,3378
SZ,301033,1.23,3377,4018
SZ,002374,-0.95,3375,3375
SZ,300879,-2.66,3373,3396
SH,603313,-3.26,3372,3372
SH,688259,-0.62,3371,3371
SZ,002571,2.08,3368,4425
SZ,300822,-3.71,3364,3626
SH,688339,-1.71,3364,4132
SZ,300021,-2.77,3363,3936
SZ,300545,0.07,3362,5215
SH,688283,-0.82,3362,3362
SZ,300656,0.48,3361,4328
SZ,301175,-0.91,3358,7948
SZ,300781,-4.28,3354,4546
SH,603357,-1.8,3352,3352
SZ,000007,-1.52,3350,3350
SH,605068,-2.31,3349,3349
SH,600156,-5.87,3346,3346
SH,603309,-0.94,3345,3345
SH,603396,-0.89,3344,3344
SZ,301110,-3.52,3341,4751
SZ,002365,5.5,3341,4014
SZ,300270,-1.22,3340,3876
SH,603101,-3.79,3335,3335
SH,688636,-0.3,3334,3334
SH,600503,-2.79,3333,3333
SZ,000037,-2.37,3331,5925
SZ,300936,3.64,3331,5283
SZ,300749,3.83,3330,4341
SZ,300551,-2.67,3330,3339
SZ,002369,-6.21,3329,3334
SZ,300069,-2.79,3329,3329
SZ,301499,-1.02,3326,3326
SH,603007,-1.03,3323,4228
SZ,002735,-1.09,3321,4372
SH,688522,-1.67,3320,8176
SZ,000926,-3.64,3319,3361
SZ,002686,-3.34,3319,3596
SZ,300746,0.88,3317,3350
SH,603577,-1.1,3313,3313
SH,603811,0.28,3313,3313
SH,605588,-0.21,3308,3316
SH,605066,-2.07,3306,3306
SH,603095,-2.28,3306,3306
SZ,300729,-1.56,3302,3430
SH,600467,0.44,3302,3302
SZ,301468,-0.14,3300,5726
SZ,300473,-1.56,3299,3785
SZ,301682,0.11,3297,15603
SZ,002667,3.34,3296,3630
SZ,920819,-0.72,3296,3334
SZ,300078,-3.57,3296,3309
SH,603948,-1.06,3295,3295
SH,605398,-4.29,3295,3295
SH,603648,-0.97,3294,3294
SZ,301617,0.08,3292,8294
SH,603051,-0.77,3291,3291
SZ,301257,6.12,3291,3452
SH,603630,-2.46,3288,3288
SZ,300241,-1.07,3288,3920
SH,600318,-3.16,3287,3287
SZ,301315,-3.65,3285,3285
SH,605399,-2.57,3285,3288
SZ,002474,-6.75,3284,3864
SH,601366,-3.11,3282,3282
SH,688084,-0.01,3282,3282
SZ,002269,-2.77,3281,3518
SH,605077,-1.07,3279,3318
SH,603759,-2.19,3278,3278
SZ,002055,-2.29,3273,3331
SZ,300664,-1.52,3271,3395
SZ,000721,-3.62,3269,3662
SH,603815,-3.29,3268,3268
SH,600638,-2.6,3266,3266
SZ,300848,-0.84,3265,5520
SH,600229,-2.55,3264,3264
SZ,300370,-2.78,3263,3272
SZ,301132,5.75,3260,5096
SH,688358,0.8,3260,3264
SZ,300040,-2.47,3259,4053
SZ,000701,-2.19,3259,3261
SZ,301302,-3.21,3257,3652
SZ,300243,1.68,3254,4068
SZ,301199,-0.92,3254,3381
SH,688583,-0.2,3253,9336
SH,688216,1.59,3249,3498
SZ,300225,-1.98,3248,3271
SH,600843,-2.8,3247,4935
SZ,920179,-0.67,3246,4047
SZ,002395,-2.01,3245,3245
SZ,002362,-2.91,3241,3816
SZ,300160,-2.06,3239,3285
SH,603898,-2.61,3233,3233
SZ,300056,-5.93,3232,3234
SZ,301060,0.45,3231,3593
SZ,300407,-2.49,3231,4320
SZ,301193,-0.78,3231,4225
SZ,002109,-1.55,3229,3229
SZ,300132,-2.6,3226,3280
SZ,300801,-0.91,3226,5148
SZ,000546,-0.85,3226,3601
SZ,003000,-1.68,3225,4721
SZ,301226,0.3,3225,3225
SZ,002826,-3.85,3224,3327
SZ,000803,-2.22,3223,3269
SZ,002845,1.02,3221,4216
SH,600354,-4.97,3220,3220
SZ,301568,2.99,3219,6982
SH,605136,-3.01,3216,3216
SZ,000789,-2.17,3214,3214
SH,605108,-2.97,3214,3214
SH,600853,-2.15,3213,3213
SZ,920037,0.05,3213,5255
SZ,000736,-3.79,3213,3213
SZ,002199,-0.28,3210,3384
SH,600865,-2.73,3209,3209
SZ,000514,-3.79,3206,3206
SZ,002094,-3.32,3204,3206
SH,688373,0.62,3202,3202
SZ,000488,-1.04,3202,5559
SZ,300050,-4.38,3202,3204
SZ,301028,0.31,3200,4933
SH,603535,-2.79,3198,3198
SZ,301311,-3.82,3197,3197
SZ,301213,-1.35,3196,4945
SZ,002818,-1.01,3195,8016
SZ,300948,-0.62,3195,3385
SH,603656,-1.07,3194,3194
SH,600791,-2.48,3193,3197
SH,600822,-2.17,3193,3998
SH,600653,-1.19,3192,3192
SZ,300385,-3.34,3191,3658
SZ,002801,-1.1,3190,6326
SZ,003032,2.28,3186,4507
SZ,300530,-2.57,3185,3185
SH,603655,10,3184,3184
SZ,002425,-9.41,3184,3310
SH,600716,-3.12,3183,3183
SZ,301707,401.54,3182,48360
SZ,300578,-1.52,3179,3180
SZ,002485,-1.01,3177,3177
SH,688722,-1.38,3173,3173
SH,600130,-1.39,3173,3173
SZ,001215,-1.76,3172,3180
SH,603278,-2.2,3172,3172
SH,688171,-1.66,3171,3171
SH,603987,-0.81,3171,3171
SH,603903,-0.63,3171,3171
SH,600280,-3.09,3171,3171
SH,688682,-0.72,3170,3170
SH,600228,-1.92,3170,3175
SZ,300932,0.3,3170,4450
SZ,002646,-2.34,3169,3191
SZ,002672,-1.95,3168,3868
SH,603958,-2.03,3168,3168
SH,600293,-2.49,3167,3167
SZ,300721,-2.21,3167,3773
SZ,002327,-0.61,3167,5378
SH,688618,0.53,3159,3159
SH,603856,-1.31,3159,3159
SZ,002137,1.02,3156,4597
SZ,300193,-1.3,3154,3581
SH,600749,-2.79,3153,3153
SH,603500,-1.14,3150,3151
SH,688579,-3.31,3148,3148
SH,600053,-2.8,3148,3148
SH,603817,-2.29,3147,3147
SZ,000788,0.57,3147,3147
SH,603230,-2.19,3146,3146
SZ,001217,-1.94,3144,3176
SZ,300110,-0.74,3142,3145
SZ,301551,-3.37,3141,8128
SZ,920806,-3.14,3140,3140
SZ,300352,-2.76,3139,3567
SH,603600,-0.62,3139,3139
SZ,002178,-3.7,3139,3141
SZ,300836,-1.99,3136,4581
SZ,300515,-1.32,3135,3197
SZ,301310,-13.89,3135,9817
SH,603527,0.71,3135,3135
SH,688030,-3.33,3134,3134
SZ,301662,0.03,3133,8150
SZ,301348,1.26,3130,4826
SZ,920047,1.28,3130,4767
SZ,002548,-2.25,3129,3222
SZ,000691,-0.2,3129,4694
SZ,301696,-0.75,3129,41601
SZ,301223,-1.51,3129,3129
SZ,301237,-0.34,3129,4297
SH,600512,-2.47,3127,3127
SH,603788,-1.4,3123,3123
SZ,300608,-4.73,3123,3571
SH,603210,-1.02,3123,4568
SZ,002451,-3.12,3122,3133
SZ,300550,-2.53,3121,3124
SZ,002394,0.31,3121,3127
SH,688162,-1.42,3119,3119
SH,603725,-2.28,3119,3119
SH,603266,-0.69,3119,3119
SZ,300867,-1.15,3116,4419
SH,688317,-1.37,3115,3115
SZ,301111,-0.55,3115,3115
SH,600052,-3.14,3115,3115
SH,600192,-3.94,3114,3114
SZ,000731,-2.4,3112,3112
SH,605138,-1.57,3111,3111
SH,603999,-2.34,3110,3110
SH,603637,0.85,3110,3110
SZ,301419,0.9,3105,4697
SH,605259,-1.09,3101,3101
SH,603819,2.08,3100,3100
SH,601616,-2.41,3099,3099
SH,600327,-3.04,3097,3097
SZ,300289,-0.51,3096,3101
SZ,002296,-1.97,3092,3467
SH,688137,13.56,3091,3091
SH,603258,-3.97,3089,3107
SZ,000607,-4.11,3089,3552
SZ,301073,-3.06,3088,3378
SH,600731,-1.55,3082,3151
SZ,301136,-2.85,3082,3085
SZ,301602,-1.19,3077,6322
SZ,003020,4.11,3076,4165
SH,688081,0.07,3075,3075
SZ,300955,-2.92,3074,3074
SZ,002012,0.46,3072,3072
SH,603696,0.46,3069,3069
SZ,301218,-1.45,3067,4992
SZ,003002,-0.58,3066,3354
SZ,002933,-1.64,3066,3082
SZ,000931,-0.23,3064,3073
SH,688175,-2.45,3061,3061
SH,688159,-1.37,3057,3057
SZ,000576,-1.53,3054,3072
SH,688273,-0.32,3054,3054
SZ,002175,-2.44,3052,3052
SH,603330,-1.18,3050,3245
SH,688071,-3.71,3047,3047
SZ,920418,-0.09,3043,3151
SZ,300560,2.2,3042,3738
SZ,000890,-3.06,3041,3041
SZ,002313,-3.44,3040,3040
SZ,300946,0.58,3039,6254
SH,603048,-0.13,3039,3039
SZ,000421,-2.03,3038,3039
SZ,300094,-2.83,3029,3091
SZ,300589,-2.56,3024,4872
SH,600719,-1.96,3022,3022
SZ,001318,-2.19,3022,3022
SZ,300310,-6.01,3021,3853
SZ,300563,-1.27,3021,4342
SH,688511,0.8,3021,3021
SZ,000151,-2.77,3021,3442
SZ,001221,-1.42,3019,15708
SZ,300833,-0.26,3017,4697
SH,603192,-3.08,3017,3618
SZ,301206,-1.27,3016,4684
SZ,003029,-8.79,3013,3313
SZ,300839,-2.82,3013,3066
SZ,300157,-3.05,3010,3153
SH,600712,2.39,3006,3039
SZ,301270,-4.09,3005,3180
SZ,002623,-2.12,3003,3010
SZ,300238,-0.52,3001,3002
SZ,300247,-1.83,2999,2999
SZ,300889,0.64,2999,4512
SH,600969,-1.93,2997,2997
SZ,300826,-0.5,2997,3115
SZ,300818,-0.42,2993,4621
SH,601956,-1.42,2990,2990
SZ,300877,-1.06,2987,2987
SZ,002259,0,2987,2987
SZ,002575,-3.21,2986,3150
SH,600668,-1.35,2985,2985
SH,688280,-0.86,2983,3382
SZ,301020,-3.09,2979,2979
SH,688077,2.52,2979,2979
SZ,001229,0.95,2978,5792
SH,688370,-0.45,2978,2978
SZ,300691,-1.38,2978,3629
SZ,300135,-2.41,2977,2977
SZ,002724,-2.23,2975,4043
SZ,300552,-6.68,2975,4693
SZ,300537,0.31,2973,4059
SH,688070,-1.92,2973,2973
SZ,300051,-7.85,2972,3010
SZ,002889,-3.34,2970,4464
SZ,300698,-4.38,2970,3357
SH,688335,-0.29,2964,2964
SZ,300011,-1.67,2962,3536
SZ,300062,-2.85,2961,4069
SZ,002829,-2.31,2956,4206
SZ,300798,-1.35,2954,3590
SZ,300187,-2.12,2953,2970
SZ,300864,-1.74,2951,2951
SH,688015,-2.18,2949,2949
SH,688391,0,2944,2944
SZ,300716,0.66,2941,2941
SZ,002587,-1.77,2941,3613
SZ,301068,0.07,2940,4142
SZ,002921,-0.43,2939,3408
SZ,300321,0.36,2937,2940
SZ,002903,0.51,2937,4314
SH,603008,-1.23,2935,2935
SZ,301082,-6.19,2932,3163
SH,600470,-1.57,2931,2931
SZ,300600,-2.05,2931,2931
SZ,300542,-4.2,2929,3532
SH,600738,-3.01,2929,2931
SH,603949,-0.28,2928,2936
SZ,002286,-1.85,2928,3009
SZ,000802,-4.21,2927,2928
SH,603722,-0.54,2923,2984
SH,600530,-4.3,2921,2921
SZ,001311,-0.95,2919,6652
SZ,002282,-1.52,2919,3045
SZ,300603,-3.57,2917,3625
SZ,300032,-3.7,2916,2916
SZ,300404,2.93,2912,3935
SH,603739,-1.11,2910,2910
SZ,301133,-0.07,2910,3180
SH,603458,1.6,2908,2908
SH,603335,-0.72,2907,2907
SZ,300869,-0.98,2906,4428
SZ,301600,-0.9,2906,9414
SZ,000798,-2.57,2905,2905
SZ,300163,0.63,2904,3015
SZ,300329,-2.03,2900,2908
SH,600322,-2.95,2897,2897
SZ,002086,-2.13,2894,3585
SZ,301172,-3,2893,3911
SZ,300086,-0.6,2891,2986
SZ,300386,-8.27,2889,4816
SH,688056,1.35,2888,2888
SZ,300816,-2.42,2888,3958
SZ,300908,-1.84,2888,3416
SH,600265,1.14,2887,2887
SZ,002823,-1.04,2885,4328
SZ,002542,-4.64,2884,2962
SZ,000710,-1.79,2883,3093
SZ,300982,-2.36,2881,3076
SZ,300973,-2.36,2880,4113
SH,688338,0.67,2880,2880
SZ,002899,-4.41,2879,2879
SZ,002798,-0.17,2878,3272
SZ,002875,-3.27,2878,2878
SZ,001223,9.99,2875,5381
SZ,001210,-1.09,2874,4729
SZ,300875,-2.58,2873,3267
SZ,301234,2.58,2871,4861
SZ,002795,-0.59,2867,2915
SZ,301042,-1.26,2867,3008
SZ,001218,1.14,2865,3213
SZ,300831,-2.44,2860,4960
SH,688479,8.61,2859,6652
SZ,002347,-2.35,2857,2922
SH,605218,-2.11,2856,3259
SZ,002725,-0.34,2856,2936
SH,603310,-1.27,2854,5080
SZ,301313,-1.46,2852,3756
SH,603808,-2.36,2852,2852
SZ,002811,-2.88,2851,3107
SZ,002521,-1.44,2850,3808
SH,600838,-2.73,2850,2850
SH,600620,-2.34,2850,2850
SZ,002878,-3.58,2850,3165
SZ,002692,-2.45,2849,2851
SZ,000068,-2.74,2849,2849
SZ,000668,-1.71,2849,2849
SZ,003015,-1.86,2848,3241
SZ,002996,-0.79,2847,4157
SZ,300266,-2.65,2842,2843
SH,600684,-4.02,2842,3683
SZ,301266,-0.65,2841,2995
SZ,300237,-1,2841,2841
SH,688255,0.15,2840,2840
SH,605500,-1,2839,2839
SZ,300410,0.91,2838,2838
SZ,300860,-3.17,2833,4879
SZ,300511,-2.44,2828,3320
SZ,300890,-1.02,2828,3094
SZ,002148,-3.08,2827,3503
SZ,002923,1.39,2826,3667
SZ,002355,-9.32,2825,3055
SH,688152,-4.57,2823,2823
SH,688687,0.55,2821,2821
SZ,300239,-1.43,2819,2838
SH,603001,-3.29,2819,2819
SZ,301273,-1.31,2818,3672
SZ,000910,-2.83,2813,2814
SZ,002981,-2.4,2810,3156
SZ,301305,-0.3,2809,5466
SZ,301260,-1.86,2809,6612
SZ,002578,1.56,2807,3060
SZ,301066,-3.67,2807,2828
SH,600844,-1.44,2806,3466
SH,601112,-0.83,2805,26715
SH,605169,-1.77,2803,2803
SH,600215,-1.75,2801,2801
SZ,002278,-2.12,2799,3031
SZ,002722,-0.78,2797,2797
SZ,001388,-1.88,2796,5225
SZ,301281,3.14,2796,4267
SZ,300154,1.26,2795,3988
SH,600249,-0.58,2794,2794
SZ,000695,-1.32,2790,2915
SZ,002224,-1.97,2790,3121
SH,600212,-2.59,2789,3697
SZ,002726,-2.37,2789,2790
SH,600630,-2.08,2787,2787
SZ,300501,-1.85,2786,2796
SZ,300858,-1.1,2785,3750
SH,600665,-3.29,2782,2782
SZ,002323,-1.49,2778,2778
SH,605080,-1.63,2776,2787
SZ,300148,-5,2776,2875
SZ,000978,-1.97,2776,2776
SZ,920735,1.72,2773,3136
SZ,002403,-2.5,2773,3178
SZ,301151,-3.74,2772,2775
SH,605089,-3.68,2771,2771
SZ,002314,-3.26,2770,5605
SH,603006,-1.62,2769,2769
SZ,300830,-4.41,2767,3708
SZ,002248,-1.31,2767,2767
SZ,002186,-2.58,2767,2768
SZ,301525,-1.42,2766,5281
SZ,000892,-3.7,2765,3816
SZ,301197,-2.45,2764,3064
SZ,002689,-1.48,2764,2765
SZ,300510,-3.45,2763,2763
SZ,300242,-4.39,2760,2760
SH,600136,-2.06,2759,2898
SZ,001299,-2.2,2758,3064
SZ,002357,-2.11,2752,2752
SZ,300447,-0.93,2752,4266
SZ,301148,-1.15,2751,5444
SZ,301158,-2.22,2750,2820
SZ,000897,-2.85,2749,2749
SZ,002866,-1.61,2749,4392
SZ,002917,0,2749,3667
SZ,301622,-0.25,2748,4927
SZ,002962,-0.14,2747,3830
SZ,002331,-3.11,2746,2926
SZ,300887,-8.44,2745,4137
SZ,002846,-0.74,2739,4423
SZ,300945,-2.79,2738,3006
SH,603838,-2.05,2736,2736
SZ,300584,0.42,2736,3998
SZ,300345,-1.21,2734,3308
SH,600735,-1.37,2731,2753
SH,688314,-0.94,2731,2731
SH,603280,-1.86,2730,2730
SZ,301393,6.65,2730,6705
SZ,002547,-0.39,2729,2786
SH,688285,-1.62,2728,2728
SZ,301608,-1.96,2725,6073
SH,603955,-3.08,2724,2724
SH,603970,-1.64,2723,2723
SZ,000809,-1.48,2722,2722
SH,603878,-2.8,2722,2722
SZ,003025,-0.24,2722,3413
SH,603829,-2.2,2721,2721
SH,688292,-5.28,2720,2720
SZ,003016,-2.21,2720,2784
SZ,301439,-1.71,2719,5774
SH,600616,-2.39,2716,2716
SZ,000504,0.36,2715,2723
SZ,920491,0.13,2715,3308
SH,603037,-0.96,2712,2716
SH,688570,-2.03,2712,6240
SZ,000570,-2.39,2712,3444
SZ,002476,-2.63,2711,2711
SZ,301255,-1.11,2711,3089
SH,600408,-6.26,2708,2708
SZ,300810,-2.37,2706,2803
SZ,300389,-2.06,2706,4551
SH,603215,2.19,2705,3101
SH,603159,0.89,2705,2705
SZ,300998,-0.27,2704,3444
SZ,002561,-2.09,2702,2711
SZ,300479,-3.78,2702,2703
SH,603042,-0.45,2701,2701
SH,605166,-1.26,2700,2700
SZ,002816,0.26,2700,2700
SZ,003007,-2.1,2700,4447
SH,600876,-2.98,2699,4404
SZ,300175,-2.87,2698,2698
SH,603585,-1.47,2697,2743
SZ,301092,0.64,2694,5948
SH,603617,-0.84,2692,2713
SH,600785,-2.51,2691,2691
SZ,300162,0.9,2689,3297
SZ,002659,-3.64,2686,2686
SZ,300279,-2.12,2683,2695
SZ,300920,-1.48,2681,4037
SZ,000159,-3.63,2673,2673
SZ,000017,-1.77,2671,4176
SZ,300449,-3.34,2671,2671
SZ,301190,2.81,2670,4005
SZ,920068,0.85,2664,10057
SZ,002953,-2.46,2664,4655
SZ,002663,-3.69,2663,2688
SH,603161,-0.77,2663,2714
SZ,300425,-1.25,2662,2667
SZ,000529,-2.09,2661,2726
SZ,002976,0,2660,4252
SZ,300095,-2.1,2659,3301
SZ,300218,-1.28,2658,2667
SZ,002404,-1.84,2656,3265
SZ,301081,-4.12,2656,2765
SZ,301631,-0.1,2652,7785
SH,603080,-0.84,2652,2652
SH,688367,0.1,2650,2650
SZ,002022,-1.33,2649,2649
SZ,001324,-0.25,2648,2648
SH,600419,-3.11,2647,2647
SH,688357,-2.14,2647,2647
SH,688066,-0.78,2646,2646
SZ,002337,-2.16,2646,2649
SZ,300795,-3.17,2645,4543
SH,603237,-1.62,2642,2728
SH,601798,-1.05,2641,2641
SZ,300374,-2.09,2641,2641
SH,688080,-0.24,2640,2640
SZ,300230,-0.94,2639,3407
SH,688500,-2,2636,2674
SZ,301296,-1.74,2635,2635
SZ,000698,-0.88,2632,2745
SZ,300439,3.57,2631,3459
SZ,300020,-0.86,2629,2726
SZ,002853,-2.75,2628,3735
SZ,001369,-1.24,2626,14521
SH,600538,0.6,2626,2626
SH,603202,-1.89,2624,8360
SH,603633,-2.06,2621,2621
SH,688727,2.08,2620,21788
SH,605155,-1.67,2617,2669
SZ,002748,-0.9,2616,2616
SZ,300445,-1.37,2616,3953
SZ,301149,-2.65,2615,4299
SZ,301222,0.99,2615,3442
SH,603036,-2.45,2614,2614
SZ,002863,-2.45,2614,2614
SZ,301181,-1.8,2613,3348
SZ,002072,-3.52,2613,2614
SH,603066,-1.54,2612,2612
SH,603189,-2.6,2612,2612
SH,601996,-2.5,2612,2612
SZ,000419,-2.03,2609,2609
SZ,300942,-3.73,2609,2609
SH,600624,-3.02,2609,2609
SZ,300631,-0.64,2607,2681
SZ,920019,5.14,2607,3272
SZ,002905,-2.73,2607,2807
SH,600671,-2.23,2605,2605
SH,603768,-2.22,2603,2603
SZ,300653,-0.47,2603,2603
SZ,002363,-2.79,2603,2610
SH,603895,-0.69,2603,2603
SZ,300301,-0.89,2598,2730
SZ,300359,-3.52,2597,2597
SZ,002136,-1.13,2593,2600
SH,603107,-1.73,2592,4008
SH,603586,-0.96,2592,2592
SZ,000972,-2.03,2592,2592
SH,600386,-3.3,2589,2589
SH,600661,-3.21,2588,2588
SZ,300477,-1.13,2587,2798
SH,601010,-1.37,2586,2586
SH,688529,-3.63,2585,2585
SZ,002658,-1.09,2582,4577
SH,603030,-3.91,2581,2581
SH,688589,-0.77,2581,2581
SH,600537,-2.23,2580,2580
SH,600358,-2.84,2580,5944
SZ,300853,-0.63,2580,3856
SZ,300615,-6.48,2580,3252
SZ,300577,-3.55,2579,4351
SZ,300272,-1.24,2578,3394
SH,688619,-1.2,2570,2570
SZ,300585,-2.84,2570,2570
SZ,300366,-1.62,2568,2941
SH,600250,-2.95,2565,2565
SZ,000812,-3.96,2563,2564
SZ,300991,0.11,2562,4003
SZ,300536,-1.68,2560,2560
SH,603839,-2.21,2558,2558
SH,688246,-3.48,2549,2549
SH,603017,-2.11,2546,2546
SZ,002952,-1.67,2546,3178
SZ,300141,-2.62,2544,2576
SZ,920571,-0.11,2543,4771
SH,603602,-4.25,2542,2542
SZ,300591,-2.41,2541,2941
SH,688316,-3.36,2538,2538
SZ,002453,-4.31,2537,3420
SZ,000826,4.09,2537,2537
SH,603628,-1.88,2537,2541
SH,603863,-3.57,2536,2536
SZ,300789,-6.39,2533,2611
SZ,002769,-2.43,2533,2535
SH,603677,-1.27,2531,2531
SH,603779,-2.8,2530,2530
SZ,002613,-2.09,2530,3599
SH,688765,1.01,2529,12563
SZ,300485,1.54,2527,4446
SH,688129,0,2526,2526
SZ,000019,-3.49,2526,6996
SZ,000153,-1.07,2524,2556
SH,603886,-1.3,2522,2522
SZ,301221,-2.95,2522,3709
SZ,920190,-3.61,2518,2532
SZ,300097,-2.3,2516,2689
SZ,300025,-2.16,2513,2524
SH,605266,-0.66,2511,2511
SZ,002103,-1.81,2507,3451
SH,601007,-2.12,2504,2504
SZ,001300,-2.74,2504,2504
SZ,000565,-2.19,2502,2502
SZ,300288,-2.98,2502,3295
SZ,002388,-1.58,2500,2523
SZ,920002,-0.06,2500,3571
SZ,300952,-2.03,2499,4064
SZ,002983,-0.35,2499,4351
SH,603828,-0.94,2497,2497
SZ,920402,-2.86,2497,3862
SZ,002712,-4.54,2494,2509
SZ,300562,0,2491,3261
SZ,002599,-3.98,2488,3255
SZ,300849,-0.12,2487,3383
SZ,301380,-2.21,2486,3122
SZ,301337,-2.31,2485,2540
SZ,001282,-1.02,2485,3615
SH,603801,-3.2,2484,2484
SZ,300636,-1.16,2483,2839
SZ,300103,1.56,2482,2484
SZ,002871,0.54,2481,4186
SH,600289,-0.67,2473,2758
SZ,301565,-2.86,2472,7724
SH,600793,-3.51,2471,2471
SH,688310,-0.12,2470,2470
SZ,301669,-0.48,2470,14477
SH,600257,-2.46,2469,2469
SZ,002813,-2.5,2466,2468
SH,600356,-0.83,2465,2719
SH,688455,-1.47,2460,2460
SH,600381,-2.09,2460,2460
SZ,301178,0.03,2459,3333
SZ,300647,-3.92,2457,2460
SZ,300555,-0.63,2455,2480
SZ,301040,0.85,2452,2598
SH,603331,-1.86,2446,2446
SZ,002869,-3.89,2446,2747
SZ,000545,-2.35,2444,2447
SZ,301125,0.36,2443,2757
SZ,002868,-1.25,2442,3533
SZ,002172,-1.84,2441,2443
SH,603320,-2.43,2440,2440
SZ,001333,-2.25,2440,2440
SZ,301002,-0.92,2438,3871
SZ,300921,-0.39,2438,3867
SZ,002682,-2.9,2435,2435
SZ,300730,-3.83,2434,2838
SZ,301563,1.44,2432,10760
SZ,300264,-3.38,2430,2826
SZ,301356,-0.56,2429,4141
SZ,300269,-3.13,2428,2527
SZ,300452,-0.56,2427,2865
SH,688468,-1.93,2427,2427
SH,603488,-2.91,2426,2426
SZ,301531,1.08,2424,11360
SZ,301225,0.36,2424,7939
SZ,002700,-1.98,2423,2449
SH,600992,-2.75,2421,2421
SZ,300667,-1.6,2420,2869
SZ,301119,-2.37,2420,2992
SZ,300281,0.66,2420,2551
SZ,300582,-2.49,2419,3260
SZ,002861,-2.41,2419,3001
SZ,300824,-2.17,2418,2493
SZ,002391,-1.32,2418,3384
SH,600560,-2.34,2418,2418
SH,688369,-12.02,2417,2417
SH,603818,0,2417,2417
SZ,301592,-0.57,2415,7238
SH,605199,0.17,2409,2409
SZ,300354,-2.72,2408,4096
SH,603836,-1.36,2407,2470
SH,603797,1.71,2404,2404
SZ,002442,-1.8,2403,2461
SZ,300173,-3.81,2403,2403
SH,603059,-1.35,2400,2404
SZ,300460,-2.05,2398,2398
SZ,003023,1.51,2398,2403
SH,603076,-2.06,2397,2397
SZ,300250,-4.39,2396,3253
SH,605033,-2.31,2396,2396
SZ,002593,-2.28,2393,3432
SZ,301025,-3.57,2392,3455
SH,603289,-1.8,2391,2391
SH,605258,0.89,2387,2387
SZ,300978,-2.23,2386,3513
SZ,002806,-1,2383,2909
SZ,002058,-0.05,2383,2388
SZ,002330,-2.08,2382,2382
SZ,000669,-0.84,2381,2381
SZ,300701,-2.27,2380,2639
SZ,300365,-3.52,2380,2789
SH,605151,-1.88,2375,2375
SH,600613,-0.99,2373,2644
SH,603136,-1.78,2372,2372
SZ,000430,-2.13,2372,5182
SZ,000752,1.47,2371,2371
SZ,301262,-3.9,2369,8094
SZ,301397,-3.53,2368,5178
SH,600573,-2.26,2368,2368
SZ,000790,-0.51,2366,2370
SZ,300993,-1.3,2365,3014
SZ,301106,-1.77,2365,2365
SZ,002431,-1.49,2361,2361
SH,603086,-2.33,2361,2361
SZ,300092,-2.25,2361,3082
SZ,002098,-2.65,2359,2359
SZ,002855,-3.32,2359,2361
SZ,000014,-3.55,2358,2358
SZ,002879,-4.49,2357,3320
SH,688560,-0.67,2357,2357
SZ,301279,-1.41,2357,3044
SH,603917,-2.35,2356,2356
SZ,002574,-2.82,2355,2355
SH,603375,-0.48,2354,3716
SZ,301387,2.13,2350,5910
SZ,002343,-4.05,2349,2349
SH,603373,-2.55,2345,5550
SZ,301658,-2.35,2341,9909
SH,688026,8.59,2341,2341
SZ,300796,-2.69,2340,2340
SZ,301122,-0.7,2340,3781
SH,603557,0.54,2338,2338
SH,600753,-0.09,2335,2335
SZ,001376,-3.18,2335,5028
SH,603332,-1.9,2334,2334
SZ,002828,-3.08,2331,2331
SZ,300198,-1.29,2330,2342
SZ,000635,-2.3,2329,2503
SZ,002496,-3.42,2327,2970
SZ,002184,-1.72,2327,3406
SZ,301108,-2.71,2322,4032
SZ,002660,-2.86,2322,2414
SZ,300649,5.35,2320,2895
SZ,301665,-1.19,2319,10017
SH,603909,-2.3,2317,2317
SH,688244,-4.47,2316,2316
SZ,002576,-1.64,2315,2359
SZ,000715,-1.64,2315,2572
SH,600319,-2.6,2311,2311
SH,600831,-2.39,2311,2311
SH,600463,-3.13,2310,2310
SZ,301283,-0.77,2310,2938
SZ,300658,-1.5,2308,3477
SZ,002932,-0.66,2307,3437
SZ,300805,-4.18,2307,3396
SZ,300172,-1.33,2306,2984
SZ,001219,-2.01,2305,2363
SZ,301317,0.11,2305,6942
SH,600892,-10.03,2304,2305
SZ,002114,-0.41,2299,2299
SZ,920125,1.76,2298,7829
SH,688718,-0.14,2297,2297
SZ,301059,-1.23,2297,2570
SZ,300965,-2.13,2296,2546
SH,603307,-1.74,2295,2332
SZ,001201,-1.12,2294,2936
SZ,300235,-0.43,2293,2842
SZ,301628,1.93,2293,6200
SZ,301118,-1.63,2291,2382
SZ,002890,0.57,2290,2409
SZ,300426,-4.34,2288,2576
SZ,300583,-0.31,2288,2331
SZ,300891,-2.41,2288,2744
SH,603937,-1.52,2287,2287
SH,603787,-1.38,2285,2285
SZ,301195,-1.91,2285,3442
SZ,000554,-1.23,2285,3037
SZ,300898,-2.06,2285,2469
SZ,000055,-2.02,2284,3630
SH,688201,-1.63,2284,2284
SH,688113,-1.27,2280,2280
SZ,300786,0.45,2276,2861
SZ,002661,-1.98,2276,2390
SH,600359,-2.92,2274,2274
SZ,300422,-2.64,2273,2349
SH,688178,-1.5,2273,2273
SZ,300340,-2.23,2272,2290
SH,688501,-1.72,2271,2271
SZ,920971,-1,2270,2754
SZ,301588,1.51,2270,3678
SZ,300987,-3.88,2269,2269
SZ,300956,-3.4,2269,2322
SZ,300694,-1.31,2268,2271
SZ,300211,-2.93,2265,2307
SZ,002319,-4.75,2264,2264
SZ,300275,-3.69,2264,2569
SZ,002767,-1.85,2262,2606
SZ,002069,-2.44,2258,2261
SZ,002420,-1.58,2258,2295
SH,603407,-1,2258,25643
SH,688597,-0.29,2255,2255
SH,603378,-1.49,2254,2254
SH,603188,-2.7,2252,2252
SZ,301185,-3.78,2251,2490
SZ,002908,-4.89,2250,3016
SH,600854,-2.25,2249,2249
SZ,001368,-2.38,2249,2354
SZ,300989,7.32,2245,2901
SZ,300752,-0.88,2241,3242
SZ,301072,-0.88,2240,3505
SH,603721,-4.27,2240,2240
SZ,000586,-1.75,2239,2265
SZ,300512,-2.11,2238,2828
SZ,300464,-1.55,2237,2944
SZ,920510,0.85,2237,4379
SH,600423,-1.05,2236,2236
SZ,300205,-0.56,2236,2236
SZ,300771,-4.13,2235,2837
SZ,002377,-2.65,2233,2346
SH,600239,-2.1,2232,2232
SH,603180,-3.14,2231,2231
SH,605069,-3.12,2229,2229
SZ,300411,-2.29,2229,2931
SZ,002397,-2.26,2229,2572
SH,603172,-1.64,2226,2226
SZ,300829,-1.79,2226,3227
SZ,003001,-2.79,2226,3397
SZ,002963,-6.5,2225,2720
SH,603096,-2.36,2224,2224
SZ,301088,-1.65,2224,2696
SZ,002084,-2.53,2224,2229
SH,603183,-2.18,2222,2222
SZ,000573,-2.76,2222,2240
SZ,301258,-0.63,2221,2286
SZ,300800,-1.03,2221,2244
SZ,002723,-1.26,2219,2326
SH,600182,-0.3,2217,4434
SZ,300916,7.82,2216,3431
SH,603700,-1.68,2216,2216
SZ,001367,-0.21,2213,2771
SZ,301079,-1.23,2211,3117
SH,600540,-3.31,2203,2203
SZ,001259,-0.7,2202,3409
SH,600833,-1.39,2202,2202
SH,600281,-1.37,2202,2202
SZ,300513,-2.89,2201,2202
SZ,002762,10.04,2200,3685
SZ,920261,1.48,2200,3997
SZ,920344,2.11,2200,2356
SH,600302,-4.07,2197,2197
SZ,000955,-3.08,2196,2197
SH,600187,-3.54,2195,2195
SZ,300774,3.17,2194,4394
SH,603285,-1.83,2193,5632
SH,600232,-1.95,2192,2192
SZ,300565,-2.33,2191,2397
SZ,300546,-7.72,2190,3046
SZ,002775,-3.57,2190,2433
SH,603091,0.73,2189,7117
SZ,920060,2.71,2189,3509
SZ,301019,-2.01,2186,2981
SZ,002771,-3.31,2183,2624
SZ,300599,1.4,2181,4154
SZ,002763,-0.96,2180,2943
SZ,300884,-2.64,2176,2886
SH,688737,-2.09,2176,2176
SH,688272,-0.16,2176,2176
SZ,002836,-3.47,2175,2175
SZ,002492,-2.84,2172,2211
SH,688721,0.38,2172,5257
SZ,002900,10.04,2172,4264
SH,688197,3.8,2168,5039
SZ,300940,-2.68,2167,3064
SZ,002742,10.13,2164,2825
SH,603959,-0.44,2162,2162
SZ,001393,0.18,2161,11218
SZ,300780,-0.68,2160,2947
SZ,300165,-0.18,2157,2542
SZ,001228,-1.45,2156,2804
SZ,002633,-2.29,2155,2163
SH,601083,-0.88,2155,14365
SZ,300732,-2.83,2154,2157
SZ,300107,-2.04,2154,3489
SZ,301290,-0.43,2153,2711
SH,600533,-5.08,2153,2153
SZ,300612,-4.51,2151,2163
SH,603880,2.62,2148,2148
SZ,002234,-1.92,2146,2485
SH,603079,-1.12,2145,2145
SH,688648,-1.84,2144,4193
SZ,300703,-3.58,2143,2325
SZ,002852,-3.59,2141,2576
SZ,301011,-2.98,2140,2254
SH,688355,-0.62,2138,2138
SZ,002702,-2.09,2138,2590
SH,603102,-2.04,2138,2138
SZ,000692,-5.41,2137,2137
SZ,301220,-1.32,2136,3094
SZ,002998,0.13,2134,2800
SH,603578,-0.58,2134,2769
SH,603117,-2.99,2133,2133
SH,603377,-1.98,2132,2132
SH,688251,-0.04,2132,2147
SZ,000548,-2.72,2132,2132
SH,688623,-0.24,2131,5131
SZ,002295,-1.04,2131,2133
SZ,002848,0.94,2131,2153
SH,603193,-2.45,2130,8339
SZ,000757,1.01,2126,2126
SZ,301331,-0.9,2125,2130
SH,603536,-2.53,2121,2138
SZ,300808,-4.39,2116,2848
SH,688811,-0.98,2114,11513
SZ,300980,-1.32,2112,2966
SZ,001332,0.93,2112,4862
SH,603021,-2.64,2112,2112
SH,603151,-2.37,2108,2108
SZ,920017,1.59,2108,2131
SZ,001365,-1.92,2108,19247
SH,603023,-2.57,2104,2104
SH,688517,-1.59,2102,2102
SH,605336,-0.86,2098,2098
SH,605001,-2.37,2098,2098
SZ,300922,-2.8,2095,2670
SZ,001230,-0.67,2095,3577
SZ,002076,-4.28,2095,2229
SH,600439,-2.62,2094,2094
SH,600148,-2.37,2093,2093
SZ,300673,-0.75,2091,3222
SZ,301332,-4.24,2090,3642
SZ,301117,-3.05,2089,3260
SZ,002857,-2.51,2087,2120
SZ,300970,-2.74,2082,2698
SH,600965,-3.41,2080,2080
SH,603381,-1.6,2079,3471
SH,688156,0.29,2078,2078
SZ,002991,-2.08,2077,3878
SH,600272,10.01,2075,3407
SH,600241,-3.15,2075,2075
SH,603321,-1.62,2074,2100
SH,603176,-1.96,2074,2134
SZ,002671,-2.83,2073,2112
SZ,001390,-2.78,2073,3490
SZ,000679,-3.48,2071,2071
SZ,002614,-1.87,2070,2925
SZ,300665,-0.93,2069,2178
SZ,300710,-2.35,2068,2759
SH,603238,-2.34,2068,2068
SZ,300375,-2.01,2067,2965
SZ,300637,-1.88,2066,2068
SH,603089,-1.82,2064,2371
SZ,002918,-1.32,2063,3937
SH,603382,-2.4,2061,3235
SH,603356,-1.58,2060,2060
SZ,002253,-2.18,2060,2213
SZ,002732,-2.51,2059,2069
SH,688426,-0.1,2055,2060
SZ,300778,-2.22,2054,2055
SH,688613,-0.12,2054,2054
SZ,300947,-3.2,2052,2052
SH,688060,-3.61,2051,2051
SZ,002687,-0.79,2050,2504
SZ,002799,-3.17,2045,2045
SZ,301141,9.78,2043,5693
SZ,300387,-1.93,2043,2044
SZ,300960,-2.13,2042,2253
SH,603262,-4.25,2042,7828
SZ,920978,-1.31,2042,3642
SZ,000590,-1.15,2042,2043
SH,688716,0.45,2041,3552
SZ,300719,-2.14,2040,2888
SH,603326,-3.76,2040,2040
SZ,000953,-0.88,2039,2039
SZ,920247,-4.18,2038,2809
SZ,920111,-0.03,2033,4189
SZ,300509,-1.31,2031,2436
SZ,300966,0.27,2030,3053
SZ,300753,0.48,2029,2909
SZ,301161,-0.78,2026,3149
SZ,300013,-3.45,2025,2027
SH,688755,0.8,2023,2898
SH,600615,-2.17,2023,2026
SZ,002666,-2.41,2023,3184
SZ,300902,-2.75,2022,2945
SH,603968,-1.68,2020,2020
SZ,002329,-3.42,2020,2580
SZ,300335,-2.77,2017,2504
SZ,300597,-3.12,2016,2025
SZ,002679,-2.61,2016,2016
SZ,000605,-1.71,2014,2014
SH,688203,-2.16,2013,2013
SZ,301212,-1.46,2010,2316
SZ,300112,0,2008,2433
SH,600371,-3.23,2007,2007
SZ,000952,-1.01,2002,2002
SH,603825,-1.49,2001,2001
SZ,920208,-1.26,2000,2309
SH,603900,-2.66,1998,1999
SH,603182,-0.32,1998,1998
SZ,300844,-2.06,1997,2072
SH,688013,-1.04,1996,1996
SH,603922,-0.26,1994,1994
SH,605180,-1.33,1991,1991
SH,688132,-3.03,1990,1990
SH,688096,-2.63,1985,1985
SZ,301428,-3.28,1984,2812
SH,688038,-8.13,1984,1984
SZ,300350,-3.44,1981,2360
SZ,002656,-2.36,1978,2052
SH,603616,-2.64,1975,1990
SZ,300176,-2.48,1975,1975
SH,600802,-3.35,1975,1975
SH,600774,-2.47,1973,1974
SZ,002133,-2.65,1971,1982
SZ,920879,0.08,1971,2633
SZ,000056,5.83,1970,2578
SH,600159,-4.43,1967,1967
SH,600097,-2.15,1966,1966
SH,600287,-3.22,1966,1966
SZ,002615,-1.65,1964,3639
SZ,300074,-3.76,1963,1965
SZ,002995,-3.74,1962,3097
SZ,300412,-1.86,1960,2086
SZ,000633,-2.11,1960,1960
SZ,301557,1.49,1960,4888
SZ,002105,-2.71,1957,1967
SH,603982,-2.36,1956,2103
SZ,002893,-1.52,1955,2541
SH,603385,-2.09,1953,1953
SZ,000020,-2.61,1951,3050
SZ,300817,-0.82,1948,3395
SZ,000909,-2.19,1948,1948
SH,603435,1.66,1946,25043
SZ,300897,-8.76,1946,3118
SZ,301371,-1.8,1946,12982
SZ,300305,-0.16,1945,2271
SH,603168,-2.42,1945,1953
SH,600807,-2.75,1944,2185
SZ,001360,4.03,1942,3158
SH,600128,-2.83,1942,1981
SH,600678,-2.27,1940,1940
SZ,301103,-1.05,1936,2516
SZ,301299,-3.43,1936,2622
SZ,300106,-3.47,1934,1934
SZ,002999,-2.08,1931,1953
SZ,301024,-2.78,1930,1993
SZ,301077,-1.74,1929,3436
SZ,001211,-0.71,1928,2066
SH,600444,-1.04,1927,1927
SH,688296,3.46,1926,1926
SZ,301041,2.05,1925,2600
SZ,300935,-5.75,1922,2534
SH,600768,-1.77,1922,1922
SZ,300854,-2.65,1921,2356
SZ,301599,-0.22,1920,15149
SZ,300807,-2,1920,2515
SZ,300650,-1.56,1916,2716
SH,603282,-1.71,1916,1916
SZ,002622,-2.14,1915,1915
SZ,002652,-3.1,1915,1915
SH,603270,0.26,1915,5933
SH,688118,-5.08,1914,1914
SZ,300659,-4.89,1911,2630
SZ,920189,1.31,1910,3183
SH,603041,-2.88,1910,1910
SZ,000985,-1.92,1910,1910
SH,688193,-2.11,1907,1907
SH,603810,-1.53,1906,1906
SZ,002800,-3.08,1904,1961
SH,688657,-1.81,1902,3040
SZ,301208,-4.22,1901,3452
SH,600235,-1.27,1901,1901
SZ,300881,-2.35,1899,3639
SZ,301052,-4.28,1897,2341
SZ,002524,-2.61,1895,1917
SH,600706,-1.84,1890,1898
SZ,001255,-1.56,1890,2128
SZ,002486,-2.94,1887,1896
SZ,300437,-2.06,1887,2663
SZ,301318,-2.87,1887,2740
SZ,002205,-2.67,1886,1886
SZ,001260,-2.2,1884,1884
SH,600491,-0.8,1882,1882
SZ,001237,-1.38,1882,8008
SH,600238,-1.85,1879,1891
SZ,300883,-0.69,1878,1965
SZ,300254,-0.35,1878,2125
SZ,002598,-1.64,1877,2044
SH,688420,-1.48,1875,1875
SZ,300644,-1.06,1875,2352
SZ,920914,2.23,1874,1875
SZ,300150,-2.64,1873,2364
SZ,300743,-1.53,1873,2223
SZ,300543,-3.35,1871,2292
SH,603208,-3.09,1871,1871
SZ,002873,-1.26,1870,1904
SZ,300575,-2.35,1867,2580
SZ,301198,-3.03,1866,1944
SH,603028,-1.79,1864,1883
SZ,002909,-2.77,1864,1911
SH,603506,-2.26,1863,1863
SZ,300906,-1.37,1862,2062
SZ,920476,0.43,1862,1967
SZ,300967,-2.41,1861,2797
SZ,300941,-7.72,1860,3077
SZ,002972,1.4,1857,3392
SZ,002569,-0.89,1857,1910
SH,603718,-1.03,1856,1864
SH,600051,-1.64,1856,1856
SH,605177,-1.97,1856,1873
SZ,300423,-4.94,1856,2771
SZ,002968,-2.12,1855,1971
SZ,920178,5.19,1854,6348
SH,605122,-1.82,1853,1853
SZ,000705,-0.44,1853,2195
SH,688004,1.4,1852,1852
SH,688670,1.49,1850,1850
SZ,000995,-3.33,1850,1850
SZ,300081,-3.46,1850,1851
SZ,301180,-2.5,1847,4500
SH,600099,-2.31,1843,1843
SH,688395,-2.06,1842,1842
SZ,002856,-3.88,1839,2008
SH,688616,-2.37,1839,1839
SH,600303,-2.86,1836,1853
SZ,920087,-4.02,1836,1849
SZ,301309,-1.55,1836,3046
SZ,002778,-2.16,1833,1853
SZ,002760,-1.56,1833,1833
SZ,301335,-1.88,1831,2648
SH,600847,-2.28,1830,1830
SH,600107,-1.54,1829,1829
SZ,002715,-2.99,1829,1829
SZ,001268,-0.96,1822,2910
SH,603325,-0.55,1822,4263
SZ,001234,-2.49,1821,2162
SH,600202,-2.25,1821,1821
SZ,300717,-3.08,1819,1836
SH,603214,-2.51,1819,1819
SH,603120,-0.73,1819,4338
SZ,000911,1.34,1817,1817
SZ,002551,-2.29,1815,2511
SH,688051,-3.01,1814,1814
SZ,002634,0,1813,1883
SH,688092,-1.25,1812,1812
SH,603177,-2.52,1811,1811
SZ,001366,-2.67,1811,1811
SZ,920021,-3.55,1810,2259
SZ,002817,-0.79,1807,1863
SH,603879,-0.39,1804,1804
SZ,000702,-2.79,1802,1802
SZ,301590,-2.71,1802,4353
SZ,002696,-2.17,1802,1864
SZ,301056,-2.75,1800,2729
SZ,300076,0,1798,1798
SZ,002753,-2.09,1795,2602
SZ,001356,-1.61,1795,4997
SZ,300992,-1.02,1793,2191
SH,603029,-0.93,1792,1792
SH,600080,-1.83,1792,1792
SZ,002820,-3.14,1790,1790
SZ,002159,-2.19,1788,2289
SH,688189,0.92,1787,1787
SH,603418,-1.25,1785,8333
SH,600082,-3.43,1782,1816
SH,600818,0.81,1780,2404
SH,600149,-2.89,1779,1779
SZ,300675,-2.72,1779,1779
SZ,920405,-1,1777,2282
SZ,002630,-0.59,1776,1948
SZ,301138,-1.06,1774,3104
SH,688288,-2.46,1773,1773
SZ,003030,-1.21,1770,2728
SZ,920015,0.41,1767,5987
SZ,003017,-2.2,1766,2141
SZ,002535,-3.27,1761,1892
SZ,300538,4.6,1760,2647
SH,600165,-2.82,1759,3878
SZ,002717,-0.96,1753,1857
SZ,002529,-2.31,1752,1752
SZ,300651,-2.86,1751,2392
SZ,300645,-4.4,1750,1785
SZ,301360,2.03,1749,3585
SZ,301556,-5.73,1746,5052
SZ,300642,-1.54,1746,2058
SZ,301067,-1.61,1746,2659
SZ,000856,-2.4,1743,1743
SZ,301121,-0.58,1742,3327
SZ,003038,-1.2,1741,2588
SH,603272,-2.71,1739,1739
SH,688393,-1.63,1738,1738
SZ,301231,-5.07,1736,2239
SZ,301062,-3.52,1731,2725
SZ,301585,-0.85,1731,2644
SZ,300937,-1.29,1724,2543
SZ,300961,-0.78,1723,2010
SZ,300472,4.01,1722,1927
SH,600883,-2.27,1721,1721
SZ,301520,4.68,1718,4896
SZ,300923,-1.86,1718,1769
SZ,001206,-3.01,1717,2971
SZ,001285,-1.33,1716,7450
SH,605567,-2.71,1714,1714
SZ,301548,0.91,1713,5682
SZ,301538,-0.85,1711,4297
SZ,003005,-3.16,1709,3114
SZ,920509,-0.67,1707,3259
SZ,920339,-0.78,1707,2486
SH,688435,-4.24,1706,2542
SZ,300971,-1.48,1704,2172
SZ,300556,-3.2,1704,1909
SH,603717,-3.28,1703,1703
SZ,300787,-1.24,1702,2714
SH,600448,-3.22,1701,1701
SZ,002877,-2.2,1700,2516
SH,688058,-2.6,1699,1699
SZ,300929,-3.07,1699,1790
SZ,003027,-1.93,1697,2115
SZ,000639,-3.08,1695,1695
SH,603092,-0.96,1694,19600
SZ,300837,-1.66,1692,2238
SZ,301057,-1.13,1692,2442
SZ,002862,-3.79,1691,2229
SZ,002381,-2.04,1691,2161
SZ,002198,-1.18,1690,1690
SZ,300876,-2.6,1690,2265
SH,688759,0.82,1688,10549
SZ,002209,-1.1,1686,2184
SH,603257,1.8,1686,8124
SZ,300707,-2.08,1686,2042
SZ,300912,-0.9,1685,2232
SH,603860,-2.01,1684,1684
SH,688681,-0.73,1683,1683
SZ,001233,1.25,1680,8285
SZ,300195,-1.64,1679,2267
SZ,002360,-0.76,1676,2069
SZ,002780,-2.5,1675,2120
SZ,301388,-2.69,1673,2358
SH,603255,1.03,1670,3704
SZ,301063,-1.36,1668,1801
SZ,301030,-3.39,1665,1668
SH,603908,-1.91,1664,1664
SH,600137,-2.61,1662,1662
SZ,002211,-3.27,1656,1656
SH,603022,-2.24,1652,1652
SZ,002802,-2.12,1651,1999
SZ,000619,-2.34,1645,2016
SZ,002743,-2.82,1643,1645
SH,601026,-1.65,1641,9739
SZ,002858,-3.12,1641,2078
SZ,301586,-1.45,1638,2568
SZ,301159,-4.45,1637,2389
SH,600778,-1.86,1637,1638
SZ,300245,-3.12,1636,1699
SZ,002629,-1.52,1634,1922
SZ,920106,-0.39,1631,2114
SH,600180,-3.84,1630,1630
SH,688078,-2.1,1627,1627
SH,688565,0,1623,1623
SZ,000663,-2.93,1620,1781
SZ,920839,0,1620,2938
SZ,300554,-0.57,1617,2336
SZ,300950,-1.54,1615,2531
SH,603789,-2.96,1615,1647
SZ,301107,2.35,1611,2787
SZ,301135,-2.44,1611,2070
SH,603402,-1.71,1611,6442
SZ,002620,-1.54,1609,1921
SZ,000929,-2.69,1609,1609
SH,600119,-2.86,1607,1607
SZ,001386,-1.7,1607,17852
SH,688450,0.46,1606,2167
SZ,002592,-2.07,1606,1735
SZ,300169,-2.73,1605,1806
SZ,920174,-2.53,1605,6240
SH,688466,-1.64,1601,1601
SZ,300462,-2.43,1598,2099
SZ,001378,-3.31,1597,3283
SH,600243,-1.61,1597,1597
SH,603312,-1.81,1595,5013
SZ,300313,-3.22,1595,1937
SZ,300610,-1.72,1595,2042
SZ,301361,-3.07,1594,3292
SZ,301098,-2.58,1594,1912
SH,603231,-1.95,1592,2868
SZ,301618,-1.28,1587,4163
SZ,301667,-2.9,1584,7453
SZ,301687,0.46,1580,7450
SZ,300519,-1.7,1578,2213
SZ,002789,-2.88,1577,1609
SZ,003028,-1.93,1576,3212
SZ,920026,-1.72,1575,2089
SH,688509,-1.91,1574,3149
SZ,001209,-1.79,1570,2149
SZ,301032,-1.2,1567,2363
SZ,300616,-2.5,1566,2265
SZ,920892,-1.23,1564,1767
SH,600493,-2.86,1564,1564
SZ,003042,-2.97,1563,1807
SZ,300995,-2.38,1560,2366
SH,688781,1.46,1559,38180
SH,600796,-0.59,1557,4333
SZ,301456,-1.6,1555,3449
SZ,301336,-2.31,1554,2009
SZ,002495,-2.17,1554,2096
SH,603400,-3.74,1553,5566
SZ,001222,-2.28,1546,2611
SZ,002949,-2.39,1545,1994
SZ,002207,-1.65,1541,1549
SZ,300220,-2.38,1539,1541
SH,688712,-1.28,1538,14061
SZ,301587,-1.4,1537,3082
SZ,000632,-3.78,1536,1536
SH,600689,-1.65,1533,2024
SZ,002910,-2.07,1531,1750
SZ,301680,-1.54,1531,7544
SH,600561,-3.4,1530,1530
SZ,301229,-1.41,1528,2149
SZ,300845,-2.74,1526,2182
SZ,301395,-1.23,1524,2907
SH,688528,-3.2,1520,1520
SZ,920038,-6.89,1517,4640
SZ,002982,-2.42,1514,2365
SZ,002227,-1.59,1513,1524
SZ,002694,-2.77,1509,1602
SZ,001395,-1.58,1509,3291
SZ,301022,-1.4,1508,2232
SH,688021,-2.7,1506,1506
SH,603082,-0.61,1501,6167
SH,603275,-1.27,1501,5377
SZ,301581,-1.08,1500,2838
SZ,001202,-2.72,1500,2140
SZ,920088,-0.34,1500,4057
SZ,301636,-3.63,1500,2570
SZ,301166,0.26,1500,2290
SZ,301383,-2.34,1499,3466
SZ,300306,-2.05,1497,2555
SZ,300514,-2.6,1494,1864
SZ,300500,-2.62,1492,1548
SZ,300625,-1.91,1490,2570
SZ,002306,-2.13,1487,1592
SH,600692,-3.15,1487,2051
SZ,920821,4.45,1486,2823
SZ,920010,-1.72,1486,2000
SZ,301036,-1.76,1482,2104
SZ,002566,-1.23,1481,2115
SZ,301491,-3.01,1476,4979
SZ,002316,-3.98,1476,1702
SZ,301555,-0.93,1473,2810
SZ,301210,-0.37,1472,3853
SZ,300268,-1.16,1464,1907
SZ,002790,-3.1,1460,2340
SZ,300813,-1.68,1456,2321
SZ,920953,-3.79,1455,3113
SZ,301276,0.75,1453,2606
SZ,301633,-2.52,1453,3172
SZ,301683,-0.64,1453,6427
SH,688067,-1.1,1450,1450
SZ,002977,-1.35,1450,2613
SZ,003011,-0.94,1449,1935
SZ,300167,-1.91,1448,1703
SZ,920751,1.1,1445,1510
SZ,301505,-1.61,1441,1809
SZ,920238,-8.95,1438,7058
SH,603395,-1.2,1438,5751
SZ,301390,-2.29,1436,1757
SZ,000677,-1.77,1434,1434
SZ,301518,-2.43,1433,3549
SZ,002144,-1.6,1433,1840
SH,688793,-3.32,1431,1431
SZ,301512,-1.73,1430,2191
SZ,002513,-3.32,1428,1855
SZ,300314,-0.89,1426,2857
SZ,301130,-1.18,1424,1846
SZ,301320,-1.65,1423,2268
SH,688022,-0.36,1419,1419
SZ,301203,0,1417,2586
SZ,002247,-3.07,1416,1872
SZ,003008,-1.29,1415,1894
SZ,301167,-0.73,1414,1499
SZ,301558,-3.01,1411,5072
SZ,000010,-2.54,1404,1759
SZ,301560,-1.58,1401,2790
SZ,300621,-3.08,1399,1438
SZ,301100,-2.77,1396,3165
SH,603062,-1.46,1395,4065
SZ,001226,-1.65,1389,3058
SZ,300892,-2.4,1386,2147
SZ,301129,-2.32,1385,2789
SZ,300371,-1.78,1385,1990
SZ,301508,-4.3,1384,5320
SZ,920200,-1.47,1384,3169
SZ,002691,-3.05,1384,1401
SZ,001296,-1.09,1382,2682
SZ,300635,-0.34,1381,1606
SZ,001326,1.06,1374,4187
SH,603391,0.18,1373,5493
SZ,920371,-2.21,1371,1446
SZ,300640,-4.74,1371,1931
SZ,301303,0.07,1369,5478
SZ,301278,-2.62,1368,2387
SZ,300549,-1.73,1367,1804
SZ,301152,-2.33,1364,2282
SH,688805,-0.26,1359,6793
SZ,000637,-3.38,1353,1929
SZ,300594,1.16,1351,1364
SZ,301355,-1.32,1351,1887
SZ,002591,-2.73,1348,1810
SZ,002581,-2.03,1347,2217
SZ,001387,-1.78,1342,2109
SZ,300564,-3.49,1341,1912
SH,603248,-1.25,1340,8620
SZ,301507,-0.24,1340,4339
SZ,920701,-4.7,1339,1833
SZ,300670,-1.81,1337,1886
SZ,002809,-2.95,1336,1888
SZ,301295,4.01,1334,4573
SH,688592,-0.81,1334,2799
SZ,301591,1.19,1331,3257
SZ,002200,-0.72,1329,3063
SZ,301677,-3.45,1328,6195
SZ,300838,-1.8,1328,1801
SZ,300928,-2.12,1327,1981
SZ,301298,0.16,1326,1800
SZ,920837,-0.71,1325,1480
SZ,000610,-1.91,1321,1328
SZ,301009,-2.34,1316,2368
SZ,002188,-3.39,1315,1672
SZ,920533,-1.79,1314,2350
SZ,002883,-1.26,1312,1337
SZ,920083,1,1312,3080
SZ,001239,-2.12,1310,2758
SZ,301601,-2.26,1309,2177
SZ,920119,0.41,1307,4966
SZ,920790,-3.61,1302,1891
SZ,920207,-3.46,1301,2131
SZ,002888,-2.19,1298,2557
SZ,002494,-2.99,1296,1705
SZ,920682,-2.04,1296,2235
SZ,300865,-1.95,1294,2154
SZ,301097,-0.83,1293,2693
SZ,301156,-2.49,1292,2010
SZ,301233,0.25,1288,2347
SH,603293,-1.39,1287,6565
SZ,920211,4.96,1284,3809
SZ,300605,-4.05,1284,1678
SZ,301131,-1.26,1283,1791
SZ,001358,-1.6,1281,3096
SZ,300828,-1.36,1278,2521
SZ,301126,-0.95,1274,1898
SZ,001278,-2.73,1274,1847
SZ,301329,-1.52,1272,3278
SZ,301288,-1.15,1270,1756
SZ,920523,-1.57,1265,1581
SH,688089,-2.56,1261,1261
SZ,300126,-2.28,1260,1818
SZ,001277,-1.49,1259,2101
SZ,300994,-1.54,1259,2515
SH,688130,0.24,1256,2518
SZ,920284,-1.83,1255,1962
SH,688217,1.17,1252,1252
SH,603352,1.96,1248,6242
SH,688576,-1.48,1241,2598
SZ,920274,-1.03,1240,1240
SZ,920807,3.4,1239,1824
SH,603468,-17.46,1237,12754
SZ,920046,-1.85,1237,2237
SZ,301157,0.71,1234,3584
SH,600543,-1.28,1233,1233
SZ,301584,-4.42,1230,9643
SZ,003003,-1.78,1229,1843
SZ,301372,0.2,1228,2045
SZ,920225,-2.94,1224,1877
SZ,301469,-1.44,1224,2378
SZ,920039,-1.11,1223,1223
SH,603207,-0.61,1221,3593
SZ,301163,-2.1,1220,1820
SZ,301503,-2.07,1220,2200
SZ,301515,-0.81,1219,1805
SZ,920403,-7.82,1216,2045
SZ,001319,-0.92,1216,2709
SZ,301502,-0.86,1212,2932
SZ,301501,-0.78,1209,4112
SZ,301272,-1.56,1208,1910
SZ,920033,-1.15,1204,1732
SH,603004,-1.91,1204,4816
SH,603350,-0.9,1202,3174
SH,603344,-1.63,1202,4326
SH,688790,-0.11,1201,9433
SZ,920237,-1.52,1201,1224
SZ,920425,-1.49,1200,1458
SH,603370,-0.22,1199,5997
SZ,300823,-2.48,1196,1847
SZ,920489,-1.64,1192,1874
SZ,920505,8.5,1187,2135
SZ,301559,-1.79,1182,7878
SZ,920981,-3.06,1178,2342
SZ,301300,-1.46,1177,1971
SH,600365,-1.43,1166,1239
SZ,301446,0.3,1165,3814
SZ,300405,-2.02,1164,1513
SZ,920273,-3.63,1163,1748
SH,688184,-0.24,1161,1854
SZ,920089,0.19,1160,2037
SZ,300930,-0.96,1160,2462
SZ,920171,-2.44,1160,1719
SZ,300535,-2.05,1158,1527
SH,603276,0.86,1155,3177
SZ,301378,-3.82,1153,2427
SZ,301001,-2.88,1150,1830
SZ,920249,-0.64,1147,3879
SZ,301083,-1.76,1139,2366
SZ,301359,-1.17,1133,1913
SZ,300899,-1.94,1130,1760
SZ,920152,-1.21,1126,1511
SZ,300851,-1.67,1125,1983
SZ,001373,-1.47,1120,1833
SZ,300713,-2.48,1119,1989
SZ,920099,-0.35,1118,1807
SZ,300915,-1.91,1116,2440
SZ,920566,1.43,1114,1433
SZ,301113,-0.57,1113,1837
SZ,001336,-1.58,1112,1807
SZ,300804,-1.02,1111,2990
SZ,000820,-0.52,1111,2418
SZ,002872,-1.33,1107,1638
SZ,920130,-1.28,1100,1771
SZ,301418,-0.1,1100,2740
SZ,301632,-2.66,1096,6262
SZ,301006,-1.35,1096,1820
SH,688671,-0.96,1095,1835
SZ,920252,-1.16,1094,1647
SZ,301516,-1.51,1093,4371
SZ,920932,-4.05,1093,1320
SZ,920396,-3.44,1092,1538
SZ,920885,-1.11,1089,2103
SZ,002193,1.71,1089,1089
SZ,920592,-4.01,1081,1736
SZ,920199,-0.66,1070,1921
SZ,002514,-4.92,1069,1390
SZ,920001,-1.16,1063,1813
SZ,001382,-2.08,1061,6938
SZ,300152,-3.26,1055,1055
SH,688651,-5.91,1054,2298
SZ,300949,-2.98,1049,1835
SZ,301539,-1.89,1046,2062
SZ,920184,-2.16,1046,1541
SZ,920642,-2.42,1045,1083
SZ,920357,1.78,1043,1725
SZ,300886,-2.51,1040,1653
SZ,001379,-1.02,1039,3088
SZ,920690,-4.13,1037,1595
SZ,920924,-8.91,1035,1699
SZ,920367,5.8,1034,1745
SZ,920985,-0.62,1031,1455
SZ,301577,2.1,1026,2452
SH,603334,-2.33,1024,4616
SZ,300958,-0.43,1021,1757
SH,688701,-1.16,1019,1019
SZ,920429,-1.31,1018,1117
SZ,920792,-1.67,1008,1642
SZ,920062,-1.42,1007,1430
SH,688695,-3.07,1007,1603
SZ,001312,-1.17,1005,4104
SH,603729,-2.07,1000,1000
SZ,920167,-0.9,998,1680
SZ,300338,-1.37,997,1147
SZ,920419,-0.95,995,1063
SH,603359,-1.75,995,995
SZ,301513,-0.39,994,4931
SZ,920092,-5.59,992,1905
SZ,920575,-5.9,986,1475
SZ,920270,-0.97,984,1266
SZ,920415,-2.98,982,1274
SZ,001231,-0.77,977,1912
SZ,920124,-0.07,975,1893
SZ,001279,-1.41,974,3898
SH,603406,-1.73,973,10612
SZ,301616,-1.66,972,2738
SZ,920206,-0.97,971,2524
SZ,920098,-2.78,966,1419
SZ,920100,-1.94,964,3637
SZ,920193,17.22,964,4258
SH,688816,-0.69,961,4983
SZ,920018,-1.41,957,2756
SZ,301399,10.28,956,3234
SZ,301192,0.31,947,1949
SZ,920169,-1.84,944,1500
SZ,920223,-1.11,941,1812
SZ,002719,-2.34,940,1012
SZ,920012,1.93,936,2393
SZ,920786,-0.58,936,1417
SZ,301459,1.27,936,3733
SZ,920436,-1.6,930,991
SH,603409,-0.85,930,3241
SZ,920651,-3.98,929,1366
SZ,301173,-0.78,928,2644
SH,603190,-1.88,926,2805
SZ,920266,2.23,924,967
SZ,301105,-1.2,923,2330
SZ,001225,-2.12,920,2866
SZ,920496,-1.39,916,1046
SZ,920028,-1.12,912,2308
SZ,920726,-1.27,909,1646
SZ,920748,-7.13,901,1876
SZ,920873,-0.52,900,1152
SZ,920275,-1.74,888,1073
SZ,300904,-2.18,885,2913
SZ,920020,0,883,3572
SZ,920670,-2.28,883,1407
SZ,920694,0.21,883,1858
SZ,920220,-1.82,880,2810
SZ,920156,-0.48,878,4211
SZ,301519,0.17,877,1864
SZ,920541,-1.21,873,1325
SZ,920195,-0.8,868,1203
SZ,920770,-1.57,865,1374
SH,603205,-1.22,864,3260
SZ,301668,-3.7,864,3906
SZ,300417,-2.26,863,1390
SZ,920693,-0.79,862,1711
SZ,920122,-2.06,848,2094
SZ,301037,-3.4,847,1731
SZ,920926,-1.59,840,926
SZ,920433,0.61,840,1269
SZ,301170,-0.44,839,2208
SH,688638,-1.52,836,1770
SZ,920027,-1.19,833,1190
SZ,301598,-1.34,832,2792
SH,688573,-2.08,822,1510
SZ,920943,-2.57,821,1609
SH,603376,-0.76,821,10260
SZ,920078,2.76,814,2506
SZ,920000,-3.34,814,1295
SZ,301049,-1.08,814,1791
SZ,920663,-1.31,812,1693
SH,603075,-0.82,806,7654
SH,603073,-1.12,802,1828
SZ,920221,-1.36,802,1540
SZ,001306,-1.8,800,3250
SZ,920976,-5.82,798,1283
SZ,920478,9.49,796,1309
SZ,920519,-1.28,789,887
SZ,920378,-0.97,789,1101
SZ,920006,-2.88,787,1486
SZ,920556,-1.02,786,1084
SZ,001335,-2.31,784,2878
SZ,920061,3.22,782,1407
SZ,920974,-1.93,780,994
SH,603273,-2.19,771,2964
SZ,001396,-1.9,770,3623
SZ,920689,-0.83,764,1479
SZ,920832,-0.48,761,852
SZ,301449,-3.38,760,3378
SZ,920058,-0.68,760,1544
SZ,920260,-2.03,759,795
SZ,920833,-0.22,756,1001
SZ,920768,-0.56,754,1091
SZ,920395,-1.93,745,1082
SZ,920299,-2.38,743,1473
SZ,920634,2.35,742,1171
SZ,920263,0.98,739,1018
SH,603284,1.24,738,3012
SZ,301353,-0.43,734,2282
SZ,920870,-1.5,733,1489
SZ,301314,-0.51,733,2218
SZ,920639,-0.79,733,1244
SZ,920363,-2.16,732,1287
SZ,920181,1.01,728,3139
SZ,920942,-1.78,726,1072
SZ,920720,-0.91,714,2556
SZ,301429,-2.41,711,1909
SZ,920564,-2.51,705,1532
SZ,301567,-1.74,705,2389
SZ,920081,-1.26,704,2990
SZ,920445,-1.67,697,956
SZ,001325,-1.43,695,2782
SZ,920123,-0.82,695,1192
SZ,920781,-2.85,695,892
SZ,920370,-1.11,693,793
SZ,920925,-2.43,687,1224
SZ,920375,-2.19,685,1147
SZ,920547,0.5,684,1408
SZ,920346,-1.03,683,1227
SZ,920706,-2.25,682,1353
SZ,920475,-0.16,680,1223
SZ,920245,-1.61,677,879
SZ,001220,-3.12,672,2687
SZ,920117,-0.56,671,2982
SZ,920163,-1.06,671,1421
SZ,920008,-1.74,670,1255
SZ,920866,-4.23,670,1058
SZ,920627,-0.48,669,1350
SZ,300784,-0.79,664,2222
SZ,920101,-0.22,664,2127
SZ,920187,-0.04,664,1809
SZ,920579,-1.84,663,1925
SZ,920079,-2.71,661,6111
SZ,920108,0,657,1552
SZ,301575,-1.49,656,3265
SZ,920608,-1.23,654,844
SZ,920204,2.11,652,1230
SZ,301578,-6.52,651,2289
SZ,920175,-0.84,651,977
SZ,920300,-0.2,641,828
SZ,920527,-1.7,641,826
SZ,920876,-2.68,638,1043
SZ,920765,-0.49,637,1048
SZ,920422,-0.3,636,850
SZ,920580,1.77,631,992
SZ,920176,-5.54,623,4611
SZ,920570,-2.67,620,1220
SZ,920118,-1.06,611,1008
SZ,920278,-0.31,611,1080
SZ,920553,-1.8,610,934
SZ,920065,-3.87,601,3442
SZ,920090,9.54,599,801
SZ,920471,-1.22,594,933
SZ,920014,-1.34,589,1070
SZ,920096,0.78,588,2503
SZ,920086,-0.18,579,1772
SZ,920719,-0.88,579,725
SZ,920469,-2.6,578,788
SZ,920641,-0.77,577,956
SZ,920675,-1.08,572,1246
SZ,920856,-3.83,572,1025
SZ,920679,-0.38,572,859
SZ,301287,-1.86,571,2233
SZ,920112,0.06,570,1943
SZ,920057,-1.62,564,877
SZ,920665,-0.67,562,1139
SZ,920455,-1.36,561,1024
SZ,920198,-1.98,555,1270
SZ,920834,-1.44,554,1058
SZ,920906,-0.71,552,1076
SZ,920271,-1.34,549,1242
SZ,920075,-1.27,543,1002
SZ,920662,4.04,543,1759
SZ,920896,-0.48,542,1235
SZ,920810,-0.68,542,832
SZ,920262,-1.05,541,1164
SZ,920146,-0.39,540,671
SZ,920454,-0.99,538,1148
SZ,920374,-2.65,537,1316
SZ,920166,13.17,537,1702
SZ,920005,-0.55,535,2066
SZ,920871,-2.54,522,942
SZ,920023,2.14,513,625
SZ,920050,1.14,513,1919
SZ,920056,-0.89,511,1354
SZ,920729,-0.9,507,1787
SZ,920826,-0.86,505,1123
SZ,920703,-0.93,503,1424
SZ,920160,-1,501,2226
SZ,920069,1.23,498,1787
SZ,920753,-1.61,498,1239
SZ,920030,-0.89,497,790
SZ,920149,-2,495,598
SZ,920230,0.77,495,1052
SZ,920212,-0.3,491,1009
SZ,920392,-1.23,489,1041
SZ,920080,-0.65,488,1761
SZ,920145,-1.48,486,702
SZ,920258,-3.71,485,5388
SZ,920407,-1.65,481,1182
SZ,920508,-1.95,479,901
SZ,920779,-1.64,478,1913
SZ,920082,1.21,477,1697
SZ,920076,0.55,472,1500
SZ,920126,-1.32,465,1939
SZ,920177,-1.21,465,1312
SZ,920950,-0.54,455,933
SZ,920136,-3.98,454,1731
SZ,920351,-1.63,454,1004
SH,688121,-11.45,454,523
SZ,920718,-1.21,451,879
SZ,920414,-1.22,450,640
SZ,920656,-0.21,449,1386
SZ,920128,0.05,448,1496
SZ,920091,-1.62,446,1890
SZ,920168,-0.87,444,1184
SZ,920158,-1.54,441,1647
SZ,920188,0.14,434,1818
SZ,920016,-1.17,431,970
SZ,920180,2.2,430,1425
SZ,920110,-1.44,418,1005
SZ,920055,-2.57,416,1849
SZ,920970,-3.12,413,653
SZ,920072,3.7,410,2171
SZ,920159,-1.52,408,2155
SZ,920036,-4.14,404,1685
SZ,920957,0,395,993
SZ,002731,-8.5,395,441
SZ,920007,-1.62,391,1634
SZ,920802,-1.41,377,853
SZ,920035,-2.05,373,1647
SZ,920218,-2.9,372,1654
SZ,920009,-1.32,366,2816
SZ,920895,-0.86,359,707
SZ,920011,-1.12,359,1595
SZ,920191,-1.21,354,1573
SZ,920717,-1.1,354,916
SZ,920121,0.18,333,1843
SZ,920066,-1.36,330,1044
SZ,920183,-0.3,328,1426
SZ,920003,-0.47,326,1516
SZ,920222,-6.76,321,2381
SZ,920022,-0.76,321,1165
SZ,920132,-1.6,312,920
SZ,301139,6.99,303,484
SZ,920504,-0.34,291,739
SZ,920931,-0.71,278,907
SH,688496,-2.26,205,387
