market,code,chg_pct,vol_rank,amt_rank
SH,601288,-0.28,2215555,2428882
SH,601398,-0.12,2146113,2836994
SH,601857,-1.52,1769808,2000419
SZ,300750,1.23,1685544,1830582
SH,601988,-0.97,1273024,1946163
SH,601138,-1.66,1133296,1133296
SZ,300308,3.47,1042800,1047774
SH,600036,0.35,819588,1001984
SH,601628,-2.2,818573,1111086
SH,601088,-0.76,743581,977977
SH,688256,-0.06,708212,708212
SH,600900,-0.82,705419,705419
SH,688041,-5.16,657462,657462
SH,601899,0.41,655549,846117
SZ,000333,1.22,594698,658982
SH,601318,-0.1,577136,980348
SZ,300502,3.46,528024,586968
SZ,002371,-2.51,505402,505805
SH,600028,-0.18,489870,625185
SH,601728,0,489067,576495
SZ,002475,1.8,448148,472632
SH,601166,0.16,394264,394264
SH,601658,-0.57,374969,620891
SH,600276,0.73,342425,356285
SH,600030,-0.06,341796,416013
SH,688012,-7.07,335328,340896
SZ,002594,2.13,332414,869234
SH,603993,-0.41,330359,404780
SZ,002415,-2.12,319960,324162
SH,603259,3.24,314107,378937
SH,600000,0.98,309078,309078
SZ,000858,0.35,291346,291353
SH,688981,-3.26,264402,1131995
SH,601319,-0.66,263748,328584
SZ,300059,0.72,261190,309482
SH,600183,-5.5,258395,260243
SH,600150,1.52,255871,255871
SH,601211,-1.15,253202,330719
SZ,002384,-5.4,250092,330422
SH,601816,0.39,249521,249521
SH,601225,0.9,238691,238691
SH,603986,-9.36,236660,248432
SH,600309,0.27,232907,232907
SH,688008,-1.48,231906,247257
SZ,000651,1.84,229439,232738
SH,688825,4,220109,3269138
SZ,000001,0.71,218895,218899
SH,600919,-0.42,211407,211407
SZ,002142,0.13,210258,210390
SH,603288,1.22,208300,219209
SZ,300408,7.73,203098,215922
SZ,000725,1.43,200178,209671
SZ,002463,-2.63,197973,198132
SZ,300394,-0.66,196280,196719
SH,688072,-2.25,196183,201725
SH,601919,0.06,193873,235740
SH,601668,0,191727,191727
SH,600406,1.23,190995,191557
SZ,002938,-2.21,189719,190270
SH,600025,0.7,187056,187056
SH,601328,-0.13,185114,627383
SZ,300760,1.2,184545,184703
SZ,300476,-4.27,174069,197726
SH,600887,2.14,170880,171734
SH,601985,0.79,168439,183467
SH,600031,0.81,168301,182613
SZ,002352,0.58,166913,183127
SH,601066,0.55,166159,198416
SZ,300274,-7.29,164944,215407
SZ,300433,-2.97,163255,173407
SZ,003816,0.5,158914,204015
SH,600809,0.7,155094,155094
SH,600176,1.86,152072,153280
SH,601766,1.5,148156,174776
SH,601818,0.31,148038,188483
SH,601688,-0.24,146427,180898
SZ,000792,1.22,144564,144566
SZ,300124,1.23,143149,160805
SH,600690,1.79,142569,213810
SH,601009,0.7,141810,141810
SH,600111,0.03,140988,140988
SH,600050,-0.44,136978,138189
SZ,000063,0.62,136254,161827
SH,601100,-3.37,134471,134471
SH,601229,0.21,133423,133423
SZ,000338,2.56,133129,232076
SZ,002050,0.65,132176,150689
SH,688506,3.91,131707,131707
SZ,300604,-2.81,131472,170405
SZ,002281,-3.16,131080,139128
SH,601336,-0.4,130382,195034
SH,603256,-0.59,129980,133653
SH,600584,-5.63,129733,129733
SH,600999,0.23,129514,151754
SH,688082,-5.57,129374,130779
SH,600019,1.01,129127,131346
SH,601872,-1.29,129031,129031
SZ,000568,0.78,128983,129056
SZ,002714,-0.4,128399,225955
SH,603019,-5.17,127769,127774
SH,600016,0.56,126600,156303
SH,601898,0.73,126481,183235
SH,601600,1.6,125564,163144
SH,688120,-2.22,125182,125182
SZ,000776,-0.51,125048,165730
SH,600104,1.8,123804,123804
SH,600760,-0.06,122887,123121
SH,688361,-5.95,122162,122162
SH,600487,-0.53,122044,122678
SH,600018,-0.18,119721,119892
SH,600188,0.86,119048,200436
SH,600346,2.08,117483,117483
SH,600926,0.56,117071,117071
SH,600660,3.55,116814,152200
SZ,301165,-9.93,115740,115740
SH,601869,-6.33,115051,234413
SH,600886,0.66,113304,121668
SZ,300014,-1.49,112532,115772
SH,601888,3.46,112131,119328
SH,603501,1.03,111927,116633
SH,688111,-0.04,111883,111883
SZ,002493,1.62,111310,119074
SH,600905,1.04,110634,110634
SH,600015,0.42,109403,113155
SZ,000977,-6.64,109338,109460
SH,601169,0.59,108252,108252
SZ,000938,-8.96,107996,107997
SH,688347,-6.33,107316,457352
SH,605117,0.77,106748,106748
SH,601698,0,105567,105567
SZ,000166,0.87,104790,116436
SH,600089,2.22,104593,104593
SH,600489,0.8,104266,104266
SH,600160,0.42,104210,104210
SH,601633,0.73,102944,141559
SH,601995,0.46,101973,168375
SH,688521,-5.8,101749,101749
SH,601939,-0.65,101405,2765116
SZ,300857,-2.4,101301,101822
SH,600522,-1.43,100784,100784
SZ,000988,-1.44,99614,99665
SZ,301200,-1.83,98638,113430
SZ,300442,-4.86,98419,98709
SZ,002028,-0.34,98163,125767
SZ,000100,-0.8,97976,101300
SH,601012,1.81,97833,97833
SH,601006,0.41,97725,97725
SH,600547,1.5,97590,124468
SZ,002736,1,97566,103954
SH,688525,-1.64,97312,97312
SZ,002353,2.85,96600,143125
SZ,002156,-8.06,96252,96261
SH,605499,4.16,95170,103361
SH,600938,1.47,95022,1510502
SZ,300033,0.4,94188,161697
SH,601390,1.1,93490,112844
SH,688271,2.12,93402,93402
SH,600893,1.3,93359,93376
SZ,000538,0.62,91749,92336
SH,601127,4.15,90707,101471
SZ,301308,-2.51,90669,136094
SZ,000807,1.95,90513,90514
SZ,002001,1.47,89951,91035
SZ,000895,1.01,89931,89943
SH,601881,0.73,89891,135696
SH,600362,0.45,88696,147997
SH,600795,2.27,88465,88465
SH,601727,1.9,88057,108470
SH,601168,0.14,87957,87957
SH,600941,0.67,87568,2103319
SZ,002602,2.88,87543,94934
SZ,002008,-2.98,87397,94054
SZ,002230,0.1,87270,95723
SH,603893,2.8,86735,86747
SZ,002600,0.08,86687,97767
SH,600236,9.97,86076,86076
SZ,300498,0.57,84075,94087
SZ,002648,0.24,83152,83206
SH,601868,0.79,82693,112812
SH,600673,-2.72,82303,82522
SZ,001289,0.68,82234,136349
SH,600436,0.1,82142,82142
SZ,002311,0.96,80237,80315
SZ,000425,1.03,79655,103644
SH,600674,-0.3,78871,78871
SH,600011,0.14,78854,112555
SH,601689,-0.67,78707,78707
SH,601825,0.24,78558,80820
SZ,002027,1.31,78277,78277
SH,601838,0.11,78072,78072
SH,688249,-5.24,77975,86371
SZ,000657,-1.4,77317,121267
SH,600039,1.37,77043,77043
SZ,000301,0.87,76921,76955
SH,603799,1.58,75316,75552
SZ,002080,-4.08,75247,75247
SH,601991,2.19,75244,112336
SH,688036,-0.37,75230,75230
SZ,000708,1.66,73991,73991
SH,603195,2.62,73915,74049
SH,688183,-1.72,73557,73557
SZ,002241,2.1,73389,82874
SH,600549,0.04,73050,74632
SH,688396,-1.93,73025,73025
SH,601800,1.63,72916,100850
SH,601186,1.44,72816,85958
SH,600585,1.61,72589,96306
SZ,301217,-0.26,72473,72473
SH,600066,-0.66,72241,72241
SH,688200,1.06,72143,72143
SH,600023,0.38,71737,71737
SZ,001965,-0.66,70873,70873
SH,601111,-0.15,70760,124595
SH,601179,2.01,70276,70276
SZ,300015,1.86,69864,81650
SZ,002179,0.7,69476,69602
SH,600029,-0.18,69137,92961
SH,600010,1.38,68900,99497
SH,688002,2.23,68314,68314
SZ,000630,0.49,68084,81932
SH,600958,0.66,68047,77404
SH,688126,-5.37,68040,79122
SH,603228,-6.29,67947,68253
SH,600118,-0.87,67910,67910
SH,688702,-7.75,67596,136530
SZ,002466,2.3,67086,77883
SH,601958,2.63,66791,66791
SH,600415,2.96,66790,66790
SH,601018,0,66339,66339
SZ,002625,0.85,66232,66232
SZ,300757,0.49,66000,68047
SH,603296,-3.39,64926,123267
SH,688037,-3.76,64549,64549
SZ,300475,-2.69,64486,67281
SZ,001979,3.75,63862,64915
SH,600482,1.71,63443,63443
SH,601916,0.68,63341,80746
SH,600988,1.8,63162,72140
SH,601669,0.63,62743,82686
SH,600048,3.57,62486,62486
SZ,000625,2.87,62169,74545
SH,688172,-6.72,62167,74036
SH,600233,-0.54,62146,62146
SH,600115,-0.27,61630,79958
SH,688777,-1.4,61535,61847
SH,601360,0.46,61036,61036
SZ,002304,0.95,61010,61011
SH,600026,1.01,60980,87156
SZ,002202,-0.16,60409,75859
SZ,000021,-3.25,60243,60251
SH,600009,0.83,60121,60317
SZ,300661,4.96,59992,68342
SZ,002128,1.95,59648,83196
SZ,002837,-4.4,59575,67158
SZ,000703,1.5,59051,59349
SH,600426,2.78,59033,59041
SH,601077,1.22,58686,75410
SH,600221,1.49,58270,58773
SZ,001309,-2.85,57944,79648
SZ,000768,0.58,57888,57976
SH,601901,0.86,57872,57872
SZ,000426,3.84,57605,57619
SH,601061,2.17,57575,57575
SZ,000933,1.71,57380,57417
SH,600875,1.25,57014,87116
SH,601788,0.9,56921,67179
SZ,002422,-3.13,56866,69660
SZ,000975,1.73,56319,61883
SZ,002709,0.03,56286,76038
SH,600350,0.96,55743,55743
SZ,002595,0.29,55710,56098
SZ,002064,2.28,55611,55729
SZ,002185,-4.74,55289,55302
SH,688019,-4.33,55058,55058
SZ,000636,10,54970,54970
SH,601231,-0.85,54969,54969
SH,600803,3.04,54124,54548
SH,600372,0.63,54002,54002
SZ,300759,0.64,53904,69743
SZ,002049,-0.07,53766,53773
SZ,002532,2.43,53636,60451
SZ,000157,0.4,53517,65469
SH,688578,1.92,53361,53361
SZ,300765,-2.56,53234,53234
SH,688409,-4.17,53097,53097
SH,688017,-1.22,53059,53059
SH,601877,1.61,52886,52886
SH,601233,4.76,52741,52838
SH,601059,0.99,52731,52731
SZ,300620,-1.47,52262,52702
SH,601377,-0.16,52161,52161
SH,600219,1.57,52136,52136
SH,600741,1.91,52115,52115
SH,603659,1.42,52104,52104
SZ,000960,2.33,52061,52061
SZ,300450,0.7,51866,55685
SH,600438,2.95,51863,51863
SZ,000963,1.94,51661,51683
SZ,300223,-3.85,51527,59099
SZ,002920,2.23,51148,51164
SZ,300054,-3.79,50981,65394
SZ,002821,1.99,50882,57902
SZ,002484,-1.55,50853,52715
SH,688141,-2.06,50751,50751
SH,600895,5.35,50642,50642
SZ,000831,1.41,50344,50344
SZ,300285,3.95,50068,58477
SZ,301358,3.33,49811,55247
SZ,001872,0.28,49222,53068
SZ,002558,5.3,49092,49092
SZ,002851,-9.74,48938,62046
SH,600460,-2.91,48741,48741
SH,600196,1.55,48662,61340
SZ,002074,3.44,48577,50758
SH,600879,0.2,48401,48401
SH,601298,0.34,48151,57966
SZ,301269,-1.89,48049,48049
SH,601618,1.13,48024,55660
SH,600418,4.34,47764,49299
SH,688630,-4.84,47381,52691
SZ,300666,-4.12,47277,59005
SH,600377,0.98,47185,62518
SH,601117,1.44,47061,47196
SZ,000783,0.96,46674,46674
SZ,002414,-0.64,46459,58381
SH,603129,0.71,46441,46441
SZ,002436,-4.81,46418,51976
SH,601607,0.67,46189,61410
SZ,300316,-2.49,46183,49108
SH,600580,1.96,46137,46270
SH,601058,1.23,46099,46099
SH,688766,-1.02,45622,45622
SZ,300373,-0.8,45599,45701
SZ,300803,1.91,45594,45930
SH,601699,3.53,45589,45589
SH,603156,-1.6,45584,45584
SH,688110,-2.91,45525,45525
SH,688009,1.35,45433,55808
SH,688432,-9.14,45423,45423
SH,600497,1.12,45363,45363
SH,600378,-0.25,45348,54541
SH,600930,0.48,45229,175617
SH,603979,1.36,45175,45175
SH,600726,-0.98,45002,47602
SH,600105,-2.86,44986,44986
SZ,002812,4.38,44923,53590
SH,601021,-0.58,44857,44857
SZ,002428,-3.59,44785,44791
SH,600352,7.59,44733,44733
SH,688147,-10.57,44644,44644
SZ,300567,-6.17,44604,54956
SH,600498,-1.95,43922,46911
SH,688313,-3.19,43838,43838
SH,688375,2.73,43801,43801
SH,601198,1.2,43767,43767
SH,688048,-6.01,43717,43717
SH,688223,2.42,43542,43542
SH,688469,0.54,43319,61864
SH,601878,0.96,43314,43314
SH,688331,1.21,43081,68330
SZ,300418,-2.76,42982,46994
SH,688729,-5.05,42972,72648
SZ,300548,-2.33,42428,42514
SH,600642,2.49,42380,42383
SZ,000999,1.52,42183,42221
SH,688220,-3.87,42056,42056
SZ,300979,-0.07,41883,41884
SZ,301526,2.56,41584,111656
SH,688627,-6.98,41416,41416
SZ,000893,0.87,41378,47099
SH,688047,-2.02,41251,41251
SH,688099,1.74,41037,41037
SH,600061,1.1,40986,40986
SH,688188,1.83,40896,40896
SH,600021,2.04,40861,40861
SH,600570,1.13,40827,40827
SZ,002078,1.31,40660,40912
SH,603083,-6.64,40236,53765
SZ,002636,-3.36,40120,40324
SH,600601,-2.13,40035,41028
SH,688728,-0.25,40021,40049
SH,688187,1.44,39883,61079
SH,601555,2.17,39750,39750
SH,601238,3.27,39650,54758
SH,601216,1.74,39574,39574
SH,600600,1.67,39250,75508
SZ,002236,-0.3,39023,53354
SH,601456,1.02,38955,50557
SZ,300390,2.9,38897,48067
SH,600968,2.42,38729,38729
SH,601665,0.96,38708,38708
SH,688234,-1.66,38670,43611
SH,601136,1.73,38649,38649
SH,603260,1.49,38646,38646
SZ,000987,1.72,38553,38582
SZ,300972,3.45,38488,41892
SZ,300395,-1.37,38466,39456
SZ,002203,3.34,38381,39762
SH,600143,1.61,38231,38790
SZ,300866,4.72,38137,72702
SH,688336,0.83,38090,38090
SH,603087,4.96,38035,40528
SH,600578,4.44,37825,37825
SH,601208,-3.87,37811,37811
SH,600909,1.35,37782,37782
SH,600901,1.4,37754,37763
SH,600845,0.86,37730,50528
SH,688303,2.33,37691,37691
SH,605376,5.54,37683,37683
SZ,002294,2.59,37594,37603
SZ,002195,-2.04,37570,37909
SH,601108,1.51,37568,37568
SZ,300919,1.96,37558,42886
SH,603392,1.51,37477,37477
SZ,002850,2.69,37032,50575
SZ,002945,4.59,36882,36882
SH,603650,-7.33,36857,36946
SZ,000596,-0.6,36733,47521
SZ,002966,2.83,36702,37330
SH,600060,2.17,36652,36787
SZ,000983,2.23,36504,36504
SZ,301377,-1.01,36480,156473
SH,603806,0.36,36366,36366
SH,601212,2.72,36357,36357
SH,601808,2.16,36355,58595
SH,603379,2.69,36153,36153
SH,688472,2.93,35885,35885
SH,600667,-7.12,35682,35682
SH,603298,0.93,35666,35666
SZ,002273,0.31,35659,36407
SH,600392,1.09,35617,35617
SH,600085,1.61,35521,35521
SZ,002155,1.57,35406,35410
SZ,002407,-4.11,35373,39034
SH,600177,2.08,35352,36294
SZ,000811,-7.59,35340,35848
SH,603629,-5.4,35333,35921
SH,601777,1.56,35265,35265
SZ,002653,2.13,35256,73556
SZ,300001,1.76,35184,36008
SZ,002738,3.39,35113,35620
SZ,001203,1.7,35104,41209
SZ,300115,1.02,35087,35191
SZ,000559,0.86,35066,35076
SH,600157,2.56,34908,34908
SH,688266,0.21,34907,34907
SZ,000688,6.2,34900,34900
SZ,000786,4.47,34753,35015
SH,600141,0.24,34634,34634
SH,600256,2.46,34581,34581
SH,688295,0.5,34497,34497
SZ,002129,-0.34,34419,34447
SH,603929,-1.1,34289,34289
SH,603486,2.82,34235,34548
SZ,002032,3.16,34218,34234
SH,603369,1.41,34175,34175
SZ,000423,2.88,34170,34231
SH,688808,-4.52,34079,181321
SH,600206,-7.51,34057,34057
SZ,002252,1.98,33930,33952
SZ,302132,1.37,33828,154233
SH,600298,4.01,33806,34228
SZ,002056,-0.71,33768,33803
SH,603268,-1.98,33709,140297
SZ,002444,-0.43,33668,35070
SZ,002340,1.85,33603,33778
SZ,300037,4.27,33512,46206
SH,603606,3.14,33347,33347
SZ,002429,-1.46,33344,33364
SZ,002601,0.72,33253,39888
SZ,300346,-6.52,33239,35021
SH,601126,-0.21,33152,33474
SH,600588,1.57,33077,33077
SH,600711,0.66,33039,33039
SH,601598,1.76,32853,45697
SH,601236,1.31,32759,32759
SZ,300207,6.06,32685,35231
SH,688775,-1.17,32627,50446
SH,603225,3.33,32603,32778
SZ,300832,-0.07,32517,37400
SZ,000661,2.05,32453,33129
SZ,002138,1.9,32129,34244
SZ,000729,3.15,32023,35965
SH,603568,1.1,31894,31894
SH,600733,9.96,31889,36547
SH,601696,2.24,31725,31725
SZ,300251,1.33,31695,33502
SH,600109,1.55,31570,31570
SH,600863,3.65,31525,37844
SH,688536,-0.72,31511,32075
SZ,000728,1.69,31506,31506
SZ,000002,2.86,31483,38655
SH,601162,1.39,31469,36871
SZ,300751,-3.03,31463,45503
SZ,002432,0.81,31438,31480
SH,688676,1.71,31403,31403
SZ,002126,1.21,31345,33382
SZ,000800,1.92,31297,31299
SH,600869,-2.35,31271,31271
SH,688599,2.38,31226,31226
SZ,000876,0.87,31140,31159
SH,688235,2.58,31063,416152
SH,600348,2.5,31061,31061
SH,600839,0.75,30966,30975
SH,600282,1.21,30949,30949
SH,600499,6.54,30935,30935
SH,603699,0.25,30932,31632
SZ,000878,1.38,30916,37421
SH,600332,1.2,30873,35702
SH,688617,2.3,30842,30842
SH,600483,1.66,30665,30665
SH,688433,0.35,30653,30653
SZ,000883,2.6,30648,33486
SZ,000027,1.75,30495,30495
SH,688213,1.99,30455,37873
SH,600562,1.8,30264,30264
SZ,300782,-2.05,30203,38743
SH,688608,4.72,30115,30115
SH,600563,1.93,30085,30085
SH,600801,4.98,30000,46486
SZ,002261,-1.64,29994,32973
SH,600707,-3.25,29849,29855
SZ,002555,2.29,29811,41546
SH,600871,1.85,29803,41706
SH,688027,-0.79,29739,38059
SH,605358,-4.12,29722,29722
SH,605589,-2.68,29717,29734
SZ,002517,3.69,29715,33606
SZ,002673,1.84,29678,29678
SZ,000959,2.06,29583,30787
SZ,002939,0.99,29542,33082
SH,603766,1.2,29530,29530
SZ,300454,-0.22,29451,44131
SH,600398,1.5,29345,29345
SH,603308,0.49,29342,29342
SZ,300017,-2.86,29338,31271
SH,603198,-1.18,29200,29200
SZ,000958,0.19,29124,99092
SH,600517,1.2,28821,28821
SH,601990,1.49,28818,29961
SZ,000629,1.32,28615,28616
SH,688362,-7.99,28545,28545
SZ,300347,4.76,28522,43353
SH,601933,3.24,28471,28471
SH,601000,2.8,28326,28326
SH,688169,3.41,28169,28169
SH,600699,0.6,28039,31155
SZ,300870,-0.01,28018,28021
SH,688300,-2.68,27907,27907
SH,603127,-2.6,27858,33256
SH,688052,1.51,27827,31727
SZ,002608,3.08,27807,27807
SZ,000060,1.3,27757,27757
SH,688180,1.37,27751,37176
SZ,002025,-0.85,27727,27736
SH,688322,-1.56,27712,35723
SZ,300339,0.59,27631,28296
SZ,300748,0.74,27550,33537
SZ,301236,-0.81,27500,36232
SH,688668,-2.42,27452,27452
SH,603939,0.71,27436,27436
SH,601880,2.05,27435,35122
SZ,300672,-4.25,27432,28315
SZ,300628,-1.92,27300,47649
SH,600079,0.45,27268,28841
SH,601001,-1.2,27265,27265
SH,603179,0.08,27161,27161
SZ,002797,0.78,27148,27148
SH,600428,-1.51,26971,30265
SH,688301,-0.3,26922,26922
SH,601799,0.06,26880,26880
SZ,000877,4.13,26878,26878
SH,600536,1.5,26870,29741
SH,600637,0,26862,26862
SZ,002240,3.3,26849,26919
SZ,000932,4.27,26794,26794
SZ,002472,0.36,26770,30396
SH,688568,1.16,26699,26699
SH,600312,3.91,26664,26664
SH,688297,1.34,26629,26629
SZ,002378,0.41,26556,26696
SH,600515,2.12,26519,33019
SZ,301511,-2.3,26516,44614
SH,688065,3.09,26491,32754
SH,600737,2.15,26479,26479
SZ,000582,-0.15,26465,30885
SZ,300432,1.04,26273,26570
SZ,000951,1.68,26197,26197
SZ,002244,6.63,26169,29528
SH,600777,0.24,26165,27950
SH,600153,1.92,26125,26125
SH,603444,4.2,26115,26115
SZ,002223,2.94,26092,27759
SH,601155,0.78,26075,26075
SH,600595,3.53,25891,25891
SH,600998,2.19,25868,25868
SH,600299,2.2,25809,25809
SH,688411,2.35,25709,35382
SH,601918,2.38,25672,25672
SZ,002245,-0.61,25641,27254
SH,600704,1.23,25597,25597
SH,603345,0.57,25558,29043
SZ,002859,1.64,25540,27051
SH,688385,-2.29,25465,38888
SZ,300438,2.86,25462,31711
SH,600918,1.27,25461,44184
SH,600862,1.84,25451,25451
SH,600396,4.1,25419,25419
SZ,002487,0.45,25388,29781
SH,600641,-5.25,25332,25774
SH,600732,0.42,25263,25382
SH,600331,2.73,25197,32756
SH,688192,1.75,25155,25370
SZ,000737,0.53,25121,25123
SH,601615,1,25057,25057
SH,600323,3.12,25031,25031
SH,600166,3.95,25019,25019
SZ,003022,0.54,24954,24975
SH,600161,2.36,24836,24836
SH,603049,1.05,24764,42885
SH,600546,2.97,24741,24741
SZ,300558,1.45,24732,24811
SH,600583,1.45,24715,24715
SH,601928,1.25,24711,24711
SH,600295,1.22,24675,34957
SH,600095,-0.45,24646,24646
SZ,002222,-9.99,24606,24716
SZ,000981,2.79,24544,25793
SH,600521,2.06,24510,24510
SH,688387,1.59,24504,41538
SH,600566,0.11,24325,24407
SZ,002747,2.44,24317,30079
SZ,002459,2.08,24305,24326
SH,601717,2.14,24305,28138
SZ,002152,1.03,24250,24263
SZ,000830,1.84,24240,24242
SZ,002465,0.83,24209,24248
SZ,002046,-3.11,24197,24472
SH,603605,1.39,24194,24194
SH,600208,1.07,24163,24165
SZ,000967,-2.83,24142,24153
SZ,000921,1.05,24092,36117
SZ,000738,1.16,24068,24068
SH,688318,2.92,23916,23916
SH,600535,1.72,23903,23903
SZ,301536,7.46,23897,53836
SH,601606,-1.69,23885,23885
SH,603160,2.42,23844,23844
SH,600259,0.54,23836,23836
SH,601399,1.85,23805,23805
SH,688278,1.11,23769,23769
SZ,000739,4.91,23750,23760
SH,600884,2.62,23746,29107
SH,688167,-4.74,23743,23743
SZ,000415,5.01,23729,27212
SZ,002131,0.25,23712,27426
SH,601866,0.83,23693,32101
SH,603885,-0.63,23686,23686
SZ,300024,1.89,23681,23688
SH,688248,0.6,23672,23672
SH,600663,1.9,23668,37764
SH,603688,-2.32,23606,23606
SZ,000155,0.87,23576,23576
SZ,920185,2.64,23497,23891
SH,689009,4.56,23468,30714
SZ,300255,-0.03,23427,23464
SH,688778,4.09,23392,23392
SH,688548,-5.74,23349,44569
SH,603067,2.52,23331,23331
SH,688018,0.6,23317,23317
SH,600873,1.22,23275,23275
SZ,300570,-3.19,23255,27482
SH,600100,0.58,23251,23251
SH,601228,1.32,23237,23237
SH,603061,-3.79,23215,23215
SZ,000962,0.17,23196,24316
SH,601099,1.8,23175,23175
SH,601128,1.76,23166,23166
SZ,002841,-0.26,23101,30981
SZ,002603,0.96,23071,28001
SH,603823,-9.99,23042,23042
SZ,002379,4.81,23034,264141
SH,688349,1.45,23023,23422
SH,603920,-2.76,22987,22987
SH,600977,1.57,22945,22945
SH,688475,0.76,22885,22885
SZ,002180,0.78,22880,23916
SZ,002456,0.88,22858,24087
SZ,300236,-1.99,22822,25675
SZ,002015,-0.2,22808,22808
SH,601963,-0.26,22781,40609
SH,603301,0.41,22733,22733
SH,688425,2.16,22721,22721
SH,605090,1.54,22715,22738
SZ,002157,1.39,22662,26918
SZ,002271,3.23,22629,28234
SH,603596,2.32,22612,22612
SZ,000400,2.57,22601,22756
SZ,002430,1.85,22590,22600
SZ,300383,-0.39,22590,22632
SZ,300677,5.69,22587,31762
SH,600246,-4.55,22572,23199
SH,600486,1.25,22566,22566
SH,688333,-1.76,22505,22505
SZ,000547,-0.2,22470,22602
SZ,002536,-8.55,22386,23635
SH,600098,1.59,22367,22367
SH,600390,1.64,22310,22310
SH,601567,4.48,22273,22273
SH,600132,2.91,22258,22258
SH,600388,4.74,22175,22175
SZ,000709,2.88,22118,22121
SZ,000750,1.33,22084,24331
SZ,000887,0.66,22055,22091
SH,603663,-2.12,22054,22069
SZ,000062,-1.48,22037,22058
SH,603565,1.16,21967,21967
SH,600012,-1.25,21960,32190
SH,600330,-3.98,21955,21955
SZ,000733,1.51,21953,21956
SZ,002266,1.34,21937,23643
SZ,000598,1.39,21840,21843
SZ,001389,-4.92,21837,67753
SZ,002085,1.98,21827,21827
SZ,002498,0.15,21791,21791
SH,603737,4.47,21736,21736
SH,688819,2.48,21697,21697
SH,688343,-3.99,21641,21641
SH,600008,2.44,21581,21581
SZ,000623,1.52,21525,21610
SZ,300496,0.69,21509,26872
SH,601016,1.42,21496,23298
SH,688001,-3.18,21456,21456
SZ,000564,4.41,21435,25642
SH,603899,2.36,21430,21430
SZ,002545,0.16,21428,23587
SH,688820,-3.57,21423,230798
SH,603233,-0.2,21410,21410
SZ,300896,-0.95,21402,31675
SZ,301396,-5.5,21397,32499
SH,600685,1.68,21357,36751
SH,600329,3.16,21311,28940
SH,600550,3.67,21306,21306
SZ,000683,1.44,21256,23639
SH,600745,-1,21235,21235
SZ,002423,1.77,21175,21175
SZ,000034,-3.51,21161,25337
SZ,301018,-4.96,21147,27985
SH,688403,-5.25,21093,21093
SH,688102,-0.36,21090,21152
SH,600126,2.3,21040,21040
SH,601069,3.28,20982,21545
SZ,300073,2.05,20947,22534
SH,600765,1.2,20928,20928
SZ,002895,-0.96,20889,21110
SH,601608,1.33,20883,20883
SH,600170,1.29,20882,20882
SZ,002007,2.31,20881,24227
SH,603833,6.63,20863,20863
SH,603077,2.61,20843,20843
SH,601118,2.75,20798,20798
SZ,003035,1.67,20795,20795
SZ,300209,5.25,20781,26271
SH,601997,0.89,20731,20731
SZ,300699,0.64,20716,20967
SH,601106,2.03,20711,20711
SZ,300474,1.32,20661,26565
SH,603816,3.48,20601,20742
SZ,300003,0.7,20573,24020
SZ,000825,2.85,20563,20563
SZ,001896,-0.29,20537,20537
SH,600688,1.45,20521,29519
SZ,002948,1.04,20499,33874
SH,603730,2.8,20476,20476
SH,603876,1.67,20425,20425
SH,688195,-3.05,20304,20304
SH,600848,2.42,20252,21340
SH,603881,-1.83,20250,20250
SZ,002468,-0.21,20219,21140
SH,601158,0.96,20208,20208
SH,603306,-0.3,20205,20205
SH,603236,2.41,20188,20188
SZ,002317,-0.03,20168,22506
SZ,002065,1.17,20123,22182
SZ,000158,-0.15,20119,20254
SH,688114,1.57,20117,20159
SZ,301035,1.12,20076,20106
SH,600353,-3.15,20074,20074
SH,603678,3.76,20069,20069
SH,601677,2.54,20067,20067
SZ,002364,-0.85,19924,20119
SH,601187,0.4,19803,19846
SZ,002299,2.21,19766,20158
SH,603728,0.32,19754,19754
SZ,002396,-7.97,19746,19828
SZ,300012,2.83,19737,23206
SH,688005,3.65,19695,19695
SH,601666,3.52,19607,19607
SZ,300763,0.54,19582,24155
SZ,300489,-4.36,19554,19625
SZ,002262,3.76,19514,22429
SZ,000039,2.54,19493,45675
SZ,300811,-2.25,19443,23702
SZ,001270,-1.13,19436,19560
SZ,000429,-0.86,19394,31111
SZ,002318,1.97,19281,19749
SZ,000519,0.29,19231,19231
SH,600967,0.09,19213,19213
SZ,301205,5.72,19213,29844
SZ,300142,1.5,19210,19480
SZ,002500,2.1,19205,19205
SZ,002120,0.89,19199,19773
SZ,002461,2.13,19145,19145
SH,603588,-0.23,19117,19117
SH,688205,-1.81,19073,19073
SH,688257,-2.41,19021,19021
SH,603290,-2.69,18966,18966
SZ,002265,-0.42,18956,18956
SH,600007,-0.26,18907,18907
SH,603516,-1.04,18825,18825
SH,688372,-5.35,18816,18816
SH,600339,2.43,18815,18815
SZ,002670,1.05,18815,22428
SZ,300806,-0.23,18792,26078
SH,603530,1.34,18791,18965
SH,603005,-3.76,18789,18789
SH,688400,-1.71,18780,19530
SZ,300776,-4.43,18778,29870
SH,600380,1.38,18770,18770
SH,601098,1.86,18714,18714
SH,601139,2.52,18699,18699
SH,603658,2.44,18686,18686
SZ,300085,4.37,18674,20238
SH,600518,0.75,18660,18669
SZ,002624,2.21,18625,19768
SH,600131,1.83,18608,18646
SZ,002335,-1.77,18598,21267
SH,600927,2.81,18595,18595
SH,601865,2.63,18573,22890
SZ,300623,-1.98,18524,20086
SH,600004,1.3,18484,20128
SH,603667,-0.78,18475,19330
SZ,002130,3.6,18466,22538
SZ,001267,-2.63,18421,23762
SH,603529,1.88,18409,18771
SZ,000029,8.66,18350,20820
SZ,002683,3.46,18324,20889
SZ,002739,1.38,18301,18563
SZ,300627,0.94,18280,22072
SH,600602,-1.78,18242,23223
SZ,300487,-1.88,18235,30141
SH,688123,-1.97,18167,18167
SH,688363,1.34,18154,18154
SZ,002756,3.35,18135,25257
SH,688097,-2,18112,18112
SZ,002389,1.6,18110,18113
SH,688208,3.06,18048,18048
SZ,300398,-3.68,18040,18138
SZ,300122,1.68,18004,30473
SH,600606,1.59,17989,17989
SH,603950,-4.87,17988,18002
SZ,000937,2.59,17977,18502
SZ,002716,2.52,17976,21851
SZ,300779,2.6,17944,23484
SH,603186,-5.94,17943,17943
SH,600038,3,17914,21957
SZ,000543,2.2,17908,17908
SH,688502,-13.51,17899,17899
SZ,300762,-0.51,17891,17891
SH,688270,-1.28,17881,17881
SZ,300821,-2.23,17817,17820
SZ,300903,-6.68,17798,23433
SH,600820,2.54,17796,17796
SZ,000528,2.11,17766,17790
SZ,000875,4.33,17715,19225
SH,603871,3.36,17661,17661
SH,600655,2.02,17660,17666
SH,688268,-5.69,17620,17620
SZ,000591,1.81,17565,17572
SZ,002044,1.57,17550,17732
SZ,000513,1.18,17538,27410
SZ,002491,-3.93,17518,18315
SZ,002145,1.1,17510,17511
SH,600062,2.56,17484,17490
SH,603000,1.09,17481,17481
SZ,000997,3.09,17479,17577
SH,600754,1.9,17469,20558
SZ,002270,-0.35,17467,17467
SH,603358,0.88,17450,17752
SZ,300888,1.9,17440,17518
SZ,300843,-7.01,17398,17746
SH,600120,2,17384,17384
SH,600316,-0.36,17282,17282
SH,688772,4.55,17279,17279
SH,601609,4.06,17269,17269
SH,600956,1.8,17258,33077
SZ,300140,2.01,17241,17262
SH,688561,1.98,17200,17200
SZ,000935,1.49,17162,17162
SH,603733,0.72,17130,17130
SH,603773,-3.06,17096,17102
SZ,002192,2.22,17032,17067
SH,603638,0.42,16997,16997
SZ,300257,-3.42,16946,17637
SH,600961,1.31,16856,24054
SZ,000009,3.97,16847,16868
SH,600500,0.21,16829,16829
SH,603115,1.89,16712,16712
SH,601975,1.13,16709,16709
SZ,002958,1.32,16699,17056
SH,688795,-1.98,16687,259503
SZ,300456,-2.27,16669,20429
SZ,300747,-1.26,16625,17887
SZ,000603,3.45,16601,17180
SH,601326,1.16,16556,19444
SH,603858,0.38,16536,16536
SH,601966,1.71,16523,16523
SH,600867,2.18,16511,16511
SH,600179,1.67,16492,18069
SH,603786,2.06,16417,16417
SH,688131,9.3,16396,16396
SZ,000898,3,16392,19301
SH,601636,0.36,16391,16391
SH,688652,-4.95,16387,22799
SZ,001337,1.38,16342,16342
SZ,300088,-1.34,16330,16410
SH,605196,4.19,16325,16520
SZ,000969,0.26,16297,16441
SZ,300724,0.96,16279,19706
SH,600750,2.25,16261,16436
SH,600739,1.52,16258,16258
SH,601156,0.94,16238,27290
SZ,002402,0.05,16149,18218
SH,688700,-1.91,16144,16144
SH,601101,4.19,16128,16128
SH,605020,-0.21,16119,16372
SH,688523,-0.52,16108,16108
SH,603618,-3.13,16019,16019
SH,600928,1.4,16013,16089
SH,600528,1.27,15973,15973
SZ,300413,2.29,15959,29221
SH,600577,2.08,15917,15917
SH,601921,1.7,15911,15911
SZ,300144,1.82,15877,16045
SH,600171,0.27,15852,15852
SZ,002925,-3.03,15849,16730
SZ,000970,1.48,15841,15841
SZ,001213,1.42,15822,15822
SZ,000766,2,15794,15802
SH,601519,2.06,15794,15794
SZ,002149,-1.54,15791,15794
SZ,000723,2.28,15779,15809
SZ,000537,2.27,15767,15767
SH,600763,1.85,15762,15762
SH,600435,1.86,15744,15744
SZ,001287,-2.3,15730,15730
SZ,002312,1.95,15730,15762
SH,688692,-1.84,15723,24007
SZ,300953,-1.1,15706,21850
SH,601369,0,15697,15856
SH,600761,1.56,15694,15694
SZ,000050,1.74,15686,15686
SZ,000032,-2.82,15647,16709
SH,688388,-0.07,15646,15646
SZ,000682,0.6,15645,15646
SZ,000563,2.01,15598,15598
SH,688390,-0.99,15596,15596
SZ,002611,2.58,15581,18892
SH,600226,-2.96,15556,15556
SH,688392,-4.47,15535,15535
SH,600114,0.4,15533,15911
SH,601019,1.22,15527,15527
SH,605198,5.29,15521,19172
SH,688520,2.68,15515,16386
SZ,301297,-4.73,15503,20378
SZ,003021,0.42,15496,19992
SH,605296,-0.16,15477,15724
SZ,300676,0.41,15456,15540
SZ,300773,1.77,15419,16299
SZ,000902,0.3,15416,16926
SH,603355,4.92,15401,15401
SH,600808,4.03,15397,19868
SZ,300199,0.78,15388,18239
SH,603226,-5.06,15371,15371
SH,600511,2.06,15361,20945
SZ,300083,-2.82,15354,17131
SH,600959,1.32,15352,15352
SZ,002508,1.86,15348,15535
SZ,002326,2.38,15330,17540
SH,603026,2,15309,15309
SH,600110,-1,15270,15270
SH,601020,1.92,15251,15251
SZ,002405,2.05,15218,15311
SH,688353,6.01,15216,15216
SH,600623,3.05,15196,17168
SZ,000927,2.03,15186,15186
SH,688503,-4.17,15144,15144
SZ,000966,1.87,15143,15143
SZ,000791,2.36,15137,25367
SH,603171,1.19,15136,15153
SH,601137,0.55,15076,15087
SH,603317,2.83,15071,15071
SH,600186,-1.74,15047,15077
SH,603132,1.39,14983,14983
SZ,300102,-0.11,14975,15047
SH,603997,1.38,14962,14962
SZ,300568,3.34,14950,18496
SH,688449,-2.51,14942,23442
SH,600452,1.67,14935,14935
SZ,002773,2.02,14930,20030
SZ,002568,9.99,14930,20405
SZ,300503,-2.13,14885,19021
SZ,300002,2.16,14882,15816
SZ,000778,1.06,14873,15139
SH,688166,-1.76,14795,14795
SH,600744,-1.08,14787,14787
SZ,002506,2.43,14786,14801
SH,600629,-4.31,14775,14775
SH,688106,-1.8,14771,14771
SH,600022,2.99,14764,14764
SH,688582,2.26,14756,14756
SH,600835,-1.02,14751,18423
SZ,002320,2.33,14734,14734
SH,600548,1.3,14693,21749
SZ,300660,0.84,14692,14701
SH,600410,-0.95,14682,14682
SH,688596,2.66,14679,14679
SH,688279,-1.98,14671,18051
SZ,000680,3.63,14619,16682
SZ,001248,-3.56,14619,178956
SH,600552,-3.61,14594,14594
SZ,300723,0.99,14588,15719
SH,601965,2.82,14567,14629
SH,688484,1.19,14541,14607
SZ,002171,0.33,14540,14623
SH,603938,-3.7,14501,14501
SH,601568,1.68,14459,14459
SZ,000539,2.17,14438,29664
SH,603002,-4.13,14425,14425
SZ,300657,-2.12,14416,14835
SZ,002911,2.16,14394,14747
SZ,002957,-2.35,14382,14426
SZ,301550,-0.92,14367,23474
SH,603025,1.25,14364,14461
SH,688779,2.62,14353,14353
SZ,300735,1.55,14345,15325
SZ,300170,0.84,14327,15003
SZ,002946,3.63,14318,14485
SZ,300260,-11.01,14307,20284
SH,600710,4.19,14296,14296
SH,688150,-4.79,14283,14283
SZ,300999,0.77,14207,141937
SZ,301285,-2.35,14171,14171
SH,601375,1.48,14169,19082
SH,603283,-4.05,14161,14161
SH,600056,1.28,14161,14166
SH,688380,-1.63,14157,14157
SZ,002410,2.05,14084,14818
SH,600877,-0.91,14043,14043
SH,600320,1.44,14035,22288
SH,600267,1.45,14033,14033
SZ,001286,0.19,14013,38925
SH,600888,2.04,14009,14009
SH,688332,0.37,13986,13986
SZ,000088,0.91,13980,22982
SH,601858,1.32,13976,13976
SZ,300131,-4.55,13966,15209
SZ,002250,0.45,13953,14029
SZ,001301,2.41,13930,19529
SZ,002408,2.43,13921,14385
SH,600621,1.55,13919,13919
SZ,002176,2.77,13903,13924
SZ,000581,2.34,13893,16919
SH,688206,-1.78,13892,13892
SZ,300957,0.86,13890,13966
SZ,300364,0,13876,15306
SH,688100,1.97,13868,13988
SH,600531,0.7,13846,13846
SH,600816,2.43,13837,24906
SH,600151,0.52,13826,13826
SZ,000422,2.51,13826,14215
SH,600361,2.78,13811,13811
SH,688538,1.27,13805,33143
SH,600664,-4.52,13801,13801
SH,688690,1.31,13770,13770
SH,600258,1.4,13768,13768
SZ,300679,-2.39,13745,16245
SH,688308,-0.01,13720,13720
SH,603613,1.55,13712,13712
SH,600409,3.75,13707,13707
SH,601678,3.08,13690,16140
SZ,000685,1.2,13638,16057
SZ,002507,2.24,13637,13674
SH,688625,-1.86,13633,13633
SH,688029,3.14,13632,13632
SH,600397,-0.93,13622,13622
SH,600779,0.98,13611,13611
SZ,300201,-0.14,13610,13683
SH,601827,1.88,13593,13593
SZ,000089,2,13576,13576
SH,600403,-0.86,13556,13556
SH,600459,0.56,13546,14679
SH,600675,3.23,13543,13543
SH,600057,0.78,13539,18368
SZ,301316,-2.44,13537,13965
SH,600906,0.47,13531,20671
SH,603662,0.5,13530,13530
SZ,300671,-3.72,13509,13549
SH,688531,-1.53,13473,19437
SZ,002563,2.18,13463,16434
SH,603505,0.44,13458,13458
SZ,300602,-2.12,13440,19646
SH,600064,2.38,13410,13410
SH,688003,-3.17,13409,13409
SZ,002158,-4.2,13366,13395
SH,688802,-4.32,13330,287852
SZ,002867,0.73,13327,13406
SH,600651,-0.92,13312,13312
SZ,002969,-3.4,13310,13380
SZ,002249,1.85,13307,17614
SZ,300655,-4.58,13301,13362
SH,600172,-3.24,13299,15028
SH,601778,1.42,13291,13291
SH,600575,3.95,13291,24510
SH,603868,1.54,13203,13203
SH,600416,1.36,13179,13179
SZ,000785,4.13,13176,14135
SZ,002552,-2.21,13170,13867
SZ,301171,0.11,13149,16205
SH,603063,-1.14,13137,13191
SH,605289,-4.62,13120,13138
SH,600633,1.27,13112,13112
SH,603456,4.21,13102,13102
SH,600764,1.15,13083,13083
SZ,301611,-4.1,13074,38887
SH,603707,3.99,13054,13054
SZ,300342,-1.13,13025,13219
SZ,002290,-0.91,13022,13063
SH,600155,2.62,13016,13016
SH,600167,1.23,13011,13011
SH,600529,-0.09,13000,13000
SZ,000612,3.42,12983,12983
SH,600456,1.31,12976,12976
SH,600285,1.47,12916,12930
SH,600490,2.21,12912,14340
SZ,002440,10,12908,15331
SZ,300253,1.31,12908,15321
SZ,002906,2.67,12905,12913
SH,603009,-3.91,12903,12903
SH,600933,2.82,12891,13534
SZ,000534,2.81,12885,13065
SH,603826,0.6,12862,12862
SZ,002979,0.61,12852,18232
SH,605099,1.36,12831,12859
SZ,301389,-2.91,12817,12817
SH,603118,-5.94,12817,12817
SZ,002153,0.25,12814,21861
SZ,002936,1.68,12793,16548
SZ,001696,-0.27,12792,16431
SH,688615,-0.43,12787,18518
SH,688549,-3.76,12776,32027
SZ,002226,1.9,12768,12768
SZ,002847,2.65,12763,14142
SH,605507,5.09,12760,12760
SZ,300613,0.31,12751,13517
SH,600821,0.62,12748,12748
SZ,002901,1.59,12742,18291
SH,688593,-0.78,12724,12724
SZ,002372,3.35,12694,13739
SZ,300319,0.81,12675,13216
SH,600916,0.53,12667,12667
SZ,002701,2.06,12659,12671
SH,603305,1.96,12655,12655
SH,600201,2.24,12625,12625
SZ,000799,0.31,12603,12604
SZ,300323,-2.47,12601,17220
SH,600271,0.89,12600,12600
SH,600850,0.98,12595,12595
SH,688055,0.27,12567,12567
SH,600116,1.55,12544,12544
SZ,002913,-2.76,12532,13021
SH,600717,1.88,12531,12531
SZ,301275,1.31,12531,17593
SH,600827,2.9,12531,13934
SZ,300469,2.52,12517,12524
SH,688545,-5,12497,24685
SH,603515,0.59,12483,12559
SH,688535,-6.01,12424,13330
SH,603203,-4.36,12420,12564
SH,600755,1.39,12409,12441
SH,688686,-4.94,12402,12402
SH,605599,0.82,12398,12398
SH,688006,-0.19,12345,12345
SZ,002091,2.12,12338,12534
SH,688088,0.95,12336,12336
SZ,301093,-3.66,12325,12909
SZ,300457,1.36,12303,12504
SH,603882,0.64,12295,12378
SZ,000620,-0.74,12287,15443
SZ,000672,-1.77,12282,12282
SZ,301319,-2.1,12269,16280
SH,600211,1.5,12248,12248
SZ,002151,0.55,12239,15006
SH,601339,1.62,12206,12206
SZ,300436,0.37,12200,14211
SH,601107,2.17,12198,17247
SZ,300455,0.23,12195,12353
SZ,002896,0.75,12169,12169
SH,600475,1.57,12163,12332
SH,605389,-0.91,12163,12861
SZ,000973,3.8,12161,30900
SH,600113,3.25,12150,12437
SH,600315,1.92,12127,12127
SH,603389,-0.96,12123,12123
SZ,300459,1.1,12097,12938
SZ,300179,-2.11,12080,15689
SZ,002399,1.57,12073,14203
SZ,301015,-1.24,12067,12068
SZ,002755,0.78,12066,12066
SZ,300070,1.74,12022,12685
SZ,300975,-0.76,12007,16763
SZ,301128,-3.91,12005,13648
SZ,002268,1.07,12003,12008
SH,600063,1.93,12001,12001
SH,688567,3.05,11977,11977
SZ,301219,1.2,11973,16776
SZ,002597,7.76,11969,11992
SH,688116,2.03,11967,11967
SZ,300296,0.98,11952,13994
SZ,920808,-1.69,11949,12282
SZ,002768,-2.77,11936,20442
SZ,300184,-0.69,11930,13030
SH,603119,-0.3,11921,21269
SH,603888,1.01,11920,11920
SZ,301039,5.95,11895,15349
SH,600366,0.56,11892,11892
SZ,000069,2.38,11866,13825
SZ,000506,2.08,11860,11864
SH,688661,-3.3,11856,11856
SZ,300761,1.64,11843,15733
SZ,300034,3,11836,12297
SZ,002167,1.3,11828,12077
SH,600461,1.1,11827,11827
SZ,002287,1.92,11790,11814
SH,603589,1.18,11783,11783
SZ,300100,0.96,11777,12217
SH,688401,-5.54,11752,12482
SH,601992,1.44,11751,15056
SH,688516,0.32,11747,11747
SH,603078,-5.29,11723,11723
SZ,301005,-1.05,11713,11956
SZ,002310,0.38,11701,15958
SH,600420,1.16,11682,11682
SH,601512,0.91,11661,11661
SZ,002183,0.9,11661,11661
SZ,002096,2.73,11660,11660
SZ,301095,-0.3,11658,13495
SH,600338,2.01,11610,11610
SH,600363,0.98,11601,11601
SZ,002668,2,11600,11600
SH,601222,1.43,11594,11594
SH,600776,1,11558,15185
SH,605118,0.14,11555,11622
SH,601068,2.73,11544,13475
SZ,002645,-0.46,11543,12780
SZ,002607,10.05,11530,12828
SZ,002643,-0.92,11530,11705
SZ,000762,3.12,11520,11521
SZ,000156,1.35,11508,12544
SZ,301238,0.51,11506,11506
SH,603031,-1.89,11504,13679
SH,601619,5.83,11492,13749
SZ,300357,2.46,11488,12430
SZ,002092,2.76,11487,11551
SZ,000758,1.4,11480,11525
SZ,000567,4.06,11477,11513
SZ,002258,2.21,11476,11494
SH,688222,1.34,11475,11475
SZ,002416,2.3,11456,11600
SH,603556,5.51,11447,11447
SZ,001331,-6.77,11445,16386
SH,600216,1.44,11407,11530
SH,600859,2.63,11407,11408
SZ,000801,0.72,11399,11403
SZ,300146,2.94,11397,17204
SH,688158,-2.72,11386,12798
SZ,001258,-5.57,11368,11368
SZ,000553,1.36,11364,12162
SH,600882,3.81,11364,11364
SZ,000035,3.15,11357,11725
SH,688016,1.49,11343,11343
SZ,300573,4.08,11338,14765
SH,603738,-4.2,11334,11334
SZ,301293,-8.98,11329,11329
SZ,000711,-4.22,11311,14026
SH,603698,-1.9,11283,11283
SH,688258,-2.27,11265,11265
SH,688107,-3.03,11264,11264
SZ,000690,6.8,11264,11271
SZ,300718,1.89,11261,17108
SZ,000681,-0.65,11258,11665
SZ,002531,-1.71,11257,11320
SH,600864,2.27,11256,11256
SH,600702,0.71,11253,11258
SZ,002083,10,11246,11246
SH,600006,2.37,11240,11240
SZ,300166,-2.04,11231,14120
SZ,000839,7.12,11211,11211
SH,600612,1.49,11210,18492
SH,688321,0.96,11190,12154
SZ,300229,1.43,11175,11182
SH,600343,-0.05,11156,11156
SH,603927,1.13,11153,11153
SH,601952,1.25,11148,11148
SH,600268,1.48,11120,11124
SH,600783,1.57,11106,11106
SZ,002024,1.69,11104,11118
SZ,000901,0.51,11079,11079
SZ,001339,-4.11,11066,22418
SZ,300674,0.9,11065,11082
SH,603393,5.93,11047,11047
SZ,002011,1.36,11040,11175
SH,600572,1.63,11039,11068
SH,688198,1.37,11038,11038
SZ,300428,1.76,11034,12676
SH,600635,2.47,11030,13463
SZ,000070,-1.22,11026,11176
SZ,002617,0,11022,11207
SZ,002987,0.83,11021,11310
SZ,002003,1.99,11018,12816
SH,600301,1.65,11005,25284
SH,600908,1.29,10996,12071
SZ,301666,-5.47,10994,180855
SH,688143,-1.27,10987,11562
SZ,300769,1.82,10982,12222
SZ,002807,1.75,10976,10993
SZ,002698,0.93,10974,13293
SZ,300601,1,10967,13604
SZ,002174,0.09,10958,10964
SZ,002839,1.82,10940,10951
SH,603693,2.59,10938,10938
SZ,300775,1.73,10936,11263
SZ,300468,2.23,10935,10953
SZ,002043,5.22,10910,11210
SZ,002400,3.27,10909,11018
SZ,002246,2.05,10909,10909
SZ,000028,1.92,10901,12691
SH,600559,0.59,10895,10895
SZ,000767,2.75,10892,11508
SH,688660,-3.19,10880,10880
SZ,000099,1.01,10861,10861
SZ,301029,0.67,10846,15227
SZ,000998,1.6,10831,12108
SZ,300682,2.64,10819,11311
SZ,300133,2.04,10817,12186
SH,688202,2.54,10801,10801
SH,600248,2.46,10784,10808
SZ,300185,1.45,10770,11301
SH,601801,2.43,10749,10749
SZ,301150,0.86,10744,11453
SH,688063,1.79,10734,10734
SH,688028,-5.95,10689,10689
SZ,300638,2.6,10689,18120
SZ,002838,-0.73,10680,12147
SZ,300835,-0.72,10665,15217
SH,600986,3.31,10664,10664
SZ,000899,4,10645,10645
SH,688663,1.7,10632,10632
SH,601022,0.62,10626,10626
SH,688046,0.82,10619,10619
SH,600619,-1.53,10614,14436
SH,603267,1.86,10607,10607
SH,603906,0.43,10584,14873
SZ,001280,1.3,10533,125394
SH,688068,1.74,10523,10523
SH,688559,-0.92,10517,10517
SH,688306,2.88,10514,10514
SZ,002544,1.11,10506,10507
SH,600993,1.46,10483,10500
SH,600589,-1.93,10482,10504
SZ,002217,2.86,10482,10770
SZ,300049,0.31,10481,11845
SH,600507,6.09,10479,10479
SZ,300376,1.12,10473,10477
SH,600058,2.95,10473,10473
SZ,300315,1.48,10471,11155
SH,603235,0.13,10459,10459
SH,600509,-2.43,10445,10445
SZ,301626,-4.09,10440,22952
SH,603989,-0.6,10440,10440
SZ,002947,-2.08,10427,13471
SZ,002385,1.01,10425,12943
SZ,300182,2.22,10416,12280
SZ,301267,1.84,10414,13490
SZ,300726,1.55,10409,19991
SZ,002539,1.12,10402,14118
SZ,000828,1.42,10395,10395
SH,601038,1.72,10390,15956
SZ,002583,1.5,10390,14731
SH,600395,3.2,10390,10390
SZ,300204,0.44,10380,12386
SH,603757,-1.76,10379,10379
SZ,002139,2,10379,12082
SZ,000815,-5.68,10373,10373
SZ,301207,1.41,10367,10374
SH,603093,2.41,10365,13017
SZ,001399,-2.82,10351,178072
SH,600480,1.43,10336,10413
SZ,002204,2.1,10314,10314
SH,601163,1.34,10280,10280
SZ,002929,-3.86,10276,13589
SZ,002439,3.53,10266,17069
SZ,002891,0.63,10265,10265
SH,601900,1.84,10257,10257
SZ,300777,1.19,10256,10465
SH,603099,2.03,10249,10249
SH,600383,2.71,10248,10248
SZ,002984,1.34,10245,14871
SZ,300026,0.59,10235,10244
SZ,002557,2.63,10232,10264
SZ,301087,-0.07,10225,12434
SZ,300593,0.09,10221,12315
SH,600773,2.39,10211,10211
SZ,000810,0.22,10206,10570
SZ,002534,-0.87,10193,10324
SH,603297,-9.61,10174,10174
SZ,002413,-0.37,10169,10357
SH,603040,0.21,10162,10215
SZ,002897,-2.71,10141,10661
SZ,003036,-2.83,10139,10139
SH,688031,-1.24,10139,10139
SH,600163,1.14,10124,10124
SZ,002541,2.51,10122,14076
SZ,002832,2.52,10121,14833
SZ,300008,1.15,10114,10610
SZ,300009,1.61,10113,13733
SH,603991,-5.77,10102,17229
SH,603992,-0.17,10101,10101
SZ,000727,1.36,10101,10101
SH,688153,1,10095,10388
SH,600787,1.75,10091,10091
SH,603027,2.85,10087,10087
SH,605255,0.67,10087,10087
SH,603218,1.55,10084,10092
SH,688260,13.84,10076,10076
SZ,301123,-3.36,10068,14313
SZ,002276,3.2,10061,10101
SH,600662,1.85,10041,10070
SZ,300224,1.5,10033,10070
SZ,002354,-0.95,10031,10209
SZ,002020,1.69,10020,11917
SZ,301071,-4.34,10002,13605
SH,603281,1.21,9999,9999
SZ,300302,-3.2,9999,12993
SH,603341,-1.33,9972,19576
SH,601882,1.43,9965,9965
SH,603300,2.68,9956,9956
SH,600446,2.52,9949,9949
SZ,920116,-1.02,9916,9916
SH,600033,1.69,9907,9907
SH,601886,2.7,9902,9902
SH,600728,3.57,9895,9895
SH,600123,2.92,9871,9871
SH,688275,0.9,9868,9868
SZ,002182,1.16,9849,11287
SZ,000949,3.85,9839,9842
SZ,002081,1.64,9837,9878
SH,600718,-0.47,9835,9835
SH,601949,1.58,9805,9805
SH,600373,0.69,9782,9782
SZ,002254,0.17,9782,9793
SH,688383,-4.5,9772,9772
SH,601811,2.41,9772,15226
SZ,300607,-0.95,9760,13794
SH,688698,0.27,9752,9752
SH,600648,0.82,9751,11654
SH,600759,-0.41,9738,9750
SZ,000552,2.76,9724,13968
SH,603619,0.05,9718,9718
SZ,000048,1.27,9718,9735
SZ,002978,1.47,9712,12413
SH,600072,3.34,9707,13446
SH,600757,0.76,9672,9673
SH,603713,-3.02,9669,9669
SH,688059,-3.13,9645,10305
SZ,000401,1.95,9631,9721
SH,600597,3.41,9608,9608
SZ,000700,0.87,9593,9593
SZ,002338,-7.56,9588,9588
SH,601200,1.71,9585,9585
SZ,300684,-0.84,9584,14032
SH,603323,1.65,9570,9570
SZ,000410,1.25,9559,12848
SZ,001914,1.8,9557,9557
SZ,002100,0.29,9557,9557
SZ,002208,-6.36,9557,9559
SH,688160,-0.51,9555,9555
SZ,000917,1.81,9554,9554
SZ,002063,0.93,9553,10344
SZ,301486,-3.78,9540,16852
SH,600184,-2.38,9533,9533
SZ,000600,2.34,9527,15760
SH,600458,1.01,9526,10437
SH,600376,1.93,9519,9519
SH,601003,7.23,9508,9773
SH,600269,2.01,9505,9505
SZ,300580,-2.08,9499,10097
SH,603883,1.54,9494,9494
SH,603327,1.23,9493,9493
SH,600037,1.64,9492,9492
SZ,000403,1.41,9492,9590
SZ,000656,0.81,9484,13236
SZ,300720,-5.89,9483,10036
SZ,000031,2.79,9473,9473
SH,603185,1.9,9459,9515
SZ,002293,-0.25,9440,9519
SZ,000923,1.14,9437,9811
SZ,002675,1.04,9434,10464
SZ,002387,-1.59,9416,9428
SZ,002654,-2.44,9416,9417
SH,688351,3.68,9407,9407
SH,688032,1.81,9405,9405
SH,600360,-3.06,9392,9392
SZ,002061,2.56,9383,9542
SZ,300377,2.96,9383,10199
SZ,300077,-1.65,9378,11230
SZ,300913,0.43,9376,11243
SH,603599,0.98,9376,9376
SZ,000516,1.19,9370,9515
SH,688182,-1.46,9364,9364
SH,600210,1.48,9358,9358
SZ,002297,-1.91,9353,9353
SH,601311,2.45,9338,9338
SZ,002741,-0.9,9327,10164
SZ,002865,-0.32,9323,12983
SH,600971,1.7,9312,9312
SZ,002705,1.59,9312,9361
SZ,000950,1.69,9300,9300
SH,688105,0.06,9285,9285
SH,600367,-0.2,9279,9831
SH,601860,1.16,9270,9555
SZ,002647,-4.59,9270,10320
SH,688319,-1.67,9268,9268
SH,600328,2.27,9267,9267
SH,600649,1.93,9267,9267
SH,603039,0.57,9263,9263
SZ,300353,0.65,9257,10539
SZ,301090,2.11,9252,9262
SH,605318,-1.96,9241,9241
SZ,301381,-0.08,9239,9248
SH,600326,6.27,9238,9238
SZ,001227,1.86,9236,12474
SH,688543,1.26,9235,9235
SZ,003018,-5.41,9232,10188
SZ,000795,0.98,9231,9231
SZ,002181,0.99,9224,9439
SH,600740,2.27,9224,9224
SZ,301078,2.96,9222,9232
SZ,300529,2.45,9218,14367
SH,603601,-0.73,9207,9207
SH,688797,-2.2,9202,48951
SZ,000837,1.11,9198,9341
SZ,000420,1.91,9193,9196
SZ,002031,3,9185,10557
SZ,002345,1.63,9175,9400
SZ,300303,-0.57,9168,9776
SH,600782,4.32,9122,9234
SZ,002511,1.12,9121,9275
SZ,301338,-3.46,9118,12514
SH,603100,1.14,9111,9140
SZ,300139,0.44,9110,10683
SZ,300693,-0.08,9109,10598
SH,603583,1.71,9105,9189
SZ,301188,-4.41,9091,9091
SH,600273,1.61,9087,9087
SH,600185,2.55,9086,9086
SH,601528,1.66,9075,9595
SZ,000676,-3.35,9065,9070
SZ,002961,2.81,9062,9062
SZ,002549,-6.7,9049,9088
SZ,000510,2.06,9026,9650
SZ,002565,-2.17,9020,9021
SZ,300618,2.03,9020,10251
SH,603690,-9.41,9019,9019
SH,603052,-4.01,9017,9017
SH,600391,0.33,9006,9006
SH,600198,0.58,8996,9008
SH,603057,6.91,8990,9058
SZ,002967,1.11,8980,10455
SH,688209,-4.25,8979,8979
SZ,002922,-0.07,8976,10062
SH,605016,4.55,8976,8976
SZ,300415,1.18,8971,9278
SH,603533,1.34,8971,8971
SZ,000065,1.77,8970,10685
SH,605123,1.13,8967,8967
SZ,300007,-2.3,8955,10364
SZ,002348,-0.89,8945,9832
SZ,301031,0.16,8907,11330
SZ,002233,4.69,8906,8912
SZ,301021,-5.49,8902,8912
SZ,002173,-7.11,8897,9329
SZ,000848,3.78,8888,8966
SH,688584,-6.36,8885,17319
SH,600929,3.24,8873,8873
SZ,300304,-1.13,8861,9106
SH,603328,1.14,8826,8826
SH,600162,0.75,8825,8825
SH,688128,1.63,8806,8806
SZ,301177,1.29,8792,8798
SH,603103,2.67,8784,8784
SZ,002655,-1.38,8784,8801
SZ,000829,1.3,8777,8785
SH,603712,0.8,8770,8770
SH,600345,-2.21,8767,13659
SH,688139,2.52,8767,8767
SH,688289,1.82,8766,8766
SZ,002099,3.83,8763,8773
SZ,002053,1.93,8756,8756
SZ,300850,-0.74,8756,12054
SZ,300113,3.37,8755,11596
SZ,000006,0.78,8748,8748
SZ,301109,1.3,8746,11055
SH,603011,-1.88,8746,8746
SZ,002815,-1.65,8743,13884
SZ,300277,0.09,8734,17304
SZ,301127,-4.37,8723,8985
SH,603303,-1.76,8719,8719
SZ,300951,5.1,8698,9732
SZ,000833,0.63,8697,15376
SH,603538,-3.36,8693,8770
SH,603859,-1.1,8692,9462
SZ,002937,-7.19,8690,8712
SH,603124,-3.5,8676,16293
SH,603360,-1.51,8672,8672
SZ,002289,-3.35,8672,8856
SH,600508,2.27,8661,8661
SZ,000930,2.87,8651,8651
SZ,301216,0.89,8648,9214
SZ,300596,1.02,8646,8836
SZ,000761,2.64,8641,9573
SZ,300118,1.08,8638,10625
SH,600129,0.9,8630,8630
SZ,301357,-0.91,8621,8621
SH,605006,0.38,8621,8621
SH,600266,2.22,8614,8614
SH,603508,1.44,8609,8609
SH,605060,0.25,8607,8666
SZ,300382,-4.53,8597,8598
SH,603169,2.81,8595,8595
SZ,000536,0.65,8593,8602
SH,600936,0.59,8589,8589
SH,688378,-2.64,8588,9317
SH,600020,1.33,8585,8585
SH,600389,2.63,8574,8574
SZ,002368,0.07,8571,8613
SZ,000550,2.04,8570,14269
SH,688726,0.36,8559,15775
SH,688090,-3.98,8554,8554
SZ,300181,1.5,8549,9946
SZ,002019,1.5,8535,12322
SZ,920186,-2.49,8534,16316
SH,688076,0.97,8532,8532
SH,600997,3.27,8526,8526
SZ,300331,-4.04,8525,9966
SH,688376,-4.01,8520,8520
SH,688020,-2.72,8509,8509
SH,600478,2.45,8487,8487
SZ,002039,3.17,8483,8483
SZ,002426,1.22,8472,8473
SZ,300483,11.22,8470,8476
SZ,000719,1.2,8466,12984
SH,600567,1.52,8452,8452
SZ,301363,-5.05,8415,12831
SH,688513,0.97,8414,8414
SZ,002626,2.83,8410,8411
SH,688327,0.4,8399,10462
SH,600017,0.37,8397,8397
SZ,301345,-0.42,8396,26138
SZ,300263,-1.25,8390,8901
SZ,002216,1.68,8379,11684
SZ,002332,1.43,8379,8418
SH,688508,-4.19,8376,8376
SH,603013,2.3,8375,8375
SZ,300863,-3.89,8362,8705
SH,688161,1.51,8356,8356
SH,688325,-6.39,8351,8788
SH,605298,-1.42,8344,8416
SH,688611,0.65,8321,8321
SZ,000980,3.13,8320,8320
SZ,002062,1.23,8312,9143
SZ,002985,0.92,8310,8333
SZ,002243,1.77,8309,8353
SZ,002169,0.46,8307,8571
SH,600996,1.22,8304,8304
SH,603915,2.35,8300,8442
SZ,002392,2.28,8300,8536
SZ,301047,2.41,8295,8438
SH,605305,2.63,8288,8288
SH,600812,1.26,8270,8270
SZ,001308,1.01,8268,11948
SZ,300328,8.88,8251,8292
SH,600481,2.05,8236,8236
SZ,002292,2.15,8235,11963
SZ,000818,1.87,8234,8257
SH,600693,9.99,8229,8237
SH,603612,1.91,8229,8229
SH,600502,2.57,8222,8222
SH,601089,2.09,8213,8213
SH,600640,1.47,8208,8208
SZ,000885,1.35,8206,8206
SZ,301091,1.3,8199,8199
SZ,002792,-2.36,8196,12708
SZ,002004,1.64,8192,8613
SH,688789,2.74,8176,8176
SH,688165,1.03,8171,8171
SH,603125,-1.36,8170,8170
SZ,300072,2.34,8160,8224
SH,603890,-1.77,8159,8159
SH,600686,2.9,8146,8146
SH,601890,1.19,8145,8145
SZ,002283,1.37,8143,9252
SZ,002928,0.31,8142,8142
SH,688125,-3.35,8141,8163
SZ,002267,1.81,8140,8140
SH,600666,-0.3,8132,8942
SZ,300772,1.22,8130,9167
SH,603809,2.67,8126,8126
SZ,002277,9.4,8114,8114
SZ,002842,-0.78,8113,9887
SH,688586,3.12,8111,8111
SZ,300244,0,8109,10106
SZ,300005,-1.79,8108,8174
SZ,002458,4.09,8108,12008
SH,600399,2.49,8105,8105
SH,688739,1.39,8105,8200
SZ,301606,0.31,8100,20368
SZ,002221,3.75,8093,8732
SH,600556,2.29,8081,8081
SH,603936,-2.8,8069,8260
SZ,300624,1.05,8063,9104
SZ,000860,1.59,8056,8056
SZ,002251,3.03,8050,10056
SZ,002706,1.15,8047,9884
SH,603227,2.46,8038,8038
SH,600935,1.78,8032,8232
SH,688190,0.24,8032,8032
SZ,300035,3.61,8027,9431
SH,601828,1.83,8020,9665
SH,600639,1.51,8009,10573
SZ,002115,-0.91,8000,8630
SZ,301382,-3.36,7998,9664
SH,600973,0.87,7995,7995
SZ,300634,0.71,7995,8307
SH,601929,0.88,7992,7992
SZ,002488,2.24,7986,8640
SZ,002075,3.7,7986,7986
SH,600094,1.9,7973,8719
SZ,002580,4.02,7961,7988
SZ,002737,0.52,7954,7954
SZ,000869,1.57,7951,11482
SZ,300497,-0.39,7942,9453
SH,688050,2.63,7937,7937
SH,688035,-3.62,7933,7933
SH,688677,-0.17,7921,7921
SZ,301327,1.38,7917,7917
SH,688662,-2.96,7903,7903
SZ,300101,1.09,7901,7928
SZ,002827,10,7891,7921
SH,603220,-0.92,7878,9730
SH,688262,-1.96,7872,7872
SH,688486,0.14,7871,7871
SH,688261,-3.63,7863,7898
SZ,300363,-0.12,7855,8614
SZ,002309,-3.25,7844,9805
SH,688697,-3.69,7830,7830
SZ,300770,1.78,7826,7826
SZ,300741,1.76,7822,7822
SZ,300725,2.88,7821,9020
SZ,300910,2.64,7818,11162
SH,603033,1.98,7817,7961
SZ,300145,0,7815,7854
SZ,002761,2.41,7811,9566
SH,603279,2.73,7810,7810
SH,605116,1.21,7807,7807
SH,603053,1.74,7804,7804
SZ,002119,-5.49,7802,7802
SZ,300855,0.64,7796,10525
SZ,300130,1.36,7793,10183
SH,688253,-0.46,7792,7792
SZ,002515,-9.7,7790,8559
SH,688239,0.27,7789,7789
SH,605333,3.26,7787,7787
SZ,300042,-2.01,7785,7786
SH,605319,-0.03,7778,7821
SH,603163,10.01,7772,7772
SH,603496,-2.6,7771,7771
SH,603919,3.1,7766,7766
SH,600587,1.03,7765,7765
SH,600861,2.62,7761,7761
SH,603043,2.15,7756,7823
SH,600618,4.13,7753,11957
SZ,002639,0.51,7751,9153
SH,600751,1.35,7745,8727
SH,603319,-0.86,7733,7733
SH,600746,6.09,7731,7731
SZ,002759,-3.07,7725,7731
SZ,300053,0.08,7719,8265
SZ,300486,-1.51,7718,7720
SZ,002703,2.49,7707,10818
SZ,002212,10,7701,7784
SH,688227,-2.57,7697,7697
SH,605008,-0.49,7693,7693
SZ,003009,-1.01,7674,7676
SZ,002097,2.44,7669,7684
SZ,000823,-0.07,7669,7669
SH,601595,2.83,7664,7664
SH,600335,3,7660,7660
SZ,002017,1.07,7651,7656
SZ,300294,2.64,7649,7649
SZ,002718,-3.83,7641,10524
SZ,002030,0.18,7635,7635
SZ,002941,3.36,7633,7633
SH,603399,3.69,7633,7633
SH,601718,0.57,7632,7632
SZ,002150,0.14,7629,7679
SH,688231,-1.84,7625,7625
SZ,300480,-4.23,7624,10448
SH,688439,1.65,7622,7622
SZ,300740,3.02,7621,8212
SH,688091,0.98,7616,7640
SZ,002516,0.97,7609,7663
SH,605222,1.21,7606,7606
SH,601686,1.78,7604,7604
SH,600305,1.62,7599,7611
SH,603477,0.2,7585,7777
SZ,000012,1.31,7583,11774
SH,688083,2.06,7566,7566
SZ,002350,-1.78,7566,7734
SZ,002588,1.97,7565,10148
SZ,000712,1.32,7560,7562
SZ,002361,-0.94,7556,8883
SH,603680,1.16,7547,7547
SZ,300938,-6.79,7544,8692
SH,600917,0.84,7540,7540
SZ,002125,1.87,7535,7535
SH,600055,1.13,7530,7530
SZ,300846,-2.21,7529,9122
SZ,002386,1.94,7522,7524
SH,688428,1.17,7519,48757
SZ,002110,2.32,7506,7506
SH,688485,1.52,7506,7506
SZ,002960,0.91,7504,8166
SH,688049,1.95,7501,7501
SH,603112,-1.26,7501,7576
SZ,002041,1.07,7498,7498
SZ,300766,0.05,7495,8266
SZ,300641,2.82,7479,7479
SH,603055,1.57,7478,7505
SH,600789,1.23,7476,7734
SH,688112,-1.36,7466,7466
SZ,000922,1.15,7465,8832
SZ,300790,-1.09,7460,8490
SZ,301498,1.69,7450,16636
SH,601908,1.32,7437,7437
SH,688622,-3.51,7424,7424
SH,603181,0.24,7424,7424
SZ,000059,1.75,7421,7421
SZ,300595,2.31,7414,9929
SH,688612,2.59,7411,12102
SZ,002275,1.29,7409,7815
SH,603050,2.06,7381,7381
SH,605007,4.78,7380,7398
SZ,002730,-1.61,7374,7716
SZ,300527,0.55,7372,7372
SZ,300378,-0.83,7360,7416
SH,688326,1.56,7336,7882
SH,600736,1.43,7334,7334
SZ,000928,1.39,7331,7331
SH,688155,1.6,7322,7322
SH,603608,0.06,7319,7319
SH,600846,-3.22,7310,7310
SH,688456,-1.62,7304,7304
SH,688337,-1.45,7297,8583
SZ,300180,2.65,7296,7502
SZ,002215,2.62,7289,9058
SH,688798,1.67,7287,12514
SZ,002034,1.36,7286,7316
SH,603995,2.35,7276,7276
SH,600059,1.53,7274,7274
SH,600657,3.66,7272,7272
SH,605100,-0.77,7270,7305
SZ,000650,1.3,7269,7644
SZ,000402,1.67,7262,7263
SZ,301263,0.45,7257,10171
SZ,300482,4.27,7251,7892
SZ,000498,2.04,7247,7762
SH,600557,1.43,7241,7241
SH,688221,-0.66,7241,7241
SH,688669,-4.82,7240,7240
SH,600125,1.47,7233,7233
SZ,300327,0.71,7231,7285
SZ,300834,-1.89,7225,7289
SZ,300322,-0.9,7223,7545
SH,603299,1.31,7220,8832
SH,600251,1.64,7218,7218
SZ,002980,-6.46,7205,13472
SZ,300416,3.03,7203,7252
SH,603626,0.15,7202,7202
SZ,301228,-1.01,7192,7225
SH,601330,1.68,7181,10386
SZ,301196,-4.46,7158,10904
SH,603223,-0.09,7157,7157
SZ,002533,1.63,7154,8235
SZ,003039,2.3,7151,7151
SH,605168,0,7149,7149
SH,601579,3.76,7149,7149
SZ,000544,1.38,7144,7144
SZ,002448,1.07,7134,7232
SH,600724,2.07,7124,7125
SH,603459,1.76,7123,67921
SZ,002079,-1.45,7122,7977
SH,600771,1.61,7107,7107
SZ,000566,-5.99,7106,7110
SZ,301061,6.06,7106,10696
SH,605011,1.66,7106,7106
SZ,300997,20,7103,7830
SH,688710,1.07,7101,11039
SH,600252,2.29,7101,7101
SH,600903,1.84,7100,7100
SH,688093,0.72,7096,7096
SZ,300298,1.74,7092,8815
SH,603219,-0.93,7085,7085
SZ,000030,1.92,7085,7292
SH,688177,0.53,7072,7072
SH,688087,4.03,7072,7334
SZ,002108,0.7,7070,7072
SH,688062,4.01,7052,13683
SZ,000503,0.42,7050,7051
SZ,301191,-5.89,7046,9346
SH,688305,0.74,7046,7064
SH,600797,0.15,7039,7039
SH,601096,2.64,7032,11450
SH,688605,-4.84,7029,13128
SH,600676,4.75,7025,7025
SH,600925,1.63,7018,30104
SZ,000628,-1.02,7009,12844
SZ,000859,-7.34,7006,7007
SZ,002471,0.97,7003,7131
SZ,300516,-0.67,6998,6998
SH,688758,0.73,6992,9766
SH,600325,5.39,6990,6990
SZ,301013,0.85,6983,8625
SZ,000813,1.22,6982,6983
SZ,920982,1.27,6978,14476
SZ,301086,-4.17,6976,12586
SH,688783,-8.78,6973,104700
SH,688176,1.67,6958,6958
SZ,301571,-8.46,6953,10470
SZ,002342,-0.54,6950,6989
SH,600422,0.77,6949,6949
SZ,300168,0.84,6937,6944
SZ,002219,0,6936,7318
SH,600722,10.04,6932,6932
SH,600810,1.26,6928,6991
SZ,300499,-1.76,6913,7775
SZ,002445,1.04,6910,6940
SZ,300098,1.36,6907,7785
SZ,002121,2.09,6903,8179
SZ,002242,0.33,6901,6913
SH,601226,2.24,6892,6892
SH,600780,1.69,6890,6890
SZ,301369,-5.44,6876,12826
SH,603687,-1.25,6875,6875
SH,688515,-2.25,6874,11038
SZ,301189,-2.96,6874,7122
SH,603128,0.77,6872,6872
SH,688252,1.82,6855,6855
SH,600708,1.99,6854,6864
SH,600874,1.27,6853,8747
SH,600955,2.98,6853,6853
SH,688480,-0.35,6847,6847
SZ,300080,2.52,6847,6857
SZ,301510,0.08,6845,9808
SZ,301215,1.77,6837,6845
SH,688563,1.84,6837,22666
SZ,000756,0.74,6835,9545
SH,600545,-1.79,6830,6830
SH,601388,2.31,6824,6824
SZ,002324,0.8,6823,9777
SZ,003013,0.12,6822,7810
SH,603977,1.01,6821,6821
SZ,002093,2.11,6821,6821
SZ,920045,-2.81,6819,23063
SZ,002782,-0.28,6815,6897
SH,603580,-1.03,6815,6815
SZ,300171,1.68,6814,9274
SH,605128,0,6814,6814
SZ,002239,1.6,6813,8928
SH,688381,-1.95,6811,6811
SH,600748,-0.26,6806,6806
SH,600169,1.49,6800,6800
SH,600987,1.22,6799,6799
SH,600429,6.34,6784,6804
SZ,002006,0.77,6783,6783
SH,605098,1.1,6783,6783
SZ,301069,0.63,6781,7201
SH,600158,2.62,6774,6774
SZ,300842,-0.84,6772,7620
SZ,002106,0.73,6767,6776
SZ,000589,1.62,6763,6808
SH,605133,0.25,6762,6838
SZ,000631,2.44,6762,6762
SZ,300520,-2.72,6748,6982
SZ,002690,1.63,6745,13719
SZ,300420,-3.82,6731,6732
SZ,000601,0.94,6729,6833
SH,603071,1.94,6729,6729
SZ,002284,1.77,6729,6792
SZ,000968,5.14,6724,6724
SZ,300440,-1.85,6718,6744
SZ,002681,2.64,6716,7681
SZ,300685,2.13,6712,6722
SZ,300678,-2.73,6706,6826
SZ,300768,-2.79,6705,10263
SZ,300276,2.42,6702,8883
SZ,301176,0.22,6695,6900
SZ,002579,-2.87,6680,7014
SZ,002077,-1.87,6680,6680
SZ,002546,0.97,6674,6948
SH,600654,0,6674,8195
SZ,002537,1.97,6673,6692
SZ,300348,1.33,6669,7417
SH,688708,1.32,6668,18706
SZ,002256,1.53,6667,6755
SZ,300444,6.41,6663,8545
SZ,300687,-2.06,6662,8323
SZ,301489,-4.88,6660,11130
SH,688550,-3.81,6655,6655
SZ,300401,0.32,6647,6756
SZ,300492,10.24,6640,6640
SH,605167,-0.98,6639,6639
SH,601015,1.88,6638,6638
SH,600370,0,6637,6637
SH,688108,0.57,6637,6637
SZ,002315,0.36,6625,10393
SZ,300214,1.79,6625,6625
SZ,002023,1.35,6622,6683
SZ,002014,1.39,6618,6725
SH,600195,1.25,6617,6617
SH,600590,0.26,6614,6686
SZ,002733,0.22,6610,6885
SZ,001391,1.64,6594,52987
SH,603985,-1.12,6582,6582
SH,688628,-2.23,6579,6579
SH,688416,-3.38,6576,6576
SZ,002674,-8.65,6574,6641
SZ,300861,0.58,6568,10461
SH,688621,1.77,6567,6567
SZ,920394,-0.71,6562,6611
SZ,300031,1.31,6556,7801
SH,605365,1.16,6551,6551
SH,600496,1.86,6548,6548
SZ,000777,0.24,6533,6533
SZ,300895,-3.93,6531,6656
SH,688556,-0.24,6530,6530
SH,603166,0.2,6529,6579
SH,600828,4.43,6527,6530
SH,600894,1.57,6526,6557
SH,603416,0.11,6524,7339
SZ,301080,-1.48,6519,8619
SH,603045,-1.36,6518,6518
SH,600713,1,6514,6606
SZ,000597,1.09,6511,6592
SZ,002141,9.95,6507,6507
SZ,002346,-0.95,6505,7326
SH,688631,1.3,6496,6496
SH,600775,-6.66,6490,8828
SZ,300337,0.89,6481,7488
SZ,000008,1.28,6465,6465
SZ,002955,0.98,6458,7811
SH,600310,1.85,6449,6449
SZ,300576,-4.07,6446,10242
SZ,002810,2.62,6440,6938
SH,603367,1.21,6438,6438
SH,600682,1.84,6437,7439
SH,603277,2.03,6427,6468
SZ,301232,-3.91,6421,10812
SZ,002163,2.96,6420,6751
SH,605179,10.03,6420,6420
SZ,002550,1.94,6419,8728
SZ,300174,-0.66,6414,6450
SZ,300284,1.87,6407,6870
SZ,001298,-1.06,6405,6799
SZ,920029,1.76,6403,6581
SH,603877,2.79,6402,6410
SZ,300109,-3.2,6402,7136
SH,600510,2.99,6399,6399
SZ,002860,-5.96,6394,6546
SZ,002446,0.4,6384,6893
SH,605188,9.99,6372,6372
SZ,002785,-1.01,6368,7458
SZ,300341,-0.47,6365,6390
SZ,301291,2.27,6341,12188
SZ,000058,2.55,6332,7917
SZ,000989,0.66,6331,7806
SH,688328,-3.1,6330,6330
SZ,300045,0.16,6330,8124
SZ,002721,2.15,6329,6329
SZ,300164,0.28,6322,6379
SH,603200,5.79,6317,6317
SH,600611,0.5,6316,9551
SH,601515,0.61,6312,6312
SH,600966,0.43,6310,6310
SZ,000905,0.35,6298,13094
SH,600643,2.59,6298,6309
SZ,002965,-9.45,6288,8763
SZ,002470,2.69,6276,6276
SH,603931,-7.55,6272,6272
SZ,300493,1.31,6272,6345
SZ,002140,1.95,6271,6280
SH,601500,1.54,6269,6294
SH,600770,-0.2,6266,6266
SH,600468,0.17,6265,6265
SZ,002664,3.53,6264,6352
SH,600962,1.1,6256,6256
SH,688011,-1.21,6244,6266
SZ,002214,-1.57,6243,7813
SZ,002042,1.66,6242,6242
SZ,300191,-0.2,6240,9027
SZ,300153,0.1,6236,6269
SZ,002467,0.44,6233,6272
SH,603861,-0.07,6227,6367
SH,600525,-0.2,6225,6225
SH,603211,-2.17,6222,6222
SH,603229,2.32,6219,6219
SH,600368,1.58,6213,6213
SZ,301050,0.93,6208,7289
SH,688678,-2.77,6208,6208
SZ,000593,0.82,6205,6208
SZ,000751,0.92,6203,7109
SZ,301522,1.68,6201,8334
SZ,002935,-0.06,6197,6332
SZ,301339,0.65,6188,6301
SZ,000090,1.85,6166,6166
SH,603368,1.31,6161,6161
SZ,003006,1.99,6159,6174
SZ,300976,-0.59,6151,9562
SH,688577,0.41,6141,6141
SH,600400,0.37,6141,6141
SZ,300265,-0.52,6140,6144
SZ,000595,-0.36,6137,6137
SH,603213,0,6135,6135
SH,688237,0.21,6130,6130
SH,600897,1.17,6129,6129
SZ,002135,0.51,6128,6548
SZ,300324,1.13,6122,6185
SH,688179,-1.22,6118,6118
SZ,002437,1.04,6111,6489
SZ,002606,5,6109,6367
SZ,000572,3.91,6109,6118
SH,600881,4.42,6109,6109
SH,603383,-0.06,6096,6096
SZ,300143,-0.8,6092,7122
SZ,000551,-1.71,6091,6093
SZ,300990,-4.86,6089,13406
SZ,002127,0.66,6084,7487
SZ,000524,4.61,6083,6085
SZ,000957,2.19,6077,6077
SZ,300360,1.59,6068,6237
SH,688799,0.96,6062,6062
SZ,300739,-2.14,6060,7469
SH,605288,-5.21,6055,6096
SH,603065,-10.01,6054,6054
SH,688293,-0.1,6052,7559
SZ,001314,-2.31,6050,6953
SZ,300598,1.38,6048,6049
SZ,002052,-0.1,6039,6591
SH,603197,1.06,6039,6121
SZ,002650,-1.26,6033,6034
SZ,002104,0.7,6033,7126
SH,688191,-3,6032,6032
SH,688276,1.32,6031,6031
SH,603068,10,6029,6029
SH,600313,1.46,6028,6469
SZ,300435,-0.42,6024,6299
SH,600975,0.42,6023,6023
SH,600103,1.12,6018,6095
SZ,002123,1.71,6016,6725
SH,688366,2.34,6014,7092
SZ,002082,5.58,6014,6478
SH,600983,3.02,6009,6009
SH,688518,-0.44,6004,6004
SZ,300868,-6.03,5995,9440
SH,605598,-0.87,5993,5993
SH,605178,-3.11,5990,5990
SH,688312,-1.37,5990,5990
SH,603363,1.45,5989,7620
SZ,000915,2.08,5988,5992
SH,603708,1.96,5988,5988
SZ,301248,-3.59,5985,8189
SZ,300872,-0.27,5976,6912
SZ,300137,-4.4,5973,6047
SZ,301638,-1.72,5961,75739
SZ,002840,1.49,5951,5992
SZ,002990,-4.34,5950,11288
SH,688788,-1.37,5937,5937
SZ,002057,1.16,5936,5941
SZ,300252,-0.46,5928,7260
SH,605005,1.1,5923,5923
SH,600108,1.33,5919,5919
SH,603969,0.29,5918,6057
SZ,002382,4.59,5917,5975
SH,600617,-9.01,5913,6424
SH,688103,-3.6,5912,5912
SZ,002678,2.84,5905,5909
SH,688526,1.77,5901,5901
SZ,301583,9.31,5901,35500
SZ,301292,9.85,5900,15431
SZ,002438,2.95,5899,6385
SZ,000913,2.9,5898,5970
SZ,002796,-2.62,5898,6536
SZ,301286,-1.47,5897,14628
SZ,001212,-3.98,5892,6811
SZ,300134,1.19,5887,5887
SZ,002605,2.72,5878,7257
SH,603123,-0.21,5877,7197
SH,603311,0,5876,5876
SH,603489,0.93,5875,5875
SH,600501,1.33,5874,5874
SZ,300222,0.33,5874,7204
SZ,003043,-5.42,5863,8980
SH,688230,1.88,5860,5860
SZ,003010,1.65,5859,8060
SH,605183,1.28,5856,5896
SH,600586,1.98,5854,5854
SZ,000722,0.32,5853,7205
SH,600841,2.56,5851,7786
SH,600433,2.45,5846,5846
SZ,300540,-1.21,5842,6432
SZ,300986,0.5,5839,5844
SZ,000735,1.4,5835,5838
SH,600683,1.03,5830,5830
SZ,002752,2.05,5824,5832
SH,600375,2.31,5821,6380
SH,603990,-0.04,5821,5821
SZ,002101,2.69,5821,5826
SH,600963,2.8,5818,5818
SZ,300722,0.67,5817,5817
SH,600866,1.76,5814,7693
SZ,002970,-0.21,5814,8461
SZ,000026,0.25,5811,6468
SZ,000793,-0.9,5809,9579
SZ,002885,1.16,5803,6627
SZ,002298,10.04,5795,6491
SZ,300470,0.65,5794,6105
SZ,002971,-2.03,5791,7576
SZ,002009,0.43,5789,6577
SZ,301328,-4.58,5788,8009
SH,603778,-0.21,5786,5940
SH,688685,8.2,5777,5777
SH,600691,3.4,5773,5774
SZ,002302,1.78,5769,5769
SZ,002734,0.53,5768,6319
SZ,002519,0.78,5767,5812
SZ,300256,1.98,5766,5830
SH,688499,0.8,5762,5762
SZ,300617,0.24,5758,6869
SZ,000881,1.27,5757,6022
SH,688818,-2.43,5756,75730
SH,600488,0.38,5754,5754
SZ,920599,1.17,5753,7590
SH,600449,1.69,5753,5753
SZ,002067,1.18,5752,6342
SZ,300358,2.76,5751,5864
SH,603108,1.39,5744,5744
SH,603155,-2.4,5737,5737
SZ,301392,-10.47,5735,14059
SZ,301137,0.48,5729,5729
SZ,301326,-3.87,5726,5777
SZ,002390,1.02,5726,5773
SZ,300852,-0.93,5718,5923
SZ,300226,2.5,5718,5947
SZ,000561,1.8,5713,6359
SH,603867,-1.59,5711,5759
SZ,300815,-7.4,5711,5831
SH,600054,1.09,5708,8111
SZ,002073,2.18,5699,5757
SH,688365,-0.14,5693,5693
SZ,002232,1.24,5687,5687
SZ,001236,2.88,5686,7558
SH,603507,-0.49,5685,5749
SZ,300048,1.21,5685,5696
SZ,300467,1.86,5682,6783
SH,600982,2.83,5678,5678
SZ,300985,-3.97,5672,5672
SH,688408,0.82,5669,5669
SH,600851,0.13,5669,9270
SH,600230,4.82,5667,5667
SZ,300825,-2.49,5664,5785
SH,603466,-1.23,5663,5663
SZ,002572,6.89,5661,8369
SZ,000900,1.08,5661,5661
SZ,000948,3.34,5658,5669
SH,600826,-1.63,5656,5656
SH,688219,1.78,5655,5655
SH,600035,0.86,5652,5652
SZ,001330,3.62,5651,6680
SH,603010,-0.59,5651,5792
SH,603587,2.22,5649,5649
SZ,300043,2.71,5646,5649
SZ,002272,-3.88,5644,6706
SH,600223,2.02,5642,5642
SH,688185,0.61,5639,12179
SZ,300079,0.69,5639,6275
SZ,300819,-1.68,5634,6238
SH,601968,3.52,5626,5626
SH,688334,1.46,5622,5702
SH,688290,0.64,5620,5620
SH,688232,1.28,5615,5615
SH,600477,1.71,5614,5614
SH,603609,1.8,5614,5614
SZ,002206,0.38,5613,6170
SZ,000036,1.78,5612,5615
SZ,002132,-0.73,5611,5620
SZ,000779,3.43,5610,5610
SZ,002421,0,5609,5938
SH,600644,6.6,5604,5604
SZ,002452,2.17,5603,6712
SZ,301678,-2.43,5603,9659
SZ,300075,1.02,5598,6745
SZ,000025,0.85,5593,6138
SZ,002218,0,5592,5675
SZ,300579,-0.08,5585,5789
SZ,300900,-1.35,5580,7121
SZ,002527,1.54,5569,6982
SH,601700,1.66,5569,5569
SZ,301101,3.46,5565,5777
SH,688478,-3.91,5562,5562
SH,688717,0.11,5558,8978
SZ,300969,-1.31,5553,11643
SH,600425,2.67,5552,5552
SH,688610,-5.17,5547,9215
SH,600203,0.21,5544,5544
SZ,300369,-0.86,5541,5561
SH,688787,-2.56,5537,5537
SH,603668,-0.44,5533,5533
SH,688151,-0.3,5529,5529
SZ,002997,2.64,5528,5528
SH,605277,0,5528,5630
SZ,301153,0.97,5527,5925
SH,601116,3.49,5526,5526
SH,605339,9.97,5524,5524
SH,688658,1.4,5522,5522
SH,603889,2.81,5521,5562
SZ,002213,-0.7,5519,6343
SH,605366,-1.51,5518,5518
SZ,000697,-0.34,5512,11783
SZ,002349,1.2,5512,5627
SZ,002538,1.57,5510,5514
SH,600742,1.93,5506,5506
SZ,300393,2.49,5506,6276
SH,600694,1.68,5504,5504
SH,688620,-1.26,5504,5504
SZ,002263,2.09,5504,5504
SZ,300128,0.24,5501,5508
SZ,300731,-3.12,5477,5771
SZ,300047,0.63,5475,6084
SZ,300258,1.05,5471,5616
SH,605555,2.17,5465,5465
SZ,000670,-1.19,5464,5566
SH,601121,0.59,5464,6722
SZ,000908,-0.95,5463,10927
SH,605056,3.04,5462,5543
SH,603135,-0.11,5458,5499
SH,603194,2.28,5447,13822
SH,603855,0.87,5439,5471
SZ,301209,-3.35,5437,6365
SZ,002956,4.89,5435,5435
SZ,300041,-0.49,5433,5583
SH,603366,1.06,5431,5431
SH,605018,-3.5,5425,5425
SZ,000501,2.32,5424,5429
SZ,000042,3.56,5412,5418
SH,600815,0.66,5411,5411
SH,688709,-3.16,5411,15539
SH,601008,0.93,5409,5409
SZ,002943,-2.04,5407,7640
SH,600081,0.93,5403,5403
SZ,002068,-0.67,5402,5405
SZ,301307,-7.89,5400,10454
SH,600698,0.78,5398,6946
SH,688562,0.67,5392,5392
SZ,300129,0.81,5390,8316
SZ,000557,2.22,5380,5381
SH,600278,1.63,5378,5378
SH,603333,1.29,5370,5370
SZ,003012,4.42,5367,5473
SH,688079,-4.6,5361,5455
SZ,000920,-0.69,5359,5360
SZ,000411,1.5,5355,5366
SZ,300119,1.97,5348,7450
SZ,002279,3.86,5346,5794
SZ,002029,2.03,5343,5661
SH,688309,1.45,5341,5341
SZ,300197,1.12,5337,5338
SZ,300212,-1.54,5337,5500
SH,600730,0.66,5333,5333
SZ,002803,-0.49,5329,8201
SZ,300581,1.36,5325,5325
SZ,301000,1.27,5322,5638
SH,600592,1.22,5314,5314
SZ,301301,1.42,5313,19131
SZ,000531,2.28,5313,6082
SZ,300006,-0.58,5311,5311
SH,600720,2.53,5308,12070
SZ,000717,1.39,5308,5308
SZ,000404,1.86,5306,5331
SH,603887,1.38,5304,5304
SH,600829,-1.18,5300,5300
SZ,300046,-0.43,5298,5298
SZ,300708,0.14,5295,6924
SH,603776,0.69,5295,5295
SZ,002640,0,5295,5329
SZ,000560,3.2,5285,5323
SZ,300841,1.44,5284,5774
SZ,002351,2.32,5284,9016
SZ,300127,0.84,5283,7397
SZ,002424,0.88,5276,6401
SH,688553,1.17,5272,6503
SZ,300939,-3.19,5261,5261
SZ,002191,0.27,5260,5302
SH,603848,2.51,5259,5259
SZ,300203,-0.84,5255,5259
SH,688707,1.98,5250,5250
SZ,002358,2.36,5244,5244
SZ,300465,-1.57,5241,5241
SH,688109,0.74,5239,5239
SH,601518,0.73,5237,5237
SZ,300451,2.08,5237,5313
SH,600603,4.22,5233,5233
SH,603098,1.78,5232,5239
SH,603686,1.78,5226,5226
SH,688598,-1.34,5218,5320
SZ,300293,-9.08,5215,5215
SZ,300909,-1.46,5211,6979
SH,688767,-5.6,5203,5203
SZ,002793,0,5202,5210
SZ,002577,3.4,5201,5201
SZ,002685,0.98,5199,5200
SZ,300039,-1.38,5199,5931
SZ,301580,0.16,5198,7694
SZ,002274,1.28,5196,5276
SZ,300159,0,5195,9279
SZ,300566,-5.44,5193,6005
SH,688796,-3.22,5193,60112
SH,600189,3.86,5192,5192
SZ,000525,2.19,5192,6086
SZ,001323,6.79,5189,7253
SH,688069,-0.98,5185,5185
SZ,300706,-4.06,5182,6989
SZ,000652,1.43,5177,5181
SH,600217,1.63,5172,5172
SZ,300528,1.17,5172,5172
SH,688757,-3.11,5170,11506
SZ,300820,-4.08,5170,10277
SZ,002992,0.55,5168,5983
SZ,002951,0.31,5166,5216
SH,688575,2.15,5165,5165
SH,688117,0.47,5165,5165
SZ,300696,-0.04,5163,5688
SH,600981,2.22,5158,5158
SH,688510,-0.94,5157,5157
SZ,002567,1.69,5154,5159
SH,600756,3.25,5150,5556
SH,603269,1.19,5149,5149
SH,601086,9.96,5148,5148
SH,600138,1.57,5147,5147
SH,603012,0.76,5146,5146
SZ,300709,-0.6,5146,6409
SH,603130,2.41,5144,5144
SZ,301012,2.15,5143,5143
SZ,001328,-0.05,5143,5475
SZ,002060,1.54,5142,12352
SZ,300443,-0.32,5140,6777
SZ,300217,1.22,5139,6119
SZ,301607,-0.61,5137,7923
SZ,002419,1.81,5136,5136
SZ,300531,1.1,5135,5291
SZ,300082,2.3,5135,5148
SZ,300019,0.36,5127,5468
SH,603727,7.82,5127,5127
SH,600300,1.93,5126,5126
SZ,300926,2.87,5125,7470
SZ,002777,1.04,5121,5168
SZ,300067,-2.84,5117,6303
SZ,300400,-1.8,5117,5134
SH,688505,0.56,5116,7463
SH,600743,0,5114,5114
SH,688226,-1.66,5114,5312
SH,688656,1.63,5111,5111
SZ,002489,2.69,5108,5791
SH,600769,0.15,5107,5107
SH,600868,0.75,5106,5106
SZ,002631,1.74,5103,5127
SH,603897,1.15,5099,5099
SZ,301099,-3.45,5093,8369
SH,605009,1.63,5090,5090
SH,688315,1.75,5090,5090
SH,688345,6.95,5086,5110
SZ,000888,1.37,5085,5085
SH,600569,2.91,5084,5084
SH,605050,0.98,5081,5081
SZ,002300,-0.56,5078,5078
SZ,300057,1.66,5077,6132
SZ,300905,-0.97,5076,6507
SH,688733,1.4,5074,5074
SZ,300633,1.25,5064,8272
SZ,000409,0.94,5060,5808
SZ,002708,3.49,5058,5503
SH,600984,1.26,5053,5053
SH,603170,3.69,5052,5052
SZ,300981,19.98,5050,5511
SH,600825,2.11,5047,5047
SH,688776,1.04,5046,5046
SZ,300278,1.99,5046,5062
SH,600279,2.91,5044,5044
SZ,300151,-0.86,5044,7285
SZ,300925,1.26,5044,6186
SH,603173,0.48,5040,5040
SZ,920493,4.84,5040,6840
SZ,301155,0.99,5036,8883
SH,600605,-1.2,5033,5033
SZ,301312,-3.94,5032,10003
SH,601177,1.63,5030,5096
SZ,300626,-2.57,5030,5033
SZ,300221,-2.5,5022,5150
SZ,300192,4.26,5019,5078
SZ,002164,1.16,5018,5567
SZ,002870,-0.27,5011,5132
SZ,002833,3.7,5011,7337
SH,605377,-0.76,5010,5010
SZ,002988,2.3,5009,5009
SZ,300689,-2.68,5006,5688
SZ,300756,-0.71,5005,5752
SZ,000796,3.01,5004,6030
SZ,301529,-3.6,5003,9321
SH,688173,-0.97,4998,5045
SH,603336,-2.83,4998,4998
SZ,300783,4.82,4997,7162
SZ,300307,1.93,4997,5084
SH,603685,-2.09,4988,6263
SH,600199,1.47,4986,4986
SZ,001313,2,4985,4991
SH,605228,-0.09,4977,4997
SZ,002383,0.75,4975,4975
SZ,300525,2.28,4970,6058
SH,603590,0.74,4970,4995
SZ,002301,1.47,4968,5010
SZ,002196,1.19,4967,5043
SH,600237,0.63,4966,5012
SZ,301323,0.07,4963,7715
SZ,300446,1.07,4961,11227
SH,603595,-2.64,4956,4956
SZ,003040,1.03,4952,4999
SH,601279,2.97,4948,4948
SZ,300569,1.25,4945,4960
SZ,300093,0.19,4943,11556
SZ,300158,1.22,4938,4942
SZ,002229,0.7,4936,4967
SH,688135,-2.71,4928,4928
SH,688699,-4.67,4928,4928
SZ,300856,1.32,4924,5095
SH,601011,2.39,4923,4923
SZ,301053,2.16,4921,5299
SZ,300063,1.68,4918,5954
SH,600979,2.33,4917,4993
SZ,300084,0.77,4917,5729
SH,688101,1.79,4914,4914
SZ,002376,1.13,4912,5058
SH,600284,2.02,4909,4909
SZ,300792,0.66,4907,5469
SH,603499,9.97,4906,4906
SZ,002805,3.23,4904,4926
SZ,002749,1.47,4899,5008
SZ,003041,-0.41,4898,5155
SH,688689,-2.47,4896,4896
SZ,300918,0.94,4889,4889
SZ,002530,1.01,4887,5478
SH,600889,0,4883,7819
SZ,300036,1.95,4882,5406
SH,600817,1.32,4882,4906
SZ,002102,-0.86,4878,5669
SZ,002307,2.05,4871,4930
SH,688348,2.4,4870,4870
SZ,002166,1.7,4867,4887
SH,600073,2.77,4867,4867
SZ,001322,3.51,4863,5987
SZ,300066,1.67,4861,5065
SH,688307,-5.02,4858,4858
SZ,301004,-0.16,4858,5204
SH,600308,1.27,4854,4854
SH,603901,1.24,4854,5162
SZ,002882,10.02,4849,8506
SH,600197,0.89,4845,4845
SH,601566,4.07,4844,4844
SH,600336,2.19,4844,4844
SH,600084,3.36,4843,4843
SH,605368,2.11,4838,4838
SZ,000517,4.86,4834,6177
SH,603365,0.93,4834,4859
SH,603111,1.41,4833,4974
SZ,002344,2.72,4830,4835
SZ,002713,3.85,4828,8724
SZ,300300,2.55,4828,4828
SH,600610,2.87,4826,7295
SZ,002165,0.91,4824,4875
SZ,002642,0.41,4823,4823
SH,600814,2.34,4822,4822
SH,688352,-2.8,4815,15631
SZ,300368,1.22,4813,4813
SZ,002189,-1.96,4813,4814
SH,603196,2.79,4799,8478
SZ,300507,0.98,4797,4956
SH,600593,0.73,4794,4855
SH,600231,1.81,4793,4854
SZ,002657,0.78,4793,4849
SZ,300406,1.16,4790,6618
SH,688410,4.7,4788,4788
SH,688566,0.21,4786,4786
SZ,001359,-3.32,4779,19116
SZ,000880,-0.32,4777,9759
SH,688007,1.17,4775,4775
SH,600784,0.28,4770,4770
SH,688601,-0.44,4769,4769
SZ,003033,-5.13,4769,4828
SZ,301306,-2.79,4766,6904
SZ,002045,9.99,4763,4770
SZ,300959,-2.95,4756,7305
SZ,002134,-2.03,4755,4758
SZ,002662,1.93,4755,4755
SH,603131,0.64,4754,4754
SZ,002787,-5.47,4751,6365
SZ,002033,1.77,4748,4748
SZ,002824,-1.07,4745,6528
SH,688225,0.17,4744,4744
SZ,301321,-5.13,4737,5983
SZ,002038,1.28,4737,5712
SH,600495,0.77,4736,4736
SZ,002238,1.37,4735,4735
SZ,300287,0.56,4733,5153
SZ,002122,0.85,4731,4764
SZ,300233,1.75,4730,4910
SH,605299,0.7,4721,4721
SH,600790,1.9,4720,4720
SH,688711,-2.02,4719,4719
SZ,002482,2.44,4717,4726
SZ,301566,2.9,4714,8932
SZ,002819,-2.79,4712,5938
SH,603511,3.17,4710,4757
SZ,002481,2.43,4707,5194
SH,600234,-4.67,4704,4704
SZ,002334,1.75,4704,5266
SZ,301333,1.9,4696,4702
SZ,301048,1.97,4693,4693
SZ,002649,0.46,4693,5175
SZ,002695,1.55,4690,5131
SH,688323,-1.01,4687,4687
SZ,002375,1.44,4685,4717
SH,688095,-0.07,4682,4682
SZ,000993,1.89,4680,4680
SH,603187,0.83,4672,4722
SZ,002479,0.93,4669,4680
SZ,002523,1.85,4658,4675
SZ,002526,1.94,4658,4689
SZ,002892,2.09,4655,6903
SH,600191,1.48,4655,4655
SH,603980,5.69,4650,4650
SZ,000759,2.76,4642,4690
SZ,300291,6.62,4640,4700
SZ,002638,0,4640,4928
SH,601002,1.04,4639,4639
SH,688181,-3.67,4633,4633
SZ,002111,1.5,4633,5043
SH,688448,-4.03,4632,4632
SH,600121,2.43,4630,4630
SZ,300488,-0.82,4626,5452
SH,605287,0.95,4624,4624
SH,603610,-3.95,4624,4624
SH,600571,1.3,4623,4710
SZ,000753,0.22,4620,4620
SH,605580,-0.23,4620,4620
SZ,300680,-0.28,4618,6000
SH,600551,1.19,4618,4618
SZ,300388,1.8,4617,4617
SZ,300681,-1.18,4616,6121
SH,603660,-1.81,4612,4612
SZ,000608,-0.47,4607,4634
SH,603408,4.26,4606,4606
SH,603162,0.65,4602,15008
SZ,300161,0.73,4602,4689
SZ,002570,3.4,4601,4601
SH,603701,-1.56,4597,4597
SH,600681,1.48,4596,4599
SH,688389,2.29,4593,4593
SZ,300259,-1.48,4585,4586
SZ,300592,-11.3,4584,5215
SH,600990,0.18,4584,4584
SZ,000925,-2.56,4584,4620
SZ,000507,2.42,4584,4672
SZ,000571,-3.09,4583,4724
SZ,301239,3.7,4582,4827
SZ,002201,0.26,4581,4959
SH,603212,1.06,4581,4581
SZ,920640,0.6,4579,4759
SZ,300087,0.2,4575,4803
SH,605338,2.91,4571,4571
SZ,301070,-4.46,4571,6800
SZ,002483,1.78,4568,4574
SZ,301268,2.11,4564,5047
SZ,300755,2.34,4562,4564
SZ,300138,4.66,4561,5531
SZ,300695,0.59,4560,4560
SZ,002915,-0.05,4543,5287
SZ,002154,3.77,4542,5618
SH,600351,1.08,4540,4540
SH,688170,-4.05,4538,4538
SZ,002590,2.23,4534,4755
SH,600523,1.72,4533,4536
SH,688683,-2.28,4533,4533
SZ,300215,1.85,4532,4532
SZ,002940,-0.52,4532,4934
SH,603191,3.08,4530,4530
SH,688591,2.22,4529,6464
SZ,000863,3.73,4525,4593
SZ,002637,2.53,4524,4577
SZ,300797,1.63,4523,4535
SH,601588,2.41,4522,5724
SZ,002632,1.29,4521,4916
SZ,301162,1.36,4518,6963
SH,688057,0.8,4515,4515
SZ,301589,0.82,4515,12112
SH,688282,-0.25,4514,4514
SH,603221,9.98,4513,4513
SZ,301182,-2.56,4513,4949
SZ,300292,1,4508,5421
SZ,001317,1.95,4508,4513
SZ,002573,1.27,4507,4515
SH,600626,3.02,4504,4504
SZ,002556,1.69,4502,4506
SH,600178,2.55,4501,4501
SH,600207,1.23,4499,4499
SH,600101,1.99,4498,4498
SH,688720,-5.51,4495,7050
SZ,301256,0.32,4493,4493
SZ,002884,0.8,4492,5884
SH,688377,0.47,4482,4482
SZ,000886,1.55,4478,4529
SH,603843,-0.15,4478,4478
SH,600088,1.63,4474,4474
SZ,002478,2.15,4474,5576
SH,600513,-1,4473,4473
SH,688330,1.75,4473,4473
SZ,002880,2.49,4472,4472
SZ,300619,1.82,4469,5309
SH,603216,0.1,4469,4469
SZ,301211,0.56,4468,4468
SH,603711,4.34,4467,4467
SH,600715,2.63,4465,6333
SH,688580,-4.69,4463,4463
SZ,002559,-1.77,4460,5680
SH,688609,-1.43,4460,4656
SZ,300697,-0.87,4458,5823
SH,688085,1.92,4456,4662
SZ,000936,1.82,4456,4457
SH,603387,1.86,4448,4448
SZ,300219,-0.93,4445,4453
SZ,301362,-3.93,4444,15841
SH,603777,1.15,4431,4431
SH,603070,1.19,4431,4431
SH,688696,2.97,4425,4425
SZ,002707,1.39,4420,5022
SZ,300737,3.53,4418,5529
SZ,001283,2.62,4415,5537
SH,603558,-0.3,4413,4413
SZ,300016,0,4413,4566
SZ,300027,-0.57,4411,4772
SH,601065,2.39,4409,4409
SZ,000417,0,4409,4414
SZ,300232,0.61,4402,5405
SZ,002194,0.12,4399,5883
SZ,002501,2.48,4398,4402
SZ,002401,0.77,4397,4401
SZ,300847,1.64,4393,4393
SZ,300105,-3.4,4387,4390
SZ,301487,2.42,4387,7391
SH,688073,3.28,4382,4382
SZ,002146,2.75,4381,4870
SZ,300463,0.79,4380,5388
SZ,300249,-1.84,4377,5364
SH,603286,-1.15,4375,4417
SH,600283,1.04,4374,4374
SZ,920576,1.22,4374,4418
SH,600658,2.36,4374,4374
SZ,301330,-2.04,4370,5293
SZ,001338,2.71,4370,4370
SH,603822,1.55,4369,4369
SZ,002757,0.06,4369,4577
SZ,301366,-2.24,4367,7822
SZ,000720,1.46,4360,4360
SZ,000819,3.93,4359,4401
SZ,301349,-1.09,4359,5520
SZ,000078,-0.59,4358,4368
SZ,002543,1.7,4353,4893
SZ,300149,0.66,4352,4566
SZ,002651,2.53,4348,7947
SZ,000665,1.33,4344,4344
SH,603158,-1.11,4338,4338
SH,688691,-3.78,4337,7133
SZ,300523,1.36,4336,4336
SH,600758,1.86,4332,4336
SH,688119,1.05,4331,4331
SZ,002774,-0.25,4331,5175
SH,600173,1.31,4329,4329
SZ,002522,0.21,4326,4330
SZ,300917,2.9,4325,4325
SZ,002303,-2.39,4322,6845
SH,688667,-2.25,4321,4321
SH,600288,-0.09,4320,4320
SH,600382,0.97,4319,4319
SZ,002124,0.46,4319,4866
SH,600227,10.1,4318,5708
SZ,301179,1.06,4317,7352
SZ,000558,1.82,4317,4319
SZ,300267,1.68,4310,6250
SZ,002455,2.68,4308,4710
SH,605028,-2.1,4307,4307
SH,688356,0.57,4306,4306
SZ,002059,1.39,4306,4434
SH,688786,-2.22,4304,4304
SH,605300,3.05,4303,4303
SH,603060,1.71,4301,4301
SH,603429,0.49,4301,4301
SZ,002627,2.33,4301,4347
SZ,002393,2.36,4299,4424
SH,688115,-2.26,4297,4297
SZ,002291,1.65,4293,4620
SH,688210,-2.29,4293,4293
SZ,300702,1.54,4290,7095
SZ,000718,1.08,4290,5705
SZ,300692,0.97,4289,4701
SZ,000521,1.24,4289,5047
SZ,002641,1.34,4286,4646
SZ,002026,1.57,4286,4286
SH,600976,1.97,4283,4286
SZ,001207,1.11,4278,4432
SH,688320,3.17,4277,4277
SZ,300547,-1.91,4276,5204
SH,603767,2.14,4275,4275
SZ,002454,3.18,4273,4281
SH,603697,5.27,4273,4273
SZ,002919,1.51,4267,4298
SH,600609,1.87,4266,4266
SZ,002540,1.43,4265,6200
SH,603528,1.85,4264,4264
SH,603988,2.6,4262,4262
SZ,002746,0.5,4258,5163
SZ,301367,-3.27,4258,5437
SZ,300441,1.34,4256,4382
SH,603110,0.28,4254,4254
SZ,301413,-0.17,4253,7124
SH,603790,1.42,4250,4250
SZ,300791,2.17,4247,5093
SZ,300802,-7.08,4243,5957
SZ,002112,9.99,4243,4762
SH,603611,1.54,4243,4243
SZ,002907,0.96,4238,5270
SZ,300461,-0.5,4237,4613
SZ,000821,0.43,4233,4360
SZ,300871,0.05,4227,4227
SH,603137,-9.37,4226,4226
SH,600168,1.19,4222,4222
SZ,300663,2.34,4222,4387
SH,603209,2.74,4218,4264
SZ,300727,0,4215,4684
SH,688196,3.24,4211,4211
SH,600558,1.52,4210,4210
SH,688665,0.48,4210,4210
SH,603348,1.98,4208,4208
SH,603598,0.06,4203,4207
SZ,300271,0.38,4194,4287
SZ,002235,-1.42,4191,4387
SZ,301058,0.99,4190,4260
SZ,301365,-3.48,4187,6204
SZ,301055,-6.13,4179,4270
SH,603666,-0.58,4176,4176
SZ,300648,-1.12,4174,5483
SH,600071,0.48,4167,4167
SH,600819,4.55,4167,5157
SH,600880,2.7,4164,4166
SZ,300210,0.12,4164,4164
SH,688639,2.78,4154,4154
SZ,301325,1.23,4153,4153
SZ,000011,4.37,4149,4696
SZ,300587,4.79,4147,5115
SZ,002264,1.59,4146,4585
SH,603682,1.98,4144,4144
SH,688228,-0.56,4136,4136
SZ,002427,3.7,4135,4139
SH,603439,-0.48,4131,4131
SZ,002285,2.45,4128,4165
SH,603122,-0.09,4128,4128
SZ,300654,-1.34,4126,4284
SZ,002117,1.42,4126,4127
SH,603271,1.58,4124,8641
SH,603976,-1.89,4124,4124
SZ,000428,10.08,4116,4116
SZ,301007,1.3,4116,4171
SZ,002443,0.38,4112,4112
SZ,300793,2.6,4112,4205
SH,688350,2.43,4108,4108
SZ,300785,0.54,4106,6674
SZ,300532,1.34,4105,4316
SH,603683,-3.9,4105,4147
SZ,000016,0.39,4103,6188
SH,600505,3.99,4090,4090
SH,603681,-0.57,4089,4089
SZ,002758,1.41,4089,4093
SZ,300147,-1.1,4089,4113
SZ,301391,0.09,4088,4184
SH,688379,-3.25,4086,4308
SH,603167,1.16,4086,4086
SZ,300018,2.09,4085,5483
SZ,300586,-0.9,4084,5434
SZ,300534,-5.11,4084,4101
SH,603726,-7.24,4084,4105
SZ,300317,1.23,4078,4085
SZ,300561,-1.04,4076,5548
SZ,920077,1.43,4076,7914
SZ,300123,0.24,4075,4190
SH,603998,1.64,4075,4075
SH,688267,-5.84,4072,4072
SH,605086,4.12,4071,4071
SZ,300688,-1.64,4069,4590
SZ,000526,1.3,4063,4076
SH,600479,1.36,4060,4774
SZ,300286,1.51,4058,4898
SZ,300643,-6.44,4053,4062
SH,600340,0,4049,4049
SH,603318,3.89,4049,4892
SZ,002480,0.57,4045,4054
SH,603916,1.37,4039,4039
SH,603069,2.73,4038,4038
SH,603016,0.18,4037,4037
SH,603165,1.02,4037,4037
SZ,002490,-0.12,4036,5944
SZ,300326,2.36,4035,4037
SH,688236,1.75,4035,5366
SZ,002876,2,4033,4709
SZ,301370,1.06,4033,4033
SZ,300397,-0.19,4033,5114
SZ,003004,-1.98,4032,4802
SH,603322,-3.1,4029,4029
SH,688655,-1.3,4027,4027
SH,688419,-5.88,4026,4026
SZ,300505,8.88,4023,5088
SH,603206,0.92,4019,4019
SH,600261,1.35,4019,4019
SZ,002989,-0.24,4018,4095
SH,688207,-0.12,4017,4017
SZ,002161,2.46,4009,4009
SZ,301488,0.44,4007,9778
SH,688061,-3.69,4006,4006
SH,600725,1.88,4006,4006
SH,603035,2.44,4004,4004
SH,603960,3.04,3999,3999
SZ,301458,-0.05,3994,9067
SZ,002644,0.9,3993,3993
SZ,002843,-2.61,3993,4018
SH,603150,-2.9,3993,3993
SZ,002321,1.62,3993,4010
SH,688218,-5.22,3989,3989
SZ,301230,-0.15,3987,4433
SH,603966,1.05,3986,3991
SH,603222,-2.43,3985,3985
SZ,300705,2.18,3981,5383
SZ,300196,-0.55,3977,6582
SH,603315,3.68,3976,3976
SH,603217,2.09,3972,3972
SH,600650,1.8,3972,5610
SZ,000655,1.99,3971,3971
SH,603088,1.46,3967,4552
SZ,301045,-5.25,3967,6277
SH,688719,-1.75,3965,5099
SH,688010,-7.03,3963,3963
SH,603661,2.3,3959,3959
SH,600729,1.99,3956,9051
SH,688635,-2.79,3954,20860
SZ,300662,3.12,3954,3966
SH,605088,1.34,3953,3984
SZ,300228,1.58,3951,4224
SH,605268,2.05,3947,3947
SH,603967,1.97,3945,3945
SZ,301160,-0.49,3943,5933
SH,603758,1.9,3941,3941
SZ,300712,2.93,3938,3955
SZ,300859,0.99,3937,3937
SH,603072,1.1,3936,8240
SZ,301075,1.88,3935,3935
SZ,300355,1.05,3935,4620
SZ,002380,3.6,3933,6638
SZ,002040,1.25,3932,3932
SZ,002520,0.74,3932,4111
SH,603178,9.99,3932,3932
SZ,002950,3.51,3931,5794
SH,601368,1.6,3929,3929
SZ,300206,2.47,3929,6730
SH,603689,1.63,3921,3938
SZ,300963,2.46,3919,5343
SH,603869,0.88,3919,3919
SZ,000520,1.04,3917,3917
SH,600628,2.37,3914,3914
SH,603058,0.96,3906,3906
SZ,000919,1.78,3905,3906
SZ,300491,0.28,3902,4399
SZ,920593,0.96,3900,4591
SH,600076,-3.32,3899,3899
SH,603928,-6.83,3898,3898
SH,605208,0.25,3897,3897
SH,600792,3.24,3896,3896
SH,600727,0.96,3890,3890
SZ,002406,1.57,3890,4717
SH,600379,-0.41,3890,3890
SZ,300320,1.01,3887,4816
SZ,000882,2.9,3884,3887
SZ,300984,-2.48,3882,6024
SZ,300121,0.33,3882,4025
SZ,300189,1.86,3882,4485
SH,600135,0.57,3879,3879
SH,688459,1.25,3878,3878
SH,688551,-2.62,3874,3874
SZ,000096,1.74,3872,4002
SZ,920946,0.67,3871,3872
SZ,301282,-1.25,3871,4624
SZ,300246,1.44,3870,4842
SZ,301116,3.24,3866,3866
SH,688186,1.1,3865,3865
SZ,002418,0.29,3864,3864
SZ,002560,1.33,3863,4485
SZ,002765,2.53,3861,4226
SZ,920239,1.95,3860,3907
SZ,300893,1.65,3856,7270
SH,605162,-5.73,3853,3853
SZ,300878,-2.08,3852,3870
SH,600798,0.95,3849,3849
SZ,301277,0.41,3846,3846
SZ,002788,1.51,3845,3912
SH,600530,3.33,3844,3844
SZ,300506,-3.14,3842,7456
SH,603978,0.17,3840,3840
SZ,002586,0,3839,4039
SH,600714,0.91,3833,3833
SH,603918,0.67,3830,3830
SZ,300071,0.75,3829,3904
SZ,002449,1.14,3828,3828
SZ,300061,0.82,3820,4046
SZ,002005,-1.35,3819,3820
SH,603121,2.73,3819,3819
SZ,300429,-2.55,3818,5076
SZ,300700,-0.97,3816,5598
SH,688247,0.6,3813,3813
SZ,000850,1,3811,3812
SZ,000906,2.45,3808,3853
SZ,001316,1.97,3808,4085
SZ,300539,0.75,3807,4684
SZ,920139,2.6,3806,3940
SZ,300882,1.78,3806,4090
SH,603912,-0.7,3804,3804
SH,605337,10.05,3804,3804
SH,603676,2.7,3803,3803
SZ,001288,-2.86,3798,5846
SH,600337,-5.7,3794,3794
SZ,301168,-0.76,3793,4775
SZ,300403,1.6,3792,5355
SZ,002177,1.81,3786,4270
SZ,000822,2.17,3786,3786
SZ,300022,0,3781,3781
SH,600526,1.88,3780,3848
SH,600469,1.17,3779,4610
SH,603090,-1.5,3775,3775
SH,603519,0.5,3774,3774
SZ,002554,1.8,3774,3774
SH,600568,1.35,3772,4504
SZ,002035,1.26,3769,4086
SH,603398,-4.29,3768,3768
SZ,300183,1.7,3766,4695
SZ,002902,-1.25,3766,4982
SZ,300318,1.71,3764,3880
SH,688595,0.5,3764,3764
SH,605286,1.73,3762,3762
SZ,300669,0.98,3761,3972
SH,603719,10.01,3761,3761
SH,688633,0.68,3761,3761
SZ,300010,15.31,3759,4671
SZ,300964,-1.93,3758,5122
SZ,002772,2.95,3757,3789
SH,603520,1.3,3757,3757
SZ,000599,1.77,3757,11238
SZ,300481,0,3756,3780
SZ,300227,-0.71,3756,4903
SZ,002589,1.1,3755,4138
SZ,300332,2.21,3754,3916
SZ,002688,1.62,3752,3863
SZ,000523,2.54,3750,5194
SZ,920522,4.78,3750,4521
SZ,300606,-0.3,3749,4408
SH,605055,2.16,3749,3749
SH,603669,1.15,3747,3747
SH,601188,1.41,3747,3747
SZ,002328,2.02,3744,5063
SH,601113,1.5,3743,4591
SH,688311,-0.08,3740,3740
SZ,300745,-2.26,3739,4428
SH,688298,1.81,3738,3738
SZ,002564,1.4,3736,3736
SZ,301102,2.22,3735,3735
SZ,300421,-0.66,3733,4766
SH,688291,-0.24,3733,3733
SZ,300518,-4.38,3732,3733
SH,600824,2.61,3731,3731
SH,600067,3.08,3730,3730
SZ,000678,1.88,3727,3727
SH,600734,4.27,3724,3725
SZ,003026,-3.08,3724,4837
SH,688211,1.72,3722,3722
SZ,300044,0.58,3720,3972
SZ,300588,0.57,3715,4023
SZ,000816,1.57,3714,3733
SZ,300715,0.94,3712,4484
SH,603386,-1.72,3710,3710
SH,600794,1.64,3708,3708
SH,603324,-4.22,3708,3708
SH,603113,2.34,3708,3708
SH,603339,2.13,3707,3707
SH,600527,1.9,3706,3706
SZ,301603,-3.46,3702,11848
SZ,301609,1.92,3701,6141
SH,600960,4.29,3698,3698
SH,603239,1.87,3693,3693
SH,688429,1.54,3692,3692
SZ,300004,-0.38,3691,3691
SZ,301376,0.69,3689,7667
SZ,002228,1.67,3688,3701
SZ,002512,1.51,3688,3715
SZ,301235,-3.26,3684,4938
SH,603636,1.12,3679,3679
SH,688489,4.1,3679,3707
SH,688360,0.22,3677,3677
SZ,300557,-3.04,3676,3694
SZ,000797,2.18,3675,3676
SZ,300711,1.44,3672,4145
SZ,002786,1.36,3671,3682
SZ,300349,1.85,3668,4139
SZ,002986,3.05,3667,4618
SZ,301252,-2.02,3665,4571
SH,600576,1.46,3665,5853
SZ,002162,0.76,3665,3670
SH,688512,1.71,3658,5330
SZ,301280,-0.23,3657,7043
SZ,002886,-1.29,3657,4603
SH,603933,0.92,3655,3655
SZ,301187,1.56,3651,3651
SZ,300668,-2.57,3650,4407
SH,603085,0.88,3649,3649
SZ,002088,2.85,3648,3673
SH,603615,0.8,3647,3647
SZ,000518,0.57,3645,3645
SZ,300767,-0.9,3642,4194
SZ,002930,2.82,3636,3843
SH,688136,1.64,3636,3636
SH,688023,-0.63,3635,3635
SH,603081,0.35,3633,3633
SZ,001380,1.1,3633,4228
SZ,301008,0.93,3631,4112
SZ,002187,4.23,3631,3631
SZ,000862,-1.19,3630,5306
SH,688807,-2.15,3630,18148
SH,605189,-2.05,3628,3628
SH,688238,1.45,3626,3635
SH,600830,1.14,3621,3621
SZ,300629,-0.29,3620,4199
SZ,300177,1.88,3620,4443
SH,603607,1.25,3615,3615
SH,600805,2.16,3614,3616
SH,688212,3.08,3609,3609
SZ,301003,1.93,3608,4664
SZ,002677,2.35,3607,4225
SZ,300111,1.08,3604,3604
SH,603716,-2.91,3601,3601
SH,603926,2.9,3599,3632
SZ,000532,2.05,3594,3606
SZ,300194,1.09,3593,4414
SZ,002562,2.08,3588,5040
SH,600127,1.45,3588,3588
SZ,300231,-0.61,3584,3585
SZ,300873,-2.41,3584,4937
SZ,002090,1.47,3584,3605
SZ,301112,14.04,3584,3584
SZ,300933,8.99,3583,3583
SZ,301085,-0.09,3583,5278
SZ,300758,1.95,3579,3971
SZ,002370,0.42,3579,3579
SZ,300380,2.03,3579,3890
SZ,002596,2.97,3577,3580
SH,603421,1.67,3574,3574
SZ,300414,0.98,3571,3713
SH,603126,1.21,3565,3565
SZ,920809,1.84,3565,4643
SZ,301517,-0.86,3565,5526
SH,603199,1.71,3564,3564
SH,603956,-0.78,3562,3562
SH,603020,2.82,3557,3557
SH,603105,1.86,3555,3555
SZ,300068,2.46,3551,3737
SZ,000626,2.32,3551,3572
SH,603566,1.58,3551,3551
SZ,300055,2.75,3550,4694
SZ,300590,-0.29,3550,4585
SH,603639,1.66,3548,3650
SZ,300351,-0.21,3548,5239
SZ,002333,1.53,3546,3591
SZ,002469,1.99,3544,3660
SH,603703,0.12,3544,3544
SZ,300299,0.78,3544,3548
SH,688075,1.31,3539,3539
SZ,300901,-3.21,3538,3538
SZ,300632,-2.25,3535,4877
SH,600860,2.31,3535,4358
SZ,002197,-0.74,3530,4061
SH,600581,2.68,3526,3526
SH,603706,1.69,3523,3523
SH,688768,-0.26,3521,3550
SZ,300733,-0.16,3521,4775
SH,603579,0.06,3520,3520
SH,600333,0.52,3520,3520
SH,603106,1.65,3519,3519
SH,688033,0.32,3514,3514
SZ,300434,1.28,3514,4126
SZ,300611,0,3510,4996
SZ,000505,1.83,3510,4035
SZ,002612,3.14,3509,6101
SZ,000726,1.54,3507,4864
SH,600579,0.14,3505,3505
SZ,300530,20.02,3504,3504
SH,688606,1.63,3503,3503
SH,600506,2.33,3502,3502
SZ,002412,0.43,3500,3537
SZ,000965,2.61,3496,3496
SZ,300424,-0.65,3493,3495
SH,605369,0.38,3493,3493
SZ,002676,2.11,3492,3492
SH,603261,1.72,3492,3492
SZ,002693,0.47,3489,3521
SZ,300907,-2.36,3486,3486
SZ,301398,-0.05,3484,3574
SH,603559,10.01,3483,3483
SZ,000713,1.07,3481,4526
SH,688558,1.11,3480,3480
SH,688588,1.71,3479,3479
SZ,300571,-2.17,3476,4194
SH,605378,2.31,3476,3476
SZ,002107,1.85,3468,3504
SH,601033,1.69,3466,12996
SZ,300453,0.84,3465,5028
SH,603101,2.08,3462,3462
SH,603551,2.24,3461,3504
SZ,000782,0.61,3459,4497
SH,601599,1.36,3458,3458
SH,688039,-0.94,3456,3456
SH,603175,-0.95,3454,33197
SZ,301016,0.6,3454,3602
SH,688646,-0.86,3449,5601
SZ,300096,0,3449,3449
SH,603109,2.48,3448,3448
SZ,300639,-1.25,3447,3536
SZ,002339,1.55,3447,3629
SZ,002016,2.9,3447,3447
SH,603665,1.9,3444,3444
SH,603309,2.34,3441,3441
SH,688157,0.38,3439,3439
SZ,002609,0.54,3437,4819
SZ,002095,1.11,3433,3447
SZ,000407,1.29,3433,3450
SZ,300809,-8.9,3433,5781
SH,688569,0.87,3432,3432
SZ,301038,0.79,3431,3431
SH,600800,3,3429,3430
SH,603291,3.45,3428,3428
SZ,301310,-3.87,3426,10728
SZ,002582,3.75,3425,4455
SZ,300880,1.45,3425,3425
SH,605158,2.29,3421,3421
SH,688299,1.45,3420,3420
SZ,000659,-3.96,3420,3420
SZ,002462,1.82,3419,3422
SH,688098,1.84,3417,3417
SZ,300427,6.59,3415,3453
SZ,002628,0.89,3415,3430
SH,603138,-1.08,3408,3470
SZ,301421,-10.44,3406,8510
SH,688533,1.28,3405,3405
SH,600834,2.15,3404,3404
SZ,301115,-0.77,3402,4184
SH,603232,-2.83,3400,3418
SZ,300200,-0.49,3400,3456
SZ,000716,3.59,3399,3478
SZ,002305,3.16,3399,3399
SZ,300402,1.68,3398,3443
SZ,002356,1.17,3396,3396
SH,688653,-0.08,3395,4555
SZ,001269,1.03,3390,3390
SZ,300190,-0.82,3390,3404
SZ,002584,-0.95,3387,4231
SZ,002669,-0.61,3378,3386
SH,601366,3.23,3378,3378
SZ,301656,1.72,3376,39871
SZ,300471,2.79,3372,4325
SZ,002457,0.8,3369,3372
SZ,300099,1.05,3362,4261
SH,688399,0.71,3359,3359
SH,603630,-1.18,3358,3358
SH,688302,2.02,3355,3355
SZ,000868,2.29,3354,3354
SH,688148,2.98,3352,3352
SH,600980,1.72,3350,3421
SZ,001216,1.49,3349,3982
SH,688785,-5.78,3348,16737
SZ,002791,10.01,3348,5443
SZ,300736,0.22,3347,3434
SH,603390,1.17,3342,3348
SZ,002225,1.15,3339,4081
SH,605058,0,3339,3339
SH,605388,10.1,3339,3339
SH,688339,1.92,3332,4094
SZ,002374,0.66,3332,3332
SH,688045,-2.53,3327,3327
SZ,000903,0.58,3322,3347
SZ,300962,2.19,3321,3321
SH,688443,0.87,3321,8492
SZ,000488,2.08,3321,5765
SZ,000926,1.93,3319,3361
SZ,301186,0.56,3312,3523
SH,600539,-9.99,3312,3312
SH,600262,2.43,3308,3308
SH,603357,1.55,3307,3307
SZ,300652,0.07,3304,3682
SZ,300448,1.18,3303,3477
SH,688590,1.47,3302,3670
SZ,300021,1.34,3301,3865
SZ,301169,-0.62,3299,3301
SH,603679,3.23,3296,3296
SH,688680,0.39,3296,3296
SZ,300729,1.93,3296,3423
SZ,002109,1.57,3293,3293
SZ,300040,0.16,3291,4092
SZ,000736,10,3287,3287
SZ,003000,2.11,3287,4811
SH,605108,2.6,3286,3286
SZ,003037,2.05,3283,3283
SH,605077,5.38,3282,3321
SZ,300213,1.54,3280,3531
SZ,300407,3.52,3280,4386
SZ,301175,1.93,3277,7757
SH,600318,1.59,3276,3276
SZ,300553,-4.6,3275,4273
SZ,002766,3.24,3274,3285
SH,688750,0.64,3273,6498
SH,688199,-2.07,3271,3271
SZ,300664,2.04,3271,3395
SH,600503,3.03,3269,3269
SZ,301373,-1.91,3268,8691
SH,603038,2.1,3267,3267
SH,605066,1.56,3266,3266
SH,603759,2.17,3265,3265
SZ,001257,0.38,3259,43696
SH,603811,1.14,3258,3258
SZ,002818,1.49,3255,8166
SZ,002037,9.98,3252,3252
SH,600229,2.07,3251,3251
SH,603014,-0.21,3250,13376
SZ,300370,1.96,3248,3256
SZ,920819,1.9,3247,3285
SH,688602,2.13,3241,3241
SZ,300160,1.67,3239,3285
SH,603316,-2.54,3237,3307
SH,600218,1.92,3232,3232
SZ,300801,0.13,3230,5155
SZ,000007,3.56,3229,3229
SZ,002822,5.96,3228,5889
SH,600853,1.92,3224,3224
SZ,002889,3.97,3223,4845
SZ,300559,0.88,3223,4139
SZ,301017,0.56,3223,5054
SZ,000514,3.24,3223,3223
SZ,300494,1.63,3223,3968
SZ,300132,2.42,3221,3275
SH,600822,1.75,3221,4032
SZ,300399,3.1,3221,3221
SH,688398,-1.28,3220,3220
SZ,300848,1.11,3220,5443
SH,603313,0.53,3218,3218
SZ,301096,0.03,3216,4227
SH,603396,0.56,3215,3215
SZ,301289,1.39,3215,3235
SH,600679,1.74,3214,4631
SZ,300248,1.03,3211,3739
SZ,002269,1.48,3211,3442
SZ,301630,-2.08,3208,8562
SZ,002927,1.61,3207,3243
SZ,300885,0.79,3207,4765
SZ,300078,1.41,3206,3219
SH,603815,1.17,3206,3206
SZ,301110,0.54,3206,4558
SH,600638,4.16,3205,3205
SZ,002474,-0.48,3205,3771
SH,688522,1.75,3203,7887
SZ,301257,-0.53,3202,3358
SH,603648,1.96,3200,3200
SH,603817,2.56,3198,3198
SZ,002646,1.2,3198,3220
SZ,000721,1.79,3197,3581
SZ,301311,1.29,3197,3197
SZ,300521,0.42,3195,3236
SZ,301479,-0.83,3195,5581
SZ,300545,1.33,3195,4956
SH,600716,5.57,3192,3192
SZ,000701,1.27,3192,3195
SZ,002327,1.09,3191,5420
SH,601999,1.58,3190,3190
SZ,300110,1.5,3189,3192
SZ,002395,1.62,3189,3189
SZ,300572,0.4,3189,4028
SH,600327,1.69,3185,3185
SZ,000889,-0.26,3184,3427
SH,603535,4.36,3183,3183
SZ,001217,3.09,3177,3213
SH,600843,2.42,3177,4828
SZ,300879,3.07,3176,3198
SH,603139,-0.12,3176,3176
SH,605186,-1.3,3176,3176
SH,603600,4.12,3175,3175
SZ,301033,-4.21,3175,3778
SH,603987,1.82,3171,3171
SH,600467,1.4,3170,3170
SZ,002441,1.79,3169,4329
SZ,301073,2.59,3168,3465
SH,603788,1.21,3165,3165
SH,600865,3.06,3164,3164
SZ,002094,3.85,3162,3164
SZ,002571,0.66,3162,4155
SH,603948,1.3,3162,3162
SZ,300069,-2.34,3161,3161
SH,688583,-0.86,3160,9069
SZ,002365,-1.29,3159,3796
SH,600512,1.02,3159,3159
SH,603898,1.25,3155,3155
SZ,301613,1.13,3155,5408
SZ,300911,0.38,3154,3375
SZ,300822,2.63,3153,3399
SH,605398,1.1,3152,3152
SZ,300683,0.27,3152,3380
SH,603351,0.26,3152,3152
SZ,301315,1.79,3149,3149
SZ,000037,1.75,3148,5600
SZ,301408,0.59,3148,5500
SZ,300551,-0.53,3147,3156
SZ,002178,1.14,3146,3148
SH,603095,1.08,3146,3146
SZ,300533,1.64,3143,4467
SH,688259,2.89,3143,3143
SZ,002055,-0.55,3142,3198
SZ,300466,1.89,3142,3749
SZ,000931,0.97,3139,3148
SZ,001318,10.01,3138,3138
SH,603116,2.45,3135,3135
SH,688530,-4.94,3134,7188
SH,603656,0.53,3132,3132
SZ,002369,3.17,3131,3135
SH,603230,1.84,3129,3129
SZ,920725,2.34,3128,6462
SH,600280,3.36,3125,3125
SH,603856,0.73,3125,3125
SZ,300622,2.95,3125,4571
SZ,300473,0,3125,3584
SZ,000788,1.16,3123,3123
SH,600622,1.96,3119,3119
SH,603577,1.88,3117,3117
SH,603725,-3.85,3116,3116
SZ,002801,0.98,3115,6177
SH,603007,0.45,3114,3962
SZ,002672,2.69,3114,3802
SZ,000509,1.4,3112,3112
SZ,300193,1.09,3112,3534
SZ,300943,1.97,3110,4751
SZ,301617,1.08,3110,7835
SZ,300062,2.26,3108,4271
SZ,300241,-0.38,3107,3705
SH,688813,2.25,3107,16530
SZ,002296,2.52,3105,3483
SZ,002451,2.76,3105,3116
SZ,301060,1.77,3105,3452
SZ,301206,5.44,3103,4819
SZ,301662,1.53,3103,8072
SH,600749,1.49,3100,3100
SH,600354,0.51,3098,3098
SH,600293,1.91,3098,3098
SH,688571,4.43,3096,3096
SZ,002021,6.15,3096,3096
SZ,301120,1.08,3096,5246
SH,605136,1.71,3096,3096
SZ,301076,0.05,3092,4625
SZ,301499,0.45,3091,3091
SH,603210,1.45,3090,4521
SH,600052,2.81,3090,3090
SH,605399,1.64,3089,3092
SZ,300515,-2.73,3085,3146
SZ,000421,2.09,3084,3085
SZ,300225,0.46,3082,3105
SZ,301199,1.48,3078,3198
SH,600053,2.16,3074,3074
SZ,001215,2.76,3072,3080
SH,600731,3.09,3071,3140
SZ,920037,3.4,3071,5023
SH,605566,1.45,3071,3071
SH,688163,-3.53,3069,3069
SZ,301223,0.63,3069,3069
SZ,002849,3.09,3068,3093
SH,688722,1.33,3068,3068
SZ,001400,-0.83,3067,5573
SZ,300867,1.52,3066,4348
SZ,300686,-3.57,3065,3086
SH,688458,0,3065,3647
SZ,300247,1.06,3063,3063
SZ,002735,1.61,3059,4026
SZ,920047,0.71,3058,4657
SZ,002548,0.26,3057,3147
SZ,002362,0.34,3056,3598
SZ,301322,-4.53,3054,4528
SH,688373,1.31,3051,3051
SZ,300656,-0.94,3050,3927
SH,688283,-0.03,3047,3047
SZ,002829,1.86,3047,4335
SZ,300157,0.24,3047,3191
SZ,000607,2.08,3045,3501
SH,605303,-3.81,3044,3044
SZ,301602,1.67,3040,6245
SZ,000803,2.01,3039,3082
SZ,300522,-4.54,3039,3724
SH,605259,1.38,3037,3037
SH,605068,9.99,3036,3036
SZ,301682,1.58,3031,14343
SH,688053,2.02,3030,3030
SH,603813,-0.58,3030,3030
SH,600969,-0.11,3027,3027
SZ,300289,1.09,3025,3030
SZ,301259,0.14,3024,4716
SZ,300781,0.93,3024,4098
SZ,301201,-1.23,3023,4309
SZ,301273,-0.42,3020,3935
SZ,000691,3.09,3019,4529
SZ,301500,1.55,3019,11760
SZ,300812,-1.96,3018,3326
SZ,000546,3.84,3017,3367
SZ,300875,7.82,3016,3429
SH,688286,-2.3,3014,3014
SZ,002286,9.99,3013,3097
SH,688579,2.03,3012,3012
SZ,301226,0.58,3009,3009
SZ,002845,-0.16,3005,3934
SH,600156,1.5,3000,3000
SH,688317,1.61,3000,3000
SZ,002912,0,2996,3154
SZ,300094,2.26,2996,3057
SZ,300798,5.43,2994,3639
SZ,300290,-4.09,2993,2994
SH,603266,1.76,2991,2991
SH,688600,-1.15,2991,2991
SH,600668,1.83,2989,2989
SZ,002175,-1.67,2988,2988
SH,603798,2.1,2988,2988
SZ,002826,1.57,2983,3079
SZ,300504,-1.51,2977,3697
SZ,300352,2.64,2973,3378
SZ,300050,2.06,2973,2975
SH,688358,0.19,2973,2977
SZ,300908,4.2,2973,3517
SZ,301136,1.98,2972,2975
SH,600684,2.05,2970,3849
SZ,300056,4.05,2970,2972
SZ,300608,-0.9,2968,3393
SZ,002724,0.97,2958,4020
SZ,300927,3.15,2955,3029
SZ,300600,3.61,2954,2954
SH,688171,-5.28,2952,2952
SH,688084,1.27,2951,2951
SZ,300609,-0.64,2951,2956
SH,600738,3.74,2951,2954
SH,603958,-1.53,2950,2950
SZ,300135,1.91,2949,2949
SH,601616,1.77,2945,2945
SZ,002313,1.29,2943,2943
SZ,301696,2.54,2941,39101
SH,605588,-1.02,2940,2947
SZ,301302,-0.79,2937,3293
SZ,300385,-0.58,2936,3365
SZ,300589,1.79,2935,4728
SH,603896,2.28,2934,2934
SZ,920806,0.41,2932,2932
SZ,300011,1.76,2932,3500
SH,688618,-0.77,2932,2932
SH,603657,-0.81,2927,2927
SZ,920179,-0.98,2920,3640
SZ,301193,1.08,2919,3818
SZ,301568,-3.67,2918,6330
SZ,301051,-0.22,2918,3673
SH,688071,-1.31,2916,2916
SH,603278,0.83,2912,2912
SZ,300973,3.59,2910,4156
SZ,000151,1.73,2904,3309
SH,601956,1.3,2903,2903
SZ,002199,3.29,2903,3060
SZ,002542,3.13,2902,2980
SZ,301028,0.17,2902,4474
SZ,300238,0.27,2901,2901
SH,603051,0.11,2900,2900
SZ,002282,1.77,2899,3024
SZ,000530,1.47,2899,4073
SZ,300243,0.93,2898,3623
SZ,000576,0.91,2898,2915
SZ,300020,0.53,2898,3004
SH,600719,0.28,2893,2893
SH,688607,0.52,2892,3212
SH,688682,-0.65,2891,2891
SZ,300578,-0.47,2890,2891
SH,603008,1.29,2887,2887
SZ,300839,1.9,2886,2936
SH,688273,-2.33,2885,2885
SZ,002973,0.44,2884,3711
SZ,002521,1.47,2884,3853
SZ,300310,2.21,2883,3677
SZ,300869,2.44,2883,4392
SZ,000695,1.88,2881,3010
SZ,002933,0.9,2881,2896
SZ,000798,1.68,2879,2879
SH,603527,0.55,2878,2878
SZ,000668,6.12,2875,2875
SH,600192,1.25,2871,2871
SH,688162,0.96,2871,2871
SZ,003002,3.29,2869,3138
SH,600838,3.62,2866,2866
SZ,301535,1.08,2866,7179
SH,603903,-0.08,2860,2860
SH,603739,2.17,2859,2859
SZ,300982,2.15,2856,3049
SZ,301448,0.73,2856,4214
SH,603161,5.8,2856,2910
SZ,301111,-0.93,2853,2853
SZ,003029,1.19,2849,3133
SZ,000802,5.29,2848,2849
SH,688070,2.48,2847,2847
SZ,300510,2.07,2845,2845
SH,600470,2.83,2843,2843
SH,603722,2.38,2841,2901
SH,600844,9.87,2838,3507
SZ,300603,-0.25,2838,3528
SH,688370,0.49,2838,2838
SZ,002996,1.98,2837,4144
SZ,300698,1.83,2837,3207
SZ,003020,-0.99,2835,3839
SZ,002485,0.58,2834,2834
SZ,301600,0.41,2834,9183
SZ,301158,-2.48,2833,2906
SZ,002623,1.66,2832,2838
SZ,300419,-1.27,2832,2832
SH,600594,-0.54,2832,2832
SH,603201,-0.91,2831,2855
SH,603258,2.27,2831,2848
SZ,002086,1.13,2831,3507
SZ,000897,1.74,2830,2830
SH,603696,9.96,2829,2829
SH,603192,0.5,2829,3392
SZ,300864,1.59,2828,2828
SZ,300932,0.57,2828,3971
SH,688335,-0.15,2827,2827
SH,688015,1.49,2825,2825
SZ,002186,1.77,2823,2824
SH,601010,8.33,2822,2822
SZ,300818,1.33,2820,4353
SZ,300032,2.63,2819,2819
SZ,002575,1.05,2816,2972
SZ,001311,6.28,2816,6418
SZ,300716,0.51,2815,2815
SZ,300125,-0.12,2814,5194
SH,603458,7.11,2813,2813
SZ,000890,1.21,2811,2811
SZ,002314,1.94,2810,5686
SZ,300749,3.96,2810,3662
SH,605169,2.69,2809,2809
SZ,300840,-0.18,2809,3806
SH,603310,1.05,2807,4997
SZ,300946,-2.16,2807,5777
SZ,300359,20.05,2806,2806
SZ,920418,1.65,2799,2899
SZ,002323,1.54,2799,2800
SZ,000068,2.58,2799,2799
SH,688215,0.1,2798,2798
SH,688216,-2.98,2793,3008
SZ,300508,-1.03,2792,3713
SZ,002587,0.58,2791,3430
SZ,002224,2.06,2790,3121
SH,688338,0.31,2789,2789
SZ,300936,-2.9,2788,4422
SH,600322,1.61,2786,2786
SH,600419,9.96,2786,2786
SZ,300311,0.58,2784,3489
SZ,301270,1.59,2784,2946
SZ,002137,-1.12,2783,4054
SZ,002981,1.6,2783,3126
SZ,301237,-2.46,2782,3821
SZ,002878,1.9,2781,3089
SH,603500,1.46,2781,2782
SZ,300877,6.58,2780,2780
SZ,300266,2.29,2780,2781
SZ,000910,1.8,2780,2781
SH,600136,2.14,2779,2918
SZ,300721,-2.18,2778,3310
SZ,300239,0.86,2778,2796
SZ,000615,0.67,2776,5362
SZ,002726,7.94,2775,2777
SZ,300477,4.87,2775,3002
SH,600620,2.02,2774,2774
SZ,300511,2.63,2774,3256
SZ,002616,1.94,2773,4056
SZ,300563,0.78,2773,3985
SH,688081,-1.6,2773,2773
SH,688159,-0.72,2772,2772
SZ,301151,-1.19,2771,2773
SZ,301234,-11.28,2771,4690
SZ,300237,2.13,2768,2768
SZ,301213,-0.48,2766,4280
SZ,002692,1.85,2763,2765
SZ,300086,0.64,2763,2854
SZ,002278,1.72,2763,2992
SZ,300746,4.31,2761,2788
SZ,002686,1.73,2760,2990
SZ,002823,0.8,2758,4137
SZ,300321,-1.85,2758,2761
SZ,300691,-0.86,2757,3360
SH,603949,0.23,2754,2761
SZ,002259,3.1,2754,2754
SH,603808,1.75,2753,2753
SZ,000978,1.55,2753,2753
SZ,300404,0.21,2752,3719
SH,605080,1.4,2751,2762
SZ,301066,4.15,2748,2770
SZ,001299,2.86,2747,3051
SH,600265,0.71,2745,2745
SZ,002148,1.5,2742,3397
SZ,002921,7.29,2740,3178
SZ,000570,1.65,2740,3479
SZ,300329,0.74,2736,2744
SZ,002923,0.19,2736,3550
SZ,300858,2.95,2734,3681
SZ,300831,0.88,2734,4742
SH,688391,0.68,2734,2734
SZ,300890,1.3,2734,2991
SZ,301468,-0.94,2732,4740
SH,688570,0.48,2731,6283
SH,600721,0.42,2730,2730
SZ,301026,1.37,2730,3780
SH,603518,2.85,2729,2739
SZ,300584,3.81,2728,3986
SH,605218,1.75,2726,3110
SZ,002347,2.99,2723,2786
SH,600249,1.23,2723,2723
SH,688175,-3.04,2722,2722
SH,600212,1.79,2720,3605
SH,603330,-4.97,2717,2890
SZ,002725,-1.08,2714,2790
SH,601112,-0.92,2714,25844
SZ,002722,1.41,2713,2713
SZ,002953,0.63,2712,4739
SH,600616,2.79,2709,2709
SH,600408,2.67,2708,2708
SZ,300381,2.17,2708,2718
SZ,002798,1.75,2708,3079
SZ,002561,2.51,2706,2715
SZ,003016,1.86,2704,2767
SZ,002355,2.34,2701,2921
SH,603878,4.11,2699,2699
SH,600537,5.56,2699,2699
SZ,300550,0.39,2696,2699
SZ,300148,2.48,2695,2791
SH,600630,0.96,2694,2694
SZ,002903,10.02,2693,3957
SZ,300175,0.53,2693,2693
SZ,300816,-1.1,2692,3690
SH,600228,6.94,2692,2696
SZ,301218,-2.26,2690,4378
SZ,000609,1.2,2689,2765
SH,688687,1.61,2689,2689
SZ,300552,1.02,2687,4239
SZ,301439,6.08,2686,5704
SH,605500,1.73,2685,2685
SH,603048,0.05,2683,2683
SZ,002689,1.58,2680,2681
SZ,000710,2.01,2679,2874
SZ,300833,1.11,2674,4163
SZ,002331,0.76,2670,2845
SH,603863,4.91,2669,2669
SZ,300425,2.62,2668,2674
SZ,301419,-1.71,2667,4035
SZ,000529,2.63,2667,2732
SH,688557,0.11,2664,2664
SZ,300374,2.37,2660,2661
SH,688229,0.37,2656,2656
SH,603237,2.34,2655,2742
SZ,300234,1.45,2652,3879
SH,600876,2.45,2651,4326
SH,688152,0.97,2650,2650
SH,603202,2.21,2647,8435
SZ,301020,0.61,2647,2647
SZ,002663,2.65,2646,2671
SZ,300301,-1.46,2646,2780
SZ,002899,-0.38,2646,2646
SZ,300501,0.42,2645,2654
SH,603637,-0.17,2645,2645
SH,688511,-0.39,2644,2644
SZ,301296,1.31,2644,2644
SZ,300141,3.28,2643,2676
SZ,002357,1.57,2643,2643
SH,603955,3.18,2640,2640
SZ,301172,-1.05,2638,3567
SH,600735,-0.15,2638,2658
SZ,002476,1.65,2638,2638
SZ,001229,-4.68,2637,5129
SZ,002866,2.75,2637,4213
SZ,300830,1.16,2636,3532
SZ,301266,1.94,2635,2778
SH,603655,1.59,2635,2635
SZ,920491,0.84,2635,3211
SZ,300384,0.17,2635,3819
SH,600785,4.12,2634,2634
SH,688285,1.74,2634,2634
SZ,001369,2.01,2633,14555
SZ,000017,0,2632,4114
SZ,002917,2.02,2632,3511
SZ,300945,2.13,2631,2888
SZ,301190,1.83,2630,3945
SH,601798,1.09,2627,2627
SH,603585,2.11,2627,2671
SZ,002054,4.11,2627,3298
SZ,300270,3.71,2625,3046
SZ,300591,5.05,2625,3038
SH,688077,0.44,2623,2623
SH,603280,0.96,2621,2621
SZ,920735,2.45,2620,2963
SZ,300230,1.96,2620,3383
SZ,002404,2.13,2619,3220
SH,603829,1.88,2619,2619
SH,603006,3,2619,2619
SH,600215,1.96,2618,2618
SZ,002022,1.39,2618,2618
SZ,300810,0.97,2616,2709
SH,605166,1.96,2615,2615
SZ,000419,2.56,2615,2615
SH,688280,6.13,2613,2963
SZ,300537,-1.98,2610,3564
SZ,301133,2.4,2609,2852
SZ,002875,1.91,2608,2608
SZ,300333,5.41,2608,2617
SZ,000809,0.64,2606,2606
SZ,301132,-1.28,2604,4071
SZ,001324,-0.36,2604,2604
SZ,300445,2.6,2603,3934
SZ,003025,1.15,2595,3254
SZ,000972,0.9,2592,2592
SZ,300389,0.43,2589,4355
SZ,301260,1.53,2589,6095
SZ,002795,-1.48,2589,2632
SZ,300345,2.67,2585,3129
SH,688030,0.99,2585,2585
SZ,002863,2.13,2584,2584
SZ,002363,2.48,2582,2589
SH,600712,3.46,2580,2609
SH,603819,3.13,2580,2580
SH,603080,1.84,2580,2580
SH,605089,2.36,2578,2578
SH,603066,1.86,2577,2577
SZ,301148,2.22,2577,5099
SZ,001218,2.48,2577,2801
SH,603801,10.02,2576,2576
SH,600250,3.26,2574,2574
SZ,003015,-0.09,2574,2929
SZ,301305,1.52,2573,5006
SZ,301525,0.76,2572,4910
SH,601007,1.7,2570,2570
SZ,300095,1.13,2570,3191
SZ,002337,2.1,2570,2572
SZ,300447,-0.07,2569,3982
SZ,002248,1.58,2568,2568
SZ,300479,0.62,2566,2567
SH,600289,3.19,2564,2859
SZ,002136,0.42,2563,2569
SH,688765,-3.49,2562,12727
SZ,301631,2.55,2562,7520
SH,603768,2.57,2560,2560
SZ,300860,-0.12,2560,4410
SZ,001388,-3.3,2560,4783
SZ,002905,1.81,2558,2755
SZ,002578,2.77,2558,2788
SZ,301608,1.58,2558,5699
SZ,002012,-0.9,2553,2553
SZ,002846,2.51,2552,4120
SH,600671,1.75,2551,2551
SZ,000504,2.11,2551,2558
SH,600386,1.61,2548,2548
SZ,000812,2.12,2548,2549
SZ,301622,1.36,2547,4567
SZ,300279,0.58,2547,2558
SH,603159,-0.97,2545,2545
SZ,002658,0.14,2542,4508
SH,603037,2.91,2539,2543
SH,603215,2.57,2539,2910
SH,603001,1.44,2538,2538
SZ,000159,2.13,2538,2538
SZ,000698,0.94,2538,2647
SH,605266,3.21,2538,2538
SZ,002403,2.04,2532,2902
SZ,002853,-0.24,2532,3598
SZ,300272,1.68,2531,3333
SZ,000019,1.68,2526,6996
SZ,300653,0.86,2525,2525
SZ,300887,-0.7,2525,3804
SZ,300410,0.29,2522,2522
SH,688255,0.26,2521,2521
SZ,300826,-0.85,2520,2620
SH,603628,1.87,2520,2525
SZ,300795,6.87,2518,4325
SZ,300218,0.95,2517,2526
SZ,002748,4.17,2515,2515
SZ,301068,1.05,2514,3541
SH,603107,1.86,2513,3886
SZ,300889,-1.03,2513,3781
SZ,301393,-2.56,2513,6172
SH,600538,-0.2,2511,2511
SZ,301255,1.08,2510,2861
SZ,002388,-6.24,2505,2528
SH,603030,2.7,2502,2502
SZ,301202,-1.65,2498,4279
SZ,002599,1.17,2497,3265
SZ,002072,-0.58,2496,2497
SZ,000892,10.03,2495,3443
SZ,002962,-0.74,2489,3471
SZ,000838,-1.25,2487,2597
SH,688314,-0.48,2486,2486
SZ,920068,0.07,2485,9382
SH,603839,2.23,2485,2485
SH,688292,-0.56,2483,2483
SZ,002453,1.23,2483,3347
SZ,300998,1.23,2482,3162
SH,600405,2.54,2476,2476
SZ,002613,1.27,2476,3522
SZ,300386,1.13,2475,4126
SZ,001300,1.7,2474,2474
SZ,300439,1.56,2473,3251
SH,603633,1.94,2471,2471
SZ,301149,1.68,2469,4058
SH,600439,2.35,2468,2468
SH,600624,1.97,2466,2466
SZ,002659,3.26,2465,2465
SH,603036,1.36,2462,2462
SZ,000014,5.06,2462,2462
SZ,002103,2.42,2461,3387
SH,603886,2.19,2460,2460
SZ,002425,3.09,2457,2554
SZ,002952,1.41,2456,3067
SH,603586,1.95,2455,2455
SZ,002879,-5.33,2453,3455
SZ,002547,3.74,2453,2504
SZ,301565,1.59,2453,7664
SZ,300052,-0.1,2451,2451
SH,603017,1.49,2450,2450
SH,600358,0.83,2449,5641
SZ,301380,-0.55,2449,3075
SH,688357,-0.48,2448,2448
SZ,002172,1.27,2448,2450
SZ,301588,-0.08,2447,3965
SZ,301222,-0.68,2445,3219
SZ,300449,0.32,2444,2444
SZ,300485,0.68,2442,4296
SH,603335,1.06,2440,2440
SZ,301197,-0.79,2438,2703
SZ,300288,1.5,2437,3210
SZ,300636,0.91,2436,2784
SH,603677,1.36,2434,2434
SZ,001256,1.79,2434,3247
SZ,000545,0.82,2434,2437
SH,600858,2.62,2432,2444
SZ,301669,-2.07,2432,14256
SH,603828,-0.48,2431,2432
SH,600665,2.18,2428,2428
SH,688056,-0.21,2428,2428
SH,688137,1.49,2426,2426
SH,600257,0.8,2425,2425
SH,688589,2.65,2424,2424
SZ,000707,3.29,2423,2573
SZ,000565,2.2,2419,2419
SZ,301042,-2.66,2417,2536
SH,688080,0.58,2416,2416
SH,600573,2.12,2413,2413
SZ,300577,-2.35,2411,4068
SZ,300365,1.73,2410,2825
SZ,002391,2.37,2409,3371
SZ,301081,0.94,2406,2505
SZ,003007,-0.17,2406,3964
SZ,300452,1.77,2403,2837
SH,603617,0.81,2402,2421
SZ,002868,-0.48,2400,3486
SZ,001376,0.54,2399,5167
SH,605155,1.5,2399,2456
SZ,002431,2.31,2397,2397
SZ,301082,1.5,2397,2586
SZ,920190,-0.2,2397,2410
SZ,300631,2.08,2392,2459
SH,603836,1.54,2390,2453
SZ,300560,-5.11,2389,2936
SZ,002330,2.17,2388,2389
SZ,300163,5.44,2388,2479
SZ,002869,-3.86,2388,2682
SH,603320,2.63,2386,2386
SZ,300978,1.84,2386,3513
SZ,920571,0.75,2383,4471
SH,603331,1.82,2382,2382
SH,603895,0.69,2381,2381
SZ,300824,2.45,2380,2454
SH,600560,2.5,2380,2380
SZ,301092,-4.1,2377,5247
SH,603059,3.23,2377,2381
SZ,002593,1.44,2377,3408
SZ,300536,0.37,2373,2373
SZ,002813,2.22,2370,2372
SH,603136,1.98,2369,2369
SH,600613,1.86,2368,2638
SZ,300154,-0.78,2364,3372
SZ,300555,-0.49,2362,2386
SZ,000430,2.08,2360,5157
SZ,002098,2.33,2359,2359
SH,603602,1.19,2359,2359
SZ,002712,2.11,2358,2373
SZ,002682,2.2,2356,2356
SH,600187,2.82,2356,2356
SH,603076,3.06,2356,2356
SZ,920402,-0.45,2355,3642
SH,603917,-1.19,2354,2354
SZ,301181,-0.39,2354,3016
SH,603189,-1.46,2348,2348
SZ,300952,0.13,2346,3815
SZ,002442,1.92,2345,2401
SZ,002855,3.7,2344,2346
SZ,301122,-5.54,2343,3786
SZ,002700,0.53,2342,2366
SH,603289,2.44,2341,2341
SH,603042,-0.96,2338,2338
SH,603557,-2.08,2338,2338
SZ,000790,1.08,2335,2339
SH,688468,1.75,2334,2334
SZ,300898,8.31,2334,2522
SZ,000669,0.59,2334,2334
SZ,300092,2.49,2334,3046
SH,688500,0.13,2331,2365
SH,688455,0,2331,2331
SZ,920019,1.31,2330,2925
SH,688129,3.98,2330,2330
SZ,001219,2.42,2330,2389
SZ,300920,-1.16,2329,3506
SZ,300993,2.45,2327,2964
SH,600753,0.2,2326,2326
SZ,300730,-0.87,2326,2713
SZ,000715,3.91,2325,2583
SZ,002983,0,2322,4043
SZ,300988,1.2,2321,2820
SH,605033,1.18,2320,2320
SZ,301262,2.87,2319,7923
SH,603086,2.3,2318,2318
SH,600793,-0.6,2316,2316
SZ,301665,1.88,2315,9999
SZ,301027,-1.64,2312,2805
SZ,301337,2.26,2309,2360
SH,600992,2.73,2309,2309
SH,603779,0.43,2308,2308
SZ,300269,-0.22,2308,2401
SH,600463,3.92,2307,2307
SZ,300250,-4.05,2306,3131
SZ,300647,1.61,2306,2309
SZ,000055,2.71,2305,3662
SZ,002976,-0.88,2303,3682
SZ,300796,2.25,2300,2300
SZ,000573,3.42,2298,2317
SZ,300366,1.17,2297,2631
SZ,300172,1.62,2296,2971
SZ,300334,0.13,2295,2296
SZ,300460,1.62,2294,2294
SZ,001282,1.28,2292,3335
SZ,301221,1.46,2292,3370
SZ,002574,1.64,2292,2292
SZ,001333,1.36,2286,2286
SH,603838,0.71,2285,2285
SH,603193,5.24,2282,8933
SZ,002816,-0.82,2280,2280
SZ,002729,0.85,2279,2377
SH,688479,-3.15,2279,5303
SZ,002184,0.74,2279,3336
SZ,301025,5.12,2278,3291
SZ,000554,2.42,2278,3027
SZ,002932,0.62,2277,3392
SZ,300667,-0.44,2275,2697
SZ,301658,0.86,2275,9629
SZ,000635,2.65,2274,2444
SZ,301002,-2.76,2271,3606
SZ,300173,1.98,2270,2270
SZ,002496,1.59,2268,2895
SZ,301317,-2.06,2267,6828
SZ,300264,0.82,2267,2637
SZ,002343,2.8,2264,2264
SZ,001201,0.99,2264,2897
SH,688529,1.58,2264,2264
SZ,300354,0.32,2262,3848
SH,688246,-0.17,2262,2262
SH,688619,0.58,2259,2259
SH,603407,10,2256,25619
SZ,300991,-1.44,2255,3524
SH,603797,2.09,2255,2255
SZ,002661,2.82,2251,2364
SZ,002397,2.66,2248,2595
SH,600239,4.48,2248,2248
SH,603909,4.36,2247,2247
SH,603188,2.6,2246,2246
SH,603818,1.87,2245,2245
SH,605151,3.35,2243,2243
SZ,002084,3.57,2243,2248
SH,688310,1.79,2241,2241
SH,688560,1.46,2240,2240
SZ,300805,-0.63,2240,3298
SZ,301119,1.06,2239,2768
SH,605199,0.72,2237,2237
SH,600359,2.09,2236,2236
SZ,920002,-1.72,2231,3187
SZ,300582,0.5,2231,3006
SZ,002069,2.61,2230,2233
SZ,300281,2.37,2229,2350
SH,603378,0.78,2229,2229
SZ,300891,3.09,2228,2672
SZ,301258,6.97,2227,2292
SZ,301046,-0.63,2226,2883
SH,603787,2,2225,2225
SH,603488,1.06,2225,2225
SH,688197,-1.46,2225,5169
SZ,002377,2,2225,2337
SZ,002890,1.77,2224,2339
SZ,301283,0.5,2223,2828
SZ,003001,10.02,2222,3392
SH,603180,2.42,2220,2220
SZ,301108,4.49,2219,3852
SZ,301531,1.72,2215,10380
SZ,002861,1.17,2213,2746
SH,600854,1.67,2213,2213
SZ,301185,0.38,2209,2444
SZ,002058,0.98,2208,2213
SZ,002806,1.44,2208,2694
SZ,300562,0.53,2202,2883
SH,603700,0.18,2202,2202
SZ,002775,-2.31,2201,2446
SZ,300422,2.16,2201,2274
SZ,002660,2.07,2199,2286
SZ,301356,1.76,2197,3745
SZ,002852,2.67,2195,2642
SZ,301251,-2.57,2194,5472
SH,600182,0.62,2193,4386
SZ,300701,1.16,2192,2444
SZ,301225,-1.94,2191,7177
SH,688693,-3.52,2190,4148
SZ,300658,0.71,2184,3291
SZ,001367,1.64,2181,2732
SZ,300987,1.45,2179,2179
SZ,300829,2.58,2177,3157
SZ,300275,1.26,2177,2470
SZ,301592,-0.21,2177,6524
SZ,300583,2.27,2176,2218
SZ,300921,-0.29,2176,3451
SZ,002319,0.48,2174,2174
SZ,300965,-0.8,2173,2410
SZ,301043,0.08,2169,2600
SZ,300025,0.71,2168,2178
SH,688367,-1.31,2168,2168
SZ,301279,1.03,2166,2798
SZ,001368,1.73,2166,2267
SZ,301106,0,2164,2164
SZ,300107,2.13,2164,3506
SH,603307,1.88,2163,2197
SH,603096,2.41,2162,2162
SZ,300931,-2.11,2162,2689
SZ,002763,4.71,2162,2919
SZ,001223,0.13,2161,4044
SZ,301195,1.4,2157,3249
SZ,920971,3.71,2157,2617
SH,603021,-0.43,2153,2153
SZ,300546,-1.17,2152,2993
SH,603373,4.06,2150,5088
SZ,001205,1.97,2149,2427
SH,688727,-5.1,2149,17869
SZ,300694,1.02,2148,2151
SZ,301563,-1.5,2148,9502
SH,688201,2.89,2147,2147
SH,600965,5.22,2145,2145
SH,600833,1.37,2144,2144
SZ,002329,1.86,2144,2739
SZ,301088,2.06,2143,2598
SZ,300752,-5.32,2142,3100
SZ,300512,2.16,2141,2705
SH,605003,1.04,2137,2137
SH,600831,2.39,2133,2133
SH,600423,0.75,2133,2133
SZ,301178,-1.14,2131,2888
SZ,003023,3.58,2130,2134
SZ,300205,0,2129,2129
SZ,300585,1.47,2129,2129
SH,603937,2.1,2129,2129
SH,600319,3.39,2129,2129
SZ,001228,1.29,2128,2768
SZ,301072,-6.12,2127,3328
SH,601083,1.11,2126,14171
SZ,002420,1.55,2125,2159
SZ,301387,-1.38,2123,5339
SH,688623,-2.06,2122,5108
SZ,000752,1.39,2118,2118
SZ,300732,3.06,2117,2120
SZ,000548,2.17,2117,2117
SZ,001390,1.6,2117,3564
SZ,002492,-0.55,2116,2155
SH,688581,0.23,2115,4148
SH,603117,2.62,2115,2115
SZ,300235,2.76,2115,2621
SZ,002991,2.35,2114,3946
SZ,300800,2.5,2111,2133
SH,603578,2.81,2110,2739
SZ,300649,-2.78,2110,2632
SZ,301019,2.47,2109,2876
SH,688244,2.12,2107,2107
SZ,920344,1.53,2107,2257
SH,688718,1.68,2106,2106
SH,605258,-0.12,2105,2105
SZ,300198,0.99,2104,2115
SZ,301040,-0.61,2102,2228
SZ,002723,0,2102,2203
SH,688501,3.05,2102,2102
SH,600232,2.13,2101,2101
SZ,300956,1.63,2098,2148
SZ,300703,3.19,2095,2273
SZ,920261,1.32,2093,3802
SH,603102,2.48,2093,2093
SZ,300464,-0.83,2092,2752
SZ,301125,0.51,2092,2360
SZ,002234,1.61,2092,2422
SH,600533,2.05,2090,2090
SZ,002114,2.38,2089,2089
SH,603959,1.91,2089,2089
SZ,301011,2.52,2089,2199
SH,600281,3.57,2088,2088
SH,603151,0.91,2086,2086
SH,603183,2.7,2083,2083
SZ,301290,1.04,2083,2622
SH,688316,0.16,2082,2082
SZ,300753,-8.88,2080,2984
SZ,300808,1.63,2080,2798
SZ,002732,5.56,2079,2090
SH,603375,-1.65,2078,3280
SZ,001393,0.51,2078,10784
SZ,002887,0.42,2077,2925
SH,603755,1.89,2076,2076
SZ,001365,1.38,2073,18926
SH,603172,2.91,2073,2073
SZ,000955,2.12,2073,2073
SZ,300103,-0.14,2072,2074
SZ,301332,2.09,2071,3609
SZ,003032,9.97,2071,2930
SZ,301089,0.66,2070,2895
SH,603091,1.62,2067,6720
SH,688066,2.09,2062,2062
SZ,300940,1,2061,2914
SZ,300375,1.57,2061,2957
SH,603536,3,2061,2077
SH,688178,0.33,2061,2061
SZ,300612,1.25,2060,2071
SZ,301331,0.45,2060,2065
SZ,301220,0.99,2060,2983
SH,603079,3.03,2057,2057
SH,600241,2.65,2054,2054
SH,603023,0.82,2054,2054
SH,603238,2.84,2054,2054
SZ,002702,4.68,2051,2484
SZ,300484,1.82,2049,2552
SZ,002771,0.17,2049,2463
SZ,300335,-0.36,2048,2542
SZ,002767,1.42,2047,2358
SZ,002864,0.63,2046,2837
SH,688648,0.65,2046,4001
SZ,301118,1.53,2045,2125
SZ,300884,-1.92,2039,2704
SH,688737,0.12,2037,2037
SH,603381,1.13,2035,3398
SZ,002671,2.5,2035,2072
SH,603721,2.36,2032,2032
SH,688597,3.6,2030,2030
SZ,002687,-7.35,2030,2478
SH,600148,2.14,2028,2028
SH,603262,0.57,2027,7772
SZ,000826,2.16,2024,2024
SH,605001,2.39,2023,2023
SZ,002836,2.57,2023,2023
SZ,300771,1.14,2021,2566
SH,600381,3.3,2019,2019
SZ,000586,0.19,2019,2043
SZ,300165,0,2019,2378
SZ,301079,0.58,2018,2845
SZ,300853,-1.81,2017,3015
SZ,002295,1.9,2016,2017
SZ,002825,2.21,2015,2684
SH,600540,2.37,2012,2012
SZ,300786,-1.85,2011,2528
SZ,002633,1.05,2010,2018
SZ,301528,-1.93,2010,3900
SZ,002799,1.78,2010,2010
SH,603321,1.57,2009,2034
SZ,002998,2.49,2007,2633
SZ,002942,2.19,2006,2248
SZ,300565,0.69,2006,2195
SZ,000909,3.15,2005,2005
SZ,002679,3.54,2002,2002
SZ,002076,1.05,2001,2130
SZ,000679,2.75,1999,1999
SZ,300778,4.58,1999,2000
SZ,002918,1.3,1999,3814
SZ,000692,1.08,1998,1998
SZ,001332,-0.46,1997,4596
SZ,301628,-0.55,1996,5398
SZ,920017,1.12,1995,2017
SH,688517,0.69,1995,1995
SZ,920060,0.53,1994,3197
SZ,000953,2.26,1992,1992
SZ,300947,4.44,1988,1989
SZ,300960,2.79,1988,2193
SZ,002666,2.32,1988,3128
SZ,300980,0.65,1987,2790
SH,603089,2.22,1987,2283
SH,688038,-0.28,1985,1985
SZ,002569,-1.11,1978,2035
SZ,920189,4.48,1977,3295
SZ,300849,1.59,1975,2687
SH,603326,4.39,1973,1973
SZ,300774,2.66,1967,3940
SZ,300710,-0.89,1966,2623
SZ,300912,-0.12,1965,2603
SH,603382,2.97,1961,3078
SH,603968,2.9,1959,1959
SZ,920208,1.08,1958,2261
SZ,000590,1.11,1956,1956
SZ,002857,4.61,1954,1986
SZ,300673,4.82,1954,3012
SZ,000605,3.17,1954,1954
SH,603176,2.42,1953,2010
SZ,002848,0.68,1952,1972
SH,688369,1.44,1949,1949
SZ,300513,1.8,1948,2127
SZ,300780,-1.67,1947,2656
SZ,300509,2.6,1947,2336
SZ,300106,6.97,1946,1946
SZ,002900,-7.08,1943,3815
SZ,300350,1.48,1943,2315
SZ,300970,3.59,1943,2517
SZ,000757,1.96,1939,1939
SH,688355,1.16,1939,1939
SH,600159,2.19,1934,1934
SZ,002615,1.75,1934,3583
SZ,002133,2.45,1932,1943
SZ,002893,1.49,1930,2510
SZ,000952,1.63,1926,1926
SH,600097,2.04,1925,1925
SZ,300240,2.32,1922,1966
SH,600615,0.95,1922,1925
SH,600807,1.67,1920,2159
SH,600802,3.46,1920,1920
SH,603168,2.59,1918,1927
SH,600287,2.33,1918,1918
SH,603900,2.57,1916,1917
SZ,001230,0.29,1915,3269
SH,600491,1.63,1912,1912
SZ,000633,2.48,1910,1910
SZ,301117,-1.01,1909,2980
SH,688721,-7.12,1908,4762
SH,600371,1.4,1908,1908
SZ,920961,1.44,1907,2621
SZ,300637,-7.6,1906,1909
SZ,301212,1.85,1906,2196
SZ,301371,0.49,1906,12743
SZ,920978,0.59,1903,3394
SZ,002105,2.35,1903,1912
SH,603285,-2.82,1901,4882
SZ,920247,2.14,1899,2618
SH,688613,1.39,1898,1898
SH,603182,2.04,1897,1897
SZ,300074,1.47,1897,1899
SH,688132,0.73,1897,1897
SZ,300575,0.92,1894,2618
SH,688251,-0.36,1893,1906
SH,688156,-0.26,1892,1892
SZ,300844,2.73,1892,1963
SZ,920510,2.39,1890,3704
SZ,002999,1.85,1889,1912
SH,603616,1.87,1887,1901
SH,600107,-0.75,1886,1886
SZ,300295,4.07,1885,2133
SH,603385,4.43,1884,1884
SZ,002253,2.52,1881,2022
SH,603982,2.59,1881,2023
SZ,920111,1.51,1878,3871
SH,600774,1.76,1878,1879
SH,688013,2.34,1878,1878
SZ,300211,0.48,1877,1912
SH,688272,-0.79,1877,1877
SZ,920699,0.39,1876,4101
SZ,301103,1.85,1876,2437
SZ,000020,1.47,1871,2925
SZ,002656,2.26,1868,1938
SH,603880,1.89,1867,1867
SH,603356,-1.74,1867,1867
SH,688811,0.45,1862,10139
SZ,002524,1.68,1859,1876
SH,605180,0.92,1859,1859
SZ,920125,2.07,1857,6329
SH,688203,2.23,1857,1857
SZ,002622,3.76,1856,1856
SH,603718,2.51,1856,1864
SZ,300423,2.58,1856,2771
SZ,301428,-0.77,1856,2629
SH,600444,2.26,1855,1855
SZ,000985,1.78,1855,1855
SH,688060,2.02,1854,1854
SH,600238,1.96,1852,1865
SH,600706,2.39,1852,1859
SZ,920879,1.15,1850,2473
SZ,002652,1.69,1849,1849
SZ,300807,1.66,1848,2421
SZ,002486,1.35,1846,1855
SZ,002873,1.99,1846,1880
SH,603208,4.69,1845,1845
SZ,300412,1.55,1843,1961
SZ,001237,-0.39,1843,7845
SH,600678,1.93,1843,1843
SZ,002598,0.63,1842,2007
SZ,301520,-7.89,1838,5236
SZ,000705,2.36,1836,2175
SH,600235,2.35,1834,1834
SZ,301208,1.17,1833,3330
SH,603282,1.93,1833,1833
SZ,300967,1.45,1833,2755
SZ,002995,-4.06,1830,2889
SH,603041,2.46,1830,1830
SH,600892,0.93,1829,1829
SZ,301299,0.99,1828,2476
SH,688426,3.77,1824,1828
SZ,300659,2.45,1822,2508
SH,600080,2.52,1822,1822
SZ,301335,2.49,1821,2633
SZ,002742,2.66,1818,2374
SZ,920405,2.15,1818,2334
SZ,300599,2.44,1816,3460
SZ,300881,0.6,1814,3476
SH,603810,1.76,1812,1812
SZ,002778,1.52,1812,1831
SH,603825,0,1811,1811
SZ,300897,-7.54,1811,2900
SH,605336,0.82,1810,1810
SZ,002800,1.49,1810,1864
SH,600051,2.65,1809,1809
SZ,300906,0.48,1809,2003
SZ,300437,2.66,1809,2553
SZ,300150,1.56,1808,2282
SZ,301052,3.06,1807,2230
SH,603418,1.23,1805,8426
SZ,301599,-0.56,1805,14243
SZ,300817,1.34,1804,3143
SZ,301077,1.45,1803,3213
SZ,002205,2.21,1803,1803
SH,600303,-1.84,1802,1818
SH,603325,1.33,1800,4213
SZ,002968,3.43,1798,1910
SH,688096,-1.53,1798,1798
SZ,002551,2.08,1797,2486
SZ,300665,0.61,1796,1891
SZ,300902,-0.2,1796,2616
SH,600768,1.82,1795,1795
SH,688189,0.15,1792,1792
SZ,002909,1.51,1792,1837
SZ,002159,1.89,1790,2293
SZ,002753,1.17,1787,2589
SH,603028,1.78,1785,1803
SZ,003030,-4.21,1784,2750
SZ,300916,1.49,1784,2763
SZ,000995,-0.49,1783,1783
SZ,301180,2.26,1783,4344
SH,603506,3.26,1782,1782
SH,600099,2.01,1781,1781
SZ,920914,-1.48,1781,1782
SZ,001356,0.96,1780,4956
SZ,301596,-0.94,1777,4379
SZ,301318,0.42,1777,2580
SZ,001260,2.18,1777,1777
SZ,001266,-1.95,1776,3167
SH,603922,-0.09,1774,1774
SZ,001255,1.86,1774,1998
SZ,300644,1.87,1774,2226
SH,605122,3.31,1774,1774
SZ,301557,-1.91,1770,4414
SZ,001360,0.57,1769,2876
SH,603214,3.57,1768,1768
SZ,301309,2.6,1767,2932
SH,603177,2.49,1766,1766
SH,688616,2.93,1765,1765
SZ,001211,0.53,1762,1888
SZ,002820,4.16,1760,1760
SZ,001234,1.96,1759,2088
SH,600165,-0.4,1759,3878
SZ,300543,1.45,1756,2151
SZ,300650,0.49,1756,2489
SZ,920015,-2.63,1756,5950
SZ,300396,2.06,1756,1759
SZ,002715,0.95,1755,1755
SZ,301024,0.71,1755,1813
SZ,300254,0,1755,1986
SH,688193,1.7,1752,1752
SZ,002817,2.2,1752,1807
SH,688716,0,1752,3048
SZ,920178,0.64,1750,5994
SH,688420,2.07,1747,1747
SZ,002856,0.71,1747,1908
SZ,300743,1.71,1747,2073
SH,600202,2.25,1744,1744
SZ,002630,0.62,1744,1913
SH,600149,1.78,1741,1741
SZ,300675,2.68,1739,1739
SH,688118,0.7,1739,1739
SZ,300883,2.53,1739,1820
SZ,300076,0.49,1738,1738
SZ,002696,3.59,1738,1798
SH,688004,-0.9,1737,1737
SZ,001206,0.93,1737,3005
SZ,000056,1.59,1735,2270
SZ,301585,2.66,1734,2648
SZ,002634,-2.97,1729,1796
SH,688395,3.42,1728,1728
SZ,002760,1.2,1727,1727
SZ,002762,2.77,1725,2889
SZ,301590,0.03,1723,4163
SZ,300717,0.6,1721,1737
SZ,300941,1.39,1721,2846
SZ,300966,-0.12,1719,2585
SZ,002717,0,1719,1820
SZ,000639,5.3,1716,1716
SZ,001366,1.23,1714,1714
SH,600847,2.85,1714,1714
SH,603879,2.37,1710,1710
SZ,300651,1.16,1710,2336
SZ,002972,-3.05,1707,3119
SZ,003017,1.53,1707,2069
SZ,300030,2.29,1704,1936
SZ,002535,3.64,1702,1828
SH,603092,-0.6,1701,19680
SH,603029,2.04,1700,1700
SZ,300081,4.46,1699,1699
SZ,301030,2.82,1698,1700
SH,688670,2.69,1695,1695
SZ,300929,-0.87,1695,1786
SZ,920339,3.22,1695,2468
SH,688026,-0.65,1688,1689
SZ,301198,1.96,1688,1758
SZ,920476,0.14,1688,1783
SZ,301138,1.78,1685,2950
SH,601026,0.53,1685,10003
SH,688092,2.36,1685,1685
SH,603709,4.02,1683,1689
SH,603270,0.04,1682,5210
SZ,000911,0.24,1681,1681
SH,600082,1.15,1681,1712
SZ,002529,2.87,1677,1677
SH,688051,1.93,1677,1677
SZ,000856,2.79,1675,1675
SH,600272,2.25,1675,2750
SZ,002780,1.75,1675,2120
SZ,002209,1.34,1668,2162
SH,603402,-0.46,1666,6663
SZ,300642,1.43,1663,1960
SZ,001285,0.78,1663,7222
SZ,301041,-1.62,1663,2247
SZ,301056,1.18,1660,2516
SZ,002877,1.62,1660,2455
SH,603435,-0.84,1659,21351
SZ,300645,2.15,1655,1688
SZ,002381,1.38,1652,2111
SZ,300989,2.32,1651,2137
SH,605567,2.87,1650,1650
SZ,001268,-1.29,1650,2636
SZ,301010,2.07,1648,1648
SZ,003038,2.03,1646,2446
SZ,301062,2.93,1646,2591
SH,688288,2.36,1645,1645
SZ,001233,1.11,1643,8103
SH,688657,0.4,1641,2623
SH,688681,8.14,1628,1628
SH,688759,-2.58,1627,10171
SH,600448,2.79,1625,1625
SH,688393,3.03,1623,1623
SZ,301121,0.25,1622,3169
SZ,300305,1.82,1620,1892
SH,600180,1.36,1619,1619
SZ,300992,1.67,1617,1977
SZ,001386,1.21,1615,17948
SZ,301556,1.65,1613,4667
SZ,002858,3.31,1611,2040
SZ,300971,1.16,1609,2051
SZ,003027,1.59,1609,2005
SH,600883,2.71,1608,1608
SZ,300245,3.8,1606,1669
SZ,300707,1.36,1605,1949
SH,603860,2.74,1603,1603
SZ,920509,-4.16,1602,3057
SZ,000619,3.26,1598,1959
SZ,300556,1.66,1598,1791
SH,603908,2.52,1591,1591
SZ,301388,1.39,1590,2242
SH,600119,0.69,1589,1589
SZ,301057,0.56,1589,2294
SH,600137,2.9,1589,1589
SH,600778,3.46,1584,1585
SZ,300538,-1.79,1584,2381
SZ,002592,3.44,1582,1706
SZ,300787,3.08,1580,2520
SZ,002963,-1.22,1578,1929
SZ,301586,1.95,1575,2469
SZ,001222,1.6,1574,2659
SZ,301548,0.44,1574,5218
SZ,002802,1.84,1573,1905
SH,603257,-1.33,1572,7578
SZ,300313,1.92,1571,1909
SZ,300837,0.83,1570,2077
SH,603022,2.88,1570,1570
SZ,301063,2.59,1569,1694
SZ,300195,2.68,1563,2110
SH,603789,0,1563,1594
SZ,301141,0.54,1562,4354
SZ,301361,1.65,1562,3226
SZ,301509,1.1,1560,3312
SZ,002360,-1.43,1559,1924
SZ,920892,1.47,1558,1760
SZ,301538,0.22,1558,3913
SZ,300519,-1.15,1556,2182
SZ,003005,2.08,1555,2835
SZ,002629,2.39,1554,1828
SZ,000663,2.42,1553,1707
SH,600697,3.2,1552,1589
SH,603231,1.74,1551,2795
SZ,301360,-1.33,1551,3178
SZ,301231,3.09,1551,2000
SZ,920021,0.64,1550,1934
SH,688078,2.41,1548,1548
SZ,920839,1.11,1547,2804
SH,603120,-7.26,1546,3688
SZ,300923,2.74,1546,1592
SH,603272,0.4,1543,1543
SZ,300854,-1.52,1541,1890
SZ,300112,1.41,1537,1863
SZ,300169,13.39,1533,1725
SZ,300472,1.8,1530,1712
SZ,920174,3.28,1529,5943
SH,688466,4.34,1528,1528
SH,688509,2.85,1528,3057
SH,688058,1.57,1525,1525
SH,688565,2.52,1524,1524
SZ,920088,-1.57,1524,4122
SZ,300937,-0.37,1522,2244
SZ,300616,3.38,1521,2200
SH,600796,2.95,1520,4229
SZ,300610,3.04,1517,1943
SH,688435,-0.5,1517,2260
SZ,920087,3.02,1513,1523
SZ,300892,13.04,1511,2341
SZ,301587,1.63,1509,3028
SZ,001209,2.02,1508,2064
SZ,301065,1.57,1507,1852
SZ,301032,1.95,1506,2271
SZ,002495,1.88,1506,2030
SZ,301067,-3.39,1506,2294
SH,603255,3.94,1504,3337
SZ,003042,2.7,1502,1735
SZ,920026,3.59,1501,1991
SH,603395,1.27,1501,6003
SZ,002982,1.59,1500,2343
SZ,301135,1.71,1498,1925
SZ,002977,-5.94,1497,2698
SZ,300614,2.87,1495,1495
SZ,000632,7,1494,1494
SZ,300995,1.03,1494,2266
SZ,003028,1.34,1494,3045
SZ,300961,2.51,1492,1741
SH,600493,2.62,1491,1491
SZ,300950,1.27,1487,2331
SZ,301152,3.66,1487,2488
SZ,000929,2.04,1486,1486
SH,603082,-4.87,1485,6098
SZ,301383,2.19,1483,3429
SZ,301618,-0.18,1483,3889
SH,600689,2.64,1479,1954
SZ,301159,0.79,1479,2158
SZ,301107,1.53,1476,2552
SZ,301336,3.76,1473,1903
SZ,002835,2.48,1470,2535
SZ,301680,-0.29,1469,7237
SZ,300220,3.3,1466,1468
SZ,002227,1.02,1463,1474
SZ,001395,0.43,1459,3182
SZ,002790,2.57,1457,2336
SZ,301022,1.93,1456,2156
SZ,002207,4.9,1453,1460
SZ,300625,3.23,1451,2503
SZ,920010,1.09,1450,1960
SZ,002910,3.93,1449,1656
SH,600692,2.9,1446,1995
SZ,301229,2.76,1445,2032
SZ,000677,3.09,1443,1443
SZ,300554,-1.29,1441,2081
SH,600561,2.64,1439,1439
SH,600243,6.49,1439,1439
SZ,300306,1.33,1439,2456
SZ,001202,0,1436,2049
SH,603275,1.38,1435,5140
SH,600818,1.52,1430,1932
SZ,300500,3.27,1430,1484
SZ,301595,1.1,1428,3785
SZ,301581,0.39,1426,2697
SZ,300514,1.84,1421,1774
SZ,002620,2.05,1419,1695
SZ,002789,2.26,1418,1446
SZ,002694,2.6,1416,1503
SZ,301636,1.43,1415,2425
SZ,300845,-0.09,1413,2021
SZ,300789,0.98,1412,2381
SH,688793,1.59,1411,1411
SZ,301203,4.8,1406,2566
SZ,301558,1.43,1405,5049
SZ,301023,1.53,1404,2532
SH,688806,5.48,1404,12674
SZ,301633,-2.79,1401,3058
SZ,301166,1.35,1401,2140
SZ,001221,2.34,1401,15560
SZ,300314,1.78,1397,2799
SZ,002581,3.26,1395,2296
SZ,300813,1.22,1392,2218
SZ,300977,2.8,1392,2235
SZ,300268,2.46,1391,1812
SZ,002306,0,1390,1487
SH,688781,-0.81,1389,34020
SH,688659,4.58,1389,1389
SZ,301036,2.02,1387,1969
SH,688528,3.64,1386,1386
SZ,301098,3.02,1382,1657
SZ,301390,2.03,1381,1689
SH,688021,2.97,1378,1378
SZ,001378,0.99,1376,2827
SZ,920371,5.7,1373,1448
SZ,301100,1.31,1371,3109
SZ,920751,0.98,1370,1431
SZ,300167,5.46,1367,1607
SZ,301505,2.04,1365,1713
SZ,002247,2.91,1364,1804
SH,600476,0.24,1364,1364
SZ,920238,-0.68,1363,6690
SZ,301320,1.62,1363,2171
SZ,301555,-1.08,1361,2598
SZ,301508,1.49,1361,5229
SZ,301518,2.39,1360,3369
SZ,301130,1.19,1357,1759
SZ,002144,1.54,1357,1743
SZ,301683,0,1356,5999
SZ,002513,1.3,1353,1758
SZ,003008,2.37,1345,1799
SZ,301303,0.77,1340,5359
SZ,301210,-0.27,1338,3504
SZ,000010,2.68,1336,1759
SZ,300935,-1.37,1334,1759
SZ,003011,1.4,1334,1782
SH,688450,-2.25,1333,1799
SZ,000637,3.4,1331,1898
SZ,301129,1.91,1330,2678
SZ,001387,3.55,1326,2083
SZ,300640,2.39,1324,1866
SZ,001296,3,1322,2565
SH,688067,3.46,1322,1322
SZ,301512,-1.26,1322,2026
SZ,301278,2.02,1322,2306
SH,603062,1.28,1320,3845
SZ,001358,5.42,1318,3186
SZ,920083,-5.5,1318,3094
SZ,301507,1.18,1318,4268
SH,688022,1.08,1317,1317
SZ,001226,1.31,1316,2896
SZ,300371,2.62,1315,1889
SZ,301667,0.69,1312,6173
SZ,301167,3.25,1311,1389
SZ,300621,3.86,1308,1344
SZ,301276,-1.14,1307,2344
SZ,002883,1.55,1306,1330
SZ,000702,1.88,1304,1695
SH,603248,1.84,1304,8386
SH,688805,1.78,1302,6508
SZ,300549,1.9,1298,1712
SZ,920701,7.95,1293,1770
SZ,300155,2.08,1291,2200
SH,688329,2.52,1289,1289
SZ,000610,1.86,1288,1295
SZ,301355,2.22,1285,1795
SZ,002691,2.96,1283,1299
SZ,002591,1.77,1283,1723
SZ,920837,1.52,1282,1431
SZ,002200,2.67,1280,2950
SZ,920857,0.23,1280,1280
SZ,920682,1.25,1278,2204
SZ,301227,1.23,1278,2273
SZ,301009,2.67,1278,2300
SZ,002809,2.04,1276,1804
SZ,920821,3.61,1276,2423
SZ,300564,3.12,1272,1813
SZ,001239,1,1269,2671
SZ,300928,2.47,1267,1892
SZ,300635,2.24,1267,1473
SZ,920953,-1.39,1262,2699
SZ,301601,1.85,1254,2085
SZ,300670,2.58,1249,1762
SZ,920533,1.43,1248,2232
SZ,002494,1.64,1245,1638
SH,603293,1.32,1236,6309
SZ,920284,9.52,1234,1928
SZ,920211,2.22,1228,3641
SZ,301156,1.95,1226,1914
SZ,300838,1.86,1225,1661
SZ,301298,2.63,1225,1662
SZ,920523,3.21,1224,1530
SH,688712,-2.1,1223,13744
SZ,300828,1.33,1221,2408
SZ,301295,7.16,1219,4179
SZ,300865,2.02,1219,2028
SZ,301501,3.33,1216,4134
SZ,001277,1.68,1215,2028
SZ,300994,2.97,1214,2426
SZ,301097,-0.41,1214,2529
SZ,001278,2.16,1212,1758
SZ,920046,2.13,1208,2185
SZ,002188,2.4,1207,1534
SZ,300594,2.24,1207,1218
SZ,301233,2.88,1196,2180
SZ,920237,3.81,1195,1218
SH,600543,1.36,1195,1195
SH,603207,0.97,1194,3514
SZ,920119,1.19,1194,4537
SZ,920207,-0.04,1187,1943
SZ,920225,-0.13,1185,1817
SZ,301131,1.72,1183,1652
SH,688576,0.66,1182,2474
SZ,920403,3.6,1179,1983
SZ,002888,0,1179,2322
SZ,300126,2.01,1178,1699
SH,603350,2.58,1177,3108
SZ,920304,0.94,1175,1460
SZ,301288,3.3,1174,1623
SZ,920274,1.91,1173,1173
SZ,301503,1.9,1172,2114
SZ,301591,-0.6,1171,2865
SZ,301329,0,1171,3018
SH,603391,-1.43,1167,4669
SH,688592,0.57,1165,2446
SZ,003003,2.07,1161,1742
SZ,920425,2.12,1160,1409
SZ,301502,0.95,1155,2795
SZ,920033,3.11,1155,1661
SH,603344,-0.36,1155,4157
SZ,920089,1.47,1152,2023
SZ,920489,0.15,1148,1804
SZ,920039,0.81,1147,1147
SZ,001319,2.15,1147,2555
SZ,920273,5.15,1147,1724
SZ,300605,2.37,1146,1498
SZ,301515,1.25,1145,1695
SZ,301469,1.56,1143,2220
SH,600365,0.75,1141,1212
SZ,301372,2.4,1140,1898
SZ,301272,2.06,1135,1794
SZ,301584,0.05,1134,8898
SZ,300430,1.4,1133,1190
SH,603276,1.56,1132,3109
SZ,301395,0.34,1124,2144
SZ,301516,-0.8,1121,4483
SH,603370,0.69,1119,5597
SH,688217,3.04,1116,1116
SH,603352,0.94,1115,5576
SH,688790,0.47,1113,8741
SZ,001382,3.65,1109,7251
SZ,920171,1.99,1108,1643
SZ,300517,2.69,1108,1760
SZ,301300,1.99,1106,1840
SZ,300915,3.4,1102,2410
SH,688130,0.88,1101,2209
SZ,301001,2.68,1100,1749
SZ,920152,-0.29,1099,1474
SZ,920252,5.87,1096,1649
SZ,300405,3.74,1092,1419
SZ,300713,1.83,1092,1939
SZ,920249,1.16,1087,3677
SZ,001326,-1.62,1087,3312
SZ,920566,1.69,1083,1393
SZ,300930,1.92,1073,2277
SZ,920807,0.46,1072,1579
SZ,300535,2.8,1071,1413
SZ,301491,0.46,1071,4834
SZ,300851,2.02,1070,1886
SZ,301359,2.11,1065,1799
SZ,002872,1.02,1064,1574
SZ,920981,-0.99,1062,2111
SZ,301378,0.17,1056,2221
SZ,301446,2.2,1055,3531
SH,603004,-1.37,1053,4211
SZ,001373,2.37,1051,1720
SZ,920592,2.37,1043,1676
SZ,001336,2.41,1040,1691
SZ,300899,1.49,1034,1611
SZ,300152,0,1034,1034
SZ,920199,-10.03,1029,1848
SZ,920099,-7.01,1025,1658
SZ,301539,2.34,1018,2007
SZ,300804,0,1018,2739
SH,688184,1.37,1016,1622
SZ,300958,1.27,1013,1744
SZ,300886,-1.05,1013,1611
SZ,301006,2.11,1013,1683
SH,603334,1.76,1012,4566
SZ,301113,1,1010,1667
SZ,920985,1.77,1009,1424
SZ,002193,2.39,1008,1008
SZ,001312,0.34,1000,4083
SZ,920429,2.92,999,1095
SZ,300338,5.56,997,1147
SZ,002514,1.69,997,1296
SZ,920167,2.49,997,1678
SZ,001379,1.02,997,2962
SZ,300949,3.31,995,1740
SZ,301157,-1.12,990,2875
SZ,920062,2.05,990,1406
SZ,920642,0.61,990,1026
SH,603359,2.31,986,986
SH,603406,1.4,985,10748
SZ,920885,1.18,983,1898
SZ,920786,17.72,982,1486
SZ,920184,1.21,974,1436
SH,688651,1.02,974,2123
SZ,920419,3.82,972,1038
SZ,920932,2.21,970,1171
SH,603729,2.14,968,968
SZ,920018,0,966,2781
SZ,920792,0.42,965,1573
SZ,920526,1.1,964,1522
SZ,301418,-1.2,960,2391
SZ,920206,-0.56,958,2490
SZ,920396,0.81,953,1342
SZ,920124,1.47,950,1846
SZ,001279,0.9,946,3786
SZ,920651,-0.21,943,1388
SZ,920270,1.14,940,1209
SZ,002719,3.39,939,1010
SZ,301616,1.44,938,2642
SZ,920357,0.34,938,1551
SZ,301105,8.1,929,2344
SZ,301577,-1.33,926,2213
SZ,920098,1.03,926,1360
SZ,920415,1.07,924,1200
SZ,920367,-6.11,915,1545
SH,688701,3.03,913,913
SZ,920496,3.47,909,1038
SZ,920436,1.39,909,967
SH,688695,1.98,908,1446
SH,688816,0.36,903,4682
SH,603409,1.95,901,3140
SZ,920726,8.42,900,1631
SZ,920161,1.55,892,3287
SH,603190,2.25,891,2699
SZ,920223,1.02,887,1708
SZ,301173,1.09,883,2516
SZ,920028,-0.06,882,2230
SZ,301192,3.47,881,1813
SZ,920100,0.76,869,3276
SZ,920169,0.65,868,1379
SZ,920012,-1.38,862,2202
SZ,920924,0.08,861,1413
SH,603205,1.67,856,3229
SZ,920694,3.95,855,1807
SZ,920156,-0.04,855,4099
SZ,920020,0.92,854,3455
SZ,920505,1.28,853,1535
SZ,301386,0.96,850,2645
SZ,920926,0.28,850,937
SZ,920193,1.66,847,3741
SZ,920195,1.01,846,1172
SZ,920220,0.25,846,2701
SZ,300904,3.73,844,2801
SZ,920541,1.2,838,1271
SZ,001225,-0.96,836,2605
SZ,920266,-1.67,833,872
SZ,920693,-2.98,833,1654
SZ,920130,-0.67,831,1338
SZ,920122,1.42,830,2048
SZ,920770,1.92,828,1316
SZ,920275,2.46,824,996
SZ,301399,0.68,815,2757
SZ,301519,2.21,811,1723
SZ,301459,2.07,809,3228
SZ,301598,1.26,806,2705
SZ,920227,0.15,805,1768
SH,688573,5.3,804,1477
SZ,300417,3.22,803,1293
SZ,920027,0.54,803,1147
SZ,301170,2.03,800,2106
SZ,920873,0.61,797,1020
SZ,920748,1.95,791,1647
SZ,920519,1.33,788,886
SZ,920433,0.22,787,1190
SZ,920855,0.78,784,874
SZ,920378,-0.28,777,1086
SZ,920221,2.36,776,1490
SZ,301049,3.51,771,1697
SH,688638,3.26,771,1631
SZ,301037,2.54,769,1572
SZ,920556,2.65,767,1059
SH,603376,1.66,765,9560
SZ,920663,0.93,763,1589
SZ,920006,-0.3,760,1436
SZ,001335,0.78,758,2782
SH,603075,-0.42,757,7384
SZ,301668,2.88,757,3421
SZ,920974,0.86,751,958
SH,603073,1.65,751,1712
SZ,920260,1.48,748,783
SZ,001306,2.36,741,3008
SH,603273,1.85,741,2831
SZ,920832,1.37,736,824
SZ,920079,-5.23,733,6782
SZ,920689,1.31,731,1414
SH,603284,2.65,730,2980
SZ,920058,0.46,730,1482
SZ,920078,0.32,728,2239
SZ,920639,2.01,723,1228
SZ,001396,1.24,722,3399
SZ,920299,2.65,722,1433
SZ,920092,0.54,716,1375
SZ,920395,1.49,715,1038
SZ,920833,0.73,713,944
SZ,920870,0.75,712,1445
SZ,920263,1.17,711,979
SZ,920703,1.2,710,1403
SZ,920575,2.74,704,1054
SZ,920163,-1.01,703,1491
SZ,920363,0.91,702,1235
SZ,920943,1.12,701,1374
SZ,920242,1.46,698,1247
SZ,301533,1.4,698,2412
SZ,920370,1.54,693,793
SZ,920976,1.95,693,1114
SZ,920942,3.56,687,1015
SZ,001325,1.57,686,2744
SZ,920176,-20.54,685,5072
SZ,301429,2.1,685,1838
SZ,920081,-1.2,682,2897
SZ,920181,0.34,681,2938
SZ,920706,1.58,675,1340
SZ,920564,0.51,675,1467
SZ,920375,1.23,673,1126
SZ,920720,1.23,671,2403
SZ,301449,0.74,670,2978
SZ,301567,0.87,667,2261
SZ,920627,4.94,666,1343
SZ,920123,-0.65,666,1167
SZ,920478,2.06,665,1094
SZ,920925,-0.07,660,1176
SZ,301578,-0.49,660,2320
SZ,920547,1.87,659,1356
SZ,920245,1.48,658,854
SZ,301314,0.67,654,1980
SZ,920346,0.76,652,1171
SZ,301353,2.92,648,2014
SZ,920008,3.6,647,1210
SZ,920634,0.19,646,1019
SZ,920061,1.55,645,1160
SZ,920445,1.54,642,880
SZ,920866,1.81,641,1013
SZ,920101,0.92,641,2054
SZ,920187,0.47,639,1742
SZ,920765,-0.32,639,1052
SZ,920781,1.15,637,818
SZ,301575,1.68,634,3155
SZ,920579,0.71,632,1836
SZ,920118,4.16,628,1037
SZ,300784,1.33,626,2094
SZ,920608,0.78,626,808
SZ,920300,0.86,622,803
SZ,920175,1.69,622,933
SZ,920475,1.2,616,1108
SZ,920570,-0.11,611,1203
SZ,920527,1.16,610,787
SZ,920014,0.78,606,1102
SZ,920204,0.83,606,1143
SZ,920876,0.13,605,990
SZ,920278,0.49,604,1068
SZ,920553,1.43,598,917
SZ,920117,0.45,582,2587
SZ,920471,2.16,576,904
SZ,920580,1.56,570,894
SZ,920469,4.56,569,775
SZ,920719,1.86,569,712
SZ,920086,0.24,561,1715
SZ,920578,0.64,561,1208
SZ,920096,0.5,559,2380
SZ,920675,2.18,556,1212
SZ,301287,1.62,556,2176
SZ,920992,0.8,556,1097
SZ,920112,0.38,556,1894
SZ,920057,1.71,555,863
SZ,920679,1.17,549,824
SZ,920455,2,546,995
SZ,920641,0.25,544,901
SZ,920856,-3.79,538,965
SZ,920906,0.69,538,1047
SZ,920005,5.91,532,2053
SZ,920271,1.67,530,1197
SZ,920665,0.73,529,1072
SZ,920146,2.12,523,651
SZ,920454,1.74,519,1108
SZ,920075,1.73,517,953
SZ,920090,0.58,512,686
SZ,920198,-1.62,512,1172
SZ,920262,2.24,510,1096
SZ,920834,1.76,507,970
SZ,920069,2.58,506,1810
SZ,920374,1.49,500,1227
SZ,920729,1.43,495,1746
SZ,920753,1.61,495,1232
SZ,920160,0.31,494,2195
SZ,920056,1.85,493,1305
SH,688121,2.1,492,568
SZ,920023,5.17,492,599
SZ,920662,-0.54,492,1593
SZ,920826,6.95,491,1103
SZ,920030,1.4,489,778
SZ,920149,1.45,486,587
SZ,920871,1.88,485,875
SZ,920810,1.17,484,743
SZ,920508,1.27,483,909
SZ,920392,1.75,483,1027
SZ,920050,1.41,482,1804
SZ,920212,1.31,477,981
SZ,920267,2.41,474,828
SZ,920407,1.16,472,1160
SZ,920779,15.14,470,1881
SZ,920230,1.56,462,983
SZ,920126,0,461,1920
SZ,920082,2.17,458,1630
SZ,920076,1.14,458,1455
SZ,920145,0.65,456,658
SZ,920166,0.69,452,1431
SZ,920718,1.36,451,879
SZ,920177,0.54,451,1273
SZ,920136,-0.6,441,1682
SZ,920950,1.57,439,901
SZ,920656,0.37,436,1348
SZ,920091,0,435,1845
SZ,920158,1.38,431,1613
SZ,920055,1.08,431,1916
SZ,920351,0.37,430,950
SZ,920188,0.28,424,1779
SZ,920016,2.33,420,945
SZ,920427,1.23,420,851
SZ,920110,4.34,418,1004
SZ,920128,0.88,418,1396
SZ,002731,1.12,413,461
SZ,920970,1.38,413,653
SZ,920072,-0.2,407,2157
SZ,920180,1.06,407,1347
SZ,920159,2.2,394,2082
SZ,920957,0.99,392,986
SZ,920007,3.12,376,1575
SZ,920036,0.35,374,1558
SZ,920802,1.5,368,832
SZ,920035,0.61,362,1597
SZ,920218,0.53,360,1601
SZ,920009,-0.38,356,2738
SZ,920011,0.85,354,1574
SZ,920191,1.62,350,1556
SZ,920717,-5.9,345,895
SZ,920066,1.1,329,1041
SZ,920895,1.6,328,646
SZ,920222,-1.53,326,2415
SZ,920121,0.85,325,1807
SZ,920003,1.53,322,1499
SZ,920022,1.69,310,1126
SZ,920132,1.84,303,894
SZ,920504,1.16,284,721
SZ,301139,17.95,280,447
SZ,920931,2.58,275,898
SH,688496,4.67,266,504
SZ,920305,-26.31,34,56
