market,code,chg_pct,vol_rank,amt_rank
SH,601288,-0.14,2062318,2260890
SH,601398,0,2038268,2694431
SH,601857,0.09,1727709,1952834
SZ,300750,1.54,1703947,1850569
SH,600519,-3.63,1616468,1616468
SH,601138,3.08,1353962,1353962
SH,601988,0.34,1243517,1901053
SZ,300308,6.15,1111083,1170939
SH,600036,-0.67,788026,963398
SH,601628,2.06,782965,1062753
SH,688256,5.76,726307,726307
SH,601899,2.55,687276,887066
SH,600900,-0.49,684131,684131
SH,688041,2.78,671269,671269
SZ,000333,-0.5,568750,630207
SZ,002371,3.7,555412,555856
SH,601318,0.1,552191,937976
SH,601728,0.61,513133,604862
SH,600028,0.2,474710,605837
SZ,002475,3.99,431007,455293
SH,603259,4.8,412766,497959
SH,601166,-1.1,377334,377334
SH,688012,3.46,365403,371470
SH,601658,-0.19,356112,589667
SH,600183,0.89,348474,350967
SH,600276,0.48,337258,350909
SH,600030,0.84,335342,430292
SZ,002415,0.6,317427,321595
SH,601998,-0.12,313467,427911
SZ,002594,1.1,313377,819454
SZ,300394,7.04,311888,312587
SZ,002384,6.08,301747,398668
SH,600000,-0.65,301085,301085
SH,603986,6.35,296810,311575
SZ,000858,-1.62,281604,281611
SH,688981,2.93,273460,1170810
SZ,300059,0.56,261458,309799
SZ,002916,3.94,261204,267630
SH,600150,0.69,253237,253237
SH,601319,0.73,245289,305588
SH,601225,-0.54,244605,244605
SH,601211,0.5,242622,317162
SZ,002463,3.15,240524,240719
SZ,300476,2.48,238794,271249
SH,601816,-0.4,238757,238757
SH,600309,0.12,228931,228931
SZ,002938,3.29,227616,228277
SZ,000651,-0.02,220273,223440
SZ,000001,-0.08,215403,215406
SZ,000725,4.65,215032,225230
SH,600919,-0.33,213242,213242
SZ,002142,-0.02,212436,212570
SH,601601,0.77,206378,290053
SH,688072,4.48,203259,209001
SH,601919,3.77,200528,243832
SH,603288,-1.11,196929,207244
SH,688498,5,196014,198579
SZ,300274,1.78,188598,246298
SH,600406,1.38,188593,189148
SH,600176,4.35,183964,185425
SZ,300433,3.5,183829,195261
SZ,300760,-0.5,181248,181418
SH,601668,-0.9,180157,180157
SH,601328,0.29,179900,609710
SH,600025,-0.51,178113,178113
SH,600989,0.17,168154,168154
SH,601066,0.9,167393,199890
SH,601985,-0.1,165606,180381
SZ,301165,2.85,164818,164818
SH,600487,3.3,159634,160463
SH,600887,-1.09,158796,159589
SH,600031,-0.26,158471,171947
SZ,002281,4.3,157070,165363
SZ,002352,-0.66,156067,171228
SH,600111,0.28,154653,154653
SH,600584,9.07,153621,153621
SH,601869,6.01,153003,311739
SZ,000338,3.91,152706,266205
SH,688082,4.29,152061,153712
SZ,003816,0.26,151834,194925
SZ,300124,1.26,149367,167790
SZ,000792,-0.8,148374,148376
SZ,300604,6.9,148099,195334
SH,601100,2.39,145908,145908
SH,601766,1.53,145237,171332
SH,600809,-3.7,145103,145103
SZ,000063,2.77,145075,172303
SH,601872,4.93,144453,144453
SZ,002050,1.88,144025,164197
SH,603256,4.38,141575,145575
SH,601688,-0.09,141532,174850
SH,601009,0.81,139337,139337
SH,601818,-0.32,138756,176666
SH,688120,5.32,137688,137688
SH,600999,1.55,135971,159320
SH,600690,-1.23,134378,201525
SH,601229,0.11,133991,133991
SH,600050,-0.45,133879,135062
SH,603019,1.34,132494,132500
SH,600188,-0.44,131686,221714
SZ,300857,1.19,131038,131712
SH,688361,13.68,129801,129801
SZ,002714,0,128891,226821
SZ,301200,3.72,127946,147133
SH,601898,-0.56,127853,185224
SZ,000568,-3.42,127026,127099
SH,601600,3.02,125960,163658
SZ,000776,2.12,125225,165965
SZ,000408,2.25,124586,124588
SH,688506,-0.85,123614,123614
SH,600489,4.99,123510,123510
SH,600019,-0.16,122917,125029
SH,600346,1.93,122903,122903
SH,600522,0.98,122525,122525
SH,601336,1.33,122102,182649
SH,688525,6.11,121089,121089
SH,600016,-0.28,120926,149298
SZ,300014,1.35,120834,124313
SZ,002493,1.43,119247,127565
SH,688521,9.18,119015,119015
SZ,300442,2.38,118774,119123
SH,688111,-0.38,118528,118528
SZ,000977,2.39,118344,118477
SH,600018,0.39,118326,118495
SZ,301308,3.15,118169,180143
SH,600926,-0.17,117796,117796
SZ,000938,2.7,117349,117349
SH,600104,-0.29,115757,115757
SZ,002353,10,114780,170052
SZ,000988,3.52,114227,114285
SH,601698,1.77,113889,113889
SH,600673,3.07,112769,113069
SZ,002028,10,111863,143328
SH,600660,-1.07,111486,145258
SH,600160,0.17,110258,110258
SH,688347,6.59,110060,469047
SZ,301217,7.45,109612,109612
SH,600547,2.59,108795,138759
SH,600905,-0.26,106346,106346
SH,601888,-0.05,105492,112263
SZ,002156,10.01,105099,105109
SH,601169,-0.19,104658,104658
SZ,000100,0.97,104414,107956
SZ,002080,3.45,104044,104044
SZ,300033,2.49,103465,177623
SH,600886,0.51,103240,110862
SZ,000166,0.44,102537,113932
SZ,000657,3.22,102454,160619
SH,601995,0.72,102441,169147
SH,600015,-0.29,101402,104879
SH,600893,1.95,100209,100226
SH,688183,1.97,99070,99070
SH,600362,6.97,99031,165241
SH,601939,0.59,98815,2694484
SH,600938,0.67,98341,1563260
SZ,002736,0.4,96509,102827
SZ,002008,1.79,96409,103753
SH,601633,0.19,96102,132644
SZ,002602,-3.62,95631,103706
SH,603228,-1.09,95177,97046
SH,601168,5.92,93747,93747
SZ,002600,2.29,93456,105401
SH,601006,0.21,93356,93356
SZ,000807,3.09,92628,92629
SZ,002230,0.38,91847,100743
SH,600549,3.47,90750,92715
SH,603893,3.69,89488,89499
SH,600795,-1.18,89178,89178
SH,688271,-0.54,88844,88844
SH,601390,0.23,88816,107202
SH,601881,0.25,88659,133837
SZ,000538,-0.45,88292,88856
SH,688200,7.13,87769,87769
SH,601689,1.62,87431,87431
SZ,000617,0.44,87357,87357
SZ,002001,2.07,86975,88023
SZ,002648,2.14,86855,86911
SH,600941,-1.72,86684,2082406
SZ,300757,2.91,86323,89000
SZ,000895,0.73,85843,85854
SH,688702,5.8,85602,172897
SH,601727,0.6,85156,104896
SH,688396,3.95,83850,83850
SZ,000301,0.4,83662,83698
SH,601127,-0.1,82750,92569
SH,601868,0.39,82693,112812
SH,600118,3.02,81426,81426
SH,603799,1.68,81280,81535
SH,601825,-0.34,80808,83135
SZ,300620,1.49,80805,81407
SH,600236,0.69,80243,80243
SH,601991,-0.76,79707,118998
SZ,001289,0.45,79058,131082
SH,688002,1.67,78575,78575
SH,600436,-1.81,78540,78540
SZ,300475,6.81,77402,80756
SH,600482,7.4,76712,76712
SH,601838,-0.16,76419,76419
SH,688126,3.47,76168,88575
SH,600011,0.73,75774,108160
SZ,000630,4.46,75661,91050
SZ,002179,-0.71,75094,75231
SZ,002311,0.27,74531,74603
SH,688519,2.1,74199,74199
SZ,300661,0.2,74168,84489
SH,600674,0.53,73655,73655
SH,600039,1.44,73652,73652
SZ,000636,1.13,73401,73401
SZ,002202,3.97,73190,91910
SH,688313,13.67,72318,72318
SZ,002466,0.18,72045,83639
SZ,001309,7.19,71854,98767
SH,603195,-0.64,71665,71795
SZ,000425,-0.37,71644,93221
SZ,002428,7.93,71605,71615
SH,601179,3.26,71506,71506
SZ,002027,-2.55,71489,71489
SH,688629,4.5,71468,72594
SZ,300759,2.02,71158,92066
SH,600703,4.2,70595,70595
SZ,000426,4.2,70085,70102
SH,600010,-0.44,69840,100854
SH,688037,2.74,69817,69817
SZ,000708,0.07,69650,69651
SZ,002241,1.05,69552,78541
SH,601186,-0.16,69480,82020
SH,603296,1.09,69398,131758
SH,688766,13.38,69296,69296
SH,601800,-0.33,69282,95823
SH,601231,4.93,69160,69160
SH,688585,2.42,69128,69128
SH,600585,0.06,69088,91663
SZ,300015,-0.33,69068,80720
SH,601111,-0.16,68665,120906
SH,688409,6.98,68646,68646
SH,600958,0.33,67972,77319
SZ,000975,4.46,67926,74636
SH,600988,2.51,67854,77499
SH,600026,5.99,67755,96840
SH,603156,3.19,67236,67236
SZ,000021,5.89,67059,67068
SZ,001979,-0.78,66878,67981
SZ,000831,3.02,66634,66634
SZ,002851,3.12,66624,79269
SZ,002837,2.8,66347,74792
SZ,300223,8.2,65720,75157
SH,600023,-0.4,65569,65569
SH,601360,-1.15,65516,65516
SH,600415,2.23,65364,65364
SZ,000960,2.59,65176,65176
SZ,002625,-0.78,65047,65047
SH,601018,-0.59,64589,64589
SZ,300548,12.5,64432,64562
SH,600233,-0.62,64303,64303
SZ,000703,0.48,64108,64432
SH,600066,0.91,64094,64094
SH,688036,0.69,63776,63776
SH,600875,3.98,63329,96765
SZ,002185,5.67,63130,63145
SZ,300285,3.68,62761,73353
SH,601916,-0.67,62694,79922
SH,600048,-0.94,62486,62486
SZ,300765,9,62420,62420
SZ,001965,-0.64,62107,62107
SZ,002595,4.13,61896,62327
SH,601669,-0.2,61305,80791
SZ,002128,1.38,61105,85228
SZ,002422,3.5,60632,74274
SZ,300054,6.78,60511,77600
SZ,002709,1.44,60421,81624
SH,688147,6.85,60241,60241
SH,600115,0,60098,77970
SZ,002304,-1.86,59985,59987
SZ,000768,0.79,59971,60061
SH,688019,5.53,59811,59811
SZ,000933,2.83,59695,59734
SZ,300666,5.44,59661,74463
SH,688630,7.11,59124,65750
SH,601061,2.73,58947,58947
SH,688048,6.69,58680,58680
SZ,002436,9.99,58137,65097
SH,600438,0.86,58121,58121
SZ,300136,3.07,58094,68117
SH,601077,-0.45,57802,74275
SZ,002064,4.49,57592,57714
SZ,002049,0.6,57585,57593
SH,600426,1.5,57521,57529
SZ,002484,0.23,57392,59494
SH,601788,0.62,57272,67594
SH,600009,-0.21,57219,57405
SH,601901,-0.13,56719,56719
SH,600460,3.97,56662,56662
SH,600221,0,56556,57045
SH,600885,0.41,56255,56255
SZ,002821,3.46,56155,63902
SZ,300316,4.3,55863,59400
SH,600219,2.75,55811,55811
SH,688110,7.6,55735,55735
SH,601233,2.67,55686,55788
SZ,002532,3.2,55648,62719
SZ,301358,5.55,55490,61545
SZ,300450,1.73,55172,59234
SH,688469,1.84,55117,78713
SH,600580,2,54922,55080
SH,688548,6.41,54755,54755
SZ,300567,7.64,54605,67279
SH,600372,0.18,54583,54583
SH,688432,6.39,54538,54538
SZ,002920,0.7,54454,54471
SZ,301269,3.41,54333,54333
SH,600879,3.52,54273,54273
SH,600601,2.61,54172,55516
SZ,300373,3.53,54095,54215
SH,688578,-0.29,54018,54018
SZ,301526,3.39,53999,144990
SH,600378,3.24,53929,64861
SH,600096,2.25,53851,53851
SH,600803,1.74,53755,54166
SH,601059,-0.11,53737,53737
SZ,300058,1.99,53560,55289
SH,603659,1.63,53540,53540
SH,601877,-0.43,53509,53509
SH,600498,2.03,53065,56676
SZ,300418,2.48,52537,57441
SH,603083,2.32,52420,70045
SH,600497,2.38,52067,52067
SZ,002636,5.31,51709,51972
SZ,002558,-5.71,51676,51676
SH,688234,8.18,51668,58271
SZ,000963,-0.93,51609,51630
SH,603629,3.88,51526,52383
SH,688375,2.98,51460,51460
SZ,300803,1.64,51351,51729
SH,600350,-2.02,51343,51343
SH,688627,8.62,51017,51017
SH,600895,0.64,50967,50967
SH,600418,-4.64,50877,50877
SH,600196,-0.82,50865,64117
SZ,002409,5.15,50648,75677
SZ,000783,1.11,50545,50545
SH,601377,0.17,50521,50521
SZ,001872,2.01,50166,54086
SH,601208,3.96,50105,50105
SH,600667,3.97,49904,49904
SZ,000066,1.27,48996,49000
SZ,000157,0,48993,59934
SZ,300395,1.98,48820,50076
SH,601699,-0.66,48790,48790
SZ,003031,10,48673,64541
SH,603979,1.23,48400,48400
SH,600741,-0.51,48300,48300
SZ,300390,0.49,48097,56159
SH,688729,3.51,47902,80982
SZ,002414,1.15,47852,60132
SH,688331,2.31,47687,75634
SZ,002074,1.03,47656,49796
SZ,002812,1.87,47391,56534
SH,601298,1.04,47342,56992
SH,600206,10,47288,47288
SH,600726,-2.48,46870,49579
SH,688223,2.05,46110,46110
SH,601618,0.78,46060,53384
SH,605376,4.22,45953,45953
SH,601607,-0.71,45938,61077
SH,601058,3.1,45935,45935
SZ,301377,3.37,45763,196290
SH,600985,-2.64,45462,45462
SH,600377,-0.16,45360,60100
SH,601117,0.41,45234,45364
SH,688220,5.55,45110,45110
SH,688146,3.04,44957,164176
SH,603129,2.46,44817,44817
SH,688728,6,44569,44600
SH,601198,0.44,44220,44220
SZ,000811,10,44116,44751
SH,688336,0.81,43727,43727
SH,600930,-0.97,43617,169360
SH,601021,1.02,43604,43604
SH,688808,1.53,43513,231513
SH,603260,2.87,43151,43151
SH,600909,3.14,42907,42907
SH,601878,0.32,42765,42765
SH,603268,2.25,42755,186731
SH,688187,-0.31,42655,65324
SH,600352,3.72,42619,42619
SH,688099,3.53,42425,42425
SZ,002407,0.08,42361,46653
SH,600392,1.09,42348,42348
SH,601212,4.23,41985,41985
SH,600027,0.22,41931,52834
SH,600570,-0.04,41869,41869
SH,688188,0.08,41732,41732
SH,603650,5.1,41669,41770
SZ,300017,1.38,41579,43849
SH,601108,0.68,41283,41283
SH,600642,0.6,41255,41257
SZ,300672,12.57,41226,42552
SH,603699,1.05,40856,41780
SH,688668,9.13,40834,40834
SH,603806,2.62,40801,40801
SH,600061,0.16,40730,40730
SZ,000999,-1.24,40570,40607
SZ,002850,5.16,40473,55274
SZ,002138,1.11,40455,42566
SH,601555,2.14,40346,40346
SH,600995,1.86,40334,40334
SZ,301511,6.29,40263,63663
SH,688300,1.11,40197,40197
SZ,300346,4.24,40147,42299
SH,601126,5.1,39984,40372
SH,688433,1.42,39958,39958
SH,600021,-0.2,39873,39873
SH,600588,-0.25,39706,39706
SZ,300979,-1.3,39689,39690
SH,688303,0.43,39685,39685
SH,600141,7.17,39681,39681
SH,600578,-1.81,39632,39632
SH,600968,1.04,39542,39542
SZ,002429,2.11,39497,39520
SZ,000559,2.32,39474,39486
SH,688025,2.64,39446,39446
SH,688536,5.47,39273,39976
SZ,002155,1.83,39219,39223
SH,603379,2.93,39193,39193
SZ,002236,-0.48,39191,53583
SH,601456,0.22,39174,50841
SZ,002294,0.63,39144,39152
SZ,002945,0,39096,39096
SH,601665,1.93,39015,39015
SH,601136,0.28,38950,38950
SZ,002129,3.1,38901,38935
SZ,000596,-4.34,38833,50238
SZ,002738,0.67,38722,39722
SZ,000983,-0.43,38661,38661
SZ,300001,1.68,38607,39511
SH,600845,-0.81,38605,51699
SZ,002078,0.43,38539,39616
SH,600901,1.85,38333,38342
SZ,002195,0.59,38244,38589
SZ,000987,0.66,38202,38231
SH,603929,10,38185,38185
SZ,300115,3.12,38182,38295
SZ,300037,4.17,38094,52523
SZ,000688,1.68,38076,38076
SZ,300919,1.32,37988,43377
SH,688472,1.36,37962,37962
SH,601238,0.59,37952,52413
SH,688167,7.47,37896,37896
SH,601777,2.2,37842,37842
SZ,002056,2.6,37766,37805
SH,601216,0.22,37718,37718
SZ,002653,1.05,37634,79988
SZ,000893,1.98,37546,42737
SZ,002966,0.71,37493,38135
SH,603392,-1.62,37439,37439
SZ,300570,20,37247,44017
SH,688295,-0.76,37242,37242
SH,605589,3.58,37220,37241
SH,600711,2.91,37211,37211
SH,600663,1.61,37180,47582
SH,601577,0.44,37071,37079
SZ,300782,4.59,36976,47431
SH,600600,-0.83,36953,71088
SH,603369,-0.43,36943,36943
SZ,300972,2.7,36659,39901
SZ,300866,2.12,36557,69508
SZ,001203,0.61,36488,42834
SZ,300870,4.68,36478,36482
SH,688322,2.75,36190,46650
SZ,300751,4.86,36074,52171
SH,605358,3.88,35977,35977
SH,600298,-3.69,35906,36353
SZ,300489,2.56,35834,35965
SH,601808,1.26,35674,57498
SH,600177,-0.5,35487,36433
SZ,300454,-0.75,35462,53138
SZ,002126,5.91,35352,37650
SH,600707,5.48,35231,35238
SZ,002432,3.29,35184,35231
SZ,300832,0.41,35147,40425
SH,688052,2.82,34992,39895
SH,603308,4.84,34869,34869
SZ,302132,2.41,34813,158722
SH,600863,0.82,34540,38314
SZ,002444,1.25,34482,35918
SH,603298,3.06,34448,34448
SH,688775,-0.21,34419,53217
SH,600157,-0.62,34254,34254
SZ,002340,1.51,34212,34390
SH,601611,0.35,34117,34117
SH,688122,1.16,34016,34016
SZ,000878,5.28,33941,41083
SH,601598,2.65,33936,47203
SH,688676,5.07,33923,33923
SH,600330,10.01,33895,33895
SZ,000661,-0.06,33779,34483
SH,688027,2.24,33660,43077
SH,603127,4.25,33570,40075
SH,600641,5.44,33559,34144
SH,601696,1.6,33530,33530
SH,600085,-0.15,33519,33519
SH,688235,0.76,33355,447108
SZ,002517,-4.09,33153,37495
SH,600839,-1.5,33089,33098
SZ,002032,0.78,32939,32954
SZ,000423,-0.8,32893,32951
SH,600060,-0.85,32842,32964
SH,688213,4.17,32794,40782
SZ,002252,-0.19,32612,32634
SH,601236,0.29,32524,32524
SH,603823,10,32514,32514
SH,600562,0.58,32412,32412
SH,688266,1.45,32334,32334
SZ,301396,2.53,32190,48891
SH,600109,0.46,32163,32163
SZ,002859,2.56,32094,33991
SH,601162,0,32070,37576
SZ,002378,1.94,31981,32150
SH,600733,-0.37,31917,33619
SH,600348,-0.33,31890,31890
SZ,300207,1.03,31828,34307
SH,688333,5.49,31753,31753
SH,603225,1.12,31702,31872
SZ,002222,4.14,31670,31812
SH,603198,-4.52,31520,31520
SZ,300251,-0.17,31473,33267
SZ,002245,3.13,31297,33263
SH,600563,2.73,31295,31295
SH,688301,2.62,31294,31294
SZ,002601,2.01,31285,37528
SZ,300347,-1.49,31258,47511
SZ,000728,0.42,31245,31245
SH,603606,-0.36,31227,31227
SZ,000876,1.46,31185,31204
SZ,002131,-0.18,31148,36026
SH,688102,4.99,31145,31235
SZ,000729,-2.28,31119,34950
SH,603061,7.21,31079,31079
SH,688599,2,30992,30992
SZ,002555,-1.4,30985,43183
SZ,000786,0.11,30935,31168
SZ,000967,-2.74,30924,30938
SH,600259,-0.94,30723,30723
SZ,002240,-0.7,30719,30800
SZ,301236,0.05,30674,40414
SZ,002261,1.02,30612,33654
SH,688617,-1.22,30447,30447
SH,688195,2.38,30421,30421
SZ,000002,-0.31,30317,37224
SZ,000800,1.49,30263,30266
SH,603568,-5.44,30235,30235
SZ,300814,1.24,30210,30210
SH,688180,-1.59,30081,40298
SZ,000060,2.91,29889,29889
SZ,002673,0.75,29857,29857
SH,600332,-0.41,29833,34499
SH,688387,2.35,29808,50529
SH,600871,1.85,29803,41706
SZ,000027,0.32,29686,29686
SZ,300903,5.67,29667,36760
SZ,002939,0.24,29650,33203
SZ,002025,1.46,29574,29584
SH,688568,1.98,29503,29503
SZ,300558,1.4,29392,29485
SH,688169,6.2,29392,29392
SH,600737,4.98,29324,29324
SH,600699,0.67,29281,32535
SZ,300209,0.95,29196,36495
SH,688318,1.19,29187,29187
SZ,300458,5.45,29149,35572
SZ,300628,0.91,29122,50829
SH,603939,-0.11,29097,29097
SZ,000883,-0.66,29029,31716
SZ,000962,3.96,28954,30356
SZ,002472,2.01,28933,32852
SH,601933,1.57,28917,28917
SH,600428,0.08,28903,32433
SH,600483,-1.89,28747,28747
SZ,300339,0.65,28743,29435
SH,603920,2.21,28723,28723
SZ,000629,0.65,28707,28709
SH,688127,6.74,28689,28689
SH,601001,-0.22,28654,28654
SZ,002747,4.75,28481,35228
SZ,000737,10.01,28473,28476
SH,600398,0.17,28432,28432
SH,600517,1.02,28421,28421
SH,688411,1.31,28376,39053
SH,603179,-1.53,28375,28375
SZ,301018,8.19,28333,37496
SH,603766,5.35,28318,28318
SH,601990,0.6,28310,29434
SH,603338,0.54,28305,28305
SH,600282,0,28298,28298
SH,600353,9.99,28287,28287
SH,688192,0.69,28286,28529
SZ,300236,7.99,28262,31796
SZ,300432,2.9,28235,28553
SH,603444,-0.12,28082,28082
SZ,003022,2.26,27810,27833
SH,688297,1.01,27797,27797
SH,603688,3.31,27723,27723
SH,600079,-0.43,27638,29233
SH,603067,10,27592,27592
SZ,000887,-3.98,27536,27580
SH,600637,0,27500,27500
SZ,002797,0.62,27400,27400
SH,600369,0.49,27245,27245
SH,600312,2.76,27233,27233
SH,688065,0.11,27215,33648
SH,600499,0.78,27157,27157
SZ,002046,7.67,27002,27308
SZ,002608,-0.13,26975,26975
SZ,300811,2.96,26940,32822
SZ,000981,1.8,26923,28293
SH,601880,2.1,26883,34415
SH,688114,-3.59,26846,26903
SH,688018,2.14,26814,26814
SZ,002841,2.8,26651,35742
SZ,002465,1.42,26637,26680
SH,600777,1.46,26547,28358
SH,603663,6.13,26491,26509
SH,601000,0,26489,26489
SZ,300438,-0.4,26477,32974
SH,688820,10.97,26471,285191
SZ,000877,0.27,26451,26451
SZ,002487,0.17,26448,31024
SH,688001,11.29,26445,26445
SH,600536,0.1,26423,29246
SH,601615,-0.08,26324,26324
SZ,000959,0.28,26304,27375
SH,688248,-0.46,26281,26281
SH,601799,-0.06,26268,26268
SH,600515,0.35,26243,32676
SZ,001389,1.55,26218,81344
SH,600331,3.04,26172,34024
SH,603119,2.71,26163,26163
SH,688608,1.68,26162,26162
SH,605111,8.09,26145,26145
SH,600299,2.54,26086,26086
SH,688205,3.06,26015,26015
SH,601918,1.01,26009,26009
SH,600521,-0.96,25992,25992
SH,600546,0.08,25911,25911
SH,688403,7.36,25771,25771
SZ,000739,-1.54,25707,25717
SH,600208,-1.3,25694,25697
SZ,002396,3.8,25684,25790
SH,600732,2.7,25600,25721
SZ,001267,1.18,25535,32939
SH,600595,2.91,25490,25490
SZ,000547,2.36,25474,25623
SZ,002459,1.85,25462,25485
SZ,002364,1.29,25438,25687
SH,600918,1.09,25415,44105
SH,600153,0.11,25342,25342
SH,603306,4.93,25239,25239
SH,600246,5.65,25105,25803
SZ,002536,8.24,25102,26503
SH,603881,0.21,25086,25086
SH,601155,-0.26,25083,25083
SZ,002244,-0.75,25066,28283
SZ,300255,0.07,25033,25072
SZ,000415,2.66,24969,28634
SZ,000951,2.3,24935,24935
SH,600396,-0.4,24918,24918
SH,603678,1.32,24905,24905
SH,601606,0.85,24834,24834
SZ,000062,1.54,24806,24830
SH,600583,2.94,24804,24804
SH,688778,2.29,24785,24785
SZ,001270,2.59,24750,24909
SZ,002223,-0.63,24745,26325
SZ,002015,-1.29,24739,24739
SH,689009,-1.07,24738,32377
SH,603345,0.04,24704,28073
SZ,000932,0,24669,24669
SZ,002180,0.44,24608,25722
SZ,000738,1.24,24607,24607
SH,600161,-0.79,24599,24599
SZ,002266,3.05,24552,26462
SH,603049,3.06,24522,42465
SH,600295,0.49,24497,34705
SZ,300024,1.49,24495,24502
SZ,002152,-1.69,24350,24362
SH,603236,-0.63,24298,24298
SZ,301536,6.02,24273,54684
SH,603160,1.7,24231,24231
SH,601099,2.02,24130,24130
SH,688502,4.39,23998,23998
SH,600323,-0.06,23988,23988
SH,688278,-3.61,23920,23920
SZ,002456,-0.95,23887,25171
SZ,002491,3.31,23882,24969
SZ,300383,0.08,23775,23818
SZ,000582,-3.25,23661,27612
SH,601717,-0.38,23641,27370
SH,688475,0.3,23562,23562
SZ,000921,-0.73,23556,35314
SZ,300806,5.85,23541,32669
SH,601399,1.24,23516,23516
SH,601928,0.43,23515,23515
SH,600186,9.23,23491,23539
SH,603773,10,23477,23485
SH,603596,-1.09,23473,23473
SH,688257,8.53,23447,23447
SZ,002603,0.29,23415,28419
SZ,920185,1.5,23408,23800
SH,688372,6.08,23306,23306
SZ,300738,-0.54,23263,23271
SH,603885,0.56,23252,23252
SZ,000564,10,23246,27809
SH,601118,2.84,23237,23237
SZ,002430,0.81,23167,23177
SH,688503,20.01,23158,23158
SH,600100,-0.13,23151,23151
SZ,002157,0.68,23129,27473
SH,601866,1.28,23111,31254
SH,600095,1.64,23074,23074
SH,688123,0.97,23073,23073
SH,600166,-0.33,23040,23040
SH,601666,-2.91,22990,22990
SZ,000733,1.37,22984,22987
SH,688400,2.98,22948,23864
SH,600535,0.2,22947,22947
SH,688596,-0.21,22942,22942
SH,601228,0.66,22935,22935
SZ,300776,5.28,22927,36470
SH,603005,4.89,22924,22924
SZ,000830,0.84,22888,22890
SZ,002552,2.23,22847,24055
SZ,000155,0.16,22837,22837
SZ,300677,1.91,22801,32063
SH,688349,0.42,22725,23119
SZ,002085,1.42,22698,22698
SH,600664,1.12,22692,22692
SZ,000400,1.23,22636,22715
SH,603301,2.51,22593,22593
SH,600977,-2.02,22553,22553
SZ,002498,0.89,22522,22522
SH,603605,-0.53,22519,22519
SH,688343,4.35,22436,22436
SH,600388,1.15,22429,22429
SH,600745,0.8,22420,22420
SH,600961,3.72,22419,31993
SH,603565,1.81,22408,22408
SH,601608,1.04,22348,22348
SH,600884,0.5,22333,27329
SZ,002379,1.81,22318,255931
SH,600566,-1.05,22278,22345
SH,601128,0.16,22254,22254
SZ,300398,6.12,22224,22345
SZ,300496,0.3,22170,27698
SH,600873,-0.62,22154,22154
SH,603530,10,22151,22355
SZ,000603,3.52,22148,22921
SZ,002926,1.08,22103,22103
SH,603730,2.09,22088,22088
SH,688097,10.8,22087,22087
SZ,300623,7.11,22085,23947
SH,688425,0,22081,22081
SH,601963,0.37,22070,39340
SZ,002716,6.63,22040,26791
SH,600390,1.03,21996,21996
SZ,002271,1.59,21959,27398
SH,600486,2.61,21955,21955
SH,600550,2.23,21951,21951
SH,600098,0.81,21912,21912
SZ,000750,0.8,21910,24140
SZ,002335,1.16,21824,24956
SH,601567,1.51,21795,21795
SZ,300012,8.87,21794,25613
SH,688392,6.08,21793,21793
SZ,000029,10,21774,24705
SH,600598,3.29,21759,21759
SH,600685,1.07,21719,37373
SZ,000709,0.48,21704,21708
SH,600602,-1.98,21647,27559
SH,603588,3.95,21645,21645
SZ,300474,2.37,21637,27819
SZ,000623,1.06,21632,21717
SZ,002468,3.17,21613,22411
SH,603358,6.49,21602,21975
SH,688819,1.37,21600,21600
SH,603077,2.95,21549,21549
SZ,300487,4.81,21534,35594
SH,601106,0.32,21533,21533
SZ,300073,1.79,21529,23160
SZ,002317,2.88,21508,24002
SH,603950,6.86,21492,21509
SZ,300699,2.23,21447,21707
SH,603737,1.72,21435,21435
SH,688131,0.34,21413,21413
SZ,000034,0.84,21399,25622
SZ,000598,0.42,21333,21336
SZ,002065,-0.94,21257,23432
SZ,000158,0,21246,21389
SH,603618,2.78,21225,21225
SZ,300821,3.88,21224,21228
SH,603876,1.33,21197,21197
SH,600516,-0.75,21136,21136
SH,601016,-1.4,21134,22906
SZ,000519,3.2,21111,21111
SH,688233,4.05,21108,21108
SZ,300763,3.44,21087,26011
SH,600765,0.67,21052,21052
SZ,300142,0.15,20976,21271
SZ,002624,-1.96,20891,22174
SH,603115,-0.21,20853,20853
SZ,300762,2.76,20842,21585
SZ,300083,0.07,20830,23241
SZ,002265,-1.02,20805,20805
SH,600132,0.33,20801,20801
SZ,002149,-2.28,20800,20803
SH,688449,1.77,20782,32605
SZ,000039,2.61,20782,48694
SH,603516,2.88,20778,20778
SH,688268,4.95,20770,20770
SZ,300843,6.35,20765,21181
SZ,002497,2.09,20747,22567
SZ,002007,-0.67,20739,24063
SZ,002895,4.09,20739,20958
SH,601677,2.46,20738,20738
SH,600008,0.36,20700,20700
SZ,002423,1.01,20691,20691
SZ,003035,0.18,20644,20644
SH,688270,3.38,20637,20637
SH,600970,1.29,20634,20634
SH,603667,2.07,20632,21587
SH,600688,0.72,20594,29625
SH,600848,0.35,20588,21693
SH,688388,7.27,20556,20556
SZ,002683,8.37,20530,23404
SH,600329,-0.02,20506,27847
SH,603899,0.31,20441,20441
SH,601997,0.36,20402,20402
SZ,300896,-1.31,20341,30105
SH,601865,-0.83,20265,24975
SZ,300085,2.47,20265,21962
SZ,002545,4.55,20264,22306
SH,601609,6.94,20242,20242
SH,603233,-0.77,20237,20237
SZ,002948,1.06,20182,33351
SZ,002831,4.22,20127,36305
SZ,300003,-1.16,20084,23448
SH,600170,0,20082,20082
SZ,000009,-1.38,20067,20092
SH,600500,5.27,20059,20059
SH,600582,-0.4,20031,20031
SZ,300456,5.67,20026,24544
SZ,000683,2.39,19998,22264
SZ,001896,0.15,19972,19972
SH,603002,10.01,19948,19948
SH,688523,3.95,19933,19933
SZ,002130,1.95,19819,24190
SZ,301297,5.51,19809,26037
SH,688005,2.03,19781,19781
SZ,002299,0.5,19754,20145
SH,600967,0.35,19741,19741
SZ,000825,1.47,19709,19709
SZ,301171,7.77,19689,24265
SH,601158,-0.48,19680,19680
SH,688652,6.44,19658,27350
SH,601187,0.68,19540,19582
SZ,300199,1.28,19516,23132
SH,600518,0,19490,19499
SZ,300088,2.77,19362,19457
SH,600226,3.01,19333,19333
SH,603816,1.59,19255,21847
SZ,002044,-1.38,19216,19415
SZ,002192,0.93,19182,19222
SZ,002461,1.17,19167,19167
SZ,002262,-1.31,19151,22012
SH,603833,-0.5,19146,19146
SZ,300627,1.22,19116,23097
SZ,002500,0.38,19062,19062
SZ,301035,2.83,19053,19082
SH,601858,-1.83,19027,19027
SZ,000032,4.34,19005,19005
SH,600927,1,19001,19001
SH,688800,4.19,18999,18999
SZ,002120,0.6,18974,19541
SZ,300953,2.55,18939,26348
SZ,000686,1.13,18934,18934
SH,600131,1.54,18907,18924
SZ,001287,6.37,18899,18899
SZ,002756,0.77,18851,26254
SH,688143,10,18846,19832
SH,688380,16.81,18837,18837
SH,600114,1.8,18837,19295
SH,600007,1.3,18816,18816
SH,600110,4.54,18792,18792
SH,603658,-2.37,18783,18783
SH,688281,1.32,18782,18782
SH,600629,-0.48,18661,18661
SH,603337,2.41,18648,19022
SZ,300257,0.1,18636,19396
SH,603132,3.25,18631,18631
SZ,301550,1.93,18604,30396
SZ,300102,6.89,18602,18692
SH,603171,-0.27,18561,18582
SH,600012,-1.41,18556,27201
SH,600380,-0.48,18551,18551
SZ,000969,4.46,18546,18710
SZ,002318,-0.5,18537,18986
SZ,002270,2.78,18525,18525
SZ,300503,5.22,18520,23666
SH,603000,0.36,18487,18487
SH,600397,3.38,18483,18483
SH,688003,20,18465,18465
SH,605198,0.56,18432,22768
SH,601969,1.74,18423,18535
SH,600577,1.73,18412,18412
SZ,300679,20,18393,21738
SZ,002389,0.11,18356,18359
SH,601098,0.2,18355,18355
SZ,300568,1.34,18310,22653
SZ,002739,-8.33,18301,18563
SH,601101,-1.16,18274,18274
SH,601636,1.65,18255,18255
SZ,300260,6.08,18253,25879
SH,688690,3.08,18252,18252
SH,605196,2.54,18244,18375
SZ,300122,-1.29,18230,30856
SH,688692,0.7,18215,27812
SZ,301285,8.07,18185,18185
SH,600552,3.5,18174,18174
SH,688206,16.38,18149,20953
SH,600339,1.25,18145,18145
SH,601020,0.68,18113,18113
SZ,002913,4.25,18070,18775
SH,688332,8.91,18023,18023
SZ,000997,0.62,18023,18124
SH,600655,1.09,18010,18016
SH,600606,0,17989,17989
SH,688208,1.28,17988,17988
SH,603733,4.26,17988,17988
SH,600038,0.41,17968,22022
SH,688561,-1.34,17943,17943
SH,601139,0.32,17922,17922
SZ,002402,3.36,17884,20176
SH,601156,6.89,17881,30052
SH,688549,2.85,17880,44821
SZ,300657,5.04,17869,18388
SZ,000935,1.08,17842,17842
SH,688795,2.26,17833,277317
SZ,300720,2.03,17770,18806
SZ,300131,-1.55,17719,19295
SH,605020,1.24,17698,17976
SZ,002957,2.16,17656,17711
SH,603638,2.45,17649,17649
SH,600004,-0.39,17632,19200
SZ,002925,2.95,17618,18597
SH,601137,4.24,17610,17610
SZ,000937,-0.84,17600,18113
SH,603938,3.96,17589,17589
SH,603529,0.34,17526,17804
SH,600172,10,17503,19671
SH,688520,-0.42,17471,18451
SH,600459,10.01,17450,18911
SH,603283,2.55,17443,17443
SH,603226,-8.55,17391,17391
SH,603786,0.66,17350,17350
SH,605289,2.16,17296,17320
SZ,300724,2.49,17280,20918
SH,688353,10.49,17274,17274
SZ,300170,0.06,17258,18072
SH,600120,0.6,17248,17248
SH,688166,-1.95,17236,17236
SZ,002237,5.17,17230,20663
SZ,300613,3.29,17226,18261
SZ,920438,8.25,17212,17838
SZ,000543,0.4,17205,17205
SZ,300779,-1.09,17188,22494
SH,601975,3.09,17177,17177
SH,600754,-1.19,17170,20164
SZ,002145,2.27,17167,17168
SH,688390,4.8,17138,17138
SZ,000429,-0.97,17126,27473
SH,688308,6.65,17120,17120
SZ,000513,-0.72,17073,26682
SH,600820,0,17072,17072
SH,688150,4.9,17071,17071
SZ,000591,0.92,17058,17064
SZ,300888,1.07,17051,17128
SH,600032,-0.69,17049,17049
SH,688772,0.54,17029,17029
SH,600956,1.54,17024,32627
SH,600435,4.07,16999,16999
SZ,003021,-0.03,16991,21928
SH,603858,1.19,16979,16979
SZ,002326,6.79,16974,19344
SH,600267,1.34,16961,16961
SH,600410,0.32,16952,16952
SZ,301319,7.01,16940,22477
SH,688531,2.28,16879,24352
SZ,300602,8.27,16809,24572
SH,603009,0.96,16783,16783
SZ,301093,2.13,16751,17545
SH,603871,1.33,16731,16731
SH,688279,10.2,16713,20564
SH,688545,2.59,16700,32987
SZ,301047,7.18,16680,16967
SZ,000970,0.96,16680,16680
SH,600062,0.38,16674,16680
SZ,301389,7.95,16673,16673
SZ,000537,0.75,16651,16651
SH,688484,5.3,16647,16647
SH,601921,3.03,16644,16644
SH,603025,-1.18,16638,16750
SH,688368,3.32,16619,27379
SH,600179,-1.14,16608,18196
SZ,300364,1.87,16590,18300
SH,600763,-1.19,16572,16572
SH,600867,-1.27,16569,16569
SZ,300140,0.38,16560,16580
SZ,300676,-2.11,16550,16641
SH,601333,0.69,16505,20684
SZ,000528,-0.24,16504,16527
SZ,000506,0.62,16485,16490
SH,688046,-0.78,16481,16481
SZ,002290,4.87,16452,16504
SZ,002171,3.66,16444,16538
SH,688661,3.17,16404,16404
SH,600739,0.94,16395,16395
SH,603063,2.87,16377,16445
SZ,301005,4.4,16357,16697
SH,600531,3.6,16349,16349
SH,688615,-1.01,16337,23659
SH,688106,3.5,16299,16476
SZ,000050,1.06,16295,16295
SH,688625,7.13,16266,16266
SZ,300319,-0.72,16259,16953
SZ,000682,1.94,16235,16236
SH,601519,1.12,16232,16232
SH,601326,1.19,16223,19053
SZ,002768,7.65,16195,28030
SH,600888,0.39,16168,16168
SZ,301626,20,16158,35523
SH,601966,0.91,16157,16157
SZ,002312,2.15,16132,16159
SZ,300735,1.24,16050,17145
SZ,301316,0.37,16041,16548
SZ,000766,0.12,16026,16034
SH,603997,2.03,16018,16018
SH,603026,2,16005,16005
SZ,301611,3.57,15991,47563
SZ,300773,0.91,15954,16865
SZ,002958,0,15938,16278
SH,605296,0.46,15902,16155
SZ,002176,-0.63,15876,15899
SZ,300660,2.13,15871,15881
SZ,300723,-2.29,15858,17088
SZ,300342,1.21,15847,16024
SZ,000898,1.02,15835,18645
SZ,300413,-0.95,15755,28847
SZ,002611,1.36,15732,19075
SH,603355,0.73,15723,15723
SZ,002896,3.15,15722,15722
SZ,002969,2.57,15714,15796
SH,603738,6.24,15702,15702
SH,600877,1.92,15677,15677
SZ,002827,0.07,15671,15731
SZ,001213,0.28,15644,15644
SH,600528,0.29,15618,15618
SZ,000723,-1.65,15603,15632
SH,600151,0.74,15590,15590
SH,600623,0.85,15590,17613
SH,603317,2.66,15570,15570
SH,688779,2.54,15569,15569
SZ,300144,0.17,15541,15705
SZ,002158,3.37,15527,15560
SH,600928,0.57,15526,15600
SH,600835,0.79,15493,19350
SZ,300655,3.37,15465,15536
SZ,300469,1.15,15433,15440
SH,600959,0,15402,15402
SZ,002081,10.02,15389,15454
SH,603662,2.7,15387,15387
SH,688222,-0.64,15382,15382
SZ,002405,0.15,15336,15430
SZ,300002,-1.65,15327,16288
SZ,300201,1.94,15326,15408
SZ,002773,-1.49,15322,20555
SH,601369,0.45,15322,15477
SH,688686,7.63,15278,15278
SH,603800,6.55,15251,15251
SH,603118,10.02,15210,15210
SH,603203,3.35,15203,15379
SH,601702,1.34,15158,15158
SZ,000902,2.63,15153,16638
SZ,300323,4,15131,20677
SH,600596,4.09,15115,15115
SH,603456,-2.22,15104,15104
SH,600808,1.61,15098,19483
SH,600403,-0.31,15062,15062
SH,600511,0,15062,20538
SZ,301128,3.29,15060,17120
SZ,001696,4.72,15038,19317
SZ,000534,5.56,14986,15195
SH,600750,-0.03,14966,15127
SH,603826,0.29,14965,14965
SH,688593,1.95,14921,14921
SH,688535,5.98,14918,16007
SH,600761,0.48,14910,14910
SH,688158,2.02,14895,16742
SZ,300179,7.65,14892,19342
SH,600651,-0.49,14892,14892
SH,601133,5.86,14882,14934
SH,600201,-0.14,14860,14860
SH,688603,7.41,14837,14837
SH,601568,1.37,14658,14658
SZ,002975,6.02,14657,22064
SH,688031,5.98,14638,14638
SZ,002320,1.4,14622,14622
SZ,000791,-0.52,14595,24459
SZ,002508,-1.13,14591,14769
SZ,001301,3.45,14565,20419
SH,688802,5.08,14563,314479
SH,600872,0.53,14549,14611
SZ,002250,-1.45,14534,14614
SZ,300671,2.49,14525,14565
SZ,000778,0.81,14523,14783
SH,688028,4.86,14499,14499
SZ,000620,2.31,14482,18203
SZ,002568,0,14472,19780
SH,688260,-0.62,14453,14453
SH,601886,8.51,14446,14446
SZ,001286,1.42,14432,40088
SH,688202,-1.28,14424,14424
SZ,000539,-2.07,14412,29612
SH,688401,3.2,14405,15300
SH,600162,-6.37,14381,14381
SH,601019,-0.28,14379,14379
SZ,002048,0.89,14376,16488
SZ,002645,-1.81,14346,15883
SZ,000973,-0.69,14336,34833
SZ,002410,-0.54,14319,15066
SH,600490,2.13,14307,15889
SZ,301015,1.19,14300,14302
SH,600548,-0.47,14281,21140
SH,600452,0.54,14274,14274
SZ,000966,-0.48,14272,14272
SH,601678,-1.26,14262,16815
SH,601778,0.26,14259,14259
SZ,000672,5.83,14250,14250
SZ,300975,4.02,14246,19889
SH,600056,-0.3,14206,14211
SZ,300253,-1.28,14151,16796
SZ,001339,2.3,14142,28566
SH,601375,0.74,14135,19036
SH,600475,0,14134,14330
SH,600022,-0.74,14122,14122
SZ,001331,-4.01,14114,20209
SZ,002408,2.19,14113,14584
SZ,000088,0,14106,23190
SH,600906,0.76,14084,21514
SH,605179,10,14075,14075
SZ,002249,3.42,14072,18626
SH,600783,2.89,14061,14061
SH,601965,1.73,14058,14117
SH,600301,1.07,14039,32255
SZ,301095,8.3,14035,16247
SH,600409,3.03,14017,14017
SH,600621,0.69,14004,14004
SH,600744,-1.98,13994,13994
SZ,300593,5.73,13967,16828
SZ,002167,5.39,13953,14246
SZ,300835,0.05,13947,19900
SZ,000711,-6.24,13931,17275
SH,601827,-1.06,13910,13910
SH,600816,-1.54,13892,25005
SH,603505,0.24,13862,13862
SH,600366,-0.23,13859,13859
SZ,000685,0.73,13850,16306
SH,688006,4.29,13788,13788
SH,600933,2.63,13773,14461
SZ,300455,2.15,13760,13975
SZ,002979,2.2,13757,19515
SH,603031,4.89,13755,16356
SH,603039,-0.48,13745,13745
SH,688029,-1.29,13745,13745
SZ,300409,5.06,13743,15442
SH,688516,5.03,13736,13736
SZ,300957,-0.48,13730,13805
SH,603305,1.71,13718,13718
SZ,300184,3.09,13708,14972
SZ,001248,0.23,13663,171316
SH,600361,1.1,13662,13662
SZ,000422,0.63,13651,13910
SZ,002911,1.22,13646,13981
SZ,000680,1.57,13632,15556
SH,600779,-1.78,13631,13631
SH,600710,0,13629,13629
SH,600633,-2.53,13619,13619
SZ,002226,0.79,13589,13589
SH,688538,0,13575,32590
SH,600320,0.99,13572,21552
SZ,301219,2.65,13572,19015
SH,603613,-0.62,13568,13568
SZ,300999,0.24,13544,135323
SH,600675,0.9,13543,13543
SZ,000612,1.98,13531,13531
SH,688088,0.78,13507,13507
SZ,002946,0.38,13501,13659
SH,605389,4.24,13497,14247
SH,688107,5.59,13485,13485
SZ,002906,-2.42,13462,13469
SZ,300436,-1.05,13455,15673
SZ,001258,4.73,13440,13440
SZ,002867,0.97,13435,13514
SZ,002151,3.77,13408,16439
SH,603868,1.72,13408,13408
SZ,301123,3.64,13401,19053
SZ,002354,1.23,13396,13634
SZ,300166,1.58,13387,16831
SH,603882,-3.35,13367,13458
SZ,000070,1.57,13339,13521
SZ,002153,-5.34,13310,22707
SZ,000089,0.15,13309,13309
SZ,301486,3.98,13304,23501
SH,688055,2.84,13300,13300
SH,600258,-0.91,13299,13299
SH,605099,1.6,13290,13308
SZ,002534,2.94,13280,13450
SZ,002174,3.04,13279,13286
SH,600416,0.56,13267,13267
SH,600821,-2.73,13260,13260
SH,688100,-7.76,13192,13192
SH,603011,10.02,13191,13191
SZ,002399,-0.46,13170,15495
SH,600113,1.33,13166,13478
SH,688258,1.31,13162,13162
SH,600064,0.93,13151,13151
SZ,300718,2.38,13137,19958
SH,600343,3.58,13128,13128
SZ,002010,1.28,13125,13157
SZ,000785,1.35,13118,14073
SZ,300100,2.48,13115,13618
SZ,000815,-0.57,13113,13113
SZ,300457,1.23,13103,13317
SH,603698,2.39,13100,13100
SH,688559,7.54,13072,13072
SH,600155,0.34,13060,13060
SZ,002507,0.27,13050,13085
SH,688383,5.9,13035,13035
SZ,000799,-2.02,13032,13033
SH,600575,0,13019,24009
SH,600057,0.98,12994,17630
SH,603707,-0.61,12974,12974
SH,600764,1.33,12962,12962
SZ,003036,5.99,12868,12869
SH,600167,0.89,12853,12853
SH,600916,1.46,12835,12835
SZ,301275,0.83,12826,18007
SH,688508,13.89,12816,12816
SH,603989,-2.63,12809,12809
SZ,000048,2.07,12804,12826
SH,600271,0.15,12785,12785
SZ,002563,0,12750,15518
SZ,002755,-0.14,12734,12734
SH,688059,1.96,12718,13589
SH,600529,0.31,12715,12715
SZ,300229,0.21,12703,12711
SH,600338,1.54,12689,12689
SH,600589,2.51,12685,12712
SZ,002745,1.45,12684,17691
SZ,002901,-2,12676,18196
SH,603389,10.01,12675,12675
SZ,300607,5.13,12666,17901
SZ,002929,2.58,12665,16747
SZ,301183,5.01,12661,17272
SH,688321,0.49,12642,13731
SZ,002779,-0.11,12636,14084
SH,603991,4.63,12634,21547
SH,688809,3.86,12619,63095
SH,600211,-0.78,12593,12593
SH,688020,5.31,12581,12581
SH,688382,2.89,12577,12577
SZ,300034,4,12564,13054
SH,600216,-0.97,12558,12694
SZ,000592,1.39,12544,12653
SZ,300296,1.12,12531,14672
SZ,002091,1.17,12499,12696
SH,600063,1,12497,12497
SH,600776,0.69,12466,16378
SZ,920808,2.79,12465,12800
SH,603556,-1.03,12458,12458
SZ,301238,1.8,12437,12437
SZ,300769,3.28,12384,13782
SH,688662,9.66,12378,12378
SZ,002936,0,12372,16002
SZ,301029,2.36,12359,17351
SH,605118,3.18,12356,12428
SH,603515,-0.35,12350,12426
SH,688567,1.1,12343,12343
SZ,002440,5.42,12341,14657
SH,605599,2.26,12336,12336
SZ,300726,3.05,12330,23681
SH,603888,0.12,12298,12298
SZ,000681,0.72,12292,12736
SH,600850,0.8,12284,12284
SH,688116,2.92,12279,12279
SH,600717,1.44,12271,12271
SZ,002792,-0.1,12263,19015
SZ,300357,-2.04,12262,13268
SH,603267,1.43,12257,12257
SH,600116,-0.3,12238,12238
SZ,000762,-0.08,12234,12234
SZ,000069,0,12211,14227
SZ,301071,7.29,12190,16583
SH,605507,0.32,12189,12189
SZ,002701,-0.2,12173,12184
SZ,300693,-0.41,12171,14120
SH,688105,-5.72,12170,12170
SZ,301080,6.29,12161,16077
SZ,301666,4.93,12158,200005
SH,600572,0,12153,12185
SZ,002947,3.3,12150,15671
SH,688378,19.99,12135,13165
SZ,000758,2,12134,12177
SH,600755,0.35,12132,12163
SZ,003018,3.8,12117,13371
SZ,002400,-2.22,12083,12203
SZ,300302,6.86,12060,15672
SZ,002617,2.07,12054,12257
SH,688485,11.12,12041,12041
SH,603757,5.36,12029,12029
SH,600702,-2.49,12017,12022
SH,688660,1.81,12013,12013
SZ,300459,-0.81,11998,12833
SZ,002183,1.99,11998,11998
SZ,000901,2.11,11997,11997
SZ,002416,-0.5,11994,12145
SH,688663,6.29,11993,11993
SZ,002268,0.07,11986,11991
SZ,000567,1.32,11984,12021
SZ,000553,2.04,11974,12814
SZ,002654,1.87,11952,11953
SZ,300133,-0.13,11948,13461
SZ,002258,10.01,11939,11959
SH,601107,0.55,11938,16880
SH,603297,1.28,11897,11897
SZ,300070,0,11884,12540
SH,688090,4.74,11880,11880
SZ,301127,19.97,11871,12228
SZ,002647,1.92,11869,13213
SZ,002544,2.83,11867,11869
SH,600315,1.38,11831,11831
SZ,002847,1.7,11821,13099
SZ,300827,1.2,11804,15053
SZ,301293,-0.56,11803,11803
SH,688182,3.66,11796,11796
SZ,000801,1.94,11765,11769
SH,601952,5.57,11754,11754
SH,601339,1.56,11742,11742
SZ,002287,-0.09,11739,11763
SZ,002668,9.96,11730,11730
SZ,300761,0.6,11729,15581
SZ,301188,5.6,11713,11713
SZ,300775,1.99,11707,12057
SZ,002531,0.15,11703,11770
SZ,002607,0.48,11697,13013
SH,600864,4.66,11693,11693
SH,603185,1.29,11693,11763
SZ,001280,5.04,11692,139189
SZ,300331,4.49,11689,13663
SH,603906,3.9,11688,16423
SH,600420,-0.33,11668,11668
SH,601992,0.72,11668,14949
SH,603589,-2,11651,11651
SH,601512,-0.12,11646,11646
SZ,300077,4.42,11644,13942
SH,600986,-0.63,11631,11631
SH,688306,4.3,11620,11620
SZ,300182,0.78,11613,13692
SZ,301338,5.87,11596,15915
SH,603713,1.56,11588,11588
SZ,002246,0.09,11579,11579
SZ,002031,1.85,11577,13306
SZ,000156,-0.14,11576,12618
SZ,301021,3.62,11575,11588
SH,603601,3.26,11572,11572
SH,600619,3.02,11561,15724
SH,603983,2.27,11549,11549
SZ,002096,0.65,11548,11549
SZ,002092,-0.66,11539,11603
SH,688319,-0.55,11506,11506
SH,605060,10,11481,11563
SH,601068,2.99,11467,13381
SH,688016,-0.04,11440,11440
SZ,002838,9.99,11437,13008
SH,600268,3.87,11434,11436
SH,600058,-1.29,11427,11427
SZ,002297,5.12,11422,11422
SH,603124,1.89,11408,21425
SZ,002897,3.07,11401,11986
SZ,002083,2.12,11394,11398
SH,601222,1.27,11390,11390
SH,600461,-0.22,11378,11378
SZ,002741,3.48,11370,12390
SZ,300951,-0.8,11370,12722
SH,688153,2.8,11362,11692
SZ,002597,1.83,11351,11372
SZ,002413,1.39,11348,11557
SZ,300863,2.71,11323,11787
SZ,000990,1.06,11314,11314
SH,603281,3.36,11311,11311
SH,603303,3.4,11308,11308
SZ,300204,-0.43,11305,13490
SH,688063,2.65,11296,11296
SH,600635,1.08,11296,13788
SZ,002366,1.16,11287,12694
SZ,301039,-0.25,11285,14562
SH,688359,6.57,11282,11282
SZ,300428,1.23,11279,12957
SH,603040,1.77,11275,11334
SZ,300601,-1.33,11273,13984
SH,603328,4.63,11272,11272
SZ,300065,2.39,11272,12382
SH,600395,0.97,11227,11227
SZ,300468,-0.32,11216,11234
SZ,300146,-1.27,11208,16917
SZ,002289,9.99,11208,11446
SH,600859,1.12,11193,11194
SZ,300573,-0.59,11193,14605
SH,600367,3.33,11189,11854
SH,603052,3.01,11174,11174
SZ,002348,-1.27,11159,12265
SZ,000700,2.27,11154,11154
SH,601882,5.22,11150,11150
SZ,000949,6.83,11148,11151
SH,688138,3.48,11144,11144
SH,603927,-1.02,11136,11136
SZ,920045,6.62,11116,37594
SZ,920116,3.85,11115,11115
SZ,002539,1.88,11105,15072
SZ,002024,0,11104,11118
SZ,300376,1.06,11102,11106
SZ,000099,1.35,11086,11086
SZ,300674,-0.05,11072,11089
SH,603220,1.47,11070,11070
SZ,002987,-0.63,11062,11351
SZ,002254,1.88,11049,11061
SH,600285,-1.06,11041,11053
SZ,002338,2.45,11038,11038
SH,688198,-1.55,11034,11034
SZ,000998,4.49,11015,12314
SZ,000839,-1.39,11015,11015
SZ,300304,2.87,11015,11319
SH,600184,3.4,10996,10996
SZ,000035,0.85,10987,11343
SZ,300139,1.91,10984,12881
SZ,002698,2.2,10974,13293
SH,603936,10,10956,11216
SZ,000810,2.18,10951,11341
SZ,002385,2.68,10946,13141
SH,688125,8.23,10933,10963
SZ,300026,0.55,10925,10935
SZ,002217,-1.31,10919,11219
SH,603099,0.25,10919,10919
SZ,002967,2.74,10876,11520
SZ,002842,1.79,10854,13228
SZ,300363,0.14,10853,11901
SZ,300009,-1.44,10851,14736
SZ,301207,-0.27,10848,10855
SH,688275,3.01,10846,10846
SZ,301031,3.94,10844,13794
SZ,300725,-2.33,10844,12506
SZ,301382,2.5,10842,13100
SZ,002051,0.23,10841,10842
SH,600559,-1.32,10831,10831
SH,601619,1.62,10821,12920
SH,600248,2.46,10821,10845
SZ,001399,6.08,10820,186146
SZ,000837,1.52,10799,10968
SH,603341,1.26,10776,21060
SH,600773,0.8,10772,10772
SH,603093,2.69,10770,12676
SZ,002182,0.89,10767,12338
SZ,002011,0.6,10764,10895
SH,688677,20,10760,10760
SH,601022,3.79,10757,10757
SH,688068,-0.27,10730,10730
SZ,300638,1,10726,18183
SZ,002373,0.13,10718,12294
SH,688698,3.12,10717,10717
SZ,000410,1.31,10703,14384
SH,688371,1.27,10702,10702
SZ,300315,0.48,10700,11399
SZ,300777,2.48,10699,10918
SH,600123,0,10696,10696
SZ,300913,3.46,10691,12820
SH,688035,14.4,10689,10689
SH,600376,3.76,10679,10679
SZ,002583,0.36,10672,15131
SZ,301510,5.29,10668,11352
SZ,000510,3.35,10664,11401
SH,600908,0,10656,11698
SZ,000767,-3.94,10630,11231
SH,600391,3.01,10624,10624
SZ,002931,2.3,10617,11452
SZ,300185,0.73,10616,11140
SH,600882,-1.5,10606,10606
SH,600360,5.65,10602,10602
SH,601900,1.61,10601,10601
SZ,300382,1.37,10587,10588
SZ,300005,0.58,10580,10666
SH,601801,-0.17,10573,10573
SZ,002139,0.41,10561,12294
SZ,301267,-0.96,10557,13675
SH,600480,1.64,10555,10633
SZ,300682,-10.98,10546,10998
SH,600198,3.32,10546,10559
SZ,300008,2.07,10543,11059
SZ,000028,-0.29,10533,12263
SZ,002815,3.91,10523,16710
SZ,002807,0,10517,10532
SH,603693,-0.24,10511,10511
SZ,002922,5.33,10499,11769
SH,603538,3.08,10492,10585
SH,688584,7.12,10491,20451
SZ,000061,3.55,10479,11592
SZ,300049,-0.39,10470,11832
SZ,002437,9.93,10459,11105
SZ,300580,1.33,10454,11111
SZ,002276,0.87,10454,10495
SZ,002839,0.47,10452,10462
SZ,000555,-0.08,10438,10451
SH,603619,1.03,10430,10430
SZ,002865,3.74,10423,14514
SH,601163,0,10400,10400
SH,603690,4.18,10394,10394
SZ,300353,1.75,10375,11812
SH,600345,3.2,10362,16144
SH,600759,-0.39,10359,10373
SH,603859,1.22,10351,11269
SH,688797,2.09,10346,55035
SZ,002181,0.89,10324,10566
SZ,002204,0,10314,10314
SZ,002565,2.21,10313,10314
SH,600509,0,10308,10308
SH,605006,4.3,10301,10301
SZ,300244,-1.05,10300,12837
SZ,000917,-6.07,10291,10291
SZ,002832,1.3,10288,15078
SZ,000690,1.07,10285,10292
SZ,300328,1.35,10285,10336
SZ,301196,8.34,10278,15658
SH,688231,7.1,10271,10271
SZ,000403,-0.08,10244,10350
SZ,300263,2.44,10243,10868
SH,600458,1.29,10230,11209
SH,603235,-0.03,10200,10200
SZ,000828,0.31,10198,10198
SZ,002169,1.59,10197,10520
SZ,000727,1.81,10192,10192
SH,688160,1.88,10187,10187
SZ,000899,0.68,10186,10186
SH,603218,0.51,10166,10175
SH,605318,3.13,10163,10163
SZ,002020,-0.2,10150,12072
SZ,002439,0.07,10149,16875
SZ,002980,5.38,10149,18879
SZ,002043,0.88,10142,10422
SH,688209,6.18,10138,10138
SH,688543,1.61,10125,10125
SZ,002549,1.46,10095,10138
SZ,301091,0.68,10076,10076
SH,603393,-0.95,10064,10064
SH,688376,6.59,10060,10060
SH,603125,2.69,10056,10056
SH,603883,-2.57,10040,10040
SZ,002984,0.93,10031,14560
SZ,300596,1.87,10009,10009
SH,600645,-4.24,10001,10005
SZ,300007,2.85,9999,11572
SZ,002937,6.73,9998,10024
SZ,300377,1.69,9984,10852
SH,603992,1.26,9982,9982
SH,601005,0,9976,11531
SZ,300687,0.3,9972,12126
SH,600993,-0.76,9966,9983
SZ,002361,3.19,9951,11698
SH,601949,0.97,9939,9939
SH,600728,0,9938,9938
SZ,002580,-1.38,9938,9972
SZ,300618,2.3,9935,11292
SH,600383,0,9932,9932
SH,600971,-1.07,9924,9924
SZ,002283,8.92,9918,11269
SH,600787,1.11,9917,9917
SH,603300,-0.59,9916,9916
SZ,301357,2.12,9915,9915
SZ,002585,2.85,9914,12760
SZ,000006,-2.52,9895,9895
SZ,301087,1.67,9892,12028
SZ,000049,3.71,9890,9893
SZ,300303,2.2,9885,10541
SZ,000923,9.02,9864,10254
SH,688262,3.83,9841,9841
SH,605168,4.83,9837,9837
SH,600666,1.55,9833,10813
SZ,300486,1.88,9831,9834
SH,600718,0,9787,9787
SH,603027,0.55,9781,9781
SZ,000065,1.89,9777,10662
SH,688032,1.2,9765,9765
SZ,300378,0.03,9754,9828
SZ,002993,4.87,9752,11290
SH,605123,2.98,9748,9748
SH,600662,0.23,9745,9773
SH,600037,0,9742,9742
SH,600163,0.99,9724,9724
SH,600033,1.43,9715,9715
SH,688351,0.29,9704,9704
SZ,002675,-0.9,9701,10761
SZ,002063,0.18,9695,10497
SZ,300118,2.25,9695,11925
SZ,300277,3.01,9691,19200
SZ,300855,5.29,9685,13076
SZ,002978,0.65,9679,12371
SZ,002541,1.88,9676,13455
SH,688456,7.82,9671,9671
SZ,300480,1.36,9669,13250
SZ,002100,1,9666,9666
SH,603360,1.71,9661,9661
SH,603103,-0.32,9659,9659
SZ,000833,3.5,9655,17068
SH,600072,1.48,9653,13371
SZ,002891,-0.06,9650,9650
SH,603533,-0.08,9647,9647
SH,600507,-0.47,9646,9646
SH,688697,3.44,9636,9636
SZ,000656,0,9636,13448
SZ,002557,0.63,9626,9657
SZ,000795,1.18,9600,9600
SZ,002626,-2.29,9593,9594
SZ,002759,-1.94,9583,9591
SZ,002062,4.28,9582,10542
SH,600373,0.28,9566,9566
SZ,301216,4.65,9563,10188
SZ,002426,0.36,9561,9561
SH,603319,2.51,9561,9561
SH,688669,3.85,9556,9556
SZ,002346,8.96,9540,10744
SH,600363,3.88,9536,9536
SH,601003,0.27,9534,9799
SZ,300624,1.42,9527,10757
SZ,300113,-0.84,9519,12607
SZ,300415,1.21,9506,9830
SZ,000552,0,9501,13647
SZ,301345,6.45,9493,29551
SH,688227,1.94,9451,9451
SZ,002705,0.95,9433,9483
SH,603890,-4.52,9424,9424
SZ,000516,-0.69,9415,9560
SZ,301381,2.61,9414,9422
SZ,002458,-0.09,9403,13926
SH,601200,0.43,9397,9397
SH,603626,1.93,9383,9383
SH,688289,-1.15,9380,9380
SH,603327,-1.09,9378,9378
SZ,000420,1.06,9365,9368
SH,603995,3.96,9363,9363
SH,688325,5.56,9360,9849
SZ,002208,3.28,9356,9358
SZ,000823,2.75,9352,9353
SH,600129,-0.34,9352,9352
SZ,000593,4.16,9342,9346
SZ,000401,-0.27,9341,9429
SH,688190,1.12,9340,9340
SH,601038,0.71,9337,14338
SZ,301177,1.97,9332,9338
SH,600649,0.27,9319,9319
SH,688083,3.55,9310,9310
SZ,000031,0.46,9301,9301
SH,600757,-0.25,9295,9297
SH,600597,1.05,9291,9291
SH,688112,10.8,9287,9287
SH,603599,2.41,9267,9267
SH,605255,1.14,9265,9265
SZ,300420,2.47,9254,9255
SZ,300634,-2.6,9250,9611
SH,603057,-1.61,9249,9319
SH,688305,7.62,9242,9266
SH,603712,-0.32,9241,9241
SZ,002706,0.8,9232,11332
SH,688165,2.37,9225,9225
SH,600740,0,9198,9198
SH,600328,0.64,9194,9194
SH,600210,0.33,9191,9191
SH,688139,0.66,9188,9188
SH,688261,5.38,9180,9222
SH,688128,2.35,9178,9178
SZ,000536,1.22,9173,9183
SH,603323,0,9170,9170
SZ,301078,0.97,9162,9181
SH,603163,5.37,9156,9156
SH,688239,4.81,9152,9152
SH,601311,0.65,9127,9127
SZ,001914,-0.56,9125,9125
SZ,301363,0.81,9120,13906
SH,600133,1.42,9116,9116
SZ,300188,-0.83,9111,9153
SH,688612,7.84,9105,14868
SH,600481,1.85,9103,9103
SH,688327,1.87,9100,11336
SZ,002961,0.95,9100,9100
SZ,002061,0.29,9097,9251
SZ,920186,4.23,9083,17365
SH,600307,0.69,9082,9082
SH,688710,4.75,9073,14104
SZ,301717,-3.34,9062,52960
SZ,300846,0.23,9048,10963
SZ,002511,1.71,9045,9160
SZ,300740,3.37,9038,9722
SH,601528,0.21,9038,9556
SZ,300042,5.43,9029,9030
SH,603100,0.57,9029,9058
SH,688177,-0.36,9027,9027
SH,688381,8.29,9021,9021
SH,603915,3.54,9016,9170
SZ,002115,-0.65,9015,9725
SH,600273,1.48,8996,8996
SH,601860,0.4,8986,9263
SZ,002579,3.56,8985,9434
SH,688161,-1.26,8984,8984
SZ,001227,0.47,8983,12132
SZ,002190,-0.74,8975,8975
SZ,300938,1.81,8973,10338
SZ,300483,1.83,8971,8977
SH,688507,5.02,8961,16218
SZ,002243,-1.19,8935,8983
SZ,002345,0.49,8932,9152
SZ,000930,3.22,8929,8929
SH,688252,8.55,8929,8929
SH,600266,-1.14,8926,8926
SZ,002170,1.62,8922,10975
SZ,001308,0.22,8921,12892
SZ,000600,-0.6,8917,14750
SH,600556,0.2,8912,8912
SZ,301086,5.2,8911,16077
SZ,002368,0.42,8906,8950
SH,601579,-0.63,8899,8899
SZ,002099,1.85,8893,8903
SZ,301013,0.56,8877,10965
SZ,000818,0.07,8860,8884
SZ,300181,-1.66,8857,10303
SH,600269,0.8,8851,8851
SH,688076,-1.16,8842,8842
SH,688783,4.29,8820,132440
SH,603169,0.6,8817,8817
SZ,000676,-4.88,8813,8819
SZ,002173,-1.63,8813,9240
SZ,002019,-1.4,8813,12723
SZ,002674,1.69,8812,8902
SH,600094,-1.65,8803,9625
SZ,002985,1.61,8793,8817
SZ,002392,1.61,8774,9024
SH,688486,5.84,8768,8768
SH,688011,9.51,8759,8789
SH,600508,0.35,8752,8752
SH,688416,7.76,8747,8747
SH,600185,0,8746,8746
SZ,301606,2.72,8738,21974
SZ,002515,5.32,8727,9588
SH,605298,-0.5,8715,8790
SH,605319,2.16,8714,8763
SH,688605,2.96,8713,16273
SZ,301189,10.7,8707,9021
SH,688758,-0.67,8707,12161
SH,688513,-0.8,8700,8700
SZ,000859,0.62,8699,8700
SH,600929,2.51,8693,8693
SH,600545,9.95,8689,8689
SH,600683,0.6,8675,8675
SZ,000980,1.18,8673,8673
SH,600997,-0.35,8669,8669
SZ,300842,6.27,8668,9753
SH,600812,0.2,8664,8664
SZ,300497,3.21,8664,10229
SH,688337,4.73,8653,10177
SH,600640,-1.88,8652,8652
SH,688428,-0.71,8646,56063
SH,688179,-1.52,8645,8645
SH,601890,-1.84,8644,8644
SH,688091,1.75,8634,8661
SZ,002703,0.68,8627,12109
SH,600399,3.07,8618,8618
SZ,300766,-1.26,8616,9502
SH,603608,5.3,8607,8607
SZ,300516,4.69,8606,8606
SZ,300101,2.09,8586,8615
SZ,002053,0.76,8581,8581
SH,688586,2.55,8578,8578
SH,603612,3.05,8572,8572
SZ,002718,0.93,8569,11803
SH,603809,-1.05,8568,8568
SH,605222,4.01,8568,8568
SZ,000761,1.76,8566,9490
SH,603496,-1.72,8566,8566
SH,600973,0.81,8557,8557
SZ,300322,1.94,8553,8934
SH,688628,8.88,8548,8548
SZ,300401,-0.05,8534,8673
SZ,300053,2.26,8532,9136
SZ,002292,1.58,8530,12392
SZ,300772,1.33,8528,9615
SH,605488,3.34,8528,9270
SH,688739,-0.9,8509,8608
SH,600996,-1.44,8503,8503
SZ,002004,-1.52,8494,8929
SZ,002233,0.84,8485,8489
SZ,000829,-0.83,8480,8488
SH,603013,1.77,8477,8477
SZ,003009,2.88,8472,8473
SH,688789,0.49,8459,8459
SZ,000922,2.39,8459,10008
SZ,301109,0.59,8453,10684
SZ,300145,1.84,8446,8487
SH,603399,-1.48,8443,8443
SH,605016,1.52,8438,8438
SH,600020,0,8428,8428
SZ,301176,4.39,8424,8682
SZ,300576,3.18,8418,13374
SH,601929,0,8410,8410
SZ,000550,0.81,8409,14001
SH,600478,1.22,8402,8402
SZ,002251,1.34,8401,10163
SH,601089,-3.78,8400,8400
SZ,002332,0.47,8398,8438
SH,600693,1.68,8394,8403
SZ,300130,0.16,8375,10943
SH,600936,-6.52,8372,8372
SH,603919,-1.25,8365,8365
SH,605116,-1.14,8363,8363
SH,688221,1.41,8346,8346
SZ,002150,5.59,8332,8387
SZ,301489,-0.16,8322,13909
SH,600567,0.75,8315,8315
SH,603227,1.71,8306,8306
SZ,000751,3.21,8304,8304
SZ,000533,4.58,8294,8366
SZ,300741,1.36,8290,8290
SZ,300939,3.57,8290,8290
SH,600686,-0.33,8289,8289
SH,601718,2.7,8286,8286
SH,688253,-9.73,8277,8277
SZ,300499,2.45,8273,9304
SH,603508,0.65,8251,8251
SH,605305,2.02,8248,8248
SZ,000848,-1.91,8247,8323
SZ,300440,-5.96,8245,8277
SZ,300529,-0.79,8239,12842
SZ,301571,0.98,8238,12404
SH,603985,3.26,8235,8235
SZ,002216,0.15,8234,11482
SZ,002239,1.61,8231,8854
SH,601700,10.06,8222,8222
SZ,002079,4.76,8217,9203
SH,600017,0.38,8212,8212
SZ,002125,3.16,8209,8209
SZ,002039,0.26,8188,8188
SZ,002960,3.05,8183,8904
SZ,002075,1.36,8183,8183
SH,603219,0.41,8180,8180
SZ,301209,4.45,8178,9573
SZ,002928,-0.15,8168,8168
SZ,000885,0.39,8167,8167
SZ,000712,-2.35,8160,8163
SH,600389,1.99,8148,8148
SZ,002350,2.74,8144,8325
SH,688515,5.48,8137,13066
SZ,002639,1.4,8133,9605
SZ,300850,0.11,8130,11193
SZ,002277,0.87,8128,8128
SH,688678,5.83,8127,8127
SZ,300895,2.44,8126,8280
SZ,000719,0.75,8119,12452
SH,600639,0.74,8086,10674
SH,603687,3.23,8080,8080
SZ,300327,2.98,8068,8128
SH,600935,1.77,8067,8268
SH,603680,1.18,8064,8064
SZ,301326,6.14,8064,8135
SH,603112,1.07,8062,8143
SH,605008,1.22,8055,8055
SH,600722,4.96,8055,8055
SZ,301369,3.32,8046,15008
SZ,300035,1.47,8044,9452
SZ,002221,1.48,8035,8669
SH,688108,0.26,8029,8029
SZ,002030,-0.86,8028,8028
SZ,002782,3.08,8025,8121
SH,688050,-2.44,8020,8020
SZ,002342,2.56,8019,8064
SH,688439,1.68,8010,8010
SH,600055,0.09,8008,8008
SH,603055,0.33,7987,8004
SZ,002017,0.51,7976,7981
SZ,300416,5.27,7976,8030
SZ,300527,0.64,7971,7971
SH,603931,1.32,7956,7956
SZ,002097,1.23,7948,7963
SH,688328,1.41,7943,7943
SZ,002309,1.23,7940,9925
SH,603033,-0.37,7938,8084
SH,688155,2.13,7937,7937
SZ,002730,-3.6,7934,8302
SZ,002761,1.95,7930,9711
SZ,300171,-2.75,7922,10783
SZ,002023,1.79,7922,7994
SZ,002516,2.46,7916,7972
SZ,002448,10.01,7912,8020
SH,601828,1.86,7911,9535
SH,600736,0.88,7909,7909
SZ,003013,4.47,7897,9040
SZ,300641,2.46,7888,7888
SH,603459,2.4,7879,75127
SZ,300868,5.83,7874,12400
SH,688480,2.84,7872,7872
SH,603181,3.32,7871,7871
SH,605333,0.89,7870,7870
SZ,000869,0.29,7864,11357
SZ,300031,0.63,7861,9355
SZ,002434,1.53,7855,7862
SZ,300834,4.26,7855,7925
SZ,301327,0.83,7851,7851
SZ,002041,5.32,7841,7841
SZ,002488,0.83,7839,8481
SH,688598,4,7838,7992
SZ,002471,1.57,7836,7980
SH,605133,6,7829,7916
SH,605128,1.92,7818,7818
SZ,002446,1.21,7817,8440
SZ,002990,6.71,7813,14823
SZ,300985,-0.58,7796,7796
SZ,000860,-0.37,7796,7796
SZ,002267,0.43,7796,7796
SZ,002941,0.47,7794,7794
SH,688293,0.2,7792,9456
SZ,002737,-1.25,7791,7791
SH,688062,-0.58,7782,15099
SH,688191,-0.16,7774,7774
SZ,300294,-1.46,7755,7755
SH,688798,2.89,7735,13284
SZ,000628,1.49,7732,14169
SH,600746,2.48,7731,7731
SH,603053,-0.79,7724,7724
SH,600846,-1.35,7716,7716
SH,603045,6.21,7710,7710
SH,600611,-2.94,7707,11655
SH,600251,1.54,7700,7700
SZ,300770,0.54,7696,7696
SH,600590,5.93,7685,7770
SZ,300595,-0.42,7674,10267
SH,688277,-0.59,7673,7673
SH,601595,-1.77,7664,7664
SH,688093,2.24,7663,7663
SZ,300174,2.03,7660,7703
SZ,300153,7.27,7659,7699
SH,600618,1.29,7656,11807
SH,601686,0.98,7648,7648
SH,600789,-0.52,7648,7912
SH,603269,0,7645,7645
SH,600075,1.13,7634,7634
SH,688622,-0.86,7631,7631
SZ,002212,-1.5,7631,7714
SH,601908,2.27,7630,7630
SZ,301373,3.2,7627,11878
SH,603043,-0.58,7627,7692
SH,600587,-1.25,7619,7619
SZ,301248,1.54,7610,10414
SZ,002077,3.23,7608,7608
SZ,300852,8.15,7608,7882
SZ,001232,6.68,7606,95584
SH,603580,10,7605,7605
SH,600502,0.45,7604,7604
SH,688312,4.65,7600,7600
SH,688103,4.55,7595,7595
SZ,300986,1.62,7594,7600
SZ,002885,2.83,7585,8661
SH,603050,4.74,7578,7578
SZ,002386,1.39,7574,7576
SH,688621,2.96,7563,7563
SZ,301069,5.16,7562,8030
SZ,002106,2.39,7542,7552
SH,600335,0.6,7541,7541
SH,603977,1.76,7536,7536
SZ,300861,3.48,7535,11999
SZ,002971,3.61,7532,9853
SH,603477,1.65,7529,7719
SH,603211,2.29,7526,7526
SH,688326,1.06,7522,8082
SH,605007,2.93,7513,7531
SZ,000551,10,7512,7518
SH,600305,0.29,7511,7523
SH,600917,0.42,7509,7509
SH,688049,3.27,7498,7498
SZ,300168,-1.32,7498,7506
SZ,300482,-0.45,7492,8154
SZ,002951,2.87,7485,7521
SZ,000012,1.06,7485,11622
SZ,002533,1.31,7476,8492
SH,600400,3.82,7470,7470
SH,603466,-0.15,7465,7465
SH,688488,-2.41,7452,7452
SH,605167,1.46,7445,7445
SZ,300400,1.99,7443,7467
SH,688073,-1.79,7438,7438
SH,688478,7.2,7434,7434
SZ,300180,0.46,7433,7643
SH,600861,0.46,7422,7422
SZ,002275,-0.07,7421,7826
SH,600252,1.3,7419,7419
SZ,301191,4.26,7415,9835
SZ,000402,-0.39,7412,7413
SZ,002036,0.29,7409,7424
SH,600797,-1.09,7408,7408
SZ,000813,0.57,7402,7403
SH,688176,-0.38,7398,7398
SH,600724,1.79,7398,7400
SH,688699,-0.17,7394,7394
SZ,002324,2.48,7390,10589
SH,600117,1.34,7389,7389
SH,600657,1.17,7386,7386
SZ,002588,1.65,7384,9906
SZ,300685,-2.96,7382,7392
SZ,002733,2.51,7381,7688
SZ,300191,4.15,7377,10672
SZ,301263,-1.98,7373,10334
SZ,002796,2.08,7371,8169
SH,600078,1.83,7368,7558
SZ,001298,1.46,7358,7811
SZ,300520,1.6,7357,7613
SZ,000059,0.66,7357,7357
SH,603166,1.41,7355,7412
SZ,003039,0.85,7355,7355
SH,603311,3.52,7345,7345
SH,600903,0.32,7345,7345
SH,688352,6.37,7339,23827
SH,600059,-1.82,7338,7338
SH,688556,4.01,7327,7327
SZ,300739,3.16,7320,9023
SZ,300337,1.78,7306,8441
SZ,002006,1.81,7302,7302
SZ,301498,-0.94,7297,16295
SZ,000650,0.18,7283,7658
SZ,301328,2.88,7281,10074
SZ,300910,-2.33,7278,10392
SH,688087,3.47,7277,7546
SH,601226,1.13,7276,7276
SZ,002215,1.58,7273,9038
SZ,002631,0.11,7269,7303
SZ,301232,2.48,7265,12221
SH,600866,1.63,7261,7261
SH,688626,-0.23,7254,7254
SZ,300976,3.63,7247,11265
SZ,002034,0.86,7245,7275
SZ,301392,5.05,7243,17754
SH,600557,-1.15,7241,7241
SH,603660,6.83,7241,7241
SZ,300298,-1.45,7240,8999
SH,603279,2.03,7239,7239
SH,688818,2.74,7237,88514
SZ,000030,2.12,7235,7447
SZ,002955,6.05,7235,8751
SH,688550,2.57,7233,7233
SZ,300098,1.08,7231,8150
SH,600815,2.26,7221,7221
SH,688610,11.08,7221,11995
SZ,002108,0.69,7218,7221
SZ,001314,3.19,7216,8294
SZ,002110,0,7214,7214
SZ,002121,2,7214,8547
SZ,300109,0.94,7193,8018
SZ,000498,0.81,7189,7700
SZ,300045,4.58,7187,9224
SH,603277,3.88,7183,7206
SH,600525,7.3,7174,7174
SZ,002681,1.78,7172,8202
SH,600748,0.78,7157,7157
SZ,000544,0.69,7154,7154
SZ,002721,0.37,7154,7154
SZ,002256,-1.38,7151,7244
SZ,002881,2.79,7149,11799
SZ,300492,2.85,7147,7147
SH,600881,1.38,7143,7143
SZ,300566,13.72,7140,8256
SZ,002935,1.84,7135,7251
SZ,300700,2.24,7133,7968
SZ,300997,2.44,7126,7856
SZ,300276,2.28,7125,9443
SH,603990,-0.2,7121,7121
SH,688518,2.61,7117,7117
SH,601096,1.88,7114,11583
SH,605598,5.44,7111,7111
SH,603299,1.9,7110,8698
SH,605365,2.61,7103,7103
SH,600125,0.18,7102,7102
SZ,000755,4.09,7102,7102
SH,688418,0.05,7098,7098
SZ,920982,-0.74,7094,14717
SH,600955,2.55,7084,7084
SZ,000566,0.18,7080,7084
SZ,002242,2.31,7076,7088
SH,603010,10.04,7072,7249
SZ,300080,1.89,7072,7081
SZ,300222,3.14,7069,8479
SZ,920029,0.14,7068,7264
SH,688290,2.71,7061,7061
SZ,000597,-0.39,7060,7149
SZ,000503,-1.49,7060,7060
SH,600708,0.32,7054,7065
SZ,300265,3.08,7047,7051
SZ,300540,2.99,7045,7756
SZ,300909,0.31,7037,9425
SZ,002141,5.09,7034,7034
SH,601330,0.28,7032,10171
SH,688563,0.14,7031,23308
SZ,000756,-1.39,7029,9816
SZ,002421,0.88,7005,7295
SH,600770,2.67,6994,6994
SZ,300731,4.29,6991,7366
SZ,301286,3.1,6982,17320
SH,603128,0.95,6977,6977
SH,600925,-0.45,6970,29898
SH,600810,2.55,6960,7023
SZ,002093,-0.42,6952,6952
SH,600429,1.53,6949,6970
SH,688733,14.2,6942,6942
SH,688079,5.8,6939,7061
SH,600713,-0.18,6939,7038
SH,600676,0.3,6932,6932
SH,603416,2.41,6924,7789
SZ,301215,1.55,6916,6924
SH,603887,-3.68,6911,6911
SH,600828,1.27,6908,6911
SZ,002546,2.25,6907,7190
SH,600169,0.98,6900,6900
SH,600962,2.21,6899,6899
SH,688631,1.27,6897,6897
SH,603065,2.55,6896,6896
SZ,002943,4.58,6895,9742
SZ,301607,1.14,6887,10622
SH,600510,0,6884,6884
SH,688577,2.06,6880,6880
SZ,000631,-0.65,6877,6877
SZ,002785,1.75,6877,8054
SZ,300444,2.72,6877,8819
SH,601015,-0.29,6863,6863
SH,688230,5.7,6844,6844
SH,605011,0.41,6842,6842
SH,603229,-1.54,6842,6842
SH,600874,0.54,6841,8732
SH,603778,2.01,6840,7023
SZ,300819,4.21,6839,7572
SZ,002810,5.17,6837,7366
SH,600654,0.68,6836,8394
SZ,002650,-1.43,6830,6831
SH,688788,3.62,6830,6830
SZ,000777,0.96,6829,6829
SZ,002550,-0.55,6828,9163
SH,688365,1.33,6825,6825
SZ,301291,5.04,6824,13116
SZ,300768,-1.51,6823,10443
SZ,002467,-2.72,6820,6863
SZ,002840,3.26,6819,6867
SZ,002229,10.03,6815,6857
SH,600158,0.14,6813,6813
SH,688787,3.16,6811,6811
SZ,002284,-1.05,6802,6866
SH,600682,-1.34,6798,7856
SZ,003043,2.77,6797,10412
SZ,301050,1.67,6796,7979
SZ,002970,2.6,6791,9883
SZ,301529,3.56,6789,12648
SZ,002315,-2.52,6788,10648
SH,600604,-1.22,6784,9029
SH,603866,1.19,6783,6783
SH,603367,-1.05,6782,6782
SH,600771,-1.27,6779,6779
SZ,300348,-0.1,6779,7539
SZ,300143,-3.09,6775,7920
SZ,300341,0.15,6772,6799
SZ,000601,0.62,6771,6874
SH,603517,2.29,6769,6769
SH,600987,-0.14,6768,6768
SZ,002537,0.7,6767,6786
SH,605178,4.61,6765,6765
SH,603861,3.06,6755,6908
SH,688601,8.79,6751,6751
SZ,000058,1.78,6745,8434
SH,600468,0.98,6744,6744
SZ,002057,2.52,6742,6747
SZ,002163,1.7,6734,7081
SZ,002690,1.77,6732,13692
SH,600780,0.69,6730,6730
SZ,002214,-1.46,6727,8417
SH,600775,-0.09,6718,9138
SZ,300678,0.61,6709,6829
SZ,002734,-0.31,6707,7323
SZ,301366,3.69,6699,11998
SH,688115,3.45,6698,6698
SH,603071,0.42,6695,6695
SZ,002664,1.78,6693,6780
SH,600829,-2.44,6692,6692
SZ,002438,2.44,6686,7237
SH,600103,2.37,6681,6767
SZ,000989,0.94,6678,8234
SH,688315,-1.1,6668,6668
SH,600313,10,6666,7154
SH,600851,3.68,6659,10888
SZ,000589,0,6655,6699
SH,605188,2.75,6651,6651
SZ,300872,0.25,6647,7688
SH,688685,2.73,6641,6641
SH,601515,0.88,6639,6639
SZ,301522,2.7,6637,8917
SH,603155,3.28,6630,6630
SH,688185,2.93,6627,14314
SZ,300900,5.53,6617,8445
SZ,002042,0.26,6616,6616
SZ,300493,2.68,6611,6688
SH,603200,1.26,6610,6610
SZ,300192,-1.08,6608,6686
SH,603897,0.03,6608,6608
SH,688757,7.27,6607,14705
SH,603489,0.61,6597,6597
SZ,300284,-0.89,6591,6946
SZ,920394,1.86,6589,6638
SH,600894,0.65,6577,6608
SH,600488,2.38,6573,6573
SZ,301061,1.55,6571,9891
SH,605366,2.29,6569,6569
SH,600422,-1.69,6563,6563
SH,600325,-0.82,6550,6550
SZ,300134,0.95,6539,6539
SH,603368,-2.07,6538,6538
SZ,002965,3.68,6537,9111
SZ,002135,1.95,6535,6983
SZ,002635,3.7,6534,10898
SH,603068,3.84,6531,6531
SZ,300706,6.36,6530,8808
SZ,301339,0.53,6529,6609
SH,688276,-1.18,6528,6528
SH,600966,0,6524,6524
SZ,000008,0.42,6519,6519
SH,688307,5.96,6516,6516
SZ,300435,2.62,6511,6808
SZ,300221,1.3,6501,6666
SZ,301182,5.69,6495,7122
SH,603197,1.18,6495,6583
SZ,000090,-0.28,6483,6484
SZ,002470,2.07,6473,6473
SH,688620,2.42,6472,6472
SZ,002140,2.12,6469,6478
SZ,300343,0.66,6468,6485
SZ,000735,9.98,6468,6472
SZ,300212,3.93,6461,6659
SH,600496,0.62,6448,6448
SZ,300197,-0.45,6435,6435
SH,688708,0.27,6428,18034
SH,600501,2.25,6422,6422
SH,603867,2.06,6419,6472
SZ,002132,4.09,6408,6419
SZ,000572,1.83,6405,6414
SH,601500,1.51,6395,6395
SZ,300815,0.43,6394,6529
SZ,002213,2.86,6394,7436
SH,600368,1.02,6390,6390
SZ,300151,4.15,6390,9228
SZ,002009,1.69,6387,7256
SZ,001391,0.24,6381,51277
SZ,002678,1.51,6381,6384
SZ,002272,3.37,6379,7579
SH,688553,0.64,6368,7855
SH,688505,4.43,6360,9277
SH,688135,4.12,6359,6359
SZ,301137,1.51,6358,6358
SZ,300358,-1.19,6358,6450
SH,688635,0.69,6357,33534
SZ,000905,2.39,6350,13202
SZ,300369,0.77,6340,6363
SZ,000524,1.07,6324,6327
SH,688767,1.32,6324,6324
SZ,301312,3.64,6316,12555
SZ,002519,1.08,6314,6331
SH,603363,0.68,6311,8029
SZ,300119,-1.76,6309,8789
SH,600108,3.51,6308,6308
SZ,300041,2.48,6299,6473
SH,600643,0.51,6298,6309
SZ,300820,1.72,6297,12517
SZ,301261,2.21,6296,6349
SZ,301292,8.23,6295,16465
SH,688366,-0.91,6293,7421
SH,605005,-1.68,6284,6284
SZ,003010,-0.74,6282,8641
SH,600310,-1.14,6273,6273
SZ,002527,0.85,6267,7857
SZ,002708,2.62,6267,6818
SZ,000670,10.07,6262,6378
SH,603595,1.28,6260,6260
SH,688510,3.13,6256,6256
SZ,300598,0.38,6254,6256
SZ,300709,3.94,6253,7789
SZ,300617,3.66,6250,7455
SZ,000908,2.16,6246,12493
SZ,002052,-1.41,6239,6810
SZ,001212,1.7,6224,7194
SZ,002606,3.14,6219,6481
SH,603567,0,6219,6224
SH,600230,4.52,6218,6218
SH,688717,4.17,6210,10032
SZ,301282,19.99,6210,7419
SH,600769,0.3,6210,6210
SZ,300969,2.89,6210,13020
SH,600841,3.12,6206,8258
SZ,000722,1.83,6197,7628
SZ,000957,0.87,6196,6196
SH,603877,4.27,6195,6203
SH,688323,6.59,6192,6192
SZ,301230,-1.49,6186,6878
SH,600975,1.43,6186,6186
SH,605288,-0.12,6185,6226
SH,603108,-2.28,6179,6179
SZ,301307,7.19,6179,11962
SZ,300128,2.15,6176,6184
SH,688499,0.36,6175,6175
SH,603969,-0.13,6174,6319
SZ,300164,-1.11,6170,6226
SH,600617,2.36,6161,6694
SH,603758,2.89,6159,6159
SZ,300393,3.04,6156,7017
SZ,301099,4.39,6151,10108
SZ,301333,2.21,6149,6157
SZ,300307,0,6146,6252
SH,688526,1,6144,6144
SH,688709,3.2,6142,17641
SH,605018,1.16,6139,6139
SH,600897,0.62,6137,6137
SZ,000541,1.43,6128,7648
SZ,300256,1.49,6124,6193
SZ,300722,1.66,6119,6119
SH,603213,-0.78,6113,6113
SH,605183,1.86,6112,6153
SZ,002452,3.06,6111,7320
SZ,300534,7.04,6111,6137
SZ,002210,1.77,6107,6121
SH,603776,0.42,6101,6101
SH,603383,0.81,6100,6100
SZ,002104,-1.25,6099,7204
SZ,002605,-0.05,6098,7529
SH,600730,2.16,6095,6095
SZ,300626,1.53,6091,6095
SH,688799,3.12,6087,6087
SH,600255,1.81,6087,6087
SZ,002068,1.6,6086,6089
SZ,300990,4.27,6081,13389
SH,605056,1.82,6079,6170
SZ,300983,0.56,6077,6872
SH,688689,2.85,6076,6076
SH,688658,-1.16,6075,6075
SZ,002123,-2.19,6074,6790
SZ,002538,-1.78,6073,6077
SZ,300226,1.1,6067,6311
SZ,300214,9.3,6067,6067
SH,600203,-0.57,6066,6066
SH,600855,2.13,6056,6068
SZ,002390,-0.94,6053,6104
SZ,300063,1.68,6052,7327
SH,601121,5.44,6048,7441
SZ,000915,0.12,6044,6048
SH,688232,-0.2,6044,6044
SH,600370,-0.65,6034,6034
SZ,000880,5.95,6028,12315
SZ,300981,-1.15,6025,6574
SZ,002302,0.63,6009,6009
SZ,002029,4.51,6009,6366
SH,688095,1.47,6002,6002
SZ,001323,3.27,6001,8388
SZ,300467,-8.05,5997,7159
SH,688419,3.87,5997,5997
SH,688309,-0.48,5995,5995
SH,603135,1.49,5987,6032
SZ,002127,0.33,5984,7365
SZ,000881,0.46,5974,6249
SH,600433,1.79,5968,5968
SH,688109,0.28,5968,5968
SZ,301000,1.56,5965,6319
SH,603708,0.65,5962,5962
SH,603012,-2.22,5961,5961
SZ,300129,1.97,5958,9192
SH,688656,0.68,5957,5957
SH,688117,0,5956,5956
SZ,301306,6.25,5955,8627
SZ,000561,0.39,5954,6627
SZ,000025,1.68,5951,6531
SH,601199,-2.14,5948,5948
SZ,300127,1.22,5946,8324
SZ,002803,2.52,5942,9145
SH,600586,0.96,5939,5939
SZ,300708,-0.59,5937,7764
SZ,300046,2.49,5937,5937
SH,605277,1.04,5933,6042
SZ,002232,-0.13,5932,5932
SZ,300043,-1.03,5932,5935
SH,605555,3.11,5930,5930
SZ,000913,0.98,5924,5996
SH,600963,2.12,5923,5923
SZ,300841,-0.26,5922,6330
SH,600698,0.71,5921,7619
SH,688173,2.64,5919,5975
SZ,300696,0.45,5919,6521
SH,600592,1.44,5917,5917
SH,600983,0.52,5917,5917
SZ,002382,0.34,5917,5975
SH,688226,3.09,5916,6145
SZ,002685,0.86,5904,5905
SH,600234,0.27,5901,5901
SZ,300258,1.67,5898,6055
SZ,300465,2.39,5897,5897
SZ,001330,-1.54,5896,6969
SH,600691,2.06,5891,5892
SZ,003041,-0.98,5888,6196
SZ,002793,2.46,5886,5895
SH,603123,-2.16,5884,7205
SZ,002752,1.52,5882,5891
SZ,002997,4,5880,5880
SZ,301566,0.72,5877,11136
SH,688711,5.16,5876,5876
SZ,002824,4.09,5876,8084
SZ,000936,-4.87,5873,5874
SZ,002067,0.92,5872,6475
SZ,000042,0.57,5871,5877
SH,688219,2.01,5870,5870
SZ,300203,1.4,5864,5869
SH,601116,1.33,5860,5860
SH,600081,3.72,5857,5857
SZ,300079,0.88,5856,6517
SH,688345,-0.51,5856,5884
SZ,002787,10.02,5855,7845
SZ,920599,0.18,5844,7710
SZ,002695,3.16,5841,6390
SZ,000793,0,5836,9623
SH,600106,-0.22,5834,5834
SH,688448,5.52,5832,5832
SH,688408,2.07,5832,5832
SZ,301153,0.57,5829,6249
SH,688151,1.14,5825,5825
SZ,301638,0.13,5825,74022
SZ,300075,-0.34,5824,7019
SH,600375,0.51,5821,6380
SZ,002298,1.15,5821,6520
SZ,300161,0.98,5821,5931
SZ,300756,-1.33,5812,6679
SZ,301070,1.78,5805,8635
SH,600477,0,5803,5803
SH,600826,1.26,5801,5801
SZ,002349,-0.41,5797,5918
SZ,300581,2.43,5793,5793
SZ,002263,0.98,5785,5785
SH,603507,-3,5785,5849
SZ,300689,6.72,5784,6572
SZ,002860,3.07,5782,5920
SH,600425,1.41,5777,5777
SH,688562,0.42,5776,5776
SH,600288,0,5774,5774
SZ,002101,1.04,5774,5780
SZ,001236,0.53,5769,7669
SZ,003006,2.13,5764,5779
SH,603130,-0.2,5760,5760
SH,688282,13.57,5759,5759
SZ,002164,-2.27,5757,6386
SZ,301321,1.62,5751,7264
SZ,300093,-2.96,5742,13424
SZ,301101,1.09,5736,5955
SZ,003033,8.96,5733,5804
SH,603380,6.15,5729,5729
SZ,002073,1.44,5729,5788
SZ,002956,2.69,5725,5726
SH,600054,-0.17,5723,8133
SZ,002218,1.48,5717,5802
SH,600223,-0.87,5713,5713
SZ,000036,-2.39,5710,5714
SZ,300996,-0.57,5710,6784
SZ,002992,2.9,5709,6609
SZ,300592,5.46,5709,6494
SH,688575,-1.27,5708,5708
SZ,000517,2.23,5707,7291
SH,688655,13.32,5706,5706
SZ,002301,1.15,5694,5741
SZ,000697,1.28,5689,12160
SZ,002988,-2.26,5688,5688
SH,603609,0.96,5686,5686
SH,600742,0.66,5684,5684
SH,688720,9.77,5684,8915
SZ,300579,-0.31,5681,5889
SZ,300283,3.32,5675,7425
SH,603682,1.44,5675,5675
SH,603366,0,5667,5667
SZ,301155,-0.19,5666,9993
SZ,301580,5.3,5666,8386
SH,601968,1.37,5664,5664
SZ,300048,1.21,5662,5673
SZ,300217,1.56,5661,6740
SZ,002805,1.75,5660,5685
SZ,002510,0.9,5657,5715
SH,688334,1.23,5657,5736
SZ,301413,9.4,5652,9466
SZ,000608,-2.31,5650,5684
SZ,300039,2.16,5648,6443
SZ,301362,5.51,5641,20108
SZ,002907,10.03,5638,7011
SZ,300159,2.68,5638,10069
SH,600237,1.92,5628,5681
SZ,000411,-1.37,5626,5637
SZ,300047,-0.2,5626,6180
SZ,000920,1.36,5624,5624
SZ,300470,0.21,5618,5920
SZ,002134,1.52,5612,5616
SZ,000900,0.82,5600,5601
SH,603098,4.11,5598,5606
SH,603848,3.27,5597,5597
SH,688207,7.36,5594,5594
SH,603336,0.11,5588,5588
SH,603333,-1.09,5588,5588
SH,603901,1.55,5587,5663
SZ,000948,-1.36,5584,5595
SZ,300905,3.94,5584,7175
SH,603110,9.99,5582,5582
SZ,001313,1.4,5579,5586
SZ,920493,0.2,5571,7561
SH,603587,0.86,5568,5568
SH,603855,1.28,5566,5599
SH,603217,3.48,5564,5564
SZ,300006,-0.37,5564,5565
SZ,000501,1.97,5562,5568
SZ,002206,0.38,5560,6112
SZ,300057,1.83,5559,6714
SZ,300278,1.29,5553,5571
SZ,001359,2.42,5553,22210
SH,600982,0.2,5543,5543
SH,603610,0.96,5542,5542
SH,600784,3.67,5540,5540
SZ,002577,6.77,5532,5532
SZ,300825,4.39,5528,5647
SZ,300293,1.18,5523,5523
SZ,300158,0.18,5523,5527
SH,688228,2.47,5520,5520
SZ,300451,-0.81,5511,5592
SH,605287,0.74,5510,5510
SZ,002279,-4.8,5505,5966
SZ,002882,4.75,5496,9641
SZ,301301,-0.33,5493,19778
SH,603353,1.96,5493,5493
SZ,300227,-1.3,5490,7167
SH,603686,0.3,5484,5484
SH,688181,-0.62,5481,5481
SH,688237,1.49,5480,5480
SH,600035,0,5474,5474
SH,688320,3.28,5473,5473
SH,600981,0,5472,5472
SH,688776,2.23,5468,5468
SZ,920368,2.34,5466,5745
SZ,300926,3.62,5465,7966
SZ,002274,1.4,5449,5533
SH,688707,1.13,5449,5449
SH,688539,7.72,5447,5447
SZ,300918,2.38,5446,5446
SH,600189,0,5443,5443
SZ,300488,3.05,5435,6406
SZ,300648,3.38,5434,7137
SH,688796,-5.16,5432,62879
SH,600278,1.77,5430,5430
SH,688566,0.75,5430,5430
SZ,300959,2.6,5427,8335
SZ,002255,0.83,5423,7062
SH,601008,2.1,5422,5422
SZ,002833,1.09,5419,7933
SZ,300695,1.98,5419,5419
SZ,300300,1.5,5414,5415
SH,603790,9.99,5414,5414
SH,603499,0.16,5410,5410
SH,688683,4.16,5410,5410
SH,600292,-0.15,5408,58647
SZ,000717,0.9,5405,5405
SH,601177,1.97,5404,5476
SZ,300067,-0.51,5399,6649
SZ,002713,-0.48,5397,9752
SZ,002194,1.05,5395,7215
SH,603286,10.01,5394,5445
SH,600721,1.52,5391,5391
SZ,003040,0.34,5382,5432
SZ,002649,-0.78,5380,5932
SH,600644,-1.47,5378,5378
SZ,003012,1.5,5378,5484
SH,603666,3.73,5377,5377
SH,603439,-1.62,5375,5375
SH,600743,2.23,5373,5373
SZ,300082,1.28,5366,5380
SH,603194,1.16,5363,13610
SH,600889,0.83,5363,8588
SZ,300792,1.13,5353,5965
SH,688218,5.12,5352,5352
SH,603668,0.76,5346,5346
SH,603889,0.71,5342,5382
SH,688210,12.08,5342,5342
SH,605228,0.54,5339,5361
SZ,301323,1.71,5337,8297
SH,603153,0.38,5334,5414
SH,600868,0,5334,5334
SZ,301235,11.68,5331,7123
SZ,000557,0.83,5321,5323
SZ,301053,2.53,5317,5725
SZ,002191,0.53,5316,5359
SH,605580,4,5314,5314
SH,603131,1.55,5310,5310
SZ,301265,7.95,5301,6584
SH,600825,0.2,5298,5298
SZ,000925,1.15,5295,5337
SZ,301349,4.37,5291,6700
SH,600593,-0.33,5290,5357
SH,605050,0.66,5288,5288
SZ,002424,-0.64,5287,6415
SZ,002235,-8.43,5287,5535
SH,600513,5.11,5287,5287
SZ,002419,1.09,5284,5284
SZ,002489,1.47,5280,5986
SH,600300,2.19,5272,5272
SH,600605,1.59,5271,5271
SZ,002572,-1.21,5264,7781
SH,600191,5.34,5262,5262
SZ,300066,0.19,5260,5481
SZ,002697,-1.28,5258,6229
SH,603191,-0.98,5256,5256
SZ,002038,2.15,5256,6339
SH,601518,0.36,5256,5256
SZ,300233,-1.38,5251,5451
SZ,002300,0.14,5251,5251
SZ,000571,0,5250,5412
SH,688379,6.41,5247,5533
SH,601086,0.38,5241,5241
SH,603212,2.83,5241,5241
SZ,000531,0.17,5240,5998
SH,605299,1.66,5234,5234
SZ,300925,0.2,5229,6413
SZ,301012,1.69,5227,5227
SH,600603,3.42,5227,5227
SZ,002777,0.16,5226,5274
SH,600217,1.61,5222,5222
SZ,300531,0.66,5219,5378
SZ,002651,10.01,5219,9539
SZ,300446,1.53,5219,11810
SZ,300084,-3.64,5218,6080
SH,603685,-1.25,5218,6551
SZ,002358,1.81,5216,5216
SZ,301629,5.86,5212,11329
SZ,002567,1.39,5211,5216
SZ,300586,3.84,5207,6927
SH,688101,1.55,5206,5206
SH,603701,2.31,5201,5201
SZ,301368,2.17,5200,5200
SZ,301211,2.13,5195,5195
SZ,002915,0.28,5194,6045
SH,688691,3.2,5193,8540
SZ,002165,10.03,5188,5242
SZ,002640,1.21,5187,5219
SZ,300507,1.52,5184,5355
SH,600720,-0.18,5176,11771
SH,601279,1.24,5170,5170
SH,603590,-0.17,5169,5195
SH,603511,6.02,5168,5220
SZ,002122,0.78,5168,5204
SZ,000409,-0.33,5167,5930
SH,688386,4.11,5164,5653
SH,603727,0.83,5164,5164
SH,688348,2.07,5154,5154
SH,688786,5.05,5153,5153
SH,688057,1.86,5150,5150
SZ,002351,0.51,5143,8775
SZ,003004,2.89,5136,6117
SZ,002989,2.37,5136,5234
SZ,002201,0.83,5129,5552
SH,605009,0.93,5127,5127
SZ,301256,3.49,5126,5126
SZ,300856,-3.2,5126,5304
SZ,002559,1.7,5126,6528
SH,601002,2.09,5125,5164
SH,688007,2.01,5125,5125
SZ,000796,0.52,5123,6175
SH,603173,1.78,5120,5120
SZ,000652,0,5118,5122
SZ,000888,-0.5,5116,5116
SH,605377,1.77,5116,5116
SH,601011,0.38,5115,5115
SH,603916,10.05,5111,5111
SZ,300036,-0.16,5109,5657
SZ,002528,0,5104,5826
SZ,301330,1.55,5102,5867
SZ,301239,-0.49,5095,5367
SZ,001207,9.99,5092,5275
SH,688225,1.52,5084,5084
SZ,301160,2.39,5081,7647
SZ,002060,0.62,5079,12202
SZ,002637,1.96,5078,5137
SH,603170,0.32,5076,5076
SZ,000560,0.46,5074,5111
SZ,002530,0.27,5074,5688
SZ,300680,2.99,5073,6591
SH,600817,2.9,5073,5097
SH,605286,-1.72,5065,5065
SZ,002757,-0.32,5063,5303
SZ,300249,4.08,5062,6202
SZ,300878,1.21,5062,5085
SZ,300528,-1.15,5060,5060
SH,600336,0.79,5059,5059
SZ,301045,4.57,5059,8006
SZ,300619,1.07,5056,6006
SH,600569,0.57,5055,5055
SH,600284,0,5055,5055
SH,600610,2.44,5053,7638
SZ,300767,11.61,5052,5819
SZ,002166,0,5052,5073
SH,688410,0.71,5047,5047
SZ,300406,-1.56,5045,6969
SZ,300491,2.76,5043,5685
SZ,002154,1.43,5039,6231
SZ,300692,0.2,5038,5522
SZ,300120,3.13,5037,5485
SH,688696,1.35,5032,5032
SH,600279,0.71,5032,5032
SZ,300404,1.5,5025,6789
SZ,002570,1.75,5022,5022
SZ,301051,5.86,5020,6319
SZ,002940,0.93,5019,5465
SZ,300443,0.68,5018,6617
SZ,002189,-0.04,5017,5018
SZ,301589,2.01,5016,13456
SH,600495,0.73,5014,5014
SH,688679,11.25,5013,5013
SZ,300219,2.75,5010,5019
SH,603162,4.68,5009,16306
SZ,002303,-0.37,5008,7932
SH,600073,2.3,5007,5007
SH,600990,0,5004,5004
SH,603196,0.09,5000,8834
SZ,000852,1.54,4998,5027
SZ,002443,5.38,4992,4992
SZ,300697,6.43,4988,6516
SZ,002344,1.3,4984,4989
SH,688069,-2.86,4981,4981
SZ,300569,0.83,4976,4991
SZ,301268,2.93,4970,5496
SZ,300783,0.57,4967,7118
SZ,000720,2.6,4963,4963
SH,600814,1.81,4962,4962
SZ,002478,9.94,4958,6180
SZ,300287,-0.52,4957,5397
SH,688512,3.39,4956,7221
SH,600351,2.73,4955,4955
SH,600523,6.24,4954,4957
SZ,301115,-0.41,4951,6041
SH,603777,4.96,4949,4949
SZ,002919,3.82,4949,4985
SZ,002334,0,4947,5519
SH,603598,-1.02,4947,4952
SH,600939,0.78,4946,4946
SH,601789,-1.51,4945,6936
SH,600197,-0.09,4945,4945
SZ,301603,1.49,4944,15822
SZ,300292,1.84,4944,5944
SZ,301583,-0.94,4943,29735
SZ,000779,10.04,4941,4941
SZ,002455,3.75,4936,5397
SZ,002033,0.22,4934,4934
SH,603843,-1.53,4932,4932
SH,603988,-4.15,4932,4932
SZ,002483,1.27,4931,4938
SZ,300397,3.16,4931,6253
SZ,301179,1.97,4928,8391
SZ,301365,-7.82,4926,7299
SZ,002819,0.63,4924,6205
SZ,002642,0.13,4922,4922
SH,688377,3.24,4919,4919
SH,600199,-2.72,4914,4914
SH,600207,1.35,4913,4913
SH,600790,1.21,4910,4910
SZ,300087,3.42,4908,5153
SZ,300907,1.13,4906,4906
SZ,002632,0.12,4906,5334
SZ,002307,1.35,4904,4963
SZ,002238,0,4904,4904
SH,600308,0.62,4899,4899
SZ,300016,-0.22,4896,5067
SH,601566,1.19,4890,4890
SZ,002662,0.62,4890,4890
SZ,002589,1.42,4889,5387
SZ,920640,1.88,4888,5080
SH,600379,2.07,4887,4887
SZ,002375,1.38,4885,4918
SH,688719,3.66,4884,6282
SZ,300261,-1.14,4884,4990
SH,603111,1.57,4883,5026
SH,688389,-0.69,4876,4876
SZ,001322,0.49,4871,5987
SZ,002526,0.36,4870,4903
SZ,301162,0.05,4866,7497
SZ,301048,1.11,4859,4859
SZ,300518,-0.48,4855,4856
SH,688356,-2.68,4851,4851
SH,603711,0.26,4851,4851
SZ,300788,0.24,4849,4849
SZ,300785,1.59,4848,7881
SZ,300291,-0.56,4845,4907
SZ,300802,3.28,4844,6801
SH,688667,1.83,4840,4840
SZ,300755,0.52,4837,4839
SH,688591,2.36,4836,6901
SZ,300964,6.48,4834,6588
SH,688247,-1.1,4833,4833
SZ,001208,1.13,4832,9677
SH,603398,1,4831,4831
SZ,300461,-3.85,4828,5255
SZ,002523,3.32,4827,4845
SZ,000863,2.22,4827,4900
SZ,300688,2.07,4825,5443
SH,600231,1.8,4822,4883
SH,605208,5.64,4820,4820
SZ,300871,-2,4819,4819
SZ,002774,-2.55,4818,5757
SH,600756,-0.92,4816,5195
SH,600571,0.77,4816,4906
SZ,300490,3.82,4813,4880
SH,688580,-0.03,4813,4813
SH,688609,2.78,4800,5011
SZ,002481,2.14,4797,5293
SH,603137,0.54,4797,4797
SZ,002728,1.7,4793,4907
SH,688646,4.57,4792,7429
SZ,002556,2.4,4792,4796
SH,603976,2.69,4788,4788
SH,688137,-1.64,4784,4784
SH,688807,6.63,4784,23919
SZ,301458,3.38,4782,10853
SH,688665,2.99,4779,4779
SH,688085,-0.86,4779,5000
SH,603330,10.02,4779,5084
SH,600121,0,4776,4776
SH,603980,1.44,4772,4772
SZ,002102,0.45,4771,5545
SZ,002291,-0.17,4763,5125
SH,603387,0,4762,4762
SZ,001317,0.34,4760,4765
SZ,300147,-3.84,4759,4788
SZ,000753,1.48,4759,4759
SZ,002482,0,4755,4764
SH,688238,-2.12,4752,4764
SZ,002892,0.42,4751,7044
SH,688530,6.87,4744,10880
SZ,000665,1.71,4742,4742
SZ,001328,-1.93,4742,5048
SZ,002111,0.83,4741,5161
SZ,002959,1.22,4738,5281
SZ,920576,4.8,4735,4783
SZ,002045,0.36,4735,4742
SZ,002638,-1.12,4734,5028
SZ,301008,4.76,4732,5359
SH,603683,5.06,4730,4779
SZ,002590,1.17,4727,4957
SZ,300702,0.4,4726,7816
SZ,301055,2.42,4725,4828
SH,603803,-0.17,4725,4725
SH,603070,1.64,4724,4724
SZ,300267,0.3,4722,6848
SH,688551,2.63,4721,4721
SZ,300388,-0.71,4720,4720
SZ,002880,1.02,4713,4713
SH,600551,0.72,4712,4712
SH,688061,11.27,4707,4707
SH,603222,-0.1,4705,4705
SH,605368,0,4702,4702
SH,600626,2.59,4702,4702
SH,603150,0.71,4701,4701
SZ,300463,-1.23,4700,5781
SZ,002727,-0.16,4695,6998
SH,600715,-1.79,4694,6658
SH,688330,1.39,4694,4694
SZ,002520,-1.64,4692,4907
SH,603767,1.54,4685,4685
SZ,301004,0.5,4683,5017
SH,605338,0.15,4681,4681
SZ,002026,1.14,4674,4674
SZ,300232,-0.18,4674,5735
SZ,300523,1.01,4667,4667
SZ,300727,2.79,4665,5184
SZ,002749,-0.8,4659,4763
SZ,002902,2.5,4659,6164
SZ,301391,0.74,4656,4765
SH,600714,5.91,4651,4651
SZ,000417,2.23,4651,4656
SH,600857,1.97,4648,4648
SZ,002522,1.58,4643,4647
SH,603386,5.26,4640,4640
SH,603726,4.19,4639,4663
SZ,002370,3.15,4638,4638
SZ,002573,-0.6,4635,4642
SZ,300429,1.93,4629,6154
SZ,301367,-0.91,4624,5906
SH,603408,0.1,4619,4619
SZ,002418,-0.24,4614,4614
SZ,002501,-0.75,4610,4615
SH,603998,-2.59,4610,4610
SH,600681,1.47,4609,4613
SH,600084,-0.96,4607,4607
SZ,300606,0,4602,5411
SH,688119,2.76,4601,4601
SZ,300189,11.13,4600,5315
SZ,002543,-0.56,4598,5168
SZ,000993,0.1,4598,4598
SZ,000045,0,4598,5096
SH,603661,3.7,4598,4598
SZ,301252,2.61,4595,5730
SZ,300027,0.56,4591,4966
SZ,002146,-0.84,4576,5087
SH,603032,2.24,4574,4581
SZ,002401,0.08,4568,4572
SZ,002322,-0.45,4564,4748
SZ,000759,0.14,4564,4611
SH,603681,2.29,4558,4558
SH,603365,1.45,4557,4581
SH,688291,6.03,4546,4546
SH,688010,4.24,4544,4544
SZ,300123,-3.78,4543,4670
SZ,301075,3.35,4542,4542
SH,603097,1.05,4538,4645
SZ,300368,-6.12,4533,4533
SH,600558,0.8,4533,4533
SH,603669,1.11,4530,4530
SH,605300,2.05,4530,4530
SZ,300705,-3,4528,6124
SH,603928,1.92,4528,4528
SZ,301325,0.48,4525,4525
SZ,000558,-0.27,4523,4525
SZ,300715,1.98,4522,5463
SH,603528,0.31,4518,4518
SH,600071,1.71,4514,4514
SH,688196,2.22,4511,4511
SH,688045,2.42,4508,4508
SZ,001283,2.66,4507,5653
SZ,002627,0.78,4503,4552
SZ,300643,0.57,4499,4509
SZ,000819,3.54,4498,4541
SZ,300737,2.42,4498,5629
SH,600758,-0.86,4491,4495
SZ,000507,0.81,4485,4571
SZ,002161,3.24,4482,4483
SZ,300917,0.65,4482,4482
SZ,300968,0.74,4481,4481
SZ,300711,-2,4479,5056
SH,601218,0.87,4477,4477
SZ,002124,0.89,4477,5044
SZ,002112,2.28,4476,5024
SH,600658,0,4474,4474
SZ,002707,0.98,4472,5081
SH,688558,5.42,4470,4470
SZ,000886,1.11,4469,4519
SZ,002641,1.81,4468,4843
SZ,300791,-2.85,4466,5348
SZ,002788,-0.67,4460,4538
SH,600283,0.38,4459,4459
SZ,002876,2.86,4453,5199
SH,603703,10.05,4453,4453
SZ,300271,-1.4,4448,4546
SZ,002540,1.57,4445,6462
SH,688360,6.38,4444,4444
SZ,002393,-0.66,4443,4563
SZ,003026,3.96,4441,5768
SH,600178,0,4441,4441
SZ,300018,0.91,4439,5972
SZ,300138,-1.58,4433,5377
SZ,301058,3.97,4431,4505
SZ,002454,0,4431,4439
SH,600382,0.63,4430,4430
SH,603015,2.53,4430,4430
SZ,300943,15.8,4430,6767
SZ,301488,3.29,4430,10811
SZ,300481,8.32,4420,4448
SH,600173,0.64,4420,4420
SZ,301007,0.97,4414,4473
SH,603060,0.92,4414,4414
SH,600337,2.33,4412,4412
SZ,002512,-2.17,4411,4443
SH,600101,0.5,4410,4410
SH,603206,0.63,4407,4407
SZ,002059,0,4404,4536
SH,603611,1.18,4402,4402
SZ,300403,5.8,4399,6054
SH,688350,2.13,4399,4399
SH,603018,1.32,4399,4399
SH,603960,2.88,4397,4397
SZ,002884,1.13,4396,5759
SZ,300286,2.57,4394,5304
SH,603187,-7.18,4393,4440
SZ,300320,6.72,4392,5441
SH,603322,0.18,4392,4392
SH,600152,1.59,4391,4391
SZ,000678,6.82,4389,4389
SZ,000078,-1.17,4384,4394
SH,603324,4.83,4384,4537
SH,603175,0.71,4382,42117
SZ,000718,1.05,4381,5827
SH,600168,0.68,4381,4381
SH,603339,2.91,4375,4375
SH,600976,-2.15,4375,4378
SH,603209,1.27,4372,4420
SZ,002746,0.65,4372,5301
SH,601065,1.19,4371,4371
SH,603038,0.99,4366,4366
SZ,002367,-1.43,4362,4380
SH,603822,2.9,4360,4360
SH,603016,0.65,4359,4359
SH,600227,3.02,4357,5759
SZ,000428,0.47,4351,4351
SZ,300326,-1.61,4350,4352
SZ,002886,2.67,4349,5475
SH,605577,0.41,4347,4347
SZ,002005,-0.39,4345,4346
SZ,002480,-0.34,4345,4353
SH,600880,-0.24,4339,4341
SZ,300505,6.62,4339,5486
SH,603933,1.7,4338,4338
SZ,000821,-0.27,4335,4466
SH,603869,-1.21,4334,4334
SH,688168,5.89,4332,4332
SZ,301348,-0.44,4328,5369
SZ,000011,-0.83,4328,4899
SZ,003019,6.6,4327,4427
SH,688236,0.07,4326,5754
SH,603165,1.99,4325,4325
SZ,300901,6.07,4322,4322
SZ,002427,0.69,4322,4326
SZ,002264,0.76,4322,4780
SZ,300091,0.38,4318,7503
SZ,300733,1.44,4316,5854
SZ,002644,-0.46,4315,4315
SZ,001338,1.06,4315,4315
SH,605088,1.71,4312,4344
SZ,300984,3.67,4310,6688
SH,603121,1.68,4310,4310
SZ,002765,0.56,4308,4715
SZ,301370,0.22,4306,4306
SZ,002843,5.26,4306,4332
SH,603106,-4.05,4305,4305
SZ,301280,4.54,4303,8288
SZ,300121,3.73,4303,4461
SH,600819,1.49,4301,5323
SZ,300441,0.88,4300,4427
SZ,301116,0.63,4297,4297
SH,603636,0.95,4295,4295
SZ,300105,-3.13,4294,4297
SH,688212,-1.53,4292,4292
SZ,002321,2.02,4290,4308
SZ,301277,-0.72,4289,4289
SZ,000521,0.41,4289,5047
SH,605086,-0.32,4286,4286
SZ,300847,0.77,4286,4286
SZ,300557,2.43,4282,4304
SH,603615,3.21,4280,4280
SH,688429,1.71,4280,4280
SH,688639,0.77,4279,4279
SH,605055,1.14,4277,4277
SZ,300345,19.95,4276,5174
SZ,300532,0.71,4274,4494
SZ,000520,9.9,4271,4271
SZ,300210,-0.22,4271,4271
SZ,300434,-2.42,4266,5010
SZ,002328,0.95,4263,5765
SZ,300859,-0.06,4263,4263
SZ,002088,6.46,4255,4284
SZ,000919,0.74,4253,4254
SZ,300539,2.68,4251,5231
SH,600340,-0.9,4244,4244
SH,688595,0.27,4242,4242
SZ,920077,1.3,4242,8237
SZ,002117,-0.11,4241,4242
SH,600609,-0.3,4240,4240
SH,600650,0.37,4238,5985
SH,600076,0.96,4235,4235
SZ,920946,-1.97,4234,4235
SH,603261,-2.75,4228,4228
SH,605162,10.05,4220,4220
SH,600261,1.94,4219,4219
SZ,300793,1.25,4208,4304
SH,688633,2.03,4205,4205
SZ,300508,11,4201,5582
SH,688136,-0.75,4193,4193
SH,600860,10.04,4187,5163
SH,603069,0.61,4187,4187
SZ,002380,2.01,4184,7061
SZ,920593,1.69,4184,4908
SH,603956,0.14,4183,4183
SH,603978,2.06,4180,4180
SH,603318,2.71,4178,5048
SH,600479,-0.19,4177,4912
SZ,300873,7.66,4176,5752
SZ,300228,1.36,4175,4463
SH,600520,4.57,4167,4167
SH,600135,1.89,4166,4166
SH,603271,3.48,4165,8726
SZ,000655,2.64,4161,4161
SZ,300071,0.46,4150,4231
SZ,300061,1.37,4150,4395
SZ,300096,-1.02,4150,4150
SH,688211,1.44,4149,4149
SZ,002560,2.34,4148,4816
SZ,300421,2.5,4148,5295
SZ,002758,2.3,4146,4150
SH,600127,10.05,4146,4146
SH,688286,-1.17,4145,4145
SZ,300506,10.37,4144,8040
SZ,002160,3.34,4144,4152
SH,603558,1.68,4142,4142
SH,603966,1.4,4137,4142
SZ,300590,1.76,4136,5343
SH,603072,2.25,4135,8658
SH,603088,0.96,4134,4743
SZ,300206,-1.04,4132,7078
SZ,300004,-3.47,4128,4128
SZ,300355,0,4126,4845
SH,603697,0.1,4123,4123
SZ,301419,10.45,4120,6233
SZ,300936,9.35,4114,6524
SZ,300663,-1.42,4111,4273
SH,603519,1.31,4107,4107
SH,688215,3.18,4102,4102
SZ,002693,0.4,4102,4139
SH,600824,9.89,4100,4100
SZ,301517,2.46,4099,6353
SH,688023,1.03,4097,4097
SZ,001316,2.33,4093,4387
SH,603178,-0.16,4092,4092
SH,600792,0.55,4085,4085
SZ,002553,1.99,4079,5626
SZ,002950,-0.72,4077,6010
SZ,002724,5.9,4077,5539
SZ,002449,1.85,4076,4076
SH,603090,2.39,4075,4075
SH,605268,0.76,4071,4071
SH,688186,0.48,4070,4070
SZ,300333,7.71,4068,4082
SH,603167,0.35,4067,4067
SH,603085,1.69,4066,4066
SZ,300553,8.79,4064,5303
SH,603679,2.37,4064,4064
SH,603035,0.73,4063,4063
SZ,301201,1.71,4060,5786
SZ,300963,1.17,4057,5531
SH,603676,-0.31,4056,4056
SZ,300561,1.82,4055,5519
SH,603429,2.52,4054,4054
SZ,301003,0.75,4054,5240
SZ,300882,1.81,4053,4356
SZ,300022,0.49,4053,4053
SZ,300571,1.27,4052,4889
SZ,002612,-0.92,4051,7044
SZ,300318,-0.96,4049,4174
SZ,301376,0.87,4049,8416
SZ,300662,2.38,4048,4060
SZ,002986,0.98,4048,5097
SH,603058,-0.09,4047,4047
SH,600725,0.31,4043,4043
SZ,300111,0.64,4042,4042
SZ,300893,-0.18,4039,7615
SH,603607,1.43,4038,4038
SH,603081,-0.41,4031,4031
SZ,301168,-0.04,4026,5069
SZ,002040,2.1,4025,4025
SH,688785,3.26,4021,20099
SH,688489,1.75,4013,4044
SH,603520,1.67,4011,4011
SH,601368,1.11,4009,4009
SH,605058,3.13,4006,4006
SZ,002772,2.77,4003,4036
SZ,300246,-0.41,4001,5006
SH,603967,1.05,3997,3997
SZ,000096,0.39,3990,4124
SZ,300183,0.47,3989,4973
SH,603918,-3.35,3987,3987
SH,600505,0,3985,3985
SZ,000626,2.86,3984,4002
SH,688039,1.35,3984,3984
SZ,920139,2.68,3983,4123
SZ,002849,7.88,3983,4016
SZ,300880,3.03,3983,3983
SZ,300911,4.97,3982,4261
SH,603719,1.52,3980,3980
SZ,301102,1.66,3979,3979
SH,688583,-0.46,3978,11416
SH,603316,5.99,3975,4061
SZ,002116,1.13,3970,4019
SH,688298,0.05,3970,3970
SZ,001288,-1.94,3968,6108
SZ,300522,1.41,3968,4863
SH,605028,0.49,3966,3966
SH,600067,1.79,3966,3966
SH,603421,1.33,3965,3965
SZ,002469,9.93,3965,4094
SZ,300478,3.44,3964,3964
SZ,300349,1.42,3963,4473
SZ,301479,0.25,3957,6913
SZ,002669,5.06,3957,3965
SH,600727,2.05,3954,3954
SH,603657,10.02,3949,3949
SH,600798,2.19,3945,3945
SZ,001380,2.05,3945,4591
SZ,300541,0.49,3943,4369
SZ,300656,5.8,3942,4999
SH,600526,1.58,3937,4007
SZ,920239,1.3,3936,3984
SH,603315,1.99,3934,3934
SH,603239,0.62,3934,3934
SH,688133,-2.4,3932,3932
SZ,002688,1.15,3932,4048
SZ,301602,-0.25,3930,8074
SZ,301257,-0.26,3926,4118
SZ,000526,-2.2,3925,3937
SZ,000523,1.37,3922,5433
SZ,002930,1.12,3922,4145
SZ,300194,1.25,3922,4818
SZ,002584,1.58,3921,4898
SZ,300686,6.7,3917,3943
SZ,002564,0,3917,3917
SZ,300231,0.92,3914,3914
SH,603113,1.32,3912,3912
SZ,301186,0.03,3909,4157
SH,603020,1.56,3907,3907
SH,600800,-1.94,3906,3907
SZ,002628,-6.82,3905,3922
SZ,300177,2.22,3905,4792
SZ,300424,5.55,3904,3906
SZ,000822,2.35,3903,3903
SZ,000505,9.98,3902,4485
SZ,300332,0.84,3900,4069
SH,603138,1.27,3898,3970
SZ,002677,-0.83,3894,4561
SH,688199,3.61,3889,3889
SH,688459,0,3888,3888
SZ,301187,-0.71,3888,3888
SZ,000850,0.98,3887,3888
SH,603689,-0.26,3884,3902
SZ,300629,1.76,3878,4498
SZ,301322,-0.46,3878,5750
SH,688571,-0.21,3877,3877
SH,605189,0.81,3876,3876
SZ,300639,-4.05,3876,3976
SZ,300351,1.24,3875,5721
SZ,002406,1.47,3868,5024
SZ,301630,4.27,3868,10324
SZ,301398,4.39,3867,3967
SZ,301408,-1.1,3867,6756
SZ,000532,3.88,3865,3878
SZ,002177,0.18,3860,4301
SZ,002786,0.39,3859,3871
SH,603716,-1.55,3857,3857
SH,603926,0.72,3855,3891
SH,688075,1.99,3851,3851
SH,600960,1.5,3850,3850
SH,688299,3.16,3845,3845
SZ,300200,1.11,3845,3909
SZ,002197,0.14,3845,4423
SZ,300749,6.69,3840,5006
SH,688768,1.48,3839,3871
SZ,300055,2.54,3835,5071
SZ,300588,-1.09,3832,4149
SZ,002162,1.71,3829,3835
SZ,301421,2.54,3826,9562
SZ,002582,0.54,3825,4974
SZ,300471,-2.57,3823,4796
SH,603291,1.46,3822,3822
SH,600333,0.97,3819,3819
SH,600794,2.58,3816,3816
SZ,002973,1.09,3815,4908
SZ,000802,-9.96,3814,3816
SH,600527,0.92,3810,3810
SZ,002228,2.61,3809,3822
SH,605337,1.04,3807,3807
SH,688588,0,3803,3803
SZ,300809,1.24,3802,6402
SZ,000797,1.68,3801,3801
SZ,001269,1.54,3800,3800
SH,603559,7.98,3800,3800
SH,605186,0.83,3800,3800
SZ,300290,-1.97,3799,3800
SZ,300299,0.18,3792,3797
SH,605369,0.76,3792,3792
SH,688813,9.04,3789,20158
SZ,002554,0.71,3787,3788
SZ,301085,1.6,3780,5568
SZ,002090,2.93,3779,3801
SZ,301234,3.77,3778,6395
SH,688302,-0.15,3777,3777
SZ,002035,-0.4,3777,4094
SZ,301026,7.96,3775,5227
SZ,300448,1.73,3772,3971
SH,601113,0.59,3765,4618
SZ,002187,1.13,3764,3764
SH,605378,1.7,3761,3761
SZ,002927,2.65,3759,3801
SH,600805,1.14,3758,3761
SZ,301315,-2.43,3758,3758
SZ,300243,-0.46,3757,4697
SH,688265,-2.99,3757,3757
SH,688590,0.98,3753,4170
SZ,000906,-0.36,3752,3797
SH,688443,-0.79,3750,9589
SH,688163,3.9,3744,3744
SH,605158,2.23,3744,3744
SH,600506,1.83,3742,3742
SZ,300572,2.33,3742,4726
SZ,300044,-1.12,3741,3995
SZ,300380,0,3739,4065
SZ,002412,2.6,3739,3779
SZ,300317,-4.24,3738,3744
SZ,002107,2.03,3737,3775
SZ,301016,0.4,3732,3891
SH,603903,3.47,3730,3730
SZ,001238,2.76,3728,3986
SZ,002766,-3.32,3728,3740
SZ,002596,0.62,3726,3730
SH,603579,-0.42,3723,3723
SH,600568,-1.32,3722,4444
SZ,300414,3.69,3722,3844
SH,603655,1.59,3720,3720
SH,600980,3.31,3719,3798
SH,603126,1.84,3718,3718
SZ,300010,0.45,3709,4609
SH,600729,1.31,3709,8488
SH,688606,-0.68,3708,3708
SZ,301246,2.44,3706,8716
SH,603139,4.68,3706,3949
SZ,300683,-0.81,3705,3973
SH,603109,0.97,3701,3701
SH,600830,1.12,3698,3698
SZ,300248,1.12,3698,4306
SZ,300068,1.41,3696,3890
SH,601366,10,3695,3695
SZ,002225,-0.51,3695,4394
SH,688636,3.01,3694,3694
SH,603351,1.19,3691,3691
SZ,000659,0.35,3690,3690
SH,688398,5.98,3689,3689
SH,603396,1.33,3686,3686
SZ,301038,0.67,3685,3685
SZ,300654,0.48,3685,3826
SZ,000007,-0.92,3683,3683
SH,603958,10.03,3681,3681
SH,688283,3.56,3681,3681
SH,600734,0.6,3681,3681
SH,603390,0.67,3679,3685
SZ,002356,3.32,3671,3672
SH,688569,2.89,3670,3670
SH,603725,-1.63,3667,3667
SH,603232,-0.3,3666,3686
SH,603706,1.84,3661,3661
SZ,002676,1.6,3650,3650
SZ,920809,0.89,3650,4762
SZ,002016,0.45,3649,3649
SZ,300652,1.97,3649,4066
SZ,000903,0.53,3648,3676
SZ,300099,2.96,3647,4623
SZ,001216,1.02,3644,4333
SH,688607,-0.23,3639,4042
SZ,300933,1.06,3638,3638
SH,688602,2.94,3636,3636
SZ,301132,8.02,3635,5682
SH,600576,0,3632,5800
SH,603566,1.25,3630,3630
SZ,000713,3.32,3629,4717
SH,605588,4.24,3629,3637
SZ,002248,0.17,3628,3628
SH,605066,4.18,3628,3628
SZ,002305,-1.41,3624,3625
SZ,001400,2.86,3624,6584
SZ,300154,8.5,3621,5165
SZ,300402,1.57,3620,3667
SZ,300521,0.7,3619,3665
SZ,300668,5.62,3619,4370
SZ,920725,10.99,3618,7475
SZ,002783,1.16,3615,3915
SZ,002457,0.65,3613,3615
SZ,301259,-0.71,3612,5632
SH,603199,-0.75,3609,3609
SZ,002462,0.16,3608,3611
SH,688157,2.13,3606,3606
SH,600262,2.3,3606,3606
SZ,000509,2.13,3606,3606
SH,605566,3.36,3606,3606
SZ,301120,2.5,3605,5959
SZ,300453,-0.78,3599,5221
SZ,301017,-3.6,3596,5638
SH,688600,1.79,3594,3594
SZ,002609,0.51,3593,5038
SZ,000407,0,3591,3608
SH,688373,-0.9,3590,3590
SH,603639,0.38,3589,3692
SZ,300545,1.87,3588,5566
SZ,301251,2.35,3584,8940
SZ,300962,1.5,3577,3577
SZ,300427,2.6,3576,3616
SZ,300812,1.31,3575,3940
SH,600579,0,3574,3574
SH,688533,1.03,3570,3570
SH,603569,1.2,3567,3567
SH,605303,3.27,3567,3567
SH,600327,0.75,3566,3566
SH,600791,7.8,3564,3569
SH,601599,0.99,3563,3563
SH,603105,0.71,3560,3560
SZ,300190,1.89,3560,3574
SZ,300225,1.75,3559,3585
SH,688216,7.06,3559,3833
SZ,003032,2.04,3559,5035
SZ,300840,1.31,3556,4819
SZ,300736,-1.24,3549,3641
SZ,300885,2.26,3549,5273
SZ,300213,-1.52,3548,3816
SZ,301568,5.15,3546,7693
SH,688084,1.36,3543,3543
SH,603577,1.16,3541,3541
SH,603551,-0.84,3541,3585
SZ,300050,3.34,3539,3542
SZ,300611,-0.28,3539,5036
SH,688618,11.47,3530,3530
SH,603313,-2.51,3526,3526
SH,600581,0.44,3526,3526
SH,688317,5.21,3525,3525
SH,603051,0.32,3524,3550
SZ,300948,10.14,3522,3731
SZ,301500,5.94,3519,13707
SZ,002339,1.1,3519,3705
SZ,300078,0.96,3518,3532
SH,600228,1.08,3516,3521
SH,603665,0.64,3514,3514
SZ,920819,1.75,3514,3555
SZ,300241,4.09,3513,4192
SZ,301656,1.65,3513,41483
SZ,300932,4.96,3511,4930
SZ,301468,7.94,3511,6091
SZ,300533,-0.71,3511,4989
SH,688053,2.27,3510,3510
SZ,000965,0.64,3507,3507
SZ,300781,1.61,3507,4753
SZ,301112,0.47,3506,3506
SH,688339,0.85,3505,4306
SH,603898,-1.34,3504,3504
SZ,301617,6.75,3499,8815
SZ,300399,1.2,3491,3492
SZ,001318,9.97,3491,3491
SZ,300551,2.09,3482,3492
SZ,300370,1.83,3482,3491
SH,603309,-0.57,3479,3479
SZ,000726,0.51,3477,4823
SH,600503,0.93,3477,3477
SH,600834,-0.26,3475,3475
SZ,301076,2.61,3475,5198
SH,688148,1.04,3474,3474
SZ,920179,3.18,3471,4327
SH,688098,-1.85,3470,3470
SZ,002365,6.96,3468,4167
SZ,301110,1.39,3463,4923
SZ,300110,0,3461,3464
SZ,001257,0.96,3461,46394
SH,601999,-0.15,3460,3460
SH,688680,1.81,3454,3454
SH,603759,1.77,3454,3454
SZ,300494,-0.56,3454,4253
SZ,300473,2.78,3453,3961
SH,605399,3.07,3449,3453
SH,603798,1.28,3449,3449
SZ,002474,-0.75,3448,4057
SZ,002109,3.05,3446,3446
SZ,000926,1.86,3445,3489
SZ,002269,0.68,3445,3693
SZ,000788,-1.52,3445,3445
SH,601033,0.91,3444,12915
SZ,001210,7.32,3442,5664
SZ,301289,1.3,3441,3463
SZ,000868,0.27,3439,3439
SH,688750,1.79,3438,6827
SH,603811,0.81,3437,3437
SZ,301310,9.15,3435,10757
SZ,300894,0.86,3435,4730
SH,600467,1.73,3433,3433
SZ,002055,3.4,3433,3494
SZ,301609,-1.68,3433,5696
SZ,300879,-0.22,3432,3455
SZ,002086,2.36,3431,4251
SZ,300270,1.86,3431,3982
SZ,300559,-0.44,3429,4403
SZ,300721,6.4,3427,4083
SZ,000701,0.79,3426,3428
SZ,300822,0.17,3424,3692
SH,688033,-0.15,3424,3424
SH,603696,-1.21,3422,3422
SH,603014,-0.52,3419,14074
SH,600156,0.95,3418,3418
SZ,002735,0.59,3418,4499
SH,605398,-0.51,3417,3417
SZ,300021,1.82,3415,3997
SZ,003037,0.53,3415,3415
SZ,000668,0.52,3413,3413
SZ,002357,4.31,3411,3411
SH,600280,1.68,3408,3408
SZ,301682,2.59,3405,16111
SZ,300504,2.43,3405,4228
SH,600318,2.63,3405,3405
SH,603948,1.31,3399,3399
SH,688522,2.07,3397,8366
SZ,002374,0.32,3397,3397
SZ,301175,0.18,3395,8036
SH,600052,0.25,3394,3394
SZ,002845,3.43,3393,4442
SH,688693,1.41,3392,6424
SH,603101,1.26,3392,3392
SZ,300069,4.89,3389,3389
SZ,300560,5.11,3384,4158
SZ,000803,3.95,3384,3432
SZ,300729,1.48,3381,3512
SH,603357,0.5,3380,3380
SZ,300664,1.08,3379,3508
SH,600613,9.98,3379,3765
SZ,002548,3.7,3379,3478
SZ,300419,-0.21,3376,3376
SZ,000514,0.76,3375,3375
SH,600843,0.84,3374,5128
SZ,300836,5.8,3370,4923
SZ,301273,8.51,3366,4386
SZ,000721,-0.14,3366,3771
SZ,300801,3.12,3366,5345
SZ,001229,10,3365,6545
SH,688682,3.38,3365,3365
SZ,300160,1.61,3361,3409
SH,600822,0.47,3359,4206
SZ,002037,0,3358,3358
SZ,002362,0.37,3357,3953
SZ,002571,0.9,3356,4409
SH,600218,1.58,3354,3354
SH,600354,5.48,3352,3352
SZ,000546,1.69,3351,3740
SH,603007,0.42,3350,4263
SH,688358,-0.29,3350,3355
SZ,301199,1.58,3349,3480
SH,688175,1.37,3349,3349
SH,603630,-0.46,3349,3349
SZ,300056,-3.76,3347,3350
SH,600853,0.61,3345,3345
SH,600638,0,3340,3340
SH,605136,0.24,3340,3340
SZ,000736,0.22,3340,3340
SZ,300234,0.73,3337,4881
SZ,301028,1.68,3335,5142
SZ,300515,0.12,3331,3397
SZ,002672,2.22,3331,4067
SH,688171,4.13,3330,3330
SH,600865,0.34,3330,3330
SZ,002369,-0.67,3329,3334
SH,603648,1.44,3327,3327
SZ,301613,1.67,3327,5703
SZ,300466,0.27,3326,3968
SH,688458,1.93,3325,3956
SH,603815,0.19,3324,3324
SH,600716,0.85,3323,3323
SZ,000691,-0.28,3320,4980
SH,603987,-0.64,3320,3320
SZ,301213,3.5,3319,5135
SH,603278,1.89,3318,3318
SZ,002646,-0.98,3318,3339
SZ,301696,6.56,3317,44109
SH,600622,0.91,3314,3314
SZ,002485,-0.15,3313,3313
SH,600539,1.19,3312,3312
SH,688159,7.05,3311,3311
SZ,002178,-0.63,3310,3312
SZ,000731,4.15,3309,3309
SH,600653,0.59,3309,3309
SZ,300848,1.55,3308,5592
SH,603813,-1.86,3308,3308
SZ,002667,1.75,3308,3643
SH,600130,0.92,3308,3308
SZ,002175,1.57,3307,3307
SH,603637,2.52,3306,3306
SH,605108,-0.23,3302,3302
SH,688370,0.67,3300,3300
SZ,002021,2.22,3299,3300
SH,688338,0.62,3298,3298
SZ,301311,1.1,3298,3298
SZ,000037,-0.7,3298,5865
SZ,002826,0.96,3296,3402
SH,600293,1.43,3295,3295
SH,605138,0.68,3295,3295
SZ,000607,1.09,3292,3786
SZ,300603,-1.23,3287,4086
SZ,301237,3.9,3286,4514
SZ,301111,0.88,3286,3286
SZ,000789,0.98,3285,3285
SZ,001217,1.63,3283,3315
SZ,300132,0.31,3282,3337
SZ,300051,-0.1,3281,3322
SZ,300622,1.42,3280,4798
SZ,002811,2.65,3278,3572
SZ,003020,4.24,3277,4437
SZ,300311,-2.71,3273,4102
SH,603048,1.41,3272,3272
SH,688557,3.52,3272,3272
SH,600679,0.42,3272,4715
SZ,002451,0.68,3272,3283
SZ,002791,-0.12,3270,5315
SH,603535,-1.22,3270,3270
SZ,300589,4.65,3268,5265
SZ,301223,1.5,3268,3268
SZ,300193,0.65,3267,3710
SH,603230,-0.42,3267,3267
SH,603500,3.37,3266,3268
SZ,300955,1.66,3266,3266
SH,688722,2.97,3265,3265
SZ,301551,-0.23,3263,8444
SZ,301662,4.19,3262,8485
SZ,300609,1.46,3261,3266
SZ,000931,0.93,3259,3269
SZ,002094,0.64,3259,3261
SZ,300238,-1.91,3256,3256
SH,603817,0.88,3255,3255
SH,600512,0.49,3254,3254
SH,688579,1.88,3252,3252
SH,688070,9.63,3250,3250
SZ,301042,2.21,3249,3408
SZ,002818,0.37,3249,8151
SZ,300289,0,3248,3253
SZ,002801,2.52,3247,6439
SZ,002686,-2.81,3246,3516
SH,688162,2.7,3238,3238
SH,603656,1.09,3238,3238
SH,603999,1.08,3237,3237
SZ,300746,0.07,3237,3269
SZ,001215,3.5,3237,3245
SZ,300608,0,3235,3700
SH,688273,2.05,3233,3233
SZ,301073,1.11,3232,3535
SZ,300578,0.18,3231,3232
SZ,002578,9.97,3229,3520
SZ,300094,2.1,3228,3294
SZ,002313,-0.68,3220,3220
SZ,002575,-1.77,3220,3397
SZ,000488,-0.51,3219,5589
SZ,301136,1.83,3214,3217
SH,603527,3.16,3211,3211
SZ,002726,1.29,3210,3212
SZ,920037,1.43,3210,5250
SZ,001221,6.32,3208,16692
SZ,300889,0,3207,4825
SZ,301448,-7.31,3206,4731
SZ,920047,-0.77,3204,4879
SH,603266,1.58,3204,3204
SZ,003000,0.1,3204,4689
SZ,002137,1.51,3203,4666
SZ,300040,-2.2,3203,3983
SH,601616,1.63,3201,3201
SH,603210,0.37,3197,4677
SZ,002441,0.63,3196,4367
SH,603161,0.42,3195,3755
SZ,301158,4.87,3195,3276
SZ,000576,2.94,3193,3212
SZ,300537,0.77,3192,4358
SZ,002912,-0.75,3189,3357
SH,688077,2.13,3188,3188
SH,603856,0.53,3187,3187
SH,603001,6.01,3184,3184
SH,688081,3.18,3179,3179
SZ,300125,-1,3179,5866
SZ,002394,0,3176,3182
SZ,301133,1.6,3176,3472
SZ,000421,1.65,3176,3177
SH,603739,-0.39,3176,3176
SZ,300826,1.12,3175,3300
SZ,301270,-0.38,3169,3354
SZ,300163,8.95,3169,3290
SZ,300407,-3,3168,4237
SH,603458,9.99,3168,3168
SZ,002903,0.58,3168,4584
SZ,000890,2.72,3167,3167
SH,600192,-0.13,3163,3163
SZ,300691,1.27,3161,3853
SZ,920125,5.46,3160,7750
SH,603600,0.31,3159,3159
SZ,300550,-0.32,3158,3161
SZ,300927,2.14,3155,3234
SZ,300795,6.02,3154,5419
SH,603788,0.78,3152,3152
SZ,300816,1.56,3152,4320
SZ,301206,1.38,3150,4892
SZ,300867,1.73,3148,4465
SH,600749,-0.21,3148,3148
SZ,002296,0.33,3148,3530
SH,600731,1.22,3147,3218
SH,605218,0.34,3146,3589
SH,688229,0.37,3143,3143
SZ,301281,1.37,3140,4792
SZ,300352,1.23,3139,3567
SH,688056,7.32,3135,3135
SH,688687,-0.85,3135,3135
SH,603258,-0.75,3133,3151
SZ,301218,-6.13,3129,5093
SZ,300908,0.55,3129,3714
SZ,002889,1.47,3128,4702
SZ,301020,1.43,3126,3126
SZ,000695,-1.53,3125,3265
SZ,301305,4.88,3125,6080
SZ,301172,3.13,3125,4224
SZ,301033,-2.95,3124,3717
SZ,300321,2.06,3121,3125
SZ,300698,0.69,3120,3527
SZ,300798,0.66,3116,3787
SZ,002012,3.26,3114,3114
SZ,300247,0,3112,3112
SZ,300310,1.12,3111,3967
SZ,003002,3.4,3110,3402
SH,600053,0.7,3108,3108
SH,601956,2.46,3108,3108
SZ,000151,1.31,3107,3541
SZ,301148,-2.81,3106,6146
SH,600668,0.4,3105,3105
SZ,002829,0.95,3104,4416
SH,688511,-0.89,3103,3103
SZ,300864,1.88,3103,3103
SH,688030,-1.93,3102,3102
SH,688335,1.02,3092,3092
SZ,000615,-1.75,3090,5970
SH,688391,3.37,3089,3089
SH,600215,0.6,3089,3089
SZ,000798,0.72,3088,3088
SZ,300135,2.45,3087,3087
SZ,300877,3.29,3086,3086
SZ,300062,0.45,3085,4239
SH,688071,1.06,3085,3085
SH,603808,0,3084,3084
SH,600594,1.29,3083,3083
SZ,300563,2.31,3081,4428
SH,600738,1.25,3081,3083
SH,605068,0.26,3077,3077
SZ,002623,0.31,3076,3083
SZ,300032,2.13,3076,3076
SZ,300860,3.61,3075,5295
SZ,002476,10.09,3072,3072
SZ,300869,-0.5,3067,4673
SZ,300410,5.83,3065,3065
SZ,300839,2.17,3064,3118
SZ,300011,1.17,3064,3658
SH,603838,0.1,3063,3063
SZ,000068,4.11,3060,3060
SZ,002542,-1.13,3060,3143
SZ,300920,1.81,3059,4606
SZ,300973,0.16,3055,4364
SZ,301393,1.85,3054,7502
SH,688015,1.83,3049,3049
SZ,002388,2.56,3047,3049
SZ,301631,5.1,3047,8945
SZ,002823,-0.43,3047,4474
SZ,300329,2.11,3046,3055
SZ,300600,1.87,3045,3045
SH,600272,8.13,3045,4998
SH,603201,1,3044,3070
SZ,002168,-0.76,3043,3043
SZ,300946,-2.14,3041,6259
SZ,301266,3.56,3038,3203
SH,603949,1.62,3037,3045
SH,603819,-1.75,3037,3037
SZ,000530,2.02,3037,4267
SH,600838,3.27,3035,3035
SZ,003015,1.91,3034,3451
SZ,300381,1.6,3033,3044
SZ,002923,1.21,3032,3935
SH,600265,-2.04,3032,3032
SZ,002692,0.48,3029,3031
SZ,300086,0.59,3027,3127
SZ,300187,-3.87,3026,3041
SZ,300239,1.18,3026,3045
SZ,002282,1.53,3020,3150
SZ,002347,1.32,3020,3089
SH,688280,2.65,3019,3423
SZ,002355,0,3017,3262
SZ,300052,-2.69,3017,3017
SH,603896,0.46,3015,3015
SH,600322,0.74,3008,3008
SZ,002547,-0.72,3005,3068
SZ,002725,2.64,3005,3090
SZ,300542,0,3003,3622
SH,600620,1.86,3001,3001
SZ,002425,0.31,3000,3119
SH,603042,5.59,2998,2998
SZ,300982,-0.18,2998,3200
SZ,300511,2.23,2998,3518
SZ,301313,2.69,2997,3947
SZ,002148,0.3,2994,3710
SH,600719,-1.45,2994,2994
SZ,002863,9.91,2991,2991
SZ,002286,2.53,2991,3074
SH,603159,1.52,2990,2990
SZ,001218,1.13,2987,3350
SH,688255,3.07,2986,2986
SZ,000710,-1.19,2986,3203
SZ,002587,0.9,2983,3665
SZ,920418,1.71,2981,3087
SZ,003029,-0.46,2981,3278
SZ,300890,2.21,2978,3259
SZ,000910,2.06,2977,2978
SZ,002878,0.96,2975,3304
SH,603722,0.91,2972,3035
SZ,002259,0.77,2972,2972
SZ,000838,0.36,2972,3103
SH,688152,3.22,2970,2970
SH,603192,0.47,2968,3560
SZ,002199,1.18,2967,3128
SZ,300266,1.06,2966,2968
SZ,300552,0.5,2965,4678
SZ,002921,-0.29,2962,3435
SZ,300875,0.99,2961,3367
SH,688479,-0.89,2958,6883
SZ,002899,1.32,2956,2956
SZ,301068,1,2951,4158
SZ,002278,1.86,2949,3194
SZ,001223,1.32,2949,5519
SH,600665,-1.15,2947,2947
SZ,301151,2.11,2946,2949
SZ,300945,4.58,2943,3231
SZ,301092,6.72,2940,6491
SH,600684,1.78,2936,3805
SH,600712,2.06,2936,2968
SZ,300175,2.64,2928,2928
SZ,300157,0,2922,3061
SH,600530,0,2921,2921
SH,600470,2.75,2921,2921
SZ,001388,5.14,2920,5456
SZ,002689,0.72,2920,2921
SZ,002224,1.97,2919,3266
SZ,002976,2.79,2915,4661
SZ,002186,0.53,2908,2910
SZ,002875,0.15,2908,2908
SH,600624,3.88,2908,2908
SZ,301525,1.03,2908,5551
SZ,002022,-0.52,2906,2906
SH,605500,1.59,2905,2905
SH,603008,2.34,2902,2902
SZ,002663,2.41,2902,2930
SH,603335,0.45,2899,2899
SH,603006,1.97,2898,2898
SH,688285,1.58,2897,2897
SZ,003016,2.47,2897,2965
SZ,000897,0.56,2895,2895
SH,688570,1.79,2895,6660
SZ,300931,0.68,2893,3599
SZ,000504,-0.56,2893,2901
SZ,002996,1.28,2892,4224
SZ,300584,0.63,2892,4226
SH,605169,2.4,2891,2891
SZ,300818,0.59,2887,4456
SZ,300510,1.16,2886,2886
SZ,301608,1.42,2886,6431
SZ,301081,3.05,2885,3003
SZ,002722,1.97,2884,2884
SH,600616,-0.68,2883,2883
SH,603829,2.99,2883,2883
SZ,002846,1.12,2882,4544
SH,688619,2.37,2882,2882
SH,600785,4.35,2881,2881
SZ,300501,1.76,2880,2890
SH,603280,-3.76,2879,2879
SH,603310,0.61,2877,5121
SZ,920735,-1.01,2876,3252
SH,603190,2.58,2874,2983
SZ,002866,-0.5,2872,4525
SH,600630,2.27,2872,2872
SZ,000809,0.29,2870,2870
SZ,301202,4.61,2870,4917
SZ,300237,-1.48,2869,2869
SH,600408,2.52,2869,2869
SZ,301260,0.14,2869,6752
SZ,002682,9.91,2868,2868
SZ,301066,1.65,2865,2887
SH,605080,0,2865,2876
SH,688765,0.43,2864,14229
SZ,002314,0.94,2864,5795
SZ,002521,-1.29,2863,3825
SZ,003023,-2.74,2862,2868
SZ,003025,1.04,2857,3583
SZ,301600,1.18,2856,9256
SH,603878,2,2856,2856
SH,603970,2.41,2852,2852
SZ,300272,-1.43,2852,3754
SZ,000978,0.33,2851,2851
SZ,300447,2.09,2851,4419
SH,688292,3.33,2850,2850
SZ,300148,0.29,2849,2951
SZ,002748,0.94,2849,2849
SH,603633,1.99,2847,2847
SZ,003007,0.49,2846,4689
SZ,300279,2.28,2844,2856
SZ,300830,0.48,2842,3807
SZ,300810,2.13,2841,2942
SZ,002329,2.11,2841,3629
SZ,300998,0.84,2837,3614
SZ,301279,4.93,2834,3660
SH,688589,-0.09,2832,2832
SZ,000529,1.43,2832,2901
SZ,301255,1.53,2831,3226
SZ,301082,0.1,2831,3054
SH,601112,1.24,2831,26958
SZ,001256,-1.3,2829,3774
SH,600419,1.01,2827,2827
SZ,002331,0.29,2827,3012
SZ,000570,1.6,2823,3585
SZ,002561,2.25,2822,2831
SZ,301439,-1.65,2822,5992
SZ,300831,3.39,2817,4886
SH,688727,3.91,2815,23414
SZ,001299,1.53,2815,3126
SZ,300591,-3.13,2814,3258
SZ,002616,0.84,2814,4116
SZ,300386,0.81,2811,4686
SZ,300479,1.49,2810,2812
SZ,300853,2.22,2809,4198
SZ,300449,-0.4,2806,2806
SZ,002981,-0.03,2806,3152
SZ,920699,0.14,2806,6133
SZ,002054,1.53,2803,3519
SH,600136,0,2798,2939
SH,603037,0.96,2797,2801
SH,603797,3.85,2797,2797
SZ,300649,4.03,2796,3489
SZ,000826,5.38,2793,2794
SH,600876,0.71,2790,4552
SH,600405,0.66,2788,2788
SH,603079,9.99,2788,2788
SH,603585,2.29,2786,2833
SZ,001324,3.75,2786,2786
SZ,300218,1.26,2786,2795
SZ,000153,2.19,2785,2821
SZ,002962,2.07,2785,3882
SZ,000669,2.51,2783,2783
SZ,002072,1.75,2782,2783
SZ,000698,2.91,2781,2901
SZ,301520,-0.84,2781,7925
SZ,300366,2.14,2780,3184
SZ,001300,2.33,2779,2779
SZ,300942,0,2779,2779
SH,603102,10.01,2778,2778
SZ,300615,2.89,2775,3499
SH,601996,0.82,2769,2769
SH,688080,2.2,2767,2767
SZ,301296,1.89,2766,2766
SZ,300485,1,2766,4865
SZ,002337,1.51,2764,2766
SZ,300389,2.19,2761,4643
SZ,002963,3.65,2760,2779
SH,601798,3.18,2758,2758
SZ,002323,0,2757,2757
SH,688314,0.51,2755,2755
SH,603030,1.95,2752,2752
SZ,002659,0.44,2752,2752
SH,688357,2.46,2752,2752
SZ,301225,0.63,2751,9010
SZ,000159,0.7,2749,2750
SZ,300716,-0.22,2749,2749
SZ,300242,-0.45,2748,2748
SZ,301122,3.62,2747,4439
SZ,002917,0.86,2746,3664
SH,603895,1.44,2742,2742
SH,688529,2.45,2741,2741
SH,688367,3.4,2741,2741
SZ,002404,1.86,2738,3366
SZ,000812,1.4,2737,2738
SZ,300425,1.01,2737,2743
SZ,300439,-0.73,2736,3593
SZ,300653,-1.1,2734,2734
SH,600386,0.59,2734,2734
SH,603215,0.48,2734,3133
SH,688828,1.78,2733,41981
SZ,301197,1.99,2732,3028
SZ,300991,2.1,2727,4262
SZ,002953,1.47,2726,4763
SH,603839,0.57,2725,2725
SZ,300162,3.38,2724,3339
SZ,002363,1.39,2723,2731
SZ,301149,1.65,2721,4472
SH,688296,5.54,2719,2719
SZ,301181,-1.1,2719,3483
SH,603237,0.21,2718,2807
SZ,300384,0.74,2712,3930
SH,603602,0,2710,2710
SZ,300445,2.61,2710,4096
SZ,300887,0.94,2709,4082
SZ,301222,3.13,2709,3566
SZ,002853,2.04,2708,3849
SZ,002453,2.28,2706,3648
SZ,300374,0.82,2705,2705
SZ,300359,-0.92,2704,2704
SZ,002905,-0.38,2701,2909
SH,603066,0.88,2698,2698
SZ,000419,1.64,2696,2696
SH,603017,2.74,2696,2696
SZ,300647,2.43,2694,2698
SZ,300301,0,2693,2830
SZ,300020,-1.12,2691,2789
SZ,300230,1.18,2689,3472
SZ,002816,0.98,2688,2688
SH,603617,1.31,2688,2709
SH,603768,1.9,2687,2687
SH,603586,2.47,2684,2684
SZ,300141,1.54,2684,2718
SZ,002952,1.65,2683,3349
SZ,002687,-0.75,2683,3276
SH,600381,3.63,2683,2683
SH,603955,-1.49,2680,2680
SH,603188,2.4,2680,2680
SZ,301046,3.42,2679,3470
SZ,301337,-0.33,2677,2736
SZ,300025,-0.37,2675,2686
SH,600538,1.8,2668,2668
SZ,301040,0.96,2668,2827
SZ,301072,1.4,2667,4173
SH,603331,0.08,2663,2663
SZ,300426,-1.47,2660,2995
SH,600250,0.12,2659,2659
SZ,001369,1.1,2657,14693
SZ,300562,-4.2,2656,3478
SH,600356,0.91,2656,2930
SZ,300334,3.05,2655,2655
SZ,000017,0.33,2654,4149
SH,603863,0,2652,2652
SH,600671,0.41,2652,2652
SZ,002769,1.43,2652,2654
SZ,300095,1.09,2649,3290
SZ,002330,2.71,2649,2649
SH,603289,0.89,2646,2646
SZ,002136,3.35,2646,2653
SZ,002613,1.18,2646,3764
SZ,002871,3.44,2645,4463
SZ,301380,3.02,2645,3322
SH,603202,0.73,2644,8424
SZ,920068,0.79,2643,9978
SH,603677,-0.06,2642,2642
SH,603779,1.4,2640,2640
SH,600537,0.45,2640,2640
SZ,300921,2.52,2639,4185
SZ,300536,1.93,2636,2637
SZ,300477,-1.47,2636,2852
SH,600358,-0.94,2636,6072
SH,603628,1.57,2635,2639
SZ,000019,5.85,2635,7296
SZ,301535,0.26,2632,6592
SH,688455,3.71,2631,2631
SZ,002983,2.37,2629,4523
SH,600833,0.6,2626,2626
SZ,301002,4.29,2623,4165
SZ,301190,1.5,2620,3930
SZ,002700,4.92,2620,2647
SZ,920190,2.37,2616,2631
SH,601007,0.15,2613,2613
SH,605151,3.24,2612,2612
SZ,301119,0.59,2611,3228
SH,603151,-3.96,2610,2610
SH,603373,-0.23,2608,6174
SZ,300636,0.28,2608,2982
SZ,300103,4.06,2602,2604
SZ,000565,1.01,2602,2602
SH,603189,2.55,2601,2601
SZ,300577,-2.18,2600,4387
SH,688129,3.8,2600,2600
SZ,301387,2.56,2598,6531
SZ,002712,0.42,2596,2613
SH,600661,-1.19,2596,2596
SH,688316,-1.03,2596,2596
SZ,300952,2.76,2596,4221
SH,605266,-0.64,2595,2595
SZ,920491,1.96,2594,3162
SZ,301221,1.51,2590,3809
SH,605033,-2.24,2589,2589
SZ,300288,0,2586,3406
SH,603721,10.02,2584,2584
SZ,301528,3.35,2584,5015
SZ,000790,0.24,2584,2588
SH,688178,8.7,2581,2581
SZ,300269,2.08,2581,2686
SH,688468,0.94,2579,2579
SZ,300452,0.23,2578,3043
SZ,301563,5.32,2578,11403
SZ,300582,1.75,2577,3472
SH,603089,10.05,2576,2958
SH,600289,0.22,2575,2871
SH,600735,-1.93,2574,2594
SZ,920571,4.2,2573,4826
SH,601010,0.71,2568,2568
SH,603886,1.52,2568,2568
SH,600858,2.27,2567,2580
SZ,301628,8.47,2567,6940
SZ,002869,2.26,2566,2882
SZ,002660,2.33,2566,2668
SZ,301565,2.09,2565,8016
SH,603917,0.56,2564,2564
SZ,301531,2.78,2564,12015
SZ,002098,0.99,2563,2563
SH,603801,-0.5,2563,2563
SH,688246,-0.42,2558,2558
SH,603880,9.95,2555,2555
SZ,301632,-0.49,2555,5818
SZ,301592,1.98,2555,7657
SZ,300667,3.14,2551,3025
SZ,300978,1.14,2549,3754
SZ,000715,1.95,2548,2832
SH,603059,1.44,2548,2553
SZ,001333,3.76,2545,2545
SZ,000707,2.21,2544,2701
SH,603320,2.65,2543,2543
SZ,300281,0.79,2543,2681
SH,688718,4.43,2542,2542
SZ,301356,1.72,2542,4333
SZ,301178,1.73,2541,3445
SH,688066,6.63,2541,2541
SZ,300555,-0.46,2538,2564
SZ,002861,0.36,2538,3148
SZ,300965,6.64,2537,2814
SZ,300789,1.45,2535,2612
SH,603818,1.93,2533,2533
SZ,301669,2.83,2533,14846
SZ,301027,2.56,2529,3068
SH,603375,3.01,2528,3990
SZ,002593,1.12,2528,3625
SH,600560,1.62,2525,2525
SZ,301106,2.44,2523,2523
SH,603836,1.8,2522,2587
SZ,300464,2.31,2522,3318
SZ,300829,7.2,2520,3655
SZ,001282,1.6,2520,3666
SZ,300354,0.94,2520,4287
SZ,001260,-5.31,2519,2519
SH,603909,2.33,2518,2518
SH,688648,11.56,2516,4920
SZ,300097,7.2,2514,2823
SZ,301025,-0.87,2511,3627
SZ,002806,1.19,2511,3064
SH,600491,10.07,2509,2509
SZ,300092,1.44,2508,3273
SZ,300898,3.31,2507,2709
SZ,300411,9.15,2507,3297
SZ,920002,4.7,2505,3578
SZ,300824,1.42,2504,2562
SZ,000545,2.01,2503,2507
SZ,001230,8.29,2500,4268
SZ,002813,0.87,2500,2502
SZ,002599,0.17,2497,3265
SH,600281,9.98,2495,2495
SH,603180,3.52,2494,2494
SZ,002496,2.93,2492,3181
SZ,300250,0.44,2490,3382
SZ,002868,1.98,2490,3603
SZ,300884,5.26,2488,3300
SZ,300988,3.23,2488,3023
SZ,300701,1.86,2486,2757
SH,603828,0.24,2485,2485
SZ,300275,-1.28,2484,2818
SZ,920402,1.11,2483,3841
SZ,002398,0.73,2483,2849
SZ,002442,1.81,2482,2542
SH,603086,1.97,2478,2478
SZ,002729,1.8,2478,2584
SZ,300460,2.32,2477,2477
SH,688560,2.59,2474,2474
SZ,300365,1.26,2472,2897
SH,688310,3.16,2471,2471
SZ,001368,4.15,2470,2585
SZ,000692,1.09,2467,2467
SH,603959,0,2466,2466
SZ,300658,3.14,2465,3714
SZ,002742,10.07,2462,3215
SZ,000014,0.69,2462,2462
SH,605258,2.38,2460,2460
SH,600463,-0.11,2457,2457
SH,603937,3.43,2457,2457
SZ,301108,1.26,2457,4265
SZ,301317,3.54,2456,7397
SZ,001219,-0.3,2455,2517
SZ,300730,-0.58,2454,2862
SZ,301262,3.4,2454,8382
SZ,002828,3.57,2452,2452
SH,603307,2.11,2450,2490
SZ,301665,1.73,2450,10584
SZ,002574,1.75,2450,2450
SZ,000430,-1.04,2449,5352
SZ,300173,0.3,2447,2447
SZ,300752,6.52,2444,3535
SZ,301707,1.85,2443,37130
SH,688721,7.01,2442,5910
SZ,000586,2.08,2441,2470
SZ,300583,1.79,2440,2487
SH,603332,0.8,2440,2440
SZ,300172,0.87,2440,3153
SH,600319,2.28,2439,2439
SH,600573,0.72,2438,2438
SZ,001376,0.8,2436,5245
SZ,002343,-0.18,2435,2435
SZ,300891,2.24,2434,2920
SZ,300796,1.97,2434,2434
SH,603136,0.33,2434,2434
SZ,300993,1.31,2433,3100
SZ,301118,2.36,2431,2527
SH,688369,0.91,2430,2430
SZ,300805,0.72,2428,3574
SZ,002661,1.94,2427,2549
SZ,300786,4.8,2427,3051
SZ,301658,2.43,2426,10268
SZ,002184,0.6,2425,3551
SH,605199,0.17,2425,2425
SH,688203,0.67,2424,2424
SZ,301283,3.15,2422,3081
SZ,002420,3.65,2416,2455
SZ,002431,0.75,2415,2415
SH,600302,-3.05,2415,2415
SZ,002069,2.1,2415,2418
SZ,000752,0.11,2413,2413
SZ,301088,-0.92,2406,2917
SZ,920510,3.35,2406,4711
SZ,000055,0.85,2406,3823
SZ,301258,1.77,2405,2475
SH,603378,-1.91,2404,2404
SZ,002391,1.77,2404,3365
SZ,002900,7.18,2404,4720
SH,600359,3.62,2404,2404
SH,600831,0.6,2403,2403
SZ,300956,1.06,2401,2458
SH,603700,3.72,2400,2400
SZ,001201,1.19,2397,3068
SZ,002932,1.12,2396,3569
SH,603536,3.11,2396,2396
SZ,300690,1.27,2393,3547
SH,605003,2.55,2393,2393
SH,603382,-1.09,2392,3754
SZ,301290,1.69,2391,3010
SH,688026,-6.31,2391,2392
SZ,001205,4.28,2391,2700
SZ,301059,1.31,2390,2674
SH,688517,4.67,2389,2389
SZ,300694,3.47,2389,2392
SH,688197,-0.52,2387,5547
SZ,002058,0.12,2384,2390
SZ,002114,1.52,2383,2383
SH,603096,1.18,2383,2383
SZ,002377,2.25,2382,2502
SH,603172,2.7,2381,2381
SZ,300512,1.38,2381,3008
SZ,301195,0.71,2379,3583
SZ,002825,-0.31,2379,3170
SZ,001367,0.88,2377,2977
SH,600182,2.72,2377,4753
SZ,300340,1.4,2376,2394
SH,688113,2.44,2376,2376
SZ,002767,0.22,2374,2733
SZ,000635,1.25,2373,2550
SZ,002723,3.89,2372,2486
SH,603183,3.25,2371,2371
SH,603922,5.84,2371,2371
SZ,301596,-1.11,2367,5833
SH,603787,1.08,2366,2366
SZ,002879,-0.28,2363,3327
SZ,002887,6.57,2361,3326
SH,603755,3.19,2361,2361
SZ,002319,3.39,2361,2361
SH,605180,10.01,2359,2359
SH,600854,1.34,2358,2358
SH,603407,4.84,2358,26777
SH,600232,2.05,2356,2356
SZ,300987,0.44,2356,2356
SZ,002576,1.61,2353,2397
SZ,920971,4.65,2353,2854
SH,603557,-1.56,2350,2350
SH,603578,1.8,2350,3050
SH,600540,4.66,2349,2349
SZ,000573,0.27,2348,2368
SZ,002836,3.03,2348,2348
SZ,301588,1.68,2347,3804
SZ,000955,1.4,2342,2342
SH,688244,0.71,2341,2341
SZ,300808,2.39,2341,3150
SZ,300916,-1.02,2339,3622
SZ,002763,2.12,2335,3152
SZ,301125,0.23,2334,2634
SH,600965,10.04,2333,2333
SZ,300780,5.24,2331,3180
SZ,002702,2.21,2330,2823
SZ,002890,1.34,2325,2446
SZ,300980,5.91,2325,3264
SZ,300849,-3.03,2324,3162
SZ,300513,1.37,2323,2324
SH,605069,2.24,2322,2322
SH,688272,5.35,2321,2321
SH,688501,0.83,2320,2320
SZ,002397,1.7,2319,2677
SZ,300235,-0.16,2318,2872
SH,603023,2.22,2316,2316
SZ,300989,2.01,2313,2990
SZ,300732,1.46,2310,2312
SH,603285,10,2309,5931
SZ,301079,1.66,2309,3255
SH,600423,2.85,2308,2308
SH,600753,-1.27,2308,2308
SZ,301331,0.85,2307,2313
SH,688201,0.55,2306,2306
SZ,000554,2.23,2303,3060
SZ,301117,2.11,2302,3593
SZ,301185,0.42,2302,2547
SZ,300211,-1.14,2301,2343
SZ,300922,2.13,2301,2932
SZ,002234,0,2300,2663
SZ,000757,0.94,2296,2296
SZ,001259,2.83,2295,3553
SZ,300774,3.69,2292,4590
SZ,300703,2.76,2291,2486
SZ,301161,7.78,2290,3559
SH,600533,1.87,2289,2289
SZ,301089,-0.38,2289,3202
SZ,002908,-0.55,2288,3067
SZ,002864,3.48,2285,3169
SZ,002771,1.08,2284,2746
SZ,300484,1.03,2284,2844
SZ,300112,0.74,2279,2761
SH,603117,1.33,2277,2277
SH,605001,3.03,2271,2271
SZ,002295,2.26,2269,2271
SZ,300013,-0.48,2264,2267
SZ,300198,-3.9,2264,2280
SH,600239,0,2264,2264
SH,603091,1.88,2263,7360
SZ,300565,1.54,2262,2475
SZ,300599,3.18,2258,4301
SH,603176,3.38,2258,2324
SH,603356,1.56,2257,2257
SZ,001211,5.77,2257,2418
SZ,300107,0.78,2257,3652
SZ,002852,1.55,2252,2710
SZ,300771,0.17,2246,2851
SZ,002918,5.12,2245,4284
SZ,301011,2.27,2244,2363
SZ,000548,0.67,2241,2241
SH,688355,3.2,2241,2241
SZ,002076,3.37,2241,2385
SZ,002820,9.96,2240,2240
SZ,300940,0.21,2238,3164
SH,688755,0.07,2236,3203
SZ,001228,2.41,2236,2908
SZ,002492,0.72,2236,2276
SH,688623,-3.27,2230,5369
SZ,920344,-0.9,2227,2385
SH,688251,2.72,2226,2241
SZ,002762,3.34,2224,3724
SZ,300902,4.09,2223,3238
SH,688737,2.2,2219,2219
SZ,000679,1.63,2217,2217
SZ,002633,2.14,2214,2220
SZ,301019,0.86,2212,3017
SZ,300165,0.96,2212,2606
SH,688581,0.39,2212,4337
SZ,300970,4.27,2211,2864
SZ,300422,0.23,2206,2280
SZ,300546,1.43,2203,3064
SZ,301077,-4.03,2202,3923
SZ,002775,2.2,2202,2442
SH,600148,1.77,2201,2201
SH,600892,4.24,2198,2199
SZ,301220,1.7,2198,3183
SH,603321,1.27,2195,2222
SZ,002799,0.88,2192,2192
SZ,001393,2.45,2191,11372
SZ,002486,4.71,2191,2201
SZ,002671,1.28,2189,2230
SZ,002614,1.02,2189,3094
SH,603326,1.48,2186,2186
SZ,002732,1.9,2184,2195
SH,688038,3.76,2183,2183
SZ,000590,1.11,2183,2184
SZ,300106,4.78,2177,2177
SZ,300637,3.69,2176,2178
SH,603381,2,2173,3628
SH,688811,2.12,2172,11829
SH,603193,1.74,2172,8505
SZ,300960,2.55,2171,2395
SH,601083,0.81,2170,14468
SH,600774,1.24,2167,2168
SZ,300412,2.66,2166,2305
SH,600371,4.08,2165,2165
SH,603329,2.24,2165,2623
SZ,300387,3.45,2164,2165
SH,688013,1.72,2164,2164
SZ,301212,1.63,2163,2492
SZ,002942,2.03,2162,2422
SH,688426,0.58,2158,2163
SZ,002991,0.75,2156,4024
SZ,300509,1.4,2155,2585
SH,600241,1.24,2154,2154
SH,603377,-0.66,2154,2154
SZ,920261,1.43,2154,3913
SZ,920111,6.68,2153,4437
SZ,002998,0.38,2153,2824
SZ,301557,5.39,2153,5369
SZ,300947,0.71,2151,2152
SZ,001332,1.98,2151,4951
SZ,001390,1.69,2150,3620
SH,688613,0.97,2147,2147
SH,688657,4.41,2147,3431
SZ,300375,1.77,2147,3079
SZ,000605,1.67,2144,2144
SZ,002666,1.18,2143,3373
SZ,300710,1.09,2143,2858
SZ,920017,-1.23,2143,2166
SZ,002622,1.59,2142,2142
SH,603182,1.09,2141,2141
SZ,300673,0.76,2141,3299
SH,603968,2.15,2139,2139
SZ,300844,1.88,2138,2218
SZ,300665,1.87,2137,2249
SZ,300778,0.1,2136,2136
SZ,300753,-0.52,2134,3060
SZ,002848,-0.61,2134,2156
SZ,301041,5.06,2132,2880
SZ,300719,1.72,2130,3015
SH,600768,0.57,2128,2128
SZ,300575,4.42,2126,2939
SZ,300240,2.99,2126,2174
SZ,002105,0.52,2125,2135
SZ,300205,-2.17,2124,2124
SH,605177,0.65,2124,2144
SZ,300929,0.65,2122,2237
SH,688060,1.73,2119,2119
SZ,300314,20.03,2119,4245
SZ,300313,20.02,2118,2573
SH,600439,0.54,2117,2117
SH,600159,2.82,2117,2117
SH,600802,2.44,2113,2113
SH,600287,1.47,2110,2110
SZ,002652,4.04,2110,2110
SZ,300597,1.3,2109,2118
SH,603168,1.8,2108,2118
SZ,300650,7.01,2107,2986
SH,603616,1.48,2106,2122
SZ,300295,-4.04,2104,2380
SH,603900,1.49,2101,2102
SH,688132,2.07,2099,2099
SZ,002696,0.16,2096,2168
SZ,001266,2.86,2092,3729
SH,603982,2.16,2092,2249
SZ,301103,-0.45,2091,2716
SZ,002551,4.91,2090,2892
SH,688096,2.06,2087,2087
SZ,301332,1.81,2087,3637
SZ,002133,1.12,2086,2098
SH,603385,1.67,2086,2086
SZ,300854,4.81,2085,2557
SZ,301428,1.11,2084,2953
SH,603270,3.88,2081,6448
SZ,300305,-0.14,2080,2429
SZ,920961,1.97,2078,2814
SZ,301335,6.19,2077,3003
SH,600097,-0.11,2070,2070
SH,603177,-0.97,2068,2068
SH,603282,3.07,2066,2066
SH,603825,0.62,2065,2065
SZ,301198,0.16,2064,2150
SH,603041,3.49,2064,2064
SH,688156,1.44,2063,2063
SZ,002524,2.27,2063,2087
SZ,002253,-0.29,2062,2216
SZ,300350,0.92,2061,2456
SZ,002656,0.67,2060,2138
SZ,002873,2.26,2059,2097
SZ,300787,0.87,2058,3282
SZ,300254,0.78,2057,2328
SZ,000633,2.89,2056,2056
SZ,301208,3.15,2056,3660
SZ,300335,1.33,2055,2552
SZ,300967,2.3,2054,3087
SH,600807,0.38,2054,2309
SH,688716,1.8,2052,3571
SH,600107,-0.17,2048,2048
SH,600444,1.82,2046,2046
SZ,002999,2.41,2044,2068
SZ,300966,0.98,2044,3073
SZ,002615,1.65,2043,3784
SZ,000985,1.48,2042,2042
SZ,301056,5.18,2036,3087
SH,600128,0.98,2036,2077
SZ,300423,4.46,2029,3030
SH,600238,1.56,2026,2039
SZ,301371,5.65,2026,13512
SH,600235,2.31,2023,2023
SZ,001234,2.27,2022,2400
SZ,002800,2.63,2021,2081
SZ,920178,2.65,2018,6911
SZ,003001,1.44,2016,3077
SZ,001356,10.06,2015,5610
SZ,301299,2.58,2015,2729
SH,605336,1.11,2012,2012
SZ,002995,0.28,2011,3175
SZ,300935,6.04,2011,2651
SZ,920978,0.86,2011,3586
SH,600706,2.59,2009,2018
SH,603028,2.17,2009,2029
SH,688759,-0.91,2009,12556
SZ,300150,1.41,2008,2534
SZ,002715,0.55,2005,2005
SH,688670,1.5,2002,2002
SZ,002909,2.14,2001,2051
SH,688420,3.57,1999,1999
SH,600099,1.79,1998,1998
SZ,300906,1.73,1997,2211
SZ,920405,-0.15,1995,2562
SZ,002205,1.8,1992,1992
SZ,001255,2.38,1992,2243
SH,688118,1.67,1988,1988
SH,688193,1.62,1986,1986
SZ,000705,-0.41,1985,2352
SZ,300543,1.93,1984,2430
SZ,301067,-2.16,1983,3021
SZ,300437,2.61,1982,2798
SZ,300992,2.71,1982,2423
SH,688616,2.51,1979,1979
SZ,300817,1.54,1978,3447
SZ,002893,0.93,1977,2570
SZ,920247,0.49,1975,2722
SZ,300396,-1.08,1974,1977
SZ,301024,0.38,1972,2037
SZ,920087,12.98,1970,1984
SZ,001366,1.66,1970,1970
SH,603879,0.55,1969,1969
SZ,300659,0.19,1966,2705
SH,600051,2.27,1965,1965
SH,688395,1.52,1964,1964
SH,688051,2.96,1963,1963
SZ,002778,1.34,1963,1984
SZ,002968,1.66,1962,2084
SH,603435,1.89,1960,25222
SZ,920208,0.66,1959,2263
SH,600303,0.7,1958,1976
SH,600165,9.88,1957,4314
SZ,301318,1.26,1952,2835
SH,603262,0.32,1949,7472
SZ,300937,-2.11,1949,2875
SH,605122,0.98,1948,1948
SZ,002760,2.22,1938,1938
SH,688004,-2.8,1938,1938
SZ,301052,1.05,1938,2390
SZ,000995,-0.26,1937,1937
SH,600202,2.02,1936,1936
SZ,002581,10.02,1936,3187
SZ,300881,3.06,1935,3707
SZ,001237,2.51,1933,8226
SZ,003017,3.49,1933,2334
SZ,300644,1.96,1932,2424
SZ,300076,-1.08,1929,1929
SH,603029,2.19,1928,1928
SZ,300743,1.34,1926,2286
SZ,002817,1.22,1926,1986
SZ,002634,0.69,1924,1998
SH,600678,0,1923,1923
SZ,002598,0.45,1923,2094
SZ,300717,2.55,1922,1939
SH,603214,1.54,1922,1922
SZ,301590,2.31,1920,4638
SZ,301062,-0.13,1919,3020
SZ,920879,1.27,1916,2561
SH,603718,0,1914,1914
SZ,301141,-0.8,1911,5326
SZ,001268,-0.92,1910,3052
SH,603120,6.03,1906,4546
SZ,000911,4.16,1906,1906
SZ,301138,2.97,1904,3332
SZ,002753,2.55,1902,2756
SZ,301010,2.03,1901,1901
SZ,300642,0,1899,2238
SH,688393,0.1,1898,1898
SZ,300030,-0.13,1897,2155
SZ,300538,1.29,1897,2852
SH,603709,2.82,1896,1903
SH,688092,1.55,1896,1896
SZ,002535,2.42,1896,2036
SZ,301585,1.05,1894,2892
SZ,002159,0.74,1892,2422
SZ,301309,3,1891,3138
SH,688189,0,1891,1891
SZ,301360,3.6,1889,3872
SZ,301227,3.19,1888,3357
SZ,300675,1.18,1880,1880
SH,600149,1.65,1878,1878
SZ,002529,1.84,1869,1869
SZ,000909,0.95,1869,1869
SZ,301556,5.67,1863,5391
SH,601026,-3.56,1858,11032
SZ,301509,-3.1,1858,3945
SZ,920189,4.49,1858,3095
SZ,000639,4.24,1857,1857
SZ,300923,2.06,1854,1909
SZ,300961,2.09,1854,2163
SZ,301231,4.43,1852,2389
SH,603717,2.08,1851,1851
SH,688288,1.09,1851,1851
SZ,000856,2.13,1848,1848
SH,603418,1.43,1846,8617
SH,603021,-6.17,1846,1846
SH,603325,0.88,1846,4320
SH,600448,2.1,1839,1839
SZ,920476,-0.43,1832,2043
SZ,300645,1.47,1832,1869
SH,605567,1.66,1832,1832
SZ,300651,1.96,1829,2498
SH,600883,2.38,1827,1827
SZ,300081,0.33,1826,1826
SZ,002209,0.26,1822,2360
SZ,300941,0.75,1821,3012
SH,600080,0,1818,1818
SZ,002856,3.39,1811,1978
SZ,300876,2.44,1809,2425
SZ,002630,0,1809,1984
SZ,920914,1.57,1807,1808
SZ,001378,0.52,1807,3713
SZ,300912,1.01,1806,2393
SZ,301159,1.49,1805,2634
SZ,001206,0.3,1805,3123
SH,600082,-0.69,1802,1835
SZ,000056,1.53,1798,2353
SZ,300556,2.16,1796,2012
SH,688681,2.02,1795,1795
SZ,002360,1.29,1794,2214
SZ,300837,2.29,1792,2370
SH,603082,10.01,1791,7358
SZ,300845,7.05,1790,2560
SZ,002862,0.14,1789,2358
SZ,003030,0.36,1786,2753
SZ,002877,1.37,1785,2640
SH,603908,3.01,1784,1784
SZ,301130,-2,1784,2312
SZ,301057,3.19,1784,2576
SZ,300971,2.6,1783,2273
SZ,301388,1.58,1778,2506
SH,688058,1.17,1776,1776
SH,688793,11.12,1776,1776
SZ,002381,1.29,1771,2264
SZ,301538,2.83,1764,4431
SZ,002743,1.25,1764,1767
SZ,002802,3.06,1763,2135
SH,688450,6.51,1762,2377
SZ,301030,-2.12,1762,1765
SZ,300169,2.64,1762,1983
SH,603022,1.73,1762,1762
SH,600180,-2.98,1760,1760
SZ,301336,0.62,1758,2272
SZ,301063,1.85,1758,1898
SZ,301548,3.7,1757,5828
SZ,003005,0.51,1756,3200
SZ,300707,2.51,1756,2127
SH,600137,1.92,1755,1755
SZ,300195,1.64,1751,2364
SZ,002198,0.29,1751,1751
SZ,920509,4.1,1750,3341
SH,600778,2,1749,1751
SZ,002780,0.83,1748,2213
SZ,002569,-0.94,1743,1793
SZ,002629,2.78,1742,2050
SZ,000619,2.11,1742,2135
SZ,002858,1.11,1738,2201
SH,600818,-0.53,1737,2347
SZ,920339,-2.37,1737,2530
SZ,000663,2.9,1737,1909
SZ,002717,-1.93,1736,1838
SZ,300614,2.37,1733,1733
SZ,920015,1.1,1728,5855
SZ,001285,0.07,1725,7503
SZ,300554,4.01,1723,2489
SH,688466,3.37,1722,1722
SZ,001233,0.62,1719,8477
SZ,920021,1.17,1718,2144
SH,603231,1.19,1714,3088
SZ,301098,0.23,1714,2055
SZ,301595,1.6,1711,4538
SZ,301586,1.86,1708,2678
SZ,301166,-0.84,1704,2602
SH,600243,-0.76,1703,1703
SH,603092,1.34,1702,19692
SZ,001386,6.6,1701,18904
SH,688659,2.71,1701,1701
SZ,002495,2.09,1693,2283
SZ,301065,1.5,1690,2076
SZ,001222,1.22,1687,2850
SZ,301107,1.51,1687,2955
SZ,300610,1.9,1686,2159
SZ,002227,4.1,1685,1697
SH,688078,1.94,1684,1684
SH,688565,2,1683,1683
SZ,301680,1.23,1682,8288
SZ,000929,1.8,1677,1677
SZ,300519,-0.67,1677,2352
SZ,300245,-0.69,1677,1742
SZ,300616,0.65,1675,2423
SZ,300472,-2.57,1670,1869
SZ,003042,2.74,1667,1926
SZ,002910,3.4,1666,1905
SZ,300950,1.07,1662,2604
SH,600493,1.83,1662,1662
SH,603789,-1.83,1661,1695
SZ,300220,1.85,1660,1662
SH,600119,1.57,1658,1658
SZ,301667,0.88,1658,7800
SH,688528,3.68,1656,1656
SZ,301687,2.79,1654,7796
SZ,002211,0.26,1652,1652
SZ,001209,1.9,1651,2260
SZ,301210,7.2,1649,4319
SZ,301618,2.34,1646,4317
SH,688021,3.66,1643,1643
SZ,002592,0.16,1640,1772
SZ,300995,2.23,1639,2486
SH,688509,1.19,1635,3273
SZ,301276,8.36,1630,2924
SZ,002949,2.09,1630,2104
SZ,301456,2.19,1629,3615
SZ,301032,2.41,1629,2457
SZ,301383,1.01,1626,3759
SH,600561,1.78,1624,1624
SZ,002982,0.97,1624,2536
SH,688329,3.34,1622,1622
SZ,300167,2.46,1622,1907
SZ,301591,8.79,1622,3967
SZ,003011,6.35,1621,2165
SZ,002620,-1.53,1618,1933
SZ,003028,1.15,1617,3297
SH,600689,1.43,1616,2135
SZ,300268,6.34,1615,2104
SZ,301229,1.96,1611,2265
SH,600796,0.58,1610,4480
SZ,920026,-1.63,1610,2136
SH,603257,0.47,1609,7752
SZ,301395,3.19,1608,3067
SZ,301581,3.18,1607,3040
SZ,300306,2.62,1606,2741
SZ,301587,2.68,1604,3218
SZ,002835,-1.17,1603,2763
SZ,001202,2.54,1600,2284
SZ,002789,0.69,1599,1631
SH,688781,3.19,1596,39090
SZ,301361,1.4,1593,3290
SZ,300514,1.95,1593,1988
SZ,002566,1.18,1592,2274
SH,603312,-6.31,1592,5003
SZ,300500,1.71,1592,1653
SZ,920083,2.4,1592,3738
SH,688712,0.43,1590,14541
SH,600692,1.8,1589,2191
SH,603400,1.81,1585,5681
SZ,920839,0.46,1579,2863
SZ,301036,2.24,1578,2241
SZ,920138,0.8,1578,19743
SZ,301555,1.4,1578,3012
SZ,002207,1,1578,1585
SH,603406,1.51,1578,10748
SZ,002306,2.65,1577,1687
SZ,301491,2.08,1575,5311
SZ,301023,2.18,1575,2839
SZ,300625,1.46,1574,2715
SZ,300813,1.03,1573,2508
SZ,300462,0.26,1571,2062
SZ,920174,1.48,1569,6102
SH,688067,1.27,1568,1568
SZ,920106,-0.79,1568,2032
SZ,920892,0.39,1563,1765
SH,600476,0.94,1562,1562
SH,603402,-0.1,1561,6245
SZ,301636,2.33,1560,2673
SH,603272,2.87,1560,1560
SZ,301512,2.53,1558,2387
SH,603395,10.01,1557,6230
SZ,001395,1.22,1556,3392
SZ,002316,2.7,1554,1793
SH,688130,3.97,1548,3103
SZ,002790,2.24,1546,2478
SZ,300828,9.51,1545,3047
SH,603275,1.61,1545,5528
SZ,301203,1.38,1545,2818
SZ,300892,2.8,1543,2390
SZ,300977,1.69,1541,2475
SZ,301518,0.92,1541,3817
SZ,920857,-0.23,1539,1539
SZ,002247,1.7,1538,2034
SZ,002513,2.11,1538,1998
SH,600455,2.51,1533,1533
SZ,301390,1.04,1531,1872
SZ,001226,6.02,1524,3355
SZ,301505,2.27,1519,1906
SZ,002144,1.57,1513,1943
SZ,300670,8.03,1512,2133
SZ,301320,2.01,1510,2406
SZ,003008,1.47,1506,2016
SH,688022,1.9,1506,1506
SZ,301683,1.66,1503,6651
SZ,002694,-0.47,1502,1595
SZ,300640,0,1501,2115
SZ,301507,4.21,1499,4856
SZ,001326,2.77,1497,4561
SZ,300865,2.17,1491,2481
SZ,301633,0.52,1490,3252
SZ,301167,1.95,1490,1578
SZ,301129,0.05,1488,2996
SZ,000677,-1.14,1486,1486
SZ,301303,0.14,1479,5915
SZ,002691,2.8,1478,1496
SZ,301100,2.97,1477,3350
SZ,301558,2.28,1477,5309
SZ,300371,1.94,1470,2113
SH,603391,4.19,1470,5880
SZ,300904,1.87,1468,3073
SH,603062,3.25,1459,4251
SZ,300621,-0.54,1458,1498
SZ,301560,0.63,1458,2904
SH,688592,8.13,1456,3057
SZ,300549,1.62,1455,1920
SZ,920010,-0.47,1455,1958
SZ,002809,3.26,1453,2054
SZ,301278,2.88,1451,2532
SZ,300635,1.95,1447,1683
SZ,000637,2.86,1444,2059
SZ,002591,2.06,1439,1933
SZ,920088,-0.67,1436,3884
SZ,301152,1.66,1436,2402
SZ,001358,10.01,1434,3467
SZ,301355,2.71,1432,2000
SZ,301126,1.57,1431,2132
SZ,002188,3.93,1431,1819
SZ,300155,0.7,1426,2430
SZ,001387,1.49,1425,2238
SZ,000010,1.31,1422,1782
SZ,300838,1.38,1418,1923
SZ,002977,0.76,1417,2554
SZ,300564,1.62,1416,2018
SZ,301508,1.31,1415,5437
SZ,001278,2.98,1414,2051
SZ,000610,0.33,1413,1420
SZ,301097,2.14,1402,2922
SZ,301501,9.59,1402,4767
SZ,920953,2.05,1401,2998
SZ,301601,1.85,1397,2324
SZ,002494,2.74,1397,1838
SZ,002883,0.89,1394,1419
SZ,300594,3.59,1392,1406
SZ,301156,3.16,1390,2163
SZ,301009,1.1,1390,2501
SZ,301295,1.88,1388,4758
SH,688217,0.57,1387,1387
SZ,300928,3.23,1386,2070
SH,688806,0.44,1385,12504
SZ,001239,2.02,1385,2916
SH,688805,1.68,1376,6882
SZ,002200,3.87,1366,3149
SH,688576,1.69,1364,2855
SZ,300535,10.09,1364,1798
SZ,920039,4.75,1357,1357
SZ,301288,2.78,1356,1875
SZ,301516,20,1356,5423
SH,603248,0.53,1356,8722
SZ,300126,3.38,1352,1951
SZ,301469,2.09,1350,2622
SZ,001277,1.51,1349,2251
SZ,920821,0.33,1349,2561
SZ,920751,0.12,1347,1408
SZ,300605,-0.08,1347,1760
SZ,301131,2.66,1347,1880
SZ,920837,1.24,1343,1500
SH,688671,2.34,1342,1960
SZ,301233,1.31,1336,2436
SZ,920038,0.46,1332,4074
SZ,301329,1.31,1327,3419
SZ,920701,2.88,1325,1814
SZ,300994,0.89,1324,2646
SZ,920119,1.14,1324,4848
SZ,301515,2.08,1323,1959
SZ,301677,3.39,1320,6158
SH,688790,-1.28,1320,10361
SZ,003003,2.1,1316,1974
SZ,920225,-1.05,1314,2014
SH,600543,2.51,1313,1313
SZ,301157,4.01,1308,3799
SH,603293,2.28,1308,6673
SZ,002193,6.41,1303,1303
SZ,301584,-1.21,1300,10195
SZ,920682,0.52,1298,2239
SZ,301163,2.02,1298,1936
SH,603207,-1.12,1296,3813
SZ,920238,1.76,1292,6338
SZ,300823,2.98,1290,1994
SZ,301272,2.21,1285,2031
SH,688089,0,1284,1284
SZ,301502,2.84,1283,3105
SZ,300517,1.3,1283,2036
SZ,920274,4.23,1282,1282
SZ,920207,-0.82,1279,2095
SZ,001319,2.51,1269,2828
SZ,301300,3.94,1267,2121
SH,603350,1.02,1265,3340
SH,603344,5.12,1264,4552
SZ,920523,1.3,1260,1575
SZ,920211,1.66,1258,3732
SZ,300405,1.95,1256,1632
SZ,920790,2.39,1256,1824
SZ,300930,4.9,1240,2631
SZ,920403,5.97,1235,2077
SZ,300886,6.34,1228,1953
SZ,300430,0.85,1226,1289
SZ,920273,0.45,1224,1839
SH,603370,0.84,1223,6116
SZ,301083,3.4,1223,2540
SZ,920807,1.02,1221,1797
SZ,300915,3.82,1219,2667
SH,603352,0.64,1216,6081
SZ,301001,1.43,1216,1934
SZ,920425,1.95,1216,1477
SZ,301446,1.49,1216,3980
SZ,920284,0.61,1216,1900
SZ,920981,4.58,1212,2410
SZ,301372,0.48,1212,2019
SZ,301359,2.35,1211,2045
SZ,920046,-0.22,1211,2190
SH,603004,1.58,1208,4833
SZ,300899,2.93,1206,1880
SZ,920489,2.83,1201,1887
SZ,300804,2.06,1201,3231
SZ,301378,0.35,1200,2524
SZ,001336,2.76,1199,1948
SZ,300713,1.44,1197,2127
SH,603276,2.06,1197,3293
SZ,001373,3,1195,1956
SZ,301113,1.71,1195,1972
SZ,301559,1.22,1193,7950
SZ,300851,1.86,1191,2099
SZ,920033,1.34,1189,1711
SH,600365,-0.7,1188,1262
SZ,920249,3.59,1186,4010
SZ,920304,2,1171,1467
SZ,300152,0,1169,1169
SZ,301006,1.99,1159,1926
SZ,301418,3.31,1149,2864
SZ,002872,-0.55,1143,1692
SZ,920171,1.32,1142,1692
SZ,920089,0.1,1139,2000
SH,688184,1.5,1132,1807
SZ,920566,-0.58,1129,1452
SZ,920885,3.91,1128,2178
SZ,301539,1.83,1127,2223
SH,688701,3.58,1127,1127
SZ,300949,2.51,1119,1958
SH,688651,2.52,1112,2423
SZ,920012,16.68,1107,2828
SZ,920429,5.98,1105,1212
SZ,920130,3.17,1101,1773
SZ,001379,1.93,1100,3268
SH,603334,6.01,1094,4936
SZ,300958,3.62,1094,1884
SZ,301577,2.38,1092,2610
SZ,920099,-2.46,1092,1743
SZ,920575,-1.68,1089,1629
SZ,920252,1.27,1087,1635
SZ,920932,1.8,1082,1307
SZ,920526,4.24,1082,1709
SZ,001382,1,1079,7053
SZ,920152,-1.35,1069,1434
SZ,920396,1.71,1067,1502
SZ,920505,-3.98,1065,1916
SZ,920199,1.31,1059,1902
SH,603729,1.78,1056,1056
SZ,001231,2.53,1052,2058
SH,688695,2.07,1052,1676
SZ,920651,0.32,1052,1547
SZ,920642,2.04,1050,1089
SZ,920001,1.4,1046,1785
SZ,001312,-0.86,1045,4265
SH,688816,0.85,1043,5078
SZ,301513,1.72,1039,5157
SZ,920592,0.88,1038,1668
SH,603468,-0.22,1035,10664
SZ,920985,2.4,1031,1455
SZ,002514,0.54,1031,1339
SZ,920357,2.13,1027,1698
SZ,920419,0.96,1022,1092
SZ,301173,3.87,1018,2901
SH,603359,0,1013,1013
SZ,301616,1.66,1011,2847
SZ,920184,0,1009,1487
SZ,920062,1.74,1008,1432
SZ,920206,4.07,1005,2614
SZ,301192,3.14,1003,2063
SZ,920924,-1.09,998,1637
SZ,300338,1.42,997,1147
SZ,920792,-0.7,996,1622
SZ,920161,-0.1,995,3668
SZ,002719,-0.8,989,1064
SZ,920092,1.9,989,1863
SZ,920124,2.22,988,1919
SZ,920270,3.34,980,1262
SZ,920690,-0.84,978,1504
SZ,920100,1.62,978,3687
SZ,920786,3.22,975,1476
SZ,301399,3.48,974,3297
SZ,920167,1.71,970,1633
SH,603409,2.04,968,3374
SZ,920415,0.79,962,1249
SZ,301105,1.33,951,2401
SZ,920098,0.83,946,1389
SZ,001225,0.43,944,2941
SZ,301386,3.62,941,2929
SZ,300417,2.38,935,1504
SZ,920943,10.5,933,1827
SZ,920169,3.22,928,1475
SZ,920436,0.68,925,985
SZ,301519,2.71,923,1961
SZ,920496,0.16,921,1051
SZ,920726,0.43,917,1661
SZ,920005,0.08,914,1980
SZ,920223,1.83,911,1754
SZ,920266,-1.15,906,949
SH,603205,0.32,906,3420
SZ,920028,3.42,904,2286
SZ,920694,0.21,895,1885
SZ,301668,1.47,892,4035
SZ,301037,1.08,892,1824
SZ,920227,0.6,891,1959
SZ,301170,1.87,890,2343
SZ,920195,3.21,887,1229
SH,688638,3.55,887,1877
SZ,920018,0.78,887,2552
SH,688573,2.78,884,1625
SZ,920670,0.76,880,1402
SZ,920541,0.52,875,1329
SZ,301049,3.35,873,1921
SH,603284,4.05,871,3483
SZ,001306,2.5,870,3531
SZ,920220,1.46,866,2765
SZ,920748,1.91,865,1802
SZ,920275,-2.66,864,1044
SZ,920833,-2.35,860,1138
SZ,301598,1.92,858,2879
SZ,920433,-0.77,857,1295
SZ,920855,0.87,851,948
SZ,920873,0.71,851,1089
SZ,920193,1.9,850,3754
SZ,920020,0.07,850,3437
SH,603376,0.91,849,10612
SZ,920770,1.47,848,1347
SH,603073,0.42,847,1931
SZ,920156,1.83,845,4052
SZ,920693,1.95,842,1672
SZ,920663,-0.3,834,1738
SZ,920926,1.67,831,916
SZ,920027,0.17,826,1180
SZ,001335,1.94,819,3006
SZ,920478,-0.97,816,1342
SZ,920000,-2.4,816,1298
SH,603273,1.69,812,3119
SH,603075,1,811,7694
SZ,301449,0.36,805,3578
SZ,920221,0.46,805,1546
SZ,301314,2.11,805,2435
SZ,920870,0.74,804,1632
SZ,920260,0,800,838
SZ,301353,1.4,798,2483
SZ,920378,0.99,795,1110
SZ,920974,0.99,790,1007
SZ,920519,0.81,790,888
SZ,920556,1.04,789,1089
SZ,920181,7.46,788,3398
SZ,301552,1.28,786,3145
SZ,920006,1.11,784,1482
SZ,301567,2.95,778,2639
SZ,920445,6.74,770,1056
SZ,920976,0.52,769,1237
SZ,920832,0,768,860
SZ,920768,-0.13,767,1109
SZ,301429,1.4,763,2049
SZ,920689,-0.34,762,1475
SZ,920078,1.31,756,2327
SZ,920395,1.86,749,1088
SZ,001325,-0.67,741,2965
SZ,920639,0.65,740,1256
SZ,920363,1.36,738,1299
SZ,920370,1.81,737,844
SZ,920058,-2.76,737,1497
SZ,920242,1.98,733,1310
SZ,920263,0.71,726,1000
SZ,920685,2.22,726,1139
SZ,920942,1.58,719,1062
SZ,301287,5.58,715,2799
SZ,920634,4.02,714,1125
SZ,920475,-4.21,714,1283
SZ,920061,0.28,714,1283
SZ,301578,0.73,706,2484
SZ,920720,1.28,702,2514
SZ,920299,0.26,701,1391
SZ,920547,0.6,701,1442
SZ,920866,5.15,700,1105
SZ,300784,0.97,697,2330
SZ,920117,-0.74,695,3090
SZ,920781,1.05,695,892
SZ,920081,3.48,692,2940
SZ,920706,0.77,690,1370
SZ,920564,0.29,689,1498
SZ,920163,4.04,688,1459
SZ,920553,-1.73,688,1053
SZ,920245,1.18,685,890
SZ,920123,0.77,683,1172
SZ,920925,1.65,680,1212
SZ,920346,0.93,679,1219
SZ,920964,2.47,675,1194
SZ,920008,0.61,673,1259
SZ,920579,1.76,670,1946
SZ,920608,2.06,669,864
SZ,920108,1.78,669,1579
SZ,301575,0.37,667,3322
SZ,920375,0.14,663,1110
SZ,920627,1.14,662,1336
SZ,920101,0.65,661,2117
SZ,920527,2.83,660,851
SZ,920204,1.64,649,1224
SZ,920876,1.48,644,1054
SZ,920300,0.21,643,830
SZ,920278,-1.2,643,1138
SZ,920187,-1.01,642,1749
SZ,920118,4.61,640,1056
SZ,920570,0.81,637,1253
SZ,920175,1.01,637,956
SZ,920079,0.58,627,5799
SZ,920422,2.05,626,837
SZ,920578,2.21,607,1308
SZ,920471,2.17,599,940
SZ,920834,0.43,592,1132
SZ,920096,1.7,591,2516
SZ,920675,0.68,586,1277
SZ,920014,1.28,585,1064
SZ,920679,2.15,583,876
SZ,920469,0.9,580,791
SZ,920641,0.08,579,959
SZ,920826,-3.47,578,1286
SZ,920992,-0.41,575,1135
SZ,920057,0.61,575,894
SZ,920455,0.85,574,1047
SZ,920719,0.26,573,718
SZ,920112,0.12,568,1936
SZ,920086,1.32,568,1736
SZ,920107,87.58,567,2521
SZ,920090,-1.8,566,757
SZ,920198,-3.53,557,1276
SZ,920146,2.2,556,691
SZ,920065,-1.14,555,3180
SZ,920075,0.51,553,1021
SZ,920906,0.91,552,1075
SZ,920271,-2.27,547,1236
SZ,920262,0.43,546,1174
SZ,920810,2.22,545,837
SZ,920454,0.36,542,1156
SZ,920896,0.41,541,1233
SZ,920374,1.2,531,1302
SZ,920023,1.03,530,645
SZ,920871,1.17,528,953
SZ,920662,1.25,527,1707
SZ,920729,-0.72,526,1856
SZ,920703,1.34,522,1477
SZ,920050,-0.3,520,1942
SZ,920166,-0.27,514,1627
SZ,920056,1.53,511,1354
SZ,920160,0.81,508,2258
SZ,920069,-0.22,503,1806
SZ,920030,0.68,501,796
SZ,920753,0.26,499,1243
SZ,920212,2.67,496,1021
SZ,920176,-0.92,493,3647
SZ,920080,2.24,492,1778
SZ,920392,0.59,492,1047
SZ,920145,-0.69,487,704
SZ,920407,1.41,486,1194
SZ,920082,0.85,473,1681
SZ,920267,4.41,470,821
SZ,920779,0.39,469,1877
SZ,920508,0.62,466,877
SZ,920718,2.56,466,908
SZ,920351,1.05,461,1018
SZ,920177,1.27,459,1296
SZ,920950,1.18,458,940
SZ,920656,0.28,457,1413
SZ,920126,1.7,454,1892
SZ,920414,2.02,453,644
SZ,920258,1.06,446,4952
SZ,920427,0.11,445,901
SZ,920128,1.33,444,1485
SZ,920016,1.41,443,996
SZ,920168,0.91,439,1172
SZ,920091,0.67,438,1855
SZ,920180,1.24,437,1448
SZ,920136,0.34,435,1656
SZ,920970,0.49,433,685
SH,688121,0.47,432,498
SZ,920158,0.88,431,1611
SZ,920188,0.93,428,1793
SZ,920110,1.43,427,1026
SZ,920159,4.07,412,2175
SZ,920055,2.24,412,1829
SZ,920036,2.73,398,1660
SZ,920957,1.53,397,998
SZ,920802,-4.26,389,882
SZ,920007,1.48,388,1622
SZ,920035,2.25,387,1706
SZ,920072,-1.11,385,2038
SZ,920895,4.96,377,742
SZ,920218,1.9,374,1662
SZ,920165,0.13,370,1859
SZ,920717,-0.23,367,950
SZ,920009,-1.35,367,2820
SZ,002731,0.63,365,407
SZ,920011,1.38,355,1577
SZ,920191,0.8,353,1568
SZ,920066,1.5,335,1060
SZ,920121,0.32,333,1844
SZ,920183,2.71,328,1426
SZ,920003,1.03,325,1511
SZ,920222,-2.18,321,2376
SZ,920022,0.63,320,1161
SZ,920504,1.52,309,783
SZ,301139,-1,300,479
SH,688496,-6.51,205,387
