market,code,chg_pct,vol_rank,amt_rank
SH,601288,-0.45,2055933,2253891
SH,601398,-0.12,2035572,2690867
SH,601857,0.28,1730947,1956494
SZ,300750,0.39,1684692,1829657
SH,601138,1.37,1331539,1331539
SH,601988,0,1239301,1894609
SZ,300308,1.81,1065664,1123074
SH,600036,-0.46,789676,965416
SH,601628,1.36,777551,1055404
SH,601088,0.31,739788,972988
SH,688256,4.39,716870,716870
SH,601899,2.24,685216,884407
SH,600900,-0.59,683397,683397
SH,688041,1.09,660228,660228
SZ,000333,-0.32,569782,631351
SZ,300502,0.08,562478,625268
SH,601318,0.1,552191,937976
SZ,002371,2.98,551569,552010
SH,601728,0.76,513909,605777
SH,600028,0,473762,604628
SZ,002475,1.89,422291,446085
SH,603259,4.81,412790,497989
SH,601166,-1.1,377334,377334
SH,688012,2.61,362388,368405
SH,601658,-0.19,356112,589667
SH,600183,0.21,346110,348586
SH,600276,0.63,337768,351440
SH,600030,0.22,333272,427636
SH,603993,2.98,331581,406278
SZ,002415,0.57,317337,321504
SH,601998,-0.25,313060,427355
SZ,002594,0.98,312993,818451
SZ,300394,6.06,309015,309707
SH,600000,-0.54,301418,301418
SZ,002384,4.41,296992,392385
SH,603986,5.03,293120,307701
SZ,000858,-1.97,280595,280601
SH,688981,2.43,272140,1165160
SH,688825,9.01,270858,4022885
SZ,300059,0.1,260256,308375
SZ,002916,0.82,253359,259593
SH,600150,0.6,253011,253011
SH,688008,3.1,250097,266651
SH,601319,0.44,244580,304703
SH,601225,-0.74,244120,244120
SH,601211,0,241412,315580
SH,601816,-0.6,238268,238268
SZ,300408,-1.84,236904,252984
SZ,002463,1.24,236063,236254
SZ,300476,0.25,233603,265352
SH,600309,0,228618,228618
SZ,000651,-0.29,219666,222824
SZ,000001,-0.08,215403,215406
SH,600919,-0.68,212508,212508
SZ,002142,0,212502,212636
SZ,000725,2.93,211495,221525
SH,601601,0.33,205488,288803
SH,688072,4.11,202547,208269
SH,601919,3.31,199649,242763
SH,603288,-1.39,196373,206659
SH,688498,4.47,195015,197567
SZ,300274,0.04,185375,242089
SH,600176,4.03,183408,184865
SH,601668,-0.44,180983,180983
SZ,300760,-0.78,180728,180897
SH,601328,0.29,179900,609710
SZ,300433,1.04,179456,190615
SH,600025,-0.51,178113,178113
SH,601066,0.12,166094,198339
SH,601985,-0.22,165418,180176
SZ,301165,0.38,160865,160865
SH,600887,-1.09,158796,159589
SH,600031,-0.15,158641,172130
SH,600487,2.18,157892,158712
SZ,002352,-0.78,155875,171017
SZ,002281,2.58,154482,162639
SZ,000338,4.18,153103,266896
SH,600111,-1.09,152520,152520
SH,688082,3.95,151564,153210
SZ,003816,0,151440,194420
SH,601869,2.97,148614,302798
SZ,000792,-0.8,148374,148376
SZ,300604,7.01,148256,195540
SZ,300124,0.34,148017,166274
SH,600584,4.97,147841,147841
SH,601100,3.04,146833,146833
SH,601766,1.87,145724,171906
SH,600809,-4.04,144590,144590
SZ,002050,1.25,143139,163187
SH,601872,3.64,142677,142677
SZ,000063,0.6,142014,168667
SH,601688,-0.56,140874,174038
SH,603256,3,139701,143648
SH,601009,0.89,139461,139461
SH,601818,-0.32,138756,176666
SH,600690,-1.37,134190,201244
SH,600050,-0.22,134188,135375
SH,601229,0.11,133991,133991
SH,600188,-0.22,131984,222216
SH,603019,0.32,131163,131168
SZ,002714,-0.07,128792,226648
SH,688361,12.64,128608,128608
SZ,300857,-0.89,128331,128991
SH,601898,-0.77,127579,184826
SZ,000568,-3.5,126923,126996
SH,600760,0,125717,125956
SH,601600,1.73,124375,161600
SZ,000408,1.83,124068,124070
SZ,000776,0.72,123513,163696
SH,600019,-0.51,122489,124594
SH,600489,4.08,122443,122443
SH,600346,0.93,121706,121706
SH,601336,0.67,121310,181464
SH,600522,-0.02,121296,121296
SH,600016,-0.28,120926,149298
SH,688525,5.29,120155,120155
SZ,300014,0,119229,122661
SH,600018,0.59,118558,118728
SH,605117,3.1,118551,118551
SH,600926,0.18,118231,118231
SZ,301308,3.06,118059,179975
SH,688111,-0.99,117804,117804
SH,688521,7.11,116758,116758
SZ,000977,0.62,116305,116436
SZ,300442,0,116009,116350
SZ,000938,1.4,115862,115862
SH,600104,-0.29,115757,115757
SZ,002353,10,114780,170052
SH,601698,0.91,112918,112918
SZ,000988,2.22,112790,112848
SZ,002028,10,111863,143328
SH,600660,-0.95,111626,145441
SH,603501,0.75,110751,115407
SH,600673,0.74,110217,110511
SH,600160,-0.06,109988,109988
SH,600547,2.45,108650,138574
SH,688347,4.81,108221,461210
SH,600905,0,106632,106632
SH,600089,0.67,106159,106159
SH,601169,0,104869,104869
SH,601888,-0.84,104653,111370
SZ,002156,9.05,104188,104198
SZ,301217,1.58,103619,103619
SZ,002080,1.67,102248,102248
SZ,000166,-0.21,101860,113181
SZ,300033,0.86,101812,174786
SH,601995,-0.02,101681,167892
SH,600015,-0.29,101402,104879
SZ,000657,2.12,101364,158910
SH,600893,1.95,100209,100226
SH,600938,0.73,98401,1564211
SH,601939,0,98239,2678788
SH,600362,4.95,97163,162125
SH,601012,1.19,96999,96999
SH,688183,-0.51,96650,96650
SZ,002736,0.1,96220,102520
SH,601633,-0.25,95666,132043
SZ,002008,0.35,95051,102291
SH,601006,0,93157,93157
SH,601168,4.82,92770,92770
SH,603228,-3.91,92467,94283
SZ,002600,0.87,92160,103940
SZ,000807,2.39,92004,92005
SZ,002230,-0.3,91212,100047
SH,600795,-0.58,89713,89713
SH,600549,1.82,89304,91239
SH,601390,0.23,88816,107202
SH,601881,0,88442,133509
SH,688271,-1.15,88300,88300
SZ,000538,-0.57,88186,88749
SH,688200,7.57,88126,88126
SH,600941,-1.18,87162,2093901
SH,601689,1.27,87135,87135
SZ,000617,0,86978,86978
SH,688249,8.01,86929,96760
SH,603893,0.58,86810,86821
SZ,002648,1.46,86283,86338
SZ,300757,2.71,86160,88832
SZ,002001,0.07,85275,86302
SH,688702,5.37,85257,172200
SH,601727,0.3,84903,104585
SZ,000895,-0.48,84804,84815
SH,688396,3.47,83465,83465
SH,605499,-0.02,83076,90226
SZ,000301,-0.31,83067,83103
SH,601868,0.39,82693,112812
SH,601127,-0.44,82469,92256
SZ,300620,2.35,81490,82098
SH,601825,0.46,81464,83810
SH,600118,1.62,80315,80315
SZ,300498,0.07,80150,89695
SH,603799,0.17,80072,80323
SH,600236,-0.29,79454,79454
SH,601991,-1.38,79211,118258
SZ,001289,0.19,78856,130748
SH,600436,-1.43,78841,78841
SH,688002,1.68,78585,78585
SH,601838,-0.49,76165,76165
SH,688777,1.59,76122,76508
SH,688126,3.17,75941,88310
SZ,300475,4.57,75782,79066
SH,600482,6,75714,75714
SH,600011,0.15,75334,107532
SZ,000630,3.69,75104,90380
SZ,002179,-1.24,74696,74832
SZ,002311,0.42,74647,74719
SH,600674,1.4,74289,74289
SH,688519,1.09,73461,73461
SH,601958,0.35,73212,73212
SH,600039,0.36,72869,72869
SZ,300661,-1.59,72838,82974
SZ,000636,-0.61,72128,72128
SZ,002202,2.2,71945,90347
SH,603195,-0.46,71791,71921
SZ,002027,-2.35,71633,71633
SZ,000425,-0.49,71554,93104
SZ,001309,6.65,71491,98268
SZ,002466,-0.83,71307,82783
SH,601179,2.89,71250,71250
SH,688313,11.79,71125,71125
SZ,002428,5.97,70299,70308
SH,600010,0,70153,101306
SH,688629,2.32,69979,71081
SH,600703,2.95,69746,69746
SH,688037,2.31,69523,69523
SH,601800,0,69517,96148
SH,601186,-0.32,69365,81885
SZ,000708,-0.35,69348,69348
SZ,000426,2.88,69198,69214
SZ,002241,0.37,69080,78008
SH,600585,0,69049,91610
SH,688766,12.89,68995,68995
SZ,300015,-0.68,68830,80441
SH,601111,-0.5,68432,120496
SH,688409,6.52,68352,68352
SH,603296,-0.46,68328,129726
SH,601231,3.66,68324,68324
SH,688585,0.76,68007,68007
SH,600958,0.11,67823,77150
SH,600988,2.19,67638,77252
SH,600029,-0.19,67520,90786
SZ,000975,3.53,67320,73971
SH,600026,4.73,66952,95692
SZ,001979,-1.04,66700,67801
SH,688017,3.16,66182,66182
SH,603156,1.28,65988,65988
SH,600415,3.17,65967,65967
SZ,000021,4.13,65941,65950
SH,601360,-0.52,65936,65936
SZ,002851,1.83,65793,78280
SH,600023,-0.4,65569,65569
SZ,002837,1.51,65510,73849
SZ,000831,1.07,65371,65371
SH,601018,0.3,65172,65172
SZ,002625,-0.61,65154,65155
SZ,000960,2.41,65060,65060
SZ,002460,-0.25,65055,112613
SH,600066,1.53,64492,64492
SZ,300223,5.93,64345,73585
SH,600233,-0.84,64166,64166
SZ,300548,11.57,63902,64032
SH,688036,-0.48,63027,63027
SH,601916,-0.67,62694,79922
SZ,000703,-1.84,62625,62941
SH,600048,-1.13,62366,62366
SZ,002595,4.84,62322,62756
SZ,300765,8.76,62280,62280
SH,600105,2.06,61667,61667
SZ,300285,1.41,61387,71748
SH,601669,-0.2,61305,80791
SZ,300054,7.28,60794,77963
SH,688141,-5.58,60793,60793
SZ,002128,0.82,60769,84759
SZ,002422,3.72,60762,74433
SH,600115,0,60098,77970
SZ,000768,0.89,60026,60117
SH,688147,6.24,59893,59893
SZ,002304,-2.21,59774,59776
SZ,000933,2.63,59583,59621
SZ,002709,-0.02,59546,80442
SZ,300666,5.22,59535,74305
SZ,000625,0.42,59276,71076
SH,688019,3.8,58829,58829
SH,601061,1.88,58457,58457
SH,688048,6.01,58305,58305
SH,688630,5.38,58169,64688
SH,601077,-0.45,57802,74275
SH,600009,-0.38,57119,57306
SH,600426,0.68,57054,57061
SH,601788,0.14,56999,67271
SZ,002049,-0.9,56717,56724
SH,600221,0,56556,57045
SH,601901,-0.57,56472,56472
SH,600460,3.3,56296,56296
SZ,002484,-1.72,56268,58329
SZ,002821,3.5,56180,63930
SZ,002064,1.62,56007,56126
SZ,002436,5.66,55845,62531
SZ,002532,3.2,55648,62719
SH,600219,1.48,55122,55122
SZ,300316,2.85,55087,58575
SH,688432,7.37,55038,55038
SH,600885,-1.79,55017,55017
SH,688469,1.63,55000,78546
SH,601233,0.83,54689,54788
SZ,300450,0.75,54642,58665
SH,600372,0.09,54534,54534
SZ,300567,7.47,54524,67178
SZ,002920,0.62,54412,54429
SZ,301358,3.17,54237,60155
SZ,300373,3.24,53943,54063
SH,600096,2.25,53851,53851
SH,688110,3.89,53811,53811
SH,688578,-0.73,53780,53780
SH,601059,-0.29,53639,53639
SH,688548,4.21,53620,53620
SH,600803,1.22,53479,53887
SH,600378,1.87,53210,63997
SH,601877,-1.27,53058,53058
SH,600879,0.88,52888,52888
SH,600601,0,52796,54106
SZ,300058,0.53,52795,54500
SZ,301526,0.99,52749,141634
SZ,300418,2.73,52666,57582
SH,603659,-0.36,52490,52490
SH,600498,-0.04,51984,55522
SH,600497,1.98,51866,51866
SH,603083,0.81,51645,69010
SZ,002558,-5.78,51638,51638
SZ,000963,-1.17,51486,51507
SH,600350,-1.93,51391,51391
SH,688627,9.16,51272,51272
SH,600418,-4.43,50990,50990
SH,600196,-0.65,50950,64224
SZ,300803,0.83,50939,51314
SH,688234,6.16,50706,57185
SZ,002636,3.19,50666,50924
SH,600895,0.03,50658,50658
SH,601377,0.34,50607,50607
SZ,002409,4.48,50327,75197
SH,688375,0.55,50244,50244
SZ,000783,0.11,50047,50047
SZ,001872,1.59,49959,53863
SH,600667,3.79,49821,49821
SH,603629,0,49592,50418
SH,601208,2.41,49358,49358
SZ,000157,-0.13,48922,59848
SZ,300395,1.36,48522,49771
SH,601699,-1.39,48431,48431
SH,603979,1.24,48406,48406
SZ,000066,0,48383,48387
SH,600741,-0.57,48268,48268
SH,688729,2.95,47639,80539
SH,688331,1.93,47512,75358
SZ,003031,7.15,47411,62868
SZ,300390,-0.96,47400,55345
SH,600206,10,47288,47288
SH,601298,0.69,47181,56797
SZ,002414,-0.42,47105,59192
SZ,002074,-0.17,47083,49197
SH,600726,-2.94,46646,49342
SH,688223,1.59,45904,45904
SH,601607,-0.83,45882,61003
SH,601618,0.39,45881,53177
SH,600985,-2.59,45489,45489
SH,600377,0,45436,60201
SH,601058,1.77,45343,45343
SZ,301377,2.41,45336,194459
SH,688047,1.9,45213,45213
SH,605376,2.38,45142,45142
SH,601117,0.14,45113,45242
SH,601198,0.15,44091,44091
SH,688220,2.7,43892,43892
SH,600930,-1.21,43510,168943
SH,688146,-0.38,43462,158718
SH,688336,0.08,43413,43413
SH,601021,0.43,43350,43350
SH,688808,0.98,43275,230247
SH,688728,2.66,43166,43196
SH,603260,2.73,43091,43091
SZ,000811,6.54,42727,43342
SH,688187,-0.23,42689,65377
SH,601878,0.11,42674,42674
SH,603268,1.97,42638,186221
SZ,002203,0.79,42539,44070
SZ,002407,0.41,42502,46808
SH,600909,1.93,42404,42404
SH,688009,-0.8,41984,51572
SH,600352,2.14,41968,41968
SH,600027,0,41839,52717
SH,600570,-0.49,41679,41679
SH,603087,-1.04,41632,44323
SH,601212,3.13,41541,41541
SH,688099,1.31,41515,41515
SZ,300017,0.98,41413,43674
SH,688188,-0.92,41310,41310
SH,600642,0.48,41206,41208
SH,603650,3.83,41165,41264
SH,600143,2.43,41103,41703
SH,601108,-0.22,40912,40912
SH,603806,2.76,40853,40853
SZ,002138,1.93,40785,42912
SH,688668,8.94,40765,40765
SH,603699,0.79,40750,41671
SH,600061,0,40666,40666
SZ,000999,-1.16,40603,40640
SZ,002850,5.23,40498,55308
SH,601555,2.26,40396,40396
SH,600995,0.89,39950,39950
SZ,300346,3.71,39943,42085
SH,688025,3.28,39689,39689
SH,688303,0.43,39685,39685
SH,600588,-0.42,39637,39637
SH,600021,-0.91,39591,39591
SH,600968,1.04,39542,39542
SH,601126,3.62,39423,39806
SZ,301511,3.96,39378,62263
SZ,002429,1.75,39362,39384
SZ,000559,1.8,39275,39287
SZ,300979,-2.4,39246,39246
SH,600578,-2.81,39230,39230
SZ,002294,0.52,39099,39108
SH,688433,-0.76,39093,39093
SH,601456,0,39086,50728
SZ,002155,1.38,39047,39051
SH,601136,0.49,39032,39032
SH,688536,4.69,38983,39680
SH,688300,-1.95,38978,38978
SZ,002129,3.21,38942,38976
SZ,300001,2.55,38937,39849
SZ,002236,-1.2,38904,53191
SH,601665,1.45,38831,38831
SZ,002273,2.64,38728,39424
SZ,000983,-0.57,38604,38604
SH,603379,1.2,38533,38533
SH,600845,-1.14,38477,51528
SZ,000596,-5.3,38441,49731
SZ,002078,0.14,38428,39502
SZ,002738,-0.64,38217,39204
SH,603929,10,38185,38185
SH,600256,1.19,38096,38096
SZ,002195,0,38019,38362
SZ,000688,1.52,38017,38017
SH,601238,0.59,37952,52413
SZ,000987,0,37951,37980
SZ,300919,1.02,37878,43251
SH,601777,2.2,37842,37842
SH,688472,0.97,37816,37816
SH,601216,0.45,37802,37802
SZ,300672,3.22,37800,39015
SH,600869,3.28,37773,37773
SZ,002653,0.85,37559,79828
SZ,300115,1.43,37557,37669
SH,688167,6.29,37480,37480
SZ,000893,1.65,37424,42599
SZ,002966,0.35,37362,38001
SH,603392,-1.85,37350,37350
SZ,002056,1.41,37327,37366
SZ,300570,20,37247,44017
SH,688295,-0.95,37170,37170
SZ,300037,1.15,36990,51000
SH,601577,0.11,36950,36958
SZ,300782,4.44,36922,47362
SH,600600,-1.11,36846,70884
SH,600663,-0.42,36433,46626
SZ,300870,4.55,36432,36436
SZ,300972,1.89,36373,39589
SH,603369,-2.14,36307,36307
SZ,001203,-0.31,36149,42436
SZ,300751,5.06,36144,52272
SZ,300866,0.92,36128,68691
SH,605589,-0.08,35901,35921
SH,688322,1.61,35789,46134
SZ,300454,-0.55,35534,53246
SZ,300489,1.59,35494,35624
SH,601808,0.67,35466,57164
SH,605358,2.39,35459,35459
SH,600177,-0.62,35442,36386
SH,600298,-5.76,35135,35572
SZ,300832,0.23,35085,40355
SZ,002432,2.66,34970,35017
SH,688052,2.69,34948,39845
SH,603308,4.88,34883,34883
SZ,302132,2.55,34859,158936
SH,600707,3.97,34729,34736
SH,688775,0.04,34508,53353
SH,600863,0.21,34328,38079
SH,600157,-0.62,34254,34254
SZ,002126,2.43,34191,36413
SH,603298,2.19,34160,34160
SH,601611,0.18,34056,34056
SH,688676,5.17,33955,33955
SH,688122,0.97,33951,33951
SH,600330,10.01,33895,33895
SZ,000661,0.02,33811,34516
SZ,000878,4.47,33681,40767
SH,603127,4.35,33602,40113
SH,601696,1.26,33419,33419
SH,688027,1.45,33400,42744
SH,601598,0.94,33369,46414
SH,600085,-0.64,33354,33354
SH,688235,0.63,33311,446522
SZ,002517,-3.92,33210,37559
SH,600839,-1.78,32997,33006
SZ,000423,-0.66,32938,32996
SH,600060,-0.81,32855,32977
SH,600641,3.13,32823,33396
SH,688213,3.94,32720,40689
SH,688362,6.13,32705,32705
SZ,002032,-0.06,32659,32674
SH,601236,0.29,32524,32524
SH,603823,10,32514,32514
SZ,002252,-0.59,32480,32502
SH,600562,0.46,32375,32375
SH,688266,0.5,32030,32030
SH,600109,0,32014,32014
SH,600733,-0.56,31857,33555
SH,600348,-0.44,31854,31854
SH,601162,-0.79,31812,37274
SZ,002378,0.95,31671,31838
SZ,002859,1.09,31635,33506
SZ,300207,0.11,31536,33993
SZ,300251,-0.17,31473,33267
SZ,300347,-0.92,31439,47787
SH,603225,0,31352,31520
SZ,300748,0.22,31324,38308
SH,600563,2.68,31280,31280
SZ,002245,3.02,31265,33229
SH,603198,-5.32,31256,31256
SH,603606,-0.44,31203,31203
SZ,000728,0.28,31201,31201
SZ,002222,2.52,31179,31319
SZ,000876,1.02,31050,31069
SZ,002601,1.23,31046,37242
SH,688102,4.31,30942,31032
SZ,000729,-2.91,30918,34724
SZ,002131,-1.12,30855,35687
SH,688599,1.46,30828,30828
SH,603061,6.25,30802,30802
SZ,002555,-2.01,30795,42917
SH,600801,0.31,30765,47671
SZ,002240,-0.58,30756,30836
SZ,000967,-3.47,30689,30703
SZ,301236,-0.43,30525,40217
SH,688617,-1.13,30474,30474
SH,688333,0.51,30255,30255
SZ,000002,-0.63,30220,37105
SH,688385,2.44,30168,46071
SZ,301396,-3.97,30144,45783
SH,688195,1.38,30123,30123
SH,603568,-5.82,30112,30112
SZ,002261,-0.75,30074,33062
SH,600259,-3.08,30061,30061
SH,688180,-1.72,30043,40246
SZ,300814,0.33,29940,29940
SH,600332,-0.55,29791,34451
SZ,000060,2.45,29755,29756
SZ,002673,0.3,29723,29723
SH,600871,1.39,29668,41516
SZ,000027,0.16,29639,29639
SZ,002939,0,29578,33123
SZ,300558,1.63,29459,29553
SZ,002025,0.92,29415,29425
SH,600737,5.21,29388,29388
SH,688387,0.42,29243,49572
SH,600699,0.19,29142,32380
SZ,000958,0,29070,98909
SZ,000883,-0.88,28964,31645
SZ,300628,0.25,28933,50499
SH,688318,0.25,28915,28915
SH,603186,10,28898,28898
SZ,300903,2.89,28887,35793
SH,601001,0.47,28855,28855
SH,603939,-1.07,28819,28819
SZ,002472,1.45,28776,32674
SH,601933,0.94,28739,28739
SZ,000962,3.02,28692,30082
SH,600483,-2.55,28552,28552
SH,688169,2.99,28504,28504
SH,688127,5.93,28474,28474
SZ,000737,10.01,28473,28476
SZ,300339,-0.29,28471,29157
SH,600428,-1.68,28390,31857
SH,600398,0,28384,28384
SH,688192,0.92,28351,28594
SH,603338,0.65,28335,28335
SZ,300236,8.16,28306,31846
SH,600353,9.99,28287,28287
SH,600517,0.41,28249,28249
SH,603179,-1.97,28247,28247
SH,601990,0.3,28226,29346
SZ,300209,-2.74,28127,35158
SH,688411,0.14,28049,38602
SZ,300458,1,27919,34072
SZ,300432,1.73,27913,28228
SH,603920,-0.89,27851,27851
SH,603766,3.51,27825,27825
SZ,002747,2.33,27823,34415
SZ,301018,5.98,27756,36732
SZ,003022,2.06,27756,27780
SH,603444,-1.44,27709,27709
SH,600079,-0.27,27685,29282
SH,603688,2.44,27490,27490
SH,688114,-2.18,27237,27294
SH,600637,-1.09,27198,27198
SH,688065,-0.2,27127,33540
SH,600369,0,27112,27112
SH,600312,1.84,26989,26989
SZ,002046,7.61,26986,27292
SH,600499,0,26946,26946
SZ,002608,-0.27,26938,26938
SH,688248,1.84,26891,26891
SH,601880,2.1,26883,34415
SZ,000887,-6.59,26787,26830
SH,688018,1.58,26666,26666
SH,603067,6.14,26625,26625
SZ,002364,6,26622,26882
SH,600777,1.7,26611,28426
SH,688820,11.35,26563,286178
SZ,300811,1.47,26552,32349
SZ,000981,0.36,26542,27893
SZ,000877,0.54,26522,26522
SH,601000,0,26489,26489
SH,688001,11.07,26394,26394
SH,601615,0.17,26392,26392
SH,601799,0.38,26385,26385
SZ,002487,-0.06,26385,30950
SH,600515,0.7,26335,32791
SZ,000959,0.28,26304,27375
SH,600536,-0.41,26288,29097
SH,603119,2.62,26140,26140
SZ,002841,0.74,26119,35029
SZ,300438,-1.95,26065,32461
SH,688608,1.22,26043,26043
SH,600331,2.24,25969,33760
SH,600521,-1.07,25962,25962
SH,688205,2.81,25953,25953
SZ,000739,-0.66,25939,25949
SH,600299,1.82,25901,25901
SH,600208,-0.64,25864,25867
SH,600546,-0.22,25831,25831
SH,601918,0.3,25828,25828
SZ,001389,-0.17,25771,79959
SH,605090,0.41,25736,25762
SH,600732,2.2,25474,25594
SH,603663,1.62,25364,25381
SH,600918,0.73,25324,43947
SZ,002459,1.19,25297,25319
SH,600153,-0.1,25284,25284
SH,600998,-0.98,25263,25263
SH,605111,4.4,25252,25252
SH,600595,1.78,25210,25210
SZ,000547,1.15,25172,25320
SH,601069,1.32,25170,25845
SH,600704,0.21,25132,25132
SZ,301205,-0.8,25125,39028
SH,601155,-0.71,24970,24970
SH,688403,3.85,24927,24927
SH,600862,-1.1,24894,24894
SZ,002244,-1.52,24873,28065
SZ,002396,0.49,24866,24969
SH,689009,-0.64,24845,32517
SH,601606,0.82,24827,24827
SZ,000415,2,24807,28449
SZ,000951,1.68,24783,24783
SH,603306,2.85,24739,24739
SZ,001267,-1.99,24732,31903
SZ,002223,-0.78,24707,26285
SZ,300255,-1.35,24675,24714
SH,603881,-1.47,24663,24663
SH,688778,1.62,24624,24624
SZ,000738,1.3,24620,24620
SH,600583,2.02,24583,24583
SZ,002180,0.33,24580,25693
SZ,002152,-0.79,24573,24585
SH,600161,-0.95,24559,24559
SH,600246,3.1,24500,25181
SZ,001270,1.44,24474,24631
SH,603345,-0.98,24452,27786
SZ,002536,5.26,24411,25773
SZ,002266,2.44,24407,26305
SH,600295,0,24379,34537
SH,603678,-0.9,24359,24359
SZ,300024,0.65,24292,24298
SZ,002015,-3.23,24252,24252
SH,603049,1.49,24148,41818
SH,600126,-3.11,24147,24147
SH,603160,1.04,24073,24073
SZ,301536,4.82,23998,54064
SH,600323,-0.02,23996,23996
SH,601099,1.15,23925,23925
SH,603236,-2.35,23879,23879
SH,688278,-4.18,23777,23777
SZ,002456,-1.5,23754,25031
SH,688502,3.31,23748,23748
SZ,000582,-2.99,23725,27688
SZ,000921,-0.38,23639,35439
SH,601717,-0.51,23611,27334
SH,601928,0.43,23515,23515
SH,603773,10,23477,23485
SZ,300383,-1.27,23452,23495
SH,601399,0.93,23444,23444
SH,688475,-0.19,23444,23444
SZ,002603,0.12,23374,28369
SZ,002157,1.02,23207,27565
SH,600100,0,23184,23184
SZ,920185,0.53,23184,23572
SH,600186,7.74,23169,23216
SZ,300738,-0.96,23165,23172
SH,688503,20.01,23158,23158
SH,601866,1.28,23111,31254
SZ,002430,0.55,23109,23119
SH,601666,-2.91,22990,22990
SH,688372,4.48,22956,22956
SZ,300806,3.16,22943,31839
SH,688596,-0.21,22942,22942
SZ,002491,-0.75,22941,23985
SH,601228,0.66,22935,22935
SH,600166,-1.02,22881,22881
SH,688123,0.03,22860,22860
SH,600535,-0.19,22857,22857
SH,601118,1.14,22852,22852
SH,688349,0.97,22851,23247
SH,600095,0.63,22845,22845
SH,688400,2.11,22756,23664
SZ,000733,0.29,22740,22743
SZ,000830,0.17,22736,22738
SZ,300677,1.44,22694,31913
SZ,002085,1.14,22634,22634
SH,603005,3.34,22585,22585
SZ,000400,0.59,22494,22573
SZ,000155,-1.53,22449,22449
SH,600977,-2.5,22441,22441
SH,600664,-0.1,22415,22415
SH,601608,1.24,22394,22394
SZ,002498,0.15,22356,22356
SH,603565,1.53,22345,22345
SH,600961,3.27,22321,31854
SZ,300776,2.43,22306,35483
SH,600873,0,22294,22294
SZ,002379,1.66,22284,255540
SH,603605,-1.69,22258,22258
SH,688257,3.01,22254,22254
SH,603301,0.85,22226,22226
SH,600566,-1.3,22223,22290
SH,601128,-0.15,22181,22181
SH,600745,-0.51,22127,22127
SH,600388,-0.33,22099,22099
SH,603728,1.11,22096,22096
SH,600884,-0.57,22095,27037
SH,688425,0,22081,22081
SH,688392,7.46,22076,22076
SH,603730,1.89,22045,22045
SZ,002926,0.6,21998,21998
SZ,300496,-0.49,21993,27477
SH,601963,-0.08,21968,39158
SZ,000603,2.4,21908,22672
SZ,300623,6.18,21893,23739
SH,600098,0.65,21877,21877
SZ,002271,1.15,21863,27279
SH,600390,0.41,21861,21861
SZ,000750,0.27,21794,24012
SZ,000029,10,21774,24705
SZ,002716,5.28,21762,26452
SZ,300398,3.9,21759,21878
SZ,300012,8.51,21723,25529
SH,603530,7.83,21715,21915
SH,600598,3.04,21705,21705
SZ,000709,0.48,21704,21708
SH,600550,1.03,21693,21693
SH,600486,1.38,21693,21693
SH,600685,0.8,21661,37274
SH,601106,0.64,21602,21602
SH,601567,0.39,21556,21556
SH,603077,2.95,21549,21549
SZ,000623,0.61,21537,21622
SZ,002335,-0.48,21468,24549
SH,688131,0.59,21466,21466
SH,603290,2.73,21433,21433
SH,688819,0.46,21406,21406
SZ,300474,1.15,21381,27490
SH,603737,1.43,21373,21373
SZ,000598,0.56,21363,21366
SZ,300073,0.93,21347,22964
SH,600602,-3.49,21314,27135
SZ,002065,-0.94,21257,23432
SZ,300699,1.29,21250,21507
SH,688097,6.43,21216,21216
SH,603950,5.48,21213,21231
SH,688233,4.52,21205,21205
SZ,002468,0.7,21096,21875
SZ,300821,2.99,21044,21048
SZ,000519,2.86,21042,21042
SH,603618,1.77,21018,21018
SZ,000034,-0.95,21016,25164
SH,600516,-1.31,21016,21016
SH,600765,0.45,21005,21005
SZ,000158,-1.19,20992,21134
SZ,002265,-0.28,20960,20960
SH,601016,-2.24,20953,22709
SH,603588,0.59,20944,20944
SH,600316,1.96,20904,20904
SZ,300142,-0.29,20881,21175
SZ,300083,-0.21,20770,23175
SZ,002149,-2.49,20756,20759
SH,688449,1.56,20741,32540
SZ,002007,-0.67,20739,24063
SH,600132,-0.01,20728,20728
SZ,002624,-2.73,20726,21999
SH,600008,0.36,20700,20700
SH,603876,-1.19,20667,20667
SZ,002423,0.79,20645,20645
SZ,300762,1.52,20591,21325
SZ,002895,3.34,20589,20807
SZ,002497,1.25,20577,22383
SZ,002683,8.55,20563,23442
SZ,003035,-0.36,20530,20530
SH,600970,0.77,20529,20529
SH,600848,-0.11,20492,21592
SH,688270,2.63,20487,20487
SH,603516,1.42,20483,20483
SH,603667,1.32,20482,21430
SH,601865,0.09,20455,25209
SH,600688,0,20447,29414
SH,601677,0.98,20440,20440
SH,603899,0.22,20422,20422
SH,688268,3.03,20391,20391
SZ,000039,0.45,20344,47670
SH,603115,-2.68,20337,20337
SZ,300896,-1.49,20304,30050
SH,601997,-0.17,20292,20292
SZ,002545,4.66,20286,22331
SZ,002831,5.03,20284,36589
SZ,002518,1.1,20215,20826
SH,688388,5.44,20206,20206
SH,600582,0,20114,20114
SH,603233,-1.39,20112,20112
SZ,002948,0.71,20112,33234
SH,600170,0,20082,20082
SZ,000009,-1.38,20067,20092
SZ,300003,-1.39,20036,23393
SZ,300085,1.22,20017,21694
SZ,001337,2.74,20005,20005
SH,601609,5.66,20000,20000
SZ,301297,6.22,19941,26210
SZ,300456,5.11,19919,24412
SZ,000683,1.71,19864,22115
SH,601158,0.24,19824,19824
SH,600967,0.61,19792,19792
SZ,002299,0.37,19729,20120
SZ,001896,-1.14,19713,19713
SZ,002130,1.36,19705,24050
SH,688143,15,19702,20734
SH,600500,3.2,19664,19664
SH,600518,0.71,19628,19637
SZ,000825,0.88,19595,19595
SH,688005,1.07,19595,19595
SH,688523,1.78,19518,19518
SZ,300747,1.58,19433,20908
SH,601187,-0.13,19382,19424
SH,688652,4.58,19314,26872
SZ,300199,0.15,19300,22876
SZ,300088,2.11,19238,19332
SH,600226,2.22,19185,19185
SZ,002044,-1.58,19177,19376
SZ,002262,-1.4,19134,21992
SH,601858,-1.42,19106,19106
SZ,002500,0.38,19062,19062
SZ,300627,0.77,19031,22993
SZ,002192,0.11,19027,19066
SZ,002461,0.35,19012,19012
SH,603833,-1.22,19006,19006
SH,600927,0.54,18914,18914
SZ,002120,0,18861,19425
SH,603658,-2.19,18817,18817
SH,600131,1.03,18812,18829
SZ,000686,0.38,18794,18794
SZ,002756,0.06,18719,26071
SH,600007,0.76,18715,18715
SH,688281,0.86,18698,18698
SZ,000032,2.6,18689,18689
SZ,301171,2.2,18670,23009
SH,600114,0.87,18664,19118
SH,603337,2.18,18606,18979
SH,600629,-0.79,18604,18604
SZ,300953,0.7,18597,25874
SH,600012,-1.23,18591,27252
SH,600380,-0.48,18551,18551
SZ,002318,-0.5,18537,18986
SH,688380,14.92,18533,18533
SH,688800,1.5,18509,18509
SZ,300257,-0.71,18483,19237
SH,603000,0.3,18476,18476
SH,603132,2.11,18426,18426
SH,600110,2.41,18410,18410
SH,601101,-0.54,18389,18389
SZ,002739,-7.91,18384,18647
SZ,000969,3.46,18369,18531
SZ,001287,3.34,18359,18359
SZ,002389,0.11,18356,18359
SH,603171,-1.43,18346,18367
SH,601098,0,18319,18319
SZ,002270,1.59,18310,18310
SH,600577,1.11,18301,18301
SH,601969,0.98,18285,18396
SZ,300568,1.07,18261,22593
SZ,300122,-1.22,18245,30880
SH,688692,0.78,18230,27836
SH,600397,1.83,18205,18205
SH,688003,18.3,18204,18204
SH,605198,-0.76,18188,22467
SZ,300503,2.91,18113,23145
SH,688690,2.23,18103,18103
SZ,002670,0,18100,21576
SZ,300260,5.15,18092,25651
SH,600339,0.93,18089,18089
SH,601636,0.49,18048,18048
SH,605196,1.4,18041,18170
SH,688700,4.44,18020,18020
SH,600038,0.67,18014,22080
SH,601020,-0.13,17965,17965
SH,688561,-1.23,17964,17964
SH,603733,4.12,17963,17963
SH,601139,0.48,17951,17951
SZ,000997,0.17,17942,18043
SH,600655,0.44,17893,17900
SZ,300102,2.79,17888,17974
SZ,002913,3.15,17880,18578
SH,600552,1.72,17863,17863
SH,600606,-0.77,17849,17849
SH,688208,0.49,17847,17847
SZ,301285,5.75,17794,17794
SH,688332,7.29,17756,17756
SZ,000937,-0.42,17675,18191
SZ,300131,-1.84,17666,19239
SZ,000935,0.04,17658,17658
SH,688549,1.56,17656,44259
SH,688582,3.36,17652,17652
SH,600004,-0.39,17632,19200
SH,603638,2.15,17596,17596
SZ,002402,1.66,17589,19844
SZ,002957,1.74,17585,17639
SH,605020,0.4,17552,17828
SH,601137,3.75,17527,17527
SH,688520,-0.14,17520,18503
SH,600172,10,17503,19671
SH,603938,3.23,17467,17467
SZ,002925,2.05,17465,18435
SH,603529,-0.14,17441,17717
SH,603226,-8.29,17440,17440
SH,601156,3.44,17305,29084
SZ,300720,-0.75,17284,18291
SH,688166,-1.68,17284,17284
SZ,300657,1.38,17246,17747
SH,603786,-0.04,17229,17229
SZ,300724,2.15,17223,20849
SH,605289,1.72,17221,17245
SZ,000543,0.26,17183,17183
SZ,000429,-0.74,17165,27536
SH,603283,0.83,17150,17150
SZ,000513,-0.58,17095,26717
SH,600435,4.63,17090,17090
SH,600120,-0.39,17077,17077
SH,600820,0,17072,17072
SH,600754,-1.76,17070,20047
SZ,300170,-1.03,17069,17874
SH,600459,7.57,17063,18491
SZ,002237,3.86,17015,20406
SH,603858,1.07,16957,16957
SH,600032,-1.25,16953,16953
SH,600267,1.27,16949,16949
SZ,000591,0.23,16941,16947
SZ,003021,-0.33,16940,21861
SZ,002145,0.91,16939,16940
SH,600956,0.98,16930,32447
SH,688772,-0.06,16926,16926
SZ,300888,0.31,16923,16999
SH,688150,3.86,16902,16902
SH,601975,1.4,16896,16896
SZ,300613,1.28,16890,17905
SZ,920438,6.19,16885,17499
SZ,000875,-0.19,16879,18318
SH,600410,-0.38,16831,16831
SH,688545,3.26,16809,33203
SZ,300679,9.64,16804,19860
SH,688390,2.39,16744,16744
SH,600171,1.38,16695,16695
SH,688484,5.54,16686,16686
SH,603871,0.66,16621,16621
SH,600062,0,16612,16617
SH,688308,3.27,16578,16578
SH,688531,0.42,16572,23908
SH,600179,-1.37,16569,18153
SH,601921,2.48,16556,16556
SZ,300676,-2.11,16550,16641
SZ,300684,20,16536,24209
SZ,300140,0.19,16529,16549
SH,603009,-0.62,16519,16519
SH,600763,-1.59,16505,16505
SZ,300364,1.3,16497,18198
SH,688368,2.53,16491,27169
SZ,000528,-0.36,16484,16506
SH,600867,-1.86,16471,16471
SZ,000970,-0.36,16461,16461
SH,603025,-2.23,16460,16571
SH,601333,0.34,16448,20613
SZ,301093,0.27,16446,17225
SH,688046,-1.22,16407,16407
SZ,301319,3.63,16405,21767
SH,688615,-0.61,16402,23753
SZ,000537,-0.86,16384,16384
SZ,002326,2.96,16365,18651
SZ,300779,-5.86,16359,21409
SZ,300602,5.27,16344,23892
SZ,002290,4.05,16324,16375
SH,600739,0.47,16319,16319
SZ,000506,-0.44,16308,16314
SH,688661,2.21,16250,16250
SZ,000050,0.76,16246,16247
SZ,002171,2.34,16234,16327
SH,603997,3.32,16221,16221
SH,688353,3.74,16220,16220
SH,600531,2.76,16216,16216
SZ,301626,20,16158,35523
SZ,301611,4.51,16136,47995
SH,601326,0.59,16128,18941
SZ,002312,2.03,16114,16140
SH,601519,0.37,16112,16112
SH,600888,-0.18,16074,16074
SZ,300319,-1.97,16055,16740
SH,603063,0.75,16039,16106
SH,688279,5.74,16037,19732
SH,688106,1.79,16028,16202
SZ,301316,0.2,16014,16519
SZ,000766,0,16007,16015
SZ,301005,2.09,15996,16329
SZ,000682,0.34,15980,15981
SZ,002827,2.01,15975,16035
SZ,301389,3.36,15964,15964
SZ,300723,-1.64,15963,17200
SZ,300735,0.67,15959,17048
SZ,002506,1.87,15897,15913
SH,605296,0.39,15892,16145
SZ,000898,1.02,15835,18645
SZ,002958,-0.67,15829,16167
SZ,300773,-0.12,15789,16691
SH,688625,3.93,15780,15780
SZ,002176,-1.27,15774,15797
SH,603355,0.84,15740,15740
SZ,300413,-1.08,15734,28809
SZ,300660,1.08,15708,15718
SZ,000723,-1.1,15691,15721
SH,603026,0,15689,15689
SZ,002896,2.76,15663,15663
SZ,001213,0.28,15644,15644
SZ,301047,0.5,15641,15910
SH,600528,0.29,15618,15618
SZ,300342,-0.47,15583,15756
SZ,002611,0.32,15571,18880
SH,600877,1.15,15559,15559
SH,600623,0.61,15552,17571
SZ,002969,1.36,15528,15610
SH,688779,2.03,15492,15492
SH,600151,0,15476,15476
SH,600928,0,15438,15511
SZ,002768,2.48,15418,26685
SZ,300655,2.92,15398,15469
SZ,002081,10.02,15389,15454
SZ,002158,2.34,15372,15405
SZ,002773,-1.18,15370,20619
SZ,300469,0.68,15361,15368
SZ,002405,0.31,15360,15453
SH,688222,-0.87,15346,15346
SZ,300002,-1.53,15345,16308
SH,601369,0.45,15322,15477
SH,600959,-0.64,15302,15302
SZ,000563,0.34,15240,15240
SZ,300201,1.34,15235,15317
SH,603118,10.02,15210,15210
SH,603317,0.28,15209,15209
SH,603662,1.35,15184,15184
SH,603738,2.53,15154,15154
SH,603456,-1.99,15139,15139
SH,601702,1.13,15128,15128
SH,600511,0.29,15106,20598
SH,600808,1.2,15039,19406
SH,600403,-0.46,15038,15038
SH,603203,2.17,15030,15204
SZ,300323,3.02,14989,20482
SH,600596,3.16,14981,14981
SZ,000534,5.38,14961,15169
SZ,301128,2.48,14942,16986
SH,603826,0.06,14931,14931
SH,600761,0.36,14892,14892
SH,600651,-0.49,14892,14892
SH,600750,-0.62,14878,15038
SH,601133,5.67,14856,14907
SZ,001696,3.29,14833,19053
SH,688535,5.08,14793,15872
SH,688158,1.04,14751,16581
SH,600201,-0.88,14750,14750
SZ,000927,1.25,14702,14702
SH,688686,3.33,14668,14668
SZ,002320,1.55,14644,14644
SH,601568,1.1,14618,14618
SH,603078,4.62,14596,14596
SZ,002508,-1.19,14582,14760
SZ,300671,2.88,14581,14620
SZ,300179,5.14,14544,18890
SH,688802,4.93,14542,314018
SZ,000620,2.64,14529,18261
SZ,000791,-1.05,14517,24329
SZ,001301,2.97,14497,20324
SZ,000778,0.54,14484,14743
SH,600872,0.05,14479,14541
SZ,001331,-1.56,14475,20724
SZ,002250,-2.05,14445,14524
SH,688260,-0.72,14437,14437
SZ,002975,4.29,14418,21704
SH,600162,-6.16,14414,14414
SZ,002048,1.09,14404,16520
SH,688401,3.12,14393,15288
SZ,001286,1.04,14378,39938
SZ,002645,-1.67,14366,15906
SH,688202,-1.69,14364,14364
SH,601019,-0.42,14358,14358
SH,688031,3.91,14352,14352
SZ,002568,-0.89,14343,19603
SZ,002410,-0.54,14319,15066
SZ,000539,-2.77,14310,29402
SH,688603,3.49,14296,14296
SH,600452,0.54,14274,14274
SH,600548,-0.59,14264,21115
SZ,000711,-4,14264,17688
SH,688028,3.13,14260,14260
SH,600490,1.71,14247,15822
SZ,301015,0.67,14227,14229
SZ,000973,-1.46,14225,34563
SH,600056,-0.62,14161,14166
SH,601886,6.3,14151,14151
SZ,300253,-1.28,14151,16796
SZ,000088,0.22,14138,23242
SH,600022,-0.74,14122,14122
SH,601965,1.95,14088,14147
SZ,000672,4.54,14076,14076
SH,605179,10,14075,14075
SH,601778,-1.04,14073,14073
SZ,300593,6.24,14035,16910
SH,601375,0,14031,18897
SH,600906,0.3,14020,21417
SZ,300975,2.23,13999,19545
SZ,001339,1.12,13980,28239
SH,601678,-3.24,13976,16477
SZ,002408,1.2,13976,14442
SH,600621,0.31,13951,13951
SH,600301,0.28,13929,32002
SH,601827,-0.94,13927,13927
SH,600409,2.28,13914,13914
SZ,002249,2.19,13904,18404
SH,600475,-1.92,13860,14053
SH,600744,-2.98,13852,13852
SH,600816,-1.93,13837,24906
SH,603505,-0.11,13812,13812
SZ,301095,6.32,13778,15948
SZ,300835,-1.18,13775,19654
SZ,000685,0.09,13762,16204
SH,600783,0.65,13756,13756
SH,603039,-0.41,13755,13755
SZ,000581,0.82,13735,16725
SH,688029,-1.55,13707,13707
SZ,300957,-1,13658,13733
SZ,000422,0.63,13651,13910
SH,688006,3.15,13637,13637
SH,600361,0.83,13624,13624
SZ,000680,1.47,13619,15541
SH,600675,1.35,13604,13604
SH,603305,0.77,13591,13591
SH,600710,-0.28,13590,13590
SZ,300455,0.89,13590,13803
SZ,300999,0.56,13588,135757
SH,600779,-2.13,13582,13582
SH,688516,3.75,13569,13569
SZ,002226,0.59,13562,13562
SZ,300184,1.98,13561,14811
SH,600933,0.95,13548,14225
SZ,001248,-0.61,13546,169851
SZ,002911,0.47,13545,13877
SH,600320,0.74,13539,21499
SH,688538,-0.41,13518,32452
SZ,002979,0.36,13510,19165
SZ,000612,1.53,13472,13472
SZ,300436,-1.03,13458,15677
SZ,002906,-2.69,13425,13433
SH,603031,2.25,13409,15945
SZ,301219,1.41,13408,18786
SZ,002167,1.2,13399,13681
SH,603613,-1.89,13395,13395
SH,603882,-3.38,13362,13453
SH,688088,-0.38,13351,13351
SH,603868,1.26,13347,13347
SH,605389,3.04,13341,14083
SZ,000089,0.31,13330,13330
SH,600416,0.78,13297,13297
SZ,301123,2.74,13286,18889
SH,688107,3.86,13264,13264
SH,600456,0.4,13230,13230
SZ,002153,-6.02,13214,22543
SZ,002946,-1.76,13212,13366
SH,688055,2.06,13200,13200
SZ,000070,0.46,13194,13373
SH,600258,-1.74,13187,13187
SZ,300409,0.75,13179,14808
SZ,000785,1.79,13176,14135
SZ,002151,1.92,13169,16146
SZ,002534,1.79,13132,13300
SH,605099,0.34,13125,13143
SZ,300166,-0.4,13124,16500
SH,600821,-3.74,13122,13122
SH,600064,0.66,13116,13116
SZ,001258,1.96,13085,13085
SZ,002010,0.64,13042,13074
SH,600575,0,13019,24009
SH,600155,0,13016,13016
SH,688258,0.1,13006,13006
SZ,300100,1.57,12997,13496
SZ,002507,-0.26,12981,13016
SZ,300457,0.25,12976,13187
SH,603707,-0.61,12974,12974
SH,600057,0.65,12953,17574
SZ,002643,0.49,12938,13134
SH,603698,1.09,12933,12933
SZ,000799,-2.97,12905,12906
SH,600764,0.83,12898,12898
SH,688383,4.78,12897,12897
SH,688100,-9.92,12882,12882
SH,603011,7.3,12865,12865
SH,600916,1.33,12818,12818
SZ,301275,0.43,12774,17935
SZ,003036,5.17,12769,12769
SH,600271,0,12766,12766
SH,600167,0.18,12762,12762
SZ,002655,3.32,12758,12804
SH,600529,0.63,12755,12755
SZ,002755,-0.21,12725,12725
SZ,002174,-1.36,12711,12718
SZ,002901,-1.89,12690,18217
SZ,002563,-0.51,12683,15437
SH,603989,-3.87,12645,12645
SH,688809,4.06,12644,63218
SH,688559,4,12641,12641
SZ,000048,0.76,12640,12661
SZ,002779,-0.38,12601,14045
SZ,301150,2.27,12600,13432
SZ,300229,-0.61,12598,12606
SH,600338,0.8,12598,12598
SH,600216,-0.67,12596,12732
SH,688321,-0.05,12573,13656
SZ,000815,-4.73,12563,12563
SH,603556,-0.3,12550,12550
SH,600211,-1.26,12532,12532
SZ,300034,3.68,12526,13014
SH,688382,2.42,12519,12519
SZ,000592,1.08,12506,12615
SZ,002745,0,12503,17439
SH,688508,10.96,12486,12486
SH,603991,3.4,12485,21294
SH,688059,0,12473,13328
SZ,301183,3.4,12467,17007
SZ,002091,0.91,12466,12664
SH,600589,0.72,12464,12490
SH,688105,-3.71,12428,12428
SH,600063,0.33,12415,12415
SH,600776,0.15,12399,16290
SZ,002929,0.39,12394,16389
SZ,002372,1.08,12378,13405
SZ,920808,1.91,12358,12690
SH,603515,-0.35,12350,12426
SZ,301238,0.96,12335,12335
SH,688020,3.19,12327,12327
SH,600572,1.04,12279,12312
SZ,301029,1.69,12277,17236
SH,605599,1.68,12266,12266
SZ,300357,-2.12,12253,13257
SH,603888,-0.29,12246,12246
SH,600116,-0.3,12238,12238
SH,688567,0.2,12233,12233
SZ,002936,-1.13,12231,15820
SH,600850,0.27,12219,12219
SH,605118,1.91,12205,12276
SZ,000681,-0.05,12197,12638
SH,600827,0,12194,13560
SH,605507,0.32,12189,12189
SZ,000762,-0.5,12182,12182
SH,688116,1.94,12162,12162
SH,600755,0.53,12153,12184
SZ,300726,1.54,12150,23335
SZ,002701,-0.41,12147,12159
SZ,000069,-0.55,12142,14146
SH,603267,0.38,12129,12129
SZ,300769,1.07,12120,13488
SZ,301666,4.59,12118,199351
SZ,002792,-1.37,12108,18774
SZ,000758,1.67,12095,12137
SZ,300693,-1.09,12087,14023
SZ,300607,0.28,12082,17076
SZ,002440,2.91,12047,14309
SZ,301071,6.01,12044,16384
SH,688485,10.93,12020,12020
SZ,002400,-2.92,11997,12116
SZ,003018,2.68,11986,13227
SZ,002947,1.89,11983,15456
SZ,300302,6.18,11983,15571
SZ,002416,-0.6,11982,12133
SZ,002617,1.43,11979,12181
SH,688662,5.89,11952,11952
SZ,000553,1.86,11952,12791
SZ,300459,-1.35,11933,12762
SH,600702,-3.22,11927,11932
SZ,002654,1.66,11926,11927
SZ,000567,0.82,11925,11962
SH,688660,1.02,11920,11920
SZ,002268,-0.63,11901,11907
SZ,000901,1.29,11901,11901
SH,603757,4.13,11889,11889
SZ,301127,19.97,11871,12228
SZ,002183,0.88,11868,11868
SZ,300133,-0.82,11865,13367
SH,688090,4.51,11853,11853
SZ,300070,-0.28,11850,12504
SH,601107,-0.35,11830,16728
SH,603297,0.7,11828,11828
SZ,002647,1.31,11798,13134
SZ,002258,8.69,11795,11814
SZ,000801,2.11,11785,11789
SH,601992,1.44,11751,15056
SZ,002287,0,11750,11774
SZ,300827,0.71,11747,14981
SZ,002668,9.96,11730,11730
SH,601952,5.32,11727,11727
SH,600315,0.46,11724,11724
SZ,300761,0.44,11710,15556
SZ,002847,0.73,11709,12974
SZ,002607,0.48,11697,13013
SZ,301293,-1.64,11675,11675
SZ,301080,2,11670,15428
SH,600420,-0.33,11668,11668
SZ,002531,-0.14,11668,11734
SH,603185,1.06,11666,11735
SH,601339,0.78,11652,11652
SH,600864,4.28,11651,11651
SH,601512,-0.12,11646,11646
SZ,300775,1.34,11632,11980
SZ,002246,0.52,11629,11629
SZ,002031,2.19,11616,13350
SH,688182,2.04,11612,11612
SZ,002544,0.59,11609,11610
SH,688306,4.19,11607,11607
SZ,002096,1.08,11598,11598
SH,600619,3.02,11561,15724
SZ,000156,-0.28,11559,12600
SH,603713,1.02,11527,11527
SZ,300182,0,11523,13586
SZ,300331,2.82,11502,13445
SH,605060,10,11481,11563
SH,688319,-0.94,11461,11461
SZ,002838,9.99,11437,13008
SH,688663,1.35,11434,11434
SZ,300951,-0.37,11418,12776
SZ,301338,4.16,11409,15659
SH,688016,-0.31,11409,11409
SZ,301021,1.98,11391,11404
SZ,300077,1.98,11372,13617
SH,601222,1.09,11370,11370
SH,603601,1.43,11366,11366
SH,601068,2.07,11365,13262
SZ,002297,4.54,11359,11359
SH,600461,-0.44,11352,11352
SZ,301188,2.27,11344,11344
SZ,002597,1.68,11334,11355
SH,688153,2.35,11311,11640
SZ,300601,-1.25,11282,13995
SZ,300204,-0.67,11278,13458
SZ,300863,2.3,11278,11740
SZ,301039,-0.38,11271,14543
SZ,002366,0.83,11250,12652
SZ,002897,1.62,11241,11817
SZ,920045,7.8,11239,38011
SH,600058,-2.95,11234,11234
SZ,002413,0.35,11231,11439
SH,600395,0.97,11227,11227
SH,600635,0.43,11223,13699
SH,601882,5.86,11218,11218
SH,603281,2.37,11203,11203
SH,600268,1.75,11201,11202
SZ,002024,0.83,11196,11210
SH,603303,2.27,11184,11184
SH,603927,-0.65,11177,11177
SZ,300146,-1.57,11175,16866
SZ,300573,-0.79,11171,14576
SZ,002741,1.64,11168,12170
SZ,300428,0.21,11165,12827
SH,688063,1.45,11164,11164
SZ,300468,-0.84,11158,11175
SH,688138,3.48,11144,11144
SH,600859,0.61,11137,11138
SH,603052,2.48,11116,11116
SZ,300065,0.89,11108,12201
SZ,002539,1.88,11105,15072
SZ,002348,-1.83,11095,12196
SZ,920116,3.57,11086,11086
SZ,300376,0.85,11079,11082
SH,603983,-1.98,11068,11068
SH,603328,2.69,11063,11063
SZ,000099,1.13,11062,11062
SH,600367,2.14,11060,11718
SH,603040,-0.22,11053,11111
SZ,001280,-0.83,11037,131392
SZ,002083,-1.09,11034,11038
SZ,000839,-1.39,11015,11015
SH,603220,0.93,11011,11011
SZ,300674,-0.69,11002,11018
SH,600285,-1.41,11001,11013
SZ,000700,0.84,10998,10998
SZ,002217,-0.65,10992,11294
SZ,000998,4.24,10988,12285
SZ,002338,1.98,10987,10987
SH,688198,-2.05,10977,10977
SZ,000035,0.64,10964,11319
SH,603936,10,10956,11216
SZ,300139,1.47,10938,12826
SH,688359,3.28,10933,10933
SH,600184,2.74,10926,10926
SZ,300026,0.55,10925,10935
SZ,002254,0.71,10921,10934
SZ,002385,2.34,10911,13098
SZ,300304,1.68,10887,11188
SZ,300009,-1.22,10875,14769
SH,601619,2.08,10870,12979
SZ,301207,-0.27,10848,10855
SZ,300363,0,10838,11885
SH,603099,-0.52,10834,10834
SZ,300725,-2.49,10825,12485
SZ,000837,1.7,10820,10989
SH,600612,0.8,10813,17838
SZ,000810,0.83,10806,11191
SZ,002967,2,10797,11436
SZ,002051,-0.33,10780,10781
SZ,002011,0.4,10743,10874
SH,688035,14.93,10739,10739
SZ,002842,0.65,10733,13080
SZ,000410,1.49,10722,14411
SH,688275,1.81,10720,10720
SH,603093,2.19,10717,12613
SH,600248,1.4,10710,10733
SZ,002373,0,10704,12278
SH,600006,0.56,10700,10700
SZ,002182,0.24,10698,12259
SH,600123,0,10696,10696
SZ,301031,2.43,10687,13594
SZ,002583,0.36,10672,15131
SZ,002289,4.69,10667,10893
SZ,300913,3.18,10662,12786
SH,600882,-1.22,10637,10637
SH,688068,-1.17,10633,10633
SZ,300315,-0.23,10623,11318
SZ,300638,0,10620,18003
SZ,300224,0.7,10617,10657
SH,600908,-0.37,10616,11654
SZ,301382,0.36,10615,12826
SH,600391,2.82,10604,10604
SH,603341,-0.37,10603,20721
SZ,002310,-1.62,10602,14458
SZ,000767,-4.2,10601,11200
SZ,300777,1.44,10592,10808
SH,600773,-0.88,10591,10591
SH,688698,1.76,10575,10575
SZ,000949,1.27,10568,10571
SH,600198,3.44,10559,10572
SZ,002139,0.31,10550,12281
SZ,300185,0,10539,11059
SZ,301267,-1.15,10537,13650
SZ,300382,0.87,10535,10536
SH,601801,-0.54,10534,10534
SZ,300008,1.91,10526,11042
SZ,000510,2,10525,11252
SH,600376,2.26,10525,10525
SZ,000028,-0.44,10517,12244
SZ,002931,1.27,10510,11336
SH,688125,4,10506,10534
SZ,002807,-0.25,10490,10505
SH,603693,-0.58,10475,10475
SH,600480,0.82,10470,10548
SZ,002922,5.03,10469,11735
SH,603538,2.81,10465,10558
SH,688371,-1.01,10460,10460
SH,600360,4.11,10448,10448
SZ,000061,3.19,10443,11552
SH,601900,0.08,10443,10443
SZ,301510,2.93,10428,11097
SZ,002276,0.58,10423,10465
SH,601163,0.15,10416,10416
SZ,000555,-0.36,10409,10421
SZ,300005,-1.24,10387,10472
SH,603619,0.45,10370,10370
SZ,300580,0.5,10369,11021
SZ,300049,-1.37,10367,11716
SZ,001399,1.6,10364,178294
SH,688797,2.07,10344,55027
SZ,002204,0.19,10333,10333
SZ,000950,-4.12,10328,10328
SZ,002865,2.71,10320,14371
SH,600759,-0.79,10318,10331
SZ,002815,1.77,10305,16365
SH,600446,0.18,10288,10288
SH,600509,-0.26,10280,10280
SZ,300244,-1.48,10255,12781
SH,688584,4.59,10244,19969
SZ,000403,-0.17,10235,10340
SH,603859,0.02,10228,11135
SZ,002181,-0.1,10222,10461
SZ,002565,1.16,10207,10208
SH,603235,0,10205,10205
SZ,000690,0.21,10198,10205
SH,688231,6.33,10198,10198
SZ,300353,0,10196,11609
SH,600648,0.22,10194,12185
SZ,002832,0.27,10183,14924
SH,688160,1.81,10180,10180
SZ,000917,-7.11,10177,10178
SZ,300263,1.76,10175,10795
SH,600345,1.24,10165,15838
SZ,301196,7.1,10161,15479
SZ,000828,-0.09,10156,10156
SH,603218,0.41,10156,10165
SH,688677,13.21,10151,10151
SZ,002003,0.61,10139,11794
SZ,002169,0.83,10121,10441
SH,600458,0.17,10117,11085
SZ,002020,-0.63,10107,12020
SH,605006,2.32,10105,10105
SZ,000727,0.9,10101,10101
SZ,000899,-0.18,10098,10098
SZ,002439,-0.49,10091,16778
SH,600645,-3.44,10085,10089
SH,688209,5.59,10081,10081
SH,605318,2.28,10080,10080
SH,688376,6.72,10072,10072
SH,601005,0.83,10060,11627
SZ,301091,0.37,10045,10045
SH,688543,0.63,10027,10027
SZ,002549,0.77,10025,10069
SH,603883,-2.71,10025,10025
SH,603393,-1.41,10017,10017
SZ,002043,-0.39,10013,10289
SZ,002984,0.65,10002,14518
SH,688726,2.73,9998,18426
SH,600993,-0.98,9945,9962
SH,600971,-0.95,9936,9936
SH,600383,0,9932,9932
SH,600728,-0.2,9917,9917
SH,603300,-0.59,9916,9916
SH,600326,-0.4,9905,9905
SZ,002387,0.14,9904,9917
SZ,300596,0.75,9899,9899
SZ,300007,1.66,9883,11438
SZ,300377,0.56,9873,10732
SH,601949,0.19,9863,9863
SZ,301357,1.54,9859,9859
SZ,300790,9.67,9849,11209
SH,603992,-0.08,9849,9849
SZ,002361,2.01,9838,11565
SZ,000006,-3.18,9828,9828
SH,688611,1.59,9825,9825
SZ,000923,8.12,9783,10170
SH,600718,-0.11,9775,9775
SZ,300618,0.62,9772,11106
SZ,002580,-3.04,9771,9804
SZ,002759,-0.04,9768,9777
SZ,300303,0.96,9766,10414
SZ,301087,0.36,9764,11873
SH,688262,2.98,9761,9761
SZ,300378,0.08,9759,9833
SH,600662,0.23,9745,9773
SH,603027,0.14,9741,9741
SZ,300486,0.89,9736,9739
SZ,300480,1.98,9729,13332
SZ,002980,0.94,9720,18082
SZ,300687,-2.25,9717,11815
SZ,002675,-0.75,9716,10777
SH,688032,0.58,9705,9705
SH,600037,-0.42,9701,9701
SZ,300855,5.41,9697,13092
SZ,000065,1,9692,10569
SH,600033,1.15,9688,9688
SH,605123,2.32,9685,9685
SZ,301090,1.54,9679,9689
SZ,002063,0,9677,10478
SZ,002283,6.28,9677,10996
SH,600666,-0.25,9658,10620
SZ,002891,0,9657,9657
SZ,300277,2.6,9652,19124
SH,600163,0.2,9648,9648
SH,600507,-0.47,9646,9646
SH,688697,3.51,9642,9642
SH,600072,1.37,9642,13356
SH,605168,2.72,9639,9639
SZ,002993,3.54,9628,11146
SH,603103,-0.78,9614,9614
SZ,002100,0.43,9611,9611
SZ,300118,1.37,9611,11822
SH,688351,-0.67,9610,9610
SZ,002978,-0.18,9598,12267
SZ,002557,0.26,9591,9621
SZ,000833,2.77,9587,16948
SZ,002062,4.16,9571,10529
SZ,000656,-0.78,9560,13342
SZ,002626,-2.66,9557,9558
SZ,002585,-1,9542,12281
SH,600373,0,9539,9539
SZ,000552,0,9501,13647
SZ,000795,0.12,9499,9499
SH,603319,1.82,9496,9496
SH,688669,3.13,9489,9489
SH,603360,-0.14,9485,9485
SH,601003,-0.26,9482,9747
SZ,301216,3.75,9482,10101
SZ,000049,-0.8,9460,9462
SZ,002426,-0.7,9459,9459
SH,600363,3,9455,9455
SH,601811,0.08,9439,14707
SZ,300415,0.43,9433,9755
SZ,300113,-1.79,9427,12486
SZ,300624,0.29,9421,10637
SZ,002119,3.68,9420,9420
SZ,000516,-0.69,9415,9560
SH,688227,1.43,9404,9404
SH,688552,-0.24,9396,9396
SZ,000401,0.28,9394,9482
SZ,002705,0.43,9385,9434
SH,601200,0.29,9383,9383
SH,688289,-1.15,9380,9380
SH,600129,-0.11,9374,9374
SH,601038,1.1,9373,14394
SH,603327,-1.31,9357,9357
SZ,301177,1.97,9332,9338
SZ,002458,-0.91,9326,13811
SH,603057,-0.82,9324,9394
SH,600649,0.27,9319,9319
SZ,000420,0.53,9316,9319
SZ,301381,1.42,9304,9313
SH,688190,0.7,9301,9301
SH,600757,-0.25,9295,9297
SH,603890,-5.83,9294,9294
SH,600597,1.05,9291,9291
SH,603626,0.72,9272,9272
SZ,000031,0,9258,9258
SH,688456,3.1,9248,9248
SH,688305,7.65,9244,9268
SZ,000823,1.5,9239,9240
SZ,300634,-2.87,9224,9584
SH,600740,0.28,9224,9224
SH,603583,-1.1,9224,9308
SH,603599,1.71,9203,9203
SH,688261,5.52,9193,9234
SH,605255,0.32,9190,9190
SH,603995,2.02,9188,9188
SZ,002208,1.42,9187,9190
SH,688165,1.85,9178,9178
SZ,002346,4.79,9175,10333
SH,601311,0.91,9151,9151
SH,688128,2.03,9150,9150
SZ,001914,-0.33,9146,9146
SZ,000536,0.91,9146,9156
SZ,301078,0.7,9136,9156
SH,600328,0,9135,9135
SZ,002061,0.57,9123,9277
SH,688139,-0.16,9112,9112
SH,600133,1.19,9095,9095
SH,600307,0.69,9082,9082
SZ,000593,1.24,9080,9084
SZ,300188,-1.2,9077,9119
SZ,920186,4.11,9072,17345
SH,603163,4.27,9060,9060
SZ,002293,-1.44,9058,9134
SZ,002961,0.48,9057,9057
SH,688239,3.65,9051,9051
SZ,301717,-3.56,9041,52837
SH,600481,0.92,9021,9021
SH,688710,4.12,9018,14018
SZ,002706,-1.59,9013,11063
SH,688327,0.84,9008,11221
SH,688325,1.53,9003,9472
SH,688083,0.11,9001,9001
SH,688161,-1.09,9000,9000
SZ,301345,0.8,8989,27982
SZ,002190,-0.62,8986,8986
SZ,301363,-0.68,8984,13699
SH,601528,-0.4,8982,9497
SZ,002511,1,8982,9096
SH,688612,6.35,8979,14663
SZ,002115,-1.06,8978,9685
SZ,300420,-0.86,8953,8953
SZ,300072,3.78,8952,9023
SH,603100,-0.27,8952,8981
SH,601860,0,8950,9226
SZ,001227,0,8941,12075
SZ,300846,-1,8935,10827
SH,688112,6.55,8931,8931
SH,600273,0.59,8917,8917
SZ,300042,4.07,8913,8914
SZ,002243,-1.45,8911,8958
SZ,000930,3,8910,8911
SZ,300938,0.97,8899,10253
SZ,001308,-0.04,8897,12857
SH,688177,-1.82,8894,8894
SZ,002368,0.14,8882,8925
SH,688076,-0.77,8877,8877
SZ,000600,-1.08,8873,14678
SZ,002345,-0.19,8872,9089
SZ,300483,0.66,8867,8873
SH,603915,1.81,8865,9016
SZ,002579,2.08,8856,9300
SZ,002019,-1.03,8846,12772
SH,600556,-0.6,8840,8840
SZ,002170,0.63,8835,10868
SZ,002515,6.52,8826,9697
SH,600266,-2.29,8822,8822
SH,688783,4.17,8809,132278
SZ,000818,-0.51,8807,8831
SH,600269,0.27,8804,8804
SH,688179,0.21,8797,8797
SH,603169,0.3,8791,8791
SZ,301086,3.77,8790,15859
SH,688486,5.89,8771,8772
SH,601579,-2.08,8769,8769
SZ,002392,1.47,8763,9012
SH,600094,-2.13,8760,9579
SH,605319,2.69,8759,8808
SH,600185,0,8746,8746
SZ,002985,1.03,8743,8768
SH,600508,0.23,8742,8742
SH,688381,4.9,8739,8739
SZ,300740,-0.18,8728,9388
SH,688758,-0.6,8713,12169
SH,605298,-0.52,8713,8788
SZ,002173,-2.81,8708,9130
SH,600997,0,8701,8701
SZ,000676,-6.1,8700,8705
SH,688252,5.72,8696,8696
SH,600545,9.95,8689,8689
SH,688605,2.56,8679,16211
SH,688513,-1.04,8678,8678
SZ,301013,-1.7,8677,10717
SH,688428,-0.37,8676,56258
SH,600812,0,8647,8647
SH,600929,1.93,8643,8643
SH,603608,5.62,8632,8632
SH,688416,6.33,8630,8630
SH,601890,-2.06,8625,8625
SZ,000859,-0.4,8610,8610
SZ,300766,-1.51,8594,9478
SH,600973,1.13,8585,8585
SZ,301606,0.85,8580,21575
SH,600399,2.59,8579,8579
SH,688091,1.04,8575,8601
SZ,000980,0,8572,8572
SH,688586,2.46,8570,8570
SZ,300497,2.01,8564,10110
SZ,300516,4.17,8563,8563
SH,605488,3.65,8553,9297
SH,688337,3.51,8552,10059
SH,603809,-1.27,8549,8549
SH,600640,-3.04,8549,8549
SZ,002053,0.32,8544,8544
SZ,002233,1.53,8544,8548
SH,603496,-2.08,8534,8534
SZ,000761,1.32,8529,9449
SZ,300401,-0.24,8518,8657
SZ,002703,-0.61,8515,11953
SZ,002004,-1.3,8513,8949
SZ,300842,4.16,8496,9559
SH,600782,-0.36,8493,8597
SZ,300101,0.94,8490,8519
SZ,300772,0.83,8486,9568
SH,600996,-1.72,8478,8478
SH,605100,2.77,8474,8514
SZ,300053,1.4,8461,9059
SZ,301109,0.3,8428,10653
SZ,002251,1.61,8423,10190
SH,603013,1.1,8421,8421
SH,688628,7.2,8416,8416
SZ,002718,-0.86,8416,11592
SZ,300322,0.21,8408,8782
SH,600020,-0.26,8405,8405
SH,603612,1.02,8403,8403
SZ,003009,1.98,8397,8399
SZ,000550,0.56,8389,13967
SH,600936,-6.33,8389,8389
SZ,000026,9.99,8389,9337
SZ,300130,0.31,8388,10960
SZ,301189,6.59,8384,8686
SH,601089,-4,8381,8381
SH,601929,-0.4,8375,8375
SH,605016,0.71,8371,8371
SH,600478,0.82,8368,8368
SZ,002332,0,8359,8398
SH,688253,-8.88,8355,8355
SH,688789,-0.78,8351,8351
SZ,300145,0.69,8350,8391
SH,603227,2.23,8348,8348
SH,605116,-1.33,8347,8347
SH,603919,-1.49,8344,8344
SZ,002674,-3.7,8344,8429
SH,605222,1.05,8324,8324
SH,600567,0.75,8315,8315
SZ,300576,1.9,8314,13209
SH,600683,-3.77,8297,8297
SZ,300741,1.36,8290,8290
SZ,000533,4.4,8280,8352
SH,603399,-3.4,8279,8279
SZ,300862,15.46,8270,10080
SZ,000848,-1.67,8267,8344
SZ,300529,-0.55,8260,12874
SZ,301489,-0.92,8259,13803
SH,600686,-0.77,8253,8253
SZ,002219,-0.39,8245,8699
SH,600751,-0.3,8234,9278
SH,603508,0.37,8228,8228
SZ,301176,1.91,8224,8475
SZ,000751,2.21,8224,8224
SH,601700,10.06,8222,8222
SH,688011,2.78,8221,8249
SZ,300895,3.59,8217,8373
SH,688221,-0.17,8215,8215
SZ,002150,3.86,8195,8249
SH,605305,1.26,8186,8186
SH,600017,0,8181,8181
SZ,002239,0.81,8165,8784
SZ,000712,-2.35,8160,8163
SZ,300939,1.95,8160,8160
SZ,300499,1.04,8159,9176
SZ,002928,-0.3,8155,8155
SZ,002039,-0.2,8149,8149
SZ,301571,-0.12,8147,12267
SZ,002075,0.82,8139,8139
SH,600722,6.03,8137,8137
SZ,000885,-0.07,8129,8129
SH,603219,-0.27,8123,8123
SZ,300850,0,8121,11180
SH,603687,3.72,8118,8118
SH,601718,0.54,8112,8112
SZ,002639,1.07,8107,9573
SH,600389,1.46,8105,8105
SH,600639,0.85,8094,10685
SH,603680,1.38,8080,8080
SZ,002125,1.5,8077,8077
SZ,002216,-1.75,8077,11262
SZ,002030,-0.34,8070,8070
SH,600935,1.77,8067,8268
SZ,002277,0,8058,8058
SZ,301369,3.44,8056,15026
SZ,000719,-0.07,8052,12350
SZ,002079,2.48,8038,9003
SH,605008,0.97,8036,8036
SZ,300327,2.42,8024,8084
SH,603055,0.67,8014,8030
SH,688050,-2.55,8010,8010
SZ,300440,-8.67,8008,8038
SH,603985,0.17,7988,7988
SH,688515,3.46,7982,12817
SH,688439,1.27,7978,7978
SZ,002960,0.37,7970,8672
SZ,003013,5.38,7965,9118
SZ,002350,0.47,7964,8140
SZ,300035,0.44,7963,9356
SZ,002221,0.55,7962,8590
SZ,301326,4.7,7955,8025
SZ,002017,0.22,7953,7958
SZ,300527,0.39,7951,7951
SZ,002041,6.74,7946,7946
SZ,002761,1.95,7930,9711
SH,603033,-0.5,7928,8074
SZ,002097,0.82,7916,7931
SZ,300641,2.8,7915,7915
SZ,002448,10.01,7912,8020
SZ,002782,1.64,7912,8007
SH,688328,0.94,7906,7906
SZ,300171,-2.96,7905,10760
SH,688108,-1.4,7895,7895
SZ,002309,0.61,7892,9865
SZ,002516,2.08,7887,7943
SZ,002434,1.86,7881,7889
SH,603931,0.36,7881,7881
SZ,002023,1.23,7878,7949
SH,605333,0.77,7861,7861
SZ,300416,3.67,7855,7908
SH,603181,3.09,7853,7853
SZ,000869,0.06,7846,11331
SZ,002488,0.83,7839,8481
SH,601828,0.93,7839,9448
SZ,301327,0.52,7826,7826
SZ,300834,3.54,7801,7871
SZ,300031,-0.17,7798,9279
SH,688480,1.84,7796,7796
SZ,002941,0.38,7786,7786
SZ,300294,-1.14,7781,7781
SZ,002737,-1.4,7779,7779
SH,688293,0.02,7777,9439
SZ,002471,0.7,7769,7911
SZ,002267,0,7762,7762
SZ,002446,0.44,7757,8376
SH,688798,3.16,7755,13319
SH,603459,0.71,7749,73883
SH,688062,-1.08,7743,15024
SZ,300868,3.97,7736,12182
SZ,300985,-1.37,7735,7735
SH,605133,4.51,7719,7805
SH,688191,-0.87,7718,7718
SH,603053,-1.02,7707,7707
SH,605128,0.45,7705,7705
SH,688678,0.31,7703,7703
SH,688622,0,7698,7698
SH,600746,2.01,7696,7696
SH,600251,1.43,7692,7692
SH,600611,-3.14,7692,11631
SZ,000628,0.78,7678,14070
SH,603223,0.56,7665,7665
SZ,300770,0.09,7662,7662
SH,688277,-0.84,7654,7654
SH,601686,0.98,7648,7648
SH,600789,-0.52,7648,7912
SZ,300595,-0.77,7648,10231
SH,601595,-2,7646,7646
SH,688103,5.25,7645,7645
SH,603045,5.3,7643,7643
SH,603269,-0.1,7637,7637
SH,600618,0.99,7633,11772
SH,603043,-0.5,7632,7698
SZ,300153,6.73,7621,7661
SH,603580,10,7605,7605
SH,600502,0.45,7604,7604
SZ,301487,1.22,7602,7602
SH,600587,-1.48,7601,7601
SH,600075,0.68,7600,7600
SH,688093,1.38,7598,7598
SZ,002212,-2.25,7573,7655
SZ,002990,3.2,7557,14336
SH,688598,0.22,7553,7701
SZ,002386,0.87,7535,7537
SH,603211,2.4,7535,7535
SH,601908,0.97,7534,7534
SZ,002077,2.2,7533,7533
SZ,300986,0.69,7525,7530
SH,688312,3.6,7524,7524
SH,600590,3.6,7516,7599
SH,603050,3.85,7514,7514
SZ,300168,-1.13,7513,7520
SH,600335,0.2,7512,7512
SH,600917,0.42,7509,7509
SH,600305,0.15,7500,7512
SH,603477,1.17,7493,7683
SH,603977,1.01,7480,7480
SZ,300861,2.67,7475,11905
SH,688073,-1.57,7454,7454
SH,600252,1.74,7451,7451
SH,605007,2.08,7451,7469
SZ,300180,0.69,7450,7661
SZ,000012,0.53,7445,11561
SZ,002533,0.88,7444,8455
SZ,300482,-1.13,7440,8098
SH,601388,2.74,7440,7440
SZ,300174,-0.91,7439,7481
SZ,002106,0.96,7437,7446
SZ,002885,0.77,7433,8488
SZ,002275,0.08,7432,7838
SH,688699,0.31,7430,7430
SH,603466,-0.63,7429,7429
SH,600861,0.46,7422,7422
SH,688049,2.06,7410,7410
SH,688488,-3.08,7402,7402
SZ,000813,0.57,7402,7403
SH,688326,-0.68,7392,7942
SH,600117,1.34,7389,7389
SZ,300685,-2.91,7386,7396
SZ,000402,-0.79,7382,7383
SZ,002588,1.54,7376,9895
SZ,002971,1.46,7376,9649
SH,600078,1.92,7374,7565
SH,600797,-1.64,7367,7367
SZ,301373,-0.31,7367,11472
SH,688176,-0.84,7364,7364
SZ,002631,1.31,7356,7391
SZ,002951,1.05,7353,7388
SZ,002796,1.83,7353,8149
SZ,301069,2.2,7349,7804
SZ,301263,-2.41,7341,10289
SH,600059,-1.82,7338,7338
SZ,003039,0.59,7336,7336
SZ,300520,1.21,7329,7584
SH,600724,0.8,7326,7327
SH,600903,0,7321,7321
SZ,301191,2.93,7320,9709
SZ,002324,1.4,7313,10478
SH,603166,0.8,7311,7367
SH,600657,0,7301,7301
SH,603277,5.56,7299,7322
SZ,000650,0.37,7296,7672
SZ,300852,3.7,7295,7557
SZ,000059,-0.21,7293,7293
SZ,002036,-1.28,7293,7308
SZ,001298,0.56,7293,7742
SZ,300910,-2.19,7289,10407
SZ,001232,2.15,7282,91517
SZ,300400,-0.26,7278,7302
SZ,300739,2.48,7271,8963
SH,600400,0.96,7264,7264
SZ,300337,1.19,7264,8392
SZ,002733,0.87,7263,7565
SZ,300191,2.53,7262,10506
SZ,301328,2.57,7259,10044
SH,688352,5.2,7259,23565
SH,688610,11.64,7257,12056
SH,603311,2.13,7246,7246
SZ,002034,0.86,7245,7275
SH,600866,1.4,7244,7244
SH,600557,-1.15,7241,7241
SZ,002215,1.13,7240,8998
SZ,002110,0.34,7239,7239
SH,688550,2.62,7236,7236
SZ,301228,-1.6,7236,7270
SZ,300976,3.43,7232,11243
SZ,300298,-1.58,7231,8987
SH,688556,2.59,7228,7228
SZ,300109,1.23,7214,8041
SZ,002006,0.58,7213,7213
SH,688478,3.99,7212,7212
SZ,002108,0.46,7202,7204
SZ,000551,5.32,7193,7198
SZ,000498,0.81,7189,7700
SZ,000928,0.8,7187,7188
SZ,301392,4.24,7187,17616
SZ,000030,1.42,7185,7395
SZ,300098,0.43,7185,8098
SZ,002721,0.75,7180,7180
SH,688087,2.09,7180,7446
SH,600748,1.04,7175,7175
SZ,002121,1.4,7171,8497
SH,688818,1.79,7171,87697
SH,603279,1.06,7170,7170
SZ,301232,0.94,7156,12036
SZ,000544,0.55,7144,7144
SH,600525,6.71,7135,7135
SH,600815,1.01,7132,7132
SZ,002955,4.33,7118,8609
SZ,002256,-1.93,7111,7203
SZ,002935,1.42,7106,7222
SZ,920029,0.6,7100,7297
SZ,002242,2.64,7099,7111
SH,603299,1.68,7095,8679
SZ,002681,0.67,7093,8112
SZ,001314,1.42,7092,8152
SH,600125,0,7089,7089
SZ,000597,0,7088,7177
SZ,300997,1.87,7087,7812
SZ,300045,3.01,7079,9085
SZ,920982,-1.02,7074,14675
SZ,300492,1.78,7073,7073
SZ,300909,0.79,7070,9470
SH,605365,1.96,7058,7058
SZ,300080,1.62,7053,7063
SH,601096,0.94,7048,11476
SH,688518,1.62,7048,7048
SH,688563,0.39,7048,23367
SZ,300700,1.02,7048,7873
SZ,000503,-1.77,7040,7041
SH,603660,3.79,7035,7035
SH,600708,0,7032,7042
SH,600955,1.67,7024,7024
SH,603990,-1.62,7021,7021
SZ,000756,-1.67,7010,9788
SZ,300222,2.19,7004,8401
SH,601330,-0.13,7003,10129
SH,688418,-1.51,6986,6986
SZ,000755,2.37,6984,6984
SZ,300566,11.23,6984,8075
SH,600429,1.97,6979,7000
SH,600925,-0.45,6970,29898
SH,600713,0.19,6965,7064
SZ,002141,4.01,6962,6962
SZ,002093,-0.28,6962,6962
SH,688290,1.17,6956,6956
SH,603128,0.57,6951,6951
SH,603416,2.48,6928,7794
SH,605598,2.67,6924,6924
SZ,002421,-0.28,6923,7210
SZ,300540,1.15,6919,7617
SZ,002881,-0.52,6918,11418
SH,600770,1.53,6916,6916
SZ,301286,2.1,6914,17152
SZ,002546,2.14,6899,7181
SH,600810,1.59,6895,6958
SH,600828,1.02,6891,6893
SZ,301215,1.17,6890,6898
SZ,002785,1.92,6888,8068
SZ,300265,0.75,6888,6892
SZ,300731,2.66,6881,7251
SH,600676,-0.44,6881,6881
SZ,000631,-0.65,6877,6877
SH,688631,0.94,6874,6874
SH,600510,-0.14,6873,6873
SH,600169,0.49,6866,6866
SH,600874,0.9,6866,8763
SH,601015,-0.29,6863,6863
SZ,301607,0.76,6861,10583
SZ,002650,-1.11,6853,6853
SH,688577,1.62,6850,6850
SH,603229,-1.42,6850,6850
SZ,000595,0.67,6843,6843
SZ,300768,-1.45,6827,10449
SH,688079,4.01,6822,6941
SH,600682,-1,6821,7882
SZ,002840,3.26,6819,6867
SZ,002550,-0.68,6819,9151
SZ,002229,10.03,6815,6857
SH,600158,0.14,6813,6813
SH,605011,-0.05,6810,6810
SH,603010,5.95,6809,6979
SZ,002315,-2.26,6807,10677
SH,603065,1.18,6804,6804
SZ,300444,1.41,6789,8706
SH,600771,-1.27,6779,6779
SH,603778,1.05,6776,6957
SH,688230,4.63,6775,6775
SZ,300348,-0.21,6771,7531
SZ,000777,0.11,6771,6771
SH,688365,0.51,6769,6769
SH,600654,-0.33,6767,8309
SZ,002467,-3.5,6766,6808
SZ,002284,-1.59,6765,6829
SH,603367,-1.31,6764,6764
SH,688787,2.37,6758,6758
SZ,300143,-3.32,6758,7900
SH,600604,-1.63,6756,8992
SZ,300252,0.33,6755,8272
SZ,002537,0.52,6755,6774
SH,603866,0.72,6751,6751
SH,600987,-0.44,6748,6748
SZ,300341,-0.22,6746,6773
SZ,301050,0.91,6746,7920
SH,600195,0.3,6740,6740
SH,600962,-0.15,6739,6739
SZ,002438,3.09,6728,7283
SZ,000968,1.02,6714,6714
SZ,300819,2.3,6714,7433
SH,600468,0.49,6711,6711
SH,600780,0.34,6707,6707
SZ,003043,1.39,6706,10272
SZ,002943,1.72,6706,9475
SZ,002214,-1.95,6693,8375
SZ,002810,2.93,6692,7209
SH,603517,1.1,6690,6690
SZ,000058,0.89,6686,8360
SH,603071,0.25,6684,6684
SH,603861,1.94,6681,6832
SZ,002734,-0.7,6681,7295
SZ,002163,0.85,6677,7022
SZ,002664,1.53,6677,6764
SH,688788,1.3,6677,6677
SH,688635,5.72,6674,35209
SZ,002690,0.85,6671,13569
SH,600313,10,6666,7154
SH,600775,-0.89,6665,9065
SZ,300678,-0.08,6663,6781
SZ,300137,-2.85,6657,6739
SZ,000989,0.63,6657,8208
SZ,002057,1.15,6652,6657
SH,600829,-3.03,6651,6651
SH,688315,-1.35,6651,6651
SH,605178,2.7,6641,6641
SZ,000589,-0.22,6640,6684
SH,688185,3.07,6636,14333
SH,603887,-7.62,6628,6628
SZ,002970,0.02,6620,9634
SZ,301366,2.41,6616,11849
SH,600103,1.36,6615,6700
SZ,301529,0.74,6604,12303
SH,605098,2.27,6603,6603
SH,600966,1.02,6591,6591
SZ,301522,1.93,6587,8850
SZ,002042,-0.25,6582,6582
SH,603489,0.36,6581,6581
SZ,301339,1.32,6581,6661
SZ,300284,-1.07,6579,6933
SH,600422,-1.46,6578,6578
SZ,300192,-1.56,6577,6654
SH,600894,0.65,6577,6608
SH,688685,1.68,6573,6573
SZ,920394,1.59,6572,6621
SH,605188,1.49,6570,6570
SH,603897,-0.58,6567,6567
SH,601515,-0.28,6562,6562
SH,688276,-0.74,6556,6556
SH,600325,-0.82,6550,6550
SZ,300706,6.66,6549,8833
SZ,000008,0.84,6546,6546
SH,688115,1.04,6542,6542
SH,688307,6.37,6541,6541
SH,603155,1.85,6539,6539
SH,603200,0.11,6535,6535
SZ,002135,1.95,6535,6983
SH,603368,-2.13,6534,6534
SZ,301061,0.96,6533,9834
SZ,301678,2.42,6533,11262
SH,600488,1.7,6529,6529
SZ,301291,0.45,6526,12544
SZ,300134,0.71,6524,6524
SZ,300900,3.93,6517,8318
SZ,300493,1.02,6505,6581
SZ,300343,1,6490,6506
SZ,002635,2.95,6487,10819
SH,605366,0.96,6484,6484
SZ,002470,2.07,6473,6473
SH,688601,4.24,6469,6469
SZ,002140,2.12,6469,6478
SZ,300212,4.04,6468,6666
SZ,000735,9.98,6468,6472
SH,688708,0.87,6466,18142
SZ,300324,1.07,6464,6530
SH,600851,0.57,6459,10562
SZ,300435,1.8,6459,6754
SH,603068,2.68,6459,6459
SZ,301182,4.92,6448,7071
SZ,000090,-0.85,6446,6446
SH,688620,1.92,6441,6441
SH,603197,0.33,6440,6528
SZ,002965,2.08,6436,8970
SH,600496,0.31,6428,6428
SZ,002014,-0.92,6425,6529
SH,600368,1.27,6406,6406
SZ,300151,4.39,6404,9250
SZ,002708,4.74,6396,6959
SH,688757,3.74,6390,14221
SZ,300221,-0.42,6390,6552
SH,600501,1.7,6387,6387
SH,601500,1.26,6379,6379
SZ,300815,0.18,6379,6513
SZ,300197,-1.37,6375,6375
SH,603867,1.34,6374,6427
SZ,000572,1.31,6372,6381
SH,603363,1.37,6354,8084
SZ,300358,-1.3,6351,6443
SH,600108,4.15,6347,6347
SH,688135,3.89,6345,6345
SZ,002213,2.06,6344,7379
SZ,300119,-1.24,6342,8835
SZ,002009,0.96,6341,7204
SZ,300369,0.64,6332,6355
SZ,002678,0.65,6326,6330
SZ,301137,0.99,6325,6325
SZ,000905,1.91,6320,13140
SZ,300820,1.9,6308,12539
SH,688733,3.71,6305,6305
SZ,002132,2.27,6296,6307
SH,688553,-0.55,6292,7761
SZ,000524,0.54,6291,6293
SZ,002527,1.19,6288,7884
SH,605005,-1.68,6284,6284
SH,688366,-1.06,6283,7410
SZ,300709,4.41,6281,7824
SZ,002519,0.54,6280,6297
SZ,301261,1.8,6271,6324
SZ,300041,1.95,6266,6439
SZ,000670,10.07,6262,6378
SH,688767,0.19,6254,6254
SH,688505,2.68,6253,9122
SH,600643,-0.24,6250,6261
SZ,002870,0.31,6247,7355
SH,600310,-1.61,6244,6244
SZ,000908,1.73,6220,12440
SZ,002606,3.07,6215,6476
SH,688510,2.44,6215,6215
SH,600975,1.84,6211,6211
SH,600230,4.38,6209,6209
SZ,003010,-1.92,6208,8539
SZ,001212,1.42,6206,7174
SZ,300164,-0.64,6200,6255
SH,603595,0.3,6199,6199
SZ,301312,1.73,6199,12322
SZ,002052,-2.06,6198,6764
SZ,300617,2.72,6193,7387
SH,603108,-2.28,6179,6179
SZ,000541,2.24,6177,7710
SH,605288,-0.31,6173,6215
SZ,002272,0,6171,7331
SH,603969,-0.27,6165,6310
SZ,300969,2.04,6158,12911
SH,600769,-0.54,6157,6157
SH,603776,1.29,6154,6154
SH,600841,2.25,6154,8188
SH,688526,1.15,6153,6153
SH,603758,2.68,6146,6146
SZ,002452,3.49,6137,7351
SZ,000722,0.84,6136,7553
SH,600897,0.55,6133,6133
SH,603213,-0.71,6117,6117
SH,603383,1.02,6112,6112
SH,601121,6.56,6112,7520
SZ,301230,-2.71,6110,6793
SZ,300722,1.47,6108,6108
SZ,300307,-0.63,6106,6212
SH,605018,0.54,6101,6101
SH,605339,0.42,6101,6101
SH,688499,-0.87,6100,6100
SZ,300128,0.86,6098,6106
SZ,002123,-1.85,6096,6814
SZ,002538,-1.51,6090,6094
SZ,000957,-0.86,6089,6089
SH,600255,1.81,6087,6087
SH,688709,2.2,6082,17469
SZ,002210,1.33,6081,6094
SZ,300256,0.74,6080,6147
SZ,300393,1.76,6080,6930
SH,688689,2.82,6075,6075
SZ,002390,-0.62,6073,6123
SH,600617,0.88,6072,6598
SZ,002605,-0.54,6068,7491
SZ,300981,-0.44,6068,6622
SH,688799,2.78,6067,6067
SH,600203,-0.57,6066,6066
SZ,002104,-1.83,6063,7161
SZ,000915,0.39,6061,6064
SH,603877,1.9,6054,6062
SZ,301099,2.73,6053,9947
SZ,002082,-1.1,6053,6521
SZ,301333,0.58,6051,6059
SH,688323,4.1,6048,6048
SH,605056,1.28,6047,6137
SZ,300626,0.69,6041,6044
SZ,300360,0.92,6038,6206
SH,688717,1.28,6038,9754
SZ,002068,0.74,6034,6037
SH,600370,-0.65,6034,6034
SH,688658,-1.89,6030,6030
SH,605183,0.41,6026,6066
SH,600855,1.58,6023,6035
SH,688232,-0.57,6021,6021
SZ,300467,-7.69,6021,7187
SZ,300983,-0.37,6021,6808
SH,603567,-3.31,6012,6018
SH,600730,0.69,6007,6007
SZ,300226,0.06,6004,6246
SZ,000880,5.51,6003,12264
SZ,000881,0.76,5992,6268
SH,600433,2.09,5986,5986
SZ,300203,3.49,5985,5991
SZ,300990,2.6,5984,13175
SZ,002302,0.21,5984,5984
SZ,301307,3.57,5970,11558
SZ,000561,0.65,5969,6644
SZ,301282,15.32,5968,7130
SH,603135,1.17,5968,6013
SZ,002127,0,5964,7340
SZ,300534,4.39,5959,5985
SH,600586,1.2,5953,5953
SH,688117,-0.06,5951,5951
SZ,300063,-0.1,5946,7198
SH,688109,-0.11,5945,5945
SH,603012,-2.54,5941,5941
SZ,300708,-0.59,5937,7764
SH,603708,0.22,5937,5937
SZ,002232,-0.06,5936,5936
SH,688095,0.34,5936,5936
SH,600983,0.78,5932,5932
SZ,000025,1.28,5927,6505
SZ,002382,0.51,5927,5985
SZ,301000,0.82,5922,6273
SH,688656,0.08,5921,5921
SZ,301292,1.71,5916,15473
SH,688173,2.5,5911,5967
SZ,000913,0.71,5908,5980
SZ,300046,1.96,5906,5906
SH,605277,0.52,5902,6011
SZ,300127,0.47,5902,8263
SZ,300129,0.98,5901,9104
SZ,001330,-1.54,5896,6969
SZ,002685,0.69,5894,5895
SZ,300841,-0.75,5893,6299
SZ,300696,0,5892,6491
SH,600691,2.06,5891,5892
SZ,002029,2.43,5889,6239
SH,605555,2.36,5886,5886
SZ,300161,2.1,5885,5997
SZ,003041,-1.09,5881,6189
SH,688170,1.3,5879,5879
SH,603123,-2.38,5870,7189
SH,600963,1.21,5870,5870
SZ,002997,3.74,5865,5865
SZ,300465,1.77,5862,5862
SH,600106,0.23,5861,5861
SZ,300258,0.98,5858,6014
SZ,920599,0.36,5855,7724
SH,600234,-0.53,5854,5854
SH,688345,-0.58,5852,5880
SH,600592,0.27,5849,5849
SH,688219,1.62,5848,5848
SH,601199,-3.84,5845,5845
SH,688711,4.58,5844,5844
SZ,300079,0.66,5844,6503
SZ,301306,4.24,5843,8464
SH,600449,3.91,5839,5839
SZ,002803,0.72,5838,8984
SZ,002752,0.67,5834,5842
SZ,300756,-0.97,5833,6703
SH,601116,0.85,5833,5833
SZ,002067,0.23,5832,6430
SH,600477,0.41,5827,5827
SZ,000042,-0.22,5824,5831
SZ,002824,3.13,5822,8010
SH,688226,1.32,5814,6039
SH,688151,0.9,5812,5812
SH,600375,0.25,5807,6364
SZ,301566,-0.57,5801,10992
SZ,002349,-0.55,5789,5909
SH,688408,1.3,5788,5788
SZ,003033,10.01,5788,5860
SZ,301321,2.24,5787,7308
SZ,002988,-0.59,5785,5785
SH,600826,0.88,5779,5779
SZ,300075,-1.14,5778,6963
SZ,001236,0.66,5777,7679
SH,688562,0.42,5776,5776
SZ,301153,-0.39,5772,6189
SZ,000912,2.22,5770,5770
SZ,002695,1.9,5769,6312
SZ,301638,-0.89,5765,73259
SH,603507,-3.4,5761,5825
SH,600425,1.13,5761,5761
SZ,002164,-2.27,5757,6386
SZ,002101,0.58,5748,5753
SZ,002263,0.33,5748,5748
SH,688282,13.33,5747,5747
SZ,003006,1.75,5743,5757
SH,600288,-0.6,5740,5740
SH,603130,-0.63,5736,5736
SZ,002298,-0.33,5735,6424
SZ,300093,-3.27,5724,13381
SH,600054,-0.26,5718,8125
SZ,000608,-1.15,5717,5752
SZ,301101,0.72,5714,5933
SZ,000936,-7.45,5714,5715
SH,688575,-1.18,5714,5714
SZ,002992,2.96,5712,6613
SZ,301070,0.09,5708,8492
SH,603609,1.28,5704,5704
SZ,300048,1.82,5696,5707
SZ,300996,-0.86,5693,6764
SH,600223,-1.22,5693,5693
SH,600742,0.79,5692,5692
SZ,300214,2.51,5690,5690
SZ,002218,0.99,5689,5774
SZ,002073,0.72,5689,5747
SZ,002860,1.29,5682,5817
SZ,300689,4.79,5679,6453
SZ,001323,-2.51,5665,7918
SZ,300579,-0.63,5663,5870
SH,688448,2.44,5661,5661
SH,603366,-0.13,5659,5659
SH,601968,1.14,5652,5652
SH,600081,0,5646,5646
SZ,002787,6.11,5646,7565
SH,688334,1.01,5644,5724
SZ,000697,0.47,5643,12062
SZ,301155,-0.66,5639,9946
SZ,002907,10.03,5638,7011
SZ,000411,-1.18,5637,5648
SZ,002301,0.13,5636,5683
SH,603380,4.37,5633,5633
SZ,000517,0.89,5632,7196
SZ,301362,5.31,5631,20070
SH,603336,0.87,5631,5631
SH,603098,4.71,5630,5638
SZ,000036,-3.83,5626,5629
SZ,300047,-0.2,5626,6180
SZ,300470,0.32,5624,5926
SZ,301580,4.35,5615,8310
SZ,002956,0.62,5610,5610
SH,688228,4.11,5609,5609
SZ,300019,0.33,5607,5979
SH,688655,11.28,5604,5604
SZ,300159,2.01,5601,10003
SZ,300217,0.45,5599,6666
SZ,002805,0.6,5596,5621
SZ,300039,1.16,5593,6381
SH,600237,1.24,5590,5643
SZ,001313,1.52,5586,5593
SZ,300006,0,5585,5586
SZ,000900,0.55,5585,5586
SZ,300283,1.66,5584,7306
SH,603848,2.82,5573,5573
SZ,000948,-1.64,5569,5579
SZ,002134,0.67,5565,5568
SH,603333,-1.53,5563,5563
SZ,000920,0.26,5562,5563
SZ,000501,1.97,5562,5568
SZ,300905,3.5,5561,7145
SZ,002206,0.38,5560,6112
SZ,002376,3.23,5541,5706
SH,603587,0.34,5540,5540
SZ,300278,1.03,5539,5557
SZ,300293,1.3,5530,5530
SH,603353,2.66,5530,5530
SH,603855,0.55,5526,5559
SZ,001359,1.89,5524,22095
SH,603682,-1.26,5524,5524
SZ,300451,-0.81,5511,5592
SH,600982,-0.39,5510,5510
SZ,002274,2.44,5505,5590
SZ,300057,0.76,5501,6644
SZ,301301,-0.21,5499,19800
SZ,300158,-0.35,5493,5497
SH,603610,-0.12,5482,5482
SZ,300592,1.27,5482,6236
SZ,002279,-5.22,5481,5941
SZ,002196,0.63,5480,5564
SH,603686,0.23,5480,5480
SZ,300797,12.46,5477,5492
SH,603217,1.86,5477,5477
SH,605287,0.13,5477,5477
SH,600035,0,5474,5474
SH,600784,2.4,5473,5473
SH,600981,0,5472,5472
SZ,002882,4.28,5471,9597
SH,688181,-0.83,5469,5469
SH,688720,5.51,5463,8569
SZ,002047,-4.75,5458,5458
SZ,300227,-1.88,5458,7125
SH,600694,0.77,5451,5451
SH,688707,1.13,5449,5449
SH,603110,7.34,5447,5447
SZ,920368,1.8,5437,5715
SH,688796,-5.13,5434,62896
SZ,300587,-0.95,5431,6699
SH,688776,1.5,5429,5429
SH,600189,-0.52,5414,5414
SH,603790,9.99,5414,5414
SH,600278,1.45,5413,5413
SH,600292,-0.07,5412,58695
SZ,300918,1.71,5411,5411
SZ,002194,1.34,5410,7236
SH,601008,1.87,5409,5409
SZ,300926,2.49,5406,7879
SH,688320,1.88,5399,5399
SH,600743,2.68,5396,5396
SH,688237,-0.12,5393,5393
SZ,002833,0.6,5392,7895
SZ,300695,1.44,5390,5390
SZ,300300,1,5388,5388
SH,603439,-1.39,5387,5387
SZ,002255,0.12,5384,7013
SZ,300648,2.45,5384,7072
SH,688207,3.33,5384,5384
SZ,000717,0.45,5380,5381
SZ,300488,1.85,5372,6331
SZ,002649,-0.98,5369,5920
SH,600644,-1.68,5367,5367
SH,688566,-0.44,5365,5365
SH,600721,1.01,5364,5364
SH,601177,1.21,5364,5435
SZ,300067,-1.2,5361,6603
SH,688539,5.85,5353,5353
SH,603668,0.76,5346,5346
SZ,003040,-0.42,5341,5391
SZ,300082,0.77,5338,5352
SH,603153,0.46,5338,5418
SH,600889,0.34,5338,8547
SZ,000557,1.1,5336,5338
SH,603194,0.63,5335,13538
SZ,300149,-1.15,5331,5590
SZ,301053,2.74,5328,5737
SH,603889,0.36,5323,5363
SZ,300525,-1.25,5322,6487
SZ,301413,2.99,5320,8911
SZ,300633,-1.15,5319,8688
SZ,301323,1.29,5315,8262
SZ,300959,0.32,5306,8149
SZ,300792,0.12,5299,5906
SZ,002419,1.31,5295,5295
SH,688218,3.98,5294,5294
SZ,002191,0,5288,5331
SH,600825,0,5287,5287
SZ,002424,-0.64,5287,6415
SH,600868,-1.06,5277,5277
SZ,301379,3.43,5277,6696
SZ,300825,-0.36,5276,5389
SZ,000925,0.77,5275,5316
SH,601518,0.72,5275,5275
SZ,301349,4.02,5273,6677
SH,600593,-0.67,5272,5339
SZ,002383,1.28,5271,5271
SH,688683,1.43,5268,5268
SH,605050,0.19,5263,5263
SH,600605,1.43,5262,5262
SZ,002489,1.1,5261,5965
SH,603286,7.27,5260,5310
SZ,300233,-1.38,5251,5451
SZ,000571,0,5250,5412
SZ,002657,0,5247,5297
SZ,002697,-1.5,5247,6215
SH,603131,0.32,5246,5246
SH,605580,2.63,5244,5244
SZ,002572,-1.58,5244,7753
SZ,000531,0.17,5240,5998
SH,600300,1.57,5240,5240
SZ,002038,1.82,5239,6318
SZ,300066,-0.37,5230,5450
SZ,002567,1.67,5226,5231
SH,600217,1.61,5222,5222
SH,603666,0.71,5220,5220
SZ,002651,10.01,5219,9539
SH,603158,-1.2,5217,5217
SZ,002300,-0.54,5215,5215
SH,601086,-0.12,5215,5215
SZ,002235,-9.77,5209,5454
SZ,301211,2.38,5207,5207
SZ,300925,-0.26,5204,6383
SZ,300084,-3.99,5199,6058
SH,605299,0.95,5198,5198
SZ,002358,1.45,5197,5197
SH,603685,-1.78,5190,6516
SH,600191,3.88,5189,5189
SZ,300446,0.94,5189,11743
SH,603701,2.06,5188,5188
SZ,002165,10.03,5188,5242
SH,603191,-2.29,5187,5187
SH,600720,0,5187,11794
SZ,300531,-0.05,5182,5340
SZ,002777,-0.69,5182,5229
SH,603212,1.63,5180,5180
SZ,301368,1.58,5170,5170
SH,688679,14.55,5162,5162
SZ,301265,5.12,5162,6411
SH,603590,-0.33,5161,5187
SZ,000409,-0.45,5161,5923
SH,688386,4.02,5160,5648
SZ,301012,0.34,5158,5158
SZ,002528,1.03,5157,5885
SZ,002640,0.6,5156,5188
SH,601279,0.93,5154,5154
SH,601011,1.13,5153,5153
SZ,301629,4.59,5150,11194
SZ,300681,1.69,5149,6828
SZ,002122,0.39,5148,5184
SH,688691,2.31,5148,8466
SH,600603,1.83,5146,5146
SZ,002915,-0.66,5145,5988
SH,600513,2.27,5144,5144
SZ,300856,-3.03,5135,5313
SZ,000796,0.52,5123,6175
SH,688057,1.31,5123,5123
SZ,002201,0.59,5117,5539
SZ,300586,2.03,5116,6806
SH,601002,1.9,5116,5154
SZ,002351,-0.09,5112,8722
SH,603916,10.05,5111,5111
SZ,000888,-0.71,5106,5106
SZ,300036,-0.25,5105,5652
SH,688348,1.02,5101,5101
SZ,002637,2.24,5091,5151
SH,603727,-0.6,5091,5091
SZ,000652,-0.56,5089,5093
SH,600138,-0.27,5089,5089
SH,605377,1.22,5088,5088
SZ,301239,-0.66,5087,5358
SH,605009,0.13,5086,5086
SZ,301256,2.62,5083,5083
SZ,002060,0.62,5079,12202
SH,600817,3.01,5078,5103
SH,603511,4.12,5076,5126
SH,603173,0.83,5072,5072
SZ,002166,0.29,5067,5087
SZ,300528,-1.08,5064,5064
SH,600073,3.45,5064,5064
SZ,002066,0.97,5059,5144
SZ,000525,3.41,5059,5928
SH,688225,0.96,5056,5056
SH,600569,0.57,5055,5055
SZ,301330,0.61,5055,5813
SZ,000560,0,5051,5088
SZ,002530,-0.26,5047,5657
SH,600284,-0.18,5045,5045
SZ,300406,-1.56,5045,6969
SH,600336,0.48,5043,5043
SZ,301365,-5.66,5042,7470
SZ,300619,0.69,5037,5983
SH,600279,0.71,5032,5032
SH,600610,2.01,5032,7606
SZ,300692,0,5028,5510
SH,688379,1.94,5027,5300
SH,600495,0.97,5026,5026
SZ,300878,0.46,5024,5047
SH,603170,-0.7,5024,5024
SZ,002570,1.75,5022,5022
SZ,301160,1.18,5022,7557
SH,603988,-2.41,5022,5022
SZ,300680,1.93,5021,6523
SZ,300697,7.07,5018,6554
SZ,002757,-1.27,5015,5253
SH,605286,-2.7,5015,5015
SH,688410,0,5011,5011
SZ,002344,1.82,5010,5015
SZ,002189,-0.2,5009,5010
SH,688210,5.09,5008,5008
SZ,300443,0.39,5004,6598
SZ,002989,-0.34,4999,5095
SZ,000852,1.54,4998,5027
SZ,003004,0.07,4996,5949
SZ,002303,-0.76,4989,7902
SH,688696,0.47,4988,4988
SH,600990,-0.31,4987,4987
SH,603196,-0.18,4986,8809
SZ,002940,0.04,4975,5416
SH,603843,-0.69,4974,4974
SZ,301268,3,4974,5500
SH,688069,-3.04,4972,4972
SH,600939,1.16,4965,4965
SH,603122,0.16,4964,4964
SZ,001207,7.21,4963,5141
SZ,002479,1.95,4963,4974
SH,600814,1.81,4962,4962
SH,600523,6.41,4962,4965
SH,688512,3.45,4959,7226
SH,603162,3.62,4958,16141
SZ,301589,0.83,4958,13300
SZ,300569,0.41,4955,4970
SH,688247,1.39,4955,4955
SZ,301045,2.33,4951,7835
SZ,300219,1.45,4946,4956
SZ,002154,-0.47,4945,6115
SZ,300783,0.11,4944,7086
SZ,002589,2.55,4943,5447
SZ,000779,10.04,4941,4941
SZ,300249,1.54,4938,6051
SZ,300087,3.99,4936,5182
SH,600351,2.3,4934,4934
SZ,300292,1.61,4932,5931
SZ,002334,-0.29,4932,5503
SZ,300287,-1.05,4930,5368
SZ,301583,-1.19,4930,29657
SZ,000720,1.82,4926,4926
SH,600199,-2.59,4920,4920
SZ,002033,-0.1,4918,4918
SZ,002483,0.91,4913,4920
SZ,300491,0.1,4912,5538
SH,688377,3.09,4912,4912
SZ,301051,3.57,4912,6183
SZ,300120,0.54,4911,5348
SZ,002819,0.34,4909,6187
SZ,301235,2.84,4909,6559
SZ,000404,-0.13,4906,4928
SH,600979,-0.49,4905,4980
SH,600308,0.62,4899,4899
SH,600197,-1.04,4897,4897
SZ,301115,-1.49,4897,5975
SH,600790,0.91,4896,4896
SZ,300261,-0.94,4893,5000
SZ,301603,0.45,4893,15660
SH,603111,1.74,4892,5034
SH,600207,0.9,4891,4891
SH,601789,-2.59,4891,6860
SZ,002662,0.62,4890,4890
SZ,002526,0.73,4888,4921
SZ,002238,-0.32,4888,4888
SZ,002307,1.01,4887,4946
SZ,002375,1.38,4885,4918
SH,603598,-2.26,4885,4890
SH,601566,1.07,4884,4884
SH,603711,0.94,4884,4884
SZ,300907,0.67,4884,4884
SZ,002455,2.64,4883,5339
SZ,002632,-0.34,4883,5309
SZ,002642,-0.66,4882,4882
SZ,300404,-1.49,4877,6589
SZ,300016,-0.68,4874,5043
SZ,300397,1.96,4873,6181
SH,688389,-0.78,4872,4872
SZ,920640,1.47,4868,5059
SZ,300518,-0.36,4861,4862
SH,688719,2.93,4850,6238
SH,688807,8.06,4848,24240
SH,688667,1.88,4843,4843
SH,600379,1.03,4837,4837
SZ,301048,0.67,4837,4837
SZ,301179,0,4833,8230
SZ,000863,2.22,4827,4900
SH,603398,0.91,4826,4826
SZ,300291,-0.94,4826,4888
SZ,002443,1.87,4825,4825
SH,688356,-3.21,4825,4825
SZ,300461,-3.91,4825,5252
SH,600231,1.8,4822,4883
SH,600222,5.9,4822,4822
SH,688530,8.44,4813,11040
SZ,300755,0,4812,4814
SZ,300788,-0.54,4811,4811
SH,603137,0.77,4807,4807
SH,603777,1.91,4806,4806
SH,688591,1.68,4804,6856
SH,600571,0.48,4802,4892
SZ,002370,6.8,4802,4802
SZ,002523,2.72,4799,4817
SZ,300147,-3.04,4799,4827
SZ,002919,0.55,4793,4828
SZ,002556,2.4,4792,4796
SH,688580,-0.63,4784,4784
SZ,001208,0.07,4781,9575
SH,688609,2.36,4780,4990
SH,603330,10.02,4779,5084
SZ,002728,1.38,4777,4892
SH,600121,0,4776,4776
SZ,300871,-2.94,4772,4772
SH,688085,-1.08,4768,4989
SH,600756,-1.92,4767,5143
SZ,300547,2.33,4766,5800
SH,688238,-1.86,4765,4777
SZ,000753,1.48,4759,4759
SH,603387,-0.1,4757,4757
SH,603976,1.95,4754,4754
SH,605208,4.12,4751,4751
SZ,002102,0,4750,5521
SZ,002478,5.29,4748,5918
SZ,002638,-0.84,4748,5042
SZ,301162,-2.38,4747,7314
SZ,002291,-0.54,4745,5106
SZ,300490,2.29,4743,4808
SZ,002111,0.73,4736,5155
SZ,300688,0.16,4735,5341
SZ,001328,-2.1,4733,5040
SZ,002959,1.14,4733,5277
SZ,300388,-0.56,4726,4726
SH,688665,1.83,4726,4726
SH,603980,0.43,4724,4724
SZ,002045,0.12,4724,4730
SZ,300267,0.3,4722,6848
SZ,301458,2.06,4720,10715
SH,600551,0.87,4719,4719
SZ,002590,0.95,4717,4947
SZ,300189,13.92,4715,5448
SZ,300463,-1.02,4710,5793
SH,605368,0.15,4709,4709
SH,603070,1.29,4708,4708
SZ,300196,1.82,4699,7776
SZ,300215,-0.78,4697,4697
SZ,301004,0.76,4696,5030
SH,600715,-1.79,4694,6658
SZ,300802,0.04,4693,6588
SH,603150,0.46,4689,4689
SH,600626,2.31,4689,4689
SZ,002880,0.44,4686,4686
SH,603803,-1.07,4682,4682
SZ,001317,-1.34,4680,4685
SZ,002727,-0.49,4680,6975
SZ,300702,-0.57,4680,7739
SZ,002026,1.24,4678,4678
SH,603767,1.34,4676,4676
SH,603222,-0.77,4673,4673
SH,600088,-1.25,4665,4665
SZ,002322,1.69,4663,4851
SH,688330,0.67,4661,4661
SZ,920576,3.13,4660,4707
SZ,300523,0.81,4657,4657
SZ,301055,0.89,4655,4756
SH,688137,-4.33,4654,4654
SH,605338,-0.45,4652,4652
SZ,301060,2.71,4646,5167
SZ,002749,-1.15,4643,4747
SZ,300964,2.25,4642,6326
SH,688551,0.92,4642,4642
SZ,300123,-1.67,4642,4772
SZ,002520,-2.7,4642,4854
SH,603408,0.58,4641,4641
SH,603912,-0.57,4637,4637
SZ,002418,0.25,4636,4637
SZ,000417,1.88,4635,4640
SH,603683,2.88,4632,4680
SZ,300727,1.96,4628,5143
SZ,301367,-0.94,4623,5905
SH,600714,5.18,4619,4619
SH,603998,-2.4,4619,4619
SH,600084,-0.71,4619,4619
SZ,300429,1.56,4612,6132
SZ,002501,-0.75,4610,4615
SZ,301391,-0.23,4610,4718
SZ,002902,1.37,4608,6096
SZ,002543,-0.42,4605,5175
SH,603726,3.4,4604,4628
SZ,000045,0,4598,5096
SH,600681,1.18,4596,4599
SH,600857,0.79,4594,4594
SZ,000993,0,4593,4593
SZ,300027,0.56,4591,4966
SZ,002522,0.4,4588,4592
SH,603216,0.15,4587,4587
SH,603348,0.28,4579,4579
SH,688119,2.26,4579,4579
SH,603386,3.85,4578,4578
SZ,002146,-0.84,4576,5087
SH,688061,8.17,4576,4576
SH,601588,0.58,4575,5791
SZ,000759,0.29,4570,4617
SH,688653,4.41,4569,6129
SH,600558,1.6,4569,4569
SZ,300606,-1.04,4554,5354
SZ,000665,-2.43,4548,4549
SZ,300715,2.54,4547,5493
SH,688646,-0.89,4541,7041
SZ,301008,0.51,4540,5142
SZ,000558,0,4536,4538
SH,605300,2.15,4535,4535
SH,603097,0.95,4534,4640
SH,603032,1.3,4532,4539
SH,603681,1.71,4531,4531
SZ,301325,0.58,4530,4530
SH,603661,2.16,4529,4529
SH,603528,0.47,4525,4525
SH,688045,2.79,4524,4524
SZ,301252,0.97,4522,5639
SZ,000678,9.96,4518,4518
SZ,300705,-3.24,4517,6109
SH,603669,0.79,4516,4516
SH,603365,0.52,4515,4539
SH,688291,5.2,4510,4510
SH,688010,3.43,4509,4509
SH,600658,0.75,4508,4508
SZ,002586,0,4502,4737
SZ,300368,-6.78,4501,4501
SZ,002124,1.33,4497,5066
SH,600071,1.21,4491,4491
SH,603928,1.07,4490,4490
SH,600469,1.73,4485,4717
SZ,300643,0.21,4482,4493
SZ,002161,3.24,4482,4483
SZ,002774,-9.39,4480,5353
SH,600758,-1.16,4477,4482
SH,601218,0.87,4477,4477
SZ,000507,0.61,4476,4562
SZ,301075,1.78,4474,4474
SZ,002707,0.98,4472,5081
SZ,002393,-0.12,4467,4587
SZ,300711,-2.27,4467,5042
SZ,002454,0.59,4457,4466
SZ,002788,-0.76,4456,4534
SH,600173,1.44,4455,4455
SH,600283,0.25,4453,4453
SH,603703,10.05,4453,4453
SH,688196,0.86,4452,4452
SZ,002112,1.68,4450,4994
SZ,002627,-0.46,4447,4495
SH,688360,6.44,4447,4447
SZ,300917,-0.14,4446,4446
SH,688558,4.83,4444,4444
SZ,001283,1.22,4444,5574
SH,600178,0,4441,4441
SZ,300271,-1.57,4441,4538
SZ,000886,0.44,4439,4489
SZ,002540,1.37,4437,6450
SZ,300737,1.01,4436,5551
SZ,002876,2.34,4431,5173
SH,600382,0.63,4430,4430
SH,603015,2.34,4422,4422
SZ,300138,-1.85,4421,5362
SH,600168,1.6,4421,4421
SZ,002059,0.22,4414,4546
SZ,301058,3.49,4411,4484
SH,603322,0.5,4406,4406
SZ,002884,1.32,4405,5769
SZ,301007,0.66,4401,4459
SZ,002512,-2.42,4400,4432
SH,603060,0.55,4398,4398
SH,603187,-7.1,4397,4444
SZ,300632,1.9,4391,6058
SH,600976,-1.88,4387,4390
SZ,002367,-0.89,4386,4404
SZ,300481,7.46,4386,4413
SZ,000078,-1.17,4384,4394
SH,600101,-0.11,4383,4383
SZ,300791,-4.69,4381,5246
SZ,002005,0.4,4380,4381
SH,603206,0,4380,4380
SH,603175,0.64,4379,42086
SH,603209,1.41,4379,4427
SZ,300018,-0.57,4374,5884
SH,603611,0.47,4371,4371
SZ,300403,4.95,4364,6006
SZ,000819,0.34,4359,4401
SZ,300286,1.7,4357,5259
SH,688311,2.81,4357,4357
SH,603016,0.55,4354,4354
SH,600152,0.73,4354,4354
SZ,300505,7,4354,5506
SZ,300326,-1.61,4350,4352
SZ,002746,0.16,4350,5275
SH,603869,-0.88,4349,4349
SH,603038,0.56,4347,4347
SH,600227,2.72,4344,5742
SZ,300984,4.47,4344,6740
SZ,300745,0.39,4342,5143
SH,688236,0.4,4341,5773
SH,600337,0.67,4340,4340
SZ,000718,0,4335,5766
SZ,300320,5.31,4334,5369
SZ,300091,0.76,4334,7531
SZ,301488,1.06,4334,10576
SZ,002427,0.92,4332,4336
SZ,000428,0,4330,4330
SZ,001338,1.41,4330,4330
SZ,002480,-0.69,4329,4338
SH,603960,1.29,4329,4329
SH,603324,3.5,4328,4479
SH,605577,-0.09,4324,4324
SZ,301277,-0.08,4317,4317
SZ,300669,-0.7,4316,4557
SH,603165,1.77,4316,4316
SZ,301370,0.44,4315,4315
SZ,002765,0.7,4314,4721
SZ,002321,2.53,4311,4330
SZ,002264,0.46,4309,4765
SH,688267,0.59,4307,4307
SH,603933,0.97,4307,4307
SZ,300441,1.03,4306,4434
SZ,000821,-0.96,4305,4435
SH,603106,-4.05,4305,4305
SZ,002088,7.59,4301,4330
SH,688212,-1.35,4300,4300
SZ,300105,-3.01,4299,4302
SZ,000521,0.61,4297,5057
SZ,002886,1.43,4297,5409
SZ,000011,-1.56,4296,4863
SH,603339,1.02,4295,4295
SH,600819,1.3,4294,5314
SH,605088,1.28,4293,4326
SH,603822,1.32,4293,4293
SZ,002285,1.4,4286,4324
SZ,301348,-1.41,4286,5316
SZ,002644,-1.17,4284,4284
SZ,301116,0.32,4283,4283
SH,605086,-0.41,4283,4283
SH,600340,0,4283,4283
SZ,301280,4.03,4283,8248
SH,603121,1.04,4282,4282
SH,688429,1.71,4280,4280
SZ,300434,-2.18,4276,5022
SZ,000520,9.9,4271,4271
SH,688639,0.47,4267,4267
SZ,300532,0.43,4262,4481
SZ,300859,-0.1,4261,4261
SZ,002117,0.25,4256,4258
SH,603636,0,4254,4254
SH,688595,0.51,4252,4252
SZ,002328,0.68,4252,5750
SZ,300121,2.48,4251,4408
SZ,000919,0.59,4247,4248
SH,600261,2.58,4245,4245
SH,603095,9.97,4243,4243
SH,600609,-0.3,4240,4240
SZ,300847,-0.34,4239,4239
SH,603615,2.16,4237,4237
SZ,920077,1.15,4236,8225
SH,600650,0.19,4230,5974
SZ,300210,-1.23,4227,4227
SZ,300557,1.08,4226,4247
SH,605055,-0.2,4220,4220
SZ,920946,-2.36,4217,4218
SH,688633,1.94,4202,4202
SZ,002843,2.63,4198,4224
SZ,300539,1.26,4192,5158
SH,603069,0.68,4190,4190
SZ,300793,0.81,4190,4285
SH,688269,4.43,4189,4189
SZ,300333,10.82,4185,4200
SH,603956,0.14,4183,4183
SH,600076,-0.31,4182,4182
SH,688136,-1.09,4179,4179
SZ,003019,2.85,4174,4272
SH,600479,-0.29,4173,4907
SH,600135,2.03,4172,4172
SZ,920593,1.34,4169,4891
SZ,300096,-0.71,4162,4162
SZ,000655,2.64,4161,4161
SZ,002490,2.54,4160,6325
SZ,300228,0.95,4158,4445
SZ,002380,1.35,4157,7015
SZ,002758,2.43,4151,4156
SH,688211,1.44,4149,4149
SH,600127,10.05,4146,4146
SZ,300004,-3.13,4142,4142
SH,603966,1.4,4137,4142
SH,603978,0.98,4135,4135
SZ,300206,-0.96,4135,7083
SZ,300421,2.11,4132,5275
SZ,300061,0.91,4131,4376
SH,603558,1.35,4129,4129
SZ,300355,0,4126,4845
SZ,301096,-0.81,4125,5423
SH,603088,0.75,4125,4732
SH,603271,2.47,4124,8641
SZ,002560,1.72,4123,4787
SH,600520,3.38,4119,4119
SH,603178,0.35,4114,4114
SH,603318,1.13,4113,4970
SZ,300071,-0.45,4112,4193
SZ,300663,-1.42,4111,4273
SZ,000518,-0.49,4108,4108
SH,603072,1.5,4105,8594
SH,603519,1.18,4101,4101
SH,600824,9.89,4100,4100
SZ,300901,0.53,4097,4097
SZ,002724,6.19,4088,5555
SH,600792,0.55,4085,4085
SZ,300590,0.44,4083,5274
SH,603697,-0.92,4080,4080
SZ,002553,1.92,4076,5623
SH,603167,0.46,4072,4072
SZ,002160,1.54,4071,4079
SH,603429,2.92,4070,4070
SZ,300893,0.56,4069,7672
SZ,001316,1.62,4064,4356
SZ,002950,-1.04,4064,5991
SZ,002449,1.55,4063,4063
SH,600628,1.62,4062,4062
SH,688023,0.15,4061,4061
SZ,301517,1.51,4061,6294
SZ,002693,-0.59,4060,4097
SH,603676,-0.2,4060,4060
SZ,300318,-0.77,4057,4183
SH,600725,0.61,4055,4055
SH,603261,-6.76,4054,4054
SH,688215,1.91,4051,4051
SZ,301376,0.82,4047,8412
SH,603058,-0.09,4047,4047
SZ,300963,0.92,4047,5517
SH,603679,1.92,4046,4046
SH,603090,1.58,4043,4043
SZ,300506,7.63,4041,7841
SH,603035,0.18,4041,4041
SZ,301168,0.31,4040,5087
SZ,301003,0.39,4040,5222
SZ,300712,1.93,4039,4057
SZ,300022,0.12,4038,4038
SZ,300882,1.27,4032,4333
SZ,002040,2.22,4030,4030
SZ,300508,6.45,4029,5353
SZ,300561,1.15,4028,5483
SZ,300943,5.23,4025,6149
SH,603081,-0.62,4022,4022
SH,688785,3.19,4018,20084
SZ,000816,1.82,4016,4037
SZ,002562,0.82,4011,5634
SH,603520,1.56,4007,4007
SH,603085,0.2,4007,4007
SH,688583,0.19,4005,11492
SZ,300553,7.2,4004,5225
SZ,300873,3.14,4000,5510
SH,601368,0.89,4000,4000
SZ,000626,3.26,3999,4018
SZ,300936,6.25,3997,6339
SZ,002772,2.58,3995,4028
SZ,002612,-2.29,3995,6946
SZ,000882,1.39,3994,3997
SH,600860,4.9,3992,4922
SH,600505,0.09,3988,3988
SZ,300571,-0.34,3987,4811
SZ,301201,-0.1,3987,5683
SZ,920139,2.75,3986,4126
SH,688489,1.02,3985,4016
SZ,002986,-0.59,3984,5018
SZ,300183,0.19,3977,4959
SH,603607,-0.12,3976,3976
SZ,002116,1.27,3976,4024
SH,603918,-3.71,3972,3972
SZ,301419,6.43,3970,6006
SZ,000599,1.89,3969,11874
SZ,301479,0.54,3969,6933
SZ,300758,1.01,3968,4402
SZ,002469,9.93,3965,4094
SH,603421,1.17,3959,3959
SH,688039,0.7,3958,3958
SH,688298,-0.29,3955,3955
SH,600526,2.03,3955,4025
SZ,300246,-1.62,3953,4945
SH,600067,1.43,3952,3952
SZ,301186,1.13,3952,4203
SH,605058,1.66,3949,3949
SZ,000523,2.05,3949,5470
SH,603657,10.02,3949,3949
SZ,301602,0.16,3947,8108
SH,603719,0.61,3944,3944
SH,600727,1.77,3943,3943
SZ,301102,0.73,3942,3942
SZ,002628,-6.11,3935,3952
SZ,001380,1.75,3933,4577
SZ,300662,-0.54,3933,3944
SZ,920239,1.2,3932,3980
SZ,301257,-0.1,3932,4124
SZ,300588,1.41,3929,4254
SH,603239,0.48,3928,3928
SH,605162,2.42,3928,3928
SZ,002688,0.96,3924,4040
SH,605028,-0.6,3923,3923
SZ,300541,0,3923,4348
SZ,300349,0.38,3923,4427
SZ,300880,1.26,3914,3914
SZ,000716,4.52,3914,4005
SZ,301169,2.38,3906,3908
SH,600800,-1.94,3906,3907
SZ,002930,0.67,3905,4127
SZ,300177,2.22,3905,4792
SH,603316,4.09,3903,3988
SZ,000822,2.35,3903,3903
SH,688133,-3.13,3902,3902
SZ,002584,1.09,3902,4875
SZ,000505,9.98,3902,4485
SZ,002564,-0.43,3899,3899
SZ,002677,-0.69,3899,4568
SZ,000850,1.23,3896,3897
SH,603315,1,3896,3896
SH,603113,0.88,3895,3895
SZ,002669,3.38,3893,3902
SH,603138,1.12,3893,3964
SZ,300231,0.34,3891,3892
SH,603689,-0.12,3889,3907
SZ,301322,-0.31,3884,5759
SZ,300639,-3.89,3882,3982
SH,688459,-0.24,3878,3878
SH,603020,0.78,3877,3877
SZ,300332,0.21,3875,4043
SZ,002406,1.47,3868,5024
SZ,301408,-1.1,3867,6756
SH,688199,2.84,3860,3860
SZ,300478,0.73,3860,3860
SH,603926,0.72,3855,3891
SZ,300351,0.69,3854,5690
SH,688075,2.05,3853,3853
SH,688768,1.73,3848,3880
SZ,002177,-0.17,3846,4286
SZ,002786,0,3844,3856
SZ,300629,0.85,3844,4458
SH,603716,-1.89,3843,3843
SH,600960,1.25,3840,3840
SZ,301187,-1.94,3839,3839
SZ,002162,1.95,3839,3844
SZ,300200,0.78,3832,3896
SZ,300911,0.99,3831,4100
SZ,301398,3.3,3827,3926
SH,603291,1.57,3826,3826
SH,600333,1.13,3825,3825
SZ,002582,0.45,3821,4970
SZ,301421,2.36,3820,9544
SH,688299,2.47,3819,3819
SZ,002172,9.91,3818,3821
SZ,000016,-0.82,3816,5755
SH,605337,1.24,3815,3815
SZ,000802,-9.96,3814,3816
SH,605189,-0.86,3812,3812
SH,600527,0.92,3810,3810
SZ,002228,2.61,3809,3822
SZ,002849,3.14,3808,3839
SZ,300471,-2.95,3808,4777
SH,600794,2.26,3804,3804
SZ,301630,2.55,3804,10153
SZ,300055,1.69,3803,5029
SZ,000532,2.22,3803,3816
SZ,002973,0.76,3802,4892
SZ,000797,1.68,3801,3801
SZ,000526,-5.35,3798,3811
SZ,300809,1,3793,6387
SZ,002554,0.71,3787,3788
SZ,300290,-2.3,3786,3787
SZ,001269,1.08,3783,3783
SZ,301234,3.83,3780,6399
SZ,002187,1.51,3778,3778
SZ,002035,-0.4,3777,4094
SH,601113,0.88,3776,4631
SH,605369,0.23,3772,3772
SZ,300299,-0.35,3771,3776
SZ,300749,4.72,3770,4914
SH,688443,-0.37,3765,9629
SH,603559,6.84,3760,3760
SH,601188,1.41,3760,3760
SZ,300686,2.4,3759,3784
SZ,000906,-0.18,3759,3804
SH,600805,1.14,3758,3761
SZ,300044,-0.75,3756,4010
SZ,002090,2.17,3751,3773
SH,605186,-0.71,3741,3741
SH,600506,1.7,3737,3737
SZ,301315,-2.98,3736,3736
SZ,300380,-0.09,3736,4060
SZ,002412,2.46,3734,3774
SZ,300448,0.69,3733,3931
SH,605378,0.92,3732,3732
SZ,002107,1.87,3731,3769
SZ,300656,0.11,3730,4730
SH,603579,-0.26,3730,3730
SZ,002596,0.62,3726,3730
SH,688265,-3.79,3726,3726
SH,605158,1.68,3723,3723
SH,605388,0.98,3723,3723
SH,600568,-1.32,3722,4444
SH,688590,0.15,3722,4136
SZ,301016,0.08,3720,3879
SH,603126,1.84,3718,3718
SH,688606,-0.48,3715,3715
SZ,301026,6.13,3711,5139
SZ,300572,1.49,3711,4687
SZ,300243,-1.71,3710,4638
SZ,002927,1.33,3710,3752
SH,603109,1.2,3709,3709
SZ,301085,-0.35,3707,5460
SZ,920522,-1.82,3706,4468
SH,603396,1.87,3706,3706
SZ,300317,-5.09,3705,3711
SZ,001238,2.08,3704,3959
SZ,000659,0.7,3703,3703
SZ,300414,3.08,3700,3821
SH,688399,-0.49,3699,3699
SH,603351,1.41,3699,3699
SZ,002356,4.06,3698,3698
SH,601366,10,3695,3695
SZ,002766,-4.21,3694,3706
SZ,300010,0,3693,4588
SH,600729,0.84,3692,8448
SH,603655,0.81,3691,3691
SH,600830,0.87,3689,3689
SH,600980,2.47,3689,3767
SZ,301038,0.73,3688,3688
SZ,300683,-1.43,3681,3948
SH,603958,10.03,3681,3681
SH,600734,0.6,3681,3681
SH,603313,1.74,3680,3680
SZ,002333,-0.89,3679,3726
SZ,002225,-1.04,3675,4370
SH,603706,2.21,3674,3674
SZ,000007,-1.2,3672,3672
SH,688283,3.26,3670,3670
SH,603139,3.61,3668,3909
SZ,300654,0,3667,3808
SH,603390,0.29,3665,3671
SZ,300248,0.11,3661,4263
SZ,301246,1.18,3660,8608
SZ,002016,0.67,3657,3657
SH,688569,2.48,3655,3655
SH,603232,-0.68,3652,3672
SZ,000903,0.53,3648,3676
SZ,000713,3.85,3647,4741
SH,603903,1.13,3646,3646
SH,600576,0.18,3639,5811
SZ,301259,0,3638,5673
SZ,300068,-0.22,3637,3827
SZ,920809,0.51,3636,4744
SZ,300933,0.91,3633,3633
SZ,002676,1,3629,3629
SZ,300652,1.37,3627,4042
SH,688163,0.6,3625,3625
SH,603116,1.13,3624,3624
SZ,002305,-1.41,3624,3625
SZ,002462,0.49,3620,3623
SH,603566,0.77,3613,3613
SZ,300402,1.37,3613,3660
SH,600262,2.43,3610,3610
SZ,002095,0.14,3609,3624
SH,688813,3.81,3608,19192
SZ,002248,-0.41,3607,3607
SH,603199,-0.84,3606,3606
SZ,002457,0.37,3603,3605
SZ,000407,0.24,3599,3617
SZ,300545,2.14,3598,5581
SH,603639,0.57,3596,3699
SH,688157,1.81,3595,3595
SH,688602,1.76,3594,3594
SH,600579,0.55,3593,3593
SH,605066,3.17,3592,3592
SH,688600,1.72,3591,3591
SH,605566,2.94,3591,3591
SZ,301017,-3.73,3591,5630
SH,688373,-0.9,3590,3590
SZ,300521,-0.15,3588,3634
SZ,001216,-0.6,3585,4263
SZ,300453,-1.18,3584,5200
SZ,300962,1.65,3583,3583
SZ,920799,0.51,3578,6233
SH,688618,12.96,3578,3578
SZ,920725,9.72,3576,7389
SZ,300840,1.87,3575,4846
SZ,002609,0,3575,5012
SZ,000509,1.22,3574,3574
SH,603569,1.37,3573,3573
SZ,002783,-0.12,3569,3865
SH,605588,2.52,3569,3577
SZ,301251,1.86,3566,8896
SZ,300050,3.97,3561,3563
SH,688533,0.75,3560,3560
SZ,300668,3.84,3558,4296
SZ,301120,1.16,3558,5880
SH,600327,0.5,3557,3557
SZ,001400,0.96,3557,6462
SZ,300427,2.02,3556,3595
SH,688259,2.02,3555,3555
SH,601599,0.66,3551,3551
SH,688398,2.03,3551,3551
SZ,300190,1.62,3550,3565
SH,603105,0.42,3550,3550
SH,688084,1.49,3548,3548
SZ,300213,-1.52,3548,3816
SH,688317,5.84,3546,3546
SH,605303,2.66,3546,3546
SH,603551,-0.84,3541,3585
SZ,920819,2.46,3538,3579
SH,603577,1.07,3537,3537
SZ,300812,0.15,3534,3895
SZ,300385,-2.16,3532,4048
SH,688607,-3.19,3531,3923
SH,603898,-0.75,3525,3525
SZ,301656,1.89,3521,41579
SZ,300611,-0.83,3519,5009
SZ,300078,0.96,3518,3532
SZ,301499,1.6,3517,3517
SH,688216,5.75,3516,3786
SZ,003032,0.73,3513,4970
SH,603665,0.6,3512,3512
SZ,300885,1.2,3512,5219
SH,600581,0,3510,3510
SH,603051,-0.08,3509,3535
SZ,920179,4.3,3508,4374
SZ,000965,0.64,3507,3507
SZ,002339,0.69,3504,3690
SZ,301112,0.28,3500,3500
SZ,300533,-1.04,3499,4973
SZ,301568,3.57,3493,7577
SZ,001318,9.97,3491,3491
SZ,301132,3.72,3490,5455
SH,600834,0.14,3490,3490
SZ,300225,-0.26,3488,3513
SZ,000889,-1.46,3488,3755
SH,688053,1.63,3488,3488
SZ,300948,9.07,3488,3695
SZ,300110,0.68,3484,3488
SZ,000726,0.68,3483,4832
SZ,300370,1.83,3482,3491
SH,600503,0.93,3477,3477
SH,688680,2.44,3475,3475
SH,688339,0,3475,4269
SH,688098,-1.73,3474,3474
SZ,300736,-3.39,3472,3562
SH,600228,-0.23,3470,3475
SZ,300781,0.49,3468,4700
SH,603309,-0.91,3467,3467
SZ,300399,0.46,3466,3466
SZ,002822,1.57,3463,6318
SZ,300932,3.53,3463,4862
SH,601033,1.41,3461,12978
SZ,300154,3.68,3460,4936
SZ,300241,2.49,3459,4128
SZ,000868,0.82,3457,3457
SZ,300494,-0.56,3454,4253
SZ,301500,3.95,3453,13449
SZ,301468,6.06,3450,5984
SZ,300559,0.09,3447,4427
SZ,002269,0.68,3445,3693
SZ,301110,0.88,3445,4898
SZ,000788,-1.52,3445,3445
SZ,301193,2.19,3444,4504
SZ,002474,-0.9,3443,4051
SH,603759,1.36,3440,3440
SZ,301289,1.25,3439,3462
SZ,300551,0.8,3438,3448
SH,605399,2.7,3437,3441
SZ,301076,1.49,3437,5141
SH,603696,-0.8,3436,3436
SZ,300879,-0.11,3436,3459
SZ,001257,0.2,3435,46046
SH,600467,1.73,3433,3433
SZ,300822,0.42,3433,3701
SH,601999,-0.94,3432,3432
SH,603811,0.67,3432,3432
SZ,000926,1.4,3430,3473
SH,688148,-0.29,3428,3428
SH,688750,1.45,3426,6803
SZ,300894,0.6,3426,4718
SZ,300473,1.93,3424,3928
SZ,300021,2.08,3424,4008
SZ,002055,3.04,3421,3482
SH,600280,2.02,3419,3419
SZ,301609,-2.1,3418,5671
SZ,002735,0.59,3418,4499
SZ,300721,6.1,3417,4072
SZ,003037,0.53,3415,3415
SZ,000701,0.39,3412,3415
SH,600791,3.15,3410,3415
SH,600229,0,3409,3409
SH,603014,-0.82,3409,14032
SH,603948,1.55,3407,3407
SH,605398,-0.8,3407,3407
SZ,300419,0.54,3402,3402
SZ,301175,0.37,3402,8051
SH,600354,6.98,3399,3399
SZ,301226,1.63,3392,3392
SH,603101,1.26,3392,3392
SZ,002374,0,3386,3386
SH,603357,0.67,3386,3386
SH,688033,-1.3,3384,3384
SZ,002086,0.94,3384,4192
SZ,000514,1.01,3384,3384
SZ,002109,1.15,3382,3382
SH,600156,-0.11,3382,3382
SZ,001311,2.2,3381,7504
SH,600613,9.98,3379,3765
SH,600318,1.85,3379,3379
SZ,002548,3.7,3379,3478
SZ,300729,1.28,3375,3505
SZ,002667,3.78,3374,3716
SZ,002037,0.43,3373,3373
SH,688693,0.8,3371,6385
SZ,301682,1.56,3370,15948
SH,600853,1.22,3365,3365
SZ,001229,10,3365,6545
SH,600843,0.56,3364,5113
SZ,300069,4.09,3364,3364
SH,600822,0.59,3363,4211
SZ,300160,1.61,3361,3409
SZ,000721,-0.29,3361,3765
SZ,000803,3.25,3361,3409
SZ,002395,1.46,3360,3361
SZ,300056,-3.42,3359,3361
SZ,300664,0.43,3358,3486
SZ,300530,-0.95,3356,3356
SZ,001210,4.58,3354,5519
SH,688522,0.72,3352,8256
SH,600052,-0.99,3351,3351
SH,688358,-0.26,3351,3356
SZ,000546,1.69,3351,3740
SH,600218,1.45,3350,3350
SZ,002362,0.12,3348,3943
SZ,000736,0.45,3347,3347
SZ,002845,1.91,3343,4376
SZ,301199,1.36,3342,3472
SH,600716,1.42,3342,3342
SH,600969,3.2,3342,3342
SZ,000862,0.95,3341,4884
SH,600638,0,3340,3340
SH,603648,1.77,3338,3338
SZ,300466,0.54,3335,3979
SZ,002369,-0.5,3335,3339
SH,603987,-0.25,3333,3333
SZ,002175,2.35,3332,3332
SH,688458,2.16,3332,3965
SH,603815,0.37,3330,3330
SZ,300234,0.52,3330,4871
SH,603007,-0.2,3329,4236
SZ,002485,0.33,3329,3329
SH,605136,-0.11,3328,3328
SH,605077,1.65,3327,3367
SZ,002672,1.94,3322,4056
SH,603630,-1.26,3322,3322
SZ,300515,-0.17,3321,3387
SZ,002571,-0.17,3320,4362
SZ,000691,-0.28,3320,4980
SH,600865,0,3318,3318
SZ,300504,-0.19,3317,4120
SZ,003020,5.52,3317,4491
SZ,300801,1.6,3316,5266
SH,688175,0.36,3315,3315
SH,688682,1.85,3315,3315
SH,600622,0.91,3314,3314
SZ,301273,6.82,3314,4318
SZ,300848,1.71,3313,5601
SZ,002646,-1.13,3313,3335
SZ,300560,2.85,3311,4069
SZ,002357,1.25,3310,3310
SH,600653,0.59,3309,3309
SZ,000668,-2.54,3308,3308
SZ,301311,1.4,3307,3307
SH,603813,-1.89,3307,3307
SZ,300270,-1.85,3306,3837
SZ,301028,0.76,3305,5096
SZ,301310,4.94,3303,10342
SH,603278,1.36,3301,3301
SH,688159,6.63,3298,3298
SZ,002178,-1.06,3296,3297
SH,605108,-0.46,3294,3294
SZ,000789,1.23,3293,3293
SH,600130,0.46,3293,3293
SZ,300132,0.62,3292,3347
SZ,002021,1.85,3287,3288
SZ,301302,0.17,3286,3685
SH,688370,0.21,3285,3285
SZ,002826,0.62,3284,3390
SZ,000607,0.82,3283,3776
SZ,001217,1.63,3283,3315
SH,600539,0.28,3282,3282
SZ,000731,3.28,3282,3282
SZ,300836,3.03,3282,4794
SH,688338,0.06,3280,3280
SH,603500,3.79,3280,3281
SH,605138,0.17,3278,3278
SH,603230,-0.1,3277,3277
SH,603637,1.63,3277,3277
SZ,000037,-1.42,3274,5823
SH,600293,0.71,3272,3272
SZ,301237,3.31,3268,4488
SZ,300311,-2.87,3267,4096
SZ,002451,0.54,3267,3279
SH,600679,0.21,3265,4705
SH,603535,-1.38,3265,3265
SZ,300603,-1.9,3264,4058
SZ,300289,0.5,3264,3270
SZ,301223,1.32,3262,3262
SZ,300238,-1.83,3258,3259
SH,688171,1.86,3258,3258
SZ,300622,0.67,3256,4763
SH,603817,0.88,3255,3255
SZ,002365,0.38,3255,3910
SH,600512,0.49,3254,3254
SZ,300589,4.2,3254,5242
SZ,002094,0.43,3252,3254
SZ,002726,2.58,3251,3253
SZ,300193,0.13,3250,3691
SZ,002818,0.37,3249,8151
SZ,300051,-1.11,3248,3289
SZ,002791,-0.85,3246,5276
SZ,002686,-2.96,3241,3511
SZ,301213,1.02,3240,5012
SZ,301551,-0.98,3238,8380
SZ,300746,0.07,3237,3269
SZ,000931,0.23,3237,3246
SH,688722,1.98,3234,3234
SH,603656,0.8,3229,3229
SZ,001221,6.85,3224,16776
SZ,002801,1.76,3223,6391
SH,688162,2.17,3222,3222
SZ,300578,-0.11,3221,3222
SZ,300608,-0.46,3220,3682
SH,688579,0.88,3220,3220
SH,603999,0.54,3220,3220
SZ,000488,-0.51,3219,5589
SZ,300094,1.75,3217,3283
SZ,002313,-0.8,3216,3216
SZ,002903,2.08,3215,4653
SH,688273,1.36,3211,3211
SZ,003000,0.29,3210,4698
SZ,920037,1.39,3208,5247
SZ,301218,-3.77,3208,5221
SZ,002811,0.44,3207,3495
SZ,001215,2.48,3205,3213
SZ,002327,0.77,3201,5437
SZ,002441,0.75,3200,4373
SH,603266,1.45,3200,3200
SH,603527,2.75,3198,3198
SZ,300040,-2.36,3197,3976
SZ,300609,-0.55,3196,3201
SH,603048,-0.95,3196,3196
SZ,301662,2.01,3194,8308
SH,688557,1.03,3193,3193
SH,601616,1.36,3193,3193
SZ,002575,-2.66,3190,3366
SH,603210,0.15,3190,4667
SH,603600,1.26,3189,3189
SZ,002912,-0.85,3186,3354
SZ,920047,-1.38,3184,4849
SZ,000576,2.66,3184,3203
SZ,301270,0.06,3183,3369
SZ,300955,-0.9,3183,3183
SZ,301696,2.21,3182,42309
SH,603856,0.36,3182,3182
SZ,000609,0.09,3178,3268
SZ,300889,-0.99,3175,4777
SZ,000421,1.47,3170,3171
SZ,002394,-0.19,3170,3175
SH,605218,1.09,3169,3616
SH,603458,9.99,3168,3168
SZ,002137,0.38,3168,4614
SZ,301042,-0.37,3167,3322
SH,600192,-0.13,3163,3163
SZ,300537,-0.23,3160,4314
SZ,002933,1.35,3158,3171
SZ,300407,-3.32,3158,4223
SH,688077,1.14,3157,3157
SZ,300826,0.56,3157,3282
SZ,301206,1.47,3153,4896
SZ,300352,1.65,3152,3581
SZ,300795,5.91,3151,5413
SZ,300125,-1.9,3150,5813
SH,688229,0.54,3148,3148
SZ,300550,-0.65,3148,3151
SH,603788,0.64,3147,3147
SH,600731,1.22,3147,3218
SZ,300927,1.87,3147,3225
SZ,300691,0.64,3141,3829
SH,600749,-0.49,3139,3139
SH,605259,0.28,3137,3137
SH,688687,-0.8,3137,3137
SH,688081,1.81,3137,3137
SZ,000695,-1.18,3136,3277
SZ,300321,2.52,3135,3139
SH,603258,-0.68,3135,3154
SZ,002296,-0.1,3134,3514
SZ,000890,1.63,3134,3134
SZ,301020,1.57,3130,3130
SZ,300867,1.11,3129,4438
SZ,301281,1.03,3129,4776
SH,603161,-1.67,3128,3676
SZ,300247,0.52,3128,3128
SZ,300698,0.92,3127,3535
SZ,002889,1.39,3125,4698
SZ,301033,-2.93,3125,3718
SZ,301158,2.5,3122,3202
SH,600215,1.64,3121,3121
SZ,300163,7.06,3114,3233
SZ,301133,-0.45,3112,3401
SH,600668,0.53,3109,3109
SH,603001,3.47,3108,3108
SZ,301305,4.26,3106,6044
SZ,301172,2.52,3106,4199
SH,688335,1.45,3106,3106
SZ,003002,3.16,3103,3394
SZ,300816,-0.16,3098,4246
SZ,000151,0.9,3095,3527
SZ,300908,-0.58,3093,3672
SZ,920125,3.19,3092,7583
SZ,002578,5.28,3092,3370
SZ,300864,1.52,3091,3091
SZ,000798,0.84,3091,3092
SZ,300310,0.45,3090,3941
SZ,000615,-1.75,3090,5970
SZ,002795,-0.41,3089,3140
SH,600738,1.5,3088,3091
SH,600053,0,3087,3087
SZ,300860,3.98,3086,5314
SZ,301148,-3.45,3086,6106
SZ,002829,0.33,3085,4389
SH,600594,1.29,3083,3083
SH,688511,-1.53,3083,3083
SZ,300833,0.82,3080,4794
SZ,300135,2.14,3078,3078
SH,601956,1.43,3077,3077
SZ,300798,-0.65,3075,3738
SH,688030,-2.78,3075,3075
SZ,002476,10.09,3072,3072
SZ,002623,0.13,3071,3077
SZ,300563,1.89,3068,4410
SZ,300032,1.87,3068,3068
SH,603808,-0.58,3066,3066
SZ,301266,4.44,3064,3230
SZ,920806,0.79,3061,3061
SZ,002542,-1.13,3060,3143
SZ,300869,-0.85,3057,4657
SZ,300839,1.89,3056,3109
SH,688391,2.24,3055,3055
SH,688071,0.08,3055,3055
SH,603819,-1.19,3055,3055
SZ,300062,-0.59,3053,4195
SZ,000068,3.77,3050,3050
SH,603838,-0.3,3050,3050
SZ,002823,-0.43,3047,4474
SH,688056,4.25,3045,3045
SZ,300600,1.87,3045,3045
SZ,300973,-0.22,3044,4347
SZ,300946,-2.06,3043,6264
SZ,002692,0.95,3043,3045
SZ,300381,1.92,3043,3054
SH,600838,3.55,3043,3043
SH,600272,8.01,3042,4993
SZ,003015,2.16,3041,3460
SH,603949,1.69,3040,3047
SZ,300086,0.73,3032,3131
SZ,301393,1.1,3032,7447
SZ,000530,1.81,3031,4258
SZ,002282,1.87,3030,3161
SZ,300920,0.83,3030,4562
SH,688015,1.13,3028,3028
SZ,002798,0.17,3028,3443
SZ,002547,0,3027,3091
SH,600265,-2.25,3026,3026
SH,605068,-1.42,3025,3025
SZ,300239,0.99,3020,3039
SZ,002168,-1.52,3019,3019
SZ,002355,0,3017,3262
SZ,002388,1.36,3012,3014
SH,603201,-0.05,3012,3038
SH,603896,0.33,3011,3011
SZ,300410,3.93,3010,3010
SZ,002347,0.99,3010,3079
SZ,300052,-3.03,3006,3006
SZ,300982,0.06,3005,3208
SZ,300542,-0.07,3001,3619
SZ,002425,0.31,3000,3119
SH,600322,0.37,2996,2996
SH,600620,1.63,2994,2994
SZ,300877,0.16,2993,2993
SZ,000838,1.07,2993,3125
SZ,300511,2.05,2992,3512
SZ,002863,9.91,2991,2991
SH,600212,3.49,2991,3964
SH,600719,-1.59,2990,2990
SZ,002286,2.15,2980,3063
SZ,000710,-1.52,2976,3192
SZ,003029,-0.75,2973,3268
SZ,002587,0.54,2973,3652
SZ,002259,0.77,2972,2972
SZ,002278,2.6,2971,3218
SH,603722,0.84,2971,3033
SZ,920418,1.34,2970,3076
SH,688280,0.88,2967,3364
SZ,300266,1.06,2966,2968
SZ,300329,-0.58,2965,2974
SZ,002725,1.11,2960,3044
SZ,002878,0.4,2958,3285
SZ,300945,5.09,2958,3247
SZ,301313,1.29,2956,3893
SH,603159,0.29,2954,2954
SZ,001218,-0.07,2952,3309
SZ,300890,1.28,2951,3229
SZ,300858,-1.43,2950,3971
SZ,300875,0.6,2950,3354
SH,600665,-1.15,2947,2947
SH,603192,-0.32,2944,3531
SZ,000910,0.94,2944,2945
SZ,301151,1.81,2938,2941
SZ,300552,-0.54,2934,4629
SZ,002199,0,2933,3092
SH,688479,-1.76,2932,6823
SZ,002689,1.08,2931,2932
SH,600684,1.48,2927,3794
SZ,002224,2.25,2927,3275
SH,600249,0.95,2926,2926
SH,600712,1.69,2925,2957
SZ,300175,2.48,2924,2924
SZ,002899,0.2,2923,2923
SZ,300157,0,2922,3061
SH,600624,4.37,2921,2921
SZ,002921,-1.76,2918,3385
SZ,301068,-0.16,2917,4109
SH,603008,2.73,2913,2913
SZ,002976,2.7,2913,4657
SZ,002022,-0.34,2911,2911
SZ,003023,-1.17,2909,2915
SZ,301525,1.06,2908,5552
SH,688152,0.99,2906,2906
SH,600530,-0.52,2906,2906
SH,600470,2.2,2905,2905
SZ,002403,1.14,2903,3328
SZ,002663,2.41,2902,2930
SZ,002722,2.59,2902,2902
SZ,002875,-0.06,2902,2902
SH,605500,1.45,2901,2901
SZ,001223,-0.42,2898,5424
SH,688285,1.58,2897,2897
SZ,000897,0.56,2895,2895
SH,605169,2.51,2894,2894
SZ,300818,0.74,2891,4463
SH,603006,1.7,2891,2891
SH,600844,1.15,2888,3568
SH,603335,0,2886,2886
SZ,920735,-0.7,2885,3262
SZ,003016,2.03,2884,2952
SZ,301608,1.34,2884,6426
SH,600616,-0.68,2883,2883
SZ,002996,0.96,2883,4211
SH,603190,2.82,2881,2990
SH,603042,1.47,2881,2881
SH,688570,1.19,2878,6621
SZ,002314,1.42,2877,5822
SZ,301631,-0.74,2877,8447
SZ,300584,0.11,2877,4205
SZ,000504,-1.12,2877,2884
SH,603310,0.54,2875,5118
SZ,301260,0.36,2875,6767
SH,603280,-3.94,2874,2874
SZ,300272,-0.79,2870,3779
SZ,300510,0.58,2870,2870
SZ,300237,-1.48,2869,2869
SH,600408,2.52,2869,2869
SZ,300501,1.37,2869,2879
SZ,002682,9.91,2868,2868
SH,688500,1.94,2868,2909
SZ,002846,0.56,2866,4519
SZ,000892,0.75,2865,3953
SH,605080,0,2865,2876
SZ,002521,-1.29,2863,3825
SZ,301066,1.57,2863,2885
SZ,000809,0,2862,2862
SZ,301600,1.36,2862,9272
SZ,300585,3.27,2861,2861
SH,603970,2.61,2857,2857
SH,688765,0.15,2857,14189
SH,603878,2,2856,2856
SH,600785,3.43,2856,2856
SH,600630,1.66,2855,2855
SZ,002748,1.11,2854,2854
SZ,003025,0.88,2853,3578
SZ,000978,0.33,2851,2851
SZ,300148,0.29,2849,2951
SZ,301081,1.76,2849,2966
SH,603829,1.53,2842,2842
SH,605089,1.53,2840,2840
SZ,000529,1.63,2838,2907
SH,688619,0.79,2837,2837
SZ,300447,1.59,2836,4397
SZ,002331,0.57,2835,3020
SH,688292,2.76,2834,2834
SZ,002329,1.87,2834,3621
SZ,301092,2.85,2834,6256
SZ,001256,-1.22,2831,3776
SH,601112,1.24,2831,26958
SZ,300810,1.72,2830,2930
SZ,300279,1.75,2829,2842
SZ,003007,-0.12,2829,4660
SZ,002561,2.4,2826,2836
SZ,300830,-0.11,2825,3785
SZ,301121,-0.42,2822,3633
SZ,002981,0.48,2821,3168
SZ,301255,1.15,2821,3214
SZ,300998,0.23,2820,3592
SZ,002616,1.05,2820,4124
SH,600136,0.69,2817,2959
SZ,000570,1.4,2817,3578
SZ,300931,-1.96,2817,3504
SZ,301082,-0.38,2817,3039
SZ,002866,-2.47,2815,4435
SZ,000698,4.07,2813,2934
SH,603036,0.74,2812,2812
SZ,300449,-0.26,2810,2810
SH,603633,0.61,2808,2808
SH,603037,1.34,2808,2812
SZ,300831,3.05,2808,4870
SZ,002658,-4.85,2808,4978
SZ,002054,1.67,2807,3524
SH,688589,-1.02,2806,2806
SZ,300479,1.35,2806,2808
SZ,001299,1.22,2806,3117
SZ,301439,-2.29,2804,5953
SZ,301202,2.12,2802,4800
SZ,300386,0.45,2801,4670
SZ,000153,2.69,2799,2835
SZ,300853,1.79,2797,4181
SH,600876,0.86,2793,4558
SH,603585,2.39,2789,2836
SH,688727,2.91,2788,23189
SH,603079,9.99,2788,2788
SZ,002072,1.88,2786,2787
SZ,300218,1.26,2786,2795
SZ,920699,-0.64,2784,6085
SH,600405,0.44,2782,2782
SH,605155,0.47,2780,2825
SZ,000826,4.84,2779,2779
SZ,300942,0,2779,2779
SH,603102,10.01,2778,2778
SZ,000669,2.26,2776,2776
SZ,300649,3.24,2775,3463
SZ,300591,-4.57,2772,3209
SZ,002337,1.73,2769,2772
SZ,001324,3.03,2767,2767
SZ,301296,1.73,2762,2762
SH,688828,2.81,2760,42405
SZ,301520,-1.62,2759,7863
SH,688080,1.88,2758,2758
SZ,002962,1.07,2757,3844
SH,601996,0.41,2757,2757
SZ,002323,0,2757,2757
SZ,300615,2.1,2754,3472
SZ,300425,1.51,2750,2756
SZ,300366,0.97,2748,3147
SZ,002917,0.86,2746,3664
SZ,002963,3.08,2745,2764
SZ,000812,1.68,2745,2745
SZ,301279,1.55,2743,3542
SZ,300389,1.46,2741,4610
SZ,301225,0.24,2740,8976
SZ,000159,0.35,2740,2740
SH,603030,1.46,2739,2739
SH,603895,1.28,2738,2738
SZ,300242,-0.91,2735,2735
SH,600386,0.59,2734,2734
SH,688296,6.09,2733,2733
SZ,300485,-0.19,2733,4807
SH,688529,2.07,2731,2731
SZ,000972,-1.66,2730,2730
SH,600257,0.71,2729,2729
SH,603955,0.25,2728,2728
SH,603797,1.28,2727,2727
SH,688357,1.53,2727,2727
SH,688314,-0.53,2726,2726
SZ,300653,-1.42,2725,2725
SZ,300716,-1.09,2725,2725
SH,603215,0.14,2724,3122
SZ,002363,1.39,2723,2731
SZ,002659,-0.65,2722,2722
SZ,300991,1.9,2722,4254
SZ,300439,-1.26,2722,3574
SZ,301149,1.65,2721,4472
SH,603839,0.43,2721,2721
SZ,002404,1.19,2720,3344
SH,601798,1.72,2719,2719
SH,603080,3.23,2715,2715
SZ,301197,1.34,2714,3009
SZ,301622,0.94,2713,4865
SH,603237,-0.06,2710,2799
SZ,002905,-0.12,2708,2916
SH,603602,-0.16,2706,2706
SZ,300230,1.66,2702,3489
SZ,002853,1.79,2702,3839
SZ,002453,2.05,2700,3639
SZ,300887,0.54,2698,4066
SZ,300374,0.55,2697,2698
SH,688367,1.75,2697,2697
SZ,000419,1.64,2696,2696
SZ,300631,0.41,2696,2772
SH,603617,1.6,2695,2717
SH,603066,0.77,2695,2695
SZ,300384,0.08,2694,3905
SZ,301181,-1.99,2694,3452
SZ,300301,0,2693,2830
SZ,300445,1.97,2693,4070
SH,603017,2.63,2693,2693
SZ,300359,-1.38,2692,2692
SH,605166,1.54,2691,2691
SZ,300020,-1.12,2691,2789
SZ,301222,2.35,2688,3539
SZ,002952,1.8,2687,3354
SZ,300162,1.95,2686,3293
SZ,300141,1.54,2684,2718
SZ,300025,-0.18,2680,2692
SH,603768,1.53,2677,2677
SH,603586,2.02,2672,2672
SZ,300647,1.56,2671,2675
SZ,300562,-3.72,2669,3495
SZ,301337,-0.64,2669,2728
SH,603188,1.96,2668,2668
SZ,301122,0.57,2666,4308
SH,603677,0.73,2664,2664
SH,603863,0.39,2662,2662
SZ,002330,3.2,2661,2662
SZ,301046,2.71,2661,3446
SH,600358,0,2661,6130
SH,600381,2.72,2659,2659
SH,600250,0.12,2659,2659
SH,603331,-0.22,2655,2655
SZ,002816,-0.44,2650,2650
SZ,001369,0.71,2647,14636
SZ,300095,0.97,2646,3286
SH,603289,0.78,2644,2644
SH,603107,0.75,2642,4085
SH,600538,0.8,2642,2642
SH,600356,0.34,2641,2913
SZ,000017,-0.16,2641,4128
SZ,002613,0.89,2638,3753
SH,603628,1.68,2637,2642
SZ,002769,0.86,2637,2639
SH,603779,1.28,2637,2637
SZ,002700,5.57,2636,2664
SZ,300477,-1.47,2636,2852
SZ,300426,-2.36,2636,2968
SH,603202,0.4,2635,8397
SZ,301040,-0.31,2634,2791
SH,603151,-3.14,2633,2633
SZ,000019,5.69,2630,7284
SZ,301072,-0.09,2628,4111
SH,600537,0,2628,2628
SH,600793,-0.33,2627,2627
SH,600671,-0.59,2625,2626
SZ,002136,2.51,2625,2632
SZ,300536,1.47,2625,2625
SZ,300334,1.88,2625,2625
SH,601007,0.3,2617,2617
SZ,002983,1.81,2615,4498
SH,600833,0.17,2615,2615
SZ,000565,1.35,2610,2610
SH,688455,2.58,2603,2603
SZ,920068,-0.78,2602,9821
SZ,301190,0.78,2602,3902
SZ,300921,1.07,2601,4126
SZ,300636,0,2601,2973
SH,688316,-0.92,2599,2599
SZ,301528,3.83,2596,5038
SZ,002712,0.42,2596,2613
SZ,301119,0,2595,3209
SZ,301002,3.07,2593,4117
SH,600735,-1.29,2591,2611
SZ,300577,-2.61,2589,4367
SZ,920491,1.73,2589,3155
SZ,920571,4.8,2588,4854
SH,605033,-2.29,2588,2588
SH,601010,1.42,2586,2586
SH,605151,2.23,2586,2586
SZ,002103,-0.74,2585,3558
SH,603721,10.02,2584,2584
SZ,300288,-0.19,2581,3400
SZ,301387,1.85,2580,6486
SZ,301221,1.09,2579,3794
SZ,002871,0.82,2578,4350
SH,600858,2.68,2577,2590
SH,603189,1.59,2577,2577
SH,603089,10.05,2576,2958
SZ,300452,0.08,2574,3039
SH,600289,0,2569,2865
SH,600661,-2.28,2567,2567
SH,688468,0.47,2567,2567
SZ,920190,0.43,2567,2581
SZ,000790,-0.47,2565,2570
SZ,300103,2.54,2564,2566
SH,688129,2.36,2564,2564
SZ,300952,1.47,2563,4168
SH,603801,-0.5,2563,2563
SZ,301380,-0.18,2563,3218
SZ,300582,1.14,2561,3451
SZ,301027,3.83,2561,3106
SH,603373,-2.08,2560,6059
SH,603886,1.14,2558,2558
SH,688648,13.44,2558,5003
SZ,301563,4.44,2556,11308
SH,603880,9.95,2555,2555
SH,603917,0.16,2554,2554
SZ,001333,4.07,2552,2552
SZ,300829,8.47,2550,3698
SZ,300269,0.83,2549,2653
SZ,002869,1.57,2549,2862
SZ,301565,1.27,2545,7952
SZ,000707,2.21,2544,2701
SZ,002687,-5.95,2542,3104
SZ,002660,1.37,2542,2643
SZ,301632,-1.06,2540,5784
SZ,301592,1.35,2539,7610
SZ,301356,1.57,2538,4326
SZ,301178,1.54,2537,3438
SZ,301531,1.6,2534,11877
SH,603320,2.29,2534,2534
SZ,300264,1.79,2533,2947
SZ,300667,2.37,2532,3002
SH,688246,-1.44,2532,2532
SZ,300789,1.28,2531,2608
SZ,300978,0.34,2529,3724
SZ,300555,-0.92,2526,2552
SZ,300097,7.65,2525,2835
SZ,002861,-0.17,2524,3131
SZ,000715,0.97,2524,2805
SZ,002593,0.9,2522,3617
SH,603059,0.36,2521,2526
SZ,300281,-0.15,2519,2656
SH,688718,3.43,2518,2518
SZ,300092,1.78,2516,3284
SH,600560,1.26,2516,2516
SZ,301043,0.66,2515,3014
SZ,001260,-5.48,2514,2514
SZ,002806,1.26,2512,3066
SZ,300464,1.87,2511,3304
SZ,001282,1.11,2508,3648
SH,603818,0.83,2506,2506
SZ,001230,8.53,2505,4278
SH,603836,1.13,2505,2570
SZ,300354,0.33,2504,4260
SZ,920019,3.32,2503,3141
SZ,300898,3.07,2501,2703
SZ,301025,-1.3,2500,3611
SZ,301669,1.4,2498,14640
SZ,301628,5.55,2497,6753
SH,603909,1.48,2497,2497
SZ,002599,0.17,2497,3265
SZ,301106,1.28,2495,2495
SZ,002496,2.93,2492,3181
SH,603828,0.48,2491,2491
SH,603959,0.99,2491,2491
SZ,002855,0.9,2489,2491
SZ,002398,0.97,2489,2856
SZ,920002,3.99,2488,3553
SZ,000545,1.2,2483,2487
SZ,920402,1.11,2483,3841
SZ,300824,0.52,2482,2539
SZ,300965,4.21,2479,2750
SH,603488,0.47,2479,2479
SZ,300701,1.55,2479,2748
SH,603086,1.97,2478,2478
SZ,002442,1.61,2477,2537
SZ,002868,1.36,2475,3581
SH,688066,3.65,2470,2470
SZ,300250,-0.43,2468,3352
SZ,300365,1.05,2467,2891
SZ,301262,3.91,2466,8423
SZ,300460,1.86,2465,2465
SH,600463,0.12,2463,2463
SZ,002742,10.07,2462,3215
SZ,300988,2.15,2462,2992
SZ,002729,1.15,2462,2567
SZ,301397,-0.44,2460,5380
SZ,300275,-2.26,2459,2791
SZ,001219,-0.3,2455,2517
SZ,002574,1.97,2455,2455
SH,688178,3.36,2455,2455
SZ,000014,0.4,2454,2454
SZ,001368,3.19,2447,2561
SZ,300172,1.08,2445,3160
SZ,000430,-1.34,2442,5335
SH,603332,0.8,2440,2440
SH,688369,1.34,2440,2440
SZ,300730,-1.16,2440,2845
SZ,002661,2.46,2440,2562
SZ,300173,0,2439,2439
SZ,301108,0.53,2439,4234
SH,600992,0.4,2439,2439
SH,603136,0.45,2437,2437
SH,600573,0.62,2435,2435
SZ,301665,1.08,2434,10517
SH,688310,1.51,2432,2432
SZ,920510,4.44,2432,4760
SZ,301707,1.35,2431,36950
SH,603307,1.21,2429,2468
SZ,300658,1.57,2427,3657
SH,600319,1.79,2427,2427
SZ,300796,1.66,2427,2427
SZ,002857,2,2426,2465
SZ,002343,-0.57,2425,2425
SZ,300884,2.59,2425,3216
SZ,301283,3.27,2425,3085
SH,605199,0.17,2425,2425
SZ,300993,0.91,2423,3087
SZ,001376,0.27,2423,5217
SZ,002069,2.4,2422,2425
SZ,300583,1.01,2422,2468
SH,603937,1.93,2421,2421
SZ,002184,0.4,2421,3544
SZ,000055,1.42,2420,3844
SZ,301317,1.94,2418,7283
SZ,300891,1.54,2418,2900
SZ,002431,0.75,2415,2415
SH,688026,-5.38,2415,2416
SH,688203,0.25,2414,2414
SZ,301118,1.61,2413,2508
SZ,301658,1.85,2412,10210
SZ,000586,0.8,2411,2439
SH,688517,5.57,2410,2410
SZ,000692,-1.3,2408,2408
SZ,000752,-0.1,2408,2408
SH,600302,-3.46,2405,2405
SZ,002391,1.77,2404,3365
SH,603382,-0.61,2403,3772
SZ,301290,2.1,2401,3022
SZ,300786,3.67,2401,3018
SZ,301088,-1.15,2401,2910
SH,600359,3.29,2396,2396
SH,600831,0.3,2396,2396
SH,603378,-2.26,2396,2396
SZ,301258,1.39,2396,2466
SH,603536,3.11,2396,2396
SZ,002828,1.1,2394,2394
SZ,300956,0.71,2393,2449
SH,688597,-2.46,2393,2393
SH,688721,4.81,2391,5789
SH,688197,-0.52,2387,5547
SH,600491,4.7,2386,2386
SZ,300800,2.73,2383,2408
SZ,300694,3.19,2382,2386
SZ,002825,-0.21,2381,3173
SH,603183,3.68,2381,2381
SZ,002420,2.08,2380,2418
SZ,002114,1.24,2377,2377
SH,600182,2.72,2377,4753
SZ,300690,0.52,2376,3520
SZ,300752,3.5,2375,3435
SZ,300512,1.1,2374,3000
SH,605003,1.74,2374,2374
SH,688113,2.36,2374,2374
SZ,300340,1.28,2374,2391
SZ,002932,0.13,2373,3534
SZ,001367,0.67,2372,2971
SH,603578,2.73,2372,3078
SH,603787,1.28,2370,2370
SZ,301596,-1.02,2369,5838
SH,603172,2.07,2366,2366
SZ,002058,-0.65,2366,2371
SZ,002377,1.5,2364,2483
SZ,301195,0,2362,3558
SZ,000635,0.78,2362,2538
SH,600854,1.34,2358,2358
SH,603922,5.12,2355,2355
SH,603096,-0.06,2354,2354
SZ,002576,1.61,2353,2397
SZ,000573,0.27,2348,2368
SZ,001205,2.4,2347,2651
SZ,300987,0.07,2347,2347
SH,603755,2.59,2347,2347
SZ,002723,2.78,2346,2459
SH,603557,-1.82,2344,2344
SZ,002879,-1.09,2344,3300
SZ,000955,1.4,2342,2342
SZ,002836,2.73,2341,2341
SZ,920971,4,2338,2836
SH,688244,0.52,2337,2337
SZ,002319,2.29,2336,2336
SZ,300916,-1.18,2335,3616
SZ,002890,1.69,2333,2455
SH,600965,10.04,2333,2333
SZ,002887,5.2,2331,3283
SZ,300513,1.64,2329,2331
SZ,300849,-2.84,2329,3168
SH,603700,0.61,2328,2328
SH,600753,-0.58,2324,2324
SH,600281,2.27,2320,2320
SZ,002702,1.61,2317,2807
SH,688501,0.68,2317,2317
SZ,301125,-0.59,2315,2612
SZ,002763,1.2,2314,3124
SH,605069,1.68,2310,2310
SH,603285,10,2309,5931
SZ,300211,-0.89,2307,2349
SZ,002397,1.14,2306,2662
SZ,300732,1.3,2306,2309
SZ,002234,0.26,2306,2670
SZ,301588,-0.18,2304,3734
SZ,300235,-0.78,2304,2855
SH,688201,0.28,2299,2299
SZ,301331,0.4,2297,2303
SZ,000757,0.94,2296,2296
SH,603023,1.23,2294,2294
SZ,300989,1.08,2292,2963
SZ,301185,-0.05,2291,2534
SZ,301079,0.81,2290,3228
SH,600533,1.87,2289,2289
SZ,300808,0.1,2289,3080
SZ,300780,3.3,2288,3121
SZ,002908,-0.55,2288,3067
SZ,301089,-0.46,2287,3199
SZ,301117,1.34,2285,3566
SZ,300198,-3.03,2285,2300
SZ,300980,4.08,2284,3207
SZ,300774,3.23,2282,4570
SH,600239,0.71,2280,2280
SH,603117,1.33,2277,2277
SZ,300484,0.66,2276,2834
SZ,300922,0.9,2273,2897
SZ,300112,0.42,2271,2753
SZ,002771,0.46,2270,2729
SH,603407,0.96,2270,25786
SZ,301161,6.72,2267,3524
SZ,300703,1.64,2266,2459
SH,603091,1.92,2264,7363
SZ,002852,2.06,2264,2724
SH,605001,2.67,2263,2263
SZ,002900,0.79,2261,4438
SH,600423,0.71,2260,2260
SH,688272,2.45,2257,2257
SZ,300107,0.78,2257,3652
SZ,002295,1.69,2256,2258
SZ,000953,-0.15,2255,2255
SZ,001259,1.02,2255,3490
SZ,300599,3.01,2255,4294
SZ,300565,1.13,2252,2465
SH,603356,1.26,2251,2251
SZ,301011,2.54,2250,2369
SZ,000548,0.9,2246,2246
SH,688755,0.36,2243,3212
SH,603176,2.54,2240,2305
SZ,002492,0.9,2240,2280
SZ,002820,9.96,2240,2240
SZ,001228,2.56,2239,2912
SZ,002864,1.34,2238,3103
SH,688623,-2.98,2237,5386
SZ,300940,0,2233,3157
SZ,002076,2.88,2230,2374
SZ,001211,4.37,2227,2386
SZ,300771,-0.75,2225,2825
SZ,300013,-2.2,2225,2228
SH,688355,2.45,2225,2225
SZ,300612,0.33,2224,2236
SZ,300422,0.94,2222,2296
SZ,301019,1.13,2218,3025
SH,688251,2.17,2214,2229
SZ,000679,1.47,2213,2213
SH,688581,0.39,2212,4337
SZ,920344,-1.66,2210,2367
SZ,301077,-3.7,2210,3936
SZ,000952,1.74,2208,2208
SZ,300165,0.77,2208,2601
SZ,300902,3.33,2206,3214
SH,600892,4.51,2204,2204
SH,688737,1.38,2201,2201
SZ,002633,1.45,2199,2205
SH,603238,1.56,2198,2198
SZ,002614,1.43,2198,3106
SZ,002775,1.92,2196,2435
SH,603321,1.27,2195,2222
SZ,002671,1.53,2195,2235
SZ,301220,1.52,2194,3178
SZ,002762,1.87,2192,3671
SZ,300546,0.87,2191,3047
SZ,300970,3.29,2190,2837
SZ,002799,0.74,2189,2189
SZ,301599,5.26,2188,17264
SZ,002732,1.83,2183,2193
SH,600148,0.92,2182,2182
SZ,300106,4.98,2181,2181
SH,600187,0.75,2179,2179
SH,600371,4.64,2177,2177
SH,603326,0.89,2174,2174
SZ,000590,0.67,2173,2174
SH,603381,1.93,2172,3625
SH,688426,1.15,2170,2176
SH,600774,1.38,2170,2171
SH,601083,0.72,2168,14455
SZ,300637,3.24,2167,2169
SZ,300960,2.3,2166,2389
SZ,001365,-0.31,2163,19751
SZ,002942,2.03,2162,2422
SZ,301212,1.5,2160,2488
SH,688038,2.65,2160,2160
SZ,300509,1.51,2157,2588
SZ,002918,1,2157,4117
SZ,300412,2.22,2157,2295
SH,600241,1.24,2154,2154
SZ,920261,1.43,2154,3913
SZ,300947,0.78,2153,2154
SZ,001390,1.8,2152,3624
SZ,920060,2.49,2151,3448
SZ,001332,1.91,2150,4948
SH,688013,1.03,2149,2149
SZ,002666,1.42,2148,3381
SZ,300375,1.77,2147,3079
SZ,002998,0,2145,2814
SZ,920111,6.19,2143,4417
SZ,300665,2.18,2143,2256
SH,688613,0.71,2141,2141
SZ,002679,1.34,2141,2141
SZ,000605,1.51,2141,2141
SZ,920017,-1.46,2138,2161
SH,688657,3.95,2137,3416
SZ,300929,1.19,2134,2249
SZ,002622,1.2,2134,2134
SH,605180,-0.62,2131,2131
SH,603182,0.62,2131,2131
SH,603193,-0.18,2131,8343
SH,688060,2.28,2131,2131
SH,603968,1.76,2131,2131
SZ,300673,0.15,2128,3279
SZ,300778,-0.28,2128,2128
SH,603377,-1.99,2125,2125
SZ,002848,-1.15,2122,2145
SZ,300295,-3.35,2119,2397
SZ,300719,1.2,2119,3000
SZ,300314,20.03,2119,4245
SZ,300313,20.02,2118,2573
SZ,300844,0.86,2117,2196
SZ,300074,1.32,2117,2119
SZ,300710,-0.13,2117,2824
SZ,300597,1.43,2111,2121
SZ,001360,5.32,2111,3431
SZ,002105,-0.16,2110,2121
SZ,300575,3.57,2109,2915
SH,603168,1.8,2108,2118
SH,600159,2.42,2108,2108
SH,600439,0,2105,2105
SH,600768,-0.5,2105,2105
SZ,300753,-1.87,2105,3019
SZ,300240,1.94,2104,2151
SH,603900,1.49,2101,2102
SH,605177,-0.47,2100,2120
SZ,002696,0.32,2099,2171
SZ,301335,7.14,2096,3030
SZ,301041,3.19,2094,2829
SH,600287,0.63,2092,2092
SZ,300854,5.16,2092,2566
SH,603177,0.1,2091,2091
SH,603616,0.56,2087,2103
SZ,301557,2.17,2087,5204
SZ,301103,-0.74,2085,2709
SZ,301332,1.68,2084,3632
SH,603982,1.66,2081,2238
SH,688132,1.11,2079,2079
SZ,002133,0.75,2079,2090
SZ,002551,4.29,2078,2875
SZ,301428,0.68,2075,2940
SZ,001266,1.89,2072,3694
SH,603825,0.86,2070,2070
SZ,300883,2.13,2063,2159
SZ,920961,1.24,2063,2794
SH,600107,0.53,2063,2063
SZ,300254,1,2062,2333
SZ,000020,1.43,2062,3222
SH,603282,2.8,2061,2061
SZ,300350,0.92,2061,2456
SZ,000633,3.08,2060,2060
SZ,002253,-0.4,2060,2213
SZ,002524,2.02,2057,2082
SZ,301198,-0.23,2056,2141
SH,600807,0.38,2054,2309
SZ,002652,1.26,2053,2053
SZ,300423,5.66,2052,3065
SZ,002873,1.9,2052,2090
SZ,300335,1.14,2051,2547
SH,603041,2.85,2051,2051
SZ,300305,-1.53,2051,2395
SH,688096,0.23,2050,2050
SH,688716,1.56,2047,3563
SH,688156,0.59,2046,2046
SZ,301208,2.54,2044,3638
SZ,300967,1.74,2043,3071
SZ,301056,5.45,2042,3095
SH,603810,1.9,2040,2040
SZ,300966,0.76,2039,3066
SZ,000985,1.29,2038,2038
SZ,002999,2.07,2037,2061
SH,600444,1.38,2037,2037
SZ,002615,1.2,2034,3768
SH,600128,0.86,2033,2074
SZ,920087,16.27,2028,2042
SZ,300787,-0.86,2022,3225
SZ,920978,1.42,2022,3606
SH,603506,1.13,2020,2020
SZ,002800,2.4,2017,2077
SZ,001356,10.06,2015,5610
SH,600235,1.78,2013,2013
SH,603270,0.35,2010,6229
SH,600706,2.46,2007,2015
SZ,301299,2.07,2005,2716
SH,600238,0.45,2004,2017
SH,603208,0.26,2002,2002
SH,688759,-1.3,2001,12507
SZ,002995,-0.27,2000,3157
SZ,300150,0.94,1998,2522
SH,603028,1.45,1995,2015
SZ,300906,1.58,1994,2208
SZ,300897,-1.86,1994,3194
SZ,002909,1.75,1993,2044
SH,600099,1.45,1992,1992
SH,600847,3.76,1988,1988
SZ,003001,-0.05,1987,3032
SH,605336,-0.17,1986,1986
SZ,001234,0.46,1986,2357
SZ,920405,-0.63,1986,2549
SZ,000705,-0.41,1985,2352
SZ,920178,0.9,1984,6793
SH,603879,1.28,1984,1984
SH,688420,2.8,1983,1983
SZ,001255,1.95,1983,2234
SZ,002205,1.33,1983,1983
SZ,301024,0.88,1982,2047
SZ,920247,0.84,1982,2732
SZ,002715,-0.61,1982,1982
SH,688670,0.31,1979,1979
SZ,301371,3.13,1977,13190
SZ,300543,1.54,1977,2420
SZ,300437,2.16,1974,2786
SZ,002893,0.72,1973,2565
SZ,300817,1.22,1972,3436
SZ,300396,-1.22,1971,1974
SH,688616,2.14,1971,1971
SZ,300807,-0.12,1971,2581
SZ,300659,0.29,1968,2708
SH,688118,0.67,1968,1968
SZ,301067,-3.04,1965,2994
SZ,001366,1.41,1965,1965
SH,688051,2.84,1960,1960
SZ,300935,3.3,1959,2582
SH,600303,0.7,1958,1976
SZ,002968,1.43,1958,2079
SH,688395,0.98,1954,1954
SZ,920208,0.33,1953,2255
SH,603435,1.5,1953,25126
SH,600051,1.62,1952,1952
SZ,300992,0.93,1948,2381
SZ,300076,-0.42,1942,1942
SZ,301318,0.72,1942,2820
SZ,300937,-2.5,1941,2863
SZ,301062,1,1941,3055
SZ,301180,0.51,1940,4728
SZ,000995,-0.36,1936,1936
SH,600678,0.54,1933,1933
SH,605122,0.18,1932,1932
SH,603029,2.32,1931,1931
SZ,002817,1.37,1929,1989
SZ,300881,2.69,1928,3694
SZ,001268,-0.09,1926,3077
SH,688004,-3.4,1926,1926
SZ,002598,0.6,1925,2097
SZ,300644,1.49,1923,2413
SZ,002760,1.37,1922,1922
SZ,301052,0.21,1922,2370
SZ,300743,1.07,1921,2280
SH,600202,1.21,1921,1921
SZ,003017,2.77,1919,2317
SH,603214,1.32,1917,1917
SZ,000702,1.66,1913,1913
SZ,920879,1.03,1912,2555
SZ,300717,2.01,1912,1929
SH,603262,-1.76,1909,7316
SZ,002581,8.43,1908,3140
SZ,301590,1.58,1906,4605
SZ,002535,2.82,1903,2044
SZ,301010,2.14,1903,1903
SZ,002753,2.55,1902,2756
SZ,002634,-0.45,1902,1975
SZ,000911,3.94,1902,1902
SZ,001237,0.7,1899,8081
SH,603021,-3.57,1897,1897
SH,688393,-0.04,1896,1896
SZ,301141,-1.63,1895,5281
SH,603718,-1.01,1895,1895
SZ,002972,3.38,1894,3461
SZ,300030,-0.56,1889,2146
SZ,301138,2.15,1889,3306
SH,688092,1.11,1888,1888
SZ,300642,-0.57,1888,2225
SZ,301585,0.58,1885,2879
SZ,920189,5.92,1883,3138
SH,603120,4.68,1882,4488
SZ,300538,0,1873,2816
SZ,300675,0.71,1871,1871
SH,603709,1.41,1870,1877
SZ,002159,-0.43,1869,2394
SZ,000909,0.95,1869,1869
SZ,000639,4.85,1867,1867
SH,600149,1.03,1867,1867
SH,688189,-1.29,1866,1866
SZ,301309,1.49,1863,3091
SZ,300923,2.35,1859,1915
SH,688288,1.53,1859,1859
SZ,301509,-3.21,1856,3940
SZ,301227,1.45,1856,3301
SZ,002529,0.99,1854,1854
SZ,301360,1.62,1853,3798
SH,603717,2.08,1851,1851
SH,603325,1.14,1851,4331
SZ,301556,4.83,1849,5348
SH,603418,1.48,1847,8621
SZ,301130,1.43,1847,2394
SZ,000856,2.01,1846,1846
SH,601026,-4.31,1844,10946
SZ,300961,1.51,1843,2150
SH,600448,2.1,1839,1839
SZ,920476,-0.3,1835,2046
SZ,000056,3.57,1835,2401
SZ,300645,1.23,1828,1864
SH,600883,2.38,1827,1827
SZ,300081,0.33,1826,1826
SH,605567,1.33,1826,1826
SZ,002209,0.35,1823,2362
SZ,002856,3.96,1821,1989
SZ,300941,0.34,1813,3000
SZ,300651,1.1,1813,2477
SZ,301231,2.18,1812,2337
SH,600080,-0.4,1810,1810
SZ,301159,1.31,1802,2629
SZ,002630,-0.59,1798,1972
SZ,002862,0.65,1798,2369
SZ,001206,-0.23,1795,3106
SH,600082,-1.04,1795,1829
SH,603082,10.01,1791,7358
SH,688681,1.78,1791,1791
SZ,920914,0.56,1789,1790
SZ,300837,2.07,1788,2365
SH,688058,1.77,1787,1787
SZ,300912,-0.09,1787,2367
SZ,001378,-0.65,1786,3669
SZ,300556,1.54,1785,2000
SZ,300876,0.96,1783,2390
SH,600180,-1.79,1782,1782
SZ,003030,0.14,1782,2746
SZ,300971,2.39,1780,2269
SZ,003038,1.67,1777,2669
SZ,002877,0.96,1777,2630
SZ,301388,1.37,1774,2501
SZ,301057,2.53,1773,2559
SH,603908,2.2,1770,1770
SZ,002381,0.92,1765,2255
SH,603860,2.08,1764,1764
SZ,301030,-2.12,1762,1765
SZ,002802,2.89,1760,2131
SH,603022,1.39,1756,1756
SZ,002743,0.75,1756,1758
SH,603255,-1.39,1755,3894
SZ,301063,1.68,1755,1895
SZ,003027,1.33,1754,2187
SZ,003005,0.36,1754,3195
SZ,300707,2.35,1753,2123
SH,600137,1.81,1753,1753
SZ,300195,1.64,1751,2364
SZ,002198,0.29,1751,1751
SZ,300169,1.93,1750,1969
SH,688450,5.65,1748,2358
SZ,301538,1.81,1747,4387
SZ,300845,4.47,1747,2499
SH,600778,1.81,1746,1747
SZ,002569,-1.02,1742,1791
SZ,002780,0.38,1740,2203
SZ,301336,-0.66,1736,2243
SZ,000619,1.69,1735,2126
SZ,000663,2.72,1734,1906
SH,600818,-0.81,1732,2340
SZ,002629,2.14,1732,2037
SZ,001285,0.19,1727,7512
SZ,301548,1.81,1725,5722
SZ,300614,1.61,1720,1720
SZ,002717,-2.9,1719,1820
SZ,920015,0.54,1719,5823
SZ,920509,2.2,1718,3280
SH,688793,7.5,1718,1718
SZ,301595,1.75,1714,4545
SZ,001233,0.15,1711,8438
SH,688659,3.29,1710,1710
SZ,920339,-3.9,1710,2491
SZ,000632,-0.26,1708,1708
SZ,301135,2.24,1707,2193
SZ,300554,2.91,1705,2462
SZ,301098,-0.44,1702,2041
SZ,301586,1.48,1702,2668
SH,603231,0.31,1699,3061
SH,688466,1.98,1699,1699
SZ,301166,-1.2,1698,2593
SZ,920021,-0.14,1696,2117
SZ,300472,-1.14,1695,1897
SH,600243,-1.27,1694,1694
SZ,002495,2.09,1693,2283
SH,688078,2.38,1691,1691
SZ,300610,2.2,1691,2165
SH,603789,-0.14,1690,1724
SZ,301065,1.5,1690,2076
SH,603092,0.23,1683,19476
SZ,001222,0.75,1679,2837
SZ,300519,-0.6,1678,2354
SZ,300245,-0.69,1677,1742
SH,600697,1.8,1673,1713
SH,688565,1.27,1671,1671
SZ,003042,2.89,1669,1929
SZ,000929,1.24,1668,1668
SZ,002910,3.4,1666,1905
SZ,301680,0.09,1663,8195
SZ,300950,1.07,1662,2604
SZ,300616,-0.27,1659,2400
SH,600493,1.67,1659,1659
SZ,001386,3.91,1658,18426
SZ,300220,1.76,1658,1660
SZ,002227,2.13,1653,1665
SZ,300268,8.8,1653,2153
SZ,301667,0.09,1644,7739
SZ,002211,-0.25,1643,1643
SZ,001209,1.42,1643,2249
SH,600119,0.45,1640,1640
SH,688528,2.63,1640,1640
SH,688509,0.95,1632,3265
SZ,002592,-0.47,1630,1761
SH,688329,3.79,1629,1629
SH,688021,2.75,1628,1628
SZ,301032,2.31,1628,2455
SZ,300995,1.48,1627,2468
SZ,002982,1.05,1625,2538
SZ,301383,0.97,1625,3757
SZ,002620,-1.14,1625,1940
SZ,301687,0.87,1623,7650
SZ,301618,0.81,1621,4253
SZ,002949,1.52,1621,2092
SZ,301210,5.32,1621,4243
SZ,301456,1.5,1619,3591
SH,600561,1.25,1616,1616
SZ,920026,-1.31,1616,2143
SZ,003028,0.84,1613,3287
SZ,300167,1.79,1611,1894
SZ,003011,5.7,1611,2152
SH,600689,1.05,1610,2126
SZ,301229,1.8,1608,2261
SZ,002835,-1.01,1605,2768
SH,600796,0.19,1604,4463
SH,603312,-5.68,1603,5037
SZ,301581,2.8,1601,3029
SZ,920083,2.96,1601,3758
SZ,001202,2.54,1600,2284
SZ,001296,0.41,1596,2948
SH,603257,-0.38,1595,7686
SZ,300306,1.81,1593,2719
SZ,300500,1.71,1592,1653
SZ,002566,1.03,1590,2270
SZ,300514,1.74,1590,1984
SZ,301361,0.93,1586,3275
SH,600692,1.47,1584,2184
SZ,920138,1.11,1583,19803
SH,688712,-0.13,1581,14457
SZ,301036,2.33,1580,2243
SZ,301587,1.08,1579,3168
SZ,300813,1.22,1577,2512
SH,688781,1.9,1576,38600
SZ,920839,0.17,1575,2855
SZ,300625,1.25,1571,2710
SZ,301022,1.34,1571,2326
SZ,301491,1.81,1571,5297
SH,688067,1.27,1568,1568
SH,603400,0.63,1567,5615
SZ,301555,0.65,1566,2989
SZ,301023,1.58,1565,2822
SZ,301636,2.68,1565,2682
SH,603406,0.64,1564,10656
SZ,920106,-1.18,1562,2024
SZ,920174,0.97,1562,6071
SZ,300462,-0.34,1561,2050
SH,603395,10.01,1557,6230
SZ,920892,0,1557,1758
SH,600476,0.31,1553,1553
SH,603402,-0.79,1550,6202
SZ,001395,0.64,1547,3373
SZ,002306,0.53,1544,1653
SZ,301512,1.6,1543,2365
SZ,002513,2.5,1543,2006
SZ,002790,2.07,1543,2474
SH,688130,3.65,1543,3094
SZ,300977,1.75,1542,2477
SZ,002316,1.8,1540,1777
SH,603275,1.23,1539,5508
SZ,301203,0.98,1538,2807
SZ,300892,2.11,1533,2374
SZ,002247,1.28,1532,2025
SZ,300828,8.49,1530,3019
SZ,301518,0.15,1530,3788
SZ,301390,0.94,1529,1870
SH,600455,2.21,1528,1528
SH,688022,3.1,1523,1523
SH,603272,0.41,1522,1522
SZ,002694,0.48,1517,1610
SZ,920857,-2.05,1510,1510
SZ,301320,1.85,1508,2403
SZ,301505,1.47,1507,1891
SZ,301507,4.67,1506,4878
SZ,002144,1.02,1505,1932
SZ,003008,1.2,1502,2010
SZ,300640,-0.14,1499,2112
SZ,001326,2.85,1498,4565
SZ,301683,1,1493,6608
SZ,300865,1.97,1488,2476
SZ,301167,1.74,1486,1575
SZ,000677,-1.14,1486,1486
SZ,300670,6.1,1485,2095
SZ,301303,0.48,1484,5936
SZ,301129,-0.31,1482,2985
SZ,001226,3,1481,3259
SZ,301100,3.22,1481,3358
SZ,002691,2.8,1478,1496
SZ,300371,1.84,1469,2111
SZ,301558,1.67,1468,5277
SZ,301560,0.88,1462,2911
SZ,301633,-1.37,1462,3190
SH,603391,3.56,1461,5844
SZ,300904,1.27,1460,3055
SZ,300549,1.76,1457,1923
SZ,300621,-0.68,1456,1496
SH,688592,7.97,1454,3052
SZ,920010,-0.59,1453,1956
SH,603062,2.73,1452,4229
SZ,002809,2.9,1448,2047
SZ,300635,1.7,1444,1679
SZ,301278,2.33,1443,2518
SZ,920088,-0.26,1442,3900
SZ,001358,10.01,1434,3467
SZ,002591,1.43,1430,1921
SZ,301152,1.06,1427,2388
SZ,301355,2.3,1427,1992
SZ,300155,0.7,1426,2430
SZ,920371,3.1,1426,1504
SZ,301126,1.08,1424,2122
SZ,001387,1.41,1424,2237
SZ,301508,1.18,1413,5431
SZ,000610,0.33,1413,1420
SZ,300564,1.3,1412,2012
SZ,300838,0.87,1411,1914
SZ,002188,2.43,1410,1793
SZ,002977,0.09,1408,2537
SZ,000010,0,1404,1759
SZ,301295,2.74,1399,4798
SZ,301601,1.79,1396,2322
SZ,301097,1.68,1396,2909
SZ,301501,9.08,1395,4745
SZ,001278,1.49,1394,2022
SZ,920953,1.48,1394,2981
SZ,301298,1.58,1392,1889
SZ,301156,3.34,1392,2167
SZ,002494,2.11,1388,1826
SZ,002883,0.44,1388,1413
SZ,001239,2.02,1385,2916
SH,688806,0,1379,12449
SZ,301009,0.22,1377,2479
SH,688576,2.55,1375,2879
SH,688217,-0.35,1375,1375
SZ,300535,10.42,1368,1803
SH,688805,0.79,1364,6821
SZ,002200,3.57,1362,3140
SZ,301288,3.26,1362,1884
SZ,920533,2.32,1355,2423
SZ,300594,0.68,1353,1366
SZ,920751,0.25,1349,1409
SZ,301469,2.02,1349,2620
SZ,300605,-0.18,1346,1759
SZ,001277,1.2,1345,2244
SZ,300126,2.74,1344,1939
SZ,301131,2.36,1343,1875
SH,688671,2.38,1343,1961
SZ,920038,1.26,1342,4106
SZ,301233,1.73,1342,2446
SZ,920821,-0.48,1338,2540
SZ,920837,0.41,1332,1488
SH,688790,-0.65,1328,10427
SZ,300994,0.89,1324,2646
SZ,920200,-1.8,1322,3025
SZ,920119,0.91,1321,4837
SZ,301515,1.56,1317,1949
SZ,301329,0.25,1313,3384
SH,600543,2.26,1310,1310
SZ,003003,1.46,1308,1962
SZ,920701,1.25,1304,1785
SZ,920225,-1.86,1303,1998
SH,603207,-0.7,1301,3829
SZ,301584,-1.17,1300,10199
SZ,301516,14.53,1294,5176
SZ,920682,0,1292,2227
SZ,002830,0.94,1291,2586
SZ,920367,4.63,1291,2179
SZ,920039,-0.35,1291,1291
SZ,301272,2.44,1288,2035
SZ,300823,2.5,1285,1984
SZ,920274,4.43,1284,1284
SZ,920207,-0.47,1284,2102
SZ,301677,0.54,1284,5988
SZ,301163,0.86,1283,1914
SZ,301157,2.02,1283,3726
SH,603293,0.22,1281,6539
SZ,300517,1.1,1280,2032
SZ,920238,0.73,1279,6274
SH,688089,-0.51,1278,1278
SZ,301503,0.27,1273,2296
SZ,002193,3.85,1272,1272
SZ,301300,4.36,1272,2130
SH,603344,5.71,1271,4577
SZ,001319,1.95,1262,2812
SH,603350,0.78,1262,3332
SZ,301502,1.13,1262,3054
SZ,920403,8.14,1260,2119
SZ,920211,1.74,1259,3735
SZ,300405,1.78,1254,1629
SZ,920523,0.46,1250,1562
SZ,920790,1.11,1240,1801
SH,603370,0.72,1222,6109
SZ,920981,5.37,1222,2429
SZ,301083,3.11,1219,2533
SZ,920273,-0.1,1217,1829
SZ,301001,1.38,1216,1934
SZ,300886,5.11,1214,1931
SZ,300915,3.23,1212,2651
SZ,920425,1.6,1212,1472
SH,603352,0.26,1212,6059
SZ,300430,-0.42,1211,1272
SZ,301359,2.29,1210,2044
SZ,300804,2.15,1202,3234
SZ,300899,2.38,1200,1869
SZ,301446,-0.02,1198,3921
SZ,920046,-1.33,1197,2166
SZ,920489,2.53,1197,1882
SZ,920284,-0.93,1197,1870
SH,603004,0.54,1196,4783
SZ,301559,1.3,1193,7956
SZ,301372,-1.15,1192,1986
SZ,001336,2.04,1190,1934
SZ,300713,0.76,1189,2113
SH,603276,1.35,1189,3270
SH,600365,-0.7,1188,1262
SZ,300851,1.56,1188,2092
SZ,920033,1.06,1186,1706
SZ,920249,3.38,1183,4001
SZ,001373,1.95,1183,1936
SZ,300152,0.61,1176,1176
SZ,920012,23.87,1175,3002
SZ,920304,1.89,1170,1465
SZ,920237,-0.94,1167,1190
SZ,301006,1.62,1155,1919
SZ,002872,0.19,1152,1704
SZ,301418,2.78,1144,2849
SZ,920089,0.29,1141,2004
SZ,920171,1.02,1138,1687
SZ,301539,1.42,1123,2214
SH,688701,2.72,1117,1117
SZ,300949,2.32,1117,1954
SZ,920566,-1.67,1117,1436
SZ,920885,2.61,1114,2151
SZ,920429,6.64,1112,1220
SH,688184,-0.78,1106,1766
SZ,920099,-1.52,1103,1760
SH,603334,6.53,1100,4961
SZ,001379,1.75,1098,3262
SZ,920575,-1.01,1097,1641
SZ,301577,2.21,1090,2606
SZ,300958,2.84,1086,1870
SZ,920932,1.56,1079,1304
SZ,920130,0.97,1078,1735
SZ,920252,-0.24,1071,1611
SZ,920152,-1.43,1068,1432
SZ,001382,-0.11,1067,6975
SZ,920505,-4.24,1062,1911
SZ,920396,0.88,1058,1490
SH,688695,2.12,1052,1676
SZ,001231,2.04,1047,2048
SZ,920001,1.05,1043,1779
SZ,920642,1.36,1043,1081
SH,603729,0.18,1040,1040
SZ,001312,-1.45,1039,4240
SH,688816,0.32,1037,5051
SZ,301513,1.42,1036,5142
SZ,920199,-0.9,1036,1860
SZ,920592,0.15,1031,1656
SZ,002514,0.54,1031,1339
SH,603468,-0.8,1029,10602
SZ,000820,-0.85,1025,2231
SZ,920419,0.67,1019,1089
SZ,920357,1.06,1016,1680
SZ,920985,0.65,1013,1430
SZ,301173,3.18,1011,2882
SZ,301616,1.71,1011,2849
SZ,301459,3.14,1011,4035
SZ,001279,0.8,1006,4024
SZ,920062,1.47,1006,1429
SZ,920184,-0.88,1000,1474
SZ,920792,-1.1,992,1616
SZ,920924,-2,988,1622
SZ,002719,-1.13,986,1061
SZ,920161,-1.1,985,3631
SZ,920786,4.09,983,1488
SZ,920100,2.11,982,3704
SZ,300338,-0.35,980,1127
SZ,920124,1.35,979,1902
SZ,920690,-0.67,979,1507
SZ,920206,0.26,969,2518
SZ,301399,2.85,968,3277
SZ,920270,2.06,968,1246
SZ,920092,-0.67,964,1816
SZ,920167,0.75,961,1617
SZ,301105,2.22,960,2422
SH,603409,0.97,958,3339
SZ,920415,0.23,957,1242
SZ,920098,0.71,945,1387
SZ,301386,3.47,940,2925
SZ,300417,2.11,932,1500
SZ,301519,2.62,922,1959
SZ,920726,0.8,920,1668
SZ,920169,2.38,920,1462
SZ,920005,0.42,917,1986
SZ,920436,-0.38,915,975
SZ,920496,-0.62,913,1043
SH,603205,0.14,905,3413
SZ,920266,-1.54,903,945
SZ,920223,0.91,903,1738
SZ,920028,3.05,900,2278
SZ,301037,1.54,896,1832
SZ,920694,-0.06,893,1879
SZ,301170,2,892,2346
SZ,920943,5.59,891,1746
SH,688638,3.34,885,1873
SZ,301668,0.5,884,3996
SZ,920018,0.39,883,2543
SZ,920227,-0.35,883,1940
SZ,920195,2.63,882,1222
SH,688573,1.67,875,1607
SZ,920541,0.1,872,1323
SZ,301049,3.09,871,1916
SZ,920670,-0.45,869,1385
SZ,920220,1.58,867,2769
SZ,920833,-2.25,861,1139
SZ,920873,1.42,857,1097
SZ,001306,0.86,856,3474
SZ,301598,1.56,855,2869
SH,603284,2.1,854,3418
SZ,920020,0.52,853,3453
SZ,920748,0.3,851,1773
SZ,920193,1.9,850,3754
SZ,920122,0,848,2094
SZ,920433,-1.75,848,1282
SH,603376,0.49,845,10568
SZ,920156,1.73,844,4048
SZ,920770,0.98,844,1340
SH,603073,-0.11,843,1921
SZ,920855,-0.39,840,936
SZ,920693,1.02,834,1657
SZ,920663,-0.99,828,1725
SZ,920027,0.44,828,1183
SZ,001335,1.91,819,3005
SZ,920478,-0.97,816,1342
SZ,920000,-2.4,816,1298
SH,603273,1.54,811,3115
SH,603075,0.85,809,7682
SZ,920221,0.31,804,1544
SZ,301449,0.08,803,3568
SZ,301314,1.81,802,2428
SZ,920870,0.5,802,1628
SZ,001396,1.6,796,3745
SZ,920181,8.06,793,3417
SZ,920260,-1.23,790,827
SZ,920519,0.81,790,888
SZ,920378,-0.13,786,1098
SZ,920974,0.33,785,1001
SZ,920556,0.45,784,1083
SZ,301552,0.84,783,3131
SZ,920445,8.23,781,1071
SZ,920006,0.55,780,1473
SZ,301533,4.58,779,2694
SZ,301567,3.03,779,2641
SZ,920832,0,768,860
SZ,920689,-0.19,764,1478
SZ,301429,0.94,759,2039
SZ,920768,-1.11,759,1098
SZ,920976,-0.97,758,1218
SZ,001325,-0.65,741,2966
SZ,920765,0.14,740,1219
SZ,920395,0.57,740,1074
SZ,920078,-1.03,738,2273
SZ,920363,0.97,735,1294
SZ,920639,0,735,1248
SZ,920058,-3.05,735,1493
SZ,001220,-0.24,731,2925
SZ,920370,0,724,829
SZ,920242,0.66,723,1293
SZ,920263,0.14,722,994
SZ,920942,1.87,721,1065
SZ,920475,-3.46,719,1294
SZ,920685,0.9,717,1125
SZ,920634,3.31,709,1117
SZ,920061,-0.38,709,1275
SZ,301287,4.6,709,2773
SZ,301578,0.95,708,2489
SZ,920866,5.15,700,1105
SZ,920720,0.53,697,2495
SZ,300784,0.61,694,2321
SZ,920547,-0.37,694,1428
SZ,920299,-0.77,694,1377
SZ,920856,-4.67,692,1240
SZ,920081,3.35,692,2936
SZ,920781,0.18,688,884
SZ,920564,0.07,688,1495
SZ,920553,-1.87,687,1052
SZ,920706,-0.06,685,1359
SZ,920123,0.77,683,1172
SZ,920245,0.55,681,884
SZ,920163,2.75,680,1441
SZ,920925,0.74,673,1201
SZ,920346,0.13,673,1210
SZ,920008,0.46,672,1257
SZ,920964,1.79,671,1186
SZ,920608,1.4,665,858
SZ,920579,0.88,664,1929
SZ,920375,0,663,1109
SZ,920527,3.19,663,854
SZ,920627,0.86,661,1333
SZ,920108,0.44,660,1558
SZ,920101,0.53,660,2114
SZ,920187,-0.35,646,1761
SZ,920300,-0.09,641,828
SZ,920278,-1.51,641,1134
SZ,920204,0.08,639,1205
SZ,920118,4.35,639,1054
SZ,920876,0.56,639,1044
SZ,920175,0.25,632,948
SZ,920570,-0.07,631,1242
SZ,920422,2.48,629,841
SZ,920079,0.07,624,5770
SZ,920580,-0.25,623,978
SZ,920107,101,608,2701
SZ,920578,2.21,607,1308
SZ,920471,1.72,597,936
SZ,920834,0.11,590,1128
SZ,920096,1.09,587,2501
SZ,920675,0.14,583,1271
SZ,920469,0.9,580,791
SZ,920641,0,578,958
SZ,920014,0,578,1050
SZ,920719,0.13,572,717
SZ,920057,0,571,888
SZ,920455,0.17,570,1040
SZ,920090,-1.54,567,759
SZ,920112,-0.17,566,1930
SZ,920992,-1.94,566,1117
SZ,920086,0.73,564,1725
SZ,920826,-5.79,564,1255
SZ,920665,0.69,560,1134
SZ,920198,-3.65,557,1275
SZ,920065,-1.25,554,3177
SZ,920271,-1.33,552,1248
SZ,920146,1.4,552,686
SZ,920906,0.79,551,1074
SZ,920075,-0.25,549,1013
SZ,920262,-0.42,541,1164
SZ,920454,0,540,1152
SZ,920896,0,539,1228
SZ,920729,1.02,536,1889
SZ,920810,0,533,819
SZ,920374,1.53,533,1306
SZ,920871,0.45,524,946
SZ,920023,0,524,638
SZ,920662,0.05,520,1687
SZ,920050,-0.37,519,1941
SZ,920703,0.83,519,1470
SZ,920230,1.02,516,1098
SZ,920056,1.41,511,1353
SZ,920166,-1.56,507,1606
SZ,920069,-0.78,501,1796
SZ,920149,0.25,500,605
SZ,920030,0,497,790
SZ,920753,-0.38,496,1235
SZ,920176,-0.33,496,3669
SZ,920212,1.39,490,1008
SZ,920392,0.22,490,1043
SZ,920145,-0.39,489,706
SZ,920080,1.24,487,1760
SZ,920407,0.09,480,1179
SZ,920779,0.39,469,1877
SZ,920082,0.12,469,1669
SZ,920718,1.43,460,898
SZ,920508,-0.68,460,866
SZ,920177,1.14,458,1294
SZ,920351,0.09,456,1008
SZ,920656,-0.27,455,1405
SZ,920950,0.08,453,930
SZ,920126,1.2,452,1883
SZ,920414,1.26,450,640
SZ,920258,1.63,448,4980
SZ,920427,-0.1,444,899
SZ,920128,0.72,442,1476
SZ,920016,1.02,441,992
SZ,920091,0.93,439,1860
SZ,920168,-0.12,435,1160
SZ,920136,0.19,434,1654
SZ,920180,0.41,434,1436
SZ,920970,0.33,432,684
SH,688121,0.47,432,498
SZ,920158,0.75,430,1609
SZ,920188,0.51,426,1786
SZ,920110,0.42,423,1016
SZ,920159,4.65,414,2187
SZ,920055,1.06,407,1808
SZ,920957,0.87,395,991
SZ,920036,0.84,391,1630
SZ,920007,0.81,385,1611
SZ,920802,-5.6,384,869
SZ,920072,-1.37,384,2032
SZ,920035,1.29,383,1690
SZ,920218,2.35,376,1669
SZ,920165,0.99,373,1874
SZ,002731,1.27,367,410
SZ,920009,-1.54,366,2815
SZ,920717,-0.47,366,947
SZ,920895,1.6,365,718
SZ,920011,1.33,355,1576
SZ,920191,-0.1,350,1554
SZ,920066,0.6,332,1051
SZ,920183,1.34,323,1407
SZ,920003,-0.05,321,1495
SZ,920222,-2.39,320,2371
SZ,920022,0.16,318,1155
SZ,920132,0,317,934
SZ,920931,1.33,306,1000
SZ,920504,0,304,771
SZ,301139,-3.01,294,469
SH,688496,-5.42,207,392
