market,code,chg_pct,vol_rank,amt_rank
SH,601288,1.39,2091050,2292389
SH,601398,0.53,2049053,2708688
SH,601857,1.87,1760093,1989438
SZ,300750,-0.42,1696577,1842565
SH,600519,-0.21,1612868,1612868
SH,601138,-2.34,1322212,1322212
SH,601988,1.19,1258270,1923608
SZ,300308,-1.09,1098829,1158026
SH,600036,0,788026,963398
SH,601628,-1.13,774011,1050599
SH,601088,1.21,747539,983182
SH,688256,-0.2,724749,724749
SH,600900,0.32,686334,686334
SH,601899,-0.59,683155,881748
SH,688041,-2.91,651651,651651
SZ,000333,0.17,569714,631275
SZ,300502,-2.73,569276,632825
SZ,002371,1.47,563577,564027
SH,601318,-0.57,548993,932544
SH,601728,0.45,515461,607607
SZ,002475,-1.43,424781,448716
SH,603259,-1.19,407819,491992
SH,601166,-0.1,376911,376911
SH,688012,0.65,367796,373903
SH,601658,0.2,356837,590868
SH,600183,-1.55,343047,345501
SH,600030,-0.32,334246,428886
SH,600276,-1.22,333111,346595
SH,603993,-1.66,328438,402427
SH,601998,1.69,318767,435145
SZ,002415,-1.02,314171,318296
SZ,002594,-0.23,312610,817448
SZ,300394,-1.31,307785,308474
SH,600000,-0.21,300419,300419
SH,603986,0.6,298595,313448
SZ,002384,-1.23,298018,393741
SZ,000858,-0.29,280750,280757
SH,688825,-2.26,271984,4039606
SH,688981,-1.06,270541,1158311
SZ,300059,-1.22,258253,306001
SH,688008,-0.85,254653,271509
SZ,002916,-2.76,253964,260212
SH,600150,-0.47,252033,252033
SH,601225,1.47,248192,248192
SZ,300408,1.92,248030,264865
SH,601319,-0.28,244580,304703
SH,601211,-0.54,241277,315404
SH,601816,0,238757,238757
SZ,002463,-0.75,238698,238890
SZ,300476,-1.4,235420,267416
SH,600309,1.46,232281,232281
SZ,002938,-3.03,220707,221348
SZ,000651,-0.14,219942,223104
SZ,000001,0.18,215791,215794
SH,600919,0.95,215261,215261
SZ,002142,1.03,214614,214749
SH,688072,3.06,209481,215399
SH,601601,-0.39,205557,288899
SH,601919,1.75,204044,248107
SH,603288,0.08,197096,207420
SH,688498,-1.17,193704,196239
SZ,300433,3.19,189693,201490
SH,600406,-0.58,187471,188023
SZ,300274,-1.72,185328,242027
SH,600176,-0.75,182574,184024
SH,601328,0.58,180943,613245
SZ,300760,-0.58,180171,180340
SH,601668,0,180157,180157
SH,600025,0.52,179045,179045
SH,600989,1.61,170867,170867
SH,601985,0.11,165795,180587
SH,601066,-2.05,163951,195779
SH,600487,2.27,163266,164114
SH,601869,4.32,159606,325193
SH,600031,0.37,159064,172590
SZ,301165,-3.55,158949,158949
SH,600887,-0.15,158544,159336
SH,688082,3.64,157589,159300
SZ,002281,-0.78,155835,164063
SZ,002352,-0.45,155347,170438
SH,600584,0.09,153764,153764
SZ,000338,-0.05,152607,266032
SH,600111,-1.35,152556,152556
SZ,003816,0.26,152227,195430
SZ,000792,1.21,150173,150175
SZ,300124,-0.93,147969,166220
SZ,300604,-0.85,146832,193662
SH,601766,0.67,146210,172480
SH,600809,0.6,145969,145969
SH,601872,0.67,145422,145422
SH,601100,-1.5,143709,143709
SZ,002050,-1.02,142548,162513
SZ,000063,-2.29,141732,168333
SH,601009,1.42,141316,141316
SH,601688,-0.61,140655,173767
SH,603256,-1.13,139956,143911
SH,601818,0,138756,176666
SH,688120,-0.32,137237,137237
SH,601229,1.06,135412,135412
SH,600999,-0.97,134635,157755
SH,600690,0,134378,201525
SH,600050,-0.45,133259,134437
SH,600188,1.13,133177,224223
SZ,301200,3.33,132211,152037
SH,601898,2.86,131514,190527
SZ,300857,-0.54,130313,130983
SH,603019,-1.65,130300,130305
SZ,002714,0.97,130137,229015
SH,688361,-1.1,128355,128355
SZ,000568,0.27,127364,127437
SH,601600,-1.04,124640,161943
SH,600760,-1.27,124331,124567
SH,600019,0.87,123988,126118
SZ,000776,-0.98,123985,164322
SH,600346,0.63,123677,123677
SH,600489,0.08,123606,123606
SZ,000408,-0.91,123441,123442
SH,600522,0.64,123310,123310
SH,688506,-0.73,122698,122698
SH,605117,0.59,122421,122421
SH,688525,0.9,122183,122183
SH,601336,-0.79,121122,181183
SH,600016,0,120926,149298
SH,600926,1.78,119899,119899
SZ,300014,-1.09,119503,122943
SH,600018,0.79,119256,119426
SZ,301308,0,118152,180117
SH,688111,-1.19,117108,117108
SZ,000977,-1.87,116114,116245
SZ,002353,1.14,116086,171987
SH,600104,-0.59,115068,115068
SZ,300442,-3.41,114716,115053
SH,688521,-4.19,114013,114013
SZ,000938,-3.35,113402,113402
SZ,000988,-0.82,113282,113340
SH,601698,-0.95,112791,112791
SZ,002028,0.2,112089,143618
SH,600660,0.38,111907,145806
SH,688347,0.89,111038,473218
SH,603501,-1.21,109858,114476
SH,600547,0.66,109518,139681
SZ,002156,3.29,108559,108569
SH,600160,-1.56,108530,108530
SZ,000657,5.11,107686,168822
SH,600905,-0.26,106060,106060
SH,600089,-1.03,105704,105704
SZ,000100,0.96,105420,108997
SZ,301217,-3.94,105285,105285
SH,601169,0.4,105081,105081
SH,601888,-0.42,105043,111785
SH,600015,0.3,101710,105198
SZ,000166,-0.87,101635,112930
SZ,002080,-2.38,101560,101560
SZ,300033,-2.19,101190,173717
SH,601995,-1.33,101067,166878
SH,600938,2.13,100434,1596531
SH,601939,1.36,100158,2731108
SH,600893,-1.16,99036,99053
SH,688183,-1.39,97680,97680
SH,600362,-2.55,96499,161017
SH,601012,-0.77,96469,96469
SZ,002736,-0.39,96124,102417
SH,601633,-0.83,95293,131528
SZ,002602,-0.99,94680,102674
SZ,002008,-1.99,94477,101673
SH,601006,0.64,93951,93951
SH,603228,-2.14,93134,94963
SZ,002600,-0.84,92664,104508
SH,601168,-1.41,92413,92413
SH,600549,1.47,92086,94080
SZ,000807,-0.66,92004,92005
SZ,002648,2.67,89178,89235
SH,600795,0,89178,89178
SZ,002001,2.09,88797,89867
SH,601390,-0.22,88612,106957
SH,688249,0.89,88314,98302
SH,688271,-0.67,88243,88243
SH,601881,-0.81,87935,132744
SZ,000538,-0.49,87849,88410
SZ,300757,1.69,87778,90500
SH,688200,-0.94,86932,86932
SZ,000895,0.56,86328,86339
SH,601689,-1.36,86231,86231
SZ,000617,-1.29,86219,86219
SH,600941,-0.53,86214,2071129
SH,603893,-4.34,85591,85602
SH,688396,0.71,84448,84448
SH,601727,-1.03,84272,103808
SH,688702,-1.99,83886,169433
SZ,000301,0.16,83794,83830
SH,601868,-0.38,82369,112370
SH,688002,4.1,81797,81797
SZ,300498,1.19,81042,90693
SH,601127,-2.1,81006,90618
SH,601825,0.12,80901,83232
SH,600118,-1.14,80492,80492
SH,600236,0.1,80321,80321
SH,688126,4.48,79579,92541
SZ,300620,-1.6,79501,80094
SZ,300475,1.94,78905,82325
SZ,001289,-0.37,78755,130580
SH,600436,-0.74,77949,77949
SH,601991,-2.94,77352,115482
SH,601838,0.83,77055,77055
SH,600011,0.15,75884,108317
SH,600482,-1.29,75714,75714
SZ,002311,1.31,75507,75580
SH,688777,-1.41,75130,75511
SZ,000636,2.18,74998,74998
SZ,000630,-1.76,74324,89441
SZ,002179,-1.05,74297,74433
SH,600674,0.46,73997,73997
SH,600703,4.66,73887,73887
SH,600039,0.12,73739,73739
SZ,001309,2.35,73545,101093
SH,601958,-0.86,73405,73405
SH,688519,-1.72,72918,72918
SH,688585,5.47,72912,72912
SZ,300661,-2.42,72363,82432
SH,688313,-0.35,72060,72060
SZ,002202,-1.55,72046,90474
SH,688766,3.67,71839,71839
SZ,002466,-0.54,71646,83177
SZ,002428,0.05,71638,71647
SZ,000425,-0.37,71374,92870
SZ,300759,0,71158,92066
SH,688037,1.87,71123,71123
SZ,002027,-1.2,70622,70622
SH,603195,-1.45,70620,70749
SH,688172,-0.63,70343,83773
SZ,000708,0.94,70307,70307
SH,688629,-1.88,70117,71222
SH,601179,-2,70071,70071
SH,601231,1.14,69948,69948
SH,600988,2.62,69635,79532
SH,688409,1.34,69565,69565
SH,600010,-0.44,69526,100402
SH,601186,0,69480,82020
SZ,000426,-1.13,69286,69303
SH,600585,0,69088,91663
SH,601800,-0.33,69048,95499
SH,603156,2.34,68811,68811
SZ,002241,-1.62,68419,77262
SZ,300015,-1.03,68352,79883
SH,600026,0.73,68253,97552
SZ,000975,0.41,68203,74941
SH,601111,-0.84,68083,119881
SH,603296,-2.51,67649,128437
SH,600029,-0.39,67520,90786
SH,600958,-0.76,67449,76725
SZ,000021,0.12,67138,67147
SZ,001979,0,66878,67981
SH,600415,2.01,66680,66680
SH,688017,-0.52,66045,66045
SH,600066,2.94,65975,65975
SH,600233,2.56,65947,65947
SZ,000831,-1.22,65817,65817
SZ,002851,-1.38,65695,78163
SH,600023,0,65569,65569
SZ,002460,-0.32,65527,113431
SZ,002837,-2.09,64956,73224
SZ,300285,3.47,64893,75845
SH,601018,0.3,64783,64783
SZ,000960,-1.33,64303,64303
SH,688036,0.79,64282,64282
SZ,002625,-1.58,64012,64013
SH,601360,-2.55,63836,63836
SZ,000703,-0.94,63500,63820
SZ,300548,-1.72,63320,63448
SH,688141,-0.07,62910,62910
SZ,002185,-0.41,62865,62879
SH,600105,1.15,62851,62851
SZ,300765,0.63,62813,62813
SH,600048,0.38,62725,62725
SH,601916,0,62694,79922
SH,600875,-1.03,62673,95762
SZ,001965,0.44,62379,62379
SZ,002128,0.55,61442,85697
SZ,002595,-1.13,61193,61619
SH,601669,-0.2,61175,80618
SZ,300054,0.41,60757,77915
SZ,300666,1.29,60431,75423
SH,688019,0.57,60149,60149
SZ,002709,-0.64,60028,81094
SH,688630,1.15,59806,66509
SZ,002304,-0.47,59699,59700
SH,601061,1,59535,59535
SH,688147,-1.2,59512,59512
SH,600115,-1.12,59417,77086
SZ,002422,-2.11,59347,72699
SZ,000933,-0.71,59268,59306
SZ,000768,-1.29,59193,59283
SZ,000625,-0.55,58945,70679
SH,688432,7.84,58814,58814
SH,688048,0.12,58751,58751
SH,601077,1.38,58598,75297
SZ,002484,1.37,58180,60311
SH,600426,1,58099,58106
SZ,300136,-0.46,57822,67798
SZ,002436,-0.96,57575,64469
SH,600460,0.94,57194,57194
SH,600009,-0.34,57020,57206
SH,601788,-0.94,56725,66949
SZ,300316,1.48,56688,60278
SH,600221,0,56556,57045
SH,600885,0.39,56472,56472
SZ,002049,-2.2,56312,56320
SH,601901,-0.72,56308,56308
SH,601233,0.6,56019,56121
SZ,002064,-3,55858,55977
SH,600096,3.59,55784,55784
SZ,002821,-0.79,55705,63389
SH,600580,0.94,55436,55596
SH,688110,-0.88,55240,55240
SH,688469,0.11,55176,78797
SZ,300373,1.82,55081,55204
SH,600219,-1.43,55007,55007
SZ,002532,-1.24,54950,61933
SZ,300450,-0.41,54938,58983
SZ,301358,-1.06,54894,60884
SH,600803,1.83,54738,55156
SH,600601,1,54714,56072
SZ,002920,0.35,54645,54662
SZ,300567,-0.68,54229,66815
SH,600372,-0.88,54099,54099
SH,600378,0.28,54079,65042
SZ,301269,-0.86,53862,53862
SH,688548,-1.65,53845,53845
SZ,301526,-1.03,53437,143482
SH,600879,-1.63,53383,53383
SH,601059,-0.71,53347,53347
SH,603659,-0.63,53197,53197
SH,600498,0,53065,56676
SH,601877,-0.95,52994,52994
SZ,300418,-0.88,52067,56927
SH,688578,-3.61,52065,52065
SH,600497,-0.38,51866,51866
SH,603083,-1.8,51472,68778
SZ,002558,-0.47,51429,51429
SH,688627,0.74,51394,51394
SH,600350,-0.08,51295,51295
SH,688234,-1.01,51140,57674
SZ,000963,-0.94,51118,51139
SH,600196,0.25,50992,64277
SH,688375,-1.03,50924,50924
SZ,001872,1.42,50880,54855
SH,600895,-0.72,50596,50596
SH,601208,0.58,50398,50398
SZ,300803,-2.47,50080,50448
SH,600206,5.46,49870,49870
SZ,000783,-2.18,49439,49439
SH,600418,-2.87,49412,49412
SZ,003031,1.26,49285,65353
SH,601699,0.74,49149,49149
SH,600667,-1.67,49068,49068
SZ,000157,0.14,49064,60021
SH,600741,-0.25,48174,48174
SZ,300395,-1.56,48051,49287
SZ,002414,0.28,47988,60303
SZ,000066,-2.1,47964,47968
SZ,002812,0.62,47687,56887
SH,688729,-0.57,47622,80509
SH,601298,0.34,47504,57187
SZ,301377,3.05,47161,202286
SZ,300390,-2.21,47030,54913
SZ,002074,-1.7,46840,48943
SH,688331,-2.15,46658,74003
SH,605376,1.2,46502,46502
SH,688223,-0.44,45904,45904
SH,601607,-0.17,45855,60965
SH,601618,-0.77,45703,52971
SH,603129,1.78,45615,45615
SH,600726,-2.86,45525,48156
SH,600377,0.17,45436,60201
SH,601058,-1.14,45409,45409
SH,600985,-0.17,45381,45381
SH,688808,4.17,45327,241164
SH,601117,0,45234,45364
SZ,000811,-0.15,44047,44681
SH,601198,-1.01,43767,43767
SH,688220,-3.55,43503,43503
SH,601021,-0.64,43321,43321
SH,600930,-0.73,43295,168109
SH,603650,3.67,43199,43304
SH,688728,-3.2,43140,43170
SH,688146,-4.57,42897,156653
SH,603260,-0.62,42879,42879
SH,688336,-1.96,42866,42866
SH,603268,0.05,42778,186833
SH,600352,-0.14,42554,42554
SZ,002203,-2.77,42539,44070
SZ,002407,0.2,42448,46748
SH,601878,-0.74,42445,42445
SH,688187,-0.8,42307,64792
SH,688188,1.31,42279,42279
SH,600143,2.5,42157,42773
SH,688009,-0.6,42071,51678
SH,600027,0.22,42023,52950
SH,601212,-0.7,41689,41689
SH,600392,-1.73,41612,41612
SH,600642,0.71,41548,41551
SH,688099,-2.73,41261,41261
SH,601108,-0.1,41237,41237
SH,600570,-2.07,40997,40997
SH,603806,0.38,40957,40957
SH,603087,-1.84,40880,43523
SH,600141,2.6,40715,40715
SZ,300346,1.37,40698,42879
SZ,000999,0.04,40586,40624
SH,600968,2.57,40559,40559
SZ,300017,-2.72,40443,42651
SZ,002138,-0.03,40440,42549
SH,600061,-0.77,40411,40411
SZ,002850,-0.2,40387,55156
SH,688433,1,40357,40357
SH,600995,-0.15,40270,40270
SH,603699,-1.47,40250,41160
SH,601555,-0.73,40048,40048
SZ,300979,0.03,39701,39701
SH,601126,-0.92,39612,39997
SZ,301511,-1.67,39586,62591
SH,601665,1.42,39569,39569
SH,600021,-0.98,39478,39478
SZ,002129,1.45,39467,39501
SZ,300672,-4.4,39409,40676
SZ,002429,-0.22,39407,39430
SH,603929,3.12,39376,39376
SH,688536,0.15,39330,40034
SZ,000596,1.09,39258,50788
SZ,002155,-0.07,39188,39191
SH,603379,-0.07,39162,39162
SZ,002273,-1.57,39125,39828
SZ,000559,-0.91,39109,39121
SH,688303,-1.44,39109,39109
SH,600588,-1.54,39090,39090
SZ,002236,-0.3,39071,53420
SZ,000983,0.73,38945,38945
SH,600256,2.7,38927,38927
SH,601456,-0.66,38911,50500
SH,688025,-1.44,38875,38875
SH,688668,-5.01,38783,38783
SH,600707,9.98,38747,38755
SZ,002078,0.43,38705,39787
SH,600578,-2.35,38695,38695
SH,688300,-3.81,38662,38662
SH,600901,0.76,38622,38632
SZ,002738,-0.49,38530,39525
SZ,002294,-1.58,38519,38528
SH,601136,-1.11,38513,38513
SZ,002945,-1.92,38340,38340
SH,600869,0.52,38306,38306
SZ,300001,-1.06,38195,39089
SZ,000688,0.31,38195,38195
SZ,300751,5.63,38105,55108
SH,600845,-1.54,38008,50899
SZ,000893,1.06,37944,43190
SZ,300570,1.65,37860,44742
SZ,300115,-0.91,37829,37941
SZ,000987,-1.04,37801,37829
SH,605358,5.07,37799,37799
SH,601238,-0.77,37657,52005
SZ,002056,-0.29,37652,37691
SZ,002966,0.35,37625,38269
SZ,300919,-0.95,37622,42959
SH,603369,1.79,37603,37603
SH,688472,-1.05,37561,37561
SH,601216,-0.44,37549,37549
SZ,300037,-1.81,37400,51566
SH,688295,0.31,37359,37359
SH,601777,-1.3,37344,37344
SZ,002195,-2.49,37289,37626
SH,601577,0.43,37232,37240
SZ,300489,3.7,37158,37294
SH,600663,-0.2,37102,47481
SH,688167,-2.43,36972,36972
SZ,300972,0.79,36949,40217
SH,600711,-1.24,36747,36747
SH,603392,-2.42,36528,36528
SH,600600,-1.14,36527,70270
SZ,300782,-1.23,36519,46844
SH,601808,2.07,36414,58691
SH,605589,-2.4,36324,36344
SZ,001203,-0.67,36240,42543
SZ,300866,-0.93,36214,68855
SH,688322,-0.57,35982,46382
SZ,300832,2.22,35925,41321
SH,600298,-0.13,35855,36301
SH,603823,10,35766,35766
SH,600177,0.25,35577,36525
SZ,300870,-2.57,35536,35540
SH,600330,2.98,34906,34906
SZ,002432,-1.26,34737,34784
SZ,002126,-2.01,34637,36888
SH,688052,-1.02,34632,39485
SZ,300454,-2.95,34411,51563
SH,603298,-0.1,34409,34409
SH,600157,0,34254,34254
SZ,302132,-1.66,34232,156077
SZ,002444,-0.95,34150,35572
SH,600863,-1.22,34116,37844
SH,603486,2.18,34109,34421
SH,603308,-2.17,34109,34109
SH,601598,0.46,34091,47418
SH,600641,0.92,33866,34456
SH,688676,-0.45,33767,33767
SH,603127,0.47,33727,40262
SZ,002340,-1.47,33705,33880
SH,601611,-1.67,33544,33544
SH,688775,-3.04,33369,51593
SH,600085,-0.69,33286,33286
SH,688235,-0.21,33280,446106
SH,688122,-2.17,33276,33276
SH,688027,-1.15,33269,42576
SZ,000878,-2.06,33240,40234
SZ,000661,-1.61,33232,33924
SZ,000423,0.58,33085,33143
SH,600060,0.71,33076,33198
SH,688362,-1.36,33040,33040
SZ,002859,2.6,32929,34876
SH,601696,-1.98,32864,32864
SZ,002032,-1.01,32603,32618
SH,600839,-1.66,32535,32545
SZ,002252,-0.6,32414,32436
SZ,002378,1.2,32364,32534
SH,688213,-1.36,32344,40223
SH,600348,1.36,32323,32323
SZ,002517,-2.73,32247,36469
SH,601236,-0.86,32243,32243
SH,603198,1.88,32112,32112
SH,600562,-1.1,32052,32052
SZ,000876,2.02,31815,31835
SH,600109,-1.14,31792,31792
SZ,300748,0.18,31618,38668
SZ,002222,-0.33,31563,31704
SH,688266,-2.57,31500,31500
SH,601162,-1.87,31469,36871
SH,688385,2.71,31468,48056
SH,688333,-1.7,31210,31210
SZ,301396,-3.13,31180,47356
SZ,000729,0.08,31144,34978
SH,600733,-2.45,31131,32791
SZ,300207,-2.2,31125,33550
SH,600353,9.99,31114,31114
SZ,002245,-0.66,31088,33041
SZ,300251,-1.31,31056,32827
SZ,000728,-0.83,30983,30983
SH,688102,-0.54,30973,31063
SH,603606,-0.81,30972,30972
SH,600563,-1.05,30965,30965
SZ,000786,0,30935,31168
SH,603061,-0.61,30885,30885
SH,688301,-1.42,30846,30846
SH,688195,1,30726,30726
SH,688599,-1.2,30617,30617
SZ,002601,-2.15,30609,36717
SZ,000800,1.14,30608,30610
SH,600801,-0.47,30537,47318
SZ,000967,-1.4,30488,30501
SZ,002555,-1.73,30446,42431
SH,600259,-0.9,30444,30444
SH,600737,3.36,30307,30307
SZ,300347,-3.51,30159,45841
SH,688169,2.06,29996,29996
SZ,002261,-2.31,29902,32873
SZ,002131,-4.31,29801,34468
SH,600332,-0.23,29763,34418
SH,603186,2.98,29760,29760
SZ,300903,0.3,29755,36869
SZ,301236,-3.04,29739,39182
SZ,000060,-0.73,29667,29667
SZ,002673,-0.74,29633,29633
SH,603568,-2.09,29600,29600
SZ,000027,-0.31,29591,29591
SH,688387,-1.14,29465,49948
SH,601933,1.54,29363,29363
SZ,002939,-1.21,29290,32800
SZ,002025,-0.97,29284,29293
SH,603939,0.5,29243,29243
SH,603920,1.73,29220,29220
SH,601001,1.93,29206,29206
SZ,300814,-3.45,29164,29164
SH,688180,-3.05,29161,39066
SZ,000962,0.33,29049,30456
SH,600699,-0.9,29016,32241
SZ,300628,-0.49,28977,50575
SH,600483,0.77,28969,28969
SZ,000883,-0.21,28964,31645
SH,688127,0.78,28912,28912
SZ,000958,-0.55,28909,98360
SH,603338,1.7,28786,28786
SH,688568,-2.67,28711,28711
SH,600282,1.31,28668,28668
SZ,300458,-1.69,28652,34966
SZ,002472,-1.05,28626,32504
SZ,000629,-0.96,28429,28430
SZ,300236,0.28,28340,31884
SH,600398,-0.33,28336,28336
SH,688318,-2.94,28327,28327
SH,600517,-0.59,28249,28249
SH,603766,-0.35,28216,28216
SZ,002747,-1.25,28121,34783
SH,601990,-0.74,28099,29214
SH,688411,-1.13,28053,38607
SZ,300432,-0.71,28032,28348
SZ,300339,-2.59,27997,28671
SH,603688,0.9,27972,27972
SH,603067,1.23,27932,27932
SH,688192,-1.26,27927,28166
SZ,300209,-4.37,27919,34898
SZ,003022,0.29,27890,27913
SH,603444,-1,27798,27798
SH,603179,-2.08,27782,27782
SZ,300811,3.03,27757,33817
SH,600499,1.77,27636,27636
SH,600079,-0.05,27623,29217
SH,603663,4.08,27570,27589
SZ,000737,-3.6,27444,27447
SZ,301018,-3.28,27400,36260
SH,688001,3.57,27389,27389
SH,688205,5.23,27375,27375
SH,688297,-1.57,27358,27358
SH,688065,0.13,27250,33691
SZ,000887,-1.09,27234,27278
SH,688248,3.44,27185,27185
SZ,002797,-1.22,27063,27063
SH,600637,-1.58,27063,27063
SH,600583,8.91,27014,27014
SZ,002046,-0.07,26981,27287
SH,600369,-0.97,26979,26979
SH,600777,1.2,26865,28698
SH,600312,-1.68,26772,26772
SZ,300438,1.04,26752,33316
SH,601000,0.89,26726,26726
SH,688820,0.87,26701,287668
SH,601880,-0.67,26699,34179
SZ,002608,-1.11,26673,26673
SH,600299,2.01,26609,26609
SH,688018,-0.79,26598,26598
SZ,002841,-0.32,26563,35624
SH,601918,1.89,26501,26501
SZ,000981,-2.11,26352,27693
SH,688114,-1.89,26335,26390
SH,600546,1.53,26307,26307
SZ,000959,0,26304,27375
SH,600515,0,26243,32676
SZ,000877,-0.8,26238,26238
SZ,002465,-1.85,26142,26183
SH,605111,-0.05,26129,26129
SZ,002487,-1.47,26057,30566
SH,600331,-0.46,26050,33865
SH,601615,-1.11,26030,26030
SH,605090,0.05,25990,26016
SH,600732,1.4,25958,26080
SH,688502,7.81,25872,25872
SH,601799,-1.63,25837,25837
SH,603773,10,25825,25825
SH,688403,-0.03,25761,25761
SH,688608,-1.66,25726,25726
SH,603119,-1.96,25648,25648
SH,600246,1.88,25577,26289
SH,600521,-1.66,25558,25558
SH,600208,-0.98,25439,25442
SZ,000739,-1.16,25406,25416
SZ,002244,1.32,25397,28656
SH,600704,0.82,25390,25390
SH,600918,-0.35,25324,43947
SH,600998,0.6,25313,25313
SH,601069,0.32,25276,25954
SZ,002459,-0.9,25231,25253
SH,603306,-0.13,25203,25203
SH,601155,0.45,25195,25195
SZ,000547,-1.3,25140,25288
SH,600595,-1.41,25130,25130
SZ,301205,-1.4,25106,38998
SH,603678,0.71,25081,25081
SZ,000415,0.43,25077,28758
SZ,001267,-2.09,25000,32248
SH,689009,0.84,24946,32650
SH,600862,-1.21,24866,24866
SZ,002180,1,24852,25978
SZ,000951,-0.46,24818,24818
SH,603049,1.01,24769,42894
SZ,002364,-2.67,24757,25000
SH,688778,-0.4,24684,24684
SZ,000062,-0.66,24639,24663
SZ,000932,-0.27,24601,24601
SZ,002396,-4.27,24586,24688
SZ,300255,-1.82,24574,24612
SH,601606,-1.3,24508,24508
SZ,001270,-1.02,24494,24651
SZ,002223,-1.06,24481,26044
SH,603881,-2.64,24422,24422
SH,600161,-0.71,24421,24421
SZ,002266,-0.58,24407,26305
SH,600295,-0.39,24398,34565
SZ,002536,-2.83,24389,25750
SZ,300024,-0.63,24339,24345
SH,688392,11.52,24304,24304
SZ,002015,-1.83,24285,24285
SZ,000738,-1.59,24213,24213
SZ,000582,2.01,24135,28166
SZ,300806,2.5,24130,33486
SH,600323,0.44,24094,24094
SZ,301536,-0.91,24051,54182
SZ,002157,3.7,23986,28491
SH,688278,0.1,23944,23944
SZ,002152,-2.03,23853,23865
SH,603160,-1.7,23816,23816
SZ,002456,-0.68,23721,24996
SH,601118,1.84,23665,23665
SZ,002491,-0.93,23659,24735
SH,600396,-5.13,23637,23637
SZ,000921,0.2,23602,35383
SH,601099,-2.25,23584,23584
SH,600126,-2.5,23573,23573
SZ,300558,-19.99,23513,23588
SH,601928,-0.1,23489,23489
SH,688123,1.66,23456,23456
SH,600598,7.76,23448,23448
SZ,002603,-0.11,23387,28385
SH,603596,-0.45,23366,23366
SZ,920185,-0.61,23262,23652
SZ,002430,0.34,23246,23256
SH,688257,-0.94,23224,23224
SZ,300383,-2.33,23218,23261
SH,688503,0.26,23218,23218
SH,688475,-1.49,23208,23208
SH,601399,-1.52,23156,23156
SH,688596,0.82,23130,23130
SH,601228,0.66,23086,23086
SH,600535,0.59,23082,23082
SH,603885,-0.83,23057,23057
SZ,300776,0.34,23004,36593
SZ,000830,0.42,22983,22985
SZ,000564,-1.29,22944,27448
SH,688372,-1.58,22936,22936
SH,600186,-2.43,22919,22965
SH,600664,1,22918,22918
SH,603005,-0.13,22891,22891
SZ,300677,0.22,22852,32135
SZ,300738,-1.77,22850,22857
SH,600100,-1.29,22849,22849
SZ,000733,-0.62,22840,22843
SH,688400,-0.57,22815,23726
SZ,000155,-0.48,22726,22726
SH,600166,-1.36,22723,22723
SH,600095,-1.72,22673,22673
SH,603301,0.26,22651,22651
SH,688097,2.49,22636,22636
SH,600388,0.51,22543,22543
SH,603565,0.56,22534,22534
SZ,300623,1.81,22484,24380
SH,603530,1.45,22472,22679
SZ,000400,-0.75,22463,22542
SH,601128,0.82,22436,22436
SH,688349,-1.3,22428,22817
SH,603358,3.59,22377,22764
SH,600977,-0.82,22367,22367
SH,603605,-0.68,22365,22365
SH,600486,1.69,22327,22327
SZ,000603,0.63,22288,23066
SH,600961,-0.63,22276,31789
SZ,002085,-1.86,22273,22273
SH,601608,-0.4,22257,22257
SZ,002498,-1.17,22256,22256
SH,600566,-0.15,22242,22309
SH,601963,0.65,22212,39593
SH,603728,-0.92,22201,22201
SH,600884,-0.65,22186,27150
SH,600873,0.13,22182,22182
SZ,002271,0.96,22170,27661
SZ,002552,-3.38,22073,23240
SH,600098,0.64,22052,22052
SZ,002716,-0.1,22017,26763
SH,688425,-0.47,21974,21974
SZ,002926,-0.7,21945,21945
SZ,300398,-1.44,21901,22020
SZ,002379,-1.92,21887,250979
SH,600745,-2.38,21885,21885
SZ,000039,5.2,21863,51229
SH,600390,-0.6,21861,21861
SH,603730,-1.55,21744,21744
SZ,000750,-0.78,21736,23948
SZ,300496,-1.96,21734,27154
SH,600550,-1.33,21656,21656
SZ,000709,-0.47,21601,21605
SZ,002468,-0.06,21598,22396
SZ,300821,1.64,21572,21576
SH,603516,3.8,21567,21567
SH,603290,0.11,21545,21545
SH,601567,-1.22,21528,21528
SH,603077,-0.4,21461,21461
SZ,300012,-1.57,21451,25209
SZ,000598,0.28,21392,21395
SZ,300073,-0.81,21352,22969
SZ,002317,-0.77,21341,23815
SH,688233,1.06,21331,21331
SZ,002335,-2.26,21329,24390
SH,600685,-1.96,21292,36638
SH,688819,-1.43,21289,21289
SH,601106,-1.26,21259,21259
SH,603876,0.18,21234,21234
SZ,300083,1.79,21203,23658
SH,603737,-1.11,21196,21196
SZ,300474,-2.04,21194,27249
SH,600516,0.19,21177,21177
SZ,002895,2.08,21170,21395
SZ,000034,-1.14,21152,25327
SZ,300487,-1.78,21149,34957
SH,603950,-1.77,21110,21127
SZ,300699,-1.68,21086,21341
SH,688131,-1.93,20997,20997
SH,600602,-3.27,20938,26656
SH,603618,-1.39,20928,20928
SH,603115,0,20851,20851
SZ,000519,-1.31,20833,20833
SZ,002497,0.36,20821,22648
SZ,300142,-0.74,20818,21111
SH,603588,-3.93,20792,20792
SH,601016,-1.7,20772,22513
SH,600765,-1.46,20741,20741
SZ,300843,-0.28,20704,21118
SH,600008,0,20700,20700
SZ,300763,-1.84,20698,25531
SH,600316,-1.53,20682,20682
SH,600688,0.36,20667,29730
SZ,002007,-0.37,20661,23971
SZ,002065,-2.86,20646,22759
SZ,300762,-0.95,20641,21377
SH,600132,-0.8,20632,20632
SZ,002423,-0.32,20622,20622
SZ,002624,-1.56,20562,21825
SZ,002545,1.28,20524,22592
SZ,000158,-3.43,20516,20654
SH,688268,-1.23,20513,20513
SH,601997,0.36,20475,20475
SZ,002149,-1.66,20453,20456
SH,600848,-0.69,20444,21542
SH,600500,1.79,20417,20417
SH,601677,-1.55,20415,20415
SH,688270,-1.15,20397,20397
SH,603233,0.79,20397,20397
SZ,002948,1.05,20394,33700
SZ,003035,-1.27,20379,20379
SH,600970,-1.26,20371,20371
SH,600329,-0.87,20324,27600
SZ,002683,-1,20323,23169
SH,603002,1.82,20311,20311
SH,603667,-1.55,20310,21250
SH,688388,-1.21,20305,20305
SZ,001337,0.42,20215,20215
SZ,002265,-2.87,20206,20206
SH,600170,0.44,20171,20171
SZ,002518,-1.73,20153,20762
SZ,300896,-1.03,20130,29793
SH,601609,-0.93,20052,20052
SZ,002262,4.66,20044,23038
SZ,000029,-8.22,19982,22671
SZ,300003,-0.54,19973,23319
SZ,000683,-0.16,19965,22227
SH,601865,-1.58,19942,24577
SZ,002299,0.93,19936,20332
SH,600582,-0.82,19865,19865
SZ,300684,20,19844,29052
SZ,000009,-1.27,19810,19834
SZ,300088,2.31,19809,19907
SZ,301297,-0.04,19798,26023
SH,601187,0.94,19724,19767
SZ,300747,0.21,19699,21195
SH,601158,0,19680,19680
SZ,300456,-1.72,19680,24119
SZ,300085,-3.24,19606,21249
SH,600226,1.38,19601,19601
SH,688005,-0.97,19588,19588
SZ,300679,6.49,19586,23148
SZ,002831,-2.79,19563,35287
SZ,001896,-2.05,19561,19561
SH,688523,-1.87,19559,19559
SZ,000825,-0.86,19538,19538
SZ,002130,-1.61,19498,23798
SZ,301035,2.14,19461,19490
SH,600518,-0.7,19351,19360
SH,600577,4.85,19305,19305
SH,600967,-2.4,19264,19264
SH,600629,3.08,19236,19236
SZ,002461,0,19167,19167
SZ,300199,-1.98,19128,22673
SZ,301171,-3,19097,23535
SH,603816,-1.13,19034,21597
SH,600397,2.79,18997,18997
SH,600339,4.62,18983,18983
SH,600114,0.69,18966,19428
SH,603833,-0.59,18923,18923
SZ,002500,-0.74,18918,18918
SH,600927,-0.83,18841,18841
SH,600552,3.64,18835,18835
SH,600007,-0.1,18796,18796
SZ,000032,-1.27,18762,18762
SH,600131,-0.12,18752,18769
SZ,002044,-2.41,18751,18945
SZ,300627,-1.98,18735,22636
SZ,000686,-1.1,18724,18724
SH,603658,-0.32,18720,18720
SH,600380,0.89,18715,18715
SH,601858,-1.65,18711,18711
SH,600110,-0.45,18705,18705
SZ,002756,-0.81,18696,26039
SH,603733,3.73,18658,18658
SH,603337,0,18648,19022
SH,601969,1.18,18640,18754
SZ,002192,-2.87,18631,18669
SZ,300953,-1.64,18625,25913
SH,688380,-1.29,18593,18593
SZ,002318,0.26,18584,19035
SH,600012,0.13,18580,27235
SZ,002270,0.15,18552,18552
SH,601636,1.62,18551,18551
SH,603132,-0.51,18533,18533
SZ,300102,-0.48,18511,18600
SZ,300257,-0.81,18483,19237
SZ,920438,7.26,18463,19134
SH,605198,0.06,18442,22782
SZ,300503,-0.42,18441,23564
SZ,002957,4.17,18393,18450
SZ,301285,0.8,18330,18330
SH,688281,-2.47,18317,18317
SH,688700,0.23,18304,18304
SH,601098,-0.38,18283,18283
SH,601101,0,18274,18274
SZ,301319,7.78,18259,24227
SZ,000969,-1.56,18255,18416
SH,605196,-0.02,18239,18369
SH,688143,-3.49,18186,19138
SH,603171,-2.02,18184,18204
SZ,002739,-0.67,18176,18436
SH,603283,3.96,18134,18134
SH,603000,-2.08,18100,18100
SH,601139,0.96,18095,18095
SZ,300724,4.71,18094,21904
SZ,300260,-0.89,18089,25647
SZ,002913,-0.11,18048,18753
SH,600655,0,18010,18016
SZ,300568,-1.71,17995,22264
SH,600606,0,17989,17989
SH,688690,-1.45,17986,17986
SZ,002389,-2.03,17982,17985
SH,601020,-0.76,17974,17974
SZ,002670,-1.33,17970,21421
SH,605020,1.53,17969,18252
SH,600172,2.64,17965,20191
SZ,301550,-3.49,17953,29333
SH,603938,1.94,17930,17930
SH,688332,-0.71,17893,17893
SH,601156,-0.1,17862,30021
SZ,300122,-2.08,17849,30210
SZ,300131,0.53,17812,19397
SZ,000997,-1.16,17812,17912
SH,688692,-2.28,17798,27175
SH,688206,-1.94,17795,20544
SZ,000935,-0.55,17742,17742
SH,688208,-1.67,17686,17686
SH,600038,-1.59,17680,21670
SH,688363,-0.88,17649,17649
SZ,002925,0.17,17648,18628
SH,600459,0.87,17602,19075
SH,600004,-0.26,17585,19149
SH,688795,-1.46,17570,273227
SZ,002402,-1.82,17556,19807
SZ,002237,1.87,17551,21049
SH,603638,-0.74,17517,17517
SH,603529,-0.14,17500,17778
SZ,000937,-0.63,17486,17996
SH,688003,-5.36,17474,17474
SH,688561,-2.61,17472,17472
SH,688582,-2.75,17391,17391
SZ,300657,-2.72,17381,17887
SZ,002326,2.39,17380,19807
SH,600754,1.11,17360,20388
SH,688545,3.46,17277,34128
SH,605289,-0.17,17275,17289
SH,601975,0.54,17270,17270
SH,688549,-3.52,17249,43240
SH,601137,-2.13,17233,17233
SH,688308,0.43,17193,17193
SZ,000429,0.38,17191,27578
SZ,300602,2.24,17187,25123
SZ,000543,-0.25,17160,17160
SH,688150,0.5,17156,17156
SH,603226,-1.58,17113,17113
SH,688368,2.93,17105,28180
SH,688353,-1.01,17097,17097
SH,688279,2.27,17093,21031
SH,603786,-1.57,17075,17075
SH,600820,0,17072,17072
SH,688520,-2.44,17043,18000
SZ,002290,3.5,17028,17083
SZ,002145,-0.66,16977,16978
SZ,300888,-0.5,16964,17040
SH,600956,-0.4,16953,32492
SH,600435,-0.43,16923,16923
SZ,002081,9.97,16923,16994
SZ,300779,-1.54,16922,22146
SH,688166,-1.81,16922,16922
SZ,300319,3.82,16881,17601
SH,600267,-0.62,16854,16854
SZ,000591,-1.36,16824,16830
SH,688531,-0.37,16815,24260
SH,688484,0.98,16811,16811
SZ,000875,-1.37,16779,18209
SH,601921,0.8,16778,16778
SH,600120,-2.76,16770,16770
SH,603871,0.16,16758,16758
SH,603858,-1.36,16747,16747
SH,600032,-1.82,16737,16737
SH,688772,-1.86,16710,16710
SH,688390,-2.52,16705,16705
SZ,300613,-3.03,16703,17707
SH,600171,-1.04,16695,16695
SZ,301611,4.18,16659,49551
SZ,300170,-3.73,16612,17396
SZ,003021,-2.25,16608,21433
SH,603009,-1.21,16578,16578
SZ,300140,0,16560,16580
SH,600179,-0.46,16531,18111
SH,600867,-0.23,16530,16530
SH,600410,-2.58,16513,16513
SZ,000506,0.11,16503,16509
SZ,000528,-0.11,16484,16506
SZ,000050,0.6,16393,16393
SH,600739,-0.18,16365,16365
SZ,002171,-0.68,16331,16424
SZ,301093,-2.5,16330,17104
SH,688661,-0.65,16296,16296
SH,600763,-1.74,16281,16281
SZ,002312,0.82,16264,16291
SZ,000970,-2.61,16242,16242
SH,601326,0,16223,19053
SZ,300676,-2.05,16209,16298
SZ,301389,-2.78,16208,16208
SZ,000537,-2.71,16199,16199
SZ,002768,-0.02,16190,28021
SH,688625,-0.48,16185,16185
SH,688106,-0.87,16155,16331
SZ,301005,-1.39,16128,16464
SH,688046,-2.18,16120,16120
SZ,300364,-2.98,16095,17754
SH,603063,-1.74,16090,16157
SH,600888,-0.47,16090,16090
SZ,002827,2.61,16080,16141
SH,601966,-0.53,16069,16069
SH,605296,0.94,16052,16308
SZ,301316,-0.31,15990,16495
SH,603025,-3.99,15972,16080
SZ,002958,0,15938,16278
SH,603026,-0.43,15935,15935
SZ,000620,10,15931,20023
SZ,002176,0.32,15927,15950
SZ,000682,-1.89,15926,15928
SH,688615,-2.58,15913,23046
SZ,002506,-0.72,15897,15913
SH,601519,-2.2,15873,15873
SZ,000902,4.15,15782,17328
SZ,000766,-1.74,15746,15754
SZ,300723,-0.73,15741,16961
SZ,000723,0.85,15735,15765
SZ,002969,0.07,15724,15807
SH,603317,0.95,15719,15719
SH,601702,3.36,15667,15667
SZ,001213,0,15644,15644
SH,600928,0.57,15614,15689
SZ,002896,-0.68,15614,15614
SZ,300735,-2.77,15603,16668
SZ,300342,-1.58,15595,15769
SZ,301626,-3.64,15569,34227
SZ,300660,-1.97,15557,15567
SZ,002611,-1.14,15551,18856
SH,600528,-0.42,15551,15551
SH,603355,-1.16,15539,15539
SZ,300773,-2.76,15511,16397
SZ,300144,-0.49,15464,15627
SH,600151,-0.91,15447,15447
SH,601369,0.78,15441,15597
SZ,300413,-2,15438,28267
SH,603997,-3.64,15433,15433
SZ,301047,-7.47,15432,15697
SZ,300655,-0.28,15421,15491
SH,603738,-1.81,15416,15416
SH,600877,-2.03,15357,15357
SH,600835,-1.24,15299,19108
SZ,002773,-0.26,15281,20500
SZ,300323,0.94,15274,20872
SH,600959,-0.96,15252,15252
SH,600596,0.89,15250,15250
SZ,000563,-0.66,15240,15240
SH,603662,-1.18,15204,15204
SH,688222,-1.27,15186,15186
SZ,002158,-2.4,15153,15186
SH,600403,0.48,15134,15134
SH,603203,-0.53,15121,15296
SZ,300002,-1.44,15105,16052
SH,600511,0.07,15073,20553
SH,603800,-1.18,15070,15070
SZ,300469,-2.4,15061,15068
SZ,002405,-1.83,15053,15145
SH,600750,0.5,15042,15203
SH,600808,-0.39,15039,19406
SZ,300201,-2.09,15005,15085
SH,688260,3.79,15000,15000
SZ,301128,-0.51,14981,17031
SH,603118,-1.54,14974,14974
SH,600201,0.37,14915,14915
SH,688535,-0.12,14900,15987
SH,688006,7.97,14887,14887
SZ,001696,-1.06,14877,19110
SH,603826,-0.73,14855,14855
SH,688686,-2.81,14847,14847
SZ,000534,-0.93,14845,15052
SH,600761,-0.71,14803,14803
SZ,002320,1.22,14801,14801
SH,603078,0.42,14793,14793
SH,601133,-0.66,14782,14834
SH,601568,0.81,14777,14777
SH,688603,-0.49,14764,14764
SZ,000778,1.07,14679,14941
SH,688593,-1.68,14668,14668
SH,600651,-1.51,14666,14666
SH,605179,3.99,14637,14637
SZ,002975,-0.26,14617,22004
SZ,000927,-0.81,14581,14581
SH,600872,0.11,14564,14626
SH,688202,0.78,14537,14537
SZ,002250,-0.36,14481,14560
SZ,300179,-2.8,14473,18798
SZ,001286,0.28,14472,40200
SZ,002568,-0.2,14442,19739
SH,688028,-0.4,14440,14440
SZ,001301,-0.9,14432,20233
SZ,002508,-1.14,14423,14599
SH,600475,1.8,14388,14588
SH,688158,-3.7,14341,16120
SH,601778,0.52,14334,14334
SZ,000791,-1.85,14324,24004
SH,601019,-0.43,14316,14316
SH,688802,-1.75,14308,308957
SH,600490,-0.27,14267,15844
SH,600548,-0.11,14264,21115
SZ,300671,-1.8,14263,14302
SH,601678,0,14262,16815
SZ,300975,0.03,14250,19896
SZ,000672,0,14250,14250
SZ,002048,-0.88,14248,16341
SZ,300835,1.99,14225,20296
SZ,002408,0.78,14223,14698
SH,600056,0.11,14221,14226
SZ,002645,-0.94,14210,15733
SZ,000088,0.22,14138,23242
SZ,000539,-1.94,14131,29034
SZ,002410,-1.31,14131,14867
SZ,301015,-1.2,14127,14129
SH,600022,0,14122,14122
SH,600409,0.74,14120,14120
SH,688559,7.9,14105,14105
SZ,000966,-1.21,14098,14098
SH,603039,2.51,14090,14090
SH,600452,-1.39,14075,14075
SH,600675,3.57,14027,14027
SZ,000973,-2.32,14003,34022
SH,601886,-3.21,13981,13981
SH,688031,-4.53,13973,13973
SH,600301,-0.48,13971,32096
SH,601375,-1.21,13962,18804
SH,601827,0.12,13927,13927
SZ,000581,0.4,13901,16928
SH,601965,-1.13,13898,13957
SZ,300593,-0.54,13891,16736
SZ,001339,-1.86,13878,28033
SZ,002911,1.67,13874,14215
SH,600906,-1.5,13871,21190
SZ,000685,0.09,13862,16321
SH,600744,-1.15,13832,13832
SZ,300999,2.04,13821,138088
SZ,002249,-1.84,13811,18280
SZ,000592,10.08,13808,13928
SH,600162,-4.08,13793,13793
SH,600783,-1.95,13786,13786
SH,600621,-1.58,13781,13781
SZ,002167,-1.24,13778,14068
SZ,301095,-1.94,13762,15930
SH,603505,-0.72,13761,13761
SZ,000422,0.7,13747,14008
SH,688516,-0.17,13711,13711
SH,600933,-0.7,13675,14358
SZ,300253,-3.4,13669,16223
SH,600366,-1.58,13639,13639
SH,688029,-0.84,13628,13628
SH,600816,-1.96,13618,24513
SH,600779,-0.38,13577,13577
SH,600320,0,13572,21552
SZ,300184,-0.99,13571,14823
SH,600258,1.93,13556,13556
SH,600710,-0.57,13551,13551
SH,600361,-0.81,13550,13550
SZ,300957,-1.37,13540,13615
SZ,000680,-0.76,13527,15436
SH,688538,-0.41,13518,32452
SZ,002655,6.07,13517,13566
SZ,001248,-1.16,13503,169318
SH,603305,-1.59,13499,13499
SH,605389,-0.08,13484,14234
SZ,300455,-1.99,13484,13695
SZ,002946,-0.31,13458,13616
SZ,000612,-0.87,13412,13412
SZ,002226,-1.35,13404,13404
SZ,002867,-0.39,13381,13460
SH,688055,0.5,13367,13367
SZ,002534,0.62,13363,13534
SZ,301219,-1.54,13361,18720
SH,603031,-3.1,13327,15847
SH,603868,-0.61,13325,13325
SZ,300409,-3.08,13318,14964
SZ,000070,-0.18,13314,13495
SZ,000089,0,13309,13309
SH,600633,-2.32,13302,13302
SH,600113,0.91,13285,13600
SH,603882,-0.64,13279,13370
SZ,300436,-1.34,13273,15462
SH,688383,1.57,13239,13239
SH,600216,5.3,13224,13367
SH,600064,0.53,13220,13220
SH,603613,-2.59,13215,13215
SZ,002151,-1.44,13214,16200
SH,688088,-2.19,13211,13211
SZ,300718,0.24,13168,20006
SH,605099,-1.02,13154,13171
SZ,000711,-5.8,13121,16271
SZ,000785,0,13118,14073
SH,600456,-1.32,13115,13115
SZ,002399,-0.46,13108,15421
SZ,003036,1.83,13104,13105
SH,600057,0.81,13099,17772
SZ,301123,-2.32,13089,18609
SH,688485,8.46,13060,13060
SZ,301486,-1.83,13059,23070
SZ,300457,-0.33,13059,13271
SZ,002643,-1.08,13055,13253
SH,688100,-1.07,13049,13049
SZ,002010,-0.62,13042,13074
SZ,002507,-0.08,13038,13074
SH,600416,-1.88,13016,13016
SZ,001258,-3.32,12992,12992
SH,600575,-0.29,12980,23937
SH,688258,-1.55,12957,12957
SZ,000799,-0.56,12957,12958
SZ,002354,-3.51,12924,13154
SH,600343,-1.64,12911,12911
SZ,002153,-2.99,12910,22025
SH,603698,-1.46,12907,12907
SH,688809,2.26,12904,64521
SZ,002174,-2.87,12897,12904
SZ,300166,-3.71,12889,16204
SH,603707,-0.74,12877,12877
SZ,300100,-1.9,12864,13357
SH,600155,-1.52,12861,12861
SH,600916,0.13,12852,12852
SH,603389,1.39,12851,12851
SZ,000048,0.33,12846,12868
SH,603556,2.97,12828,12828
SH,600167,-0.52,12785,12785
SH,600764,-1.69,12742,12742
SH,603989,-0.99,12681,12681
SZ,301150,-1.06,12673,13510
SH,600821,-4.44,12670,12670
SZ,002901,-0.13,12658,18171
SZ,301127,6.62,12657,13037
SZ,002745,-0.33,12641,17632
SZ,002779,-0.04,12630,14076
SH,600529,-0.67,12629,12629
SZ,000815,-3.75,12619,12619
SH,600271,-1.29,12618,12618
SZ,301275,-1.75,12600,17690
SZ,301183,-0.54,12591,17176
SH,603011,-4.6,12583,12583
SH,688059,-1.31,12551,13410
SH,600211,-0.35,12548,12548
SZ,002440,1.53,12530,14882
SZ,301666,3.03,12527,206073
SH,600063,0.17,12518,12518
SH,600338,-1.43,12506,12506
SZ,002755,-1.81,12502,12502
SH,603991,-1.05,12499,21318
SZ,300296,-0.36,12485,14618
SZ,002091,-0.25,12466,12664
SH,688020,-1,12454,12454
SH,605599,0.95,12452,12452
SH,688321,-1.83,12410,13479
SZ,002947,1.97,12390,15980
SH,688508,-3.53,12361,12361
SH,600717,0.71,12357,12357
SZ,301021,6.69,12349,12363
SZ,300769,-0.42,12331,13724
SH,605118,-0.22,12327,12400
SZ,300034,-1.94,12319,12799
SH,600367,10.01,12309,13041
SZ,002936,-0.56,12301,15911
SH,688182,4.24,12296,12296
SZ,002929,-2.95,12290,16252
SH,600776,-1.6,12265,16114
SH,688382,-2.48,12264,12264
SZ,002372,-1.06,12261,13278
SH,600827,0.39,12258,13631
SH,600589,-3.37,12257,12282
SH,600755,0.88,12239,12270
SZ,920808,-1.82,12237,12566
SH,603515,-0.95,12232,12307
SZ,002617,1.4,12223,12429
SH,605507,0.26,12220,12220
SH,600116,-0.15,12219,12219
SZ,300607,-3.77,12187,17223
SZ,300726,-1.16,12187,23405
SZ,300693,0.11,12184,14135
SZ,002701,0,12173,12184
SZ,000553,1.64,12170,13024
SH,603267,-0.73,12166,12166
SH,688662,-1.85,12147,12147
SZ,301188,3.7,12146,12146
SZ,003018,0.14,12134,13390
SZ,301029,-1.86,12128,17026
SZ,000762,-0.93,12119,12119
SH,688116,-1.48,12096,12096
SH,688567,-2.17,12074,12074
SZ,000069,-1.12,12073,14066
SH,603888,-1.86,12068,12068
SH,603936,10.01,12053,12339
SZ,301071,-1.16,12048,16389
SH,601107,0.72,12025,17003
SZ,000681,-2.19,12022,12456
SZ,002847,1.59,12009,13307
SH,600850,-2.32,11999,11999
SZ,000758,-1.13,11996,12038
SH,688105,-1.43,11994,11994
SH,600702,-0.21,11990,11995
SZ,002654,0.28,11986,11986
SZ,000567,-0.15,11964,12001
SH,688378,-1.72,11925,12938
SZ,002647,0.34,11909,13258
SZ,300357,-2.99,11895,12870
SZ,300761,1.3,11882,15784
SH,603297,-0.12,11881,11881
SZ,002792,-3.13,11878,18418
SZ,000901,-1.19,11853,11853
SZ,300070,-0.28,11850,12504
SZ,002258,-0.93,11827,11846
SH,600572,-2.7,11823,11855
SH,601339,0.51,11802,11802
SZ,002741,3.78,11800,12858
SH,603757,-2.27,11754,11754
SH,600315,-0.73,11744,11744
SZ,002183,-2.15,11738,11738
SZ,300459,-2.18,11735,12551
SZ,300331,0.38,11733,13715
SZ,002289,4.63,11726,11975
SZ,002400,-2.99,11721,11837
SH,688319,1.87,11720,11720
SZ,002268,-2.25,11715,11721
SZ,002416,-2.64,11676,11823
SH,603328,3.54,11672,11672
SH,601992,0,11668,14949
SZ,300133,-2.36,11665,13142
SH,688090,-1.81,11665,11665
SH,601512,0,11646,11646
SH,600420,-0.22,11641,11641
SZ,002607,-0.46,11641,12952
SZ,002385,6.19,11624,13954
SZ,000801,-1.2,11623,11627
SZ,000998,5.49,11619,12990
SZ,002096,0.54,11611,11611
SH,603185,-0.74,11604,11674
SH,603589,-0.45,11598,11598
SH,688660,-3.54,11587,11587
SZ,300077,-0.57,11576,13861
SZ,300827,-2.43,11516,14686
SZ,300065,2.04,11502,12634
SZ,300775,-1.81,11494,11838
SZ,002092,-0.44,11487,11551
SH,603906,-1.72,11485,16139
SZ,301338,-0.96,11483,15760
SZ,002544,-3.32,11473,11474
SH,600619,-0.88,11459,15585
SH,603601,-1.08,11446,11446
SH,600864,-2.13,11443,11443
SH,603713,-1.25,11442,11442
SZ,000156,-1.16,11440,12470
SZ,301080,-6.09,11419,15096
SH,600635,1.07,11417,13935
SZ,002539,2.8,11416,15495
SH,601068,-0.44,11416,13322
SZ,002597,0.5,11407,11429
SZ,300951,0.27,11400,12756
SZ,002531,-2.59,11400,11464
SH,688306,-1.89,11398,11398
SZ,301293,-3.48,11391,11391
SH,603983,-1.38,11388,11388
SH,600461,0,11378,11378
SZ,300863,0.13,11338,11802
SH,688016,-0.99,11325,11325
SH,603124,-0.75,11322,21263
SZ,002297,-0.89,11319,11319
SZ,300182,-2.71,11297,13319
SZ,002668,-3.78,11286,11286
SZ,000990,-0.44,11263,11263
SH,601222,-1.24,11247,11247
SZ,002897,-1.45,11235,11811
SZ,002815,6.72,11230,17833
SZ,301039,-0.5,11227,14487
SH,600268,-1.94,11211,11212
SH,688663,-6.55,11206,11206
SH,603303,-0.92,11203,11203
SH,600986,-3.83,11185,11185
SH,600395,-0.37,11184,11184
SZ,300601,-0.79,11183,13872
SH,688153,-1.57,11182,11507
SZ,001399,3.3,11178,192294
SZ,002031,-3.46,11176,12844
SZ,300573,-0.16,11174,14580
SZ,002838,-2.34,11168,12701
SH,600859,-0.29,11160,11161
SZ,002842,2.7,11147,13584
SH,688112,20,11145,11145
SZ,300146,-0.59,11141,16815
SH,605060,-3.07,11127,11207
SH,688063,-1.64,11110,11110
SH,688138,-0.33,11106,11106
SH,603040,-1.5,11104,11163
SZ,002083,-2.56,11100,11104
SZ,300428,-1.58,11100,12752
SH,601882,-0.5,11093,11093
SH,600285,0.31,11075,11087
SZ,300204,-2.12,11065,13203
SZ,002348,-1.04,11041,12136
SZ,002338,0.02,11040,11040
SH,688584,5.04,11020,21481
SZ,300139,0.3,11017,12919
SZ,002024,-0.82,11011,11025
SH,603927,-1.26,10995,10995
SZ,002366,-2.61,10991,12361
SH,688359,-2.62,10985,10985
SZ,300468,-2.21,10967,10984
SZ,920045,-1.54,10944,37013
SZ,002254,-0.99,10938,10951
SH,600184,-0.57,10932,10932
SH,688125,-0.01,10931,10961
SZ,002217,0,10919,11219
SZ,000700,-2.13,10915,10915
SZ,301510,2.21,10903,11603
SZ,002987,-1.46,10900,11185
SZ,000035,-0.83,10894,11248
SZ,000099,-1.74,10892,10892
SH,601022,0.97,10862,10862
SZ,000839,-1.41,10858,10858
SZ,000837,0.47,10850,11019
SZ,300674,-2.02,10847,10864
SZ,300376,-2.3,10846,10850
SH,603099,-0.71,10840,10840
SH,688198,-1.9,10823,10823
SH,600559,-0.24,10803,10803
SZ,000949,-3.11,10800,10803
SZ,301207,-0.43,10800,10806
SZ,300026,-1.36,10775,10785
SH,600612,-0.69,10756,17744
SZ,000810,-1.92,10740,11122
SH,688371,0.22,10725,10725
SZ,002967,-1.49,10713,11347
SH,600123,0.14,10710,10710
SH,600248,-1.02,10710,10733
SZ,002051,-1.23,10707,10707
SZ,002980,5.48,10705,19913
SZ,300382,1.1,10704,10705
SH,688677,-0.58,10697,10697
SZ,301031,-1.39,10692,13601
SH,600759,3.2,10691,10704
SH,603220,-3.43,10690,10690
SH,600908,0.19,10676,11720
SZ,000061,1.88,10676,11811
SZ,002931,0.55,10676,11515
SH,688275,-1.61,10671,10671
SH,600773,-0.96,10667,10667
SH,603690,2.62,10666,10666
SZ,002182,-0.95,10663,12219
SZ,002011,-0.98,10658,10788
SH,601900,0.42,10645,10645
SH,600006,-1.11,10640,10640
SZ,301382,-1.86,10638,12855
SZ,300363,-2.09,10625,11651
SH,600360,0.18,10621,10621
SZ,300725,-2.31,10592,12216
SH,601801,0,10573,10573
SZ,002807,0.51,10571,10586
SZ,002373,-1.4,10566,12120
SH,600882,-0.47,10555,10555
SZ,000410,-1.46,10545,14173
SZ,300304,-4.26,10545,10836
SZ,300224,-1.55,10543,10582
SH,600509,2.27,10542,10542
SH,603619,0.98,10532,10532
SH,600376,-1.44,10525,10525
SH,688698,-1.92,10511,10511
SZ,300185,-1.08,10501,11019
SZ,000028,-0.39,10491,12214
SZ,300777,-1.96,10488,10702
SZ,300315,-2.13,10471,11155
SZ,002310,-1.23,10470,14278
SZ,300913,-2.08,10468,12553
SZ,002139,-0.9,10465,12182
SZ,000510,-1.87,10464,11187
SZ,002839,0,10452,10462
SZ,300005,-1.23,10448,10534
SZ,002583,-2.15,10441,14804
SZ,300638,-2.71,10434,17689
SH,603538,-0.66,10421,10514
SZ,301267,-1.34,10414,13490
SH,600480,-1.37,10409,10487
SH,600391,-2.01,10409,10409
SH,601163,0.08,10408,10408
SH,600345,0.41,10404,16210
SH,603093,-3.43,10399,12240
SZ,000767,-2.18,10397,10985
SZ,002922,-1,10394,11651
SZ,002346,8.92,10391,11702
SH,688068,-3.19,10387,10387
SH,603393,3.2,10386,10386
SZ,002437,-0.79,10375,11016
SH,603341,-3.81,10365,20256
SZ,002865,-0.7,10349,14412
SZ,300008,-1.87,10345,10852
SZ,002003,0.6,10344,12032
SZ,300263,0.95,10341,10971
SZ,002276,-1.15,10333,10374
SH,688797,-0.38,10306,54822
SZ,300328,0.2,10306,10356
SH,605318,1.22,10287,10287
SH,688035,-3.77,10285,10285
SH,603235,0.77,10279,10279
SZ,300682,-2.64,10267,10707
SH,600648,0.11,10251,12253
SZ,300353,-1.24,10245,11665
SZ,000727,0.44,10237,10237
SZ,000690,-0.62,10220,10227
SZ,002832,-0.75,10211,14964
SZ,300049,-2.47,10210,11539
SZ,000403,-0.36,10206,10312
SH,605006,-0.94,10203,10203
SH,603281,-9.8,10202,10202
SZ,002204,-1.11,10198,10198
SZ,300596,1.77,10186,10186
SZ,000828,-0.19,10177,10177
SZ,000950,-1.49,10157,10157
SZ,000555,-2.79,10146,10158
SZ,300244,-1.69,10124,12618
SH,600458,-1.09,10117,11085
SH,603859,-2.26,10116,11013
SZ,002181,-2.19,10097,10333
SZ,002043,-0.47,10094,10372
SZ,000917,-1.92,10092,10093
SZ,002565,-2.15,10091,10091
SH,603218,-0.8,10084,10092
SZ,000899,-1.04,10079,10079
SZ,002020,-0.7,10078,11986
SH,603125,0.12,10068,10068
SZ,300580,-3.7,10066,10699
SH,600198,-4.56,10064,10077
SH,600446,-2.28,10062,10062
SH,688231,-2.04,10060,10060
SH,603883,0.15,10055,10055
SH,600326,0.82,10055,10055
SH,688160,-1.3,10054,10054
SH,688726,-0.19,10042,18507
SZ,300303,1.34,10018,10683
SH,688376,-0.43,10015,10015
SZ,002549,-0.81,10012,10055
SZ,002387,0.84,10002,10015
SZ,002937,-0.05,9991,10018
SZ,002439,-1.57,9989,16608
SZ,002169,-2.15,9977,10293
SH,600971,0.48,9972,9972
SH,600645,-0.64,9935,9939
SZ,000923,0.51,9915,10307
SZ,002984,-1.2,9909,14384
SH,603995,5.75,9901,9901
SZ,301091,-1.77,9897,9897
SH,600787,-0.21,9896,9896
SH,601005,-0.82,9893,11435
SZ,300007,-1.09,9889,11444
SH,600383,-0.44,9887,9887
SZ,301196,-3.93,9873,15040
SH,688543,-2.49,9872,9872
SZ,002541,2,9869,13724
SZ,301357,-0.47,9867,9867
SH,601949,-0.76,9863,9863
SZ,000833,1.79,9827,17373
SH,600033,1.13,9825,9825
SH,600666,-2.79,9824,10510
SZ,300687,-1.51,9821,11942
SZ,002100,1.27,9789,9789
SH,688669,2.4,9786,9786
SH,603027,0,9781,9781
SZ,300486,-0.57,9774,9777
SZ,002993,0.1,9762,11301
SZ,002585,-1.6,9754,12555
SH,600728,-1.92,9746,9746
SH,688262,-0.98,9744,9744
SH,688456,0.74,9743,9743
SH,603992,-2.43,9738,9738
SZ,000065,-0.53,9724,10604
SZ,301087,-1.7,9723,11823
SH,603300,-2.01,9716,9716
SH,605168,-1.38,9700,9700
SZ,002283,-2.21,9697,11019
SZ,000006,-2.04,9693,9693
SH,688783,9.76,9680,145361
SZ,300377,-3.1,9673,10514
SZ,002626,0.7,9660,9661
SZ,002891,0.07,9657,9657
SZ,002675,-0.45,9657,10711
SH,600662,-0.92,9653,9682
SH,605123,-0.97,9652,9652
SZ,300118,-0.66,9630,11845
SH,600163,-0.97,9629,9629
SZ,002557,-0.09,9616,9647
SH,600718,-1.82,9607,9607
SH,688032,-1.69,9598,9598
SZ,002515,9.97,9597,10544
SZ,002062,-0.11,9571,10529
SH,603360,-0.94,9569,9569
SH,603319,0.04,9564,9564
SZ,300277,-1.33,9560,18942
SZ,000656,-0.78,9560,13342
SZ,300480,-1.16,9556,13095
SZ,300790,-1.55,9555,10874
SZ,002580,-3.86,9553,9586
SH,603103,-1.11,9551,9551
SZ,002978,-1.33,9550,12206
SZ,301216,-0.16,9547,10171
SZ,300378,-2.2,9538,9610
SZ,002063,-1.63,9536,10324
SH,688351,-1.74,9534,9534
SH,600072,-1.34,9523,13191
SZ,000795,-0.92,9510,9510
SZ,000049,-3.92,9502,9504
SH,600373,-0.69,9499,9499
SH,688697,-1.45,9495,9495
SH,603533,-1.58,9493,9493
SZ,301381,0.78,9487,9495
SZ,000593,1.34,9468,9471
SZ,300855,-2.26,9465,12780
SZ,000552,-0.38,9464,13594
SH,601038,1.33,9461,14529
SH,601811,0.25,9455,14732
SZ,002458,0.51,9451,13997
SZ,000823,0.89,9436,9436
SZ,301345,-0.61,9434,29367
SH,688325,0.4,9398,9888
SH,603057,1.6,9398,9469
SZ,002208,0.26,9380,9382
SH,688261,2.07,9371,9413
SH,601200,-0.28,9370,9370
SZ,002706,1.49,9369,11501
SZ,002426,-2.13,9357,9357
SH,603626,-0.29,9355,9355
SZ,000401,0,9341,9429
SH,600597,0.45,9332,9332
SZ,000516,-0.93,9326,9471
SZ,300415,-1.94,9320,9638
SZ,300624,-2.27,9310,10512
SH,688826,553.36,9301,48840
SH,600757,0,9295,9297
SH,603599,0.29,9294,9294
SZ,002759,-3.02,9292,9301
SH,600649,-0.52,9269,9269
SH,688083,-0.45,9268,9268
SH,600363,-2.83,9266,9266
SZ,000031,-0.45,9258,9258
SH,603583,-0.61,9250,9335
SH,600740,0.56,9249,9249
SH,688289,-1.41,9247,9247
SZ,000420,-1.3,9242,9245
SZ,301177,-0.98,9240,9246
SH,605255,-0.44,9223,9223
SH,688190,-1.24,9223,9223
SH,600129,-1.46,9214,9214
SH,688552,-2.14,9214,9214
SZ,300113,-3.25,9208,12196
SZ,000930,3.12,9207,9208
SH,688227,-2.6,9205,9205
SH,603327,-1.89,9200,9200
SZ,300483,2.49,9194,9200
SH,603323,0.24,9192,9192
SZ,301013,3.47,9186,11346
SZ,001914,0.46,9167,9167
SH,688612,0.68,9167,14969
SZ,301078,0,9162,9181
SZ,002293,0.18,9158,9234
SZ,002061,0.57,9149,9304
SH,600210,-0.65,9131,9131
SH,603163,-0.5,9109,9109
SZ,002170,2.03,9104,11198
SH,688139,-1.02,9093,9093
SZ,000536,-0.89,9091,9100
SH,688128,-0.96,9089,9089
SH,688337,4.94,9080,10680
SH,601311,-0.5,9080,9080
SH,688165,-1.57,9079,9079
SZ,301363,-0.45,9078,13842
SH,603890,-3.74,9071,9071
SH,600481,-0.67,9041,9041
SH,603712,-2.16,9040,9040
SH,601528,0,9038,9556
SZ,002511,-0.13,9032,9147
SZ,002392,2.9,9029,9286
SH,600307,-0.68,9019,9019
SH,603915,0,9016,9170
SZ,300634,-2.57,9011,9363
SH,688305,-2.52,9008,9031
SZ,300188,-1.21,9000,9042
SH,688239,-1.68,8998,8998
SZ,001227,0,8983,12132
SH,600273,-0.14,8982,8982
SZ,002579,-0.05,8979,9428
SZ,920186,-1.14,8979,17166
SZ,300042,-0.63,8971,8972
SH,600133,-1.63,8967,8967
SZ,301086,0.48,8953,16153
SZ,002961,-1.61,8952,8952
SH,601860,-0.39,8950,9226
SH,603100,-0.95,8942,8970
SZ,300420,-3.49,8930,8931
SZ,002243,-0.12,8923,8971
SZ,300938,-0.65,8914,10270
SH,688507,-0.83,8886,16081
SH,688327,-2.38,8883,11065
SZ,002674,0.66,8871,8961
SZ,300740,-1.89,8867,9537
SH,600508,1.16,8853,8853
SZ,300181,-0.13,8845,10289
SH,688381,-2.08,8833,8833
SZ,000600,-0.97,8829,14606
SH,600269,-0.25,8828,8828
SH,600266,-1.15,8822,8822
SH,688710,-2.77,8821,13712
SZ,001308,-1.19,8814,12737
SZ,300072,-1.3,8813,8882
SH,688161,-1.95,8808,8808
SZ,002345,-1.45,8802,9018
SH,688177,-2.51,8799,8799
SH,688416,0.53,8793,8793
SH,600929,1.13,8791,8791
SH,605319,0.84,8787,8836
SH,688628,2.79,8786,8786
SH,600812,1.39,8785,8785
SH,688252,-1.64,8782,8782
SH,600722,8.95,8776,8776
SH,688076,-0.81,8769,8769
SH,600997,1.1,8765,8765
SZ,002099,-1.44,8763,8773
SZ,002019,-0.56,8762,12650
SH,601579,-1.55,8760,8760
SH,601700,6.51,8757,8757
SZ,002718,1.95,8736,12033
SH,605298,0.24,8735,8810
SH,605222,1.93,8733,8733
SZ,300846,-3.62,8719,10565
SH,600556,-2.22,8713,8713
SH,600185,-0.42,8709,8709
SH,600693,3.73,8707,8716
SZ,002115,-3.55,8694,9379
SZ,002190,-3.31,8678,8678
SH,600094,-1.44,8675,9486
SZ,300576,3.05,8674,13782
SH,603169,-1.77,8661,8661
SZ,002985,-1.53,8657,8681
SH,688486,-1.29,8654,8654
SH,688605,-0.75,8646,16150
SZ,000761,0.87,8641,9573
SZ,002368,-3.05,8633,8675
SH,603227,3.87,8627,8627
SZ,301189,-0.93,8625,8936
SZ,002041,9.99,8624,8624
SZ,300862,3.93,8622,10508
SZ,002053,0.43,8618,8618
SZ,000818,-2.81,8609,8633
SZ,000859,-1.53,8565,8566
SH,603608,-0.58,8556,8556
SZ,002173,-2.95,8552,8967
SH,600640,-1.18,8549,8549
SH,600399,-0.91,8539,8539
SZ,002004,0.44,8531,8969
SZ,000980,-1.73,8522,8522
SH,688428,-1.57,8509,55178
SH,688758,-2.39,8498,11869
SH,600782,0,8493,8597
SZ,300440,2.99,8492,8525
SH,601890,-1.77,8491,8491
SZ,002251,1.06,8490,10271
SZ,300842,-2.05,8490,9552
SH,600973,-0.79,8489,8489
SZ,300497,-2.04,8486,10019
SZ,000676,-3.7,8486,8491
SH,688513,-2.49,8482,8482
SZ,002233,-0.13,8474,8477
SH,603612,-1.27,8463,8463
SH,605016,0.2,8455,8455
SH,600020,0.27,8450,8450
SH,603919,0.97,8446,8446
SZ,000026,0.65,8443,9397
SZ,301109,-0.14,8440,10669
SZ,300101,-1.84,8427,8456
SH,603013,-0.59,8426,8426
SZ,000922,-0.41,8424,9966
SH,688739,-1.01,8422,8521
SH,603112,4.44,8420,8504
SZ,301717,-7.1,8418,49196
SZ,300741,1.49,8413,8413
SH,600996,-1.16,8403,8403
SZ,000550,-0.11,8399,13984
SH,603809,-2.14,8384,8384
SZ,300053,-1.82,8376,8969
SH,600478,-0.39,8368,8368
SH,603580,10,8366,8366
SZ,300766,-2.94,8361,9221
SH,605100,-1.2,8360,8399
SH,605488,-2.06,8351,9078
SZ,300772,-2.12,8347,9411
SZ,300322,-2.41,8346,8718
SZ,002150,0.04,8335,8390
SZ,003009,-1.66,8330,8331
SZ,002332,-0.81,8329,8369
SZ,002292,-2.38,8326,12096
SH,688789,-1.57,8326,8326
SH,688586,-2.94,8325,8325
SZ,301176,-1.2,8322,8577
SZ,002960,1.66,8319,9052
SZ,000829,-1.92,8316,8324
SH,600567,0,8315,8315
SZ,300939,0.28,8312,8312
SH,600936,-0.99,8288,8288
SZ,002125,0.84,8278,8278
SH,601089,-1.48,8275,8275
SZ,300145,-2.03,8274,8315
SZ,000751,-0.38,8272,8272
SZ,300895,1.7,8264,8421
SZ,000848,0,8247,8323
SH,600545,-5.13,8242,8242
SZ,002216,-0.07,8228,11473
SH,688253,-0.7,8218,8218
SH,603496,-4.06,8217,8217
SZ,301571,-0.26,8215,12370
SZ,002219,-2.7,8212,8664
SH,600017,0,8212,8212
SH,600686,-0.94,8210,8210
SH,603508,-0.54,8205,8205
SH,601929,-2.48,8201,8201
SH,605133,4.68,8196,8287
SZ,002277,0.69,8184,8184
SH,600751,-0.62,8183,9220
SZ,000533,-1.39,8178,8248
SH,605305,-0.97,8167,8167
SZ,301489,-1.9,8163,13644
SZ,000885,-0.07,8161,8161
SZ,002079,-0.68,8160,9139
SH,601718,-1.57,8155,8155
SH,603985,-1.17,8138,8138
SZ,300529,-1.3,8132,12674
SH,603399,-3.69,8130,8130
SZ,002039,-0.72,8128,8128
SZ,300401,-4.76,8126,8259
SH,605008,0.88,8126,8126
SZ,000719,-0.07,8113,12442
SH,688221,-2.82,8110,8110
SH,603055,1.45,8103,8119
SH,600389,-0.84,8079,8079
SZ,002221,0.55,8079,8716
SH,603219,-1.23,8079,8079
SH,600639,-0.1,8077,10663
SH,603687,-0.06,8074,8074
SZ,002075,-1.33,8073,8073
SZ,002030,0.52,8070,8070
SH,600935,0,8067,8268
SZ,300499,-2.58,8058,9063
SZ,002448,1.83,8057,8167
SZ,300834,2.49,8050,8122
SZ,002350,-1.16,8048,8227
SH,688328,1.17,8035,8035
SZ,002928,-1.71,8027,8027
SZ,301369,-0.24,8026,14971
SZ,002639,-1.53,8008,9457
SH,688515,-1.59,8006,12857
SH,603680,-0.77,8002,8002
SZ,300327,-0.83,8000,8060
SH,600683,-8.02,7978,7978
SZ,000860,2.09,7959,7959
SH,600736,0.58,7955,7955
SZ,301326,-1.39,7951,8021
SZ,300850,-2.21,7950,10944
SH,600251,3.23,7949,7949
SZ,002782,-0.97,7946,8042
SH,688439,-0.89,7938,7938
SH,600055,-0.87,7938,7938
SZ,002342,-1.06,7933,7978
SZ,002730,-0.08,7928,8295
SH,688678,-2.47,7925,7925
SZ,003013,0.31,7921,9068
SH,688050,-1.34,7912,7912
SZ,300527,-0.76,7910,7910
SZ,000712,-3.06,7909,7912
SH,600746,2.27,7906,7906
SZ,300035,-1.73,7904,9288
SH,688108,-1.66,7895,7895
SZ,300641,-0.06,7883,7883
SH,603931,-1.12,7867,7867
SZ,002761,-0.81,7865,9632
SZ,300416,-1.45,7860,7913
SZ,002267,0.71,7851,7851
SZ,000869,-0.16,7851,11337
SH,603033,-1.14,7847,7992
SZ,300985,0.6,7843,7843
SZ,002097,-1.34,7841,7855
SH,603269,2.43,7831,7831
SH,688155,-1.47,7820,7820
SZ,002516,-1.28,7814,7869
SH,605128,-0.07,7812,7812
SZ,002017,-2.1,7808,7813
SZ,301209,-4.56,7804,9135
SZ,002023,-1.47,7804,7875
SH,603050,2.87,7796,7796
SH,603223,0.18,7792,7792
SZ,002737,-0.14,7779,7779
SH,600078,5.58,7779,7979
SZ,002309,-2.11,7772,9715
SZ,300171,-1.91,7770,10576
SH,603045,0.77,7769,7769
SH,603053,0.58,7769,7769
SH,605333,-1.29,7768,7768
SZ,300868,-1.36,7766,12230
SZ,002471,-1.02,7755,7898
SZ,300031,-1.42,7749,9221
SH,603181,-1.56,7747,7747
SH,600618,1.18,7746,11946
SH,603459,-1.85,7733,73732
SH,600075,0.89,7702,7702
SZ,002941,-1.21,7699,7699
SZ,002106,2.06,7698,7708
SZ,002434,-1.99,7697,7705
SZ,301327,-2.08,7687,7687
SZ,002488,-1.99,7683,8312
SZ,000628,-0.66,7680,14074
SH,603043,0.59,7672,7738
SH,603477,1.83,7666,7860
SH,688598,-2.2,7665,7815
SH,600789,0.13,7658,7923
SZ,301487,-0.59,7657,7657
SZ,301373,0.33,7652,11917
SZ,300852,0.35,7635,7909
SZ,300294,-1.55,7634,7634
SH,688622,0.01,7632,7632
SZ,300770,-0.85,7630,7630
SZ,300191,3.36,7625,11030
SH,688798,-1.46,7621,13088
SZ,301248,0.13,7620,10427
SZ,300174,-0.56,7617,7659
SH,688312,0.14,7610,7610
SH,600502,0,7604,7604
SZ,002446,-2.81,7596,8202
SH,688191,-2.44,7583,7583
SH,688550,4.82,7581,7581
SH,600587,-0.55,7577,7577
SH,600917,0.83,7571,7571
SH,688062,-2.74,7568,14684
SH,600305,0.73,7566,7578
SZ,000012,1.05,7563,11744
SZ,002077,-0.6,7562,7562
SZ,002386,-0.33,7548,7550
SH,601595,-1.51,7548,7548
SZ,001232,-0.86,7540,94756
SH,603211,0,7526,7526
SH,688093,-1.78,7525,7525
SH,688277,-1.94,7524,7524
SZ,002588,1.86,7522,10091
SZ,300595,-1.99,7521,10062
SH,605007,0.06,7517,7536
SZ,300400,0.91,7510,7536
SH,601908,-1.57,7509,7509
SZ,002971,-0.33,7506,9819
SH,600846,-2.82,7497,7497
SH,600335,-0.58,7497,7497
SH,603977,-0.57,7492,7492
SZ,300153,-2.19,7490,7530
SZ,002885,-1.3,7485,8547
SZ,300861,-0.66,7484,11918
SH,688478,0.6,7479,7479
SH,603166,1.66,7477,7535
SH,600611,-3.03,7473,11301
SZ,002212,-2.13,7468,7549
SZ,002275,0.6,7465,7873
SH,688103,-1.78,7458,7458
SZ,300482,-0.62,7444,8103
SH,605167,-0.13,7434,7434
SZ,000059,0.87,7421,7421
SZ,002533,-0.77,7418,8426
SH,600903,0.95,7415,7415
SZ,000402,0,7412,7413
SH,600590,-3.61,7407,7488
SH,600252,-0.42,7387,7387
SH,600724,-0.19,7384,7385
SH,600861,-0.52,7382,7382
SZ,301263,0.1,7381,10345
SH,600400,-1.22,7378,7378
SZ,300685,-0.1,7375,7385
SH,601388,-0.58,7374,7374
SZ,000597,4.39,7370,7463
SH,688621,-2.55,7370,7370
SH,688326,-2.04,7368,7917
SH,603071,10,7365,7365
SZ,000813,-0.56,7360,7361
SH,600117,-0.43,7357,7357
SZ,300168,-1.91,7354,7362
SZ,001298,-0.21,7342,7794
SZ,300739,0.25,7338,9045
SH,600313,10.06,7337,7874
SH,688087,0.77,7332,7604
SH,688176,-0.92,7330,7330
SH,600657,-0.76,7329,7329
SH,600866,0.92,7327,7327
SH,688049,-2.29,7326,7326
SZ,301286,4.9,7324,18169
SZ,003039,-0.41,7324,7324
SZ,000650,0.55,7323,7700
SH,688488,-1.8,7317,7317
SH,688352,-0.34,7314,23744
SZ,002733,-0.99,7307,7611
SH,688556,-0.33,7303,7303
SZ,300986,-3.85,7301,7306
SZ,002796,-0.98,7298,8088
SH,603466,-2.3,7293,7293
SZ,301392,0.58,7285,17857
SZ,300180,-2.06,7279,7485
SZ,300997,2.1,7276,8021
SZ,002215,0,7273,9038
SZ,301228,-0.45,7262,7296
SZ,002036,-1.98,7262,7276
SZ,002141,3.23,7262,7262
SH,603311,-1.15,7261,7261
SZ,300337,-0.67,7256,8384
SZ,301498,-0.56,7256,16203
SH,600059,-1.11,7256,7256
SZ,301328,-0.35,7254,10037
SH,600525,1.1,7253,7253
SZ,000030,0.23,7252,7464
SZ,301069,-4.11,7251,7699
SH,603279,0.16,7251,7251
SH,600748,1.29,7249,7249
SZ,002631,-0.32,7245,7279
SZ,300910,-0.58,7235,10331
SZ,002324,-2.09,7235,10367
SH,600797,-2.35,7234,7234
SZ,300976,-0.21,7231,11241
SZ,001314,0.19,7230,8308
SH,601226,-0.63,7229,7229
SH,688073,-2.92,7220,7220
SZ,301191,-2.7,7214,9569
SZ,002006,-1.2,7213,7213
SZ,002034,-0.49,7209,7239
SZ,300520,-2.06,7205,7456
SZ,002108,-0.22,7202,7204
SH,600557,-0.54,7202,7202
SH,603990,1.11,7201,7201
SH,688699,-2.64,7198,7198
SH,688818,-0.64,7191,87940
SZ,002110,-0.33,7190,7190
SH,603299,1.1,7188,8793
SH,603221,8.76,7186,7186
SZ,002284,5.6,7183,7251
SH,688518,0.91,7181,7181
SZ,300298,-0.79,7181,8926
SZ,300109,-0.35,7167,7989
SZ,000498,-0.39,7160,7669
SZ,301232,-1.48,7157,12038
SZ,000544,-0.13,7144,7144
SH,688626,-1.67,7133,7133
SZ,000928,-0.39,7130,7130
SZ,002121,-1.16,7129,8446
SH,600125,0.37,7128,7128
SH,688418,0.38,7125,7125
SH,603660,-1.65,7121,7121
SZ,300909,1.19,7121,9538
SZ,000735,9.96,7113,7116
SZ,920982,0.23,7110,14750
SZ,002881,-0.63,7103,11723
SH,600955,0.23,7101,7101
SZ,003043,4.44,7099,10874
SZ,000566,0.18,7093,7097
SZ,002935,-0.69,7086,7201
SH,605365,-0.41,7073,7073
SH,688610,-2.09,7069,11743
SZ,300492,-1.11,7067,7067
SH,600829,5.55,7063,7063
SH,688079,1.63,7053,7176
SZ,300276,-1.03,7051,9345
SZ,002256,-1.4,7050,7142
SH,601096,-0.91,7048,11476
SZ,300700,-1.19,7048,7873
SZ,300098,-2.55,7046,7942
SH,600429,1.29,7039,7060
SZ,002242,-0.53,7038,7050
SZ,300080,-0.52,7034,7044
SH,600708,-0.31,7032,7042
SZ,000756,0,7029,9816
SZ,301607,2.05,7028,10840
SZ,002721,-1.85,7021,7021
SZ,300222,-0.73,7017,8417
SH,603128,0.38,7003,7003
SZ,000755,-1.44,6999,6999
SZ,002840,2.57,6994,7043
SH,605598,-1.8,6982,6982
SH,600828,1,6977,6980
SZ,000551,-7.15,6975,6980
SH,601330,-0.83,6973,10086
SZ,002681,-2.83,6968,7968
SH,600713,0.37,6965,7064
SH,601015,1.49,6965,6965
SZ,002951,-7.01,6959,6993
SZ,300566,-2.56,6957,8044
SH,600925,-0.22,6954,29829
SZ,300045,-3.29,6950,8920
SH,600810,-0.15,6949,7012
SZ,300540,-1.37,6948,7649
SZ,920029,-1.78,6941,7133
SZ,002955,-4.07,6940,8394
SZ,300265,-1.58,6935,6939
SH,600108,9.88,6931,6931
SH,603277,-3.56,6927,6949
SH,688563,-1.49,6925,22958
SZ,000503,-2.49,6884,6884
SH,600770,-1.66,6877,6877
SH,603010,-2.81,6872,7044
SH,600874,0.36,6866,8763
SH,600510,-0.29,6863,6863
SH,603866,1.18,6863,6863
SH,600195,1.82,6862,6862
SH,600962,-0.56,6859,6859
SZ,300435,5.27,6854,7167
SH,600676,-1.18,6850,6850
SZ,301215,-1.14,6837,6845
SZ,301282,10.07,6835,8165
SH,600169,-0.96,6833,6833
SZ,300731,-2.3,6829,7196
SZ,301291,0,6824,13116
SH,605011,-0.28,6822,6822
SZ,002093,-1.87,6821,6821
SZ,002550,-0.13,6819,9151
SH,603229,-0.48,6808,6808
SZ,002650,-0.31,6808,6809
SZ,000631,-0.99,6808,6808
SZ,002421,-2.9,6801,7083
SH,600881,-4.97,6788,6788
SH,603416,-1.99,6786,7634
SH,605178,0.29,6785,6785
SZ,300444,-1.36,6783,8698
SH,688577,-1.48,6777,6777
SZ,002943,-1.83,6768,9563
SZ,002970,-0.33,6768,9850
SH,688230,-1.21,6761,6761
SH,600771,-0.28,6760,6760
SH,603367,-0.32,6760,6760
SH,600987,-0.14,6758,6758
SH,603517,-0.17,6757,6757
SZ,002785,-1.76,6755,7911
SH,600682,-0.67,6752,7802
SH,603778,-1.4,6744,6924
SH,605188,1.37,6743,6743
SH,688733,-2.93,6738,6738
SH,688631,-2.43,6728,6728
SZ,000777,-1.51,6725,6725
SH,600654,-1.68,6721,8252
SH,600780,-0.16,6719,6719
SZ,002810,-1.74,6718,7237
SH,600158,-1.4,6717,6717
SH,605098,1.19,6714,6714
SZ,002163,-0.35,6710,7055
SZ,002214,-0.27,6707,8393
SZ,000601,-1.07,6698,6800
SH,688115,-0.07,6692,6692
SZ,002546,-3.12,6690,6964
SZ,002057,-0.77,6689,6694
SZ,002690,-0.63,6688,13604
SZ,002438,0,6686,7237
SH,600103,0,6681,6767
SH,688787,-1.94,6678,6678
SH,688788,-2.27,6674,6674
SH,603861,-1.24,6671,6821
SZ,300341,-1.51,6669,6695
SZ,920394,1.15,6665,6714
SZ,300252,-2.29,6660,8156
SZ,301050,-2.04,6657,7816
SZ,300819,-2.75,6651,7363
SH,600488,1.16,6650,6650
SZ,000058,-1.45,6647,8311
SZ,000589,-0.22,6640,6684
SH,600468,-1.6,6635,6635
SZ,000989,-0.82,6622,8166
SH,603155,-0.13,6621,6621
SH,603197,1.92,6620,6710
SZ,300143,-2.32,6616,7735
SZ,301529,-2.58,6613,12320
SH,688757,-0.02,6605,14701
SH,688365,-3.24,6603,6603
SH,600604,-2.69,6601,8786
SH,601515,-0.57,6601,6601
SH,688601,-2.29,6596,6596
SZ,300872,-0.88,6588,7620
SZ,002467,-3.4,6588,6629
SH,600894,0.13,6585,6617
SZ,301366,-1.81,6578,11780
SH,600775,-2.09,6577,8946
SH,600422,0.12,6571,6571
SH,605366,-0.11,6561,6561
SZ,301678,-0.16,6557,11302
SH,688307,0.61,6556,6556
SH,603708,9.96,6556,6556
SZ,300678,-2.33,6552,6669
SZ,002315,-3.48,6552,10277
SZ,002734,-2.33,6550,7152
SH,603489,-0.81,6543,6543
SZ,300706,0.17,6542,8824
SZ,002470,1.02,6539,6539
SH,603368,0,6538,6538
SH,603887,-5.39,6538,6538
SZ,000595,-4.48,6536,6536
SH,688315,-1.99,6534,6534
SZ,002042,-1.28,6531,6531
SH,600966,0,6524,6524
SZ,000008,0,6519,6519
SH,600851,-2.1,6518,10658
SH,688685,-1.87,6516,6516
SZ,000905,2.57,6513,13541
SZ,301522,-2.12,6496,8728
SH,688620,0.36,6495,6495
SH,600325,-0.83,6495,6495
SH,603200,-1.74,6495,6495
SH,688276,-0.56,6490,6490
SZ,000090,0,6483,6484
SZ,300841,9.44,6481,6927
SZ,301061,-1.37,6481,9755
SZ,002135,-0.95,6472,6916
SZ,300192,-2.06,6472,6548
SZ,002140,0,6469,6478
SZ,300221,-0.49,6468,6633
SZ,002014,0.19,6467,6572
SZ,300324,-0.78,6464,6530
SZ,002870,2.19,6463,7610
SZ,002213,1.07,6462,7516
SH,603363,2.38,6461,8220
SZ,301182,-0.56,6459,7082
SH,603068,-1.18,6454,6454
SH,688185,-2.67,6449,13931
SH,600496,0,6448,6448
SZ,300900,-2.55,6448,8229
SH,601116,10,6446,6446
SH,603867,0.34,6440,6494
SZ,300493,-2.75,6429,6504
SZ,000670,2.65,6428,6548
SZ,002229,-5.71,6426,6465
SZ,300284,-2.54,6423,6769
SH,600368,0.5,6423,6423
SH,603595,2.49,6415,6415
SZ,301339,-1.75,6415,6493
SZ,002132,0,6408,6419
SZ,002664,-4.26,6407,6490
SZ,000572,0,6405,6414
SZ,300164,3.78,6404,6461
SZ,300134,-2.22,6393,6393
SZ,002635,-2.29,6384,10647
SH,603897,-3.46,6379,6379
SZ,002272,-0.25,6363,7559
SZ,001391,-0.47,6351,51033
SZ,300815,-0.84,6340,6473
SZ,301312,0.38,6339,12602
SZ,002965,-3.14,6331,8824
SZ,300151,-0.91,6331,9143
SZ,002678,-0.84,6326,6330
SZ,300820,0.46,6326,12575
SZ,301137,-0.53,6323,6323
SH,600975,2.22,6323,6323
SH,688135,-0.61,6319,6319
SH,600730,3.66,6318,6318
SZ,300197,-1.83,6316,6316
SZ,000524,-0.2,6311,6313
SH,688708,-1.83,6309,17701
SZ,000908,0.99,6308,12616
SH,688553,-1.03,6302,7774
SZ,002009,-1.43,6295,7152
SH,600501,-1.99,6293,6293
SZ,300358,-1.1,6287,6379
SZ,300343,-2.79,6287,6303
SZ,300119,-0.36,6286,8756
SZ,002519,-0.7,6269,6285
SH,605005,-0.25,6268,6268
SH,688510,0.17,6267,6267
SZ,300212,-3.02,6266,6457
SH,600230,0.4,6243,6243
SZ,003010,-0.75,6235,8576
SH,600617,1.15,6232,6771
SH,600643,-1.25,6218,6229
SZ,300041,-1.29,6217,6389
SZ,301261,-1.25,6216,6269
SH,688767,-1.81,6209,6209
SH,688526,0.91,6200,6200
SH,688635,-2.62,6190,32651
SZ,002527,-1.26,6188,7758
SZ,000722,-0.29,6178,7605
SH,600897,0.54,6171,6171
SZ,002606,-0.8,6168,6428
SH,600769,-0.65,6168,6168
SH,688309,2.64,6153,6153
SZ,301292,-2.29,6151,16086
SZ,300617,-1.7,6143,7328
SZ,000957,-0.85,6142,6142
SZ,001212,-1.3,6142,7100
SH,600310,-2.09,6141,6141
SH,603969,-0.54,6140,6284
SH,603877,-0.9,6139,6146
SZ,300307,-0.12,6138,6244
SZ,301099,-0.31,6132,10075
SH,600691,4.03,6129,6130
SH,688689,0.86,6128,6128
SZ,300709,-2.07,6123,7626
SZ,300969,-1.53,6114,12819
SH,688655,7.06,6109,6109
SH,688323,-1.35,6108,6108
SH,605183,-0.06,6108,6149
SH,601199,2.67,6107,6107
SH,600841,-1.67,6102,8119
SH,603567,-1.95,6097,6102
SH,688709,-0.82,6091,17494
SZ,002538,0.28,6090,6094
SZ,300369,-3.94,6090,6112
SH,688717,-1.95,6088,9835
SH,688499,-1.49,6083,6083
SH,603213,-0.5,6082,6082
SZ,300598,-2.76,6080,6082
SZ,000541,-0.79,6079,7587
SH,688448,4.21,6077,6077
SZ,002052,-2.64,6074,6629
SZ,301307,-1.75,6070,11751
SZ,300393,-1.39,6070,6919
SZ,002708,-3.29,6060,6593
SZ,300128,-1.88,6059,6067
SH,688505,-4.79,6054,8832
SZ,002210,-0.86,6054,6068
SZ,000915,0.15,6054,6057
SZ,002390,0,6053,6104
SZ,300983,-0.39,6053,6845
SH,688419,0.84,6047,6047
SH,603108,-2.14,6046,6046
SZ,002067,2.96,6046,6666
SZ,300626,-0.82,6041,6044
SZ,002452,-1.18,6038,7233
SZ,300256,-1.46,6035,6102
SH,603012,1.19,6032,6032
SH,605288,-2.48,6030,6071
SZ,002605,-1.15,6027,7441
SZ,301230,-2.7,6018,6691
SH,688656,1,6016,6016
SZ,002068,-1.2,6012,6015
SZ,300722,-1.8,6008,6008
SH,605056,-1.25,6002,6092
SZ,002029,-0.1,6002,6359
SZ,301333,-2.41,6001,6008
SH,688658,-1.25,5999,5999
SH,603383,-1.71,5995,5995
SH,600370,-0.66,5994,5994
SH,600586,0.72,5981,5981
SH,605018,-2.59,5979,5979
SH,600255,-1.77,5978,5978
SZ,300360,-1.23,5978,6145
SZ,300465,1.35,5977,5977
SH,603135,-0.41,5962,6006
SZ,002104,-2.25,5961,7041
SH,600203,-1.75,5960,5960
SZ,300708,0.36,5959,7792
SZ,002302,-0.83,5958,5958
SZ,002382,0.67,5957,6015
SZ,300981,-1.16,5954,6497
SH,601121,-1.58,5952,7323
SH,688232,-1.54,5950,5950
SZ,300226,-1.99,5946,6184
SZ,300214,-2.06,5941,5941
SH,600592,0.27,5933,5933
SZ,000912,3,5927,5927
SZ,300127,-0.34,5925,8295
SZ,000042,0.9,5924,5930
SH,600963,0,5923,5923
SH,600433,-0.87,5916,5916
SH,600855,-2.38,5911,5922
SZ,000881,-1.05,5910,6183
SZ,002127,-1.32,5904,7266
SZ,300046,-0.55,5904,5904
SH,605277,-1.66,5901,5941
SZ,000913,-0.43,5898,5970
SZ,300797,7.52,5897,5913
SH,605555,-0.56,5896,5896
SZ,002123,-2.96,5894,6588
SH,600983,-0.51,5886,5886
SZ,000025,-1.11,5884,6457
SH,688170,-0.22,5883,5883
SH,688109,-1.44,5882,5882
SH,600234,-0.35,5880,5880
SZ,300990,-3.35,5877,12939
SZ,300534,-3.85,5875,5900
SZ,301566,-0.13,5868,11120
SH,688117,-1.47,5868,5868
SZ,002793,-0.36,5864,5873
SZ,300063,-3.2,5858,7092
SZ,301000,-1.84,5855,6202
SZ,002349,0.98,5854,5976
SZ,003041,-0.57,5853,6160
SZ,002695,0.18,5851,6402
SH,688173,-1.24,5845,5901
SZ,002752,-0.65,5843,5852
SZ,002232,-1.57,5838,5838
SH,688219,-0.55,5837,5837
SZ,300129,-2.04,5836,9004
SZ,000793,0,5836,9623
SZ,300756,0.36,5833,6703
SH,688345,-0.39,5833,5861
SZ,000561,-2.08,5830,6489
SZ,300467,-2.8,5828,6958
SZ,920599,-0.29,5827,7687
SH,600425,0.83,5825,5825
SZ,300258,-1.25,5824,5979
SZ,301321,1.26,5823,7355
SZ,301306,-2.2,5823,8436
SZ,300093,1.41,5823,13613
SH,688095,-3,5821,5821
SH,688226,-1.65,5818,6043
SZ,002787,-0.63,5818,7795
SZ,002685,-1.53,5814,5814
SH,603123,-1.21,5812,7117
SZ,002803,-2.19,5811,8943
SH,688711,-1.13,5809,5809
SH,600106,-0.45,5808,5808
SH,600698,-2.09,5797,7459
SZ,002997,-1.41,5796,5796
SZ,300203,-1.21,5793,5798
SH,600375,-0.49,5792,6348
SZ,002082,-4.49,5786,6233
SH,603609,1.75,5786,5786
SZ,000880,-3.66,5780,11810
SZ,300696,-2.34,5780,6368
SZ,300079,-1.3,5779,6431
SZ,001330,-1.96,5779,6831
SZ,000608,2.24,5777,5812
SZ,002824,-1.68,5777,7947
SH,600477,-0.8,5756,5756
SZ,301301,4.63,5747,20693
SH,600449,-1.39,5743,5743
SZ,002298,-1.35,5742,6432
SH,600826,-1.11,5736,5736
SH,688408,-1.64,5735,5735
SZ,002263,-0.96,5729,5729
SZ,002956,0.05,5728,5729
SH,688282,-0.53,5728,5728
SZ,002101,-0.79,5728,5733
SZ,300300,5.79,5728,5728
SZ,002860,-0.94,5727,5863
SH,600054,0,5723,8133
SZ,001359,3.03,5721,22883
SH,600081,-2.35,5718,5718
SZ,003006,-0.88,5713,5727
SH,603758,-7.51,5695,5695
SZ,300161,-2.2,5692,5800
SZ,301638,-2.31,5690,72305
SZ,301101,-0.84,5687,5904
SZ,001236,-1.44,5686,7558
SH,600223,-0.52,5683,5683
SZ,000517,-0.43,5682,7259
SZ,002073,-0.87,5678,5737
SZ,002218,-0.72,5676,5760
SH,603380,-1,5672,5672
SZ,300075,-2.64,5670,6832
SH,603507,-1.99,5669,5732
SH,688562,-1.86,5668,5668
SZ,002164,-1.57,5666,6285
SH,603336,1.31,5661,5661
SH,603130,-1.73,5660,5660
SZ,300283,-0.26,5660,7405
SH,688334,0.06,5660,5740
SZ,300159,0.33,5656,10102
SH,600742,-0.51,5655,5655
SH,688720,-0.53,5653,8867
SZ,002992,-1.03,5649,6540
SZ,301362,0.13,5649,20135
SZ,002510,-0.17,5647,5705
SZ,300592,-1.07,5647,6424
SH,603682,-0.49,5646,5646
SZ,002301,-0.87,5643,5691
SH,601968,-0.44,5639,5639
SZ,003033,-1.68,5636,5706
SH,603366,-0.56,5634,5634
SZ,002988,-1.09,5626,5626
SZ,002805,-0.63,5624,5649
SH,600237,-0.1,5622,5674
SZ,000697,-1.25,5617,12006
SZ,300581,-3.03,5617,5617
SZ,000411,-0.19,5615,5626
SZ,000036,-1.71,5612,5615
SZ,001313,0.5,5607,5614
SZ,002134,-0.12,5604,5608
SZ,300048,-1.19,5595,5605
SH,603333,0,5588,5588
SZ,000900,-0.26,5585,5586
SZ,300470,-0.59,5585,5885
SZ,300019,-2,5584,5956
SZ,000920,-0.83,5577,5577
SZ,002274,2.24,5571,5657
SH,600784,0.49,5567,5567
SZ,300579,-2.01,5566,5770
SH,603098,-0.57,5566,5573
SZ,002907,-1.42,5558,6911
SZ,300039,-1.61,5557,6339
SH,605287,0.81,5555,5555
SZ,000501,-0.13,5555,5560
SH,603587,-0.33,5550,5550
SZ,300996,-2.91,5543,6586
SZ,301155,-2.32,5534,9761
SZ,300006,-0.56,5533,5533
SZ,301580,-2.36,5532,8188
SZ,000936,-6.02,5519,5520
SZ,002206,-0.75,5517,6066
SZ,002577,-0.29,5515,5516
SH,603353,0.31,5510,5510
SZ,300905,-1.41,5505,7073
SH,603855,-1.14,5503,5535
SZ,000852,10.08,5502,5534
SH,603901,-1.52,5501,5577
SZ,300057,-1.19,5493,6634
SH,688575,-3.79,5491,5491
SH,688181,0.07,5485,5485
SH,688237,0.05,5483,5483
SZ,300047,-2.57,5481,6020
SH,600982,-1.2,5476,5476
SZ,300293,-0.85,5476,5476
SZ,300217,-3.28,5475,6518
SH,600694,0.21,5466,5466
SH,603110,-2.08,5465,5465
SZ,300158,-1.07,5463,5468
SH,603686,-0.44,5459,5459
SH,600189,0.26,5457,5457
SZ,000925,3.04,5456,5499
SZ,300278,-1.77,5455,5472
SZ,300227,-0.66,5453,7119
SH,688218,1.89,5453,5453
SZ,920368,-0.4,5444,5722
SH,600035,-0.58,5442,5442
SZ,002196,-1.58,5441,5524
SZ,000948,-2.64,5436,5447
SH,601008,0.23,5434,5434
SZ,002376,-1.56,5431,5593
SH,688207,-2.91,5431,5431
SZ,000717,0.45,5429,5429
SH,600981,-0.81,5427,5427
SH,603217,-2.57,5421,5421
SZ,300926,-0.81,5420,7900
SZ,300648,-0.38,5412,7109
SZ,300587,-0.38,5410,6673
SZ,301379,0.69,5404,6857
SH,603668,1.04,5402,5402
SZ,002833,-0.42,5395,7899
SH,603848,-3.66,5392,5392
SZ,300451,-2.21,5389,5468
SZ,002713,-0.19,5386,9733
SZ,920493,-3.31,5386,7310
SH,603685,3.17,5383,6759
SZ,301413,-4.8,5380,9011
SZ,003012,0,5378,5484
SH,688566,-0.95,5377,5377
SZ,002882,-2.24,5372,9424
SH,601177,-0.59,5372,5443
SH,688776,-1.77,5370,5370
SH,601011,4.87,5364,5364
SZ,002697,1.97,5362,6351
SZ,002255,-1.17,5359,6979
SH,688539,-1.7,5354,5354
SH,688320,-2.17,5353,5353
SH,688683,-1.06,5352,5352
SH,603889,0.18,5351,5391
SH,600292,-1.05,5350,58028
SZ,300918,-1.76,5350,5350
SZ,300488,-1.57,5349,6305
SH,600603,2.21,5342,5342
SZ,300087,8.82,5342,5608
SZ,300825,-3.41,5339,5454
SH,688796,-1.71,5339,61797
SH,600300,1.23,5337,5337
SZ,002279,-3.17,5330,5777
SH,688807,11.38,5328,26642
SH,600721,-1.2,5326,5326
SH,600743,-0.86,5326,5326
SZ,300082,-0.75,5325,5339
SZ,000557,0,5321,5323
SH,601086,1.52,5321,5321
SZ,300695,-1.82,5319,5319
SH,600288,-8.01,5311,5311
SH,603666,-1.21,5311,5311
SZ,002419,0.43,5307,5307
SH,603153,-0.52,5306,5386
SH,603194,-1.11,5303,13458
SH,600644,-1.5,5297,5297
SZ,002567,1.65,5297,5302
SZ,301349,0.06,5294,6705
SZ,002424,0,5287,6415
SH,605228,-0.97,5287,5308
SH,600191,0.46,5286,5286
SZ,300633,-1.11,5286,8633
SZ,002489,0,5280,5986
SZ,300959,-2.75,5277,8105
SZ,003040,-1.94,5277,5326
SH,603499,-2.5,5274,5274
SZ,002038,0.32,5273,6359
SZ,002194,-2.26,5272,7052
SZ,002383,-1.1,5271,5271
SH,600605,-0.11,5264,5264
SZ,002649,-2.28,5256,5796
SH,601518,0,5256,5256
SH,600889,-2.11,5250,8406
SH,688228,-4.91,5249,5249
SH,605050,-0.74,5249,5249
SH,605580,-1.25,5247,5247
SZ,301323,-1.69,5246,8156
SH,600825,-0.98,5245,5245
SZ,300525,-1.84,5241,6389
SH,600593,-0.92,5241,5308
SH,603286,-2.85,5240,5290
SH,600868,-1.77,5239,5239
SH,603916,2.47,5237,5237
SZ,301629,0.45,5235,11380
SZ,300084,0.27,5232,6097
SZ,002572,-0.61,5231,7733
SZ,300189,13.68,5229,6042
SH,603131,-1.51,5229,5229
SZ,300233,-0.48,5225,5424
SH,600513,-1.18,5224,5224
SZ,002047,-5.48,5216,5216
SH,688786,1.11,5210,5210
SZ,002638,10,5208,5531
SZ,300792,-2.74,5206,5801
SZ,000531,-0.68,5204,5957
SH,603212,-0.74,5202,5202
SZ,300149,-2.61,5196,5449
SZ,300067,-3.81,5192,6395
SZ,300066,-1.32,5190,5408
SH,605009,1.22,5189,5189
SZ,000779,4.8,5178,5178
SH,605299,-1.16,5173,5173
SZ,002300,-1.5,5172,5172
SZ,301053,-2.73,5171,5568
SZ,002637,1.83,5171,5231
SH,688057,0.38,5169,5169
SZ,000571,-1.54,5169,5328
SH,603191,-1.68,5167,5167
SH,603439,-3.9,5165,5165
SH,603158,-2.49,5163,5163
SZ,002165,-0.55,5159,5213
SH,600720,-0.38,5156,11725
SH,600217,-1.26,5155,5155
SZ,002358,-1.24,5151,5151
SZ,000796,0.52,5150,6207
SH,688101,-1.07,5150,5150
SH,688210,-3.61,5148,5148
SZ,002122,-0.37,5148,5184
SZ,002915,-0.93,5145,5988
SZ,300586,-1.22,5143,6842
SZ,002657,-2.35,5139,5188
SH,601279,-0.6,5138,5138
SZ,301368,-1.21,5137,5137
SZ,002191,-3.42,5134,5175
SZ,300681,-0.79,5131,6804
SH,688386,-0.69,5128,5613
SH,601002,0,5125,5164
SZ,002777,-1.92,5125,5172
SH,603173,0.06,5123,5123
SH,603162,2.28,5123,16677
SZ,003004,-0.26,5123,6100
SZ,000888,0.1,5122,5122
SH,603170,0.87,5120,5120
SZ,300446,-1.92,5118,11582
SH,603701,-1.6,5117,5117
SZ,301211,-1.52,5116,5116
SH,600073,2.06,5111,5111
SH,600138,0,5110,5110
SZ,000652,-0.27,5104,5108
SZ,301235,-4.29,5101,6816
SZ,002166,0.88,5096,5117
SH,603511,-1.39,5096,5146
SH,603122,1.83,5095,5095
SZ,301012,-2.55,5093,5093
SH,688691,-1.91,5093,8376
SZ,300925,-2.6,5092,6246
SZ,002559,-0.68,5090,6483
SZ,000409,-1.48,5090,5841
SZ,002066,-0.85,5089,5175
SZ,002201,-0.81,5087,5506
SH,600569,0.57,5084,5084
SZ,300507,-1.94,5083,5250
SZ,002351,-1.21,5080,8669
SZ,301256,-0.93,5078,5078
SZ,002640,-2.08,5078,5110
SZ,002235,-3.97,5076,5315
SZ,002154,0.7,5075,6275
SH,603590,-1.92,5069,5095
SH,600279,0.71,5068,5068
SZ,002528,-0.81,5062,5778
SH,600610,0.14,5060,7649
SZ,000525,0.44,5059,5928
SH,603790,-6.64,5054,5054
SZ,000560,-0.45,5051,5088
SZ,300491,0.13,5050,5692
SZ,002060,-0.61,5048,12127
SH,688348,-2.17,5042,5042
SZ,300878,-0.39,5041,5065
SZ,300406,-0.07,5040,6963
SH,688696,0.1,5037,5037
SZ,300219,0.42,5031,5041
SZ,301583,1.72,5028,30247
SZ,301330,-1.47,5027,5780
SZ,001207,-1.37,5021,5202
SH,600814,1.19,5021,5021
SZ,300619,-0.78,5016,5958
SH,688007,-2.14,5014,5014
SH,600817,-1.14,5014,5039
SZ,301115,1.27,5013,6117
SZ,300259,-1.8,5012,5013
SZ,002570,-0.21,5011,5011
SZ,300856,-2.23,5011,5185
SZ,301045,-0.98,5009,7926
SH,600284,-0.95,5007,5007
SZ,300783,0.79,5006,7174
SH,605377,-2.17,5004,5004
SH,688679,-0.17,5004,5004
SH,600336,-1.09,5004,5004
SH,600495,-0.23,5002,5002
SZ,300036,-2.17,4998,5534
SZ,002344,0.26,4997,5002
SH,688225,-1.8,4992,4992
SZ,301051,-0.57,4991,6282
SZ,301160,-1.91,4984,7501
SZ,301239,-2.19,4983,5249
SZ,002940,-0.77,4980,5422
SZ,300528,-1.61,4978,4978
SZ,002479,0.35,4971,4982
SH,688410,-1.59,4967,4967
SZ,300680,-2.09,4966,6453
SZ,002483,0.72,4966,4973
SZ,002530,-2.18,4963,5563
SH,600379,1.42,4956,4956
SH,600197,0.1,4949,4949
SZ,002651,-5.19,4948,9043
SH,600939,0,4946,4946
SZ,002033,0.22,4945,4945
SZ,002989,-3.73,4944,5038
SZ,002189,-1.45,4944,4945
SZ,002478,-0.28,4943,6162
SH,688069,-0.78,4942,4942
SZ,002375,1.09,4938,4971
SH,600351,-0.41,4934,4934
SZ,300443,-1.68,4933,6505
SZ,002303,-1.53,4931,7810
SZ,002124,10.13,4930,5555
SH,603196,-1.46,4927,8705
SZ,300692,-2.23,4926,5398
SH,601566,0.71,4925,4925
SH,605208,2.12,4923,4923
SZ,301162,1.15,4922,7583
SZ,301589,-2,4916,13186
SH,600308,0.31,4915,4915
SZ,002443,-1.55,4914,4914
SH,600790,0,4910,4910
SZ,300788,1.22,4908,4908
SZ,300569,-1.42,4905,4919
SH,600990,-1.98,4904,4904
SZ,002455,-0.66,4903,5361
SH,603777,-0.94,4903,4903
SH,603711,0.94,4897,4897
SH,600199,-0.39,4894,4894
SZ,300261,0.19,4893,5000
SZ,301268,-1.59,4891,5407
SZ,300249,-3.39,4890,5992
SH,688667,1.01,4889,4889
SZ,000404,-1.11,4886,4907
SZ,300016,-0.22,4885,5055
SZ,002556,1.95,4885,4890
SZ,300767,-3.36,4882,5623
SH,688512,-1.5,4882,7112
SH,600207,-0.66,4880,4880
SH,688377,-0.8,4879,4879
SZ,301179,-1.1,4873,8298
SH,603111,-0.33,4866,5008
SZ,002334,-1.62,4866,5429
SZ,300292,-1.57,4866,5850
SZ,301603,-1.67,4861,15556
SZ,002523,0.58,4856,4873
SZ,002238,-0.97,4855,4855
SZ,000720,-2.27,4850,4850
SH,603843,-1.69,4848,4848
SZ,300871,0.59,4847,4847
SZ,920640,-0.88,4844,5035
SH,600979,-1.51,4843,4917
SZ,002481,0.93,4842,5342
SZ,002590,2.41,4841,5076
SZ,002307,-1.32,4838,4897
SZ,000753,1.67,4838,4838
SZ,300287,-2.38,4838,5267
SH,603398,0.09,4835,4835
SZ,000863,0,4827,4900
SZ,002819,-1.97,4826,6082
SZ,300397,-2.14,4824,6118
SH,600523,-2.6,4824,4827
SZ,001322,-0.96,4824,5929
SH,600231,0,4822,4883
SZ,300120,-4.28,4821,5250
SZ,002589,-1.39,4821,5312
SZ,002526,-1.08,4817,4849
SZ,300907,-1.79,4817,4817
SH,688389,-1.22,4816,4816
SZ,301048,-0.87,4816,4816
SZ,300404,-4.19,4814,6504
SZ,300697,-3.51,4813,6286
SH,603387,1.06,4813,4813
SH,600121,0.77,4813,4813
SH,603598,-2.72,4812,4817
SH,603137,0.31,4811,4811
SZ,301458,0.61,4811,10920
SZ,002919,-2.82,4809,4844
SH,688665,0.51,4804,4804
SZ,300518,-1.06,4803,4804
SZ,002728,0.21,4803,4918
SH,688530,1.21,4801,11011
SH,605338,2.51,4799,4799
SZ,002642,-2.54,4796,4796
SH,688591,-0.83,4795,6844
SZ,300755,-0.85,4795,4797
SH,600227,9.97,4791,6333
SH,603976,-0.03,4786,4786
SH,605577,10.02,4782,4782
SH,603683,1.1,4782,4832
SH,601789,-3.29,4782,6707
SZ,300461,-1.04,4777,5200
SZ,300702,0.8,4764,7878
SZ,002774,-1.22,4759,5687
SH,688719,-2.56,4759,6120
SZ,301365,-3.39,4759,7051
SZ,002959,0.41,4757,5303
SZ,300688,-1.44,4756,5365
SZ,002482,0,4755,4764
SZ,001208,-1.64,4752,9518
SZ,300606,3.25,4752,5586
SZ,002892,0,4751,7044
SH,603988,-3.71,4749,4749
SH,605368,0.91,4745,4745
SH,603980,-0.7,4738,4738
SH,600714,1.8,4735,4735
SZ,301008,0.05,4734,5362
SZ,002102,-0.88,4728,5496
SH,688356,-2.54,4728,4728
SZ,300964,-2.23,4726,6440
SZ,300490,-1.87,4723,4788
SH,688580,-1.9,4721,4721
SZ,001328,-0.47,4719,5024
SH,605286,-6.89,4716,4716
SZ,002111,-0.61,4712,5129
SZ,301055,-0.31,4710,4813
SZ,300196,-0.46,4708,7792
SH,603150,0.04,4702,4702
SH,600626,0,4702,4702
SH,603330,-1.61,4702,5002
SH,600756,-2.41,4699,5070
SH,600551,-0.28,4699,4699
SH,600222,-6.14,4699,4699
SZ,002749,0.82,4697,4802
SH,603216,1.01,4697,4697
SZ,300785,-3.14,4695,7632
SZ,300802,-3.12,4693,6588
SH,600571,-2.56,4692,4780
SH,603070,-0.67,4692,4692
SZ,300291,-3.25,4687,4747
SZ,001317,-1.59,4684,4689
SZ,000417,0.67,4682,4687
SZ,300547,-2.62,4677,5692
SZ,300215,-0.78,4674,4674
SH,600857,0.53,4673,4673
SZ,300388,-1,4672,4672
SH,688551,-1.03,4672,4672
SH,688085,-2.26,4670,4886
SH,603222,-0.77,4668,4668
SZ,002880,-0.95,4668,4668
SH,600715,-0.6,4666,6618
SH,600681,1.16,4663,4666
SZ,002026,-0.27,4660,4661
SZ,002291,-2.18,4659,5012
SZ,000759,2.01,4656,4703
SZ,002727,-0.91,4652,6934
SZ,300147,-2.34,4648,4675
SZ,300232,-0.75,4638,5691
SH,603408,0.39,4637,4637
SH,688609,-3.64,4625,4828
SH,688238,-2.71,4623,4634
SZ,002586,-1.38,4622,4863
SZ,300463,-1.66,4621,5684
SH,603803,-2.24,4618,4618
SZ,002902,-0.94,4615,6106
SH,603998,0.1,4615,4615
SZ,300727,-1.1,4614,5127
SZ,002045,-2.6,4612,4618
SH,603767,-1.57,4611,4611
SH,603726,-0.63,4610,4633
SH,600084,0,4607,4607
SH,688247,-4.77,4601,4601
SH,603386,-0.83,4601,4601
SZ,300523,-1.44,4599,4599
SZ,002522,-0.96,4598,4601
SZ,002573,-0.9,4592,4600
SZ,002520,-2.13,4592,4802
SH,688330,-2.2,4591,4591
SH,603661,-0.2,4588,4588
SZ,301060,-2.67,4585,5099
SZ,300429,-1.07,4578,6087
SH,600088,-2.03,4578,4578
SZ,002501,-0.76,4575,4580
SZ,000045,-0.49,4575,5070
SZ,301058,3.24,4575,4651
SZ,301391,-1.74,4574,4681
SH,688646,-4.62,4570,7086
SH,688653,-2.36,4569,6129
SH,605300,0.8,4567,4567
SZ,301004,-2.49,4566,4892
SZ,301367,-1.31,4564,5828
SH,600127,10.06,4563,4563
SZ,300715,0.83,4560,5508
SH,688196,1.04,4559,4559
SZ,000993,-0.99,4552,4552
SH,603928,0.53,4552,4552
SZ,002543,-1.14,4545,5109
SZ,301252,-1.08,4545,5667
SH,603348,-1.36,4544,4544
SZ,300505,4.66,4541,5742
SZ,300027,-1.11,4539,4911
SZ,002146,-0.84,4537,5044
SZ,002370,-2.24,4533,4534
SZ,300705,0.08,4532,6129
SH,603365,-0.56,4531,4554
SH,688010,-0.34,4528,4528
SH,603032,-1.26,4516,4522
SH,688137,-5.62,4515,4515
SH,603097,-0.58,4512,4617
SZ,300243,20,4509,5636
SZ,002401,-1.37,4504,4508
SH,603318,7.8,4503,5441
SZ,002627,0,4503,4552
SH,600071,-0.24,4502,4502
SZ,300669,4.49,4500,4752
SZ,002112,0.41,4495,5044
SZ,000507,0.2,4494,4580
SH,603681,-1.4,4493,4493
SZ,003026,1.07,4489,5830
SZ,000819,-0.23,4487,4530
SZ,300345,4.94,4487,5430
SZ,002788,0.6,4487,4565
SZ,002707,0.19,4481,5090
SH,688045,-0.69,4476,4476
SH,603912,-3.72,4474,4474
SZ,300737,-0.58,4471,5596
SZ,300441,3.93,4469,4601
SZ,000886,0,4469,4519
SZ,002641,0,4468,4843
SZ,300138,0.72,4465,5416
SH,600283,0.13,4464,4464
SH,600758,-0.58,4464,4468
SH,600469,-0.74,4460,4690
SH,603669,-1.56,4459,4459
SZ,300105,3.84,4459,4462
SH,688291,-1.91,4459,4459
SZ,001283,-1.14,4455,5588
SH,603528,-1.4,4454,4454
SZ,002876,-0.02,4452,5197
SH,603015,0.46,4450,4450
SZ,300643,-1.07,4450,4460
SH,600558,-1.97,4443,4443
SZ,300917,-0.86,4443,4443
SZ,300632,0.1,4442,6128
SH,600658,-0.74,4441,4441
SZ,002418,-3.93,4432,4432
SZ,300968,-1.1,4431,4431
SZ,002393,-0.26,4431,4550
SH,601218,-1.07,4428,4428
SZ,002540,-0.38,4428,6437
SZ,002322,-2.99,4427,4606
SZ,002161,-1.31,4423,4424
SZ,300791,-1.2,4412,5283
SZ,300123,-3.05,4404,4527
SH,603339,0.57,4400,4400
SH,600173,-0.47,4399,4399
SH,603611,-0.17,4395,4395
SZ,002884,-0.11,4391,5752
SH,603060,-0.54,4390,4390
SZ,002746,0.32,4386,5318
SH,688558,-1.88,4385,4385
SZ,300271,-1.42,4385,4481
SZ,002059,-0.44,4384,4515
SZ,000078,0,4384,4394
SH,688360,-1.35,4383,4383
SH,605162,3.78,4380,4380
SZ,300943,-1.16,4378,6687
SZ,300481,-0.97,4377,4404
SZ,002321,1.98,4375,4394
SZ,000428,0.47,4371,4371
SH,600168,-0.22,4371,4371
SZ,001338,1.28,4370,4370
SZ,003019,1,4370,4472
SH,600382,-1.4,4368,4368
SZ,002480,0.53,4368,4377
SZ,300745,-0.64,4368,5173
SH,600101,-0.98,4366,4366
SH,600178,-1.67,4366,4366
SH,603209,-0.14,4366,4414
SH,600819,1.47,4365,5401
SZ,301488,-1.58,4359,10638
SZ,000718,-0.51,4358,5796
SZ,300368,-3.96,4353,4353
SH,603038,-0.3,4353,4353
SZ,002454,-1.77,4352,4360
SH,601065,-0.43,4352,4352
SZ,002490,4.97,4350,6613
SH,603018,-1.11,4350,4350
SH,688350,-1.16,4347,4347
SZ,300286,-1.08,4347,5246
SZ,920077,2.35,4341,8430
SH,603324,-1.06,4337,4488
SH,600152,-1.32,4333,4333
SZ,301116,0.84,4333,4333
SH,603206,-1.72,4331,4331
SZ,002367,-0.72,4330,4348
SH,688311,-2.59,4330,4330
SZ,301007,-1.94,4328,4386
SZ,000011,0,4328,4899
SZ,002005,-0.39,4327,4328
SH,600261,2.53,4326,4326
SZ,300901,0.06,4325,4325
SZ,002512,-1.98,4323,4355
SZ,002264,0,4322,4780
SH,603822,-0.92,4319,4319
SH,688639,0.88,4317,4317
SH,603165,-0.21,4316,4316
SH,603933,-0.56,4313,4313
SZ,002427,-0.22,4312,4316
SZ,002644,-0.11,4310,4310
SZ,300320,-1.87,4310,5339
SH,688267,-0.78,4309,4309
SZ,301370,0,4306,4306
SZ,300434,0.88,4304,5054
SH,603175,-1.8,4303,41356
SZ,000520,0.71,4301,4301
SZ,300403,-2.28,4298,5915
SZ,002765,-0.27,4296,4702
SZ,300326,-1.31,4293,4295
SZ,000919,0.88,4290,4291
SH,603187,-2.34,4290,4335
SZ,300333,5.43,4289,4304
SZ,301348,-0.93,4287,5318
SZ,300984,-0.54,4286,6651
SZ,002886,-1.43,4286,5396
SZ,301277,-0.17,4281,4281
SZ,002772,6.96,4281,4317
SZ,000821,-1.25,4281,4410
SH,603121,-0.7,4279,4279
SH,603703,-3.9,4278,4278
SH,603016,-1.89,4276,4276
SH,600076,0.95,4276,4276
SZ,300018,-3.75,4272,5747
SH,605088,-0.92,4271,4304
SH,603960,-2.85,4271,4271
SZ,000521,-0.4,4271,5026
SZ,301280,-0.75,4271,8225
SH,605086,-0.37,4270,4270
SZ,300733,-1.07,4269,5790
SH,600337,-3.25,4268,4268
SZ,000678,-2.82,4265,4265
SH,600880,-1.75,4263,4264
SZ,300091,-1.51,4252,7389
SH,603869,-1.91,4251,4251
SZ,300121,-1.29,4247,4403
SH,688429,-0.83,4244,4244
SH,600340,0,4244,4244
SH,688236,-1.99,4240,5638
SZ,002758,2.13,4234,4239
SH,605055,-1.02,4233,4233
SZ,300228,1.34,4231,4523
SH,603615,-1.18,4229,4229
SZ,002328,-0.93,4223,5711
SH,600650,-0.36,4222,5963
SZ,002843,-1.97,4221,4247
SZ,300557,-1.49,4218,4239
SZ,300847,-1.58,4218,4218
SH,603697,2.18,4213,4213
SZ,300210,-1.35,4213,4213
SZ,002088,-1.06,4210,4239
SZ,920946,-0.59,4208,4209
SH,688633,0,4205,4205
SZ,000505,7.78,4205,4834
SZ,920593,0.47,4203,4931
SZ,300532,-1.69,4202,4418
SZ,300539,-1.17,4201,5169
SH,603069,0.3,4200,4200
SZ,002117,-0.98,4199,4200
SH,688168,-3.08,4198,4198
SZ,000716,7.95,4194,4291
SZ,000816,3.56,4189,4211
SH,603636,-2.56,4184,4184
SH,603322,-4.83,4179,4179
SH,603978,-0.04,4178,4178
SH,600479,0,4177,4912
SZ,300004,1.16,4176,4176
SH,600609,-1.53,4175,4175
SZ,300506,0.71,4173,8097
SH,688595,-1.62,4173,4173
SH,688212,-2.78,4172,4172
SH,603106,-3.38,4159,4159
SH,688211,0.09,4153,4153
SH,603261,-1.86,4149,4149
SH,688136,-1.1,4147,4147
SH,600520,-0.64,4140,4140
SH,603429,2.07,4138,4138
SZ,300793,-1.85,4130,4224
SH,603558,-0.32,4129,4129
SH,603271,-0.88,4128,8649
SZ,301096,-1.73,4124,5421
SZ,002560,-0.75,4117,4779
SH,600135,-1.19,4117,4117
SZ,002380,-1.62,4115,6945
SZ,000655,-1.13,4114,4114
SH,603519,0.06,4109,4109
SH,688269,-1.09,4109,4109
SH,688215,0.15,4108,4108
SH,688489,2.35,4108,4139
SH,603072,-0.88,4099,8581
SZ,002160,-1.23,4092,4100
SZ,300022,0.85,4087,4087
SZ,300355,-0.98,4085,4797
SZ,002562,1.62,4084,5737
SZ,002693,-0.49,4081,4118
SZ,002950,0,4077,6010
SH,603167,0.23,4077,4077
SH,600792,-0.26,4073,4073
SH,603178,-0.57,4069,4069
SZ,300508,-3.17,4067,5404
SZ,300206,-1.55,4067,6968
SH,603676,0.21,4064,4064
SZ,300061,-2.09,4063,4303
SH,603095,-4.25,4063,4063
SH,600628,0.16,4062,4062
SZ,300590,-1.81,4061,5246
SH,603088,-1.79,4059,4657
SZ,300421,-2.16,4058,5181
SZ,002986,0.22,4057,5109
SZ,001316,-1.06,4049,4340
SH,603958,10.01,4049,4049
SZ,300873,-3.02,4049,5578
SH,605268,-0.53,4049,4049
SZ,002849,1.59,4046,4080
SH,603956,-3.26,4046,4046
SZ,000782,-0.38,4046,5259
SZ,300936,-1.66,4045,6415
SH,603035,-0.44,4044,4044
SH,600725,0,4043,4043
SH,688186,-0.68,4042,4042
SZ,002449,-0.9,4039,4039
SZ,301201,-0.6,4035,5751
SZ,300318,-0.38,4033,4158
SH,688286,-2.77,4030,4030
SH,603090,-1.19,4026,4026
SZ,301517,-1.8,4024,6239
SZ,002553,-1.37,4022,5549
SH,603316,1.2,4022,4109
SH,688023,-1.84,4022,4022
SZ,301003,-0.81,4021,5198
SH,601368,0.22,4018,4018
SZ,002040,-0.23,4015,4015
SH,603239,2.06,4015,4015
SZ,300663,-2.45,4010,4167
SZ,300071,-3.41,4008,4087
SH,603607,-0.74,4008,4008
SH,603719,0.7,4008,4008
SZ,000523,2.03,4002,5543
SH,600727,1.2,4001,4001
SZ,002612,-1.31,3998,6951
SH,605058,-0.24,3996,3996
SH,688785,-0.62,3996,19972
SH,600824,-2.56,3995,3995
SZ,000882,0,3994,3997
SZ,002688,1.52,3991,4109
SZ,300893,-1.23,3989,7521
SH,603081,-1.04,3988,3988
SZ,301419,-3.29,3984,6027
SZ,301168,-1.08,3982,5014
SH,603967,-0.42,3980,3980
SZ,300553,-2.08,3979,5192
SH,603520,-0.86,3976,3976
SZ,300882,-1.9,3976,4273
SH,603085,-2.24,3975,3975
SH,600798,0.61,3969,3969
SZ,300963,-2.15,3969,5412
SH,603058,-1.94,3968,3969
SH,605028,-0.11,3962,3962
SZ,300712,-1.61,3959,3976
SZ,300749,3.03,3957,5158
SZ,300561,-2.43,3956,5384
SZ,001288,-0.41,3952,6083
SZ,301102,-0.7,3950,3950
SZ,301376,-2.43,3950,8210
SZ,920139,-0.84,3950,4088
SZ,002116,-0.55,3948,3997
SH,688298,-0.55,3947,3947
SH,603113,0.65,3937,3937
SH,603679,-3.18,3934,3934
SH,600505,-1.27,3934,3934
SZ,300662,-2.9,3931,3942
SH,600860,-6.25,3925,4840
SH,688199,0.91,3924,3924
SZ,300571,-3.16,3924,4734
SZ,300349,-1.02,3923,4427
SZ,002669,-0.91,3920,3929
SZ,300478,-1.11,3919,3919
SZ,001380,-0.64,3919,4561
SH,688133,-0.32,3919,3919
SZ,300758,-1.44,3918,4346
SZ,920239,-0.54,3914,3962
SZ,000822,0.23,3912,3912
SH,600067,-1.39,3911,3911
SZ,301187,0.46,3906,3906
SZ,000850,0.49,3906,3907
SH,603689,0.54,3905,3923
SZ,300183,-2.13,3903,4867
SZ,300194,-0.48,3902,4795
SH,603421,-1.63,3900,3900
SZ,300656,-1.05,3900,4946
SZ,300522,-1.71,3899,4779
SZ,300880,-2.19,3895,3895
SZ,002584,-0.71,3893,4863
SZ,000518,-6.89,3892,3892
SZ,002564,-0.65,3891,3891
SZ,301169,-1.79,3891,3892
SZ,000599,-1.65,3880,11605
SZ,002930,-1.21,3875,4095
SZ,300686,-1.11,3873,3899
SZ,300055,0.99,3873,5121
SH,600800,-0.84,3873,3874
SZ,002469,-2.37,3871,3997
SH,688583,-2.74,3868,11101
SH,600333,1.12,3861,3861
SZ,002677,-0.84,3861,4522
SH,688459,-0.73,3859,3859
SZ,300639,-0.48,3857,3957
SZ,301234,2.06,3856,6527
SZ,301421,0.76,3856,9635
SZ,301398,-0.33,3854,3954
SZ,301630,-0.34,3854,10287
SZ,002554,1.76,3854,3854
SZ,002412,3.06,3853,3895
SZ,301186,-1.43,3853,4097
SZ,000532,-0.35,3851,3864
SH,605337,1.13,3850,3850
SH,603315,-2.19,3848,3848
SZ,002628,-1.53,3844,3861
SZ,300541,-2.55,3842,4257
SH,603918,-3.74,3837,3837
SZ,301322,-1.06,3837,5689
SZ,301257,-2.27,3836,4024
SH,688813,1.2,3835,20400
SH,688571,-1.08,3835,3835
SZ,000797,0.83,3832,3833
SZ,000713,5.58,3831,4981
SZ,301479,-3.18,3831,6692
SH,688299,-0.36,3831,3831
SH,600794,0.31,3828,3828
SZ,301408,-1,3828,6688
SZ,300471,0.1,3826,4800
SH,603926,-0.83,3823,3858
SZ,300424,-2.16,3819,3821
SZ,300629,-1.56,3818,4428
SH,688075,-0.85,3818,3818
SZ,002406,-1.3,3817,4958
SZ,002786,-1.14,3815,3826
SZ,300351,-1.55,3814,5631
SZ,002365,9.97,3814,4582
SH,600960,-0.98,3812,3812
SZ,300200,-0.87,3811,3874
SH,600527,0,3810,3810
SH,603138,-2.28,3809,3879
SZ,300231,-2.72,3807,3807
SH,603716,-1.28,3807,3807
SZ,300588,-0.68,3805,4120
SZ,300911,-4.47,3804,4070
SH,688443,1.41,3803,9724
SZ,002162,-0.71,3802,3808
SH,605388,0.8,3801,3801
SZ,002973,-0.41,3799,4888
SZ,002333,2.15,3799,3847
SZ,002177,-1.58,3798,4232
SZ,002197,-1.24,3797,4368
SH,603291,-0.65,3796,3796
SH,603559,-0.2,3792,3792
SZ,002187,0.74,3792,3792
SH,605369,0,3792,3792
SZ,002228,-0.62,3785,3798
SH,600506,1.13,3784,3784
SZ,300448,0.17,3778,3978
SZ,300246,-5.59,3777,4726
SZ,002766,1.15,3771,3783
SZ,001269,-0.8,3769,3769
SZ,920819,7.24,3768,3812
SZ,000016,-1.66,3768,5683
SZ,300290,-0.83,3767,3768
SH,600805,0.23,3767,3769
SZ,002090,-0.62,3755,3777
SH,601113,-0.28,3754,4604
SZ,002035,-0.61,3754,4069
SH,600980,0.92,3753,3832
SH,688398,1.59,3747,3747
SH,601188,-0.34,3747,3747
SH,605186,-1.42,3745,3745
SH,605189,-3.37,3745,3745
SZ,002457,3.6,3743,3745
SH,605378,-0.55,3740,3740
SZ,000906,-0.36,3738,3783
SZ,300044,-0.18,3734,3987
SZ,300809,-1.77,3734,6288
SH,605158,-0.26,3733,3733
SH,688588,-1.84,3732,3732
SZ,301602,-5.03,3732,7667
SZ,000007,1.32,3731,3731
SZ,002724,-8.49,3730,5069
SH,603116,1.89,3728,3728
SH,600729,0.47,3726,8527
SZ,300154,2.87,3725,5314
SH,601366,0.78,3724,3724
SH,688302,-1.43,3723,3723
SH,600613,10.07,3720,4144
SZ,300050,5.08,3719,3721
SZ,002596,-0.3,3715,3718
SH,688163,-0.86,3712,3712
SZ,301315,-1.21,3712,3712
SH,600568,-0.44,3705,4424
SZ,002927,-1.46,3704,3745
SZ,300021,8.44,3703,4335
SZ,300299,-2.35,3702,3707
SZ,001229,9.99,3702,7199
SH,603126,-0.48,3700,3700
SH,603706,1.03,3699,3699
SZ,300736,3.94,3689,3784
SZ,001238,-1.08,3688,3942
SZ,920522,-1.06,3688,4446
SH,603579,-0.96,3687,3687
SH,603903,-1.15,3687,3687
SZ,301246,-0.59,3684,8664
SH,603725,0.42,3683,3683
SZ,300010,-0.89,3676,4567
SZ,301085,-2.75,3676,5414
SZ,002107,0.16,3674,3711
SH,688590,-2.09,3674,4083
SZ,301016,-1.56,3673,3830
SZ,300683,-0.88,3672,3937
SH,605566,1.7,3667,3667
SZ,002248,0.93,3662,3662
SH,603109,-1.12,3659,3659
SZ,301038,-0.72,3659,3659
SZ,002356,-0.35,3658,3658
SZ,300572,-2.22,3658,4621
SH,688606,-1.34,3658,3658
SH,603351,-0.94,3656,3656
SZ,300380,-2.27,3654,3972
SZ,001216,0.27,3654,4344
SZ,000659,-1.04,3651,3651
SH,603566,0.57,3651,3651
SH,605066,0.55,3648,3648
SH,688265,-2.94,3646,3646
SH,603396,-1.15,3643,3643
SZ,000407,1.46,3643,3661
SZ,002783,0.77,3643,3945
SH,603657,-7.76,3642,3642
SH,688636,-1.5,3638,3638
SH,600734,-1.17,3637,3638
SZ,002016,-0.43,3633,3633
SZ,920809,-0.49,3632,4738
SZ,300414,-2.45,3630,3749
SH,603313,2.91,3629,3629
SZ,002225,-1.84,3627,4312
SH,688600,0.9,3626,3626
SH,688569,-1.37,3619,3619
SH,600576,-0.35,3619,5779
SH,603390,-1.71,3616,3622
SZ,300248,-2.2,3616,4211
SZ,002462,0.08,3611,3614
SH,603639,0.38,3603,3706
SH,688283,-2.14,3602,3602
SH,603199,-0.2,3602,3602
SZ,301026,-4.65,3599,4983
SZ,300453,0,3599,5221
SZ,000509,-0.29,3595,3595
SZ,300654,-2.48,3593,3731
SH,605588,-1,3592,3601
SH,603655,-3.44,3591,3591
SH,688399,-2.58,3591,3591
SZ,002305,-0.95,3590,3590
SH,688259,0.09,3586,3586
SZ,301111,9.06,3584,3584
SZ,300402,-1,3584,3630
SZ,300652,-1.79,3583,3992
SH,603232,-2.32,3581,3600
SH,600354,6.77,3578,3578
SZ,301017,-0.57,3575,5605
SZ,300545,-0.36,3575,5545
SZ,301251,-0.33,3572,8910
SH,600579,-0.13,3569,3569
SZ,301132,-1.84,3568,5577
SZ,001400,-1.55,3567,6481
SZ,300933,-1.94,3567,3567
SH,603569,0,3567,3567
SZ,920725,-1.42,3566,7368
SZ,300317,-4.65,3564,3570
SH,688602,-1.99,3563,3563
SH,601599,0,3563,3563
SZ,300099,-2.38,3560,4512
SZ,300068,-3.69,3560,3746
SZ,002172,-6.8,3558,3561
SZ,002095,-1.39,3557,3571
SH,600262,-1.38,3556,3556
SH,600791,-0.24,3555,3560
SH,688216,-0.17,3553,3826
SZ,920179,2.34,3552,4429
SH,603811,3.33,3551,3551
SZ,300225,-0.26,3550,3575
SZ,300812,-0.74,3548,3910
SH,688157,-1.71,3544,3544
SZ,300840,-0.54,3536,4793
SZ,300427,-1.12,3536,3575
SH,688618,0.16,3536,3536
SZ,300668,-2.3,3535,4269
SZ,300241,0.51,3531,4214
SH,688373,-1.64,3531,3531
SH,603105,-0.83,3530,3530
SH,688084,-0.37,3529,3529
SH,603551,-0.31,3529,3574
SH,600228,0.36,3528,3533
SZ,000802,-7.49,3528,3529
SZ,300962,-1.39,3527,3527
SZ,301120,-2.18,3526,5828
SH,688533,-1.24,3526,3526
SH,600327,-1.23,3521,3521
SZ,300521,-2.77,3519,3564
SH,603696,2.75,3516,3516
SH,603577,-0.76,3513,3513
SZ,301568,-0.94,3512,7619
SZ,002609,-2.42,3506,4916
SH,688607,-3.7,3504,3893
SZ,000668,2.67,3504,3504
SZ,301259,-3,3503,5463
SH,603665,-0.49,3496,3496
SH,600581,-0.86,3495,3495
SH,603051,-0.82,3495,3520
SH,603739,10.04,3494,3494
SZ,300885,-1.54,3494,5191
SZ,001210,1.4,3490,5743
SZ,301499,-1.67,3488,3488
SZ,301468,-0.66,3488,6050
SZ,002339,-0.94,3485,3670
SZ,300190,-2.11,3484,3498
SH,600467,1.28,3477,3477
SZ,300611,-1.75,3476,4948
SZ,300213,-2.01,3476,3739
SZ,300948,-1.4,3472,3679
SZ,300551,-0.28,3472,3482
SZ,000889,-1.96,3471,3736
SZ,301500,-1.38,3470,13516
SH,688053,-1.24,3466,3466
SH,600834,-0.26,3466,3466
SZ,301617,-1,3463,8727
SH,603101,2.08,3462,3462
SH,688098,-0.23,3462,3462
SZ,000726,-0.5,3459,4799
SH,603898,-1.36,3456,3456
SZ,301656,-1.61,3456,40809
SH,603798,0.15,3454,3454
SH,601999,-0.15,3454,3454
SH,603309,-0.75,3453,3453
SH,600280,1.32,3453,3453
SZ,300078,-1.89,3451,3465
SH,688680,-0.07,3451,3451
SZ,301112,-1.63,3449,3449
SZ,300110,-0.33,3449,3452
SH,605399,-0.08,3446,3450
SH,688317,-2.25,3446,3446
SH,600503,-0.91,3445,3445
SH,601033,0,3444,12915
SH,688148,-0.87,3444,3444
SZ,002822,-0.61,3442,6279
SZ,300932,-1.99,3441,4831
SH,688033,0.49,3441,3441
SZ,000788,-0.16,3439,3439
SZ,001257,-0.66,3437,46082
SZ,002109,-0.36,3433,3433
SZ,301682,0.77,3431,16235
SZ,000926,-0.45,3430,3473
SZ,300399,-1.86,3426,3426
SZ,300533,-2.42,3425,4868
SZ,002845,0.88,3423,4481
SZ,002269,-0.67,3422,3668
SZ,000701,-0.18,3419,3422
SZ,300781,-2.55,3417,4631
SZ,002357,0.18,3417,3417
SZ,300559,-0.44,3413,4383
SZ,301289,-0.8,3413,3435
SZ,301310,-0.7,3411,10680
SZ,003037,-0.17,3409,3409
SH,688750,-0.94,3405,6762
SZ,301076,-2.1,3402,5088
SZ,002811,3.71,3400,3705
SZ,300879,-0.93,3399,3423
SZ,300385,-2.74,3398,3894
SZ,000731,2.65,3397,3397
SZ,300511,13.3,3396,3986
SZ,300270,-1.05,3395,3940
SZ,300473,-1.82,3390,3888
SH,600229,-0.57,3389,3389
SZ,300515,1.7,3388,3455
SZ,002726,5.51,3387,3389
SH,603014,-0.94,3387,13940
SZ,002055,-1.37,3386,3446
SZ,300494,-2.07,3382,4164
SZ,000721,0.46,3382,3788
SZ,300069,-0.23,3381,3381
SZ,001318,-3.15,3381,3381
SH,600052,-0.49,3377,3377
SZ,300504,-0.82,3376,4193
SZ,002374,-0.63,3375,3375
SH,688557,3.08,3373,3373
SZ,300822,-1.51,3372,3636
SZ,301110,-2.6,3372,4795
SZ,300664,-0.2,3372,3501
SH,603948,-0.8,3372,3372
SH,603357,-0.32,3369,3369
SZ,300721,-1.69,3369,4014
SZ,300729,-0.38,3368,3498
SH,600865,1.13,3367,3367
SZ,000514,-0.24,3367,3367
SZ,301175,-1.09,3358,7948
SZ,002395,0.08,3358,3358
SZ,300894,-2.3,3355,4621
SH,605398,-1.8,3355,3355
SZ,002826,1.79,3355,3463
SZ,300419,-0.64,3354,3354
SZ,002571,-0.08,3353,4406
SZ,000803,-0.94,3352,3399
SZ,300836,-0.55,3351,4895
SH,605077,1.08,3351,3391
SH,600853,0,3345,3345
SZ,002175,1.16,3345,3345
SZ,000546,-0.2,3344,3733
SH,600218,-0.38,3341,3341
SZ,000862,-0.55,3341,4884
SZ,301133,5.14,3340,3650
SH,600822,-0.58,3340,4181
SZ,002037,-0.57,3339,3339
SZ,300160,-0.67,3338,3386
SH,603007,-0.4,3336,4245
SH,688522,-1.81,3335,8214
SH,600156,-2.46,3333,3333
SH,600716,0.28,3332,3332
SZ,301226,-1.91,3330,3330
SZ,002485,0.49,3329,3329
SH,600318,-2.25,3328,3328
SZ,300234,-0.3,3326,4866
SH,688693,-1.92,3326,6300
SZ,002672,-0.26,3322,4056
SZ,002086,-3.22,3321,4114
SH,600638,-0.59,3320,3320
SH,603987,0,3320,3320
SH,600969,-1.2,3319,3319
SZ,301199,-0.9,3319,3448
SH,600293,0.7,3318,3318
SZ,301609,-3.34,3318,5505
SH,600843,-1.66,3317,5042
SZ,001311,-2.97,3317,7363
SZ,000736,-0.66,3317,3317
SH,688175,-0.94,3317,3317
SH,600679,1.37,3317,4780
SZ,000868,-3.54,3316,3316
SH,600622,0,3314,3314
SH,603630,-1.07,3313,3313
SH,603648,-0.43,3312,3312
SZ,300530,-1.92,3312,3312
SZ,000037,0.31,3308,5883
SH,600130,0,3308,3308
SZ,300908,5.7,3307,3926
SH,688358,-1.33,3306,3310
SZ,300094,2.4,3305,3373
SZ,300877,6.96,3301,3301
SZ,300560,-2.53,3298,4053
SH,688682,-1.99,3298,3298
SZ,300801,-2.03,3297,5236
SZ,300056,-1.6,3293,3296
SZ,301028,-1.27,3293,5076
SH,603815,-0.92,3293,3293
SZ,002362,-1.91,3292,3877
SZ,002369,-1.18,3290,3294
SH,600653,-0.58,3289,3289
SH,605136,-1.55,3288,3288
SZ,000691,-0.96,3288,4931
SH,603637,-0.57,3287,3287
SZ,001217,0.1,3286,3319
SH,603278,-1.02,3284,3284
SH,688171,-1.46,3281,3281
SZ,301237,-0.22,3279,4503
SH,688338,-0.6,3278,3278
SZ,000789,-0.23,3277,3277
SZ,300466,-1.47,3277,3909
SZ,301696,-1.32,3273,43521
SZ,002578,1.33,3272,3567
SZ,301073,1.16,3270,3576
SZ,300848,-1.21,3268,5524
SH,688370,-0.99,3267,3267
SH,605138,-0.83,3267,3267
SZ,001215,0.9,3266,3274
SH,603817,0.18,3261,3261
SH,603999,0.71,3260,3260
SH,603535,0,3260,3260
SH,603230,-0.21,3259,3259
SZ,300289,0.33,3259,3264
SZ,003020,-0.56,3258,4411
SH,688458,-2.02,3257,3876
SZ,000607,-1.07,3257,3745
SH,603048,-0.53,3255,3255
SZ,301613,-2.16,3255,5580
SZ,301213,-2,3253,5032
SZ,301311,-1.45,3250,3250
SZ,002178,-1.93,3246,3247
SZ,002451,-0.8,3245,3257
SZ,301218,3.69,3245,5281
SZ,300826,2.21,3245,3373
SZ,002667,-1.92,3244,3573
SH,603656,0.11,3242,3242
SZ,002327,0.76,3240,5504
SZ,002021,-1.8,3240,3240
SH,600512,-0.48,3238,3238
SZ,002094,-0.63,3238,3240
SZ,300609,-0.69,3238,3243
SZ,000931,-0.68,3237,3246
SZ,301158,1.31,3236,3319
SH,600539,-2.28,3236,3236
SZ,301662,-0.8,3236,8417
SZ,300238,-0.64,3235,3235
SZ,002818,-0.45,3234,8113
SZ,301223,-1.11,3231,3231
SZ,002791,-1.25,3229,5248
SZ,301206,2.48,3228,5014
SZ,300132,-1.69,3226,3280
SZ,003000,0.67,3225,4721
SZ,300193,-1.27,3225,3662
SZ,920037,0.44,3224,5273
SH,688159,-2.68,3221,3221
SH,688722,-1.36,3220,3220
SZ,300163,1.59,3219,3342
SZ,300746,-0.61,3217,3248
SZ,001221,0.26,3216,16736
SH,688579,-1.1,3216,3216
SH,603500,-1.62,3213,3215
SZ,002137,0.25,3211,4678
SZ,300622,-2.12,3210,4696
SZ,300589,-1.78,3209,5170
SZ,002801,-1.2,3208,6361
SZ,301136,-0.33,3203,3206
SZ,000488,-0.52,3202,5559
SZ,301042,-1.47,3201,3358
SZ,300889,-0.17,3201,4816
SZ,300603,-2.61,3201,3979
SZ,300125,0.57,3197,5899
SZ,300955,-2.12,3196,3196
SH,603001,0.38,3196,3196
SZ,301273,-5.07,3195,4163
SZ,300578,-1.16,3193,3194
SH,601616,-0.26,3193,3193
SZ,301551,-2.26,3188,8252
SZ,300311,-2.62,3187,3995
SZ,000798,3.2,3186,3187
SH,600731,1.2,3185,3257
SH,603600,0.73,3182,3182
SZ,000421,0.18,3182,3182
SZ,300608,-1.68,3181,3637
SH,603210,-0.57,3178,4650
SZ,002686,-2.08,3178,3443
SZ,300537,-0.42,3178,4339
SZ,002903,0.31,3177,4598
SZ,920047,-0.83,3177,4838
SH,688162,-1.94,3175,3175
SH,688273,-1.78,3175,3175
SZ,002441,-0.74,3172,4335
SH,688070,-2.41,3172,3172
SZ,000576,-0.67,3171,3190
SZ,300051,-3.35,3171,3211
SH,603266,-1.11,3168,3168
SZ,002313,-1.73,3164,3164
SH,603527,-1.57,3160,3160
SH,603161,-1.24,3155,3708
SZ,300691,-0.27,3152,3842
SZ,002012,1.05,3147,3147
SH,600272,3.26,3144,5161
SH,603458,-0.76,3144,3144
SZ,002933,-0.62,3142,3154
SZ,300040,-1.93,3140,3906
SZ,002394,-1.21,3138,3143
SH,600749,-0.35,3137,3137
SZ,002912,-1.72,3134,3299
SZ,000890,-1.05,3134,3134
SH,605259,-1.13,3129,3129
SH,600192,-1.11,3128,3128
SZ,300407,-1.3,3127,4182
SZ,300816,-0.79,3127,4286
SZ,002889,-0.07,3125,4698
SH,603788,-0.84,3125,3125
SZ,002795,0,3119,3171
SH,605218,-0.94,3116,3555
SZ,301033,-0.31,3114,3705
SH,688081,-2.1,3112,3112
SZ,300973,1.82,3111,4443
SZ,000695,-0.49,3110,3249
SZ,002296,-1.2,3109,3487
SH,603808,0.71,3106,3106
SZ,300864,0.05,3104,3104
SZ,301020,-0.69,3104,3104
SZ,002388,1.83,3103,3105
SZ,300550,-1.82,3101,3103
SZ,000615,0.3,3100,5988
SH,600594,0.51,3098,3098
SH,688479,4.71,3098,7207
SH,688687,-1.19,3098,3098
SZ,002575,-3.8,3097,3267
SZ,301448,-3.46,3095,4567
SH,688511,-0.25,3095,3095
SZ,003002,-0.52,3094,3384
SZ,301631,1.53,3093,9081
SH,603819,1.72,3090,3090
SZ,300839,0.83,3090,3144
SH,600738,0.25,3088,3091
SZ,300352,-1.62,3088,3509
SZ,300135,0,3087,3087
SH,603258,-1.45,3087,3105
SH,688056,-1.54,3087,3087
SH,601956,-0.79,3083,3083
SZ,300858,4.3,3083,4150
SZ,002168,1.29,3082,3082
SZ,000151,-0.88,3079,3509
SZ,301305,-1.5,3078,5989
SZ,301148,-0.92,3077,6089
SH,688335,-0.71,3070,3070
SH,603079,10.03,3068,3068
SZ,300321,-1.78,3065,3069
SZ,000153,10.05,3065,3104
SZ,300920,0.11,3063,4611
SZ,300381,0.95,3062,3073
SZ,920806,-0.87,3061,3061
SZ,000068,0,3060,3060
SH,603838,-0.09,3059,3059
SH,600053,-1.66,3056,3056
SZ,300247,-1.8,3055,3055
SZ,300239,0.97,3055,3075
SH,688030,-1.5,3055,3055
SZ,301172,-2.23,3055,4130
SZ,002829,-1.64,3052,4343
SH,688391,-1.19,3052,3052
SZ,300698,-2.19,3051,3449
SZ,301202,6.3,3051,5227
SZ,300086,0.73,3049,3149
SH,688229,-2.96,3049,3049
SH,688071,-1.14,3049,3049
SH,600215,-1.47,3043,3043
SZ,003015,0.16,3039,3457
SZ,920125,-3.84,3038,7452
SZ,300869,-0.94,3038,4629
SZ,002476,-1.19,3036,3036
SZ,300310,-2.43,3035,3870
SZ,002282,0.5,3035,3166
SZ,300563,-1.51,3034,4360
SZ,300410,-1.19,3029,3029
SZ,301106,20,3028,3028
SZ,002923,-0.16,3027,3928
SH,603949,-0.34,3027,3035
SZ,002542,-1.14,3025,3107
SH,600665,2.64,3024,3024
SH,600838,-0.39,3023,3023
SZ,300032,-1.82,3020,3020
SZ,300011,-1.48,3018,3603
SZ,300329,-0.9,3018,3027
SH,600212,-0.52,3017,4000
SZ,300062,-2.22,3016,4145
SH,603896,0,3015,3015
SZ,002286,0.74,3013,3097
SZ,002798,-0.84,3013,3425
SZ,300860,-2.05,3011,5186
SZ,002278,2.07,3010,3261
SZ,300833,-1.4,3009,4684
SH,688015,-1.35,3008,3008
SZ,300157,2.5,3007,3138
SZ,001218,0.64,3007,3371
SH,600265,-0.85,3006,3006
SH,605068,-2.36,3004,3004
SZ,002823,-1.45,3002,4408
SZ,300946,-1.29,3002,6178
SZ,301393,-1.73,3001,7371
SZ,000530,-1.18,3001,4216
SZ,002953,10.01,2999,5240
SZ,000972,6.59,2993,2993
SZ,300187,-1.26,2987,3002
SH,600620,-0.45,2987,2987
SZ,300798,-4.16,2986,3630
SZ,300591,6.1,2986,3456
SZ,002355,-1.01,2986,3229
SH,600322,-0.73,2985,2985
SH,600470,2.14,2984,2984
SH,603159,-0.36,2979,2979
SZ,920418,-0.2,2975,3081
SZ,301266,-2.13,2973,3134
SH,688255,-0.43,2973,2973
SZ,002692,-1.89,2971,2973
SZ,002347,-1.95,2960,3028
SZ,000710,-0.87,2959,3175
SH,600712,0.73,2957,2990
SH,600719,-1.34,2954,2954
SZ,300795,-6.39,2953,5072
SH,688280,-2.23,2951,3347
SZ,301313,-1.56,2950,3885
SZ,301092,0.25,2948,6507
SH,603722,-0.83,2948,3010
SZ,300542,-1.89,2946,3553
SZ,002587,-1.24,2946,3619
SZ,300875,-0.52,2945,3349
SZ,300982,-1.74,2945,3144
SH,605169,1.86,2945,2945
SZ,300890,-1.2,2942,3219
SZ,002186,1.16,2942,2943
SH,603192,-0.88,2941,3526
SZ,002148,-1.8,2940,3643
SZ,300931,1.55,2938,3655
SZ,300552,-0.9,2938,4636
SH,600249,0.38,2937,2937
SH,603042,-2.08,2935,2935
SZ,300266,-1.04,2935,2937
SZ,002199,-1.08,2935,3094
SZ,002259,-1.26,2934,2934
SZ,000910,-1.46,2933,2934
SZ,300945,-0.4,2931,3218
SZ,002921,-1.03,2931,3399
SZ,300052,-2.85,2930,2930
SH,603008,0.89,2928,2928
SZ,002878,-1.58,2927,3251
SZ,002976,0.13,2919,4667
SH,600684,-0.57,2919,3783
SZ,001223,-1.06,2918,5460
SH,600408,1.4,2910,2910
SZ,002899,-1.59,2909,2909
SZ,002425,-3.06,2908,3023
SZ,003029,-2.47,2907,3197
SH,688152,-2.12,2907,2907
SH,600530,-0.52,2906,2906
SZ,003016,0.14,2901,2969
SH,605500,-0.13,2901,2901
SH,600785,0.66,2900,2900
SZ,002689,-0.7,2899,2900
SZ,002875,-0.36,2897,2897
SH,600616,0.46,2897,2897
SH,603970,1.51,2895,2895
SZ,000897,0,2895,2895
SZ,300175,-1.28,2891,2891
SH,600624,-0.69,2887,2887
SZ,002224,-1.09,2887,3230
SH,603006,-0.43,2886,2886
SZ,301068,-2.27,2884,4063
SZ,301151,-2.11,2884,2887
SH,688285,-0.51,2882,2882
SZ,002022,-0.87,2880,2881
SZ,002748,1.1,2880,2880
SH,688296,5.88,2879,2879
SZ,002725,-4.22,2878,2959
SH,603797,2.89,2877,2877
SH,603310,-0.06,2875,5118
SZ,002547,-4.4,2872,2933
SH,601112,1.42,2871,27341
SZ,002403,-1.32,2871,3291
SH,605089,0.43,2870,2870
SZ,002663,-1.17,2868,2895
SZ,002314,0,2864,5795
SZ,300479,1.89,2863,2865
SZ,000809,-0.28,2862,2862
SZ,002996,-1.1,2860,4177
SZ,002863,-4.4,2860,2860
SZ,300818,-0.97,2858,4412
SH,603878,0,2856,2856
SZ,301600,-0.01,2856,9253
SZ,000529,0.8,2855,2925
SZ,300510,-1.13,2853,2853
SZ,002962,2.4,2852,3975
SZ,301608,-1.21,2851,6353
SH,600630,-0.73,2851,2851
SH,603280,-1.08,2848,2848
SZ,003023,-0.5,2848,2854
SH,603190,-0.93,2848,2955
SZ,300853,1.37,2847,4256
SZ,000504,-1.58,2847,2855
SZ,002521,-0.58,2846,3803
SZ,000978,-0.15,2846,2846
SZ,002846,-1.28,2845,4486
SH,605080,-0.72,2844,2855
SZ,301525,-2.2,2843,5428
SZ,002561,0.73,2843,2852
SZ,001299,1.01,2843,3158
SH,600419,0.56,2843,2843
SZ,920735,-1.18,2842,3213
SZ,301260,-0.99,2840,6685
SZ,301066,-0.89,2839,2861
SZ,300584,-1.98,2834,4142
SZ,002329,-0.22,2834,3621
SH,603102,1.98,2833,2833
SH,603089,9.97,2832,3253
SZ,002616,0.63,2832,4141
SZ,300148,-0.85,2825,2926
SZ,000838,-4.95,2824,2949
SZ,300272,-0.97,2824,3718
SZ,301439,0.06,2824,5996
SZ,300649,0.95,2823,3522
SZ,300998,-0.56,2821,3594
SZ,003025,-1.26,2821,3538
SZ,300501,-2.11,2819,2829
SZ,000669,1.22,2817,2817
SZ,001388,-3.55,2816,5262
SZ,000019,6.79,2814,7791
SZ,002866,-2.04,2814,4433
SZ,000570,-0.38,2812,3571
SH,603880,9.95,2809,2809
SZ,002658,-0.37,2808,4978
SH,603633,-1.49,2804,2804
SZ,002981,-0.08,2804,3149
SZ,300615,0.94,2801,3532
SH,688727,-0.49,2801,23297
SZ,000892,-2.47,2801,3865
SZ,300279,-1.53,2800,2812
SH,603895,2.05,2798,2798
SZ,301121,-1.29,2796,3600
SZ,002054,-0.26,2796,3510
SH,600405,0,2788,2788
SZ,003007,-2.03,2788,4593
SZ,300830,-1.89,2788,3735
SH,688619,-3.27,2787,2787
SH,688765,-2.7,2787,13842
SZ,002331,-1.41,2786,2969
SH,603036,-1.3,2785,2785
SZ,300810,-2.04,2783,2882
SZ,300447,-2.39,2782,4313
SH,601996,0.4,2780,2780
SH,600876,-0.42,2778,4533
SH,603080,0.87,2776,2776
SH,601798,0.64,2776,2776
SH,688589,-1.99,2776,2776
SZ,300585,-3.56,2775,2775
SZ,301255,-1.97,2775,3162
SZ,301072,3.95,2773,4338
SZ,300218,-0.46,2773,2782
SZ,300449,-1.23,2772,2772
SZ,300162,1.76,2772,3398
SZ,301082,-2.11,2771,2989
SH,603585,-0.57,2770,2817
SZ,001300,-0.34,2769,2769
SH,605155,-0.53,2766,2812
SZ,001256,-2.41,2760,3682
SZ,300386,-1.86,2758,4598
SZ,000698,-0.84,2758,2876
SZ,301279,-2.75,2756,3559
SH,603037,-1.51,2755,2759
SZ,002659,0,2752,2752
SZ,300831,-2.35,2751,4771
SZ,000159,0,2749,2750
SZ,002404,0.33,2747,3377
SH,600281,10.1,2747,2747
SZ,001324,-1.43,2746,2746
SZ,301296,-0.76,2745,2745
SZ,300366,-1.33,2743,3141
SH,603237,0.84,2741,2830
SH,603030,-0.47,2739,2739
SZ,300439,0.11,2739,3597
SZ,300485,-0.98,2738,4817
SZ,002323,-0.76,2735,2736
SZ,002337,-1.05,2734,2737
SH,688314,-0.79,2733,2733
SZ,300389,-1.1,2730,4592
SH,688367,-0.53,2726,2726
SZ,002917,-0.75,2725,3636
SH,603839,0,2725,2725
SH,600257,-0.52,2724,2724
SZ,002853,0.57,2723,3871
SZ,301197,-0.39,2721,3016
SH,688357,-1.12,2721,2721
SH,600386,-0.58,2718,2718
SZ,300425,-0.74,2716,2722
SZ,000812,-0.82,2715,2715
SZ,301622,-0.93,2714,4866
SZ,300653,-0.85,2711,2711
SZ,301149,-0.37,2711,4455
SZ,000826,-3.05,2708,2708
SH,603586,0.8,2706,2706
SZ,300991,-0.8,2705,4228
SZ,002682,-5.68,2705,2705
SZ,002687,0.77,2704,3301
SZ,000419,0.2,2702,2702
SZ,002363,-0.91,2698,2700
SH,603066,0,2698,2698
SH,603188,0.64,2697,2697
SH,603215,-1.36,2696,3090
SH,688529,-1.83,2691,2691
SZ,300536,2,2689,2689
SZ,301225,-2.31,2687,8801
SH,603768,0,2687,2687
SH,600538,0.59,2684,2684
SZ,300230,-0.22,2683,3464
SZ,002330,1.2,2680,2681
SZ,300631,-1.11,2679,2754
SZ,300242,-2.53,2678,2678
SZ,920699,-4.62,2676,5848
SZ,002453,-1.1,2676,3607
SH,603151,2.36,2672,2672
SZ,301181,-1.71,2672,3423
SZ,300301,-0.87,2670,2805
SZ,920068,0.99,2670,10077
SZ,300020,-0.84,2668,2765
SZ,002905,-1.28,2666,2871
SH,603373,2.17,2665,6308
SH,600356,0.34,2665,2939
SH,603617,-0.85,2665,2686
SH,688828,-2.51,2664,40925
SZ,002952,-0.73,2663,3325
SZ,300445,-1.75,2662,4023
SZ,300384,-1.86,2661,3857
SZ,301222,-1.76,2661,3503
SZ,300374,-1.63,2660,2661
SH,603955,-0.75,2660,2660
SZ,300025,-0.56,2660,2671
SH,603017,-1.42,2657,2657
SH,605033,2.56,2655,2655
SH,600381,-1.08,2654,2654
SH,605166,-0.81,2653,2653
SZ,300970,20,2653,3437
SH,603602,-2.12,2653,2653
SZ,301046,-1.01,2652,3434
SH,600250,-0.34,2649,2649
SZ,301628,3.18,2648,7161
SZ,300887,-2.26,2648,3989
SZ,001369,-0.54,2643,14613
SZ,301520,-5,2642,7528
SH,603677,-0.06,2641,2641
SH,603331,-0.83,2640,2640
SZ,002816,-1.78,2640,2640
SZ,300334,-0.56,2640,2640
SZ,301337,-1.4,2639,2698
SZ,002613,-0.28,2638,3753
SZ,002700,0.63,2636,2664
SH,600661,1.55,2636,2636
SZ,920571,2.42,2635,4943
SZ,002769,-0.69,2633,2636
SZ,000017,-0.82,2632,4114
SZ,300647,-2.36,2630,2634
SZ,300141,-2.08,2628,2661
SH,603779,-0.49,2627,2627
SH,600671,-1.09,2623,2623
SZ,002136,-0.88,2623,2630
SZ,301528,1.49,2623,5089
SH,601010,2.11,2623,2623
SH,603202,-0.83,2622,8354
SH,601007,0.3,2621,2621
SH,603107,-0.57,2620,4051
SH,603289,-0.99,2620,2620
SZ,002983,-0.53,2615,4498
SH,603863,-1.46,2613,2613
SH,600793,-1.06,2608,2608
SH,603628,-1.02,2607,2612
SH,605266,0.48,2607,2607
SZ,300477,-1.12,2606,2819
SZ,301190,-0.54,2606,3909
SZ,300103,0.12,2605,2608
SZ,300095,-1.67,2605,3234
SZ,300636,-0.13,2605,2977
SZ,300426,-2.1,2604,2932
SZ,000790,0.72,2603,2607
SH,688455,-1.14,2601,2601
SH,600358,-1.33,2600,5990
SZ,300452,0.54,2592,3060
SZ,920491,-0.12,2591,3157
SZ,300562,-2.44,2591,3392
SZ,300752,5.94,2589,3745
SZ,301002,-1.35,2588,4109
SH,600858,0.81,2588,2600
SH,603076,0.28,2587,2587
SZ,301380,-2.28,2584,3246
SZ,000565,-0.66,2584,2584
SZ,301632,1.08,2583,5881
SZ,301397,-0.13,2579,5638
SZ,301535,-2.12,2576,6452
SZ,300269,-0.19,2576,2680
SZ,301565,0.4,2576,8048
SZ,001333,1.21,2575,2575
SH,603886,0.28,2575,2575
SZ,301025,2.54,2575,3719
SZ,300577,-0.97,2575,4343
SH,600833,-1.94,2574,2574
SZ,301387,-1.01,2572,6465
SZ,301119,-1.57,2569,3177
SH,600537,-2.68,2569,2569
SZ,000707,0.87,2566,2725
SZ,920190,-2.08,2562,2576
SZ,300921,-2.93,2561,4062
SH,605151,-1.95,2561,2561
SZ,301563,-0.72,2559,11320
SZ,002712,-1.45,2558,2574
SZ,000715,0.38,2558,2843
SH,600735,-0.65,2557,2577
SH,688129,-1.66,2557,2557
SH,603801,-0.33,2554,2554
SZ,002103,-1.04,2554,3516
SZ,920002,1.94,2553,3647
SH,600540,8.66,2552,2552
SZ,002098,-0.55,2549,2549
SH,600289,-1.09,2547,2840
SZ,301178,0.19,2546,3451
SZ,301531,-0.68,2546,11932
SZ,300288,-1.58,2545,3352
SZ,300952,-1.94,2545,4139
SZ,301221,-1.78,2544,3741
SH,688468,-1.39,2543,2543
SZ,300313,20.04,2542,3088
SZ,002660,-0.93,2542,2643
SZ,300582,-1.37,2541,3424
SH,603818,0.27,2540,2540
SZ,300097,0.94,2538,2849
SH,600359,5.56,2537,2537
SH,603189,-2.48,2536,2536
SZ,300464,0.42,2532,3332
SZ,002861,-0.29,2530,3139
SZ,301356,-0.44,2530,4314
SH,603917,-1.42,2528,2528
SZ,002869,-1.52,2527,2838
SZ,300667,-1.07,2524,2992
SH,603320,-0.81,2522,2522
SZ,300898,0.5,2520,2723
SZ,001230,0.75,2519,4300
SZ,300965,-0.76,2518,2792
SZ,002496,0.95,2516,3211
SZ,300281,-1.08,2515,2652
SZ,301592,-1.55,2515,7537
SZ,001368,1.79,2514,2631
SH,603086,1.4,2513,2513
SH,688316,-3.2,2513,2513
SZ,002593,-0.66,2511,3601
SH,603909,-0.3,2510,2510
SZ,300978,-1.57,2509,3694
SH,603382,4.88,2508,3937
SH,603375,-0.85,2507,3956
SZ,002431,3.73,2505,2505
SH,603059,-1.68,2505,2509
SH,600560,-0.79,2505,2505
SH,603836,-0.65,2505,2570
SH,688246,-2.09,2504,2504
SH,688718,-1.49,2504,2504
SZ,300829,-0.8,2500,3625
SZ,301043,-1.62,2500,2995
SZ,002806,-0.48,2498,3049
SZ,301669,-1.35,2498,14645
SZ,000545,-0.38,2493,2497
SZ,300264,-2.17,2493,2900
SZ,000430,1.66,2490,5441
SZ,300701,0.1,2489,2760
SZ,002442,0.2,2487,2547
SH,603332,1.86,2486,2486
SZ,300789,-2.03,2483,2559
SZ,002855,-0.58,2482,2484
SZ,002813,-0.71,2482,2484
SH,603959,0.6,2481,2481
SZ,001282,-1.57,2480,3608
SH,603828,-0.23,2479,2479
SZ,002868,-0.46,2478,3585
SZ,301665,1.15,2478,10706
SZ,002398,-0.23,2477,2843
SZ,300092,-1.25,2476,3232
SZ,300824,-1.14,2475,2532
SZ,300354,-1.86,2473,4206
SZ,002599,-0.98,2472,3233
SZ,002069,2.35,2472,2475
SH,603488,-1.73,2470,2470
SZ,301027,-2.48,2466,2991
SZ,001219,0.39,2465,2527
SZ,002820,10.04,2465,2465
SH,603180,-1.23,2463,2463
SH,688310,-0.32,2463,2463
SH,603307,0.48,2462,2501
SZ,002661,1.4,2461,2584
SH,600573,0.62,2453,2453
SZ,920402,-1.31,2450,3790
SZ,301118,0.78,2450,2547
SH,688560,-0.97,2450,2450
SZ,002729,-1.12,2449,2554
SH,688066,-3.62,2449,2449
SH,603136,0.55,2447,2447
SH,600463,-0.48,2445,2445
SZ,002574,-0.21,2445,2445
SZ,000586,0.08,2443,2472
SH,688721,0.07,2443,5914
SZ,300275,-1.63,2443,2772
SZ,920510,1.48,2442,4780
SZ,301108,-0.6,2442,4239
SZ,301262,-0.49,2442,8340
SZ,002828,-0.48,2440,2440
SZ,300658,-1.07,2438,3674
SZ,301317,-0.82,2436,7336
SZ,300365,-1.44,2436,2855
SZ,300884,-2.14,2435,3229
SH,600992,-1.18,2434,2434
SH,603721,-5.83,2434,2434
SZ,920019,-2.08,2433,3053
SH,603937,-1.01,2432,2432
SH,600319,-0.31,2431,2431
SZ,300796,-0.14,2430,2430
SZ,002857,-1.45,2430,2469
SZ,300988,-2.34,2430,2952
SZ,300411,-3.07,2430,3195
SH,603536,1.41,2429,2429
SZ,001201,1.34,2429,3109
SZ,300172,-0.42,2429,3140
SZ,000014,-1.37,2428,2428
SZ,300891,-0.26,2428,2912
SZ,300993,-0.29,2426,3091
SZ,920087,23.06,2425,2442
SZ,300250,-2.71,2423,3290
SZ,300786,-0.29,2420,3042
SZ,002391,0.58,2418,3384
SZ,300173,-1.19,2417,2417
SZ,002377,1.47,2417,2538
SH,600965,3.51,2415,2415
SZ,300730,-1.59,2415,2817
SZ,300583,-1.06,2414,2460
SH,603285,4.32,2409,6187
SH,688597,-0.96,2403,2403
SH,600491,-4.26,2402,2402
SZ,001205,0.28,2397,2707
SH,603183,1.05,2396,2396
SZ,301283,-1.16,2394,3045
SH,688026,0.06,2392,2393
SZ,002343,-1.74,2392,2392
SZ,002184,-1.38,2392,3501
SZ,002420,-1.16,2388,2427
SZ,002114,0.14,2387,2387
SZ,000752,-1.19,2384,2384
SH,603378,-0.88,2383,2383
SZ,001367,0.2,2382,2983
SH,600371,10,2382,2382
SH,605180,0.93,2381,2381
SZ,301707,-2.57,2380,36172
SZ,301088,-1.16,2378,2883
SZ,002702,1.97,2376,2879
SZ,301258,-1.18,2376,2446
SZ,301658,-2.04,2376,10058
SH,603578,1.07,2375,3083
SH,688369,-2.27,2375,2375
SH,600831,-1.17,2375,2375
SZ,002932,-0.97,2373,3534
SZ,300956,-1.22,2372,2428
SZ,000635,-0.14,2370,2546
SH,603172,-0.61,2366,2366
SZ,300805,-2.6,2364,3480
SZ,001376,-2.98,2363,5088
SZ,301059,-1.2,2361,2642
SH,603096,-0.96,2360,2360
SZ,300694,-1.26,2359,2362
SH,600182,-0.78,2358,4716
SZ,300340,-0.8,2357,2375
SZ,301290,-1.42,2357,2967
SZ,300690,-1.53,2357,3492
SZ,002319,-0.17,2357,2357
SZ,300800,-1.07,2352,2377
SZ,300512,-1.21,2352,2971
SZ,920971,-0.1,2350,2851
SH,603755,-0.45,2350,2350
SZ,002825,-1.28,2348,3129
SZ,002058,-1.55,2347,2353
SH,600232,-0.45,2345,2345
SH,603787,-0.96,2343,2343
SZ,000554,1.72,2343,3113
SZ,002767,-1.31,2343,2697
SH,688113,-1.43,2341,2341
SZ,300849,0.66,2340,3183
SZ,301195,-1.65,2340,3524
SZ,002763,0.13,2338,3156
SZ,000573,-0.53,2336,2355
SH,603407,-1.01,2334,26504
SZ,002723,-1.59,2333,2446
SZ,002576,-0.82,2333,2377
SZ,002836,-0.68,2332,2332
SZ,000955,-0.45,2331,2331
SH,688501,0.45,2330,2330
SH,688197,-2.4,2330,5413
SH,603922,-1.73,2330,2330
SZ,000692,-5.61,2328,2328
SZ,301331,0.71,2324,2329
SZ,301588,-1.05,2323,3763
SZ,301596,-1.95,2321,5718
SH,603557,-1.32,2319,2319
SH,688648,-7.87,2317,4533
SZ,002900,-3.68,2315,4546
SZ,301125,-0.82,2315,2730
SZ,001260,-8.16,2313,2313
SZ,002234,0.52,2312,2677
SZ,300235,-0.25,2312,2865
SZ,002887,-2.2,2309,3253
SH,600423,0,2308,2308
SZ,002879,-2.31,2308,3250
SZ,300780,-1,2308,3148
SH,605069,-0.63,2308,2308
SZ,300732,-0.15,2306,2309
SZ,300513,-0.93,2301,2302
SZ,300314,8.55,2300,4608
SZ,002397,-0.83,2300,2655
SH,603023,-0.71,2299,2299
SZ,002890,-1.1,2299,2419
SZ,002852,2.03,2298,2766
SH,603356,1.77,2297,2297
SZ,001259,0.08,2297,3556
SZ,002742,-6.8,2295,2996
SZ,300989,-0.84,2294,2965
SZ,300808,-2.38,2285,3075
SZ,301079,-1.02,2285,3221
SH,688244,-2.5,2283,2283
SH,600753,-1.09,2282,2282
SZ,300916,-2.43,2282,3534
SZ,301161,-0.46,2279,3542
SH,600533,-0.45,2279,2279
SZ,300387,5.21,2277,2278
SZ,301185,-1.13,2276,2518
SZ,000757,-0.92,2275,2275
SZ,300980,-2.19,2274,3192
SH,600302,-5.86,2273,2273
SH,688272,-2.09,2272,2272
SH,688201,-1.5,2271,2271
SZ,300211,-1.42,2268,2310
SH,603176,0.2,2263,2329
SZ,002908,-1.12,2262,3033
SH,688517,-5.36,2261,2261
SH,605001,-0.51,2259,2259
SZ,300013,-0.24,2259,2261
SZ,300703,-1.44,2258,2450
SZ,301089,-1.49,2255,3153
SH,603326,3.07,2253,2253
SH,603117,-1.04,2253,2253
SZ,920111,4.51,2250,4638
SH,600239,-0.7,2248,2248
SZ,300484,-1.67,2246,2797
SZ,301117,-2.46,2245,3505
SZ,300198,-0.89,2244,2259
SZ,300107,-0.61,2243,3630
SZ,300599,-0.74,2241,4269
SZ,002295,-1.2,2241,2243
SZ,300106,2.91,2240,2240
SZ,002771,-2.05,2237,2689
SZ,300922,-2.9,2234,2847
SH,688355,-0.38,2232,2232
SZ,000548,-0.44,2231,2231
SZ,301011,-1.04,2221,2338
SZ,000952,0.31,2219,2219
SZ,300565,-1.91,2218,2427
SH,688755,-0.85,2217,3176
SZ,001211,-1.81,2216,2374
SH,601083,1.88,2211,14740
SZ,300940,-1.19,2211,3126
SH,688251,-0.71,2210,2225
SH,603321,0.63,2209,2236
SZ,300112,-3.12,2207,2675
SH,603091,-2.54,2206,7172
SH,688038,1.01,2205,2205
SZ,300771,-1.84,2205,2798
SH,688581,-0.36,2203,4320
SZ,001228,-1.53,2202,2864
SH,688811,1.36,2202,11990
SZ,002732,0.72,2200,2211
SZ,301220,0.07,2199,3186
SZ,301019,-0.58,2199,2999
SZ,300612,-0.97,2199,2210
SH,688737,-1.07,2195,2195
SZ,002799,0,2192,2192
SH,603238,-0.55,2192,2192
SZ,000679,-1.12,2192,2192
SZ,002762,-1.51,2190,3668
SZ,002671,0,2189,2230
SZ,300240,2.91,2187,2237
SZ,002633,-1.21,2187,2193
SH,600148,-0.83,2182,2182
SZ,002918,-2.85,2181,4162
SZ,002614,-0.39,2180,3081
SH,603329,0.67,2179,2641
SZ,300902,-2.01,2178,3172
SZ,920261,1.04,2176,3954
SH,600892,-1.01,2176,2176
SZ,300422,-1.4,2175,2248
SH,688426,0.78,2175,2180
SZ,300165,-1.7,2174,2562
SZ,002991,0.69,2171,4052
SZ,001366,10.03,2168,2168
SZ,000590,-0.76,2166,2167
SH,603182,1.08,2164,2164
SH,600187,-0.73,2162,2162
SZ,300929,1.89,2162,2279
SZ,300546,-2.07,2158,3001
SH,600241,0.14,2157,2157
SH,688623,-3.3,2156,5191
SZ,001360,1.06,2156,3505
SH,600774,-0.53,2156,2157
SZ,300637,-0.96,2155,2157
SH,600165,10.11,2155,4751
SH,603381,-0.97,2152,3592
SZ,301212,-0.55,2151,2478
SH,603968,0.48,2149,2149
SZ,920060,-0.3,2147,3442
SZ,001393,-2.03,2146,11140
SZ,002666,0,2143,3373
SH,605177,0.86,2142,2162
SZ,300673,0.07,2142,3302
SZ,001365,-1.91,2142,19551
SZ,920961,3.05,2141,2900
SZ,300960,-1.44,2139,2360
SZ,001390,-0.54,2138,3600
SH,603616,1.46,2137,2153
SZ,300967,4.01,2137,3211
SZ,300375,-0.49,2136,3064
SZ,002848,0.08,2136,2158
SZ,002652,1.21,2135,2135
SZ,002622,-0.38,2134,2134
SZ,300947,-0.83,2133,2134
SH,603377,-1,2132,2132
SZ,920017,-0.5,2131,2154
SZ,301077,-3.2,2131,3797
SZ,001332,-0.93,2131,4905
SH,600802,0.87,2131,2131
SZ,000605,-0.65,2130,2130
SZ,300509,-1.14,2130,2555
SZ,300778,-0.37,2128,2128
SZ,002998,-1.25,2126,2789
SZ,301557,-1.26,2125,5301
SZ,002486,-2.99,2125,2135
SZ,300254,3.2,2123,2402
SZ,301599,-2.82,2123,16750
SZ,301041,-0.69,2117,2860
SH,688613,-1.46,2115,2115
SH,600615,-0.94,2113,2116
SZ,300665,-1.21,2110,2222
SH,603177,1.88,2107,2107
SH,688013,-2.62,2107,2107
SH,600439,-0.52,2105,2105
SZ,002696,0.32,2102,2175
SH,688060,-0.87,2101,2101
SZ,300074,-0.77,2100,2102
SZ,002105,-1.19,2099,2110
SZ,300650,-0.39,2099,2974
SZ,300597,-0.5,2098,2107
SH,603168,-0.52,2097,2106
SZ,300844,-1.92,2097,2176
SH,603900,-0.32,2094,2095
SZ,300854,0.38,2093,2567
SH,600287,-0.82,2092,2092
SZ,002999,2.35,2092,2117
SH,600159,-1.17,2092,2092
SH,603982,-0.15,2088,2246
SH,603709,10.03,2087,2094
SH,600097,0.81,2087,2087
SH,603385,0,2086,2086
SZ,300719,-2.27,2082,2946
SH,600768,-2.19,2081,2081
SH,603282,0.65,2080,2080
SZ,002133,-0.36,2079,2090
SZ,300205,-2.22,2077,2077
SH,688657,-3.44,2073,3313
SH,603270,-0.43,2072,6420
SZ,001266,-1.05,2070,3690
SZ,300753,-3,2070,2968
SH,688132,-1.51,2067,2067
SZ,002656,0.33,2067,2145
SH,688096,-1.11,2064,2064
SZ,300787,0.29,2064,3291
SZ,002524,0,2063,2087
SZ,300295,-1.98,2062,2332
SZ,301332,-1.26,2060,3591
SZ,300575,-3.25,2057,2843
SZ,301103,-1.62,2057,2672
SZ,300883,0.16,2057,2152
SZ,300350,-0.22,2056,2450
SZ,301371,1.42,2055,13705
SH,600807,0,2054,2309
SZ,002551,-1.74,2054,2841
SZ,000985,0.57,2053,2053
SZ,002581,6,2052,3378
SH,603506,0.92,2051,2051
SH,603041,-0.7,2049,2049
SZ,300305,-1.54,2048,2391
SH,688156,-0.72,2048,2048
SH,603825,-0.85,2047,2047
SH,603810,0,2047,2047
SZ,000633,-0.55,2045,2045
SZ,300335,-0.55,2044,2538
SZ,301198,-1.09,2041,2126
SZ,301428,-2.06,2041,2892
SH,600238,0.66,2039,2053
SZ,920247,3.26,2039,2811
SH,600128,0.12,2038,2079
SZ,002873,-1.04,2037,2075
SZ,002253,-1.21,2037,2189
SZ,300966,-0.52,2033,3057
SH,600444,-0.63,2032,2032
SH,600706,1.14,2032,2040
SZ,003001,0.74,2031,3100
SZ,001234,0.45,2031,2411
SZ,000020,-1.31,2029,3171
SZ,300935,0.81,2027,2672
SH,600235,-0.16,2020,2020
SZ,301299,-2.43,2013,2662
SZ,920405,0.85,2012,2583
SZ,300906,0.65,2010,2226
SZ,002615,-1.62,2010,3723
SZ,002715,0.14,2008,2008
SZ,002800,-0.65,2008,2068
SZ,301335,-3.39,2006,2901
SH,688716,-2.27,2006,3490
SZ,301056,-1.72,2001,3033
SZ,920978,-0.59,1999,3565
SZ,002909,-0.18,1997,2048
SZ,300543,0.63,1997,2445
SZ,000705,0.57,1996,2366
SH,603208,-0.95,1996,1996
SZ,002205,0.09,1994,1994
SZ,301556,6.91,1992,5763
SH,603028,-0.98,1989,2009
SH,600051,1.11,1987,1987
SZ,001255,-0.3,1986,2236
SZ,002893,0.41,1985,2581
SZ,300150,-1.14,1984,2504
SH,600099,-0.76,1983,1983
SZ,001356,-1.67,1981,5516
SH,600847,-0.61,1980,1980
SZ,300807,0.13,1975,2588
SZ,002995,-1.78,1975,3118
SZ,300423,-2.78,1972,2945
SH,605336,-2,1972,1972
SZ,920208,0.58,1971,2276
SH,603262,1.02,1969,7548
SZ,300897,-1.7,1968,3153
SZ,300437,-0.78,1967,2776
SZ,301067,-0.86,1966,2995
SH,600303,0.35,1965,1982
SZ,300937,0.8,1965,2898
SZ,920178,-2.65,1964,6727
SZ,002634,2.07,1964,2040
SH,688395,-0.03,1963,1963
SH,688420,-1.76,1963,1963
SH,688670,-2.02,1961,1961
SZ,002778,-0.05,1961,1982
SZ,002972,2.97,1959,3579
SH,688616,-1.17,1955,1955
SZ,300881,0.98,1954,3743
SZ,002968,-0.42,1953,2075
SH,605122,0.27,1953,1953
SZ,003017,1.04,1953,2358
SH,688118,-1.77,1952,1952
SH,603435,-0.52,1950,25089
SZ,301024,-1.14,1950,2014
SZ,300396,-1.51,1944,1947
SZ,300817,-1.76,1943,3386
SZ,002743,10.1,1943,1946
SZ,300076,0.66,1942,1942
SZ,002760,-0.05,1937,1937
SZ,000995,-0.08,1936,1936
SH,603029,0.38,1935,1935
SH,688193,-2.57,1935,1935
SZ,002753,1.56,1932,2799
SZ,301318,-1.14,1930,2802
SH,603717,4.08,1927,1927
SZ,000911,1.05,1926,1926
SZ,301180,-1.83,1925,4692
SH,688759,-4.18,1925,12029
SH,600202,-0.58,1924,1924
SZ,002817,-0.14,1923,1983
SH,600678,0,1923,1923
SH,603879,-2.36,1922,1922
SZ,920879,0,1916,2561
SH,603214,-0.35,1915,1915
SZ,300538,0.77,1912,2874
SZ,920189,2.88,1911,3185
SZ,300743,-0.92,1909,2265
SH,603120,-0.13,1903,4540
SH,688051,-3.02,1903,1903
SZ,300717,-1,1903,1920
SH,603718,-0.67,1902,1902
SZ,001268,-0.53,1900,3035
SZ,002598,-1.18,1900,2069
SZ,300644,-1.73,1898,2382
SZ,001237,-1.79,1898,8078
SZ,301227,0.47,1896,3373
SZ,301590,-1.36,1894,4575
SH,688004,-2.3,1893,1893
SZ,301360,0.16,1892,3878
SZ,000639,1.74,1889,1889
SZ,301062,-1.71,1885,2968
SZ,301309,-0.34,1884,3127
SZ,300030,-0.71,1884,2140
SZ,301141,-1.43,1884,5249
SZ,301010,-0.9,1884,1884
SH,688393,-0.83,1883,1883
SZ,301052,-2.85,1882,2322
SZ,301585,-0.64,1882,2874
SZ,300642,-1.08,1878,2213
SZ,002159,-0.87,1875,2401
SZ,301138,-1.61,1873,3278
SZ,300675,-0.54,1870,1870
SZ,002529,0,1869,1869
SH,688092,-1.52,1867,1867
SH,600883,2.07,1865,1865
SZ,300923,0.58,1865,1920
SH,600448,0.68,1852,1852
SZ,000909,-1.16,1847,1847
SZ,920476,0.79,1847,2060
SH,605567,0.66,1844,1844
SH,601026,-0.95,1841,10926
SZ,002856,1.5,1839,2008
SZ,000856,-0.48,1839,1839
SZ,301509,-1.12,1837,3900
SH,688189,-2.88,1836,1836
SZ,301231,-0.84,1836,2368
SZ,300961,-1.22,1831,2136
SH,603418,-1.04,1827,8526
SH,688288,-1.72,1819,1819
SZ,003030,1.63,1815,2798
SH,603325,-1.82,1812,4241
SZ,300645,-1.13,1811,1847
SZ,002209,-0.6,1811,2346
SZ,300081,-0.98,1808,1808
SZ,300651,-1.18,1807,2468
SH,600080,-0.61,1807,1807
SZ,300912,-0.42,1799,2382
SZ,000056,0,1798,2353
SZ,001206,-0.4,1797,3110
SZ,300876,-0.68,1796,2408
SZ,920914,-0.82,1792,1793
SZ,001378,-0.97,1789,3676
SZ,002630,-1.18,1787,1960
SZ,301129,20,1785,3595
SZ,301057,0,1784,2576
SZ,002360,-0.53,1784,2202
SH,600082,-1.05,1782,1816
SZ,300941,-2.44,1776,2938
SH,688681,-1.1,1775,1775
SZ,300845,-0.87,1774,2538
SZ,300556,-1.56,1768,1980
SZ,300971,-0.87,1768,2253
SZ,300837,-1.38,1767,2337
SZ,002877,-1.07,1765,2612
SZ,301159,-2.37,1762,2571
SZ,002862,-1.5,1762,2322
SZ,002381,-0.54,1761,2251
SZ,003038,-1.08,1760,2642
SH,603908,-1.45,1758,1758
SZ,003027,-0.11,1756,2190
SH,603022,-0.33,1756,1756
SH,603860,-0.56,1756,1756
SZ,300268,8.61,1754,2286
SH,688435,-2.57,1754,2613
SZ,002629,0.62,1753,2062
SZ,000663,0.88,1752,1926
SZ,301388,-1.46,1752,2469
SH,600778,0,1749,1751
SH,603021,-5.54,1744,1744
SH,600137,-0.65,1743,1743
SH,688058,-1.91,1742,1742
SZ,002569,-0.07,1742,1791
SH,603255,-1.81,1740,3859
SH,600180,-1.22,1739,1739
SZ,301030,-1.37,1738,1740
SZ,301548,-1.21,1736,5757
SH,603406,10.01,1736,11824
SZ,002717,0,1736,1838
SZ,002198,-0.86,1736,1736
SZ,301538,-1.65,1735,4357
SZ,300169,-1.53,1735,1952
SZ,920509,-0.9,1734,3310
SZ,300707,-1.3,1733,2099
SH,688450,-1.68,1733,2337
SZ,300195,-1.07,1733,2339
SZ,002780,-0.96,1731,2191
SH,603231,0.99,1731,3119
SZ,300610,2.65,1730,2216
SZ,000619,-0.82,1728,2118
SZ,300614,-0.55,1723,1723
SH,688793,-3.01,1722,1722
SZ,003005,-2.01,1721,3135
SZ,002858,-1.18,1717,2175
SH,603395,10.02,1713,6854
SZ,300554,-0.82,1709,2468
SZ,301130,-4.22,1709,2215
SZ,920015,-1.19,1707,5785
SH,688466,-1.2,1702,1702
SH,688659,0,1701,1701
SZ,002495,0.41,1700,2292
SZ,001386,-0.12,1699,18880
SZ,003042,1.63,1694,1958
SZ,001233,-1.48,1693,8350
SZ,920021,-1.43,1693,2114
SZ,301595,-1.33,1688,4477
SH,600818,-2.87,1687,2279
SZ,301135,-0.82,1685,2166
SZ,301098,-1.79,1683,2018
SH,600697,0.37,1681,1721
SZ,920339,-3.21,1681,2449
SZ,000632,-1.62,1680,1681
SZ,001222,-0.46,1679,2837
SZ,301065,-0.71,1677,2061
SH,603092,-1.45,1677,19404
SH,600243,-1.54,1676,1676
SZ,300519,-0.06,1676,2350
SZ,301107,-0.71,1674,2933
SH,688565,-0.61,1672,1672
SZ,301166,-2.14,1667,2546
SH,688078,-1.07,1666,1666
SZ,002910,-0.2,1663,1901
SH,600493,-0.15,1659,1659
SH,688781,3.81,1657,40580
SZ,002227,-1.74,1655,1668
SH,688528,-0.09,1655,1655
SZ,300245,-1.39,1653,1717
SZ,000929,-1.43,1653,1653
SZ,002982,1.6,1650,2577
SZ,301680,-1.96,1649,8125
SH,603400,3.95,1648,5906
SZ,300950,-0.87,1647,2581
SZ,300616,-1.75,1645,2380
SZ,300220,-0.9,1645,1647
SZ,301667,-0.92,1642,7728
SZ,002211,-0.78,1639,1639
SZ,301687,-0.89,1639,7725
SH,688021,-0.55,1634,1634
SH,603789,-1.87,1630,1663
SZ,003011,0.52,1629,2177
SH,600119,-1.75,1629,1629
SZ,300472,-2.49,1628,1822
SZ,002949,-0.18,1627,2100
SZ,002592,-0.79,1627,1758
SZ,301618,-1.25,1625,4263
SZ,300995,-0.99,1623,2461
SH,600561,-0.17,1622,1622
SH,600689,0.09,1618,2137
SZ,002789,1.08,1616,1649
SH,688509,-1.17,1616,3234
SH,600796,-0.18,1607,4472
SZ,301032,-1.36,1607,2423
SZ,003028,-0.69,1606,3274
SZ,301210,-2.68,1605,4203
SZ,301581,-0.38,1601,3028
SZ,920839,1.36,1601,2902
SH,603257,-0.53,1600,7710
SZ,002620,-1.16,1599,1910
SZ,920026,-0.69,1599,2121
SZ,301456,-1.93,1598,3545
SZ,002566,0.29,1597,2280
SZ,301229,-0.95,1595,2243
SZ,300306,-0.68,1595,2722
SZ,301276,-2.21,1594,2859
SH,688329,-1.85,1592,1592
SZ,001296,-0.9,1591,2938
SZ,001202,-0.65,1590,2269
SH,603312,-0.21,1589,4992
SH,603402,1.66,1587,6349
SZ,002835,-1.18,1583,2731
SZ,920174,0.85,1583,6154
SZ,300514,-0.69,1582,1974
SH,600692,-0.47,1581,2181
SZ,301587,-1.55,1579,3168
SZ,300462,0.18,1574,2066
SZ,301036,-0.48,1571,2230
SZ,300813,-0.28,1569,2500
SZ,300625,-0.4,1568,2704
SZ,301156,12.77,1567,2439
SZ,920106,-0.16,1565,2029
SZ,920083,-1.71,1565,3673
SZ,301361,-1.83,1564,3229
SZ,920892,-0.09,1561,1763
SZ,300892,1.17,1561,2418
SZ,920138,-1.15,1560,19513
SZ,301491,-1.03,1558,5255
SZ,301591,-3.9,1558,3812
SZ,301555,-1.34,1557,2971
SZ,300167,-4.14,1554,1828
SZ,002306,-1.54,1552,1661
SZ,002207,-1.64,1552,1559
SH,688067,-1.16,1550,1550
SZ,301023,-1.67,1548,2791
SZ,301512,-0.68,1547,2371
SZ,301022,-1.62,1545,2288
SZ,301636,-1.27,1540,2638
SH,600476,-1.54,1538,1538
SZ,001395,-1.23,1536,3350
SZ,002790,-0.66,1536,2461
SZ,301518,-0.41,1535,3801
SH,688130,-0.89,1534,3075
SH,603391,4.16,1531,6124
SZ,001226,0.31,1529,3365
SZ,002316,-1.74,1527,1761
SZ,301390,-0.57,1522,1861
SZ,300977,-1.28,1522,2443
SH,603275,-1.58,1520,5441
SH,600455,-0.85,1520,1520
SZ,301203,-1.64,1519,2772
SZ,920088,5.44,1514,4095
SZ,920857,-1.63,1513,1513
SZ,003008,0.46,1513,2025
SZ,001326,1.03,1512,4608
SZ,002144,-0.26,1509,1937
SZ,920371,6.18,1506,1588
SZ,301505,-1.01,1503,1886
SH,603272,-3.78,1501,1501
SZ,300828,-2.94,1499,2957
SZ,920010,2.75,1495,2012
SZ,301320,-1.12,1493,2379
SZ,920211,18.55,1491,4424
SZ,300865,-0.07,1489,2479
SZ,301683,-1.04,1487,6581
SZ,301167,-0.34,1484,1572
SZ,000677,-0.57,1477,1477
SZ,300640,-1.61,1477,2081
SH,688022,-1.98,1476,1476
SZ,300670,-2.52,1474,2079
SZ,301507,-1.83,1472,4767
SZ,300371,-0.09,1469,2111
SZ,300621,0.28,1462,1502
SZ,002691,-1.13,1462,1479
SZ,301303,-1.37,1458,5834
SZ,301100,-1.43,1456,3302
SZ,301558,-1.77,1451,5214
SH,603062,-0.57,1451,4226
SZ,002809,-0.34,1448,2047
SZ,000637,0.25,1447,2064
SZ,300549,-0.68,1445,1907
SZ,300904,-1.64,1444,3023
SZ,002883,3.52,1443,1469
SZ,301560,-1.2,1440,2869
SZ,002591,-0.15,1437,1930
SZ,300635,-0.82,1435,1669
SZ,301355,-0.58,1424,1988
SZ,002188,-0.89,1418,1802
SZ,002977,0.05,1418,2555
SH,688592,-2.69,1417,2975
SZ,001387,-0.73,1414,2222
SZ,300155,-0.91,1413,2408
SZ,301126,-1.24,1413,2105
SZ,300838,-0.49,1411,1914
SZ,300564,-0.39,1410,2010
SZ,301152,-1.77,1410,2359
SZ,920403,13.68,1404,2361
SZ,000010,-1.28,1404,1759
SZ,301508,-0.86,1403,5390
SZ,301295,0.61,1396,4787
SZ,301633,-6.31,1396,3046
SZ,301298,-0.07,1396,1894
SZ,001278,-1.38,1395,2023
SZ,300535,2.26,1394,1839
SZ,000610,-1.49,1392,1399
SZ,002494,-0.4,1391,1830
SZ,001358,-3.26,1388,3354
SZ,300928,-0.11,1385,2067
SZ,002200,1.29,1384,3189
SZ,301601,-1.02,1383,2300
SZ,301097,-1.72,1378,2871
SZ,301009,-0.86,1377,2479
SZ,920953,-1.87,1375,2942
SZ,001239,-0.9,1373,2890
SH,688576,0.19,1366,2860
SH,688806,-1.57,1363,12306
SZ,920751,0.25,1351,1411
SH,603248,-0.41,1350,8685
SZ,001277,-0.02,1349,2250
SZ,920533,0.33,1349,2411
SZ,301501,-3.81,1349,4585
SZ,920038,0.97,1345,4113
SH,688805,-2.33,1344,6721
SZ,920039,-1.01,1343,1343
SZ,920821,-0.42,1343,2550
SZ,301288,-1.08,1341,1855
SZ,920837,-0.3,1339,1495
SZ,300126,-1.24,1336,1927
SZ,920200,0.67,1336,3057
SZ,920119,0.75,1334,4884
SZ,301131,-1.01,1333,1861
SZ,301233,-0.26,1333,2429
SZ,920273,8.4,1327,1994
SZ,301515,0.1,1325,1961
SZ,300605,-1.68,1324,1731
SH,688671,-1.43,1323,1932
SZ,301469,-2.11,1321,2566
SZ,002888,-0.83,1319,2600
SH,688790,-0.46,1313,10312
SZ,301329,-1.18,1311,3378
SZ,300994,-1.05,1310,2618
SZ,301157,0.08,1309,3802
SZ,003003,-0.62,1308,1962
SZ,920701,-1.43,1306,1788
SZ,301677,-1.16,1305,6086
SZ,920682,0.35,1303,2247
SZ,301584,-0.07,1299,10187
SH,600543,-1.46,1294,1294
SH,603207,-0.41,1290,3797
SZ,301163,-0.92,1286,1918
SZ,002830,-0.64,1286,2575
SZ,920238,-0.47,1285,6308
SZ,300517,-0.19,1280,2032
SZ,300823,-0.91,1279,1975
SZ,920274,-0.24,1279,1279
SZ,920225,-2.7,1278,1960
SZ,301272,-0.62,1277,2018
SH,603293,-2.43,1276,6510
SZ,920207,-0.3,1276,2088
SZ,301300,0.56,1274,2133
SZ,301502,-1.35,1266,3063
SZ,002193,-3,1264,1264
SZ,001319,-0.44,1264,2815
SZ,920367,-2.11,1261,2129
SZ,301503,-1.44,1254,2262
SH,603350,-1.39,1247,3293
SZ,300405,-0.69,1247,1621
SH,603344,-1.44,1246,4486
SZ,920523,-1.15,1246,1557
SZ,300804,2.15,1227,3300
SZ,301372,0.68,1220,2032
SZ,300930,-1.62,1220,2588
SZ,920425,0.27,1219,1481
SZ,300886,-1.37,1211,1926
SZ,920790,-3.63,1210,1758
SZ,920284,-0.54,1209,1889
SZ,300915,-0.89,1208,2643
SZ,920807,-1.31,1205,1773
SZ,301359,-0.58,1204,2033
SZ,301001,-1.11,1203,1913
SZ,301446,-1.14,1202,3934
SH,603352,-1.18,1202,6009
SH,603370,-1.79,1201,6006
SZ,920489,0,1201,1887
SZ,920981,-0.97,1200,2387
SH,603004,-0.67,1200,4800
SZ,300430,-2.32,1198,1259
SZ,001336,-0.04,1198,1947
SZ,301113,0.12,1196,1974
SZ,001373,0.07,1196,1958
SZ,920046,-1.24,1196,2163
SH,603276,-0.37,1193,3281
SZ,920304,1.5,1189,1489
SZ,300713,-0.74,1188,2111
SZ,920033,-0.2,1187,1707
SZ,920249,0.11,1187,4014
SZ,300899,-1.72,1186,1847
SZ,300851,-0.49,1185,2088
SZ,300152,1.22,1183,1183
SZ,301559,-1.05,1180,7866
SH,600365,-1.07,1175,1248
SZ,301378,-2.06,1175,2472
SZ,920237,-0.39,1165,1188
SZ,920012,3.23,1142,2920
SZ,301418,-0.86,1139,2839
SZ,002872,-0.37,1139,1685
SZ,920089,-0.09,1138,1998
SZ,920429,2.87,1137,1247
SZ,920171,-1,1130,1675
SH,688701,-0.59,1120,1120
SZ,920566,-0.89,1119,1439
SZ,920885,-0.93,1118,2157
SH,688184,-1.64,1113,1777
SZ,301539,-1.25,1113,2195
SZ,920932,2.74,1112,1343
SZ,300949,-0.88,1109,1940
SZ,920252,0.82,1096,1649
SZ,920526,1.21,1095,1729
SZ,300958,-0.16,1093,1881
SZ,920152,1.92,1089,1461
SZ,301577,-0.28,1089,2603
SZ,001379,-0.97,1089,3236
SH,603334,-1.04,1083,4885
SZ,001231,1.89,1072,2097
SZ,920419,4.64,1069,1143
SZ,920099,-2.2,1068,1705
SZ,920001,1.89,1066,1819
SZ,001382,-1.39,1063,6955
SZ,920396,-0.42,1063,1496
SZ,920575,-2.58,1061,1587
SZ,920130,-3.79,1059,1706
SZ,920651,-0.07,1051,1546
SH,603729,-0.51,1051,1051
SZ,920505,-1.75,1046,1882
SH,603468,0.85,1043,10755
SZ,920642,-0.66,1043,1081
SZ,920199,-1.85,1039,1866
SH,688695,-1.31,1038,1653
SZ,001312,-0.87,1036,4228
SZ,920985,0.21,1033,1458
SZ,920161,3.74,1032,3805
SH,688816,-1.27,1029,5013
SZ,300338,3.16,1029,1184
SZ,920357,0,1027,1698
SZ,920592,-1.15,1026,1649
SZ,301513,-1.42,1024,5083
SZ,000820,-1.14,1022,2224
SZ,301173,-0.02,1018,2900
SZ,920786,3.82,1012,1532
SZ,920062,-0.12,1007,1430
SZ,920184,-0.79,1001,1475
SZ,001279,-1.41,1000,3998
SZ,301616,-1.17,999,2814
SZ,920792,-0.19,994,1619
SZ,920206,-1.19,993,2582
SZ,301192,-1.17,991,2039
SH,603359,-2.19,990,990
SZ,920100,1.12,989,3728
SZ,920124,-0.07,987,1917
SZ,920690,0.4,982,1510
SZ,002514,-4.83,981,1274
SZ,920924,-1.96,978,1605
SZ,002719,-1.3,976,1050
SZ,920270,-0.49,975,1255
SZ,920167,0.27,973,1637
SZ,001225,2.74,969,3022
SZ,301399,-0.66,968,3275
SZ,920415,-0.1,961,1248
SH,603409,-1.33,955,3329
SZ,920943,2,951,1864
SZ,920726,3.11,945,1713
SZ,920092,-5.05,939,1769
SZ,920005,2.31,935,2025
SZ,920436,0.68,931,992
SZ,301105,-2.11,931,2350
SZ,300417,-0.62,929,1495
SZ,301386,-1.38,928,2888
SZ,301459,-10.14,928,3704
SZ,301519,0.08,924,1962
SZ,920496,-0.3,918,1048
SZ,920223,0.36,914,1760
SH,603205,0.41,910,3434
SZ,920220,4.96,909,2902
SZ,920694,0.56,900,1895
SZ,920266,-0.77,899,941
SZ,920028,-0.64,898,2271
SZ,920855,5.52,898,1001
SZ,301668,0.49,897,4055
SZ,301037,0.15,893,1827
SZ,920275,3.36,893,1079
SZ,920193,4.69,890,3930
SZ,920748,2.56,887,1848
SZ,920195,-0.07,887,1228
SZ,301170,-0.93,882,2321
SZ,920018,-0.57,881,2538
SZ,920156,4.06,879,4217
SZ,920541,0.41,879,1334
SZ,920227,-1.72,876,1925
SH,688638,-1.36,875,1851
SZ,920670,-0.75,873,1391
SZ,920833,1.21,871,1152
SH,688573,-1.98,867,1592
SZ,301049,-1.31,861,1895
SZ,920693,2.22,861,1709
SZ,001306,-1.43,857,3480
SZ,920122,0.7,854,2109
SZ,920020,0.52,854,3455
SH,603073,0.18,849,1935
SZ,920433,-0.98,848,1282
SZ,920770,-0.18,846,1344
SZ,920873,-0.55,846,1083
SZ,301598,-1.44,845,2837
SH,603376,-1.72,834,10428
SZ,920926,0.29,834,919
SZ,920663,-0.37,830,1731
SH,603284,-4.75,829,3317
SZ,920027,0.17,827,1182
SH,603273,1.52,824,3167
SZ,920000,-0.34,813,1294
SZ,001335,-1.17,809,2971
SZ,920478,-0.98,808,1329
SZ,920445,4.49,805,1104
SZ,920221,-0.53,800,1538
SZ,920870,-0.48,800,1624
SH,603075,-1.35,800,7589
SZ,301314,-0.78,798,2416
SZ,920260,-0.24,798,836
SZ,301449,-1.04,797,3541
SZ,920378,-0.13,794,1109
SZ,920556,0.59,794,1096
SZ,920519,0.3,792,891
SZ,920974,0.16,791,1009
SZ,301533,0.69,789,2728
SZ,301353,-1.32,788,2450
SZ,301552,0.16,787,3150
SZ,001396,-1.39,782,3679
SZ,301567,-0.1,778,2636
SZ,920832,0.81,774,867
SZ,920181,-2.1,772,3326
SZ,920006,-1.82,770,1455
SZ,920976,-0.85,762,1226
SZ,920768,-0.83,760,1100
SZ,301429,-0.51,759,2038
SZ,920866,8.48,759,1198
SZ,920689,-0.59,758,1467
SZ,920395,0.14,750,1089
SZ,920078,-0.92,749,2305
SZ,920058,1.54,748,1520
SZ,920639,1.12,748,1270
SZ,920370,0.36,740,847
SZ,001325,-0.47,738,2951
SZ,920363,-0.09,738,1297
SZ,920242,0.43,736,1315
SZ,920685,1.04,734,1151
SZ,920964,8.53,733,1296
SZ,920765,-0.85,729,1199
SZ,920263,0.14,727,1001
SZ,001220,-1.03,724,2895
SZ,920942,0.23,721,1065
SZ,920720,1.48,713,2551
SZ,920547,1.19,709,1459
SZ,920475,-0.78,708,1273
SZ,920061,-1.26,705,1267
SZ,920299,0.19,703,1394
SZ,301578,-0.71,701,2466
SZ,920634,-2.38,697,1098
SZ,920856,0,696,1248
SZ,920245,1.55,696,903
SZ,920081,0.4,695,2951
SZ,920781,0,695,892
SZ,920123,1.33,692,1188
SZ,301287,-3.4,691,2704
SZ,920117,-0.63,691,3070
SZ,920564,0,689,1498
SZ,300784,-1.46,686,2296
SZ,920706,-0.96,684,1357
SZ,920163,-1.31,679,1439
SZ,920608,1.3,678,875
SZ,920579,1.06,677,1967
SZ,920346,-0.25,677,1216
SZ,920553,-1.9,674,1033
SZ,920925,-0.89,673,1201
SZ,920008,-0.19,671,1257
SZ,920108,0.11,670,1581
SZ,920101,0.59,664,2129
SZ,920375,-0.13,663,1109
SZ,301575,-0.83,662,3294
SZ,920627,-0.34,660,1332
SZ,920118,2.55,657,1083
SZ,920278,0.46,646,1143
SZ,920422,2.64,643,859
SZ,920187,0.16,643,1752
SZ,920204,-1.07,642,1211
SZ,920300,-0.3,641,828
SZ,920079,1.87,639,5907
SZ,920876,-1.09,637,1042
SZ,920175,0,637,956
SZ,920570,-0.95,631,1241
SZ,920580,-0.52,620,974
SZ,920096,3.46,611,2603
SZ,920641,4.93,607,1006
SZ,920471,1.15,606,951
SZ,920826,3.39,597,1329
SZ,920014,1.37,593,1078
SZ,920675,0.81,591,1288
SZ,920834,-1.26,585,1117
SZ,920469,-0.35,578,788
SZ,920057,0.41,577,897
SZ,920719,0,573,718
SZ,920065,3.18,573,3281
SZ,920992,-0.42,573,1130
SZ,920112,0.31,570,1942
SZ,920086,-0.62,564,1725
SZ,920665,0,564,1141
SZ,920090,-0.78,561,751
SZ,920146,0.39,558,694
SZ,920023,5.08,556,678
SZ,920906,0.42,554,1080
SZ,920262,1.2,553,1188
SZ,920075,-0.24,552,1018
SZ,920271,0,547,1236
SZ,920810,0.34,547,840
SZ,920896,0.9,546,1244
SZ,920454,0.55,544,1162
SZ,920662,3.23,544,1762
SZ,920198,-2.52,543,1244
SZ,920374,0.39,533,1307
SZ,920871,-0.52,525,948
SZ,920050,-0.13,519,1940
SZ,920230,-0.63,515,1096
SZ,920160,1.46,515,2291
SZ,920176,3.81,511,3786
SZ,920056,-0.41,509,1349
SZ,920166,-1.15,508,1608
SZ,920753,1.24,506,1259
SZ,920149,-0.37,503,608
SZ,920030,0,501,796
SZ,920069,-0.75,500,1792
SZ,920212,0.1,497,1022
SZ,920351,7.7,496,1096
SZ,920392,0.37,494,1050
SZ,920080,0.09,493,1780
SZ,920145,0.4,489,707
SZ,920076,0.39,474,1507
SZ,920082,0.24,474,1685
SZ,920107,-17.09,470,2089
SZ,920779,0.13,470,1879
SZ,920267,-0.92,465,813
SZ,920718,-0.09,465,907
SZ,920508,-0.4,465,874
SZ,920177,0.89,463,1307
SZ,920970,6.8,462,731
SZ,920950,0.47,460,944
SZ,920159,11.11,458,2417
SZ,920656,-0.2,457,1410
SZ,920414,0.5,455,648
SZ,920126,-0.09,454,1891
SZ,920016,0.85,447,1005
SZ,920427,-0.33,443,898
SZ,920180,0.82,441,1460
SZ,920091,0.5,440,1864
SZ,920136,1.16,440,1675
SZ,920168,-0.25,438,1169
SZ,920158,1.24,436,1631
SH,688121,0.94,436,502
SZ,920188,1.53,434,1821
SZ,920110,-0.9,424,1017
SZ,920055,1.64,418,1859
SZ,920036,0.29,400,1665
SZ,920957,-0.21,396,996
SZ,920007,0.49,390,1630
SZ,920035,0.57,389,1716
SZ,920072,0.75,388,2053
SZ,920895,2.29,386,759
SZ,920165,4.23,385,1937
SZ,920802,-1.2,385,871
SZ,920218,1.18,378,1681
SZ,920009,-0.04,366,2819
SZ,920717,-2.04,359,930
SZ,920191,1.47,358,1591
SZ,920011,0.37,356,1583
SZ,002731,-3.76,351,392
SZ,920121,0.39,334,1851
SZ,920066,-0.76,333,1052
SZ,920183,0.34,329,1431
SZ,920003,0.42,326,1518
SZ,920022,0.16,320,1162
SZ,920132,0.58,320,941
SZ,920222,-0.86,318,2355
SZ,920504,-0.49,307,779
SZ,920931,-0.18,306,998
SZ,301139,1.52,305,486
SH,688496,10.47,226,428
