SH,601288,-0.61,2062318,2260890
SH,601398,-0.65,2027484,2680175
SH,601857,1.22,1750378,1978457
SZ,300750,-0.64,1642219,1783529
SH,600519,-0.04,1634957,1634957
SH,601138,0.56,1362297,1362297
SH,601988,-0.34,1216117,1859166
SZ,300308,3.16,1093513,1152423
SH,600036,-0.3,801434,979791
SH,601628,-0.3,791919,1074907
SH,688256,-0.17,732590,732590
SH,601088,-0.26,723132,951082
SH,601899,0.93,717354,925889
SH,688041,1.72,688144,688144
SH,600900,-0.28,677036,677036
SZ,000333,-1.65,577590,640007
SH,601318,-0.42,567862,964594
SZ,300502,4.2,551365,612915
SZ,002371,1.29,545355,545791
SH,600028,0.2,482290,615511
SH,601728,-1.42,482081,568259
SZ,002475,2.83,421045,444049
SH,601166,-0.69,388338,388338
SH,603259,6.42,375592,453113
SH,603993,1.57,361265,442648
SH,601658,-0.19,359738,595671
SH,688012,0.94,343902,349612
SH,600276,3.01,342425,356285
SH,600030,-0.42,338508,434355
SH,600183,10,337597,340012
SZ,002415,-0.82,335972,340383
SZ,002594,-0.57,310065,810792
SH,600000,-0.64,307413,307413
SH,601998,-1.05,304500,415669
SZ,000858,-0.18,288552,288559
SH,603986,6.99,275372,289070
SZ,002384,4.85,272814,360442
SZ,300059,-1.24,263861,312647
SH,600150,0.09,262870,262870
SZ,300394,3.61,254052,254620
SH,688981,1.6,252225,1079892
SZ,002916,6.66,251012,257188
SH,601319,-0.97,250259,311779
SH,601816,-0.19,248053,248053
SH,688008,3.23,246239,262538
SH,601225,0.56,242569,242569
SH,601211,0.62,242539,316790
SZ,002463,5.89,238621,238814
SH,600309,0.6,236100,236100
SH,688825,0.6,235374,3495864
SZ,002938,8.13,234503,235184
SZ,300476,8.07,233888,265676
SZ,300408,-2.45,231613,246236
SZ,000651,-0.26,221653,224840
SZ,000001,-0.79,216955,216958
SH,601601,-0.78,215071,302271
SZ,000725,2.01,215032,225230
SH,600919,-0.76,213976,213976
SZ,002142,-0.97,207420,207551
SH,603288,-0.89,201377,211925
SH,688072,1.25,195216,200731
SH,601919,0.78,194501,236503
SH,600406,-0.69,192196,192762
SH,601668,-0.87,187181,187181
SZ,300433,4.91,181543,192832
SZ,300760,-0.15,181116,181272
SH,601328,-0.28,180421,611477
SH,600025,-0.71,180349,180349
SH,600176,6.38,172287,173656
SH,600989,-0.12,171894,171894
SH,688498,3.9,170206,172433
SH,601066,-0.65,167458,199968
SH,601985,-0.56,165795,180587
SH,600031,-1.71,164573,178567
SH,600887,-0.75,164397,165218
SZ,002352,-1.27,159763,175282
SH,600111,5.25,159461,159461
SZ,300124,1.33,154815,173909
SZ,003816,-1.76,153014,196440
SZ,000792,0.84,152237,152239
SZ,002281,10,151793,159808
SZ,000338,1.46,147750,257565
SH,601872,1.62,146714,146714
SH,600487,5.54,145403,146158
SH,600809,-0.43,145261,145261
SZ,002050,0.13,143065,163103
SZ,000408,3.72,141232,141234
SH,601818,-0.64,141077,179620
SH,601688,-1.53,140217,173226
SH,601100,-0.51,140183,140183
SZ,000063,-0.48,139074,165175
SH,601009,-0.61,138596,138596
SH,601869,3.75,138387,281960
SZ,300604,1.31,138124,182177
SH,600584,1.36,137606,137606
SH,603256,4.92,137290,141170
SH,600690,-0.85,137129,205651
SH,688082,2.31,136330,137810
SH,600999,0.61,134413,157494
SH,600050,-2.04,132949,134124
SH,601229,-0.53,131434,131434
SZ,301165,-1.74,130407,130407
SH,603019,0.73,129393,129398
SH,601600,1.46,128733,167261
SZ,000568,0.06,128070,128144
SH,601898,-2.17,127121,184163
SZ,002714,0.7,126758,223069
SH,688120,4.26,126557,126557
SH,601336,-0.4,125377,187547
SH,600016,0.28,125181,154552
SH,600188,-1.45,124950,210372
SH,600346,1.55,124733,124733
SZ,002493,1.07,124010,132660
SH,688111,0,123929,123929
SH,600019,-1.36,123559,125683
SH,688506,-0.96,123470,123470
SH,688361,1.55,123338,123338
SZ,300857,0.56,122445,123075
SH,600489,0.32,122104,122104
SZ,000776,-0.13,122037,161740
SZ,301200,5.48,120802,138917
SH,600018,-0.37,120418,120590
SH,600104,-0.94,119666,119666
SH,600760,-1.23,119181,119407
SH,688521,1.94,116432,116432
SH,600926,-0.73,116419,116419
SH,600160,-1.88,116116,116116
SH,600522,3.62,114197,114197
SZ,300014,-0.4,113884,117162
SH,601698,-0.14,113847,113847
SZ,000977,1.03,113797,113924
SH,688525,3.09,113237,113237
SZ,300442,-0.14,112409,112740
SH,600660,-0.72,111446,145206
SH,688347,2.98,108380,461888
SH,600905,-0.52,108061,108061
SZ,000938,-0.41,108054,108054
SH,601888,-0.49,107933,114861
SH,603501,-0.31,107854,112388
SH,600547,-0.42,107819,137514
SZ,000988,4.08,107745,107800
SZ,301308,4.29,107676,161622
SH,605117,0.8,107168,107168
SH,600089,-0.23,106766,106766
SH,601169,-0.19,106138,106138
SH,600886,-1.24,105775,113584
SZ,300033,-0.48,104263,178993
SH,600015,-1.02,103710,107267
SZ,000166,-0.43,101860,113181
SH,600362,6.01,101749,169778
SH,601168,7.27,101563,101563
SZ,002353,1.47,101368,150189
SH,601995,-1.02,101008,166782
SH,600673,2.77,99232,99496
SZ,000100,0.21,97172,100468
SZ,002028,-1.05,97033,124320
SH,601012,0.47,96999,96999
SZ,002736,-0.48,96989,103339
SH,601633,-0.82,96972,133348
SH,601939,-0.78,96224,2623852
SZ,000657,5.28,95637,149932
SH,601006,-0.61,95541,95541
SZ,002008,3.71,94458,101653
SZ,002230,-1.34,94366,103506
SH,600893,-1.41,94345,94362
SZ,000807,1.58,93911,93912
SZ,002156,1.13,93551,93560
SZ,002602,-0.71,93524,101421
SH,600938,0.94,93438,1485311
SH,603228,10,93233,95064
SZ,002080,7.53,92968,92968
SZ,002001,-0.75,91774,92879
SZ,002600,-0.38,91368,103046
SH,688271,-0.4,91111,91111
SH,601390,-0.44,90848,109655
SZ,000538,-0.29,89604,90177
SH,601881,-0.55,89601,135259
SZ,000617,-2.22,88747,88747
SH,600795,-0.99,88643,88643
SH,600549,-1.36,88077,89984
SH,601127,-2.35,86830,97133
SH,601689,0.08,86562,86562
SH,603893,0.67,86423,86434
SZ,000301,1.16,86239,86277
SZ,002648,0.91,86182,86237
SH,600941,-1.59,85682,2058333
SH,601727,-1.44,85534,105362
SH,600236,-1.45,85209,85209
SH,601868,0,83990,114582
SZ,000895,-5.47,83106,83117
SH,605499,0.52,82150,89220
SH,603799,5.12,82149,82406
SH,600436,-0.42,81575,81575
SH,688777,-1.15,81310,81722
SH,688249,1.74,81067,89795
SZ,300498,0,80567,90161
SH,688200,1.4,80437,80437
SZ,001289,-0.92,80167,132921
SH,688396,2.74,79786,79786
SZ,300757,2.21,78248,80675
SH,600118,1.04,78056,78056
SH,688702,-1.53,77949,157440
SH,601991,0.16,77600,115852
SH,601825,-1.19,77433,79663
SZ,002311,-2.43,76780,76854
SH,600011,-1.27,76104,108631
SH,688002,3.21,75517,75517
SH,601958,2.19,75406,75406
SZ,000425,-1.65,74525,96969
SZ,002179,1.73,73941,74076
SH,688126,-0.03,73525,85501
SZ,002027,-1.16,73366,73366
SZ,002241,-0.84,73106,82555
SH,600039,-1.75,72956,72956
SH,600674,-0.66,72680,72680
SH,603195,-1.31,72439,72571
SZ,300620,6.32,72421,73030
SZ,002202,4.33,72147,90600
SH,600010,0.89,71092,102663
SH,600066,-0.98,70868,70868
SH,601800,-1.3,70806,97931
SZ,300475,3.03,70750,73817
SH,601186,-0.8,70745,83514
SZ,000708,-0.84,70559,70559
SZ,002466,1.19,70451,81789
SH,601111,-1.46,70294,123775
SH,600585,-0.95,70123,93035
SH,688629,1.82,68992,70079
SH,688519,12.46,68673,68673
SH,600029,-1.73,68598,92236
SH,600988,-0.47,68387,78107
SZ,000426,2.02,68061,68078
SH,600958,-0.54,67599,76895
SH,600026,0.92,67449,96403
SH,600482,1.9,67072,67072
SH,601360,-2.83,67056,67056
SH,688172,3.02,66663,79390
SZ,300661,4.18,66609,75878
SZ,000703,1.51,66390,66724
SH,601231,0.87,66317,66317
SZ,001309,3.36,66228,91035
SZ,000636,-1.84,66181,66181
SH,600023,-0.59,66105,66105
SH,603296,0.8,65389,124147
SZ,002428,10,65356,65364
SH,688585,-1.13,65349,65349
SH,688036,-1.17,65295,65295
SZ,000975,1.61,65276,71725
SH,601018,-0.88,65172,65172
SZ,000960,0.71,65044,65044
SZ,002625,-1.79,64723,64724
SZ,001965,-0.73,64214,64214
SZ,000021,1.8,63958,63967
SZ,002460,0.65,63686,110244
SH,600233,-1.01,63379,63379
SH,688017,1.77,62699,62699
SH,688037,2.56,62491,62491
SH,601669,-0.61,62482,82341
SZ,300759,11.11,62481,80840
SZ,002837,4.21,62356,70293
SH,600115,-2.13,62311,80841
SH,601916,-1.36,62263,79373
SH,600048,-1.51,62127,62127
SZ,002128,-0.53,61957,86416
SH,603156,6.35,61628,61628
SZ,002851,2.77,61294,72927
SZ,002304,-1.12,60889,60891
SZ,000831,10,60691,60691
SZ,002595,-0.29,60629,61051
SZ,001979,-2.42,60491,61489
SZ,300285,1.71,60329,70511
SZ,000625,-1.35,60185,72166
SZ,300223,3.84,59990,68806
SZ,000933,1.33,59988,60026
SH,688409,6.13,59733,59733
SH,601061,1.58,59731,59731
SH,688141,1.05,59474,59474
SZ,002064,1.35,59325,59451
SZ,002185,2.78,58944,58958
SZ,002709,-0.55,58897,79565
SH,600009,-1.08,58707,58898
SZ,300054,2.07,58345,74823
SZ,002422,5.6,58295,71410
SH,600438,4.71,58031,58031
SH,688766,3.63,57758,57758
SH,601901,-0.56,57625,57625
SH,600105,2.5,57515,57515
SH,600426,-1.54,57466,57474
SH,600221,0,57413,57909
SH,688019,2.83,57388,57388
SZ,000768,-0.95,57277,57364
SH,601077,-0.3,57095,73366
SH,601788,-0.6,56882,67133
SH,600580,0.06,56464,56627
SH,688313,4.83,56263,56263
SZ,002049,0.18,56169,56176
SH,688630,8.42,56081,62366
SZ,300765,-0.64,55819,55819
SZ,002532,1.42,55812,62905
SH,601233,0.43,55686,55788
SZ,300136,2.71,55412,64972
SZ,300666,5,55401,69145
SZ,002484,3.66,55357,57385
SZ,002558,-0.74,55192,55192
SH,600219,1.06,54777,54777
SH,600096,-0.19,54617,54617
SZ,002821,10,54614,62148
SH,600885,-0.92,54506,54506
SZ,002920,-2.13,54472,54489
SH,600372,-1.39,54389,54389
SH,601877,-0.7,54176,54176
SH,600601,10,53672,55003
SH,601059,-0.59,53639,53639
SZ,300450,-0.48,53535,57476
SH,600460,2.5,53150,53150
SZ,300058,-0.58,53038,54751
SZ,301526,7.1,52946,142162
SH,600803,-0.85,52895,53299
SH,600879,-0.24,52822,52822
SH,600350,0.83,52697,52697
SH,600497,0.78,52420,52420
SZ,300373,2.62,52311,52428
SZ,300418,1.34,52290,57171
SH,600378,0.75,52148,62720
SZ,301269,-0.02,51703,51703
SH,600418,-2.51,51630,53289
SH,603659,-0.07,51418,51418
SZ,300548,2.19,51410,51514
SZ,000157,-0.68,51043,62442
SH,688110,2.86,50918,50918
SH,688578,2.04,50841,50841
SH,601377,-0.84,50607,50607
SZ,300567,6.83,50453,62163
SZ,002436,5.36,50426,56463
SZ,300803,-1.29,50388,50759
SZ,001872,-0.76,50373,54309
SH,600895,-0.69,50286,50286
SH,600741,-0.3,50286,50286
SH,688469,3.27,50069,71504
SH,688048,5.78,49937,49937
SH,600498,3.63,49797,53186
SZ,301358,-0.5,49544,54950
SZ,000783,-0.1,49328,49328
SH,600196,1.76,49064,61847
SH,603979,-0.37,48718,48718
SH,601699,-0.61,48281,48281
SH,688147,6.13,48281,48281
SH,688432,1.32,47949,47949
SH,601298,-0.44,47936,57706
SH,688375,2.79,47848,47848
SZ,002636,10,47798,48041
SZ,002409,2.77,47466,70923
SZ,002074,-1.29,47396,49524
SH,601117,-0.89,47183,47318
SZ,000066,-0.87,47093,47097
SH,600726,0,46796,49500
SH,601618,-1.13,46417,53798
SH,688729,2.47,46381,78411
SZ,002414,1.11,46357,58253
SH,601607,0,45827,60928
SH,603629,3.65,45808,46571
SH,688223,-0.44,45288,45288
SH,603129,-0.03,45175,45175
SH,600377,-0.16,45132,59798
SZ,301377,6.66,45131,193581
SH,601208,6.92,45105,45105
SH,688146,0.52,44884,163911
SH,688331,5.63,44797,71051
SH,601058,-0.79,44784,44784
SZ,300395,6.77,44781,45933
SH,600930,-1.18,44692,173531
SH,601021,-1.67,44632,44632
SH,601198,-0.35,44575,44575
SH,688047,-0.64,44439,44439
SZ,002203,4.06,44243,45835
SH,600985,-1.02,43981,43981
SZ,002812,-0.7,43862,52324
SH,603083,3.84,43725,58427
SH,688220,0.57,43625,43625
SH,688808,7.42,43425,231048
SH,688627,5.21,43251,43251
SH,688234,5,43134,48646
SH,688187,1.04,43072,65963
SH,601878,-0.41,42994,42994
SH,605376,0.16,42926,42926
SH,600352,0.69,42911,42911
SH,603268,2.06,42848,187138
SH,600570,-2.49,42778,42778
SH,600027,-1.06,42761,53879
SH,688009,-0.39,42415,52102
SH,600143,-0.61,42289,42906
SH,688728,1.83,41944,41973
SH,603260,0.91,41886,41886
SH,600392,5.12,41717,41717
SZ,000999,0,41517,41556
SH,600021,-0.87,41312,41312
SH,600667,2.66,41162,41162
SH,600909,0.49,40897,40897
SZ,300390,2,40827,50451
SH,600206,10,40778,40778
SH,600061,-0.92,40666,40666
SH,603806,2.59,40253,40253
SH,688303,1.07,40239,40239
SH,600995,-1.02,40110,40110
SZ,002236,-1.52,40075,54793
SH,601212,-0.54,40060,40060
SH,601555,0.25,39849,39849
SH,600588,-2.83,39808,39808
SZ,300979,-0.92,39794,39795
SH,688336,3.91,39757,39757
SH,601136,-1.08,39715,39715
SH,603379,-2.04,39315,39315
SZ,002945,-1.48,39285,39285
SZ,002407,0.72,39213,43272
SH,603650,2.53,39168,39262
SH,600578,-0.5,39097,39097
SZ,002155,-0.63,39047,39051
SH,601108,-0.46,38961,38961
SH,603087,1.8,38961,41515
SH,601456,-0.77,38955,50557
SZ,000559,-0.92,38745,38757
SH,601216,-1.29,38562,38562
SZ,000893,-1.57,38496,43819
SZ,000987,-0.89,38452,38481
SZ,002294,1.8,38408,38417
SH,601777,-1.61,38384,38384
SH,600845,-5.16,38328,51328
SH,601238,-1.32,38321,52923
SZ,002078,-0.85,38261,39331
SH,688295,-3.35,38259,38259
SZ,002850,1.9,38242,52227
SH,601665,-0.79,38092,38092
SZ,300346,3.79,38061,40101
SZ,002195,-2.16,37963,38306
SZ,300919,1,37741,43095
SZ,300115,-0.85,37734,37846
SH,600600,-0.64,37733,72589
SZ,002738,0.08,37677,38650
SH,601126,2.17,37657,38023
SZ,002138,1.16,37582,39542
SH,603392,1.71,37552,37552
SZ,002273,0.55,37526,38201
SH,600141,-2.96,37314,37314
SH,688472,0.39,37306,37306
SZ,002653,3.03,37092,77386
SH,601577,-1.27,37071,37079
SH,600901,-0.15,37001,37010
SZ,000983,-2.39,36958,36958
SZ,000688,0.75,36808,36808
SZ,001203,1.55,36737,43126
SZ,300037,-0.66,36563,50412
SZ,300017,4.89,36562,38558
SH,600711,2.72,36191,36191
SH,600256,1.07,36115,36115
SZ,300972,-1.71,36110,39303
SZ,300001,-0.45,36070,36915
SH,688300,9.54,35993,35993
SZ,002056,2.03,35946,35983
SH,600869,3.59,35865,35865
SZ,002966,-0.84,35779,36391
SH,601808,-1.22,35762,57641
SZ,002129,-0.33,35710,35741
SH,603929,2.25,35418,35418
SH,688322,1.27,35338,45552
SZ,300454,-2.77,35283,52870
SH,600298,0.22,35263,35702
SH,601611,-2.49,35202,35202
SH,605589,5.26,35199,35218
SZ,002444,-0.22,34711,36157
SH,603298,0.11,34618,34618
SZ,300672,12.1,34596,35709
SZ,002340,0.89,34567,34747
SH,600157,-1.85,34472,34472
SZ,002432,3.81,34472,34518
SH,600177,0,34361,35277
SH,688536,3.93,34281,34894
SH,605358,1.84,34193,34193
SH,688122,-1.3,34192,34192
SZ,300782,0.88,34085,43722
SZ,000878,2.41,34062,41228
SZ,000423,-1.01,34043,34103
SH,600085,-0.39,33916,33916
SH,688668,4.96,33912,33912
SH,600707,2.72,33832,33839
SH,688775,-2.81,33768,52210
SZ,301511,14.69,33608,56546
SZ,002517,-0.6,33607,38007
SH,603369,-0.84,33477,33477
SH,600733,-0.89,33368,35147
SH,603486,-0.59,33283,33588
SH,601598,-0.45,33163,46127
SH,688027,-0.73,32945,42162
SZ,002126,1.22,32927,35067
SZ,300751,0.73,32904,47586
SZ,301236,-0.72,32898,43343
SH,600060,-0.66,32881,33003
SH,601696,-0.66,32808,32808
SH,603308,0.27,32730,32730
SZ,002032,-1.05,32691,32706
SH,601236,-0.99,32571,32571
SH,603225,-0.85,32570,32745
SZ,300251,-1.59,32500,34352
SZ,002252,0.41,32414,32436
SZ,002601,-1.8,32358,38816
SH,688599,-0.86,32117,32117
SH,600109,-0.56,32051,32051
SH,688235,3.41,32005,429017
SZ,300870,-1.92,31943,31947
SH,688025,6.51,31930,31930
SH,603606,-0.71,31838,31838
SZ,300832,-0.88,31779,36552
SH,603568,-0.25,31546,31546
SZ,000729,-1.17,31420,35288
SZ,300748,2.77,31392,38467
SH,600839,-1.72,31382,31390
SZ,300207,-1.18,31348,33790
SZ,002378,-0.67,31300,31465
SZ,000728,-1.09,31288,31288
SZ,002131,-2.54,31265,36161
SZ,002555,-0.6,31239,43537
SH,688676,-0.65,31224,31224
SZ,000876,-0.85,31005,31024
SH,688266,4.27,30974,30974
SZ,002261,-1.52,30922,33994
SZ,000002,-2.44,30900,37940
SH,603127,5.84,30733,36688
SH,688301,7.18,30720,30720
SH,600562,-2.01,30674,30674
SZ,000967,-2.98,30521,30535
SH,600801,-1.16,30510,47276
SH,600563,-1.24,30490,30490
SZ,000786,-2.53,30479,30708
SH,600348,-1.28,30447,30447
SH,600863,-1.47,30415,36512
SH,600259,6.38,30414,30414
SH,688213,2.53,30332,37720
SZ,000800,-1.27,30312,30315
SZ,000027,-0.93,30019,30019
SH,600332,-0.41,29945,34629
SZ,002859,3.01,29918,31687
SZ,300347,6.27,29876,45411
SZ,000883,-1.06,29871,32636
SZ,002673,-0.73,29812,29812
SH,600871,-0.89,29803,41706
SZ,000060,1.67,29755,29756
SZ,002025,-0.16,29683,29693
SZ,300339,-1.85,29521,30232
SH,688333,6.71,29435,29435
SH,688052,2.36,29432,33556
SH,600483,-0.93,29358,29358
SZ,000958,-1.44,29340,99825
SH,600699,-1.26,29323,32582
SH,688617,-1.24,29308,29308
SH,600428,-0.41,29221,32790
SH,688385,1.75,29208,44604
SH,688180,3.03,29184,39096
SZ,002939,-1.21,29182,32679
SH,688568,-1.79,29172,29172
SH,603198,-1.16,29160,29160
SZ,301396,3.21,29150,44274
SH,600641,9.99,29110,29618
SZ,300558,12.25,29079,29172
SH,600398,-0.32,29009,29009
SH,601001,-2.69,28955,28955
SH,688318,-1.97,28908,28908
SZ,000629,-0.95,28893,28895
SZ,002240,1.64,28875,28951
SZ,002222,3.34,28810,28939
SH,688387,0.71,28800,48820
SH,600663,0.55,28748,45870
SH,600737,4.76,28725,28725
SH,600517,-1.57,28535,28535
SH,601990,-0.73,28437,29565
SH,688102,5.23,28349,28431
SH,603766,-1.49,28339,28339
SH,603338,-1.23,28335,28335
SH,601933,-1.54,28292,28292
SH,688411,1.19,28282,38923
SZ,002245,3.59,28276,30054
SH,600331,5.38,28245,36718
SZ,300458,0.44,28066,34251
SZ,300628,-2.59,28033,48928
SH,601000,-0.83,27852,27852
SH,688169,0.85,27647,27647
SH,600079,0.56,27638,29233
SZ,000981,-3.64,27589,28993
SZ,000959,-1.85,27571,28693
SH,603061,2.88,27544,27544
SZ,000737,2.19,27521,27523
SH,603444,-0.47,27497,27497
SH,600312,-1.11,27451,27451
SH,600499,-0.89,27368,27368
SH,603179,-1.35,27361,27361
SZ,002797,-1.5,27358,27358
SZ,002608,-1.08,27353,27353
SH,603823,-1.89,27285,27285
SZ,000962,0.26,27172,28483
SZ,002747,-0.36,27134,33563
SH,600637,-1.46,27131,27131
SH,600330,1.57,27123,27123
SH,688297,-1.24,27122,27122
SH,600777,-2.28,27120,28970
SH,688127,4.13,27102,27102
SZ,300570,1.54,26907,31798
SH,601880,-0.67,26883,34415
SZ,003022,1.11,26849,26872
SH,688248,-1.36,26835,26835
SH,600536,-3.13,26778,29638
SH,603939,-2.04,26685,26685
SH,601799,-0.84,26674,26674
SZ,000877,-2.33,26664,26664
SZ,000582,-1.27,26659,31111
SZ,300814,10.75,26561,26561
SH,603688,2.84,26499,26499
SZ,002487,0.26,26417,30987
SH,600595,0.61,26412,26412
SH,603920,3.92,26381,26381
SH,688608,-2.34,26365,26365
SZ,002465,-1.02,26241,26283
SH,688018,0.81,26232,26232
SH,688065,0.81,26217,32415
SH,688548,1.94,26183,49979
SH,600515,-2.05,26152,32562
SZ,000739,5.59,26020,26030
SH,600299,-2.98,25963,25963
SZ,002180,-3.29,25900,27073
SZ,300236,1.14,25888,29126
SH,601615,-0.43,25849,25849
SH,600546,-1.65,25772,25772
SZ,300209,-0.02,25749,32187
SH,600396,0.75,25743,25743
SZ,002841,-1.61,25661,34414
SZ,001389,4.65,25634,79533
SZ,001267,8.45,25614,33041
SH,600704,-1.38,25597,25597
SH,600521,3.83,25588,25588
SH,600732,-1.77,25558,25678
SZ,002223,0.26,25498,27127
SZ,000887,2.55,25394,25435
SH,603119,0.09,25369,25369
SZ,000932,-1.32,25355,25355
SZ,002015,-0.94,25324,25324
SZ,002456,-4.62,25280,26639
SZ,002459,-0.12,25264,25286
SH,688192,4.33,25233,25449
SH,600208,0.34,25184,25186
SZ,002152,-2.3,25169,25182
SH,600918,-1.24,25141,43630
SH,600862,-1.47,25075,25075
SZ,000951,-2.8,25040,25040
SH,601918,-0.4,25025,25025
SH,600998,0.2,25011,25011
SH,603067,-0.53,24970,24970
SH,600153,-1.14,24965,24965
SZ,300438,-0.01,24892,31001
SH,603345,1.01,24892,28286
SZ,002046,1.27,24855,25137
SZ,000547,-0.37,24790,24936
SZ,300903,9.64,24779,30703
SZ,300255,3.67,24611,24649
SZ,300024,0.32,24605,24612
SH,600583,-0.7,24583,24583
SH,601155,-2.23,24564,24564
SH,603049,-1.01,24552,42517
SZ,000921,-1.11,24535,36782
SZ,301018,3.96,24507,32431
SH,688195,4.5,24465,24465
SZ,002266,0.8,24407,26305
SZ,000415,0,24376,27954
SH,601717,-1.55,24366,28209
SH,688403,3.99,24351,24351
SZ,000062,1.22,24315,24338
SZ,000830,-1.08,24202,24204
SH,600161,-0.15,24183,24183
SH,603160,-0.72,24171,24171
SH,688820,2.38,24120,259857
SH,600323,-2.11,24110,24110
SH,688475,-0.9,24090,24090
SH,600295,0.41,24082,34117
SZ,300383,-1.67,24080,24124
SH,605090,0.15,24070,24095
SZ,001270,0.95,24023,24177
SZ,000738,-0.59,23989,23989
SH,603885,-1.33,23946,23946
SH,600166,-0.65,23911,23911
SZ,301205,0.49,23908,37137
SH,603596,-3.41,23841,23841
SH,601399,-1.19,23805,23805
SH,688778,-0.07,23756,23756
SZ,300677,2.23,23714,33347
SH,688001,2.26,23687,23687
SH,603663,1.58,23685,23701
SH,600566,-5.05,23627,23707
SH,603678,1.78,23612,23612
SH,600246,1.46,23611,24268
SZ,300811,2.05,23479,28605
SZ,002430,-1.35,23471,23481
SH,600100,-2.23,23419,23419
SH,601928,-2.12,23388,23388
SH,601118,2.44,23366,23366
SH,605111,1.87,23325,23325
SH,601866,-0.4,23305,31517
SH,600977,-0.94,23300,23300
SH,600535,0.58,23276,23276
SH,688349,-1.52,23227,23629
SZ,002244,-2.09,23108,26074
SH,601099,-1.73,23107,23107
SH,600095,-1.69,23102,23102
SH,600353,4.95,23033,23033
SZ,002603,2.83,23016,27934
SH,601606,-2.9,22965,22965
SZ,000400,-1.26,22910,22990
SZ,301536,2.61,22856,51491
SZ,000733,-1.31,22851,22854
SZ,300496,-1.74,22832,28525
SH,601228,-1.3,22784,22784
SH,603605,-0.61,22784,22784
SH,603301,-1.24,22757,22757
SH,603306,2.28,22748,22748
SZ,002157,0,22662,26918
SH,603730,-1.02,22646,22646
SH,600884,-2.38,22517,27554
SH,689009,-3.23,22512,29463
SZ,002085,-0.65,22464,22464
SH,603186,10,22421,22421
SH,600388,-0.72,22378,22378
SH,603881,-0.22,22370,22370
SH,601128,-1.28,22363,22363
SH,601865,10.02,22337,27529
SH,600486,0.75,22335,22335
SH,601567,-1.54,22301,22301
SZ,300738,-1.34,22278,22285
SZ,002498,-2.04,22256,22256
SZ,002396,0.93,22185,22277
SZ,002379,3.29,22137,253846
SH,601608,-0.2,22119,22119
SH,600873,-0.24,22097,22097
SH,688257,5.64,22097,22097
SH,688425,-0.71,22081,22081
SH,601666,0,22027,22027
SH,601963,-1.18,22008,39231
SZ,002271,-1.62,21978,27422
SH,688343,1.04,21972,21972
SH,688400,2.39,21960,22836
SZ,300776,4.81,21941,34901
SZ,000155,-0.74,21932,21932
SZ,000709,-0.92,21911,21915
SH,688205,2.9,21908,21908
SH,603728,0.06,21866,21866
SH,603565,-0.75,21862,21862
SZ,000750,-1.04,21852,24076
SZ,300806,1.85,21847,30318
SH,600098,-0.79,21842,21842
SH,600390,-1.41,21816,21816
SZ,002364,1.04,21733,21945
SH,600126,-2.72,21682,21682
SH,603005,2.85,21665,21665
SZ,002926,-0.59,21578,21578
SH,603588,0.86,21539,21539
SH,601106,-1.25,21533,21533
SZ,300474,-0.22,21531,27683
SH,600550,-2.01,21472,21472
SH,688819,-0.8,21425,21425
SH,600745,0.24,21401,21401
SZ,002536,3.86,21400,22595
SZ,000623,-0.71,21382,21466
SH,603773,10,21360,21368
SZ,002317,2.26,21341,23815
SZ,300699,-0.87,21324,21582
SZ,000603,2.17,21322,22065
SZ,000034,-1.87,21305,25510
SH,600685,-0.79,21283,36624
SH,600598,-1.88,21279,21279
SZ,000598,-0.41,21273,21276
SZ,002065,-2.27,21170,23336
SZ,000158,-3.54,21135,21278
SH,601016,-2.22,21134,22906
SH,600132,-0.81,21106,21106
SH,688114,1.56,21069,21113
SZ,002468,2.51,21067,21845
SZ,300073,0,21048,22643
SH,603290,1.78,21047,21047
SH,688372,2.45,21021,21021
SH,601677,-0.17,21012,21012
SH,600961,3.6,21006,29976
SZ,300083,5.71,20994,23425
SZ,000564,-2.1,20982,25101
SH,600329,0.24,20960,28463
SZ,300896,-0.11,20952,31010
SH,603077,-1.24,20931,20931
SZ,003035,-1.6,20871,20871
SH,600008,-0.69,20847,20847
SH,600688,-0.69,20814,29941
SH,688502,3.95,20803,20803
SZ,002423,-2.05,20783,20783
SH,600516,-0.95,20774,20774
SH,601858,-0.14,20743,20743
SZ,002007,0.3,20708,24026
SZ,300398,2.61,20705,20818
SH,600765,-1.18,20664,20664
SZ,001896,3.2,20659,20659
SH,600848,-1.02,20612,21719
SZ,002624,-0.43,20507,21766
SH,603337,-2.31,20489,20899
SH,601997,-0.7,20475,20475
SZ,002335,0.13,20472,23409
SZ,300487,2.87,20452,33807
SH,603899,-1.32,20431,20431
SH,603737,-1.95,20364,20364
SH,600170,-1.71,20349,20349
SZ,002545,-3.38,20320,22368
SH,603516,1.61,20307,20307
SZ,300003,1.58,20289,23688
SZ,002831,-2.4,20284,36589
SZ,300762,0.56,20283,20283
SZ,000519,-0.13,20262,20262
SZ,000009,4.67,20222,20247
SH,603667,-0.26,20134,21066
SZ,002299,-0.65,20131,20531
SZ,300821,0.12,20120,20124
SH,603233,-1.39,20112,20112
SZ,002948,-1.04,20006,33060
SZ,000683,-2.11,19998,22264
SZ,000825,-1.67,19994,19994
SZ,300623,1.84,19990,21676
SZ,002491,2.85,19988,20898
SZ,300085,-1.76,19958,21630
SZ,002716,-0.69,19880,24166
SZ,300012,-0.92,19851,23341
SH,688270,0.27,19822,19822
SZ,300088,1.79,19809,19907
SH,600500,9.98,19772,19772
SH,603816,-2.09,19769,19904
SH,601158,-0.47,19728,19728
SZ,000029,-1.2,19724,22378
SZ,000039,0.71,19700,46160
SH,603115,0.71,19689,19689
SH,603876,2.52,19663,19663
SH,688005,-1.39,19659,19659
SZ,300763,-0.95,19656,24246
SZ,002130,-0.57,19647,23980
SH,688268,1.79,19637,19637
SH,688123,2.64,19631,19631
SH,603236,-2.05,19543,19543
SH,688233,4.29,19466,19466
SH,688097,0.76,19438,19438
SZ,002497,0.6,19433,21138
SH,603358,0.12,19431,19767
SZ,300142,0.74,19351,19624
SH,603833,-3.9,19335,19335
SZ,301035,-0.68,19312,19341
SH,688596,8.46,19239,19239
SH,600602,-1.37,19219,24468
SH,600967,-1.22,19196,19196
SZ,002461,-1.58,19190,19190
SH,601187,-1.35,19145,19186
SZ,002265,-1.16,19142,19142
SH,603530,-0.63,19133,19310
SZ,002518,0.95,19130,19708
SH,603171,-5.2,19113,19135
SZ,002262,0.79,19090,21941
SH,601101,4.17,19080,19080
SZ,002500,-0.92,19062,19062
SH,688131,11.2,19057,19057
SH,688523,1.5,18957,18957
SZ,300456,0.67,18939,23211
SZ,001337,0.18,18938,18938
SZ,002149,0.62,18935,18938
SH,603618,3.13,18902,18902
SZ,301171,-2.07,18881,23269
SZ,000429,2.04,18872,30275
SZ,002318,-0.59,18861,19319
SH,600927,-1.88,18783,18783
SH,600012,0.37,18766,27508
SZ,002739,0.45,18717,18985
SH,603950,0.3,18707,18722
SZ,000686,-1.1,18700,18700
SZ,002756,0.58,18688,26028
SH,603000,-2.25,18686,18686
SZ,002120,-1.33,18636,19193
SH,603132,-0.87,18621,18621
SZ,300747,1.05,18593,20004
SH,601098,-2.17,18571,18571
SZ,002683,0,18570,21170
SH,600339,-1.47,18536,18536
SH,600518,0,18522,18531
SH,688208,-2.77,18497,18497
SH,600007,-0.26,18494,18494
SZ,300257,0.41,18492,19247
SH,600131,-2.45,18489,18505
SH,688388,6.1,18484,18484
SH,688700,6.69,18471,18471
SH,600380,0.8,18459,18459
SZ,002044,-0.83,18403,18593
SH,688363,0.32,18400,18400
SZ,000997,-2.29,18386,18489
SH,603658,0.5,18383,18383
SZ,300627,-1.05,18345,22152
SZ,300122,1.17,18315,31000
SH,601139,-0.77,18296,18296
SH,688561,-4.31,18278,18278
SZ,301297,2.46,18277,24023
SH,600114,3.53,18257,18702
SH,600316,-2.45,18215,18215
SH,600110,9.99,18150,18150
SH,600577,-0.48,18100,18100
SH,601636,1.16,18048,18048
SZ,002670,-2.11,18003,21460
SH,688281,-0.77,17996,17996
SH,688503,1.73,17966,17966
SH,688652,5.85,17930,24946
SH,600004,-1.16,17916,19510
SH,601969,-0.43,17910,18019
SZ,002270,-2.34,17897,17898
SH,688795,0.9,17872,277928
SZ,000969,0.23,17859,18016
SH,600606,-2.3,17849,17849
SH,600629,-0.5,17833,17833
SZ,000032,0.34,17778,17778
SH,601609,0.19,17770,17770
SZ,300953,-0.03,17726,24661
SZ,300503,1.83,17707,22627
SH,600655,-1.29,17699,17705
SH,605020,-0.84,17612,17889
SH,603529,-1.56,17553,17899
SH,688692,-1.34,17544,26788
SZ,002552,10.01,17541,18468
SZ,300170,-3.6,17526,18353
SZ,000937,-2.1,17524,18035
SH,600038,-0.94,17513,21465
SH,603638,-0.54,17508,17508
SH,600186,0.93,17480,17515
SZ,002192,0.6,17452,17488
SZ,920438,-0.45,17426,18059
SH,601975,-0.26,17411,17411
SZ,001287,0.66,17387,17387
SH,600032,-1.76,17386,17386
SH,688392,8.77,17374,17374
SZ,300102,0.69,17338,17422
SZ,002402,-0.88,17303,19520
SH,688449,4.2,17299,27140
SH,600120,-1.16,17282,17282
SZ,000513,0.73,17243,26948
SH,603226,0.41,17234,17234
SH,600664,9.97,17227,17227
SZ,000591,-1.55,17214,17220
SH,600410,-2.12,17138,17138
SH,603871,-2.03,17114,17114
SZ,000875,-2.47,17080,18535
SH,600552,2.79,17060,17060
SH,601020,0.34,17031,17031
SH,688549,3.66,17014,42649
SZ,300888,-0.84,16999,17075
SH,603786,-1.51,16982,16982
SZ,002145,-1.54,16977,16978
SZ,002913,10,16927,17588
SH,600820,-0.91,16915,16915
SZ,000528,-0.83,16911,16934
SZ,300724,-0.68,16892,20448
SH,603733,0.68,16884,16884
SZ,002925,-0.25,16873,17810
SH,600956,-1.63,16859,32312
SH,688582,0.41,16845,16845
SH,605196,-1.27,16834,16954
SZ,000935,-2.42,16834,16834
SH,603002,5.56,16807,16807
SZ,300657,1.7,16805,17294
SH,688800,-0.42,16793,16793
SZ,300140,-1.8,16745,16766
SH,601333,-0.99,16731,20967
SZ,300779,-2.46,16709,21867
SZ,002957,3.05,16672,16724
SZ,003021,-0.1,16625,21449
SH,600062,0.06,16622,16628
SH,601137,2.78,16618,16630
SH,600171,-0.25,16568,16568
SZ,000970,1.11,16546,16546
SH,603858,1.3,16483,16483
SZ,002237,-0.64,16466,19748
SZ,300364,-1.5,16405,18096
SZ,000766,-0.69,16393,16401
SH,600179,-1.39,16337,17899
SH,603938,3.17,16315,16315
SH,688772,0.56,16300,16300
SH,601156,-0.74,16285,27369
SZ,000682,-1.05,16275,16276
SH,601966,-1.32,16274,16274
SZ,002958,-2.28,16264,16611
SH,601519,-2.96,16251,16251
SZ,000050,-0.59,16246,16247
SZ,300568,-2.74,16231,20081
SZ,002611,-0.24,16214,19659
SH,600739,-0.64,16213,16213
SH,688615,-1.51,16201,23463
SZ,300660,-0.67,16185,16194
SH,601369,-2.06,16175,16339
SH,688106,0.73,16153,16153
SZ,300260,2.28,16151,22898
SH,600763,0.56,16143,16143
SH,601326,-1.44,16128,18941
SH,688308,2.07,16120,16120
SZ,300613,2.89,16103,17071
SH,688166,6.06,16098,16098
SZ,300773,-4.04,16098,17017
SH,688150,5.82,16098,16098
SZ,300413,-2.23,16082,29445
SH,600867,1.23,16080,16080
SZ,002171,1.01,16073,16164
SH,600531,2.47,16071,16071
SH,688390,-0.38,16058,16058
SH,600651,9.97,16045,16045
SH,688690,4.25,16040,16040
SZ,000506,4.37,15974,15979
SH,688520,2.34,15961,16857
SH,688380,1.69,15923,15923
SZ,000898,-2.43,15915,18738
SH,603355,-2.31,15906,15906
SZ,300201,-0.12,15888,15973
SZ,300676,0.32,15884,15971
SZ,300131,1.67,15853,17264
SZ,002312,-1.29,15786,15819
SH,688279,0.63,15774,19408
SH,600528,-1.52,15773,15773
SH,600435,-2.52,15713,15713
SZ,300144,-1.45,15670,15836
SZ,300002,-1.5,15660,16642
SH,600928,-0.83,15659,15733
SZ,002326,-0.25,15635,17818
SH,688332,0.97,15632,15632
SZ,002176,-1.17,15621,15644
SH,600888,1.82,15609,15609
SH,600459,-0.57,15574,16877
SZ,300723,1.87,15569,16776
SH,600750,-0.99,15563,15731
SZ,001213,-1.4,15556,15556
SH,603283,2.3,15501,15501
SH,603026,-0.63,15493,15493
SH,688368,6.39,15491,25521
SZ,301319,3.97,15484,20545
SH,605296,-0.49,15477,15724
SH,600267,9.98,15473,15473
SZ,300735,-1.77,15466,16522
SH,600172,2.64,15463,17378
SH,600623,-3.39,15459,17465
SH,601702,-0.05,15437,15437
SZ,002506,-1.85,15429,15445
SZ,000537,-1.31,15418,15418
SZ,001331,2.65,15401,22050
SH,600761,-0.74,15382,15382
SH,688484,-0.21,15380,15380
SZ,002405,-3.11,15360,15453
SH,688531,4.34,15352,22148
SZ,000902,-0.58,15336,16839
SH,688003,1.03,15283,15283
SH,600835,-0.78,15267,19068
SZ,301316,-0.88,15243,15724
SZ,301285,4.14,15221,15221
SH,688779,0.51,15202,15202
SH,688206,1.49,15193,15193
SZ,300655,1.88,15174,15243
SZ,000723,-4.16,15163,15192
SH,600511,0.15,15162,20673
SZ,002896,-1.86,15160,15160
SH,600808,-1.54,15158,19560
SH,600959,-2.56,15152,15152
SH,688353,-0.03,15138,15138
SZ,000563,-1.65,15137,15137
SZ,301093,4.15,15127,15844
SH,600877,-1.07,15120,15120
SH,603662,-0.16,15100,15100
SZ,301550,-0.72,15030,24558
SZ,000539,-0.83,15000,30819
SZ,000791,-0.38,14982,25107
SZ,300342,0.28,14968,15191
SH,600403,-2.33,14966,14966
SH,605289,3.37,14964,14985
SZ,002320,-1.75,14935,14935
SZ,300679,2.09,14935,17651
SH,603317,-1.46,14933,14933
SH,603063,0.65,14921,14983
SZ,300602,1.64,14912,21798
SZ,002158,-1.82,14871,14903
SZ,301389,5.94,14861,14861
SZ,002969,0.15,14839,14918
SH,600596,0.27,14792,14792
SH,688625,4.69,14783,14783
SH,600872,-0.51,14772,14835
SH,600201,2.6,14772,14772
SH,603025,-1.54,14763,14863
SH,601678,-0.81,14753,17393
SH,601568,-0.53,14737,14737
SH,603826,0.46,14735,14735
SZ,002768,0.87,14707,25454
SZ,000680,0.09,14685,16757
SZ,300469,-0.46,14664,14671
SH,600452,-1.84,14643,14643
SZ,301611,4.48,14636,43535
SZ,002410,-2.91,14634,15396
SZ,002568,-0.2,14632,19999
SH,688100,-2.37,14614,14741
SZ,000778,-1.31,14562,14822
SZ,300323,3.2,14561,19898
SZ,002773,0.62,14546,19514
SZ,002290,2.74,14535,14582
SH,688593,4.36,14521,14521
SZ,002250,1.12,14499,14578
SZ,301005,2.75,14493,14795
SH,601019,-2.93,14483,14483
SH,603203,3.43,14462,14629
SH,688158,0.06,14452,16244
SZ,300319,1.98,14438,15053
SH,688686,1.51,14391,14391
SZ,002827,5.75,14371,14426
SH,600744,-1.25,14360,14360
SH,600548,-0.58,14350,21242
SZ,301128,5.34,14343,16305
SH,600022,-2.18,14336,14336
SZ,000966,-2.37,14307,14307
SH,688031,3.1,14294,14294
SH,688603,8.09,14247,14247
SZ,002508,-1.8,14153,14325
SH,601778,-2.55,14148,14148
SH,601375,-1.19,14135,19036
SZ,001696,3.19,14129,18149
SH,603738,0.25,14108,14108
SZ,000422,-1.04,14056,14323
SZ,001286,-0.18,14054,39038
SH,603009,0.15,14050,14050
SH,600490,0.57,14048,15601
SH,600633,-2.28,14038,14038
SZ,300253,-2.32,14021,16642
SH,603505,-2.16,14014,14014
SZ,300999,-1.1,14000,139877
SZ,300671,3.6,13989,14027
SZ,000088,-1.11,13980,22982
SZ,002946,-2.31,13960,14124
SZ,002911,-1.69,13950,14293
SH,600621,-1.05,13930,13930
SZ,001248,-1.72,13907,174380
SH,603039,-7.93,13905,13905
SH,601965,-0.85,13868,13927
SZ,002408,-0.19,13865,14328
SH,600056,0.76,13862,13867
SH,601827,-0.83,13844,13844
SZ,300957,0.09,13818,13894
SH,600361,-0.53,13811,13811
SH,688538,0,13805,33143
SZ,300720,3.09,13802,14606
SH,600779,-0.73,13796,13796
SZ,300975,2,13778,19236
SH,600710,-1.67,13773,13773
SH,600320,-1.18,13737,21815
SZ,301219,6.26,13730,19237
SH,603305,0,13730,13730
SH,600475,-2.6,13728,13919
SH,600409,2.15,13728,13728
SH,688088,-1.74,13708,13708
SZ,002249,-1.46,13699,18132
SZ,000612,0.61,13698,13698
SH,601133,2.8,13692,13739
SZ,000581,-1.76,13671,16648
SZ,000534,3.03,13669,13860
SH,688258,-0.76,13668,13668
SH,688046,19.99,13663,13663
SZ,000685,-0.44,13663,16086
SH,603078,3.54,13652,13652
SH,600783,-0.15,13629,13629
SH,600816,-1.96,13618,24513
SH,688535,3.03,13607,14600
SZ,300179,3.86,13594,17656
SZ,002867,-1.32,13586,13666
SH,600301,0.82,13580,31198
SZ,001339,0.35,13572,27415
SH,688401,1.45,13563,14407
SZ,300455,-1.38,13563,13738
SH,605389,1.54,13552,14305
SH,600456,-0.34,13550,13550
SH,688802,1.08,13535,292273
SZ,001301,-0.92,13535,18975
SZ,002048,-0.3,13512,15497
SH,688006,-0.97,13462,13462
SH,688143,5.08,13461,14166
SZ,301275,0.29,13439,18869
SH,688055,0.25,13433,13433
SH,600366,2.26,13430,13430
SZ,002979,-0.32,13409,19022
SH,603868,-0.92,13408,13408
SZ,002226,0.6,13377,13377
SH,600933,-1.44,13332,13998
SZ,002975,4.27,13329,20197
SH,688029,0.1,13313,13313
SZ,002534,0.69,13297,13467
SZ,000089,-1.66,13289,13289
SZ,002563,-1.3,13287,16218
SZ,300184,0.88,13277,14501
SH,600258,-1.24,13243,13243
SZ,300718,-2.02,13190,20039
SH,600064,-1.16,13185,13185
SH,600675,-3.53,13181,13181
SZ,002010,-1.64,13180,13212
SZ,300229,-3.51,13165,13174
SH,600416,-2.93,13149,13149
SZ,002153,-3.85,13134,22407
SZ,002507,-1.12,13119,13155
SH,600057,-1.41,13099,17772
SH,600575,-1.16,13097,24152
SH,688028,4.98,13074,13074
SZ,002645,3.5,13060,14460
SZ,002167,0.35,12989,13262
SZ,000711,7.07,12978,16093
SH,600167,-2.38,12966,12966
SH,600155,-1.51,12927,12927
SZ,300100,-0.46,12908,13404
SZ,002354,-1.97,12908,13137
SH,688222,4.27,12902,12902
SZ,002151,-1.35,12890,15804
SZ,300436,1.59,12879,15003
SH,600916,-0.9,12869,12869
SH,688107,2.95,12867,12867
SH,605099,-2.13,12853,12881
SZ,000620,-1.07,12847,16147
SH,688516,-0.21,12839,12839
SZ,000069,-3.62,12831,14950
SH,603707,0,12828,12828
SH,603800,1.89,12796,12796
SH,600113,0.98,12742,13044
SZ,002643,2.17,12739,12933
SZ,300166,-0.49,12735,16011
SH,600764,-2.23,12734,12734
SH,600529,-0.77,12715,12715
SZ,300457,-1.08,12697,12904
SH,600271,-2.69,12692,12692
SH,600821,-0.3,12689,12689
SZ,300409,0.22,12678,14245
SH,600063,2.86,12642,12642
SZ,300593,3.81,12630,15217
SZ,002372,-0.22,12628,13676
SH,603698,-0.16,12623,12623
SZ,301095,1.74,12617,14604
SZ,002792,10,12564,19481
SH,600338,1.93,12552,12552
SH,603031,1.15,12497,14860
SZ,300296,-1.63,12485,14618
SZ,000815,-2.12,12459,12459
SH,600285,-0.94,12451,12465
SZ,002901,-0.24,12451,17873
SZ,002755,1.9,12446,12447
SH,688059,1.65,12442,13294
SZ,000070,1.75,12431,12600
SH,600211,1.64,12419,12419
SH,605599,-3.67,12413,12413
SH,600850,-3.17,12407,12407
SH,688260,-3.34,12389,12389
SZ,002929,-0.09,12379,16369
SZ,002936,-1.67,12372,16002
SZ,002701,-0.2,12352,12364
SH,605507,2.67,12346,12346
SH,603888,-2.68,12343,12343
SH,603556,-6.23,12341,12341
SH,600776,-2.26,12332,16202
SH,600702,-2.64,12332,12337
SZ,301029,-0.21,12322,17300
SZ,300835,3.77,12322,17582
SZ,000592,-3.44,12314,12421
SH,688809,1.27,12281,61406
SH,688567,-1.56,12258,12258
SZ,002440,-0.68,12255,14556
SH,688202,11.36,12238,12238
SZ,000681,-2.15,12231,12673
SZ,300459,-2.61,12228,13079
SH,600116,-1.68,12219,12219
SH,600717,-1.85,12213,12213
SZ,002091,-1.03,12210,12403
SH,600827,-1.67,12210,13578
SZ,301626,0.67,12207,26835
SZ,000758,0.66,12174,12221
SH,600755,-0.34,12153,12184
SH,688116,-0.92,12151,12151
SZ,002399,0.52,12148,14291
SZ,300034,-1.18,12143,12616
SZ,301238,-0.23,12129,12129
SH,603757,10,12127,12127
SH,605118,1.23,12115,12186
SH,600589,-0.48,12094,12119
SH,601339,-1.22,12072,12072
SZ,301150,6.03,12065,12862
SH,688383,7.61,12051,12051
SH,688020,20,12044,12044
SZ,301015,2.1,12035,12037
SZ,002268,-3.91,12028,12033
SH,601107,-1.59,12003,16972
SZ,300133,-1.76,11998,13517
SZ,002698,9.98,11995,14531
SZ,920808,0.92,11993,12316
SH,688559,2.7,11984,11984
SZ,002617,0.95,11979,12181
SZ,301123,3.45,11972,17021
SZ,002745,2.09,11928,16638
SZ,000567,-1.91,11925,11962
SZ,300761,-0.42,11920,15835
SZ,002847,-2.13,11907,13193
SZ,300070,-1.41,11884,12540
SZ,300182,-3.3,11884,14012
SH,603267,0.04,11882,11882
SZ,002183,-2.55,11868,11868
SZ,000973,-1.36,11861,30138
SH,603991,2.05,11856,20222
SZ,301666,1.76,11850,194949
SZ,002096,0.1,11834,11834
SZ,001258,3.94,11825,11825
SH,603389,-2.4,11816,11816
SH,688382,6.89,11777,11777
SZ,002287,0.98,11773,11797
SH,603589,-1.39,11771,11771
SZ,300682,-2.64,11767,12303
SZ,002607,-2.29,11752,13075
SZ,000901,-1.27,11741,11742
SZ,002947,2.69,11720,15116
SZ,300769,-0.01,11717,13040
SZ,002779,-0.64,11716,13058
SH,601512,-1.13,11676,11676
SH,600986,-2.48,11661,11661
SH,603983,2.69,11653,11653
SZ,300726,0.95,11646,22367
SH,688660,-2.34,11640,11640
SZ,920116,2.79,11634,11634
SZ,002531,-2.1,11632,11698
SZ,300468,-7.41,11629,11648
SZ,000553,-2.9,11626,12441
SZ,002668,-1.1,11622,11622
SH,688321,4.98,11602,12602
SH,688306,-0.62,11595,11595
SH,601068,-0.87,11595,13531
SZ,002416,-2.66,11578,11724
SH,603297,-0.68,11555,11555
SZ,002597,-0.33,11549,11571
SZ,003036,1.86,11527,11528
SH,600420,0,11507,11507
SH,600162,0.28,11505,11505
SH,601992,-2.81,11501,14735
SZ,000801,-1.38,11501,11505
SH,600058,2.58,11491,11491
SH,603118,-1.28,11486,11486
SH,600461,-0.1,11455,11455
SZ,300357,0.94,11454,12393
SZ,300573,2.1,11451,14911
SZ,000839,-7,11446,11446
SZ,301293,0.78,11441,11441
SZ,002174,-0.84,11438,11444
SZ,002092,-1.1,11435,11500
SH,600216,0.42,11426,11549
SH,600315,-1.73,11421,11421
SZ,301047,6.18,11415,11611
SZ,000156,-2.88,11406,12433
SZ,003018,1.73,11403,12583
SH,603989,2.4,11401,11401
SZ,000990,1.82,11399,11399
SH,688016,0.93,11398,11398
SZ,301039,-2.11,11387,14693
SZ,000048,-0.41,11385,11405
SH,601222,-1.41,11370,11370
SH,600635,-2.48,11368,13876
SZ,002366,-4.05,11361,12777
SH,603927,-2.7,11344,11344
SH,688105,11.85,11322,11322
SZ,301071,4.15,11320,15399
SZ,001280,0.57,11317,134721
SZ,300775,-1.56,11313,11652
SZ,300674,-3.47,11304,11321
SZ,300428,0.26,11291,12971
SZ,002024,-1.6,11289,11303
SH,600268,-1.58,11282,11283
SZ,300302,1.63,11275,14651
SH,601952,-1.44,11272,11272
SZ,300146,-0.58,11252,16984
SH,601619,-0.64,11224,13428
SZ,002051,-0.64,11197,11198
SZ,000035,-2.41,11195,11558
SH,600859,-1.57,11193,11194
SH,600882,-0.76,11191,11191
SH,688508,9.12,11191,11191
SZ,002741,8.62,11168,12170
SZ,002654,6.04,11132,11133
SZ,300607,0.18,11104,15692
SH,603601,0.21,11104,11104
SZ,300601,0.82,11102,13772
SZ,002258,-2.86,11100,11118
SZ,002544,-2.15,11098,11100
SH,603040,1.38,11096,11155
SZ,002413,-1.49,11089,11294
SZ,300204,2.13,11074,13214
SH,688090,7.27,11055,11055
SZ,300065,-0.29,11036,12122
SH,603185,-1.63,11027,11093
SH,603281,-0.08,11005,11005
SZ,300638,-3.21,10996,18642
SZ,002083,-0.59,10990,10990
SH,600619,-2.1,10962,14909
SH,688198,-0.15,10958,10958
SZ,300827,-1.37,10953,13967
SH,603906,-0.96,10939,15371
SZ,300376,-2.88,10939,10943
SZ,002838,0.31,10936,12438
SZ,000099,-1.94,10923,10923
SZ,002297,1.76,10918,10918
SH,600612,-1.7,10909,17995
SZ,002182,-1.32,10905,12497
SZ,301486,2.57,10902,19259
SZ,002011,-1.33,10902,11035
SH,688182,4.69,10896,10896
SH,603093,-0.93,10896,13684
SZ,000767,-1.83,10892,11508
SH,688063,-0.59,10887,10887
SZ,002246,-0.59,10882,10882
SZ,002539,1.58,10864,14746
SZ,002139,-0.58,10861,12643
SH,600559,-1.49,10849,10849
SZ,002217,-1.96,10846,11144
SH,603328,10.04,10833,10833
SZ,002348,1.1,10824,11898
SH,603393,-1.15,10810,10810
SH,688153,-0.41,10801,11115
SZ,301338,4.57,10798,14820
SH,600572,0.47,10785,10814
SH,603713,0.28,10772,10772
SZ,300077,0.96,10760,12884
SZ,300315,-2.3,10750,11453
SH,688319,1.46,10739,10739
SH,600908,-1.64,10736,11785
SZ,000949,0,10734,10737
SZ,002310,-1.6,10734,14638
SH,603124,7.38,10733,20155
SZ,002373,-2.74,10731,12310
SH,600006,-1.82,10720,10720
SZ,000810,-1.52,10717,11099
SH,603992,-2.22,10691,10691
SZ,000700,-0.25,10667,10667
SZ,002897,1.89,10663,11210
SZ,000998,-1.69,10660,11917
SZ,300185,-1.41,10655,11180
SH,603693,-2.04,10635,10635
SZ,000028,-0.87,10633,12379
SH,688663,0.17,10630,10630
SZ,002839,-1.58,10598,10608
SH,601801,-2.51,10592,10592
SZ,301188,3.07,10592,10592
SH,600367,4.32,10577,11206
SH,688359,7.63,10566,10566
SZ,300139,-1.79,10564,12388
SH,603099,0.08,10562,10562
SZ,300777,-0.36,10557,10773
SZ,002583,-3.51,10557,14967
SZ,002254,0.4,10547,10559
SZ,000899,-1.27,10537,10537
SH,603220,-3.19,10534,10534
SH,600395,-3.15,10518,10518
SZ,002439,-1.69,10514,17481
SZ,002931,2.17,10508,11334
SZ,301207,0.34,10505,10512
SH,600184,0.73,10501,10501
SH,601163,-1.42,10496,10496
SH,688698,-0.82,10496,10496
SH,600773,-1.16,10486,10486
SZ,002655,3.45,10479,10500
SH,600509,-0.9,10473,10473
SH,601022,-1.35,10469,10469
SZ,000555,-3.75,10468,10480
SH,600248,-2.07,10450,10473
SZ,002003,-1.82,10446,12150
SH,603859,-1.92,10427,11351
SZ,301021,4.54,10416,10427
SH,600480,-1.14,10409,10487
SZ,002276,-1.52,10403,10444
SH,600446,-3.4,10392,10392
SZ,300353,-1.68,10375,11812
SZ,000690,-1.23,10372,10379
SH,688160,0.12,10337,10337
SH,603011,1.31,10328,10328
SH,601900,-0.75,10319,10319
SZ,002081,-2.49,10313,10356
SZ,002565,-1.61,10303,10303
SH,603303,5.73,10297,10297
SZ,000828,-0.59,10291,10291
SZ,002385,-1.97,10287,12771
SH,603218,-0.88,10279,10288
SZ,301127,5.51,10274,10583
SZ,001399,-0.07,10269,176664
SH,600376,-2.68,10267,10267
SZ,000061,-2.55,10263,11354
SZ,300684,4.05,10249,15005
SZ,300331,3.08,10245,11976
SZ,301267,-0.99,10239,13264
SH,603235,-1.34,10235,10235
SH,603619,-1.37,10227,10227
SH,600326,-0.39,10205,10205
SZ,002181,-4.15,10188,10426
SZ,002204,-1.3,10178,10178
SZ,300913,-0.16,10171,12196
SZ,002842,2.43,10169,12393
SH,600123,-1.28,10165,10165
SH,688662,5.73,10163,10163
SZ,300009,0.73,10162,13800
SZ,000510,3.66,10130,10831
SH,605318,-0.2,10126,10126
SH,603052,1.45,10120,10120
SZ,300618,9.5,10115,11496
SZ,300008,-1.75,10114,10610
SZ,300049,0.42,10103,11418
SH,601882,-0.66,10101,10101
SZ,002020,2.2,10099,12011
SH,688275,-0.61,10091,10091
SH,688068,4.32,10081,10081
SZ,002338,-0.44,10075,10075
SZ,300951,-1.09,10071,11269
SZ,002043,-1.41,10070,10347
SH,600507,0.23,10062,10062
SZ,300580,-2.46,10061,10694
SH,600993,-0.16,10061,10078
SZ,300863,3.78,10060,10472
SZ,000727,-1.76,10056,10056
SZ,300026,0,10054,10064
SZ,000837,0.2,10054,10211
SZ,002984,-1.46,10052,14591
SH,600360,0.87,10045,10045
SH,603936,10.01,10042,10280
SH,600391,-3.42,10036,10036
SZ,301031,-0.83,10026,12753
SH,600363,0.23,10023,10023
SZ,002815,3.62,10017,15908
SH,688138,1.5,10017,10017
SH,600728,-3.29,10002,10002
SZ,300693,2.17,9988,11620
SH,600458,-0.51,9987,10942
SH,600383,-3.06,9977,9977
SH,601005,0,9976,11531
SZ,300244,1.43,9974,12431
SZ,002031,-1.69,9970,11459
SH,603533,-1.72,9967,9967
SZ,301087,-0.76,9963,12116
SZ,300328,-0.33,9962,10011
SH,688378,2.81,9959,10805
SZ,002387,-0.69,9946,9959
SH,600662,-2.01,9927,9956
SH,601949,-3.51,9920,9920
SH,600787,-1.5,9917,9917
SH,688797,1.16,9905,52692
SZ,002891,-0.83,9902,9902
SH,688584,0.31,9897,19293
SZ,300304,0.35,9895,10169
SZ,000917,-1.4,9880,9880
SZ,920045,3.56,9877,33403
SH,600163,-1.32,9877,9877
SH,603341,0.93,9872,19294
SZ,301183,2.26,9863,13454
SH,600718,-2.24,9859,9859
SZ,002978,-0.36,9845,12583
SZ,000403,-0.56,9821,9922
SH,603027,-2.24,9808,9808
SH,603300,-2.57,9796,9796
SZ,300377,-2.27,9790,10642
SZ,002063,-3.14,9783,10593
SZ,002169,0.47,9779,10089
SH,605060,1.72,9770,9838
SZ,300378,-2.02,9754,9828
SZ,000795,0.81,9723,9723
SZ,300007,-0.88,9716,11244
SZ,300303,0.97,9712,10357
SH,605006,2.91,9706,9706
SZ,002705,-2.43,9700,9751
SZ,301091,0.93,9697,9697
SZ,002832,-2.76,9697,14211
SH,600971,-2.17,9696,9696
SH,600033,-1.66,9688,9688
SZ,002100,0.85,9680,9680
SZ,300005,1.66,9677,9756
SH,601038,-2.21,9673,14855
SZ,300263,3.01,9667,10257
SZ,000065,-1.4,9660,10534
SZ,300415,-1.47,9642,9971
SH,688032,-1.19,9628,9628
SH,688726,-0.99,9619,17729
SZ,002922,0.91,9610,10772
SH,600373,-2.59,9593,9593
SH,600037,-2.54,9589,9589
SH,600666,-2.29,9558,10510
SH,688209,0.73,9556,9556
SZ,300486,0.65,9554,9557
SH,688371,5.21,9554,9554
SZ,300188,-7.31,9539,9583
SH,688351,0.35,9516,9516
SZ,002361,0.51,9514,11184
SZ,002647,-3.19,9513,10591
SH,603360,-0.65,9513,9513
SH,600072,-1.78,9512,13176
SZ,300596,3.1,9498,9706
SZ,300624,-0.65,9491,10717
SZ,301382,-2.11,9487,11464
SZ,000410,-1.42,9481,12742
SH,688543,-1.22,9481,9481
SH,601003,-5.86,9457,9720
SZ,002937,1.39,9449,9474
SZ,000049,-0.52,9448,9451
SZ,300480,7.75,9431,12924
SH,603538,2.19,9430,9515
SZ,301090,-2.28,9429,9438
SH,603103,-1.64,9424,9424
SZ,301381,-0.85,9418,9426
SZ,002967,-1.49,9417,10957
SZ,300277,-0.8,9407,18639
SZ,000600,-1.02,9407,15562
SH,688231,3.01,9405,9405
SH,601886,-1.18,9404,9404
SH,601811,-1.24,9400,14646
SH,600094,-5.14,9398,10276
SH,603323,-1.16,9392,9392
SH,603125,0.87,9392,9392
SH,605123,-1.65,9392,9392
SZ,300113,-1.22,9381,12425
SH,600757,-0.5,9380,9382
SH,603599,-1.14,9376,9376
SZ,300363,11.04,9371,10276
SH,601200,-1.13,9370,9370
SZ,300687,0.43,9350,11370
SH,603327,-2.29,9346,9346
SH,605255,-1.05,9345,9345
SH,688227,0.43,9343,9343
SH,600198,-1.5,9335,9347
SZ,300118,-0.68,9333,11480
SZ,001308,-1.28,9331,13483
SH,603100,-1.02,9320,9350
SZ,000401,-2.47,9315,9403
SZ,000552,-3.46,9315,13380
SH,603883,-0.96,9312,9312
SZ,000923,0.68,9299,9667
SZ,002961,-1.81,9286,9286
SH,688697,3.13,9277,9277
SH,688611,1.09,9277,9277
SZ,002289,0.27,9273,9470
SZ,002541,-1.21,9259,12876
SH,600936,-5.77,9257,9257
SZ,002426,-1.8,9255,9255
SZ,000676,-1.99,9254,9259
SH,688327,-2.03,9242,11513
SH,600597,-2.04,9222,9222
SZ,000516,0.48,9216,9359
SH,600328,-0.94,9208,9208
SZ,301078,-2.27,9184,9194
SH,601311,-1,9174,9174
SZ,300382,1.36,9174,9175
SZ,000031,-4.45,9173,9173
SH,605016,0.41,9169,9169
SZ,300420,1.36,9165,9166
SZ,000950,0.19,9163,9163
SZ,002173,2.93,9162,9607
SZ,301216,0.54,9160,9759
SH,688165,0,9152,9152
SH,603583,-1.23,9147,9231
SZ,002208,0,9147,9149
SZ,000420,-1.58,9144,9147
SZ,301177,-1.96,9140,9146
SH,605179,5.17,9135,9135
SH,603690,0.93,9118,9118
SZ,002061,-1.4,9097,9251
SH,688262,0.56,9089,9089
SH,600269,-1.51,9085,9085
SZ,300042,1.93,9081,9082
SZ,002345,-2.24,9063,9285
SZ,001914,-1.25,9062,9062
SH,601860,-1.53,9057,9336
SH,601528,-2,9056,9575
SH,603057,-1.51,9052,9120
SZ,002511,-1.23,9045,9160
SH,600556,-4.02,9039,9039
SZ,002293,-2.5,9033,9109
SZ,000006,-2.04,9031,9031
SZ,002062,1.01,9031,9935
SZ,002993,0.88,9025,10448
SZ,002170,-1.2,8985,11053
SZ,001227,-2.28,8983,12132
SZ,000536,-2.1,8980,8990
SH,688128,-1.19,8976,8976
SH,688325,0.16,8959,9427
SH,600307,-2.71,8957,8957
SZ,000823,5.17,8948,8948
SZ,301363,1.9,8948,13643
SZ,002283,-0.1,8935,10153
SH,600133,-0.23,8935,8935
SH,600649,-3.23,8921,8921
SZ,300483,0.43,8921,8927
SH,600645,1.06,8920,8924
SH,603915,0,8911,9063
SZ,002119,2.73,8909,8909
SH,688139,-0.17,8903,8903
SZ,300855,3.69,8900,12016
SZ,301345,0.53,8898,27698
SH,688289,0.2,8894,8894
SH,600740,-4.13,8891,8891
SH,688035,2.46,8890,8890
SH,603319,-0.82,8879,8879
SZ,300740,-0.4,8873,9547
SH,688677,2.71,8872,8872
SH,603169,-2.86,8857,8857
SH,688190,-0.27,8852,8852
SH,600273,-2.02,8851,8851
SZ,002368,-3.31,8851,8894
SZ,002703,-7.64,8849,12422
SZ,300634,-3.27,8846,9191
SZ,301196,3.35,8844,13472
SH,600481,-0.92,8835,8835
SH,688076,1.09,8814,8814
SH,688456,2.42,8811,8811
SZ,300725,8.33,8810,10161
SH,605298,0.02,8808,8883
SZ,000848,-1.79,8807,8884
SH,688261,1.02,8807,8846
SZ,000656,-2.51,8801,12283
SH,688485,6.42,8792,8792
SZ,000818,-1.39,8787,8811
SZ,002115,-0.24,8776,9467
SZ,002053,-0.62,8747,8747
SH,600929,-2.9,8742,8742
SH,600185,-2.31,8728,8728
SH,688507,-1.31,8715,15772
SZ,920186,1.47,8712,16656
SZ,301606,-1.6,8686,21841
SH,600782,-2.12,8682,8788
SZ,002075,-3.65,8666,8666
SH,600389,-3.26,8660,8660
SZ,300846,-1.13,8652,10484
SH,603626,-0.56,8651,8651
SZ,301357,-1.55,8650,8650
SZ,002350,-0.42,8648,8840
SZ,300772,-1.73,8647,9749
SH,603508,-1.98,8643,8643
SZ,002458,-0.77,8639,12795
SZ,300766,-2.1,8637,9525
SH,688083,-1.31,8632,8632
SH,688161,0.09,8616,8616
SH,688239,0.42,8612,8612
SH,600508,-2.63,8590,8590
SZ,002233,-3.93,8589,8595
SH,600020,0,8585,8585
SZ,002099,0.57,8569,8579
SH,605305,0.47,8562,8562
SH,600997,-3.05,8558,8558
SZ,002985,-1.33,8542,8565
SZ,300101,0.8,8529,8558
SH,688486,0.77,8523,8523
SH,600973,0.81,8516,8516
SH,603809,-1.69,8513,8513
SZ,300145,0.91,8503,8545
SZ,002019,0.4,8493,12261
SH,688783,1.84,8489,127473
SZ,000593,4.09,8478,8482
SH,603995,2.06,8476,8476
SH,603890,1.07,8472,8472
SH,600129,0.72,8470,8470
SZ,301013,-1.29,8455,10444
SH,605168,1.39,8447,8447
SZ,300181,0.14,8447,9826
SZ,002626,-0.28,8440,8442
SZ,300130,-4.65,8440,11028
SZ,002392,-1.08,8439,8679
SZ,300053,-0.3,8435,9031
SZ,000980,-3.46,8421,8421
SH,600399,0,8421,8421
SH,688112,2.47,8419,8419
SZ,300497,1.92,8417,10019
SZ,300440,0.53,8413,8445
SZ,000829,-3.41,8398,8406
SH,603013,-1.42,8396,8396
SH,600640,-2.29,8390,8390
SH,603919,-2.06,8385,8385
SZ,301109,-1.24,8384,10598
SZ,002579,3.09,8378,8797
SZ,002039,-0.85,8376,8376
SH,600478,-1.19,8368,8368
SZ,001232,6.92,8357,105029
SZ,000751,-0.18,8353,8353
SZ,000550,-1.76,8352,13906
SZ,002980,4.29,8348,15529
SH,603459,10,8346,79581
SZ,000761,-3.84,8344,9244
SH,603219,1.16,8342,8342
SH,600567,-1.48,8326,8326
SH,603612,-0.7,8323,8323
SZ,000712,-2.3,8321,8324
SZ,002332,-0.23,8310,8349
SH,688586,-2.04,8309,8309
SZ,002928,-2.54,8296,8296
SH,601089,0.58,8280,8280
SZ,300322,-2.13,8276,8644
SH,603227,0.78,8273,8273
SZ,301176,11.7,8267,8519
SZ,002585,1.19,8265,10637
SZ,300529,-9.59,8255,12866
SH,688739,0.3,8253,8350
SH,688758,5.21,8251,11524
SZ,002004,0.23,8249,8672
SH,600686,-2.78,8246,8246
SH,600266,-3.16,8241,8241
SH,601929,-3.66,8236,8236
SH,600812,0.84,8236,8236
SZ,002190,-2.29,8215,8215
SZ,002292,-1.09,8214,11933
SZ,301080,20,8213,10857
SH,600017,-1.83,8212,8212
SZ,002639,-1.57,8206,9690
SH,600693,-1.14,8203,8211
SZ,003009,0.24,8201,8203
SZ,002759,-1.91,8195,8203
SZ,300938,1.28,8195,9442
SH,603163,1.69,8190,8190
SH,605116,2.28,8189,8189
SH,688337,0.57,8188,9631
SH,688605,0.94,8170,15259
SZ,002718,1.51,8156,11233
SH,603680,-1.78,8151,8151
SH,603496,-1.95,8149,8149
SH,688091,1.54,8146,8171
SH,603608,0.26,8139,8139
SZ,002239,-1.18,8133,8749
SZ,301086,6.56,8119,14648
SH,688789,-2.68,8099,8099
SH,605222,-0.85,8097,8097
SZ,000533,-2.55,8089,8159
SZ,300790,-0.5,8080,9196
SZ,300741,-0.75,8074,8074
SH,601890,-1.05,8059,8059
SH,603112,-1.17,8030,8110
SH,688669,4.42,8027,8027
SZ,002216,-0.92,8026,11192
SZ,002488,-3.85,8023,8680
SH,600055,-0.86,8022,8022
SH,688277,-0.91,8014,8014
SH,600751,-2.8,8003,9017
SZ,002251,-2.16,8001,9679
SZ,002346,0.99,7995,9004
SZ,002212,-6.92,7993,8079
SH,600639,-1.87,7984,10539
SZ,300035,-1.43,7980,9377
SZ,002017,-5.16,7976,7981
SZ,002706,-3.1,7973,9794
SZ,300072,-2.83,7973,8036
SH,603687,0.28,7964,7964
SZ,002221,-3.36,7962,8590
SH,600935,-1.72,7962,8160
SZ,300576,5.35,7953,12635
SZ,002721,1.7,7952,7952
SZ,301228,-0.32,7949,7986
SH,603399,-1.14,7946,7946
SH,603033,-1.62,7928,8074
SH,688252,2.22,7927,7927
SH,601828,-0.89,7911,9535
SH,688439,-0.54,7910,7910
SZ,000869,0.12,7901,11410
SZ,000860,-1.92,7900,7900
SZ,002277,-2.57,7891,7891
SZ,300527,-1.51,7890,7890
SZ,002515,0.7,7889,8668
SH,600962,-1.4,7887,7887
SH,601595,-2.7,7884,7884
SZ,002267,-1.11,7873,7873
SH,603053,-0.89,7858,7858
SH,600545,0.92,7849,7849
SZ,002125,-1.18,7825,7825
SZ,300499,2.89,7822,8797
SH,688381,2.5,7821,7821
SH,600722,6.88,7817,7817
SH,605100,0.77,7815,7852
SH,688416,2.36,7807,7807
SZ,000566,2.74,7793,7797
SZ,002941,-2.19,7786,7786
SZ,002516,-1.29,7784,7840
SZ,002737,1.91,7779,7779
SZ,000859,-2.57,7777,7777
SH,600502,-1.51,7776,7776
SZ,002023,1.54,7767,7838
SZ,002960,-2.07,7765,8451
SZ,002079,0,7762,8694
SZ,300327,0.44,7760,7817
SZ,300516,-0.57,7754,7754
SZ,301327,-1.63,7753,7753
SH,688050,-0.21,7747,7747
SZ,002041,-3.71,7744,7744
SZ,002342,-1.45,7743,7786
SH,688480,2.19,7742,7742
SH,603181,-0.67,7736,7736
SZ,300416,0.92,7728,7781
SH,605333,-1.76,7726,7726
SH,601718,-1.66,7719,7719
SZ,002386,0.17,7717,7719
SH,600618,-1.99,7716,11899
SZ,002446,2.48,7706,8321
SH,605488,-0.98,7703,8373
SZ,002097,-2.3,7701,7716
SZ,002150,0.8,7697,7748
SH,603223,-1.26,7693,7693
SZ,002030,-1.61,7691,7691
SH,600075,-1.95,7685,7685
SH,688155,-0.83,7680,7680
SZ,300294,-1.09,7680,7680
SZ,002309,-1.23,7676,9594
SZ,300770,-1.8,7674,7674
SZ,300641,-0.6,7673,7673
SZ,002761,-2.2,7670,9393
SH,688515,0.14,7663,12306
SH,688011,5.88,7662,7688
SH,600587,-0.7,7662,7662
SH,600746,-0.75,7649,7649
SH,603477,0.2,7646,7839
SZ,301498,1.07,7645,17072
SH,601686,-1.33,7633,7633
SZ,002036,-2.94,7631,7646
SH,688326,-2.25,7628,8196
SH,688622,-2.13,7625,7625
SZ,002471,-1.56,7607,7747
SZ,002214,-2.68,7607,9519
SH,688710,7.65,7604,11820
SH,688678,5.43,7599,7599
SZ,301369,2.43,7598,14172
SZ,301189,0.95,7584,7858
SH,600736,-1.93,7576,7576
SH,688628,1.91,7574,7574
SZ,301571,5.55,7568,11395
SH,600846,0.41,7560,7560
SH,688305,-1.3,7553,7573
SZ,003013,3.14,7546,8639
SH,603043,-1.82,7542,7607
SH,605007,-2.98,7536,7555
SZ,300180,-3.07,7536,7749
SZ,300031,0.38,7531,8961
SH,688093,0.71,7528,7528
SH,600335,-1.55,7512,7512
SH,603045,2.23,7505,7505
SZ,301326,13.12,7495,7561
SH,688087,-0.34,7491,7768
SZ,301263,2.09,7486,10493
SZ,000012,-1.79,7485,11622
SZ,002110,-2.83,7482,7482
SH,600917,-1.23,7462,7462
SZ,002782,1.8,7461,7551
SH,600861,-2.94,7461,7461
SZ,300834,-3.56,7459,7526
SH,688177,2.45,7453,7453
SZ,002434,-1.72,7448,7456
SH,600305,-1.88,7445,7457
SH,603977,-0.49,7442,7442
SH,605167,-1.87,7440,7440
SZ,300939,3.49,7439,7439
SH,601908,-0.31,7437,7437
SZ,002106,1.05,7437,7446
SH,603166,0.09,7432,7490
SZ,300986,4.7,7427,7433
SH,600789,-0.13,7426,7682
SH,688221,3.93,7424,7424
SZ,002730,-0.78,7415,7759
SZ,300595,-0.71,7414,9929
SH,605133,-0.63,7406,7488
SZ,000628,-2.08,7399,13559
SZ,300401,0.8,7397,7518
SH,603931,1.7,7388,7388
SZ,301232,3.61,7387,12425
SZ,300168,-3.2,7383,7390
SZ,301510,-0.48,7378,10689
SZ,002588,-1.26,7367,9883
SZ,300482,0.06,7367,8018
SZ,002533,-0.77,7366,8367
SH,603279,-1.61,7360,7360
SH,603211,3.45,7339,7339
SZ,300895,-1.77,7337,7477
SH,601700,-10.05,7334,7334
SZ,002275,0,7331,7732
SZ,002077,0.32,7330,7330
SH,600866,-0.44,7327,7327
SH,688049,-0.51,7324,7324
SZ,002215,-0.76,7313,9089
SZ,002971,10.01,7306,9558
SZ,300191,1.6,7293,10550
SH,605128,0.87,7291,7291
SH,600903,-1.56,7287,7287
SH,600797,-3.26,7285,7285
SH,603055,-1.67,7283,7309
SH,688328,4.22,7274,7274
SH,603050,-1.73,7272,7272
SH,600724,-1.56,7268,7270
SZ,000402,-3.18,7262,7263
SH,600117,-3.45,7259,7259
SZ,300842,0.59,7254,8162
SH,688179,3.46,7247,7247
SZ,000059,-1.08,7245,7245
SZ,300276,-1.72,7220,9569
SH,688108,-1.13,7218,7218
SZ,000928,-1.56,7216,7216
SH,688626,1.49,7216,7216
SH,600657,-3.43,7215,7215
SH,600059,-1.73,7201,7201
SZ,920982,1.86,7201,14939
SZ,002121,-1.91,7199,8530
SZ,000503,-2.77,7197,7198
SH,688176,1.21,7187,7187
SH,600078,0.18,7182,7337
SH,688418,0.87,7182,7182
SH,601579,-2.53,7178,7178
SH,600449,6.46,7173,7173
SH,601226,-1.58,7171,7171
SH,688556,-0.11,7170,7170
SZ,300298,-0.98,7168,8910
SZ,000498,-1.58,7160,7669
SZ,002034,-1.27,7157,7187
SZ,002324,-0.96,7157,10256
SZ,300337,-0.09,7143,8252
SZ,301248,1.85,7131,9757
SH,600125,-0.9,7128,7128
SZ,002681,-2.98,7124,8148
SH,600590,-1.28,7120,7198
SZ,002006,-1.07,7116,7116
SZ,000544,-0.94,7115,7115
SZ,301069,-0.35,7114,7554
SH,688621,5.03,7112,7112
SZ,000650,0,7096,7462
SZ,002733,0.73,7093,7388
SH,601388,0,7088,7088
SH,688488,4.21,7086,7086
SH,600611,-7.35,7082,10709
SZ,300400,12.01,7081,7105
SH,600400,0.32,7080,7080
SH,600708,-2.44,7076,7087
SZ,002108,-1.14,7070,7072
SH,600557,1.55,7066,7066
SH,688312,2.12,7058,7058
SH,603299,-1.08,7056,8631
SZ,300171,2.53,7056,9603
SZ,002315,-2.57,7049,11057
SZ,300768,-3.56,7046,10784
SZ,002734,0.37,7041,7713
SH,688290,0.66,7036,7036
SH,601096,-3.38,7032,11450
SZ,300739,3.71,7029,8664
SZ,001298,-0.28,7012,7444
SZ,301489,2.77,7012,11719
SZ,000756,-1.67,7010,9788
SH,601330,-1.38,7003,10129
SZ,000595,-1.75,7003,7003
SZ,000030,-1.17,7001,7206
SZ,002448,-1.87,6978,7073
SH,600510,-1.88,6976,6976
SZ,300492,-1.66,6976,6976
SH,600252,-0.44,6973,6973
SZ,300222,0.56,6971,8362
SH,688699,5.5,6944,6944
SZ,300852,3.37,6942,7191
SZ,300540,-0.14,6938,7638
SZ,002935,-0.11,6936,7087
SZ,920029,-1.25,6935,7127
SH,688191,0.52,6934,6934
SH,688563,-1.44,6933,22985
SH,688293,10.03,6930,8411
SZ,002650,-0.15,6930,6930
SZ,300174,-0.2,6922,6960
SZ,000813,0.3,6919,6920
SZ,300348,-3.75,6917,7693
SH,600748,-3.59,6917,6917
SZ,002093,-2.96,6911,6911
SZ,301392,7.6,6908,16933
SH,600654,0.34,6906,8479
SH,605011,-2.37,6906,6906
SZ,002284,-1.04,6890,6955
SZ,300868,2.33,6888,10847
SZ,301191,0.42,6886,9133
SH,600771,-0.56,6882,6882
SH,688550,-0.14,6879,6879
SH,603128,-1.12,6859,6859
SH,605098,1.57,6859,6859
SZ,920394,0.75,6857,6907
SH,603660,10,6852,6852
SH,600730,0.86,6852,6852
SZ,002796,3.12,6852,7594
SZ,301215,-1.88,6850,6858
SH,603778,-1.47,6846,7029
SH,688631,-1.8,6846,6846
SZ,002881,-1.93,6843,11294
SH,603311,-0.71,6843,6843
SH,600810,-1.55,6841,6903
SZ,002445,-3.33,6839,6868
SZ,300080,-2.13,6829,6838
SZ,300045,-1.26,6826,8761
SZ,000601,-1.95,6823,6927
SZ,300265,-0.54,6813,6818
SZ,300685,0,6806,6815
SZ,002219,-0.94,6805,7180
SH,603065,2.92,6800,6800
SH,600169,-0.96,6800,6800
SH,688062,4.13,6797,13187
SZ,002546,-0.92,6794,7073
SH,600925,-1.62,6794,29140
SZ,300872,-3.35,6791,7854
SH,603580,-3.29,6786,6786
SH,605365,-1.52,6782,6782
SH,688518,1.43,6782,6782
SZ,300997,-1.31,6775,7468
SZ,002631,8.11,6769,6801
SH,600874,-0.53,6767,8637
SH,603866,-1.85,6767,6767
SZ,300341,-1.42,6756,6783
SZ,000777,-1.99,6752,6752
SZ,000755,-1.91,6750,6750
SH,688365,-2.4,6740,6740
SZ,301061,-0.02,6739,10144
SH,600770,-1.32,6734,6734
SZ,002421,-2.32,6731,7125
SZ,002664,4.76,6731,6825
SZ,300678,-2.77,6730,6849
SH,600987,-1.19,6727,6727
SH,688788,0.39,6725,6725
SH,601015,-8.09,6720,6720
SH,600468,-4.33,6711,6711
SZ,300153,-1.25,6710,6746
SH,688478,4.21,6708,6708
SZ,002256,-1.47,6708,6795
SZ,002537,-3.37,6697,6715
SH,605598,-0.5,6690,6690
SZ,002955,-0.77,6687,8088
SH,603367,0.41,6683,6683
SH,600828,-1.78,6666,6668
SH,600158,-1.97,6659,6659
SZ,000589,0.7,6655,6699
SZ,300252,0.59,6649,8142
SH,600525,2.44,6647,6647
SZ,002785,-0.54,6643,7780
SZ,002242,-3.1,6642,6654
SZ,000968,-1.43,6637,6637
SZ,300109,-1.07,6634,7395
SH,600325,-4.73,6633,6633
SZ,002135,-1.39,6629,7084
SZ,301291,-1.83,6628,12739
SZ,000631,-1.02,6624,6624
SZ,002690,0.07,6619,13463
SZ,001314,0.06,6618,7607
SZ,300137,3.48,6615,6697
SH,603466,-2.53,6609,6609
SH,688787,-1.23,6607,6607
SH,603071,-1.24,6601,6601
SH,603517,-1.35,6599,6599
SZ,301286,0.54,6595,16360
SH,600775,-1.5,6591,8965
SZ,002014,-0.35,6587,6695
SH,600195,-1.37,6586,6586
SZ,002104,-6.96,6561,7749
SZ,002438,-3.11,6560,7100
SH,600429,-2,6559,6579
SH,600422,-1.02,6555,6555
SZ,301050,-0.98,6554,7695
SH,600713,-0.19,6552,6645
SZ,002052,-2.55,6549,7148
SH,603567,8.23,6548,6553
SH,603990,3.62,6548,6548
SH,600894,-1.01,6543,6574
SH,688818,-0.21,6539,86030
SZ,000597,1.31,6539,6621
SZ,300444,-1.97,6538,8384
SZ,002467,-1.64,6533,6574
SZ,002163,-2.51,6525,6861
SZ,002057,1.41,6524,6529
SH,605178,1.03,6523,6523
SH,603200,-1.71,6517,6517
SZ,300976,0.61,6514,10128
SH,603229,1.29,6510,6510
SZ,000058,-2.93,6509,8138
SH,688708,-1.71,6509,18262
SH,600496,-0.6,6508,6508
SZ,000551,-0.66,6498,6500
SZ,002550,0.44,6495,8831
SZ,000008,-2.04,6492,6492
SH,688352,11.59,6489,21067
SH,688577,-1.25,6484,6484
SZ,002970,-3.96,6484,9436
SZ,300343,-3.33,6483,6496
SZ,002810,-1.7,6482,6983
SZ,301209,-1.01,6478,7583
SZ,002437,8.45,6468,6868
SH,600488,1.02,6464,6464
SZ,002840,-1.81,6461,6506
SH,600103,-2.33,6460,6543
SH,688079,4.38,6458,6571
SZ,000989,2.54,6442,7943
SH,600682,-0.35,6437,7439
SH,603861,-1.29,6433,6578
SZ,300996,-5.01,6426,7635
SZ,002943,4.04,6423,9075
SZ,301182,7.3,6423,7043
SH,600310,-2,6420,6420
SH,600966,-2.23,6417,6417
SZ,002042,-1.81,6412,6412
SZ,300819,2.04,6409,7096
SH,601515,0.3,6408,6408
SZ,002885,0.52,6406,7315
SZ,300324,-2.85,6395,6461
SH,600683,-2.37,6393,6393
SH,688610,4.07,6389,10614
SZ,300358,0.67,6386,6479
SZ,300435,-2.25,6385,6677
SH,605366,-2.47,6384,6384
SZ,301137,-3.93,6380,6380
SH,603277,-2.23,6378,6399
SH,688230,1.79,6370,6370
SH,605188,-1.02,6367,6367
SZ,300815,-1.08,6363,6497
SZ,002140,-1.63,6363,6372
SZ,300284,-2.92,6363,6706
SZ,300598,-3.86,6362,6364
SZ,300700,4.07,6358,7103
SZ,001391,-1.64,6351,51033
SZ,301522,-0.77,6347,8527
SH,603969,-0.66,6336,6484
SH,601500,-0.49,6332,6357
SH,600368,-0.24,6310,6310
SZ,003043,0.6,6309,9665
SZ,300127,1.87,6301,8822
SH,603197,-1.64,6294,6380
SZ,300909,0.87,6289,8424
SZ,300143,2.03,6284,7346
SZ,002470,-2.04,6276,6276
SZ,000905,-1.73,6276,13048
SZ,301678,0.16,6262,10794
SH,603489,-0.1,6260,6260
SZ,300900,0.66,6250,7977
SH,600604,-3.05,6249,8317
SH,603336,0.79,6245,6245
SZ,000090,-2.33,6241,6241
SH,603867,-0.23,6240,6292
SZ,301366,20,6239,11175
SZ,300983,0.39,6235,7050
SH,688276,1.07,6230,6230
SH,600501,-2.14,6225,6225
SH,600643,-3.92,6218,6229
SH,603108,-2,6203,6203
SZ,300164,-1.38,6194,6249
SZ,300566,8.46,6191,7158
SH,603123,-5.75,6190,7580
SZ,000722,-1.18,6183,7610
SH,603213,-1.27,6180,6180
SH,600313,-4.19,6169,6620
SZ,000026,-1.04,6165,6861
SH,603068,-2.37,6164,6164
SZ,300128,2.37,6163,6171
SZ,002527,-0.59,6162,7725
SZ,300221,4.8,6159,6315
SZ,000572,-2.59,6158,6167
SZ,002965,2.99,6158,8582
SZ,000524,-1.6,6157,6159
SH,688095,-4.55,6151,6151
SH,688799,4.55,6147,6147
SZ,002605,-1.35,6139,7579
SH,688685,-3.19,6138,6138
SH,603368,-0.38,6137,6137
SZ,002213,1.23,6135,7051
SZ,301328,1.54,6135,8488
SH,688232,-1.85,6131,6131
SZ,301155,6.92,6130,10811
SH,688499,0.11,6128,6128
SH,605005,-0.64,6127,6127
SH,688598,3.9,6126,6246
SH,600203,-0.66,6126,6126
SH,603010,-0.92,6102,6254
SH,600829,1.64,6100,6100
SH,600975,-1.8,6098,6098
SH,688069,1.09,6090,6090
SZ,002127,-1.6,6084,7487
SH,603383,-2.65,6079,6079
SH,688109,1.1,6076,6076
SZ,300226,-2.81,6074,6318
SH,600370,-1.3,6074,6074
SH,600851,3.66,6061,9910
SZ,002302,-5.5,6059,6059
SH,600897,-1.28,6054,6054
SZ,300985,2.95,6050,6050
SZ,002519,-2.16,6046,6094
SZ,000541,-1.2,6042,7541
SH,605056,-0.32,6039,6129
SH,603776,0.23,6036,6036
SZ,002067,0.22,6033,6652
SZ,300981,6.09,6029,6579
SH,600841,-1.53,6018,8008
SZ,000908,0.15,6018,12035
SH,688757,2.82,6017,13390
SH,600108,-3.12,6016,6016
SZ,300041,1.01,6016,6182
SH,688366,-0.34,6012,7089
SH,603363,-2.43,6010,7647
SZ,300369,-10.35,6009,6031
SZ,301261,0,6003,6054
SZ,300706,3.17,6000,8093
SZ,002272,0.55,5995,7123
SZ,001212,-0.54,5994,6929
SH,603269,1.99,5991,5991
SZ,002141,1.05,5981,5981
SZ,002606,-1.93,5975,6226
SZ,003006,-2.98,5974,5989
SH,600230,1.41,5973,5973
SZ,002123,-5.36,5973,6677
SZ,000779,-10,5972,5973
SH,600617,-3.16,5966,6482
SZ,000915,0.32,5960,5964
SZ,920599,0.41,5956,7858
SH,688620,0.4,5954,5954
SZ,000957,-1.56,5953,5953
SZ,301292,-0.77,5950,15560
SZ,300256,-3.27,5945,6011
SZ,000913,-2.38,5945,6017
SH,688526,-0.69,5943,5943
SZ,002635,1.08,5937,9902
SZ,300722,-1.69,5931,5931
SH,603135,-1.35,5930,5975
SZ,300151,3.34,5929,8563
SZ,300119,-1.6,5925,8254
SZ,002082,2.25,5923,6380
SZ,000571,-0.4,5918,6100
SZ,300969,0.32,5910,12391
SZ,300214,0.87,5909,5909
SH,688185,2.64,5909,12762
SZ,002382,0.68,5907,5965
SH,605183,-1.23,5906,5945
SZ,002678,-2.67,5905,5909
SZ,002068,-1.34,5902,5905
SH,600983,-1.9,5902,5902
SZ,300048,-2.78,5900,5911
SZ,002232,-2.95,5899,5899
SH,688408,-0.21,5895,5895
SZ,000036,0.96,5893,5896
SH,688709,1.07,5892,16921
SZ,300393,-1.43,5888,6712
SH,600106,-2.2,5888,5888
SZ,000025,-1.11,5884,6457
SZ,300043,-2.86,5882,5885
SH,603877,-3.31,5881,5888
SZ,300192,-2.11,5875,5944
SH,603708,-2.43,5873,5873
SH,600586,-1.89,5868,5868
SZ,300084,-0.71,5863,6832
SZ,002452,-1.81,5862,7022
SH,600855,-1.41,5860,5871
SZ,301153,-3.49,5859,6281
SZ,301638,-1.79,5858,74436
SZ,300283,-3.92,5858,7663
SZ,300129,-0.23,5857,9037
SH,605018,-1.34,5857,5857
SZ,001330,-2.51,5849,6914
SZ,300617,-2.06,5846,6973
SZ,003010,-3.57,5846,8041
SZ,002538,-1.43,5843,5847
SZ,002210,-3.07,5842,5855
SH,600644,-2.41,5841,5841
SH,603221,-2.77,5839,5839
SZ,000793,-0.89,5836,9623
SZ,000735,-1.73,5835,5838
SZ,300063,-1.68,5820,7047
SH,688219,-1.11,5815,5815
SZ,003040,2.09,5811,5866
SZ,002132,0,5807,5816
SZ,000561,-1.83,5806,6463
SZ,300046,0.29,5800,5800
SZ,002803,-2.49,5797,8920
SZ,300470,-0.43,5784,6095
SZ,300756,0.03,5783,6646
SZ,002992,2.95,5781,6692
SZ,301000,-1.79,5777,6119
SH,600433,-2.64,5776,5776
SH,688767,1.52,5767,5767
SZ,300592,-1.28,5767,6561
SZ,000881,-1.23,5766,6032
SZ,300258,-1.26,5762,5915
SH,688717,-1.65,5758,9301
SH,605555,-1.65,5751,5751
SH,688689,2.64,5741,5741
SH,601968,-1.09,5741,5741
SH,600592,-1.23,5738,5738
SZ,002752,-1,5736,5744
SH,688553,2.08,5734,7073
SZ,300047,-3.09,5733,6371
SZ,300709,0.18,5727,7134
SH,600691,-2.42,5725,5726
SZ,301099,2.47,5722,9403
SZ,003041,-2.26,5722,6022
SH,688733,2.4,5722,5722
SH,603507,-0.48,5721,5785
SH,600826,-1.73,5714,5714
SH,600054,-0.17,5713,8118
SH,600963,-2.68,5712,5712
SZ,301312,3.68,5712,11355
SZ,300079,-3.25,5703,6346
SH,688307,2.8,5701,5701
SH,688510,-0.08,5698,5698
SH,600375,-3.22,5690,6236
SH,688135,1.96,5688,5688
SZ,002390,0.68,5687,5734
SZ,000670,-0.86,5680,5786
SH,688562,-1.86,5680,5680
SZ,300626,0.48,5679,5683
SH,600815,-2.43,5677,5677
SH,688658,2.35,5675,5675
SZ,002860,-0.59,5672,5807
SZ,301307,2.12,5671,10979
SZ,002194,10.01,5671,7584
SZ,301070,8.42,5667,8431
SH,688323,4.47,5663,5663
SH,688334,-0.7,5663,5743
SH,688173,0.81,5660,5714
SZ,002997,0.04,5660,5660
SH,601116,-2.08,5658,5658
SZ,002206,-1.28,5655,6217
SZ,300203,-0.07,5654,5659
SH,600237,6.72,5653,5706
SZ,301607,0.19,5653,8719
SZ,002073,-1.41,5648,5706
SZ,000948,-3.32,5647,5657
SZ,301362,3.62,5643,20116
SH,688117,3.48,5641,5641
SZ,002263,-1.63,5635,5635
SZ,001236,-2.61,5633,7488
SZ,301101,-1.48,5629,5844
SZ,002793,2.57,5625,5634
SZ,300075,-3.95,5623,6777
SZ,300307,3.18,5618,5716
SZ,300990,2.89,5614,12360
SZ,300217,-1.08,5611,6680
SH,688315,1.81,5610,5610
SZ,300465,-6.98,5609,5609
SZ,002218,-2.41,5606,5690
SH,600769,1.36,5606,5606
SH,600982,-1.75,5599,5599
SH,688073,20.01,5598,5598
SH,688226,0,5597,5814
SH,600477,-2.46,5591,5591
SZ,300212,-0.73,5588,5759
SH,600742,-2.33,5588,5588
SZ,002510,-1.93,5587,5644
SZ,300708,0,5584,7301
SZ,300159,-2.56,5582,9970
SZ,002951,-0.42,5580,5634
SZ,000697,-1.6,5571,11909
SZ,000900,-1.07,5570,5570
SH,603333,-2.28,5569,5569
SH,600425,-1.69,5568,5568
SH,605288,-4.97,5566,5603
SZ,300905,1.89,5559,7127
SZ,002956,-1.7,5556,5557
SH,603609,-1.12,5551,5551
SZ,002649,-8.49,5541,6110
SH,605339,-1.13,5533,5533
SZ,000042,-1.06,5525,5531
SH,603130,-0.88,5524,5524
SH,600035,-1.14,5523,5523
SH,600223,-1.08,5520,5520
SZ,002134,5.75,5508,5511
SZ,300841,1.6,5506,6017
SH,688656,0.73,5505,5505
SH,688345,0.15,5499,5526
SH,688170,1.9,5497,5497
SZ,300525,-5.4,5494,6697
SH,603855,-1.2,5493,5525
SZ,002298,-2.91,5491,6150
SZ,301306,0.99,5481,7940
SZ,300581,-1.28,5479,5479
SZ,300019,-0.92,5474,5838
SZ,002349,0.9,5471,5585
SZ,002164,-0.43,5469,6067
SH,688151,-1.36,5464,5464
SH,603098,-0.48,5458,5465
SH,603686,-1.64,5450,5450
SZ,300451,-2.98,5450,5530
SH,603366,-2.18,5447,5447
SH,600292,-1.97,5443,59028
SZ,301301,0.11,5437,19577
SH,600694,-1.84,5436,5436
SH,603901,-1.43,5433,5508
SH,603012,-3.44,5431,5431
SH,600881,-2.32,5430,5430
SH,688601,1.27,5429,5429
SZ,301580,1.03,5428,8034
SH,688237,-0.34,5426,5426
SH,688707,-1.38,5423,5423
SZ,002708,0.38,5420,5896
SZ,000501,-1.53,5416,5421
SH,688711,2,5414,5414
SH,600081,-0.8,5414,5414
SZ,300278,-1.53,5412,5429
SZ,300825,-1.32,5412,5528
SZ,000920,-0.94,5407,5407
SH,688309,0.07,5405,5405
SZ,300293,-0.92,5398,5398
SZ,300197,-2.14,5397,5397
SH,603897,-1.61,5396,5396
SZ,000411,-0.3,5389,5400
SZ,300696,-1.75,5379,5926
SH,688505,2.02,5379,7847
SZ,000608,0.84,5375,5407
SZ,002196,-1.42,5373,5455
SZ,920493,-2.26,5370,7288
SZ,300066,0,5370,5595
SZ,002255,-2.09,5365,6988
SH,600698,-1.81,5365,6903
SH,688776,-1.72,5364,5364
SH,603685,1.56,5361,6731
SZ,300057,1.57,5360,6473
SZ,002787,1.69,5359,7180
SZ,000717,-2.63,5356,5357
SH,600278,-0.95,5352,5352
SH,603194,-1.25,5346,13566
SZ,300039,4.11,5346,6098
SH,603587,-1.65,5337,5337
SZ,002279,-4,5330,5777
SZ,300093,1.41,5326,12452
SZ,300918,-1.67,5325,5325
SZ,002695,2.97,5319,5820
SH,600234,1.71,5316,5316
SZ,002882,-2.04,5311,9316
SH,601008,-1.37,5310,5310
SZ,002685,-1.49,5310,5311
SZ,300959,0.83,5308,8153
SH,603668,0.19,5306,5306
SZ,300792,-2.15,5306,5913
SH,603610,-0.78,5305,5305
SH,600743,2.26,5302,5302
SH,688225,-7.66,5300,5300
SH,603153,-1.64,5298,5377
SH,600981,-2.06,5292,5292
SH,603848,-1.86,5292,5292
SZ,300925,-3.38,5285,6482
SH,603666,-0.42,5280,5280
SZ,002833,-0.49,5278,7728
SZ,000557,-2.15,5278,5279
SZ,300082,-1.38,5277,5291
SH,603380,-0.26,5266,5266
SZ,001359,1.48,5265,21060
SZ,002572,-2.99,5264,7781
SZ,002351,-1.45,5263,8980
SH,600191,-2.94,5262,5262
SH,601177,-0.97,5260,5329
SZ,301321,1.34,5258,6641
SH,600189,0.14,5257,5257
SH,605228,-0.71,5253,5274
SZ,000531,-1.19,5249,6009
SZ,301323,0.22,5243,8151
SZ,300648,2.46,5242,6886
SZ,002424,0.44,5241,6359
SH,688181,1.73,5240,5240
SZ,300689,-0.24,5239,5952
SZ,002777,-3.64,5238,5287
SZ,002577,-1.62,5237,5238
SH,603499,1.9,5236,5236
SZ,300531,-4.97,5235,5394
SZ,300300,-2.84,5234,5235
SZ,002191,-0.26,5232,5274
SZ,003012,-2.53,5230,5334
SZ,300926,-1.56,5224,7614
SH,600720,-2.07,5217,11863
SH,688575,0.33,5217,5217
SZ,002697,-1.29,5211,6188
SH,603889,-1.59,5210,5249
SZ,002657,-3.3,5210,5271
SZ,301333,6.93,5209,5215
SZ,002274,-0.88,5205,5286
SZ,002303,-3.75,5202,8239
SH,600868,-1.43,5201,5201
SH,601518,-0.71,5199,5199
SH,601086,-0.63,5195,5195
SH,600825,-2.35,5193,5193
SH,603131,-0.89,5192,5192
SH,603701,-0.69,5191,5191
SZ,002376,-5.71,5187,5342
SH,600603,-3.28,5186,5186
SZ,002988,-1.09,5178,5178
SZ,301566,1.28,5178,9812
SH,688115,-0.04,5176,5176
SH,600217,-1.57,5172,5172
SZ,002229,-3.04,5168,5200
SZ,002915,-3.9,5162,6008
SH,603158,1.64,5158,5158
SH,605050,-1.4,5155,5155
SH,601199,0.18,5153,5153
SZ,002824,-0.64,5152,7089
SZ,002870,-0.04,5147,5271
SZ,001323,-2.47,5145,7192
SH,603988,-3.73,5144,5144
SZ,002060,-2.36,5142,12352
SZ,002805,-0.74,5141,5164
SZ,002567,-0.54,5140,5145
SH,605287,-1.41,5135,5135
SH,688683,6.7,5134,5134
SH,688101,-1.01,5133,5133
SZ,300528,-2.4,5131,5131
SH,605580,0.38,5130,5130
SH,600984,-2.15,5129,5129
SZ,002300,-2.19,5128,5129
SZ,300446,-1.21,5125,11599
SH,600199,-4.17,5124,5124
SZ,002358,-2.12,5123,5123
SZ,300619,0.71,5121,6083
SZ,000409,-2.9,5119,5875
SZ,300036,-3.35,5118,5667
SH,600513,1.19,5115,5115
SZ,002419,-1.74,5113,5113
SH,603170,-1.76,5112,5112
SH,605009,-0.66,5110,5110
SZ,002713,-0.91,5102,9219
SZ,002383,-2.54,5101,5101
SH,688207,1.39,5094,5094
SZ,301012,-1.89,5086,5086
SZ,000517,-3.76,5084,6495
SZ,300147,1.58,5081,5112
SH,603727,0.56,5077,5077
SZ,301368,-2.19,5074,5074
SH,600784,-2.46,5074,5074
SZ,300443,-1.45,5072,6688
SZ,300488,0.77,5070,5976
SZ,002489,-2.92,5070,5748
SZ,920640,1.63,5066,5266
SH,603843,0.84,5065,5065
SH,603122,2.66,5063,5063
SZ,300507,-1.94,5061,5228
SZ,301529,-0.12,5060,9427
SH,601002,-2.2,5059,5059
SZ,000796,-2.3,5057,6094
SH,600569,-1.67,5055,5055
SH,603353,-0.19,5055,5055
SZ,000925,-0.39,5054,5093
SZ,003033,3.01,5053,5116
SZ,300161,-2.77,5048,5144
SZ,002640,-4.39,5047,5079
SZ,002637,0.56,5045,5104
SH,600889,0.81,5045,8077
SH,688720,3.33,5040,7905
SH,603590,3.58,5039,5064
SZ,301007,-1.41,5039,5106
SZ,002301,-0.84,5033,5075
SH,600138,-1.69,5031,5031
SH,603137,10,5031,5031
SH,688655,10.59,5030,5030
SZ,000888,-1.54,5027,5027
SH,603110,0.4,5027,5027
SH,600279,-1.39,5020,5020
SZ,300697,7.75,5018,6554
SH,600593,-0.68,5018,5082
SH,600300,-1.58,5013,5013
SH,605377,-1.42,5004,5004
SZ,000560,-4.03,5004,5041
SZ,002201,0,5003,5415
SZ,000652,-2.27,5002,5006
SZ,300695,-1.6,4998,4998
SZ,002530,-4.12,4998,5602
SZ,300287,-3.8,4996,5440
SZ,002638,-2.11,4991,5301
SH,603196,0.33,4991,8818
SH,688410,0.63,4989,4989
SZ,300158,0.4,4987,4991
SH,688419,5.17,4986,4986
SH,688539,1.4,4975,4975
SH,688348,-0.92,4974,4974
SZ,001313,-1.51,4971,4977
SH,605299,-2.24,4969,4969
SZ,301413,-2.13,4969,8323
SH,600756,-3.33,4965,5356
SH,601279,-1.56,4964,4964
SH,688566,0.53,4963,4963
SH,600336,-0.47,4956,4956
SH,603217,4.66,4955,4955
SZ,000852,-1.87,4951,4980
SZ,002122,-0.79,4949,4984
SH,600939,-2.98,4946,4946
SZ,301589,-1.95,4945,13265
SZ,002045,2.33,4943,4950
SZ,301256,-1.71,4939,4939
SZ,000525,-2.62,4936,5785
SH,688386,0.15,4930,5397
SZ,002047,-2.1,4928,4928
SH,688228,-1.56,4926,4926
SZ,300233,1.68,4926,5113
SZ,300569,-1.01,4925,4940
SZ,300680,-0.72,4923,6397
SZ,002757,1.1,4922,5156
SH,600284,-1.73,4919,4919
SH,600979,-1.73,4917,4993
SZ,300856,-2.72,4915,5085
SH,688007,-1.37,4913,4913
SZ,002166,-0.44,4912,4932
SZ,300711,3.84,4909,5541
SH,600610,-1.83,4904,7413
SZ,002307,-3.52,4904,4963
SZ,301053,-0.88,4892,5267
SZ,920576,-0.01,4891,4940
SH,688448,-1.35,4887,4887
SZ,002038,0.7,4881,5887
SH,603976,-0.76,4879,4879
SH,603212,-0.53,4878,4878
SZ,300261,0.58,4874,4980
SH,600817,-0.64,4871,4895
SZ,300219,0.44,4869,4878
SZ,300406,-0.51,4867,6723
SZ,301162,-1.44,4866,7499
SH,603777,0.35,4863,4863
SH,688691,1.23,4860,7993
SZ,002819,-2.7,4857,6121
SZ,301379,1.32,4857,6163
SZ,002443,10.02,4857,4857
SH,688282,-1.17,4857,4857
SZ,300681,-0.74,4856,6439
SH,600197,-1.15,4855,4855
SZ,300149,4.02,4854,5090
SZ,002479,0.54,4850,4861
SZ,300534,7.72,4848,4869
SZ,002334,-1.63,4844,5404
SZ,300783,-2.14,4843,6941
SZ,300785,-2.5,4842,7871
SZ,300878,-0.23,4838,4861
SZ,300518,1.59,4835,4836
SH,603286,0.36,4834,4880
SZ,300368,-3.78,4829,4829
SZ,002559,0.52,4828,6149
SZ,300227,0.28,4828,6303
SH,688786,2.34,4827,4827
SZ,300291,-2.98,4826,4888
SH,688796,9.17,4826,55862
SH,600308,-1.23,4824,4824
SZ,301265,2.17,4820,5987
SZ,002189,-1.8,4813,4814
SH,603111,-0.85,4808,4948
SZ,002238,-2.43,4807,4807
SZ,301349,1.21,4806,6086
SZ,301004,-2.07,4798,5140
SZ,002940,0.82,4797,5223
SH,600790,-1.2,4793,4793
SZ,002154,-3.09,4790,5925
SZ,002291,-3.32,4789,5153
SZ,301008,19.99,4789,5423
SZ,001328,-0.56,4788,5098
SH,600814,-1.95,4785,4785
SH,688591,-0.97,4783,6827
SH,600207,-0.44,4782,4782
SZ,002066,-0.57,4782,4863
SH,600571,-4.99,4779,4868
SZ,300249,0.16,4777,5854
SZ,002642,-3.08,4777,4777
SH,600605,0.56,4773,4773
SZ,301230,8.44,4769,5302
SZ,301048,-1.64,4768,4768
SH,688580,1.36,4767,4767
SH,603598,-2.09,4766,4771
SZ,002165,-2.23,4766,4816
SZ,300797,-0.23,4760,4773
SZ,001208,-2.02,4759,9531
SZ,002959,-0.63,4757,5303
SH,600288,-1.62,4757,4757
SZ,002892,-1.85,4756,7051
SH,600073,-1.16,4754,4754
SZ,002344,-1.84,4754,4759
SH,600990,-2.15,4753,4753
SH,600084,-3.41,4753,4753
SH,603162,-2.92,4750,15466
SH,688609,0.64,4750,4959
SZ,002102,-0.88,4750,5521
SZ,002528,-0.21,4747,5418
SZ,300259,-0.95,4746,4747
SH,605368,-1.33,4745,4745
SZ,301268,-1.35,4742,5243
SZ,002662,-1.55,4740,4740
SH,603511,-1,4734,4781
SZ,002774,4.15,4734,5656
SZ,002632,-0.95,4733,5147
SZ,300755,-1.29,4732,4735
SH,688667,-1.92,4732,4732
SZ,300087,-2.05,4728,4964
SH,688377,-1.16,4723,4723
SZ,300292,-2.07,4720,5676
SZ,300692,6.73,4720,5173
SH,603097,-0.09,4714,4824
SH,688320,-0.88,4709,4709
SH,600231,-2.34,4708,4768
SH,603106,-9.95,4706,4706
SZ,002570,-1.8,4698,4698
SZ,001322,-2.91,4698,5784
SZ,002526,-1.48,4693,4724
SZ,300232,-1.85,4691,5757
SH,688679,-1.86,4688,4688
SZ,002590,-1.96,4687,4915
SZ,002728,-0.84,4687,4799
SZ,301330,-1.66,4683,5672
SZ,301365,-1.44,4675,6927
SZ,301603,1.88,4674,14960
SH,601789,-2.71,4662,6540
SZ,301179,-1.74,4659,7934
SH,688665,0.88,4658,4658
SZ,301045,0.88,4654,7365
SZ,301583,0.34,4652,27988
SH,688696,-0.38,4652,4652
SZ,000753,-2.28,4650,4650
SZ,002482,-2.35,4642,4651
SZ,000863,0.25,4641,4711
SH,688389,-0.17,4641,4641
SZ,301211,1.37,4639,4640
SZ,300016,3.64,4638,4799
SZ,000417,-1.48,4635,4640
SZ,301367,-0.85,4635,5920
SZ,002749,-1.27,4632,4736
SZ,301391,-0.11,4631,4739
SZ,300215,-2.36,4629,4629
SZ,002111,-0.83,4628,5038
SH,688085,0.76,4625,4838
SH,600551,-2.14,4624,4624
SH,603187,1.17,4623,4672
SH,600351,0.3,4623,4623
SH,600976,0.53,4622,4625
SH,603387,1.56,4620,4620
SZ,000720,-6.61,4611,4611
SZ,002501,-1.51,4610,4615
SZ,300727,-0.62,4610,5123
SZ,300123,2.66,4602,4731
SZ,300490,-1.92,4601,4664
SZ,000993,-1.17,4593,4593
SZ,002455,-1.41,4593,5021
SZ,002375,-1.98,4592,4623
SZ,001317,-1.44,4591,4596
SZ,300027,-4.27,4591,4966
SH,688330,-0.93,4589,4589
SZ,002235,-0.95,4589,4805
SH,603408,-2.74,4588,4588
SZ,300964,7.29,4583,6246
SZ,000936,-1.33,4580,4581
SH,600495,-1.55,4579,4579
SH,600088,-2.36,4578,4578
SH,688218,1.55,4574,4574
SZ,002523,-1.51,4573,4590
SH,600758,-5.71,4570,4574
SZ,000078,4.82,4568,4578
SH,603070,-1.97,4567,4567
SH,688379,2.63,4563,4811
SH,603365,-2.72,4559,4583
SH,603980,-0.58,4555,4555
SZ,002919,-1.48,4555,4588
SH,603767,-1.53,4552,4552
SH,688635,0.45,4548,23994
SZ,300547,-0.03,4548,5535
SZ,002989,1.46,4546,4633
SZ,002026,-0.38,4546,4546
SZ,001207,-0.44,4544,4708
SZ,301239,-0.08,4544,4786
SZ,002556,-2.4,4539,4544
SH,603758,9.97,4539,4539
SH,603711,-1.51,4537,4537
SH,600681,-1.16,4529,4532
SZ,002481,-2.4,4529,4996
SZ,301055,-0.02,4525,4624
SH,603191,-2.34,4524,4524
SZ,002483,-1.34,4524,4530
SZ,002401,-3.09,4523,4527
SH,603683,-0.05,4520,4567
SH,603216,-3.6,4518,4518
SZ,002880,-0.79,4518,4518
SZ,002478,-1.1,4517,5630
SZ,300138,-1.64,4517,5478
SZ,300388,-2.2,4515,4515
SZ,300737,-1.35,4507,5640
SZ,300688,-3.42,4506,5083
SH,600626,-2,4504,4504
SH,603822,-0.48,4500,4500
SZ,003004,-0.1,4498,5356
SZ,300871,0.86,4498,4498
SZ,000045,-2.85,4497,4984
SZ,300196,2.54,4493,7436
SH,600523,-2.27,4493,4496
SH,688210,0.73,4493,4493
SH,603439,0.27,4491,4491
SZ,301325,-1.04,4487,4487
SH,603222,-0.57,4484,4484
SZ,002573,-2.15,4479,4486
SH,603032,0.63,4476,4483
SH,688646,0.2,4473,6935
SH,603916,-1.84,4472,4472
SZ,002522,-1.58,4471,4475
SH,605338,-1.42,4470,4470
SZ,301235,5.36,4469,5971
SZ,000507,-0.59,4467,4553
SZ,300267,0.64,4466,6477
SH,688119,-1.48,4466,4466
SH,688512,1.93,4466,6507
SH,600715,-3.69,4465,6333
SZ,300463,0.22,4464,5490
SZ,300523,-2.28,4460,4460
SH,603661,1.39,4449,4449
SH,601588,-2.33,4442,5623
SH,600379,2.28,4441,4441
SH,600101,-1.57,4438,4438
SZ,002907,1.62,4436,5516
SH,603206,-3.45,4432,4432
SZ,300968,-2.27,4431,4431
SZ,300506,-7.65,4430,8596
SZ,300397,-1.62,4429,5616
SZ,002627,-0.62,4426,4474
SZ,300702,0.1,4425,7318
SZ,300271,-4.12,4425,4522
SH,605208,-0.36,4424,4424
SZ,301458,1.73,4424,10043
SZ,300429,0.19,4424,5882
SZ,300561,-1.6,4423,6021
SZ,300326,-0.15,4422,4424
SH,603348,-2.55,4422,4422
SH,603726,1.35,4420,4442
SH,603803,-1.6,4419,4419
SH,603150,2.58,4413,4413
SZ,000665,-2.75,4412,4412
SZ,002884,-0.54,4407,5773
SZ,301075,-1.09,4407,4407
SH,688267,-0.81,4405,4405
SH,600283,-1.12,4402,4402
SZ,301488,-3.48,4400,10740
SZ,300847,-7.46,4399,4399
SH,603209,-0.21,4398,4446
SZ,301487,-0.3,4395,7404
SZ,002161,2.41,4393,4394
SZ,002727,-1.14,4393,6547
SH,603611,-0.8,4392,4392
SZ,300767,-0.21,4390,5056
SZ,002540,-0.77,4385,6375
SH,603528,-2.96,4384,4384
SZ,000558,-1.15,4382,4383
SZ,000886,-2.17,4381,4430
SZ,000759,-0.88,4380,4425
SZ,002746,0,4379,5310
SH,601065,-1.01,4377,4377
SH,600178,-1.77,4376,4376
SH,600714,-1.1,4375,4375
SZ,000821,-1.35,4372,4503
SH,600658,-4.64,4362,4362
SZ,002707,-1.94,4360,4953
SZ,002124,-1.33,4358,4910
SH,605300,-0.92,4353,4353
SZ,920077,-1.02,4351,8448
SH,603339,0.79,4348,4348
SZ,002641,-1.78,4343,4707
SZ,002146,-1.76,4342,4826
SZ,002418,1.87,4341,4341
SZ,002393,1.19,4338,4455
SZ,300663,-3.97,4337,4507
SZ,002651,-2.04,4331,7916
SH,603669,3.23,4331,4331
SH,603558,-1.93,4331,4331
SZ,000819,-1.65,4326,4368
SH,603165,0.22,4325,4325
SZ,300917,-3.79,4325,4325
SH,688551,1.88,4322,4322
SZ,300802,-1.1,4318,6062
SZ,002059,-2.43,4316,4445
SZ,300491,-1.15,4315,4865
SH,688356,4.3,4314,4314
SZ,300018,-0.33,4314,5791
SZ,300715,3.46,4309,5206
SZ,002454,-2.76,4308,4316
SH,600173,-2.99,4308,4308
SH,688196,-1.85,4307,4307
SH,600382,-2.2,4305,4305
SH,688719,0.46,4299,5529
SZ,002902,0.54,4299,5687
SH,600880,-3.43,4296,4297
SZ,300791,-1.41,4291,5138
SH,603869,-1.67,4290,4290
SZ,001283,-0.64,4289,5379
SZ,301058,-3.45,4288,4359
SZ,002543,-1.96,4287,4819
SH,603928,0.4,4283,4283
SZ,001338,-2.73,4280,4280
SH,688530,4.84,4280,9816
SH,603681,-1.14,4279,4279
SH,603386,2.58,4275,4275
SH,603015,-0.93,4273,4273
SZ,000521,-1.6,4271,5026
SZ,300286,-1.38,4270,5154
SZ,000526,-1.42,4264,4277
SZ,300189,-5.68,4263,4925
SH,688291,0.56,4259,4259
SZ,300210,-2,4256,4256
SH,688236,1.24,4251,5654
SH,603018,-2.25,4251,4251
SH,603016,-1.67,4245,4245
SZ,300984,1.27,4242,6582
SH,688350,-0.83,4241,4241
SH,605088,-0.88,4239,4271
SH,600558,-2.06,4237,4237
SZ,002367,-1.65,4235,4252
SH,600152,-0.86,4233,4233
SZ,002480,-0.17,4230,4238
SZ,002264,-2.1,4224,4672
SZ,002427,-1.6,4224,4228
SH,688639,-1.1,4222,4222
SZ,301160,2.04,4221,6352
SZ,301282,3.33,4218,5039
SH,688061,2.72,4213,4213
SZ,300441,-1.6,4213,4337
SH,600222,-1.3,4212,4212
SZ,003026,1.53,4211,5470
SH,603960,-0.92,4211,4211
SZ,001288,-1.69,4210,6480
SH,605086,-1.25,4206,4206
SH,600340,-1.81,4205,4205
SZ,300745,0.41,4204,4979
SH,600168,-1.62,4202,4202
SZ,000518,3.03,4201,4201
SZ,000718,-2.64,4199,5584
SZ,002788,1.48,4192,4266
SZ,300532,-2.25,4190,4405
SZ,002765,-1.12,4189,4584
SZ,300632,1.61,4187,5777
SZ,300557,3.56,4184,4205
SH,600819,-2.2,4183,5177
SZ,300859,-0.51,4177,4177
SH,603998,1.06,4176,4176
SH,600609,-3.02,4175,4175
SH,605577,-2.18,4173,4173
SH,688653,0.61,4170,5595
SH,600227,1.56,4165,5505
SZ,300733,-1.31,4164,5648
SZ,002112,-2.81,4162,4671
SZ,300643,4.47,4161,4171
SH,603912,-1.66,4160,4160
SZ,920593,-0.99,4158,4878
SZ,002876,1.23,4154,4850
SZ,300290,-2.25,4151,4152
SZ,301252,-0.77,4149,5173
SH,600650,-4.74,4148,5858
SH,603058,-0.78,4142,4143
SZ,300071,-2.66,4141,4222
SH,603519,2.17,4139,4139
SZ,300539,-1.44,4138,5091
SZ,300541,-3.87,4136,4584
SZ,300669,-1.94,4135,4367
SH,605028,-0.57,4134,4134
SZ,002490,-0.64,4128,6275
SH,603072,0.74,4128,8642
SH,603088,1.84,4125,4732
SZ,300793,-1.5,4123,4216
SZ,300893,-0.47,4122,7771
SZ,000016,-0.38,4119,6212
SH,603069,-2.9,4114,4114
SH,603318,-3.23,4113,4970
SZ,002285,-3.69,4108,4145
SZ,301115,2.04,4108,5052
SZ,300121,-1.23,4105,4256
SZ,300206,-0.65,4105,7031
SZ,002843,0.24,4103,4128
SH,688311,-0.84,4103,4103
SH,603271,0.51,4102,8593
SH,603978,-0.81,4102,4102
SZ,000011,-3.82,4101,4643
SZ,300686,4.01,4101,4128
SZ,002586,-0.78,4100,4314
SZ,920522,-0.12,4099,4942
SH,688360,-1.01,4099,4099
SH,603697,-1.53,4097,4097
SZ,301277,2.05,4097,4097
SZ,002380,-1.83,4097,6914
SZ,300228,-2,4091,4373
SZ,300505,-1.97,4091,5173
SZ,000655,-0.86,4084,4084
SZ,003019,-0.45,4083,4178
SZ,002512,0.81,4082,4112
SH,688558,0.65,4081,4081
SH,603966,-0.62,4080,4085
SZ,301168,0.05,4077,5132
SH,688595,0,4076,4076
SZ,002520,-0.69,4075,4261
SZ,300705,0.73,4073,5508
SZ,300091,-0.39,4072,7077
SH,603167,-0.45,4072,4072
SH,688429,-3.13,4072,4072
SH,600479,0.1,4068,4784
SH,688633,0.25,4067,4067
SH,688186,-1.28,4067,4067
SZ,300963,-2.88,4067,5545
SZ,300481,0.43,4067,4092
SZ,301370,-0.45,4066,4066
SH,600505,-1.4,4065,4065
SH,603716,2.51,4064,4064
SZ,300061,-3.25,4063,4303
SH,688247,4.43,4062,4062
SH,600721,10.02,4053,4053
SZ,300403,-1.65,4053,5722
SZ,920239,0.58,4047,4097
SH,603636,-3.72,4045,4045
SH,688807,3.09,4043,20214
SZ,002328,0.14,4035,5456
SZ,002553,-1.74,4035,5566
SZ,002406,-1.89,4035,4893
SH,605055,-1.18,4035,4035
SZ,300022,0.12,4033,4033
SH,603790,-0.98,4032,4032
SZ,002886,0.47,4031,5075
SZ,002560,-1.54,4028,4676
SH,688023,-5.55,4024,4024
SZ,300662,-2.32,4023,4035
SH,603933,1.04,4020,4020
SH,603324,1.89,4019,4159
SZ,300421,0,4019,5131
SZ,300606,0.44,4019,4725
SH,600135,-1.75,4017,4017
SZ,002589,6.52,4015,4424
SZ,301187,-1,4008,4008
SH,600076,-2.6,4007,4007
SH,600261,-1.63,4005,4005
SZ,300320,-1.19,4004,4960
SZ,002644,0.64,4004,4004
SZ,000782,0.26,4003,5204
SZ,000678,-2.56,4003,4003
SH,688571,-1.14,3996,3996
SZ,002950,0.43,3996,5889
SZ,300105,-2.87,3995,3998
SH,603679,-0.7,3993,3993
SH,600857,0.91,3988,3988
SZ,000520,-0.5,3988,3988
SH,603035,-1.26,3986,3986
SH,688215,6.43,3981,3981
SZ,002758,-2.28,3980,3984
SZ,301280,0.65,3976,7658
SH,688039,-1.25,3973,3973
SH,600127,0.32,3973,3973
SZ,002321,-3.1,3972,3989
SZ,300882,-1.38,3971,4267
SZ,300668,-1.62,3971,4795
SZ,000599,-2.6,3969,11874
SH,605268,-2.27,3969,3969
SZ,002160,-0.76,3968,3976
SH,603121,-2.49,3968,3968
SZ,300571,-0.77,3966,4786
SZ,301102,-1.1,3963,3963
SZ,001316,-0.89,3962,4247
SH,688813,20,3956,21043
SH,603429,-2.07,3955,3955
SH,603090,0.46,3953,3953
SH,603178,-1.35,3953,3953
SH,688768,-1.36,3950,3983
SZ,300004,-1.43,3950,3950
SH,688168,-0.15,3950,3950
SH,688133,0.46,3948,3948
SZ,300590,-0.71,3943,5094
SZ,000919,0,3942,3943
SZ,300588,-1.58,3940,4266
SZ,002772,-0.46,3939,3972
SH,603085,-2.74,3939,3939
SH,688045,5.17,3935,3935
SH,603421,-5.92,3933,3933
SH,600727,-2.61,3933,3933
SH,600792,-3.27,3929,3929
SH,603967,-0.69,3924,3924
SZ,300355,-2.37,3921,4604
SH,600725,-1.84,3919,3919
SH,603615,-0.48,3917,3917
SZ,002449,-1.39,3915,3915
SZ,920946,0.77,3914,3915
SZ,000428,-3.02,3913,3913
SH,688489,-3.12,3909,3939
SZ,000096,-1.41,3908,4039
SH,688211,0.2,3908,3908
SZ,002005,-3.03,3907,3908
SH,603175,3.43,3906,37541
SH,603520,0.79,3906,3906
SZ,301517,-0.19,3902,6049
SZ,002040,-1.22,3898,3898
SZ,300907,0.74,3896,3896
SH,603607,-0.9,3895,3895
SH,688459,-0.73,3888,3888
SH,600469,-0.36,3888,4744
SZ,002612,0,3883,6752
SZ,300183,-2.78,3874,4830
SH,603291,3.51,3872,3872
SH,600729,-1.6,3871,8858
SH,603956,-2.99,3870,3870
SH,603689,-0.93,3868,3886
SH,605286,-2.24,3867,3867
SZ,002177,-5.12,3867,4362
SH,603261,-1.12,3866,3866
SH,600628,-1.64,3862,3862
SH,601368,-1.57,3859,3859
SZ,301373,5.06,3856,10200
SH,603315,-2.34,3854,3854
SZ,300349,-1.41,3852,4347
SZ,300712,-1.71,3851,3867
SZ,300873,0.49,3850,5304
SH,600798,-1.53,3849,3849
SZ,002370,0.58,3847,3848
SZ,300654,-2.41,3847,3994
SZ,301116,-1.82,3843,3843
SH,600520,1.25,3842,3842
SZ,002116,-1.69,3837,3885
SH,603239,-1.04,3836,3836
SH,688136,2.43,3830,3830
SZ,002930,-2.74,3827,4044
SZ,300111,-0.66,3823,3823
SZ,300332,-2.07,3819,3984
SZ,301186,-0.36,3817,4060
SZ,300380,-3.38,3816,4148
SZ,300434,5.99,3815,4479
SZ,301003,-0.15,3809,4924
SZ,300248,-6.42,3808,4435
SH,688298,-0.88,3804,3804
SZ,300318,0,3804,3921
SZ,300231,-2.72,3802,3803
SZ,000882,-2.79,3802,3805
SZ,300553,-0.55,3802,4961
SH,605058,2.63,3799,3799
SH,600526,-1.13,3798,3866
SZ,002688,-1.73,3797,3909
SH,603138,-2.65,3792,3861
SH,603703,-1.18,3785,3785
SZ,300508,0.28,3783,5027
SZ,002197,-2.2,3781,4350
SH,688588,-3.76,3779,3779
SH,688600,3.05,3779,3779
SZ,000822,-2.08,3777,3777
SZ,300177,-2.8,3777,4636
SZ,001380,-1.09,3777,4396
SZ,000523,-1.37,3777,5231
SH,603113,-2.19,3776,3776
SZ,300010,-2.57,3776,4691
SZ,000850,-2.43,3774,3775
SZ,300351,-0.89,3772,5569
SH,688199,2.41,3769,3769
SZ,000626,-0.12,3768,3790
SZ,000906,-1.28,3766,3811
SZ,301051,7.69,3762,4736
SH,603020,-0.98,3760,3760
SZ,300044,1.94,3756,4010
SZ,002786,-1.67,3755,3767
SZ,002088,-2.36,3754,3780
SZ,300901,0.58,3754,3754
SZ,300758,0.29,3752,4163
SH,600960,-1.49,3745,3745
SH,600067,-2.88,3744,3744
SH,601113,-2.01,3743,4591
SZ,000816,-2.98,3743,3762
SZ,300880,-2.63,3741,3741
SH,688590,-3.34,3739,4155
SZ,301016,-3.41,3737,3898
SH,600337,1.17,3736,3736
SZ,002554,-2.09,3734,3734
SZ,002584,-0.12,3733,4664
SH,605369,0.06,3728,3728
SZ,002564,-3.12,3728,3728
SZ,300055,-2.63,3727,4928
SH,688148,2.67,3724,3724
SH,600568,-0.88,3722,4444
SZ,002037,10.01,3721,3721
SZ,301201,3.13,3721,5304
SH,605189,-3.87,3719,3719
SH,603657,-2.37,3718,3718
SZ,002322,-1.94,3714,3864
SZ,002035,-1.65,3707,4018
SZ,300911,-1.18,3706,3966
SZ,002669,0.16,3705,3714
SZ,002986,-1.36,3701,4660
SH,600794,-1.9,3696,3696
SH,688299,-0.3,3693,3693
SH,603316,1.6,3689,3769
SH,605162,-2.22,3689,3689
SH,600527,-2.73,3689,3689
SZ,002090,-1.9,3683,3705
SH,601188,-1.04,3681,3681
SH,600734,-1.73,3681,3681
SZ,300317,-2.62,3680,3686
SZ,920799,-3.52,3679,6408
SZ,002228,-2.55,3676,3689
SZ,300478,2.37,3671,3671
SZ,300572,-0.58,3671,4637
SZ,301398,-2.12,3671,3765
SZ,300933,-0.44,3660,3660
SZ,920809,-4.43,3659,4774
SZ,300943,2.31,3659,5589
SZ,002187,-1.87,3652,3652
SZ,300200,-0.57,3650,3711
SH,600333,-2.11,3648,3648
SH,600805,-2.49,3648,3650
SZ,000797,-3.32,3644,3644
SH,605337,-1.15,3644,3644
SH,600576,-1.42,3639,5811
SH,603038,-1.3,3638,3638
SH,688785,2.56,3637,18178
SH,688607,2.8,3636,4040
SZ,002562,-1.31,3636,5108
SH,600824,-2.26,3636,3636
SZ,000532,-2.03,3635,3647
SH,688693,19.99,3633,6881
SH,605378,-0.99,3630,3630
SZ,301038,-1.92,3630,3630
SZ,300096,-1.16,3629,3629
SZ,301630,3.97,3625,9676
SZ,002305,-2.78,3624,3625
SZ,002849,2.92,3624,3654
SH,600860,-2.27,3623,4467
SH,603126,-1.65,3620,3620
SZ,301085,-1.43,3620,5331
SZ,300125,12.95,3619,6678
SZ,002162,-1.98,3618,3624
SH,600800,-4.11,3618,3619
SZ,300639,0.35,3605,3698
SZ,001257,2.89,3604,48322
SH,688606,1,3603,3603
SZ,002628,-2.44,3603,3619
SH,603579,-0.82,3601,3601
SH,688075,-0.38,3598,3598
SH,603139,-0.65,3597,3597
SZ,002677,-2.53,3596,4212
SZ,300068,-2.76,3594,3782
SH,600830,-2.34,3594,3594
SZ,300194,0.54,3593,4414
SZ,000505,-4.21,3592,4129
SZ,000903,-1.57,3591,3618
SZ,300424,-1.95,3591,3593
SZ,300471,-2.14,3590,4504
SH,688212,0.11,3587,3587
SZ,002457,-0.91,3586,3588
SZ,300736,0.38,3584,3677
SH,603706,-0.72,3581,3581
SZ,300448,-3.79,3579,3768
SZ,002676,-1.18,3578,3578
SZ,300559,-3.68,3572,4586
SH,688399,3.79,3571,3571
SZ,301322,2.46,3570,5294
SZ,002469,-3.72,3569,3686
SZ,002596,-4.3,3566,3569
SZ,301033,6.88,3565,4242
SH,600506,-2.38,3565,3565
SH,600262,-4.21,3563,3563
SZ,301026,-0.84,3561,4930
SZ,002333,-2.37,3559,3604
SH,603639,-1.4,3555,3657
SH,688569,0.42,3552,3552
SZ,300611,-1.39,3550,5053
SZ,300522,0.07,3549,4350
SH,600579,-0.95,3549,3549
SZ,001400,0.31,3547,6445
SZ,002609,-1.89,3547,4974
SZ,300414,-1.38,3546,3687
SH,603665,-0.08,3546,3546
SH,603232,-2.47,3546,3565
SH,603105,-1.38,3545,3545
SH,600980,-0.15,3545,3620
SZ,002412,1.71,3545,3583
SH,603559,-6.45,3543,3543
SZ,301421,1.89,3542,8851
SZ,300311,-7.95,3542,4439
SH,603199,-1.19,3541,3541
SZ,300120,-1.75,3534,3848
SH,603109,-0.4,3530,3530
SH,605186,1.21,3529,3529
SZ,300402,-2.22,3528,3574
SZ,002356,-0.73,3527,3527
SZ,002095,-3.64,3519,3533
SH,603551,-1.79,3518,3562
SH,688302,3.56,3517,3517
SH,688533,-1.47,3514,3514
SZ,300494,-5.96,3513,4326
SZ,000713,-2.71,3512,4566
SZ,002016,-3.76,3511,3511
SZ,300894,-1.56,3511,4836
SH,600581,-0.86,3510,3510
SH,603566,0,3506,3506
SZ,000407,-1.71,3503,3520
SZ,300521,1.59,3503,3547
SH,688157,-0.15,3501,3501
SZ,301408,1.06,3501,6116
SZ,002225,-1.33,3500,4278
SH,600539,4.18,3496,3496
SZ,300099,-1.63,3496,4431
SZ,301017,-1.52,3495,5480
SZ,300652,-1.14,3493,3892
SH,688033,-1.1,3491,3491
SH,605388,-1.35,3483,3483
SH,688286,2.37,3483,3483
SZ,300683,8.41,3479,3730
SZ,920725,0.9,3477,7183
SH,688163,2.92,3470,3470
SH,603390,-2.07,3469,3474
SZ,300812,0.52,3466,3820
SH,600834,-1.35,3466,3466
SZ,300533,-1.89,3464,4924
SZ,301112,-1.12,3463,3463
SZ,300213,-2.02,3462,3727
SH,601599,-2.29,3458,3458
SZ,301246,-0.19,3456,8128
SZ,300885,-0.57,3454,5132
SZ,000726,-1.5,3454,4791
SZ,002973,-1.17,3450,4438
SH,603569,-1.71,3446,3446
SZ,002766,-9.25,3445,3457
SZ,002462,-0.5,3442,3445
SH,605158,-1.31,3442,3442
SZ,301500,2.32,3437,13387
SZ,000716,-2.29,3436,3516
SZ,301479,-0.18,3435,6000
SZ,300399,-2.84,3434,3434
SZ,301259,-0.99,3432,5352
SZ,300962,-1.73,3432,3432
SZ,002582,-1.08,3429,4459
SH,603116,-0.16,3428,3428
SH,605303,0.52,3428,3428
SH,603014,-0.52,3427,14108
SZ,301656,-0.7,3427,40473
SZ,000509,-1.53,3423,3423
SZ,003037,0.18,3421,3421
SZ,301076,-2.04,3419,5113
SZ,300190,-2.42,3418,3432
SZ,001216,-0.63,3418,4064
SZ,301120,-1.55,3418,5649
SZ,301251,13.48,3417,8523
SZ,300427,-1.15,3415,3453
SZ,301609,-3.27,3415,5667
SZ,002339,-2.32,3413,3594
SZ,002927,-0.82,3412,3451
SZ,300822,-2.39,3410,3676
SZ,002822,-1.23,3410,6221
SH,603313,-2.28,3406,3406
SZ,300453,0.53,3404,4939
SH,688443,3.49,3404,8705
SZ,002783,-1.85,3403,3685
SZ,301613,5.77,3401,5831
SZ,000889,-5.09,3401,3661
SH,688098,-1.54,3400,3400
SH,605566,-1,3399,3399
SH,601033,-2.06,3398,12744
SH,688680,-0.36,3396,3396
SZ,000965,-3.76,3396,3396
SZ,300781,-3.14,3394,4600
SZ,300879,-2.08,3393,3416
SH,688750,-0.94,3389,6729
SH,603351,0.32,3387,3387
SH,688053,0.71,3387,3387
SH,688602,-0.6,3386,3386
SZ,002374,-0.63,3386,3386
SH,688339,-1.08,3385,4159
SZ,002791,1.44,3383,5499
SZ,300622,-1.58,3382,4948
SH,600156,-4.85,3382,3382
SH,603813,-2.33,3379,3379
SZ,301110,-2.46,3378,4802
SH,688259,-0.55,3373,3373
SH,603101,-2.7,3373,3373
SZ,300021,-2.52,3371,3946
SZ,000926,-2.27,3367,3409
SZ,301257,8.45,3363,3528
SH,688283,-0.78,3363,3363
SH,605068,-1.93,3362,3362
SZ,300545,0.04,3361,5213
SZ,300656,0.44,3360,4326
SZ,002571,1.81,3359,4413
SZ,300749,4.71,3359,4378
SZ,300270,-0.68,3358,3897
SZ,301289,-1.31,3354,3376
SH,603396,-0.61,3354,3354
SZ,301175,-1.09,3352,7933
SH,600503,-2.33,3349,3349
SH,603309,-0.85,3348,3348
SH,688636,0.1,3348,3348
SH,688265,20,3345,3345
SH,603007,-0.4,3343,4254
SZ,300069,-2.42,3342,3342
SZ,002735,-0.5,3341,4398
SZ,002369,-5.89,3341,3345
SZ,300078,-2.27,3340,3354
SZ,300551,-2.37,3340,3350
SZ,000007,-1.82,3340,3340
SZ,300936,3.81,3337,5291
SZ,002365,5.27,3333,4005
SH,603630,-1.13,3333,3333
SZ,301617,1.3,3332,8395
SZ,301310,-8.55,3330,10426
SZ,301499,-0.94,3329,3329
SZ,300746,1.16,3326,3359
SH,688522,-1.52,3325,8188
SH,605588,0.2,3322,3330
SZ,000037,-2.67,3321,5907
SH,605398,-3.63,3318,3318
SH,603811,0.42,3318,3318
SH,688373,4.12,3314,3314
SH,603095,-2.05,3314,3314
SZ,300473,-1.16,3313,3800
SH,605066,-1.92,3311,3311
SZ,920819,-0.35,3308,3346
SH,600318,-2.56,3307,3307
SH,603577,-1.31,3307,3307
SZ,002269,-2.07,3305,3543
SZ,300729,-1.56,3302,3430
SH,600467,0.44,3302,3302
SZ,002474,-6.3,3300,3883
SZ,301682,0.15,3299,15609
SH,603948,-0.97,3299,3299
SZ,002667,3.41,3298,3633
SZ,301315,-3.27,3298,3298
SH,603648,-0.86,3298,3298
SZ,000868,-2.49,3297,3298
SH,603051,-0.57,3297,3297
SH,688084,0.44,3297,3297
SZ,002055,-1.59,3297,3355
SZ,301468,-0.28,3296,5717
SZ,300243,2.94,3294,4118
SH,605077,-0.71,3291,3331
SZ,920179,0.62,3289,4100
SH,688216,2.72,3285,3537
SZ,000721,-3.16,3284,3679
SH,600229,-1.96,3284,3284
SH,603759,-2.06,3283,3283
SH,601366,-3.11,3282,3282
SZ,300241,-1.26,3282,3913
SH,605399,-2.67,3282,3285
SH,603815,-2.92,3280,3280
SH,600843,-1.82,3280,4985
SZ,000701,-1.59,3279,3281
SZ,301199,-0.21,3277,3405
SZ,301302,-2.63,3276,3674
SZ,300848,-0.6,3273,5533
SZ,300664,-1.52,3271,3395
SZ,002362,-2.04,3270,3850
SZ,301132,5.96,3266,5106
SZ,300040,-2.31,3265,4060
SZ,301193,0.11,3260,4264
SH,688583,-0.18,3254,9339
SZ,002395,-1.85,3250,3251
SZ,002826,-3.08,3249,3354
SZ,301060,1.01,3249,3613
SZ,300370,-3.25,3248,3256
SH,605136,-2.04,3248,3248
SZ,300160,-1.83,3247,3293
SZ,300132,-2.14,3242,3296
SH,600218,-1.45,3241,3241
SH,605108,-2.19,3240,3240
SH,600865,-1.81,3239,3239
SZ,003000,-1.3,3238,4739
SZ,301568,3.59,3238,7024
SZ,000736,-3.12,3235,3235
SZ,300225,-2.41,3234,3257
SZ,300050,-3.57,3229,3231
SH,601999,-2.65,3228,3228
SZ,300056,-6.04,3228,3230
SZ,000803,-2.08,3228,3273
SH,603898,-2.79,3227,3227
SZ,300466,-2.3,3227,3850
SH,600354,-4.82,3225,3225
SZ,002094,-2.7,3224,3226
SZ,300801,-1,3224,5144
SZ,000546,-1.06,3219,3593
SZ,002845,0.94,3218,4212
SZ,002109,-1.94,3216,3216
SZ,003032,3.2,3215,4548
SZ,000789,-2.17,3214,3214
SH,600749,-0.97,3212,3212
SH,603958,-0.67,3211,3211
SZ,301213,-0.91,3211,4967
SH,600679,-1.78,3210,4626
SH,600791,-2.06,3207,3211
SZ,000514,-3.79,3206,3206
SH,600280,-2.06,3204,3204
SH,600228,-0.89,3203,3208
SH,603535,-2.63,3203,3203
SH,600853,-2.46,3203,3203
SZ,000488,-1.04,3202,5559
SZ,301226,-0.4,3202,3202
SZ,300530,-2.09,3200,3200
SZ,300504,-2.13,3200,3973
SZ,301311,-3.82,3197,3197
SZ,920037,-0.48,3196,5227
SH,688030,-1.44,3196,3196
SZ,301028,0.16,3195,4926
SH,603656,-1.07,3194,3194
SZ,002199,-0.78,3194,3367
SZ,300948,-0.67,3193,3383
SZ,002818,-1.1,3192,8009
SH,600653,-1.19,3192,3192
SH,600716,-2.84,3192,3192
SH,688722,-0.83,3191,3191
SZ,002801,-1.14,3189,6324
SZ,002646,-1.75,3188,3210
SZ,002485,-0.67,3188,3188
SH,688171,-1.15,3188,3188
SH,603500,0,3186,3188
SZ,001215,-1.31,3186,3195
SZ,300932,0.81,3186,4472
SZ,300407,-3.9,3184,4258
SZ,300578,-1.4,3183,3184
SZ,002021,-1.84,3180,3180
SH,603987,-0.54,3180,3180
SH,600622,-3.19,3179,3179
SZ,300721,-2,3174,3782
SH,603201,-2.59,3174,3201
SH,603903,-0.55,3174,3174
SH,688618,0.95,3173,3173
SH,600130,-1.39,3173,3173
SZ,300385,-3.95,3171,3635
SZ,002672,-1.95,3168,3868
SZ,002327,-0.61,3167,5378
SZ,300110,0,3166,3168
SZ,002425,-9.94,3165,3291
SH,688458,1.32,3163,3764
SZ,002178,-3.05,3160,3162
SH,688579,-2.94,3160,3160
SH,688682,-1.07,3159,3159
SZ,000788,0.95,3159,3159
SH,688137,16.03,3158,3158
SZ,300836,-1.36,3157,4611
SH,603527,1.32,3154,3154
SZ,300193,-1.3,3154,3581
SZ,920047,2.04,3154,4803
SZ,002548,-1.5,3154,3246
SH,603230,-1.97,3153,3153
SH,603817,-2.11,3153,3153
SZ,300352,-2.36,3152,3581
SZ,002137,0.89,3152,4591
SZ,300515,-0.82,3151,3214
SZ,001217,-1.73,3151,3183
SZ,300608,-3.89,3150,3602
SZ,301551,-3.18,3147,8144
SZ,301348,1.61,3141,4843
SZ,301696,-0.43,3139,41737
SZ,300550,-2.04,3137,3140
SZ,301662,0.16,3137,8161
SZ,920806,-3.24,3137,3137
SH,600192,-3.26,3136,3136
SZ,301073,-1.55,3136,3430
SZ,301237,-0.12,3136,4306
SZ,002451,-2.71,3136,3146
SH,600053,-3.2,3134,3134
SH,603725,-1.8,3134,3134
SZ,301707,393.99,3134,47632
SZ,301111,0,3133,3133
SH,603600,-0.83,3133,3133
SH,600052,-2.61,3132,3132
SZ,300234,-0.75,3130,4579
SZ,301223,-1.51,3129,3129
SH,688162,-1.16,3127,3127
SZ,301419,1.61,3126,4730
SH,603210,-0.95,3125,4572
SH,688317,-1.13,3123,3123
SZ,000691,-0.61,3116,4674
SH,603999,-2.16,3116,3116
SH,603637,1.01,3115,3115
SH,603788,-1.68,3114,3114
SZ,300289,0,3112,3117
SZ,300867,-1.27,3112,4413
SZ,000731,-2.4,3112,3112
SH,605138,-1.57,3111,3111
SH,603258,-3.29,3111,3129
SH,603266,-0.94,3111,3111
SZ,003020,5.25,3110,4211
SZ,002441,-2,3109,4247
SH,605259,-0.87,3108,3108
SH,600327,-2.76,3106,3106
SZ,301602,-0.39,3102,6374
SH,688081,0.84,3098,3098
SZ,000607,-3.84,3098,3562
SZ,002296,-1.86,3095,3471
SZ,300955,-2.28,3095,3095
SH,603696,1.15,3091,3091
SH,601616,-2.68,3090,3090
SZ,301136,-2.59,3090,3093
SZ,300609,-3.62,3088,3093
SZ,002394,-0.82,3086,3091
SH,600731,-1.55,3082,3151
SZ,002012,0.76,3082,3082
SZ,000615,-1.76,3081,5952
SH,688159,-0.62,3080,3080
SH,688071,-2.83,3075,3075
SZ,001229,4.23,3075,5980
SZ,301218,-1.21,3075,5004
SH,688511,2.59,3075,3075
SH,603330,-0.52,3071,3267
SZ,000931,-0.23,3064,3073
SZ,002933,-1.71,3063,3079
SZ,000576,-1.39,3058,3077
SZ,000890,-2.66,3054,3054
SZ,002175,-2.44,3052,3052
SZ,300094,-2.12,3051,3114
SZ,300537,2.87,3049,4163
SH,603192,-2.14,3046,3653
SH,688229,-6.42,3045,3045
SZ,001318,-1.45,3044,3044
SZ,301270,-2.89,3043,3220
SZ,300560,2.07,3038,3733
SZ,920418,-0.25,3038,3146
SZ,003002,-1.53,3037,3322
SZ,002313,-3.56,3036,3036
SH,603048,-0.23,3036,3036
SZ,300946,0.48,3036,6248
SZ,001221,-0.94,3033,15784
SZ,000151,-2.37,3033,3456
SZ,000609,-1.22,3030,3115
SZ,300310,-5.8,3028,3862
SZ,300839,-2.36,3027,3080
SH,688338,5.83,3027,3027
SZ,300563,-1.11,3026,4349
SZ,300238,0.26,3025,3025
SZ,003029,-8.47,3024,3324
SZ,000421,-2.58,3021,3021
SZ,301206,-1.14,3020,4690
SH,600719,-2.09,3018,3018
SZ,300589,-2.78,3017,4861
SZ,300877,-0.11,3016,3016
SZ,002575,-2.45,3009,3175
SZ,300833,-0.61,3006,4680
SZ,300051,-6.82,3005,3043
SZ,300889,0.83,3005,4521
SH,600969,-1.68,3005,3005
SZ,300552,-5.75,3004,4740
SZ,002623,-2.25,2999,3006
SZ,300247,-1.83,2999,2999
SZ,300157,-3.52,2995,3138
SZ,300826,-0.57,2995,3113
SZ,002259,0.25,2994,2994
SZ,300698,-3.69,2991,3381
SH,688370,-0.04,2990,2990
SH,600712,1.83,2989,3023
SZ,002889,-2.77,2987,4490
SZ,002724,-1.86,2986,4058
SZ,300135,-2.1,2986,2986
SH,688335,0.45,2986,2986
SZ,300818,-0.7,2985,4607
SH,688557,1.05,2984,2984
SH,601956,-1.63,2984,2984
SH,688280,-0.86,2983,3382
SZ,300691,-1.38,2978,3629
SH,600668,-1.63,2977,2977
SZ,300062,-2.4,2975,4088
SZ,000802,-2.8,2970,2971
SZ,002829,-1.87,2969,4225
SZ,300011,-1.51,2967,3542
SZ,301020,-3.51,2966,2966
SH,688070,-2.15,2966,2966
SH,688077,1.85,2959,2959
SH,603739,0.52,2958,2958
SZ,002587,-1.24,2957,3632
SZ,301082,-5.4,2956,3189
SZ,300404,4.44,2955,3993
SZ,300798,-1.35,2954,3590
SH,688015,-2.06,2953,2953
SZ,300864,-1.79,2950,2950
SZ,000530,-2.18,2947,4140
SZ,300542,-3.63,2946,3553
SZ,301448,-1.72,2945,4346
SZ,002921,-0.25,2944,3414
SH,603335,0.44,2941,2941
SZ,002168,1.08,2941,2941
SH,603949,0.07,2939,2946
SZ,300321,0.39,2938,2941
SH,600530,-3.8,2937,2937
SZ,300600,-1.86,2936,2936
SZ,300603,-2.96,2935,3649
SZ,300329,-0.84,2935,2944
SZ,300187,-2.76,2933,2950
SZ,000710,-0.21,2930,3143
SZ,002903,0.26,2929,4303
SH,600738,-3.01,2929,2931
SZ,300086,0.61,2926,3022
SZ,002286,-1.97,2924,3006
SZ,300032,-3.44,2924,2924
SZ,301172,-2,2923,3952
SZ,300163,1.27,2922,3034
SH,603722,-0.61,2921,2982
SZ,300869,-0.53,2920,4448
SH,603008,-1.85,2917,2917
SH,600470,-2.09,2916,2916
SZ,301600,-0.56,2916,9447
SZ,002282,-1.69,2914,3040
SZ,000798,-2.32,2912,2912
SZ,301133,0,2912,3182
SH,600265,1.96,2910,2910
SZ,300973,-1.36,2910,4156
SZ,300386,-7.63,2909,4849
SH,600322,-2.58,2908,2908
SZ,300816,-1.75,2908,3986
SZ,002899,-3.62,2903,2903
SZ,301068,-1.32,2899,4084
SZ,300908,-1.5,2898,3428
SZ,001256,-0.54,2896,3863
SZ,002875,-2.7,2895,2895
SZ,002086,-2.13,2894,3585
SH,688056,1.49,2892,2892
SZ,300982,-2.03,2891,3086
SZ,001210,-0.54,2890,4755
SZ,002823,-0.89,2889,4334
SZ,300875,-2.04,2888,3285
SZ,300052,-3.24,2888,2888
SZ,301042,-0.56,2887,3029
SZ,001218,1.82,2885,3234
SZ,002542,-4.64,2884,2962
SZ,002795,-0.14,2880,2928
SZ,001311,-2.27,2880,6564
SZ,301234,2.76,2876,4869
SZ,300831,-1.88,2876,4989
SZ,001223,9.99,2875,5381
SH,605218,-1.52,2873,3278
SH,688479,9.14,2873,6684
SZ,300239,0.41,2872,2891
SH,603896,-0.74,2871,2871
SZ,301313,-0.86,2870,3779
SZ,002878,-2.94,2869,3186
SZ,002798,-0.53,2868,3261
SZ,002347,-2.01,2867,2932
SH,600838,-2.18,2866,2866
SH,603310,-1.06,2860,5090
SZ,002692,-2.2,2857,2858
SH,603808,-2.23,2855,2855
SZ,002521,-1.29,2855,3814
SZ,003015,-1.78,2851,3244
SH,600684,-3.74,2851,3694
SZ,301266,-0.37,2850,3004
SZ,300410,1.31,2849,2849
SZ,002811,-2.97,2848,3104
SZ,002725,-0.6,2848,2929
SH,603001,-2.33,2847,2847
SH,688255,0.35,2845,2845
SH,688687,1.4,2845,2845
SH,600620,-2.58,2843,2843
SZ,300266,-2.65,2842,2843
SZ,002996,-0.95,2842,4151
SZ,300237,-1,2841,2841
SZ,300890,-0.6,2840,3107
SH,600594,2.55,2840,2840
SZ,000068,-3.08,2839,2839
SZ,300860,-3.02,2837,4887
SH,688152,-4.16,2835,2835
SZ,002578,2.49,2833,3088
SH,605500,-1.29,2830,2830
SZ,000910,-2.26,2829,2830
SZ,300511,-2.44,2828,3320
SZ,301273,-0.96,2828,3685
SZ,301151,-1.87,2826,2829
SZ,000668,-2.52,2825,2825
SH,600215,-0.95,2824,2824
SZ,301305,0.18,2823,5493
SZ,002923,1.2,2821,3660
SZ,301066,-3.19,2821,2843
SZ,300154,2.05,2817,4019
SH,601112,-0.44,2816,26819
SZ,002981,-2.19,2816,3163
SZ,000892,-1.97,2815,3885
SZ,301260,-1.71,2813,6622
SZ,002355,-9.71,2813,3042
SZ,001388,-1.44,2809,5248
SZ,300501,-1.06,2808,2818
SZ,002248,0.11,2807,2807
SZ,300858,-0.34,2807,3779
SH,600844,-1.44,2806,3466
SZ,002722,-0.62,2802,2802
SH,600630,-1.78,2796,2796
SH,605169,-2.07,2795,2795
SZ,300381,-0.5,2794,2804
SH,600212,-2.4,2794,3704
SH,600249,-0.58,2794,2794
SZ,002278,-2.37,2791,3023
SH,605080,-1.18,2789,2800
SZ,002726,-2.37,2789,2790
SZ,300242,-3.51,2786,2786
SZ,000978,-1.64,2785,2785
SZ,300830,-3.83,2784,3731
SZ,300148,-4.73,2784,2884
SZ,000695,-1.56,2784,2908
SZ,002186,-2.04,2783,2784
SZ,300887,-7.24,2782,4191
SZ,002403,-2.18,2781,3188
SZ,300162,4.24,2778,3406
SZ,301525,-1.12,2775,5297
SZ,002224,-2.54,2774,3103
SH,600665,-3.59,2774,2774
SZ,301148,-0.43,2771,5484
SZ,300510,-3.16,2771,2771
SH,603006,-1.62,2769,2769
SZ,920735,1.51,2768,3129
SZ,301393,8.04,2765,6792
SH,605089,-3.92,2764,2764
SZ,002689,-1.48,2764,2765
SH,688292,-3.79,2763,2763
SZ,001299,-2.1,2761,3067
SZ,300945,-2.02,2759,3030
SH,600136,-2.06,2759,2898
SZ,002962,0.3,2759,3847
SZ,002331,-2.69,2758,2939
SH,688285,-0.53,2758,2758
SZ,301158,-1.95,2757,2828
SZ,002314,-3.73,2757,5578
SZ,002323,-2.25,2757,2757
SZ,002866,-1.35,2756,4404
SZ,002357,-2,2755,2756
SH,688314,-0.14,2753,2753
SZ,301622,-0.11,2752,4934
SZ,002846,-0.37,2750,4439
SZ,300447,-1.01,2750,4263
SZ,000897,-2.85,2749,2749
SZ,000809,-0.59,2747,2747
SZ,000504,1.46,2745,2752
SZ,300584,0.57,2740,4004
SZ,301197,-3.41,2737,3034
SH,603215,3.32,2735,3135
SH,603955,-2.74,2733,2733
SH,603838,-2.17,2733,2733
SH,603159,1.93,2733,2733
SZ,002616,-1.89,2732,3995
SZ,301608,-1.85,2728,6079
SH,603878,-2.6,2727,2727
SZ,003016,-2.06,2724,2788
SZ,300345,-1.55,2724,3296
SZ,003025,-0.16,2724,3416
SZ,002476,-2.19,2723,2723
SH,603829,-2.13,2723,2723
SZ,301439,-1.58,2723,5782
SZ,000570,-1.99,2723,3458
SH,600616,-2.15,2723,2723
SZ,002917,-0.94,2723,3633
SH,603280,-2.17,2721,2721
SZ,300920,-0.02,2721,4096
SH,603970,-1.74,2720,2720
SH,688570,-1.76,2719,6257
SH,600408,-5.91,2718,2718
SZ,002547,-0.8,2718,2775
SZ,002659,-2.57,2716,2716
SZ,002054,-1.93,2715,3409
SH,603037,-0.86,2715,2719
SZ,300810,-2.09,2714,2811
SZ,300795,-0.63,2714,4663
SH,603042,0,2714,2714
SZ,300175,-2.36,2712,2712
SZ,300479,-3.43,2712,2713
SH,600876,-2.55,2710,4423
SH,600538,3.82,2710,2710
SZ,301255,-1.21,2708,3086
SZ,920491,-0.12,2708,3300
SZ,300389,-1.98,2708,4555
SH,600785,-1.94,2707,2707
SZ,000017,-0.48,2707,4232
SZ,301092,1.09,2706,5975
SZ,002561,-2.09,2702,2711
SH,603585,-1.47,2697,2743
SH,605166,-1.49,2694,2694
SH,603518,-1.25,2694,2704
SH,603617,-0.99,2688,2709
SZ,920068,1.64,2685,10136
SZ,002816,-0.29,2685,2685
SZ,300998,-0.98,2684,3420
SZ,300279,-2.12,2683,2695
SZ,300449,-2.92,2683,2683
SZ,301190,2.92,2673,4009
SH,601798,0.13,2673,2673
SZ,000159,-3.63,2673,2673
SZ,002953,-2.15,2672,4670
SZ,002976,0.46,2672,4272
SZ,300384,-2.09,2666,3863
SZ,002404,-1.51,2665,3276
SZ,300095,-1.98,2662,3305
SH,600419,-2.65,2660,2660
SZ,002022,-0.95,2659,2659
SH,603161,-0.91,2659,2710
SZ,300653,1.65,2659,2659
SZ,300439,4.6,2657,3493
SZ,000698,0,2656,2770
SZ,000529,-2.3,2656,2720
SZ,301631,-0.02,2654,7791
SH,688500,-1.38,2653,2691
SZ,300374,-1.72,2651,2651
SZ,001324,-0.2,2650,2650
SH,603080,-0.94,2649,2649
SZ,300425,-1.76,2648,2654
SZ,300218,-1.68,2647,2656
SZ,002663,-4.31,2646,2671
SZ,002337,-2.16,2646,2649
SH,603237,-1.47,2646,2732
SZ,300942,-2.38,2645,2645
SH,688367,-0.09,2645,2645
SH,600405,-5.47,2641,2641
SH,688080,-0.21,2641,2641
SZ,300020,-0.57,2637,2734
SZ,301202,-0.86,2635,4515
SZ,301296,-1.74,2635,2635
SZ,002853,-2.56,2633,3742
SH,603202,-1.55,2633,8389
SZ,300230,-1.17,2633,3399
SH,603633,-1.74,2629,2629
SZ,300631,0.19,2629,2703
SH,603036,-1.91,2629,2629
SZ,301149,-2.27,2626,4315
SZ,002748,-0.63,2623,2623
SZ,300359,-2.58,2622,2622
SZ,301181,-1.49,2621,3359
SH,605155,-1.53,2621,2673
SH,600671,-1.64,2621,2621
SZ,301222,1.19,2620,3450
SZ,300445,-1.21,2620,3960
SH,600661,-2.03,2619,2619
SZ,002072,-3.38,2617,2618
SH,603066,-1.43,2615,2615
SZ,300615,-5.21,2615,3296
SZ,001369,-1.71,2614,14452
SZ,002905,-2.47,2614,2815
SZ,002863,-2.45,2614,2614
SH,600386,-2.4,2613,2613
SZ,300577,-2.33,2612,4406
SH,603768,-1.96,2610,2610
SH,603189,-2.7,2609,2609
SH,603895,-0.44,2609,2609
SH,600624,-3.02,2609,2609
SZ,002363,-2.63,2607,2614
SZ,300301,-0.59,2606,2739
SZ,300272,-0.17,2606,3430
SZ,000419,-2.23,2604,2604
SH,688727,1.37,2601,21635
SH,601996,-2.92,2601,2601
SZ,301535,-1.79,2600,6511
SZ,000972,-1.74,2599,2599
SZ,300477,-0.75,2596,2809
SZ,002136,-1.05,2595,2602
SH,603030,-3.42,2594,2594
SH,603586,-0.89,2594,2594
SZ,300853,-0.14,2593,3875
SH,603107,-1.73,2592,4008
SH,688619,-0.42,2591,2591
SH,688589,-0.55,2587,2587
SH,600358,-2.65,2585,5955
SZ,002658,-0.95,2585,4584
SH,688529,-3.69,2583,2583
SH,688246,-2.23,2582,2582
SH,600537,-2.23,2580,2580
SH,688316,-1.78,2579,2579
SZ,000812,-3.39,2578,2579
SH,600250,-2.48,2577,2577
SZ,300991,0.61,2574,4023
SZ,920019,3.72,2572,3228
SZ,300536,-1.34,2569,2569
SH,603863,-2.4,2566,2566
SH,603839,-2.06,2562,2562
SZ,300141,-1.94,2561,2594
SZ,300789,-5.71,2552,2630
SH,601010,-2.75,2550,2550
SZ,002952,-1.52,2550,3183
SZ,300591,-2.14,2548,2949
SH,603017,-2.11,2546,2546
SZ,002613,-1.49,2545,3621
SH,603628,-1.57,2545,2549
SZ,300485,2.2,2544,4475
SZ,002453,-4.08,2543,3428
SH,603677,-0.82,2542,2542
SZ,002769,-2.29,2536,2539
SZ,300097,-1.56,2535,2709
SZ,920190,-2.96,2535,2549
SZ,000019,-3.17,2535,7019
SH,603779,-2.67,2534,2534
SZ,301221,-2.57,2532,3724
SZ,920571,-0.57,2532,4749
SZ,002388,-0.39,2531,2553
SH,688129,0.05,2528,2528
SZ,002712,-3.3,2526,2542
SH,603886,-1.21,2525,2525
SZ,000153,-1.07,2524,2556
SZ,000826,3.51,2523,2523
SZ,300334,-0.59,2522,2522
SZ,300288,-2.28,2520,3319
SZ,002599,-2.86,2517,3292
SH,601007,-1.67,2516,2516
SZ,300952,-1.39,2515,4091
SZ,002103,-1.51,2515,3462
SZ,920002,0.53,2515,3592
SH,605266,-0.66,2511,2511
SZ,002983,0.1,2511,4371
SH,688369,-8.71,2508,2508
SZ,301337,-1.47,2507,2562
SZ,001300,-2.64,2506,2506
SZ,300562,0.47,2502,3276
SZ,000565,-2.19,2502,2502
SZ,300636,-0.57,2498,2856
SH,600793,-2.48,2498,2498
SZ,301380,-1.77,2497,3136
SZ,920402,-2.96,2494,3858
SZ,300849,0.13,2493,3392
SZ,301046,-0.92,2491,3225
SH,600257,-1.7,2488,2488
SH,603331,-0.23,2487,2487
SH,603828,-1.41,2485,2485
SH,603801,-3.2,2484,2484
SZ,300025,-3.34,2483,2493
SZ,301669,0,2482,14549
SZ,301565,-2.51,2481,7752
SZ,001282,-1.21,2480,3608
SZ,002813,-2.12,2476,2478
SZ,301178,0.61,2473,3353
SH,600289,-0.67,2473,2758
SZ,301225,2.37,2472,8098
SH,688455,-1.13,2468,2468
SZ,301040,1.48,2467,2614
SZ,002869,-3.27,2462,2765
SZ,300647,-3.74,2461,2465
SH,600381,-2.09,2460,2460
SZ,300555,-0.55,2457,2482
SZ,002172,-1.22,2456,2458
SZ,300264,-2.35,2456,2857
SH,600356,-1.19,2456,2709
SZ,300921,0.26,2454,3892
SZ,002868,-0.77,2454,3550
SZ,000545,-1.96,2454,2457
SZ,300730,-3.09,2452,2860
SH,603320,-2.2,2446,2446
SZ,001333,-2.04,2445,2445
SZ,301002,-0.68,2444,3881
SH,688468,-1.29,2443,2443
SZ,301563,1.84,2442,10802
SZ,301356,-0.09,2440,4160
SZ,300452,-0.15,2437,2877
SZ,301119,-1.75,2435,3011
SZ,002682,-2.9,2435,2435
SZ,300269,-2.93,2434,2532
SH,600858,-2.48,2432,2444
SZ,300667,-1.11,2432,2883
SZ,301125,-0.13,2431,2743
SZ,300582,-2.04,2431,3275
SZ,002700,-1.81,2428,2453
SZ,301027,0.15,2427,2944
SH,603488,-2.91,2426,2426
SH,600992,-2.55,2426,2426
SZ,300354,-1.99,2425,4126
SZ,300824,-1.91,2424,2500
SH,600560,-2.16,2422,2422
SZ,300250,-3.38,2421,3287
SZ,301592,-0.33,2421,7256
SZ,002861,-2.47,2418,2999
SZ,000707,-2.65,2418,2567
SZ,300173,-3.23,2417,2417
SZ,301531,0.76,2416,11325
SZ,002391,-1.69,2409,3371
SZ,301025,-2.9,2408,3479
SH,603059,-1.06,2407,2411
SZ,003023,1.87,2406,2411
SZ,301043,-1.89,2406,2883
SH,605199,0,2405,2405
SH,603076,-1.77,2404,2404
SZ,002806,-0.35,2399,2928
SZ,002593,-2.05,2399,3441
SH,603797,1.46,2399,2399
SZ,002442,-2,2399,2456
SH,603917,-0.75,2395,2395
SZ,300365,-2.89,2395,2807
SZ,002879,-3.1,2392,3368
SH,605033,-2.47,2392,2392
SH,605151,-1.21,2391,2391
SZ,002330,-1.82,2388,2389
SH,600613,-0.39,2387,2660
SZ,301397,-2.81,2385,5216
SZ,300701,-2.06,2385,2645
SZ,301262,-3.26,2385,8148
SH,603289,-2.04,2385,2385
SH,600573,-1.64,2383,2383
SH,603818,-1.41,2382,2382
SZ,000669,-0.84,2381,2381
SZ,300988,-1,2381,2893
SH,605258,0.63,2380,2380
SZ,002058,-0.17,2380,2386
SH,603136,-1.44,2380,2380
SZ,000430,-1.82,2379,5198
SZ,002855,-2.61,2376,2378
SZ,300993,-1,2373,3023
SZ,002343,-3.28,2368,2368
SZ,000014,-3.16,2367,2367
SZ,002729,-2.02,2367,2468
SH,603375,0.03,2366,3735
SZ,301106,-1.71,2366,2366
SZ,000790,-0.51,2366,2370
SZ,920125,4.74,2365,8058
SZ,301279,-1.08,2365,3054
SZ,300690,-1.62,2363,3502
SZ,301528,1.05,2361,4582
SZ,002431,-1.49,2361,2361
SZ,002098,-2.65,2359,2359
SZ,300092,-2.42,2357,3076
SZ,301108,-1.27,2357,4091
SZ,301122,0,2356,3808
SZ,002574,-2.82,2355,2355
SH,603086,-2.69,2352,2352
SH,688560,-1.01,2349,2349
SZ,000752,0.45,2347,2347
SH,603373,-2.58,2344,5549
SZ,300796,-2.54,2344,2344
SZ,301387,1.69,2340,5884
SH,603332,-1.81,2337,2337
SZ,300805,-2.98,2336,3438
SZ,002184,-1.41,2334,3417
SH,688244,-3.73,2334,2334
SZ,002660,-2.43,2332,2425
SZ,001376,-3.36,2331,5019
SH,688026,8.07,2329,2330
SZ,002576,-1.09,2328,2372
SZ,002319,-2.1,2327,2327
SH,603557,0,2325,2325
SZ,301118,-0.22,2324,2416
SH,600753,-0.68,2321,2321
SZ,300658,-0.93,2321,3497
SZ,300426,-3,2320,2612
SZ,000715,-1.44,2320,2578
SH,600463,-2.76,2319,2319
SZ,002828,-3.67,2317,2317
SZ,300898,-0.73,2316,2502
SZ,002496,-3.91,2315,2955
SZ,000635,-2.91,2315,2487
SZ,001219,-1.69,2313,2371
SZ,301283,-0.66,2312,2942
SZ,301665,-1.5,2312,9986
SZ,300198,-2.16,2309,2321
SZ,300583,0.57,2308,2352
SZ,301317,0.25,2308,6951
SZ,300649,4.82,2308,2880
SZ,300235,0.18,2308,2860
SH,603307,-1.28,2305,2342
SH,600892,-10.03,2304,2305
SZ,001201,-0.77,2302,2946
SZ,300965,-1.86,2302,2554
SZ,301059,-1.06,2301,2575
SZ,002114,-0.55,2296,2296
SH,600319,-3.26,2295,2295
SZ,301195,-1.5,2295,3456
SZ,301588,2.62,2295,3718
SZ,002932,-1.27,2293,3416
SH,688718,-0.37,2292,2292
SZ,300987,-3,2290,2290
SH,600359,-2.27,2289,2289
SZ,300275,-2.65,2288,2596
SZ,300786,0.9,2287,2874
SH,603937,-1.61,2285,2285
SZ,300891,-2.55,2284,2740
SZ,300340,-1.75,2283,2301
SZ,300956,-2.77,2283,2337
SZ,002661,-1.72,2282,2396
SZ,000554,-1.39,2282,3032
SZ,002887,-2.41,2281,3213
SH,688201,-1.77,2280,2280
SZ,300931,0.34,2280,2835
SH,603787,-1.68,2278,2278
SZ,300694,-0.84,2278,2281
SH,603407,-0.1,2278,25876
SZ,000055,-2.31,2278,3619
SH,688178,-1.32,2277,2277
SZ,300422,-2.64,2273,2349
SZ,002890,-0.27,2270,2388
SZ,300211,-2.8,2268,2310
SH,603378,-0.93,2267,2267
SZ,920971,-1.19,2266,2749
SH,603721,-3.16,2266,2266
SH,688597,0.15,2265,2265
SH,605003,-4.71,2264,2264
SH,688501,-2.1,2263,2263
SZ,002908,-4.34,2262,3033
SZ,002420,-1.4,2262,2299
SH,688113,-2.11,2260,2260
SZ,301185,-3.37,2260,2501
SH,600854,-1.8,2260,2260
SZ,001368,-1.96,2259,2364
SZ,002767,-2.08,2257,2600
SZ,920510,1.65,2255,4414
SZ,000586,-1.08,2254,2281
SZ,300752,-0.29,2254,3261
SH,603188,-2.7,2252,2252
SZ,300464,-0.93,2252,2963
SZ,002069,-2.75,2251,2254
SZ,300771,-3.48,2250,2856
SZ,301258,0.64,2250,2316
SZ,301072,-0.52,2249,3518
SZ,300411,-1.62,2244,2951
SZ,300512,-2.11,2238,2828
SH,603180,-2.87,2237,2237
SH,605069,-2.84,2236,2236
SZ,002377,-2.65,2233,2346
SZ,300205,-0.75,2232,2232
SH,600239,-2.1,2232,2232
SH,603700,-0.97,2232,2232
SZ,001205,-1.53,2229,2517
SH,600423,-1.4,2228,2228
SZ,000573,-2.48,2228,2247
SZ,300916,8.36,2227,3448
SZ,300829,-1.86,2224,3225
SZ,301088,-1.65,2224,2696
SH,688197,6.4,2223,5165
SH,603096,-2.43,2223,2223
SH,603172,-1.93,2219,2219
SZ,002775,-2.29,2219,2465
SH,600302,-3.16,2218,2218
SZ,002084,-2.81,2217,2222
SZ,002723,-1.4,2216,2323
SZ,920060,4.01,2216,3553
SZ,002397,-2.83,2216,2557
SZ,002963,-6.97,2214,2706
SZ,300565,-1.31,2214,2422
SZ,301079,-1.12,2213,3120
SZ,920344,2.75,2213,2370
SZ,001367,-0.21,2213,2771
SH,603183,-2.62,2212,2212
SZ,300513,-2.48,2210,2212
SZ,300800,-1.56,2210,2233
SZ,001259,-0.38,2209,3420
SH,600540,-3.05,2209,2209
SH,603755,-2.73,2209,2209
SZ,000955,-2.6,2207,2207
SH,600182,-0.75,2207,4413
SZ,920261,1.63,2203,4003
SZ,300546,-7.21,2202,3062
SH,603285,-1.47,2201,5653
SZ,002762,10.04,2200,3685
SH,600833,-1.49,2200,2200
SZ,002836,-2.44,2198,2198
SZ,002771,-2.69,2197,2641
SH,688721,1.33,2192,5307
SZ,301019,-1.75,2192,2989
SH,603959,0.9,2192,2192
SH,600281,-1.83,2191,2191
SH,688272,0.52,2191,2191
SZ,300774,2.98,2190,4386
SH,600232,-2.27,2185,2185
SH,603091,0.53,2184,7102
SZ,300612,-3.06,2184,2196
SZ,002763,-0.82,2183,2947
SZ,300884,-2.39,2182,2894
SZ,300780,0.25,2181,2974
SZ,301290,0.74,2179,2743
SZ,300165,0.78,2178,2567
SZ,300599,1.22,2177,4147
SH,688737,-2.14,2175,2175
SZ,002900,10.04,2172,4264
SZ,001228,-0.9,2168,2820
SZ,300989,3.5,2165,2798
SZ,300107,-1.57,2164,3506
SZ,002742,10.13,2164,2825
SZ,000692,-4.24,2163,2163
SH,600533,-4.62,2163,2163
SZ,300732,-2.49,2162,2164
SH,603079,-0.43,2161,2161
SZ,002492,-3.37,2160,2199
SH,603880,3.18,2159,2159
SZ,001393,-0.01,2157,11195
SZ,300703,-2.98,2157,2340
SZ,002234,-1.51,2155,2495
SH,688581,-2,2153,4222
SH,601083,-0.97,2153,14352
SZ,002702,-1.46,2152,2607
SH,603117,-2.17,2151,2151
SZ,002633,-2.5,2151,2159
SH,688355,-0.05,2151,2151
SH,603102,-1.51,2149,2149
SZ,301220,-0.82,2147,3110
SH,605336,1.39,2146,2146
SZ,002852,-3.46,2144,2580
SH,688648,-1.87,2143,4192
SZ,301011,-2.85,2143,2257
SZ,002825,-1.75,2143,2855
SZ,301596,-1.53,2137,5265
SZ,000757,1.52,2136,2136
SH,603193,-2.21,2135,8359
SZ,301331,-0.42,2135,2140
SH,688623,-0.07,2135,5139
SZ,002848,1.1,2134,2156
SZ,300484,-1.15,2133,2656
SH,603536,-2.09,2131,2147
SH,603578,-0.91,2126,2760
SZ,300808,-3.96,2126,2861
SH,603377,-2.32,2125,2125
SZ,002295,-1.39,2124,2125
SZ,300980,-0.91,2121,2978
SH,688811,-0.72,2120,11544
SZ,001365,-1.41,2119,19346
SH,603151,-1.89,2119,2119
SZ,002998,-0.62,2118,2778
SZ,920017,2.01,2117,2140
SZ,920961,-0.92,2115,2907
SZ,001230,0.21,2114,3609
SH,603021,-2.64,2112,2112
SZ,300673,0.15,2110,3252
SH,603023,-2.32,2110,2110
SZ,300922,-2.27,2106,2685
SZ,001332,0.55,2104,4843
SH,605001,-2.18,2102,2102
SZ,301117,-2.46,2102,3280
SH,688517,-1.72,2100,2100
SZ,002991,-1.14,2097,3915
SZ,002864,-0.13,2096,2906
SZ,002076,-4.28,2095,2229
SZ,301332,-3.99,2095,3651
SZ,300970,-2.22,2093,2712
SH,600148,-2.37,2093,2093
SZ,300637,-0.77,2090,2092
SZ,002857,-2.39,2090,2123
SH,600965,-3.03,2088,2088
SZ,300778,-0.67,2087,2088
SH,603381,-1.27,2087,3483
SH,600241,-2.74,2084,2084
SH,600439,-3.15,2083,2083
SZ,000590,0.81,2082,2083
SH,688156,0.49,2082,2082
SZ,300665,-0.41,2080,2190
SZ,300710,-1.82,2079,2774
SZ,002942,-1.31,2077,2328
SH,600272,10.01,2075,3407
SZ,001390,-2.66,2075,3494
SH,603176,-1.96,2074,2134
SZ,002671,-2.83,2073,2112
SZ,300375,-1.76,2072,2973
SH,603321,-1.79,2071,2097
SH,688426,0.65,2071,2076
SZ,002253,-1.68,2070,2225
SZ,002614,-1.87,2070,2925
SH,603356,-1.14,2069,2069
SH,688613,0.6,2069,2069
SZ,000679,-3.64,2067,2067
SZ,002918,-1.12,2067,3945
SZ,002687,0,2067,2524
SZ,300947,-2.56,2065,2066
SH,603238,-2.59,2063,2063
SZ,002799,-2.41,2061,2061
SZ,002732,-2.44,2060,2071
SH,603382,-2.51,2059,3232
SH,603089,-2.16,2057,2363
SZ,300295,-0.56,2056,2327
SH,688755,2.35,2054,2942
SH,603326,-3.3,2049,2049
SZ,301141,10.02,2048,5705
SZ,920978,-1.11,2046,3649
SZ,300960,-2.07,2043,2254
SZ,920247,-3.99,2042,2815
SH,603262,-4.3,2041,7824
SZ,300966,0.8,2041,3069
SZ,301161,-0.07,2040,3172
SZ,300387,-2.07,2040,2041
SZ,920699,-6.35,2040,4459
SZ,000953,-0.88,2039,2039
SH,688060,-4.18,2039,2039
SZ,920111,0.26,2039,4202
SZ,300509,-1.07,2036,2442
SH,600615,-1.62,2034,2037
SZ,300753,0.57,2030,2912
SZ,300013,-3.18,2030,2032
SH,603329,-1.98,2029,2458
SZ,002666,-2.16,2028,3191
SH,600371,-2.25,2028,2028
SH,688203,-1.47,2027,2027
SZ,300335,-2.58,2021,2509
SZ,002329,-3.42,2020,2580
SZ,000952,-0.16,2019,2019
SZ,300112,0.47,2017,2445
SH,603968,-1.88,2016,2016
SZ,002679,-2.61,2016,2016
SZ,301212,-1.18,2016,2322
SZ,300597,-3.25,2014,2022
SZ,300844,-1.4,2011,2086
SZ,000605,-1.88,2010,2010
SH,688013,-0.47,2007,2007
SH,603900,-2.33,2005,2006
SH,688132,-2.29,2005,2005
SZ,301428,-2.37,2003,2839
SH,603825,-1.49,2001,2001
SH,603182,-0.15,2001,2001
SZ,920208,-1.5,1995,2304
SZ,002656,-1.68,1991,2066
SH,688096,-2.4,1989,1989
SH,605180,-1.41,1989,1989
SZ,002995,-2.47,1988,3137
SH,603922,-0.62,1987,1987
SH,603616,-2.07,1987,2002
SH,688038,-8.07,1985,1985
SZ,300350,-3.21,1985,2366
SZ,300240,-2.84,1984,2029
SZ,300396,3.56,1982,1985
SH,600774,-2.03,1982,1983
SZ,001266,-0.66,1978,3526
SH,600159,-4.02,1975,1975
SZ,300176,-2.48,1975,1975
SZ,300074,-3.22,1974,1976
SZ,920879,0.08,1971,2633
SZ,300935,-3.39,1970,2597
SH,600802,-3.58,1970,1970
SZ,000056,5.83,1970,2578
SH,600287,-3,1970,1970
SZ,002105,-2.16,1968,1978
SZ,301557,1.83,1966,4904
SZ,300412,-1.63,1965,2091
SZ,002133,-3.03,1963,1974
SH,603435,2.52,1963,25254
SH,603982,-2.02,1963,2110
SH,600097,-2.39,1961,1961
SZ,002615,-1.81,1961,3633
SH,603385,-1.71,1960,1960
SH,603168,-1.67,1959,1968
SZ,000909,-1.75,1957,1957
SZ,000020,-2.43,1955,3055
SZ,000633,-2.49,1952,1952
SZ,301371,-1.52,1952,13018
SZ,002893,-1.73,1951,2536
SZ,300106,-2.63,1951,1951
SZ,300817,-0.88,1947,3392
SZ,301299,-2.98,1945,2635
SH,600807,-2.75,1944,2185
SZ,301103,-0.67,1944,2525
SZ,001360,3.9,1940,3154
SH,600128,-2.95,1940,1978
SZ,301024,-2.32,1939,2003
SH,600678,-2.45,1937,1937
SZ,300897,-9.22,1937,3102
SH,600768,-1.15,1934,1934
SZ,301077,-1.55,1932,3442
SZ,002622,-1.28,1932,1932
SZ,301041,2.39,1931,2608
SH,600444,-0.89,1930,1930
SZ,300807,-1.5,1930,2528
SH,688118,-4.34,1929,1929
SZ,001211,-0.76,1927,2065
SZ,002999,-2.25,1927,1950
SZ,300650,-1.04,1927,2730
SZ,301599,0.11,1927,15201
SZ,300659,-4.13,1926,2651
SZ,002652,-2.58,1925,1925
SH,603270,0.78,1925,5964
SZ,300854,-2.53,1923,2359
SZ,300305,-1.31,1922,2245
SH,688193,-1.43,1920,1920
SZ,920189,1.71,1918,3196
SZ,301208,-3.45,1916,3480
SZ,301052,-3.35,1916,2364
SH,603282,-1.84,1914,1914
SH,600706,-0.78,1910,1918
SH,688657,-1.38,1910,3053
SZ,002800,-2.85,1909,1966
SH,603041,-3.16,1905,1905
SZ,002524,-2.08,1905,1927
SZ,000985,-2.25,1903,1903
SH,603810,-1.7,1903,1903
SZ,300881,-2.14,1903,3647
SZ,001237,-0.52,1898,8078
SH,600491,0,1897,1897
SZ,301318,-2.48,1894,2751
SZ,300883,0,1891,1979
SZ,001255,-1.6,1889,2127
SZ,300254,0.24,1889,2137
SH,688004,3.42,1888,1888
SZ,002486,-2.94,1887,1896
SZ,300437,-2.06,1887,2663
SZ,001260,-2.08,1886,1886
SZ,002598,-1.19,1885,2053
SZ,002205,-2.77,1884,1884
SZ,300644,-0.64,1882,2362
SZ,300543,-2.83,1881,2304
SH,603208,-2.63,1880,1880
SH,600238,-1.85,1879,1891
SZ,300906,-0.53,1878,2079
SZ,300150,-2.4,1878,2370
SH,688420,-1.34,1877,1877
SZ,301227,1.07,1877,3338
SZ,300967,-1.63,1876,2819
SZ,000995,-2.03,1875,1875
SH,605177,-1.07,1873,1891
SZ,300743,-1.53,1873,2223
SH,603506,-1.76,1872,1872
SZ,002873,-1.13,1872,1906
SZ,002972,2.21,1872,3420
SZ,920914,1.96,1869,1870
SZ,300575,-2.35,1867,2580
SZ,300423,-4.6,1863,2781
SZ,002968,-1.79,1862,1978
SH,603028,-1.94,1861,1880
SZ,002909,-2.97,1860,1907
SZ,920476,0.3,1859,1964
SZ,300941,-7.79,1859,3075
SH,688670,1.96,1859,1859
SZ,000705,-0.14,1858,2202
SH,603718,-1.03,1856,1864
SH,600051,-1.64,1856,1856
SH,605122,-1.91,1851,1851
SZ,301180,-2.33,1850,4508
SZ,920178,4.96,1850,6334
SH,600303,-2.14,1850,1866
SZ,920087,-3.33,1849,1862
SZ,301335,-0.98,1848,2672
SZ,002856,-3.42,1847,2018
SH,688616,-2.09,1844,1844
SZ,002715,-2.33,1841,1841
SH,600099,-2.43,1841,1841
SZ,002760,-1.15,1840,1840
SH,688395,-2.25,1838,1838
SH,600107,-1.15,1836,1836
SZ,301309,-1.61,1834,3044
SZ,002778,-2.16,1833,1853
SH,688051,-2.02,1833,1833
SZ,920021,-2.36,1832,2287
SZ,001268,-0.71,1826,2918
SH,603214,-2.14,1826,1826
SZ,000911,1.79,1825,1825
SZ,001234,-2.29,1825,2166
SH,603325,-0.42,1824,4269
SZ,001366,-1.98,1824,1824
SH,603120,-0.55,1822,4346
SZ,002551,-1.96,1821,2520
SH,600202,-2.25,1821,1821
SH,603177,-2.08,1819,1819
SZ,002634,0,1813,1883
SH,603879,0,1811,1811
SZ,300076,0.71,1810,1810
SZ,000702,-2.42,1809,1809
SZ,002696,-1.8,1808,1871
SZ,002753,-1.6,1804,2615
SZ,301056,-2.56,1804,2735
SZ,002820,-2.49,1802,1802
SH,600080,-1.42,1799,1799
SZ,002817,-1.26,1798,1854
SH,688092,-2.11,1796,1796
SZ,002159,-1.73,1796,2300
SZ,001356,-1.61,1795,4997
SZ,300992,-0.94,1795,2193
SH,688189,1.08,1790,1790
SH,603418,-1.18,1787,8339
SZ,920405,-0.52,1786,2293
SH,603029,-1.33,1785,1785
SZ,300675,-2.48,1783,1783
SH,600149,-2.69,1783,1783
SH,600082,-3.43,1782,1816
SZ,301138,-0.72,1780,3115
SZ,003030,-0.8,1777,2739
SZ,300030,-1.2,1772,2013
SH,688288,-2.63,1770,1770
SZ,002535,-2.86,1769,1900
SZ,301010,-1.91,1767,1767
SH,600165,-2.42,1766,3894
SZ,300538,4.89,1765,2654
SH,603709,-1.98,1765,1771
SZ,300645,-3.64,1764,1799
SZ,920015,0.2,1763,5974
SZ,301231,-3.75,1760,2270
SH,688393,-0.36,1760,1760
SZ,300642,-0.84,1759,2072
SZ,002529,-2.02,1758,1758
SZ,002630,-1.8,1755,1925
SZ,301556,-5.32,1754,5074
SZ,301067,-1.36,1750,2666
SZ,000856,-2.02,1750,1750
SZ,300961,0.7,1749,2040
SH,603272,-2.25,1747,1747
SZ,301121,-0.49,1743,3330
SZ,301062,-2.9,1742,2743
SH,600818,-1.34,1742,2353
SZ,301360,1.57,1742,3569
SZ,301585,-0.34,1740,2657
SZ,003038,-1.29,1740,2585
SH,605567,-1.92,1728,1728
SH,688435,-3.14,1726,2571
SZ,003005,-2.22,1726,3145
SZ,300923,-1.47,1725,1776
SH,600883,-2.13,1723,1723
SZ,301520,4.94,1723,4908
SZ,300937,-1.4,1722,2540
SZ,920339,0,1720,2506
SZ,300556,-2.39,1718,1924
SZ,300929,-2.06,1716,1809
SH,603717,-2.63,1715,1715
SZ,001285,-1.42,1714,7443
SZ,300971,-1.11,1710,2180
SZ,300472,3.12,1707,1910
SH,688759,1.94,1706,10666
SZ,002862,-2.92,1706,2249
SZ,920509,-0.82,1705,3254
SZ,301548,0.31,1703,5648
SZ,301509,5.26,1703,3615
SZ,300787,-1.24,1702,2714
SZ,002877,-2.2,1700,2516
SZ,300876,-2.28,1695,2273
SZ,300707,-1.57,1694,2052
SH,600448,-3.57,1694,1694
SZ,300837,-1.66,1692,2238
SZ,300912,-0.55,1691,2240
SZ,002780,-1.59,1691,2140
SZ,002381,-2.23,1687,2157
SH,688681,-0.48,1687,1687
SZ,003027,-2.47,1687,2103
SZ,002360,-0.18,1686,2081
SZ,001233,1.59,1686,8313
SH,603860,-1.89,1686,1686
SZ,300195,-1.28,1685,2275
SZ,002198,-1.47,1685,1685
SZ,301057,-1.6,1684,2431
SH,603257,1.41,1679,8093
SZ,301388,-2.36,1679,2367
SH,600137,-1.87,1675,1675
SZ,000639,-4.31,1673,1673
SH,603908,-1.42,1673,1673
SZ,301063,-1.36,1668,1801
SZ,301030,-3.27,1667,1670
SZ,301159,-3.12,1660,2422
SH,603255,0.33,1658,3678
SH,603022,-1.88,1658,1658
SZ,300614,-1.33,1657,1657
SZ,000619,-1.7,1656,2029
SZ,002858,-2.43,1652,2093
SZ,002211,-3.53,1652,1652
SZ,002802,-2.21,1650,1997
SH,601026,-1.32,1646,9772
SZ,002629,-0.86,1645,1934
SH,600778,-1.48,1643,1645
SZ,301595,-0.14,1642,4355
SZ,300245,-2.77,1642,1705
SH,600180,-3.2,1641,1641
SZ,002743,-3.07,1638,1641
SZ,920106,-0.07,1636,2121
SZ,301586,-1.58,1635,2565
SZ,001378,-1.16,1633,3356
SH,688078,-1.83,1631,1631
SZ,000663,-2.38,1630,1791
SH,603402,-0.73,1627,6507
SH,688450,1.68,1626,2193
SZ,300554,-0.14,1625,2346
SZ,920839,0.12,1622,2941
SZ,300950,-1.48,1616,2532
SH,688466,-0.89,1614,1614
SH,603789,-3.12,1612,1644
SZ,002620,-1.34,1612,1925
SZ,002592,-1.75,1611,1741
SZ,001386,-1.44,1611,17900
SZ,301361,-2.08,1611,3326
SZ,000929,-2.57,1610,1611
SZ,301135,-2.5,1610,2069
SZ,300169,-2.55,1608,1810
SZ,301098,-1.76,1608,1928
SZ,920174,-2.56,1605,6238
SZ,301107,1.88,1604,2774
SH,600119,-3.08,1604,1604
SZ,301618,-0.41,1601,4200
SH,603312,-1.53,1600,5027
SZ,300462,-2.35,1600,2100
SZ,300313,-2.98,1599,1942
SH,603231,-1.56,1598,2880
SH,600243,-1.61,1597,1597
SH,600697,-2.18,1596,1634
SZ,301687,1.31,1594,7514
SZ,300519,-0.91,1591,2230
SZ,301667,-2.52,1590,7482
SZ,300610,-2.34,1585,2030
SZ,003028,-1.75,1579,3218
SH,688509,-1.67,1578,3157
SZ,920026,-1.72,1575,2089
SZ,300616,-2.02,1574,2277
SZ,920892,-0.85,1570,1773
SZ,001209,-1.79,1570,2149
SZ,003042,-2.74,1567,1811
SH,600493,-2.69,1567,1567
SZ,301336,-1.66,1565,2022
SZ,300995,-2.12,1564,2373
SH,603400,-3.16,1563,5600
SZ,301032,-1.5,1562,2356
SZ,002495,-1.74,1561,2105
SZ,002789,-3.94,1560,1591
SZ,001222,-1.49,1558,2632
SZ,301456,-1.42,1557,3455
SH,688781,1.04,1553,38020
SZ,301587,-0.41,1552,3113
SZ,000632,-2.91,1550,1550
SZ,300220,-1.71,1549,1551
SZ,002910,-0.97,1548,1770
SH,600796,-1.18,1548,4307
SZ,002949,-2.39,1545,1994
SH,600561,-2.68,1542,1542
SZ,002835,-2.1,1538,2651
SZ,920038,-5.63,1537,4703
SZ,002207,-1.99,1536,1544
SH,600689,-1.45,1536,2028
SZ,300845,-2.19,1534,2194
SZ,301229,-1.24,1531,2152
SZ,301680,-1.56,1531,7542
SH,688528,-2.88,1525,1525
SZ,301023,-1.66,1525,2749
SZ,002982,-1.92,1522,2377
SH,688021,-1.96,1518,1518
SZ,301581,-0.38,1511,2858
SZ,002227,-1.75,1510,1522
SZ,001202,-2.19,1508,2152
SH,603082,-0.18,1508,6193
SZ,301166,0.79,1508,2302
SZ,001395,-1.79,1506,3284
SZ,301022,-1.57,1505,2228
SZ,301636,-3.31,1505,2578
SZ,300500,-1.85,1503,1561
SZ,301383,-2.15,1502,3473
SH,603275,-1.27,1501,5377
SZ,300306,-2.05,1497,2555
SZ,002306,-1.59,1495,1600
SZ,300514,-2.81,1490,1860
SZ,300625,-1.91,1490,2570
SH,600692,-2.98,1489,2054
SZ,920088,-1.09,1489,4026
SZ,301303,8.66,1487,5948
SZ,920821,4.45,1486,2823
SZ,002566,-0.92,1486,2121
SZ,301036,-1.53,1485,2109
SZ,920010,-1.83,1484,1998
SZ,301555,-0.32,1482,2828
SZ,301491,-2.75,1480,4992
SH,688329,-0.35,1478,1478
SZ,300813,-0.4,1475,2351
SZ,300268,-0.44,1475,1921
SZ,301210,-0.28,1473,3857
SZ,002316,-4.2,1472,1698
SZ,300977,-1.89,1470,2361
SH,600455,-0.96,1465,1465
SH,600476,-2.25,1464,1464
SZ,920953,-3.24,1464,3131
SZ,920238,-7.37,1463,7180
SZ,002790,-2.93,1463,2344
SZ,002977,-0.67,1460,2631
SZ,301276,0.85,1455,2609
SH,688067,-0.82,1455,1455
SZ,301633,-2.44,1454,3174
SZ,301683,-0.56,1454,6433
SZ,003011,-0.73,1452,1940
SZ,000677,-1.17,1443,1443
SZ,301512,-0.93,1442,2209
SZ,301390,-1.99,1441,1762
SZ,301505,-1.67,1440,1808
SZ,001296,2.92,1439,2791
SZ,301518,-2.07,1439,3563
SH,688793,-2.8,1438,1438
SH,603395,-1.37,1435,5741
SZ,300314,-0.39,1433,2871
SZ,002144,-1.6,1433,1840
SZ,920751,0.12,1431,1495
SZ,301130,-0.73,1431,1854
SZ,002513,-3.51,1425,1852
SZ,300167,-3.59,1423,1674
SZ,301558,-2.25,1422,5112
SZ,301203,0,1417,2586
SZ,002247,-3.07,1416,1872
SZ,003008,-1.35,1415,1893
SZ,301167,-0.88,1412,1496
SZ,300892,-0.76,1409,2183
SZ,301560,-1.28,1405,2798
SZ,301100,-2.15,1405,3185
SZ,000010,-2.54,1404,1759
SZ,300621,-2.8,1404,1442
SH,603062,-1.35,1397,4069
SZ,001226,-1.19,1396,3072
SZ,920200,-0.84,1393,3189
SZ,301129,-2.08,1389,2796
SZ,002691,-2.81,1388,1404
SZ,300371,-1.58,1387,1994
SZ,301508,-4.18,1386,5327
SZ,300635,0,1386,1612
SH,688806,3.71,1384,12490
SZ,920857,-1.83,1380,1380
SH,603391,0.46,1377,5508
SZ,920371,-1.93,1375,1450
SZ,300549,-1.37,1372,1811
SZ,301152,-1.87,1371,2293
SZ,301278,-2.48,1370,2391
SH,688805,0.44,1368,6841
SZ,001326,0.11,1361,4148
SZ,002581,-1.16,1359,2237
SZ,000637,-3.38,1353,1929
SZ,300564,-3,1348,1921
SZ,002591,-2.89,1346,1807
SZ,001387,-1.61,1344,2112
SZ,301355,-1.83,1344,1877
SZ,920701,-4.34,1344,1840
SZ,301507,0,1343,4350
SH,603248,-1.04,1343,8639
SZ,300155,-2.15,1341,2284
SZ,301677,-2.81,1337,6236
SZ,002809,-2.95,1336,1888
SZ,300838,-1.42,1333,1808
SZ,002200,-0.57,1331,3068
SZ,300928,-1.93,1330,1985
SH,688592,-1.14,1329,2790
SZ,000610,-1.39,1328,1335
SZ,301591,0.88,1327,3247
SZ,002883,-0.57,1322,1346
SZ,301009,-1.9,1322,2379
SZ,920837,-1.01,1321,1475
SZ,301298,-0.24,1321,1792
SZ,002188,-3.01,1320,1678
SZ,301601,-1.63,1318,2191
SZ,920533,-1.57,1317,2355
SZ,301295,2.71,1317,4516
SZ,920083,1.17,1314,3085
SZ,920119,0.98,1314,4994
SZ,001239,-2.2,1309,2755
SZ,920207,-3.12,1306,2138
SZ,002494,-2.35,1305,1717
SZ,301097,0.06,1304,2718
SZ,920682,-1.7,1301,2243
SZ,920790,-3.85,1299,1887
SZ,002888,-2.36,1295,2553
SH,603293,-0.99,1292,6592
SZ,301233,0.55,1292,2354
SZ,300865,-2.21,1290,2148
SZ,301288,0.43,1290,1784
SZ,301156,-2.67,1289,2007
SZ,301131,-0.77,1289,1799
SZ,920211,5.3,1288,3822
SZ,300828,-0.9,1284,2533
SZ,301126,-0.2,1284,1912
SZ,001278,-2.2,1281,1857
SZ,001358,-1.95,1276,3085
SZ,301329,-1.27,1275,3287
SZ,300126,-1.46,1270,1833
SH,688130,1.2,1268,2542
SZ,920523,-1.44,1267,1583
SH,688089,-2.18,1266,1266
SZ,001277,-1.24,1262,2106
SZ,300994,-1.45,1260,2517
SH,688217,1.58,1257,1257
SH,688576,-0.3,1256,2629
SZ,920284,-1.83,1255,1962
SH,603352,2.41,1254,6270
SZ,920046,-1.5,1242,2246
SZ,920807,3.51,1240,1826
SZ,301584,-3.83,1237,9702
SH,600543,-1.02,1236,1236
SZ,920274,-1.48,1235,1235
SZ,920403,-6.44,1234,2076
SZ,920225,-2.42,1231,1887
SH,603207,0.18,1231,3622
SZ,301469,-0.95,1230,2390
SZ,003003,-1.68,1230,1845
SZ,301515,0,1230,1820
SZ,301503,-1.29,1229,2217
SZ,301372,-0.06,1225,2040
SZ,002830,-1.63,1224,2452
SZ,301163,-1.83,1224,1825
SZ,920039,-1.48,1218,1218
SZ,001319,-0.87,1217,2711
SZ,301272,-1.14,1214,1918
SZ,301501,-0.42,1214,4126
SH,603004,-1.19,1213,4852
SZ,920425,-0.74,1209,1469
SH,603350,-0.35,1209,3192
SH,688790,0.41,1208,9482
SH,603344,-1.36,1205,4338
SZ,920033,-1.15,1204,1732
SZ,300517,-2.05,1203,1910
SZ,920489,-0.78,1203,1890
SH,603370,-0.02,1202,6010
SZ,300430,-3.15,1195,1256
SZ,300823,-2.62,1194,1844
SZ,920505,8.43,1186,2133
SZ,920981,-2.52,1185,2355
SZ,301559,-1.86,1181,7872
SZ,301300,-1.66,1175,1967
SZ,920273,-2.83,1173,1762
SZ,301446,0.82,1171,3833
SZ,920304,-0.8,1168,1451
SH,600365,-1.43,1166,1239
SZ,300405,-1.83,1166,1516
SZ,301378,-2.86,1165,2451
SZ,300535,-1.64,1163,1534
SH,603276,1.45,1162,3196
SZ,920171,-2.38,1161,1720
SH,688184,-0.41,1159,1851
SZ,300930,-1.08,1159,2459
SZ,301001,-2.37,1156,1839
SZ,920089,-0.28,1155,2027
SZ,920249,-1.07,1142,3862
SZ,301083,-1.91,1137,2362
SZ,300851,-1.24,1130,1992
SZ,300899,-1.94,1130,1760
SZ,301359,-1.54,1128,1906
SZ,001373,-0.88,1127,1844
SZ,300915,-0.95,1127,2464
SZ,920130,1.03,1126,1813
SZ,920152,-1.36,1125,1508
SZ,300713,-2.09,1124,1997
SZ,301113,0.26,1122,1853
SZ,001336,-1.13,1117,1815
SZ,920566,1.33,1113,1432
SZ,920099,-1.13,1109,1793
SZ,000820,-0.79,1108,2412
SZ,002872,-1.52,1105,1635
SZ,301006,-0.74,1102,1832
SZ,002193,2.93,1102,1102
SZ,301516,-0.94,1099,4396
SZ,301632,-2.4,1099,6278
SZ,920932,-3.59,1098,1326
SZ,920252,-0.98,1096,1650
SZ,300804,-2.32,1096,2950
SZ,920396,-3.26,1094,1540
SZ,301418,-0.82,1092,2720
SZ,920885,-1.11,1089,2103
SZ,920592,-4.23,1078,1732
SZ,920199,0,1077,1934
SZ,002514,-4.42,1075,1397
SZ,920526,0.05,1072,1694
SZ,920001,-0.66,1068,1822
SZ,001382,-2.2,1060,6930
SZ,300152,-3.26,1055,1055
SZ,301539,-1.12,1054,2078
SZ,300949,-2.75,1051,1839
SZ,300886,-1.67,1049,1668
SZ,920357,2.21,1048,1732
SZ,920642,-2.14,1048,1086
SZ,920184,-2.41,1043,1537
SZ,920690,-3.72,1042,1602
SZ,920924,-8.51,1039,1706
SZ,001379,-1.21,1037,3082
SZ,920985,-0.41,1033,1458
SZ,920367,5.46,1030,1739
SZ,301577,2.29,1028,2456
SH,603334,-1.93,1028,4635
SH,688701,-0.64,1025,1025
SZ,300958,-0.43,1021,1757
SZ,920429,-1.31,1018,1117
SZ,920792,-1.18,1013,1650
SH,688695,-2.61,1011,1611
SZ,920092,-3.9,1010,1939
SZ,001312,-1.06,1007,4109
SH,603729,-1.43,1006,1006
SZ,920062,-1.81,1003,1425
SZ,920419,-0.47,1000,1068
SZ,920167,-0.9,998,1680
SZ,300338,-1.37,997,1147
SZ,301513,-0.21,995,4940
SH,603359,-1.75,995,995
SZ,920575,-5.55,990,1481
SZ,920415,-2.45,987,1281
SZ,920206,-0.13,979,2546
SZ,001279,-1.08,978,3910
SZ,001231,-0.97,975,1908
SZ,920124,-0.15,974,1892
SZ,301616,-1.46,974,2743
SZ,920193,18.2,972,4294
SZ,920100,-1.24,971,3663
SH,603406,-1.99,970,10584
SH,688816,-0.35,964,5000
SZ,920098,-3,964,1416
SZ,920018,-0.76,964,2774
SZ,301399,10.03,954,3227
SZ,920012,2.39,941,2404
SZ,301459,1.78,940,3752
SZ,920223,-1.19,940,1810
SZ,920169,-2.47,938,1491
SZ,920161,0.95,937,3453
SZ,002719,-2.85,936,1007
SZ,301192,-0.98,935,1924
SZ,920436,-1.41,932,993
SH,603409,-0.74,931,3245
SZ,920651,-3.85,930,1368
SH,603190,-1.64,928,2812
SZ,301173,-0.75,928,2645
SZ,301105,-0.8,927,2340
SZ,920266,2.23,924,967
SZ,001225,-1.76,923,2877
SZ,920496,-1.39,916,1046
SZ,920028,-0.91,914,2313
SZ,920726,-1.33,908,1645
SZ,920748,-6.41,908,1891
SZ,920873,-1.18,894,1144
SZ,920275,-1.3,892,1077
SZ,300904,-1.93,887,2920
SZ,920694,0.57,886,1865
SZ,920020,0.06,883,3574
SZ,920670,-2.28,883,1407
SZ,301386,-1.79,882,2744
SZ,301519,0.52,880,1870
SZ,920227,-3.13,880,1933
SZ,920156,-0.33,879,4217
SZ,920220,-2.09,878,2803
SZ,300417,-1.13,874,1406
SZ,920541,-1.21,873,1325
SZ,301668,-3.05,870,3933
SH,603205,-1.22,864,3260
SZ,920770,-1.67,864,1373
SZ,920195,-1.36,863,1196
SZ,920693,-0.87,861,1710
SZ,301037,-2.94,851,1739
SZ,920943,0.8,850,1665
SZ,920926,-1.68,840,925
SZ,301170,-0.76,836,2201
SZ,920433,0.2,836,1264
SH,688638,-1.67,835,1767
SZ,301598,-1.07,834,2799
SZ,920027,-1.27,832,1189
SH,688573,-1.51,827,1519
SH,603376,-1.11,818,10224
SZ,920000,-3,817,1300
SZ,920855,-1.45,814,908
SZ,920663,-1.62,810,1688
SZ,920078,2.21,810,2492
SH,603075,-0.77,807,7658
SZ,301049,-1.92,807,1776
SZ,920221,-1.05,804,1545
SZ,001306,-1.57,802,3257
SH,603073,-1.24,801,1826
SZ,920478,10.14,801,1317
SZ,920976,-5.62,799,1286
SZ,920519,-1.38,788,886
SZ,920378,-1.11,787,1100
SZ,001335,-1.96,787,2888
SZ,920006,-3.29,783,1480
SZ,920556,-1.31,783,1081
SZ,920974,-1.61,782,998
SZ,001396,-1.61,772,3634
SH,603273,-2.12,772,2967
SZ,301449,-2.76,765,3400
SZ,920058,-0.46,762,1547
SZ,920260,-1.78,761,797
SZ,920689,-1.27,761,1472
SZ,920832,-0.8,758,849
SZ,920768,-0.41,755,1092
SZ,920833,-1.02,750,993
SZ,920395,-1.93,745,1082
SZ,920299,-2.14,744,1477
SH,603284,1.47,739,3019
SZ,301353,0.33,739,2300
SZ,920263,0.7,737,1016
SZ,920242,-0.84,737,1317
SZ,920870,-1.14,736,1494
SZ,920634,1.28,735,1159
SZ,301314,-0.46,733,2219
SZ,920639,-0.79,733,1244
SZ,920363,-2.06,733,1289
SZ,920685,-1.09,732,1149
SZ,920181,1.38,731,3150
SZ,920942,-2.45,721,1065
SZ,920720,-0.91,714,2556
SZ,301533,-3.26,714,2468
SZ,301552,-0.77,710,2840
SZ,301429,-2.59,710,1906
SZ,920564,-2.03,708,1540
SZ,301567,-1.29,708,2400
SZ,920081,-0.97,706,2999
SZ,920445,-1.67,697,956
SZ,001325,-1.63,694,2776
SZ,920781,-3.19,692,889
SZ,920123,-1.38,691,1186
SZ,920547,1.44,691,1421
SZ,920925,-1.88,691,1231
SZ,920370,-1.49,690,790
SZ,920706,-1.77,685,1359
SZ,920375,-2.45,683,1144
SZ,920346,-1.23,681,1224
SZ,920163,0.09,678,1438
SZ,920245,-1.38,678,881
SZ,001220,-2.32,677,2710
SZ,920475,-0.9,675,1214
SZ,920866,-4.07,671,1060
SZ,920008,-2.14,668,1250
SZ,920627,-0.96,666,1343
SZ,920579,-1.64,664,1929
SZ,920079,-2.38,663,6132
SZ,920187,-0.19,663,1806
SZ,920101,-0.4,662,2123
SZ,300784,-1.22,662,2212
SZ,920964,-2.18,660,1168
SZ,920108,0.11,658,1553
SZ,301578,-5.53,658,2314
SZ,301575,-1.2,658,3275
SZ,920204,2.27,653,1232
SZ,920608,-1.67,651,840
SZ,920175,-1.32,648,972
SZ,920527,-1.56,642,827
SZ,920876,-2.15,641,1049
SZ,920300,-0.3,641,827
SZ,920176,-3.26,638,4723
SZ,920422,-0.51,635,849
SZ,920765,-0.9,634,1044
SZ,920580,1.24,628,986
SZ,920570,-2.07,624,1227
SZ,920118,-0.85,612,1010
SZ,920278,-0.15,612,1082
SZ,920553,-1.8,610,934
SZ,920065,-2.74,608,3483
SZ,920471,-1.4,593,931
SZ,920096,1.14,590,2512
SZ,920014,-1.34,589,1070
SZ,920856,-2.04,583,1044
SZ,920719,-1.39,576,721
SZ,920992,-0.5,575,1136
SZ,920641,-1.16,575,952
SZ,920469,-3.3,574,782
SZ,920679,-0.05,574,862
SZ,920675,-0.95,573,1248
SZ,920112,0.31,572,1948
SZ,301287,-1.75,571,2236
SZ,920057,-1.41,565,879
SZ,920455,-1.02,563,1027
SZ,920665,-0.67,562,1139
SZ,920834,-0.1,561,1073
SZ,920198,-2.11,554,1268
SZ,920906,-0.95,551,1073
SZ,920271,-1.86,546,1235
SZ,920262,-0.06,546,1175
SZ,920810,0,545,838
SZ,920896,-0.23,543,1238
SZ,920075,-1.39,542,1001
SZ,920166,14.17,542,1717
SZ,920146,-0.59,539,670
SZ,920454,-0.81,539,1150
SZ,920662,3.06,537,1742
SZ,920374,-2.65,537,1316
SZ,920005,-0.27,537,2072
SZ,920871,-2.8,520,939
SZ,920050,1.25,514,1921
SZ,920023,2.14,513,625
SZ,920056,-0.71,512,1356
SZ,920267,-0.99,510,891
SZ,920826,-0.36,507,1128
SZ,920729,-0.9,507,1787
SZ,920703,-1.04,502,1423
SZ,920069,1.98,502,1800
SZ,920160,-0.85,502,2229
SZ,920753,-1.54,498,1240
SZ,920149,-1.87,495,599
SZ,920030,-1.56,494,785
SZ,920230,0.48,493,1049
SZ,920080,-0.04,491,1772
SZ,920392,-1.15,490,1042
SZ,920212,-1.04,487,1002
SZ,920145,-1.28,487,703
SZ,920258,-4.21,482,5360
SZ,920407,-1.65,481,1182
SZ,920508,-2.14,478,899
SZ,920082,0.61,474,1687
SZ,920076,0.71,473,1502
SZ,920126,-0.94,467,1946
SZ,920177,-0.82,466,1317
SH,688121,-10.27,460,530
SZ,920136,-3.94,455,1732
SZ,920351,-1.54,455,1004
SZ,920950,-0.93,453,930
SZ,920718,-1.42,450,878
SZ,920414,-1.34,450,640
SZ,920656,-0.42,448,1383
SZ,920128,0,448,1496
SZ,920091,-2.1,444,1881
SZ,920168,-1.12,443,1181
SZ,920158,-1.42,441,1649
SZ,920427,-1.37,436,884
SZ,920188,-0.17,432,1813
SZ,920180,2.29,431,1426
SZ,920016,-1.4,430,968
SZ,920110,-1.1,420,1009
SZ,920055,-2.28,417,1854
SZ,920970,-3.28,412,652
SZ,920159,-1.41,409,2158
SZ,920036,-3.49,407,1696
SZ,920957,0.54,397,998
SZ,002731,-8.5,395,441
SZ,920802,-1.13,378,855
SZ,920035,-1.81,374,1652
SZ,920218,-2.63,373,1659
SZ,920009,-1.38,366,2814
SZ,920011,-0.96,359,1597
SZ,920895,-0.94,359,707
SZ,920717,-0.24,357,924
SZ,920191,-1.99,351,1561
SZ,920121,0.79,335,1854
SZ,920066,-1.12,331,1047
SZ,920183,-0.09,328,1429
SZ,920003,-0.53,325,1515
SZ,920022,-0.2,323,1172
SZ,920222,-6.6,322,2385
SZ,920132,-2.18,310,914
SZ,301139,6.45,302,481
SZ,920504,-0.05,292,741
SZ,920931,-1.12,277,904
SH,688496,-3.4,202,383
