market,code,chg_pct,vol_rank,amt_rank
SH,601288,-0.71,2186823,2397384
SH,601398,-0.62,2140721,2829866
SH,601857,-0.98,1776285,2007740
SH,600519,-0.05,1687398,1687398
SZ,300750,-0.69,1672295,1816193
SH,601988,-0.98,1264593,1933274
SH,601138,-0.9,1102141,1102141
SZ,300308,-2.37,977391,1030045
SH,600036,0.83,824126,1007533
SH,601628,-0.17,821488,1115043
SH,601088,-2.38,735500,967349
SH,600900,0.17,713004,713004
SH,688256,-2.52,677312,677312
SH,601899,-0.81,673267,868985
SH,688041,-1.8,632220,632220
SZ,000333,0.23,604375,669693
SH,601318,0.15,586090,995558
SH,600028,0.38,500293,638487
SZ,002371,-1.43,490972,491364
SH,601728,0.32,490620,578325
SZ,300502,-2.82,482620,536496
SZ,002475,-4.53,401927,423886
SH,601166,0.42,401671,401671
SH,601658,-0.38,374243,619690
SZ,002415,1.78,346646,351198
SH,600276,0.18,345614,359603
SH,600030,-1.05,342526,416902
SH,603993,-1.07,337169,413124
SZ,002594,0.29,334889,875707
SH,603259,1.61,322763,389380
SH,601998,0,318767,435145
SH,600000,0,316739,316739
SH,688012,-2.61,315636,320877
SZ,000858,0.47,304194,304202
SZ,300059,-1.13,266265,315495
SH,600150,-0.25,264074,264074
SH,601816,0,250989,250989
SH,600183,-2.76,247711,249483
SH,601211,-0.64,246184,321550
SH,603986,-3.41,244447,256607
SH,688825,-0.3,242263,3598192
SH,601225,-0.72,238691,238691
SZ,000651,-0.37,232697,236043
SH,600309,-0.54,231968,231968
SH,688008,-2.29,229170,244340
SZ,000001,-0.51,224523,224526
SH,601601,-0.08,221300,311026
SH,600919,-0.07,216913,216913
SH,603288,0,213749,224944
SZ,002142,0.63,211710,211843
SZ,300408,1,210914,224231
SZ,002916,-1.58,201510,206468
SH,601919,0.58,197389,240015
SH,600406,0.86,196681,197260
SZ,002463,-2,195473,195631
SH,601668,0.64,195445,195445
SZ,000725,-0.53,193812,203003
SZ,300760,0,192467,192633
SH,600025,0.2,188919,188919
SZ,002938,-0.17,187986,188532
SH,601328,-0.27,186679,632685
SZ,300394,-0.67,184863,185277
SH,688072,-3.33,181701,186834
SH,601985,0.88,172593,187992
SH,600887,1.03,172328,173188
SH,600989,-1.11,168887,168887
SZ,002352,0.29,168401,184760
SH,601066,-1.31,165185,197253
SZ,300476,-0.08,164586,186955
SZ,003816,0.24,162848,209065
SZ,300274,-0.9,162611,212359
SZ,300433,-1,155353,165013
SZ,300124,0.61,155345,174505
SH,600809,-0.41,154582,154582
SH,601766,1.3,151805,179081
SH,600176,-1.89,147425,148596
SH,601818,0,147110,187301
SH,600690,0,145008,217467
SH,601100,-0.59,144541,144541
SH,601009,0.52,144530,144530
SZ,000338,4.15,144281,251517
SZ,000792,-1.27,142712,142714
SH,600111,-1,142072,142072
SH,601688,-0.96,141970,175392
SZ,002050,1.04,139964,159568
SH,600050,0.22,138527,139752
SH,601872,1.43,137509,137509
SZ,000063,-0.7,135207,160583
SH,601229,0.53,134986,134986
SH,688498,0,134209,135966
SH,600019,1.63,133410,135702
SZ,000568,-0.43,133175,133251
SH,601336,0.16,131883,197280
SH,600104,-0.08,130012,130012
SZ,002714,-0.12,128628,226359
SZ,301165,-3.74,126487,126487
SH,688111,0.82,126110,126110
SH,688082,-3.13,125731,127097
SH,601898,-1,125016,181113
SZ,000408,-1.37,124743,124744
SH,601600,-1.35,124640,161943
SH,688506,0.78,123990,123990
SZ,002281,-2.45,123989,130535
SZ,300604,-2.64,123714,160349
SZ,000776,-2,123572,163774
SH,600018,0.38,123440,123617
SH,603019,0.48,122692,122697
SH,688120,-6.21,119604,119604
SH,600660,0.02,119598,155828
SH,600926,0,119246,119246
SH,600188,-1.33,118750,199934
SH,688361,-3.75,117430,117430
SH,600346,-0.41,117201,117201
SH,600487,-0.62,116082,116685
SH,600584,-2.27,114898,114898
SH,601888,0.72,114083,121406
SH,600886,0.2,113900,122309
SZ,002493,-1.61,113551,121472
SZ,300014,-1.52,112870,116119
SH,600905,0.26,111778,111778
SH,600489,-1.95,109355,109355
SH,601869,-1.45,108708,221489
SH,603256,-3.56,108690,111762
SH,600015,0,107249,110927
SH,600089,1.19,107069,107069
SH,601698,-0.03,106497,106497
SH,600160,-1.05,105560,105560
SH,603501,-1.69,105218,109642
SZ,000166,-0.63,105015,116686
SZ,300857,-0.75,104285,104822
SH,601633,-0.35,104188,143270
SZ,300442,0.65,104162,104469
SH,601995,-0.98,102236,168809
SH,605117,-1.85,102228,102228
SH,688525,-4.18,102099,102099
SH,601939,-2.11,101885,2778196
SH,600547,-0.52,101385,129309
SZ,300033,-1.68,101273,173860
SH,688521,-1.63,99840,99840
SH,601012,0.85,99273,99273
SZ,000938,-0.56,99216,99216
SZ,002736,-0.47,98720,105183
SH,601006,0,98719,98719
SZ,301200,-1.4,97686,112335
SH,600522,-0.73,96621,96621
SZ,002028,1.07,96617,123787
SH,600938,-0.55,95919,1524761
SH,688271,-0.44,94778,94778
SZ,301308,-3.79,94088,141226
SZ,000988,-1.86,94057,94105
SZ,000538,0.3,94001,94602
SH,601390,0.22,93897,113335
SZ,000100,-1.68,93550,96724
SH,688347,-4.13,92983,396271
SZ,002230,0.26,92701,101680
SZ,002602,0.59,92573,100389
SH,600893,-0.19,92347,92363
SZ,002353,-2,91210,135139
SH,601168,-0.61,91031,91031
SZ,000895,1.04,90970,90982
SH,600795,0.39,90962,90962
SH,601881,-0.7,90832,137117
SZ,000617,-0.41,90644,90644
SZ,002001,-0.92,90286,91373
SZ,000807,-2.28,90201,90202
SH,605499,-1.92,90100,97854
SH,600362,-0.84,89049,148586
SH,601727,1.59,88436,108936
SZ,002600,-1.44,87983,99229
SH,600941,-0.39,87587,2103752
SH,600236,2.03,87021,87021
SH,600673,1.62,86505,86735
SH,601868,0.77,84963,115909
SZ,002648,-0.66,84903,84957
SH,600436,0.19,84283,84283
SZ,300498,0.07,83837,93820
SZ,001289,0.48,83696,138773
SZ,002156,-3.02,83475,83483
SH,601689,1.56,82339,82339
SZ,002311,-0.19,81643,81722
SZ,002027,-0.17,81021,81021
SZ,000425,-0.32,80375,104581
SH,603893,0.35,79779,79789
SH,600011,0.14,79184,113026
SH,600039,0.22,78695,78695
SH,688183,-0.73,78566,78566
SH,601838,-0.31,78157,78157
SZ,000301,-1.01,76988,77021
SH,600674,-0.24,76873,76873
SH,603195,1.99,76615,76755
SZ,000708,-0.19,75455,75455
SH,601800,0.32,74440,102958
SH,601991,1.52,74377,111040
SH,603799,-1.77,73994,74226
SH,601186,0.31,73966,87316
SH,600585,0.16,73941,98101
SH,688036,-0.72,73676,73676
SH,601111,0.8,73320,129103
SH,600549,-0.27,72910,74490
SH,688249,-2.81,72675,80500
SH,688777,-1.43,72249,72615
SZ,300015,-0.21,72092,84254
SH,600066,0.78,71842,71842
SZ,002241,-1.51,71565,80814
SH,603228,0.14,71483,72887
SH,688396,-1.08,71338,71338
SH,600029,0.76,71293,95860
SZ,000657,-1.04,71205,111629
SH,601179,3.9,71045,71045
SZ,002080,-2.17,70817,70817
SZ,002179,-0.99,70650,70778
SH,600010,0.9,70466,101759
SH,600415,0.16,70299,70299
SZ,001965,0,68698,68698
SH,688702,-1.15,68674,138707
SH,601018,0.86,68285,68285
SH,600958,-0.53,68271,77659
SH,600023,-0.58,67580,67580
SZ,301217,-1.35,67565,67565
SH,600118,-0.95,67272,67272
SH,601958,-0.8,67178,67178
SZ,300757,-0.65,67108,69189
SH,688002,-0.45,66342,66342
SZ,002625,-0.41,66253,66254
SH,601360,1.29,66146,66146
SH,688126,-1.61,65652,76346
SZ,000625,0.38,65311,78312
SZ,002466,-2.88,64991,75450
SZ,002304,0.56,64987,64988
SH,601916,-0.65,64849,82669
SH,603296,-0.11,64830,123085
SH,600988,-1.51,64826,74040
SH,600115,1.07,64354,83492
SH,601669,0.61,64312,84753
SH,600233,-0.41,64303,64303
SH,688585,1.14,64243,64243
SH,600026,-0.58,64195,91752
SH,600048,0.38,63443,63443
SZ,300475,-3.4,63374,66121
SZ,002202,0.92,62427,78394
SH,688629,-2.62,61902,62877
SZ,001309,-3.19,61650,84743
SZ,001979,0,61645,62661
SH,600009,0.65,61609,61810
SH,600482,0.07,60744,60744
SZ,002595,0.29,60283,60703
SZ,002128,-0.95,59895,83539
SH,600703,-2.2,59719,59719
SZ,000703,-2.72,59507,59807
SH,601077,-0.58,59393,76319
SH,600426,0,59253,59261
SH,688037,-0.49,58900,58900
SH,688172,-1.93,58859,70096
SH,600221,0,58698,59205
SZ,002460,-2.69,58587,101417
SZ,000768,-0.37,58388,58476
SH,601901,-0.27,58283,58283
SH,600875,2.55,58259,89018
SZ,000975,-1.87,57883,63602
SH,600418,0.72,57789,59646
SH,601061,-0.92,57673,57673
SZ,000933,-1.75,57560,57597
SH,601788,-0.53,57507,67871
SZ,000021,-2.09,57378,57386
SH,688017,2.68,57162,57162
SZ,300661,-1.11,56959,64887
SZ,002422,0.55,56723,69485
SZ,000960,1.03,56685,56685
SZ,002558,0.31,55820,55820
SH,600885,1.35,55698,55698
SH,600350,0.88,55356,55356
SZ,000426,-2.41,55085,55098
SH,600803,0.73,55076,55507
SZ,000636,-3.74,54958,54958
SH,600372,-0.25,54728,54728
SZ,002920,-0.88,54668,54686
SH,601877,0.63,54541,54541
SH,600438,3.08,54204,54204
SH,600096,-0.46,54198,54198
SZ,002049,-1.53,53977,53984
SZ,000157,0.39,53942,65988
SZ,300765,0.47,53655,53655
SH,601059,-0.17,53639,53639
SH,600219,-1.05,53629,53629
SZ,002532,-1.58,53348,60127
SZ,002064,-1.99,53283,53397
SH,601233,-0.03,53169,53266
SZ,002709,-1.53,53102,71737
SH,600741,-0.58,52840,52840
SH,688019,-2.26,52778,52778
SZ,300759,0.98,52768,68273
SZ,300223,-2.48,52142,59805
SZ,300450,-1.35,52069,55902
SH,601231,-0.99,51959,51959
SH,601377,-0.65,51816,51816
SZ,001872,0.5,51225,55228
SH,600580,3.76,51215,51362
SZ,002185,-1.02,50870,50882
SH,688519,-1.37,50564,50564
SZ,000831,-0.66,50408,50408
SZ,300285,-4.84,50392,58856
SZ,300058,0.7,50256,51879
SZ,300418,-1.19,50163,54845
SZ,300054,-1.85,50090,64250
SH,603659,-1.88,50067,50067
SH,688141,-2.98,49851,49851
SZ,300620,-1.89,49767,50185
SH,688578,-0.98,49545,49545
SZ,000963,-2.94,49523,49543
SH,600196,0.3,49361,62221
SH,688766,-6.72,49221,49221
SH,603156,0.39,49000,49000
SZ,300803,-1.79,48990,49350
SZ,002074,-1.43,48872,51066
SH,600895,-1.86,48861,48861
SH,601618,0.37,48738,56488
SH,601298,-0.65,48421,58290
SZ,002851,-1.51,48383,61327
SH,600879,-0.4,47906,47906
SH,601117,-0.12,47670,47807
SZ,301269,-0.48,47649,47649
SZ,300316,-0.69,47206,50194
SH,601607,0.18,47110,62634
SZ,002484,-2.27,47070,48795
SZ,301358,-3.08,46915,52034
SZ,000783,-1.62,46784,46784
SH,600377,0.99,46767,61964
SH,600460,-1.09,46511,46511
SH,601058,-0.41,46362,46362
SH,603129,-1.61,46237,46237
SH,601021,1.31,46080,46080
SH,600930,0.71,45981,178537
SH,600497,-0.76,45767,45767
SH,600105,-2.3,45760,45760
SH,603979,-2.17,45300,45300
SZ,002428,3.48,45242,45248
SH,688469,-1.78,44963,64211
SH,688223,0.69,44877,44877
SZ,300373,-1.42,44846,44946
SH,601699,-0.98,44722,44722
SZ,300666,-0.93,44555,55608
SH,688110,-1.42,44543,44543
SH,600027,0.42,44512,56085
SH,600570,1.75,44160,44160
SH,688009,0.2,44140,54220
SH,688375,1.13,43688,43688
SH,601878,-0.3,43543,43543
SZ,000999,1.36,43496,43536
SZ,301526,-5.3,42539,114220
SZ,002812,-1.87,42447,50636
SZ,002414,-1.58,42177,53000
SH,600352,-2.47,42131,42131
SH,688187,2.45,42090,64459
SH,688047,-1.46,42025,42025
SZ,300567,-3.13,42006,51756
SH,688630,-2.1,41944,46644
SZ,300979,1.04,41883,41884
SH,600378,-2.02,41873,50362
SH,600726,-0.52,41712,44123
SH,688099,0.89,41600,41600
SH,600061,-0.3,41562,41562
SH,600642,-0.69,41548,41551
SH,600498,-1.5,41442,44263
SH,688313,1.82,41438,41438
SH,600021,1.45,41425,41425
SZ,002436,-1.04,41318,46265
SZ,002409,-3.27,41220,61590
SH,601238,1.09,41201,56900
SH,600995,0.08,41165,41165
SH,600143,0.39,40892,41490
SZ,000893,-2.96,40850,46498
SZ,002203,0.16,40703,42168
SZ,300548,-1.77,40601,40683
SZ,002078,0.27,40549,40800
SH,600985,-0.39,40534,40534
SH,688331,0.23,40327,63961
SH,601555,-0.11,40296,40296
SH,600600,1.36,40250,77432
SZ,002236,0.66,40243,55022
SH,600845,0.91,40035,53614
SH,601216,-0.2,39912,39912
SH,603260,0.51,39852,39852
SH,601136,-0.67,39715,39715
SZ,002945,-0.06,39501,39501
SH,688048,-1.78,39363,39363
SZ,000987,-0.12,39355,39384
SH,600968,-0.76,39339,39339
SH,601456,-0.43,39262,50955
SH,688147,-2.27,39182,39182
SH,688303,1.27,39152,39152
SH,600588,3.16,39056,39056
SH,688220,-0.48,38998,38998
SH,603392,0.1,38728,38728
SZ,000596,-0.25,38694,50058
SH,601108,-0.59,38683,38683
SH,603087,0.19,38641,41174
SZ,300972,-2.51,38617,42032
SH,600578,-0.16,38494,38494
SZ,002850,0.65,38473,52542
SH,601577,0.31,38438,38446
SH,688472,0.38,38362,38362
SH,603806,-0.06,38244,38244
SZ,002195,0.15,38244,38589
SH,600601,-0.86,37991,38934
SZ,300866,0.8,37827,72110
SZ,300115,1.02,37815,37927
SH,600909,-1.56,37782,37782
SH,688627,-2.52,37771,37771
SZ,000559,0.98,37585,37596
SH,601777,-0.23,37570,37570
SZ,002966,-0.11,37274,37911
SH,601808,-0.78,37095,59788
SZ,000983,0.15,36958,36958
SZ,002294,-0.53,36892,36900
SH,601212,-0.19,36876,36876
SH,688234,-1.14,36805,41508
SZ,300395,-1.32,36801,37747
SZ,300001,1.31,36669,37527
SH,603298,-0.35,36662,36662
SH,688336,-0.04,36548,36548
SZ,300919,-2.08,36451,41622
SH,600733,0.17,36451,38394
SH,603629,4.99,36361,36966
SH,688146,-5.74,36344,132724
SH,603379,-1.32,36324,36324
SH,600298,0.81,36223,36675
SH,600085,0.3,36207,36207
SZ,002636,-2.02,36071,36254
SH,600392,-0.71,36021,36021
SH,603369,0.1,35821,35821
SH,688432,-1.98,35759,35759
SZ,300390,-2.15,35671,44080
SZ,002155,-1.03,35641,35644
SZ,000423,2.05,35601,35664
SZ,002129,-0.33,35550,35579
SH,603268,-1.04,35221,153826
SH,600177,-0.5,35172,36109
SH,600060,-0.43,35170,35299
SH,603083,-2.12,35129,46941
SH,605376,-1.5,35109,35109
SH,600667,-2.83,35012,35012
SZ,002032,0,34850,34865
SH,688122,1.73,34848,34848
SH,603699,0.61,34768,35554
SH,600157,0.63,34690,34690
SZ,300454,0.61,34687,51977
SH,600256,-0.54,34645,34645
SZ,002273,0.36,34570,35294
SH,688295,-0.74,34470,34470
SH,601208,-1.3,34225,34225
SZ,002252,0.19,34193,34216
SZ,302132,-0.55,34103,155489
SZ,002444,-0.76,34069,35488
SZ,301377,-1.77,33994,145812
SH,688775,2.53,33981,52539
SZ,002340,-0.14,33958,34135
SH,601611,6.73,33936,33936
SH,603606,-0.14,33891,33891
SZ,000811,-2.71,33598,34082
SZ,300037,-1.87,33583,46304
SZ,002138,2.27,33543,35293
SH,601598,-0.75,33472,46558
SZ,002056,-1,33443,33478
SZ,002429,-0.8,33344,33364
SZ,002517,2.5,33286,37644
SZ,002653,-0.74,33232,69334
SZ,300017,-0.2,33131,34940
SZ,300832,0.98,33022,37982
SH,601236,-1.25,32993,32993
SH,603650,-1.06,32948,33027
SZ,002738,-1.84,32852,33326
SZ,300251,-1.08,32749,34616
SZ,000688,-1.03,32720,32720
SZ,000786,0.16,32624,32870
SZ,002407,-4,32557,35927
SZ,000002,0.3,32552,39968
SZ,002601,-0.3,32458,38935
SH,603225,-0.45,32453,32627
SZ,000661,0.25,32449,33125
SH,600109,-0.22,32311,32311
SH,600863,0.2,32243,38706
SH,600711,-1.96,32235,32235
SZ,300207,-1.51,32153,34658
SH,688599,1.11,32140,32140
SZ,000800,0.46,32133,32136
SH,600839,0.29,32120,32129
SH,601126,2,31964,32275
SZ,002555,0.9,31890,44444
SH,601162,-0.26,31812,37274
SZ,003031,-1.54,31713,42052
SZ,000878,-0.24,31617,38269
SH,688617,-1.77,31611,31611
SH,600499,-0.05,31606,31606
SZ,000876,0.29,31590,31609
SZ,000728,-1.49,31550,31550
SH,603568,0.59,31526,31526
SH,600332,0.49,31478,36401
SZ,300346,-1,31402,33086
SH,688266,-3.09,31320,31320
SH,688808,-1.15,31279,166423
SH,603929,-1.59,31195,31195
SH,600348,-0.34,30988,30988
SH,603198,-0.45,30952,30952
SZ,000027,0,30875,30875
SZ,000883,0.21,30648,33486
SZ,000958,3.45,30632,104221
SH,688027,-1.26,30566,39117
SZ,002432,-4.05,30559,30600
SZ,002126,-0.64,30367,32340
SH,600483,0.46,30359,30359
SH,600398,0.16,30305,30305
SZ,002673,-0.29,30125,30125
SZ,300782,-1.08,30113,38628
SZ,301236,-0.02,30108,39668
SH,603766,-0.4,30084,30084
SH,600871,-0.44,30074,42085
SZ,002261,0.96,30005,32986
SH,600563,-2.58,29999,29999
SH,600801,0.22,29987,46466
SZ,002939,-0.35,29866,33445
SH,600562,-0.78,29817,29817
SH,603338,-0.21,29809,29809
SH,688536,-1.97,29652,30182
SH,600869,0.38,29606,29606
SH,601933,0.61,29453,29453
SH,600517,0.78,29450,29450
SH,688676,-0.41,29440,29440
SH,688213,-1.12,29436,36606
SH,600206,-1.74,29435,29435
SZ,000959,1.54,29434,30632
SZ,300339,0.21,29412,30120
SH,603308,0.82,29335,29335
SH,688235,-0.87,29315,392738
SH,601000,1.03,29037,29037
SH,688433,-0.16,28999,28999
SH,600699,0.83,28988,32210
SH,601990,0.15,28987,30137
SZ,300748,-0.07,28906,35188
SZ,002472,0.39,28873,32784
SH,688608,-1.8,28812,28812
SZ,002131,5.58,28806,33317
SZ,000629,0.32,28707,28709
SZ,002025,2.79,28630,28640
SH,688169,-0.91,28626,28626
SH,605589,-0.93,28592,28608
SZ,300751,-0.49,28565,41311
SH,601799,0.38,28448,28448
SH,605358,-0.88,28394,28394
SZ,300347,0.06,28335,43069
SZ,300628,-0.25,28164,49156
SH,601880,0.66,27988,35829
SH,603444,-0.25,27976,27976
SZ,000967,6.11,27969,27982
SZ,000060,-0.31,27935,27935
SH,600536,0.33,27874,30852
SH,688180,-0.54,27828,37279
SH,600428,0.44,27778,31171
SH,600707,-0.76,27769,27774
SH,600369,-0.23,27710,27710
SH,600637,0,27635,27635
SH,603179,0.05,27582,27582
SH,603939,0.09,27582,27582
SZ,002797,-0.29,27526,27526
SH,601001,-0.11,27499,27499
SH,600312,2.54,27437,27437
SZ,000877,0.26,27304,27304
SZ,000932,1.02,27205,27205
SH,600515,1.02,27161,33819
SH,600079,0.75,27098,28662
SZ,300672,-0.61,27070,27941
SZ,000951,-0.55,26980,26980
SH,688568,-0.56,26933,26933
SZ,000582,0.56,26917,31413
SH,688297,-2.35,26865,26865
SH,600595,-1.47,26653,26653
SH,600737,1.97,26629,26629
SZ,300870,-1.29,26617,26620
SH,688318,-0.1,26581,26581
SH,688411,-1.79,26565,36560
SH,600777,-0.47,26547,28358
SZ,002223,0.32,26544,28240
SZ,002378,-0.08,26532,26671
SH,688065,-0.34,26456,32710
SH,600732,1.13,26316,26440
SH,688301,-0.12,26311,26311
SH,688052,-1.87,26188,29858
SH,603345,-0.8,26150,29716
SH,600153,0.33,26125,26125
SH,600862,0.11,26120,26120
SH,600704,0,26063,26063
SZ,300432,-1.65,25969,26262
SH,600998,0,25969,25969
SH,688668,-2.08,25948,25948
SH,600299,-0.11,25901,25901
SH,688385,-1.37,25880,39522
SH,603127,-0.78,25868,30881
SH,688300,-0.89,25680,25680
SH,601928,0.4,25602,25602
SH,688025,-3.18,25580,25580
SH,600663,0.87,25561,40785
SZ,000737,-0.14,25521,25523
SH,688362,-3.12,25478,25478
SH,601717,2.29,25477,29495
SH,603049,1.31,25441,44057
SH,600161,0.16,25409,25409
SZ,000981,0.38,25401,26693
SH,601155,0.18,25398,25398
SH,600583,0.17,25334,25334
SH,601615,0.36,25306,25306
SZ,002244,-1.18,25287,28532
SH,600323,0.16,25284,25284
SH,600521,0.78,25229,25229
SZ,002245,-1.12,25224,26810
SH,601918,-0.6,25206,25206
SZ,002459,1.2,25131,25154
SZ,000921,-0.83,25089,37613
SZ,002015,2.32,25048,25048
SH,600166,0.32,25019,25019
SZ,003022,-0.15,25007,25029
SZ,002240,-2.59,24995,25061
SH,600295,-1.01,24932,35321
SH,600546,-0.7,24860,24860
SZ,000415,1.1,24807,28449
SZ,002465,-0.09,24754,24794
SH,689009,-0.46,24744,32385
SZ,301511,-0.44,24726,41601
SH,688018,2.22,24606,24606
SH,600566,-0.29,24582,24666
SZ,300383,1.33,24582,24627
SH,688248,3.82,24564,24564
SH,601399,2.1,24526,24526
SH,600208,0.35,24503,24506
SZ,002487,-1.54,24480,28715
SH,603605,0.31,24345,24345
SZ,002859,-5.93,24294,25731
SH,600259,-0.16,24291,24291
SZ,300558,-0.09,24239,24316
SH,603885,0.9,24228,24228
SZ,300024,0.46,24167,24173
SH,603301,0.64,24166,24166
SH,600535,0.31,24157,24157
SH,603160,-1.21,24119,24119
SH,601866,0.4,24082,32627
SH,600100,0.7,23988,23988
SZ,002456,0.14,23986,25275
SH,688349,0.53,23931,24346
SZ,000830,-0.78,23878,23880
SH,603596,1.8,23877,23877
SZ,000738,0,23831,23831
SZ,300438,-1.59,23801,29642
SZ,002841,0.62,23706,31792
SZ,920185,-1.16,23699,24095
SH,688278,-0.78,23630,23630
SH,601228,0.64,23614,23614
SH,688475,0.67,23538,23538
SH,601606,-4.26,23530,23530
SZ,000739,0.49,23530,23540
SH,601099,-0.28,23516,23516
SH,688387,-1.59,23495,39828
SZ,002603,1.01,23484,28502
SH,600977,0.48,23450,23450
SH,603067,-0.38,23436,23436
SZ,002747,0.67,23425,28976
SH,601128,-0.15,23421,23421
SH,688192,-0.52,23420,23621
SH,601963,0,23229,41406
SZ,300236,-1.41,23175,26073
SH,600641,-4.26,23173,23577
SZ,002498,1.9,23155,23155
SZ,002180,-0.05,23138,24186
SH,688425,0.47,23041,23041
SZ,002157,0.68,22974,27288
SH,600884,-1.72,22957,28093
SZ,300255,-0.15,22867,22903
SH,600095,-8.36,22845,22845
SH,600873,0.12,22827,22827
SH,600132,1.29,22805,22805
SZ,000887,0.58,22804,22841
SZ,002222,-0.74,22780,22882
SH,688778,-2.07,22777,22777
SH,600388,0.56,22772,22772
SH,600486,-0.61,22760,22760
SZ,002271,0,22744,28378
SH,603565,0.46,22744,22744
SZ,002085,0.56,22677,22677
SH,600098,0.78,22613,22613
SZ,000062,-0.72,22591,22613
SZ,002266,1.08,22566,24322
SZ,301396,2.1,22562,34268
SH,605090,0.31,22552,22575
SH,600390,-0.39,22490,22490
SH,603920,-1.01,22482,22482
SZ,000155,-0.72,22468,22468
SZ,000547,-0.27,22454,22586
SZ,000709,1.4,22428,22432
SH,603688,-1.37,22425,22425
SH,600550,2.19,22375,22375
SZ,000733,-1.7,22313,22316
SH,601069,-1.17,22313,22912
SH,688333,-0.13,22302,22302
SZ,002430,-0.9,22277,22287
SZ,300738,1.07,22259,22266
SH,603061,-2.88,22253,22253
SH,600126,0.46,22222,22222
SZ,000750,-0.25,22199,24459
SH,688167,-2.76,22199,22199
SZ,002046,-0.84,22151,22402
SZ,000598,0.41,22049,22052
SZ,002926,-0.23,21998,21998
SH,600598,0.16,21990,21990
SH,688102,1.55,21986,22050
SZ,000564,2.11,21888,26184
SZ,301536,3.37,21879,49290
SH,688819,-0.39,21872,21872
SH,601118,2.82,21868,21868
SH,600685,-0.29,21867,37628
SZ,300570,-0.35,21831,25799
SH,603119,0.66,21780,21780
SH,600329,0.29,21776,29572
SZ,000623,-0.48,21775,21861
SH,603337,7.98,21740,22176
SH,600008,0.34,21728,21728
SH,601016,1.41,21677,23495
SZ,000962,-1.93,21652,22697
SH,601608,0.64,21570,21570
SH,601106,1.62,21533,21533
SZ,002007,1.79,21526,24975
SH,603233,0.21,21513,21513
SH,603899,0.04,21439,21439
SZ,002423,0.32,21428,21428
SZ,002379,-9.52,21352,244855
SZ,300699,0.04,21291,21549
SH,600848,-0.88,21258,22400
SZ,300474,-0.62,21246,27317
SH,688548,-2.47,21206,40479
SH,600765,0.15,21192,21192
SZ,003035,0.72,21174,21174
SH,600745,0.18,21172,21172
SZ,002065,0.55,21170,23336
SZ,001389,-2.09,21153,65631
SH,600170,0.42,21149,21149
SH,600970,1.13,21132,21132
SH,601997,-0.16,21096,21096
SH,688820,-0.71,21096,227277
SZ,300209,1.47,21032,26290
SZ,002545,-1.27,20908,23015
SZ,002895,0.81,20895,21116
SH,600396,0.5,20868,20868
SH,688114,0.74,20861,20905
SH,603816,1.43,20854,20996
SZ,000825,0.83,20848,20848
SH,603077,-0.41,20843,20843
SH,603728,0.53,20818,20818
SZ,002948,1.03,20816,34398
SH,600516,-0.18,20814,20814
SH,600688,-0.34,20741,29836
SZ,301035,0.57,20709,20740
SZ,002317,3.62,20693,23093
SH,601677,-1.24,20676,20676
SZ,300073,-1.77,20664,22229
SH,603730,0.1,20648,20648
SH,603833,-2.6,20644,20644
SZ,300003,0,20636,24094
SZ,300012,-0.2,20538,24149
SH,603737,-0.97,20532,20532
SZ,300489,5.34,20520,20595
SH,601187,0,20514,20559
SH,600582,0.41,20486,20486
SZ,002299,0.06,20387,20792
SH,688001,-0.31,20296,20296
SH,601158,0,20256,20256
SH,600330,-1.56,20167,20167
SZ,002624,0.46,20142,21378
SZ,002461,1,20141,20141
SH,600246,-0.64,20095,20654
SH,688343,-1.94,20059,20059
SZ,000009,-1.13,20041,20066
SZ,000039,0.23,19999,46861
SH,605111,-1.78,19865,19865
SZ,000519,-1.17,19802,19802
SH,603663,-1.09,19770,19784
SH,601098,-0.08,19720,19720
SH,688208,0.1,19677,19677
SZ,000683,-1.5,19664,21892
SZ,301018,-1.52,19651,26005
SH,603876,-2.48,19645,19645
SH,601865,2.48,19638,24202
SZ,002364,-0.84,19634,19826
SZ,002318,1.93,19605,20081
SH,600967,-0.68,19605,19605
SZ,002262,0.36,19602,22530
SZ,002396,-0.83,19572,19653
SZ,002265,-2.62,19524,19524
SZ,002120,0.14,19509,20091
SH,688005,-2.42,19488,19488
SZ,300142,0.08,19446,19720
SH,603678,0.64,19441,19441
SH,688195,-0.95,19378,19378
SZ,301205,4.62,19364,30078
SZ,002130,1.08,19361,23630
SZ,300811,-0.09,19356,23596
SH,603667,1.76,19321,20215
SH,688403,-1.61,19316,19316
SH,603658,2.08,19314,19314
SH,600927,0.38,19305,19305
SH,688400,-1.47,19251,20020
SH,600007,-0.46,19249,19249
SZ,300779,6.58,19219,25152
SH,688363,-0.36,19209,19209
SH,603290,-0.61,19155,19155
SZ,300763,-0.29,19128,23595
SH,603588,-0.47,19117,19117
SZ,002335,0.66,19060,21795
SZ,000429,0.27,19029,30526
SZ,000997,0.16,18960,19067
SZ,000686,-0.11,18958,18958
SZ,300806,-0.37,18947,26294
SH,603171,2.28,18939,18960
SZ,001270,-0.12,18932,19053
SH,601139,0.46,18929,18929
SH,600602,-0.27,18876,24030
SH,600131,0.57,18836,18853
SZ,300085,-2.72,18824,20401
SH,600339,-0.87,18815,18815
SH,603005,-0.71,18802,18802
SH,600518,0,18798,18807
SH,600004,0.13,18792,20463
SH,600380,0.2,18788,18788
SZ,002831,-0.1,18755,33832
SZ,002683,0.18,18724,21345
SH,603516,0.52,18642,18642
SH,603306,-2.25,18640,18640
SZ,300627,-0.48,18575,22430
SH,603529,0.18,18494,18858
SZ,002044,-0.2,18480,18671
SZ,002716,-0.49,18464,22444
SZ,300122,0.08,18457,31239
SZ,001896,0.42,18416,18416
SH,600606,0.77,18411,18411
SH,603000,-1.06,18410,18410
SZ,002497,-1.36,18320,19928
SZ,000875,0.55,18316,19877
SH,688561,-0.95,18264,18264
SH,688281,-0.8,18256,18256
SH,688205,-0.83,18255,18255
SZ,300762,-0.09,18230,18230
SZ,000543,0.75,18226,18226
SH,600655,0.65,18204,18211
SZ,002270,-0.63,18193,18193
SH,603236,-0.41,18169,18169
SZ,002389,-1.49,18110,18113
SZ,000029,0.05,18056,20486
SH,600316,0.12,18028,18028
SH,688372,-2.17,17998,17998
SH,603823,-7.64,17995,17995
SZ,002670,-8.5,17970,21421
SH,600353,-1.93,17969,17969
SH,600038,-0.21,17941,21990
SZ,001267,-1.16,17934,23134
SH,600120,0.96,17931,17931
SZ,300623,0.26,17918,19429
SZ,000528,0.23,17908,17933
SH,603530,-0.56,17902,18067
SH,601969,-0.65,17871,17980
SZ,000937,-0.2,17864,18385
SZ,300888,0.36,17864,17944
SH,603871,0.31,17853,17853
SH,600820,0.18,17796,17796
SH,600032,0.82,17795,17795
SZ,300487,-1.53,17763,29362
SZ,000591,0.22,17721,17728
SZ,000513,0.1,17703,27667
SZ,002145,0.22,17700,17701
SH,600754,-0.04,17650,20771
SZ,002536,-6.41,17628,18612
SH,600956,0.54,17611,33752
SZ,300776,-0.9,17598,27993
SZ,300398,-1.39,17592,17688
SH,688097,-1.32,17580,17580
SH,600577,1.03,17475,17475
SH,603358,0.8,17473,17775
SH,601333,0.32,17465,21888
SZ,300140,0.72,17426,17448
SZ,002518,0.56,17401,17927
SH,688123,-3.21,17320,17320
SZ,002756,-0.9,17306,24103
SH,603638,0.31,17306,17306
SZ,002958,0.32,17298,17667
SH,600961,1.1,17254,24622
SH,603786,0.09,17132,17132
SH,688270,-1.44,17129,17129
SH,601966,0.52,17079,17079
SH,601609,0.1,17027,17027
SH,600179,0.69,16994,18619
SH,601326,0.56,16937,19891
SH,688795,-1.85,16923,263159
SZ,000603,-0.11,16915,17505
SH,600062,0.12,16913,16919
SH,603997,0.99,16908,16908
SZ,300821,-1.25,16905,16908
SZ,000969,2.72,16901,17050
SH,601101,-0.5,16877,16877
SH,600629,-0.61,16718,16718
SH,601636,-0.17,16716,16716
SZ,300413,-0.36,16664,30511
SZ,300456,-0.67,16663,20421
SH,603115,-1.75,16639,16639
SZ,300843,1.14,16608,16940
SH,688502,-0.97,16601,16601
SH,600739,0.18,16593,16593
SH,600763,0.46,16572,16572
SH,600750,-0.26,16551,16729
SZ,000935,2.17,16536,16536
SH,601369,0.94,16533,16700
SZ,300747,-0.49,16531,17786
SZ,000766,0.65,16480,16488
SZ,300088,-0.59,16479,16560
SH,688772,-1.29,16460,16460
SZ,300773,0,16458,17397
SH,600867,0.36,16452,16452
SH,600114,0.87,16451,16852
SH,605196,-0.82,16448,16566
SH,688131,-0.76,16445,16445
SH,600761,0.99,16424,16424
SH,601921,0.82,16422,16422
SZ,300144,0.95,16419,16592
SZ,300257,-0.28,16392,17061
SZ,002402,-0.44,16378,18477
SH,600500,-0.43,16363,16363
SH,600171,0.3,16362,16362
SH,600528,0.68,16328,16328
SZ,300724,-0.97,16290,19720
SH,600928,0.27,16278,16356
SZ,000032,-1.32,16235,16235
SH,601156,0.64,16228,27274
SZ,300364,-1.04,16227,17899
SZ,000682,1,16221,16223
SZ,002491,-1.35,16200,16937
SZ,003021,0.74,16199,20899
SH,603950,-1.77,16096,16109
SH,688268,-0.61,16096,16096
SZ,001213,0.56,16044,16044
SZ,002925,0.23,16025,16915
SZ,000537,0.39,16014,16014
SH,603733,-0.09,16010,16010
SH,601519,-4.39,15993,15993
SZ,000902,-0.06,15988,17554
SZ,300676,0.66,15980,16068
SZ,002312,-0.11,15956,15989
SH,600435,-0.56,15940,15940
SH,601020,-0.4,15940,15940
SH,603317,-1.11,15921,15921
SH,603355,-0.49,15917,15917
SZ,000723,0.28,15911,15941
SZ,300568,-1.27,15905,19677
SZ,000563,0.32,15904,15904
SZ,300660,1.22,15888,15898
SZ,002237,-0.66,15882,19047
SH,688523,0,15868,15868
SZ,300002,0.12,15863,16859
SZ,300953,0.57,15854,22057
SZ,002149,-0.08,15850,15852
SH,600808,1.15,15815,20407
SH,603226,-1.19,15805,15805
SZ,002405,0.15,15760,15856
SH,600511,0.28,15704,21413
SH,600959,0.64,15702,15702
SZ,001287,-0.76,15700,15700
SZ,301171,2.53,15689,19335
SH,601137,2.4,15681,15693
SZ,000050,-0.61,15662,15662
SH,601019,-0.12,15652,15652
SH,603132,-0.61,15628,15628
SZ,300083,0.58,15623,17431
SZ,300199,-0.65,15619,18513
SH,601702,-0.69,15547,15547
SZ,002192,-2.53,15537,15569
SH,605296,0.81,15534,15782
SH,600835,0.36,15533,19400
SZ,002568,-1.4,15478,21155
SZ,301297,-1.14,15477,20343
SH,688233,-3.02,15430,15430
SH,601858,-1.36,15423,15423
SH,600623,-0.23,15402,17401
SZ,000927,0.79,15368,15368
SZ,002946,-1.09,15347,15527
SH,688615,-1.37,15334,22207
SH,603773,-0.86,15323,15328
SZ,000791,1.15,15272,25594
SZ,300503,-0.24,15269,19511
SZ,000778,1.29,15263,15536
SH,688700,-0.4,15248,15248
SH,600410,1.02,15219,15219
SH,600452,0.61,15196,15196
SZ,920438,-2.08,15174,15726
SZ,300657,1.16,15142,15582
SZ,300102,0,15131,15204
SH,688449,-1.76,15106,23699
SZ,300903,-2.34,15106,19888
SH,688390,-0.17,15100,15100
SH,688652,-2.62,15095,21002
SH,688520,0,15075,15921
SZ,002171,0.65,15072,15158
SZ,000680,1.06,15053,17177
SH,600548,0.34,15018,22232
SH,688582,-0.89,15013,15013
SH,603025,0.07,14985,15086
SZ,000966,0.47,14968,14968
SH,688388,-1.77,14940,14940
SH,600022,0,14871,14871
SZ,002773,0.42,14855,19928
SZ,002508,-0.18,14853,15034
SH,600226,-0.19,14842,14842
SZ,300613,20.01,14825,15716
SZ,300723,0.14,14818,15967
SZ,002410,0.21,14791,15561
SH,601965,0.68,14776,14839
SH,688503,-0.66,14660,14660
SH,601568,0.27,14658,14658
SZ,300999,-0.03,14630,146166
SH,600664,-1.52,14607,14607
SH,600710,-0.08,14596,14596
SH,600475,-3.24,14596,14798
SZ,000970,-0.73,14589,14589
SZ,002326,-1.69,14563,16597
SH,688100,-0.26,14560,14687
SZ,002911,1.06,14558,14916
SZ,300957,-0.28,14535,14614
SH,688779,-1.17,14527,14527
SH,603026,-2.42,14493,14493
SH,688166,0.85,14477,14477
SH,600186,-0.61,14456,14486
SH,688392,-1.36,14455,14455
SH,688279,-0.74,14450,17779
SH,600151,-0.39,14443,14443
SZ,000539,1.25,14438,29664
SH,600320,0.69,14432,22919
SH,688484,-1.63,14392,14392
SH,601375,0,14376,19361
SH,600056,0.21,14325,14331
SZ,000581,0.61,14306,17421
SH,600877,-0.48,14292,14292
SH,600744,1.44,14279,14279
SZ,000088,0.67,14265,23450
SZ,300735,0.64,14255,15228
SH,603662,0.14,14210,14210
SZ,301316,0,14202,14651
SZ,001301,-1.38,14162,19853
SH,688332,-2.45,14136,14136
SH,601827,0.24,14128,14128
SH,600816,0.78,14110,25399
SH,600531,-0.16,14088,14088
SZ,002507,0.25,14063,14101
SZ,001248,0.38,14056,172063
SH,600459,0.98,14047,15222
SH,600552,-1.19,14027,14027
SH,600651,1.08,14014,14014
SH,603868,1.07,14013,14013
SZ,002957,-1.11,14005,14048
SZ,300253,-0.52,14002,16620
SZ,000422,-0.14,13992,14258
SH,688380,-1.04,13973,13973
SH,600621,-0.22,13972,13972
SH,600361,0,13960,13960
SZ,002176,-0.23,13921,13941
SZ,002408,0,13921,14385
SH,688538,0,13920,33419
SZ,002896,8.52,13914,13914
SH,600201,-0.7,13911,13911
SZ,002867,-0.22,13910,13992
SH,600633,0.37,13898,13898
SH,603613,0,13892,13892
SZ,000089,0,13884,13884
SH,600888,-0.77,13869,13869
SZ,002249,0.54,13866,18354
SH,600596,-0.57,13860,13860
SH,600057,-1.18,13852,18794
SH,600409,0.75,13852,13852
SH,603009,2.28,13849,13849
SH,600675,1.33,13846,13846
SH,688596,-4.23,13842,13842
SZ,002563,0.97,13838,16892
SH,688800,-1.27,13837,13837
SH,603002,-0.96,13824,13824
SZ,001286,-2.19,13824,38400
SH,688206,-0.43,13822,13822
SH,600267,1.04,13809,13809
SH,688106,-0.72,13802,13802
SZ,000685,-0.08,13800,16248
SZ,301275,-1.54,13758,19316
SH,600064,0.51,13756,13756
SH,688029,0.22,13722,13722
SH,600575,0.57,13641,25155
SZ,002153,0,13630,23253
SZ,002969,0.4,13615,13687
SH,688353,-2.95,13615,13615
SZ,002250,0.86,13613,13687
SH,688690,-0.73,13609,13609
SZ,300201,0.74,13600,13673
SH,688150,-0.75,13594,13594
SH,600416,0.66,13592,13592
SH,600906,-0.61,13553,20703
SH,601778,1.11,13552,13552
SH,600456,0.28,13545,13545
SZ,000506,0.14,13503,13508
SH,603305,2.37,13499,13499
SH,600933,1.1,13489,14163
SH,688088,0.72,13487,13487
SH,603938,-1.2,13476,13476
SZ,002048,1.28,13455,15432
SZ,000799,-1.04,13454,13455
SH,603283,-1,13435,13435
SZ,300469,0.48,13430,13437
SZ,002158,-1.36,13430,13459
SZ,002010,0.62,13401,13433
SH,600285,2.65,13375,13390
SZ,000785,1.32,13350,14322
SH,600529,0.65,13332,13332
SH,600167,0.68,13328,13328
SH,603505,-1.36,13315,13315
SH,605099,0.94,13313,13342
SH,600155,0.17,13303,13303
SH,605599,0.94,13300,13300
SZ,300131,0.39,13258,14437
SH,600764,-0.04,13246,13246
SZ,002226,0.6,13245,13245
SZ,301285,-2.6,13212,13212
SH,600850,2.55,13150,13150
SZ,000612,-0.8,13114,13114
SH,600490,-0.89,13111,14561
SH,600827,0.99,13076,14541
SH,603707,0,13071,13071
SH,601107,0.33,13041,18440
SZ,300679,-0.73,13030,15400
SH,688368,-2.04,13025,21459
SZ,300655,-1.27,13021,13080
SH,600821,2.64,13004,13004
SH,600271,0.29,12989,12989
SH,600403,-2.5,12982,12982
SZ,300457,-1.49,12964,13175
SZ,002372,0.57,12958,14026
SH,605289,-0.86,12954,12972
SZ,300260,-1.22,12952,18364
SZ,002936,0,12934,16729
SH,603063,-0.81,12915,12968
SH,603456,0.55,12908,12908
SH,600717,0.68,12907,12907
SH,688625,-1.6,12877,12877
SZ,300342,-0.25,12870,13061
SH,688158,1.92,12854,14448
SZ,002847,1.19,12838,14225
SH,600116,0.6,12792,12792
SH,603882,0.04,12778,12865
SH,688531,-2.35,12752,18397
SZ,001696,0.78,12747,16374
SZ,002768,4.96,12743,21824
SZ,002979,-0.39,12730,18058
SZ,002091,-0.12,12723,12924
SZ,000672,-0.75,12718,12718
SH,688593,-1.17,12711,12711
SH,600702,-1.33,12700,12706
SH,603515,-0.85,12697,12775
SH,688686,-0.04,12694,12694
SZ,300718,0.16,12680,19265
SZ,300455,0.39,12649,12812
SH,603556,-3.62,12648,12648
SZ,002701,0,12633,12645
SH,688055,-0.78,12633,12633
SZ,300459,0,12623,13501
SZ,002151,0.28,12620,15473
SZ,300100,1.3,12615,13085
SH,600755,0.17,12601,12633
SZ,300602,-1.06,12589,18403
SH,601678,-2.22,12567,14815
SH,600397,0.56,12553,12553
SH,688006,-0.61,12550,12550
SZ,002440,-3.35,12539,14893
SH,600211,0.52,12532,12532
SH,603589,0.14,12483,12483
SZ,002552,-3.44,12470,13129
SH,605507,-1.96,12455,12455
SZ,300409,-1.53,12448,13987
SZ,002901,-0.18,12436,17853
SZ,002268,0.96,12434,12439
SH,688802,-2.71,12416,268111
SZ,300296,0,12415,14536
SZ,002290,-2.04,12396,12435
SH,603888,0.48,12395,12395
SH,688116,-1.16,12389,12389
SH,600172,-0.71,12383,13917
SH,600315,0,12369,12369
SH,601133,-1.49,12360,12403
SH,688567,-0.78,12355,12355
SH,605389,0.3,12319,13026
SZ,301039,1.32,12302,15874
SZ,000534,-1.2,12262,12433
SZ,301611,-1.23,12247,36428
SZ,002755,1.15,12242,12242
SZ,002416,-0.09,12239,12393
SZ,300229,-0.2,12231,12239
SZ,301389,-1.5,12222,12222
SZ,000069,0.57,12211,14227
SZ,300323,-1.43,12162,16620
SZ,300436,0.29,12160,14165
SZ,002258,-4.39,12147,12167
SZ,301093,2.25,12115,12690
SZ,301219,-1.63,12094,16944
SH,688661,-2.19,12074,12074
SH,603039,4.84,12069,12069
SH,600366,0.18,12067,12067
SZ,002399,-0.3,12048,14174
SZ,000567,0.16,12042,12079
SZ,300184,-0.86,12035,13145
SZ,000156,1.14,12035,13119
SH,603203,-0.53,12032,12171
SZ,002183,0.43,12024,12024
SZ,002913,-0.29,12010,12479
SH,600113,-0.6,11981,12265
SZ,300166,-0.07,11974,15054
SZ,000681,-1.44,11968,12400
SH,688258,-2.72,11963,11963
SZ,002287,-0.13,11961,11986
SH,688516,0.16,11948,11948
SH,601512,-0.12,11946,11946
SH,601339,-0.49,11922,11922
SZ,300034,0,11920,12385
SH,600461,-0.53,11917,11917
SZ,002597,-0.13,11907,11929
SH,600420,0.34,11896,11896
SH,600783,-0.67,11880,11880
SZ,002096,-0.09,11871,11871
SH,600859,0.76,11868,11869
SZ,002607,1.42,11863,13198
SH,603031,0.51,11840,14079
SH,601992,0,11835,15162
SH,600776,-0.31,11826,15537
SZ,000758,-0.32,11817,11863
SH,601068,1.1,11800,13774
SZ,300682,2.88,11778,12313
SZ,000801,0.52,11775,11779
SZ,300671,-1.96,11757,11789
SZ,301319,-0.81,11755,15598
SH,600063,-1.38,11753,11753
SH,600363,1.24,11741,11741
SH,603927,0.5,11718,11718
SZ,301015,-0.26,11715,11716
SZ,300146,0,11700,17661
SZ,000035,0.4,11681,12060
SZ,301005,0.44,11665,11908
SZ,002531,2.19,11650,11716
SZ,000553,0.38,11647,12464
SZ,300573,-0.11,11643,15161
SZ,002354,9.98,11640,11847
SH,603738,0.77,11635,11635
SZ,300133,0.14,11632,13105
SZ,300674,-0.59,11621,11638
SH,600268,2.24,11597,11598
SH,603983,0.8,11589,11589
SZ,002400,-1.31,11583,11698
SZ,002987,0.18,11579,11882
SH,600216,0.5,11578,11703
SZ,301626,-2.21,11577,25451
SH,688260,-3.67,11568,11568
SZ,002534,1.16,11563,11711
SH,688382,-1.08,11557,11557
SH,600882,-1.51,11532,11532
SH,688535,-3.13,11524,12365
SZ,002643,-0.07,11521,11696
SH,688016,-0.01,11516,11516
SH,600338,-1.63,11510,11510
SH,603698,-0.04,11497,11497
SZ,002668,-0.08,11481,11481
SH,600612,0.36,11473,18926
SH,688401,-1.81,11471,12185
SH,600559,-0.07,11471,11471
SZ,300357,0.17,11469,12409
SH,601619,1.73,11468,13719
SH,600635,-0.2,11465,13995
SZ,000973,-1.81,11464,29130
SH,605118,-0.45,11456,11524
SZ,300182,-0.58,11455,13506
SZ,000711,-0.61,11454,14204
SH,688306,1.19,11448,11448
SZ,002051,2.53,11442,11443
SH,688660,-0.45,11440,11440
SH,600006,0.35,11440,11440
SZ,000762,-1.52,11406,11406
SH,600864,0,11402,11402
SZ,301095,-0.16,11400,13197
SH,688198,0.63,11389,11389
SZ,001258,-1.12,11387,11387
SZ,300428,0.47,11380,13074
SH,601952,0.61,11369,11369
SZ,000901,0.78,11358,11358
SZ,002092,0,11358,11422
SH,688107,0.96,11344,11344
SH,600908,0.35,11336,12444
SZ,002698,0,11311,13702
SH,688809,-1.02,11311,56553
SZ,300775,0.05,11303,11641
SZ,000099,0.62,11287,11287
SZ,300601,-0.15,11282,13995
SZ,002807,0.48,11274,11290
SZ,301128,-1.8,11264,12805
SZ,301029,0.49,11254,15799
SH,600343,0.8,11245,11245
SZ,000592,0.69,11242,11340
SZ,002839,0.44,11233,11244
SZ,002024,0,11196,11210
SZ,300975,-0.78,11190,15623
SH,603267,-2.26,11164,11164
SZ,002174,0.62,11154,11160
SZ,001280,2.85,11153,132777
SZ,002310,1.61,11129,15178
SH,688549,-3.37,11120,27876
SZ,000998,0.71,11120,12432
SZ,000815,5.27,11110,11110
SZ,300315,-0.22,11106,11832
SZ,000028,0.29,11085,12906
SZ,002366,4.36,11084,12465
SH,600572,0.69,11064,11093
SH,688222,-0.13,11047,11047
SH,601801,1.08,11043,11043
SZ,300185,1.77,11039,11584
SZ,002139,0.19,11022,12830
SZ,002373,0.63,11021,12642
SZ,300376,1.07,11009,11013
SZ,002003,1.51,11008,12804
SH,600248,1.02,11006,11030
SH,600619,-2.58,11001,14962
SZ,920808,-0.55,11000,11296
SZ,002167,0.28,10979,11210
SZ,001339,0.92,10977,22173
SZ,002838,1.28,10974,12481
SZ,301293,-1.6,10967,10967
SZ,300827,1.37,10966,13984
SH,603118,-4.13,10951,10951
SZ,300638,-0.28,10948,18561
SH,603393,-0.22,10933,10933
SH,603693,0.99,10912,10912
SH,600589,0,10911,10934
SH,603185,-0.11,10905,10970
SH,601022,0.24,10901,10901
SH,600480,1.13,10894,10976
SH,688031,-0.92,10851,10851
SH,600993,0.76,10844,10863
SZ,000990,-1.23,10837,10837
SZ,000767,1.64,10834,11446
SZ,000555,-0.44,10809,10821
SZ,000070,-0.62,10795,10942
SZ,000690,0.4,10785,10792
SZ,002539,0.5,10784,14638
SZ,002544,0.7,10779,10780
SH,603389,-0.98,10773,10773
SZ,300179,-2.46,10767,13984
SH,603099,0.74,10758,10758
SZ,000899,1.38,10752,10752
SZ,002645,-0.93,10747,11899
SZ,000061,0.84,10730,11870
SZ,300049,1.12,10719,12115
SH,688321,-0.71,10713,11636
SZ,300777,1.76,10708,10927
SZ,000839,-1.43,10701,10701
SZ,002043,0.53,10700,10994
SZ,002246,-1.21,10695,10695
SZ,301267,0.3,10693,13852
SZ,300593,-0.62,10685,12873
SH,601163,0.68,10680,10680
SZ,002745,-1.56,10662,14871
SZ,002891,-0.47,10661,10661
SH,601900,0.33,10637,10637
SH,603093,0,10627,13347
SH,600395,0.2,10626,10626
SH,603027,0.88,10619,10619
SZ,002984,0.68,10609,15399
SZ,301207,-0.05,10607,10614
SH,688603,1.52,10602,10602
SZ,002385,0.33,10599,13158
SH,603218,0.88,10598,10607
SH,603235,0.5,10559,10559
SZ,002217,-0.67,10555,10845
SH,600507,0.44,10548,10548
SZ,002583,-0.11,10544,14949
SH,688063,-1.28,10543,10543
SZ,000828,-0.09,10541,10541
SZ,300769,-2.14,10528,11717
SZ,002276,0.87,10524,10566
SZ,000810,0.32,10517,10892
SZ,002204,0.55,10507,10507
SZ,002827,10,10505,10544
SH,600509,0.39,10500,10500
SH,600446,0.63,10495,10495
SH,600662,1.1,10450,10481
SH,688559,-1.46,10448,10448
SH,600373,0.52,10442,10442
SH,600383,0,10429,10429
SZ,300008,1.28,10411,10921
SH,603800,-0.78,10410,10410
SH,600728,0.41,10407,10407
SH,601949,0.92,10396,10396
SZ,301666,-2.84,10381,170779
SH,688698,1.3,10378,10378
SZ,300224,0.36,10367,10405
SZ,301087,-0.18,10359,12597
SZ,002947,-0.6,10349,13372
SH,603281,-0.04,10321,10321
SH,600058,0.31,10312,10312
SH,688143,-0.29,10310,10850
SH,600787,0.64,10286,10286
SZ,002439,0.86,10281,17093
SH,601003,-2.66,10277,10563
SH,603300,1.18,10276,10276
SZ,002413,0.13,10260,10449
SZ,300607,1.98,10257,14495
SZ,300835,-1.15,10256,14633
SH,603906,-2.3,10252,14406
SZ,002541,1.18,10246,14249
SH,600376,-1.23,10241,10241
SH,600123,-0.56,10239,10239
SH,601005,0.82,10226,11819
SH,603992,0.17,10225,10225
SZ,300009,0.61,10223,13884
SH,600163,0.75,10219,10219
SH,688160,2.38,10216,10216
SZ,300026,0.89,10205,10214
SZ,000727,0.45,10192,10192
SH,603040,-0.24,10170,10223
SZ,000048,2.13,10168,10185
SH,600718,0.36,10146,10146
SZ,002083,-3.5,10139,10139
SH,601038,0.58,10127,15551
SZ,300065,0.2,10110,11104
SH,600033,0.82,10099,10099
SZ,300726,-1.19,10074,19348
SH,688068,0.07,10006,10006
SH,688046,0.99,10004,10004
SH,601811,0.32,9994,15571
SH,601882,0.05,9991,9991
SZ,002081,1.07,9969,10011
SZ,002975,-1.13,9966,15102
SH,600757,0.12,9963,9964
SZ,002647,1.03,9960,11088
SZ,300580,0.48,9953,10579
SZ,000917,-0.13,9951,9951
SH,600072,0.88,9945,13776
SZ,300204,-0.22,9944,11866
SZ,002832,-1.91,9926,14547
SH,600648,-0.56,9910,11845
SZ,920116,-1.15,9905,9905
SZ,002100,-0.4,9898,9898
SZ,300302,-1.1,9892,12854
SZ,002020,0.15,9889,11762
SZ,002063,0.72,9872,10688
SZ,301150,-1.51,9869,10520
SH,603323,0.68,9859,9859
SZ,000403,0.48,9858,9960
SH,603533,0.9,9858,9858
SH,603883,1.25,9843,9843
SH,600597,0.42,9828,9829
SZ,000949,-0.49,9823,9825
SH,688202,-0.41,9796,9796
SZ,002978,-0.25,9793,12517
SZ,000837,0.41,9792,9945
SH,600773,-0.47,9792,9792
SH,603599,0.47,9785,9785
SZ,000410,0.61,9776,13139
SH,603991,-2.26,9769,16662
SH,601886,-0.22,9766,9766
SZ,001399,-0.25,9757,167849
SH,600269,0.48,9715,9715
SH,688663,-0.19,9712,9712
SH,688032,-0.35,9711,9711
SZ,300415,0.42,9710,10041
SZ,000065,-2.03,9702,10581
SZ,300377,-0.7,9701,10544
SH,600458,0.09,9700,10628
SZ,000552,0.39,9687,13915
SZ,000676,2.67,9682,9688
SZ,002181,-0.57,9678,9904
SZ,002779,1.62,9672,10779
SZ,002254,-0.25,9671,9682
SH,603859,-1.68,9670,10528
SH,603341,-0.29,9669,18980
SH,603297,-0.86,9660,9660
SZ,000401,0.27,9657,9748
SH,601200,0.7,9652,9652
SZ,002705,0.93,9643,9694
SZ,301078,0.93,9639,9649
SZ,002387,-0.28,9639,9652
SZ,002675,0.94,9619,10670
SH,603619,-4.31,9617,9617
SH,600759,-2.1,9613,9626
SH,600210,-0.15,9601,9601
SZ,300353,0.68,9586,10914
SZ,001914,0.55,9578,9578
SZ,300529,0.43,9572,14918
SZ,000031,0.9,9558,9558
SH,603989,-1.88,9531,9531
SH,603757,-1.99,9529,9529
SZ,002031,1.43,9511,10931
SH,688383,-0.73,9484,9484
SH,601860,0.38,9483,9775
SH,600971,-0.12,9468,9468
SH,601528,0.59,9464,10007
SH,600326,0,9456,9456
SH,603583,0.37,9445,9532
SH,603100,0.22,9443,9473
SH,600782,1.01,9437,9552
SZ,002061,0.55,9435,9595
SZ,002511,-0.26,9424,9544
SZ,002961,0.3,9424,9424
SZ,301123,-0.79,9424,13398
SZ,002931,3.59,9422,10163
SH,601311,-0.61,9420,9420
SH,688351,1.01,9412,9412
SZ,001227,0.9,9405,12701
SZ,002345,-0.45,9401,9631
SZ,000700,0.59,9400,9400
SH,688059,-0.78,9400,10044
SZ,000795,0,9399,9399
SZ,002338,-2.02,9396,9396
SZ,300007,0.91,9394,10871
SH,603713,0.51,9393,9393
SH,600649,0.81,9392,9392
SH,688543,-1.1,9390,9390
SZ,000950,0.18,9386,9386
SH,600328,0,9384,9384
SZ,000049,-0.24,9360,9362
SH,603360,5.25,9350,9350
SZ,300913,-0.02,9350,11212
SH,600184,-0.55,9347,9347
SZ,301381,-0.21,9340,9349
SZ,300113,1.89,9335,12364
SH,600307,1.36,9332,9332
SH,605123,0.86,9329,9329
SZ,002967,0.29,9324,10856
SZ,002654,-0.89,9323,9324
SZ,000600,0.12,9320,15418
SZ,002170,1.55,9309,11451
SH,603328,-1.47,9305,9305
SH,600740,0.28,9300,9300
SZ,300720,-0.6,9297,9839
SH,688275,-2.09,9289,9289
SZ,300303,-0.28,9274,9889
SZ,000848,1.78,9262,9343
SZ,300077,0.93,9254,11081
SH,600273,0.57,9245,9245
SZ,301071,-1.25,9240,12570
SH,603169,1.14,9235,9235
SH,603057,0.04,9233,9303
SH,603327,-2.42,9231,9231
SZ,300378,1.25,9201,9271
SZ,002293,-0.53,9199,9276
SZ,000923,-0.26,9199,9562
SH,600185,1.67,9180,9180
SZ,002368,0.34,9179,9224
SH,688726,1.02,9164,16890
SZ,300693,0.26,9163,10660
SH,688105,1.72,9161,9161
SH,600936,3.2,9157,9157
SZ,003036,-6.34,9138,9139
SH,603103,-0.82,9120,9120
SH,603303,0.53,9110,9110
SH,600391,-0.39,9108,9108
SZ,300277,2.15,9078,17987
SH,605318,-1.6,9071,9071
SH,600389,-0.42,9065,9065
SZ,300139,-1.84,9061,10626
SZ,301177,0.13,9060,9066
SH,600094,2.65,9058,9904
SH,603601,-0.74,9047,9047
SH,600198,-0.99,9036,9047
SH,600997,0,9035,9035
SH,605016,-2.04,9030,9030
SH,688128,0,9020,9020
SZ,002865,0.15,9015,12553
SZ,300624,-1.71,9005,10168
SZ,002565,0.59,8999,8999
SH,688797,-1.27,8994,47843
SH,688182,-0.74,8988,8988
SH,688289,0.45,8986,8986
SZ,300244,-1.8,8986,11200
SZ,301031,0.05,8978,11421
SZ,003018,-0.62,8973,9902
SZ,301188,0.96,8965,8965
SH,688327,0.37,8941,11138
SZ,301486,-1.7,8931,15777
SZ,300304,0.38,8921,9168
SH,688209,-1.19,8919,8919
SH,605255,-0.66,8916,8916
SZ,002549,0,8911,8949
SZ,300618,-3.85,8902,10118
SH,688319,1.76,8895,8895
SZ,002053,0.63,8894,8894
SH,603508,0.69,8891,8891
SZ,002297,0.32,8883,8883
SH,600360,-0.74,8883,8883
SZ,002233,0.93,8882,8888
SH,600133,0.48,8882,8882
SZ,300684,-0.04,8856,12966
SZ,000550,0.41,8855,14744
SZ,002741,-1.33,8850,9644
SZ,002099,0.37,8844,8854
SZ,300118,0.53,8842,10876
SH,600645,0.53,8827,8830
SZ,301091,0.97,8827,8827
SZ,000930,0.21,8818,8818
SH,603013,0.64,8818,8818
SZ,301109,-0.06,8815,11142
SZ,000536,0.63,8814,8824
SZ,300850,-0.13,8804,12120
SZ,000006,0,8802,8802
SZ,300328,-0.15,8801,8844
SH,603809,0.95,8798,8798
SH,600929,0.19,8791,8791
SH,600686,0.33,8791,8791
SZ,000761,0.85,8789,9737
SH,600129,0.95,8784,8784
SZ,301345,-1.04,8770,27300
SZ,301606,-0.4,8755,22015
SZ,002426,-0.38,8745,8745
SZ,301357,-3.49,8737,8737
SZ,000980,0.58,8724,8724
SH,603052,-0.16,8720,8720
SH,600020,0.52,8697,8697
SZ,300634,-0.68,8694,9033
SZ,300181,0,8694,10114
SZ,002626,0.64,8684,8685
SH,603011,3.84,8682,8682
SZ,002019,0.29,8678,12529
SH,603915,0.69,8674,8823
SH,688165,0.48,8667,8667
SH,600266,0.48,8656,8656
SH,688161,0.32,8644,8644
SH,600508,-0.34,8641,8641
SZ,300951,4.7,8639,9666
SZ,002815,-0.35,8634,13711
SZ,002928,1.66,8628,8628
SZ,000829,0,8623,8631
SZ,301216,0.38,8621,9185
SH,600640,0,8620,8620
SZ,300331,-0.38,8610,10065
SH,600345,-0.92,8602,13402
SZ,002039,-0.24,8594,8594
SH,688359,-0.39,8587,8587
SH,600017,0.36,8581,8581
SH,688138,-1.29,8575,8575
SZ,002243,0.14,8573,8620
SH,600478,-0.19,8571,8571
SZ,301228,0.28,8569,8609
SH,688552,-0.66,8542,8542
SZ,000719,0,8539,13097
SZ,000833,-0.73,8539,15095
SZ,002062,0.8,8525,9379
SH,600481,1.72,8525,8525
SH,600996,1.19,8516,8516
SH,688020,0,8510,8510
SH,605060,-1.1,8506,8565
SZ,002580,-3.43,8504,8533
SZ,002985,0.39,8495,8519
SZ,300130,-0.75,8479,11079
SZ,002488,1.21,8474,9168
SZ,001308,0.17,8473,12244
SZ,300596,0.11,8468,8654
SH,603612,-0.34,8468,8468
SH,600556,0,8460,8460
SZ,301338,-0.49,8459,11610
SH,605298,2.04,8458,8530
SZ,002332,0.23,8457,8497
SH,688076,0.38,8456,8456
SH,600367,-2.73,8452,8955
SZ,002458,0.23,8437,12494
SH,688378,-1.62,8434,9150
SZ,002208,-1.77,8424,8427
SZ,300483,-1.87,8420,8426
SZ,002004,0.9,8418,8850
SH,600666,0.6,8407,9244
SH,603919,-0.41,8400,8400
SZ,002239,0.39,8394,9030
SZ,002283,-0.23,8394,9537
SZ,002169,1.94,8391,8657
SH,688789,0.15,8382,8382
SH,600399,1.19,8381,8381
SH,688697,1.63,8381,8381
SH,688508,-2.79,8378,8378
SZ,002292,-0.23,8377,12170
SZ,300772,1.78,8375,9442
SZ,300766,-1.13,8365,9225
SZ,300740,1.53,8356,8991
SH,688376,-0.39,8348,8348
SZ,002216,-0.14,8342,11632
SZ,000818,1.04,8340,8362
SZ,000885,0.23,8328,8328
SH,600639,0.72,8324,10988
SZ,000860,0.18,8323,8323
SH,600812,0.62,8321,8321
SZ,002075,1.34,8315,8315
SH,600973,2.36,8310,8310
SZ,300855,2.09,8308,11217
SZ,002706,0.55,8293,10187
SZ,002251,0.54,8290,10029
SZ,300863,-0.53,8289,8629
SH,688611,1.58,8285,8285
SH,603227,0.13,8284,8284
SH,605179,6.61,8281,8281
SH,688586,-0.18,8277,8277
SZ,002392,-0.41,8276,8512
SH,601929,1.28,8271,8271
SH,601890,0.23,8270,8270
SZ,002221,0.53,8269,8921
SZ,301382,4.39,8265,9987
SH,603124,-0.22,8262,15516
SH,605305,-0.45,8254,8254
SH,688739,0.3,8253,8350
SZ,002655,-0.78,8249,8265
SZ,002115,-1.68,8239,8888
SH,688325,-1.47,8236,8667
SZ,300101,0.69,8235,8263
SH,601089,0.23,8232,8232
SZ,000510,0.52,8232,8801
SZ,300741,0.38,8228,8228
SZ,300846,3.56,8224,9964
SZ,002267,0.14,8218,8218
SZ,002703,-3.76,8216,11533
SH,603538,-1.45,8207,8281
SZ,300263,-0.58,8204,8704
SH,600502,-0.2,8188,8188
SH,603690,-1.46,8188,8188
SZ,002190,-0.34,8179,8179
SZ,301363,-0.56,8170,12457
SH,605006,-1.41,8163,8163
SZ,300486,-0.57,8152,8154
SH,688677,-0.78,8141,8141
SH,688125,-0.55,8138,8160
SZ,300072,0,8136,8201
SH,605333,0.4,8135,8135
SZ,300005,0.76,8134,8201
SZ,000869,0.11,8133,11745
SZ,300770,0.88,8129,8129
SH,688050,0.41,8122,8122
SZ,002993,-0.86,8122,9402
SH,688190,0,8113,8113
SH,688083,-0.7,8102,8102
SH,600935,0.87,8102,8304
SZ,301047,0.3,8096,8235
SH,603220,2.31,8095,9998
SZ,301021,-0.27,8084,8093
SH,600693,-1.58,8073,8081
SH,600055,1.06,8057,8057
SH,601595,0.67,8054,8054
SH,688584,-1.42,8054,15699
SH,688262,0.42,8047,8047
SZ,002761,0.41,8038,9844
SZ,002937,-1.42,8034,8055
SZ,002277,1.95,8030,8030
SZ,300910,0.03,8030,11464
SH,600751,0.97,8028,9046
SZ,300145,-0.7,8025,8065
SH,601828,0.45,8020,9665
SH,603053,1.01,8018,8018
SZ,300035,-1.14,8015,9418
SZ,002639,1.93,8015,9464
SH,605319,0.97,8001,8045
SZ,002110,0.92,7992,7992
SH,603125,-0.64,7987,7987
SZ,300382,-0.64,7981,7982
SH,603043,0.07,7976,8044
SH,603680,1.91,7955,7955
SH,605116,0.31,7953,7953
SZ,002017,0.29,7918,7923
SH,688227,1.17,7917,7917
SZ,002842,-0.23,7917,9648
SZ,002309,2.81,7916,9895
SZ,002173,-3.78,7912,8296
SH,600587,0.46,7911,7911
SZ,300294,0.38,7907,7907
SZ,301498,-0.84,7905,17653
SH,688090,-0.61,7903,7903
SH,688513,0.13,7898,7898
SZ,002289,-0.85,7890,8057
SH,688253,0.66,7881,7881
SH,600335,0.76,7869,7869
SZ,301327,0.36,7866,7866
SH,600305,0.56,7864,7876
SZ,300363,2.06,7859,8619
SZ,000922,2.2,7853,9291
SZ,002960,0.87,7852,8546
SZ,002097,0.83,7841,7855
SH,600075,0.66,7839,7839
SH,688439,-0.5,7836,7836
SH,603936,0.65,7836,8022
SH,600618,0,7828,12073
SZ,920186,-3.02,7821,14952
SZ,301127,0.08,7814,8048
SH,688261,-1.42,7813,7848
SZ,002585,-3.18,7812,10055
SH,601718,-0.55,7806,7806
SH,688486,-0.89,7801,7802
SZ,300042,-0.96,7791,7792
SZ,002516,0.57,7770,7825
SH,688239,-0.01,7766,7766
SZ,300053,-1.15,7758,8307
SZ,002041,0.46,7753,7753
SZ,002941,0.95,7750,7750
SZ,300790,1.51,7745,8814
SH,688277,-5.3,7743,7743
SZ,300687,2.26,7742,9414
SH,603112,-0.4,7741,7819
SH,603279,0,7741,7741
SZ,000012,0.25,7720,11987
SZ,002030,0.92,7719,7719
SZ,002125,-0.72,7712,7712
SH,601686,0.19,7707,7707
SZ,002212,0.46,7701,7784
SH,600746,0.3,7684,7684
SZ,300595,0.09,7674,10278
SH,603181,0,7665,7665
SH,603055,0.35,7664,7692
SH,688035,-0.6,7664,7664
SH,603496,1.7,7659,7659
SZ,002588,-0.44,7659,10275
SZ,300527,0,7656,7656
SH,688326,0.01,7655,8225
SH,600917,0.2,7649,7649
SH,688485,-0.28,7642,7642
SH,605008,0.25,7642,7642
SH,603033,1.07,7634,7775
SH,688612,-0.46,7629,12458
SH,605222,0.87,7618,7618
SZ,003009,0.39,7613,7615
SH,603219,3.36,7607,7607
SH,603890,-1.5,7592,7592
SZ,002119,-0.97,7581,7581
SZ,300641,-0.06,7557,7557
SZ,300180,0.46,7553,7766
SZ,301263,1.02,7541,10569
SZ,002386,-0.51,7535,7537
SZ,000928,0.38,7532,7532
SZ,002215,0.54,7531,9360
SH,603399,-5.58,7526,7526
SH,603477,1.1,7524,7714
SH,688231,-0.24,7523,7523
SZ,300482,0.06,7505,8168
SZ,000402,0.8,7502,7502
SZ,300725,1.04,7500,8651
SZ,002533,1.58,7495,8514
SH,600059,0.49,7493,7493
SH,601908,0.65,7485,7485
SH,600736,0.78,7483,7483
SZ,002361,0.76,7475,8788
SH,688091,-0.1,7474,7497
SH,688622,-1.38,7471,7471
SH,603319,-0.26,7465,7465
SZ,000823,-0.47,7460,7461
SZ,002718,-0.74,7440,10248
SH,600797,2.84,7439,7439
SZ,002350,0.5,7438,7603
SZ,002434,0.71,7435,7442
SH,603050,0.93,7425,7425
SH,603995,0.74,7425,7425
SZ,000498,0.39,7421,7949
SH,603223,1.35,7418,7418
SH,605007,-0.44,7408,7426
SH,605168,1.5,7400,7400
SZ,002034,0,7384,7415
SZ,002275,-0.29,7382,7785
SZ,000059,-0.42,7373,7373
SH,688087,-0.09,7364,7637
SZ,002759,0.89,7354,7360
SH,688662,-3.12,7348,7348
SZ,300298,0.31,7347,9132
SH,605128,1.7,7344,7344
SH,605167,10.01,7343,7343
SH,603626,1.69,7336,7336
SH,600557,0.47,7326,7326
SH,600771,0.34,7323,7323
SZ,000533,2.69,7322,7385
SH,603299,-0.31,7321,8956
SH,605488,7.87,7302,7938
SH,600125,0,7298,7298
SZ,300168,0.6,7297,7304
SZ,300098,1.5,7292,8220
SZ,000566,-4.09,7288,7291
SZ,002150,0.25,7281,7329
SH,603608,0.82,7272,7272
SH,688155,-1.03,7272,7272
SZ,002515,0.92,7272,7990
SH,601579,0.46,7269,7269
SZ,000650,0.37,7256,7630
SH,601096,1.61,7246,11797
SH,688798,-0.62,7245,12442
SH,688093,-0.8,7242,7242
SH,600903,0.81,7240,7240
SH,688371,-1.68,7239,7239
SH,600724,0.2,7239,7241
SH,688605,-0.69,7231,13507
SZ,301510,0.04,7227,10470
SZ,300327,0.28,7221,7275
SH,601330,0.27,7220,10443
SZ,301013,-3.56,7208,8903
SZ,002315,1.9,7204,11300
SH,600251,-0.21,7195,7195
SH,688049,0.66,7194,7194
SZ,300416,0,7188,7237
SH,688112,-1.52,7182,7182
SZ,002121,0.79,7171,8497
SZ,301061,0.72,7170,10793
SH,688305,-0.12,7165,7183
SH,600846,-0.86,7154,7154
SZ,300492,-1.02,7152,7152
SZ,002079,-0.67,7146,8004
SH,688177,0.82,7143,7143
SZ,000751,-0.66,7141,7141
SZ,000628,1.25,7138,13080
SH,688428,-1.24,7129,46227
SH,688507,-1.97,7127,12899
SH,688337,-1.13,7122,8378
SZ,002108,-0.45,7119,7122
SZ,300834,-0.29,7119,7183
SH,605011,0.85,7114,7114
SH,601226,0.66,7113,7113
SZ,300520,0.84,7112,7359
SZ,300480,0.77,7111,9744
SZ,300938,-0.94,7106,8188
SZ,002471,1.93,7097,7227
SZ,002036,-1.02,7093,7107
SH,600252,1.37,7069,7069
SH,603163,-3.49,7067,7067
SZ,300276,0.91,7051,9345
SZ,300348,0.31,7049,7839
SZ,300497,-5.17,7042,8381
SZ,002342,0.82,7036,7075
SH,600925,-0.22,7034,30173
SH,603977,-0.34,7032,7032
SZ,002093,0.43,7032,7032
SH,603128,0.19,7030,7030
SZ,002324,-0.54,7025,10067
SH,688563,0.33,7017,23263
SH,688669,-1.39,7011,7011
SZ,002006,0.6,7007,7007
SH,600722,-4.27,6994,6994
SH,600780,0.49,6994,6994
SZ,300080,0.81,6978,6988
SH,603866,0.69,6975,6975
SZ,300322,0.06,6963,7273
SZ,000058,6.32,6962,8705
SH,603166,0.93,6958,7012
SH,605100,0,6954,6987
SH,603416,0,6954,7822
SZ,000755,0.42,6940,6940
SZ,000813,0.3,6940,6941
SZ,920029,0.06,6939,7131
SZ,002448,2.05,6937,7031
SZ,300997,-3.66,6937,7647
SH,600748,1.35,6936,6936
SZ,002284,0.85,6934,6999
SZ,002242,0.44,6931,6943
SZ,002023,0.96,6930,6994
SH,600422,0.88,6926,6926
SZ,002537,0.85,6907,6927
SZ,002219,1.44,6904,7284
SH,600874,0.18,6903,8810
SH,600708,0.32,6898,6909
SZ,300341,0.38,6896,6923
SZ,300678,-0.12,6896,7018
SZ,002730,0.15,6883,7202
SZ,002106,-0.6,6880,6889
SH,688480,0,6875,6875
SZ,300768,0.37,6874,10520
SH,600810,0.16,6874,6936
SZ,300516,-1.01,6872,6872
SH,605098,-1.63,6863,6863
SZ,301196,0.47,6862,10454
SH,603687,-0.23,6859,6859
SZ,300171,0.08,6859,9335
SH,600955,-0.79,6859,6859
SZ,300031,0.67,6848,8149
SH,600545,0.26,6848,6848
SZ,002681,0.69,6842,7825
SZ,002690,-0.43,6836,13904
SZ,002346,1.69,6831,7692
SZ,300685,0.46,6829,6839
SH,600590,0.62,6816,6891
SH,688631,0.26,6812,6812
SH,600676,-0.14,6809,6809
SZ,301069,-0.18,6807,7228
SH,601388,-0.31,6802,6802
SH,600169,0,6800,6800
SH,688456,-0.7,6799,6799
SZ,300499,0,6796,7643
SH,600987,-0.59,6788,6788
SH,688626,-1.02,6778,6778
SZ,000756,0.3,6775,9461
SZ,300401,1.61,6765,6876
SZ,000589,0.23,6763,6808
SZ,000601,0.31,6740,6842
SH,603985,0.2,6723,6723
SH,688556,0.37,6721,6721
SH,600654,0.35,6721,8252
SH,600828,1.31,6718,6720
SZ,000631,0,6716,6716
SH,603071,-0.4,6707,6707
SH,688515,-1.27,6702,10762
SZ,002546,0.97,6698,6973
SZ,300222,3.84,6697,8033
SH,600894,0.13,6695,6727
SH,688685,-2.43,6692,6692
SZ,301571,0.09,6691,10075
SZ,300895,0.77,6681,6808
SH,600195,0,6678,6678
SZ,002650,-0.32,6675,6676
SZ,000593,9.99,6671,6674
SH,688708,-0.29,6670,18714
SZ,002256,0.91,6667,6755
SZ,301339,1.04,6667,6789
SH,600962,4.35,6660,6660
SH,605365,0.61,6657,6657
SZ,300284,0.53,6654,7135
SZ,300337,0.65,6652,7685
SZ,002782,0.07,6638,6718
SH,601015,0,6638,6638
SZ,001298,-0.42,6637,7046
SH,688783,-2.32,6636,99653
SZ,300861,-0.43,6636,10568
SH,688758,0.45,6635,9266
SZ,002674,-0.39,6632,6700
SZ,002014,-0.35,6630,6737
SZ,002077,-0.51,6628,6628
SZ,000968,-1.57,6627,6627
SH,688381,-2.79,6626,6626
SZ,000777,0.52,6625,6625
SH,603580,-4.22,6620,6620
SH,603277,0.37,6616,6659
SZ,001391,-0.22,6609,53109
SH,688416,-2.24,6609,6609
SH,600496,0.91,6607,6607
SZ,300842,0.31,6606,7433
SH,600682,0.89,6600,7627
SH,688108,0.25,6587,6587
SH,605133,0.26,6576,6650
SH,688628,-0.95,6551,6551
SH,600966,-0.4,6551,6551
SH,688221,-1.23,6548,6548
SZ,002135,0.64,6545,6994
SH,603367,2.56,6542,6542
SH,603517,-0.08,6539,6539
SH,600643,0,6536,6548
SZ,300109,2.27,6531,7280
SH,600713,-0.19,6526,6619
SH,600775,-0.71,6524,8873
SZ,000008,1.27,6519,6519
SH,688062,-1.45,6507,12625
SZ,002980,-3.17,6498,12150
SH,688176,-0.08,6494,6494
SZ,300440,0.82,6493,6518
SZ,300045,0.96,6490,8330
SZ,300493,-0.07,6490,6565
SZ,002721,0.41,6489,6489
SH,600525,0,6488,6488
SH,600770,-0.59,6487,6487
SZ,300153,1.39,6484,6518
SZ,002467,1.07,6479,6519
SH,600310,1.38,6478,6478
SH,600611,0.49,6472,9787
SZ,301189,0.44,6471,6704
SZ,000597,0.22,6468,6550
SZ,300164,-7.37,6444,6502
SZ,002163,0.75,6444,6777
SZ,002881,0.31,6444,10636
SZ,301086,-0.37,6442,11624
SH,688710,-0.4,6432,9998
SZ,002664,0.76,6421,6511
SZ,002550,0.44,6419,8728
SH,600400,0.72,6416,6416
SZ,300324,0.54,6412,6478
SH,601500,0.25,6411,6437
SH,688621,0.07,6405,6405
SZ,002446,-0.12,6392,6902
SZ,301050,0.4,6379,7489
SZ,002042,0.27,6378,6378
SZ,301522,0.13,6377,8568
SH,603459,-5.69,6365,60692
SZ,003006,0.95,6360,6376
SZ,000905,0.23,6357,13218
SZ,300986,-2.98,6357,6362
SZ,301191,-1.35,6356,8430
SZ,000090,1.19,6353,6353
SH,601515,0.3,6351,6351
SZ,002140,-0.21,6342,6351
SZ,300598,0.07,6334,6336
SZ,002438,6.3,6330,6852
SZ,002605,0.81,6328,7813
SZ,300576,-0.67,6327,10052
SZ,000989,0.66,6324,7798
SZ,000595,2.4,6320,6320
SZ,920394,-0.4,6319,6366
SH,603861,1.53,6317,6459
SZ,002733,-0.34,6315,6578
SH,605188,-0.15,6311,6311
SH,603045,-0.61,6304,6304
SH,600449,0.76,6302,6302
SH,603877,0,6298,6306
SH,600468,2.48,6298,6298
SZ,300996,1.5,6296,7480
SZ,301176,0.5,6296,6489
SZ,000913,0.83,6293,6370
SZ,002935,-0.65,6293,6429
SZ,002785,0.77,6292,7370
SZ,000572,1.06,6290,6299
SH,688365,0.82,6288,6288
SZ,002606,0.07,6286,6551
SZ,301291,0.31,6284,12078
SZ,920045,-1.71,6284,21252
SH,600370,-1.26,6275,6275
SH,600078,-0.93,6275,6409
SH,603368,0.13,6272,6272
SH,688518,-0.48,6270,6270
SH,688550,-0.69,6266,6266
SH,688011,0.91,6264,6285
SH,600368,0.26,6262,6262
SH,603383,-1.44,6260,6260
SZ,300343,0.34,6248,6261
SZ,002470,0.53,6243,6243
SZ,002579,-1.37,6243,6555
SH,600103,1.08,6239,6319
SZ,000957,1.25,6225,6225
SZ,000524,0.98,6224,6226
SZ,300360,0.65,6208,6381
SH,600897,0,6204,6204
SZ,002127,0.32,6204,7635
SH,603229,0.67,6202,6202
SZ,002214,0.08,6200,7759
SH,603200,-1.11,6196,6196
SH,600604,1.15,6193,8243
SZ,002810,-0.97,6191,6670
SH,688276,0.34,6188,6188
SH,688788,-2.21,6182,6182
SZ,002840,0.91,6182,6225
SH,603197,1.04,6180,6265
SZ,000541,0,6177,7710
SZ,002421,7.32,6170,6531
SH,688366,0.19,6169,7275
SH,600975,0.41,6161,6161
SZ,002104,0,6159,7275
SZ,300265,1,6154,6158
SZ,301080,0.29,6154,8136
SH,603708,0.42,6147,6147
SH,600313,0.71,6147,6597
SZ,301369,-0.73,6143,11458
SZ,300174,-0.52,6143,6177
SH,603336,3.28,6142,6142
SH,603213,-0.42,6140,6140
SH,688095,0.25,6139,6139
SH,600983,0.25,6139,6139
SH,603466,1.08,6139,6139
SZ,000915,0.58,6122,6125
SZ,301489,-1.29,6116,10222
SZ,301638,1.2,6111,77647
SH,603108,0.8,6100,6100
SH,603969,0,6080,6223
SZ,000793,-0.43,6076,10018
SZ,300191,-4.88,6070,8781
SH,688232,0.27,6066,6066
SZ,000735,0.19,6065,6068
SZ,002052,0.23,6060,6614
SH,688577,-0.02,6059,6059
SZ,920599,-0.85,6047,7979
SH,600730,0.88,6043,6043
SZ,300226,-0.11,6041,6284
SH,688526,-0.53,6041,6041
SH,600841,-0.85,6039,8035
SH,688678,-1.5,6039,6039
SZ,002067,1.35,6033,6652
SZ,300134,0.64,6033,6033
SH,603363,0,6032,7674
SZ,300815,1.11,6027,6154
SZ,002437,0.7,6027,6400
SZ,002057,-0.36,6027,6031
SH,603489,0.39,6025,6025
SZ,000551,0.32,6018,6020
SZ,300369,0.13,6017,6039
SZ,003010,-0.29,6009,8265
SH,605598,0.12,6005,6005
SZ,000779,1.1,6005,6006
SZ,301153,0.39,6001,6434
SZ,300252,-0.55,6001,7348
SZ,002210,1.35,6001,6014
SZ,002123,0.73,5995,6701
SH,600586,-0.7,5981,5981
SZ,300722,0.37,5978,5978
SH,605183,-0.27,5976,6016
SH,600963,0.89,5976,5976
SZ,002678,1.38,5973,5977
SH,600375,0.25,5968,6541
SH,605005,0.2,5967,5967
SH,688418,-0.47,5960,5960
SH,603931,-0.06,5959,5959
SH,600108,1.32,5958,5958
SH,603311,-1.01,5944,5944
SZ,000025,-0.65,5943,6522
SH,688408,0.3,5937,5937
SZ,001314,2.01,5932,6818
SZ,002009,1.27,5930,6737
SZ,300470,1.08,5930,6248
SH,600501,0.29,5930,5930
SH,688787,-2.51,5929,5929
SZ,002101,0.11,5927,5932
SZ,300435,-0.24,5924,6195
SZ,300358,-0.35,5921,6007
SZ,300043,0,5919,5922
SZ,301248,0.19,5913,8091
SZ,000026,-0.97,5910,6577
SH,688179,0.06,5908,5908
SZ,000722,-0.46,5904,7268
SZ,002073,0.52,5902,5962
SH,600433,1.51,5898,5898
SZ,000881,1.88,5892,6164
SZ,301232,0.39,5886,9911
SZ,000948,-4.24,5880,5891
SH,603123,-0.65,5877,7197
SH,605178,-0.02,5873,5873
SH,600106,0.92,5861,5861
SH,603211,-0.64,5860,5860
SZ,002232,0.77,5854,5854
SH,603567,0.97,5852,5858
SZ,300075,-0.43,5845,7044
SZ,301101,0.43,5843,6066
SZ,002734,-0.36,5842,6400
SZ,002527,0.73,5839,7320
SZ,002382,0.52,5837,5894
SH,600054,0.62,5836,8293
SZ,300256,0,5833,5898
SH,603867,-0.54,5830,5879
SZ,000561,-0.26,5830,6489
SH,600691,0,5820,5821
SZ,300047,1,5819,6467
SH,688488,0,5819,5819
SH,688219,0.47,5815,5815
SZ,300137,2.33,5814,5886
SZ,300579,0.72,5814,6026
SH,688312,-1.09,5813,5813
SH,603778,0,5811,5967
SZ,300079,-0.21,5805,6460
SH,600826,0.13,5801,5801
SH,688230,-1.78,5800,5800
SH,600851,-0.24,5795,9475
SZ,001236,0,5792,7699
SH,688103,-0.69,5789,5789
SH,600617,0.93,5788,6289
SZ,002390,0.33,5783,5832
SH,688290,2.5,5782,5782
SZ,002956,1.49,5766,5766
SH,688334,0.82,5763,5844
SH,601700,3.48,5762,5762
SZ,301286,0.37,5756,14280
SZ,002572,2.2,5752,8504
SZ,300976,-0.51,5752,8943
SH,601968,-0.65,5741,5741
SH,600866,0,5739,7593
SZ,000900,0.53,5737,5737
SH,600035,0.85,5732,5732
SZ,300258,1.62,5722,5874
SZ,300119,0.71,5719,7966
SH,688191,-0.73,5717,5717
SZ,002752,-0.16,5717,5725
SZ,002538,2.92,5715,5719
SH,600982,0.59,5711,5711
SH,601116,0.68,5701,5701
SZ,001330,0.62,5698,6735
SZ,300852,0.38,5693,5898
SH,600223,0.36,5693,5693
SH,603010,0.71,5679,5821
SZ,300212,-1.8,5672,5846
SH,688767,-0.51,5670,5670
SZ,301678,0,5669,9771
SH,603609,0,5668,5668
SH,688499,-1.8,5668,5668
SH,688328,-3.84,5667,5667
SH,600230,-0.72,5667,5667
SZ,300617,0.72,5667,6759
SZ,000912,0.28,5660,5660
SZ,002452,1.02,5660,6780
SH,600881,-0.56,5656,5656
SH,600255,0,5653,5653
SZ,002029,2.04,5649,5986
SZ,300981,-2.96,5640,6154
SZ,002510,-0.17,5637,5695
SZ,002298,-4.15,5636,6313
SH,688818,-1.13,5634,74132
SZ,002206,-0.55,5634,6194
SZ,300217,0.44,5624,6695
SH,600203,-0.31,5622,5622
SZ,300969,1.07,5619,11782
SZ,300525,-2.77,5611,6840
SZ,300192,-1.67,5602,5668
SH,603990,1.05,5595,5595
SZ,300393,0.34,5592,6374
SH,688562,0.72,5592,5592
SH,603135,0.79,5590,5632
SH,605277,-0.06,5589,5692
SH,600694,0.27,5587,5587
SZ,000501,0.41,5585,5591
SH,688293,-0.72,5583,6973
SZ,301326,-1.82,5581,5631
SZ,301000,1.08,5580,5910
SZ,002796,0.66,5577,6180
SZ,300041,-0.77,5575,5729
SZ,002990,-0.61,5575,10576
SH,688478,-1,5573,5573
SH,600742,-0.91,5573,5573
SH,600425,0.29,5568,5568
SH,605555,0.35,5567,5567
SZ,002218,0.75,5565,5647
SZ,002068,-0.91,5564,5567
SH,603366,0,5561,5561
SZ,002141,-3.92,5557,5557
SZ,000670,-3.45,5556,5659
SH,603065,3.92,5556,5556
SH,603155,-0.15,5554,5554
SZ,301261,0.57,5550,5597
SZ,300819,-0.16,5550,6144
SH,600292,0.08,5548,60172
SZ,002082,-0.4,5548,5976
SH,600081,0.6,5547,5547
SZ,300129,0.39,5541,8549
SZ,300128,0.23,5540,5547
SH,688658,0.24,5540,5540
SZ,002860,-3.47,5538,5670
SZ,002997,0.11,5534,5534
SH,603668,-0.08,5533,5533
SH,603587,0.52,5531,5531
SZ,000036,0.77,5528,5531
SZ,000717,1.33,5526,5526
SZ,300841,0.45,5525,6037
SZ,300063,-3.18,5520,6683
SH,688151,-0.05,5512,5512
SZ,002885,-0.16,5511,6293
SH,600592,0.51,5510,5510
SH,603855,0.06,5503,5535
SH,605056,1.34,5502,5584
SZ,300465,-1.26,5498,5498
SH,601121,1.03,5496,6762
SZ,002349,0.15,5496,5610
SH,603889,-0.16,5493,5534
SZ,002279,0,5489,5949
SZ,300451,0.56,5481,5561
SZ,300939,0.33,5478,5478
SZ,300900,1.14,5475,6987
SZ,300926,-0.1,5471,7974
SH,600644,1.18,5471,5471
SZ,003012,1.48,5457,5565
SH,600698,0.46,5456,7021
SZ,300197,1.1,5456,5456
SZ,002255,3.01,5455,7104
SZ,001212,-1.09,5448,6298
SZ,002263,-0.33,5447,5447
SZ,920493,0.16,5446,7391
SZ,002132,1.3,5443,5452
SH,688709,-1.4,5442,15628
SH,600278,0.48,5438,5438
SH,603887,1.57,5436,5436
SZ,002351,0.19,5429,9264
SH,605018,0.61,5429,5429
SZ,002697,0.85,5429,6446
SH,603153,0.07,5427,5509
SH,605339,0.79,5427,5427
SZ,300214,-0.16,5425,5425
SH,688717,-1.15,5414,8746
SZ,301301,0.11,5412,19488
SZ,002965,-2.12,5412,7542
SZ,300868,-3.38,5411,8521
SH,603098,0.2,5410,5417
SZ,000404,-0.12,5403,5429
SH,605366,-0.28,5402,5402
SH,603068,-3.41,5401,5401
SZ,300127,0.13,5390,7545
SZ,300925,-0.25,5389,6611
SZ,003043,-1.04,5383,8246
SZ,301292,-1.95,5381,14074
SZ,000531,0.85,5377,6155
SZ,300708,-0.52,5375,7028
SZ,300581,-1.4,5375,5375
SH,688553,1.24,5368,6622
SH,603686,1.73,5367,5367
SZ,300307,0,5367,5460
SZ,002777,0,5364,5413
SZ,000697,-0.23,5362,11462
SH,600720,0.19,5358,12184
SZ,300046,-0.87,5357,5357
SZ,000411,0,5355,5366
SZ,002272,-0.45,5355,6362
SH,688510,-1,5349,5349
SH,600829,-0.21,5347,5347
SH,603776,0.64,5337,5337
SZ,001323,-3.43,5335,7457
SH,603170,0.15,5328,5328
SZ,300278,1.07,5328,5344
SZ,300633,1.14,5325,8696
SZ,301209,0.58,5322,6230
SZ,300203,0.25,5317,5322
SZ,000908,1,5314,10628
SH,601518,0.36,5312,5312
SZ,300731,-0.59,5300,5584
SZ,002424,0,5299,6429
SH,603130,1.5,5294,5294
SH,600981,1.29,5292,5292
SZ,002164,0.09,5292,5870
SZ,920368,-1.77,5285,5555
SZ,000560,0.44,5285,5323
SZ,003041,1.55,5280,5557
SH,600603,1.58,5280,5280
SZ,002951,-0.37,5279,5330
SZ,002803,1.37,5279,8123
SH,688315,-0.38,5273,5273
SH,605288,-1.78,5270,5305
SZ,300159,1.06,5269,9411
SH,600815,2.06,5269,5269
SZ,300019,-1.03,5267,5618
SZ,300531,-0.7,5266,5426
SH,688575,0.44,5262,5262
SZ,301155,0.54,5261,9278
SZ,002685,0.38,5259,5260
SH,601199,0,5256,5256
SZ,002971,-1.83,5254,6873
SZ,002882,-5.83,5252,9212
SZ,002060,1.2,5251,12615
SH,600189,0.55,5250,5250
SZ,300067,-1.22,5249,6464
SH,600138,0.69,5248,5248
SH,603333,2.3,5246,5246
SH,688707,-0.86,5240,5240
SZ,002419,0.44,5238,5238
SH,603012,0.37,5237,5237
SZ,002213,-1.81,5236,6018
SZ,002196,1.13,5236,5316
SZ,002358,1.08,5235,5235
SZ,300909,0.07,5229,7004
SH,688079,-0.3,5224,5315
SH,688069,0.6,5224,5224
SH,601086,-0.87,5221,5221
SZ,000409,0.57,5220,5991
SH,603848,0.54,5219,5219
SZ,300443,0.28,5217,6880
SZ,000888,0.92,5216,5216
SZ,002567,1.11,5211,5216
SH,688109,-0.98,5204,5204
SZ,002640,0.3,5202,5235
SH,688505,0.55,5201,7588
SZ,002635,-0.59,5201,8675
SH,603660,-2.46,5201,5201
SZ,300540,-1.05,5197,5722
SH,605009,0.12,5196,5196
SZ,300792,-0.8,5193,5787
SZ,000652,0.85,5191,5195
SH,600300,-0.3,5191,5191
SH,601177,0.08,5187,5255
SZ,002489,0.37,5184,5878
SZ,000525,0,5181,6072
SZ,301392,0.66,5180,12697
SZ,300985,-1.09,5178,5178
SH,600569,0,5170,5170
SH,688656,1.07,5168,5168
SH,600868,0.37,5163,5163
SZ,300036,0.61,5158,5711
SH,600217,0.65,5155,5155
SZ,002229,1.36,5149,5180
SZ,002300,2.15,5143,5143
SZ,300918,0.79,5142,5142
SZ,300093,0.04,5139,12015
SH,603843,0.14,5135,5135
SZ,002833,-1.4,5135,7517
SH,688699,1.37,5132,5132
SZ,300856,0.18,5131,5309
SZ,300066,3.84,5130,5346
SZ,301004,0.24,5130,5495
SZ,300221,1.37,5128,5259
SZ,300006,-0.4,5121,5121
SZ,002657,-3.54,5119,5179
SH,600984,0.25,5116,5116
SZ,002943,0.3,5116,7229
SZ,300293,-2.63,5114,5114
SZ,300783,0.11,5112,7327
SZ,002577,0.44,5103,5103
SH,603685,-0.73,5101,6405
SZ,300039,1.09,5098,5816
SZ,300446,0.22,5095,11531
SZ,002631,1.1,5095,5119
SZ,003040,0.18,5094,5142
SH,688610,-0.61,5092,8459
SZ,000796,0.26,5084,6126
SH,688309,-0.16,5082,5082
SZ,002793,1.3,5082,5090
SH,603897,0.45,5080,5080
SH,600279,0.94,5080,5080
SH,688598,-1.45,5073,5173
SH,603173,0.06,5072,5072
SH,688620,-0.68,5069,5069
SZ,002708,0.31,5068,5514
SH,600743,0.47,5068,5068
SZ,002383,0,5064,5064
SZ,301328,-1.95,5064,7006
SH,688101,-0.06,5063,5063
SZ,300825,-1.41,5063,5172
SZ,001313,0.56,5062,5068
SH,601279,1.27,5059,5059
SZ,000920,-0.08,5057,5057
SZ,300082,-1.58,5053,5067
SZ,301182,13.79,5053,5541
SZ,002695,1.44,5053,5529
SH,605050,0,5042,5042
SZ,301366,6.16,5040,9027
SZ,002376,0.31,5038,5188
SZ,301580,0,5035,7452
SH,688117,0.35,5035,5035
SZ,300151,0.15,5033,7269
SZ,300400,-0.52,5027,5044
SH,688352,-1.36,5027,16321
SH,600284,0.39,5026,5026
SH,603595,0.37,5021,5021
SH,688348,0.19,5020,5020
SZ,002988,-0.98,5011,5011
SZ,000852,0,5008,5037
SH,600197,-0.27,5006,5006
SZ,300528,-0.58,5004,5004
SZ,300990,-1.25,5001,11011
SZ,300287,0,4996,5440
SZ,300057,-1.14,4994,6031
SH,688733,-1.14,4992,4992
SH,688226,-0.22,4991,5185
SZ,002530,0,4991,5595
SZ,002870,1.26,4988,5109
SZ,300569,0,4986,5001
SZ,002307,0.99,4985,5045
SH,603901,-0.1,4984,5300
SZ,000517,1.52,4984,6368
SH,688173,-0.16,4977,5025
SH,688757,-0.24,4971,11063
SZ,300084,-1.11,4968,5789
SZ,000880,0.74,4965,10144
SZ,300788,-1.8,4961,4961
SZ,002992,0.89,4959,5741
SH,600817,0.21,4956,4980
SZ,300905,-0.07,4955,6351
SH,600979,1.27,4954,5031
SH,605228,0.29,4953,4973
SH,600784,0.41,4953,4953
SH,600939,0.39,4946,4946
SH,600308,0.31,4945,4945
SZ,300706,-0.81,4945,6670
SH,601011,0.39,4942,4942
SH,600073,0.57,4942,4942
SZ,300507,0.47,4937,5100
SZ,300700,-0.78,4937,5515
SH,603727,-2.06,4936,4936
SH,600231,1.16,4935,4997
SH,600513,-0.28,4930,4930
SZ,300983,-5.11,4930,5575
SZ,300709,0.95,4928,6139
SH,605287,1.38,4928,4928
SZ,002166,0.3,4926,4947
SH,600814,0.15,4925,4925
SZ,002649,0.11,4924,5429
SZ,301307,-1.6,4923,9532
SZ,300406,-0.33,4922,6799
SZ,300300,0.27,4921,4921
SH,600237,-1.98,4916,4962
SZ,002528,0.43,4915,5610
SH,600610,0.58,4911,7424
SZ,002642,0.41,4909,4909
SH,600769,-1.12,4908,4908
SH,600593,0.71,4907,4970
SZ,002819,1.03,4905,6181
SH,688225,0.41,4900,4900
SZ,301607,0,4900,7558
SZ,300158,0.2,4898,4902
SZ,001322,0.32,4894,6025
SZ,300161,-0.98,4894,4987
SZ,300820,-0.06,4893,9726
SH,603682,7.71,4886,4886
SH,600191,2.13,4883,4883
SH,605377,-0.33,4882,4882
SZ,002238,0.83,4880,4880
SZ,301162,2.84,4877,7516
SZ,301099,-1.13,4876,8012
SZ,002713,-0.1,4875,8810
SZ,300566,-1.05,4874,5635
SH,601789,2.28,4869,6829
SZ,301529,0.88,4865,9063
SZ,002749,0.22,4861,4969
SH,688566,-0.77,4859,4859
SZ,002344,0.26,4856,4861
SZ,300261,-0.18,4856,4961
SH,601566,0.48,4850,4850
SZ,300756,-0.54,4848,5571
SH,600889,-0.96,4843,7755
SH,688135,-1.18,4839,4839
SH,600571,1.15,4838,4929
SH,605368,0,4838,4838
SH,600790,1.23,4837,4837
SZ,300626,-0.25,4836,4838
SH,603365,0.11,4834,4859
SZ,000925,1.27,4832,4870
SZ,002334,0.61,4829,5388
SH,603111,-0.16,4825,4965
SZ,002787,-0.14,4823,6462
SH,600084,-0.22,4821,4821
SH,603269,0,4816,4816
SZ,002892,1.16,4816,7141
SZ,002662,0.31,4815,4815
SZ,002102,-0.43,4814,5595
SZ,002959,-0.28,4812,5364
SZ,300755,-0.16,4812,4814
SZ,002038,0.36,4805,5794
SZ,301368,1.21,4804,4804
SH,688601,1.76,4801,4801
SZ,300680,0.9,4799,6235
SZ,002033,0.58,4797,4797
SZ,301053,-2.36,4795,5163
SZ,301012,0.83,4794,4794
SZ,002482,1.59,4792,4801
SH,603408,1.42,4789,4789
SZ,301306,0.61,4786,6933
SH,603598,3.93,4779,4785
SH,600351,6.65,4775,4775
SZ,300233,0.23,4774,4956
SH,600551,0.57,4774,4774
SH,688307,-0.28,4771,4771
SH,688711,-0.76,4769,4769
SZ,300688,-0.24,4763,5373
SZ,000571,-0.16,4762,4909
SZ,002638,0.28,4761,5057
SH,688683,0.82,4759,4759
SZ,002301,0,4753,4793
SZ,301048,0.22,4752,4752
SH,603187,0.08,4749,4799
SZ,002189,-0.86,4743,4743
SZ,300283,-0.07,4741,6416
SZ,301589,0.15,4740,12714
SH,688679,-0.43,4740,4740
SH,605299,1.04,4737,4737
SH,688007,-0.18,4734,4734
SH,603590,0.47,4731,4754
SH,603511,-0.16,4730,4777
SH,688237,0.75,4725,4725
SZ,002045,0.6,4724,4730
SH,603353,-1.48,4721,4721
SH,688410,-0.37,4721,4721
SH,603701,-0.21,4720,4720
SZ,002570,0,4720,4720
SZ,002481,0.24,4719,5206
SZ,002526,0.38,4711,4742
SZ,002122,0,4711,4744
SZ,300368,-2.4,4702,4702
SH,600495,1.04,4700,4700
SZ,301323,-1.12,4695,7299
SZ,301312,-0.21,4693,9329
SZ,920640,-1.02,4691,4875
SH,603380,-1.17,4690,4690
SZ,000608,3.11,4689,4717
SZ,300785,0.31,4688,7620
SH,688389,0.18,4688,4688
SZ,002375,0,4685,4717
SZ,002047,0.65,4685,4685
SZ,000753,0.64,4680,4680
SH,603711,-0.34,4678,4678
SH,603212,-0.55,4677,4677
SZ,002757,1.59,4676,4899
SH,603610,0.46,4674,4674
SH,600605,0.62,4672,4672
SZ,002111,0,4668,5081
SZ,301268,0.78,4666,5159
SH,603158,2.93,4662,4662
SH,605338,0.15,4662,4662
SZ,300388,0.15,4658,4658
SH,601002,0.41,4658,4658
SZ,002479,0.56,4652,4662
SH,605580,-0.41,4651,4651
SZ,002154,0.51,4648,5750
SH,600990,-0.11,4646,4646
SZ,002523,0.92,4644,4661
SZ,002590,0.32,4643,4869
SZ,300219,-0.75,4643,4651
SZ,002805,-1.41,4639,4660
SZ,301239,0.4,4639,4887
SZ,300959,-0.55,4639,7125
SZ,300138,0,4636,5623
SH,600681,0,4636,4639
SH,600234,-0.55,4633,4633
SZ,300587,2.56,4631,5712
SZ,000993,0.3,4630,4630
SZ,300523,0.3,4629,4629
SZ,300087,0.2,4629,4860
SZ,002915,-0.42,4624,5381
SZ,300488,0.67,4623,5448
SZ,300215,0.82,4622,4622
SH,603162,0.55,4619,15054
SZ,300027,0.56,4616,4994
SH,600626,0,4609,4609
SZ,300663,-5.73,4608,4789
SZ,002066,-0.59,4608,4686
SH,600715,0.63,4608,6536
SZ,301362,0.66,4608,16423
SZ,002201,-0.25,4605,4985
SZ,001359,-0.37,4605,18419
SZ,002401,1.31,4605,4609
SZ,002556,0.61,4595,4600
SZ,002573,0.93,4592,4600
SZ,002727,0.09,4589,6840
SH,688181,-0.54,4588,4588
SH,688330,0.15,4588,4588
SZ,300292,0,4587,5515
SH,688696,0.57,4586,4586
SZ,300797,0.42,4584,4597
SZ,000507,0.4,4584,4672
SZ,300681,-0.29,4584,6078
SH,688386,-0.44,4582,5015
SZ,300695,-0.74,4581,4581
SZ,002637,1.65,4580,4633
SZ,003033,-0.08,4577,4634
SZ,002483,-0.38,4577,4583
SZ,301321,2.21,4573,5776
SZ,001317,0.43,4572,4577
SH,688591,-0.14,4572,6525
SZ,000759,-0.56,4570,4617
SZ,301566,-1.58,4570,8660
SH,603666,0.32,4567,4567
SH,600523,0.27,4562,4565
SZ,002235,2.62,4561,4776
SZ,002632,0,4561,4959
SH,603070,1.97,4559,4559
SZ,301333,0.13,4559,4564
SZ,301070,-1.35,4558,6781
SZ,002940,1.07,4558,4963
SH,600121,-0.79,4557,4557
SH,688609,-2.66,4555,4755
SZ,000936,-0.18,4553,4554
SH,600207,1.46,4553,4553
SH,688323,-0.17,4551,4551
SH,601588,1.18,4549,5758
SH,600088,-0.34,4542,4542
SZ,001207,0.65,4541,4705
SZ,301330,-0.8,4541,5500
SZ,002134,-0.42,4540,4543
SZ,002627,0.93,4538,4587
SH,603196,-0.15,4536,8014
SZ,300271,-2.88,4536,4636
SH,603191,0.44,4530,4530
SH,688282,0.06,4528,4528
SZ,301256,-0.1,4526,4526
SH,603387,0.22,4524,4524
SZ,000886,0.65,4518,4568
SH,688448,-1.48,4515,4515
SH,603348,-0.34,4510,4510
SZ,300147,-1.85,4503,4530
SZ,002291,0.39,4502,4844
SZ,300490,0.44,4499,4561
SH,688170,-0.47,4498,4498
SZ,920576,4.15,4498,4543
SZ,002707,0.39,4498,5110
SZ,002478,0.32,4495,5603
SH,603767,0.41,4491,4491
SH,688085,-0.15,4488,4695
SH,600101,0.49,4487,4487
SZ,300463,0.33,4483,5515
SH,600178,-0.2,4483,4483
SH,600288,2.5,4477,4477
SZ,000665,0.77,4469,4469
SZ,000417,0,4456,4461
SH,603216,-0.68,4456,4456
SH,603980,-0.29,4454,4454
SH,600658,1.02,4452,4452
SH,603777,0.53,4448,4448
SZ,002543,0.3,4446,4997
SZ,002884,0.12,4443,5819
SH,603558,0.39,4441,4441
SZ,300592,-0.22,4440,5051
SH,600382,-1.07,4437,4437
SZ,002728,0.23,4437,4543
SH,600283,0.25,4436,4436
SH,601065,0,4435,4435
SZ,300259,-0.77,4435,4436
SH,603137,-3.03,4434,4434
SZ,002641,2.09,4434,4806
SZ,002501,0,4433,4438
SZ,301179,1.25,4429,7542
SH,601218,0.22,4428,4428
SZ,002559,-0.22,4425,5636
SH,603988,-3.38,4422,4422
SZ,000819,0.58,4422,4464
SZ,300791,0,4421,5300
SZ,000558,0.59,4420,4422
SZ,002146,0,4420,4913
SZ,300689,1,4420,5022
SH,605300,-0.3,4417,4417
SH,603286,0.03,4414,4455
SZ,301413,2.1,4410,7386
SZ,000863,0.8,4409,4475
SZ,002522,-1.01,4407,4411
SZ,001338,0.11,4405,4405
SH,688228,-1.2,4405,4405
SH,688320,0.21,4402,4402
SZ,300016,0.26,4402,4555
SZ,000045,0.1,4401,4878
SZ,002124,0.45,4398,4955
SZ,002059,0.68,4394,4526
SZ,002746,0.81,4393,5327
SH,603528,0.97,4391,4391
SH,603018,0.56,4391,4391
SH,688377,0.48,4386,4386
SZ,300249,-0.25,4377,5364
SH,688119,0.52,4376,4376
SZ,300737,1.02,4374,5474
SZ,301367,0.43,4370,5581
SH,600609,1.52,4370,4370
SZ,002824,0.84,4367,6009
SH,688539,0.04,4367,4367
SZ,001208,2.78,4367,8745
SH,603611,0.3,4364,4364
SH,688665,0.96,4363,4363
SH,600880,0.76,4361,4362
SZ,002026,0.81,4361,4361
SZ,002303,-1.52,4361,6906
SZ,300917,0.19,4360,4360
SZ,300619,0.04,4359,5178
SZ,300441,-0.28,4357,4485
SZ,000526,0.73,4350,4364
SH,603060,0.37,4349,4349
SH,600976,0.46,4343,4346
SZ,000521,-0.39,4341,5108
SZ,001283,-1.1,4341,5444
SH,688667,-1.1,4337,4337
SZ,301365,-3.95,4333,6420
SH,600758,0.92,4332,4336
SZ,300648,0.87,4330,5687
SH,603209,0.15,4327,4375
SZ,002540,0.6,4325,6288
SH,600173,0.49,4322,4322
SH,600168,1.4,4321,4321
SH,605577,0.31,4320,4320
SZ,000718,1.07,4313,5735
SZ,000720,1.18,4310,4310
SZ,002907,0.31,4298,5345
SH,603697,1.01,4298,4298
SH,603165,0.81,4297,4297
SZ,300697,-0.91,4296,5611
SZ,300267,0.33,4296,6229
SZ,300532,0.14,4293,4513
SZ,301487,-1.56,4288,7225
SH,688691,-1.93,4286,7049
SZ,301629,-1.1,4281,9305
SZ,300149,0.78,4281,4492
SH,603106,10.04,4279,4279
SZ,300461,0.54,4278,4657
SZ,002774,2.43,4277,5111
SH,688073,-0.37,4276,4276
SZ,002919,0.43,4275,4306
SH,605028,-0.77,4270,4270
SZ,002393,-0.13,4269,4384
SZ,002117,0.49,4267,4268
SZ,300123,2.63,4264,4384
SZ,002455,-0.14,4262,4660
SH,603110,-0.6,4260,4260
SZ,301211,-0.58,4255,4255
SZ,002454,-0.4,4255,4264
SZ,000078,1.25,4253,4262
SZ,300847,-0.13,4248,4248
SH,688639,-0.17,4244,4244
SZ,300727,0.08,4241,4712
SZ,301325,-0.43,4238,4238
SZ,002264,-0.45,4237,4686
SZ,301058,0.24,4237,4307
SZ,300071,-1.31,4235,4318
SZ,002367,0.19,4235,4252
SH,600071,0,4235,4235
SZ,300286,1.39,4234,5111
SZ,300210,-0.1,4232,4232
SZ,300506,0,4225,8197
SZ,000011,1.01,4222,4780
SH,603976,0.12,4222,4222
SZ,300561,0.23,4219,5742
SH,603916,0.3,4216,4216
SZ,300018,0.09,4216,5659
SZ,300702,0.76,4208,6960
SZ,002285,1.43,4207,4245
SH,688057,1.46,4206,4206
SZ,301391,-0.56,4205,4303
SH,688786,-0.44,4200,4200
SH,603822,-0.48,4198,4198
SH,688210,0.66,4197,4197
SH,688115,-0.74,4196,4196
SH,600819,-0.18,4191,5187
SH,603960,-0.8,4190,4190
SZ,300871,0.19,4189,4189
SH,603998,0.63,4180,4180
SZ,002480,3.03,4176,4184
SH,603097,2.65,4174,4272
SH,603439,0.49,4172,4172
SZ,002443,0.25,4169,4169
SZ,300692,1.12,4166,4566
SZ,920077,-1.14,4163,8084
SZ,300878,1.33,4162,4182
SZ,300397,-0.09,4151,5264
SZ,002427,0.24,4145,4149
SZ,301349,-0.93,4143,5247
SH,688267,0.89,4141,4141
SH,600227,-0.91,4139,5471
SZ,300534,-0.21,4138,4156
SH,603956,10.02,4132,4132
SH,688720,-0.95,4132,6480
SH,688796,0.59,4131,47818
SZ,300793,0.64,4126,4220
SH,605088,1.38,4124,4156
SZ,300802,-0.33,4124,5790
SZ,002758,0.51,4120,4124
SH,603206,0.9,4117,4117
SZ,002380,4.21,4117,6948
SH,688236,0.07,4116,5474
SH,603122,0.49,4116,4116
SZ,301379,-1.71,4116,5222
SZ,301265,-0.46,4113,5108
SH,603918,-1.04,4111,4111
SZ,301370,0.69,4108,4108
SH,603015,0.3,4107,4107
SZ,300541,0.09,4105,4550
SZ,301007,-0.54,4101,4156
SH,600729,0.38,4100,9382
SH,600479,0.1,4097,4819
SZ,301488,0.08,4095,9993
SZ,300326,-0.51,4092,4094
SH,603069,1.17,4092,4092
SH,603035,0.72,4088,4088
SH,600340,-0.93,4088,4088
SH,688186,2.61,4087,4087
SZ,300355,2.4,4085,4797
SZ,300227,-1.42,4084,5332
SH,600505,0.54,4080,4080
SZ,301075,2.33,4078,4078
SZ,300547,0.53,4078,4963
SZ,300705,0.09,4077,5513
SH,600261,0.33,4072,4072
SZ,002406,1.05,4065,4929
SZ,300586,0.53,4063,5405
SH,603519,-0.51,4061,4061
SH,605086,0.89,4061,4061
SZ,002512,0,4060,4090
SZ,000655,0.29,4060,4060
SH,605208,2.84,4058,4058
SZ,002765,1.19,4058,4441
SZ,920239,-0.96,4058,4108
SZ,300968,-0.19,4051,4051
SH,603072,0.28,4051,8481
SH,603217,0.52,4047,4047
SZ,002553,0.13,4043,5577
SH,688023,0.03,4042,4042
SZ,300091,0,4039,7020
SZ,000016,-0.77,4039,6092
SZ,920522,-0.66,4039,4870
SH,600650,0,4038,5704
SH,688419,4.29,4038,4038
SZ,300061,-0.14,4038,4277
SH,605268,0.88,4035,4035
SH,603967,1.31,4035,4035
SH,688655,-0.32,4035,4035
SZ,000428,-5.93,4035,4035
SZ,002161,0.37,4031,4032
SH,603088,0.22,4028,4622
SH,603758,0.65,4028,4028
SH,603726,-0.49,4025,4045
SZ,300228,0.14,4024,4301
SZ,300505,-2,4023,5088
SH,603150,0.68,4022,4022
SZ,300189,2.26,4015,4639
SH,603683,-0.63,4012,4054
SZ,300121,0,4011,4159
SZ,920593,-0.47,4006,4716
SH,603178,-1.73,4000,4000
SH,603790,-0.47,3999,3999
SZ,300859,0.55,3999,3999
SH,603032,-0.45,3999,4005
SZ,301116,0.23,3996,3996
SZ,002950,0.87,3996,5889
SZ,002321,0.53,3993,4010
SZ,300984,-0.08,3993,6195
SZ,300963,2.95,3990,5439
SZ,300654,0.27,3985,4137
SZ,301230,0.08,3981,4426
SZ,300320,-0.11,3975,4924
SZ,002520,0.73,3975,4156
SZ,300206,0,3973,6805
SZ,301187,1.1,3972,3972
SZ,300662,0.35,3966,3977
SH,600628,0.66,3965,3965
SH,688633,-1.01,3965,3965
SH,603322,0.6,3963,3963
SH,603689,-0.12,3963,3980
SZ,002876,-0.14,3962,4625
SZ,002040,0.74,3962,3962
SH,688350,0.36,3959,3959
SZ,002644,0.39,3958,3958
SZ,300882,1.43,3955,4250
SZ,000096,0.13,3954,4087
SH,600076,-2.96,3953,3953
SZ,300893,-0.62,3949,7445
SH,603636,1.04,3946,3946
SZ,300403,0.33,3946,5572
SZ,301055,0.31,3945,4031
SZ,000678,1.54,3943,3943
SZ,001288,2.2,3943,6069
SZ,920946,0.11,3939,3940
SZ,000882,1.41,3939,3942
SH,600152,-0.66,3936,3936
SH,688379,-0.06,3934,4148
SZ,002788,0.98,3933,4002
SZ,301160,4.38,3929,5913
SH,601368,0.23,3929,3929
SH,603681,-0.23,3927,3927
SZ,002116,0.57,3926,3974
SZ,920139,-1.36,3924,4061
SZ,300105,1.2,3923,3925
SH,603339,-0.7,3921,3921
SZ,002418,0.58,3921,3921
SH,603803,0.33,3917,3917
SH,603661,0.57,3916,3916
SH,603869,-0.61,3914,3914
SH,688356,-0.61,3914,3914
SZ,300183,1.54,3911,4876
SH,600798,0.62,3909,3909
SZ,300491,1.47,3907,4404
SH,688459,-0.11,3902,3902
SZ,002989,-0.29,3901,3976
SZ,301458,-0.53,3899,8851
SZ,300712,0.48,3899,3916
SH,603271,-0.86,3890,8149
SZ,002005,0,3889,3890
SH,600222,0.29,3888,3888
SZ,002177,0.52,3888,4384
SZ,300429,0.43,3885,5165
SH,600135,0,3884,3884
SZ,002560,0.66,3876,4500
SH,688429,0.31,3876,3876
SZ,300196,-1.25,3876,6414
SZ,002160,-0.52,3876,3883
SH,600792,0.29,3874,3874
SZ,002490,-4.27,3873,5888
SH,603398,-0.99,3872,3872
SZ,000599,0.42,3871,11580
SH,603429,0.27,3871,3871
SH,603222,2.93,3870,3870
SH,603261,9.98,3869,3869
SZ,300539,2.07,3868,4759
SH,600469,-0.18,3866,4717
SZ,002449,-0.15,3865,3865
SH,688010,-1.51,3858,3858
SH,603912,0.85,3856,3856
SZ,300380,-0.25,3855,4191
SH,603669,0.37,3854,3854
SZ,300022,-0.5,3850,3850
SH,600526,0,3850,3919
SH,688269,-0.06,3848,3848
SH,600727,-0.26,3843,3843
SZ,000906,0,3843,3889
SH,600568,0,3839,4584
SZ,003004,0.04,3837,4570
SH,603676,0.11,3834,3834
SH,603318,-0.59,3833,4632
SZ,300421,0.36,3832,4893
SH,603121,0.89,3832,3832
SZ,000523,0,3830,5305
SZ,300317,1.09,3830,3835
SZ,002772,0.59,3828,3860
SZ,301277,0.41,3827,3827
SH,688595,-0.4,3826,3826
SZ,000520,2.16,3826,3826
SZ,301045,0.2,3825,6053
SH,688061,-0.17,3825,3825
SH,688298,0.42,3824,3824
SZ,002090,0.95,3823,3846
SZ,000822,1.18,3822,3822
SZ,003019,-0.31,3818,3907
SZ,002035,0.62,3816,4137
SH,603520,0.46,3814,3814
SZ,300318,1.26,3812,3929
SH,688360,1.19,3811,3811
SZ,300588,-0.64,3811,4126
SZ,300643,-0.71,3810,3819
SH,688719,0.09,3809,4898
SH,600725,0.65,3808,3808
SH,688291,-0.87,3807,3807
SZ,300231,0.23,3807,3807
SH,600824,1.4,3805,3805
SH,605189,0,3805,3805
SH,688211,0,3803,3803
SZ,002843,0.4,3803,3826
SZ,001380,-0.42,3803,4426
SH,603113,0,3801,3801
SZ,301102,-0.52,3800,3800
SZ,300767,-0.3,3797,4374
SZ,300481,-0.6,3794,3817
SH,603239,0.07,3793,3793
SZ,001316,-0.23,3789,4061
SH,603719,0,3789,3789
SZ,002589,0.73,3783,4168
SZ,002612,0.41,3779,6570
SZ,300349,0.59,3779,4264
SZ,002322,0.19,3778,3929
SH,601113,0.29,3776,4631
SH,601188,0.35,3773,3773
SH,600067,1.12,3771,3771
SH,600576,1.06,3771,6021
SH,600714,-0.9,3766,3766
SH,688768,-1.09,3764,3795
SZ,002688,-0.78,3760,3871
SZ,300177,-0.31,3759,4614
SH,600794,0.64,3756,3756
SH,688247,0.24,3754,3754
SZ,002564,0.23,3753,3753
SZ,301603,-1.12,3752,12007
SZ,002228,0.32,3749,3761
SH,603933,0.84,3748,3748
SZ,000518,0.83,3748,3748
SZ,301252,-0.92,3747,4672
SZ,000850,0.25,3745,3746
SZ,300711,0.13,3741,4223
SH,688311,0.85,3740,3740
SH,600960,0.26,3736,3736
SH,603978,-0.1,3734,3734
SH,605337,-0.92,3733,3733
SZ,002328,0.31,3733,5047
SH,600805,2.33,3733,3735
SH,688588,0.74,3732,3732
SZ,002187,0.57,3729,3729
SZ,301008,0.28,3728,4222
SH,603085,0.21,3725,3725
SZ,300004,0.52,3725,3725
SZ,301168,0.8,3723,4687
SZ,000797,0.85,3722,3723
SZ,002554,-0.7,3720,3721
SZ,002586,-0.86,3719,3913
SH,688558,1.99,3718,3718
SZ,300559,-1.96,3718,4774
SH,605286,0.59,3718,3718
SZ,300669,0.54,3716,3923
SZ,301235,-0.16,3714,4963
SZ,000816,0.78,3714,3733
SH,688218,-1.14,3710,3710
SZ,300557,-0.33,3709,3727
SH,688039,-1.32,3706,3706
SH,600527,0,3706,3706
SH,603199,0.78,3706,3706
SH,603081,0.57,3705,3705
SZ,002088,0.41,3704,3729
SH,605162,0.48,3702,3702
SH,603315,0.35,3697,3697
SZ,002786,1.08,3696,3707
SZ,300901,-0.31,3694,3694
SH,688635,-0.96,3693,19481
SZ,002930,0.24,3693,3902
SH,688551,-1.42,3685,3685
SZ,002902,-0.28,3684,4874
SZ,300629,0.3,3683,4272
SH,600734,0.6,3681,3681
SZ,300044,-0.76,3677,3926
SZ,920799,1.26,3674,6400
SH,603386,0,3671,3671
SH,688212,-0.03,3668,3668
SZ,300299,0.57,3668,3672
SZ,000532,0.09,3662,3675
SH,600830,0.37,3662,3662
SH,605055,0.73,3661,3661
SZ,301282,-1.74,3660,4373
SZ,300590,-0.77,3660,4729
SZ,002197,1.93,3658,4208
SZ,300668,-2.9,3656,4414
SZ,300111,1.07,3656,3656
SH,688512,-0.52,3655,5325
SZ,300964,-1.3,3652,4976
SZ,001269,-0.25,3648,3648
SH,603607,0.1,3645,3645
SZ,300010,-0.44,3643,4526
SH,600379,-0.08,3642,3642
SZ,002562,-0.21,3636,5108
SH,600337,2.43,3636,3636
SH,603615,0.07,3632,3632
SZ,002370,0.41,3631,3631
SH,603716,1.2,3631,3631
SZ,002886,-0.33,3630,4569
SH,603058,-1.01,3628,3629
SZ,002162,1.02,3627,3633
SH,603138,0.8,3627,3694
SH,603126,0.17,3626,3626
SZ,002469,0.17,3626,3744
SH,603105,0.7,3620,3620
SZ,003026,-0.98,3620,4702
SH,600127,1.44,3613,3613
SH,688590,-2.27,3612,4014
SZ,300055,0.53,3607,4769
SH,603639,-0.18,3606,3710
SH,603551,0,3605,3651
SZ,301398,0,3604,3697
SZ,300194,0.27,3602,4426
SH,688238,0.72,3600,3609
SZ,301280,0.14,3599,6932
SH,603566,0.1,3599,3599
SZ,002095,0.85,3597,3611
SZ,300068,0.48,3594,3782
SZ,002333,0.56,3592,3638
SH,603703,1.17,3590,3590
SZ,002457,3.46,3589,3592
SH,603926,1.11,3585,3618
SH,688033,2.25,3581,3581
SH,603421,0,3581,3581
SZ,301376,2.21,3580,7442
SZ,301517,0.41,3579,5547
SH,603090,0.51,3578,3578
SZ,300351,0.15,3575,5278
SH,600860,0.63,3575,4407
SZ,300571,1.15,3574,4313
SZ,002986,-0.33,3574,4501
SH,603232,-0.31,3574,3593
SZ,001238,0.74,3569,3815
SZ,300758,0.3,3569,3959
SZ,002677,2.05,3568,4180
SZ,300611,0.71,3568,5078
SH,688075,0.43,3563,3563
SH,605369,0.12,3561,3561
SZ,000505,0.9,3560,4093
SZ,300518,0.51,3559,3559
SH,603928,-1.59,3557,3557
SZ,920809,-0.38,3556,4631
SZ,000713,0.7,3555,4622
SZ,300632,1.13,3555,4904
SZ,301609,-0.54,3554,5896
SH,688606,0.38,3553,3553
SH,605378,-0.5,3549,3549
SZ,301085,0.79,3549,5227
SZ,300880,1.23,3544,3544
SZ,002596,0.65,3543,3546
SZ,002609,0.52,3542,4967
SZ,301038,1.21,3540,3540
SZ,300933,0.78,3540,3540
SZ,002693,0.23,3539,3570
SH,600333,0.52,3532,3532
SH,600506,0.07,3532,3532
SH,603679,2.9,3529,3529
SZ,300606,-0.26,3527,4146
SZ,300424,0.66,3527,3529
SH,688807,-0.74,3525,17627
SH,688646,0.87,3522,5461
SH,603109,0.96,3521,3521
SH,601033,0.48,3521,13203
SZ,002676,0,3521,3521
SZ,000726,-0.32,3518,4881
SZ,000965,0.96,3518,3518
SH,603324,-0.62,3518,3518
SH,688533,-0.08,3518,3518
SH,605388,-5.79,3513,3513
SZ,000407,1.52,3512,3529
SZ,002582,0,3511,4567
SH,603579,0.52,3508,3508
SZ,300453,0,3505,5085
SZ,000862,0.54,3504,5122
SZ,300907,1,3504,3504
SH,600834,0.69,3504,3504
SZ,002016,1.64,3503,3503
SZ,300715,1.18,3502,4230
SH,600579,-0.27,3500,3500
SZ,300639,-0.35,3491,3582
SZ,300402,1.27,3491,3537
SH,603569,0.52,3488,3488
SH,603291,0.61,3487,3487
SH,603020,0,3486,3486
SH,688569,-0.05,3482,3482
SZ,000782,0.3,3480,4525
SZ,000716,0.85,3480,3561
SZ,002339,1.68,3476,3660
SZ,300200,-0.84,3472,3530
SH,600800,0.97,3462,3463
SZ,300448,-0.36,3457,3640
SZ,002107,0,3457,3492
SZ,300622,-0.93,3454,5053
SZ,301017,1.21,3454,5415
SZ,301656,0.3,3452,40761
SZ,002462,-0.16,3451,3454
SZ,301115,1.72,3448,4241
SH,603357,2.33,3447,3447
SH,605158,0.6,3447,3447
SZ,300414,0.09,3443,3580
SZ,300809,0.57,3439,5791
SZ,000868,0.83,3438,3439
SH,603139,3.99,3436,3436
SH,688157,-1.07,3435,3435
SZ,301016,0.34,3433,3580
SZ,301033,-1.27,3429,4079
SH,688653,0,3427,4597
SZ,301175,0.36,3427,8110
SZ,300099,-0.16,3426,4342
SZ,300471,0.32,3424,4391
SZ,002356,0.38,3422,3422
SZ,002628,1.57,3415,3430
SZ,002783,-0.13,3408,3690
SZ,301112,-0.02,3407,3407
SH,603101,1.69,3406,3406
SH,603665,0.09,3405,3405
SZ,300530,-5.16,3405,3405
SZ,002305,-0.5,3399,3399
SH,601366,0.57,3397,3397
SZ,300213,0.33,3396,3655
SH,688299,1.03,3394,3394
SZ,300494,-0.11,3394,4179
SZ,300399,-0.34,3392,3393
SH,603390,0.21,3388,3393
SH,603815,0.92,3386,3386
SZ,000659,0.38,3381,3381
SZ,002412,0.59,3380,3417
SZ,300533,0.21,3379,4802
SZ,300248,0.36,3379,3935
SZ,300290,2.52,3377,3378
SZ,300962,0,3374,3374
SZ,300021,0.52,3371,3946
SZ,300120,1.43,3370,3670
SZ,003000,0.74,3370,4933
SZ,300873,0,3369,4640
SH,688148,-0.89,3367,3367
SH,688680,-0.31,3365,3365
SH,600318,0.15,3363,3363
SH,603630,0.61,3362,3362
SH,688168,-0.98,3361,3361
SZ,000903,0.57,3360,3386
SZ,300427,0.91,3360,3397
SZ,300736,-0.25,3360,3447
SH,688071,2.2,3353,3353
SZ,300132,4.1,3353,3409
SZ,300894,-1.12,3353,4617
SZ,001216,0.37,3352,3985
SZ,300729,-0.58,3352,3481
SZ,002766,-0.75,3351,3362
SH,600980,-0.44,3350,3421
SH,600262,0.21,3346,3346
SZ,000721,-1.79,3346,3748
SZ,300508,6.02,3346,4445
SZ,301120,7.21,3338,5657
SZ,000488,-1,3338,5795
SH,600857,-1.05,3336,3336
SZ,000926,0.95,3335,3377
SZ,002791,0.86,3331,5414
SH,605108,0.31,3331,3331
SH,600520,0.1,3330,3330
SH,600229,-0.19,3330,3330
SH,603813,-0.21,3325,3325
SH,603759,0.14,3325,3325
SH,603175,-1.23,3323,31938
SH,603309,-0.95,3321,3321
SH,688750,0,3321,6595
SZ,300652,0.58,3321,3700
SH,600638,1.44,3320,3320
SZ,002109,0.78,3318,3318
SZ,301551,0.19,3315,8580
SH,605058,-0.89,3314,3314
SZ,300664,0.44,3314,3441
SH,688602,-0.15,3314,3314
SZ,920819,-0.35,3308,3346
SZ,300885,1.02,3307,4913
SH,603396,0.67,3307,3307
SZ,301003,-0.47,3305,4273
SZ,002269,0.71,3305,3543
SH,600679,0.73,3303,4760
SZ,301289,0.57,3302,3323
SH,600503,0,3301,3301
SZ,301110,-1.11,3298,4688
SH,600822,0.85,3296,4126
SZ,300078,0,3296,3309
SZ,000736,0.46,3295,3295
SH,600853,1.25,3295,3295
SH,688522,0.42,3294,8112
SH,601999,0.34,3289,3289
SH,600218,0.4,3289,3289
SZ,002646,0.29,3288,3311
SH,605077,-0.26,3288,3327
SZ,301315,0.67,3288,3288
SH,605398,0,3287,3287
SZ,300781,-1.66,3286,4454
SZ,300160,0,3285,3331
SZ,003037,0.37,3283,3283
SH,603648,0.78,3280,3280
SZ,000889,2.45,3279,3530
SZ,300370,0.96,3279,3287
SZ,002474,-0.15,3279,3858
SH,603014,0.31,3278,13493
SZ,300040,0.32,3275,4073
SH,600865,1.05,3273,3273
SZ,002094,1.28,3273,3275
SZ,002822,0.33,3271,5967
SH,605066,0.62,3271,3271
SH,603535,0.95,3270,3270
SZ,002818,0.27,3267,8196
SH,688302,0.7,3267,3267
SZ,000514,1.31,3265,3265
SH,605136,0.74,3260,3260
SZ,001257,-1.11,3259,43696
SH,603811,-0.13,3258,3258
SZ,002374,-0.65,3256,3256
SZ,300879,-0.05,3255,3277
SH,603559,-4.47,3254,3254
SH,688199,-0.92,3254,3254
SH,688133,-0.29,3253,3253
SH,600653,0.6,3250,3250
SZ,002801,0.75,3246,6437
SZ,920037,1.2,3245,5308
SH,600467,0.91,3243,3243
SH,600512,1.49,3238,3238
SZ,301408,0,3237,5656
SH,603817,0.89,3232,3232
SZ,301311,0.07,3230,3230
SZ,000701,0,3225,3228
SZ,002178,0.67,3224,3226
SZ,002362,0.84,3222,3794
SZ,300822,0.72,3219,3471
SH,603656,1.85,3218,3218
SZ,002327,-0.6,3216,5462
SH,605186,-0.5,3214,3214
SZ,300848,0.08,3212,5430
SZ,002927,0.48,3211,3247
SZ,000731,0,3211,3211
SH,603987,0.41,3210,3210
SH,603999,0.72,3208,3208
SZ,002395,0.34,3205,3205
SZ,002037,1.07,3203,3203
SH,600327,0.84,3203,3203
SZ,301199,1.02,3202,3327
SZ,301479,0.22,3201,5592
SH,688259,-1.16,3200,3200
SH,688399,-1.63,3198,3198
SZ,300656,-0.57,3196,4116
SH,600622,0.95,3194,3194
SH,603230,0.22,3192,3192
SH,688785,-1.38,3189,15942
SH,688443,0.09,3189,8155
SH,600539,-3.41,3186,3186
SZ,301076,1.21,3185,4764
SZ,300553,1.63,3183,4153
SZ,301186,0.68,3183,3385
SH,600280,1.81,3182,3182
SZ,301246,-0.31,3180,7480
SZ,300572,0.4,3174,4010
SH,600053,-0.53,3174,3174
SZ,000007,-0.75,3170,3170
SZ,301310,-1.11,3169,9924
SZ,002021,2.32,3168,3168
SZ,300056,0.37,3166,3169
SH,605068,-9.99,3166,3166
SZ,000037,1.97,3165,5630
SZ,002441,0.25,3165,4324
SZ,301060,0.11,3162,3517
SH,603313,0.18,3161,3161
SH,603210,0,3160,4623
SH,603600,0.53,3159,3159
SZ,002686,-2.41,3157,3420
SZ,001217,0.52,3151,3183
SH,603948,0,3151,3151
SZ,301096,0.24,3150,4141
SZ,301259,-1.93,3148,4909
SZ,002571,-0.84,3147,4135
SZ,300551,-0.74,3147,3156
SZ,301073,0.51,3145,3440
SH,688398,-0.04,3145,3145
SH,603351,0.04,3144,3144
SZ,300241,-0.18,3144,3748
SZ,300840,2.9,3143,4260
SH,600731,-0.16,3142,3212
SH,603788,1.15,3141,3141
SH,600354,0.85,3140,3140
SZ,300683,-0.18,3139,3367
SH,605259,0.11,3139,3139
SH,600716,0.9,3136,3136
SZ,301613,0.95,3135,5375
SH,600749,-0.06,3134,3134
SZ,301682,-3.11,3133,14827
SZ,300193,-0.12,3133,3558
SZ,002672,0.87,3132,3824
SZ,301602,0,3132,6434
SZ,300473,0.1,3128,3588
SH,603898,0.1,3125,3125
SH,601616,0,3124,3124
SZ,300867,0.12,3120,4424
SH,688579,0.78,3116,3116
SH,603095,-0.16,3115,3115
SH,603007,-0.21,3114,3962
SZ,002451,1.14,3114,3124
SZ,002548,1.04,3113,3205
SH,688358,-0.63,3112,3116
SZ,000788,0.38,3111,3111
SH,688722,-0.49,3111,3111
SZ,301499,-0.34,3109,3109
SH,600293,-0.36,3109,3109
SZ,920806,0.1,3107,3107
SZ,002055,0,3107,3161
SH,688571,0,3105,3105
SH,603696,-1.78,3105,3105
SZ,301617,-0.34,3100,7811
SH,605138,0,3095,3095
SH,688163,-0.82,3093,3093
SZ,002369,1.49,3091,3096
SZ,000803,0.45,3090,3134
SZ,000421,0,3090,3090
SZ,002365,0.88,3086,3707
SH,605399,0.1,3086,3089
SZ,300062,2.91,3085,4239
SZ,002735,1.6,3084,4060
SZ,300521,1.21,3084,3123
SZ,300069,6.68,3083,3083
SZ,300545,-0.57,3082,4781
SH,688583,-0.52,3080,8840
SH,688053,-0.6,3079,3079
SZ,001221,0.33,3079,16020
SZ,301223,0,3075,3075
SZ,301136,1.54,3073,3077
SZ,300094,2.21,3073,3136
SH,603577,0.89,3069,3069
SZ,301322,-0.46,3069,4551
SZ,301696,0.11,3068,40797
SZ,300812,-0.28,3066,3379
SH,688283,-0.03,3066,3066
SZ,301630,-2.51,3066,8183
SZ,300798,3.42,3063,3723
SH,688636,-0.67,3062,3062
SH,688317,0,3062,3062
SZ,001318,-0.36,3061,3061
SZ,002912,-0.67,3061,3222
SZ,300515,-0.51,3061,3121
SZ,301421,-2.08,3056,7636
SH,603116,-0.37,3054,3054
SZ,300973,-1.11,3048,4354
SZ,300247,0,3047,3047
SZ,300955,-0.94,3045,3045
SZ,001215,0.16,3043,3051
SZ,300608,0.81,3041,3477
SH,688600,-0.08,3039,3039
SZ,300385,1.36,3035,3478
SZ,002726,2.76,3034,3035
SZ,001400,-2.54,3033,5510
SZ,300157,-2.57,3032,3176
SZ,301226,1.09,3031,3031
SZ,300289,0.18,3031,3036
SH,600969,0.37,3031,3031
SZ,002889,-0.57,3028,4551
SH,600738,0.76,3027,3030
SH,600228,-6.06,3025,3029
SZ,000546,-0.45,3024,3375
SH,600668,0.41,3022,3022
SZ,300310,0.23,3021,3853
SH,688607,-1.54,3021,3356
SH,603008,2.12,3020,3020
SZ,300578,0.13,3017,3018
SZ,300908,0.29,3015,3567
SH,605303,0.11,3014,3014
SZ,301302,0.37,3013,3379
SZ,002175,0,3013,3013
SH,600684,2.02,3013,3904
SZ,301213,-1.88,3012,4659
SZ,301201,-0.03,3010,4290
SZ,002724,-0.37,3009,4089
SZ,002542,2.4,3007,3088
SZ,300801,-1.73,3007,4799
SZ,300746,-0.06,3007,3036
SZ,301028,1.44,3002,4628
SZ,301662,-0.86,3001,7808
SZ,002849,0.74,2998,3023
SH,688286,-0.69,2998,2998
SH,603278,1.39,2997,2997
SH,605566,0.22,2991,2991
SZ,002845,-0.82,2988,3911
SZ,300135,0,2986,2986
SH,600156,0.68,2984,2984
SZ,300234,3.58,2982,4362
SZ,000931,1.79,2982,2990
SZ,002286,1.64,2980,3063
SH,688171,-1,2980,2980
SZ,300589,0.55,2980,4800
SH,688373,0.22,2979,2979
SZ,002826,0.06,2978,3074
SZ,002313,0.13,2976,2976
SZ,300478,0.3,2973,2973
SH,601956,1.27,2971,2971
SZ,300542,0.67,2969,3580
SZ,300946,1.16,2968,6108
SZ,300050,-0.17,2968,2969
SZ,300600,1.2,2966,2966
SZ,300927,-0.32,2963,3037
SH,603051,0.22,2963,2963
SH,603798,2.12,2962,2962
SH,603958,0.6,2961,2961
SZ,300609,0.45,2961,2966
SZ,300504,0.15,2959,3675
SZ,000151,0.1,2959,3372
SH,688162,-0.31,2956,2956
SZ,300875,-3.76,2955,3360
SH,600719,2.82,2954,2954
SH,688682,0.98,2951,2951
SZ,002575,-0.58,2951,3113
SZ,920047,-0.23,2950,4493
SZ,300011,0.35,2947,3518
SZ,000691,-1.72,2945,4417
SH,688813,-1.15,2943,15656
SZ,301373,-1.93,2941,7823
SZ,300125,-0.36,2941,5427
SH,603896,0,2938,2938
SZ,300686,0.18,2933,2953
SZ,301193,0.19,2932,3835
SH,603201,1.04,2929,2954
SZ,000530,0.62,2929,4115
SZ,300187,0,2927,2944
SZ,003029,0.42,2927,3218
SZ,003002,0.76,2926,3200
SZ,002394,1.46,2924,2929
SZ,002282,0.17,2924,3050
SZ,000576,-0.14,2924,2941
SZ,002199,-7.38,2924,3082
SZ,300311,0.18,2924,3665
SZ,002933,0.16,2923,2938
SZ,300522,-0.88,2923,3582
SH,600791,-1.06,2922,2926
SZ,301257,-0.17,2922,3065
SH,605588,0.03,2920,2927
SZ,000798,0.38,2919,2920
SH,603657,0.14,2917,2917
SH,600192,0.61,2916,2916
SH,603637,4.54,2912,2912
SZ,300869,0.27,2912,4436
SH,688273,0.38,2911,2911
SH,688370,0.19,2909,2909
SZ,301600,0.47,2909,9425
SZ,300225,-0.95,2908,2929
SZ,300943,-0.67,2907,4441
SZ,920418,-1.11,2906,3009
SH,688070,1.36,2905,2905
SH,603725,1.82,2905,2905
SZ,002623,1.48,2905,2911
SZ,300419,1.42,2898,2898
SZ,300020,0.53,2898,3004
SH,688458,-0.92,2897,3448
SZ,300603,0.39,2894,3598
SZ,002086,1.1,2894,3585
SH,603527,-0.43,2888,2888
SZ,002137,-0.4,2886,4204
SZ,300238,0.28,2879,2880
SZ,300864,0.06,2877,2877
SZ,002973,0.78,2875,3698
SZ,300266,2.21,2873,2875
SZ,002521,0.74,2871,3836
SZ,300932,2.98,2870,4029
SZ,300698,0.41,2869,3243
SZ,301051,-0.38,2866,3607
SZ,002186,0.43,2866,2867
SZ,002811,0.3,2865,3123
SH,600130,1.06,2865,2865
SZ,300407,-2.98,2863,3828
SZ,000897,1.14,2863,2863
SZ,300982,0.82,2862,3055
SZ,300243,0,2860,3576
SZ,003020,0.59,2860,3873
SZ,002878,-0.48,2859,3175
SZ,000890,1.19,2857,2857
SH,603739,0.27,2857,2857
SH,688530,-0.98,2854,6546
SZ,300510,1.47,2845,2845
SH,603949,0.37,2844,2851
SZ,002829,0.15,2841,4042
SH,600594,1.69,2840,2840
SZ,300839,0,2837,2887
SZ,002314,0.47,2837,5740
SH,603808,-0.5,2837,2837
SZ,301066,0.66,2837,2859
SH,688215,0.96,2837,2837
SZ,002823,0.47,2837,4256
SH,603330,0.58,2835,3016
SZ,002485,-0.75,2834,2834
SH,603722,-0.43,2834,2893
SH,603310,0.27,2833,5042
SZ,002148,0.64,2832,3509
SH,688618,-0.68,2832,2832
SH,688030,-0.5,2832,2832
SZ,301448,0.99,2831,4178
SH,603048,8.02,2829,2829
SZ,002259,0.27,2829,2829
SZ,002587,-0.18,2829,3475
SH,688229,-1.03,2828,2828
SZ,001311,0.69,2825,6438
SZ,300239,0.42,2825,2843
SZ,002996,-0.31,2824,4124
SZ,000615,-0.64,2822,5452
SH,605169,0.91,2820,2820
SH,600322,0,2820,2820
SZ,000910,0.19,2818,2819
SH,600620,0.49,2815,2815
SH,603819,0.47,2815,2815
SH,603500,0.12,2814,2815
SZ,000802,1.29,2812,2813
SZ,301111,0.17,2811,2811
SH,600616,0.72,2810,2810
SH,688159,0.17,2810,2810
SZ,000068,1.09,2809,2809
SZ,301535,0.3,2808,7034
SZ,002547,1.6,2806,2865
SH,600470,-0.54,2806,2806
SZ,002659,1.3,2800,2800
SZ,300051,1.06,2800,2835
SZ,300550,0.47,2799,2802
SZ,300877,-0.76,2797,2797
SH,688511,1.8,2797,2797
SH,603903,0,2796,2796
SH,688335,2.05,2795,2795
SZ,002224,0,2790,3121
SZ,000668,-1.8,2790,2790
SH,688557,0,2788,2788
SZ,301348,-0.65,2788,4313
SZ,000710,-0.46,2788,2991
SZ,002347,0.53,2788,2852
SZ,300831,2.3,2788,4835
SH,600215,0.83,2787,2787
SZ,300691,-0.07,2786,3395
SH,688175,-0.35,2786,2786
SH,688280,0.56,2785,3158
SZ,002616,0.42,2785,4073
SZ,002278,0.26,2781,3012
SZ,300086,0.48,2781,2872
SH,603202,1.69,2780,8858
SH,688391,-1.14,2778,2778
SH,688152,0.44,2777,2777
SH,603970,0.68,2777,2777
SH,600265,0,2776,2776
SZ,300148,0.89,2776,2875
SZ,000978,0.68,2776,2776
SH,688570,0.55,2776,6387
SZ,002981,-0.56,2775,3116
SZ,000570,0.6,2773,3521
SH,688081,-0.84,2773,2773
SZ,000695,-0.94,2773,2897
SZ,002561,0.6,2773,2781
SH,603192,-0.04,2771,3324
SZ,300270,2.41,2771,3216
SZ,301026,-0.68,2770,3836
SH,605080,0.15,2769,2780
SZ,301273,1.32,2767,3606
SZ,000892,5.42,2765,3816
SZ,002722,0.49,2764,2764
SZ,920725,-2.68,2761,5705
SZ,300359,-1.12,2761,2761
SZ,002168,0,2760,2760
SZ,301468,0.57,2757,4784
SZ,002323,0,2757,2757
SZ,003032,9.99,2757,3900
SH,600249,0.2,2756,2756
SZ,300237,-0.51,2754,2754
SH,601112,-0.32,2754,26227
SZ,301218,-5.36,2754,4482
SZ,003016,1.06,2753,2817
SZ,300858,1.01,2752,3705
SH,600212,0.19,2752,3647
SZ,300830,0.25,2751,3685
SH,600721,1.71,2750,2750
SZ,300721,0.35,2749,3276
SH,600419,0.46,2742,2742
SZ,300381,0,2742,2751
SZ,920179,0.46,2741,3418
SH,600136,0,2740,2878
SH,688687,0.69,2739,2739
SZ,002667,3.58,2738,3015
SZ,301568,-1.68,2736,5936
SZ,002899,-0.21,2736,2736
SZ,002798,-0.18,2734,3108
SZ,300945,0.09,2733,3001
SZ,301158,-2.83,2733,2802
SH,605500,0.3,2731,2731
SZ,300552,0.2,2730,4307
SZ,001299,0.21,2730,3032
SH,605089,1.18,2730,2730
SZ,300242,-4.86,2729,2729
SZ,300501,1.44,2728,2737
SH,688338,-0.57,2728,2728
SZ,300890,-0.79,2727,2984
SZ,002403,0.55,2725,3124
SZ,002355,0.46,2720,2941
SH,600630,-0.15,2719,2719
SZ,300833,0.48,2719,4232
SH,600408,1.5,2718,2718
SH,600876,0.73,2718,4436
SH,603878,2.11,2716,2716
SZ,300329,0.19,2716,2724
SZ,920735,0.93,2714,3069
SH,601010,0.67,2713,2713
SH,688255,1.86,2708,2708
SH,603280,0.4,2708,2708
SZ,300479,0.36,2708,2709
SZ,301439,0.61,2707,5747
SZ,002846,-5.1,2706,4368
SH,603237,0.28,2705,2793
SZ,301266,0.71,2705,2851
SH,600712,-3.64,2704,2734
SH,600785,2.27,2704,2704
SZ,300384,0.08,2703,3917
SH,603585,0.5,2703,2748
SZ,002866,-0.26,2702,4317
SZ,000529,0.85,2701,2767
SZ,002689,-0.37,2701,2702
SH,603518,-0.37,2701,2711
SZ,300818,0.11,2700,4169
SZ,301237,-0.12,2699,3707
SH,688285,0.14,2698,2698
SZ,300175,0.7,2698,2698
SZ,002953,0.95,2695,4709
SZ,301172,0.77,2694,3642
SZ,002248,-0.1,2688,2688
SZ,002923,0.58,2687,3486
SZ,300810,-0.2,2683,2778
SH,600844,-1.2,2682,3314
SZ,002331,-0.14,2682,2857
SZ,300749,1.43,2680,3494
SZ,002357,-0.8,2680,2680
SZ,301296,0.48,2678,2678
SZ,300374,0.28,2678,2678
SH,605218,-0.15,2677,3055
SZ,301020,0,2675,2675
SZ,002476,0.23,2674,2674
SH,601798,0.27,2670,2670
SH,688216,0,2669,2874
SZ,300425,0.51,2668,2674
SZ,300795,-6.74,2667,4582
SZ,000017,-0.16,2667,4170
SH,603107,-2.7,2666,4122
SH,603655,0.92,2665,2665
SZ,301622,0.61,2664,4776
SZ,000419,0.82,2664,2664
SZ,000609,0.11,2663,2738
SZ,002663,1.3,2663,2688
SH,605166,0.24,2660,2660
SZ,301260,0.08,2657,6255
SZ,300860,0.33,2657,4576
SZ,300389,-0.16,2655,4466
SH,688077,0.83,2655,2655
SZ,002725,0,2654,2729
SH,600386,0.92,2653,2653
SZ,002917,-0.58,2652,3539
SH,603161,-0.06,2651,2702
SZ,002404,0.17,2651,3259
SZ,002875,0.24,2651,2651
SZ,003025,0.69,2647,3319
SZ,300301,-0.29,2646,2780
SZ,001369,-0.54,2645,14624
SZ,001324,-0.25,2643,2643
SZ,002054,0.29,2642,3317
SZ,301133,-0.7,2641,2886
SH,603037,0.61,2640,2644
SH,603955,0.26,2640,2640
SH,600537,0.45,2640,2640
SZ,300447,-0.14,2637,4088
SH,600250,0.6,2637,2637
SH,603006,0,2637,2637
SZ,300477,-1.11,2636,2852
SZ,301608,-0.46,2636,5873
SZ,002022,0.59,2633,2634
SZ,300230,-0.7,2633,3399
SZ,000809,0.63,2631,2631
SZ,300948,-0.05,2630,2786
SZ,301419,-1.59,2630,3978
SH,600661,3.85,2628,2628
SZ,002921,-3.44,2627,3046
SZ,300141,2.69,2625,2658
SZ,300404,0.44,2624,3545
SZ,000812,0.58,2624,2624
SH,603768,0.09,2620,2620
SZ,002795,-0.32,2615,2659
SZ,002363,0.32,2615,2622
SZ,002863,0.46,2614,2614
SZ,002425,0.71,2613,2717
SH,603458,0.47,2605,2605
SZ,002337,1.14,2605,2608
SH,603829,0.43,2604,2604
SH,688357,0.5,2602,2602
SZ,001218,0,2601,2827
SH,603066,0.34,2601,2601
SZ,301132,-0.43,2600,4065
SZ,300537,-0.57,2597,3545
SZ,300272,-0.17,2596,3418
SH,600735,-0.48,2595,2616
SH,603215,0.14,2595,2974
SZ,300095,-0.11,2589,3215
SZ,002905,0.54,2586,2785
SH,601007,0.15,2586,2586
SH,605266,-0.05,2586,2586
SZ,002658,0.14,2585,4584
SZ,300584,-0.5,2585,3778
SZ,300218,0.76,2585,2593
SH,603080,0.66,2584,2584
SZ,301151,-0.06,2582,2584
SZ,301255,0.26,2581,2941
SZ,002012,0.18,2581,2581
SZ,003015,0.1,2579,2934
SZ,000159,0.19,2576,2576
SH,688292,-0.84,2576,2576
SZ,300653,0.21,2576,2576
SZ,300826,1.38,2575,2677
SZ,300445,0.88,2574,3890
SZ,002828,2.9,2571,2571
SZ,000698,0,2569,2680
SZ,300816,-1.09,2569,3522
SZ,002136,-0.65,2569,2576
SZ,300279,-0.18,2566,2578
SZ,300577,-0.6,2562,4322
SZ,002103,0.3,2562,3526
SZ,300386,0,2560,4268
SH,603628,0.64,2558,2563
SZ,300052,-1.1,2558,2558
SZ,300887,0,2557,3853
SZ,000019,0.33,2556,7077
SZ,301313,2.23,2551,3360
SZ,002599,0.33,2550,3336
SH,603001,-0.77,2550,2550
SH,603863,-0.31,2550,2550
SH,603839,-0.59,2547,2547
SZ,300345,1.15,2546,3081
SZ,301234,-3.8,2546,4310
SZ,300288,0.92,2545,3352
SZ,300439,0.69,2543,3344
SH,603030,1.58,2542,2542
SH,600289,-1.31,2541,2833
SH,600624,-0.26,2541,2541
SZ,002578,-0.33,2540,2769
SZ,000972,0.61,2538,2538
SH,600405,1.97,2537,2537
SH,601996,1.35,2533,2533
SH,603801,0.34,2532,2532
SH,600671,2.41,2532,2532
SZ,300889,0.35,2531,3808
SZ,300942,0.16,2528,2528
SZ,301631,-0.98,2527,7418
SZ,300321,-1.17,2526,2529
SH,688265,-0.82,2525,2525
SZ,300410,0.44,2522,2522
SZ,301565,0.05,2517,7864
SH,603335,-0.33,2513,2513
SH,603838,7.09,2512,2512
SZ,000153,0.18,2510,2542
SZ,002712,-1.27,2510,2525
SZ,301148,-0.85,2510,4966
SH,603586,-0.77,2509,2509
SH,603886,0.29,2508,2508
SH,688314,0.66,2507,2507
SH,603017,0.89,2505,2505
SH,688080,0.12,2505,2505
SH,600358,0.61,2504,5769
SZ,301190,-0.05,2503,3754
SH,603895,0.96,2502,2502
SZ,002072,-1.15,2496,2497
SZ,000504,0.13,2495,2502
SH,600858,1.05,2495,2507
SZ,002748,0.29,2494,2494
SZ,002962,-0.07,2493,3477
SH,600257,0.58,2493,2493
SZ,002769,0.3,2492,2494
SZ,002813,0.68,2489,2492
SZ,002453,0,2489,3355
SZ,301197,0.35,2484,2753
SZ,301149,0.14,2483,4081
SH,688369,-2.13,2481,2481
SZ,001388,-0.14,2480,4633
SZ,300163,2.65,2479,2574
SZ,002853,1.69,2476,3519
SZ,301082,2.6,2476,2671
SZ,002613,0,2476,3522
SZ,002903,-2.14,2475,3635
SZ,920068,-0.76,2473,9336
SH,605033,-4.03,2473,2473
SZ,300636,0.15,2472,2826
SH,600665,0.7,2471,2471
SZ,300162,0,2470,3029
SZ,920002,-0.42,2470,3529
SH,605155,0.46,2470,2519
SH,603159,-0.16,2468,2468
SH,603828,-0.23,2467,2467
SH,603633,0.17,2467,2467
SZ,301202,0.1,2466,4224
SZ,002330,0.52,2464,2465
SZ,003007,0.68,2464,4060
SZ,002172,1.58,2464,2466
SZ,301380,-0.54,2463,3092
SZ,301025,0,2461,3555
SZ,002869,0.77,2459,2762
SH,600538,0.64,2458,2458
SH,688589,-1.1,2458,2458
SZ,001229,4.75,2457,4778
SZ,001256,3,2456,3276
SZ,000545,0.4,2454,2457
SH,603677,-0.23,2452,2452
SZ,300631,-0.19,2452,2521
SH,688137,-0.47,2451,2451
SH,603779,0.68,2451,2451
SZ,000707,0.45,2451,2602
SZ,000565,1.07,2450,2450
SZ,001300,0.8,2445,2445
SZ,002816,0.62,2445,2445
SH,600356,-0.11,2441,2692
SZ,000014,0.6,2440,2440
SZ,301081,1.4,2438,2538
SZ,920571,-0.23,2437,4571
SZ,301042,0.08,2436,2556
SZ,300591,-1.69,2436,2819
SH,603602,0.96,2433,2433
SZ,002391,-0.18,2432,3404
SZ,300585,0.57,2431,2431
SZ,001223,5.87,2431,4549
SZ,301068,0.37,2431,3424
SZ,300365,0.42,2431,2849
SH,603136,1.01,2428,2428
SH,600573,-0.2,2423,2423
SZ,301281,1.13,2422,3696
SH,688500,-0.05,2421,2456
SZ,300452,0.41,2421,2858
SZ,300978,0.12,2420,3563
SZ,003001,9.98,2420,3693
SZ,002952,0.05,2420,3021
SZ,300250,-0.38,2420,3285
SZ,300824,0.26,2418,2493
SH,603059,0.17,2418,2422
SH,603076,1.26,2418,2418
SZ,002398,1.77,2417,2774
SZ,300555,0,2415,2440
SH,600560,0.75,2415,2415
SZ,300485,0.23,2415,4248
SZ,300952,2.01,2414,3926
SZ,300154,1.06,2414,3444
SH,603617,0.81,2413,2432
SZ,300092,0.79,2411,3147
SZ,001376,-0.34,2408,5185
SH,603036,0.69,2406,2406
SH,688246,0.06,2405,2405
SZ,002593,0.47,2405,3449
SZ,002976,0.92,2401,3838
SZ,300998,1.32,2400,3058
SZ,920019,0,2396,3007
SZ,301222,0.67,2393,3151
SH,688468,-0.32,2391,2391
SZ,002682,1.43,2390,2390
SZ,002855,1.89,2388,2390
SH,603836,0,2385,2447
SZ,002098,1.06,2384,2384
SZ,300730,0.26,2380,2776
SZ,000790,1.33,2378,2383
SH,603042,0.18,2376,2376
SZ,301221,1.14,2373,3490
SZ,301181,-0.19,2373,3040
SH,600613,0.61,2368,2638
SZ,300366,-0.88,2366,2710
SZ,300690,-0.08,2366,3505
SH,603086,0.18,2365,2365
SZ,301337,0.52,2364,2416
SZ,002343,0.81,2364,2364
SZ,001282,0.19,2363,3437
SZ,002661,0.92,2362,2481
SZ,001219,-0.07,2362,2422
SZ,301665,-0.03,2362,10202
SZ,002574,0,2360,2360
SZ,300269,0.67,2360,2456
SH,603189,-0.22,2356,2356
SZ,300354,0.87,2353,4003
SZ,300560,-0.07,2352,2890
SZ,301658,0.12,2351,9951
SH,603289,0.25,2350,2350
SZ,002442,0.42,2349,2406
SZ,000430,0.48,2349,5133
SH,603917,1.41,2348,2348
SH,688455,0.29,2347,2347
SH,600992,2.46,2346,2346
SZ,300805,-1.32,2344,3451
SH,688367,-1.79,2340,2340
SZ,300993,-0.09,2339,2980
SH,688529,0.72,2338,2338
SZ,300172,0.68,2338,3025
SZ,002700,-0.34,2337,2362
SZ,300920,0.15,2334,3514
SZ,300647,-0.19,2333,2337
SZ,300796,0,2333,2333
SZ,301669,1.35,2331,13661
SH,603331,1.05,2329,2329
SZ,300898,0.95,2328,2516
SH,603721,3.65,2327,2327
SH,603320,0.06,2327,2327
SZ,920190,-0.12,2325,2338
SZ,002868,0.6,2324,3362
SZ,002388,-1.28,2323,2344
SZ,001210,0.46,2323,3822
SZ,002983,-0.87,2322,4043
SZ,002576,0.28,2322,2366
SZ,000715,0.42,2320,2578
SZ,000055,0.59,2318,3683
SZ,002932,1.64,2318,3453
SZ,002775,0.76,2317,2575
SZ,300334,1.46,2317,2317
SZ,300667,0.22,2313,2742
SZ,301393,-0.52,2313,5681
SH,603797,2.04,2312,2312
SH,603909,0.68,2310,2310
SH,688056,-0.54,2308,2308
SZ,001333,-0.16,2308,2308
SH,600463,1.32,2307,2307
SZ,301185,-0.11,2306,2551
SZ,002871,0,2305,3889
SZ,300264,-0.95,2304,2680
SZ,301397,-0.03,2303,5036
SH,605199,0.17,2301,2301
SZ,300987,-0.59,2299,2299
SH,603180,1.43,2295,2295
SZ,002729,0.15,2295,2393
SH,603193,1.09,2294,8982
SZ,301059,-0.71,2293,2566
SZ,300582,1.08,2291,3087
SZ,300536,0.77,2290,2291
SZ,001201,0.44,2290,2931
SH,600793,0.31,2287,2287
SH,605151,0.24,2286,2286
SZ,300829,0.21,2285,3314
SZ,301119,0.21,2284,2825
SZ,920402,-0.47,2284,3533
SZ,002084,1.43,2282,2287
SZ,300460,-0.72,2280,2280
SZ,300173,0,2278,2278
SZ,002879,2.15,2277,3206
SZ,300281,0.7,2273,2396
SZ,301283,0.08,2272,2890
SH,688201,1.27,2271,2271
SH,600359,0.85,2270,2270
SZ,301108,-1.65,2270,3941
SH,688619,-0.15,2270,2270
SH,605069,7.63,2269,2269
SZ,002496,0,2268,2895
SZ,000669,-0.29,2266,2266
SH,603818,0.92,2266,2266
SH,603332,0.19,2265,2265
SH,600854,0.69,2265,2265
SZ,000554,-1.24,2264,3008
SZ,000635,0,2263,2432
SH,688560,0.09,2261,2261
SH,600187,-1.4,2259,2259
SZ,002069,0.32,2258,2261
SZ,300921,1.09,2258,3582
SZ,301027,-0.2,2258,2739
SZ,300275,0.85,2256,2560
SH,603787,0.51,2255,2255
SH,600831,-0.3,2254,2254
SZ,300562,-1.38,2254,2951
SZ,300701,-1.32,2252,2497
SZ,300988,-0.21,2252,2736
SZ,301178,3.19,2247,3045
SZ,002660,0.15,2247,2336
SZ,300426,0.18,2244,2527
SZ,301046,1.23,2242,2903
SZ,002397,0.58,2242,2587
SZ,300411,1.54,2241,2947
SH,603188,0.51,2241,2241
SZ,301092,1.88,2241,4947
SZ,000573,0.57,2241,2260
SZ,301122,-0.93,2240,3621
SH,688479,-0.41,2240,5212
SH,601083,0.52,2238,14921
SZ,301125,5.47,2238,2525
SZ,300198,-0.45,2237,2249
SZ,301195,-0.22,2236,3368
SZ,002058,1.3,2232,2238
SZ,300422,1.17,2232,2306
SH,603557,-1.37,2232,2232
SH,603307,0,2232,2267
SZ,300340,-0.84,2231,2248
SH,688244,-0.13,2228,2228
SH,603700,0.72,2228,2228
SH,603021,1.61,2227,2227
SZ,300235,-0.35,2224,2757
SZ,001205,0.45,2221,2508
SZ,300025,0.46,2219,2229
SZ,301588,0.5,2218,3595
SZ,002852,0.65,2218,2669
SH,688316,1.31,2218,2218
SZ,002991,1.81,2217,4139
SZ,002377,0.4,2216,2327
SH,600239,0,2216,2216
SZ,301002,1.09,2216,3518
SZ,300891,-0.14,2214,2656
SZ,301106,0.85,2207,2207
SH,603096,-0.34,2207,2207
SZ,301279,0.06,2204,2846
SH,603488,-0.39,2202,2202
SZ,001368,0.74,2201,2303
SZ,002702,-4.57,2197,2662
SZ,300583,-0.33,2197,2238
SH,600439,-10.18,2196,2196
SH,600319,2.35,2194,2194
SH,603378,0.79,2194,2194
SZ,002763,0.14,2192,2960
SZ,301088,0.34,2192,2657
SZ,002861,0.07,2189,2716
SZ,301356,0.58,2189,3732
SZ,300703,0.23,2188,2374
SH,600182,-0.07,2188,4376
SZ,300771,-0.68,2186,2774
SZ,002908,0.59,2185,2929
SZ,300512,1.2,2183,2758
SZ,300965,-0.24,2183,2421
SZ,300107,0.16,2175,3523
SH,600833,0.62,2173,2173
SH,600423,0.37,2172,2172
SZ,000548,0.93,2172,2172
SH,688066,2.11,2170,2170
SZ,301043,-0.69,2169,2600
SZ,002806,0.4,2168,2645
SH,603375,1.55,2167,3421
SZ,001367,0.62,2166,2713
SZ,301011,0.2,2166,2281
SZ,300612,-0.74,2166,2178
SH,603755,1.29,2164,2164
SH,603117,1.69,2163,2163
SH,600302,0.16,2163,2163
SZ,300658,-0.3,2162,3258
SZ,301531,0,2160,10125
SZ,300464,0,2159,2841
SZ,300513,0.44,2157,2158
SH,688310,0.08,2156,2156
SH,688113,0.51,2155,2155
SZ,300732,0.69,2154,2157
SH,603536,-0.44,2150,2167
SZ,300800,0,2146,2169
SZ,003023,1.59,2146,2150
SH,600965,-0.37,2145,2145
SH,603102,0.09,2145,2145
SH,688501,1.83,2144,2144
SH,688581,-0.71,2144,4203
SZ,301040,0.98,2140,2268
SZ,301563,-1.98,2139,9464
SZ,301592,-1.12,2139,6409
SH,688718,-0.56,2135,2135
SZ,300694,0.1,2135,2138
SH,600753,-0.53,2133,2133
SZ,301225,1,2133,6986
SZ,002319,0.59,2132,2132
SZ,301251,0.14,2132,5318
SZ,301118,-0.48,2131,2215
SZ,002234,0.43,2131,2467
SH,603937,-0.48,2131,2131
SZ,300546,-0.31,2131,2963
SH,605003,0.31,2130,2130
SZ,000752,-0.11,2129,2129
SZ,300853,-1.67,2128,3181
SZ,301258,2.45,2127,2189
SH,688623,-0.01,2124,5114
SH,600533,0.5,2121,2121
SZ,000955,1.29,2121,2121
SH,600232,0.52,2119,2119
SZ,002732,0.59,2118,2129
SZ,002767,1.5,2117,2439
SZ,300956,0,2117,2167
SZ,300205,-0.6,2116,2116
SZ,920261,-1.11,2115,3843
SZ,002723,0.3,2115,2217
SZ,301332,-1.11,2113,3683
SZ,301019,0.48,2113,2882
SZ,002114,-0.3,2112,2112
SZ,002771,1.6,2110,2536
SH,600281,0.24,2109,2109
SZ,002890,0.31,2109,2219
SH,603172,0.32,2102,2102
SH,603382,0.5,2102,3299
SZ,300103,0.46,2101,2103
SZ,300752,0.11,2098,3035
SZ,001390,-0.05,2096,3530
SZ,301528,0.4,2094,4062
SH,688648,-0.35,2094,4095
SZ,002492,0.57,2093,2130
SZ,002614,0,2092,2957
SH,600381,0.56,2090,2090
SZ,300778,1.48,2089,2090
SH,605258,-0.28,2088,2088
SZ,300940,0.53,2088,2952
SZ,920344,-1.07,2087,2235
SH,603381,0.69,2084,3478
SH,600148,0.14,2083,2083
SH,605001,1.53,2082,2082
SZ,301220,0.49,2079,3012
SH,603151,0.58,2078,2078
SH,688197,0.53,2076,4823
SH,603079,0.55,2076,2076
SZ,300884,0.09,2075,2752
SZ,300375,0.26,2072,2973
SZ,002887,0.85,2070,2916
SZ,301331,0.3,2069,2074
SH,603238,0.6,2068,2068
SZ,002671,1.63,2068,2106
SZ,920971,-1.26,2066,2507
SZ,001393,-0.43,2060,10694
SZ,001365,-0.41,2059,18800
SZ,300947,1.04,2059,2060
SH,688178,2.02,2059,2059
SZ,301317,-0.17,2059,6200
SH,688597,1.5,2053,2053
SZ,300335,1.14,2051,2547
SZ,300484,-0.39,2051,2554
SZ,300673,-0.3,2051,3161
SH,603091,-0.12,2050,6667
SH,603183,0.73,2048,2048
SH,603373,0.19,2047,4846
SZ,300808,1.47,2046,2754
SH,688737,0.71,2046,2046
SZ,002864,0.19,2044,2834
SZ,301089,0.13,2043,2857
SZ,002825,0.25,2043,2722
SZ,002918,3.93,2041,3896
SZ,002836,0.34,2041,2041
SZ,300097,0.53,2041,2181
SH,600540,0.86,2041,2041
SZ,920208,-0.7,2040,2356
SH,603321,0.51,2040,2065
SH,688727,-1.48,2038,16953
SZ,002295,0.87,2038,2040
SH,603377,-0.34,2038,2038
SZ,000586,0.09,2038,2062
SZ,301079,-0.4,2033,2867
SZ,002076,1.04,2032,2163
SZ,002942,0.9,2031,2276
SH,603578,0.09,2031,2636
SZ,300719,0.18,2029,2873
SZ,920510,2.03,2028,3975
SZ,301387,-1.52,2028,5099
SZ,300931,0.39,2027,2522
SZ,300565,0.23,2026,2217
SZ,300980,0.88,2026,2844
SZ,300387,0.14,2026,2026
SH,600241,0.88,2025,2025
SH,688517,0,2025,2025
SH,603089,0.72,2023,2324
SZ,002666,0.5,2018,3176
SZ,300922,-0.92,2017,2570
SZ,001332,-0.22,2015,4637
SZ,000679,0.36,2014,2014
SZ,300960,0.79,2013,2221
SZ,300786,0.29,2013,2530
SZ,920017,-0.78,2013,2034
SZ,300165,0.21,2010,2369
SZ,300774,1.23,2008,4022
SZ,301290,-0.03,2005,2524
SZ,301628,-1.02,2005,5420
SZ,002679,0.24,2002,2002
SZ,002848,-0.97,2000,2021
SZ,301072,1.6,1999,3127
SH,600371,0.74,1998,1998
SZ,000692,1.08,1998,1998
SH,603023,0.28,1998,1998
SZ,002857,-0.25,1997,2029
SZ,301596,9.63,1996,4918
SH,603329,0.94,1996,2418
SZ,300970,0.93,1995,2585
SZ,300350,0.71,1995,2377
SZ,300509,0.62,1994,2392
SZ,002633,0.91,1994,2001
SZ,920060,-0.89,1993,3196
SZ,000757,0.27,1992,1992
SH,603959,-0.48,1991,1991
SZ,000605,1.26,1989,1989
SZ,300849,-0.16,1988,2705
SZ,000953,0,1988,1988
SZ,002329,1.33,1987,2539
SZ,300240,0.37,1984,2029
SH,603968,0.83,1981,1981
SH,603176,0.7,1981,2039
SZ,920978,-0.29,1980,3532
SZ,000590,0.49,1979,1980
SH,603262,0.21,1976,7576
SH,603407,-6.07,1976,22441
SZ,300176,0.2,1975,1975
SZ,001259,0.78,1973,3054
SZ,300597,0.41,1973,1982
SH,600615,0.34,1971,1974
SH,600802,1.9,1970,1970
SH,688355,-0.93,1966,1966
SZ,000909,2.98,1965,1965
SH,600128,1.53,1964,2004
SZ,300211,-1.19,1964,2000
SZ,002687,-0.2,1964,2398
SZ,002253,0.65,1963,2110
SZ,300753,-2.78,1962,2813
SH,600097,0.49,1961,1961
SH,600287,0.45,1961,1961
SZ,002893,0.31,1961,2549
SH,603900,0.53,1957,1958
SH,688132,-0.38,1956,1956
SZ,002133,1.2,1955,1966
SZ,300844,1.12,1955,2028
SZ,002615,1.09,1955,3622
SZ,301208,1.51,1954,3548
SZ,300295,0.52,1954,2211
SZ,301428,-0.17,1952,2767
SZ,300013,0.57,1952,1954
SH,600159,0.86,1951,1951
SZ,300807,0,1949,2554
SH,688613,0.28,1947,1947
SH,603182,0.68,1947,1947
SZ,301299,0.09,1944,2633
SH,603168,0.19,1941,1949
SZ,920879,-0.38,1941,2593
SH,688251,0.41,1938,1952
SH,600807,0.82,1936,2176
SZ,002105,0.38,1932,1941
SH,600774,0.61,1931,1932
SZ,920247,-0.48,1931,2662
SZ,300074,0,1930,1932
SZ,920111,-1.64,1927,3972
SZ,300575,-1.41,1925,2661
SH,603982,0.35,1925,2070
SZ,001230,0.58,1922,3282
SZ,002995,-1.55,1921,3033
SZ,301103,0.25,1921,2495
SH,688060,0.25,1919,1919
SZ,300710,-0.18,1917,2558
SZ,301212,0.69,1917,2209
SZ,002999,0.18,1917,1940
SH,600706,0.4,1915,1923
SH,603356,0.42,1913,1913
SH,688203,0.43,1913,1913
SZ,000952,0.18,1913,1913
SZ,002998,-0.97,1912,2509
SH,600491,0.81,1912,1912
SZ,301117,0.49,1912,2984
SH,603616,0.81,1910,1924
SZ,300659,0.4,1909,2627
SZ,000633,1.02,1906,1906
SH,688272,-0.35,1905,1905
SZ,000020,0,1902,2973
SH,600892,0.29,1902,1902
SH,688426,0.42,1900,1905
SH,600444,0.31,1896,1896
SZ,301052,-1.45,1896,2339
SH,688013,-0.2,1896,1896
SH,605180,0.09,1893,1893
SZ,301335,0.28,1891,2734
SZ,300912,-4.01,1891,2504
SZ,002622,0,1890,1890
SZ,300106,-0.1,1889,1889
SH,688755,0.34,1886,2701
SZ,002598,1.08,1885,2053
SZ,300780,0.4,1881,2565
SZ,300637,-0.11,1881,1883
SZ,002524,0.55,1880,1896
SZ,002486,0.88,1879,1888
SH,688038,-0.24,1877,1877
SZ,300897,0.39,1875,3004
SH,688118,-0.73,1874,1874
SH,603880,1.09,1873,1873
SZ,300423,0.9,1873,2796
SH,600235,0.57,1872,1872
SZ,300989,-1.78,1872,2419
SZ,300412,0.5,1871,1991
SH,600678,-0.73,1871,1871
SH,603282,1.09,1868,1868
SZ,300649,-0.22,1868,2331
SZ,301318,0.2,1867,2711
SZ,000985,0.07,1867,1867
SZ,002634,1.2,1866,1938
SH,605336,-1.35,1863,1863
SH,603718,0.35,1863,1871
SH,603208,1.15,1861,1861
SZ,000995,-0.75,1859,1859
SZ,002800,0.24,1858,1914
SZ,300543,-0.53,1856,2273
SZ,300150,0,1855,2340
SH,688156,0.16,1854,1854
SZ,300817,1.16,1854,3231
SZ,301161,-0.45,1852,2879
SH,603041,0.7,1852,1852
SH,688721,-0.93,1851,4620
SZ,300906,1.87,1850,2048
SZ,920914,-0.53,1850,1851
SZ,300881,0.85,1848,3542
SZ,002159,0.38,1847,2365
SZ,002742,0.57,1844,2408
SZ,000705,0,1844,2185
SH,603418,0.63,1844,8605
SZ,002205,0.92,1844,1844
SH,600051,1.02,1844,1844
SH,603285,3.75,1843,4734
SZ,300967,0.68,1843,2770
SZ,002873,0.13,1843,1877
SH,600303,0.74,1843,1859
SZ,300396,1.2,1840,1843
SH,603506,1.55,1840,1840
SH,688716,0.8,1839,3200
SH,688811,0.25,1838,10008
SZ,001360,-0.6,1837,2987
SZ,001237,-0.52,1837,7818
SH,600099,0.48,1834,1834
SZ,920339,-1.13,1832,2669
SH,603810,1.1,1830,1830
SZ,002968,0,1830,1944
SZ,300902,-0.06,1830,2665
SH,603825,0.42,1829,1829
SZ,300076,0.23,1827,1827
SH,688096,-0.5,1826,1826
SZ,300437,-0.18,1824,2575
SZ,001356,0.23,1823,5074
SZ,301077,0.58,1822,3245
SZ,001234,0.86,1821,2161
SZ,300941,1.52,1820,3010
SZ,001260,0.76,1819,1819
SH,603214,1.16,1819,1819
SH,600768,0,1819,1819
SH,603028,0.47,1816,1834
SZ,002900,-1.65,1816,3565
SZ,002551,1.02,1815,2511
SZ,002909,0.63,1814,1860
SH,600080,0.62,1814,1814
SZ,300743,0.35,1812,2150
SH,688616,0.1,1808,1808
SZ,002762,0.71,1807,3027
SH,603325,-0.35,1805,4224
SZ,300665,0.61,1803,1898
SH,600107,-2.14,1800,1800
SZ,301599,0.03,1799,14195
SZ,301030,1.71,1799,1801
SZ,300644,0.54,1799,2257
SZ,001255,0.22,1798,2025
SH,603922,-0.58,1797,1797
SZ,920125,-6.75,1796,6121
SH,603177,0.34,1795,1795
SZ,301180,1.2,1794,4372
SZ,301024,0.1,1794,1853
SZ,300916,0.16,1794,2777
SH,603879,0,1793,1793
SH,605177,0.64,1790,1807
SZ,002778,1.47,1790,1809
SH,600082,-0.69,1789,1822
SH,688004,-2.82,1788,1788
SZ,300599,0.42,1788,3406
SZ,002820,0.68,1788,1788
SH,688420,0.55,1787,1787
SZ,002630,1.84,1787,1960
SZ,300254,0.26,1785,2019
SZ,300305,9.9,1784,2083
SZ,300854,1.23,1784,2188
SH,600202,0.43,1783,1783
SH,605122,-0.09,1780,1780
SZ,920405,-1.86,1780,2286
SH,688193,-0.01,1780,1780
SZ,300966,2.25,1779,2676
SZ,002817,0,1778,1833
SZ,002753,0.17,1778,2576
SZ,300883,0,1776,1858
SZ,001366,0.18,1776,1776
SH,600149,1.08,1775,1775
SZ,300645,0.16,1775,1810
SZ,001211,0.58,1771,1897
SZ,300675,0.75,1770,1770
SZ,002717,0.98,1770,1875
SZ,002715,0.16,1769,1769
SZ,301309,0.14,1762,2924
SZ,002760,0.55,1761,1761
SH,688657,1.48,1758,2810
SZ,002569,-2.25,1757,1807
SH,688395,0.65,1756,1756
SZ,920189,-2.58,1756,2926
SZ,002696,0.77,1755,1815
SZ,002535,2.17,1754,1884
SZ,301231,1.48,1754,2262
SZ,300651,0.53,1751,2392
SZ,300717,0.35,1748,1764
SH,603029,0.91,1747,1747
SH,688189,0.16,1746,1746
SZ,000056,1.05,1744,2282
SZ,301585,0.83,1741,2658
SZ,920699,-0.81,1736,3795
SH,688092,-0.51,1736,1736
SZ,920021,-3.3,1735,2166
SZ,300081,1.42,1729,1730
SH,603092,0.56,1729,20008
SZ,003017,0.68,1728,2095
SZ,000856,0.53,1725,1725
SZ,001266,-1.32,1725,3074
SZ,301198,0.47,1723,1795
SZ,300030,-0.3,1723,1957
SZ,300112,0.97,1723,2088
SH,603709,0.86,1722,1729
SZ,002963,5.9,1722,2105
SZ,002529,1.69,1721,1721
SZ,301556,-1.54,1720,4977
SZ,003030,0.19,1720,2652
SZ,920961,-8.46,1719,2363
SZ,301138,0.76,1718,3007
SZ,301010,0.82,1717,1717
SZ,003005,2.04,1714,3124
SZ,001285,-0.33,1713,7436
SH,688670,-0.21,1712,1712
SZ,002862,-0.96,1710,2254
SH,600165,0,1708,3765
SH,688051,-0.26,1704,1704
SH,605567,0.71,1704,1704
SZ,003038,0.19,1704,2532
SZ,301062,0.49,1701,2678
SZ,301590,-0.09,1699,4104
SZ,002856,-2.41,1699,1855
SZ,002877,0.86,1698,2512
SZ,300929,0.22,1696,1788
SH,603120,0,1695,4044
SZ,000639,0.64,1695,1695
SZ,300642,-0.15,1691,1993
SZ,301056,0.95,1690,2561
SZ,001206,0.32,1690,2923
SZ,000911,0.96,1689,1689
SZ,002780,1.1,1683,2130
SZ,301557,0,1683,4197
SH,600272,0.38,1682,2760
SZ,002381,0.77,1681,2148
SZ,300789,3.85,1680,2832
SZ,002198,0.91,1680,1680
SZ,920476,-0.42,1678,1773
SH,688288,1.51,1677,1677
SH,688393,0,1676,1676
SH,603270,0.25,1674,5186
SZ,002858,0.27,1673,2119
SH,688435,-2.03,1671,2489
SZ,002209,0.57,1670,2164
SH,600448,0.38,1669,1669
SZ,300992,0.42,1666,2036
SZ,300787,-0.23,1665,2655
SZ,001233,0.34,1664,8203
SZ,002972,0.41,1663,3038
SZ,301041,0,1662,2246
SZ,300169,-0.35,1657,1864
SH,603860,0.69,1654,1654
SH,601026,-0.66,1653,9812
SH,603402,-0.1,1653,6611
SZ,300707,0.52,1653,2002
SZ,300923,0.42,1648,1697
SZ,300245,0.54,1647,1711
SH,600137,0.36,1647,1647
SH,603908,0.74,1646,1646
SH,688058,0.46,1643,1643
SZ,001268,1.34,1643,2625
SZ,300971,0.57,1640,2091
SZ,920015,-1.75,1631,5527
SH,603717,0.9,1631,1631
SZ,300538,-0.51,1627,2447
SZ,000619,0.89,1627,1994
SH,603312,0.76,1625,5107
SZ,003027,0.52,1624,2025
SZ,001386,0.13,1622,18019
SH,603022,0.87,1616,1616
SZ,920106,-0.37,1614,2092
SH,600119,-0.44,1611,1611
SZ,001222,0.35,1610,2720
SH,688078,0.36,1609,1609
SZ,300837,0.09,1606,2125
SZ,301388,0.05,1603,2260
SZ,301063,0.91,1603,1731
SH,688296,-0.59,1601,1601
SH,600697,0.78,1600,1639
SH,688681,0.26,1599,1599
SZ,002743,1.1,1599,1602
SZ,002802,0.09,1599,1936
SZ,920839,-1.28,1597,2896
SZ,301586,0.27,1596,2503
SZ,300472,-0.45,1596,1786
SZ,002592,-1.77,1593,1721
SH,603435,-1.29,1593,20493
SZ,300195,0.6,1591,2148
SZ,301057,0.1,1590,2295
SZ,002360,0.83,1589,1961
SZ,000663,1.17,1584,1741
SZ,301361,0.47,1582,3267
SZ,301667,0.23,1582,7444
SH,688509,0.49,1581,3165
SZ,920178,-0.25,1581,5414
SH,603231,0.75,1580,2847
SZ,000929,0.12,1579,1579
SZ,920509,-1.31,1576,3007
SZ,920087,0.95,1573,1584
SZ,301336,1.03,1573,2033
SZ,301538,-0.41,1572,3947
SZ,300937,1.3,1572,2318
SZ,920892,-1.32,1570,1773
SZ,300876,1.24,1569,2104
SZ,301141,-0.19,1569,4372
SZ,000632,-0.58,1569,1569
SZ,002629,0.7,1569,1845
SZ,301159,1.17,1563,2280
SZ,002495,0.9,1561,2105
SZ,300462,-2.07,1561,2050
SZ,300950,0.57,1560,2444
SH,688466,0.47,1560,1560
SH,603789,1.01,1555,1586
SZ,301135,0.79,1552,1995
SZ,300610,-0.1,1551,1987
SZ,300313,0.13,1551,1885
SH,600796,1.43,1548,4307
SZ,300616,1.22,1546,2236
SZ,920088,-7.44,1546,4180
SZ,301360,-0.82,1544,3165
SZ,300519,0.15,1540,2160
SH,603257,-0.73,1540,7422
SZ,001209,0.31,1538,2106
SH,688759,-0.27,1538,9613
SH,603255,-0.85,1538,3411
SZ,301065,0.23,1535,1886
SZ,301509,0.33,1530,3248
SZ,300614,0.32,1529,1529
SZ,301121,-1.1,1528,2985
SZ,002949,0.7,1527,1971
SZ,300935,0.04,1525,2010
SZ,002207,0,1523,1530
SZ,920953,-3.38,1521,3254
SZ,300961,0.91,1521,1775
SZ,002227,1.31,1520,1531
SZ,301677,-19.45,1520,7089
SZ,300220,0.6,1519,1521
SZ,301548,1.53,1519,5036
SH,600493,0.72,1518,1518
SZ,301618,-0.05,1516,3977
SH,603395,0.95,1516,6063
SH,600689,0.81,1513,1998
SZ,301680,-0.55,1512,7452
SZ,002982,0.26,1512,2361
SZ,301067,-0.66,1511,2303
SZ,920174,-0.43,1511,5874
SH,600561,1.34,1511,1511
SZ,003028,0.23,1510,3078
SZ,002835,0.51,1510,2603
SZ,301032,-0.31,1509,2276
SH,603272,-2.21,1507,1507
SZ,002566,0.31,1507,2151
SZ,300554,-0.04,1496,2161
SZ,301456,0.32,1492,3311
SZ,301383,0.48,1489,3442
SH,600692,1.57,1487,2051
SZ,002789,-0.72,1486,1516
SZ,301022,0.55,1481,2194
SZ,300995,1.33,1478,2242
SZ,300625,-0.32,1476,2545
SZ,920026,-1.04,1475,1957
SZ,301229,0.97,1474,2072
SZ,301587,0.1,1473,2954
SZ,001395,-0.31,1470,3206
SH,600243,0.6,1470,1470
SH,688565,0.51,1469,1469
SH,603082,-0.98,1467,6023
SZ,301595,-1.44,1466,3887
SH,603400,-5.79,1466,5253
SZ,002790,0.36,1465,2348
SZ,300514,0.44,1465,1828
SZ,300306,-0.42,1464,2499
SZ,301581,0.12,1458,2758
SH,603275,0,1458,5222
SZ,001202,0.41,1447,2065
SZ,301520,-3.63,1447,4122
SZ,301023,0.58,1440,2595
SZ,002910,-1.17,1437,1643
SZ,000677,0,1434,1434
SZ,301390,0.62,1431,1751
SZ,002316,0.48,1431,1651
SH,688528,0.83,1430,1430
SZ,301636,0.03,1427,2445
SH,688793,0,1423,1423
SZ,002620,0.22,1419,1695
SZ,301166,0,1419,2167
SZ,301303,2.81,1419,5674
SZ,920010,-2.86,1416,1906
SZ,301107,-0.22,1416,2448
SH,688781,0.46,1415,34660
SZ,301683,-1.71,1415,6259
SZ,300977,-0.19,1414,2271
SZ,300314,0.51,1414,2834
SH,688659,0.57,1414,1414
SZ,301036,-0.04,1414,2008
SZ,300892,-0.72,1414,2190
SZ,920751,-0.23,1409,1472
SZ,301633,0.16,1409,3075
SH,600476,-0.56,1406,1406
SZ,300268,0.1,1404,1829
SZ,002977,-0.74,1404,2530
SZ,301210,0.75,1401,3670
SZ,300845,-0.09,1399,2001
SZ,002247,1.4,1396,1846
SH,600455,0.54,1396,1396
SZ,300813,1.49,1396,2224
SZ,300621,0.58,1393,1431
SZ,002144,0.1,1393,1789
SH,688021,0.72,1393,1393
SH,688450,0.99,1392,1878
SH,688022,0.13,1391,1391
SZ,000010,0.63,1388,1828
SZ,001378,-0.41,1386,2848
SZ,301508,0.04,1385,5322
SZ,301320,0.5,1384,2206
SZ,300640,-0.62,1384,1950
SZ,301098,0.42,1384,1660
SZ,002581,0.88,1383,2276
SZ,301518,0.43,1382,3423
SZ,002306,0,1382,1479
SZ,301687,0.32,1377,6490
SZ,920238,-2.97,1376,6752
SZ,003011,0.9,1376,1838
SZ,301130,1.13,1373,1779
SZ,920371,0.14,1371,1446
SZ,003008,0.8,1371,1835
SZ,300167,0,1370,1611
SZ,002513,0,1370,1780
SZ,301129,-0.33,1369,2757
SZ,301560,0.13,1363,2715
SZ,301278,0.45,1363,2378
SZ,301167,0.31,1362,1443
SZ,301555,-0.1,1361,2598
SZ,000702,0.99,1360,1768
SZ,301512,0.11,1357,2080
SZ,301203,0.36,1355,2472
SZ,920857,-3.37,1354,1354
SH,688067,0.1,1349,1349
SZ,002691,0.5,1344,1360
SZ,300371,0.31,1343,1930
SZ,001387,0.79,1341,2107
SZ,301009,-0.1,1340,2411
SZ,301152,-8.57,1338,2238
SH,603248,0.32,1337,8602
SZ,301507,0.33,1332,4314
SZ,000610,0,1328,1335
SH,603062,-0.82,1328,3869
SZ,300549,0.46,1327,1751
SZ,000637,-0.26,1323,1887
SZ,001296,-0.16,1323,2567
SZ,301276,1.16,1321,2369
SZ,301601,-0.37,1320,2194
SZ,300155,0.25,1318,2245
SZ,920837,-0.92,1315,1468
SZ,301355,0.11,1313,1834
SZ,300635,0.83,1311,1525
SZ,920682,0.35,1310,2258
SZ,301100,-0.13,1309,2968
SH,688805,-0.35,1308,6540
SZ,300564,-0.16,1305,1860
SZ,300928,0.79,1305,1948
SZ,002591,1.04,1303,1750
SZ,002809,0.66,1299,1836
SZ,002883,-0.46,1294,1318
SZ,920533,-1.38,1293,2312
SZ,001226,-0.23,1293,2845
SZ,920701,-2.27,1289,1764
SZ,002188,1.02,1279,1626
SZ,002494,0.9,1279,1683
SZ,001239,0.63,1276,2686
SH,603293,0.11,1272,6488
SZ,301227,0.53,1271,2261
SZ,920207,-1.13,1267,2074
SZ,300838,1.22,1267,1718
SH,688806,-0.59,1264,11408
SZ,301298,0.78,1259,1709
SZ,920403,1.96,1251,2104
SZ,301395,0.51,1249,2382
SZ,300994,0.09,1248,2494
SZ,920821,-0.57,1242,2359
SZ,001277,0,1239,2068
SZ,001278,0.83,1239,1797
SZ,920790,-0.73,1238,1799
SZ,301126,-0.21,1238,1845
SZ,301156,0.57,1238,1933
SZ,301501,1.54,1237,4205
SZ,300865,0.47,1235,2055
SZ,920523,-0.84,1233,1542
SZ,920200,-0.53,1231,2818
SZ,300828,-0.26,1230,2426
SZ,300126,1.22,1228,1772
SH,603352,0.45,1227,6134
SZ,920119,-0.93,1226,4659
SZ,301131,0.19,1224,1708
SH,603207,0.58,1221,3594
SZ,920046,5.71,1221,2209
SZ,301329,-0.15,1216,3133
SZ,920274,-0.99,1211,1211
SH,688089,-0.27,1210,1210
SZ,301097,0.59,1209,2520
SZ,920237,-0.68,1208,1232
SZ,301233,0.63,1205,2195
SH,600543,0,1204,1204
SH,688712,0.56,1203,13511
SZ,301503,0.68,1201,2166
SH,688592,-0.59,1200,2519
SZ,001358,-3.12,1200,2900
SZ,920284,-1.69,1199,1874
SH,688576,-0.07,1197,2506
SZ,920039,-1.76,1197,1197
SZ,301559,0.23,1196,7974
SZ,301288,0.13,1195,1653
SZ,301469,-0.45,1191,2314
SZ,920425,-0.27,1187,1442
SZ,001319,0.16,1186,2643
SZ,301163,1.31,1183,1763
SZ,301584,-0.13,1182,9273
SZ,003003,0.1,1181,1773
SZ,301515,0.69,1178,1744
SZ,300430,2.03,1177,1237
SZ,920225,0.85,1173,1798
SZ,002888,-0.05,1172,2309
SH,603344,0.05,1171,4217
SZ,301378,-2.85,1169,2458
SZ,920304,0.12,1165,1448
SZ,920130,-0.68,1162,1871
SZ,300823,0.96,1162,1794
SZ,301272,0.61,1161,1835
SZ,301001,-0.08,1157,1840
SZ,301591,-0.11,1156,2829
SZ,920089,-0.47,1156,2029
SH,688217,0.1,1155,1155
SZ,300517,1.11,1154,1832
SH,600365,-0.36,1154,1226
SZ,920273,-0.64,1152,1730
SZ,920083,-1.46,1150,2700
SZ,301632,-0.12,1144,6538
SZ,920033,-0.85,1142,1643
SZ,920211,0.03,1142,3388
SZ,920171,-0.99,1142,1692
SH,603391,-0.65,1138,4550
SH,603370,-0.17,1137,5684
SZ,300915,-3.84,1136,2485
SZ,000820,8.52,1134,2470
SZ,920099,-1.36,1131,1829
SZ,301491,-1.76,1129,5094
SH,688790,-0.03,1128,8854
SZ,301300,0.32,1115,1856
SZ,002830,-1.22,1115,2233
SZ,301372,2.52,1107,1845
SZ,300405,-0.19,1107,1439
SH,688130,-0.26,1107,2220
SH,603276,-0.13,1100,3028
SZ,920252,-1.52,1099,1654
SZ,300535,0.37,1099,1449
SZ,300713,1.07,1099,1952
SZ,920249,0,1097,3710
SZ,920152,0.68,1093,1465
SZ,300851,0.41,1092,1925
SZ,920566,-0.3,1091,1403
SZ,301083,1.27,1091,2266
SZ,300930,-0.12,1090,2312
SZ,001382,1.41,1088,7115
SZ,301359,0.07,1082,1828
SZ,001373,0.66,1080,1769
SZ,920396,12.73,1077,1516
SZ,301502,-0.08,1077,2606
SZ,001326,-0.52,1073,3269
SH,688184,0.46,1070,1708
SZ,300899,0.23,1068,1665
SZ,002872,0.2,1066,1577
SZ,920489,-1.04,1065,1674
SZ,920807,-1.14,1063,1564
SZ,001336,0.73,1062,1726
SZ,300804,-0.58,1061,2856
SZ,920592,-0.84,1061,1705
SZ,301157,0.57,1060,3079
SH,603004,-0.38,1060,4239
SZ,301539,0.36,1051,2072
SZ,301113,0.62,1046,1727
SZ,301516,0.81,1044,4174
SZ,300152,0,1041,1041
SH,603334,0.4,1040,4692
SZ,920001,0.44,1031,1759
SZ,920985,-0.41,1029,1451
SZ,300958,0.45,1027,1768
SZ,920429,0.44,1026,1125
SZ,300886,1.17,1025,1629
SZ,920419,-1.75,1023,1093
SZ,920981,-1.98,1021,2030
SZ,920932,-1.84,1017,1228
SZ,920184,-1.21,1015,1496
SZ,001379,0.47,1011,3004
SZ,001312,-0.38,1011,4125
SZ,920199,-1.69,1007,1808
SZ,920642,-1.07,1006,1043
SH,688651,0.19,1005,2191
SH,603406,0.18,1003,10948
SZ,920885,-0.08,1003,1935
SZ,002193,-0.51,997,997
SZ,301418,-0.11,996,2480
SZ,920270,-3.24,993,1278
SZ,920167,-2.25,988,1664
SZ,002719,0.66,987,1062
SZ,002514,-2.19,986,1282
SH,603359,0,986,986
SZ,920792,-0.81,985,1604
SZ,920062,-0.12,983,1396
SZ,001279,0.08,979,3917
SH,603729,0.95,977,977
SZ,920690,-2.78,977,1502
SH,688695,0.33,976,1555
SZ,920124,-1.16,970,1883
SH,688671,-0.57,969,1625
SZ,920415,-1.21,968,1256
SZ,301616,0.36,959,2700
SZ,920526,-0.86,955,1508
SZ,001231,0.38,955,1867
SZ,920018,0.18,954,2748
SZ,920357,-1.42,953,1575
SH,688816,-1.39,952,4939
SZ,300338,-1.08,952,1095
SZ,920098,0.12,951,1397
SZ,301513,-0.71,951,4721
SZ,920496,1.89,938,1071
SZ,920786,-3.3,928,1405
SH,688701,0,927,927
SZ,920436,-0.47,925,984
SZ,920100,0.51,918,3464
SH,603409,0.35,917,3196
SZ,301173,-0.19,913,2600
SZ,301668,-3.46,912,4125
SZ,920223,0.27,910,1752
SZ,301577,0.75,909,2173
SZ,301192,1.95,901,1854
SZ,920924,-0.93,899,1475
SH,603190,0.19,897,2718
SZ,301105,0.56,896,2261
SZ,920169,0.86,895,1423
SZ,920028,0.89,888,2247
SZ,920575,0.21,887,1326
SZ,920726,-1.92,883,1600
SZ,001225,-1.57,879,2738
SZ,920505,1.04,875,1575
SZ,920195,0.41,875,1212
SZ,920227,-1.43,873,1919
SZ,920020,-0.88,865,3500
SZ,301386,0.42,864,2688
SZ,920694,-0.5,860,1811
SH,603205,0.19,856,3229
SZ,300904,0.51,855,2837
SZ,920541,-0.93,855,1297
SZ,920873,0,854,1094
SZ,920275,-0.3,848,1025
SZ,301519,1.65,845,1796
SZ,920220,-0.11,845,2699
SZ,301459,0.31,844,3367
SZ,920012,-2.38,843,2154
SZ,920926,-0.56,842,928
SZ,920670,-0.93,842,1341
SZ,920770,-0.76,839,1334
SZ,920693,-0.98,838,1664
SZ,300417,0.91,832,1339
SZ,920367,0.92,831,1403
SH,603376,0.27,829,10364
SZ,920000,-1.57,828,1317
SZ,920122,0.05,826,2039
SZ,920266,-0.42,825,863
SZ,920161,-1.14,822,3029
SZ,920748,0.32,821,1711
SZ,920156,-1.96,819,3929
SZ,301399,0.07,816,2762
SZ,301170,-0.08,816,2146
SZ,301598,-0.55,813,2728
SZ,920221,-0.82,812,1559
SZ,920027,-0.34,811,1159
SZ,920855,-1.22,808,901
SZ,920976,-3.98,807,1298
SH,688638,0.73,805,1704
SZ,920378,-0.68,800,1117
SZ,920433,-0.41,799,1208
SZ,920663,0,798,1663
SZ,301037,0.87,792,1620
SZ,920556,1.34,791,1092
SH,688573,0.27,791,1453
SZ,301449,-4.29,791,3514
SZ,920519,-1.18,789,887
SZ,301049,-0.42,788,1735
SZ,920092,-0.65,784,1505
SZ,920006,-3.24,781,1476
SH,603073,1.13,775,1766
SZ,920260,-0.63,770,807
SH,603075,-0.65,770,7308
SZ,920974,-0.49,767,978
SH,603273,0.52,762,2915
SZ,920689,2.34,762,1475
SZ,001335,-0.49,762,2796
SZ,920299,2.82,761,1509
SZ,920193,1.41,759,3354
SZ,920058,-1.81,759,1541
SZ,001306,0.47,757,3071
SZ,920832,-0.81,752,842
SZ,001396,1.04,750,3528
SZ,920395,-0.27,749,1088
SZ,920833,0,748,989
SZ,920639,0.81,740,1256
SZ,920375,6.87,735,1231
SZ,920943,4.7,727,1425
SZ,920870,-0.8,726,1474
SZ,920263,0,723,996
SZ,920242,-0.57,722,1291
SZ,301552,-1.63,722,2886
SZ,920685,-6.21,721,1131
SZ,920768,-0.58,720,1041
SH,603284,-0.76,717,2928
SZ,301533,0.44,713,2465
SZ,920363,-0.68,713,1254
SZ,920370,-0.73,708,811
SZ,920078,-0.97,708,2178
SZ,920942,-1.16,702,1036
SZ,920925,-1.24,701,1250
SZ,001325,-0.1,701,2804
SZ,301429,0.25,699,1879
SZ,920123,-2.17,699,1199
SZ,920720,0,694,2482
SZ,920163,-1.72,688,1459
SZ,920564,-1.47,687,1493
SZ,001220,0.44,684,2735
SZ,920547,-0.43,681,1401
SZ,920781,3.48,680,873
SZ,301567,0.66,677,2294
SZ,920081,-0.02,676,2871
SZ,920346,0.2,675,1212
SZ,920245,-0.46,671,872
SZ,920706,0.14,670,1330
SZ,920634,-1.37,667,1051
SZ,920079,-0.66,665,6153
SZ,920187,-1.22,665,1811
SZ,920445,-0.48,664,911
SZ,301353,-0.11,662,2059
SZ,920866,-0.68,661,1043
SZ,301578,0.09,659,2317
SZ,920765,-0.71,658,1083
SZ,920008,-3.73,658,1230
SZ,920101,-0.64,656,2103
SZ,301575,0.41,656,3265
SZ,920108,-0.54,655,1545
SZ,920964,-0.22,654,1157
SZ,920478,-0.9,653,1074
SZ,301314,0.08,653,1977
SZ,920627,-0.98,653,1317
SZ,920608,0,652,841
SZ,920061,0.3,651,1172
SZ,920300,3.72,649,837
SZ,920258,301.79,648,7200
SZ,300784,0.39,643,2151
SZ,920181,-2.75,642,2767
SZ,920579,-1.03,639,1857
SZ,920175,0.63,636,954
SZ,920204,-0.38,632,1193
SZ,920527,-1.52,630,813
SZ,920475,0,625,1125
SZ,920876,-1.54,624,1020
SZ,920422,-1.88,620,828
SZ,920570,-0.03,620,1220
SZ,920553,0.61,614,941
SZ,920278,-1.1,613,1084
SZ,920118,0.88,610,1007
SZ,920065,-4.04,600,3439
SZ,920471,-0.35,585,918
SZ,920469,3.87,583,795
SZ,920578,-0.17,583,1255
SZ,920014,-1.92,579,1053
SZ,920719,-1.01,578,724
SZ,920580,-0.55,578,908
SZ,920112,0.12,577,1967
SZ,920086,-1.54,575,1759
SZ,920057,-0.19,572,890
SZ,301287,0.6,567,2219
SZ,920641,0,566,938
SZ,920679,-0.97,565,849
SZ,920992,-1.1,565,1115
SZ,920856,-1.93,562,1007
SZ,920675,-2.06,562,1224
SZ,920455,-1.02,559,1019
SZ,920906,-0.65,551,1073
SH,688121,-1.8,549,633
SZ,920075,-2.25,548,1010
SZ,920146,0.8,547,680
SZ,920454,1.74,547,1168
SZ,920665,-0.23,542,1097
SZ,920271,0,540,1219
SZ,920262,-0.85,535,1151
SZ,920198,-0.91,534,1223
SZ,920096,-0.29,534,2275
SZ,920810,-0.8,534,820
SZ,920896,0,532,1214
SZ,920005,0.69,530,2046
SZ,920117,-1.11,519,2305
SZ,920834,-0.83,517,989
SZ,920090,-1.41,517,692
SZ,920374,-1.65,516,1265
SZ,920050,4.27,512,1915
SZ,920729,0,511,1801
SZ,920176,-3.73,505,3737
SZ,920826,0.25,504,1133
SZ,920030,0,504,801
SZ,920149,-0.49,504,609
SZ,920662,-2.96,503,1631
SZ,920056,0,499,1323
SZ,920871,0.48,496,895
SZ,920069,-0.76,495,1772
SZ,920753,0.07,492,1225
SZ,920160,-0.86,492,2186
SZ,920230,-1.42,489,1039
SZ,920392,0.67,488,1037
SZ,920779,-1.96,487,1949
SZ,920508,-1.79,487,916
SZ,920145,1.84,485,701
SZ,920212,-0.83,485,997
SZ,920023,-1.64,481,586
SZ,920082,-2.22,476,1693
SZ,920080,-0.13,476,1720
SZ,920407,0,472,1159
SZ,920267,-3.51,470,821
SZ,920076,0,463,1473
SZ,920166,-0.61,459,1455
SZ,920351,-0.77,454,1003
SZ,920414,0.12,454,645
SZ,920126,-0.09,452,1881
SZ,920718,-0.61,450,878
SZ,920177,-0.28,450,1269
SZ,920656,0.29,449,1386
SZ,002731,-1.01,448,500
SZ,920950,-1.48,447,918
SZ,920168,-0.99,447,1191
SZ,920158,-0.95,442,1653
SZ,920970,2.65,434,686
SZ,920427,-1.38,434,878
SZ,920091,-0.06,431,1825
SZ,920016,-0.78,428,963
SZ,920055,0.54,424,1884
SZ,920188,-0.64,424,1776
SZ,920128,-0.1,422,1411
SZ,920136,-0.93,422,1608
SZ,920110,-0.45,422,1012
SZ,920180,-0.59,412,1364
SZ,920159,-1.05,404,2132
SZ,920957,0,399,1003
SZ,920007,-1.27,385,1613
SZ,920036,-1.7,383,1596
SZ,920802,0.48,382,866
SZ,920072,-0.18,376,1992
SZ,920035,0.26,370,1631
SZ,920895,-1.34,356,701
SZ,920218,1.21,353,1571
SZ,920009,-1.31,353,2716
SZ,920011,-0.93,352,1567
SZ,920191,-0.33,351,1561
SZ,920183,0.44,334,1452
SZ,920066,-0.41,328,1038
SZ,920003,-1.42,323,1502
SZ,920222,7.6,311,2304
SZ,920132,-0.81,309,909
SZ,920504,-0.11,290,736
SZ,920931,-0.81,279,909
SZ,301139,2.85,248,395
SH,688496,3.41,217,410
