market,code,chg_pct,vol_rank,amt_rank
SH,601288,0.31,2075087,2274890
SH,601398,0.27,2032876,2687303
SZ,300750,0.26,1730658,1879579
SH,600519,0.04,1633769,1633769
SH,601138,-1.39,1289866,1289866
SZ,300308,-5.36,995483,1049112
SH,600036,0.26,805354,984583
SH,601628,-0.12,791294,1074059
SH,601899,3.43,726625,937855
SH,601088,0.56,713072,937851
SH,688256,-3.22,691267,691267
SH,600900,0.07,679727,679727
SH,688041,-2.2,656579,656579
SZ,000333,-0.14,587493,650981
SZ,002371,-2.33,519904,520319
SZ,300502,-3.34,514365,571785
SH,601728,0.96,488291,575580
SH,600028,0.4,473762,604628
SZ,002475,-3.43,395188,416779
SH,601166,0.76,391513,391513
SH,603993,2.83,367551,450350
SH,603259,-0.45,363127,438075
SH,601658,0.6,361914,599274
SZ,002415,-1.32,343118,347624
SH,600276,0.17,342106,355953
SH,600030,-0.45,341552,438261
SH,688012,-2.5,328827,334287
SZ,002594,-0.45,315190,824195
SH,600000,0.22,309078,309078
SH,601998,0.26,308576,421234
SH,600183,-1.34,292135,294225
SZ,000858,-0.31,292123,292130
SZ,300059,-0.63,270137,320083
SH,600150,-0.9,262494,262494
SH,601319,-0.27,254519,317086
SZ,002384,-3.15,253503,334928
SH,601816,0.39,249032,249032
SH,603986,-4.66,245637,257856
SH,688981,-2.52,244487,1046761
SH,601211,0.06,243079,317495
SH,688825,-3.67,235509,3497870
SH,601225,1.47,235007,235007
SH,600309,0.55,234347,234347
SH,688008,-4.27,232307,247684
SZ,300408,-3.51,231258,245859
SZ,002916,-1.25,229206,234846
SZ,300394,-3.31,228170,228681
SZ,000651,0.02,222427,225625
SH,601601,0.09,219384,308332
SZ,002463,-1.86,218124,218300
SZ,000001,-0.26,217731,217734
SH,600919,0.52,213976,213976
SZ,002142,0.32,209532,209664
SZ,000725,-2.34,206190,215968
SZ,002938,-2.58,205132,205728
SH,603288,-0.21,205102,215845
SZ,300476,-0.14,204186,231937
SH,600406,-0.56,195399,195975
SH,601919,0,193371,235129
SH,601668,0,189247,189247
SH,688072,-3.85,184240,189444
SH,600025,0.41,182398,182398
SH,601328,0.29,181203,614128
SZ,300433,-1.96,170958,181589
SZ,300274,-0.66,170691,222912
SH,600989,0.39,170354,170354
SH,601066,-0.68,167913,200511
SH,600887,0.34,166537,167369
SH,601985,-0.22,166173,180998
SH,600031,-0.91,164742,178751
SZ,002352,0.06,163314,179178
SZ,003816,-0.49,156161,200480
SH,688498,-2.38,155704,157742
SH,600176,-1.26,154018,155242
SZ,300124,-1.68,152573,171391
SH,600111,0.24,151363,151363
SZ,000792,0.85,150914,150916
SH,600809,0.23,147969,147969
SZ,000338,-1.68,147254,256701
SH,601872,-0.6,145261,145261
SH,601766,0.34,145237,171332
SH,601688,-0.5,143724,177558
SH,601818,0.33,142933,181983
SZ,002050,-1.74,142917,162934
SH,601100,-0.85,140478,140478
SH,600690,-0.12,139505,209215
SH,601009,0.27,139214,139214
SZ,000408,1.93,138440,138441
SZ,000063,-1.46,137865,163740
SH,600050,0.23,136358,137563
SH,600487,-0.5,132816,133506
SH,601229,0.32,132286,132286
SH,600999,-0.77,132112,154798
SH,601336,-0.64,131174,196219
SH,601600,0.72,129921,168805
SZ,002281,-3.81,129737,136587
SZ,300604,-2.57,129705,168115
SH,688082,-3.56,129097,130499
SH,601869,1.51,128862,262554
SZ,000568,-0.26,128394,128468
SH,688111,-1.99,126940,126940
SH,603019,-2.55,126379,126384
SH,600019,0,125487,127643
SZ,002714,-0.28,125479,220817
SH,600104,0.37,125299,125299
SZ,000776,-0.79,125166,165887
SH,600016,0,124827,154114
SH,600489,5.32,123800,123800
SH,603256,1.33,123118,126597
SH,601898,0.45,122637,177666
SZ,301165,-5.15,122010,122010
SH,600346,0.35,121636,121636
SH,688506,0.71,120543,120543
SH,600584,-2.38,120463,120463
SH,600018,0.19,120418,120590
SH,600760,-0.18,120086,120314
SZ,300857,-2.31,119772,120388
SZ,300014,-0.55,117243,120618
SH,600188,1.5,117021,197023
SZ,002493,0.97,116819,124968
SH,600160,-1.48,114604,114604
SH,600660,-0.79,112428,146485
SH,601698,-1.15,111946,111946
SZ,300442,-2.42,111623,111952
SZ,000977,-1.58,111435,111560
SH,601888,0.39,110530,117624
SH,600886,-0.13,110098,118226
SH,600547,4.97,109843,140096
SH,688521,-3.22,109496,109496
SH,600905,-0.25,108919,108919
SH,600089,-0.64,108635,108635
SZ,301200,-2.43,108436,124697
SH,603501,-1.16,108349,112904
SH,600522,-0.99,108122,108122
SH,601169,0.6,106984,106984
SZ,300033,-1.45,104693,179730
SH,600015,0.29,104633,108222
SH,688525,-4.79,104631,104631
SH,605117,-1.9,104609,104609
SZ,000166,-0.42,104114,115685
SH,601995,-0.61,103698,171223
SZ,002353,-1.84,101057,149729
SH,688347,-2.87,99993,426143
SH,601168,1.41,99133,99133
SZ,000988,-2.12,98780,98831
SZ,002736,-0.28,98720,105183
SH,601633,-0.62,98714,135743
SH,600362,1.5,98221,163891
SH,601012,-0.38,97909,97909
SZ,301308,-5.2,97498,146345
SH,600673,-0.73,97010,97269
SZ,000100,-1.84,96166,99428
SZ,002230,-1.03,95723,104995
SH,601006,0,95541,95541
SZ,002602,-0.63,95359,103411
SH,600893,-0.16,94985,95002
SZ,000807,0.26,93252,93253
SH,688271,-0.09,92982,92982
SZ,002600,-1.3,92160,103940
SH,601390,0.67,91864,110882
SH,600938,0.07,91823,1459645
SH,601881,-0.54,91050,137445
SZ,002001,0.27,90741,91834
SH,601127,-1.72,90053,100739
SZ,000538,-0.32,89941,90516
SZ,000617,-0.55,89759,89759
SH,688183,-0.48,89622,89622
SZ,000657,6.91,89242,139906
SH,600795,0,89178,89178
SH,601727,-0.84,87805,108159
SZ,002008,-3.24,87751,94435
SH,600236,-0.08,87652,87652
SH,600941,0.14,86774,2084575
SH,600549,3.72,86585,88460
SH,601689,-1.42,86023,86023
SZ,002156,-2.73,85599,85608
SH,601868,0,84963,115909
SH,603893,-0.68,83572,83583
SH,688777,-0.6,83396,83819
SH,605499,0.28,83069,90218
SH,600436,0.47,82938,82938
SZ,000301,-0.63,82671,82707
SZ,001289,-0.79,81679,135429
SZ,300498,0.37,81102,90760
SZ,002080,-1.44,80718,80718
SZ,301217,0.92,79395,79395
SH,601825,0.48,78839,81110
SH,601991,-2.01,78095,116592
SH,600011,-0.27,78084,111456
SZ,002311,-0.29,77492,77566
SH,688249,-2.29,76891,85170
SH,601838,0.67,76334,76334
SZ,300757,-1.29,76215,78578
SH,603228,-1.21,76108,77603
SZ,002027,-0.75,75677,75677
SH,688396,-2.57,75243,75243
SZ,000630,1.05,75104,90380
SH,600039,0,74869,74869
SH,600118,-0.2,74497,74497
SH,603195,-0.47,74329,74464
SH,688200,-1.98,73864,73864
SH,601958,1.15,73825,73825
SZ,002241,-1.13,73735,83265
SH,601179,-1.45,72788,72788
SH,600674,-0.32,72778,72778
SZ,002179,-0.85,72222,72353
SH,601800,0.16,72096,99715
SH,601111,-0.47,71691,126234
SZ,000708,0.07,71518,71518
SH,600010,0.44,71406,103115
SH,600988,4.8,71215,81338
SH,600066,-0.39,71200,71200
SZ,300015,-0.22,70501,82394
SH,600585,-0.1,70481,93510
SH,600029,-0.37,70350,94591
SH,688126,-2.97,70314,81766
SZ,002466,-0.39,70215,81515
SH,688002,-1.84,70121,70121
SH,688702,-1.83,69829,141040
SZ,002202,1.59,68885,86503
SH,600958,-0.32,68645,78084
SH,600415,0.81,68544,68544
SH,600026,-0.83,67832,96950
SH,601360,-1.42,67756,67756
SZ,000426,4.13,67103,67119
SZ,002625,-0.44,66275,66275
SH,601018,0.29,66145,66145
SH,600023,-0.19,66105,66105
SZ,300475,-3.35,65822,68675
SZ,000636,-1.75,65695,65695
SH,600703,-1.56,65556,65556
SH,688036,-0.43,65215,65215
SH,688629,-2.34,64571,65588
SZ,000975,5.2,64292,70644
SH,600115,-0.25,64184,83271
SH,600482,-0.66,64123,64123
SH,600233,-2.54,64063,64063
SZ,002460,-0.27,63989,110768
SH,601916,0.68,63772,81295
SZ,000960,0.08,63563,63563
SH,688585,-1.74,63328,63328
SH,601669,-0.2,63266,83375
SH,600875,-0.28,63080,96385
SH,601231,1.35,62853,62853
SH,603296,-1.86,62722,119082
SZ,000703,0.06,62359,62674
SH,688172,-1.54,62311,74208
SZ,002304,0.15,62290,62292
SZ,000625,-0.65,62087,74446
SZ,300620,-3.78,62048,62569
SZ,300661,-1.86,61434,69983
SH,600048,-0.38,61408,61408
SZ,002595,0.09,61285,61712
SZ,001309,-3.85,61282,84237
SZ,002128,0.33,60971,85040
SZ,001979,-0.57,60669,61670
SH,601061,-0.56,59780,59780
SH,600009,0.04,59748,59943
SZ,000021,-2.01,59692,59700
SZ,000933,0.46,59156,59194
SZ,002428,8.67,58695,58702
SH,601901,-0.27,58530,58530
SZ,002837,-1.06,58524,65973
SH,688519,-1.75,58257,58257
SH,600221,-0.73,57841,58341
SZ,002064,1.13,57839,57963
SZ,000768,-0.18,57805,57892
SH,688037,-4.4,57665,57665
SH,600426,-0.23,57604,57611
SH,601788,-0.53,57585,67963
SH,601077,0.31,57272,73593
SH,600438,-0.93,57040,57040
SH,688141,-1.06,57029,57029
SZ,300759,0.2,56858,73565
SH,600885,1.02,56750,56750
SZ,002920,-0.99,56691,56709
SZ,002532,2.3,56551,63738
SZ,002558,-1.35,56371,56371
SZ,002851,-1.7,56303,66990
SH,603156,-1.28,56070,56070
SZ,002422,0.14,55788,68340
SZ,002049,-1.55,55772,55780
SH,600372,-0.51,55599,55599
SH,600580,-3.27,55530,55689
SZ,300285,-3.33,55467,64828
SH,600219,0.42,55351,55351
SZ,300223,-3.69,55242,63360
SH,601877,-0.61,55229,55229
SH,600418,-0.93,55168,56941
SH,601233,0.65,54950,55050
SH,600096,-0.22,54872,54872
SZ,000831,0,54759,54759
SZ,300054,-0.99,54542,69945
SZ,300450,-0.76,54439,58447
SH,601059,-0.47,54288,54288
SZ,002185,-1.74,54159,54172
SZ,300058,-1.71,53769,55505
SZ,300765,0.47,53627,53627
SH,688019,-2.93,53438,53438
SH,600105,-1.03,52880,52880
SH,600803,-0.34,52864,53278
SH,603659,-0.19,52661,52661
SH,600879,0.06,52492,52492
SH,600497,1.36,52420,52420
SZ,300136,-1.37,52045,61025
SH,688409,-2.12,52041,52041
SZ,002821,0.06,51827,58977
SH,600350,-0.55,51827,51827
SH,601377,-0.32,51730,51730
SZ,300418,-1.43,51444,56246
SZ,000157,-0.4,51326,62788
SZ,002484,-2.95,51148,53022
SH,688313,-1.49,51025,51025
SZ,300803,-1.13,50964,51338
SH,600741,-0.36,50538,50538
SH,600895,-1.59,50518,50518
SZ,001872,-0.22,50419,54359
SZ,301358,-0.2,50270,55755
SZ,300316,-1.42,50223,53403
SZ,301269,-1.44,50131,50131
SH,600460,-1.72,50072,50072
SH,688578,0.13,50072,50072
SH,603979,1.7,49916,49916
SZ,000783,-0.99,49052,49052
SZ,000963,-0.03,48927,48947
SZ,300373,-0.88,48901,49010
SZ,002074,-0.52,48837,51030
SH,600196,0.22,48725,61420
SH,601298,-0.1,48421,58290
SZ,300666,-1.7,48334,60325
SZ,000066,1.29,48093,48097
SH,688469,-0.96,48074,68654
SH,688630,0,47558,52888
SZ,301526,-1.13,47468,127456
SH,688110,-2.56,47374,47374
SH,601618,0,47309,54833
SH,601117,0.26,47243,47379
SH,600378,-0.26,47139,56695
SH,600498,-0.34,46758,49940
SZ,300548,-0.65,46594,46688
SH,688223,-0.87,46520,46520
SH,688375,-2.01,46298,46298
SH,600930,-0.22,46088,178954
SH,600726,-1.43,45973,48630
SH,601607,-0.05,45882,61003
SH,603129,-0.77,45466,45466
SZ,002414,-1.54,45439,57100
SH,600377,-0.07,45360,60100
SZ,002436,-2.12,45325,50752
SH,601198,-0.28,45190,45190
SZ,300567,-2.61,45103,55572
SH,601058,0,44915,44915
SH,688047,-0.67,44687,44687
SZ,002812,-0.81,44668,53286
SH,688048,-2.31,44597,44597
SH,688331,6.18,44516,70605
SH,601699,0.81,44512,44512
SH,600601,-0.18,44289,45387
SZ,002409,-1.85,43956,65678
SH,600570,-0.5,43952,43952
SH,601878,-0.41,43543,43543
SH,600027,-0.2,43406,54691
SH,688187,-0.77,43237,66216
SH,688188,-0.98,43204,43204
SH,600352,0,43139,43139
SH,688147,-3.78,43111,43111
SH,688729,-2.09,43094,72855
SH,688009,-0.19,43019,52843
SH,603629,3.15,41916,42614
SH,600021,-0.53,41905,41905
SH,605376,1.5,41859,41859
SH,600143,-1.24,41630,42238
SH,600061,-0.3,41626,41626
SH,603260,-0.53,41401,41401
SH,601212,1.65,41171,41171
SH,603083,-0.44,41030,54825
SH,600995,-0.76,40941,40941
SH,600845,-1.02,40931,54815
SH,688099,-0.44,40842,40842
SZ,002236,-0.63,40817,55806
SH,600642,-0.35,40814,40817
SH,603268,0.94,40702,177766
SH,601555,-0.48,40694,40694
SZ,002636,-0.04,40670,40877
SH,601208,2.34,40660,40660
SZ,301377,-1.21,40632,174282
SZ,300395,-1.08,40527,41569
SH,688303,-0.72,40516,40516
SH,688728,-0.37,40515,40543
SH,688432,-1.84,40460,40460
SH,601136,-0.46,40344,40344
SH,600392,1.37,40262,40262
SH,600588,-0.83,40150,40150
SH,600909,-1.59,40043,40043
SH,688220,-1.25,40002,40002
SH,688627,-1.21,39955,39955
SZ,002155,3.57,39938,39941
SZ,002945,-1.72,39879,39879
SZ,002195,-0.83,39816,40176
SH,600578,-0.82,39766,39766
SZ,300390,-1.47,39704,49064
SH,601777,-0.1,39695,39695
SH,688234,-1.23,39688,44759
SZ,300979,-0.6,39619,39620
SH,603806,-0.38,39601,39601
SH,688146,-4.64,39578,144535
SH,601456,-0.32,39568,51353
SZ,000893,-0.54,39559,45029
SH,601108,-0.57,39472,39472
SZ,000559,-0.91,39374,39386
SH,601238,-0.36,39355,54350
SH,600968,0.26,39339,39339
SH,603087,-0.49,39309,41885
SZ,000987,-0.75,39254,39284
SH,601216,-0.42,39152,39152
SH,688336,1.65,39129,39129
SH,603699,-0.47,39067,39950
SH,688295,3.78,39033,39033
SZ,002078,-0.42,39011,39263
SZ,000811,-0.52,38412,38965
SH,603379,-0.23,38387,38387
SZ,002294,-0.16,38218,38227
SH,600600,-0.29,38194,73476
SH,601665,0.33,37969,37969
SH,688472,-0.47,37962,37962
SZ,002850,-1.59,37953,51832
SZ,300115,-2.23,37951,38063
SZ,300919,-0.59,37869,43241
SZ,002738,3.18,37826,38383
SH,600141,-1.65,37819,37819
SH,603392,-0.32,37767,37767
SH,688808,-5.95,37724,200712
SH,601577,0.54,37634,37642
SZ,300972,-0.17,37103,40384
SZ,001203,1.18,37024,43463
SZ,000596,0.5,36958,47812
SH,600901,0,36885,36894
SZ,000983,0.15,36731,36731
SZ,002138,-3.38,36723,38639
SZ,300001,-0.6,36710,37570
SZ,000688,2.42,36583,36583
SZ,300037,-0.15,36574,50427
SZ,002273,-1.54,36502,37158
SZ,002966,0.36,36395,37017
SZ,003031,-1.53,36383,48245
SZ,002129,-1.52,36356,36388
SH,601126,-1.27,36312,36665
SZ,300866,-0.25,36279,68979
SZ,300454,-1.59,36265,54342
SH,601808,0.16,36059,58118
SH,600711,1.22,36037,36037
SZ,002429,-1.62,35561,35582
SH,603650,-0.71,35468,35553
SH,600298,-0.04,35357,35799
SZ,002056,-0.86,35344,35381
SH,603298,-1.06,35286,35286
SH,600733,-2.34,35182,37057
SZ,002407,-0.72,35135,38772
SH,688122,-1.41,35075,35075
SH,600060,-0.94,35066,35195
SZ,002653,1.87,35047,73119
SZ,300017,-1.19,35024,36936
SH,688775,-1.7,35013,54135
SH,600206,3.54,34895,34895
SZ,000423,-0.03,34637,34698
SZ,002444,-0.09,34620,36061
SH,600256,0.74,34581,34581
SH,600157,-0.62,34472,34472
SZ,300346,-1.16,34459,36306
SH,600085,0.08,34424,34424
SZ,002517,-0.97,34381,38883
SH,603486,-0.36,34223,34537
SH,688322,-2.04,34198,44082
SH,603369,-0.14,34175,34175
SH,600177,0,34091,34999
SH,600869,1.12,33978,33978
SZ,300251,-0.15,33915,35848
SZ,000878,0.54,33781,40889
SZ,302132,-0.78,33705,153672
SH,603929,-1.33,33530,33530
SH,601696,-0.73,33392,33392
SH,688599,-0.34,33382,33382
SZ,002252,0,33337,33359
SH,688027,-1.74,33308,42627
SH,688433,0.84,33234,33234
SH,601236,-0.55,33134,33134
SZ,002601,-0.23,33113,39722
SH,601598,0.63,33008,45912
SZ,002032,-0.64,32979,32994
SH,688235,1.92,32906,441094
SZ,301236,-2.21,32874,43312
SH,605589,-0.4,32779,32798
SZ,002131,-1.58,32670,37787
SZ,300207,0.26,32530,35065
SH,600109,-0.33,32459,32459
SH,600839,-0.56,32351,32360
SH,603606,-1.55,32308,32308
SH,605358,-0.01,32147,32147
SH,603225,0.05,32136,32309
SZ,300782,-1.69,32108,41186
SZ,300832,0.9,32086,36905
SZ,002126,-2.05,32076,34161
SH,601162,-0.52,32070,37576
SZ,002432,-1.22,32025,32067
SZ,002555,-0.63,31906,44466
SZ,000728,-0.4,31856,31856
SZ,000729,0.72,31797,35711
SZ,002261,-0.57,31690,34838
SZ,000002,-0.6,31677,38894
SZ,300751,-1.53,31623,45734
SH,603308,-2.38,31610,31610
SH,603568,0.06,31587,31587
SH,688676,-1.44,31573,31573
SH,688536,-2.6,31530,32094
SH,600563,-1.39,31433,31433
SH,600707,-1.79,31392,31398
SZ,000786,-0.58,31391,31628
SZ,000876,0,31365,31384
SZ,000800,-0.46,31198,31201
SH,688668,-1.52,31170,31170
SH,600863,-0.62,31133,37374
SH,600562,-0.74,31071,31071
SZ,002378,2.9,31001,31165
SZ,000661,0.43,30882,31525
SZ,300748,0.66,30861,37816
SZ,000967,-3.47,30689,30703
SH,600348,0.47,30628,30628
SZ,300339,-1.47,30571,31307
SZ,000027,-0.3,30542,30542
SH,688617,0.01,30427,30427
SZ,300870,-2.49,30321,30324
SZ,000883,-0.2,30260,33061
SZ,002673,-0.28,30259,30259
SH,600332,0.14,30255,34987
SH,600282,0.41,30209,30209
SH,600871,0.45,30074,42085
SH,603766,0.34,30023,30023
SZ,002939,-0.35,29830,33405
SZ,000060,0,29800,29800
SH,688300,-1.44,29759,29759
SH,600483,-0.73,29664,29664
SZ,300672,-2.43,29656,30609
SH,600801,0.73,29638,45925
SH,600699,-2.03,29560,32845
SZ,000958,-0.35,29501,100375
SZ,000629,0,29451,29452
SH,688568,-1.66,29414,29414
SZ,002025,-2.3,29411,29420
SH,688266,0.43,29338,29338
SH,600517,-0.18,29336,29336
SH,601933,-0.9,29274,29274
SH,688025,-1.07,29257,29257
SZ,002472,-1.6,29255,33218
SH,600398,0.16,29201,29201
SH,603127,0.32,29157,34807
SZ,000981,-3.46,29111,30592
SH,601990,-0.43,28903,30049
SZ,300347,0.2,28817,43800
SH,688180,-0.2,28755,38521
SH,603338,-0.41,28735,28735
SH,600428,0.17,28732,32241
SH,688213,-1.97,28699,35689
SH,688052,-1.5,28539,32538
SH,688297,2.35,28485,28485
SH,688318,-2.73,28409,28409
SZ,000959,0.53,28391,29546
SZ,300628,-0.88,28367,49511
SH,600259,0.86,28318,28318
SZ,301511,-1.61,28292,47602
SZ,301396,0.48,28280,42953
SH,688385,-1.08,28269,43171
SH,601000,0.21,28207,28207
SH,600663,1.13,28180,44964
SH,600312,-0.9,28156,28156
SH,603444,-0.52,28090,28090
SH,600536,-1.09,27976,30964
SZ,002240,-0.32,27953,28026
SZ,002797,-0.44,27946,27946
SH,600737,0.69,27933,27933
SH,600637,-0.47,27904,27904
SH,688169,-0.73,27884,27884
SH,688301,-1.31,27859,27859
SH,601001,2.46,27850,27850
SZ,002608,-0.67,27769,27769
SH,600369,-0.47,27710,27710
SZ,000582,-0.53,27694,32319
SH,600777,1.4,27693,29582
SH,688411,-1.64,27680,38095
SH,603823,9.25,27626,27626
SH,603179,-2.78,27575,27575
SH,603939,0.4,27533,27533
SZ,002859,-1.78,27494,29119
SH,688362,-0.27,27465,27465
SZ,000737,0.21,27463,27466
SH,601880,0,27435,35122
SZ,002222,0.33,27340,27463
SZ,300432,-0.54,27322,27630
SH,600079,0.11,27314,28890
SH,600331,0.83,27229,35397
SZ,300458,-2.56,27138,33118
SH,600499,-2.61,27118,27118
SH,688248,-1.65,27077,27077
SH,600515,0,27069,33705
SH,688387,-1.89,27005,45777
SZ,000877,-0.52,26878,26878
SH,688608,-2.33,26875,26875
SH,601799,-1.53,26828,26828
SZ,002180,10,26784,27997
SZ,300209,-2.94,26656,33319
SZ,002487,-1.12,26549,31143
SH,688167,-2.18,26520,26520
SZ,002747,-1.1,26516,32799
SH,600595,-1.04,26452,26452
SZ,000962,1.72,26427,27702
SZ,000932,0.26,26383,26383
SH,601615,-0.25,26346,26346
SZ,300489,4.03,26315,26412
SZ,003022,-0.6,26302,26324
SH,688333,-0.36,26291,26291
SH,600732,-0.55,26231,26355
SH,688065,-0.52,26159,32343
SH,600299,0.36,26117,26117
SH,603061,2.44,26100,26100
SH,688102,0.48,25973,26049
SZ,002223,-0.06,25960,27618
SH,600704,0.6,25959,25959
SZ,002456,-1.13,25811,27198
SH,600862,-0.37,25674,25674
SH,600918,-0.52,25643,44501
SZ,002459,-0.38,25628,25650
SZ,000951,-1.17,25437,25437
SH,688018,-2.06,25407,25407
SZ,300438,-1.64,25365,31590
SZ,000739,0,25337,25347
SZ,002841,-0.95,25317,33952
SZ,300558,0.52,25277,25358
SH,603688,0.17,25237,25237
SH,600208,-0.66,25184,25186
SH,601069,4.89,25107,25781
SZ,000921,-0.17,25099,37627
SH,600396,-3.01,25036,25036
SH,603345,-0.18,24915,28313
SH,600323,0.49,24860,24860
SZ,300570,-2.23,24858,29377
SH,600521,-0.53,24809,24809
SH,600583,0,24804,24804
SH,688127,-2.32,24800,24800
SH,603067,-2.46,24781,24781
SZ,300383,-1.49,24761,24807
SH,600998,0,24759,24759
SZ,300255,1.5,24757,24796
SH,600641,-0.03,24727,25158
SH,601717,-0.05,24721,28620
SZ,300024,-1.79,24714,24721
SH,603119,-2.75,24697,24697
SH,601155,0,24677,24677
SH,600161,-0.47,24658,24658
SH,603049,-0.44,24603,42605
SH,603920,-0.98,24601,24601
SZ,000415,-0.43,24592,28201
SZ,000830,-0.68,24583,24585
SH,600166,-0.31,24544,24544
SH,688192,0.34,24541,24751
SH,600546,1.06,24523,24523
SZ,300236,-2.35,24482,27543
SH,603160,-1.38,24478,24478
SH,688475,-0.66,24468,24468
SZ,000547,0,24457,24600
SH,688778,1.25,24452,24452
SH,601918,-0.1,24403,24403
SH,601606,0,24363,24363
SH,600330,0.36,24360,24360
SZ,002266,1,24358,26253
SH,601928,0,24355,24355
SZ,000887,-0.96,24263,24302
SH,601399,-0.58,24238,24238
SH,603885,-0.35,24228,24228
SH,600566,0.31,24160,24242
SH,600295,0.41,24142,34201
SH,600977,1.81,24140,24140
SZ,000738,-0.15,24120,24120
SH,600100,-0.13,24089,24089
SZ,000062,-1.54,23939,23962
SZ,920185,-0.08,23934,24335
SZ,001389,-2.03,23928,74239
SH,603596,-1.62,23877,23877
SH,601099,-0.56,23789,23789
SH,600535,1.21,23769,23769
SH,689009,0,23760,31097
SZ,002046,-1.18,23757,24027
SH,688548,-1.17,23736,45308
SH,600095,-0.83,23731,23731
SH,601866,0,23693,32042
SZ,002244,-0.57,23660,26696
SH,688349,-0.78,23555,23964
SH,688278,-0.02,23504,23504
SZ,002498,-2.61,23487,23487
SZ,000400,-1.52,23468,23551
SH,605090,-1.09,23428,23452
SZ,002430,-0.86,23412,23422
SZ,001270,-0.23,23378,23528
SH,600884,-0.69,23361,28587
SZ,301018,-1.84,23344,30893
SH,601228,0,23237,23237
SH,603301,0.26,23224,23224
SZ,000733,-1.38,23194,23198
SH,603605,-0.65,23169,23169
SZ,300496,-1.22,23087,28843
SZ,002085,-0.08,22974,22974
SZ,002157,-0.33,22974,27288
SH,688425,-0.46,22827,22827
SH,601128,0.48,22801,22801
SZ,300738,-1.98,22800,22807
SZ,300811,-0.37,22732,27696
SH,601567,-0.48,22638,22638
SZ,002603,-0.05,22616,27450
SZ,300677,-1.97,22610,31795
SH,601118,-0.74,22553,22553
SH,603663,1.93,22528,22544
SZ,300814,-0.13,22514,22514
SH,603881,-1.09,22508,22508
SH,600550,-0.88,22485,22485
SZ,002271,-0.67,22457,28019
SH,603730,-1.41,22453,22453
SZ,000155,-0.4,22431,22431
SH,603565,0.38,22429,22429
SH,688001,-1.28,22409,22409
SH,601608,0.2,22394,22394
SZ,000750,-0.25,22373,24651
SH,600126,-1.18,22357,22357
SH,600390,-0.39,22355,22355
SH,688820,-2.34,22323,240503
SH,600873,0.38,22322,22322
SH,601963,0.09,22314,39775
SH,603678,-2.87,22285,22285
SH,600098,-0.15,22227,22227
SZ,000709,0,22221,22225
SH,600388,-0.84,22213,22213
SZ,301205,1.51,22195,34476
SZ,000158,-0.77,22183,22333
SZ,001267,3.29,22176,28606
SH,601106,-0.3,22151,22151
SH,600246,-0.59,22004,22616
SZ,002926,-0.35,21971,21971
SH,603588,1.98,21950,21950
SH,688195,-3.08,21937,21937
SH,601016,-1.08,21919,23756
SH,688819,-0.43,21901,21901
SZ,000564,0,21888,26184
SZ,002065,-0.78,21868,24105
SZ,000034,-0.88,21798,26100
SH,688403,0.88,21739,21739
SZ,000623,-0.43,21704,21789
SH,600685,-0.97,21669,37288
SZ,300474,-1.27,21653,27840
SH,600598,0.08,21652,21652
SH,600132,-0.21,21619,21619
SH,603728,-1.67,21614,21614
SZ,300699,-0.14,21587,21848
SZ,300896,0,21508,31833
SZ,300073,-0.25,21499,23127
SZ,002396,-1.28,21458,21547
SZ,002364,-1.45,21454,21663
SH,688114,-0.45,21451,21496
SH,605111,-1.25,21444,21444
SZ,003035,-0.87,21402,21402
SH,603077,-0.4,21373,21373
SZ,002379,-0.26,21352,244855
SH,600516,0.76,21338,21338
SZ,000598,0.14,21333,21336
SZ,002545,1.45,21326,23475
SH,688343,-1.7,21296,21296
SH,601677,-0.4,21260,21260
SZ,000603,9.13,21208,21948
SZ,002317,0.94,21158,23611
SH,600008,0,21141,21141
SH,600329,-0.1,21130,28694
SZ,301536,-1.45,21121,47582
SZ,002423,-0.43,21083,21083
SH,688400,-1.8,21040,21880
SH,600765,-0.14,21005,21005
SH,603337,-2.86,20993,21414
SZ,002716,2.96,20972,25492
SZ,002624,-0.77,20928,22213
SH,603899,-0.47,20926,20926
SH,603233,0.49,20898,20898
SZ,002007,-0.14,20897,24245
SH,603737,-0.71,20895,20895
SH,600170,0,20882,20882
SH,600353,-1.01,20811,20811
SH,601997,0.18,20731,20731
SZ,002895,-0.48,20727,20946
SZ,000825,0,20677,20677
SZ,300806,-1.43,20669,28683
SH,600961,3.11,20667,29493
SH,601865,-0.72,20626,25420
SZ,300012,1.26,20624,24250
SH,603171,1,20497,20520
SZ,002335,-1.86,20458,23394
SZ,300085,-1.5,20434,22146
SZ,000519,-0.87,20429,20429
SH,600970,-0.37,20424,20424
SZ,002536,-1.72,20420,21560
SZ,002468,-1.42,20388,21140
SH,603290,-1.53,20355,20355
SZ,300003,-0.45,20352,23762
SH,688205,-0.74,20323,20323
SZ,002299,0.12,20302,20705
SH,603816,-0.47,20258,20397
SZ,001896,-1.62,20247,20247
SH,603005,-1.51,20230,20230
SZ,002948,0.17,20217,33409
SH,601666,0.86,20199,20199
SH,603876,-0.77,20184,20184
SZ,300763,-1.18,20055,24738
SZ,300487,1.48,20031,33109
SH,603833,-0.72,19986,19986
SZ,002831,0,19970,36022
SH,601158,0.24,19968,19968
SZ,300762,-0.89,19963,19963
SH,688372,-2.11,19962,19962
SH,603667,-0.9,19958,20882
SZ,002130,-0.67,19957,24358
SH,603516,-0.84,19912,19912
SZ,000039,-0.34,19907,46645
SH,601858,-0.98,19849,19849
SH,600967,0.09,19792,19792
SH,600602,-0.8,19767,25165
SZ,000009,0.13,19707,19731
SZ,301035,-1.48,19687,19716
SZ,300142,-0.63,19683,19960
SH,603186,4.77,19599,19599
SZ,000029,-0.35,19599,22236
SH,601187,-0.12,19540,19582
SZ,002461,-0.44,19477,19477
SH,600927,-0.73,19450,19450
SZ,300779,-1.25,19428,25426
SZ,300776,-3.54,19414,30882
SZ,002497,-0.42,19412,21115
SZ,002500,-0.36,19385,19385
SZ,300821,-0.42,19377,19380
SZ,002318,-0.09,19376,19846
SZ,300398,-0.72,19338,19444
SH,603000,-0.05,19305,19305
SH,688208,-0.99,19295,19295
SH,688270,-1.89,19289,19289
SH,603115,1.43,19246,19246
SH,601098,-0.36,19235,19235
SZ,001337,5.78,19223,19223
SZ,300623,-1.21,19215,20835
SH,600131,-0.3,19170,19188
SZ,301171,-2.12,19162,23615
SH,603530,-0.81,19138,19314
SZ,002120,-0.28,19115,19686
SZ,002262,-0.04,19098,21951
SH,688097,-1.42,19063,19063
SZ,000686,-0.36,19051,19051
SZ,002739,2.81,19050,19323
SH,603358,-1.19,19039,19368
SH,688502,-3.37,19028,19028
SZ,002044,-0.6,18984,19180
SH,600012,-0.24,18964,27799
SZ,002683,-0.38,18944,21596
SZ,002149,1.94,18940,18943
SH,600518,0,18937,18946
SZ,002491,-0.05,18882,19741
SH,603236,-0.98,18878,18878
SZ,002518,-0.82,18859,19429
SH,600339,0.3,18815,18815
SZ,002389,3.41,18809,18812
SZ,002270,-0.7,18731,18731
SZ,002756,0.67,18727,26082
SZ,300903,-0.96,18651,23110
SH,603618,2.86,18646,18646
SZ,300456,-0.97,18646,22852
SZ,000997,-1.01,18628,18732
SH,603658,-0.3,18606,18606
SH,603773,5.35,18597,18603
SH,600007,-0.32,18534,18534
SZ,300122,-0.67,18471,31263
SH,600380,-0.19,18459,18459
SH,688123,-3.24,18449,18449
SH,603950,-1.22,18428,18443
SZ,002670,-0.95,18425,21963
SH,601139,-0.77,18411,18411
SZ,000429,-0.55,18403,29522
SZ,300843,-2.29,18385,18753
SZ,300747,-0.13,18379,19774
SH,688561,-0.87,18373,18373
SH,601969,0.32,18324,18436
SZ,300088,-2.37,18318,18408
SH,688523,-0.83,18289,18289
SH,600577,-0.6,18279,18279
SH,600004,-0.12,18247,19871
SH,600316,-0.58,18215,18215
SH,688281,-1.31,18214,18214
SZ,300257,-1.54,18187,18929
SH,600629,1.48,18167,18167
SH,600655,0.43,18166,18172
SH,601609,0.67,18133,18133
SH,600606,-0.76,18130,18130
SH,603529,-0.36,18095,18452
SH,603132,0.33,17995,17995
SZ,000969,-0.16,17870,18027
SZ,000543,-0.75,17863,17863
SH,688692,-1.61,17803,27183
SH,600038,-0.21,17800,21817
SZ,000875,-0.92,17715,19225
SH,600032,-1.2,17698,17698
SH,600114,-1.26,17684,18114
SZ,000591,-0.43,17682,17689
SH,603638,-0.78,17676,17676
SH,688795,-1.51,17656,274558
SH,601101,6.06,17654,17654
SH,601975,-0.78,17645,17645
SH,600120,-0.38,17623,17623
SH,601020,2.24,17555,17555
SH,600500,-1.6,17547,17547
SH,688233,-2.11,17545,17545
SH,600754,0.41,17541,20644
SH,600410,-1.1,17511,17511
SZ,002402,-1.24,17499,19742
SZ,300953,-1.38,17488,24330
SH,601636,-1.33,17486,17486
SH,688131,1.64,17451,17451
SZ,000937,0.22,17449,17957
SZ,301297,-2.07,17447,22933
SZ,002192,-0.48,17420,17457
SH,600956,-0.26,17399,33347
SZ,002145,-1.07,17396,17396
SH,603786,-1.14,17325,17325
SH,688268,-2.52,17298,17298
SZ,300170,-1.01,17288,18103
SZ,000513,0.16,17283,27010
SH,600664,1.18,17252,17252
SZ,000935,-1.34,17231,17231
SH,600820,0.18,17230,17230
SZ,300888,-0.53,17214,17291
SH,605020,-1.15,17190,17460
SH,688388,-0.98,17151,17151
SZ,000528,-0.46,17135,17159
SH,600186,-0.41,17068,17103
SZ,300724,-0.86,17061,20654
SZ,300140,-0.35,17055,17076
SZ,002237,2.22,17039,20434
SZ,001287,-1.27,17029,17029
SH,601333,0,17013,21321
SZ,300364,-2.75,16993,18744
SH,688596,1.69,16980,16980
SZ,002925,-1.31,16938,17880
SH,600179,-0.44,16917,18534
SH,601519,-1.04,16908,16908
SZ,300568,-1.89,16884,20888
SZ,300503,-1.72,16875,21564
SZ,002958,0,16863,17222
SH,688772,-0.39,16824,16824
SH,600062,0,16798,16804
SZ,300199,0.9,16796,19908
SZ,300102,-0.8,16780,16861
SH,600226,-1.91,16746,16746
SH,605196,0.52,16727,16847
SH,600397,10.03,16720,16720
SZ,920438,-1.23,16658,17263
SZ,300413,-1.02,16654,30493
SH,601966,-0.25,16640,16640
SH,603733,-0.77,16639,16639
SH,600171,-1.21,16603,16603
SZ,000682,-1.11,16597,16598
SZ,003021,-1.52,16577,21387
SZ,000766,-0.68,16567,16575
SZ,300676,0.89,16554,16645
SH,600739,-0.45,16502,16502
SH,603997,-1.43,16501,16501
SZ,300657,-0.81,16487,16966
SZ,000898,0.49,16472,19394
SZ,002611,-0.72,16455,19951
SH,688700,-1.96,16454,16454
SH,603355,-1.51,16393,16393
SH,601326,-0.28,16366,19221
SZ,300773,-0.99,16355,17289
SH,603858,0.13,16346,16346
SH,605198,-1.81,16311,20148
SH,688582,-1.66,16295,16295
SH,601137,-0.5,16278,16290
SZ,300660,-1.57,16272,16282
SH,688615,-2.23,16247,23530
SZ,300002,-1.34,16234,17252
SH,600763,-0.29,16232,16232
SZ,002957,0.75,16228,16279
SH,688449,-3.7,16214,25438
SH,600435,-0.45,16212,16212
SZ,000050,-1.03,16198,16198
SZ,002176,0.42,16165,16188
SH,601921,0.14,16133,16133
SZ,002171,0.1,16121,16213
SH,688390,-0.68,16119,16119
SH,600867,-0.35,16119,16119
SZ,000970,0.23,16108,16108
SZ,002312,-0.46,16088,16121
SH,600528,-0.13,16084,16084
SH,688652,-4.56,16074,22364
SH,600459,1.98,16060,17404
SH,600623,2.51,16059,18143
SH,688520,-0.51,16045,16946
SZ,002405,-1.3,15996,16093
SH,601156,-0.69,15983,26861
SH,600552,-1.1,15954,15954
SZ,300144,-0.15,15954,16123
SZ,002552,9.99,15945,16788
SH,600531,2.49,15926,15926
SH,600750,-0.19,15890,16061
SH,600928,0.28,15880,15956
SZ,000537,-0.64,15829,15829
SZ,000723,0.84,15823,15853
SH,688392,1.5,15794,15794
SH,600761,-0.88,15783,15783
SZ,001213,0,15778,15778
SH,603317,-0.26,15708,15708
SH,600808,0.38,15695,20253
SH,600959,-0.31,15652,15652
SH,688503,-1.87,15647,15647
SH,603026,0.4,15631,15631
SH,601702,0.45,15617,15617
SZ,000902,-0.65,15588,17115
SZ,000563,-0.64,15546,15546
SZ,300735,-1.24,15527,16587
SZ,002326,-0.51,15505,17670
SH,605296,0.4,15488,15734
SH,600835,-1.59,15404,19239
SZ,300613,-1.06,15400,16326
SZ,300131,-0.46,15353,16719
SH,688484,-1.37,15337,15337
SZ,300201,-0.64,15336,15418
SH,688690,0.98,15325,15325
SZ,000506,5.63,15324,15329
SZ,301316,-1.65,15302,15785
SH,600511,0.22,15278,20832
SH,603002,-0.51,15253,15253
SZ,002320,-0.86,15248,15248
SZ,002410,-0.4,15230,16024
SH,603826,3,15229,15229
SH,688279,-2.35,15196,18697
SH,603938,-0.24,15190,15190
SZ,000791,-0.87,15175,25432
SZ,002896,-2.17,15172,15172
SH,688353,-0.23,15164,15164
SH,688380,-2.62,15142,15142
SZ,300723,-0.29,15137,16311
SH,601019,-0.13,15130,15130
SH,600872,-0.55,15119,15184
SH,603025,-0.5,15107,15209
SZ,000539,-1.16,15102,31029
SH,600877,-1.99,15097,15097
SH,688106,-0.94,15087,15087
SZ,300260,-0.18,15072,21369
SZ,000927,-0.39,15065,15065
SH,600452,-0.9,15027,15027
SH,600888,-1.01,15018,15018
SH,688800,-2.17,15002,15002
SZ,000778,-0.51,14990,15258
SH,688100,-1.34,14975,15105
SH,603063,-0.18,14953,15015
SH,603662,-2.05,14920,14920
SZ,002568,-0.8,14907,20374
SZ,301550,-2.04,14874,24303
SZ,000966,-0.92,14794,14794
SZ,002969,1.5,14785,14863
SH,600651,-1.16,14766,14766
SZ,002773,0.42,14759,19799
SH,600151,-0.76,14758,14758
SH,601568,-0.26,14737,14737
SZ,300342,-0.75,14733,14953
SH,600744,-1.75,14705,14705
SH,688206,-1.63,14687,14687
SH,600475,-1.2,14643,14846
SH,688593,0.63,14627,14627
SZ,002946,-0.8,14598,14769
SZ,002508,-0.5,14591,14769
SZ,002250,-0.05,14579,14659
SZ,002913,-0.49,14563,15132
SH,603283,-1.59,14556,14556
SZ,000680,-1.24,14553,16607
SH,600596,-0.73,14549,14549
SH,600633,0.61,14545,14545
SH,600548,0,14538,21521
SZ,002158,-0.32,14534,14566
SH,600172,0.8,14513,16311
SH,688150,-2.3,14452,14452
SZ,300679,-1.73,14442,17069
SH,688003,-2.34,14416,14416
SH,688661,-2.06,14416,14416
SH,601375,-0.23,14411,19407
SH,601778,-1.01,14408,14408
SH,600490,2.99,14407,15999
SH,600201,-0.9,14387,14387
SZ,300253,-0.63,14373,17060
SZ,001248,-1.38,14353,179975
SH,603613,-0.19,14339,14339
SH,688158,-1.09,14329,16106
SZ,002768,-0.52,14328,24799
SZ,301285,-1.6,14314,14314
SH,600267,0.92,14305,14305
SH,600403,2.57,14297,14297
SZ,300602,-1.84,14290,20889
SZ,000422,-0.73,14270,14541
SZ,001331,-0.59,14263,20421
SZ,000088,-0.21,14233,23398
SZ,300999,0.15,14228,142154
SH,600710,0.28,14217,14217
SZ,002911,-0.96,14191,14540
SH,688088,-0.86,14133,14133
SH,600621,-0.66,14131,14131
SZ,300957,-0.26,14118,14195
SZ,300655,-1.4,14108,14173
SH,601965,-2.34,14088,14147
SH,600906,-0.29,14084,21514
SH,600361,0.27,14072,14072
SH,600779,0,14064,14064
SH,600816,-0.38,14056,25300
SH,601827,0.36,14011,14011
SH,603505,-0.23,14005,14005
SH,600320,-0.69,14002,22235
SZ,002249,-0.65,13997,18527
SH,600456,0.58,13985,13985
SZ,000581,-0.39,13965,17006
SZ,001286,0.39,13946,38738
SZ,001696,0.64,13933,17897
SZ,002408,-0.38,13921,14385
SH,688538,-0.4,13920,33419
SZ,301005,2.04,13900,14190
SH,600056,-0.53,13877,13882
SH,603039,0.92,13859,13859
SH,688625,-0.79,13858,13858
SH,688031,-3.14,13852,13852
SZ,002906,-1.11,13850,13858
SH,603305,-0.41,13845,13845
SZ,002867,0.47,13845,13927
SZ,000685,-0.62,13837,16292
SH,688368,-1.77,13830,22786
SH,603009,-1.32,13824,13824
SH,603456,1.36,13816,13816
SH,688258,-0.94,13801,13801
SH,605289,-1.41,13792,13811
SZ,001301,-1.4,13787,19328
SZ,300469,0.02,13768,13775
SH,688686,-1.55,13727,13727
SZ,000612,0.09,13722,13722
SZ,002010,-0.19,13676,13710
SZ,002153,-0.34,13662,23307
SH,688549,-0.12,13660,34243
SZ,002290,-1.98,13660,13703
SH,600416,-1.06,13651,13651
SH,600916,2.4,13642,13642
SZ,301389,-1.14,13636,13636
SH,600258,0.49,13623,13623
SH,600675,-0.43,13604,13604
SZ,300323,-1.71,13599,18583
SZ,002048,-1.23,13576,15570
SH,603203,-0.44,13571,13728
SZ,300319,-0.86,13569,14148
SH,600933,-1.2,13567,14245
SZ,300229,-3.83,13558,13567
SZ,300455,-0.51,13549,13724
SH,603868,-0.73,13530,13530
SH,688545,-2.31,13527,26719
SH,601678,-0.29,13486,15899
SZ,002563,-0.32,13463,16434
SH,600409,-0.45,13460,13460
SH,688029,-0.39,13450,13450
SZ,002827,8.85,13447,13498
SH,600575,-0.85,13446,24797
SZ,301275,-2.48,13445,18877
SH,600064,-0.25,13445,13445
SH,600783,-0.38,13436,13436
SH,600057,-0.15,13434,18226
SZ,002507,-0.67,13430,13466
SZ,301611,-2.32,13420,39916
SZ,000799,0.51,13418,13420
SH,600301,2.63,13412,30812
SZ,002226,-0.58,13404,13404
SH,688055,-1.7,13400,13400
SZ,000534,-0.55,13373,13559
SH,688006,-1.15,13347,13347
SZ,301093,-0.6,13328,13960
SH,603556,4.46,13319,13319
SZ,300457,1.6,13300,13517
SZ,000785,0.44,13292,14260
SZ,300718,-3.36,13290,20191
SH,600167,-0.83,13283,13283
SH,600155,-0.32,13259,13259
SH,603738,3.65,13259,13259
SZ,000672,-0.57,13252,13252
SH,605099,-0.17,13240,13269
SZ,301128,1.39,13210,15018
SH,605389,-0.64,13199,13957
SH,600764,-0.04,13168,13168
SH,688802,-2.2,13155,284071
SZ,301219,0.57,13080,18326
SH,600366,-0.16,13057,13057
SZ,002151,-0.63,13045,15994
SZ,300100,-1.17,13037,13537
SH,600850,-0.3,13027,13027
SZ,000815,-0.79,13001,13001
SH,603707,0.12,12990,12990
SH,605599,3.03,12958,12958
SH,600271,-0.42,12952,12952
SZ,000620,-0.71,12941,16265
SZ,300184,-2.22,12940,14133
SH,600821,-1.04,12925,12925
SZ,301319,-4.33,12893,17107
SZ,300166,-1.24,12880,16193
SZ,002354,0,12875,13104
SZ,300409,-0.74,12859,14448
SH,601133,-0.92,12842,12887
SH,600529,-0.5,12841,12841
SZ,300436,0.64,12804,14915
SH,600113,0,12800,13103
SZ,002936,0.55,12793,16548
SZ,300671,-1.87,12775,12809
SH,603888,-0.51,12766,12766
SH,600285,0.27,12763,12777
SH,688401,-2.74,12763,13556
SH,688516,-1.06,12757,12757
SH,603882,-0.49,12727,12814
SZ,002167,1.21,12724,12991
SZ,300459,-1.01,12721,13606
SZ,300975,-1.74,12715,17752
SZ,000681,-0.47,12705,13164
SZ,001339,1.74,12685,25623
SZ,300296,-1.07,12670,14835
SZ,002372,-0.57,12643,13692
SH,603515,-0.57,12623,12700
SH,603078,5.18,12606,12606
SH,600827,0.13,12595,14006
SZ,300133,-0.78,12564,14155
SH,600717,-0.22,12560,12560
SH,688567,-0.47,12551,12551
SZ,300182,-1.24,12517,14758
SZ,001258,-0.95,12507,12507
SZ,000762,0.63,12494,12494
SZ,000069,-1.08,12486,14548
SZ,000592,-1.35,12486,12595
SH,600702,0.19,12485,12490
SH,601339,-1.41,12461,12461
SH,600338,0.52,12461,12461
SH,688143,-0.58,12458,13110
SZ,002091,-0.37,12450,12647
SH,688535,-2.81,12439,13346
SZ,002701,-1.01,12429,12440
SH,688116,-0.93,12425,12425
SZ,002901,-0.77,12425,17836
SZ,002607,-4.67,12417,13815
SH,600211,-0.27,12406,12406
SZ,002534,-1.24,12405,12564
SZ,002929,-0.89,12399,16395
SZ,002755,0.15,12391,12391
SZ,300034,-0.24,12388,12871
SZ,000758,0.81,12372,12420
SZ,300179,-1.92,12371,16068
SZ,301015,-0.08,12345,12347
SZ,002645,0.61,12339,13662
SZ,000711,0.19,12335,15296
SZ,002268,-1.08,12315,12321
SH,601107,0,12306,17400
SH,688222,-0.44,12305,12305
SH,600755,0,12303,12334
SZ,002847,-0.23,12302,13631
SZ,002440,-0.45,12293,14601
SH,603698,-0.38,12290,12290
SH,600776,-0.76,12285,16140
SZ,002183,-0.62,12258,12258
SZ,300720,2.71,12233,12946
SH,600063,-1,12228,12228
SZ,002975,5.19,12225,18524
SZ,002400,-0.69,12221,12343
SZ,002531,-1,12204,12273
SH,688107,-2.18,12186,12186
SZ,301095,-1.88,12184,14104
SZ,301238,-0.77,12166,12166
SH,688603,-1.29,12161,12161
SZ,300070,-0.27,12159,12830
SZ,000567,-0.15,12139,12177
SH,688660,-0.75,12133,12133
SH,600589,-1.43,12123,12149
SH,600343,-0.15,12113,12113
SH,603031,-1.37,12104,14393
SZ,002399,-0.2,12085,14218
SH,603589,0.35,12052,12052
SZ,000035,0.77,12051,12442
SH,600986,-0.73,12048,12048
SZ,000070,-1.05,12011,12175
SZ,000973,-0.79,11986,30458
SZ,300761,-0.78,11977,15911
SZ,002366,-4,11972,13464
SZ,301626,-1.74,11958,26288
SZ,002416,-0.8,11945,12095
SZ,000156,-0.7,11933,13008
SH,688260,-7.1,11886,11886
SZ,000901,-0.32,11877,11877
SZ,002617,-1.39,11867,12066
SH,603267,-1.96,11822,11822
SZ,002174,-1.22,11820,11826
SZ,301039,-0.6,11808,15237
SZ,002987,-0.67,11772,12080
SH,600315,-0.67,11771,11771
SH,605118,-0.68,11767,11836
SZ,300468,-0.35,11762,11780
SH,603927,-0.48,11759,11759
SH,601992,0,11751,15056
SH,601068,-0.21,11749,13710
SZ,300674,-0.82,11747,11765
SZ,002287,-0.28,11727,11751
SH,601512,-0.25,11721,11721
SZ,000801,-0.94,11714,11718
SZ,002096,-0.52,11697,11697
SH,603800,0.79,11688,11688
SH,688028,-2,11685,11685
SZ,300593,-2.58,11680,14072
SH,600268,-0.68,11678,11679
SH,603983,1.29,11677,11677
SH,603389,-1.15,11677,11677
SZ,300357,0.04,11667,12624
SH,600635,-0.81,11659,14231
SH,601222,-0.69,11655,11655
SZ,000553,-0.18,11647,12464
SZ,920808,-1.68,11641,11954
SH,688059,0.37,11610,12405
SH,600420,-0.45,11601,11601
SZ,300769,-1.34,11586,12894
SZ,300775,-0.36,11563,11909
SZ,002258,-1.15,11548,11566
SZ,300573,-0.39,11547,15036
SZ,301029,-0.96,11539,16200
SZ,300835,-0.49,11534,16457
SH,600216,-0.07,11521,11645
SZ,002597,-1.4,11521,11543
SH,600859,-0.18,11519,11520
SH,688559,-1.62,11503,11503
SZ,002779,-0.56,11494,12810
SH,600461,0,11493,11493
SZ,002668,0.28,11492,11492
SZ,301293,-1.4,11486,11486
SZ,300146,-0.77,11453,17289
SZ,001280,0.6,11443,136231
SZ,002051,-1.57,11442,11443
SH,688306,-1.16,11423,11423
SH,688016,-0.75,11394,11394
SZ,300428,-0.46,11386,13081
SZ,002544,-0.82,11384,11385
SZ,002024,0.82,11382,11396
SH,600864,-0.54,11381,11381
SH,600612,2.4,11353,18728
SH,600882,-0.83,11339,11339
SZ,300376,-0.8,11335,11339
SZ,300139,8.43,11328,13284
SH,601952,0.12,11313,11313
SH,603297,-0.16,11300,11300
SZ,300827,-0.49,11293,14402
SZ,002217,-0.63,11283,11593
SH,688046,0.84,11276,11276
SZ,300601,0.32,11273,13984
SH,600619,-1.23,11269,15327
SZ,002182,-0.98,11243,12883
SZ,300315,-0.44,11233,11968
SZ,000099,-0.54,11233,11233
SZ,000048,0.19,11227,11246
SZ,002745,-1.3,11226,15658
SZ,301666,-2.38,11216,184511
SH,603118,-1.31,11187,11187
SZ,300726,-1.24,11181,21473
SH,688321,-0.17,11133,12092
SZ,002373,-0.85,11131,12768
SH,688382,-0.09,11122,11122
SZ,002011,-0.75,11114,11250
SH,600006,-0.71,11100,11100
SH,688198,-0.08,11096,11096
SZ,000990,-0.45,11093,11093
SH,600559,-0.07,11087,11087
SH,603040,-0.01,11073,11131
SZ,002139,-1.04,11054,12867
SZ,002246,-0.63,11052,11052
SZ,002413,0.95,11050,11254
SZ,002310,-1.56,11042,15058
SZ,002083,-0.25,11028,11028
SH,603185,-0.36,11027,11093
SH,603093,-0.7,11018,13837
SH,600908,-0.17,11016,12093
SZ,002947,-1.9,11008,14198
SH,688063,-1.48,10995,10995
SZ,002583,-0.8,10993,15586
SZ,000839,-1.74,10976,10976
SZ,002698,-0.98,10965,13283
SZ,000767,-1.3,10950,11569
SZ,002807,0.25,10949,10966
SZ,301150,-1.44,10938,11661
SZ,002838,-1.32,10936,12438
SH,603281,0.24,10933,10933
SH,603693,-1.12,10929,10929
SH,603906,-1.06,10917,15340
SZ,920116,-0.46,10916,10916
SZ,300607,-1.57,10905,15411
SZ,002348,-0.49,10897,11977
SH,601801,-0.53,10886,10886
SZ,000998,0,10883,12167
SH,600058,0,10880,10880
SZ,300065,-0.89,10878,11949
SH,603992,-0.15,10872,10872
SH,603991,-0.94,10871,18540
SZ,002839,-0.21,10867,10877
SH,603757,-0.32,10859,10859
SZ,002539,-0.72,10855,14734
SH,600162,-1.77,10851,10851
SZ,300049,-0.48,10850,12262
SZ,300185,-1.04,10847,11382
SH,603989,-0.21,10839,10839
SZ,000028,-0.18,10812,12587
SH,600572,-0.22,10811,10840
SH,600446,-2.04,10787,10787
SH,603393,-0.11,10755,10755
SH,600248,-0.33,10747,10770
SH,688202,0.95,10736,10736
SH,688153,-1.53,10726,11038
SZ,300777,-0.35,10721,10940
SZ,000899,-0.8,10713,10713
SH,600376,-2.11,10705,10705
SH,601022,-0.48,10705,10705
SZ,301123,-1.07,10693,15202
SZ,300224,0.44,10682,10722
SZ,002792,2.86,10682,16564
SH,600509,-0.88,10679,10679
SZ,003036,3.75,10674,10674
SZ,000555,-1.07,10672,10685
SZ,002181,-4.17,10665,10914
SH,600480,-1.34,10664,10743
SZ,301207,-0.16,10649,10656
SZ,300353,-0.65,10645,12120
SZ,301047,-1.76,10643,10826
SZ,000690,-0.6,10590,10597
SZ,000949,-0.92,10585,10588
SZ,000061,-0.5,10568,11691
SH,601163,-0.44,10560,10560
SZ,002003,-0.95,10538,12257
SH,600728,-0.39,10535,10535
SH,688698,-1.28,10530,10530
SZ,002385,0,10529,13072
SZ,301267,-0.72,10518,13625
SH,603099,-0.09,10502,10502
SZ,300204,0.7,10484,12510
SH,688383,-0.8,10472,10472
SZ,301071,-0.89,10467,14239
SH,600395,0.21,10454,10454
SH,600773,-0.17,10448,10448
SH,603601,-0.21,10441,10441
SH,601949,-0.53,10434,10434
SZ,000828,-0.29,10426,10426
SZ,002654,-2.06,10405,10406
SZ,002081,-1.25,10392,10435
SH,601900,-0.58,10381,10381
SH,603859,-1.27,10375,11295
SZ,002439,-0.41,10368,17238
SH,603218,-0.58,10361,10371
SH,600184,0.23,10355,10355
SH,600383,0,10338,10338
SH,688105,1.06,10335,10335
SZ,002984,-0.2,10330,14995
SZ,300077,-1.29,10330,12369
SH,688160,-2.73,10314,10314
SZ,300008,-0.63,10296,10800
SZ,002254,-1.22,10283,10295
SH,603235,-0.54,10275,10275
SZ,000700,-1.05,10263,10263
SZ,301486,-0.67,10260,18124
SH,600123,0.43,10254,10254
SZ,002043,-1,10247,10530
SH,600662,-0.43,10245,10275
SZ,000727,-0.87,10237,10237
SZ,301087,-0.71,10219,12427
SH,600391,0.32,10204,10204
SH,688663,-1.94,10202,10202
SH,600718,-0.46,10194,10194
SZ,002565,1.59,10186,10186
SZ,002297,-0.49,10184,10184
SH,603533,-2.22,10182,10182
SZ,001399,-1.53,10179,175109
SH,603300,-0.38,10176,10176
SZ,300009,-0.23,10174,13817
SZ,002063,-1.19,10155,10995
SH,600993,-0.12,10151,10169
SZ,002897,-1,10151,10671
SZ,300026,-0.28,10144,10154
SH,601005,0.83,10143,11723
SZ,000917,-0.82,10135,10136
SH,600787,0,10134,10134
SH,603027,-0.38,10127,10127
SH,600458,-0.67,10126,11094
SH,601003,-0.49,10123,10405
SZ,002031,-1.85,10104,11613
SH,600648,-0.33,10103,12076
SH,601882,-0.56,10090,10090
SH,600507,-0.67,10085,10085
SH,600936,-2.26,10076,10076
SH,603713,1.07,10066,10066
SH,600373,-0.26,10065,10065
SZ,300328,1.24,10058,10108
SH,688319,1.06,10038,10038
SZ,301031,-0.81,10026,12753
SZ,002655,1.74,10021,10041
SH,603011,-0.14,10017,10017
SH,600163,-0.93,10010,10010
SZ,002557,0.05,10010,10041
SH,600363,-9.97,10001,10001
SZ,300580,-1.62,9995,10624
SZ,002020,-0.21,9991,11882
SH,688275,-1.23,9977,9977
SZ,300188,-3.86,9975,10022
SZ,000510,1.86,9961,10649
SZ,002931,-0.72,9955,10737
SZ,300377,-1.29,9942,10807
SZ,002978,-0.51,9934,12697
SH,688182,-0.95,9932,9932
SZ,002647,-1,9919,11043
SH,603619,0.75,9917,9917
SZ,002703,3.93,9916,13919
SZ,002832,-1.77,9903,14513
SZ,000837,-0.7,9903,10058
SZ,002338,-1.56,9902,9902
SH,600037,-0.41,9882,9882
SZ,002387,-0.69,9862,9875
SZ,301127,0.6,9862,10158
SZ,301188,-1.93,9851,9851
SH,601038,-0.36,9849,15124
SZ,002741,-0.21,9830,10712
SZ,300951,-1.6,9830,10999
SZ,000403,-0.56,9821,9922
SZ,002865,-0.83,9820,13674
SZ,300244,-0.85,9819,12237
SZ,300007,-1.5,9790,11330
SH,603328,-1.3,9785,9785
SH,688032,-0.78,9779,9779
SZ,002842,5.38,9777,11916
SH,603341,-0.78,9771,19095
SZ,300415,1.36,9769,10102
SH,600556,-2.52,9762,9762
SH,688508,-0.1,9759,9759
SZ,300378,-1.19,9743,9817
SH,600072,-0.21,9739,13491
SH,600759,0,9738,9750
SZ,000065,-1.6,9734,10616
SH,600666,-1.01,9733,10703
SZ,300693,-1.99,9730,11320
SH,688020,-0.68,9722,9722
SZ,301090,-0.44,9693,9704
SH,601811,-0.15,9693,15102
SZ,000676,-2.03,9682,9688
SZ,301338,-1.5,9674,13277
SH,600345,-0.38,9672,15070
SH,603103,0.13,9659,9659
SZ,300304,-0.69,9656,9923
SH,600367,0.23,9656,10231
SZ,000795,0.12,9656,9656
SZ,002541,0.57,9651,13421
SH,603052,-0.8,9650,9650
SZ,000410,-0.6,9638,12954
SH,688543,-0.12,9633,9633
SZ,002967,0.75,9631,11206
SZ,002100,0,9625,9625
SZ,300303,-1.08,9619,10258
SH,605060,0.12,9613,9679
SH,603360,-1.15,9612,9612
SZ,002549,-0.92,9610,9651
SZ,000049,-0.39,9606,9608
SH,600757,-0.62,9587,9588
SZ,000600,-0.78,9571,15832
SH,603323,0.47,9570,9570
SH,603327,-0.53,9566,9566
SZ,300113,-1.2,9564,12668
SZ,301177,2.84,9560,9567
SH,688068,-0.99,9558,9558
SZ,300618,1.51,9548,10852
SZ,300277,-0.23,9545,18912
SH,688351,-0.33,9544,9544
SH,688726,-2.42,9540,17583
SZ,301078,-0.65,9538,9548
SZ,002922,-1.59,9531,10683
SZ,300624,-2.48,9527,10757
SH,600360,-1.77,9526,9526
SH,603100,-0.68,9525,9555
SZ,301381,-0.67,9523,9532
SH,601200,-0.27,9518,9518
SH,688138,-1.1,9516,9516
SZ,000031,-0.88,9516,9516
SZ,002169,0.72,9514,9815
SZ,002961,-0.44,9510,9510
SZ,301183,0.34,9509,12972
SZ,300684,-1.52,9509,13921
SH,600971,0.25,9504,9504
SZ,000552,0,9501,13647
SZ,000401,-0.54,9499,9589
SH,600597,-0.42,9498,9498
SH,603883,-0.39,9494,9494
SZ,002675,-0.61,9486,10522
SH,601886,-0.11,9483,9483
SZ,002815,-0.88,9481,15057
SH,603303,-0.29,9477,9477
SZ,300529,0.87,9464,14750
SZ,000420,0.79,9463,9467
SZ,002345,2.44,9461,9694
SZ,300118,-0.67,9454,11628
SH,688327,-1.47,9451,11773
SZ,300486,-0.94,9449,9452
SZ,300331,0.21,9449,11046
SZ,002705,0.6,9449,9499
SZ,301382,-4.55,9447,11415
SH,603599,-0.47,9439,9439
SH,600210,-0.15,9434,9434
SH,605123,-6.44,9431,9431
SH,605318,-1.2,9430,9430
SH,688378,0.1,9402,10201
SZ,000923,0,9400,9771
SH,603538,1.09,9390,9474
SZ,301091,-0.94,9386,9386
SZ,000516,0,9370,9515
SZ,002361,1.49,9368,11013
SH,600198,-0.96,9348,9360
SH,600269,-0.49,9342,9342
SH,603712,-0.48,9341,9341
SH,600328,-0.3,9340,9340
SH,601528,0.2,9335,9870
SH,600307,0,9332,9332
SZ,002426,0,9323,9323
SH,601311,-0.37,9315,9315
SH,600326,-0.14,9306,9306
SH,603057,-1.22,9282,9353
SZ,002061,-0.27,9279,9436
SH,601860,0.38,9270,9555
SH,688611,-1.59,9263,9263
SZ,300863,-2.37,9254,9633
SH,603169,-0.13,9249,9249
SZ,002511,-0.4,9247,9365
SH,603124,0.34,9243,17358
SZ,002293,-0.7,9241,9318
SH,688125,-2.33,9241,9265
SZ,001227,0,9236,12474
SH,605016,1.06,9232,9232
SZ,001308,-0.57,9223,13328
SH,600649,-0.53,9220,9220
SH,688209,-2.29,9196,9196
SZ,002368,-1.12,9185,9230
SH,688090,-0.47,9185,9185
SH,605255,-1.14,9184,9184
SZ,002170,-0.5,9159,11266
SZ,301021,-1.53,9156,9166
SH,688797,-3.08,9155,48697
SH,688128,-0.74,9154,9154
SZ,000006,-0.14,9153,9153
SH,600929,-0.17,9152,9152
SZ,000536,-0.89,9118,9128
SH,688359,-2.19,9118,9118
SZ,000950,-0.92,9112,9112
SZ,000656,-0.82,9105,12706
SH,600185,0.21,9105,9105
SZ,300596,-1.14,9104,9304
SZ,300005,-1.13,9099,9173
SH,600740,0.28,9096,9096
SZ,300263,-1.16,9072,9626
SH,688165,-0.68,9069,9069
SZ,300634,-0.66,9068,9421
SZ,000833,-1.81,9065,16026
SZ,920045,-0.66,9063,30652
SH,603125,-1.01,9060,9060
SH,688697,-1.04,9041,9041
SH,600273,-0.28,9035,9035
SH,688139,-1.03,9014,9014
SZ,002062,0.75,9009,9911
SZ,301216,-1.13,9008,9597
SZ,300687,-1.39,9005,10950
SZ,000848,-1.21,8979,9058
SZ,002208,-1.32,8962,8965
SZ,002580,-2.88,8956,8987
SZ,002075,-0.48,8951,8951
SZ,301357,-0.35,8935,8935
SH,688552,-0.92,8934,8934
SZ,300846,-0.32,8931,10822
SH,603915,-1.08,8930,9083
SZ,000980,-1.66,8925,8925
SH,600481,-0.68,8917,8917
SH,600997,0.18,8908,8908
SH,688262,-1.44,8904,8904
SZ,002053,-0.71,8903,8903
SZ,002937,-0.97,8901,8924
SH,688227,-0.98,8899,8899
SH,603508,-0.29,8884,8884
SH,600645,0.21,8883,8886
SZ,300772,-1.39,8877,10009
SZ,300850,-1.26,8876,12220
SZ,002243,-0.8,8875,8922
SZ,002283,-1.55,8865,10073
SH,600996,-0.41,8865,8865
SH,688289,-0.45,8865,8865
SZ,002289,-0.42,8842,9030
SH,688662,-2.09,8832,8832
SZ,300382,-0.94,8830,8831
SH,605179,-5.65,8830,8830
SH,600133,-0.71,8828,8828
SZ,300766,-1.59,8827,9735
SH,688231,-1.24,8814,8814
SH,600640,0.63,8810,8810
SH,688376,-2.73,8801,8801
SH,600389,-0.19,8790,8790
SZ,301606,-1.41,8789,22102
SZ,301363,-0.4,8786,13396
SZ,000930,-0.41,8781,8781
SZ,002993,-1.49,8772,10156
SH,603936,0,8763,8970
SH,688076,-0.67,8760,8760
SZ,002115,-0.58,8754,9443
SZ,000761,0.43,8752,9696
SH,603690,-1.41,8743,8743
SH,688083,-0.67,8735,8735
SZ,300740,-0.22,8722,9385
SH,688325,-0.71,8717,9171
SZ,000829,-0.81,8715,8724
SZ,002099,-0.36,8715,8725
SH,688190,-0.55,8711,8711
SZ,300420,-1.13,8707,8708
SZ,300363,-0.16,8707,9548
SH,603809,-0.83,8706,8706
SH,601929,-0.79,8690,8690
SH,688161,-0.49,8676,8676
SZ,002233,-0.26,8671,8677
SZ,002458,0.11,8659,12823
SZ,002985,-0.82,8654,8678
SH,600129,-0.56,8635,8635
SZ,002119,3.14,8632,8632
SH,600020,0,8630,8630
SH,600508,0.24,8610,8610
SH,600478,-0.19,8605,8605
SZ,300855,-1.2,8595,11605
SH,603626,2.45,8590,8590
SZ,002626,-0.41,8587,8588
SZ,000550,-1.01,8586,14295
SZ,002928,-0.88,8577,8577
SZ,002392,-0.39,8566,8810
SZ,300042,-3.05,8564,8565
SZ,300483,-0.08,8563,8569
SH,600973,-0.63,8557,8557
SH,600686,-0.99,8547,8547
SZ,300101,-0.65,8546,8575
SZ,300130,-0.85,8544,11165
SZ,000712,-2.84,8536,8539
SH,688371,-2.07,8528,8528
SH,603013,-1.52,8518,8518
SH,600693,0.1,8516,8524
SH,600567,0,8515,8515
SZ,000751,2.93,8514,8514
SZ,002350,-0.8,8494,8683
SH,688789,-0.81,8492,8492
SH,600266,-0.72,8490,8490
SH,688261,-2.05,8488,8526
SH,688586,-1.1,8483,8483
SH,688677,-1.64,8482,8482
SH,600399,-0.22,8480,8480
SZ,002039,-0.49,8478,8478
SZ,300181,-0.34,8477,9862
SH,603319,-0.23,8475,8475
SH,603919,0.91,8471,8471
SZ,920186,-2.34,8463,16181
SH,600017,0,8458,8458
SZ,002639,-0.38,8457,9986
SH,603219,1.01,8455,8455
SH,603612,-0.98,8448,8448
SH,688507,-1.71,8445,15285
SH,688239,-1.02,8431,8431
SZ,300053,-1.29,8428,9025
SZ,002332,-0.46,8428,8468
SH,688035,-1.31,8426,8426
SH,605305,-0.49,8416,8416
SH,603680,0.85,8394,8394
SZ,002190,-0.16,8391,8391
SH,605319,0,8390,8437
SH,600751,-0.9,8389,9452
SZ,300145,-1.34,8389,8430
SZ,002292,-0.95,8377,12170
SZ,301345,-3.02,8372,26064
SH,603995,2.36,8363,8363
SH,601089,-0.1,8357,8357
SZ,300440,1.28,8347,8379
SH,688486,-1.81,8343,8344
SZ,002251,-0.78,8334,10083
SZ,002488,-1.41,8327,9009
SZ,301013,-3.82,8317,10273
SZ,300480,-0.54,8294,11366
SH,605168,-0.17,8285,8285
SZ,002221,-0.69,8283,8937
SZ,300072,-0.27,8276,8342
SZ,000823,-1.2,8276,8276
SZ,002004,-0.67,8268,8692
SZ,000885,-0.45,8264,8264
SZ,002239,-0.77,8263,8889
SH,603496,-0.61,8261,8261
SZ,300725,-0.23,8261,9528
SH,688739,-0.04,8257,8354
SH,600055,-0.41,8240,8240
SZ,002706,-3.63,8229,10108
SZ,300741,-0.36,8222,8222
SH,688253,-0.62,8216,8216
SH,688277,-1.34,8209,8209
SH,603227,-0.12,8209,8209
SZ,300035,-0.77,8208,9644
SH,601890,-0.22,8193,8193
SH,601595,0.05,8189,8189
SH,601700,9.98,8154,8154
SZ,002585,-2.33,8149,10489
SH,605222,-0.24,8138,8138
SZ,002036,-1.14,8138,8154
SZ,000922,-1.19,8135,9624
SH,600812,-0.41,8133,8133
SH,600639,-0.3,8128,10730
SZ,002216,-0.76,8121,11324
SH,688485,0,8116,8116
SH,600935,0,8102,8304
SZ,301196,-0.74,8099,12337
SH,603112,-0.58,8089,8170
SZ,002277,-0.33,8086,8086
SH,688112,0.18,8080,8080
SH,605116,0.2,8075,8075
SZ,002674,2.49,8075,8157
SZ,000860,-0.27,8063,8063
SZ,002017,-0.78,8057,8062
SZ,003009,-0.42,8055,8056
SH,688758,3.06,8039,11228
SH,688513,-0.1,8030,8030
SH,603399,-0.56,8022,8022
SH,603890,-1.96,8021,8021
SZ,300497,0.97,8019,9545
SH,688439,-1,8018,8018
SZ,002030,2.88,8014,8014
SZ,002267,-0.13,8007,8007
SZ,002125,-0.3,8001,8001
SZ,301327,-0.53,7997,7997
SZ,300790,-1.57,7988,9091
SZ,001232,-9.86,7965,100101
SZ,000869,0,7960,11495
SZ,300910,0.51,7960,11365
SZ,300294,-0.24,7957,7957
SH,605333,-0.8,7949,7949
SH,603033,-0.37,7948,8095
SH,688480,5.79,7942,7942
SZ,300770,-0.13,7936,7936
SH,600502,-0.42,7930,7930
SH,688337,-0.87,7926,9322
SZ,002941,-0.63,7925,7925
SZ,002960,-0.84,7920,8620
SH,688050,-0.38,7908,7908
SZ,002579,4.39,7905,8301
SZ,002761,0,7897,9672
SZ,000593,-2.21,7894,7897
SH,601718,0,7894,7894
SH,603053,-0.33,7893,7893
SZ,002718,0.14,7882,10857
SZ,002516,-2.35,7857,7913
SZ,002097,-0.67,7852,7866
SH,688612,-1.25,7850,12819
SZ,300527,0.39,7849,7849
SZ,002309,-1.5,7844,9805
SZ,300938,-1.15,7825,9016
SZ,002721,10.11,7819,7819
SZ,002214,10.03,7817,9782
SH,600075,-0.43,7805,7805
SH,688252,6.36,7800,7800
SH,688155,-0.12,7798,7798
SZ,002110,0,7797,7797
SZ,002212,-0.14,7795,7879
SH,603608,-1.07,7787,7787
SH,600587,-0.61,7777,7777
SH,603181,-0.37,7759,7759
SH,688326,-2.65,7758,8335
SZ,002471,-0.16,7755,7898
SH,600736,-0.58,7748,7748
SZ,300322,-1.34,7747,8092
SH,601686,0.19,7737,7737
SH,603043,-0.5,7734,7800
SH,688783,-1.4,7725,116006
SH,603687,-0.49,7717,7717
SZ,000566,-2.93,7716,7719
SH,600746,-0.14,7708,7708
SZ,002342,-0.11,7704,7747
SZ,000012,-0.75,7700,11957
SZ,002434,-0.5,7697,7705
SZ,002737,-0.44,7691,7691
SH,600962,1.56,7688,7688
SH,603163,-1.33,7683,7683
SH,600335,-0.76,7675,7675
SZ,002346,-2.14,7674,8642
SZ,002041,-0.22,7674,7674
SZ,301498,-0.78,7660,17104
SZ,300416,0.46,7653,7704
SH,600305,-0.56,7644,7655
SZ,300834,-0.84,7643,7712
SZ,002386,0.34,7639,7641
SZ,300180,-0.88,7639,7854
SZ,002079,-1.15,7633,8549
SH,603477,0.07,7631,7824
SZ,002980,-1.09,7627,14262
SH,605488,-1.24,7623,8286
SZ,300031,-1.18,7622,9070
SZ,300327,-1.35,7614,7671
SZ,002150,-0.41,7611,7661
SZ,002759,0.2,7609,7616
SH,605007,-0.49,7603,7621
SZ,000859,-1.84,7588,7589
SH,605167,-6.29,7582,7582
SH,601908,-0.62,7582,7582
SZ,300595,-0.6,7581,10153
SH,600917,-0.2,7571,7571
SH,688798,-1.39,7561,12985
SH,688093,-0.62,7556,7556
SZ,300168,-0.37,7556,7563
SZ,300516,0.17,7552,7552
SZ,000628,-1.12,7545,13827
SH,600545,-1.39,7545,7545
SZ,002533,-0.76,7534,8558
SH,600797,-1.2,7532,7532
SZ,000503,0.65,7530,7530
SZ,300520,-0.88,7530,7791
SZ,002515,-1.15,7526,8268
SZ,002023,-0.86,7518,7586
SH,603279,-0.37,7499,7499
SZ,300895,-0.38,7499,7641
SH,600789,1.09,7496,7755
SZ,300499,-1.07,7491,8425
SH,600676,-1.48,7487,7487
SH,600117,0.44,7487,7487
SH,603050,-0.42,7486,7486
SH,601579,0.26,7484,7484
SH,600846,-0.32,7472,7472
SH,688087,0,7470,7747
SZ,002588,-0.67,7470,10021
SZ,300482,0.35,7466,8126
SH,603055,-0.11,7451,7478
SH,600657,-0.37,7443,7443
SH,603977,0.5,7442,7442
SH,688622,-2.48,7435,7435
SH,600611,1.28,7426,11230
SZ,000402,-0.39,7412,7413
SZ,301510,-1.51,7412,10737
SH,600866,-0.66,7410,7410
SZ,300298,0.12,7410,9210
SH,600059,-0.11,7402,7402
SH,688428,1.12,7402,47996
SZ,002121,-1.31,7397,8764
SH,688305,-0.81,7393,7413
SZ,002681,-0.83,7391,8453
SZ,300492,-1.1,7384,7384
SZ,002315,-0.27,7380,11576
SH,688177,-0.44,7379,7379
SZ,002215,-0.53,7378,9169
SH,688416,-2.1,7371,7371
SZ,003039,-0.32,7367,7367
SH,605133,-0.86,7366,7449
SH,605128,-0.79,7363,7363
SZ,002034,-0.48,7358,7389
SZ,301263,-1.07,7355,10309
SZ,300098,-1.03,7354,8289
SH,605008,-0.6,7351,7351
SH,600903,-0.62,7345,7345
SH,603045,1.06,7332,7332
SZ,002106,-0.85,7331,7340
SZ,002275,0,7326,7727
SZ,300276,-2.38,7326,9709
SH,688515,-1.87,7322,11758
SZ,000498,-0.19,7319,7840
SH,603985,0,7318,7318
SH,600251,0.21,7304,7304
SZ,002324,-0.52,7297,10456
SH,688108,-0.62,7293,7293
SH,601226,-0.15,7287,7287
SH,688669,0.76,7278,7278
SH,688381,-1.4,7264,7264
SH,600590,-0.68,7255,7335
SH,688049,-2.19,7252,7252
SZ,300986,-1.55,7249,7254
SZ,300401,0.3,7247,7366
SH,601096,-0.89,7246,11797
SZ,000544,0.13,7232,7232
SZ,000059,-0.21,7229,7229
SZ,003013,-1.42,7220,8266
SZ,301086,-2.45,7213,13013
SH,603416,-0.3,7209,8109
SZ,000595,-5.09,7208,7208
SH,603299,-0.31,7204,8812
SZ,002108,-0.67,7202,7204
SH,600722,-3.37,7198,7198
SH,600748,-0.75,7194,7194
SH,603580,-2.23,7182,7182
SZ,301228,-1.83,7181,7214
SZ,002077,-1.03,7179,7179
SZ,301189,-1.53,7177,7436
SH,601388,0.93,7176,7176
SZ,300337,1,7171,8285
SH,600125,-0.35,7167,7167
SH,688628,-0.78,7167,7167
SZ,300872,0.53,7166,8288
SZ,002006,-1,7152,7152
SZ,000650,-0.36,7150,7518
SZ,002093,-0.83,7143,7143
SH,600708,-0.3,7143,7154
SH,601330,-0.68,7141,10329
SZ,300861,0.12,7138,11368
SH,605100,-1.63,7137,7171
SH,688563,-0.24,7136,23659
SH,600078,-2.53,7123,7276
SZ,002445,1.01,7123,7154
SZ,300997,0.39,7122,7851
SH,605011,-0.44,7110,7110
SZ,301069,-0.65,7106,7545
SH,688556,-1.15,7103,7103
SZ,301176,-1.6,7102,7319
SZ,000030,-0.92,7101,7309
SH,688626,-0.73,7096,7096
SZ,300842,-1.05,7089,7976
SZ,300171,0.48,7078,9634
SZ,300348,-1.01,7078,7872
SH,600557,-0.55,7077,7077
SH,688176,-0.55,7055,7055
SH,603459,-2.56,7051,67235
SH,600468,-3.85,7049,7049
SZ,002546,-2.11,7043,7331
SH,600252,0,7037,7037
SZ,300576,-1.27,7035,11178
SZ,300080,-0.78,7034,7044
SH,600771,0,7034,7034
SH,688710,0.13,7029,10926
SZ,301080,2.61,7027,9289
SH,688011,-1.04,7027,7051
SH,688631,-0.15,7026,7026
SZ,300768,-1.29,7025,10752
SH,600955,0.08,7024,7024
SH,600325,-0.77,7018,7018
SH,688221,-0.42,7016,7016
SZ,000777,-2.18,7013,7013
SZ,301215,-1.11,7009,7017
SZ,001298,-0.68,7004,7435
SZ,002448,-1.3,7001,7096
SH,600510,0.44,6997,6997
SZ,000813,-0.29,6982,6983
SZ,000601,-0.44,6981,7087
SZ,300678,-1.14,6980,7104
SZ,920029,0.58,6971,7164
SZ,002446,-0.59,6969,7525
SH,688179,-0.25,6965,6965
SZ,002284,-1.95,6963,7029
SH,688365,2,6961,6961
SZ,002421,-1.69,6952,7358
SH,603128,-0.18,6951,6951
SZ,301248,-1.27,6948,9507
SZ,301369,-2.9,6943,12951
SZ,002733,-0.1,6942,7231
SZ,300341,-0.95,6937,6964
SH,603211,-0.3,6937,6937
SH,600780,-0.32,6936,6936
SZ,300685,0.45,6934,6944
SZ,300222,-1.02,6925,8307
SZ,002242,-0.43,6924,6936
SH,688418,-1.44,6922,6922
SZ,920394,0.15,6920,6972
SZ,000755,0.21,6896,6896
SZ,300939,1.04,6892,6892
SH,600925,0,6890,29553
SH,600158,-0.27,6889,6889
SZ,301232,-0.02,6885,11582
SH,601015,0.9,6883,6883
SZ,301571,-1.04,6883,10364
SH,603866,-0.45,6879,6879
SZ,300265,0,6879,6883
SH,600400,-0.65,6874,6874
SZ,002219,0,6871,7249
SZ,300045,-0.66,6867,8814
SH,600810,-0.3,6863,6925
SH,605365,-0.5,6863,6863
SH,605098,-2.55,6856,6856
SZ,002256,-0.86,6849,6938
SZ,002537,-0.84,6849,6868
SZ,002881,-1.2,6847,11300
SH,603778,0,6840,7023
SH,600654,-1,6836,8394
SH,688621,0.2,6832,6832
SZ,002438,-4.7,6832,7395
SZ,002990,0.41,6831,12959
SH,600874,0,6829,8716
SH,600770,-1.12,6825,6825
SZ,000756,0.07,6825,9531
SH,600828,-0.5,6822,6824
SH,603931,-1.52,6807,6807
SZ,300444,-0.63,6801,8722
SH,600429,0,6799,6819
SZ,300153,-1.15,6796,6832
SZ,300191,1.39,6795,9830
SZ,301061,-1.01,6789,10218
SZ,002135,1.88,6785,7251
SZ,300174,-1.46,6777,6814
SH,600987,0.61,6768,6768
SZ,300598,-0.31,6761,6763
SZ,301137,-3.07,6760,6760
SH,688550,-2.16,6757,6757
SZ,000058,-0.86,6745,8434
SZ,300109,-0.3,6743,7516
SZ,002163,-0.35,6718,7064
SZ,000631,-0.67,6693,6693
SH,688518,-1,6690,6690
SZ,002690,-0.76,6688,13604
SH,600775,-1.18,6685,9093
SH,600103,-1.94,6681,6767
SH,688788,-2.14,6677,6677
SH,688312,-1.89,6674,6674
SH,600422,-0.1,6669,6669
SH,600195,0.15,6668,6668
SH,603200,-0.49,6666,6666
SZ,002970,-0.86,6656,9686
SZ,000589,-0.45,6655,6699
SZ,301489,-1.13,6652,11118
SH,688708,-1.12,6648,18650
SZ,000968,-0.86,6647,6647
SZ,300493,-1.64,6647,6724
SZ,002467,-0.4,6643,6684
SH,605598,0.52,6639,6639
SZ,002734,0.79,6637,7271
SH,600894,-0.12,6636,6668
SH,603071,-0.82,6628,6628
SH,603517,-0.35,6624,6624
SH,600449,0.44,6618,6618
SZ,002935,-0.49,6604,6747
SZ,301050,-0.97,6602,7752
SH,603367,0.28,6601,6601
SH,600966,-0.59,6591,6591
SZ,002840,-0.71,6588,6634
SZ,301209,-0.03,6588,7711
SH,688062,0.35,6587,12781
SZ,002042,0,6582,6582
SZ,301191,-0.27,6574,8719
SZ,000008,0,6573,6574
SZ,002810,0.1,6572,7080
SZ,300284,-0.71,6567,6920
SZ,002014,-0.72,6563,6670
SZ,301291,-1,6561,12610
SZ,002785,-0.95,6559,7682
SH,603277,-0.27,6555,6576
SZ,001391,-0.45,6533,52498
SH,688328,-1.88,6532,6532
SH,603311,-1.66,6532,6532
SH,600682,0,6530,7546
SH,603861,-1.19,6528,6676
SH,688191,-0.79,6527,6527
SZ,002664,-0.91,6526,6617
SH,605188,0.31,6525,6525
SH,688488,0.13,6522,6522
SH,688787,-1.43,6521,6521
SH,688103,-2.18,6515,6515
SH,600713,-0.19,6514,6606
SZ,002550,0,6513,8856
SZ,000597,0.22,6511,6592
SZ,000551,-0.73,6507,6510
SZ,300815,-0.11,6504,6641
SH,688577,-0.09,6500,6500
SZ,300324,-0.77,6498,6565
SZ,000779,3.56,6493,6494
SZ,300868,-0.51,6490,10220
SZ,003043,3.44,6477,9921
SZ,300252,-0.59,6476,7930
SH,688095,-2.37,6475,6475
SZ,001314,0.15,6473,7440
SZ,002470,-0.5,6473,6473
SZ,002955,-2.09,6470,7826
SZ,300852,-0.66,6462,6694
SZ,301339,-1.38,6462,6580
SH,600643,-0.48,6457,6468
SH,600604,0,6446,8580
SZ,002140,0.22,6441,6450
SZ,000572,0,6438,6447
SH,600310,-1.78,6434,6434
SZ,000905,-0.68,6431,13372
SH,603229,-0.38,6426,6426
SH,605178,0.89,6421,6421
SH,688685,-2.01,6417,6417
SH,688818,-1.59,6417,84432
SH,603197,-0.02,6411,6498
SZ,300358,1.22,6407,6500
SH,600730,0.09,6400,6400
SZ,002796,0.93,6399,7092
SZ,002009,0.33,6383,7252
SH,601500,0.25,6379,6405
SH,688293,-0.32,6376,7738
SZ,301286,-0.42,6371,15804
SH,600683,0.58,6371,6371
SZ,002057,0.12,6358,6363
SZ,002104,-0.83,6357,7509
SH,601515,-1.19,6351,6351
SZ,300137,-1.47,6334,6412
SH,688290,0.83,6327,6327
SZ,000989,0.11,6317,7789
SZ,300134,-1.07,6317,6317
SH,600370,-1.25,6316,6316
SZ,300435,-0.4,6311,6600
SZ,300226,-0.4,6306,6559
SH,603567,1.67,6303,6309
SZ,002605,-0.79,6301,7779
SH,688232,-0.6,6298,6298
SH,600368,-0.25,6294,6294
SH,600501,-0.13,6293,6293
SH,603065,-3.15,6293,6293
SZ,300343,-0.66,6291,6303
SH,603969,0,6284,6432
SZ,301326,-0.57,6281,6336
SZ,000524,-0.1,6271,6273
SZ,002127,-0.31,6263,7708
SZ,300360,-0.63,6258,6432
SH,603383,-0.74,6254,6254
SZ,000090,-0.29,6241,6241
SZ,002123,-0.34,6240,6975
SZ,300976,-0.81,6233,9690
SH,688276,0,6230,6230
SH,603489,-0.48,6224,6224
SZ,000722,-0.44,6220,7656
SZ,300143,-0.52,6217,7268
SZ,003006,-0.81,6214,6230
SH,600975,0,6211,6211
SZ,300996,-3.01,6203,7370
SZ,002527,-0.75,6199,7771
SZ,000913,-0.49,6194,6270
SH,688230,-1.17,6194,6194
SH,600108,1.27,6191,6191
SH,600841,-0.99,6185,8230
SZ,000026,-0.69,6183,6882
SZ,001330,1.53,6175,7299
SZ,002437,0.68,6174,6556
SZ,300369,-1.15,6171,6193
SZ,300164,-0.74,6170,6226
SZ,002519,-0.35,6169,6218
SZ,301392,-0.26,6164,15109
SZ,002885,-0.83,6162,7036
SH,603363,0,6161,7838
SZ,301678,-1.61,6155,10610
SH,603213,-0.21,6153,6153
SH,603867,0.71,6151,6203
SZ,300900,-0.03,6145,7842
SH,600897,-0.26,6141,6141
SZ,300048,-0.54,6137,6149
SZ,002210,-0.42,6134,6147
SH,688478,-1.11,6132,6132
SZ,300043,-0.19,6131,6134
SZ,002606,-0.94,6131,6389
SZ,300819,-0.56,6128,6784
SH,603368,-0.25,6121,6121
SZ,000541,-0.59,6116,7633
SH,688366,-0.65,6113,7208
SZ,300731,-1.59,6104,6432
SH,688499,-1.06,6101,6101
SH,600313,-0.17,6093,6539
SZ,000025,1.51,6092,6686
SZ,002232,-0.32,6091,6091
SZ,301638,-1.01,6091,77393
SH,605005,0.46,6087,6087
SZ,301153,-0.8,6084,6523
SZ,300256,-0.72,6080,6147
SZ,002052,-0.55,6074,6629
SH,605056,-0.52,6071,6161
SZ,301182,0.32,6065,6651
SH,600106,-0.21,6060,6060
SH,600488,0,6060,6060
SZ,000957,-0.48,6059,6059
SH,603877,-0.14,6059,6066
SZ,300722,0.09,6055,6055
SZ,002971,0.29,6055,7922
SZ,002067,-1.08,6046,6666
SZ,002678,-0.21,6041,6045
SH,600983,0,6040,6040
SH,603708,0.11,6039,6039
SZ,003041,-1.62,6038,6355
SZ,920599,0.41,6037,7965
SH,600617,0,6037,6559
SH,603660,0.96,6035,6035
SH,688699,-1.02,6035,6035
SZ,000735,0,6031,6034
SZ,300192,-1.77,6025,6096
SH,600586,0.47,6024,6024
SZ,300063,-0.71,6021,7289
SZ,300617,-1.6,6018,7178
SZ,300393,-0.78,6013,6854
SH,688526,0,6008,6008
SZ,300700,-0.46,6006,6710
SH,603010,-0.84,6005,6155
SH,603155,-0.45,6003,6003
SZ,300465,-1.23,5986,5986
SH,600433,-0.28,5986,5986
SH,605183,-0.61,5984,6024
SH,688408,-0.86,5983,5983
SZ,300214,-2.79,5979,5979
SH,600255,-0.29,5978,5978
SZ,002213,0.1,5972,6863
SH,600375,0,5968,6541
SZ,001212,-0.83,5960,6889
SZ,003010,-0.59,5959,8196
SZ,301261,-0.88,5958,6009
SZ,000915,-0.03,5958,5961
SZ,002631,0.94,5952,5980
SH,600644,-0.09,5951,5951
SZ,000793,-0.44,5942,9798
SH,688079,-1.6,5940,6044
SZ,301292,0.04,5938,15529
SH,603221,8.7,5936,5936
SZ,300128,-1.92,5929,5937
SZ,300041,-0.72,5929,6092
SZ,301000,-0.49,5917,6268
SZ,002068,-0.61,5917,5920
SZ,002452,-0.69,5914,7084
SH,600851,0,5913,9669
SZ,300540,2.11,5912,6509
SH,600855,-0.31,5911,5922
SH,600826,-0.48,5909,5909
SZ,300079,-0.64,5908,6574
SZ,002101,-0.66,5907,5912
SH,600963,-0.58,5905,5905
SZ,000948,-2.06,5903,5915
SZ,300047,-0.18,5900,6556
SZ,002382,-0.33,5897,5955
SZ,300983,-0.66,5892,6663
SH,600815,-1.18,5890,5890
SH,688799,0.09,5884,5884
SZ,000881,-0.45,5883,6155
SZ,002029,0.8,5882,6232
SZ,002965,0.13,5882,8198
SZ,300258,-0.85,5881,6038
SZ,300470,-0.49,5877,6192
SH,600230,0.42,5870,5870
SZ,002649,6.63,5868,6470
SZ,300969,-1.14,5865,12298
SZ,000036,0,5864,5868
SH,688219,-0.64,5864,5864
SZ,300579,-0.78,5863,6078
SH,603135,-0.52,5861,5905
SZ,002272,-1.23,5861,6963
SZ,300075,-1.3,5845,7044
SH,600691,0,5844,5845
SH,603068,-2.91,5844,5844
SZ,002752,-0.32,5843,5852
SH,688717,-0.11,5840,9434
SZ,300467,0,5837,6968
SH,601116,0.28,5827,5827
SZ,002538,-0.28,5826,5830
SZ,002298,0.34,5821,6520
SH,601968,-0.43,5818,5818
SH,605277,-0.71,5810,5917
SZ,300820,-1.91,5810,11548
SZ,002302,-0.42,5807,5807
SH,605366,-2.46,5804,5804
SH,688109,-0.73,5803,5803
SZ,002803,-0.4,5803,8929
SZ,001236,-0.9,5799,7710
SH,603887,-0.3,5798,5798
SZ,300909,-0.52,5794,7761
SZ,300159,-0.31,5785,10332
SZ,002082,-0.77,5781,6227
SH,688709,-1.32,5776,16590
SH,600592,-0.81,5774,5774
SZ,300127,1.21,5773,8082
SH,688562,-0.4,5764,5764
SZ,002073,-0.86,5760,5818
SZ,002218,-0.94,5759,5844
SH,603776,-1.67,5758,5758
SZ,300981,-6.08,5757,6283
SZ,301101,-1.32,5757,5977
SH,603990,-1.35,5757,5757
SH,600054,-0.26,5754,8176
SZ,002141,-1.06,5753,5753
SH,688334,-0.42,5753,5835
SH,605555,-0.99,5751,5751
SZ,300592,0.18,5750,6541
SZ,002635,-0.81,5747,9585
SZ,002943,-1.61,5747,8120
SZ,000571,1.73,5739,5916
SZ,300046,-1.05,5736,5736
SH,600477,-0.4,5732,5732
SH,688610,-2.38,5731,9520
SH,601121,1.56,5728,7047
SZ,300217,-1.49,5723,6813
SH,600982,-0.57,5711,5711
SZ,002132,0.25,5709,5718
SZ,002510,-1.38,5708,5766
SZ,000670,-3.1,5697,5803
SZ,300400,-1.33,5696,5716
SH,603507,-0.69,5695,5758
SZ,002860,-0.89,5693,5828
SZ,000912,-0.26,5692,5692
SZ,002263,-0.65,5691,5691
SZ,002997,-0.54,5679,5679
SZ,300203,-0.7,5676,5681
SH,688069,0.78,5673,5673
SZ,002390,0,5668,5715
SZ,300212,-0.48,5665,5838
SH,600881,0,5656,5656
SH,600742,0.26,5655,5655
SZ,002956,-0.05,5653,5654
SZ,000900,-0.26,5646,5646
SZ,002206,-0.36,5644,6205
SH,603130,0,5638,5638
SH,605288,-2.09,5637,5675
SZ,301155,-0.79,5633,9935
SH,600292,-0.84,5627,61029
SZ,300531,4.94,5625,5795
SZ,002882,-0.64,5624,9866
SH,688767,-1.74,5624,5624
SH,688553,0.45,5622,6935
SH,600035,-0.28,5619,5619
SZ,300451,-0.26,5618,5701
SZ,300221,-1.45,5618,5761
SZ,300525,-2.76,5618,6847
SH,688757,-0.95,5614,12495
SH,605339,-0.14,5613,5613
SH,603012,0.12,5612,5612
SH,600223,-0.17,5611,5611
SZ,000697,0.47,5610,11992
SZ,300708,-1.39,5606,7330
SH,603609,0,5605,5605
SZ,300985,-0.06,5599,5599
SH,603366,-0.28,5594,5594
SH,688315,0.67,5594,5594
SZ,002992,-1.07,5593,6475
SH,688598,-1.6,5590,5700
SH,600425,-0.28,5584,5584
SZ,300581,0.69,5584,5584
SH,688510,-0.04,5575,5575
SZ,300019,-0.58,5562,5932
SH,603855,-0.95,5560,5593
SZ,920368,-0.43,5560,5844
SH,688620,-1.17,5559,5559
SH,603686,-0.44,5554,5554
SZ,300841,-0.25,5550,6065
SZ,002951,0,5548,5601
SZ,300197,-1.05,5545,5545
SZ,002255,-0.56,5538,7212
SZ,002279,-0.42,5537,6001
SH,688151,-0.73,5533,5533
SH,688226,-0.26,5529,5743
SH,600694,-0.2,5527,5527
SZ,000042,0.12,5525,5531
SH,688707,0.84,5520,5520
SZ,300792,-0.11,5517,6148
SZ,002793,0,5517,5525
SH,600698,-0.14,5514,7096
SZ,000501,0,5509,5514
SH,603595,0.08,5504,5504
SZ,002376,10.08,5502,5666
SZ,300566,-1.09,5497,6356
SH,688173,-0.21,5487,5539
SH,603194,-0.56,5487,13923
SZ,300709,-0.72,5486,6833
SH,603098,-0.09,5485,5492
SZ,300706,-1.12,5482,7394
SH,600081,-0.39,5480,5480
SZ,300756,0.78,5480,6297
SZ,002572,-0.7,5479,8099
SZ,000717,0.89,5477,5478
SZ,300925,-0.43,5477,6718
SZ,920493,-3.42,5472,7427
SH,688776,-0.74,5470,5470
SZ,300278,-0.76,5469,5486
SH,688352,-2.35,5467,17748
SH,688656,-1.16,5463,5463
SZ,300307,-0.71,5461,5556
SH,601008,-0.22,5459,5459
SZ,300151,-1.78,5457,7881
SH,603901,-0.3,5456,5531
SH,600603,-0.21,5445,5445
SH,688733,-1.62,5440,5440
SZ,301328,-1.86,5439,7526
SZ,002349,0,5439,5552
SH,603587,-0.25,5436,5436
SH,688170,3.97,5436,5436
SH,603269,0.16,5434,5434
SH,600829,-0.42,5434,5434
SZ,300283,-1.03,5428,7102
SZ,300825,-1.66,5426,5543
SZ,002196,-0.88,5421,5504
SZ,301301,-0.22,5419,19510
SZ,301099,-1.1,5416,8900
SZ,300696,-0.04,5414,5964
SZ,000531,-0.49,5413,6196
SH,688117,0.24,5412,5412
SZ,000557,-0.53,5409,5411
SZ,300293,-1.47,5405,5405
SH,603897,-0.75,5404,5404
SH,600981,0,5404,5404
SH,600769,-0.61,5400,5400
SH,600720,-0.18,5398,12276
SH,688307,-0.72,5391,5391
SZ,002685,-1.1,5390,5391
SZ,300066,0.19,5390,5616
SZ,300626,-0.98,5388,5391
SZ,002164,-0.61,5388,5976
SH,600278,-0.15,5387,5387
SH,603668,-0.08,5387,5387
SH,605050,2.63,5387,5387
SZ,002229,-0.81,5385,5418
SZ,002777,-0.66,5384,5434
SZ,002708,-1.69,5384,5857
SH,603153,-0.06,5382,5463
SZ,300905,-0.89,5378,6894
SZ,000404,-0.38,5369,5394
SH,603848,-0.59,5368,5368
SZ,002351,-0.57,5367,9158
SZ,300067,-0.51,5361,6603
SZ,000411,-0.1,5361,5372
SZ,300084,0.35,5359,6245
SZ,000920,-0.95,5359,5360
SH,688135,-1.36,5359,5359
SZ,300990,-1.89,5353,11787
SZ,002300,0.27,5352,5352
SZ,300619,1.44,5351,6356
SH,603333,-0.57,5345,5345
SH,688505,0.27,5344,7795
SH,688345,-0.16,5343,5369
SZ,002657,0.13,5341,5403
SH,600825,-0.57,5339,5339
SZ,300300,-0.86,5334,5335
SZ,300926,-1.04,5334,7774
SZ,001323,-1.31,5332,7453
SZ,300918,-0.65,5330,5330
SZ,003012,-0.41,5321,5426
SH,688689,-1.09,5321,5321
SZ,300082,-0.24,5318,5332
SH,688225,1.61,5316,5316
SH,603988,9.44,5316,5316
SZ,301312,0.27,5315,10566
SZ,002697,0,5314,6310
SZ,300633,-1.01,5312,8675
SZ,002640,-1.14,5311,5344
SH,603889,-0.34,5304,5344
SH,601086,0.38,5301,5301
SZ,002988,0.33,5298,5298
SZ,002060,-0.28,5298,12727
SZ,301306,-0.61,5292,7666
SH,603610,-1.31,5288,5288
SZ,000517,-0.92,5283,6750
SH,601177,-1.05,5280,5349
SZ,300036,-1.16,5278,5844
SH,600868,-0.7,5277,5277
SH,601518,0,5275,5275
SZ,002358,-1.04,5272,5272
SZ,301580,-1.94,5270,7800
SH,688575,-0.42,5268,5268
SZ,002833,-0.32,5266,7710
SZ,301307,-1.36,5266,10195
SZ,000409,-0.66,5261,6038
SZ,002489,0,5261,5965
SH,600217,0,5255,5255
SZ,301012,-0.73,5251,5251
SZ,300057,-0.62,5243,6333
SH,600189,-0.4,5242,5242
SH,600756,-2.99,5241,5653
SH,601199,-0.87,5237,5237
SH,603170,-0.29,5236,5236
SZ,300528,0.5,5235,5235
SZ,002577,-0.26,5235,5235
SH,600237,-1.75,5234,5284
SH,600191,0.09,5232,5232
SZ,002191,-0.52,5232,5274
SH,688309,-0.8,5232,5232
SZ,002419,0,5215,5216
SH,605228,-1.52,5215,5236
SZ,301366,-2.78,5212,9335
SH,688323,-0.49,5210,5210
SZ,300443,-0.82,5210,6870
SZ,300287,-0.49,5207,5669
SZ,002530,-2.59,5200,5828
SH,600569,0,5199,5199
SZ,002383,0.14,5197,5197
SZ,002567,0,5197,5202
SZ,301368,-0.59,5197,5197
SZ,001359,0.02,5196,20785
SZ,300446,-0.78,5192,11751
SZ,000560,-0.44,5191,5229
SZ,000796,0,5190,6255
SH,600743,-0.44,5185,5185
SH,601002,1.31,5183,5183
SH,600784,0,5182,5182
SZ,002713,-1.79,5170,9343
SH,605287,0.08,5170,5170
SZ,002274,-0.53,5168,5248
SH,688711,-1.97,5163,5163
SZ,002695,0.2,5161,5646
SH,605009,-0.4,5159,5159
SH,603131,-0.32,5158,5158
SZ,300507,-0.29,5154,5324
SH,688601,-1.6,5153,5153
SH,603173,-0.55,5152,5152
SZ,002134,1.66,5151,5155
SZ,000880,-0.56,5149,10520
SZ,000608,-0.28,5143,5174
SH,603158,-1.12,5143,5143
SZ,003040,-0.7,5140,5188
SH,600138,-0.13,5139,5139
SZ,000652,-0.55,5133,5137
SH,688101,-0.82,5133,5133
SH,603682,-1.35,5131,5131
SZ,002805,0.6,5130,5153
SH,600984,-0.72,5129,5129
SH,600300,-0.3,5126,5126
SH,600234,1.04,5124,5124
SZ,000525,0,5114,5994
SZ,002870,-0.02,5107,5230
SZ,000888,-0.5,5101,5101
SZ,301321,-1.72,5100,6441
SZ,300695,-1.47,5099,5099
SZ,002787,-1.33,5098,6831
SZ,300856,-0.8,5094,5271
SH,603685,-0.85,5089,6390
SZ,000925,-0.12,5087,5127
SH,688348,-0.14,5087,5087
SZ,300291,0,5086,5152
SH,600279,-0.46,5080,5080
SH,603666,0.24,5077,5077
SZ,301362,-1.64,5074,18085
SZ,300039,-0.35,5071,5784
SZ,300959,-0.45,5065,7780
SZ,002047,0.3,5064,5064
SH,603499,-0.16,5062,5062
SH,603701,-1.17,5055,5055
SH,600593,0.38,5048,5112
SZ,301413,-2.09,5047,8453
SZ,000852,-1.11,5046,5075
SH,601279,-0.62,5043,5043
SH,600939,-0.37,5042,5042
SH,600284,0.19,5036,5036
SZ,002307,-0.31,5034,5095
SH,605299,-0.47,5031,5031
SH,600979,-0.97,5016,5094
SH,605377,-0.43,5016,5016
SZ,300783,-0.82,5014,7186
SZ,301529,-1.25,5012,9337
SH,600610,-0.41,5011,7574
SZ,002303,-0.95,5008,7932
SZ,001313,-0.82,5006,5012
SZ,300161,-1.79,5004,5099
SH,600336,-0.47,5004,5004
SZ,300785,-0.01,5002,8131
SH,601011,0.38,5000,5000
SH,688566,-0.03,4999,4999
SZ,301323,-1.45,4991,7759
SH,603353,-0.87,4990,4990
SZ,300368,-0.31,4988,4988
SZ,300158,0,4987,4991
SH,605580,-1.48,4987,4987
SH,688007,-0.08,4982,4982
SH,600889,-0.36,4979,7972
SH,688679,-0.52,4978,4978
SH,600571,0,4976,5069
SZ,002301,0.14,4976,5017
SH,688228,-0.61,4975,4975
SH,600513,0.81,4973,4973
SZ,301333,0.49,4972,4979
SZ,300648,1,4972,6530
SZ,002291,-3.04,4971,5349
SH,688410,-0.79,4971,4971
SH,688115,-1.42,4968,4968
SZ,300488,-1.09,4968,5855
SZ,300680,-1.56,4964,6450
SZ,002819,-0.61,4964,6256
SZ,301162,-0.21,4964,7650
SZ,301589,-1.05,4963,13313
SZ,301566,-1.38,4958,9396
SZ,300587,0.21,4958,6115
SZ,002824,-0.54,4949,6808
SH,688181,-1.45,4949,4949
SZ,002637,-0.08,4947,5005
SZ,002334,-0.43,4947,5519
SZ,002642,-0.39,4942,4942
SZ,002892,-0.5,4931,7311
SZ,300261,0.19,4931,5038
SZ,002757,-0.16,4930,5165
SZ,300406,-0.33,4930,6811
SH,600817,-0.2,4930,4954
SZ,003033,-1.36,4929,4991
SZ,300788,-1.32,4929,4929
SZ,002238,0.16,4928,4928
SZ,002638,-0.54,4924,5229
SH,600197,-0.18,4921,4921
SZ,002166,-0.59,4919,4939
SZ,002201,-0.48,4919,5324
SZ,301053,-1.56,4919,5297
SH,603843,0.86,4918,4918
SZ,001208,0,4912,9837
SZ,002122,0.82,4910,4944
SZ,300149,5.05,4907,5146
SZ,002038,0.17,4890,5897
SH,603598,-0.81,4890,4895
SH,603777,0.55,4889,4889
SZ,002479,2.17,4885,4896
SH,600308,-0.3,4884,4884
SZ,920640,-1.23,4884,5076
SH,600790,-0.59,4881,4881
SH,688207,-0.62,4876,4876
SH,600814,0,4874,4874
SZ,002189,-0.84,4871,4871
SZ,300233,0.3,4870,5056
SZ,300847,13.84,4869,4869
SZ,301004,-0.38,4869,5215
SZ,301256,-0.38,4862,4862
SH,603212,-0.97,4861,4861
SH,603111,-0.33,4858,5000
SZ,300215,1.41,4854,4854
SZ,002915,-0.58,4854,5649
SZ,002528,-0.21,4852,5538
SZ,001328,-1.27,4850,5163
SH,603110,0,4848,4848
SZ,001322,-0.31,4847,5967
SZ,300219,-0.57,4840,4849
SZ,002165,-0.59,4838,4890
SZ,301048,-0.32,4837,4837
SH,688539,-0.75,4834,4834
SH,601566,0.12,4833,4833
SH,600084,-0.22,4832,4832
SZ,002045,-0.68,4831,4837
SH,600073,0,4829,4829
SH,688057,-1.84,4827,4827
SH,603590,-0.15,4826,4850
SH,601789,-0.44,4825,6768
SZ,920576,-1.99,4822,4870
SZ,300027,1.08,4821,5216
SZ,300681,-0.61,4821,6393
SZ,301268,-0.44,4814,5323
SZ,301330,-0.63,4809,5825
SH,688591,-0.69,4807,6860
SZ,002570,0.45,4806,4806
SZ,002033,-0.1,4802,4803
SH,605368,-0.14,4802,4802
SZ,002154,-0.72,4802,5939
SZ,002662,-0.61,4800,4800
SH,600990,0.39,4799,4799
SH,688386,-1.06,4798,5252
SZ,002959,0.06,4798,5348
SZ,002590,-0.91,4796,5030
SH,600207,-0.44,4793,4793
SZ,002102,-0.43,4792,5570
SZ,002344,-0.26,4792,4797
SZ,002066,-0.09,4786,4867
SH,688377,-0.23,4786,4786
SH,603196,0.25,4785,8453
SH,600121,0.26,4776,4776
SH,688448,-0.66,4775,4775
SZ,002940,0.7,4771,5195
SZ,300249,-1.15,4770,5845
SH,688282,-0.55,4763,4763
SZ,300232,-0.73,4762,5844
SZ,000753,-0.4,4759,4759
SH,603286,-1.54,4756,4801
SZ,002194,1.42,4751,6355
SZ,002526,-0.36,4747,4778
SH,600551,-0.27,4746,4746
SH,600088,-0.32,4745,4745
SZ,300797,0,4744,4757
SZ,300227,-0.56,4742,6190
SH,600605,0.13,4738,4738
SZ,300878,4.26,4730,4752
SZ,000417,0.66,4729,4734
SZ,300490,-0.65,4723,4788
SZ,300689,-0.78,4722,5365
SZ,300147,-1.09,4720,4748
SH,688330,-0.61,4718,4718
SZ,002559,-1.05,4717,6008
SZ,002482,-0.78,4717,4726
SZ,002501,0,4717,4722
SZ,301179,-0.74,4716,8032
SH,603217,0.13,4703,4703
SZ,001317,0.07,4701,4706
SZ,300259,-1.2,4700,4701
SH,600288,-0.64,4696,4696
SH,600715,0,4694,6658
SH,688580,-0.27,4693,4693
SH,603137,-1.98,4692,4692
SZ,002749,-0.45,4692,4797
SH,688696,-0.11,4691,4691
SH,603070,-0.08,4688,4688
SZ,002375,-0.27,4685,4717
SH,688320,-0.41,4680,4680
SH,688389,-0.54,4675,4675
SZ,002401,-0.15,4672,4676
SH,688073,-0.13,4669,4669
SZ,002111,-0.61,4668,5081
SZ,000993,-0.96,4662,4662
SZ,000936,-0.37,4660,4660
SH,603162,-1.42,4657,15164
SZ,300506,2.93,4651,9024
SZ,002880,-2.09,4649,4649
SH,688720,-1.15,4648,7291
SH,688683,-1.46,4648,4648
SH,603060,4.71,4647,4647
SZ,300087,-0.18,4647,4879
SZ,300388,0,4645,4645
SH,600351,-0.73,4643,4643
SH,603365,-0.27,4643,4667
SZ,002481,-0.23,4640,5120
SH,603408,-0.47,4637,4637
SH,688609,-1.37,4635,4839
SZ,301045,4.91,4634,7333
SH,688786,-0.44,4630,4630
SZ,301349,-1.9,4629,5862
SZ,002556,0,4624,4628
SZ,002728,0.33,4622,4733
SZ,002919,-0.1,4618,4652
SZ,002478,-0.3,4618,5756
SH,600495,-0.25,4615,4615
SH,603767,-0.79,4614,4614
SH,688691,-2.11,4614,7588
SZ,300523,0.15,4613,4613
SZ,301265,-0.15,4613,5729
SZ,300138,-0.33,4612,5594
SH,688667,-1.11,4611,4611
SH,603711,-0.52,4608,4608
SZ,002455,0.43,4606,5036
SZ,300692,5.53,4602,5044
SH,600523,-0.43,4598,4601
SZ,002235,-0.59,4595,4810
SZ,301583,-5.82,4594,27636
SZ,300586,-1.14,4592,6109
SH,603187,-0.24,4585,4633
SH,603976,-0.92,4584,4584
SZ,300271,-0.68,4583,4684
SH,603980,0.45,4582,4582
SZ,002522,0.4,4579,4583
SZ,002573,0.31,4578,4585
SH,603216,-1.95,4576,4576
SH,601588,0,4575,5791
SZ,301379,-1.45,4570,5799
SH,688419,-1.54,4569,4569
SZ,300727,-0.2,4567,5074
SZ,301239,-0.49,4565,4809
SH,688085,-0.68,4565,4776
SH,605338,-0.15,4561,4561
SH,603097,-1.21,4561,4668
SZ,002483,-2.08,4559,4565
SH,600626,-0.85,4557,4557
SZ,301365,-0.21,4556,6750
SZ,301325,-0.68,4554,4554
SH,603348,-0.68,4550,4550
SZ,000863,-0.75,4548,4617
SZ,301391,-0.34,4548,4655
SH,600101,-0.23,4547,4547
SH,600681,-0.58,4542,4545
SZ,000045,-0.49,4538,5030
SZ,301629,-1.16,4538,9864
SZ,000665,-0.49,4537,4537
SH,688665,-1.42,4535,4535
SZ,300737,-0.38,4533,5673
SZ,001207,-0.31,4533,4696
SZ,301603,0.51,4528,14491
SZ,000886,0,4527,4578
SZ,300688,-2.55,4526,5105
SZ,300016,0.25,4525,4683
SH,600880,0,4525,4526
SZ,301211,-0.27,4518,4518
SH,603106,-4.92,4518,4518
SH,603528,0.47,4518,4518
SZ,002026,-0.48,4515,4515
SH,603387,-0.21,4504,4504
SH,688119,0,4500,4500
SZ,000720,0.28,4498,4498
SZ,301230,1.21,4498,5001
SH,600658,-0.24,4497,4497
SZ,002627,0.31,4496,4545
SH,603122,0.09,4486,4486
SZ,301488,-4.45,4486,10949
SZ,000507,-0.39,4485,4571
SZ,300123,2.5,4483,4608
SH,600178,-0.4,4483,4483
SH,603822,-0.43,4482,4482
SH,601218,0,4477,4477
SH,600283,-0.36,4475,4475
SZ,300917,-0.18,4475,4475
SZ,000558,0.29,4472,4474
SZ,300561,-0.9,4472,6086
SZ,300463,-0.54,4469,5496
SZ,002707,-0.38,4463,5071
SZ,000821,-0.8,4462,4597
SZ,002124,0,4457,5022
SZ,300663,-5.27,4457,4631
SZ,002727,0.18,4456,6641
SZ,300547,-0.51,4454,5420
SZ,002651,0.13,4450,8133
SZ,300871,0.23,4447,4447
SZ,300461,-1.4,4440,4833
SZ,300267,-0.63,4438,6435
SH,603611,-0.22,4436,4436
SZ,301487,-0.84,4433,7469
SH,605300,0,4430,4430
SZ,002884,-0.17,4429,5802
SH,600758,0.3,4424,4429
SZ,002059,0,4424,4556
SZ,301075,-0.64,4418,4418
SH,601065,-0.28,4416,4416
SZ,002454,-0.19,4413,4422
SH,603661,-0.49,4413,4413
SZ,301367,-1.81,4404,5624
SZ,001338,-0.1,4400,4400
SZ,301055,1.09,4400,4496
SZ,002543,-0.29,4400,4945
SH,603558,0.63,4399,4399
SZ,002907,0.23,4396,5466
SH,603209,0,4395,4443
SZ,002989,-2.41,4392,4476
SZ,300397,-0.64,4392,5570
SZ,300791,-0.05,4389,5255
SZ,002641,-0.5,4389,4757
SH,688267,-0.87,4382,4382
SZ,002112,-2.33,4382,4918
SZ,002146,-0.87,4381,4870
SZ,300018,-0.73,4379,5879
SH,600173,-0.94,4378,4378
SZ,000819,-0.65,4378,4419
SZ,300210,-0.87,4377,4377
SH,600071,-0.76,4376,4376
SH,603032,-1.04,4374,4380
SH,688218,-0.52,4367,4367
SZ,300491,-0.88,4366,4921
SZ,000078,-1.77,4358,4368
SH,603439,-0.18,4353,4353
SH,603683,-0.91,4353,4398
SH,688210,-0.92,4351,4351
SZ,920077,1.69,4351,8448
SZ,002746,0.16,4350,5275
SZ,003004,-1.33,4349,5179
SZ,002443,-0.59,4346,4346
SH,603916,-0.38,4342,4342
SH,603016,-0.5,4340,4340
SZ,002393,0.14,4338,4455
SH,688655,-1.98,4335,4335
SH,603726,-0.2,4333,4355
SZ,000521,-0.59,4332,5098
SH,688379,0,4332,4568
SH,600609,-0.29,4331,4331
SZ,001283,-1.33,4330,5431
SZ,300071,-0.64,4330,4415
SH,688196,-0.2,4328,4328
SZ,300441,0.14,4325,4453
SZ,002264,-0.89,4322,4780
SZ,002774,-1.09,4320,5161
SH,600382,-2.34,4319,4319
SH,600558,-0.4,4317,4317
SH,603222,-3.97,4311,4311
SH,600976,0.21,4311,4314
SZ,002117,0,4304,4305
SZ,301007,-1.62,4302,4359
SH,603165,-0.86,4300,4300
SH,605088,-1.15,4295,4328
SZ,300518,1.89,4294,4295
SZ,002427,0,4292,4296
SH,688646,1.93,4291,6654
SZ,002367,-0.17,4291,4308
SZ,000718,-0.52,4290,5705
SZ,002480,-0.7,4283,4292
SZ,000526,-0.67,4283,4297
SH,600340,0,4283,4283
SZ,301458,-0.75,4281,9717
SZ,000011,0,4280,4845
SH,605577,-0.09,4280,4280
SH,603803,-1.36,4279,4279
SH,600819,-0.36,4278,5294
SH,603069,0.15,4275,4275
SH,605208,-0.76,4273,4273
SH,600714,0,4271,4271
SZ,300196,-0.11,4269,7064
SH,688639,-0.86,4264,4264
SH,688350,0.71,4263,4263
SH,600168,0,4262,4262
SZ,300963,-2.3,4259,5806
SH,603339,0.44,4258,4258
SH,605086,-0.66,4258,4258
SZ,300532,-0.84,4256,4475
SH,688719,1.22,4254,5470
SZ,300429,-1.44,4253,5654
SH,600152,0.12,4249,4249
SZ,002285,-0.45,4247,4285
SH,603150,-0.49,4238,4238
SZ,300326,0.17,4236,4238
SH,688291,-0.4,4231,4231
SZ,300505,-1.26,4226,5343
SH,603928,3.85,4225,4225
SH,603015,-0.37,4224,4224
SZ,920522,2.34,4221,5089
SH,688236,-0.67,4220,5612
SZ,002765,-0.55,4219,4617
SZ,301058,-0.23,4216,4286
SZ,300802,-2.11,4209,5909
SH,603912,-0.5,4208,4208
SZ,300859,0.63,4208,4208
SZ,300767,-0.95,4201,4838
SH,603960,-0.55,4195,4195
SH,688010,-1.46,4192,4192
SH,605028,-0.07,4186,4186
SH,603636,0.14,4184,4184
SZ,001288,4.79,4184,6440
SH,600650,-3.68,4183,5908
SZ,300541,-0.27,4183,4636
SZ,002418,-0.26,4182,4182
SZ,920593,-0.49,4180,4905
SH,603058,0.6,4180,4180
SH,600222,0.4,4178,4178
SZ,002380,-0.36,4178,7051
SZ,300061,-0.88,4175,4422
SZ,300539,-1.13,4168,5129
SH,603681,-0.33,4168,4168
SZ,000016,-0.37,4167,6285
SZ,300733,0.21,4167,5652
SH,603398,0.84,4163,4163
SZ,301235,-1.64,4161,5560
SZ,300893,-0.89,4160,7842
SH,688023,-1.18,4160,4160
SZ,002512,-0.51,4159,4189
SH,603697,-0.3,4157,4157
SZ,002161,0.9,4157,4157
SH,603072,0.52,4155,8700
SZ,002902,-1.01,4155,5497
SH,603869,0.12,4153,4153
SZ,301252,-0.64,4153,5178
SH,603998,0,4149,4149
SZ,300189,0.21,4148,4792
SZ,300228,-0.53,4147,4433
SZ,300654,-5.91,4147,4306
SZ,300793,-0.53,4145,4239
SH,688186,-1,4140,4140
SH,603956,4.91,4138,4138
SZ,002553,-0.79,4133,5700
SZ,002766,9.79,4131,4144
SZ,300121,-0.92,4127,4279
SZ,300984,-1.41,4125,6401
SH,688356,-0.22,4124,4124
SH,603966,0,4121,4127
SZ,002876,0.14,4120,4810
SH,603167,0,4119,4119
SZ,002560,0.15,4117,4779
SH,600505,-0.69,4116,4116
SH,600379,-1.1,4114,4114
SZ,000655,0.44,4114,4114
SH,688269,1.22,4109,4109
SZ,000678,-0.88,4109,4109
SH,688311,-0.46,4105,4105
SH,603918,0.18,4104,4104
SH,603669,0.7,4103,4103
SH,688551,-1.2,4103,4103
SZ,002788,-0.18,4101,4173
SH,603519,-1.71,4099,4099
SZ,300206,-0.32,4094,7014
SZ,300290,2.07,4093,4094
SH,600227,-0.92,4088,5404
SZ,000428,-2.19,4086,4086
SH,688360,-0.57,4085,4085
SH,603088,-0.63,4085,4687
SZ,002490,0.4,4085,6209
SZ,002406,-0.28,4083,4951
SZ,002758,-0.12,4079,4083
SZ,300715,2.52,4078,4926
SZ,300882,-0.25,4077,4382
SH,603318,-1.1,4077,4925
SZ,920239,-0.12,4076,4126
SZ,301160,-0.45,4075,6134
SZ,003026,0.61,4072,5289
SZ,300091,0.4,4072,7077
SZ,301370,-0.22,4071,4071
SZ,301277,0.1,4070,4070
SZ,300705,0,4069,5503
SH,600479,-0.09,4068,4784
SZ,300105,-1.73,4067,4070
SZ,300669,-0.35,4064,4292
SH,603178,-2.6,4062,4062
SH,603271,-0.41,4061,8508
SZ,002520,-0.34,4061,4246
SH,600261,0,4059,4059
SZ,300320,-0.11,4057,5026
SH,603978,0.42,4057,4057
SH,688512,-0.78,4057,5911
SZ,002321,0,4057,4074
SZ,003019,-0.46,4052,4146
SZ,002160,0.77,4051,4059
SH,605268,-0.32,4049,4049
SH,688429,-0.77,4048,4048
SH,603790,-1.3,4047,4047
SH,688595,-1.39,4045,4045
SZ,300662,-0.81,4044,4056
SH,688061,-1.34,4044,4044
SZ,300964,-0.16,4044,5511
SZ,002843,-0.79,4038,4063
SH,603035,-0.44,4037,4037
SZ,000518,0.77,4036,4036
SZ,000599,-0.19,4035,12069
SH,600135,-0.26,4034,4034
SH,603758,-0.63,4024,4024
SH,688633,0,4021,4021
SH,603386,-0.31,4020,4020
SZ,301168,-1.48,4019,5060
SZ,300355,-0.67,4017,4716
SZ,301187,-0.31,4010,4010
SZ,001316,-0.18,4006,4293
SZ,300534,-2.56,4005,4022
SZ,300248,-2.77,4005,4663
SZ,300588,-0.82,4001,4333
SZ,300481,-1.07,3997,4022
SZ,300421,-1.24,3996,5101
SZ,002177,-0.33,3989,4499
SH,603719,0.7,3988,3988
SZ,000520,0,3988,3988
SH,688039,-1.03,3987,3987
SZ,301282,-0.78,3987,4763
SZ,300632,-0.21,3984,5496
SH,603967,-0.25,3980,3980
SZ,002950,-0.63,3978,5864
SH,605055,0,3978,3978
SH,603261,0.31,3978,3978
SZ,300557,-0.5,3976,3996
SZ,301169,2,3973,3974
SZ,300712,0.14,3972,3989
SZ,002693,1.58,3970,4006
SH,600729,-0.14,3969,9082
SZ,301115,1.18,3969,4882
SH,688768,-0.84,3969,4002
SH,600725,0.31,3969,3969
SZ,002040,-0.23,3966,3966
SH,603085,0.4,3963,3963
SH,688489,0.26,3958,3988
SZ,920139,-2.05,3957,4097
SZ,920946,0,3956,3958
SH,688558,-0.22,3956,3956
SH,603607,0.45,3952,3952
SZ,300183,-0.46,3951,4927
SH,605286,-0.07,3951,3951
SZ,300711,0.25,3950,4459
SZ,000096,0.13,3949,4081
SZ,002449,-0.61,3946,3946
SH,603679,2.16,3945,3945
SZ,002644,-0.12,3942,3942
SZ,000919,0.16,3942,3943
SH,600792,0.57,3940,3940
SZ,000882,0,3939,3942
SZ,300668,-1.17,3938,4755
SZ,300643,-2.56,3937,3946
SZ,300380,-0.09,3932,4274
SZ,301102,-0.71,3930,3930
SZ,301116,0,3929,3929
SZ,300745,0.22,3928,4652
SH,600628,0.33,3927,3927
SZ,300004,-1.79,3926,3926
SZ,300010,-2.47,3925,4877
SH,603315,-0.4,3924,3924
SZ,300022,-0.37,3924,3924
SZ,301376,-1.5,3923,8154
SH,603138,0.44,3921,3993
SZ,002328,-0.71,3921,5302
SZ,000782,-0.66,3919,5094
SH,603239,-1.02,3917,3917
SH,688238,0.17,3917,3927
SZ,300349,-1.2,3915,4418
SH,603520,0.11,3915,3915
SH,601368,0.23,3912,3912
SH,603933,-0.94,3910,3910
SH,600469,-0.18,3910,4771
SZ,002886,-1.1,3910,4922
SZ,301016,-3.89,3908,4075
SH,605189,-2.31,3907,3907
SH,603689,0,3905,3923
SH,688653,-0.95,3905,5238
SZ,002116,-0.27,3904,3952
SH,600857,1.28,3903,3903
SZ,300880,1.01,3899,3899
SH,600798,-0.61,3897,3897
SZ,300686,-0.12,3894,3920
SH,688211,-0.39,3893,3893
SZ,300231,-1.57,3887,3887
SZ,301280,-1,3885,7482
SZ,300177,0.47,3880,4763
SZ,002586,-0.83,3872,4073
SZ,002930,-0.32,3870,4090
SH,603090,-1.29,3869,3869
SZ,301008,-1.32,3857,4368
SZ,000523,0.34,3856,5341
SZ,300590,-0.91,3854,4978
SH,688588,-0.39,3853,3853
SZ,300332,-0.83,3851,4018
SH,600526,-0.22,3850,3919
SZ,000822,0.23,3849,3849
SZ,300317,-0.84,3846,3852
SH,688247,-0.34,3844,3844
SZ,300629,-0.1,3844,4458
SZ,000816,0,3843,3864
SZ,300299,0.91,3840,3845
SH,688298,0.11,3838,3838
SZ,000906,-0.35,3836,3882
SZ,002088,0,3835,3862
SZ,301517,-0.27,3834,5944
SZ,920809,0.6,3834,5002
SH,603421,0.69,3828,3828
SH,600067,-0.35,3827,3827
SZ,002554,0.35,3827,3828
SH,603615,-0.43,3823,3823
SZ,300111,-0.66,3823,3823
SH,603324,-0.56,3821,3955
SH,603676,0.11,3821,3821
SH,603081,-0.1,3819,3819
SH,603113,0.22,3818,3818
SZ,001380,-0.35,3817,4442
SZ,002564,0,3814,3814
SZ,300318,-0.4,3812,3929
SH,601113,0.29,3809,4672
SH,688168,-0.67,3807,3807
SH,688136,0.64,3805,3805
SZ,002786,-0.38,3805,3816
SH,603716,0.36,3805,3805
SZ,300911,-1.59,3802,4068
SZ,000850,-0.48,3802,3803
SZ,300873,-0.36,3799,5233
SZ,300055,0.17,3797,5020
SZ,002197,-0.96,3797,4368
SZ,002370,0,3795,3795
SZ,002612,0.07,3794,6597
SZ,920799,-0.53,3788,6599
SZ,002035,-0.2,3785,4103
SH,600960,-0.24,3783,3783
SZ,002090,-0.41,3783,3805
SZ,300907,-0.12,3780,3780
SH,600337,2.33,3779,3779
SH,603175,-0.9,3774,36273
SH,603703,-0.21,3772,3772
SZ,300044,-0.74,3770,4026
SZ,002589,-0.35,3769,4153
SH,605162,-0.69,3769,3769
SH,600734,-0.56,3768,3768
SZ,300606,-2.07,3763,4424
SZ,002228,0,3761,3774
SH,688600,1.68,3758,3758
SH,600527,-0.45,3758,3758
SH,603020,-0.98,3756,3756
SZ,002322,-0.36,3749,3900
SH,688807,-3.96,3749,18744
SH,600794,-0.31,3744,3744
SZ,000797,-0.82,3738,3738
SZ,002187,-0.18,3736,3736
SH,601188,-0.34,3734,3734
SH,600824,-0.27,3731,3731
SH,688571,0.92,3728,3728
SH,600576,-0.34,3725,5948
SH,600805,-0.44,3724,3727
SZ,300901,-0.25,3722,3722
SZ,300068,0.46,3722,3917
SH,605337,0.32,3722,3722
SZ,301186,-1.7,3720,3956
SZ,300758,-0.76,3720,4127
SZ,300351,-0.41,3719,5491
SZ,002596,0,3703,3707
SZ,301085,-0.98,3703,5455
SH,600333,0,3703,3703
SZ,002562,-0.43,3702,5200
SZ,002986,0.16,3698,4656
SZ,000532,-0.54,3697,3709
SH,600800,-0.88,3695,3696
SZ,001269,-0.66,3692,3692
SZ,301038,-0.59,3692,3692
SZ,000626,0.55,3687,3709
SH,603291,-0.1,3686,3686
SH,600721,9.99,3684,3684
SH,605369,-0.47,3682,3682
SZ,300096,-0.57,3681,3681
SH,600520,-0.5,3677,3677
SH,688299,-0.61,3676,3676
SZ,300448,-0.34,3675,3870
SH,603926,0,3675,3709
SZ,002677,0,3673,4303
SZ,002016,-0.65,3665,3665
SZ,300471,-0.8,3665,4598
SZ,002162,-0.49,3664,3670
SZ,001238,-0.11,3662,3914
SZ,300553,-1.39,3658,4773
SZ,002469,-0.16,3657,3776
SZ,300572,-0.97,3656,4619
SZ,002669,-0.81,3654,3662
SZ,301003,-1.21,3652,4721
SH,603126,-0.65,3651,3651
SH,600860,-0.35,3650,4500
SH,600830,-0.49,3644,3644
SH,603232,0.57,3643,3663
SZ,002457,-1.61,3643,3645
SZ,300200,-0.57,3641,3702
SH,688530,1.66,3635,8338
SH,605378,-0.85,3635,3635
SH,603038,0.45,3635,3635
SZ,002676,0,3629,3629
SZ,300508,-1.57,3618,4807
SH,688212,0.04,3617,3617
SZ,300424,-0.41,3616,3618
SH,603559,-0.65,3616,3616
SH,605058,-0.54,3612,3612
SZ,002584,-1.02,3612,4512
SZ,300809,-1.51,3609,6077
SZ,300434,-0.65,3606,4234
SZ,300194,0,3602,4426
SZ,001257,2.45,3602,48286
SZ,301026,4.7,3601,4986
SH,688075,-0.38,3600,3600
SH,603639,0,3599,3703
SH,600506,-0.34,3595,3595
SH,600127,-0.17,3594,3594
SH,688148,0.14,3592,3592
SH,688045,-1.25,3591,3591
SZ,000903,-1.05,3591,3618
SZ,301017,-0.21,3588,5626
SZ,301609,-1.39,3587,5952
SH,603551,0,3586,3631
SH,605388,0,3585,3585
SH,605068,0.68,3585,3585
SZ,300639,-1.04,3580,3672
SH,603199,-0.05,3579,3579
SZ,002333,0.19,3579,3624
SZ,300099,-0.15,3572,4527
SH,688533,-0.77,3570,3570
SZ,300402,-0.06,3567,3613
SH,688133,-0.95,3565,3565
SZ,300399,1.98,3564,3565
SH,603706,-0.25,3564,3564
SZ,300533,-0.95,3564,5065
SZ,002225,-0.26,3557,4347
SZ,300414,-0.52,3556,3697
SZ,000713,0.17,3555,4622
SH,600579,-0.13,3554,3554
SZ,300781,-0.63,3553,4815
SZ,300611,-0.98,3552,5055
SH,688199,-0.89,3549,3549
SZ,000407,0.5,3547,3564
SH,688606,-0.15,3542,3542
SH,688033,-0.62,3542,3542
SZ,000505,0,3541,4071
SH,600581,0,3541,3541
SZ,002356,0,3540,3540
SH,603109,-0.98,3540,3540
SH,603665,-0.44,3540,3540
SH,600980,1.36,3539,3614
SZ,300120,-0.14,3539,3854
SZ,300894,-0.16,3538,4872
SZ,300478,-0.03,3537,3537
SZ,301120,-1.44,3535,5843
SH,688569,0,3535,3535
SH,603316,-0.66,3533,3610
SH,688157,0.32,3531,3531
SH,601599,-0.64,3528,3528
SH,603201,6.42,3528,3558
SZ,000659,-1.07,3523,3523
SZ,301110,0.6,3523,5008
SZ,300190,-0.52,3522,3536
SZ,002339,-0.4,3519,3705
SZ,300840,3.6,3515,4764
SZ,002425,10.09,3515,3654
SZ,300822,-4.92,3511,3785
SZ,300427,-0.56,3506,3544
SH,603657,-0.83,3504,3504
SZ,000862,-0.88,3504,5122
SZ,002107,-0.32,3503,3538
SH,603390,-0.49,3500,3506
SZ,301112,-0.8,3500,3500
SH,600834,0,3499,3499
SZ,000726,0,3495,4848
SZ,301076,-0.64,3493,5225
SH,601033,-0.74,3492,13095
SH,603569,-0.68,3488,3488
SZ,300962,-0.59,3487,3487
SZ,300652,-1.24,3486,3884
SZ,002582,-0.48,3484,4531
SH,605186,2.85,3482,3482
SZ,301373,-1.23,3482,9209
SZ,000716,-0.2,3480,3561
SZ,002412,-0.13,3480,3517
SH,688339,0.34,3477,4272
SZ,001216,-0.13,3477,4134
SZ,300213,-0.31,3473,3739
SH,603139,-0.65,3466,3466
SZ,301096,0.51,3466,4556
SZ,300270,0.23,3465,4021
SZ,300522,1.39,3462,4243
SZ,301656,-0.63,3462,40881
SZ,300736,-0.92,3461,3550
SH,688215,0.42,3460,3460
SZ,002628,-0.64,3460,3475
SZ,002783,0.27,3458,3745
SH,688750,-0.19,3457,6864
SZ,301322,-1.06,3456,5124
SH,603815,0.18,3454,3454
SH,600262,2.11,3453,3453
SZ,301500,1.7,3451,13444
SZ,002462,0.17,3451,3454
SH,603813,-0.44,3451,3451
SH,688398,-0.43,3450,3450
SZ,300943,-2.67,3446,5265
SZ,002912,-4.36,3444,3625
SZ,301259,-0.83,3444,5370
SH,603101,0.14,3443,3443
SH,605158,-0.14,3442,3442
SH,605398,0.14,3437,3437
SH,688098,-0.11,3433,3433
SZ,301479,-1.32,3432,5996
SH,603630,0.79,3428,3428
SZ,300453,-0.3,3426,4970
SH,688302,0.96,3424,3424
SH,603116,0.51,3417,3417
SH,603014,-0.08,3414,14053
SH,688602,-0.89,3412,3412
SZ,000868,0,3410,3410
SZ,000037,-0.48,3409,6064
SZ,002927,-0.57,3408,3446
SZ,301315,-0.32,3407,3407
SZ,300078,0,3407,3421
SZ,300021,-0.5,3406,3987
SZ,301201,0.61,3405,4853
SZ,300879,0.36,3401,3425
SH,603309,-0.08,3400,3400
SZ,002822,0,3399,6201
SZ,301630,-1.69,3399,9072
SH,688399,-0.46,3397,3397
SZ,301289,-0.19,3397,3419
SH,600503,0,3397,3397
SZ,001400,0.23,3396,6170
SZ,002474,-0.3,3395,3995
SH,603577,0,3395,3395
SH,688522,-0.49,3394,8358
SH,603357,-0.48,3391,3391
SZ,301408,0.14,3391,5924
SZ,301246,-0.09,3388,7968
SH,603396,-0.48,3387,3387
SH,603007,-1.21,3385,4307
SZ,000889,-0.76,3384,3642
SZ,300040,-1.5,3378,4201
SZ,300812,-1.5,3376,3720
SZ,002374,0.32,3375,3375
SH,605303,-1.31,3375,3375
SZ,003037,-0.17,3373,3373
SZ,301310,0.86,3373,10560
SH,688583,-1.35,3371,9676
SZ,000721,0.3,3371,3776
SZ,000509,-0.62,3370,3370
SH,600318,0.31,3369,3369
SZ,300132,-0.14,3363,3420
SZ,002362,-0.24,3361,3958
SZ,002849,-0.64,3359,3387
SZ,002355,9.92,3357,3630
SZ,300530,-1.6,3356,3356
SH,688785,-2.45,3356,16772
SH,603798,0,3354,3354
SH,600638,-0.19,3354,3354
SZ,300729,-0.19,3352,3481
SZ,002269,0,3352,3593
SH,605066,-0.44,3351,3351
SZ,000926,-1.38,3351,3393
SH,688607,0.79,3351,3723
SH,600229,-0.19,3350,3350
SH,600156,3.48,3346,3346
SH,688259,-0.62,3343,3343
SZ,300370,0,3342,3350
SH,688286,-0.87,3340,3340
SZ,301033,-1.11,3339,3972
SH,603313,0,3338,3338
SH,688443,-0.63,3337,8533
SZ,301302,-1.63,3336,3741
SH,688053,0,3332,3332
SZ,920819,-0.35,3332,3371
SZ,301051,-0.06,3329,4190
SH,688283,-0.35,3329,3329
SZ,002791,0,3329,5411
SZ,301499,-0.98,3326,3326
SZ,301617,-1.08,3326,8379
SH,603759,-0.27,3325,3325
SZ,300056,-0.34,3324,3327
SZ,300473,-0.66,3323,3812
SH,601999,0.5,3322,3322
SZ,002094,0.63,3321,3323
SZ,000802,8.41,3320,3322
SZ,300551,-0.3,3320,3329
SZ,002735,-0.25,3318,4368
SZ,002369,2.81,3318,3322
SZ,300241,-0.71,3318,3956
SH,600218,0.26,3315,3315
SH,600865,0.23,3315,3315
SH,688084,-0.24,3315,3315
SH,605136,0.24,3312,3312
SH,603095,-0.69,3311,3311
SZ,002037,0.29,3310,3310
SZ,300664,-0.43,3307,3433
SH,603535,-0.14,3306,3306
SZ,301421,-1.98,3305,8259
SZ,301199,-0.64,3304,3433
SH,603811,-0.13,3304,3304
SH,600843,-0.55,3303,5021
SZ,000514,0,3299,3299
SZ,300419,1.13,3299,3299
SZ,000701,0.41,3299,3301
SH,603948,-0.04,3299,3299
SZ,300545,-1.14,3296,5113
SH,600192,-4.23,3295,3295
SH,688163,-0.61,3293,3293
SZ,002109,0,3293,3293
SH,605108,-0.3,3292,3292
SZ,002973,3.7,3291,4234
SZ,002055,0,3291,3349
SZ,002395,-0.48,3291,3291
SZ,300466,-0.4,3290,3925
SZ,300407,-0.15,3290,4400
SZ,000546,-0.2,3288,3670
SZ,000736,-1.11,3287,3287
SZ,003000,-0.36,3287,4811
SZ,000488,-0.5,3287,5706
SZ,301551,-1.01,3286,8504
SH,600622,0,3284,3284
SH,603648,-0.43,3283,3283
SH,600280,0.69,3283,3283
SZ,920725,-3.22,3282,6780
SZ,000007,-0.93,3277,3277
SZ,301682,-1.94,3275,15499
SH,603258,0.97,3275,3294
SZ,000607,0.82,3275,3765
SH,605077,-0.17,3273,3312
SH,600467,0,3273,3273
SZ,301613,-0.5,3270,5607
SZ,300848,0,3268,5524
SZ,000803,0.14,3264,3311
SH,600822,-0.11,3264,4087
SH,600853,-0.3,3264,3264
SH,603351,-0.07,3261,3261
SZ,002178,-0.64,3260,3262
SZ,300069,-1.23,3260,3260
SZ,301213,-2.21,3256,5037
SH,688636,-1.46,3256,3256
SH,600539,-1.25,3255,3255
SZ,920806,-0.17,3254,3254
SZ,300683,-0.21,3253,3488
SZ,002801,-0.7,3252,6448
SZ,301468,0.72,3252,5641
SH,603656,0.45,3251,3251
SZ,002646,0.15,3250,3272
SZ,002672,0,3249,3968
SZ,300578,-0.23,3249,3250
SH,600679,-0.52,3248,4681
SH,600130,0.23,3248,3248
SZ,300234,0.43,3244,4745
SH,603051,0.05,3241,3241
SH,600716,0,3239,3239
SH,605399,-0.09,3238,3241
SZ,301060,0.33,3238,3601
SZ,000789,-0.24,3238,3238
SH,600653,0,3231,3231
SZ,001229,3.5,3230,6282
SH,688358,0.14,3227,3231
SH,603856,-0.08,3227,3227
SH,600053,-0.12,3226,3226
SH,688579,-0.24,3224,3224
SZ,300656,-1.93,3223,4150
SZ,002818,-0.17,3222,8083
SZ,300550,0,3221,3224
SZ,300801,-1.58,3219,5137
SH,603230,-0.1,3217,3217
SH,688722,-0.54,3216,3216
SZ,300352,1.2,3216,3654
SH,603817,0.18,3215,3215
SZ,002451,0,3215,3226
SZ,301193,-0.95,3214,4203
SH,600293,-0.71,3214,3214
SZ,300225,-0.43,3210,3233
SZ,001217,-0.19,3207,3239
SH,603987,-0.13,3206,3206
SZ,301073,0.28,3206,3506
SH,688171,-0.97,3204,3204
SH,600791,0,3202,3206
SZ,300515,0,3202,3265
SZ,002548,0,3202,3296
SZ,002441,0.12,3200,4373
SH,600228,-0.51,3199,3204
SZ,300311,-0.33,3198,4008
SZ,920047,2.01,3197,4868
SH,603999,-0.17,3197,3197
SH,688813,-2.46,3196,17002
SZ,300608,-0.18,3196,3654
SH,603278,-0.94,3192,3192
SZ,002327,-0.14,3191,5420
SH,600512,-0.49,3191,3191
SZ,300110,0,3189,3192
SZ,002571,-0.27,3189,4190
SZ,300193,-0.38,3187,3619
SZ,001215,-0.11,3186,3195
SZ,003032,-4.59,3183,4503
SH,603210,-0.14,3183,4657
SH,603725,2.86,3180,3180
SZ,300157,-0.67,3178,3329
SH,600327,-0.27,3176,3176
SH,600749,-0.06,3171,3171
SH,603696,0.07,3168,3168
SH,601616,-1.58,3167,3167
SZ,300504,-0.61,3167,3933
SZ,300746,1.14,3165,3196
SZ,301223,-0.17,3165,3165
SZ,300867,-0.71,3164,4486
SH,605588,-1.6,3164,3171
SH,603600,0,3162,3162
SH,600354,0.84,3162,3162
SZ,301136,-0.08,3161,3165
SH,688317,-0.35,3161,3161
SH,603192,-0.03,3159,3789
SZ,002845,-0.23,3158,4134
SZ,301696,-1,3157,41973
SZ,920037,-0.68,3157,5163
SZ,920179,-1.15,3155,3934
SH,600731,0.17,3153,3223
SZ,002365,0.78,3152,3787
SZ,300552,-6.22,3152,4972
SZ,000731,-0.68,3150,3150
SH,688373,0,3150,3150
SH,603500,-1.03,3150,3151
SZ,301226,0.24,3150,3150
SZ,300609,1.67,3148,3153
SH,603266,-0.18,3146,3146
SZ,002199,-1.01,3143,3313
SZ,301662,-1.49,3143,8176
SZ,300050,-0.85,3142,3144
SZ,000788,0.19,3141,3141
SZ,000691,-0.09,3139,4708
SH,688070,2.9,3138,3138
SZ,000890,0.67,3138,3138
SZ,301270,-1.59,3137,3320
SZ,300818,4.55,3134,4838
SH,603958,-0.48,3132,3132
SZ,301602,-0.85,3132,6434
SH,605259,0.11,3131,3131
SZ,002175,-0.8,3128,3128
SZ,300936,-0.55,3126,4956
SZ,300289,0,3123,3128
SH,605138,0.18,3122,3122
SH,688030,-0.39,3120,3120
SH,688682,-1.34,3118,3118
SH,688162,-0.65,3118,3118
SZ,002296,-0.76,3116,3495
SZ,301028,-0.55,3112,4798
SH,603788,-0.13,3112,3112
SZ,300948,-0.68,3111,3296
SZ,000421,-0.17,3107,3108
SZ,002686,-0.49,3105,3363
SZ,300310,0,3104,3959
SH,688273,0.03,3103,3103
SZ,300243,-0.92,3102,3878
SZ,300062,-0.87,3099,4258
SH,688071,-2.24,3097,3097
SZ,001221,-0.51,3097,16116
SZ,002575,-0.37,3097,3267
SZ,300094,0,3095,3159
SZ,301082,-6.42,3095,3339
SZ,001318,-0.63,3095,3095
SZ,002137,-1.01,3092,4505
SZ,300955,-1.05,3092,3092
SH,603903,-1.05,3089,3089
SH,688618,-0.98,3087,3087
SH,600530,-6.12,3084,3084
SZ,300836,-2.83,3081,4501
SZ,300247,-1.02,3079,3079
SZ,301448,-0.13,3078,4543
SZ,002542,-1.12,3078,3161
SZ,000151,0,3073,3502
SZ,000931,0.49,3072,3080
SH,688280,-0.5,3071,3482
SZ,002313,0.24,3070,3070
SZ,003002,0.48,3068,3356
SZ,301206,-0.41,3068,4765
SZ,300839,-0.08,3067,3120
SZ,002623,-0.49,3067,3074
SH,603527,0.21,3065,3065
SH,600719,-0.25,3063,3063
SZ,000576,0.57,3063,3081
SH,688159,-0.62,3062,3062
SZ,002933,-0.45,3061,3077
SZ,300749,-0.81,3058,3986
SZ,002889,-0.97,3055,4592
SH,688015,0.37,3045,3045
SZ,300721,0.37,3042,3625
SZ,300589,0.08,3041,4898
SZ,300542,0,3040,3666
SZ,301111,0,3040,3040
SZ,300927,-0.5,3040,3115
SZ,002826,-0.29,3039,3137
SZ,002724,0,3038,4128
SZ,300052,-1.85,3037,3038
SZ,000710,0.22,3035,3256
SH,601956,0,3033,3033
SH,600712,-0.7,3033,3066
SZ,002829,-0.04,3031,4312
SZ,300946,-0.24,3028,6233
SH,688216,-1.03,3028,3261
SZ,000615,0.93,3026,5845
SH,600969,-0.72,3023,3023
SZ,300135,-0.29,3023,3023
SH,688458,-1.18,3023,3597
SZ,301020,-0.09,3022,3022
SZ,300603,-0.36,3021,3756
SH,603637,-1.55,3019,3019
SZ,300011,0,3018,3603
SZ,920418,-0.71,3018,3125
SZ,300187,-0.62,3017,3034
SZ,300238,0,3009,3010
SH,603048,0.24,3007,3007
SH,600668,-0.26,3006,3006
SZ,301348,-2.22,3006,4634
SH,688370,-0.17,3005,3005
SH,600738,-0.24,3005,3007
SZ,300973,-0.7,3001,4286
SZ,000530,-0.39,3001,4216
SZ,300329,2.15,2998,3007
SZ,002012,-0.46,2997,2997
SZ,300864,-0.36,2996,2996
SZ,003029,-0.22,2995,3293
SH,603008,-0.6,2994,2994
SH,688175,-0.49,2994,2994
SZ,300563,-0.45,2990,4297
SZ,300945,5.3,2989,3281
SZ,300691,-0.72,2984,3638
SZ,000609,-1.43,2983,3067
SZ,300831,-0.91,2979,5168
SZ,002878,0.08,2975,3304
SZ,002086,0.53,2973,3683
SZ,301419,-1.31,2973,4497
SZ,300982,0.07,2969,3169
SZ,300032,-0.8,2964,2964
SH,600470,-1.04,2963,2963
SZ,301600,-0.9,2962,9598
SZ,301237,-0.98,2961,4066
SZ,002286,-0.61,2958,3040
SZ,002394,0.11,2957,2962
SZ,002587,-0.17,2957,3632
SZ,300875,-0.35,2955,3360
SZ,002282,-0.33,2954,3082
SH,600684,-0.56,2953,3827
SH,600322,-0.36,2952,2952
SZ,301132,-1.07,2952,4614
SZ,002259,0.26,2942,2942
SZ,300908,-0.16,2937,3475
SZ,301172,-0.55,2937,3970
SH,600838,-0.4,2934,2934
SH,688152,0.66,2934,2934
SZ,300826,-0.36,2931,3047
SZ,300833,-0.29,2930,4561
SZ,300860,0.6,2928,5043
SZ,300869,-0.08,2927,4460
SZ,000798,-0.24,2927,2927
SH,603819,-0.51,2926,2926
SH,688557,-0.9,2922,2922
SZ,001210,5.34,2922,4808
SZ,002521,0.14,2922,3904
SH,688391,-0.7,2921,2921
SH,603330,-0.41,2916,3102
SH,688335,-0.6,2915,2915
SZ,300051,-0.37,2914,2950
SH,603739,0,2912,2912
SZ,301066,-0.63,2912,2934
SH,600620,0.24,2912,2912
SH,600212,-0.53,2911,3859
SZ,003020,-0.57,2909,3939
SZ,300148,1.13,2906,3010
SZ,002347,-0.33,2906,2973
SZ,001256,2.03,2906,3876
SH,688511,-0.63,2901,2901
SH,603896,-0.13,2900,2900
SZ,002823,-0.74,2900,4351
SZ,300086,0.15,2900,2995
SZ,000068,0,2899,2899
SZ,300877,-0.24,2897,2897
SZ,301068,-0.3,2893,4076
SZ,000892,-0.48,2893,3993
SZ,000668,-0.34,2891,2891
SZ,301313,-0.75,2890,3806
SZ,300266,0,2889,2890
SZ,002981,0.08,2886,3242
SZ,002148,0.31,2886,3576
SZ,002168,-3.15,2886,2886
SZ,002692,-0.73,2885,2887
SZ,301133,-0.41,2885,3153
SZ,301260,-0.34,2885,6791
SZ,002996,0.16,2883,4211
SZ,001388,-1.57,2883,5386
SZ,002811,-1.06,2882,3141
SH,603949,-1,2882,2889
SZ,002899,-0.19,2879,2879
SZ,300830,-0.8,2879,3857
SZ,001311,0.18,2878,6560
SZ,300510,-0.56,2878,2878
SH,605218,-0.43,2873,3278
SZ,301608,0.46,2869,6394
SZ,002725,1.77,2868,2949
SH,603808,-0.12,2866,2866
SZ,301266,-0.74,2863,3018
SZ,301218,-0.36,2862,4657
SZ,300511,-0.37,2861,3358
SZ,300239,-0.4,2860,2879
SZ,000978,0.49,2860,2860
SZ,300242,-0.43,2855,2855
SZ,300237,-0.49,2855,2855
SZ,002798,0.36,2852,3243
SZ,300816,-1.7,2851,3908
SZ,000910,-0.37,2851,2852
SZ,002795,0,2850,2897
SZ,300889,-1.26,2850,4288
SZ,300890,-0.41,2849,3117
SZ,301197,1.99,2849,3158
SH,600265,-0.35,2849,2849
SZ,301525,0.66,2846,5433
SZ,002278,-0.49,2845,3082
SZ,300537,-0.99,2844,3883
SH,688338,-0.06,2842,2842
SH,603722,-1.42,2842,2902
SZ,002323,-1.46,2841,2842
SZ,301535,-0.47,2841,7115
SH,603310,-0.53,2838,5052
SH,605169,0,2837,2837
SZ,000695,-0.69,2837,2964
SH,605080,0.1,2836,2848
SZ,301305,0.53,2836,5519
SZ,002659,-5.19,2836,2836
SZ,002903,1.61,2834,4163
SH,600215,-0.47,2833,2833
SZ,300404,0.1,2832,3827
SH,688687,-0.23,2831,2831
SZ,000897,-0.56,2830,2830
SH,688077,0.2,2830,2830
SZ,300887,6.85,2825,4257
SH,601112,-0.82,2823,26889
SH,688056,-2.23,2820,2820
SZ,300381,-0.33,2818,2828
SH,600630,-0.59,2817,2817
SZ,002186,-0.1,2816,2818
SH,603001,0.14,2815,2815
SH,603335,-1.78,2813,2813
SZ,002722,-1.01,2813,2813
SZ,301234,-2.16,2812,4760
SZ,300858,-0.34,2811,3784
SZ,002923,0,2811,3647
SZ,002314,-0.46,2810,5686
SH,688255,-0.11,2810,2810
SH,603458,-0.1,2807,2807
SZ,002331,-0.13,2807,2990
SZ,002224,-0.28,2806,3139
SH,603878,0.4,2806,2806
SH,600594,0.28,2800,2800
SH,603955,0.59,2800,2800
SZ,002357,-0.1,2799,2799
SH,600408,0.36,2799,2799
SH,603655,-0.29,2798,2798
SH,605500,-0.43,2797,2797
SH,603829,-0.06,2796,2796
SH,603280,0.39,2796,2796
SZ,002689,0.75,2795,2796
SH,600249,-0.19,2794,2794
SH,688292,-0.27,2793,2793
SZ,003007,-0.74,2793,4601
SH,605089,0.3,2793,2793
SZ,300359,-1.99,2793,2793
SZ,001299,0.1,2792,3101
SZ,301158,-0.93,2791,2863
SZ,300321,-1.12,2791,2795
SH,688570,0,2787,6413
SZ,300716,-0.9,2784,2784
SZ,002547,-0.78,2784,2843
SZ,002866,-1.28,2783,4447
SZ,920735,0.54,2781,3145
SZ,002846,0,2781,4490
SZ,002616,-0.62,2779,4064
SH,600136,0,2779,2918
SZ,300175,0,2778,2778
SH,688265,-0.91,2777,2777
SZ,301148,-1.78,2775,5492
SZ,301439,-0.38,2774,5891
SZ,300479,0.21,2771,2772
SZ,000159,0.17,2769,2769
SZ,000017,1.29,2768,4328
SZ,000570,-0.39,2767,3514
SZ,300795,-3.86,2766,4752
SZ,002663,0.62,2766,2792
SH,600785,-0.1,2764,2764
SZ,300386,5.25,2763,4607
SH,600616,0,2763,2763
SZ,301622,-0.59,2762,4953
SZ,002726,-0.48,2761,2763
SZ,003016,-0.43,2761,2826
SZ,002476,0,2760,2760
SZ,300615,19.97,2759,3478
SZ,300584,-0.29,2758,4031
SH,600876,-0.28,2758,4500
SZ,001218,0.04,2758,3092
SZ,002561,0.15,2756,2765
SZ,002578,0.95,2756,3004
SH,688285,0.14,2754,2754
SZ,002054,0.14,2753,3457
SZ,300389,-0.07,2752,4629
SH,600419,0.35,2751,2751
SH,603006,-0.63,2748,2748
SZ,300810,-0.4,2748,2845
SH,688137,-0.82,2746,2746
SH,600661,-1.63,2742,2742
SH,603970,-0.77,2742,2742
SH,600735,0.31,2740,2761
SZ,301255,0.1,2739,3121
SZ,300345,-0.34,2739,3314
SH,600537,0,2734,2734
SZ,002248,-0.88,2734,2734
SH,688357,-0.1,2734,2734
SZ,301151,1,2732,2734
SZ,002962,0.54,2728,3803
SZ,300279,-0.35,2727,2739
SH,688066,-0.47,2725,2725
SH,603585,-0.39,2719,2765
SH,688314,-0.74,2717,2717
SZ,002953,-0.61,2714,4744
SZ,300449,0.57,2714,2714
SH,605166,0.35,2713,2713
SH,603037,-1.06,2712,2716
SZ,301042,-1.4,2711,2844
SZ,300154,1.42,2710,3866
SZ,002917,-0.18,2710,3615
SZ,003025,-0.49,2708,3396
SZ,300384,-0.88,2707,3924
SZ,000809,0,2705,2705
SH,603202,-0.45,2702,8611
SZ,000529,0.42,2701,2767
SZ,300095,0.24,2700,3353
SZ,003015,-0.72,2700,3072
SZ,301081,1.01,2698,2809
SH,603161,-1.93,2693,2745
SH,603237,-1.45,2693,2781
SZ,001369,-0.68,2689,14865
SH,603838,-1.4,2688,2688
SZ,300374,-0.54,2688,2688
SZ,002337,0.44,2687,2690
SH,688369,-1.8,2686,2686
SZ,000504,0.62,2686,2693
SZ,920491,-1.48,2684,3270
SZ,301296,0,2682,2682
SZ,300425,-0.24,2682,2688
SZ,002022,0.58,2680,2680
SH,688246,0.05,2679,2679
SZ,002404,-0.16,2679,3293
SH,600671,-0.31,2678,2678
SH,603617,0.58,2676,2697
SZ,300477,-0.73,2676,2894
SZ,300020,-0.28,2675,2773
SZ,002905,0.53,2670,2875
SZ,300942,1.54,2669,2669
SZ,000419,0.41,2669,2669
SH,601798,0,2666,2666
SZ,001282,3.25,2665,3877
SZ,002363,0,2665,2672
SH,603107,-0.72,2662,4115
SH,600386,-0.59,2661,2661
SZ,301273,-2.36,2660,3466
SH,600405,-0.9,2660,2660
SH,688500,-1.08,2660,2697
SH,601996,-0.41,2657,2657
SZ,000812,0.57,2654,2655
SZ,002072,0.56,2654,2655
SH,603863,-0.6,2652,2652
SZ,300230,-0.46,2652,3424
SZ,300141,-0.47,2651,2684
SH,600624,0.78,2649,2649
SZ,002853,-1,2649,3764
SH,600289,0.21,2649,2953
SZ,301631,-1.23,2648,7775
SZ,301202,-0.82,2648,4537
SH,600250,0.24,2646,2646
SZ,001223,-1.47,2645,4951
SZ,300445,-0.2,2645,3998
SZ,300301,-0.29,2638,2772
SZ,002863,0,2638,2638
SZ,301281,0.43,2637,4024
SH,688316,-3.82,2634,2634
SZ,301092,-0.68,2634,5815
SH,603066,-0.43,2633,2633
SH,603080,-0.74,2632,2632
SZ,300653,-0.4,2630,2630
SZ,002658,-0.13,2628,4660
SZ,002136,-0.4,2627,2634
SH,603215,-0.13,2627,3011
SH,688479,-1,2623,6104
SH,603036,-0.46,2622,2622
SH,603839,-0.28,2620,2620
SH,600665,0,2618,2618
SZ,300998,0.87,2617,3333
SZ,000698,0,2616,2729
SH,600358,-0.37,2616,6025
SH,603895,-1.62,2616,2616
SZ,002453,0.23,2616,3526
SZ,300162,-1.28,2614,3205
SZ,301221,0.03,2608,3836
SH,603633,-0.8,2608,2608
SZ,002712,0,2607,2623
SZ,920068,-0.78,2607,9841
SH,688080,0.03,2607,2607
SZ,301380,-0.51,2605,3271
SH,601010,-0.68,2605,2605
SZ,002599,-0.78,2604,3406
SZ,300272,0,2601,3424
SZ,002103,-0.44,2601,3580
SH,688589,-1.48,2600,2600
SZ,000972,0,2599,2599
SZ,300920,0.1,2599,3913
SH,605155,-2.03,2599,2650
SZ,001324,-0.41,2597,2597
SZ,301181,0.68,2597,3327
SZ,300577,-0.75,2596,4379
SZ,920019,5.52,2595,3257
SZ,300789,-1.53,2595,2674
SH,603586,-0.22,2594,2594
SH,603159,-0.31,2593,2593
SZ,002976,-1.34,2589,4139
SZ,300218,-0.41,2589,2597
SH,603189,-0.2,2585,2585
SZ,301190,-0.76,2584,3876
SZ,002613,0,2584,3676
SZ,002748,0.09,2582,2582
SZ,301222,-0.69,2582,3399
SZ,001300,-0.37,2582,2582
SZ,300631,-0.18,2580,2653
SZ,301337,0.4,2579,2636
SH,603017,-0.2,2577,2577
SZ,300591,-0.4,2576,2982
SH,600538,0,2574,2574
SZ,002769,0,2574,2576
SZ,300853,-0.86,2569,3840
SH,600892,10.1,2562,2562
SH,601007,0.15,2558,2558
SH,603801,0.68,2558,2558
SZ,300250,0,2558,3473
SZ,300952,-0.97,2557,4158
SH,603602,0.09,2555,2555
SZ,301025,1.88,2555,3691
SH,603677,-0.07,2554,2554
SZ,300439,0.34,2552,3355
SZ,301565,-4.73,2547,7960
SZ,000565,0,2545,2545
SH,603886,0.09,2542,2542
SZ,300366,0.84,2541,2910
SH,688619,-0.14,2541,2541
SH,603779,0.26,2540,2540
SZ,000019,0.16,2539,7030
SZ,920571,-0.69,2537,4760
SZ,920190,-1.87,2537,2551
SZ,002813,-0.04,2536,2538
SZ,002869,0.12,2530,2841
SH,688765,-0.02,2529,12563
SZ,000153,0,2528,2560
SH,603828,0.47,2527,2527
SH,605266,0.43,2525,2525
SZ,002952,-0.46,2525,3152
SZ,301251,0.51,2522,6290
SZ,300173,3.63,2520,2520
SZ,920002,-1.66,2520,3599
SZ,002816,-0.82,2519,2519
SH,688129,-0.42,2518,2518
SZ,002879,-3.46,2517,3544
SZ,300647,-1.07,2516,2520
SZ,002682,0.22,2514,2514
SZ,300485,0.33,2514,4422
SZ,000826,-1.67,2508,2509
SZ,301178,-0.4,2507,3398
SZ,001333,-0.19,2506,2506
SZ,000545,-0.77,2503,2507
SZ,300585,-1.07,2500,2500
SZ,301262,-1.48,2494,8519
SZ,300025,3.14,2493,2503
SZ,300562,-1.31,2492,3263
SZ,301669,-1.13,2489,14592
SZ,300264,-0.87,2489,2895
SZ,301531,2.27,2488,11659
SZ,300334,0.49,2486,2486
SZ,300636,-0.43,2483,2839
SZ,300269,-0.41,2481,2582
SH,600356,-0.47,2479,2735
SZ,002172,-0.3,2479,2481
SZ,002828,-0.55,2478,2478
SZ,002343,0.58,2477,2477
SZ,300730,-0.49,2477,2889
SZ,300991,-0.84,2475,3868
SZ,300555,0,2475,2500
SH,600858,0,2474,2486
SZ,301027,0.54,2474,3000
SH,600560,0,2474,2474
SZ,002983,-0.51,2473,4306
SZ,000707,0,2473,2625
SH,688468,0.16,2471,2471
SZ,002388,-0.6,2470,2492
SZ,300824,0.13,2469,2545
SH,600257,-0.57,2469,2469
SZ,002871,-0.65,2467,4163
SZ,300365,-0.81,2467,2891
SZ,301046,-1.24,2463,3190
SZ,301119,-0.28,2461,3043
SH,603320,-0.29,2459,2459
SZ,002868,0.22,2454,3550
SH,603488,-0.7,2453,2453
SZ,300978,0.12,2452,3610
SH,688455,-0.06,2452,2452
SZ,001376,0.44,2451,5277
SZ,920402,-1.31,2448,3786
SZ,000014,-0.19,2447,2447
SZ,002391,0,2441,3417
SZ,300667,-0.2,2441,2894
SZ,300582,-0.35,2439,3287
SH,605033,-0.92,2439,2439
SZ,002593,-0.22,2438,3497
SH,603076,0.7,2438,2438
SZ,301040,0.54,2437,2583
SZ,300921,-0.52,2436,3864
SZ,300354,-0.09,2434,4141
SH,600573,-0.2,2430,2430
SZ,000669,-0.55,2429,2429
SH,600992,0.1,2429,2429
SZ,300690,0.6,2428,3598
SZ,002330,0,2426,2427
SZ,300092,-0.25,2426,3167
SZ,002861,0,2425,3008
SZ,300452,-0.32,2423,2860
SZ,002398,0.25,2423,2781
SZ,300805,-0.58,2422,3565
SH,603059,0.08,2420,2424
SH,603836,-0.11,2418,2481
SZ,002574,0.66,2418,2418
SZ,002729,0.51,2418,2521
SH,603373,0.61,2416,5719
SZ,301658,-0.99,2416,10227
SZ,301002,-0.93,2414,3834
SH,600381,-0.95,2413,2413
SZ,002700,-0.16,2411,2436
SZ,002855,-0.19,2411,2412
SZ,002058,-0.52,2409,2414
SH,603136,0.11,2407,2407
SH,603289,-0.23,2406,2406
SZ,300988,-0.33,2404,2921
SZ,300103,1.07,2402,2404
SH,603086,0,2400,2400
SH,603331,-0.74,2400,2400
SZ,300993,-0.69,2399,3057
SZ,300460,0.47,2398,2398
SZ,300701,-0.72,2398,2659
SZ,002496,-0.48,2398,3060
SZ,002431,-2.91,2397,2397
SZ,002098,0.3,2395,2395
SZ,301125,-0.57,2392,2699
SH,603917,0.09,2389,2389
SH,605151,-0.27,2388,2388
SZ,000752,2.49,2387,2387
SZ,300172,0.44,2379,3079
SZ,300796,0.15,2376,2376
SZ,300987,-0.06,2375,2375
SZ,002908,-2.63,2375,3184
SH,600613,0.2,2373,2644
SZ,000790,0,2372,2376
SZ,301356,0.05,2372,4044
SZ,301106,-0.35,2372,2372
SH,688560,-0.16,2371,2371
SH,600463,0.25,2370,2370
SZ,300235,-1.43,2369,2935
SZ,002184,-0.7,2363,3459
SH,603818,0.58,2362,2362
SH,603909,0.44,2362,2362
SZ,301043,0.14,2361,2829
SH,603332,0.55,2360,2360
SZ,000635,-0.15,2359,2534
SZ,301122,-0.15,2356,3808
SZ,301563,-1.68,2355,10416
SZ,000573,0.27,2355,2374
SZ,002660,1.48,2353,2446
SZ,301225,-1.36,2351,7700
SZ,000715,0.21,2349,2610
SZ,300097,-1.02,2346,2507
SZ,002576,-1.15,2346,2391
SZ,301665,-0.08,2345,10130
SZ,301397,-1.73,2345,5127
SZ,001219,-0.15,2341,2400
SH,603797,0.25,2341,2341
SZ,301283,0.04,2341,2978
SZ,002806,-0.87,2340,2856
SZ,301279,-0.65,2340,3022
SZ,002114,1.83,2338,2338
SZ,301195,-0.1,2331,3510
SZ,300340,0.24,2330,2347
SZ,300965,0,2329,2584
SZ,300891,0.29,2324,2788
SZ,301185,-0.64,2324,2571
SZ,300275,-0.46,2324,2637
SZ,002963,7.39,2323,2840
SZ,301592,-1.36,2322,6959
SH,603307,0.13,2320,2357
SZ,002661,-0.12,2319,2435
SZ,000055,0,2318,3683
SZ,301108,0,2318,4024
SH,605199,0,2317,2317
SH,603557,-0.79,2313,2313
SZ,300281,-0.67,2312,2438
SZ,301059,-0.43,2311,2587
SH,688501,0.15,2310,2310
SZ,000554,-0.3,2307,3065
SH,605258,0.92,2306,2306
SZ,003001,-2.88,2304,3517
SH,603700,-0.25,2304,2304
SH,603188,0.75,2303,2303
SZ,300849,-0.09,2302,3132
SZ,002932,-0.93,2302,3430
SH,600359,0.33,2301,2301
SH,600319,0.34,2299,2299
SZ,001201,0.09,2298,2941
SZ,001368,-0.22,2296,2403
SZ,300422,0.23,2294,2370
SZ,002069,0,2294,2297
SH,603180,0.81,2294,2294
SZ,300658,-0.56,2292,3454
SH,603937,0.92,2287,2287
SZ,002771,0.69,2286,2748
SH,688718,-0.37,2281,2281
SZ,300411,-0.39,2281,3000
SZ,002397,0,2280,2632
SZ,300956,-0.45,2279,2333
SH,600281,3.26,2279,2279
SH,688201,0,2277,2277
SZ,002084,0.57,2275,2281
SH,600854,-0.22,2275,2275
SZ,301317,-1.62,2274,6849
SZ,300464,-0.15,2273,2991
SZ,300513,0.55,2273,2274
SZ,300694,0.38,2272,2275
SZ,300583,0.33,2271,2314
SZ,002319,1.03,2271,2271
SH,688178,-0.77,2270,2270
SH,603096,0.62,2269,2269
SZ,002377,0,2268,2382
SH,688727,-1.42,2267,18853
SZ,920971,0.27,2267,2750
SZ,002723,-1.51,2264,2373
SZ,300829,-0.4,2263,3282
SZ,000692,10.13,2259,2259
SZ,300612,-0.71,2259,2271
SZ,300771,-1.48,2258,2866
SZ,301387,0.4,2257,5676
SZ,301072,-1.6,2256,3530
SH,688113,-0.27,2256,2256
SZ,003023,-0.96,2255,2260
SZ,300512,0.14,2254,2848
SZ,301088,-0.16,2254,2733
SH,603172,0.3,2253,2253
SH,605069,-0.18,2250,2250
SZ,002767,-0.05,2249,2591
SH,603755,-0.25,2248,2248
SH,600239,0,2248,2248
SH,688310,-0.64,2248,2248
SH,603375,-1.5,2248,3547
SH,600540,-0.76,2244,2244
SH,600187,-0.7,2243,2243
SH,603407,-0.39,2240,25443
SZ,920125,-2.2,2240,7631
SZ,301118,-0.04,2239,2328
SZ,300752,-0.58,2238,3238
SZ,002775,0,2236,2484
SH,603183,1.13,2232,2232
SH,688737,0.97,2231,2231
SH,603021,0.43,2230,2230
SZ,000955,-0.23,2229,2229
SZ,300800,0.11,2228,2252
SZ,301011,0.8,2228,2346
SH,600182,0,2227,4454
SZ,300931,-0.6,2227,2770
SH,688597,-0.29,2225,2225
SH,603378,0.39,2224,2224
SZ,000586,-0.42,2220,2246
SZ,300703,-0.51,2216,2405
SZ,301258,0.65,2216,2281
SZ,301588,-2.07,2215,3590
SZ,300922,-0.33,2215,2823
SZ,300205,0,2215,2215
SZ,300211,-0.66,2215,2255
SZ,301079,-0.2,2214,3121
SH,605003,-0.19,2213,2213
SH,600423,-0.71,2212,2212
SZ,301628,-0.6,2212,5982
SZ,001367,0,2211,2770
SZ,002763,0,2210,2984
SZ,002887,-0.58,2209,3112
SZ,301019,0.66,2209,3013
SZ,002492,0.36,2208,2248
SH,603193,-0.22,2207,8642
SH,688581,-0.18,2207,4328
SH,600753,-1.63,2204,2204
SZ,300884,-0.59,2203,2922
SH,600232,0,2203,2203
SH,688648,0.13,2201,4306
SZ,001393,-0.36,2199,11412
SZ,301332,-0.71,2198,3831
SZ,920344,2.11,2197,2353
SZ,300786,-1.31,2196,2760
SZ,300107,-0.46,2195,3557
SZ,301528,-0.68,2195,4260
SZ,002852,-0.51,2195,2642
SH,601083,-0.17,2194,14624
SZ,300940,-0.28,2192,3099
SZ,300565,1.16,2191,2397
SZ,002633,-0.47,2190,2198
SZ,002890,0.89,2190,2304
SZ,300808,-0.64,2184,2939
SH,603536,0.55,2184,2201
SH,600533,-0.47,2184,2184
SH,600833,0.1,2182,2182
SZ,300774,2.2,2182,4370
SZ,000548,0,2182,2182
SZ,001259,-0.12,2174,3365
SH,603880,1.76,2174,2174
SZ,301220,-0.2,2174,3148
SZ,002234,0.42,2173,2516
SZ,002836,-0.1,2170,2170
SH,603117,-0.27,2169,2169
SH,603102,0.06,2161,2161
SZ,002825,-0.23,2161,2879
SZ,920261,0.52,2160,3924
SH,603091,0.41,2160,7022
SZ,301596,-2.67,2153,5304
SZ,920510,-2.79,2151,4210
SZ,002253,1.29,2150,2310
SZ,301331,0.24,2147,2152
SZ,301089,0.08,2146,3002
SZ,300546,-0.43,2145,2984
SH,603578,0.34,2144,2783
SZ,002295,-0.11,2144,2145
SH,600302,-0.31,2142,2142
SZ,001365,-1.73,2142,19551
SZ,300649,-0.53,2141,2672
SH,688355,0.06,2141,2141
SH,600148,0.07,2138,2138
SH,603151,0.4,2138,2138
SH,605001,0.74,2137,2137
SZ,002991,-0.22,2137,3990
SH,600965,-1.13,2137,2137
SZ,300165,0,2136,2517
SZ,301290,-0.1,2134,2687
SZ,002329,-0.6,2131,2722
SZ,300484,-0.92,2126,2648
SH,688251,0.33,2126,2141
SZ,301117,-0.32,2126,3318
SH,603381,-0.32,2125,3547
SZ,300013,-0.25,2125,2127
SZ,300673,-0.22,2125,3274
SZ,300947,0.21,2124,2125
SH,603959,0.46,2123,2123
SZ,002857,-0.11,2123,2157
SH,688272,-0.13,2121,2121
SH,603023,-1.8,2121,2121
SH,603382,0.6,2120,3328
SH,688197,0,2117,4920
SH,688623,-0.11,2117,5097
SH,600439,1.08,2117,2117
SZ,002998,-1.13,2113,2771
SZ,001390,0,2112,3556
SZ,300375,-0.24,2109,3026
SZ,002614,0.21,2109,2981
SZ,002732,0.9,2109,2120
SZ,300778,0.29,2105,2106
SZ,920060,-0.93,2105,3375
SH,603900,3.19,2104,2105
SZ,002799,-0.14,2103,2103
SZ,300599,0,2102,4004
SH,603176,0.44,2101,2162
SH,603356,-0.18,2100,2100
SZ,002942,0.6,2099,2352
SZ,002848,-0.38,2098,2119
SZ,300980,-0.87,2097,2944
SZ,300989,-5.5,2096,2710
SZ,300719,0.69,2096,2967
SH,688811,-0.69,2095,11408
SH,688721,-0.36,2095,5070
SZ,001332,-0.34,2091,4814
SH,603238,-0.07,2091,2091
SH,600241,0.14,2090,2090
SZ,300710,-0.31,2088,2786
SZ,002864,-0.41,2086,2893
SZ,001230,1.17,2085,3560
SZ,920111,2.4,2084,4295
SZ,920017,0.06,2084,2106
SZ,300970,-1.21,2083,2699
SZ,000679,0.17,2081,2081
SZ,300665,-0.3,2080,2190
SZ,300780,0,2078,2834
SZ,300335,-0.54,2071,2571
SH,603326,-0.6,2068,2068
SZ,300960,0.32,2066,2279
SZ,000590,1.29,2066,2067
SH,603089,-0.34,2064,2371
SZ,300387,-0.27,2063,2064
SZ,002666,0,2063,3247
SZ,301428,-0.76,2057,2916
SZ,920978,0.15,2056,3667
SZ,300509,0,2056,2466
SH,688613,0.13,2055,2055
SH,600615,-0.1,2054,2058
SZ,002679,0.35,2053,2053
SZ,002656,1.7,2053,2130
SZ,002918,-0.51,2052,3916
SZ,000953,0.36,2050,2050
SZ,300844,0.04,2049,2126
SZ,920247,0.4,2049,2824
SH,688060,0.71,2046,2046
SH,688426,0.83,2046,2051
SZ,300753,-1.85,2044,2932
SZ,300597,0.53,2043,2052
SH,603285,0.58,2043,5246
SZ,000757,0,2040,2040
SH,603377,-0.34,2038,2038
SZ,000605,0,2038,2038
SZ,300350,0,2037,2428
SZ,301161,-0.63,2036,3164
SZ,300074,0,2034,2036
SH,688203,0,2033,2033
SH,688118,0.83,2032,2032
SZ,920208,-0.23,2032,2347
SZ,300966,3.04,2030,3053
SH,603329,-0.09,2029,2458
SZ,920699,-2.56,2027,4430
SZ,000952,0.34,2026,2026
SH,600371,0.14,2025,2025
SZ,300240,0,2024,2070
SH,688156,-0.14,2023,2023
SH,688132,0,2023,2023
SH,603968,-0.29,2020,2020
SH,603262,0,2018,7736
SZ,300106,0.21,2016,2016
SZ,300295,0.33,2014,2279
SZ,300176,0.19,2014,2014
SZ,301212,0.14,2012,2318
SH,688038,-0.51,2010,2010
SZ,301299,-0.08,2005,2716
SH,603982,0,2000,2151
SZ,300902,-1.95,1998,2911
SZ,300412,0.47,1998,2125
SZ,002105,0.92,1997,2007
SZ,301052,0.44,1994,2461
SZ,002133,-0.76,1994,2005
SH,600159,0,1992,1992
SZ,300897,4.83,1992,3190
SH,688013,-0.76,1988,1988
SH,605180,0.26,1987,1987
SH,603168,0.38,1985,1994
SH,600097,0.37,1985,1985
SH,603182,-0.07,1983,1983
SH,688716,-2.57,1982,3450
SH,600774,0.45,1982,1983
SH,688096,-0.23,1980,1980
SZ,000633,0.78,1979,1979
SZ,002900,-3.37,1979,3885
SH,688755,0.16,1978,2833
SZ,920879,-0.07,1977,2641
SH,603616,-0.38,1971,1986
SZ,300807,-0.41,1971,2582
SZ,301208,0.03,1970,3578
SZ,002893,-0.2,1969,2560
SH,600807,0,1968,2212
SZ,300112,-0.35,1967,2384
SZ,002622,0.86,1966,1966
SH,603385,-0.18,1964,1964
SH,603825,0.26,1963,1963
SZ,301024,-0.74,1962,2026
SZ,002742,0,1960,2559
SZ,300817,-0.37,1959,3414
SZ,301103,-0.11,1957,2543
SH,688193,-0.01,1955,1955
SZ,002999,0.35,1955,1978
SZ,002800,0.3,1954,2013
SZ,002762,-0.21,1953,3271
SH,600238,-0.44,1950,1963
SH,603282,0.69,1950,1950
SZ,001360,0.19,1945,3162
SZ,300423,-0.33,1942,2900
SH,600444,0.3,1942,1942
SZ,300916,0,1941,3006
SZ,002652,0.53,1941,1941
SH,600768,0.48,1941,1941
SZ,301077,1.25,1940,3456
SH,688026,-0.35,1939,1940
SZ,000909,-0.66,1939,1939
SH,600706,0,1938,1946
SH,603041,0.47,1938,1938
SZ,301318,-0.23,1937,2813
SH,603922,0.93,1935,1935
SZ,300305,-3.67,1935,2260
SZ,301557,0.01,1931,4817
SZ,301198,0.42,1929,2009
SZ,300881,-0.23,1929,3696
SH,600678,-0.71,1926,1926
SZ,000995,-0.45,1925,1925
SZ,300575,0.18,1922,2656
SZ,001211,-0.62,1921,2058
SZ,002205,0.68,1918,1918
SZ,000985,0.82,1917,1917
SZ,001237,-0.42,1916,8156
SZ,001255,-0.19,1916,2158
SZ,000056,1.44,1916,2507
SZ,300150,0.73,1915,2416
SZ,002524,-1.04,1915,1938
SZ,300854,0.6,1911,2345
SZ,300743,1.28,1911,2268
SH,600235,0,1908,1908
SH,605336,-0.85,1907,1907
SZ,002486,0.43,1903,1912
SH,688420,0.14,1903,1903
SZ,001260,0.49,1899,1899
SH,688657,-1.02,1898,3034
SZ,920961,-1.39,1898,2608
SH,603810,-0.08,1898,1898
SH,603435,-0.05,1898,24419
SH,600491,0,1897,1897
SH,688004,2.69,1896,1896
SZ,002909,0.4,1894,1942
SZ,300543,-0.25,1894,2319
SZ,002598,-0.14,1894,2063
SZ,300967,0,1893,2846
SH,603506,0.2,1891,1891
SH,603028,0,1890,1909
SH,688395,-0.08,1888,1888
SZ,300081,0.32,1887,1887
SZ,920914,0.58,1886,1887
SH,605177,-0.23,1885,1903
SZ,002968,-0.22,1885,2003
SZ,300906,-0.41,1884,2086
SZ,301335,-0.22,1884,2723
SH,600303,-0.35,1883,1900
SH,688616,0.67,1883,1883
SZ,300254,0.24,1882,2130
SZ,300396,-0.57,1882,1884
SZ,301180,-0.77,1878,4576
SZ,002873,0.38,1877,1911
SH,600107,0,1876,1876
SH,600051,0.33,1875,1875
SZ,300883,-0.52,1872,1958
SH,603718,-0.34,1869,1877
SZ,920021,-1.3,1869,2333
SZ,920189,-2.51,1869,3114
SZ,002856,0,1868,2041
SZ,300935,-3.24,1866,2459
SH,688051,-1.38,1865,1865
SZ,002778,0.2,1865,1885
SZ,301231,2.78,1863,2403
SH,600099,0.24,1863,1863
SZ,002715,0.15,1862,1862
SH,603214,0.52,1858,1858
SZ,001234,0.5,1853,2200
SZ,301041,0.6,1853,2504
SZ,002551,-0.32,1852,2562
SZ,002820,0.66,1850,1850
SZ,000705,0,1847,2189
SZ,002760,-1.03,1847,1847
SZ,001356,0,1846,5139
SH,688288,1.04,1845,1845
SH,688092,-0.21,1843,1843
SZ,001366,-0.25,1837,1837
SZ,920405,1.29,1836,2357
SZ,001268,-0.86,1835,2931
SZ,000702,-0.18,1834,1834
SZ,002159,-0.22,1833,2347
SH,600202,-0.2,1832,1832
SZ,300941,-0.46,1832,3030
SH,603418,-0.82,1831,8545
SH,603879,0.79,1829,1829
SH,603325,-0.73,1828,4279
SH,600082,-0.34,1827,1861
SH,600080,-0.4,1825,1825
SH,688670,0.14,1825,1825
SH,603177,0.11,1823,1823
SZ,002696,0.37,1822,1884
SZ,002717,0,1822,1929
SH,600149,0.63,1821,1821
SZ,301309,0.07,1818,3017
SZ,300675,0.32,1817,1817
SZ,002817,0.32,1816,1872
SZ,300651,-0.84,1814,2478
SZ,002753,0.33,1813,2628
SZ,003005,-0.2,1811,3300
SZ,002634,-0.23,1804,1874
SZ,301010,0.54,1804,1804
SZ,301590,-1.39,1801,4350
SZ,002535,0,1799,1932
SZ,000911,1.58,1797,1797
SH,603120,-0.39,1796,4285
SH,603709,0.64,1796,1802
SH,603029,-0.06,1795,1795
SZ,920476,-1.19,1791,1892
SZ,003017,0.05,1788,2168
SZ,002630,-1.18,1787,1960
SZ,002569,0.47,1787,1838
SH,603270,-0.15,1785,5530
SZ,301030,0.57,1785,1787
SZ,000856,0.64,1784,1784
SZ,301121,0.12,1784,3408
SZ,300556,0.92,1783,1997
SZ,300076,-0.46,1781,1781
SZ,003030,1.2,1780,2744
SZ,002529,0.29,1778,1778
SZ,301062,0.94,1778,2799
SZ,301138,-0.98,1775,3107
SH,688435,-0.02,1773,2641
SZ,300030,0.31,1772,2013
SZ,301159,-0.17,1771,2584
SZ,003038,0.28,1769,2629
SZ,301141,-1.01,1763,4913
SZ,301556,-1.1,1762,5098
SH,688393,0.11,1762,1762
SZ,301057,2.11,1761,2543
SZ,002862,-0.43,1760,2320
SZ,300992,0.76,1760,2151
SH,600165,0,1759,3878
SZ,301585,0,1754,2679
SZ,002972,0.15,1752,3201
SH,603272,-0.4,1751,1751
SZ,301067,-0.35,1750,2666
SH,688189,-0.76,1749,1749
SZ,920178,-2.29,1747,5984
SZ,001206,0.49,1747,3023
SH,605567,0.11,1746,1746
SZ,301056,-0.79,1739,2636
SZ,300912,-1.07,1737,2300
SZ,300195,0,1736,2343
SZ,002877,0,1729,2559
SH,688296,-0.05,1729,1729
SZ,003027,0.3,1727,2153
SH,600883,0.14,1726,1726
SH,600448,-0.35,1726,1726
SZ,300876,0.07,1723,2309
SZ,300929,-0.64,1722,1816
SH,688058,-0.6,1722,1722
SZ,301388,-0.58,1722,2427
SZ,301227,1.17,1721,3060
SZ,002858,0.34,1720,2179
SH,600272,0.28,1720,2824
SZ,300923,0.4,1718,1769
SZ,300787,-0.1,1718,2739
SZ,300707,-0.32,1716,2078
SZ,002198,-0.28,1715,1715
SZ,920015,-2,1714,5806
SZ,300837,-0.03,1714,2267
SZ,002381,0.38,1713,2190
SZ,300971,-0.37,1712,2183
SH,603717,0,1712,1712
SH,603092,-0.99,1711,19800
SH,603860,0.27,1711,1711
SZ,920038,3.5,1708,5225
SZ,002780,-0.3,1708,2161
SZ,301538,-0.86,1702,4275
SZ,002209,0.09,1700,2203
SZ,920509,-0.68,1699,3243
SZ,300245,-0.33,1697,1763
SZ,920339,-2.85,1696,2471
SH,600137,-0.22,1694,1694
SH,688681,0.62,1691,1691
SH,603908,0,1687,1687
SZ,301360,-1.34,1686,3456
SZ,301667,0.55,1685,7929
SZ,002360,0,1683,2077
SZ,300614,1.35,1681,1681
SZ,001233,-0.88,1678,8276
SZ,301063,0.12,1678,1812
SZ,301548,-0.13,1676,5557
SH,603022,0,1674,1674
SH,600180,0,1673,1673
SZ,002743,0.26,1673,1676
SZ,300472,-0.14,1670,1869
SZ,000619,0.22,1667,2043
SH,688078,0.44,1664,1664
SZ,301586,-0.21,1662,2606
SH,600778,0.19,1662,1663
SZ,300538,-0.64,1661,2498
SZ,300169,-0.71,1660,1867
SZ,000929,0.79,1659,1659
SZ,300950,0.96,1657,2597
SZ,002802,-0.08,1657,2006
SZ,002211,-0.51,1656,1656
SZ,002629,0,1656,1947
SH,688759,0.04,1655,10346
SZ,301509,-0.4,1654,3511
SZ,002620,-0.56,1653,1974
SH,603402,0,1653,6611
SZ,000639,0,1652,1652
SZ,301135,0.25,1650,2121
SZ,301520,2.44,1650,4700
SH,603257,0.46,1648,7944
SZ,000663,0.37,1645,1808
SZ,301361,-0.6,1644,3395
SZ,301595,-0.97,1642,4355
SH,600119,0,1640,1640
SH,688466,0.9,1638,1638
SH,603255,-0.43,1633,3623
SH,603312,-0.55,1631,5125
SZ,920087,0,1627,1639
SH,603789,-0.15,1625,1658
SZ,300313,-0.59,1622,1971
SZ,300961,0.38,1621,1892
SZ,920839,-0.79,1618,2934
SZ,301098,0.12,1617,1940
SH,600697,-0.28,1613,1651
SZ,920892,0.19,1610,1818
SZ,300616,-0.76,1610,2328
SZ,001386,-0.52,1609,17876
SZ,300610,-0.09,1608,2059
SZ,301618,-0.94,1603,4206
SH,603400,-1.59,1603,5745
SH,603231,0.07,1600,2883
SZ,001209,0.48,1597,2186
SZ,920106,-0.75,1595,2068
SZ,300554,0.1,1591,2297
SZ,301336,0.28,1591,2055
SZ,300937,0.25,1590,2346
SZ,002592,0.17,1590,1718
SZ,003042,0.55,1589,1837
SZ,002495,0,1589,2143
SZ,001222,-0.7,1589,2684
SH,600493,0,1580,1580
SZ,003028,-0.61,1580,3221
SZ,301032,0.61,1580,2382
SZ,301456,-0.29,1577,3500
SZ,301680,-1.4,1574,7755
SZ,002949,0.88,1572,2030
SZ,300220,-0.28,1571,1572
SZ,002789,0.91,1568,1599
SZ,300995,-0.72,1567,2376
SZ,301587,-0.5,1566,3141
SH,688781,-0.9,1562,38260
SZ,920174,0.61,1562,6071
SH,688712,-2.91,1560,14261
SZ,920026,-0.27,1559,2068
SZ,300519,-0.28,1559,2186
SZ,300462,0.62,1558,2046
SH,600243,-0.83,1558,1558
SH,600796,0,1557,4333
SZ,301022,0.17,1557,2306
SH,603468,122.91,1556,16044
SH,600561,0.37,1556,1556
SZ,001395,0.2,1555,3391
SH,600689,0.2,1551,2048
SH,688528,0.11,1551,1551
SZ,301229,-0.32,1546,2174
SZ,002835,0,1545,2665
SH,688450,-0.43,1545,2084
SH,688565,0,1545,1545
SZ,002207,-0.99,1544,1551
SZ,002982,-0.24,1543,2410
SZ,300167,0.69,1540,1811
SZ,002910,0,1540,1760
SZ,301687,-0.81,1539,7255
SH,688021,0.65,1533,1533
SZ,002694,0,1531,1625
SZ,300845,0.28,1528,2186
SZ,002227,-0.31,1527,1539
SZ,301581,-0.02,1527,2888
SZ,000632,-0.9,1527,1527
SZ,301107,-0.04,1525,2638
SZ,301395,-0.07,1524,2907
SZ,001202,-0.45,1522,2172
SZ,300514,0.11,1521,1898
SZ,301023,-0.93,1520,2741
SZ,301383,-1.14,1520,3515
SH,688659,0.53,1518,1518
SZ,300500,0.44,1517,1574
SH,603275,-0.24,1516,5430
SZ,301636,-0.63,1515,2596
SZ,001378,0.79,1514,3111
SH,600692,0,1512,2086
SZ,300306,-0.3,1508,2574
SZ,301491,-0.47,1505,5076
SZ,300625,0.11,1505,2595
SZ,920088,1.67,1503,4064
SZ,301633,2.38,1501,3276
SZ,300977,-0.18,1498,2405
SZ,002306,-0.53,1495,1600
SZ,301036,0.24,1495,2123
SZ,002566,0,1495,2135
SZ,002316,0.92,1493,1722
SZ,920238,-0.24,1492,7324
SZ,301166,0,1488,2272
SZ,301508,3.95,1486,5711
SZ,002790,0,1486,2382
SZ,920010,-1.61,1484,1998
SZ,920953,-3.53,1484,3175
SH,688793,0.11,1481,1481
SH,688329,1.91,1481,1481
SZ,301210,-0.82,1474,3860
SH,603082,-1.24,1474,6053
SZ,002977,-0.84,1473,2655
SH,603395,-0.08,1473,5892
SZ,300268,0.18,1472,1918
SZ,301555,-0.25,1470,2806
SH,600455,0,1470,1470
SZ,301518,-0.75,1466,3631
SZ,300813,0.47,1464,2333
SZ,301558,-0.44,1464,5262
SZ,000677,-1.16,1460,1460
SZ,301390,0.61,1460,1786
SZ,300892,0.53,1460,2261
SH,688067,-0.5,1458,1458
SZ,301505,-0.05,1455,1826
SZ,301683,-0.78,1452,6425
SH,600476,0.45,1446,1446
SZ,301276,0.1,1446,2593
SZ,300640,0.77,1446,2037
SZ,002513,0.4,1445,1878
SZ,301512,-0.49,1445,2215
SZ,002247,1.36,1442,1906
SZ,301203,0,1441,2629
SZ,920751,0.87,1437,1501
SZ,301320,-0.15,1434,2286
SZ,003011,0.05,1434,1916
SZ,003008,0.27,1433,1918
SZ,301130,0.5,1432,1857
SZ,300314,-0.29,1432,2868
SZ,002144,0,1429,1835
SZ,301560,-0.03,1426,2841
SZ,000010,-1.26,1422,1782
SZ,300621,0.43,1422,1461
SZ,301677,-4.74,1422,6631
SZ,002691,-0.23,1421,1438
SZ,301100,-0.12,1413,3204
SH,603062,-0.33,1410,4106
SZ,301152,-0.19,1408,2356
SH,688022,-0.61,1407,1407
SZ,301129,-0.99,1406,2831
SZ,301278,0.11,1403,2448
SZ,301303,-0.21,1399,5596
SZ,300371,-0.19,1396,2006
SZ,300635,0.44,1388,1614
SZ,920200,-2.7,1387,3174
SZ,001296,-0.1,1385,2688
SH,688806,1.69,1385,12504
SZ,001226,-0.65,1384,3045
SZ,002581,0,1383,2276
SZ,920857,0.11,1382,1382
SZ,300549,0.44,1380,1821
SH,688805,-0.88,1378,6892
SZ,920821,-1.71,1377,2615
SZ,920371,0,1373,1448
SH,603391,-0.42,1372,5489
SZ,300155,0.73,1370,2335
SH,603248,-0.25,1369,8804
SZ,002591,0.33,1368,1837
SZ,000637,0.54,1367,1950
SZ,300928,0.16,1358,2028
SZ,002809,0.25,1356,1917
SZ,300605,-3.33,1355,1770
SZ,301355,0.1,1354,1890
SZ,002188,-0.56,1351,1717
SZ,001387,-0.33,1350,2121
SZ,002200,-0.86,1345,3099
SZ,000610,-0.34,1342,1349
SZ,300670,0.34,1341,1892
SZ,301009,0,1341,2414
SZ,920790,-1.07,1339,1945
SZ,301601,0.38,1336,2221
SZ,301507,-0.4,1334,4321
SZ,300564,-0.07,1332,1899
SZ,920837,-0.09,1331,1486
SZ,920533,-1.56,1330,2378
SZ,300594,1.18,1330,1343
SZ,001239,-0.25,1329,2798
SZ,002494,0.87,1328,1747
SZ,920682,-0.67,1323,2282
SZ,001326,0.55,1320,4025
SZ,301298,0.41,1320,1791
SZ,001358,-0.87,1319,3188
SH,688592,-0.74,1319,2768
SZ,920207,-1.63,1317,2156
SZ,920701,-2.08,1313,1797
SH,603293,-0.87,1304,6655
SZ,002883,-0.57,1303,1327
SZ,301097,0.36,1300,2708
SZ,920284,1.41,1299,2030
SZ,300865,-0.08,1294,2154
SZ,001278,-0.45,1292,1873
SZ,301131,0.09,1290,1801
SZ,301126,0.65,1286,1916
SZ,002888,-0.68,1285,2532
SZ,301288,-0.53,1283,1775
SZ,300828,-0.65,1279,2523
SZ,300994,0,1279,2555
SZ,301329,-0.3,1279,3295
SZ,920119,0.08,1278,4856
SZ,301591,-0.79,1276,3123
SZ,300126,1,1274,1839
SZ,301295,0.16,1269,4352
SZ,920274,2.03,1269,1269
SZ,920046,-1.04,1267,2292
SH,688576,-0.47,1266,2649
SZ,920523,-0.69,1265,1581
SZ,001277,0.11,1265,2111
SZ,920083,-1.79,1264,2968
SH,688217,0.58,1262,1262
SH,688089,-0.52,1259,1259
SZ,301233,-0.3,1258,2293
SZ,301163,0,1255,1871
SH,600543,-0.5,1243,1243
SZ,300430,-0.41,1242,1305
SZ,920225,-1.69,1242,1904
SZ,003003,0.67,1240,1861
SZ,301501,-1.34,1240,4215
SZ,300517,2.94,1240,1968
SH,603352,-0.61,1236,6181
SZ,301503,0.05,1235,2227
SZ,301469,-0.4,1233,2394
SZ,920403,0.64,1229,2066
SH,603207,-0.12,1227,3610
SZ,920039,-0.49,1223,1223
SZ,920425,-1,1221,1483
SZ,920033,4.84,1221,1756
SZ,920237,0.08,1217,1240
SZ,301272,0.03,1215,1921
SH,603370,-1.55,1215,6073
SH,603350,-0.39,1214,3206
SZ,301515,0,1213,1796
SZ,001319,-0.41,1213,2702
SH,603344,-0.61,1212,4365
SZ,920211,-2.46,1211,3593
SH,688130,-0.53,1211,2429
SH,603004,1.43,1208,4831
SZ,002830,-0.98,1206,2415
SZ,301372,-1.14,1205,2007
SH,688790,-0.96,1201,9428
SZ,300823,-0.76,1201,1855
SZ,301001,0.21,1198,1906
SZ,000820,-2.9,1188,2586
SZ,301300,0.33,1187,1988
SZ,920273,0.93,1187,1783
SZ,300405,0.93,1186,1541
SZ,301584,-0.58,1184,9285
SZ,301502,-2.21,1183,2862
SZ,920304,-0.56,1180,1467
SZ,301157,-0.58,1175,3413
SZ,920807,0.85,1175,1730
SZ,300535,-1.42,1173,1546
SZ,300930,0.57,1169,2480
SZ,920171,-1.7,1169,1732
SZ,920981,0.53,1165,2317
SZ,920396,-1.89,1163,1637
SZ,002514,-0.47,1152,1498
SZ,920130,-5.06,1148,1849
SZ,300915,0.25,1148,2510
SZ,920489,-1.85,1148,1804
SZ,920249,-1.38,1147,3879
SZ,301083,-0.58,1146,2382
SH,603276,-0.12,1143,3146
SZ,300899,-0.84,1142,1779
SH,600365,-1.47,1141,1212
SZ,920152,-1.34,1140,1528
SZ,301359,0.19,1137,1920
SZ,300851,0.3,1136,2002
SZ,300713,-0.07,1135,2017
SZ,301632,-0.12,1133,6471
SZ,920252,0.18,1129,1699
SZ,301446,-0.38,1129,3695
SZ,001373,-0.06,1127,1846
SZ,001336,0.4,1127,1832
SH,688184,-0.08,1117,1784
SZ,920592,-0.31,1112,1787
SH,688671,-0.24,1108,1857
SZ,301113,0.26,1106,1827
SZ,301516,-0.43,1100,4401
SZ,920566,-0.3,1099,1413
SZ,300152,0,1098,1098
SZ,001382,-0.56,1097,7177
SZ,301006,0.15,1097,1823
SZ,920575,8.96,1097,1641
SZ,920092,-9.42,1097,2105
SZ,300804,3.24,1096,2950
SZ,002872,0.59,1094,1619
SZ,920690,-4.44,1094,1682
SZ,920932,-1.33,1089,1316
SZ,920001,-0.32,1078,1839
SZ,300949,0.65,1077,1884
SZ,920505,3.33,1072,1929
SH,688651,0.09,1070,2333
SZ,920199,-0.13,1069,1919
SZ,301539,-0.2,1064,2099
SZ,920885,-1.14,1064,2053
SZ,920526,0.35,1063,1679
SZ,300886,0.22,1058,1683
SZ,920184,-1.08,1055,1556
SZ,301418,-1.18,1051,2619
SZ,920642,-0.56,1051,1090
SZ,001379,-0.82,1047,3112
SH,688701,0.65,1046,1046
SH,603334,-0.35,1044,4708
SZ,300338,-1.32,1036,1192
SZ,300958,0.53,1033,1779
SZ,920985,-1.45,1033,1458
SZ,920792,-1.73,1032,1680
SZ,920062,-0.89,1027,1459
SZ,920357,-1.5,1027,1698
SZ,920429,-0.76,1025,1124
SH,688695,-0.09,1024,1631
SZ,002193,-0.5,1021,1021
SZ,001312,-0.16,1020,4165
SH,603729,0,1017,1017
SZ,301513,0.26,1013,5027
SH,603359,0.44,1013,1013
SZ,920167,-0.25,1011,1702
SZ,920419,-0.66,1008,1076
SZ,920415,-1.27,1004,1304
SZ,001279,-0.11,996,3982
SZ,920270,-1.45,990,1274
SH,603406,-0.43,989,10792
SZ,920018,-0.85,989,2847
SH,688816,0,988,5122
SZ,301616,-0.25,985,2775
SZ,001231,0.42,980,1917
SZ,920100,-1.94,978,3688
SZ,301577,-1.23,977,2335
SZ,920124,-0.77,973,1890
SZ,920651,3.51,966,1421
SZ,920786,-0.28,962,1457
SZ,920206,-0.93,959,2493
SZ,920223,-0.42,952,1834
SZ,920098,-0.22,952,1398
SZ,002719,-0.16,950,1022
SZ,920367,3.92,947,1598
SZ,301192,0.95,944,1942
SZ,920169,-1.58,942,1496
SZ,920436,-1.4,937,997
SZ,001225,-1.76,935,2913
SH,603409,-0.39,934,3256
SH,603190,-0.85,934,2828
SZ,301173,-0.09,932,2655
SZ,920496,-1.22,929,1061
SZ,301459,-0.3,916,3654
SZ,301105,0.59,913,2304
SZ,920028,-0.77,911,2306
SZ,920227,-0.55,910,2000
SZ,920161,-3.1,909,3350
SZ,300904,0.1,908,2989
SZ,301668,-2.3,904,4087
SZ,920873,0.13,902,1155
SZ,920670,-1.59,900,1433
SZ,920726,-0.98,899,1628
SZ,920012,-2.49,897,2293
SZ,301386,0.05,897,2792
SZ,920748,-0.89,889,1852
SZ,920220,-1.05,888,2836
SZ,300417,0.19,884,1424
SZ,920156,-1.57,881,4227
SZ,920020,-0.68,877,3550
SZ,920694,-0.06,876,1845
SZ,920541,0,875,1329
SZ,301519,0.26,874,1857
SZ,920770,-1.11,871,1383
SZ,920266,1.38,869,909
SZ,920693,-0.96,861,1710
SZ,301399,0.13,859,2907
SZ,301037,1.94,859,1756
SZ,920926,-1.47,855,942
SZ,920275,-1.51,852,1030
SZ,920122,1.02,852,2102
SZ,301598,-0.14,844,2832
SH,688638,0.69,844,1785
SH,688573,-0.49,843,1548
SH,603376,-1.43,834,10428
SZ,301170,-0.44,833,2191
SZ,920027,0.79,826,1181
SZ,920855,-0.8,823,918
SZ,301049,0.42,821,1807
SZ,920193,-2.48,821,3626
SZ,920433,-0.2,818,1236
SZ,920221,-0.52,815,1565
SZ,920006,-1.04,814,1538
SZ,920000,-2.27,814,1295
SH,603073,-0.43,812,1850
SZ,920663,1.52,811,1689
SH,603075,0.63,809,7674
SZ,001335,-1.06,804,2950
SZ,920976,-1.08,799,1284
SZ,920519,-0.39,798,897
SZ,920556,-1.29,795,1097
SZ,301449,-0.3,794,3531
SZ,920078,1.5,793,2442
SZ,920378,-0.41,793,1107
SZ,920974,0.82,789,1006
SZ,001396,-0.54,784,3689
SH,603273,-0.49,783,3010
SZ,920260,-0.87,779,816
SZ,920634,6.9,778,1227
SZ,920689,-0.77,770,1490
SZ,920685,-0.75,764,1199
SZ,920058,-0.85,762,1547
SZ,920832,-0.8,758,849
SZ,920395,-0.13,758,1100
SZ,920833,0.46,755,998
SZ,920299,-2.98,751,1490
SZ,920943,-0.54,751,1471
SZ,920870,-0.34,748,1518
SZ,920363,-0.92,747,1315
SZ,920242,-0.69,746,1332
SZ,920768,-0.99,743,1075
SZ,920639,-0.63,736,1250
SZ,920263,-0.55,734,1011
SZ,920478,4.39,732,1204
SZ,301314,-0.19,727,2201
SZ,301552,-0.79,727,2908
SZ,920942,0.4,727,1073
SZ,920564,0.48,724,1574
SZ,301429,0,723,1942
SZ,920117,1.45,721,3205
SZ,301533,0.12,719,2486
SZ,301353,0.63,717,2230
SH,603284,-0.12,715,2920
SZ,920445,-1.04,715,981
SZ,920181,-1.85,713,3076
SZ,920123,1.11,710,1218
SZ,301567,0.45,709,2404
SZ,920061,0.67,708,1274
SZ,920375,-1.01,708,1185
SZ,920925,0.47,708,1262
SZ,001325,-1.33,708,2831
SZ,920720,-0.3,706,2527
SZ,920370,-0.73,706,808
SZ,920245,2.17,700,909
SZ,920081,-0.58,697,2958
SZ,001220,-0.32,696,2785
SZ,920706,-0.81,691,1371
SZ,920008,-0.09,687,1286
SZ,920547,0.06,684,1407
SZ,920163,-0.78,682,1446
SZ,920627,0,676,1364
SZ,920079,-1.38,673,6224
SZ,920187,-0.58,668,1820
SZ,920866,-0.33,666,1052
SZ,300784,0.28,663,2219
SZ,920101,-0.69,662,2123
SZ,920108,-0.54,660,1558
SZ,920475,-0.67,660,1187
SZ,920527,0.14,660,851
SZ,301575,-0.8,658,3274
SZ,920579,-1,657,1909
SZ,301578,-0.22,657,2309
SZ,920608,-0.95,648,837
SZ,920765,-0.23,647,1066
SZ,920580,7.36,647,1016
SZ,920065,0.89,645,3696
SZ,920300,-0.5,644,831
SZ,920175,-0.24,640,960
SZ,920176,-2.19,638,4724
SZ,920204,0,635,1198
SZ,920422,-0.09,633,846
SZ,920570,-1.07,630,1240
SZ,920553,-0.44,619,948
SZ,920278,-0.15,616,1089
SZ,920118,-0.25,611,1008
SZ,920578,-1.77,608,1309
SZ,920014,-0.1,597,1085
SZ,920471,-0.61,594,932
SZ,920469,-1.2,590,803
SZ,920086,-0.64,586,1792
SZ,920719,-0.5,584,732
SZ,920641,-0.53,583,966
SZ,920992,-0.07,583,1150
SZ,920262,8.09,582,1252
SZ,920675,-0.53,581,1265
SZ,301287,0.03,577,2259
SZ,920096,-1.76,576,2454
SZ,920856,-0.82,574,1028
SZ,920057,0,573,892
SZ,920679,0.07,571,858
SZ,920112,0.37,569,1941
SZ,920455,-0.5,568,1036
SZ,920906,-1.69,559,1090
SZ,920665,-1.01,558,1131
SZ,920075,-0.75,553,1020
SZ,920198,-2.23,552,1265
SZ,920271,0,549,1242
SZ,920146,0,548,682
SH,688121,-1.45,547,631
SZ,920454,-0.08,546,1167
SZ,920374,-0.69,544,1334
SZ,920810,-2.56,544,836
SZ,920090,0.27,544,728
SZ,920896,-1.04,542,1235
SZ,920005,-0.74,542,2091
SZ,920662,0.62,529,1716
SZ,920834,-0.47,521,996
SZ,920871,0.73,516,931
SZ,920258,3.32,516,5728
SZ,920056,-0.17,513,1359
SZ,920826,0.25,512,1138
SZ,920267,-1.04,510,891
SZ,920729,-0.44,509,1796
SZ,920050,0.76,506,1890
SZ,920753,0.91,505,1258
SZ,920023,0.54,503,612
SZ,920703,-0.62,502,1423
SZ,920160,1.81,502,2230
SZ,920149,-0.49,501,606
SZ,920030,-0.44,501,796
SZ,920069,-0.7,498,1787
SZ,920779,0.24,498,1992
SZ,920212,-0.3,496,1021
SZ,920392,-0.28,495,1053
SZ,920145,-0.19,493,713
SZ,920230,0.19,491,1045
SZ,920508,-2.49,486,913
SZ,920082,-0.94,475,1689
SZ,920166,0,473,1498
SZ,920076,0,469,1489
SZ,920126,-0.75,468,1948
SZ,920136,3.64,466,1774
SZ,920351,-0.84,465,1026
SZ,920177,-0.67,463,1309
SZ,920414,-0.6,456,649
SZ,920158,1.55,455,1703
SZ,920950,-0.22,455,935
SZ,002731,-1,452,505
SZ,920718,-1.01,452,880
SZ,920091,-1.39,450,1905
SZ,920656,-0.71,447,1382
SZ,920168,-0.68,447,1192
SZ,920128,-0.26,447,1492
SZ,920427,-0.79,441,893
SZ,920016,-0.62,434,975
SZ,920188,-0.63,432,1811
SZ,920180,0.34,424,1403
SZ,920970,-0.16,421,666
SZ,920110,-0.38,420,1008
SZ,920036,-2.9,418,1743
SZ,920055,-0.46,418,1858
SZ,920072,1.46,412,2181
SZ,920159,0.32,404,2135
SZ,920007,-0.81,398,1667
SZ,920957,-0.52,398,1000
SZ,920802,0,382,866
SZ,920035,-1.46,380,1676
SZ,920895,-0.62,364,716
SZ,920218,-0.22,364,1618
SZ,920011,-1.21,363,1612
SZ,920009,-0.77,361,2777
SZ,920717,-1.35,354,917
SZ,920191,-0.22,353,1568
SZ,920222,-4.25,343,2544
SZ,920066,-0.82,334,1057
SZ,920183,-0.06,333,1448
SZ,920121,-0.31,332,1837
SZ,920003,-0.05,327,1522
SZ,920022,-0.51,318,1155
SZ,920132,-0.34,311,916
SZ,301139,-3.01,294,469
SZ,920931,-0.71,278,907
SH,688496,1.12,214,405
