SH,601288,-0.45,2065510,2264390
SH,601398,-0.52,2030180,2683739
SH,601857,1.03,1747139,1974796
SZ,300750,0.01,1653039,1795281
SH,600519,0.18,1638657,1638657
SH,601138,-0.81,1343643,1343643
SH,601988,-0.34,1216117,1859166
SZ,300308,-3.82,1019424,1074343
SH,601628,0.92,801706,1088191
SH,688256,0.33,736359,736359
SH,601088,-0.06,724616,953034
SH,601899,1.39,720651,930143
SH,688041,1.43,686145,686145
SH,600900,0,678993,678993
SZ,000333,-2.36,573460,635430
SH,601318,-0.21,569034,966586
SZ,002371,0.46,540881,541313
SZ,300502,-0.89,524387,582925
SH,600028,0.2,482290,615511
SH,601728,-1.74,480528,566429
SZ,002475,1.5,415625,438332
SH,601166,-0.64,388550,388550
SH,603259,7.21,378387,456485
SH,601658,0,360463,596872
SH,603993,1.33,360392,441579
SH,600276,3.72,344785,358741
SH,688012,0.47,342281,347965
SH,600030,-0.31,338873,434823
SH,600183,9.19,335113,337510
SZ,002594,0.53,313516,819818
SH,600000,-0.53,307746,307746
SH,601998,-0.92,304907,416226
SZ,000858,0.81,291424,291431
SZ,002384,3.03,268059,354160
SZ,300059,-0.54,265731,314862
SH,600150,-0.25,261967,261967
SH,688981,1.97,253145,1083830
SH,601319,-0.41,251679,313548
SZ,002916,6.69,251072,257249
SZ,300394,0.99,247608,248163
SH,601816,-0.58,247075,247075
SH,688008,2.36,244155,260316
SH,601225,0.76,243054,243054
SH,601211,0.17,241460,315380
SZ,300476,10.95,240118,272752
SZ,002463,6.4,239774,239968
SZ,300408,0.08,237652,252657
SH,600309,0.8,236570,236570
SH,688825,0.08,234158,3477806
SZ,002938,7.37,232862,233538
SZ,000651,-0.31,221543,224728
SZ,000001,-0.7,217149,217152
SH,601601,-0.65,215345,302656
SH,600919,-0.76,213976,213976
SZ,000725,1.17,213264,223377
SZ,002142,-0.84,207684,207815
SH,603288,-0.51,202155,212744
SH,601919,0.52,193998,235892
SH,688072,0.41,193588,199057
SH,600406,-0.61,192356,192923
SH,601668,-1.08,186768,186768
SZ,300760,0.88,183006,183164
SH,601328,-0.13,180682,612361
SZ,300274,6.47,180343,235517
SH,600025,-0.81,180163,180163
SZ,300433,2.58,177518,188557
SH,600176,7.18,173598,174977
SH,600989,0.77,173434,173434
SH,601066,-0.11,168368,201054
SH,601985,-0.44,165984,180793
SH,600031,-0.9,165929,180038
SH,600887,-0.52,164775,165598
SH,688498,-0.59,162832,164963
SZ,002352,-1.12,160003,175545
SH,600111,4.99,159063,159063
SZ,300124,1.86,155634,174830
SZ,000792,1.19,152766,152768
SZ,000338,2.38,149088,259898
SZ,002281,7.52,148365,156199
SH,600809,0.66,146871,146871
SH,601872,0.67,145342,145342
SH,600487,4.79,144373,145123
SH,601766,-0.83,143047,168749
SH,601818,-0.32,141541,180211
SH,603256,7.57,140756,144734
SZ,000408,3.15,140448,140449
SH,601688,-1.38,140436,173496
SZ,000063,-0.19,139477,165654
SH,601009,-0.34,138966,138966
SH,601100,-1.46,138855,138855
SH,600584,1.86,138286,138286
SZ,300604,0.89,137541,181409
SH,600690,-0.89,137066,205558
SH,601869,2.05,136119,277340
SH,688082,1.74,135561,137033
SH,600999,0.89,134784,157929
SH,600050,-1.82,133259,134437
SZ,000568,1.92,130454,130528
SZ,301165,-2.3,129661,129661
SH,603019,0.87,129568,129574
SH,601600,1.87,129261,167947
SH,601898,-1.54,127945,185356
SH,688120,5.36,127892,127892
SH,688506,2.02,127194,127194
SH,601336,0.25,126211,188795
SH,600188,-0.46,126202,212480
SZ,002714,0.21,126135,221972
SH,600346,2.29,125648,125648
SH,600016,0.57,125536,154990
SH,600489,2.91,125255,125255
SH,600019,-1.02,123988,126118
SH,688111,-0.29,123567,123567
SZ,002493,0.46,123262,131861
SZ,000776,0.68,123040,163070
SH,688361,1.15,122859,122859
SZ,300857,-0.21,121496,122121
SH,688521,5.4,120377,120377
SH,600760,-0.32,120284,120513
SH,600104,-0.66,120011,120011
SZ,301200,4.3,119449,137362
SH,600160,-1.27,116845,116845
SH,600926,-0.92,116202,116202
SZ,300014,1.22,115743,119075
SH,688525,4.12,114374,114374
SH,601698,0.19,114227,114227
SH,600522,3.44,113993,113993
SZ,000977,1.04,113811,113939
SZ,300442,0.96,113652,113987
SH,600660,-1.51,110565,144058
SH,600547,0.87,109228,139312
SH,601888,0.47,108987,115983
SH,600905,-0.52,108061,108061
SZ,000938,-0.44,108025,108025
SH,605117,1.1,107486,107486
SH,688347,2.09,107442,457891
SH,600089,0.28,107321,107321
SZ,301308,3.85,107231,160954
SH,601169,-0.19,106138,106138
SH,600886,-0.96,106073,113904
SZ,000988,2.36,105966,106020
SZ,300033,0,104763,179851
SH,600015,-0.87,103864,107426
SH,601168,7.88,102135,102135
SH,600362,6.36,102081,170332
SZ,000166,-0.43,101860,113181
SH,601995,-0.33,101710,167940
SZ,002353,-0.29,99599,147568
SH,600673,1.52,98031,98292
SH,601012,1.49,97984,97984
SZ,002156,5.81,97876,97885
SZ,002028,-0.23,97839,125353
SZ,000100,0.62,97574,100884
SZ,002736,-0.48,96989,103339
SH,601633,-0.94,96848,133177
SZ,000657,6.48,96727,151641
SH,601939,-0.29,96704,2636932
SZ,301217,17.17,96166,96166
SH,600893,-0.32,95385,95402
SH,601006,-0.82,95342,95342
SZ,002230,-0.59,95088,104298
SZ,002008,3.25,94037,101200
SH,600938,1.2,93677,1489113
SZ,000807,1.16,93530,93531
SZ,002080,7.92,93304,93304
SH,603228,10,93233,95064
SZ,002001,0.53,92958,94077
SH,688271,1.07,92462,92462
SZ,002600,-0.54,91224,102884
SH,601390,-0.21,91051,109900
SH,600549,1.29,90454,92413
SZ,000538,0.16,90012,90587
SH,601881,-0.31,89818,135587
SZ,000617,-1.38,89506,89506
SH,600795,-0.79,88821,88821
SH,601127,-0.48,88496,98997
SH,601689,0.9,87274,87274
SZ,002648,1.5,86687,86743
SH,603893,0.59,86355,86366
SH,600941,-0.93,86250,2071996
SZ,000301,1.09,86173,86210
SH,601727,-1.15,85786,105673
SH,600236,-2.45,84341,84341
SH,601868,0,83990,114582
SZ,000895,-4.84,83661,83672
SH,605499,1.75,83150,90307
SH,603799,5.75,82639,82899
SH,600436,0.41,82262,82262
SH,688249,2.72,81850,90663
SH,688702,2.81,81396,164402
SH,688200,2.37,81204,81204
SH,688777,-1.43,81082,81493
SH,688396,4.05,80808,80808
SZ,300498,-0.06,80507,90094
SZ,001289,-0.68,80368,133255
SH,688002,8.59,79456,79456
SH,600118,2.08,78860,78860
SH,601991,0.96,78219,116777
SH,601825,-0.47,77995,80242
SZ,300757,0.8,77162,79555
SZ,000630,5.33,77109,92794
SH,600011,-0.56,76654,109416
SH,601958,3.15,76116,76116
SH,601838,-0.16,76038,76038
SZ,002311,-3.48,75953,76027
SZ,000425,-1.53,74615,97086
SH,688126,1.2,74435,86559
SZ,002027,-0.18,74088,74088
SZ,002179,1.79,73983,74118
SH,603195,-0.11,73321,73454
SZ,002241,-0.93,73043,82484
SH,600674,-0.32,72924,72924
SZ,002202,5.01,72618,91192
SH,601179,-0.63,71455,71455
SH,600703,4.3,71343,71343
SH,600010,0.89,71092,102663
SZ,300475,3.49,71065,74145
SH,601186,-0.64,70860,83650
SH,600585,-0.16,70679,93773
SZ,300620,3.74,70664,71258
SH,600066,-1.35,70603,70603
SZ,002466,1.23,70481,81823
SH,601111,-1.3,70411,123980
SZ,000708,-1.55,70054,70055
SZ,300015,0.57,69864,81650
SH,688519,14.32,69809,69809
SH,600988,0.94,69368,79228
SZ,000426,3.94,69340,69356
SH,600029,-0.96,69137,92961
SH,688629,1.36,68683,69765
SH,600958,-0.32,67748,77065
SH,600026,1.26,67679,96731
SZ,000636,0.21,67570,67570
SH,601360,-2.22,67476,67476
SZ,000703,2.79,67226,67565
SH,688172,3.78,67154,79975
SZ,300661,4.53,66832,76132
SZ,001309,3.93,66590,91532
SH,688585,0.61,66506,66506
SH,600415,-1.05,66351,66351
SH,600023,-0.59,66105,66105
SZ,000960,2.17,65982,65982
SZ,000975,2.67,65957,72474
SZ,002625,-0.68,65456,65456
SH,601018,-0.58,65367,65367
SH,688036,-1.07,65364,65364
SZ,002428,10,65356,65364
SH,603296,-0.17,64750,122934
SZ,000021,2.03,64100,64108
SZ,002460,0.9,63843,110517
SZ,300759,13.11,63603,82292
SH,600048,0.38,63324,63324
SH,600233,-1.11,63310,63310
SH,688017,2.73,63289,63289
SH,601669,-0.2,62743,82686
SH,601916,-0.67,62694,79922
SH,600115,-1.59,62652,81283
SZ,001979,0.72,62443,63473
SH,688037,2.29,62328,62328
SZ,002837,3.89,62164,70076
SZ,002128,-0.71,61845,86260
SH,600875,-0.25,61654,94206
SZ,002304,-0.01,61567,61568
SH,603156,4.94,60808,60808
SH,688141,3.26,60775,60775
SZ,000831,10,60691,60691
SZ,000625,-0.53,60681,72761
SZ,300223,4.39,60306,69169
SZ,300765,7.27,60271,60271
SZ,002595,-1.11,60133,60552
SZ,000933,1.33,59988,60026
SZ,002064,1.78,59572,59699
SH,601061,1,59388,59388
SH,688409,5.39,59316,59316
SZ,002709,-0.09,59168,79932
SZ,002185,3.07,59110,59124
SH,600009,-0.45,59079,59272
SZ,002422,6.42,58749,71967
SH,600438,5.85,58661,58661
SH,688766,4.57,58278,58278
SH,600426,-0.65,57989,57996
SH,601901,-0.27,57789,57789
SH,600580,2.01,57570,57736
SZ,000768,-0.66,57444,57531
SZ,300054,0.46,57422,73639
SH,600221,0,57413,57909
SH,601077,-0.14,57183,73480
SH,688313,6.44,57131,57131
SH,601788,-0.26,57077,67364
SH,600105,0.81,56565,56565
SZ,002049,0.6,56405,56412
SH,601233,0.6,55781,55883
SZ,300136,3.3,55734,65350
SZ,002532,1.04,55607,62673
SZ,002558,-0.26,55458,55458
SH,600219,2.12,55351,55351
SZ,300666,4.56,55168,68855
SZ,002920,-1.07,55062,55080
SZ,002484,3.09,55054,57070
SH,600885,-0.3,54847,54847
SH,600096,0.03,54744,54744
SZ,300058,2.41,54638,56402
SZ,002821,10,54614,62148
SH,600372,-1.04,54583,54583
SH,601877,-0.19,54455,54455
SZ,300450,0.87,54268,58263
SZ,301526,9.46,54111,145292
SH,601059,-0.05,53931,53931
SH,600460,3.66,53750,53750
SH,600601,10,53672,55003
SH,600879,1.06,53515,53515
SH,600803,0.12,53417,53825
SH,600497,1.26,52672,52672
SH,600418,-0.61,52635,54326
SH,600350,0.46,52503,52503
SH,600378,1.43,52502,63145
SZ,300418,1.64,52443,57338
SH,688578,5.2,52416,52416
SZ,300373,2.41,52208,52324
SZ,301269,0.53,51993,51993
SH,603659,0.46,51696,51696
SZ,300316,2.13,51257,54503
SZ,300548,1.88,51257,51361
SZ,000157,-0.95,50902,62269
SZ,002436,6.25,50851,56939
SZ,000963,4.03,50732,50753
SH,601377,-0.67,50693,50693
SZ,300803,-0.7,50691,51064
SH,688110,2.39,50683,50683
SH,600741,0.06,50475,50475
SZ,300567,6.48,50285,61956
SH,600895,-0.97,50147,50147
SH,600196,3.73,50018,63049
SZ,001872,-1.49,50005,53912
SH,688469,2.91,49893,71253
SZ,000783,0.67,49715,49715
SZ,301358,-0.47,49559,54967
SH,688048,4.55,49357,49357
SH,603979,0.54,49167,49167
SH,601699,-0.48,48341,48341
SH,688147,6.02,48234,48234
SH,688432,1.43,47999,47999
SZ,002074,-0.13,47951,50105
SH,688375,3,47943,47943
SH,601298,-0.44,47936,57706
SZ,002414,3.93,47649,59876
SZ,000066,0.2,47609,47613
SZ,002409,2.15,47183,70499
SH,601117,-0.89,47183,47318
SH,688331,11.04,47092,74692
SZ,002636,8.37,47088,47327
SH,601618,-0.37,46774,54212
SH,600726,-0.15,46721,49421
SH,601607,1.52,46524,61855
SH,688729,1.82,46084,77909
SH,688220,6.2,46067,46067
SH,688223,0.68,45802,45802
SH,601208,8.48,45761,45761
SZ,002203,7.13,45548,47187
SH,603629,2.98,45512,46270
SZ,300395,8.27,45411,46579
SH,600377,-0.07,45170,59848
SH,688146,1.06,45122,164779
SH,601058,-0.21,45047,45047
SH,600930,-0.47,45014,174783
SH,603129,-0.57,44932,44932
SH,601198,-0.28,44608,44608
SH,688047,-0.27,44607,44607
SH,601021,-1.76,44592,44592
SZ,301377,5.11,44475,190765
SH,600985,-0.29,44304,44304
SZ,002812,-0.23,44067,52569
SH,688234,6.03,43556,49121
SH,601878,0,43177,43177
SH,688187,1.02,43063,65950
SH,600570,-1.85,43062,43062
SH,600027,-0.63,42945,54111
SH,600352,0.76,42944,42944
SH,688627,4.41,42921,42921
SH,605376,-0.15,42787,42787
SH,600143,0.5,42763,43388
SH,688009,0,42588,52314
SH,688188,-1.4,42584,42584
SH,603268,1.29,42528,185743
SH,603083,0.43,42289,56508
SH,603260,1.34,42063,42063
SH,688808,3.58,41873,222787
SZ,000999,0.76,41833,41872
SH,600021,0.2,41764,41764
SH,600392,4.73,41560,41560
SH,688336,7.99,41316,41316
SH,601212,2.39,41245,41245
SH,600909,1.11,41148,41148
SH,688099,-1.63,41109,41109
SZ,000811,4.04,41034,41625
SH,600061,-0.3,40922,40922
SH,600667,2.03,40911,40911
SH,600206,10,40778,40778
SH,600642,-0.23,40765,40768
SZ,300390,1.71,40713,50310
SH,688303,1.77,40516,40516
SH,603806,3.13,40462,40462
SH,600995,-0.62,40270,40270
SZ,002236,-1.4,40123,54858
SH,600588,-2.16,40081,40081
SZ,002155,1.83,40016,40020
SH,601555,0.63,39998,39998
SZ,002407,2.49,39904,44034
SH,601136,-0.74,39852,39852
SZ,300979,-0.83,39829,39830
SZ,002294,5.38,39757,39766
SZ,002945,-0.8,39555,39555
SH,600578,0.51,39498,39498
SH,603699,0.54,39469,40361
SH,603379,-1.77,39425,39425
SH,603650,3.07,39377,39472
SZ,002195,1.45,39367,39722
SH,600968,-0.5,39339,39339
SH,601108,0.12,39193,39193
SH,688295,-1.19,39114,39114
SH,601456,-0.44,39086,50728
SZ,003031,2.61,39009,51727
SZ,000893,-0.26,39007,44401
SH,603087,1.89,38995,41551
SZ,000559,-0.33,38977,38989
SH,600845,-3.74,38904,52100
SH,601238,-0.18,38764,53535
SZ,000987,-0.25,38703,38732
SH,601216,-1.72,38393,38393
SH,688433,5.77,38366,38366
SH,603392,3.9,38362,38362
SH,601665,-0.15,38338,38338
SZ,002850,1.97,38267,52261
SZ,002078,-0.93,38233,39302
SZ,300115,0,38060,38172
SH,600600,0.09,38016,73135
SZ,002653,5.52,37988,79257
SZ,300346,3.35,37897,39928
SZ,300919,1.3,37851,43220
SH,688472,1.76,37816,37816
SZ,002738,0.23,37734,38708
SH,600141,-2.05,37663,37663
SH,601126,2.15,37649,38015
SZ,000983,-0.89,37525,37526
SZ,000596,1.65,37444,48441
SZ,002138,0.78,37444,39397
SZ,002273,0.22,37403,38076
SH,601577,-0.95,37191,37199
SZ,000688,1.72,37164,37164
SZ,001203,1.95,36880,43294
SZ,002429,0.87,36557,36578
SZ,300037,-1.07,36410,50201
SZ,300972,-0.91,36405,39625
SH,600711,3.25,36376,36376
SZ,300017,4.34,36373,38359
SH,600256,1.61,36307,36307
SZ,300001,-0.19,36163,37010
SH,688300,9.91,36117,36117
SZ,002966,-0.11,36043,36659
SZ,002129,0.11,35872,35903
SZ,300866,0.9,35778,68026
SH,688322,2.42,35741,46072
SH,601808,-1.38,35703,57545
SZ,002056,1.34,35702,35739
SH,605589,6.48,35605,35624
SH,600869,2.82,35598,35598
SH,600298,0.83,35477,35919
SZ,300454,-2.65,35326,52935
SH,601611,-2.33,35262,35262
SZ,300672,14.18,35240,36373
SH,603929,1.54,35172,35172
SH,600157,-1.23,34690,34690
SZ,300782,2.49,34632,44423
SZ,002340,0.89,34567,34747
SZ,002444,-0.88,34482,35918
SH,600177,0.13,34406,35323
SH,688122,-0.68,34406,34406
SH,605358,2.44,34394,34394
SZ,000878,3.37,34382,41616
SH,600085,0.77,34314,34314
SH,603298,-0.86,34278,34278
SH,688235,10.57,34222,458737
SH,688668,5.81,34188,34188
SZ,000423,-0.73,34139,34199
SH,603369,0.81,34038,34038
SH,688536,3,33975,34582
SH,688775,-2.25,33963,52511
SH,600707,2.51,33760,33767
SZ,301511,15.18,33751,56786
SZ,002517,-0.33,33701,38114
SZ,002432,1.49,33700,33745
SZ,302132,-1.49,33394,152256
SH,600733,-1.07,33308,35083
SH,688027,0.21,33261,42566
SH,603486,-0.67,33254,33559
SH,601696,0.34,33142,33142
SZ,002252,2.45,33073,33095
SZ,300832,2.58,32892,37832
SZ,300751,0.62,32867,47533
SH,601236,-0.13,32853,32853
SZ,300251,-0.58,32833,34704
SZ,301236,-1.03,32796,43209
SZ,002032,-0.74,32795,32810
SH,600060,-0.93,32790,32911
SH,603308,0.33,32751,32751
SZ,002126,0.59,32720,34847
SH,688599,0,32398,32398
SZ,002378,2.39,32268,32438
SH,688025,7.59,32255,32255
SH,600109,0,32237,32237
SZ,002601,-2.34,32179,38601
SZ,000661,6.96,32121,32790
SZ,300870,-1.58,32052,32055
SH,688266,7.6,31964,31964
SH,603127,10.01,31945,38134
SZ,300489,14,31927,32044
SH,603606,-0.56,31887,31887
SZ,000729,-0.15,31747,35655
SZ,002131,-1.08,31733,36703
SZ,300207,-0.37,31605,34067
SH,688676,0.38,31550,31550
SH,603568,-0.25,31546,31546
SH,600839,-1.29,31520,31529
SZ,000728,-0.54,31463,31463
SZ,002555,-0.44,31287,43603
SH,600562,-0.23,31233,31233
SZ,000002,-1.52,31191,38298
SH,688362,4.71,31127,31127
SZ,000967,-1.27,31058,31072
SZ,000876,-0.71,31050,31069
SZ,002261,-1.23,31014,34095
SH,600801,-0.25,30792,47713
SZ,000786,-1.56,30783,31015
SH,600863,-0.62,30676,36825
SH,600348,-0.57,30664,30664
SH,600563,-0.75,30641,30641
SZ,300347,8.64,30544,46427
SH,600332,0.47,30213,34938
SH,688301,5.19,30150,30150
SZ,000027,-0.62,30114,30114
SH,688213,1.77,30109,37443
SZ,000060,2.73,30066,30067
SZ,300339,-0.07,30058,30781
SH,688052,4.49,30044,34254
SZ,002673,-0.14,29991,29991
SZ,002859,3.17,29965,31737
SH,600871,-0.44,29939,41895
SZ,000883,-0.85,29936,32707
SH,688333,8.4,29901,29901
SH,688180,5.52,29889,40041
SH,600259,4.53,29886,29886
SH,600282,-2.41,29839,29839
SH,688617,0,29680,29680
SH,603198,0.54,29664,29664
SH,688568,-0.15,29656,29656
SZ,002025,-0.59,29556,29566
SH,600699,-0.51,29546,32830
SZ,300558,13.81,29484,29578
SZ,000958,-1.26,29393,100008
SH,600483,-0.93,29358,29358
SZ,002472,0.1,29330,33303
SH,600428,-0.41,29221,32790
SZ,002240,2.83,29213,29289
SH,688385,1.71,29197,44588
SH,688387,2.05,29183,49469
SH,600641,9.99,29110,29618
SH,600398,0,29105,29105
SH,688102,8.04,29104,29189
SH,601001,-2.3,29072,29072
SZ,000629,-0.63,28986,28988
SH,688318,-1.72,28983,28983
SH,600737,5.38,28896,28896
SH,600663,0.88,28843,46021
SH,601933,0.31,28828,28828
SH,603338,0.39,28801,28801
SH,600517,-0.98,28707,28707
SZ,002222,2.91,28688,28817
SZ,301396,1.45,28655,43522
SH,601990,-0.43,28522,29653
SZ,300628,-1.43,28367,49511
SH,688411,1.46,28358,39027
SH,688065,8.91,28323,35019
SZ,002245,3.65,28292,30072
SH,603766,-1.77,28257,28257
SH,688167,4.01,28240,28240
SH,600331,4.85,28103,36533
SZ,300458,0.09,27968,34131
SH,600330,4.34,27863,27863
SH,601000,-1.04,27793,27793
SZ,000737,3.11,27768,27771
SH,600079,0.9,27731,29331
SZ,000959,-1.32,27720,28848
SH,600312,-0.28,27681,27681
SH,688169,0.92,27666,27666
SH,603179,-0.45,27611,27611
SH,688297,0.34,27560,27560
SH,603444,-0.29,27546,27546
SZ,002608,-0.4,27542,27542
SH,600637,0,27534,27534
SZ,002797,-0.9,27526,27526
SZ,002747,0.55,27384,33873
SH,600369,-0.23,27378,27378
SZ,300209,6.17,27346,34183
SH,603823,-1.71,27335,27335
SZ,300814,13.59,27241,27241
SH,600536,-1.76,27157,30059
SZ,000739,10.01,27108,27119
SZ,300570,2.26,27099,32025
SH,688248,-0.55,27055,27055
SH,688127,3.79,27012,27012
SZ,300432,1.14,27000,27305
SZ,003022,1.61,26982,27005
SZ,000582,-0.07,26982,31489
SH,600777,-2.97,26929,28766
SH,601799,-0.02,26894,26894
SH,601880,-0.67,26883,34415
SZ,000877,-1.55,26878,26878
SH,603939,-1.5,26830,26830
SH,603688,3.17,26586,26586
SZ,002465,0.19,26563,26605
SH,688608,-1.64,26555,26555
SZ,002487,0.69,26530,31121
SH,600515,-1.02,26427,32905
SH,688018,0.72,26209,26209
SH,603920,3.15,26186,26186
SH,601615,0.78,26166,26166
SH,600521,6.14,26157,26157
SZ,002841,0,26083,34980
SH,600299,-2.75,26024,26024
SZ,001267,10,25979,33512
SH,688548,0.78,25886,49411
SH,600208,3.05,25864,25867
SH,600546,-1.58,25792,25792
SH,600396,0.81,25758,25758
SZ,002223,1.15,25725,27368
SZ,300236,0.34,25682,28894
SH,603119,1.29,25672,25672
SZ,001389,4.8,25671,79647
SH,600704,-1.19,25649,25649
SZ,300255,8,25638,25679
SZ,000932,-0.26,25629,25629
SH,600732,-1.53,25621,25742
SZ,002180,-4.46,25587,26746
SH,688192,5.55,25528,25747
SZ,002015,-0.24,25502,25502
SH,601918,1.13,25413,25413
SZ,000887,2.34,25341,25382
SZ,002456,-4.5,25313,26674
SZ,002152,-1.82,25293,25306
SH,600918,-0.71,25278,43868
SH,600862,-0.81,25242,25242
SZ,300438,1.27,25212,31399
SH,601069,-0.76,25178,25854
SH,600998,0.81,25162,25162
SZ,000951,-2.35,25157,25157
SH,600153,-0.45,25139,25139
SZ,000547,0.89,25108,25256
SH,603345,1.4,24989,28396
SZ,002046,1.53,24918,25201
SH,688403,6.4,24917,24917
SH,601155,-0.89,24902,24902
SZ,300903,10.07,24878,30825
SH,603067,-0.98,24857,24857
SZ,300024,0.64,24683,24690
SH,600161,1.8,24658,24658
SH,600583,-0.53,24627,24627
SH,603049,-0.87,24587,42579
SZ,000921,-1.4,24461,36671
SH,601717,-1.17,24459,28316
SZ,002266,0.8,24407,26305
SZ,000415,0,24376,27954
SZ,000062,1.35,24346,24370
SZ,301018,3.18,24323,32188
SZ,300383,-0.8,24295,24339
SZ,000830,-0.77,24278,24280
SH,605090,0.82,24233,24257
SH,688820,2.72,24201,260732
SH,688475,-0.44,24200,24200
SH,603160,-0.6,24198,24198
SZ,000738,0.11,24160,24160
SH,600323,-2.31,24061,24061
SZ,920185,1.23,24012,24414
SH,688001,3.66,24012,24012
SZ,001270,0.86,24003,24157
SH,600166,-0.32,23990,23990
SH,603596,-2.97,23949,23949
SH,601399,-0.59,23949,23949
SH,603306,7.59,23928,23928
SH,688778,0.53,23902,23902
SH,600566,-4.05,23875,23956
SH,603885,-1.78,23837,23837
SH,600295,-0.73,23806,33725
SH,603678,2.19,23707,23707
SH,600246,1.79,23687,24346
SH,603663,1.55,23679,23695
SH,601606,0.09,23675,23675
SZ,300811,2.72,23633,28793
SH,600100,-1.39,23620,23620
SZ,002430,-1.02,23549,23559
SH,600535,1.61,23515,23515
SH,605111,2.61,23495,23495
SH,601928,-1.69,23489,23489
SH,600977,-0.15,23487,23487
SH,601118,2.81,23451,23451
SZ,301205,-1.43,23449,36424
SZ,300677,1.06,23444,32967
SZ,002244,-0.69,23439,26447
SH,688349,-0.65,23430,23836
SZ,002603,4.31,23346,28335
SH,601099,-0.86,23312,23312
SH,600095,-0.96,23274,23274
SH,601866,-0.82,23208,31386
SH,600353,5.17,23082,23082
SZ,000400,-0.69,23042,23123
SZ,300496,-0.94,23017,28756
SZ,000733,-0.76,22978,22981
SH,603605,-0.27,22864,22864
SH,601228,-1.3,22784,22784
SZ,301536,2.22,22770,51297
SH,688278,2.02,22728,22728
SH,600884,-1.58,22700,27779
SZ,002157,0,22662,26918
SZ,002085,0.19,22656,22656
SH,689009,-2.84,22602,29581
SZ,002498,-1.31,22423,22423
SH,603186,10,22421,22421
SH,601567,-1.04,22413,22413
SH,601865,10.02,22337,27529
SH,600388,-0.95,22327,22327
SZ,002396,1.48,22306,22398
SH,601608,0.62,22302,22302
SH,600486,0.57,22295,22295
SH,688400,3.84,22271,23159
SZ,002364,3.5,22263,22481
SZ,000603,6.58,22242,23017
SZ,002379,3.45,22171,254237
SZ,000155,0.25,22154,22154
SZ,002271,-0.85,22151,27637
SH,688425,-0.47,22134,22134
SH,603881,-1.3,22129,22129
SZ,300738,-2.04,22121,22128
SH,600873,-0.24,22097,22097
SH,603728,1.09,22092,22092
SH,688257,5.3,22026,22026
SZ,000709,-0.46,22014,22018
SH,601666,-0.1,22002,22002
SH,688343,1.12,21990,21990
SH,600126,-1.35,21986,21986
SH,688205,3.21,21973,21973
SZ,000750,-0.51,21968,24204
SH,600390,-0.8,21951,21951
SH,601963,-1.45,21947,39122
SH,603005,4.15,21939,21939
SH,603565,-0.66,21883,21883
SH,600961,7.53,21803,31113
SH,601106,-0.3,21739,21739
SZ,300776,3.82,21734,34573
SZ,002926,-0.11,21683,21683
SZ,300806,1.04,21674,30077
SZ,002317,3.83,21668,24181
SZ,000623,0.11,21561,21646
SZ,300699,0.19,21554,21815
SZ,002468,4.6,21495,22288
SZ,300474,-0.4,21490,27631
SH,603730,-6.09,21486,21486
SH,688114,3.51,21472,21517
SH,688819,-0.67,21454,21454
SZ,300083,7.96,21442,23924
SH,600685,-0.14,21423,36864
SZ,300896,2.05,21406,31681
SH,600745,0.18,21388,21388
SH,603588,0.14,21386,21386
SH,601016,-1.11,21375,23167
SH,603773,10,21360,21368
SH,600598,-1.55,21350,21350
SZ,002536,3.57,21341,22532
SH,600132,0.25,21333,21333
SZ,002065,-1.73,21286,23464
SZ,000564,-0.69,21284,25462
SZ,000598,-0.41,21273,21276
SZ,300073,1.01,21261,22871
SZ,000034,-2.22,21229,25418
SH,603077,0,21196,21196
SZ,300487,6.38,21152,34962
SZ,002007,2.44,21148,24537
SH,603290,2.19,21131,21131
SZ,002895,0.89,21104,21328
SH,600329,0.79,21073,28617
SZ,003035,-0.7,21061,21061
SH,601677,0,21049,21049
SH,600688,0.35,21034,30257
SH,688372,2.45,21021,21021
SZ,002423,-1.18,20967,20967
SH,600516,-0.37,20895,20895
SZ,002624,1.33,20873,22154
SH,600008,-0.69,20847,20847
SH,600765,-0.44,20819,20819
SZ,002545,-1.06,20806,22903
SZ,001896,3.81,20781,20781
SH,601858,-0.03,20766,20766
SH,603337,-0.99,20764,21180
SH,688502,3.71,20754,20754
SH,600848,-0.56,20707,21820
SZ,300398,2.56,20693,20806
SZ,002716,3.13,20647,25097
SH,603899,-0.48,20605,20605
SZ,002335,0.48,20544,23492
SZ,300142,6.9,20534,20824
SH,600170,-0.85,20527,20527
SH,600970,0.13,20503,20503
SH,603737,-1.44,20470,20470
SH,601997,-0.88,20438,20438
SZ,002831,-1.74,20420,36833
SZ,000519,0.62,20415,20415
SZ,000009,5.07,20299,20324
SZ,000683,-0.64,20298,22598
SH,688123,6.11,20293,20293
SH,603667,0.51,20291,21230
SH,603516,1.35,20256,20256
SZ,300821,0.78,20252,20256
SZ,000825,-0.83,20165,20165
SZ,300623,2.5,20120,21817
SZ,300763,1.38,20119,24817
SZ,002299,-0.83,20095,20493
SZ,002491,3.39,20094,21008
SZ,002948,-0.69,20077,33176
SH,688270,1.47,20058,20058
SZ,300012,-0.13,20009,23526
SH,603816,-1.16,19956,20093
SH,603233,-2.39,19907,19907
SH,688131,15.95,19871,19871
SH,600582,-0.61,19865,19865
SH,603876,3.44,19840,19840
SH,688005,-0.53,19831,19831
SH,688233,6.02,19790,19790
SH,603236,-0.86,19781,19781
SH,601158,-0.23,19776,19776
SH,600500,9.98,19772,19772
SZ,002130,-0.05,19751,24106
SH,688268,2.03,19685,19685
SZ,000039,0.59,19677,46106
SZ,001337,4.09,19677,19677
SZ,301035,0.6,19563,19592
SZ,002497,1.04,19518,21230
SZ,002265,0.75,19514,19514
SH,600967,0.26,19486,19486
SZ,301171,1.04,19483,24011
SH,688523,4.03,19429,19429
SZ,300088,-0.25,19412,19507
SH,688097,0.56,19398,19398
SH,603115,-0.93,19366,19366
SH,603171,-4.18,19320,19342
SH,603833,-3.99,19316,19316
SZ,000429,4.44,19315,30986
SZ,002262,1.96,19311,22195
SZ,002461,-1.24,19256,19256
SZ,002518,1.52,19238,19819
SH,600602,-1.53,19187,24427
SH,601187,-1.21,19171,19213
SZ,002500,-0.36,19169,19169
SH,603530,-0.61,19138,19314
SZ,002149,1.27,19057,19060
SH,688596,7.23,19021,19021
SH,603618,3.66,18999,18999
SZ,300456,0.73,18951,23226
SZ,300122,4.53,18923,32029
SH,688388,8.6,18920,18920
SZ,002120,0.15,18918,19483
SH,603000,-1.09,18907,18907
SH,603950,1.13,18862,18877
SZ,000686,-0.49,18817,18817
SH,600927,-1.73,18812,18812
SZ,002756,1.17,18797,26179
SH,600380,2.5,18770,18770
SZ,300843,0.41,18766,19141
SZ,002683,0.97,18750,21376
SZ,002739,0.56,18738,19006
SZ,300747,1.67,18708,20128
SH,600339,-0.58,18704,18704
SH,688363,1.52,18622,18622
SZ,002044,0.21,18596,18788
SH,600316,-0.53,18573,18573
SH,603658,1.37,18543,18543
SH,688700,7.05,18534,18534
SH,600518,0,18522,18531
SZ,300257,0.36,18483,19237
SH,688208,-2.88,18477,18477
SZ,300627,-0.38,18470,22303
SH,600131,-2.64,18453,18469
SZ,000997,-1.97,18446,18550
SH,603132,-1.92,18426,18426
SH,688561,-3.92,18353,18353
SH,688503,3.78,18329,18329
SH,601139,-0.93,18267,18267
SH,600577,0.37,18256,18256
SZ,301297,2.34,18256,23995
SH,688281,0.63,18252,18252
SH,600226,4.62,18203,18203
SH,600110,9.99,18150,18150
SZ,002389,-2.73,18149,18152
SZ,002670,-1.31,18149,21634
SZ,002192,4.21,18079,18116
SZ,000969,1.46,18078,18237
SH,601636,1.33,18077,18077
SZ,002270,-1.51,18050,18050
SH,601969,0.33,18048,18158
SH,600397,7.93,18047,18047
SH,601609,1.66,18030,18030
SH,600114,2.13,18011,18449
SH,688795,1.57,17991,279770
SH,600629,0.26,17971,17971
SH,600004,-1.03,17940,19536
SH,688652,5.85,17931,24948
SZ,300199,6.98,17921,21242
SZ,300503,2.65,17850,22809
SH,600606,-2.3,17849,17849
SZ,000032,0.62,17827,17827
SH,600655,-0.86,17777,17783
SZ,000543,0.26,17750,17750
SH,603529,-0.8,17689,18037
SZ,300953,-0.25,17687,24607
SZ,300170,-2.78,17675,18509
SZ,000937,-1.26,17675,18191
SH,605020,-0.61,17653,17930
SH,600038,-0.22,17640,21621
SH,688692,-0.95,17614,26895
SH,600186,1.65,17605,17641
SH,603638,-0.09,17587,17587
SH,600032,-0.67,17578,17578
SZ,002552,10.01,17541,18468
SZ,300364,5.04,17495,19298
SZ,001287,1.28,17493,17493
SZ,002402,0.19,17491,19733
SZ,300102,1.44,17467,17551
SH,600120,-0.19,17453,17453
SH,603226,1.49,17419,17419
SH,601975,-0.26,17411,17411
SZ,000513,1.56,17385,27170
SH,605198,2.01,17333,21411
SZ,000591,-0.88,17331,17338
SH,688449,4.27,17311,27158
SH,601020,1.98,17309,17309
SH,600410,-1.24,17292,17292
SZ,000875,-1.52,17247,18717
SH,688392,7.96,17245,17245
SZ,002925,1.94,17245,18204
SH,600664,9.97,17227,17227
SH,603733,2.63,17211,17211
SZ,920438,-1.81,17189,17813
SH,688150,12.8,17160,17160
SH,603786,-0.58,17144,17144
SZ,300888,-0.09,17126,17203
SH,605196,0.39,17118,17240
SH,603871,-2.1,17100,17100
SZ,002145,-0.87,17091,17092
SZ,300724,0.47,17090,20689
SH,600552,2.9,17078,17078
SH,603002,7.12,17057,17057
SZ,300657,3.03,17025,17520
SH,600820,-0.36,17010,17010
SH,688582,1.2,16977,16977
SH,600956,-0.95,16977,32537
SZ,000528,-0.47,16972,16996
SZ,301093,16.84,16971,17775
SZ,002237,2.37,16967,20348
SZ,002913,10,16927,17588
SH,600062,1.88,16923,16929
SZ,300140,-0.9,16900,16921
SZ,000935,-2.16,16880,16880
SZ,300260,6.83,16870,23918
SZ,300779,-1.69,16840,22039
SZ,000506,10.01,16837,16843
SZ,003021,0.93,16799,21673
SH,688690,9.19,16799,16799
SH,688549,2.05,16748,41984
SH,601333,-0.99,16731,20967
SH,603858,2.79,16725,16725
SZ,002957,3.23,16701,16753
SH,688166,9.76,16660,16660
SH,688800,-1.41,16626,16626
SH,688520,6.51,16611,17544
SH,600171,-0.08,16596,16596
SZ,000970,1.26,16570,16570
SZ,000766,0.23,16548,16556
SH,600739,1.4,16548,16548
SH,688390,2.58,16537,16537
SZ,301319,10.43,16447,21822
SZ,000050,0.6,16441,16441
SH,601137,1.65,16434,16447
SH,601519,-1.89,16430,16430
SH,600179,-0.92,16415,17984
SH,600867,3.21,16393,16393
SH,601966,-0.61,16391,16391
SH,603938,3.61,16384,16384
SH,688615,-0.43,16379,23720
SZ,300676,3.31,16359,16448
SH,688661,3.56,16358,16358
SZ,300660,0.32,16347,16357
SZ,300413,-0.67,16337,29913
SH,600763,1.67,16322,16322
SZ,002958,-1.95,16319,16667
SZ,300568,-2.23,16316,20186
SH,688772,0.63,16312,16312
SZ,000682,-0.89,16302,16303
SZ,002611,0.25,16294,19757
SZ,300773,-2.87,16293,17223
SH,600531,3.7,16265,16265
SH,601369,-1.75,16226,16390
SH,601326,-0.86,16223,19053
SH,603355,-0.45,16210,16210
SZ,300613,3.51,16200,17174
SH,603997,-0.77,16196,16196
SH,688106,0.93,16185,16185
SZ,002171,1.22,16105,16197
SH,688308,1.94,16099,16099
SH,600651,9.97,16045,16045
SH,688380,2.25,16011,16011
SZ,000898,-1.94,15995,18832
SZ,002312,-0.46,15918,15951
SZ,300723,4.14,15917,17151
SH,600459,1.55,15908,17239
SZ,300201,-0.05,15898,15983
SH,600435,-1.49,15880,15880
SH,601921,-0.82,15867,15867
SZ,002176,0.32,15859,15882
SH,600528,-1.1,15840,15840
SZ,002326,1.04,15838,18049
SZ,300144,-0.64,15799,15966
SH,600151,0.09,15791,15791
SH,688279,0.67,15780,19416
SZ,300002,-0.8,15771,16760
SH,688206,5.34,15769,15769
SZ,001331,4.78,15721,22509
SZ,300131,0.6,15686,17082
SZ,002506,-0.36,15663,15679
SH,688332,1.14,15659,15659
SZ,002405,-1.33,15642,15738
SH,603026,0.15,15617,15617
SH,600928,-1.11,15614,15689
SH,600750,-0.75,15601,15769
SZ,001213,-1.12,15600,15600
SH,605289,7.69,15589,15611
SH,600888,1.52,15562,15562
SZ,002896,0.73,15561,15561
SH,603283,2.7,15561,15561
SH,688545,6.17,15557,30730
SH,600623,-2.8,15552,17571
SZ,000537,-0.65,15521,15521
SH,600172,2.9,15501,17422
SZ,002773,7.17,15494,20785
SH,600267,9.98,15473,15473
SZ,000723,-2.21,15471,15500
SZ,300735,-1.87,15451,16506
SH,688625,9.14,15411,15411
SH,605296,-0.99,15400,15645
SH,688531,4.55,15383,22193
SH,600835,-0.04,15380,19209
SH,601702,-0.57,15357,15357
SH,600761,-0.97,15347,15347
SH,688368,5.35,15340,25272
SZ,301316,-0.35,15325,15809
SH,688484,-0.63,15316,15316
SZ,000902,-0.73,15313,16813
SH,600959,-1.6,15302,15302
SZ,301285,4.51,15275,15275
SH,600201,6.04,15267,15267
SH,688779,0.77,15241,15241
SZ,000539,0.68,15230,31292
SH,688003,0.41,15189,15189
SZ,000563,-1.32,15188,15188
SH,603662,0.41,15187,15187
SZ,301389,7.92,15139,15139
SH,600877,-1,15132,15132
SH,600744,3.91,15112,15112
SH,603063,1.93,15110,15173
SZ,002969,1.84,15091,15170
SZ,301550,-0.55,15057,24601
SZ,300655,1.05,15050,15119
SZ,002320,-1.02,15047,15047
SH,688353,-0.72,15034,15034
SZ,300679,2.6,15010,17740
SZ,002827,9.99,14948,15005
SH,600596,0.91,14886,14886
SZ,300602,1.45,14884,21757
SZ,002250,3.81,14883,14965
SZ,002568,1.25,14846,20291
SZ,002158,-2,14844,14876
SZ,300469,0.71,14837,14845
SH,601678,-0.26,14835,17489
SH,600872,-0.15,14826,14890
SH,603826,1.05,14821,14821
SH,603025,-1.4,14785,14885
SH,601568,-0.26,14777,14777
SZ,000927,-1.2,14763,14763
SH,600452,-1.12,14751,14751
SZ,002410,-2.18,14743,15512
SZ,000680,0.18,14698,16772
SH,688686,3.53,14677,14677
SH,688100,-2.01,14667,14795
SZ,000778,-0.78,14640,14902
SZ,301611,4.49,14638,43539
SH,601019,-2.09,14608,14608
SZ,300319,3.13,14599,15222
SZ,002768,0,14581,25235
SH,688593,4.23,14503,14503
SZ,300323,2.61,14478,19784
SH,688158,0.2,14473,16267
SH,603456,8.04,14460,14460
SH,688603,9.57,14442,14442
SZ,000966,-1.65,14411,14411
SZ,301128,5.76,14400,16370
SH,600022,-2.18,14336,14336
SH,603203,2.45,14325,14491
SH,600548,-0.82,14315,21191
SH,603009,1.98,14306,14306
SH,601778,-1.53,14296,14296
SZ,300253,-0.64,14262,16928
SH,600490,2,14247,15822
SZ,002508,-1.22,14237,14410
SH,600633,-1.23,14190,14190
SH,601375,-0.95,14169,19082
SZ,001696,3.39,14155,18183
SZ,002946,-1,14147,14313
SZ,300999,-0.1,14141,141287
SH,603613,-0.09,14130,14130
SZ,001286,0.29,14121,39225
SH,601965,0.86,14107,14167
SZ,000422,-0.82,14088,14356
SZ,002408,1.39,14086,14556
SH,601827,0.72,14061,14061
SH,600779,1.02,14040,14040
SZ,300957,1.62,14029,14106
SH,600056,1.96,14026,14031
SH,603738,-0.35,14023,14023
SZ,000088,-0.88,14012,23034
SH,600621,-0.52,14004,14004
SH,600409,4.15,13996,13996
SZ,000672,3.89,13969,13969
SH,688031,0.67,13957,13957
SH,600906,-0.75,13956,21320
SZ,300671,3.27,13945,13983
SZ,001248,-1.49,13939,174780
SH,600361,0.27,13923,13923
SH,603039,-7.89,13911,13911
SZ,002911,-2.22,13874,14215
SH,600301,2.92,13863,31850
SH,603305,0.84,13845,13845
SH,688088,-0.8,13840,13840
SH,688029,3.93,13822,13822
SZ,002249,-0.79,13792,18256
SZ,000685,0.36,13775,16218
SH,600710,-1.67,13773,13773
SH,600320,-0.94,13770,21867
SZ,000581,-1.19,13750,16745
SH,688538,-0.41,13748,33005
SZ,300975,1.71,13739,19181
SZ,300455,-0.14,13733,13910
SH,688535,3.96,13730,14731
SH,600816,-1.17,13728,24710
SH,600475,-2.67,13719,13909
SH,688258,-0.47,13708,13708
SZ,002867,-0.54,13694,13775
SZ,300718,1.68,13689,20798
SZ,002048,0.94,13682,15692
SZ,000612,0.44,13675,13675
SZ,301219,5.79,13670,19153
SH,688046,19.99,13663,13663
SH,600783,0.05,13659,13659
SH,600456,0.42,13655,13655
SH,601133,2.48,13650,13697
SZ,300179,4.26,13647,17724
SZ,001301,-0.2,13634,19113
SH,688006,0.13,13613,13613
SZ,002906,-1.74,13561,13569
SZ,002979,0.33,13499,19149
SZ,000799,1.1,13490,13491
SH,603868,-0.38,13482,13482
SH,688401,0.68,13461,14298
SH,688802,0.45,13451,290461
SH,688222,8.71,13451,13451
SH,688143,4.94,13443,14147
SZ,002226,1,13430,13430
SH,605389,0.57,13422,14169
SZ,300229,-1.65,13418,13428
SH,600366,2.09,13408,13408
SZ,301275,0.04,13406,18822
SH,600933,-0.93,13401,14070
SZ,300409,5.72,13374,15027
SZ,300184,1.6,13371,14605
SH,600675,-2.2,13362,13362
SH,600258,-0.57,13332,13332
SZ,002534,0.94,13330,13500
SH,600416,-1.62,13326,13326
SZ,002975,4.06,13303,20157
SZ,002010,-0.81,13290,13323
SZ,000089,-1.66,13289,13289
SH,603882,3.03,13289,13379
SZ,002563,-1.3,13287,16218
SH,600064,-0.51,13272,13272
SZ,300436,4.15,13205,15382
SZ,002153,-3.5,13182,22489
SH,688028,5.52,13140,13140
SH,688055,-1.98,13133,13133
SZ,000711,8.25,13121,16271
SH,600057,-1.25,13120,17801
SH,600575,-1.16,13097,24152
SZ,002151,0.14,13085,16043
SH,600155,-0.33,13082,13082
SH,600167,-1.52,13079,13079
SZ,002354,-0.73,13071,13303
SH,600916,0.65,13070,13070
SH,688516,1.57,13069,13069
SH,603707,1.64,13038,13038
SZ,300100,0.39,13020,13520
SH,688107,4.07,13008,13008
SZ,002645,3.02,12999,14392
SZ,002167,0.35,12989,13262
SZ,301626,7.12,12989,28556
SH,600113,2.61,12948,13254
SZ,300166,0.85,12907,16227
SZ,301047,20,12900,13122
SH,603800,2.7,12898,12898
SZ,000620,-0.71,12894,16206
SH,600764,-1.03,12891,12891
SH,600821,0.77,12827,12827
SH,600343,2.71,12822,12822
SH,600529,0.05,12821,12821
SH,600271,-1.84,12803,12803
SZ,002901,2.33,12774,18337
SZ,000069,-4.14,12762,14870
SZ,300457,-0.63,12754,12962
SH,603698,0.76,12740,12740
SZ,002643,2.1,12730,12923
SH,605507,5.86,12729,12729
SZ,002372,0.46,12716,13771
SH,600211,3.85,12690,12690
SH,600063,3.2,12684,12684
SH,600338,2.9,12671,12671
SZ,301095,2.16,12669,14665
SH,688202,15,12639,12639
SH,688260,-1.6,12612,12612
SH,600285,0.32,12610,12624
SZ,301029,1.91,12585,17669
SH,600850,-1.84,12578,12578
SZ,300296,-0.9,12577,14726
SZ,002440,1.84,12568,14927
SZ,002792,10,12564,19481
SZ,300593,3.18,12553,15125
SZ,000592,-1.94,12506,12615
SZ,002929,0.84,12496,16524
SH,603888,-1.57,12484,12484
SH,603515,-1.28,12461,12537
SH,605599,-3.31,12460,12460
SH,603031,0.74,12447,14801
SZ,000815,-2.23,12445,12445
SZ,002936,-1.11,12442,16093
SZ,000762,0.72,12437,12437
SH,688567,-0.19,12429,12429
SH,600776,-1.58,12418,16315
SZ,000681,-0.69,12414,12863
SZ,002701,0.21,12403,12415
SZ,300459,-1.3,12393,13255
SH,688809,2.14,12386,61929
SZ,002399,2.27,12360,14541
SH,688059,0.91,12352,13197
SZ,000758,1.97,12333,12381
SZ,300835,3.79,12324,17584
SZ,301150,8.2,12312,13125
SH,600827,-0.89,12306,13685
SZ,301015,4.19,12282,12284
SH,688116,-0.08,12253,12253
SZ,300034,-0.36,12242,12720
SH,600717,-1.62,12242,12242
SH,600116,-1.53,12238,12238
SZ,002091,-0.9,12226,12420
SH,600589,0.49,12212,12238
SH,600755,0,12196,12227
SZ,002268,-2.76,12172,12177
SZ,301238,0,12159,12159
SH,601339,-0.6,12147,12147
SZ,920808,2.05,12128,12454
SH,603757,10,12127,12127
SH,605118,1.26,12119,12190
SH,603556,-8.01,12108,12108
SZ,301123,4.34,12074,17166
SH,603983,6.29,12062,12062
SZ,001258,5.99,12059,12059
SH,603589,0.95,12052,12052
SH,688321,9.04,12051,13089
SZ,000567,-0.95,12042,12079
SZ,002847,-1.13,12029,13328
SH,600162,4.84,12028,12028
SZ,002183,-1.27,12024,12024
SZ,300182,-2.2,12020,14172
SZ,000973,-0.07,12015,30531
SH,601107,-1.59,12003,16972
SZ,002617,1.11,11998,12200
SZ,300357,5.37,11958,12938
SZ,300070,-0.84,11953,12612
SH,603267,0.56,11945,11945
SH,600986,-0.11,11944,11944
SZ,002287,2.35,11933,11957
SZ,300682,-1.27,11932,12475
SH,688383,6.53,11931,11931
SH,688020,18.83,11926,11926
SH,688382,8.21,11922,11922
SZ,002607,-0.91,11918,13260
SH,688559,2.12,11917,11917
SZ,002400,-0.42,11911,12029
SZ,002413,5.75,11905,12125
SZ,002531,0.15,11900,11967
SZ,000901,-0.12,11877,11877
SZ,300761,-0.79,11875,15776
SH,688660,-0.44,11867,11867
SZ,002096,0.31,11859,11859
SH,603389,-2.1,11853,11853
SZ,301666,1.38,11807,194238
SZ,300769,0.71,11802,13135
SH,688105,16.45,11787,11787
SZ,000553,-1.63,11778,12604
SH,601512,-0.62,11736,11736
SZ,300468,-6.57,11735,11754
SZ,002779,-0.59,11721,13064
SH,601068,-0.21,11672,13620
SH,688306,0,11669,11669
SZ,920116,2.98,11656,11656
SH,600420,1.28,11655,11655
SZ,002947,2.07,11648,15024
SZ,003036,2.87,11642,11643
SZ,002416,-2.25,11627,11773
SZ,301293,2.4,11624,11624
SZ,002668,-1.19,11611,11611
SH,600315,-0.22,11596,11596
SH,688016,2.61,11588,11588
SZ,300573,3.3,11585,15086
SH,601992,-2.1,11584,14842
SZ,300726,0.37,11580,22239
SH,603989,3.9,11569,11569
SZ,002092,0,11564,11629
SZ,000801,-0.86,11562,11566
SH,603297,-0.73,11548,11548
SZ,301039,-0.74,11547,14899
SZ,000156,-1.73,11542,12581
SH,603118,-0.8,11541,11541
SZ,002698,5.8,11539,13978
SZ,300601,4.74,11534,14308
SZ,300775,0.32,11531,11876
SZ,002174,-0.07,11526,11532
SZ,002597,-0.92,11481,11503
SZ,000990,2.28,11450,11450
SZ,301071,5.25,11440,15562
SH,600461,-0.33,11429,11429
SZ,300674,-2.45,11424,11441
SH,603927,-2.06,11418,11418
SZ,002987,-3.09,11417,11716
SZ,002544,0.6,11411,11413
SZ,000839,-7.31,11407,11407
SH,600058,1.72,11394,11394
SZ,002366,-3.9,11380,12798
SH,601952,-0.59,11369,11369
SH,600635,-2.48,11368,13876
SH,600268,-0.88,11363,11364
SH,600882,0.68,11354,11354
SH,600859,-0.29,11339,11340
SZ,300428,0.69,11338,13026
SZ,300302,2.06,11323,14713
SH,601619,0.22,11322,13545
SZ,001280,0.56,11315,134701
SZ,000048,-1.05,11311,11330
SZ,002741,10,11310,12324
SZ,300146,-0.09,11308,17069
SZ,002024,-1.6,11289,11303
SZ,003018,0.36,11250,12414
SZ,002051,-0.21,11246,11247
SZ,002258,-1.67,11236,11254
SH,603185,0.12,11224,11291
SH,603011,9.99,11213,11213
SZ,300065,1.19,11200,12302
SZ,300607,0.91,11185,15807
SH,600864,-0.91,11173,11173
SH,603601,0.82,11172,11172
SZ,300204,2.76,11142,13295
SZ,300827,0.28,11136,14201
SH,688198,1.41,11130,11130
SZ,000035,-3.01,11126,11486
SZ,000767,0,11096,11723
SH,603040,1.24,11081,11139
SZ,002838,1.47,11063,12582
SZ,300376,-1.85,11055,11059
SH,600612,-0.45,11048,18225
SH,688063,0.85,11046,11046
SZ,300638,-2.84,11039,18714
SZ,002083,-0.16,11038,11038
SH,688182,6.03,11036,11036
SZ,301188,7.39,11036,11036
SH,600619,-1.54,11025,14995
SZ,000099,-1.03,11024,11024
SH,600559,0.08,11023,11023
SH,603093,0.11,11012,13829
SZ,002654,4.75,10997,10997
SH,600572,2.36,10988,11017
SH,688319,3.75,10983,10983
SZ,301486,3.2,10970,19379
SZ,002011,-0.85,10955,11089
SZ,002182,-0.93,10949,12546
SZ,002139,0.2,10947,12743
SZ,002539,2.33,10944,14855
SH,603124,9.49,10943,20550
SZ,002348,2.19,10942,12027
SZ,300224,0.43,10933,10973
SZ,002297,1.87,10929,10929
SH,603906,-1.11,10922,15348
SZ,002217,-1.31,10919,11219
SH,688090,5.85,10909,10909
SZ,002246,-0.49,10893,10893
SH,603281,-1.31,10871,10871
SZ,300077,1.97,10868,13013
SZ,000949,1.23,10867,10869
SZ,002310,-0.39,10866,14818
SH,688153,0.15,10864,11180
SZ,300315,-1.38,10852,11561
SH,603328,10.04,10833,10833
SZ,301207,3.44,10830,10837
SZ,300777,2.16,10824,11045
SH,603713,0.68,10815,10815
SH,603393,-1.27,10797,10797
SZ,002373,-2.24,10787,12373
SH,600006,-1.27,10780,10780
SZ,000998,-0.6,10778,12049
SH,600908,-1.27,10776,11829
SZ,300185,-0.35,10770,11301
SZ,002807,-1.23,10760,10776
SH,603693,-0.98,10751,10751
SZ,000700,0.34,10732,10732
SH,601801,-1.25,10729,10729
SZ,000810,-1.52,10717,11099
SZ,000028,-0.19,10706,12465
SH,688698,1.06,10696,10696
SH,600376,1.22,10679,10679
SH,600395,-1.77,10669,10669
SH,600773,0.54,10667,10667
SZ,002583,-2.57,10659,15113
SZ,002839,-1.12,10647,10657
SZ,002897,1.64,10638,11183
SH,600509,0.52,10624,10624
SZ,002254,0.89,10598,10610
SH,601163,-0.59,10584,10584
SH,603099,0.26,10581,10581
SH,600184,1.45,10577,10577
SH,603992,-3.27,10575,10575
SH,600367,4.22,10567,11196
SZ,000899,-1,10567,10567
SZ,002655,4.24,10559,10580
SH,603220,-3.24,10529,10529
SZ,002931,2.34,10526,11354
SZ,300684,6.85,10525,15410
SH,600248,-1.38,10524,10548
SZ,002276,-0.47,10514,10556
SH,601022,-0.98,10508,10508
SH,600480,-0.22,10506,10584
SH,600446,-2.53,10486,10486
SZ,002439,-1.97,10485,17432
SH,688663,-1.37,10466,10466
SZ,301267,1.07,10453,13541
SZ,002003,-1.82,10446,12150
SZ,300009,3.54,10445,14184
SZ,002565,-0.29,10441,10441
SZ,002842,5.14,10438,12720
SH,688160,1.03,10431,10431
SZ,000690,-0.82,10416,10423
SH,688359,5.94,10401,10401
SZ,300331,4.58,10394,12150
SZ,002081,-1.74,10392,10435
SH,603619,0.13,10384,10384
SH,601900,-0.16,10381,10381
SH,603235,0.04,10380,10380
SZ,002204,0.56,10371,10371
SZ,000061,-1.52,10371,11473
SZ,300353,-1.78,10364,11800
SZ,002385,-1.31,10356,12857
SH,603859,-2.61,10353,11271
SZ,002020,4.62,10338,12295
SH,603303,6.07,10331,10331
SH,600123,0.29,10327,10327
SZ,000828,-0.29,10322,10322
SH,600326,0.66,10314,10314
SH,603218,-0.59,10310,10319
SZ,002181,-3.08,10302,10542
SZ,300951,0.76,10260,11480
SZ,301127,5.31,10255,10563
SH,688068,6,10244,10244
SH,688662,6.37,10225,10225
SZ,000917,1.98,10220,10221
SH,600648,-0.87,10217,12212
SZ,300693,4.51,10216,11886
SZ,300008,-0.79,10213,10714
SZ,300049,1.49,10210,11539
SZ,300913,0.2,10208,12241
SZ,300026,1.49,10205,10214
SZ,001399,-0.79,10196,175405
SH,603533,0.43,10187,10187
SZ,300580,-1.41,10170,10810
SH,603052,1.86,10161,10161
SH,600383,-1.31,10158,10158
SH,688275,0,10153,10153
SZ,300244,3.21,10150,12650
SH,600363,1.44,10145,10145
SH,600993,0.51,10130,10147
SZ,300363,20.02,10129,11108
SZ,002984,-0.83,10116,14684
SH,600507,0.69,10109,10109
SH,600728,-2.26,10109,10109
SZ,000510,3.41,10106,10805
SH,601882,-0.61,10106,10106
SH,600391,-2.75,10105,10105
SZ,000727,-1.32,10101,10101
SZ,002815,4.42,10095,16032
SZ,000837,0.6,10094,10252
SH,600360,1.35,10093,10093
SZ,300863,4.02,10082,10495
SH,605318,-0.93,10052,10052
SZ,301031,-0.62,10048,12781
SH,603936,10.01,10042,10280
SH,600662,-0.89,10041,10070
SZ,002031,-1.12,10027,11525
SZ,300618,8.53,10025,11394
SH,600458,-0.16,10022,10980
SH,605060,4.28,10016,10086
SH,688378,3.38,10014,10865
SZ,002043,-1.97,10013,10289
SZ,000403,1.33,10009,10112
SH,688138,1.4,10007,10007
SH,601949,-2.77,9996,9996
SH,688125,3.56,9985,10012
SH,601005,0,9976,11531
SZ,301091,3.84,9976,9976
SZ,300328,-0.2,9976,10025
SZ,301087,-0.69,9971,12125
SZ,002549,-0.47,9970,10013
SZ,300007,1.67,9968,11536
SH,600787,-1.07,9961,9961
SZ,002891,-0.31,9953,9953
SH,600163,-0.75,9934,9934
SH,600345,0.97,9916,15449
SZ,002978,0.3,9911,12668
SH,600718,-1.77,9907,9907
SH,603027,-1.32,9901,9901
SZ,300377,-1.37,9880,10739
SH,603341,0.98,9878,19304
SZ,002387,-1.38,9876,9889
SZ,300378,-0.99,9856,9931
SH,603300,-1.98,9856,9856
SZ,301183,2.01,9838,13421
SZ,002063,-2.79,9819,10631
SH,605006,4.09,9817,9817
SH,688797,0.17,9809,52178
SH,600971,-1.08,9804,9804
SH,603538,6.21,9801,9889
SZ,300005,2.85,9791,9871
SZ,002922,2.73,9783,10966
SH,603360,2.14,9781,9781
SZ,300304,-0.86,9776,10046
SH,688032,0.28,9772,9772
SZ,002705,-1.78,9764,9816
SZ,002557,-0.76,9763,9793
SZ,300263,3.85,9746,10340
SH,600033,-1.1,9743,9743
SZ,002675,1.95,9738,10802
SZ,000795,0.93,9734,9734
SZ,002169,-0.15,9719,10026
SZ,000676,2.8,9707,9713
SH,600373,-1.49,9701,9701
SZ,300486,2.06,9688,9691
SH,601003,-3.56,9687,9957
SZ,002100,0.85,9680,9680
SH,600037,-1.69,9673,9673
SZ,301382,-0.21,9672,11687
SZ,000065,-1.4,9660,10534
SZ,300303,0.41,9659,10300
SZ,920045,1.25,9657,32659
SH,688726,-0.62,9655,17794
SH,601038,-2.58,9637,14798
SH,688253,6.68,9627,9627
SZ,002832,-3.5,9623,14102
SZ,002361,1.62,9619,11308
SZ,000410,0,9619,12927
SZ,002647,-2.16,9615,10704
SZ,300624,0.63,9615,10856
SH,600759,-0.42,9613,9626
SH,600072,-1,9588,13281
SH,600666,-2.04,9583,10538
SH,688209,0.96,9578,9578
SH,603103,-0.12,9570,9570
SZ,300188,-7.06,9565,9609
SH,600094,-3.64,9547,10439
SZ,301381,0.38,9535,9544
SZ,301090,-1.36,9517,9527
SH,603599,0.29,9512,9512
SZ,002967,-0.62,9499,11053
SH,605123,-0.66,9486,9486
SH,603125,1.83,9481,9481
SZ,002937,1.69,9478,9502
SH,688371,4.36,9477,9477
SZ,301216,3.89,9465,10084
SZ,000049,-0.35,9463,9466
SZ,000600,-0.45,9462,15652
SZ,300277,-0.23,9461,18745
SZ,300596,2.59,9450,9658
SH,600757,0.13,9441,9442
SZ,300480,7.84,9439,12936
SH,688227,1.37,9431,9431
SH,688231,3.29,9431,9431
SH,605255,-0.16,9430,9430
SZ,000552,-2.31,9426,13540
SZ,000401,-1.37,9420,9509
SZ,300113,-0.85,9417,12472
SH,600936,-4.24,9408,9408
SH,601811,-1.15,9408,14658
SH,601886,-1.3,9393,9393
SH,603323,-1.16,9392,9392
SH,601200,-0.98,9383,9383
SH,603883,-0.23,9380,9380
SH,603100,-0.42,9377,9406
SZ,002961,-0.9,9372,9372
SZ,000516,2.16,9370,9515
SH,603327,-2.07,9367,9367
SZ,300042,5.08,9362,9363
SZ,001308,-1.23,9335,13490
SH,688327,-1.05,9334,11627
SZ,300687,0.18,9327,11342
SH,603583,0.7,9327,9413
SZ,002426,-1.07,9323,9323
SZ,002289,0.74,9317,9515
SZ,002541,-0.63,9313,12952
SH,603712,0.08,9310,9310
SZ,000031,-3.12,9301,9301
SZ,301177,-0.33,9292,9298
SH,600556,-1.33,9292,9292
SH,688376,-0.06,9290,9290
SH,688697,3.27,9290,9290
SZ,301078,-1.2,9285,9295
SH,688165,1.31,9272,9272
SH,600328,-0.31,9267,9267
SZ,000420,-0.25,9267,9270
SZ,000950,1.31,9266,9266
SZ,002293,0,9265,9343
SH,600597,-1.75,9249,9250
SH,601311,-0.24,9244,9244
SH,688139,3.48,9229,9229
SH,600645,4.5,9224,9228
SZ,001914,0.34,9209,9210
SZ,300382,1.5,9187,9188
SH,688611,0.05,9182,9182
SH,605179,5.68,9179,9179
SZ,002345,-1.02,9175,9400
SZ,002511,0,9159,9275
SH,600269,-0.75,9155,9155
SH,603057,-0.44,9151,9220
SH,688262,1.23,9149,9149
SZ,300420,1.11,9142,9143
SZ,000833,-1.17,9133,16146
SZ,002173,2.55,9129,9571
SZ,301363,3.92,9125,13914
SZ,002061,-1.12,9123,9277
SZ,002208,-0.34,9115,9117
SH,603319,1.74,9110,9110
SZ,002170,0,9096,11189
SH,601860,-1.15,9092,9372
SZ,000536,-0.89,9091,9100
SZ,002283,1.57,9086,10323
SH,603690,0.55,9084,9084
SH,600307,-1.35,9082,9082
SH,688289,2.28,9079,9079
SH,688128,-0.08,9077,9077
SH,601528,-1.8,9075,9595
SH,600740,-2.2,9070,9070
SH,688485,9.7,9063,9063
SH,600133,1.07,9052,9052
SZ,000006,-1.89,9045,9045
SZ,002993,1.09,9044,10470
SZ,001227,-1.82,9025,12189
SH,688035,4.02,9025,9025
SH,688677,4.47,9024,9024
SH,600649,-2.15,9020,9020
SH,600273,-0.57,8982,8982
SZ,002119,3.55,8981,8981
SZ,002368,-2.09,8962,9006
SH,600481,0.46,8959,8959
SZ,000823,5.24,8954,8954
SZ,300634,-2.17,8946,9295
SH,605016,-2.2,8929,8929
SZ,301357,1.54,8922,8922
SH,603915,0.07,8917,9070
SH,688325,-0.31,8917,9382
SH,603169,-2.28,8909,8909
SH,688076,2.18,8909,8909
SZ,301345,0.62,8906,27724
SH,688552,-2,8883,8883
SZ,000848,-1,8878,8956
SZ,000656,-1.67,8877,12389
SZ,300855,3.41,8877,11985
SZ,000818,-0.51,8866,8890
SZ,002115,0.76,8866,9564
SH,688261,1.67,8863,8903
SZ,002579,9.05,8862,9306
SZ,002626,4.68,8861,8862
SH,600185,-0.83,8860,8860
SZ,002053,0.52,8848,8848
SH,688161,2.79,8848,8848
SZ,301196,3.4,8848,13479
SZ,300740,-0.77,8841,9512
SH,600389,-1.34,8833,8833
SZ,002703,-7.82,8832,12397
SH,605298,0.25,8828,8904
SH,688190,-0.64,8820,8820
SZ,300850,-0.9,8816,12137
SH,688456,2.42,8811,8811
SZ,300766,-0.15,8809,9715
SZ,001232,12.48,8792,110490
SH,600929,-2.36,8791,8791
SH,600996,-1.25,8790,8790
SZ,002458,0.55,8755,12967
SH,600782,-1.41,8745,8852
SZ,000930,-0.62,8743,8744
SZ,002075,-2.92,8731,8731
SZ,002243,-0.81,8730,8777
SH,688513,8.28,8728,8728
SH,605319,1.25,8721,8770
SZ,002233,-2.48,8718,8724
SZ,920186,1.42,8707,16647
SZ,300772,-1.1,8703,9812
SH,688239,1.42,8698,8698
SZ,300846,-0.66,8694,10534
SH,600508,-1.48,8691,8691
SH,688083,-0.79,8677,8677
SH,688507,-1.75,8675,15701
SZ,301606,-1.73,8674,21812
SH,603508,-1.68,8670,8670
SZ,002019,2.49,8670,12517
SZ,002099,1.71,8666,8676
SZ,002350,-0.23,8664,8856
SH,603626,-0.56,8651,8651
SZ,002392,1.36,8647,8893
SH,603919,0.95,8644,8644
SZ,300101,2.14,8642,8672
SH,603809,-0.2,8642,8642
SZ,300181,2.43,8640,10051
SH,688612,2.25,8630,14093
SZ,000980,-1.15,8623,8623
SH,600129,2.36,8608,8608
SH,603995,3.63,8607,8607
SH,688758,9.7,8603,12015
SZ,300145,2.04,8599,8641
SH,600997,-2.69,8590,8590
SZ,002580,-0.62,8590,8619
SZ,002985,-0.87,8581,8605
SH,688486,1.33,8569,8570
SZ,300053,1.23,8565,9171
SZ,300130,-3.28,8562,11187
SZ,300497,3.45,8544,10170
SZ,301013,-0.39,8533,10539
SZ,000751,1.93,8531,8531
SZ,000593,4.71,8528,8532
SH,688783,2.23,8521,127958
SH,600020,-0.78,8518,8518
SZ,300986,20.03,8515,8521
SH,603013,-0.29,8492,8492
SZ,000761,-2.13,8492,9408
SH,600973,0.49,8489,8489
SH,601089,2.92,8472,8472
SH,605305,-0.64,8467,8467
SH,603890,0.96,8463,8463
SZ,000829,-2.7,8459,8467
SH,600812,3.57,8459,8459
SZ,301109,-0.43,8453,10684
SH,605168,1.44,8452,8452
SH,688739,2.65,8447,8546
SH,600399,0.23,8441,8441
SH,600640,-1.74,8438,8438
SH,600478,-0.39,8436,8436
SZ,002721,7.82,8430,8430
SH,688586,-0.64,8428,8428
SH,600686,-0.67,8425,8425
SZ,002039,-0.34,8419,8419
SZ,000712,-1.46,8393,8396
SH,600567,-0.74,8389,8389
SZ,002332,0.71,8389,8428
SH,603612,0.06,8388,8388
SZ,000550,-1.39,8384,13958
SZ,300529,-8.24,8378,13057
SH,600266,-1.7,8365,8365
SZ,300440,-0.04,8364,8396
SH,688112,1.61,8349,8349
SZ,002928,-1.94,8347,8347
SH,603459,10,8346,79581
SZ,002004,1.37,8343,8771
SH,600693,0.42,8333,8342
SH,688091,3.85,8332,8357
SZ,002190,-1.06,8319,8319
SZ,002292,-0.11,8296,12051
SH,603219,0.54,8292,8292
SZ,300322,-1.97,8289,8658
SH,688277,2.48,8289,8289
SZ,002980,3.54,8288,15418
SH,603227,0.91,8284,8284
SZ,002759,-0.89,8281,8288
SZ,002674,-1.25,8277,8361
SH,688669,7.64,8275,8275
SZ,002639,-0.86,8265,9760
SZ,000922,1.12,8262,9774
SZ,003009,0.93,8257,8259
SZ,002585,0.98,8247,10614
SH,600017,-1.46,8243,8243
SZ,300938,1.83,8239,9493
SZ,000885,-0.15,8238,8238
SZ,301086,7.9,8221,14833
SZ,301080,20,8213,10857
SZ,000533,-1.06,8212,8283
SH,603163,1.79,8198,8198
SZ,301228,2.64,8185,8224
SZ,301176,10.6,8185,8435
SH,688337,0.34,8169,9609
SH,688252,5.33,8168,8168
SH,603680,-1.69,8159,8159
SH,688605,0.54,8137,15199
SZ,002251,-0.53,8134,9841
SZ,002239,-1.18,8133,8749
SZ,000719,-1.52,8133,12473
SZ,300790,0.11,8131,9253
SH,688789,-2.33,8128,8128
SZ,002216,0.31,8127,11333
SH,605222,-0.5,8126,8126
SZ,002221,-1.41,8123,8763
SZ,002706,-1.32,8120,9973
SH,601890,-0.34,8117,8117
SH,600055,0.17,8106,8106
SZ,002718,0.67,8088,11140
SZ,002017,-3.85,8086,8091
SH,603608,-0.41,8084,8084
SH,600751,-1.87,8080,9104
SZ,300576,7,8077,12833
SZ,002515,2.95,8066,8862
SZ,300035,-0.64,8044,9452
SZ,002488,-3.74,8032,8690
SZ,002212,-6.51,8028,8115
SZ,000860,-0.36,8026,8026
SZ,300072,-2.26,8020,8083
SH,601828,0.45,8020,9665
SH,688710,13.34,8006,12444
SH,688011,10.58,8002,8030
SZ,002346,1.04,7999,9008
SH,603033,-0.74,7999,8146
SH,600935,-1.29,7997,8196
SZ,000869,1.15,7983,11528
SH,603112,-1.77,7982,8062
SZ,002277,-1.54,7975,7975
SH,601595,-1.76,7960,7960
SH,603687,0.07,7948,7948
SH,603399,-1.2,7941,7941
SH,688439,-0.19,7938,7938
SZ,002150,3.71,7919,7972
SZ,301571,10.42,7917,11921
SH,688050,1.94,7915,7915
SZ,300527,-1.39,7900,7900
SH,688416,3.58,7900,7900
SH,600545,1.38,7885,7885
SZ,002267,-0.97,7885,7885
SH,603053,-0.55,7884,7884
SH,688381,3.08,7866,7866
SH,688428,5.34,7860,50968
SZ,002516,-0.36,7857,7913
SZ,002125,-0.78,7856,7856
SZ,300499,3.18,7844,8822
SZ,002023,2.5,7841,7912
SH,688221,9.75,7840,7840
SZ,002342,-0.23,7838,7882
SZ,002079,0.94,7835,8776
SZ,000566,3.25,7832,7836
SH,600502,-0.86,7827,7827
SZ,301327,-0.7,7826,7826
SZ,300294,0.71,7821,7821
SZ,002737,2.45,7820,7820
SZ,002041,-2.83,7814,7814
SH,605100,0.71,7810,7847
SZ,300910,-0.67,7810,11150
SZ,002960,-1.58,7804,8493
SZ,002030,-0.17,7803,7803
SH,600746,1.21,7801,7801
SZ,002941,-2.01,7801,7801
SZ,002309,0.31,7796,9745
SH,603181,0.08,7794,7794
SH,605333,-0.93,7791,7791
SH,600618,-1.04,7791,12015
SZ,300327,0.83,7790,7848
SZ,002097,-1.35,7777,7791
SH,688155,0.36,7773,7773
SH,601718,-1.1,7763,7763
SH,600587,0.55,7759,7759
SZ,000859,-2.8,7759,7759
SZ,300770,-0.81,7751,7751
SZ,002471,0.17,7742,7884
SZ,300641,0.2,7736,7736
SH,600722,5.77,7735,7735
SH,605488,-0.7,7725,8397
SH,603223,-0.9,7722,7722
SH,600075,-1.52,7719,7719
SZ,300416,0.79,7718,7771
SH,605167,1.68,7710,7710
SZ,301263,4.97,7698,10789
SZ,002761,-1.92,7692,9420
SH,688326,-1.53,7684,8256
SZ,002446,2.14,7681,8294
SZ,002386,-0.33,7678,7680
SZ,301498,1.49,7678,17144
SH,603477,0.4,7661,7855
SH,688515,0.07,7658,12297
SH,688480,1.03,7655,7655
SZ,300031,2.02,7654,9108
SH,688093,2.36,7652,7652
SH,601686,-1.14,7648,7648
SH,688177,5.12,7648,7648
SH,688622,-1.96,7638,7638
SZ,002036,-2.94,7631,7646
SZ,002110,-0.94,7627,7627
SH,603043,-0.72,7627,7692
SH,600736,-1.33,7622,7622
SZ,301189,0.95,7584,7858
SH,688305,-0.91,7584,7604
SH,688628,2.03,7583,7583
SZ,300595,1.43,7574,10144
SH,600335,-0.77,7571,7571
SH,688798,-0.1,7570,13002
SZ,300180,-2.63,7570,7784
SH,603045,3.08,7567,7567
SH,600789,1.63,7557,7818
SZ,002434,-0.34,7553,7561
SZ,000012,-1.02,7543,11714
SZ,300834,-2.6,7534,7601
SZ,003013,2.86,7526,8616
SZ,301326,13.47,7518,7584
SZ,301369,1.33,7517,14020
SZ,300482,2.04,7513,8178
SZ,002214,-3.91,7511,9399
SZ,002782,2.47,7510,7601
SH,601908,0.65,7509,7509
SH,600917,-0.61,7509,7509
SZ,301510,1.17,7501,10867
SH,600305,-1.15,7500,7512
SH,605007,-3.47,7498,7517
SZ,002730,0.14,7485,7832
SH,600861,-2.64,7484,7484
SZ,000628,-1.11,7472,13693
SZ,300168,-2.07,7469,7477
SZ,301232,4.76,7469,12563
SH,688087,-0.63,7468,7745
SH,600846,-0.82,7466,7466
SH,603166,0.43,7458,7515
SZ,920982,5.4,7451,15458
SZ,002106,1.25,7451,7460
SH,605133,-0.07,7448,7531
SZ,300842,3.28,7448,8380
SH,688626,4.61,7438,7438
SH,605008,0.52,7429,7429
SZ,002588,-0.45,7427,9964
SZ,300400,17.41,7423,7448
SZ,300520,-0.74,7422,7680
SH,688179,5.94,7421,7421
SZ,002275,1.22,7421,7826
SH,600962,-7.27,7418,7418
SH,603977,-0.82,7418,7418
SH,600449,10.01,7412,7412
SZ,002533,-0.25,7405,8411
SZ,300191,3.11,7401,10707
SH,603279,-1.15,7395,7395
SZ,002215,0.33,7394,9189
SZ,002077,1.19,7394,7394
SH,600866,0.45,7394,7394
SZ,300939,2.85,7393,7393
SH,688488,8.73,7393,7393
SH,603211,4.06,7382,7382
SZ,300895,-1.17,7381,7522
SH,600078,2.96,7381,7540
SH,603985,0.6,7358,7358
SH,600797,-2.31,7357,7357
SH,600117,-2.15,7357,7357
SH,601700,-10.05,7334,7334
SH,600903,-0.93,7333,7333
SZ,300298,1.18,7325,9104
SZ,000402,-2.38,7322,7323
SH,600251,-1.97,7319,7319
SH,600724,-0.97,7311,7313
SZ,000059,-0.21,7309,7309
SH,603931,0.6,7308,7308
SH,688176,2.9,7307,7307
SZ,002971,10.01,7306,9558
SH,600657,-2.28,7301,7301
SH,688293,15.89,7299,8859
SZ,300492,2.83,7296,7296
SZ,300276,-0.71,7294,9667
SZ,300337,1.99,7292,8425
SH,603055,-1.55,7292,7318
SH,688103,2.59,7291,7291
SH,688556,1.39,7278,7278
SH,688108,-0.33,7277,7277
SZ,002324,0.64,7274,10423
SH,603050,-1.73,7272,7272
SZ,300861,0.12,7265,11569
SZ,002990,6.93,7264,13781
SZ,000928,-0.97,7259,7259
SZ,002121,-1.14,7256,8597
SH,688621,6.96,7243,7243
SZ,000503,-2.24,7236,7237
SZ,300171,5.07,7230,9841
SH,688418,1.51,7229,7229
SZ,002734,2.91,7219,7908
SZ,000650,1.69,7216,7588
SH,601579,-2.01,7216,7216
SZ,300540,3.84,7215,7943
SH,600059,-1.61,7210,7210
SH,600611,-5.72,7207,10899
SZ,002034,-0.63,7204,7234
SZ,300098,-2.09,7200,8115
SH,601388,1.55,7198,7198
SH,600400,1.95,7195,7195
SH,600557,3.34,7190,7190
SZ,002681,-2.13,7187,8220
SH,600590,-0.34,7187,7266
SH,688328,2.94,7184,7184
SZ,002315,-0.83,7175,11255
SZ,002006,-0.28,7173,7173
SH,600676,-0.13,7169,7169
SZ,000498,-1.58,7160,7669
SZ,301069,0.06,7144,7586
SH,605128,-1.16,7143,7143
SH,603416,-0.46,7135,8026
SZ,000544,-0.67,7135,7135
SZ,000813,3.34,7129,7130
SH,688312,3.12,7127,7127
SZ,002108,-0.45,7119,7122
SZ,000030,0.47,7118,7326
SH,688290,1.8,7115,7115
SZ,001298,1.04,7105,7543
SH,600125,-1.26,7102,7102
SZ,002733,0.84,7101,7396
SZ,300222,2.35,7095,8511
SZ,300768,-2.93,7092,10855
SH,603299,-0.65,7087,8669
SH,600252,0.91,7069,7069
SH,601096,-2.92,7065,11503
SZ,000756,-0.9,7064,9865
SZ,301489,3.49,7060,11800
SZ,300739,4.16,7059,8702
SH,600510,-0.86,7049,7049
SZ,301248,0.67,7049,9645
SZ,301392,9.75,7046,17271
SH,601330,-0.83,7042,10186
SZ,301061,4.34,7034,10588
SZ,002448,-1.13,7030,7126
SZ,000595,-1.43,7026,7026
SZ,002650,0.96,7008,7008
SH,688563,-0.47,7001,23209
SH,600771,1.13,7000,7000
SH,605011,-1.06,6998,6998
SZ,300868,3.91,6994,11015
SZ,300852,4.13,6993,7244
SH,600748,-2.56,6991,6991
SZ,300348,-2.73,6990,7774
SZ,300685,2.69,6989,6998
SZ,920029,-0.56,6983,7177
SH,688062,6.88,6976,13536
SH,600955,-1.16,6974,6974
SZ,002935,0.36,6969,7121
SZ,002093,-2.25,6962,6962
SH,600730,2.42,6958,6958
SZ,300174,0.21,6951,6989
SH,688191,0.71,6947,6947
SZ,300080,-0.53,6941,6950
SZ,300045,0.37,6939,8906
SZ,002219,0.95,6936,7318
SZ,002284,-0.41,6934,6999
SZ,002445,-2,6933,6963
SZ,301191,1.01,6927,9187
SZ,301215,-0.94,6916,6924
SH,600654,0.34,6906,8479
SZ,300872,-1.73,6905,7986
SH,688631,-0.97,6903,6903
SH,688550,0.18,6902,6902
SH,603128,-0.56,6899,6899
SZ,002631,10.01,6888,6920
SZ,000601,-1.04,6886,6991
SH,688365,-0.36,6880,6880
SZ,300134,-6.56,6877,6877
SH,688699,4.45,6875,6875
SH,600810,-1.08,6874,6936
SH,603778,-1.1,6872,7056
SZ,002796,3.26,6861,7604
SH,600925,-0.69,6858,29416
SH,603311,-0.57,6852,6852
SH,603660,10,6852,6852
SH,605365,-0.57,6847,6847
SH,600780,-0.66,6845,6845
SZ,300997,-0.39,6838,7538
SZ,300153,0.56,6835,6870
SZ,300678,-1.25,6834,6956
SH,688788,2.03,6834,6834
SH,600987,0.3,6829,6829
SH,603580,-2.69,6828,6828
SZ,002546,-0.46,6826,7106
SZ,300341,-0.44,6823,6851
SH,688518,1.94,6816,6816
SZ,920394,0.02,6807,6858
SZ,300265,-0.67,6804,6808
SH,605098,0.72,6802,6802
SH,601015,-6.97,6802,6802
SH,603990,7.58,6798,6798
SZ,002421,-1.44,6791,7189
SZ,002943,10,6791,9595
SZ,002537,-2.02,6790,6809
SZ,000777,-1.49,6786,6786
SH,600770,-0.56,6786,6786
SH,605598,0.9,6785,6785
SZ,002885,6.4,6781,7743
SZ,002256,-0.58,6768,6857
SH,603065,2.41,6766,6766
SH,600468,-3.71,6755,6755
SZ,300976,4.29,6753,10498
SH,600158,-0.7,6745,6745
SH,600325,-3.15,6743,6743
SZ,000631,0.69,6739,6739
SH,600828,-0.76,6735,6737
SZ,000755,-2.12,6735,6735
SZ,002104,-4.58,6729,7948
SH,603466,-0.95,6716,6716
SZ,002052,-0.09,6715,7329
SZ,002135,-0.15,6712,7173
SH,600195,0.46,6709,6709
SH,688787,0.18,6702,6702
SH,600525,3.25,6699,6699
SZ,000968,-0.56,6695,6695
SH,603517,0,6690,6690
SZ,002785,0.06,6683,7827
SZ,002242,-2.55,6680,6692
SZ,301339,2.37,6672,6754
SZ,002664,3.82,6671,6764
SZ,300444,0,6670,8553
SH,600422,0.57,6661,6661
SH,603229,3.62,6659,6659
SH,600775,-0.49,6658,9056
SZ,301291,-1.4,6657,12795
SZ,300252,0.68,6655,8149
SZ,300137,4.06,6652,6734
SZ,000597,3.06,6651,6735
SH,603567,9.94,6651,6657
SZ,002690,0.52,6649,13525
SZ,301050,0.38,6645,7801
SH,600713,1.18,6643,6737
SZ,002955,-1.47,6640,8032
SZ,000589,0.47,6640,6684
SH,603071,-0.66,6640,6640
SZ,001314,0.38,6639,7631
SH,600429,-1.11,6619,6639
SZ,300493,-0.75,6611,6688
SZ,002550,2.18,6608,8984
SZ,301209,0.94,6607,7733
SZ,002014,-0.08,6606,6713
SH,600894,-0.12,6602,6634
SH,688818,0.52,6588,86673
SH,601515,3.01,6582,6582
SH,603200,-0.92,6570,6570
SZ,000058,-2.05,6568,8212
SZ,002810,-0.48,6563,7070
SZ,301286,0.02,6561,16276
SH,688708,-0.94,6561,18406
SZ,002437,9.86,6552,6957
SZ,002467,-1.43,6547,6588
SZ,002057,1.76,6546,6551
SZ,000008,-1.22,6546,6546
SH,600682,1.26,6542,7560
SH,688577,-0.37,6542,6542
SZ,000551,0,6541,6544
SZ,002438,-3.38,6541,7080
SZ,300819,4.03,6535,7235
SZ,000989,3.87,6525,8046
SH,605366,-0.46,6515,6515
SZ,300996,-3.73,6513,7738
SH,600496,-0.6,6508,6508
SZ,300343,-3.01,6504,6517
SZ,300221,10.53,6496,6661
SH,688079,4.97,6494,6608
SH,605188,0.79,6484,6484
SH,600103,-2,6482,6566
SH,605178,0.38,6482,6482
SZ,002042,-0.77,6480,6480
SH,603861,-0.64,6475,6621
SZ,002840,-1.68,6469,6514
SZ,300358,1.89,6464,6557
SZ,300284,-1.45,6459,6807
SZ,002970,-4.43,6452,9390
SH,600310,-1.56,6449,6449
SZ,300324,-2.07,6447,6513
SZ,002140,-0.54,6434,6443
SH,600966,-2.03,6430,6430
SZ,300598,-2.84,6430,6431
SH,688230,2.69,6427,6427
SH,688276,4.23,6424,6424
SZ,300435,-1.68,6422,6715
SH,600488,0.34,6420,6420
SZ,002470,0,6407,6408
SZ,301522,0.09,6402,8601
SH,688610,4.25,6401,10633
SZ,300731,0.74,6397,6740
SZ,001391,-0.93,6396,51399
SH,601500,0.5,6395,6421
SZ,300815,-0.72,6387,6521
SZ,300909,2.24,6374,8538
SZ,300900,2.56,6368,8127
SH,603277,-2.42,6366,6386
SZ,300700,4.13,6362,7107
SH,603969,-0.26,6361,6510
SZ,300143,3.11,6350,7423
SH,603155,1.91,6346,6346
SZ,000905,-0.92,6328,13156
SZ,301678,1.18,6326,10905
SH,600368,0,6326,6326
SH,603108,-0.09,6324,6324
SZ,000026,1.29,6311,7024
SH,603197,-1.41,6309,6395
SZ,002965,5.51,6308,8792
SZ,300983,1.57,6308,7133
SH,600501,-0.86,6306,6306
SZ,002141,6.46,6301,6301
SZ,002009,0.06,6299,7156
SH,688352,8.19,6291,20425
SZ,000572,-0.51,6290,6299
SH,688095,-2.41,6289,6289
SH,603489,0.34,6288,6288
SZ,000090,-1.74,6278,6278
SH,688109,4.33,6270,6270
SH,603336,1.08,6264,6264
SZ,002127,1.29,6263,7708
SH,600604,-2.83,6263,8336
SZ,003043,-0.15,6262,9591
SH,603867,0.1,6261,6314
SH,688799,6.41,6257,6257
SH,600313,-2.85,6255,6713
SZ,002527,0.85,6251,7837
SZ,000524,-0.1,6251,6253
SZ,300127,1.04,6251,8751
SZ,300164,-0.55,6246,6302
SZ,301366,20,6239,11175
SH,603123,-5.05,6236,7636
SZ,301182,4.1,6231,6833
SH,688366,3.25,6229,7346
SZ,000722,-0.44,6229,7668
SH,688685,-1.98,6215,6215
SZ,002605,-0.21,6210,7667
SH,603010,0.74,6204,6359
SH,600643,-4.17,6202,6213
SZ,002213,2.25,6197,7122
SH,603368,0.58,6196,6196
SH,688499,1.16,6192,6192
SH,603213,-1.2,6184,6184
SH,603068,-2.18,6176,6176
SH,688232,-1.12,6176,6176
SH,605005,0.13,6175,6175
SZ,301155,7.72,6175,10891
SH,688185,7.19,6170,13328
SH,600255,1.79,6159,6159
SZ,001212,2.13,6156,7116
SZ,300128,2.16,6150,6158
SH,600975,-1,6148,6148
SH,688315,11.56,6147,6147
SZ,002519,-0.53,6147,6195
SH,688598,4.25,6146,6267
SZ,002067,2,6140,6770
SZ,300226,-1.81,6137,6383
SH,600851,4.92,6134,10031
SH,600108,-1.24,6133,6133
SH,600203,-0.57,6131,6131
SH,600370,-0.64,6114,6114
SZ,300360,-1.12,6113,6283
SH,605056,0.67,6099,6190
SH,603383,-2.36,6098,6098
SZ,300566,6.75,6093,7045
SZ,002123,-3.53,6088,6806
SH,600897,-0.74,6087,6087
SZ,301261,1.22,6076,6128
SZ,000908,1.02,6070,12141
SZ,000541,-0.79,6066,7571
SZ,300369,-9.51,6066,6088
SZ,003006,-1.59,6060,6075
SH,688620,2.12,6056,6056
SH,603269,3.09,6056,6056
SH,603363,-1.73,6053,7702
SZ,300151,5.46,6050,8738
SZ,300706,4.03,6050,8160
SH,600230,2.67,6048,6048
SZ,301328,0.08,6046,8366
SZ,300119,0.33,6042,8417
SZ,002606,-0.82,6042,6296
SZ,000915,1.69,6042,6046
SZ,002678,-0.44,6041,6045
SH,688069,0.26,6040,6040
SH,688757,3.19,6038,13438
SH,688553,7.5,6038,7448
SH,600617,-2.01,6037,6559
SZ,003040,5.94,6030,6087
SH,688526,0.7,6027,6027
SH,600829,0.29,6019,6019
SH,600841,-1.53,6018,8008
SZ,000957,-0.48,6018,6018
SZ,300722,-0.31,6014,6014
SZ,300256,-2.18,6012,6079
SZ,300820,0.32,6012,11950
SZ,300041,0.91,6010,6176
SZ,002272,0.55,5995,7123
SH,603776,-0.46,5994,5994
SH,605018,0.87,5989,5989
SH,603595,5.96,5988,5988
SZ,920599,0.83,5981,7891
SZ,300063,0.95,5977,7236
SZ,000913,-1.87,5976,6048
SZ,000779,-10,5972,5973
SZ,300043,-1.43,5969,5972
SZ,300393,-0.15,5965,6799
SZ,002382,1.53,5957,6015
SH,603135,-0.93,5955,6000
SZ,002029,0.34,5955,6310
SH,688408,0.74,5952,5952
SZ,000571,0.14,5950,6134
SZ,002210,-1.31,5948,5961
SZ,002538,0.29,5945,5949
SZ,300048,-2.04,5945,5956
SZ,002232,-2.21,5944,5944
SZ,301292,-0.89,5943,15542
SH,600106,-1.31,5941,5941
SH,600644,-0.76,5939,5939
SH,600855,-0.07,5939,5950
SZ,003010,-2.12,5934,8162
SH,603708,-1.47,5930,5930
SZ,300969,0.64,5929,12430
SZ,300192,-1.28,5925,5995
SZ,002452,-0.77,5925,7097
SH,600586,-0.94,5924,5924
SH,603877,-2.61,5923,5930
SZ,001330,-1.35,5919,6996
SH,605183,-1.02,5918,5958
SH,600983,-1.65,5917,5917
SZ,002082,2.06,5911,6368
SH,688658,6.57,5909,5909
SZ,000036,1.2,5907,5910
SZ,002635,0.54,5905,9849
SZ,000735,-0.57,5904,5907
SZ,301638,-1.04,5903,75008
SH,603221,-1.85,5894,5894
SZ,301153,-2.94,5892,6317
SH,688717,0.63,5891,9517
SZ,000793,0,5889,9711
SZ,002068,-1.59,5887,5890
SZ,300129,0.24,5886,9082
SH,688117,7.72,5872,5872
SZ,000025,-1.44,5864,6436
SZ,000561,-0.91,5861,6523
SZ,300084,-0.79,5859,6827
SZ,300592,0.18,5853,6659
SZ,301000,-0.5,5853,6200
SZ,003041,-0.04,5852,6159
SZ,300283,-4.04,5850,7653
SH,605555,0,5848,5848
SH,600433,-1.46,5846,5846
SZ,002390,3.41,5841,5890
SH,600815,0.3,5837,5837
SZ,300046,0.9,5835,5835
SZ,002132,0.48,5835,5844
SH,688689,4.27,5833,5833
SZ,300307,7.08,5831,5932
SZ,002992,3.73,5824,6743
SZ,300214,-0.62,5821,5821
SZ,300258,-0.38,5813,5967
SH,600592,0,5810,5810
SZ,300756,0.46,5808,6674
SZ,300470,-0.02,5808,6120
SZ,000881,-0.61,5802,6070
SZ,002101,-1.45,5801,5806
SH,600963,-1.19,5800,5800
SH,600691,-1.2,5796,5797
SZ,300617,-2.99,5790,6907
SH,605277,-1.1,5788,5894
SZ,300467,-0.87,5782,6903
SZ,002803,-2.74,5782,8897
SH,600375,-1.73,5778,6332
SZ,301312,4.85,5776,11483
SZ,002752,-0.33,5775,5783
SZ,301099,3.4,5774,9488
SH,688562,-0.27,5772,5772
SH,600826,-0.74,5772,5772
SH,688767,1.55,5769,5769
SH,688733,3.07,5760,5760
SH,600054,0.63,5759,8184
SH,603507,0.12,5756,5820
SZ,000948,-1.46,5756,5766
SH,688135,3.13,5753,5753
SH,601116,-0.56,5745,5745
SZ,300079,-2.6,5741,6389
SH,601968,-1.09,5741,5741
SH,688510,0.59,5736,5736
SZ,301101,0.27,5730,5949
SZ,300709,0.21,5729,7135
SZ,002793,4.36,5723,5732
SH,688307,3.18,5722,5722
SH,688323,5.47,5717,5717
SZ,301607,1.29,5715,8815
SH,605288,-2.56,5707,5746
SZ,300990,4.55,5704,12559
SZ,300841,5.24,5703,6232
SZ,001236,-1.43,5701,7578
SZ,301362,4.65,5699,20315
SZ,002997,0.59,5691,5691
SZ,301307,2.49,5691,11019
SH,688334,-0.21,5691,5771
SH,688419,20,5690,5690
SH,688173,1.32,5689,5743
SZ,002073,-0.7,5689,5747
SZ,000670,-0.86,5680,5786
SZ,920368,2.75,5680,5970
SZ,002860,-0.47,5679,5814
SZ,000912,-0.54,5676,5676
SZ,300212,0.74,5672,5846
SZ,002194,10.01,5671,7584
SH,600982,-0.58,5666,5666
SZ,301070,8.39,5666,8428
SZ,002206,-1.1,5665,6228
SZ,002218,-1.44,5662,5746
SZ,300203,0,5658,5663
SZ,002263,-1.3,5654,5654
SH,688656,3.43,5653,5653
SZ,002649,-6.72,5648,6228
SZ,002510,-0.87,5647,5705
SH,601121,0.43,5640,6939
SH,688226,0.74,5639,5857
SH,600477,-1.64,5638,5638
SZ,300905,3.22,5632,7220
SZ,300626,-0.37,5631,5634
SZ,301580,4.77,5629,8331
SZ,002951,0.43,5628,5682
SH,603333,-1.3,5625,5625
SH,688345,2.42,5624,5651
SH,603887,-1.88,5623,5623
SZ,300159,-1.92,5619,10036
SH,600237,6.01,5615,5668
SH,600769,1.42,5610,5610
SH,600742,-2.07,5603,5603
SH,600425,-1.12,5600,5600
SZ,301306,3.16,5598,8110
SH,688073,20.01,5598,5598
SZ,002298,-1.04,5597,6269
SZ,002349,3.15,5593,5710
SZ,000697,-1.37,5584,11937
SZ,300465,-7.42,5582,5582
SH,688151,0.75,5581,5581
SZ,300525,-3.92,5581,6802
SZ,000042,-0.11,5578,5585
SH,603609,-0.63,5578,5578
SZ,300708,-0.12,5577,7292
SZ,002134,6.89,5567,5571
SZ,300581,0.2,5562,5562
SH,600881,0,5559,5559
SZ,000900,-1.34,5555,5555
SH,605339,-0.75,5554,5554
SH,688309,2.76,5550,5550
SZ,002956,-1.87,5547,5548
SH,603130,-0.53,5543,5543
SH,600035,-0.85,5539,5539
SH,688170,2.51,5530,5530
SH,603366,-0.72,5529,5529
SZ,920493,0.58,5526,7501
SZ,300825,0.53,5513,5632
SH,603855,-0.9,5509,5542
SZ,002695,6.63,5508,6027
SH,603686,-0.66,5504,5504
SZ,300019,-0.39,5503,5869
SH,688776,0.38,5479,5479
SH,688711,3.06,5471,5471
SZ,002164,-0.43,5469,6067
SH,600081,0.2,5469,5469
SH,600292,-1.49,5469,59314
SZ,300278,-0.5,5469,5486
SH,688601,1.92,5464,5464
SZ,300696,-0.23,5462,6017
SH,605287,4.81,5460,5460
SH,688707,-0.73,5459,5459
SH,600694,-1.43,5458,5458
SH,603098,-0.48,5458,5465
SH,688237,0.23,5457,5457
SZ,300197,-1.07,5456,5456
SZ,000501,-0.83,5455,5460
SH,603685,3.32,5454,6847
SH,603897,-0.63,5450,5450
SZ,000920,-0.25,5444,5445
SH,603499,5.94,5444,5444
SZ,300066,1.3,5440,5668
SZ,002279,-2.14,5433,5889
SH,600698,-0.6,5431,6989
SZ,000411,0.42,5429,5439
SZ,002708,0.29,5415,5891
SZ,002685,0.37,5411,5411
SH,603901,-1.85,5410,5485
SZ,300039,5.36,5410,6171
SZ,300057,2.52,5410,6533
SZ,301333,11.03,5408,5415
SH,688225,-5.77,5408,5408
SZ,002196,-0.8,5407,5489
SH,603012,-3.9,5405,5405
SZ,000717,-1.75,5405,5405
SZ,300006,3.02,5395,5396
SH,603194,-0.57,5382,13658
SZ,300093,2.46,5382,12582
SH,603587,-0.86,5379,5379
SH,600278,-0.47,5378,5378
SH,688575,3.41,5377,5377
SZ,300918,-0.74,5375,5375
SZ,300293,-1.36,5374,5374
SZ,300792,-1.05,5365,5980
SH,600234,2.56,5361,5361
SZ,002882,-1.22,5355,9394
SH,603668,0.96,5346,5346
SH,603153,-0.74,5346,5427
SZ,002787,1.41,5344,7160
SH,600981,-1.23,5337,5337
SZ,001359,2.86,5337,21347
SZ,000557,-1.07,5336,5338
SH,601008,-0.91,5335,5335
SZ,300531,-3.16,5335,5497
SH,603610,-0.25,5334,5334
SZ,300925,-2.48,5334,6542
SH,603848,-1.11,5332,5332
SH,688057,4.1,5324,5324
SH,603380,0.79,5322,5322
SZ,300300,-1.35,5314,5315
SZ,301321,2.42,5314,6712
SZ,300648,3.79,5310,6975
SZ,300959,0.84,5309,8153
SH,600199,-0.73,5308,5308
SZ,300082,-0.88,5304,5318
SZ,002657,-1.55,5304,5366
SZ,002777,-2.45,5303,5352
SH,603158,4.45,5300,5300
SZ,000404,-0.25,5299,5324
SZ,300633,1.39,5296,8650
SH,600868,0.36,5296,5296
SH,601177,-0.29,5296,5366
SZ,002833,-0.16,5296,7753
SZ,000531,-0.33,5295,6061
SH,600189,0.82,5292,5292
SH,603682,-1.83,5287,5287
SZ,000608,-0.83,5285,5317
SH,603131,0.84,5283,5283
SH,600743,1.81,5279,5279
SH,603666,-0.49,5276,5276
SH,688181,2.4,5275,5275
SZ,002577,-0.99,5271,5271
SH,601086,0.76,5268,5268
SZ,002351,-1.36,5268,8989
SZ,003012,-1.89,5264,5368
SZ,002424,0.88,5264,6387
SZ,301323,0.59,5262,8180
SZ,002191,0.27,5260,5302
SH,600720,-1.32,5257,11955
SZ,002697,-0.42,5257,6242
SZ,300259,9.64,5255,5256
SZ,300926,-1,5254,7657
SH,603988,-1.71,5252,5252
SZ,002274,0,5252,5333
SZ,002870,1.93,5249,5375
SZ,002915,-2.3,5249,6109
SZ,002988,0.1,5241,5241
SH,605228,-0.98,5239,5260
SZ,001323,-0.7,5238,7322
SH,600825,-1.56,5235,5235
SZ,000517,-0.93,5233,6686
SH,603889,-1.24,5229,5268
SZ,300147,4.47,5226,5257
SZ,300067,-1.75,5221,6430
SZ,300689,-0.69,5215,5926
SZ,002229,-2.3,5208,5240
SH,605050,-0.46,5204,5204
SH,603701,-0.44,5204,5204
SZ,300587,1.44,5200,6413
SH,601518,-0.71,5199,5199
SH,600603,-3.06,5198,5198
SZ,301566,1.65,5197,9848
SZ,002824,0.09,5191,7141
SZ,300036,-2.01,5189,5746
SZ,300446,0,5189,11743
SH,600191,-4.37,5184,5184
SZ,300619,1.87,5180,6153
SZ,002376,-5.86,5179,5334
SH,688683,7.63,5179,5179
SZ,300528,-1.48,5179,5179
SZ,002358,-1.06,5179,5179
SZ,000880,-0.34,5178,10580
SZ,300227,7.49,5175,6756
SZ,002805,-0.1,5175,5198
SZ,002060,-1.77,5173,12427
SH,603170,-0.6,5172,5172
SH,600217,-1.57,5172,5172
SZ,002300,-1.37,5172,5172
SZ,002640,-2.04,5171,5204
SH,603590,6.18,5166,5192
SH,601199,0.36,5162,5162
SH,605009,0.33,5161,5161
SZ,000409,-2.12,5161,5923
SZ,301007,0.92,5159,5227
SZ,301368,-0.57,5158,5158
SZ,002567,-0.27,5154,5159
SZ,002383,-1.55,5153,5153
SH,688101,-0.63,5153,5153
SZ,301012,-0.64,5151,5151
SH,600784,-1.03,5148,5148
SZ,002419,-1.09,5147,5147
SH,600984,-1.91,5141,5141
SH,600513,1.69,5141,5141
SH,605580,0.55,5138,5138
SZ,003033,4.72,5137,5201
SZ,301230,16.77,5135,5709
SH,603727,1.62,5130,5130
SZ,002489,-1.82,5127,5813
SZ,002303,-5.18,5124,8116
SZ,300161,-1.3,5124,5222
SZ,000796,-1.02,5123,6175
SZ,300443,-0.51,5120,6752
SH,600569,-0.55,5113,5113
SH,603353,0.91,5111,5111
SZ,000925,0.66,5107,5147
SH,603217,7.87,5106,5106
SZ,300507,-1.19,5099,5268
SZ,000560,-2.23,5098,5135
SZ,920640,2.17,5093,5294
SH,688539,3.75,5090,5090
SH,601002,-1.65,5087,5087
SH,688115,-1.79,5085,5085
SH,600138,-0.7,5081,5081
SZ,002713,-1.32,5081,9181
SZ,300488,0.97,5080,5987
SZ,000888,-0.51,5079,5079
SZ,300158,2.2,5076,5081
SH,688348,1.09,5076,5076
SZ,301413,-0.02,5076,8502
SZ,001313,0.55,5076,5082
SH,603843,0.97,5072,5072
SH,688720,3.96,5071,7953
SH,600279,-0.46,5068,5068
SH,603110,1.21,5067,5067
SZ,300287,-2.53,5062,5511
SH,600300,-0.62,5062,5062
SH,600593,0.1,5058,5123
SH,603173,-1.46,5058,5058
SZ,300261,4.28,5054,5163
SH,688655,11.09,5053,5053
SH,600889,0.81,5045,8077
SH,688566,2.12,5042,5042
SZ,002301,-0.7,5040,5083
SZ,300695,-0.8,5039,5039
SH,601011,-1.12,5038,5038
SH,603196,1.14,5031,8889
SH,603137,10,5031,5031
SZ,301256,0.1,5030,5030
SZ,300856,-0.44,5030,5204
SH,688228,0.49,5029,5029
SZ,002530,-3.59,5026,5634
SH,688207,-0.04,5021,5021
SH,688410,1.26,5020,5020
SZ,300878,3.51,5020,5043
SH,600336,0.8,5020,5020
SZ,301529,-0.93,5019,9350
SZ,002047,-0.29,5018,5019
SH,605377,-1.2,5016,5016
SH,601279,-0.62,5011,5011
SH,600756,-2.45,5011,5405
SZ,002038,3.34,5009,6041
SZ,002638,-1.85,5005,5315
SH,688796,13.19,5004,57918
SH,688282,1.72,4999,4999
SZ,300680,0.78,4998,6494
SH,605299,-1.67,4998,4998
SZ,000525,-1.53,4992,5850
SZ,300149,6.91,4989,5232
SZ,002166,1.05,4985,5006
SH,603212,1.61,4983,4983
SZ,300534,10.47,4972,4993
SZ,002757,2.09,4970,5206
SZ,002122,-0.39,4969,5004
SZ,002045,2.79,4966,4972
SH,600939,-2.6,4965,4965
SZ,301589,-1.6,4963,13313
SH,600610,-0.7,4961,7499
SH,600284,-0.96,4958,4958
SZ,300406,1.3,4956,6846
SZ,300569,-0.4,4955,4970
SH,688691,3.02,4946,8135
SH,688007,-0.73,4945,4945
SZ,300697,6.19,4945,6459
SH,688386,0.43,4944,5412
SZ,001328,2.65,4944,5263
SH,600979,-1.23,4942,5018
SZ,301162,-0.01,4936,7607
SZ,300785,-0.73,4930,8014
SZ,920576,0.71,4926,4976
SH,603122,-0.23,4920,4920
SZ,300586,4.78,4918,6543
SZ,300681,0.52,4918,6522
SZ,301379,2.6,4918,6241
SH,600817,0.11,4908,4932
SZ,002307,-3.52,4904,4963
SZ,300291,-1.49,4900,4964
SZ,300783,-1.01,4899,7021
SZ,300219,1.02,4897,4906
SZ,300788,-0.3,4894,4894
SH,600197,-0.38,4893,4893
SZ,300711,3.47,4892,5522
SH,603777,0.9,4889,4889
SH,600121,-5.86,4886,4886
SH,688786,3.55,4883,4883
SH,603976,-0.69,4882,4882
SZ,002334,-0.89,4880,5445
SZ,002819,-2.28,4878,6148
SZ,002940,2.38,4871,5303
SH,603598,-0.1,4863,4868
SZ,301629,2.54,4862,10569
SZ,002559,1.15,4859,6188
SH,600605,2.35,4858,4858
SZ,301265,2.95,4857,6032
SZ,002443,10.02,4857,4857
SH,688448,-1.98,4855,4855
SZ,002189,-0.95,4855,4856
SH,603286,0.7,4851,4897
SH,600571,-3.63,4848,4938
SZ,300087,0.37,4845,5087
SH,603162,-1.03,4843,15769
SZ,002479,0.36,4842,4853
SZ,002528,1.77,4841,5526
SZ,002238,-1.78,4839,4839
SH,600308,-0.92,4839,4839
SH,603916,6.18,4838,4838
SZ,002642,-1.87,4836,4836
SZ,301349,1.8,4834,6122
SH,603111,-0.34,4833,4974
SZ,002291,-2.45,4832,5199
SZ,301048,-0.43,4827,4827
SZ,002154,-2.38,4825,5969
SZ,300755,0.61,4824,4827
SZ,301268,0.3,4822,5331
SH,601566,-0.46,4821,4821
SZ,002344,-0.52,4818,4823
SZ,002165,-1.18,4817,4867
SH,600990,-0.93,4813,4813
SH,600790,-0.9,4808,4808
SH,600814,-1.5,4807,4807
SZ,301004,-1.88,4807,5150
SZ,300249,0.78,4807,5891
SZ,301211,4.74,4794,4794
SZ,002892,-1.13,4791,7103
SZ,301008,19.99,4789,5423
SZ,001208,-1.43,4787,9588
SH,600288,-0.98,4787,4787
SZ,300797,0.32,4786,4799
SZ,002959,-0.08,4784,5333
SZ,002632,-0.11,4773,5190
SH,600073,-0.77,4773,4773
SZ,002066,-0.85,4768,4848
SH,600084,-3.19,4765,4765
SZ,002526,0,4764,4796
SZ,002570,-0.44,4763,4763
SZ,002662,-1.24,4755,4755
SZ,300292,-1.38,4754,5716
SZ,002033,-0.68,4753,4753
SH,688609,0.64,4750,4959
SZ,301330,-0.28,4749,5752
SZ,001322,-1.94,4745,5842
SH,688377,-0.72,4744,4744
SH,605368,-1.48,4738,4738
SH,688580,0.73,4737,4737
SH,600231,-1.75,4737,4796
SH,603398,6.23,4735,4735
SH,688389,1.84,4735,4735
SZ,301365,-0.22,4733,7013
SH,603097,0.29,4732,4842
SH,688085,3.06,4730,4948
SZ,002102,-1.32,4728,5496
SZ,300692,6.84,4725,5179
SH,688667,-2.15,4721,4721
SZ,000753,-0.82,4719,4719
SH,688320,-0.69,4718,4718
SZ,301179,-0.54,4716,8032
SZ,301239,3.62,4713,4964
SH,600351,2.25,4713,4713
SZ,002728,-0.31,4712,4825
SZ,300232,-1.48,4709,5779
SH,601789,-1.8,4706,6601
SZ,002774,3.53,4706,5623
SH,603106,-9.95,4706,4706
SZ,301367,0.59,4703,6006
SZ,002590,-1.65,4702,4931
SZ,300016,4.65,4683,4845
SZ,002111,0.31,4682,5097
SZ,002880,2.69,4677,4677
SZ,301603,1.89,4675,14961
SZ,301391,0.8,4673,4783
SH,603387,2.68,4671,4671
SZ,000993,0.39,4667,4667
SZ,002749,-0.57,4665,4769
SZ,300215,-1.73,4659,4659
SZ,002455,-0.13,4652,5086
SZ,002235,0.36,4650,4868
SH,688635,2.67,4649,24524
SZ,301045,0.73,4647,7354
SZ,002501,-0.75,4646,4651
SZ,002482,-2.35,4642,4651
SZ,300490,-1.08,4640,4704
SH,600551,-1.86,4638,4638
SZ,000417,-1.48,4635,4640
SZ,002375,-1.13,4632,4663
SZ,002523,-0.29,4630,4647
SZ,000863,0,4630,4699
SH,600088,-1.26,4629,4629
SH,688330,-0.08,4628,4628
SH,600976,0.67,4628,4631
SZ,300871,3.76,4627,4627
SH,603408,-1.98,4623,4623
SH,600758,-4.62,4623,4627
SH,603365,-1.55,4614,4638
SZ,002919,-0.28,4610,4644
SZ,300727,-0.72,4606,5118
SH,603767,-0.46,4602,4602
SZ,301115,14.23,4598,5656
SZ,000936,-0.94,4598,4598
SH,603216,-1.94,4596,4596
SH,603980,0.3,4596,4596
SZ,300267,3.53,4594,6662
SH,688379,3.3,4593,4842
SZ,300123,2.44,4592,4721
SH,603070,-1.45,4591,4591
SH,600495,-1.29,4591,4591
SZ,300027,-4.27,4591,4966
SZ,301583,-1,4590,27611
SZ,300702,3.81,4589,7589
SZ,002481,-1.19,4584,5058
SH,688679,-4.04,4584,4584
SH,688218,1.73,4582,4582
SZ,001317,-1.73,4578,4582
SZ,002556,-1.6,4577,4581
SZ,300463,2.76,4577,5629
SZ,300547,0.51,4573,5566
SH,688210,2.48,4571,4571
SH,603711,-0.8,4571,4571
SH,600681,-0.28,4569,4572
SH,603222,1.28,4568,4568
SZ,002026,0.1,4568,4568
SZ,000078,4.82,4568,4578
SZ,002401,-2.14,4568,4572
SZ,301235,7.62,4565,6099
SH,603191,-1.49,4563,4563
SZ,300688,-2.25,4561,5145
SZ,002483,-0.57,4559,4565
SH,603683,0.76,4557,4604
SZ,001207,-0.25,4553,4717
SZ,002478,-0.31,4553,5675
SH,600523,-1.13,4546,4549
SZ,301055,0.37,4543,4643
SH,600626,-1.14,4543,4543
SH,603758,9.97,4539,4539
SH,605338,-0.04,4533,4533
SZ,301325,-0.05,4531,4531
SZ,002627,1.72,4531,4580
SH,688512,3.41,4531,6602
SZ,300737,-0.96,4525,5662
SH,600715,-2.46,4523,6415
SZ,002907,3.54,4520,5621
SZ,000759,2.23,4518,4564
SZ,000045,-2.46,4515,5004
SH,603439,0.81,4515,4515
SH,603822,-0.16,4514,4514
SZ,300196,2.93,4511,7465
SZ,003004,0.06,4505,5365
SH,603032,1.26,4504,4511
SZ,300271,-2.57,4496,4595
SZ,300523,-1.52,4494,4495
SZ,002522,-1.19,4489,4493
SH,688119,-0.98,4489,4489
SH,688356,8.5,4488,4488
SZ,000507,-0.19,4485,4571
SZ,300397,-0.44,4482,5684
SH,603206,-2.52,4474,4474
SH,688238,15.55,4474,4485
SZ,300968,-1.36,4473,4473
SH,600101,-0.84,4471,4471
SZ,300138,-2.68,4469,5420
SZ,000665,-1.49,4469,4469
SH,601588,-1.74,4469,5657
SZ,301487,1.3,4466,7524
SH,603348,-1.58,4466,4466
SZ,300663,-1.21,4461,4636
SH,600379,2.74,4461,4461
SZ,300429,0.95,4457,5926
SH,605208,0.22,4451,4451
SH,601218,0.44,4448,4448
SH,603661,1.33,4446,4446
SZ,301458,2.13,4442,10083
SZ,300767,0.93,4440,5114
SH,603669,5.77,4438,4438
SZ,002727,-0.17,4436,6611
SH,603528,-1.87,4433,4433
SZ,000558,0,4433,4435
SH,688653,6.87,4430,5943
SZ,300561,-1.49,4428,6027
SH,603803,-1.41,4427,4427
SH,603726,1.52,4427,4450
SZ,301488,-2.96,4424,10797
SZ,300491,1.3,4422,4985
SH,600178,-0.72,4422,4422
SH,600714,-0.06,4421,4421
SH,600283,-0.75,4419,4419
SZ,002393,3.08,4419,4538
SZ,300917,-1.79,4414,4414
SZ,002707,-0.77,4411,5012
SZ,300847,-7.28,4408,4408
SH,603060,-1.78,4406,4406
SH,603611,-0.51,4405,4405
SH,603209,-0.14,4401,4449
SZ,002746,0.49,4400,5335
SH,688196,0.26,4400,4400
SH,600222,3.01,4397,4397
SZ,002884,-0.79,4396,5759
SH,688010,1.41,4396,4396
SH,600658,-3.9,4396,4396
SH,600382,-0.15,4396,4396
SH,605300,0,4394,4394
SH,688646,-1.55,4394,6813
SZ,300326,-0.8,4393,4395
SH,688267,-1.12,4392,4392
SZ,300802,0.56,4391,6164
SH,603150,1.99,4388,4388
SZ,301075,-1.55,4386,4386
SH,601065,-0.86,4384,4384
SZ,000821,-1.08,4384,4516
SZ,920077,-0.33,4381,8506
SH,603339,1.51,4379,4379
SZ,002124,-0.88,4378,4933
SZ,002641,-1.02,4377,4744
SH,600880,-1.71,4372,4373
SH,688639,2.4,4372,4372
SZ,002651,-1.27,4365,7978
SH,603681,0.82,4365,4365
SZ,002059,-1.32,4365,4495
SZ,001283,1.1,4364,5474
SH,600071,-1.51,4364,4364
SZ,002540,-1.35,4360,6338
SZ,300791,0.06,4355,5215
SZ,002454,-1.77,4352,4360
SH,603165,0.8,4350,4350
SH,688236,3.57,4349,5784
SZ,301058,-2.07,4349,4422
SZ,300189,-3.91,4343,5018
SH,600173,-2.2,4343,4343
SZ,002161,1.21,4342,4342
SH,688551,2.21,4336,4336
SZ,300018,0.17,4336,5821
SZ,002543,-0.9,4334,4871
SH,603558,-1.93,4331,4331
SZ,001338,-1.59,4330,4330
SZ,300715,3.76,4322,5221
SH,688719,0.99,4322,5558
SZ,002902,1.08,4322,5718
SH,603386,3.6,4317,4317
SH,688291,1.84,4313,4313
SH,688350,0.7,4307,4307
SZ,002418,1.07,4307,4307
SH,603015,-0.18,4305,4305
SZ,002146,-2.64,4303,4783
SH,603928,0.8,4300,4300
SZ,300286,-0.71,4299,5189
SZ,000521,-1,4297,5057
SZ,000526,-0.69,4295,4309
SH,603018,-1.31,4292,4292
SZ,002367,-0.36,4291,4308
SH,603869,-1.67,4290,4290
SZ,300210,-1.44,4281,4281
SH,600152,0.25,4280,4280
SH,603322,-0.61,4278,4278
SZ,002427,-0.45,4273,4277
SH,603016,-1.05,4271,4271
SH,688530,4.63,4271,9796
SZ,002264,-1.05,4270,4722
SZ,000718,-1.05,4267,5675
SH,605086,0.17,4267,4267
SZ,000518,4.55,4262,4262
SZ,300984,1.75,4262,6613
SZ,002480,0.54,4260,4269
SH,605088,-0.41,4259,4292
SH,600558,-1.65,4255,4255
SZ,301282,4.15,4252,5079
SZ,300441,-0.87,4244,4369
SZ,300859,1.03,4242,4242
SZ,300643,6.44,4240,4250
SZ,300532,-1.12,4238,4456
SZ,002117,-2.64,4235,4237
SZ,002788,2.5,4234,4309
SH,603998,2.44,4233,4233
SH,603960,-0.42,4232,4232
SZ,002765,-0.13,4231,4630
SH,600227,3.12,4229,5590
SZ,300071,-0.66,4226,4309
SZ,003026,1.85,4224,5487
SH,688311,2.07,4224,4224
SZ,301160,1.87,4214,6342
SH,600168,-1.39,4212,4212
SH,605577,-1.34,4209,4209
SZ,002112,-1.76,4206,4721
SH,600340,-1.81,4205,4205
SH,688061,2.49,4204,4204
SZ,301277,4.69,4203,4203
SZ,300557,3.99,4201,4222
SZ,300745,0.31,4200,4974
SH,600819,-1.84,4199,5196
SZ,300539,-0.15,4192,5158
SZ,300506,-12.7,4188,8126
SH,600650,-3.94,4183,5908
SH,603088,3.24,4182,4798
SH,603912,-1.14,4181,4181
SZ,300705,3.29,4177,5648
SZ,002490,0.52,4177,6349
SZ,920593,-0.57,4175,4899
SZ,300541,-2.97,4175,4627
SH,603697,0.21,4170,4170
SZ,300733,-1.17,4170,5656
SH,688360,0.64,4167,4167
SZ,300793,-0.52,4164,4258
SH,603069,-1.78,4162,4162
SZ,300505,-0.3,4160,5261
SH,603318,-2.15,4159,5025
SH,688247,6.88,4157,4157
SH,603519,2.5,4152,4152
SH,603271,1.74,4152,8698
SZ,002589,10.14,4151,4574
SZ,300290,-2.25,4151,4152
SH,605028,-0.22,4149,4149
SZ,002285,-2.77,4148,4185
SZ,002876,1.02,4145,4839
SZ,300893,0.06,4145,7814
SZ,301252,-0.93,4142,5165
SZ,300091,1.2,4138,7190
SZ,002512,2.16,4137,4167
SZ,003019,0.84,4136,4233
SH,603978,-0.04,4133,4133
SH,600127,4.38,4133,4133
SZ,300669,-2.02,4132,4363
SZ,301168,1.38,4131,5201
SH,603072,0.8,4130,8647
SH,603790,1.41,4130,4130
SZ,301370,1.04,4127,4127
SZ,300061,-1.77,4125,4369
SZ,300228,-1.19,4125,4409
SZ,300121,-0.82,4122,4274
SH,688133,4.85,4121,4121
SZ,002520,0.35,4118,4306
SH,688558,1.53,4117,4117
SZ,002843,0.55,4116,4141
SH,688429,-2.18,4112,4112
SH,688186,-0.19,4112,4112
SH,688633,1.34,4112,4112
SH,603636,-2.2,4109,4109
SH,688595,0.78,4108,4108
SZ,000011,-3.69,4107,4649
SH,603966,0,4106,4111
SH,600479,1.03,4106,4829
SZ,920522,0,4105,4949
SH,600505,-0.52,4101,4101
SZ,002380,-1.73,4101,6921
SZ,300403,-0.51,4100,5789
SZ,000655,-0.57,4096,4096
SZ,300963,-2.24,4094,5582
SZ,000016,-1.15,4087,6164
SZ,002328,1.42,4087,5526
SZ,002886,1.82,4085,5143
SZ,002644,2.7,4085,4085
SH,603324,3.56,4085,4228
SH,688269,-0.75,4082,4082
SH,603167,-0.22,4082,4082
SH,605055,-0.21,4074,4074
SZ,002553,-0.8,4074,5619
SH,688136,8.91,4072,4072
SH,603716,2.68,4071,4071
SZ,002406,-1.01,4071,4936
SZ,920239,1.16,4071,4120
SZ,002586,-1.57,4067,4279
SH,688023,-4.55,4067,4067
SZ,300758,8.65,4065,4510
SZ,301280,2.89,4065,7828
SH,600135,-0.67,4061,4061
SZ,300481,0.29,4061,4086
SH,603081,0.52,4060,4060
SZ,000678,-1.22,4058,4058
SZ,301187,0.13,4053,4053
SH,603933,1.88,4053,4053
SH,603918,-1.85,4049,4049
SZ,002950,1.73,4047,5965
SZ,300662,-1.8,4044,4056
SZ,300421,0.57,4042,5160
SH,603121,-0.74,4039,4039
SZ,300105,-1.87,4036,4039
SZ,002321,-1.54,4035,4052
SZ,002560,-1.38,4034,4684
SH,600261,-0.97,4032,4032
SZ,920139,-0.44,4030,4172
SZ,002160,0.77,4030,4038
SZ,301102,0.51,4028,4028
SH,688039,0.03,4025,4025
SZ,000782,0.79,4024,5232
SZ,300022,-0.11,4023,4023
SZ,002758,-1.26,4022,4026
SZ,300686,1.97,4021,4047
SZ,920946,3.52,4020,4022
SZ,300320,-0.83,4019,4978
SZ,300004,0.24,4018,4018
SH,603178,0.18,4014,4014
SH,688807,2.33,4013,20064
SH,603035,-0.63,4012,4012
SZ,300882,-0.45,4008,4307
SZ,300606,0.18,4008,4712
SH,600725,0.31,4006,4006
SZ,300571,0.14,4003,4830
SZ,000599,-1.79,4002,11971
SZ,000428,-1,3994,3994
SZ,000919,1.26,3992,3993
SH,688571,-1.25,3991,3991
SH,603429,-1.16,3991,3991
SH,688168,0.87,3991,3991
SZ,000520,-0.5,3988,3988
SH,600857,0.85,3986,3986
SH,600727,-1.3,3986,3986
SH,600792,-1.9,3985,3985
SZ,000096,0.52,3985,4118
SZ,001316,-0.4,3982,4268
SH,605268,-2.05,3978,3978
SH,603090,1.07,3977,3977
SZ,300355,-1.01,3976,4668
SZ,300590,0.09,3975,5135
SH,688489,-1.57,3971,4002
SZ,002772,0.28,3969,4002
SZ,301169,-0.85,3967,3969
SZ,301517,1.37,3964,6145
SH,603967,0.26,3962,3962
SZ,002693,2.01,3958,3993
SZ,300588,-1.18,3956,4283
SH,603679,-1.62,3955,3955
SH,603085,-2.34,3955,3955
SH,688768,-1.25,3955,3988
SH,603520,2.04,3954,3954
SH,688211,1.18,3946,3946
SH,603676,1.69,3938,3938
SZ,002370,2.92,3937,3937
SZ,002449,-0.92,3934,3934
SH,600628,0.16,3933,3933
SH,603615,-0.11,3932,3932
SZ,300248,-3.41,3931,4578
SH,688215,5.07,3930,3930
SZ,002177,-3.63,3928,4430
SZ,300111,2.01,3926,3926
SH,603719,-0.9,3920,3920
SZ,300907,1.37,3920,3920
SZ,300183,-1.67,3918,4885
SZ,300668,-2.93,3918,4731
SZ,002040,-0.73,3918,3918
SH,600469,0.37,3917,4779
SH,688459,-0.24,3907,3907
SZ,002005,-3.03,3907,3908
SH,603956,-2.13,3904,3904
SZ,301116,-0.45,3897,3897
SH,601368,-0.67,3894,3894
SZ,300349,-0.37,3893,4393
SZ,300318,2.29,3891,4011
SZ,300873,1.53,3890,5359
SH,688298,1.26,3887,3887
SH,600729,-1.26,3884,8888
SH,603689,-0.66,3879,3896
SZ,300712,-0.99,3879,3895
SH,688590,0.15,3874,4305
SZ,300553,1.29,3872,5053
SH,603607,-1.49,3872,3872
SZ,002688,0.19,3872,3986
SZ,301051,10.8,3871,4872
SH,603239,-0.2,3869,3869
SZ,300629,-0.49,3863,4480
SH,600798,-1.22,3861,3861
SH,603175,2.22,3860,37099
SZ,300332,-1.03,3859,4027
SH,600520,1.67,3858,3858
SZ,000882,-1.39,3857,3860
SZ,300380,-2.34,3857,4192
SZ,300654,-2.23,3854,4002
SZ,002116,-1.26,3854,3901
SZ,301376,-2.15,3853,8009
SH,688588,-1.88,3853,3853
SZ,301373,4.97,3853,10191
SZ,300434,7.03,3852,4524
SH,603315,-2.43,3851,3851
SZ,002930,-2.19,3849,4067
SZ,300231,-1.58,3847,3847
SH,688813,16.52,3841,20434
SH,605058,3.67,3838,3838
SH,603657,0.75,3837,3837
SZ,000626,1.6,3833,3855
SZ,300177,-1.39,3832,4703
SH,603291,2.38,3830,3830
SZ,002197,-0.96,3829,4405
SH,603138,-1.77,3826,3896
SH,603703,-0.1,3826,3826
SZ,301003,0.26,3825,4944
SH,600526,-0.44,3824,3893
SZ,301186,-0.41,3815,4057
SZ,000816,-1.11,3815,3835
SZ,301201,5.72,3814,5437
SZ,000822,-1.15,3813,3813
SH,688600,3.97,3812,3812
SZ,000850,-1.45,3811,3812
SH,603113,-1.31,3810,3810
SZ,300010,-1.71,3809,4733
SH,603261,-2.63,3807,3807
SH,600067,-1.43,3799,3799
SZ,300901,1.74,3797,3797
SZ,002584,1.5,3794,4740
SZ,001380,-0.66,3794,4415
SZ,002554,-0.69,3787,3788
SZ,300933,2.98,3786,3786
SZ,002786,-0.9,3785,3796
SZ,002088,-1.57,3785,3811
SH,688148,4.22,3780,3780
SZ,000906,-0.91,3780,3825
SZ,002564,-1.78,3779,3779
SZ,300508,0.13,3777,5019
SZ,300351,-0.82,3775,5573
SH,688199,2.5,3773,3773
SZ,300055,-1.64,3765,4979
SH,601113,-1.44,3765,4618
SZ,300880,-2.12,3760,3760
SZ,300299,-1.26,3758,3762
SH,605189,-2.88,3757,3757
SH,600960,-1.24,3755,3755
SH,600337,1.56,3751,3751
SH,603316,3.28,3750,3831
SH,603020,-1.47,3741,3741
SH,688299,0.93,3739,3739
SH,600568,-0.43,3739,4464
SZ,300317,-1.09,3738,3744
SZ,002035,-0.82,3738,4052
SH,605162,-1.16,3729,3729
SZ,002677,1.05,3728,4367
SZ,002669,0.74,3726,3735
SH,600527,-1.82,3723,3723
SH,688399,8.19,3723,3723
SZ,002037,10.01,3721,3721
SH,600794,-1.26,3720,3720
SZ,300044,0.97,3720,3972
SZ,002228,-1.59,3713,3725
SZ,002986,-1.04,3713,4675
SZ,300911,-1.04,3711,3971
SZ,002562,0.66,3710,5211
SZ,001269,-0.09,3708,3708
SH,600800,-1.75,3706,3708
SZ,000797,-1.66,3706,3707
SZ,300943,3.62,3705,5660
SZ,300478,3.32,3705,3705
SZ,301398,-1.21,3705,3800
SH,600734,-1.15,3702,3703
SZ,920799,-2.92,3702,6448
SH,605337,0.21,3694,3694
SH,600805,-1.35,3690,3693
SH,603579,1.61,3689,3689
SH,600824,-0.84,3689,3689
SZ,002849,4.66,3685,3715
SZ,300200,0.35,3684,3745
SZ,300572,-0.28,3682,4651
SH,601188,-1.04,3681,3681
SZ,002187,-1.12,3680,3680
SZ,920809,-3.95,3677,4798
SZ,301038,-0.65,3676,3676
SH,603038,-0.28,3676,3676
SH,688075,1.72,3674,3674
SZ,002162,-0.49,3673,3679
SZ,301085,0,3673,5410
SH,600333,-1.46,3672,3672
SZ,001238,-1.28,3668,3921
SZ,002628,-0.81,3663,3680
SH,600860,-1.19,3663,4517
SH,688212,2.22,3663,3663
SH,688606,2.67,3663,3663
SZ,301096,5.35,3663,4815
SH,688302,7.81,3662,3662
SZ,300639,1.93,3661,3756
SZ,002305,-1.85,3659,3659
SH,605378,-0.2,3659,3659
SZ,000532,-1.38,3659,3671
SH,600576,-0.88,3659,5842
SZ,300809,-0.03,3657,6158
SZ,301630,4.88,3657,9761
SH,688785,3.01,3653,18258
SZ,300096,-0.69,3646,3646
SZ,002596,-2.14,3646,3649
SZ,300311,-5.3,3644,4567
SZ,000505,-2.86,3643,4187
SZ,300424,-0.55,3642,3644
SH,603126,-1.15,3639,3639
SZ,300402,0.81,3637,3685
SH,688569,2.8,3636,3636
SZ,300840,5.93,3636,4927
SZ,001257,3.71,3633,48708
SH,688693,19.99,3633,6881
SZ,000903,-0.52,3629,3657
SH,603706,0.58,3629,3629
SH,603926,-1.62,3624,3658
SZ,301026,0.85,3622,5014
SH,600830,-1.72,3616,3616
SZ,300894,1.24,3611,4973
SH,600506,-1.15,3610,3610
SZ,300522,1.63,3605,4418
SZ,300068,-2.53,3603,3791
SZ,002469,-2.87,3601,3718
SZ,300448,-3.27,3598,3788
SZ,002457,-0.63,3596,3598
SZ,300611,-0.2,3593,5114
SZ,002676,-0.79,3593,3593
SH,603105,-0.13,3590,3590
SZ,002609,-0.75,3588,5032
SZ,000659,0,3587,3587
SZ,002333,-1.64,3586,3631
SH,603639,-0.56,3586,3689
SH,603139,-0.96,3586,3586
SH,603232,-1.39,3585,3604
SH,603199,0,3584,3584
SH,600579,0,3584,3584
SH,600539,6.79,3583,3583
SZ,002412,2.71,3580,3618
SZ,300414,-0.51,3577,3720
SZ,002107,2.96,3577,3613
SZ,002016,-1.99,3576,3576
SZ,300736,0.14,3575,3668
SH,603665,0.68,3573,3573
SH,600980,0.64,3573,3649
SZ,301017,0.66,3573,5601
SH,600581,0.87,3572,3572
SH,688157,1.55,3561,3561
SZ,301421,2.41,3560,8896
SH,603559,-6.03,3559,3559
SZ,002225,0.27,3557,4347
SZ,300559,-4.1,3556,4566
SZ,300683,10.8,3556,3813
SZ,300120,-1.16,3555,3871
SZ,301322,1.93,3552,5267
SZ,001400,0.44,3552,6454
SZ,300494,-5.11,3545,4366
SH,605388,0.34,3543,3543
SH,603109,-0.05,3542,3542
SH,603551,-1.16,3541,3585
SH,603566,0.89,3537,3537
SZ,000713,-2.03,3537,4598
SZ,301246,2.11,3536,8316
SZ,301408,2.05,3535,6176
SH,688533,-0.96,3532,3532
SZ,300652,-0.06,3532,3935
SZ,000407,-0.97,3529,3547
SZ,002356,-0.73,3527,3527
SH,603116,2.68,3526,3526
SZ,002973,1,3526,4536
SZ,300099,-0.81,3525,4468
SH,688033,-0.15,3525,3525
SH,605186,0.98,3521,3521
SH,688286,3.5,3521,3521
SH,688098,1.9,3519,3519
SZ,300533,-0.45,3515,4996
SZ,300781,0.28,3514,4763
SZ,300812,1.86,3513,3871
SZ,301251,16.65,3512,8761
SZ,301257,13.21,3511,3682
SZ,301112,0.16,3509,3509
SH,688163,4.04,3507,3507
SH,603390,-0.98,3507,3513
SH,601599,-0.97,3505,3505
SH,688443,6.5,3503,8958
SZ,300885,0.82,3502,5204
SZ,300213,-1.4,3485,3750
SH,605158,-0.14,3483,3483
SZ,300427,0.73,3481,3519
SZ,301033,4.34,3481,4141
SZ,301076,-0.3,3480,5205
SH,688398,0,3477,3477
SZ,000726,-0.83,3477,4823
SH,600834,-1.08,3475,3475
SH,603798,0.07,3475,3475
SZ,301500,3.34,3472,13522
SH,688339,1.43,3471,4265
SZ,002766,-8.57,3471,3482
SZ,301656,0.47,3468,40954
SZ,000716,-1.45,3465,3546
SZ,300419,-0.31,3464,3464
SZ,002462,0.08,3463,3465
SZ,300399,-2.06,3462,3462
SZ,300749,7.85,3460,4510
SZ,301609,-2.02,3459,5740
SH,603569,-1.37,3458,3458
SH,603014,0.35,3458,14233
SZ,300521,0.17,3454,3498
SZ,000862,-2.64,3454,5049
SZ,300822,-1.15,3453,3723
SZ,300962,-1.12,3453,3453
SH,605303,1.18,3450,3450
SZ,920725,0.05,3448,7123
SZ,301120,-0.71,3447,5698
SZ,002339,-1.36,3447,3629
SH,603313,-1.14,3446,3446
SZ,300125,7.55,3446,6359
SZ,001216,0.14,3445,4096
SZ,000889,-3.87,3445,3708
SZ,301479,0.08,3444,6016
SZ,002582,-0.69,3442,4477
SZ,300879,-0.69,3442,3465
SZ,000965,-2.51,3440,3440
SZ,002783,-0.92,3435,3720
SH,605566,0,3434,3434
SZ,002927,-0.31,3430,3468
SZ,300656,2.5,3429,4415
SZ,300622,-0.31,3426,5011
SZ,300453,1.17,3426,4970
SZ,000509,-1.53,3423,3423
SZ,301259,-1.29,3422,5336
SH,688373,7.42,3419,3419
SZ,301110,-1.31,3418,4859
SH,688602,0.3,3417,3417
SZ,003037,0,3415,3415
SH,688750,-0.19,3415,6780
SH,688680,0.11,3413,3413
SH,601033,-1.65,3413,12798
SZ,002822,-1.23,3410,6221
SZ,300545,1.46,3409,5288
SZ,002374,0,3408,3408
SH,688283,0.5,3407,3407
SZ,002791,2.09,3405,5535
SH,603101,-1.89,3401,3401
SZ,301060,5.71,3400,3781
SZ,002735,1.19,3398,4473
SH,600503,-0.92,3397,3397
SH,603811,2.64,3391,3391
SH,688636,1.35,3389,3389
SZ,300021,-2.01,3389,3967
SH,605068,-1.22,3387,3387
SZ,300078,-0.97,3385,3398
SZ,002474,-3.89,3385,3982
SH,688259,-0.22,3385,3385
SH,603396,0.25,3383,3383
SZ,000926,-1.82,3382,3425
SZ,301613,5.09,3380,5794
SZ,300551,-1.28,3377,3387
SH,603309,0,3377,3377
SZ,300069,-1.39,3377,3377
SH,600156,-5.08,3374,3374
SZ,301289,-0.77,3373,3395
SZ,000037,-1.18,3372,5997
SH,605398,-2.07,3371,3371
SZ,002571,2.17,3371,4429
SZ,300270,-0.45,3366,3906
SH,603813,-2.75,3365,3365
SZ,000868,-0.55,3363,3363
SZ,301499,0.04,3362,3362
SH,603630,-0.39,3358,3358
SH,688522,-0.55,3358,8269
SH,603095,-0.75,3357,3357
SZ,000007,-1.42,3354,3354
SH,603948,0.49,3347,3347
SH,603357,-1.96,3346,3346
SZ,300473,-0.17,3346,3838
SH,600467,1.78,3346,3346
SH,688265,20,3345,3345
SZ,920819,0.73,3344,3383
SH,603007,-0.4,3343,4254
SZ,301315,-1.95,3343,3343
SZ,301617,1.49,3338,8410
SH,600318,-1.65,3338,3338
SH,605588,0.64,3336,3344
SH,605066,-1.18,3336,3336
SZ,002365,5.34,3336,4008
SH,688084,1.52,3333,3333
SH,603648,0.11,3331,3331
SH,601366,-1.69,3330,3330
SZ,002269,-1.38,3328,3568
SZ,300050,-0.64,3327,3329
SH,603051,0.29,3326,3326
SZ,000721,-1.95,3325,3725
SH,603577,-0.8,3324,3324
SZ,300848,0.92,3323,5618
SZ,002826,-0.87,3323,3430
SZ,300936,3.3,3320,5266
SZ,300746,0.95,3320,3352
SZ,300243,3.7,3319,4149
SH,605399,-1.56,3319,3322
SZ,301199,0.98,3317,3446
SH,600229,-0.98,3317,3317
SZ,300040,-0.76,3316,4124
SH,603759,-1.09,3315,3315
SZ,920047,7.23,3314,5047
SH,600843,-0.83,3313,5035
SH,605077,-0.08,3312,3352
SZ,301468,0.12,3309,5741
SZ,301682,0.44,3308,15656
SZ,002912,-2.57,3308,3482
SH,600638,-1.4,3306,3306
SH,688358,2.22,3306,3310
SH,603815,-2.19,3305,3305
SH,688216,3.32,3304,3558
SH,688583,1.32,3303,9480
SH,600749,1.68,3298,3298
SZ,300132,-0.45,3297,3353
SH,600865,-0.1,3296,3296
SZ,920179,0.84,3296,4109
SZ,300370,-1.85,3295,3303
SZ,301234,17.67,3294,5575
SZ,000701,-1.19,3292,3295
SH,605136,-0.71,3292,3292
SZ,002055,-1.76,3291,3349
SZ,002667,3.04,3287,3620
SZ,301132,6.61,3286,5137
SZ,003032,5.48,3286,4648
SZ,300664,-1.08,3285,3410
SH,605108,-0.85,3284,3284
SH,688171,1.81,3284,3284
SZ,002395,-0.88,3283,3283
SH,600218,-0.39,3276,3276
SZ,003000,-0.18,3275,4793
SH,600228,1.29,3274,3279
SH,601999,-1.32,3272,3272
SZ,300801,0.34,3267,5214
SH,688137,20.01,3267,3267
SZ,301310,-10.29,3266,10228
SZ,002094,-1.45,3266,3268
SZ,000736,-2.23,3265,3265
SZ,300160,-1.37,3262,3308
SZ,300466,-1.35,3259,3888
SZ,301226,1.35,3259,3259
SH,603278,0.42,3257,3257
SH,600791,-0.54,3257,3261
SZ,300530,-0.46,3253,3253
SZ,300329,9.8,3250,3260
SZ,000514,-2.52,3249,3249
SZ,300110,2.61,3248,3251
SZ,300225,-1.98,3248,3271
SZ,300608,-0.92,3248,3713
SZ,301311,-2.3,3247,3247
SZ,301193,-0.27,3247,4247
SH,603898,-2.25,3245,3245
SH,600853,-1.22,3244,3244
SZ,002845,1.65,3241,4242
SH,688317,2.52,3239,3239
SH,600679,-0.94,3238,4666
SZ,000789,-1.45,3238,3238
SZ,000803,-1.8,3237,3283
SZ,301568,3.55,3236,7021
SZ,002646,-0.28,3236,3258
SZ,300948,0.63,3235,3427
SZ,301213,-0.17,3235,5004
SH,603535,-1.7,3234,3234
SH,600653,0,3231,3231
SZ,002109,-1.55,3229,3229
SZ,300407,-2.65,3225,4313
SH,600622,-1.82,3224,3224
SH,603987,0.82,3224,3224
SZ,002801,-0.13,3222,6388
SH,600716,-1.98,3220,3220
SZ,301073,1.06,3220,3522
SH,688682,0.8,3219,3219
SZ,301551,-0.99,3218,8328
SZ,300056,-6.38,3216,3219
SZ,300578,-0.42,3215,3216
SH,688458,2.94,3214,3825
SH,603958,-0.6,3214,3214
SZ,001215,-0.5,3212,3221
SZ,300385,-2.72,3212,3681
SH,603656,-0.56,3211,3211
SZ,300515,0.95,3208,3271
SZ,000788,2.48,3206,3206
SZ,301111,2.35,3206,3206
SZ,300504,-1.93,3206,3981
SZ,002485,-0.16,3204,3204
SZ,002672,-0.83,3204,3913
SZ,002021,-1.1,3204,3204
SH,603230,-0.43,3203,3203
SH,688722,-0.48,3202,3202
SZ,000488,-1.04,3202,5559
SZ,920037,-0.28,3202,5237
SZ,002327,0.31,3196,5428
SZ,002199,-0.71,3196,3369
SZ,002178,-1.96,3196,3198
SZ,002818,-1.01,3195,8016
SZ,001217,-0.5,3190,3222
SZ,300352,-1.18,3190,3625
SH,603500,0.1,3190,3191
SH,688618,1.37,3186,3186
SH,603655,10,3184,3184
SH,688579,-2.2,3184,3184
SZ,301028,-0.23,3183,4906
SH,600130,-1.16,3180,3180
SZ,000691,1.34,3178,4767
SZ,000607,-1.36,3177,3654
SH,603817,-1.41,3175,3175
SH,600052,-1.3,3174,3174
SH,603903,-0.55,3174,3174
SZ,920806,-2.12,3173,3173
SZ,301348,2.62,3172,4891
SZ,300289,1.92,3172,3177
SZ,002548,-1,3170,3263
SZ,301696,0.5,3168,42129
SZ,002137,1.4,3168,4614
SH,600327,-0.82,3168,3168
SH,603210,0.37,3167,4633
SZ,300932,0.2,3166,4446
SZ,002451,-1.76,3166,3177
SZ,002425,-9.94,3165,3291
SZ,300836,-1.16,3163,4620
SH,603999,-0.71,3162,3162
SH,603856,-1.22,3162,3162
SZ,301602,1.47,3161,6493
SH,603527,1.53,3160,3160
SH,688162,-0.12,3160,3160
SZ,301223,-0.54,3160,3160
SH,603258,-1.79,3159,3178
SZ,301136,-0.42,3159,3162
SH,605138,-0.17,3156,3156
SH,603788,-0.55,3150,3150
SH,600192,-2.85,3150,3150
SZ,301662,0.5,3148,8188
SZ,301237,0.22,3147,4322
SH,603637,2.01,3146,3146
SZ,301707,395.82,3145,47809
SZ,301419,2.22,3145,4758
SH,688175,0.16,3144,3144
SH,600512,-1.97,3143,3143
SZ,300867,-0.35,3141,4454
SZ,002441,-1,3141,4291
SH,603266,0,3140,3140
SZ,000731,-1.54,3139,3139
SZ,301270,0.12,3137,3320
SH,688081,2.08,3137,3137
SH,603600,-0.72,3136,3136
SH,601616,-1.33,3133,3133
SZ,300609,-2.31,3130,3135
SH,603201,-3.98,3129,3156
SH,605259,-0.27,3127,3127
SZ,300955,-1.36,3124,3124
SZ,301218,0.29,3122,5080
SZ,002933,0.04,3118,3134
SZ,000615,-0.58,3118,6024
SZ,002394,0.21,3118,3124
SH,600053,-3.74,3117,3117
SZ,002296,-1.2,3116,3495
SZ,300550,-2.69,3116,3119
SZ,003020,5.25,3110,4211
SH,600731,-0.86,3104,3174
SZ,300589,0,3104,5000
SH,688159,0.09,3103,3103
SH,688273,1.24,3102,3102
SH,603696,1.46,3100,3100
SZ,300234,-1.84,3096,4529
SH,603330,0.26,3095,3293
SH,688071,-2.21,3095,3095
SZ,000931,0.73,3094,3103
SZ,000576,-0.27,3093,3112
SZ,300404,9.28,3092,4178
SZ,300238,2.28,3086,3086
SH,603819,1.58,3085,3085
SH,603725,-3.33,3085,3085
SH,600719,0,3083,3083
SZ,001221,0.63,3082,16036
SZ,002175,-1.62,3077,3077
SZ,300094,-1.41,3073,3136
SZ,002012,0.46,3072,3072
SH,688511,2.5,3072,3072
SZ,300310,-4.51,3070,3915
SH,603192,-1.47,3067,3678
SZ,000890,-2.26,3066,3067
SZ,300560,2.89,3062,3763
SZ,300537,3.23,3060,4177
SZ,002313,-2.84,3059,3059
SH,600969,0,3057,3057
SZ,300839,-1.54,3053,3106
SZ,920418,0.21,3052,3160
SZ,000151,-1.77,3052,3477
SH,688229,-6.24,3051,3051
SZ,301206,-0.12,3051,4738
SZ,000421,-1.66,3050,3050
SZ,300247,-0.25,3047,3047
SZ,300927,0.51,3047,3123
SH,688338,6.38,3043,3043
SZ,003029,-7.93,3041,3344
SH,688335,2.29,3041,3041
SZ,300157,-2.11,3039,3184
SH,603048,-0.18,3037,3037
SH,688370,1.51,3037,3037
SZ,300563,-0.78,3036,4364
SZ,300552,-4.91,3031,4783
SH,603739,3.01,3031,3031
SZ,300698,-2.51,3028,3422
SZ,300826,0.51,3028,3147
SZ,002575,-1.88,3027,3193
SZ,002259,1.26,3024,3024
SZ,002623,-1.5,3022,3029
SZ,300321,3.27,3022,3025
SZ,002724,-0.74,3021,4104
SZ,300816,2.05,3020,4140
SZ,002829,-0.33,3016,4291
SH,601956,-0.6,3015,3015
SZ,300798,0.68,3014,3664
SH,688280,0.17,3014,3417
SZ,300818,0.24,3013,4651
SH,600668,-0.54,3010,3010
SZ,002889,-2.12,3007,4521
SZ,300062,-1.34,3007,4132
SZ,300011,-0.33,3003,3585
SZ,301082,-3.92,3003,3239
SH,688070,-0.95,3002,3002
SZ,300875,1.76,3001,3412
SZ,000802,-1.86,2998,3000
SZ,000609,-2.27,2998,3082
SH,688015,-0.62,2996,2996
SZ,300135,-1.8,2995,2995
SZ,300833,-1.01,2994,4661
SH,600530,-2.02,2991,2991
SZ,300187,-0.84,2991,3009
SZ,000710,1.8,2989,3206
SZ,300542,-2.26,2988,3604
SH,603949,1.72,2987,2995
SZ,300600,-0.19,2986,2986
SZ,001256,2.5,2985,3982
SH,600712,1.65,2984,3017
SZ,300051,-7.51,2983,3021
SZ,300877,-1.18,2983,2983
SH,688687,6.34,2983,2983
SZ,300691,-1.23,2982,3635
SZ,301172,-0.1,2980,4028
SH,688557,0.85,2978,2978
SZ,001229,0.9,2977,5789
SH,688391,1.02,2974,2974
SZ,002086,0.53,2973,3683
SH,688077,2.25,2971,2971
SZ,300086,2.12,2970,3068
SZ,301020,-3.42,2969,2969
SZ,002587,-0.88,2967,3646
SZ,001311,0.66,2967,6761
SH,600738,-1.75,2967,2969
SZ,002286,-0.61,2965,3047
SZ,300864,-1.37,2963,2963
SZ,301448,-1.22,2960,4368
SZ,301133,1.64,2960,3235
SZ,300386,-6.04,2959,4933
SH,603335,1.02,2958,2958
SZ,300603,-2.21,2958,3677
SZ,301042,1.78,2956,3101
SZ,300032,-2.38,2956,2956
SZ,000530,-1.98,2953,4149
SH,600470,-1.04,2947,2947
SZ,002921,-0.16,2946,3417
SH,600265,3.23,2946,2946
SZ,000798,-1.22,2945,2945
SZ,002899,-2.25,2944,2944
SZ,002282,-0.84,2939,3066
SH,688056,3.08,2938,2938
SZ,300908,-0.2,2936,3473
SZ,002875,-1.35,2936,2936
SZ,300163,1.58,2931,3043
SZ,301151,1.7,2929,2932
SZ,002578,5.92,2928,3191
SH,603008,-1.48,2928,2928
SZ,300982,-0.84,2926,3123
SZ,002903,-0.03,2921,4290
SH,600322,-2.21,2919,2919
SZ,300584,7.08,2917,4264
SZ,002798,1.08,2914,3314
SH,603896,0.69,2912,2912
SZ,002823,-0.14,2911,4367
SH,603808,-0.36,2910,2910
SZ,002878,-1.59,2909,3230
SZ,300239,1.65,2908,2927
SZ,002347,-0.66,2906,2973
SZ,003007,5.37,2906,4787
SZ,002355,-6.74,2905,3142
SH,600594,4.82,2902,2902
SZ,002795,0.6,2902,2950
SZ,002542,-4.06,2902,2980
SH,688255,2.32,2901,2901
SZ,300716,-0.7,2901,2901
SZ,300052,-2.88,2899,2899
SH,600838,-1.08,2898,2898
SZ,301068,-1.36,2898,4083
SZ,002811,-1.34,2897,3157
SH,688152,-2.09,2896,2896
SZ,301600,-1.23,2896,9383
SZ,301313,0.03,2895,3813
SZ,002168,-0.53,2894,2894
SZ,000892,0.74,2893,3993
SZ,002725,0.96,2893,2975
SH,600620,-0.93,2891,2891
SZ,002148,-0.92,2890,3582
SZ,000068,-1.36,2889,2889
SZ,300890,1.03,2887,3158
SH,600684,-2.58,2885,3739
SZ,001210,-0.82,2882,4742
SZ,301281,6.31,2881,4398
SZ,301266,0.62,2878,3034
SZ,002692,-1.46,2878,2880
SH,605218,-1.45,2875,3280
SZ,001223,9.99,2875,5381
SZ,300410,2.22,2875,2875
SH,600538,10.04,2873,2873
SZ,300831,-2,2872,4982
SH,688479,9.11,2872,6682
SH,603310,-0.73,2869,5108
SZ,300237,0,2869,2869
SH,603458,0.21,2868,2868
SH,600212,0.19,2868,3802
SZ,002923,2.87,2867,3721
SZ,002521,-0.86,2867,3831
SZ,300511,-1.12,2867,3364
SZ,001388,0.4,2861,5346
SZ,300381,1.87,2861,2871
SZ,003015,-1.44,2861,3255
SZ,002996,-0.31,2860,4177
SH,603001,-1.92,2859,2859
SZ,300266,-2.12,2858,2859
SZ,301066,-2.07,2853,2875
SH,605500,-0.57,2851,2851
SH,600215,0,2851,2851
SZ,300858,1.18,2850,3836
SZ,301393,11.25,2847,6994
SZ,301525,1.03,2836,5413
SZ,301260,-0.99,2834,6670
SH,601112,0.13,2832,26976
SZ,002853,4.71,2830,4022
SH,600844,-0.57,2830,3497
SZ,920735,3.64,2826,3195
SZ,300148,-3.33,2825,2926
SZ,300830,-2.43,2825,3785
SZ,301305,0.18,2823,5493
SZ,002224,-0.84,2822,3157
SH,600630,-0.89,2821,2821
SZ,002278,-1.37,2820,3055
SZ,300887,-6.03,2818,4246
SZ,002981,-2.14,2817,3164
SZ,300501,-0.77,2817,2826
SZ,002403,-1.03,2814,3226
SZ,000978,-0.65,2813,2813
SZ,002722,-0.23,2813,2813
SZ,300510,-1.72,2812,2812
SZ,300945,-0.16,2812,3087
SZ,002659,0.86,2812,2812
SH,605169,-1.48,2812,2812
SZ,300242,-2.63,2811,2811
SH,600249,0,2811,2811
SH,605080,-0.44,2810,2821
SH,600665,-2.39,2808,2808
SZ,002953,2.78,2807,4906
SH,688314,1.72,2805,2805
SH,688285,1.09,2803,2803
SZ,301158,-0.33,2803,2875
SZ,002726,-1.89,2802,2804
SZ,000695,-0.93,2801,2927
SH,603006,-0.53,2799,2799
SH,603159,4.39,2799,2799
SZ,000897,-1.13,2798,2798
SZ,000504,3.41,2798,2805
SZ,301273,-2.15,2794,3641
SZ,002331,-1.55,2790,2973
SZ,002866,-0.18,2789,4456
SH,605089,-3.11,2788,2788
SZ,002689,-0.73,2785,2786
SZ,002314,-2.79,2784,5632
SZ,300389,0.71,2782,4680
SH,688292,-3.19,2781,2781
SZ,301148,-0.12,2780,5501
SH,600136,-1.37,2779,2918
SZ,002962,0.99,2778,3873
SZ,002323,-1.49,2778,2778
SZ,001299,-1.49,2778,3086
SH,688765,10.87,2776,13789
SZ,002357,-1.33,2774,2774
SZ,300345,0.17,2772,3354
SH,603878,-0.99,2772,2772
SH,600616,-0.47,2770,2770
SZ,300162,3.85,2768,3394
SZ,300447,-0.43,2766,4288
SZ,301622,0.26,2762,4953
SH,603215,4.31,2762,3165
SZ,300279,0.71,2761,2773
SZ,002476,-0.87,2760,2760
SH,600408,-4.52,2759,2759
SZ,002846,-0.08,2758,4452
SZ,300810,-0.57,2757,2854
SZ,002917,0.28,2757,3678
SZ,300920,1.21,2755,4147
SH,603955,-2.07,2752,2752
SH,688570,-0.67,2750,6326
SH,603829,-1.19,2749,2749
SH,600785,-0.45,2748,2748
SZ,920491,1.32,2747,3348
SH,603970,-0.77,2747,2747
SH,603280,-1.32,2745,2745
SZ,002616,-1.47,2744,4013
SH,688500,1.92,2742,2781
SZ,301255,0,2742,3124
SZ,301439,-0.92,2741,5821
SH,603585,0.1,2740,2787
SZ,300175,-1.35,2740,2740
SH,600735,-1.07,2740,2761
SZ,003025,0.41,2740,3436
SH,600876,-1.55,2738,4468
SZ,300479,-2.51,2737,2739
SZ,002054,-1.38,2730,3428
SZ,002547,-0.39,2729,2786
SZ,000570,-1.79,2728,3465
SZ,002561,-1.19,2727,2736
SH,603042,0.38,2724,2724
SZ,000017,0.16,2724,4259
SH,603838,-2.51,2723,2723
SZ,300998,0.32,2720,3465
SZ,301081,-1.93,2716,2828
SH,605166,-0.68,2716,2716
SZ,002022,1.15,2716,2716
SH,603518,-0.49,2715,2725
SZ,300795,-0.63,2714,4663
SH,603037,-0.96,2712,2716
SH,600419,-1.03,2704,2704
SZ,301092,0.96,2703,5967
SZ,301190,3.91,2699,4048
SZ,300020,1.73,2698,2797
SZ,300942,-0.44,2698,2698
SZ,002976,1.42,2698,4313
SZ,000159,-2.76,2697,2697
SZ,301197,-4.86,2696,2988
SH,688367,1.75,2694,2694
SZ,920068,1.91,2692,10162
SH,600624,0,2690,2690
SZ,000529,-1.04,2690,2755
SH,688357,-0.58,2689,2689
SZ,300384,-1.28,2688,3895
SZ,300439,5.75,2687,3532
SH,605155,0.84,2685,2738
SZ,002337,-0.86,2681,2684
SZ,002663,-3.08,2680,2706
SZ,002404,-1,2679,3293
SH,603036,-0.07,2678,2678
SZ,300374,-0.72,2678,2678
SH,600661,0.11,2676,2676
SZ,300425,-0.75,2675,2681
SH,603161,-0.42,2672,2724
SZ,000698,0.59,2671,2786
SH,603237,-0.56,2671,2758
SZ,301149,-0.62,2670,4388
SZ,301202,0.42,2670,4573
SZ,301222,3.05,2668,3513
SH,603633,-0.31,2668,2668
SZ,300631,1.62,2667,2742
SH,688080,0.75,2666,2666
SH,600405,-4.6,2666,2666
SH,603080,-0.41,2663,2663
SZ,301296,-0.79,2661,2661
SZ,300218,-1.19,2660,2669
SZ,300359,-1.17,2660,2660
SZ,300095,-2.1,2659,3301
SZ,301631,0.13,2658,7804
SZ,300272,1.78,2657,3498
SH,603202,-0.67,2656,8464
SZ,300853,2.27,2655,3969
SZ,000972,0.29,2653,2653
SH,603768,-0.44,2651,2651
SZ,002863,-1.11,2650,2650
SZ,300615,-3.99,2648,3339
SH,603030,-1.46,2647,2647
SH,601996,-1.25,2645,2645
SZ,300230,-0.7,2645,3415
SH,603066,-0.43,2642,2642
SZ,002363,-1.39,2640,2647
SZ,001324,-0.56,2640,2640
SZ,002905,-1.55,2638,2841
SZ,300445,-0.52,2638,3987
SZ,000419,-1.01,2636,2636
SZ,001369,-0.93,2635,14567
SH,688529,-1.81,2634,2634
SZ,002952,1.63,2632,3285
SH,600671,-1.45,2625,2626
SZ,002072,-3.11,2624,2625
SZ,300485,5.39,2623,4614
SZ,300577,-1.9,2623,4425
SH,688246,-0.77,2621,2621
SZ,002748,-0.72,2621,2621
SH,603863,-0.46,2617,2617
SH,603586,0,2617,2617
SZ,300477,0,2616,2830
SH,600358,-1.51,2616,6025
SZ,301181,-1.71,2616,3351
SZ,300585,-1.22,2613,2613
SH,600250,-1.17,2612,2612
SH,603107,-0.98,2612,4038
SH,688589,0.34,2610,2610
SZ,300366,0,2610,2989
SZ,002136,-0.56,2608,2615
SZ,300991,1.91,2608,4075
SZ,300536,0.11,2607,2607
SH,603839,-0.43,2605,2605
SZ,000812,-2.54,2601,2602
SZ,300591,-0.12,2600,3010
SZ,920571,1.98,2597,4871
SH,688066,-2.75,2594,2594
SZ,300789,-4.17,2593,2673
SH,603189,-3.41,2590,2590
SZ,301535,-2.24,2588,6481
SZ,300141,-0.96,2587,2620
SZ,300649,17.4,2585,3226
SH,603017,-0.73,2582,2582
SH,600537,-2.23,2580,2580
SZ,002453,-2.72,2579,3477
SH,603628,-0.31,2577,2582
SZ,002103,0.91,2577,3548
SZ,000153,0.72,2570,2602
SZ,002613,-0.59,2569,3654
SH,601010,-2.06,2568,2568
SZ,300334,1.19,2567,2568
SH,603779,-1.39,2567,2567
SZ,920019,3.51,2567,3221
SZ,002769,-1.14,2566,2568
SH,603602,-3.38,2565,2565
SZ,002712,-1.85,2564,2580
SH,688727,-0.1,2564,21320
SZ,920190,-1.93,2562,2576
SH,603677,-0.07,2562,2562
SZ,002388,0.8,2561,2584
SZ,300103,4.68,2558,2560
SZ,001300,-0.65,2557,2557
SZ,301221,-1.61,2557,3761
SZ,300952,0.17,2556,4156
SH,603886,-0.18,2551,2551
SH,605266,0.79,2548,2548
SZ,300647,-0.35,2548,2552
SZ,000019,-2.69,2547,7054
SZ,300636,1.32,2546,2910
SZ,300562,2.21,2546,3333
SZ,300288,-1.28,2545,3352
SZ,300301,-3,2543,2672
SZ,920002,1.62,2542,3631
SH,601007,-0.75,2539,2539
SH,603331,1.78,2537,2537
SZ,002599,-2.22,2534,3314
SH,600257,0,2531,2531
SZ,301337,-0.67,2527,2583
SZ,920402,-1.69,2527,3908
SH,600381,0.47,2524,2524
SH,688129,-0.09,2524,2524
SZ,300097,-2.19,2519,2692
SZ,002983,0.41,2518,4384
SZ,002172,1.23,2517,2519
SH,688369,-8.46,2515,2515
SZ,000565,-1.68,2515,2515
SH,600793,-2.06,2508,2508
SZ,000826,2.92,2508,2509
SZ,300025,-2.36,2508,2519
SZ,301046,-0.25,2508,3247
SZ,002813,-0.94,2506,2508
SZ,301380,-1.48,2505,3145
SZ,300264,-0.43,2504,2913
SZ,301040,2.8,2499,2648
SH,688310,1,2498,2498
SZ,301565,-1.95,2495,7796
SZ,300921,1.85,2493,3954
SZ,300452,2.12,2493,2942
SZ,002869,-2.16,2490,2797
SZ,300849,-0.03,2489,3386
SH,688468,0.49,2487,2487
SZ,301669,0.03,2483,14554
SZ,300730,-1.95,2481,2894
SH,600992,-0.38,2480,2480
SH,603828,-1.64,2479,2479
SZ,300555,0.16,2475,2500
SZ,002682,-1.34,2474,2474
SZ,000545,-1.17,2473,2477
SZ,301119,-0.23,2473,3058
SH,603059,1.61,2472,2476
SZ,300269,-1.46,2471,2571
SZ,002868,-0.12,2470,3573
SH,600858,-1.03,2469,2481
SZ,001282,-1.69,2468,3591
SH,600356,-0.71,2468,2722
SZ,002871,0,2467,4163
SH,603320,-1.36,2467,2467
SZ,301002,0.21,2466,3916
SZ,300916,20,2466,3819
SZ,301178,0.25,2465,3341
SZ,001333,-1.43,2460,2460
SZ,300582,-0.97,2457,3311
SZ,300667,-0.13,2457,2912
SZ,300354,-0.75,2456,4179
SZ,301356,0.47,2454,4184
SZ,002398,0.25,2453,2815
SZ,000707,-1.32,2451,2602
SZ,301563,2.15,2449,10835
SZ,301025,-1.44,2444,3531
SH,600560,-1.25,2444,2444
SZ,300460,-0.22,2443,2443
SZ,300250,-2.57,2442,3315
SZ,301125,0.29,2442,2755
SZ,300824,-1.27,2440,2516
SZ,300281,1.49,2440,2572
SZ,002391,-0.56,2437,3410
SH,603076,-0.48,2436,2436
SH,603836,-0.22,2435,2499
SZ,002058,2.1,2434,2440
SZ,002700,-1.65,2432,2457
SZ,002879,-1.49,2431,3424
SZ,301262,-1.43,2431,8302
SH,603818,0.57,2430,2430
SH,600613,1.4,2430,2708
SZ,920125,7.58,2429,8276
SZ,002861,-2.11,2427,3010
SZ,300173,-2.93,2425,2425
SZ,003023,2.63,2424,2429
SH,603488,-3.03,2424,2424
SZ,002442,-0.99,2423,2482
SZ,301531,1.04,2423,11356
SH,603373,0.66,2423,5734
SZ,000790,1.83,2422,2426
SZ,002593,-1.13,2421,3473
SZ,301592,-0.34,2421,7255
SZ,002343,-1.15,2421,2421
SZ,300365,-1.86,2420,2837
SZ,301027,-0.14,2420,2936
SZ,300978,-0.81,2420,3563
SH,605033,-1.31,2420,2420
SZ,002330,-0.51,2420,2421
SZ,002855,-1,2415,2417
SZ,301397,-1.61,2415,5281
SZ,300988,0.34,2414,2933
SZ,301279,0.93,2413,3116
SH,605199,0.33,2413,2413
SH,603797,1.95,2410,2410
SH,603289,-1.07,2409,2409
SZ,301108,0.9,2409,4181
SH,600573,-0.61,2408,2408
SH,603136,-0.44,2404,2404
SZ,000014,-1.67,2404,2404
SH,605151,-0.71,2403,2403
SZ,300701,-1.34,2403,2665
SZ,002574,-0.86,2402,2402
SZ,002806,-0.28,2401,2930
SH,603102,10,2401,2401
SZ,300993,0.1,2399,3057
SZ,301043,-2.21,2398,2873
SZ,000430,-1.06,2398,5238
SZ,002319,0.79,2396,2396
SH,603917,-0.75,2395,2395
SZ,301122,1.54,2393,3867
SH,603086,-1.07,2391,2391
SZ,002098,-1.47,2388,2388
SZ,300805,-0.83,2388,3514
SZ,301106,-0.82,2387,2387
SZ,300690,-0.64,2387,3537
SH,605258,0.89,2387,2387
SZ,300092,-1.21,2386,3115
SH,688560,0.51,2385,2385
SZ,002729,-1.44,2381,2483
SZ,002431,-0.74,2379,2379
SZ,300583,3.65,2379,2424
SZ,301528,1.8,2379,4616
SZ,301317,3.24,2377,7158
SH,603909,0.11,2375,2375
SH,603375,0.3,2373,3745
SZ,300426,-0.83,2372,2671
SZ,301387,2.95,2369,5957
SZ,002184,-0.09,2365,3463
SZ,002828,-1.74,2364,2364
SZ,002660,-1.14,2363,2457
SZ,301118,1.36,2361,2454
SH,688244,-2.67,2360,2360
SZ,001376,-2.39,2354,5070
SZ,000669,-1.97,2354,2354
SZ,301283,1.06,2353,2993
SZ,300658,0.28,2350,3541
SH,600463,-1.5,2349,2349
SZ,000752,0.45,2347,2347
SZ,001219,-0.31,2345,2404
SZ,000635,-1.68,2344,2519
SZ,002576,-0.47,2343,2387
SH,603378,2.25,2340,2340
SZ,300898,0.3,2340,2528
SZ,000715,-0.61,2339,2599
SH,600831,-1.19,2339,2339
SZ,002496,-2.93,2339,2985
SZ,301665,-0.35,2339,10103
SH,603307,0.12,2338,2376
SZ,300965,-0.38,2337,2592
SZ,300235,1.41,2336,2895
SH,603557,0.27,2332,2332
SZ,300931,2.58,2330,2899
SZ,002114,0.84,2328,2328
SH,600319,-1.95,2326,2326
SZ,301059,0,2326,2603
SZ,300891,-0.84,2324,2788
SZ,301628,3.25,2323,6280
SZ,300198,-1.73,2319,2331
SZ,301588,3.67,2318,3756
SH,688718,0.76,2318,2318
SH,603937,-0.26,2317,2317
SH,688178,0.29,2314,2314
SZ,300275,-1.61,2313,2624
SH,688026,7.29,2312,2313
SZ,301195,-0.74,2312,3483
SH,600359,-1.29,2312,2312
SZ,002932,-0.46,2312,3444
SZ,301072,2.26,2312,3617
SZ,300172,-1.11,2311,2991
SZ,300987,-2.12,2311,2311
SZ,300956,-1.6,2311,2365
SZ,300340,-0.58,2311,2328
SZ,000554,-0.15,2310,3070
SH,600753,-1.17,2310,2310
SZ,002887,-1.29,2307,3250
SZ,002661,-0.65,2307,2422
SZ,001201,-0.6,2306,2952
SZ,920510,3.9,2305,4512
SZ,000055,-1.15,2305,3662
SH,600892,-10.03,2304,2305
SH,603787,-0.69,2301,2301
SZ,300422,-1.54,2299,2376
SZ,300786,1.36,2297,2887
SZ,920971,0.11,2296,2785
SH,688201,-1.22,2293,2293
SH,603188,-0.98,2292,2292
SH,605069,-0.45,2291,2291
SZ,301258,2.35,2288,2355
SH,603721,-2.27,2287,2287
SZ,002420,-0.34,2287,2324
SH,688597,1.04,2285,2285
SZ,002908,-3.39,2285,3063
SZ,001368,-0.88,2284,2390
SH,603407,0.13,2284,25937
SH,600854,-0.89,2280,2280
SZ,002069,-1.52,2280,2283
SZ,300565,1.53,2277,2492
SH,603183,0.22,2277,2277
SZ,301185,-2.66,2277,2519
SZ,300411,-0.26,2275,2992
SZ,300211,-2.55,2274,2316
SZ,002767,-1.35,2274,2619
SH,688197,8.82,2273,5283
SZ,000573,-0.54,2272,2291
SZ,300512,-0.7,2271,2869
SH,688501,-1.8,2270,2270
SH,605003,-4.48,2269,2269
SH,603180,-1.6,2266,2266
SZ,300771,-2.83,2265,2875
SZ,001205,0,2264,2557
SZ,301079,1.07,2263,3190
SZ,001367,2.03,2262,2834
SZ,002890,-0.63,2262,2380
SZ,000586,-0.75,2262,2288
SZ,003001,-1.29,2260,3449
SZ,002377,-1.51,2260,2373
SH,603096,-0.8,2260,2260
SZ,301088,-0.16,2258,2737
SH,603959,3.84,2255,2255
SZ,920344,4.65,2254,2414
SZ,300752,-0.29,2254,3261
SZ,000955,-0.7,2250,2250
SH,603172,-0.58,2250,2250
SZ,002084,-1.4,2249,2255
SZ,300800,0,2245,2268
SH,600423,-0.7,2244,2244
SZ,002775,-1.27,2242,2491
SH,603700,-0.61,2240,2240
SH,600281,0.23,2238,2238
SZ,300205,-0.56,2236,2236
SH,603755,-1.55,2236,2236
SZ,300513,-1.37,2235,2237
SZ,002963,-6.14,2234,2731
SZ,002723,-0.7,2232,2340
SH,688737,0.32,2230,2230
SZ,300546,-6.07,2229,3100
SZ,002397,-2.26,2229,2572
SZ,300774,4.8,2229,4464
SZ,002836,-1.11,2228,2228
SH,600187,-2.12,2227,2227
SH,600533,-1.84,2226,2226
SZ,300612,-1.2,2226,2238
SZ,001259,0.34,2226,3445
SZ,301290,2.83,2224,2800
SZ,002771,-1.54,2223,2672
SZ,920060,4.32,2223,3564
SH,600182,-0.07,2222,4444
SH,600833,-0.59,2220,2220
SZ,300599,3.06,2217,4222
SZ,301019,-0.71,2215,3021
SH,603285,-0.88,2214,5686
SH,600232,-0.97,2214,2214
SH,600302,-3.46,2211,2211
SH,603079,1.83,2210,2210
SZ,300940,-0.77,2209,3124
SH,688272,1.29,2208,2208
SH,603151,2.06,2204,2204
SH,605336,3.99,2201,2201
SZ,002762,10.04,2200,3685
SH,603091,1.26,2200,7154
SZ,300884,-1.7,2197,2914
SZ,300165,1.56,2195,2587
SZ,002763,-0.27,2195,2964
SH,688721,1.45,2195,5313
SZ,300732,-0.99,2195,2197
SZ,002702,0.42,2193,2657
SZ,301089,2.45,2192,3066
SH,688355,1.84,2192,2192
SH,688755,9.15,2191,3138
SZ,002633,-0.74,2190,2198
SZ,301220,1.12,2189,3171
SZ,300107,-0.46,2189,3546
SZ,002492,-2.13,2188,2228
SZ,001228,-0.25,2183,2839
SH,688648,-0.09,2182,4268
SH,603117,-0.81,2181,2181
SZ,300780,0.25,2181,2974
SZ,301011,-1.19,2180,2295
SZ,002234,-0.4,2179,2523
SZ,301331,1.58,2178,2183
SH,688581,-0.89,2178,4270
SZ,001230,3.18,2176,3716
SZ,300484,0.85,2176,2710
SZ,300703,-2.23,2173,2358
SZ,002852,-2.18,2172,2614
SZ,002900,10.04,2172,4264
SZ,300989,3.82,2171,2807
SZ,002295,0.81,2171,2173
SZ,000757,3.04,2168,2168
SH,603536,-0.43,2167,2184
SZ,920017,4.43,2167,2190
SZ,002825,-0.7,2166,2886
SZ,001365,0.72,2165,19766
SZ,002742,10.13,2164,2825
SZ,000692,-4.24,2163,2163
SZ,000548,-1.36,2162,2162
SH,603880,3.18,2159,2159
SH,601083,-0.7,2159,14391
SZ,001393,0,2157,11198
SZ,300808,-2.73,2153,2898
SZ,300980,0.55,2153,3022
SZ,002998,0.89,2150,2821
SH,688811,0.69,2150,11709
SZ,002864,2.35,2148,2979
SZ,301596,-1,2148,5294
SH,603193,-1.79,2144,8395
SZ,301117,-0.64,2141,3342
SH,603578,-0.33,2139,2776
SZ,300922,-0.93,2135,2722
SZ,002848,1.02,2132,2155
SH,603023,-1.28,2132,2132
SH,605001,-0.9,2129,2129
SZ,300970,-0.79,2124,2752
SH,600148,-0.98,2123,2123
SZ,301161,3.82,2120,3295
SH,688623,-0.77,2120,5103
SZ,300673,0.61,2120,3267
SZ,300778,0.87,2120,2120
SH,688517,-0.82,2119,2119
SH,603377,-2.65,2118,2118
SH,688156,2.09,2115,2115
SZ,300112,5.33,2115,2563
SZ,002991,-0.41,2113,3944
SH,688613,2.6,2110,2110
SH,603381,-0.19,2109,3521
SZ,300947,-0.49,2109,2110
SZ,301332,-3.39,2108,3674
SZ,002942,0.13,2108,2362
SH,603238,-0.49,2107,2107
SZ,000590,1.97,2106,2107
SZ,002671,-1.28,2106,2145
SZ,002857,-1.61,2106,2140
SH,603176,-0.43,2106,2167
SZ,002076,-3.8,2105,2240
SH,688203,2.27,2104,2104
SZ,001332,0.45,2102,4839
SH,603321,-0.32,2102,2128
SH,603356,0.38,2101,2101
SZ,002614,-0.41,2100,2969
SZ,000679,-2.15,2099,2099
SZ,920699,-3.68,2098,4586
SH,688426,1.96,2098,2103
SZ,300637,-0.44,2097,2099
SZ,001390,-1.66,2096,3530
SH,603021,-3.38,2096,2096
SH,603382,-0.86,2094,3286
SZ,920961,-1.94,2094,2877
SH,600241,-2.33,2092,2092
SZ,002732,-0.95,2092,2102
SZ,002799,-1.05,2090,2090
SH,600965,-3.03,2088,2088
SH,603326,-1.5,2087,2087
SZ,000953,1.42,2087,2087
SH,603089,-0.9,2083,2393
SZ,002918,-0.4,2082,3974
SZ,300710,-1.75,2081,2776
SZ,002687,0.6,2079,2539
SZ,300960,-0.43,2078,2292
SZ,300375,-1.51,2077,2980
SZ,002253,-1.39,2076,2231
SH,600272,10.01,2075,3407
SZ,000952,2.55,2074,2074
SZ,920111,1.93,2073,4271
SZ,300509,0.6,2071,2484
SZ,300665,-0.93,2069,2178
SH,688296,11.08,2067,2067
SH,688013,2.49,2067,2067
SZ,300295,-0.07,2066,2338
SH,688716,1.55,2064,3591
SZ,920178,17,2062,7061
SZ,300753,2.05,2060,2955
SZ,300966,1.74,2060,3098
SH,600371,-0.7,2060,2060
SZ,002679,-0.56,2058,2058
SZ,300387,-1.24,2057,2058
SZ,920247,-3.34,2056,2834
SH,603262,-3.61,2056,7880
SH,603968,-0.09,2053,2053
SH,688060,-3.61,2051,2051
SZ,300844,0.48,2049,2126
SH,605180,1.51,2048,2048
SH,603329,-1.09,2047,2481
SZ,300013,-2.38,2047,2049
SZ,002329,-2.17,2046,2614
SH,600615,-1.08,2045,2049
SZ,300902,-1.61,2045,2980
SZ,301212,0.23,2045,2355
SZ,920978,-1.26,2043,3644
SH,603900,-0.49,2043,2044
SZ,000605,-0.33,2042,2042
SZ,300597,-1.95,2041,2050
SZ,300335,-1.66,2040,2533
SH,688132,-0.88,2034,2034
SH,600159,-1.2,2034,2034
SZ,301141,9.21,2032,5663
SZ,300412,1.41,2026,2155
SH,600774,0.15,2026,2027
SH,603616,-0.18,2025,2041
SH,603182,0.9,2022,2022
SZ,002995,-0.82,2021,3191
SH,688096,-1.37,2010,2010
SZ,300350,-2.06,2009,2394
SZ,300074,-1.61,2007,2009
SH,603168,0.56,2004,2013
SZ,920208,-1.1,2003,2313
SZ,300176,-1.14,2002,2002
SH,603825,-1.49,2001,2001
SZ,001266,0.44,2000,3566
SZ,300935,-1.97,1999,2636
SZ,300240,-2.13,1998,2044
SH,688193,2.57,1998,1998
SZ,002656,-1.35,1998,2073
SH,603922,-0.08,1998,1998
SH,600802,-2.23,1998,1998
SH,600287,-1.71,1996,1996
SZ,001211,2.69,1995,2137
SZ,002133,-1.51,1994,2005
SZ,002105,-0.9,1994,2003
SH,600807,-0.38,1991,2238
SZ,300897,-6.69,1990,3188
SH,688038,-7.86,1990,1990
SZ,300854,0.75,1988,2438
SZ,300396,3.84,1988,1991
SH,600097,-1.07,1988,1988
SZ,301103,1.55,1987,2582
SH,603982,-0.84,1986,2136
SZ,000633,-0.95,1983,1983
SZ,002622,1.29,1982,1982
SZ,920879,0.61,1981,2647
SZ,301198,2.87,1980,2062
SZ,000020,-1.35,1977,3089
SZ,301557,2.32,1976,4928
SH,603385,-0.94,1976,1976
SH,688118,-2.16,1973,1973
SZ,300106,-1.57,1972,1972
SZ,002893,-0.81,1969,2560
SZ,301024,-0.92,1967,2032
SH,600128,-1.59,1967,2006
SZ,301299,-1.89,1967,2664
SZ,300817,0.13,1967,3427
SZ,300807,0.24,1964,2573
SZ,301052,-1.12,1960,2419
SZ,301041,3.89,1959,2647
SH,603270,2.3,1954,6054
SZ,300254,3.62,1953,2209
SZ,000909,-1.97,1952,1952
SH,600768,-0.26,1951,1951
SZ,301077,-0.62,1951,3475
SH,600444,0.15,1950,1950
SH,603041,-0.92,1949,1949
SZ,301371,-1.68,1949,12997
SZ,002999,-1.21,1948,1971
SZ,300650,0,1947,2759
SZ,301208,-2.02,1945,3532
SH,603282,-0.33,1943,1943
SH,603435,1.36,1941,24970
SH,600678,-2.27,1940,1940
SZ,301599,0.57,1935,15270
SZ,002524,-0.51,1935,1958
SZ,000056,3.88,1934,2531
SZ,001360,3.43,1931,3140
SZ,002800,-1.72,1931,1988
SH,600706,0.26,1931,1938
SZ,000985,-0.92,1929,1929
SZ,002486,-0.83,1928,1937
SZ,300305,-1.15,1926,2249
SZ,300883,1.75,1925,2014
SZ,300543,-0.64,1924,2356
SZ,002873,1.52,1922,1958
SH,603810,-0.84,1920,1920
SH,688657,-0.98,1918,3066
SZ,301318,-1.28,1918,2784
SZ,001260,-0.47,1917,1917
SZ,300437,-0.53,1916,2705
SH,600238,0,1915,1927
SH,600235,-0.54,1915,1915
SZ,301227,3.07,1913,3403
SZ,920087,-0.08,1911,1925
SZ,001255,-0.47,1911,2152
SH,688670,4.8,1911,1911
SZ,300150,-0.71,1910,2411
SZ,920189,1.22,1909,3180
SZ,000995,-0.36,1907,1907
SH,603208,-1.27,1907,1907
SH,605177,0.66,1906,1924
SZ,002205,-1.72,1905,1905
SH,603506,-0.29,1900,1900
SZ,001237,-0.43,1900,8085
SH,688420,-0.18,1899,1899
SZ,300967,-0.45,1898,2853
SZ,301335,1.61,1897,2743
SZ,300575,-0.9,1894,2618
SZ,002598,-0.74,1894,2063
SZ,300644,-0.04,1894,2376
SZ,002909,-1.38,1891,1938
SZ,300906,0.11,1890,2093
SZ,300881,-2.82,1890,3621
SZ,300743,-0.66,1890,2242
SZ,920914,3.1,1889,1891
SZ,000705,1.36,1886,2235
SZ,300423,-3.4,1886,2816
SZ,002968,-0.55,1885,2003
SH,603028,-0.74,1884,1903
SZ,300941,-6.56,1884,3116
SH,688004,3.16,1884,1884
SH,600303,-0.35,1883,1900
SH,603879,3.97,1883,1883
SZ,002551,1.32,1882,2604
SZ,002715,-0.14,1882,1882
SH,600491,-0.8,1882,1882
SH,600051,-0.32,1881,1881
SH,600099,-0.34,1880,1880
SZ,002760,0.81,1877,1877
SH,688395,-0.31,1875,1875
SH,688616,-0.47,1875,1875
SH,603325,2.26,1873,4384
SZ,920021,-0.39,1869,2333
SH,605122,-1.09,1867,1867
SZ,301180,-1.55,1865,4544
SH,603718,-0.68,1863,1871
SZ,002972,1.47,1858,3395
SZ,300081,-3.14,1856,1857
SZ,002778,-0.91,1856,1876
SH,600202,-0.4,1855,1855
SH,600847,-0.97,1855,1855
SZ,001366,-0.42,1853,1853
SZ,001234,-0.87,1852,2198
SH,688051,-1.02,1851,1851
SH,603214,-0.81,1851,1851
SZ,920476,-0.16,1850,1955
SZ,300717,-1.46,1850,1866
SZ,002856,-3.62,1844,2013
SZ,301056,-0.47,1843,2793
SH,603177,-0.87,1842,1842
SZ,300030,2.58,1840,2090
SH,600107,-0.96,1840,1840
SZ,002817,0.96,1839,1896
SZ,001268,-0.09,1838,2936
SH,688393,3.76,1833,1833
SZ,002696,-0.53,1832,1895
SZ,301231,0.14,1831,2362
SZ,301590,-1.16,1831,4422
SZ,002820,-0.97,1830,1830
SH,603120,-0.16,1829,4364
SZ,002569,-2.38,1829,1881
SZ,300992,0.86,1827,2233
SZ,000702,-1.49,1827,1827
SZ,000911,1.79,1825,1825
SH,688189,3.08,1825,1825
SZ,920015,3.66,1824,6180
SZ,300642,2.8,1823,2148
SZ,002634,0.49,1822,1893
SZ,003030,1.58,1820,2805
SZ,002159,-0.44,1820,2330
SZ,920405,1.24,1818,2334
SZ,301309,-2.52,1817,3016
SZ,001356,-0.45,1816,5056
SZ,002753,-1.12,1813,2628
SH,688759,8.3,1813,11332
SH,600080,-0.81,1810,1810
SH,688288,-0.43,1810,1810
SH,603029,-0.06,1808,1808
SH,600149,-1.44,1806,1806
SZ,300675,-1.35,1804,1804
SH,603709,0.09,1802,1809
SZ,301138,0.38,1800,3150
SZ,300076,0,1798,1798
SH,603418,-0.63,1796,8385
SZ,300645,-1.89,1796,1832
SZ,300961,3.41,1796,2095
SZ,002535,-1.63,1791,1924
SH,600082,-3.08,1789,1822
SZ,301010,-0.71,1788,1788
SZ,002717,0.97,1787,1893
SZ,301520,8.76,1785,5087
SZ,001206,0.78,1785,3088
SZ,002529,-0.57,1784,1784
SZ,300651,-1.14,1782,2434
SH,600165,-1.61,1781,3927
SZ,000856,-0.37,1780,1780
SZ,301556,-3.97,1779,5147
SZ,002630,-1.19,1766,1937
SZ,300538,4.82,1764,2652
SH,600818,-0.26,1761,2379
SZ,301067,-0.85,1759,2680
SZ,301062,-1.98,1759,2769
SZ,301509,8.66,1758,3731
SH,688435,-1.53,1754,2614
SZ,003038,-0.55,1753,2605
SH,605567,-0.56,1752,1752
SH,600883,-0.53,1752,1752
SZ,300923,0.04,1752,1804
SZ,003005,-0.78,1751,3191
SZ,301585,0.12,1748,2670
SZ,300929,-0.35,1746,1841
SH,603272,-2.42,1744,1744
SZ,301121,-0.61,1741,3326
SZ,301360,1.49,1740,3566
SZ,300556,-1.47,1734,1943
SZ,301538,0.38,1733,4351
SH,603717,-1.64,1732,1732
SZ,300837,0.35,1727,2284
SH,688058,-1.08,1725,1725
SZ,001285,-0.83,1725,7488
SZ,301159,0.56,1723,2514
SZ,002862,-1.97,1723,2271
SZ,002360,1.93,1722,2125
SZ,300937,-1.51,1720,2537
SZ,300707,-0.07,1720,2083
SZ,002877,-1.1,1720,2544
SH,600448,-2.14,1719,1719
SZ,920509,-0.04,1718,3280
SZ,002209,0.74,1717,2225
SZ,300876,-1.23,1714,2297
SZ,002780,-0.29,1713,2168
SZ,301057,0.09,1713,2473
SZ,300787,-0.67,1712,2730
SH,603860,-0.38,1712,1712
SZ,301548,0.77,1711,5674
SZ,301030,-0.81,1710,1712
SH,603092,-0.17,1707,19756
SZ,002381,-1.11,1707,2181
SZ,300912,0.35,1707,2261
SZ,300195,-0.17,1704,2301
SH,688681,0.31,1701,1701
SZ,920339,-1.22,1699,2475
SH,600137,-0.62,1696,1696
SZ,000639,-3.08,1695,1695
SZ,002858,-0.08,1692,2143
SH,603402,3.25,1692,6768
SZ,003027,-2.23,1691,2109
SH,603908,-0.37,1690,1690
SH,603022,-0.11,1688,1688
SZ,001378,2.09,1687,3467
SZ,301063,-0.28,1686,1821
SZ,002198,-1.47,1685,1685
SZ,300472,1.63,1682,1883
SZ,001233,1.27,1680,8287
SZ,300614,-0.09,1678,1678
SZ,002802,-0.7,1675,2028
SZ,300169,1.28,1672,1881
SH,688078,0.53,1671,1671
SZ,002743,-1.28,1669,1671
SZ,000619,-1.06,1667,2043
SH,600778,-0.18,1665,1666
SH,601026,-0.32,1663,9871
SZ,002629,0.22,1663,1956
SZ,301586,-0.02,1661,2605
SH,688565,2.12,1658,1658
SZ,002211,-3.27,1656,1656
SH,603255,0.04,1653,3668
SH,603257,-0.19,1653,7964
SZ,300245,-2.42,1647,1711
SH,688450,2.88,1645,2219
SZ,000929,-0.55,1644,1644
SZ,920839,1.33,1642,2977
SZ,000663,-1.64,1642,1805
SZ,301595,-0.21,1641,4352
SZ,301135,-0.6,1641,2109
SH,600180,-3.2,1641,1641
SZ,301098,-0.11,1635,1960
SH,600119,-1.31,1633,1633
SZ,300950,-0.53,1632,2557
SH,603231,0.13,1626,2929
SZ,301618,1.08,1625,4263
SH,688466,-0.22,1625,1625
SZ,301107,3.13,1624,2808
SZ,301361,-1.43,1621,3348
SZ,300519,0.92,1620,2272
SH,600697,-1.04,1614,1653
SZ,001386,-1.31,1613,17924
SZ,301667,-1.21,1611,7582
SZ,002592,-1.75,1611,1741
SZ,920174,-2.23,1610,6260
SH,603312,-0.93,1610,5058
SH,603789,-3.27,1609,1642
SZ,300462,-2.01,1605,2108
SZ,301065,0.32,1604,1971
SZ,300616,-0.18,1603,2319
SZ,003042,-0.83,1598,1847
SZ,301395,3.47,1597,3045
SZ,001209,-0.23,1595,2183
SZ,301687,1.39,1595,7519
SH,600493,-1,1594,1594
SH,688509,-0.71,1593,3188
SZ,920026,-0.69,1591,2111
SZ,301336,-0.07,1590,2055
SZ,003028,-1.09,1589,3240
SZ,002495,0,1589,2143
SZ,002949,0.1,1585,2045
SZ,001222,0.14,1584,2676
SZ,301032,-0.29,1581,2385
SZ,301166,5.62,1580,2413
SZ,300995,-1.17,1580,2396
SH,603082,4.38,1577,6476
SZ,300220,0,1577,1579
SH,600796,0.4,1573,4376
SH,688712,0.97,1573,14382
SZ,002910,0.44,1570,1795
SZ,920038,-3.72,1569,4798
SZ,301456,-0.77,1568,3478
SZ,920892,-1.04,1567,1770
SH,603400,-2.91,1567,5614
SH,688021,1.14,1566,1566
SH,688659,0.31,1563,1563
SZ,301587,-0.04,1558,3125
SH,688528,-0.85,1557,1557
SH,600561,-1.79,1556,1556
SZ,301229,0.33,1555,2187
SH,688781,1.2,1555,38080
SH,600689,-0.28,1554,2052
SZ,002835,-1.12,1553,2678
SZ,301680,-0.41,1548,7630
SZ,002789,-4.81,1546,1577
SZ,000632,-3.2,1545,1546
SZ,301023,-0.72,1539,2775
SZ,001296,9.98,1537,2983
SZ,301636,-1.28,1536,2632
SZ,002982,-1.08,1535,2398
SZ,002207,-2.49,1528,1536
SZ,301581,0.5,1524,2883
SZ,001395,-0.67,1523,3322
SZ,301383,-0.82,1522,3520
SH,688329,2.5,1521,1521
SZ,002227,-1.11,1520,1531
SZ,001202,-1.43,1520,2169
SZ,002566,1.24,1518,2168
SZ,301022,-0.82,1516,2245
SZ,301036,0.28,1513,2148
SH,603275,-0.54,1512,5417
SZ,300977,0.89,1512,2428
SZ,300813,2,1511,2408
SZ,300306,-1.23,1510,2577
SH,600692,-1.65,1510,2082
SZ,300514,-1.56,1510,1884
SZ,300625,-0.95,1505,2595
SZ,920088,-0.38,1499,4055
SZ,003011,2.52,1499,2003
SH,688067,2.04,1497,1497
SZ,920010,-1.03,1497,2014
SZ,300268,0.63,1491,1942
SZ,301555,0.26,1490,2845
SZ,002316,-3.09,1489,1718
SZ,002306,-2.13,1487,1592
SZ,301210,0.63,1486,3892
SH,688793,0.4,1486,1486
SH,600455,0.34,1485,1485
SZ,002790,-1.89,1478,2369
SZ,920953,-2.37,1477,3159
SZ,301518,0.52,1477,3657
SZ,301130,2.38,1475,1912
SZ,301303,7.77,1475,5899
SZ,301276,1.85,1469,2635
SZ,301390,-0.26,1466,1793
SZ,301505,0.06,1466,1840
SZ,301683,0.15,1464,6479
SZ,002513,-0.97,1463,1901
SZ,300314,1.5,1460,2926
SZ,002977,-0.67,1460,2631
SZ,301512,0.13,1457,2233
SZ,920238,-7.9,1455,7139
SZ,920751,1.34,1449,1513
SZ,920821,1.69,1447,2748
SZ,301633,-3.02,1446,3155
SH,603395,-0.7,1445,5780
SZ,301320,-0.15,1445,2302
SZ,002144,-0.94,1443,1852
SZ,300892,1.55,1442,2234
SZ,920857,2.53,1442,1442
SZ,002247,-1.31,1442,1906
SZ,301558,-1.05,1440,5175
SZ,002581,4.66,1439,2368
SZ,301167,0.96,1439,1524
SZ,301203,1.27,1435,2618
SH,688022,0.37,1430,1430
SZ,301100,-0.67,1426,3234
SZ,301560,0.17,1426,2839
SZ,300621,-1.39,1424,1463
SH,688806,6.46,1421,12822
SZ,300167,-3.83,1420,1669
SH,603062,-0.07,1415,4122
SZ,000010,-1.9,1413,1770
SZ,920200,0.32,1410,3227
SZ,300371,-0.19,1407,2022
SZ,001226,-0.78,1401,3084
SZ,300635,0.7,1396,1623
SZ,301508,-3.57,1395,5360
SZ,301278,-0.72,1395,2434
SZ,002691,-2.34,1394,1411
SZ,920371,-0.68,1393,1469
SZ,301152,-0.35,1392,2328
SZ,300549,0,1392,1836
SZ,300640,-3.67,1386,1953
SZ,920207,2.8,1386,2269
SZ,920701,-1.63,1382,1892
SZ,001326,1.4,1378,4201
SZ,000637,-1.55,1378,1965
SH,688805,0.66,1371,6856
SZ,001387,0.17,1369,2151
SZ,002591,-1.28,1368,1837
SZ,301507,1.8,1367,4428
SZ,300594,1.98,1362,1375
SZ,301355,-0.6,1361,1900
SZ,300155,-0.71,1361,2318
SZ,002809,-1.47,1356,1917
SZ,002200,1.17,1354,3122
SH,603248,-0.25,1354,8708
SZ,300564,-2.76,1352,1926
SZ,300838,-0.07,1351,1832
SZ,301097,3.49,1349,2811
SZ,301009,0.11,1349,2428
SZ,300670,-0.98,1348,1902
SZ,301591,2.31,1346,3293
SZ,000610,-0.16,1345,1352
SZ,301295,4.65,1342,4602
SZ,920837,0.51,1342,1498
SZ,300928,-1.06,1341,2002
SZ,002188,-1.88,1336,1698
SZ,301601,-0.31,1336,2221
SZ,301677,-3.01,1334,6223
SZ,002883,0.35,1334,1359
SZ,920119,2.29,1331,5059
SZ,920533,-0.65,1330,2377
SZ,001239,-0.84,1327,2794
SH,688592,-1.39,1326,2783
SZ,002494,-0.85,1325,1743
SZ,300605,-1.12,1323,1729
SZ,920790,-2.08,1322,1921
SZ,301156,-0.35,1320,2055
SZ,301288,2.43,1316,1820
SZ,920682,-0.67,1314,2266
SZ,301233,2.27,1314,2394
SZ,300865,-0.51,1313,2185
SZ,301126,1.82,1310,1951
SZ,301131,0.48,1305,1822
SZ,920211,6.4,1302,3862
SZ,300828,0.46,1302,2568
SZ,002888,-2.36,1295,2553
SH,688130,3.08,1291,2589
SZ,301329,-0.3,1288,3319
SZ,001358,-1.32,1285,3105
SZ,001277,0.5,1284,2143
SZ,300126,-0.48,1283,1851
SH,688217,3.57,1281,1281
SZ,300994,0.18,1281,2559
SH,688089,-1.15,1279,1279
SH,688576,1.44,1278,2675
SZ,920523,-0.56,1278,1598
SZ,301469,2.82,1277,2481
SZ,920403,-4.32,1262,2123
SZ,920284,-1.41,1261,1970
SH,603352,2.63,1257,6283
SZ,920274,0.06,1254,1254
SZ,301515,1.98,1254,1856
SZ,920807,4.54,1253,1844
SZ,003003,0.09,1252,1879
SH,603207,1.91,1252,3684
SZ,301503,0.37,1250,2255
SZ,920046,-0.83,1250,2261
SZ,002830,-0.06,1244,2491
SZ,920225,-1.7,1240,1901
SH,603468,-17.41,1238,12762
SZ,301584,-3.83,1237,9702
SH,600543,-1.02,1236,1236
SZ,301372,0.84,1236,2059
SZ,301163,-0.96,1235,1841
SZ,301157,0.49,1231,3576
SZ,920039,-0.49,1231,1231
SZ,301502,0.46,1228,2972
SZ,301272,-0.23,1225,1936
SH,603004,-0.23,1225,4899
SH,603350,0.91,1224,3233
SZ,001319,-0.25,1224,2728
SZ,301501,0.43,1224,4162
SZ,300517,-0.61,1221,1938
SZ,300430,-1.25,1219,1281
SZ,920425,-0.26,1215,1476
SZ,920237,-0.53,1213,1236
SH,603344,-0.74,1212,4365
SZ,920033,-0.67,1210,1741
SH,688790,0.4,1207,9481
SZ,300823,-1.51,1207,1865
SH,603370,-0.08,1201,6006
SZ,301559,-0.74,1194,7962
SZ,920489,-1.49,1194,1876
SZ,301300,-0.38,1190,1993
SZ,920273,-1.41,1190,1788
SZ,301446,2.32,1189,3891
SZ,301378,-1.41,1182,2487
SZ,300535,-0.13,1181,1557
SZ,920304,0.23,1180,1467
SZ,920171,-0.73,1180,1749
SZ,300930,0.6,1179,2501
SZ,301001,-0.54,1178,1874
SZ,920981,-3.09,1178,2341
SH,600365,-1.07,1171,1244
SZ,920505,6.75,1167,2100
SZ,920089,0.67,1166,2047
SH,688184,-0.07,1163,1857
SH,603276,1.12,1158,3185
SZ,301083,-0.36,1155,2399
SZ,920249,-0.31,1151,3892
SZ,301359,-0.05,1145,1935
SZ,920130,2.72,1145,1843
SZ,301113,2.18,1144,1888
SZ,300851,-0.16,1143,2013
SZ,300899,-0.95,1141,1778
SZ,001373,0.04,1137,1861
SZ,300915,-0.14,1136,2484
SZ,920566,3.07,1132,1456
SZ,920152,-0.85,1131,1516
SZ,001336,0,1130,1836
SZ,002193,5.13,1125,1125
SZ,301006,1.06,1122,1865
SZ,920099,0,1122,1814
SH,688671,1.06,1117,1873
SZ,920885,1.2,1115,2152
SZ,300804,-0.65,1115,3001
SZ,301516,0.51,1115,4460
SZ,002872,-0.76,1113,1647
SZ,301632,-1.29,1111,6350
SZ,000820,-0.79,1108,2412
SZ,920932,-2.98,1105,1335
SZ,920252,-0.36,1103,1660
SZ,920396,-2.67,1101,1550
SZ,301418,-0.58,1094,2727
SZ,920592,-3.07,1091,1753
SZ,300152,-0.64,1083,1083
SZ,920199,0.04,1077,1934
SZ,920001,0.08,1076,1836
SH,688651,-4.02,1075,2344
SZ,002514,-4.42,1075,1397
SZ,300949,-0.86,1072,1875
SZ,920526,-0.04,1071,1692
SZ,001382,-1.5,1067,6979
SZ,301539,0.07,1067,2103
SZ,300886,-0.3,1064,1691
SZ,920642,-1.2,1058,1097
SZ,920690,-2.37,1056,1625
SZ,920357,2.89,1055,1744
SZ,920985,1.48,1053,1485
SZ,920184,-1.66,1051,1549
SZ,001379,0,1050,3120
SH,603334,-0.48,1043,4704
SZ,920429,0.66,1039,1139
SZ,920924,-8.62,1038,1704
SH,688701,0.39,1035,1035
SZ,920367,5.76,1033,1744
SH,688695,-0.61,1032,1644
SZ,301577,2.48,1030,2461
SZ,300958,-0.08,1024,1763
SZ,920092,-2.79,1022,1961
SH,603729,-0.44,1017,1017
SZ,920419,0.77,1012,1082
SZ,001312,-0.5,1012,4132
SZ,920792,-1.48,1010,1645
SZ,920062,-1.16,1010,1434
SH,603359,-0.43,1008,1008
SZ,920167,-0.44,1003,1688
SZ,301513,0.38,1001,4970
SZ,920270,0.08,994,1279
SZ,920415,-1.81,994,1290
SZ,001279,0.4,992,3970
SZ,920575,-5.37,992,1483
SZ,920100,0.36,987,3723
SZ,301616,-0.13,987,2780
SZ,920124,0.94,985,1913
SZ,001231,-0.04,985,1926
SZ,920206,0.31,984,2557
SH,603406,-0.99,980,10692
SZ,920098,-2.05,974,1430
SH,688816,0.56,973,5046
SZ,920018,-0.52,966,2781
SZ,920223,0.26,954,1837
SZ,920786,1.32,954,1445
SZ,920436,0.47,950,1012
SZ,301192,0.52,949,1953
SZ,920012,3.26,948,2424
SZ,920169,-1.42,948,1507
SZ,002719,-1.67,947,1019
SZ,001225,0.29,942,2937
SH,603409,0.29,941,3279
SZ,920161,1.31,940,3465
SZ,301173,0.4,939,2675
SZ,301459,1.53,938,3742
SZ,920496,0.47,934,1066
SZ,920266,3.28,934,977
SH,603190,-1.09,934,2828
SZ,301105,-0.44,930,2348
SZ,301399,7,927,3138
SZ,920651,-4.23,926,1363
SZ,920028,0.28,925,2340
SZ,920748,-5.42,917,1911
SZ,920726,-0.72,914,1655
SZ,920193,9.59,901,3981
SZ,920227,-0.83,900,1979
SH,603205,2.93,900,3398
SZ,301519,2.69,899,1911
SZ,300904,-0.57,899,2960
SZ,920694,1.7,896,1886
SZ,920275,-1.01,894,1081
SZ,920873,-1.45,891,1141
SZ,301386,-1.04,889,2765
SZ,920156,0.39,886,4248
SZ,301668,-1.29,886,4004
SZ,920770,0.56,884,1404
SZ,300417,-0.08,883,1421
SZ,920020,-0.12,882,3568
SZ,920541,-0.3,881,1337
SZ,920195,0.32,878,1217
SZ,920693,-0.33,866,1719
SZ,301037,-2.08,858,1755
SZ,920122,-1.15,856,2113
SZ,920433,1.42,847,1280
SZ,301170,0.27,845,2224
SH,688638,-0.61,844,1786
SH,688573,0.44,843,1549
SZ,920943,-0.3,840,1647
SZ,301598,-0.72,837,2809
SZ,920027,-1.02,834,1192
SZ,920000,-1.22,832,1324
SZ,920855,-0.8,820,914
SH,603376,-0.96,819,10240
SH,603073,0.94,819,1866
SZ,920078,3.35,819,2520
SZ,920663,-0.61,818,1705
SZ,301049,-0.82,816,1796
SZ,920976,-3.79,815,1311
SZ,001306,-0.6,810,3289
SZ,920378,1.4,808,1128
SZ,920478,10.51,803,1321
SZ,920058,4.58,800,1626
SZ,001335,-0.53,799,2930
SZ,920006,-1.7,796,1504
SZ,920519,-0.49,795,894
SZ,920556,-0.14,793,1094
SZ,920974,-0.47,791,1009
SZ,001396,-0.08,784,3690
SZ,920061,2.91,780,1402
SZ,301449,-1.06,778,3460
SZ,920260,0.38,778,815
SH,603273,-1.41,778,2988
SZ,920689,-0.63,766,1482
SZ,920832,0.16,765,858
SZ,920768,0.85,765,1106
SZ,920833,0.46,762,1008
SZ,301353,2.99,759,2361
SZ,920299,-0.65,756,1499
SZ,920685,1.65,753,1181
SH,603284,3.04,751,3066
SZ,920242,0,744,1328
SZ,920363,-0.93,741,1303
SZ,920639,0.32,741,1258
SZ,301314,0.57,741,2242
SZ,920634,1.84,739,1165
SZ,920181,1.7,733,3160
SZ,920942,-1.39,729,1076
SZ,301429,-0.84,722,1940
SZ,301533,-2.15,722,2497
SZ,301567,0.68,722,2448
SZ,920720,-0.09,720,2577
SZ,920564,-1.15,715,1554
SZ,301552,-0.38,713,2851
SZ,920123,1.67,712,1222
SZ,920925,1.18,712,1270
SZ,920547,4.38,711,1462
SZ,920445,-0.14,707,970
SZ,920370,0.75,706,808
SZ,920781,-1.67,703,903
SZ,920081,-1.6,702,2980
SZ,001325,-1.3,696,2786
SZ,920375,-0.77,695,1164
SZ,920245,0.7,693,899
SZ,920346,0.39,692,1244
SZ,920706,-1.02,690,1370
SZ,920163,1.7,689,1461
SZ,920475,0.41,684,1230
SZ,001220,-1.49,683,2733
SZ,920866,-2.93,679,1072
SZ,920579,0.26,677,1967
SZ,920008,-0.79,677,1267
SZ,920627,0,672,1356
SZ,920204,4.54,668,1260
SZ,301575,0.11,667,3319
SZ,300784,-0.47,667,2229
SZ,920101,0.18,666,2135
SZ,920964,-1.3,666,1178
SZ,920079,-1.91,666,6161
SZ,920187,0.15,665,1812
SZ,920608,0.36,664,858
SZ,920108,1,664,1567
SZ,920117,-2.39,659,2927
SZ,920765,2.23,654,1077
SZ,920300,1.76,654,844
SZ,920175,-0.96,650,976
SZ,920527,-0.28,650,838
SZ,920876,-1.25,647,1058
SZ,920176,-2.71,642,4749
SZ,920422,0,638,853
SZ,920570,-0.59,633,1246
SZ,920580,1.41,629,988
SZ,920553,0,621,951
SZ,920118,0.51,621,1024
SZ,920278,1.13,619,1096
SZ,920578,-1.32,604,1300
SZ,920471,0.09,602,945
SZ,920856,0.89,600,1076
SZ,920096,2.89,600,2555
SZ,920090,8.72,594,795
SZ,920086,2.26,594,1815
SZ,920469,-1.56,584,796
SZ,920641,0.39,584,967
SZ,301287,0.26,583,2282
SZ,920719,-0.37,582,729
SZ,920679,0.84,579,870
SZ,920112,0.98,575,1961
SZ,920675,-0.54,575,1253
SZ,920834,1.9,573,1094
SZ,920665,1.13,572,1160
SZ,920455,0,569,1038
SZ,920057,-1.01,568,883
SZ,920906,0.6,560,1090
SZ,920198,-1.24,559,1280
SZ,920271,0.31,559,1262
SZ,920262,1.69,556,1196
SZ,920810,1.6,554,852
SZ,920075,-0.18,549,1013
SZ,920896,0.49,547,1247
SZ,920166,14.67,544,1724
SZ,920146,0.4,544,676
SZ,920454,-0.08,543,1158
SZ,920005,0.6,541,2090
SZ,920374,-2.46,538,1319
SZ,920662,3.16,538,1744
SZ,920871,-1.48,527,952
SZ,920050,3.39,525,1962
SZ,920729,1.21,518,1826
SZ,920056,0.06,516,1367
SZ,920023,2.14,513,625
SZ,920069,4.14,513,1838
SZ,920703,0.52,510,1445
SZ,920267,-1.47,507,887
SZ,920230,3.27,507,1078
SZ,920149,0.25,506,612
SZ,920160,-0.04,506,2247
SZ,920753,-0.64,503,1251
SZ,920392,0.07,496,1055
SZ,920080,0.66,494,1785
SZ,920212,0,492,1012
SZ,920145,-0.68,490,708
SZ,920258,-3.28,487,5412
SZ,920508,-0.38,487,916
SZ,920407,-0.73,486,1193
SZ,920779,-0.81,482,1929
SZ,920082,1.33,478,1699
SZ,920126,0.76,475,1980
SZ,920076,1.1,474,1508
SZ,920177,-0.58,467,1320
SH,688121,-9.48,464,535
SZ,920351,-0.16,461,1019
SZ,920950,0.7,460,945
SZ,920656,2.38,460,1422
SZ,920414,0.86,460,654
SZ,920136,-3.41,457,1742
SZ,920718,-0.19,456,889
SZ,920128,0.76,451,1507
SZ,920091,-1.14,448,1899
SZ,920158,0,447,1673
SZ,920168,-0.05,447,1194
SZ,920427,0.12,443,897
SZ,920188,1.87,441,1850
SZ,920016,0.24,438,984
SZ,920180,3.81,437,1447
SZ,920110,0.19,425,1022
SZ,920055,-1.28,422,1873
SZ,920970,-1.31,420,665
SZ,920159,0.63,417,2202
SZ,920072,5.05,415,2199
SZ,920036,-2.5,411,1714
SZ,002731,-7.44,400,446
SZ,920957,1.08,399,1003
SZ,920007,-0.28,396,1657
SZ,920802,0.38,384,868
SZ,920035,-0.61,379,1672
SZ,920218,-1.47,378,1679
SZ,920009,1.17,375,2887
SZ,920895,0.48,364,717
SZ,920011,0,363,1613
SZ,920191,-0.66,356,1582
SZ,920717,-0.49,356,922
SZ,920121,1.58,337,1868
SZ,920066,0.42,336,1063
SZ,920183,1.06,332,1446
SZ,920003,-0.05,327,1522
SZ,920022,0.51,325,1180
SZ,920132,-0.68,315,928
SZ,920504,1.58,297,753
SZ,301139,4.3,296,472
SZ,920931,0.51,281,919
SH,688496,-2.26,205,387
