market,code,chg_pct,vol_rank,amt_rank
SH,601288,-0.28,2215555,2428882
SH,601398,-0.24,2143417,2833430
SH,601857,-2.06,1760093,1989438
SZ,300750,1.4,1688441,1833728
SH,600519,0.07,1651333,1651333
SH,601138,-0.63,1145203,1145203
SZ,300308,4.2,1050114,1055123
SH,601628,-2.23,818365,1110803
SH,600036,-0.09,815875,997445
SH,601088,-1.05,741437,975157
SH,688256,0.64,713282,713282
SH,600900,-0.64,706642,706642
SH,688041,-3.1,671734,671734
SH,601899,0.98,659257,850903
SZ,000333,1.66,597313,661880
SH,601318,-0.06,577349,980710
SZ,300502,3.77,529579,588697
SZ,002371,-1.86,508759,509165
SH,600028,0,490818,626394
SH,601728,-0.62,485962,572835
SZ,002475,3.23,454448,479276
SH,601166,-0.04,393418,393418
SH,601658,-1.14,372793,617289
SH,600030,1.17,346058,421200
SH,600276,1.56,345232,359205
SH,688012,-5.97,339266,344900
SH,603993,0.11,332105,406920
SZ,002594,1.67,330914,865313
SZ,002415,-1.07,323398,327644
SH,601998,-0.12,316321,431806
SH,603259,2.05,310496,374581
SH,600000,1.31,310077,310077
SZ,000858,0.6,292084,292091
SZ,300059,2.57,265998,315178
SH,601319,-0.93,263038,327700
SH,600150,3.52,260913,260913
SH,688981,-4.67,260543,1115473
SH,600183,-5.18,259263,261118
SH,601211,-0.41,255092,333187
SH,601816,0.98,250989,250989
SZ,002384,-5.77,249094,329103
SH,601225,1.23,239467,239467
SH,688008,0.35,236257,251895
SH,688825,10.7,234293,3479813
SH,600309,0.28,232938,232938
SZ,000651,1.99,229771,233074
SH,601601,0.91,218973,307755
SZ,000001,0.63,218701,218705
SH,600919,0.61,213609,213609
SZ,002142,0.31,210654,210787
SH,603288,2.19,210302,221316
SZ,002916,-1.29,208737,213873
SZ,300408,7.87,203379,216220
SZ,002463,-0.81,201664,201827
SZ,000725,1.97,201239,210782
SZ,300394,-0.13,197325,197767
SH,688072,-2.09,196497,202048
SH,601919,0.71,195129,237267
SZ,002938,0.43,194849,195415
SH,601668,0.22,192140,192140
SH,600406,1.61,191716,192280
SZ,300760,2.78,187440,187601
SH,600025,0.6,186870,186870
SH,601328,0,185375,628267
SZ,300476,-4.36,173896,197530
SH,600031,3.6,172962,187670
SH,600887,2.37,171258,172113
SH,600989,1.66,171014,171014
SZ,300274,-4.35,170167,222228
SH,601985,1.36,169383,184495
SH,601066,1.73,168108,200743
SZ,002352,0.72,167153,183391
SZ,300433,-1.76,165292,175571
SZ,003816,1.74,160881,206540
SH,600809,1.51,156351,156351
SH,601766,3,150346,177359
SH,688498,-0.32,150174,152139
SH,600176,0.27,149689,150878
SZ,300124,5.08,148596,166924
SH,601818,0,147574,187892
SZ,000792,2.15,145887,145889
SH,600690,2.72,143882,215779
SH,601009,1.14,142428,142428
SH,600111,0.72,141964,141964
SH,600050,0,137597,138814
SH,601100,-1.36,137273,137273
SZ,000063,0.89,136617,162258
SZ,000338,4.43,135557,236310
SH,601229,0.32,133565,133565
SH,688506,5.06,133172,133172
SZ,002050,1.04,132693,151278
SH,688082,-3.59,132091,133525
SZ,300604,-2.84,131428,170348
SZ,002281,-2.99,131322,139385
SH,601336,0.25,131258,196344
SH,601872,0.31,131131,131131
SH,600999,1.32,130924,153407
SH,600019,2.18,130626,132871
SZ,000568,1.69,130145,130219
SH,600584,-6.17,128981,128981
SH,688120,0.1,128175,128175
SZ,000776,1.93,128118,169799
SH,601898,0.95,126755,183632
SH,600016,0.28,126245,155865
SH,601600,1.6,125564,163144
SZ,000408,0.45,125151,125152
SH,688361,-3.87,124873,124873
SH,600104,1.98,124034,124034
SH,600760,0.35,123397,123631
SH,600487,-0.69,121848,122481
SH,603256,-7.71,120672,124082
SH,600018,0.19,120186,120357
SH,600188,0.71,118869,200135
SH,600660,4.97,118417,154288
SH,600926,1,117579,117579
SH,600346,1.83,117201,117201
SH,601869,-6.69,114612,233519
SH,688111,1.82,113976,113976
SZ,002493,4.01,113924,121871
SH,600886,0.79,113453,121828
SZ,300014,-1.4,112638,115880
SH,601888,3.51,112189,119390
SH,600905,1.31,110920,110920
SH,603501,-0.53,110177,114810
SZ,000977,-6.41,109602,109725
SH,600015,0.28,109249,112996
SH,688347,-5.08,108751,463469
SH,605117,2.08,108136,108136
SH,601169,0.39,108041,108041
SZ,000938,-9.99,106767,106767
SH,601698,0.72,106328,106328
SH,600160,1.95,105803,105803
SZ,000166,1.52,105466,117187
SH,600489,1.78,105284,105284
SH,600089,1.98,104340,104340
SH,601633,1.46,103690,142585
SH,601995,1.47,102996,170064
SH,601939,0.09,102172,2786044
SH,688521,-5.59,101975,101975
SZ,002028,2.54,101009,129414
SZ,000988,-0.67,100398,100450
SH,600522,-2.53,99658,99658
SZ,300442,-3.85,99466,99759
SZ,300857,-4.54,99076,99585
SH,688525,0.09,99029,99029
SZ,000100,0.2,98982,102340
SZ,300033,5.08,98572,169224
SH,600547,2.44,98494,125621
SH,601006,1.02,98321,98321
SZ,002736,1.49,98047,104466
SH,601012,1.5,97530,97530
SZ,301200,-3.07,97397,112002
SZ,002353,2.69,96448,142900
SH,605499,5.06,95994,104256
SH,600893,3.24,95145,95162
SZ,002156,-9.96,94264,94273
SH,600938,0.61,94215,1497669
SH,688271,2.53,93781,93781
SH,601390,1.32,93693,113089
SZ,000538,0.91,92015,92603
SZ,301308,-1.09,91991,138079
SZ,002001,3.53,91774,92879
SZ,002602,7.75,91689,99431
SH,601881,2.03,91050,137445
SH,601127,4.34,90878,101662
SZ,000895,1.75,90589,90601
SZ,000617,2.47,89127,89127
SH,600795,2.68,88821,88821
SH,600362,0.47,88717,148032
SH,601727,1.75,87931,108315
SZ,002600,1.5,87911,99148
SH,600941,0.97,87821,2109390
SZ,002230,0.58,87686,96179
SH,601168,-0.42,87456,87456
SZ,002008,-4.37,86153,92716
SH,600236,9.97,86076,86076
SH,600673,-0.77,83954,84177
SZ,002648,1.18,83926,83980
SZ,300498,-0.27,83361,93288
SH,601868,1.58,83342,113697
SH,600436,0.32,82323,82323
SZ,001289,0.62,82184,136265
SZ,000425,3.2,81365,105869
SZ,002311,0.44,79824,79901
SH,688249,-3.58,79340,87883
SH,601689,0,79245,79245
SH,600674,0.12,79212,79212
SH,600011,0.56,79184,113026
SZ,002027,2.06,78854,78854
SH,601825,0,78370,80628
SH,601838,0.33,78242,78242
SH,600039,1.37,77043,77043
SH,601991,4.04,76608,114371
SZ,000657,-2.84,76184,119490
SH,688183,1.64,76087,76087
SH,603799,2.57,76052,76290
SH,688036,0.24,75702,75702
SZ,002241,3.59,74459,84082
SH,603195,3.22,74347,74482
SZ,000708,1.94,74193,74193
SH,688396,-1.01,73716,73716
SH,601800,2.12,73268,101336
SZ,002080,-6.79,73116,73116
SH,601186,1.6,72931,86094
SH,600585,2,72867,96676
SH,600023,0.75,72005,72005
SH,600066,-1.03,71975,71975
SZ,001965,0.76,71892,71892
SH,688200,0.67,71866,71866
SZ,301217,-1.51,71569,71569
SH,601111,0.66,71342,125619
SH,688702,-3.05,71041,143488
SZ,300015,2.9,70580,82487
SZ,002179,1.88,70293,70421
SH,601179,2.01,70276,70276
SH,600029,0.78,69811,93867
SH,600415,6.85,69312,69312
SH,603228,-4.51,69233,69545
SH,688126,-4.02,69006,80246
SH,600010,1.38,68900,99497
SH,688002,2.94,68784,68784
SZ,000630,0.99,68418,82334
SH,600958,0.99,68271,77659
SH,600118,-0.39,68241,68241
SH,601958,4.76,68178,68178
SZ,002466,3.65,67972,78911
SZ,002625,1.9,66921,66921
SH,688037,-0.91,66456,66456
SH,603296,-1.23,66379,126027
SZ,300757,0.74,66165,68217
SH,600482,5.24,65643,65643
SZ,300475,-2.2,64810,67619
SH,601916,1.37,63772,81295
SZ,001979,3.03,63418,64465
SZ,000021,1.82,63407,63416
SH,688777,1.26,63204,63525
SH,601669,1.05,63005,83030
SH,600048,4.17,62845,62845
SH,600115,1.38,62652,81283
SH,600233,0.22,62625,62625
SH,688172,-6.07,62599,74550
SH,600988,0.88,62596,71493
SZ,000625,3.15,62335,74743
SH,600026,2.54,61899,88470
SH,601360,1.27,61526,61526
SZ,002304,1.35,61251,61252
SH,688629,-3.71,61165,62128
SH,600703,0.91,61016,61016
SZ,002202,0.33,60711,76239
SH,600009,1.75,60666,60864
SZ,002460,1.9,60525,104772
SZ,300661,5.51,60305,68698
SZ,002128,2.57,60007,83696
SH,600426,3.73,59583,59591
SZ,002837,-4.8,59326,66878
SZ,000703,1.5,59051,59349
SZ,001309,-2.14,58366,80229
SH,601077,0.46,58244,74843
SH,601901,1.43,58201,58201
SZ,000768,1.01,58138,58226
SH,600221,0.75,57841,58341
SH,600875,2.41,57671,88119
SZ,000933,2.07,57583,57619
SH,601788,1.73,57389,67732
SZ,000426,3.3,57304,57318
SZ,002595,3.07,57253,57652
SH,601061,1.39,57134,57134
SH,688019,-0.78,57098,57098
SZ,000975,2.19,56571,62160
SZ,002422,-4.26,56204,68849
SH,601231,1.29,56164,56164
SZ,002709,-0.85,55788,75366
SZ,002064,2.19,55561,55680
SZ,002185,-4.91,55189,55202
SH,600803,4.68,54984,55415
SZ,000636,10,54970,54970
SH,600350,-0.52,54921,54921
SH,600096,1.97,54653,54653
SZ,002049,1.57,54651,54658
SH,600372,1.08,54244,54244
SH,688409,-2.65,53942,53942
SZ,000157,1.19,53942,65988
SZ,002532,2.67,53759,60590
SH,688578,2.17,53492,53492
SZ,300765,-2.12,53473,53473
SH,601877,2.6,53402,53402
SH,601059,2.11,53315,53315
SZ,300759,-1.37,52825,68347
SZ,000960,3.78,52802,52802
SH,601233,4.72,52718,52814
SH,600219,2.68,52710,52710
SH,601377,0.5,52507,52507
SH,600741,2.53,52430,52430
SH,603659,2.05,52425,52425
SH,600885,1.71,52386,52386
SZ,300223,-2.74,52121,59781
SZ,300450,1.12,52084,55919
SZ,300620,-1.87,52052,52490
SH,600438,3.04,51908,51908
SH,688017,-3.55,51811,51811
SZ,300054,-2.37,51732,66356
SZ,000963,1.59,51486,51507
SH,688585,2.37,51441,51441
SZ,002558,9.99,51277,51277
SZ,002920,2.15,51107,51123
SZ,000831,2.71,50992,50992
SZ,300136,-1.87,50527,59244
SZ,300285,4.4,50281,58726
SH,688141,-3.26,50130,50130
SZ,001872,2.06,50097,54012
SZ,002484,-3.07,50065,51899
SH,688519,-0.88,49919,49919
SH,600895,3.58,49790,49790
SZ,002821,-0.72,49525,56358
SH,600460,-1.42,49489,49489
SZ,301358,2.54,49429,54823
SZ,002409,-7.19,49193,73502
SZ,002851,-9.27,49192,62368
SZ,002074,4.55,49098,51302
SZ,301269,0.06,49007,49007
SH,688766,6.14,48925,48925
SH,600196,1.72,48746,61447
SZ,300803,8.54,48560,48918
SH,601298,1.12,48529,58420
SZ,300666,-1.79,48424,60438
SH,601618,1.13,48024,55660
SZ,000783,2.63,47448,47448
SZ,300316,-0.25,47242,50234
SH,601117,1.71,47183,47318
SZ,002414,0.65,47071,59150
SZ,300373,2.36,47058,47163
SH,600377,0.57,46995,62267
SH,603156,1.33,46945,46945
SH,688110,-0.29,46750,46750
SZ,002436,-4.91,46373,51925
SH,601607,0.97,46329,61596
SH,601699,4.96,46217,46217
SH,600378,1.49,46142,55496
SH,600580,1.79,46059,46192
SH,603129,-0.32,45960,45960
SH,601058,0.72,45869,45869
SH,600497,2.02,45767,45767
SH,603979,2.55,45705,45705
SH,688009,1.92,45691,56126
SH,600930,0.95,45444,176451
SH,601021,0.35,45277,45277
SZ,300567,-5.4,44972,55409
SH,600105,-3.27,44796,44796
SZ,000066,-3.82,44577,44581
SH,688469,3.41,44552,63625
SH,600726,-2.46,44329,46891
SH,601198,2.39,44285,44285
SH,600352,6.18,44148,44148
SH,688048,-5.16,44114,44114
SZ,002812,2.12,43952,52432
SZ,002428,-5.53,43884,43890
SH,688223,3.14,43850,43850
SH,688147,-12.17,43845,43845
SH,688220,-0.04,43733,43733
SH,600498,-2.46,43693,46667
SH,600027,2.16,43682,55040
SH,601878,1.49,43543,43543
SH,688146,8.81,43507,158882
SZ,300418,-1.9,43358,47405
SH,688313,-4.52,43237,43237
SH,688729,-5.47,42779,72323
SZ,000999,2.2,42465,42504
SZ,300548,-2.27,42454,42540
SH,600642,2.49,42380,42383
SH,688331,-0.46,42366,67195
SZ,300979,0.47,42117,42117
SH,688047,-0.3,41973,41973
SZ,000893,2.2,41922,47718
SH,600061,2.05,41370,41370
SH,688188,2.92,41334,41334
SH,600985,5.37,41234,41234
SH,688627,-7.43,41215,41215
SH,600021,2.68,41115,41115
SZ,301526,1.39,41107,110374
SH,600570,1.78,41092,41092
SH,600995,2.48,41005,41005
SZ,300058,-0.24,40831,42149
SH,688187,3.45,40674,62290
SH,688728,1.36,40671,40699
SH,688099,0.83,40668,40668
SH,601555,3.19,40147,40147
SZ,002078,-0.06,40105,40353
SH,600578,9.98,39833,39833
SH,600601,-2.64,39826,40814
SH,601238,3.65,39798,54962
SH,601216,1.74,39574,39574
SH,600600,2.39,39527,76040
SZ,002636,-4.82,39511,39712
SH,600968,4.3,39441,39441
SZ,002203,6.08,39398,40816
SH,601136,3.6,39360,39360
SZ,002236,0.37,39286,53714
SH,603260,2.51,39036,39036
SZ,000987,2.65,38904,38933
SZ,002945,10.03,38799,38799
SH,601665,0.8,38646,38646
SH,600909,3.5,38586,38586
SZ,300972,3.68,38577,41989
SZ,300395,-1.34,38477,39466
SH,600143,1.96,38363,38923
SZ,300390,1.1,38218,47228
SH,601108,3.14,38172,38172
SH,603087,5.03,38063,40558
SH,601577,1.5,37995,38004
SH,600845,1.03,37794,50613
SH,600901,1.4,37754,37763
SZ,300919,1.84,37512,42834
SH,605376,4.9,37456,37456
SH,603392,1.27,37388,37388
SZ,002195,-2.63,37345,37683
SZ,000596,0.96,37313,48272
SH,688336,-1.22,37310,37310
SH,603806,2.66,37201,37201
SH,601208,-5.49,37175,37175
SZ,000983,3.66,37014,37015
SZ,002294,0.73,36914,36923
SZ,300866,1.27,36879,70304
SZ,002966,3.2,36834,37464
SH,688472,5.12,36650,36650
SZ,002850,1.56,36626,50019
SH,603298,3.34,36518,36518
SH,601777,4.43,36259,36259
SH,603379,2.97,36250,36250
SH,601212,2.3,36209,36209
SH,603650,-8.97,36205,36293
SH,600060,0.8,36158,36291
SZ,000811,-5.9,35985,36503
SH,600392,2.04,35950,35950
SZ,002273,0.46,35714,36462
SZ,000559,2.67,35696,35706
SZ,301377,-3.29,35639,152868
SH,600177,2.86,35622,36571
SH,600085,1.8,35590,35590
SZ,002155,2.02,35563,35566
SH,600667,-7.77,35431,35431
SZ,300001,1.97,35256,36082
SH,603629,-5.68,35228,35815
SH,600141,1.08,34923,34923
SZ,002407,-5.37,34909,38522
SH,600157,2.56,34908,34908
SH,600256,3.41,34900,34900
SH,603486,4.82,34900,35219
SZ,001203,1.06,34882,40949
SH,688266,0,34833,34833
SH,688295,1.47,34830,34830
SZ,002129,0.47,34702,34730
SH,603268,0.79,34663,144267
SH,603369,2.55,34561,34561
SZ,000423,4,34541,34602
SH,688808,-3.24,34538,183760
SZ,000786,3.35,34381,34641
SH,600298,5.75,34372,34801
SZ,002653,-0.44,34365,71697
SZ,002032,3.52,34338,34353
SZ,000688,4.15,34225,34225
SZ,302132,2.37,34162,155756
SH,603929,-1.83,34035,34035
SH,600206,-7.67,33998,33998
SZ,002252,2.18,33995,34018
SZ,002444,0.44,33966,35380
SZ,002340,2.77,33908,34084
SH,688775,2.65,33890,52399
SH,603606,4.77,33875,33875
SZ,300037,4.88,33709,46477
SH,688122,3.64,33705,33705
SZ,002056,-0.9,33703,33738
SZ,002429,-0.52,33661,33680
SZ,300346,-5.36,33652,35456
SH,600588,2.73,33452,33452
SZ,003031,-2.35,33305,44163
SH,601126,-0.06,33201,33524
SH,600711,1.13,33193,33193
SZ,002601,0.3,33113,39722
SH,601598,2.56,33111,46055
SH,601236,2.03,32993,32993
SZ,300832,0.78,32797,37722
SH,603699,6.09,32737,33477
SH,601696,5.28,32669,32669
SZ,300207,5.84,32616,35157
SZ,000661,2.01,32441,33116
SH,688536,2.1,32408,32988
SZ,002138,2.62,32355,34486
SZ,000729,3.88,32248,36218
SH,600109,3.34,32126,32126
SZ,000002,4.44,31969,39252
SH,600499,9.97,31932,31932
SH,600733,9.96,31889,36547
SZ,000728,2.82,31856,31856
SZ,300458,-0.75,31762,38762
SZ,300251,1.51,31750,33560
SH,601162,2.22,31727,37173
SH,601611,2.63,31706,31706
SH,603568,0.45,31690,31690
SZ,002126,2.13,31631,33687
SH,688599,3.69,31625,31625
SZ,002517,10.02,31529,35657
SH,600863,3.43,31460,37766
SH,688676,1.76,31417,31417
SZ,000800,2.24,31395,31398
SH,688433,2.57,31330,31330
SH,600348,3.21,31277,31277
SH,600282,2.22,31257,31257
SH,600839,1.5,31197,31206
SZ,000878,2.04,31116,37663
SH,688617,3.09,31083,31083
SZ,002432,-0.35,31076,31117
SZ,300751,-4.41,31016,44856
SZ,000876,0.44,31005,31024
SH,688027,3.39,30994,39665
SH,600332,1.57,30986,35832
SH,688213,3.54,30918,38448
SH,600562,3.93,30897,30897
SH,600869,-3.52,30893,30893
SH,688235,1.85,30839,413162
SH,600483,2.12,30804,30804
SZ,000883,2.82,30713,33556
SZ,000027,2.38,30685,30685
SH,600563,3.29,30488,30488
SZ,002555,4.47,30446,42431
SH,603338,3.21,30421,30421
SZ,300782,-1.56,30355,38938
SH,605358,-2.38,30262,30262
SZ,002261,-0.89,30223,33225
SH,600801,5.63,30188,46777
SH,688608,4.68,30103,30103
SZ,002673,2.76,29946,29946
SZ,300454,1.39,29929,44848
SH,600871,1.85,29803,41706
SH,603766,2.11,29797,29797
SH,603308,1.98,29776,29776
SH,600398,2.66,29681,29681
SH,605589,-2.9,29649,29666
SH,600707,-4.18,29562,29568
SZ,300017,-2.24,29526,31471
SH,603198,-0.61,29368,29368
SZ,000958,0.56,29232,99459
SZ,000959,0.77,29210,30399
SH,601990,1.94,28945,30093
SH,600517,1.61,28935,28935
SH,688362,-7.1,28821,28821
SH,688169,5.66,28783,28783
SZ,000629,1.32,28615,28616
SZ,300347,4.87,28550,43396
SZ,300870,1.56,28462,28465
SH,601000,3.23,28444,28444
SH,600699,1.55,28304,31450
SH,601933,2.59,28292,28292
SH,688052,2.91,28212,32165
SZ,000060,2.11,27979,27979
SH,688025,0.56,27915,27915
SZ,300748,1.9,27867,33922
SZ,300339,1.33,27833,28504
SZ,301236,0.31,27814,36646
SH,603127,-2.8,27802,33189
SZ,300628,-0.38,27728,48396
SH,603939,1.74,27715,27715
SH,688180,1.2,27705,37115
SZ,002025,-1.19,27632,27641
SH,600079,1.76,27623,29217
SH,688322,-1.98,27594,35570
SH,600369,2.72,27577,27577
SZ,300672,-3.76,27571,28458
SH,600428,0.45,27509,30869
SH,601880,2.05,27435,35122
SH,688668,-2.49,27431,27431
SZ,002797,1.56,27358,27358
SH,601001,-0.96,27332,27332
SZ,000951,5.81,27261,27261
SZ,002472,1.63,27107,30778
SH,603444,8.05,27080,27080
SH,603179,-0.33,27047,27047
SH,601799,0.24,26928,26928
SH,600637,0.13,26895,26895
SH,688297,2.23,26865,26865
SH,600312,4.49,26813,26813
SH,600536,1.27,26811,29676
SH,688301,-0.8,26787,26787
SH,688568,1.19,26707,26707
SH,688065,3.68,26643,32941
SZ,000877,3.03,26593,26593
SZ,002240,2.28,26584,26653
SZ,300432,2.08,26544,26843
SH,600515,2.12,26519,33019
SZ,002378,0,26448,26587
SH,600737,1.98,26436,26436
SZ,000582,-0.4,26400,30809
SZ,301511,-3.34,26232,44135
SZ,002244,6.85,26224,29590
SH,603345,3.19,26223,29799
SH,600777,0.24,26165,27950
SH,600595,4.49,26132,26132
SH,600153,1.92,26125,26125
SZ,002223,2.97,26102,27769
SH,600862,3.85,25953,25953
SH,601155,0.17,25917,25917
SH,688385,-0.57,25912,39571
SH,600998,2.19,25868,25868
SZ,002245,0.06,25818,27442
SH,600704,1.84,25752,25752
SH,600299,1.83,25716,25716
SH,600918,1.63,25552,44343
SH,600331,4.14,25542,33205
SH,600641,-4.72,25471,25916
SZ,002487,0.77,25470,29877
SH,601615,2.64,25464,25464
SH,688411,1.34,25454,35031
SH,601918,1.45,25439,25439
SZ,002859,0.9,25356,26856
SZ,000737,1.07,25254,25257
SH,600732,0.25,25221,25340
SZ,003022,1.61,25221,25242
SH,600166,4.61,25177,25177
SZ,300438,1.34,25086,31243
SH,600095,1.27,25075,25075
SH,600396,2.53,25036,25036
SH,603049,2.06,25012,43313
SZ,000967,0.14,24880,24892
SH,601928,1.88,24864,24864
SH,600161,2.44,24856,24856
SH,600566,2.27,24849,24933
SH,600295,1.86,24833,35181
SH,600546,3.14,24781,24781
SH,600583,1.27,24671,24671
SH,688192,-0.25,24657,24868
SZ,002222,-9.99,24606,24716
SH,688387,2.01,24605,41709
SZ,000921,3.18,24600,36879
SH,603160,5.48,24557,24557
SZ,000830,3.12,24545,24547
SZ,002459,3.06,24536,24558
SH,601717,3.11,24536,28406
SZ,002152,2.07,24499,24511
SZ,002465,1.96,24482,24521
SH,601606,0.57,24435,24435
SH,600521,1.43,24360,24360
SZ,002747,2.6,24356,30128
SZ,000981,1.99,24354,25594
SH,688318,4.74,24340,24340
SZ,000738,2.16,24305,24305
SH,688248,3.22,24288,24288
SH,603605,1.61,24246,24246
SH,688127,-0.59,24192,24192
SZ,300236,2.94,23972,26970
SH,600535,1.91,23948,23948
SZ,000415,5.97,23945,27459
SH,600884,3.41,23930,29332
SZ,002498,9.94,23920,23920
SZ,002046,-4.32,23895,24166
SZ,002131,0.99,23888,27629
SH,601399,2.16,23877,23877
SH,600259,0.65,23863,23863
SZ,000739,5.37,23854,23864
SH,600663,2.45,23794,37965
SH,603067,4.28,23731,23731
SZ,300024,2.09,23728,23735
SH,601866,0.83,23693,32101
SZ,300383,4.43,23685,23728
SH,688278,0.59,23646,23646
SH,689009,5.31,23636,30935
SZ,920185,3.23,23632,24027
SH,688548,-4.76,23591,45031
SH,688167,-5.44,23568,23568
SH,603688,-2.5,23563,23563
SH,603061,-2.65,23489,23489
SH,601099,2.99,23448,23448
SZ,002456,3.22,23389,24646
SH,688778,3.91,23352,23352
SH,688349,2.9,23352,23757
SH,600100,0.87,23318,23318
SH,688475,2.67,23318,23318
SH,601228,1.64,23313,23313
SZ,301536,4.68,23279,52445
SZ,000155,-0.46,23262,23262
SH,603301,2.62,23234,23234
SH,688018,0.05,23190,23190
SZ,300677,8.41,23169,32581
SZ,002379,5.27,23137,265314
SH,601128,1.6,23129,23129
SZ,002841,-0.46,23054,30918
SZ,002603,0.84,23043,27968
SH,603823,-9.99,23042,23042
SH,600873,0.12,23023,23023
SZ,002015,0.71,23019,23019
SH,603920,-2.64,23016,23016
SH,601963,0.71,23005,41008
SZ,300255,-2.14,22931,22967
SZ,000400,3.9,22895,23051
SH,600977,1.07,22833,22833
SZ,300570,-4.95,22833,26983
SH,603596,3.25,22818,22818
SZ,002430,2.82,22806,22815
SZ,002180,0.36,22785,23816
SH,688425,2.4,22774,22774
SZ,002271,3.58,22706,28330
SZ,000962,-2.03,22683,23778
SH,600486,1.74,22675,22675
SZ,002157,1.39,22662,26918
SH,688333,-1.15,22645,22645
SH,605090,1.23,22644,22667
SH,600388,6.9,22632,22632
SZ,000547,0,22518,22650
SH,600132,3.76,22442,22442
SZ,000062,0.19,22413,22435
SH,600098,1.75,22402,22402
SH,600330,-2.15,22375,22375
SZ,000733,3.46,22374,22377
SZ,000887,1.92,22331,22367
SZ,002266,3.13,22324,24061
SH,600390,1.64,22310,22310
SZ,002536,-9.17,22233,23474
SZ,000750,1.86,22199,24459
SH,688820,-0.39,22130,238416
SZ,000709,2.88,22118,22121
SZ,300814,-4.45,22114,22114
SH,688819,4.04,22028,22028
SH,600246,-6.94,22004,22616
SZ,001389,-4.25,21991,68231
SH,603565,1.26,21988,21988
SZ,002085,2.68,21976,21976
SZ,000598,1.8,21930,21932
SH,600550,6.45,21877,21877
SH,603663,-2.94,21870,21885
SZ,002926,2.08,21866,21866
SH,603737,4.72,21789,21789
SH,600685,3.72,21784,37486
SZ,301018,-2.11,21780,28823
SZ,300496,1.87,21760,27186
SH,600598,2.43,21759,21759
SZ,000623,2.53,21739,21825
SH,603233,0.9,21650,21650
SH,603899,3.28,21622,21622
SH,688001,-2.59,21588,21588
SH,600329,4.47,21583,29310
SH,600008,2.44,21581,21581
SH,601016,1.71,21557,23364
SH,605111,2.51,21556,21556
SH,603833,9.99,21521,21521
SH,688102,1.55,21495,21558
SZ,000034,-2,21492,25734
SZ,002545,0.37,21473,23637
SZ,300738,2.35,21471,21477
SH,601069,5.28,21390,21964
SZ,300896,-1.28,21332,31572
SH,600745,-0.82,21274,21274
SH,688343,-5.83,21227,21227
SZ,000683,1.28,21222,23602
SZ,002423,1.99,21221,21221
SH,600012,-4.76,21179,31045
SH,600126,2.96,21175,21175
SZ,002895,0,21092,21316
SZ,300474,3.37,21080,27103
SH,601608,2.22,21066,21066
SZ,300073,2.56,21053,22648
SH,600765,1.5,20990,20990
SZ,000564,2.21,20982,25101
SZ,300699,1.76,20946,21199
SZ,002007,2.47,20912,24263
SZ,003035,2.22,20909,20909
SH,600170,1.29,20882,20882
SH,688403,-6.32,20855,20855
SH,603077,2.61,20843,20843
SH,603816,4.51,20805,20947
SH,603881,0.84,20801,20801
SH,601106,2.36,20779,20779
SZ,301396,-8.28,20768,31542
SH,601997,1.07,20767,20767
SH,601118,2.54,20755,20755
SH,600970,2.33,20739,20739
SH,600516,2.18,20734,20734
SZ,002948,1.91,20675,34165
SH,600688,2.17,20667,29730
SZ,002468,1.81,20629,21569
SH,603876,2.36,20565,20565
SZ,000825,2.85,20563,20563
SZ,300209,3.91,20516,25937
SH,688195,-2.13,20496,20496
SH,601677,4.64,20477,20477
SZ,300003,0.15,20463,23891
SH,600582,1.65,20362,20362
SZ,001896,-1.32,20323,20323
SH,603236,3.05,20313,20313
SZ,300489,-0.74,20294,20369
SZ,301035,2.05,20262,20292
SH,601158,1.2,20256,20256
SH,688114,2.06,20212,20255
SH,600848,2.18,20205,21290
SZ,002364,0.47,20192,20390
SZ,000158,0.16,20182,20318
SZ,002065,1.17,20123,22182
SZ,000039,5.69,20091,47077
SH,603730,0.76,20068,20068
SH,603306,-1.13,20037,20037
SZ,002317,-0.71,20031,22353
SH,601666,5.74,20027,20027
SZ,300012,4.33,20023,23543
SH,601187,1.47,20014,20057
SH,603678,3.44,20007,20007
SZ,002299,3.4,19997,20394
SZ,002396,-6.98,19958,20041
SH,688005,4.55,19866,19866
SH,600353,-4.63,19767,19767
SH,603728,0.19,19729,19729
SZ,300811,-0.95,19703,24019
SH,603290,0.6,19610,19610
SZ,002262,3.95,19549,22469
SH,600967,1.77,19537,19537
SZ,000519,1.45,19454,19454
SZ,002318,2.83,19443,19915
SZ,001270,-1.42,19378,19503
SZ,002670,3.92,19350,23066
SH,603588,0.87,19330,19330
SZ,002461,2.95,19300,19300
SZ,002120,1.33,19284,19860
SH,688205,-0.82,19266,19266
SH,603530,3.73,19236,19413
SZ,301205,5.65,19199,29822
SH,603005,-1.76,19180,19180
SZ,000429,-2.06,19159,30735
SH,600007,0.64,19078,19078
SH,688372,-4.1,19063,19063
SZ,002265,0.11,19060,19060
SZ,002624,4.51,19045,20214
SZ,002335,0.35,19000,21727
SZ,002497,2.29,18892,20550
SZ,002130,5.98,18890,23056
SH,688257,-3.11,18886,18886
SZ,000686,2.28,18864,18864
SH,600927,4.17,18841,18841
SZ,300085,5.28,18837,20415
SH,603658,3.2,18823,18823
SH,603516,-1.12,18808,18808
SZ,002831,2.25,18805,33922
SH,601865,3.89,18801,23171
SH,600518,1.49,18798,18807
SH,601098,2.25,18786,18786
SZ,300806,-0.35,18769,26046
SZ,300627,3.63,18766,22660
SH,688400,-1.86,18753,19501
SH,600380,1.28,18752,18752
SH,600339,1.82,18704,18704
SH,601139,2.37,18670,18670
SZ,300776,-5.01,18665,29690
SH,600004,2.08,18626,20283
SH,600131,1.9,18620,18658
SZ,300623,-1.57,18601,20170
SH,603667,-0.76,18479,19334
SZ,002683,4.33,18477,21064
SH,603337,3.84,18452,18823
SH,603529,1.78,18392,18754
SZ,002389,2.98,18356,18359
SH,688208,4.71,18336,18336
SZ,001267,-3.17,18318,23629
SZ,300487,-1.68,18272,30202
SZ,300762,1.05,18173,18173
SH,600602,-2.19,18166,23127
SZ,002756,3.49,18158,25289
SH,688123,-2.04,18155,18155
SH,688363,1.24,18135,18135
SZ,002739,0.46,18134,18394
SH,600606,2.38,18130,18130
SZ,300398,-3.26,18119,18218
SZ,002716,3.18,18092,21992
SZ,000937,3.23,18091,18618
SH,688270,-0.49,18025,18025
SH,688097,-2.7,17982,17982
SH,688502,-13.23,17958,17958
SZ,000528,3.16,17949,17974
SH,600038,3.04,17921,21965
SH,688281,3.14,17920,17920
SH,603871,4.8,17907,17907
SZ,002270,1.53,17799,17799
SH,600655,2.7,17777,17783
SZ,000875,4.53,17748,19261
SZ,300821,-2.62,17745,17748
SH,600820,2.17,17733,17733
SH,688268,-5.22,17708,17708
SZ,002518,-1.09,17706,18241
SH,600032,1.8,17674,17674
SZ,000997,4.22,17670,17770
SZ,002145,1.98,17662,17663
SH,600316,1.61,17627,17627
SZ,300888,2.95,17620,17699
SZ,000591,2.04,17604,17611
SZ,002044,1.79,17589,17771
SH,600062,3.11,17577,17583
SZ,300903,-7.88,17569,23132
SH,603000,1.6,17569,17569
SH,603186,-7.9,17568,17568
SZ,000513,1.34,17567,27454
SH,600120,3.01,17555,17555
SH,688772,6.13,17541,17541
SH,603638,3.38,17499,17499
SH,600754,2.06,17496,20590
SZ,300779,-0.02,17485,22884
SH,603950,-7.56,17479,17493
SH,601609,4.9,17407,17407
SZ,002491,-4.83,17353,18142
SH,600956,2.22,17329,33212
SH,601333,2.68,17296,21676
SZ,000935,1.85,17223,17223
SZ,300140,1.83,17210,17231
SH,603358,-0.55,17201,17498
SH,688561,1.9,17186,17186
SZ,300843,-8.69,17084,17425
SH,688233,-2.48,17039,17039
SH,688795,-0.11,17005,264438
SZ,002192,1.98,16990,17026
SH,603115,3.11,16913,16913
SH,603733,-0.57,16909,16909
SZ,300257,-3.91,16860,17548
SZ,000009,3.82,16821,16842
SZ,300747,-0.11,16818,18095
SZ,002958,1.98,16808,17167
SH,601975,1.7,16802,16802
SZ,920438,-5.18,16798,17409
SZ,300456,-1.64,16776,20561
SZ,300088,1.05,16727,16810
SH,600179,3.1,16724,18323
SH,600500,-0.42,16722,16722
SH,688652,-3.15,16697,23231
SH,688692,4.1,16676,25462
SH,688131,11.02,16654,16654
SZ,000603,3.74,16648,17229
SH,603773,-5.65,16640,16645
SH,603786,3.44,16639,16639
SH,601326,1.45,16604,19500
SZ,002925,1.43,16580,17501
SH,601966,1.98,16567,16567
SZ,300724,2.69,16558,20044
SZ,000969,1.86,16557,16703
SH,603858,0.45,16546,16546
SH,600867,2.3,16530,16530
SH,600750,3.52,16463,16640
SH,601636,0.72,16450,16450
SH,600739,2.66,16441,16441
SH,605196,4.67,16401,16596
SH,605020,1.4,16380,16637
SZ,001337,1.54,16367,16367
SZ,002402,1.22,16337,18431
SH,600577,4.43,16284,16284
SH,600761,5.36,16282,16282
SH,688700,-1.22,16257,16257
SZ,000898,2,16233,19113
SH,601156,0.35,16143,27131
SZ,000682,3.53,16101,16102
SH,600528,1.83,16062,16062
SH,600928,1.68,16057,16133
SH,600171,1.52,16050,16050
SH,600435,3.82,16046,16046
SZ,300413,2.82,16041,29370
SH,601519,3.6,16033,16033
SZ,300083,1.42,16025,17881
SH,601369,1.96,16004,16166
SH,688523,-1.17,16003,16003
SH,600763,3.24,15977,15977
SH,601921,1.99,15956,15956
SZ,301297,-2.2,15915,20920
SZ,300144,1.99,15903,16071
SH,603618,-3.92,15888,15888
SZ,002611,4.56,15883,19257
SZ,001287,-1.36,15882,15882
SH,600114,2.55,15866,16252
SZ,000766,2.18,15823,15831
SZ,000902,2.6,15770,17315
SZ,002312,2.2,15768,15800
SZ,000563,3.01,15751,15751
SZ,002237,3.12,15751,18890
SZ,000723,1.99,15735,15765
SH,603355,6.99,15705,15705
SZ,002149,-2.15,15694,15696
SZ,000537,1.73,15685,15685
SH,603317,6.81,15655,15655
SZ,000970,0.16,15634,15634
SZ,003021,1.2,15616,20148
SH,688388,-0.58,15567,15567
SH,601019,1.36,15547,15547
SH,688392,-4.55,15522,15522
SZ,300953,-2.29,15516,21587
SZ,300568,7.18,15506,19184
SZ,300676,0.73,15506,15591
SH,688503,-1.89,15505,15505
SH,603026,3.21,15491,15491
SH,603997,4.91,15483,15483
SH,688390,-1.95,15446,15446
SZ,002508,2.48,15441,15629
SH,601137,2.88,15424,15436
SH,688596,7.79,15412,15412
SH,600511,2.35,15405,21005
SH,600808,4.03,15397,19868
SZ,000032,-4.51,15374,16417
SH,605296,-0.86,15369,15613
SH,601020,2.63,15358,15358
SH,600959,1.32,15352,15352
SH,600226,-4.26,15348,15348
SH,601702,4.28,15317,15317
SZ,300199,0.29,15313,18151
SZ,300002,4.96,15290,16249
SZ,002405,2.53,15289,15382
SH,688520,1.18,15288,16147
SH,603171,2.17,15282,15299
SZ,002326,1.94,15265,17466
SH,600872,3.56,15258,15323
SH,600623,3.44,15252,17231
SH,600452,3.66,15227,15227
SZ,000927,2.03,15186,15186
SH,601858,10.03,15178,15178
SH,688449,-1,15173,23805
SH,603226,-6.31,15169,15169
SH,603132,2.38,15130,15130
SZ,000791,2.23,15117,25334
SH,605198,2.4,15096,18648
SZ,000966,1.41,15073,15073
SH,600186,-1.74,15047,15077
SH,688106,-0.1,15028,15028
SZ,300102,0.18,15021,15093
SZ,001248,-1.11,14991,183508
SZ,000778,1.59,14951,15219
SH,688800,-3.67,14950,14950
SH,600110,-3.14,14940,14940
SH,600835,0.22,14936,18655
SZ,002568,9.99,14930,20405
SZ,002773,1.69,14882,19965
SZ,300503,-2.18,14878,19011
SZ,300660,2.11,14878,14887
SZ,002506,2.83,14845,14860
SH,688582,2.53,14796,14796
SZ,002320,2.64,14779,14779
SZ,002171,1.89,14766,14850
SH,600022,2.99,14764,14764
SH,688353,2.78,14752,14752
SH,600552,-2.73,14726,14726
SH,601965,3.88,14717,14779
SH,600548,1.42,14710,21775
SH,603025,3.6,14697,14796
SH,688279,-2.23,14632,18004
SZ,300723,1.22,14621,15755
SZ,300657,-0.88,14599,15023
SH,600410,-1.54,14594,14594
SH,688166,-3.14,14586,14586
SZ,002946,5.54,14581,14752
SH,688484,1.46,14579,14645
SH,600629,-5.65,14568,14568
SH,688779,4.14,14566,14566
SH,601568,2.23,14538,14538
SH,603938,-3.85,14479,14479
SZ,002911,2.61,14457,14812
SH,600710,5.24,14440,14440
SZ,000539,2.17,14438,29664
SH,600877,1.75,14422,14422
SZ,300170,1.4,14407,15086
SH,600744,-3.66,14401,14401
SZ,001301,5.51,14352,20120
SZ,300735,1.45,14330,15308
SZ,300260,-11.15,14284,20252
SH,601375,2.22,14273,19222
SZ,300999,1.19,14266,142534
SH,603283,-3.52,14239,14239
SH,688100,4.44,14204,14328
SH,600320,2.63,14201,22551
SH,600056,1.5,14191,14196
SH,600888,3.28,14180,14180
SZ,001286,1.35,14175,39375
SH,688150,-5.54,14170,14170
SH,603002,-6.09,14131,14131
SZ,002410,2.28,14115,14851
SH,688206,-0.42,14084,14084
SZ,300364,1.33,14060,15510
SH,688332,0.82,14049,14049
SH,600621,2.48,14046,14046
SH,600151,2.09,14041,14041
SH,600531,2.02,14027,14027
SH,600267,1.28,14010,14010
SZ,300957,1.71,14008,14085
SH,600361,4.17,13997,13997
SZ,301550,-3.53,13990,22857
SZ,002176,3.4,13988,14009
SZ,000581,2.98,13981,17025
SZ,000088,0.91,13980,22982
SZ,002250,0.45,13953,14029
SH,688690,2.64,13952,13952
SZ,002408,2.63,13948,14413
SZ,300131,-4.69,13946,15187
SZ,301285,-4.06,13923,13923
SH,688538,2.11,13920,33419
SZ,000422,3.14,13911,14302
SH,600816,2.43,13837,24906
SH,600258,1.73,13812,13812
SH,600596,3.44,13806,13806
SH,600664,-4.52,13801,13801
SH,600459,2.43,13796,14951
SZ,000685,2.31,13787,16233
SH,600409,4.22,13769,13769
SZ,300201,0.96,13760,13834
SH,688029,4.11,13760,13760
SZ,002158,-1.4,13755,13785
SH,688368,-3.67,13746,22647
SH,600057,2.18,13727,18624
SZ,002507,2.85,13717,13755
SH,600906,1.74,13701,20930
SH,600779,1.63,13699,13699
SZ,000089,2.77,13679,13679
SH,603662,1.34,13643,13643
SH,603613,1.01,13640,13640
SH,688308,-0.6,13639,13639
SZ,301316,-1.99,13600,14029
SZ,002563,3.02,13574,16569
SH,601827,1.63,13559,13559
SZ,300655,-2.73,13559,13621
SH,688003,-2.16,13549,13549
SH,603505,0.94,13526,13526
SZ,300671,-3.66,13518,13558
SH,600651,0.56,13513,13513
SH,600403,-1.21,13508,13508
SH,688625,-2.78,13505,13505
SZ,002249,3.28,13494,17861
SH,600675,2.76,13483,13483
SH,600064,2.77,13462,13462
SH,688531,-1.61,13461,19421
SZ,002867,1.71,13456,13536
SH,601778,2.56,13440,13440
SH,600416,3.29,13430,13430
SZ,300679,-4.69,13422,15863
SZ,300602,-2.33,13411,19605
SH,601678,0.77,13384,15779
SZ,002969,-3,13364,13435
SH,600633,3.04,13340,13340
SH,600456,4.07,13330,13330
SH,603063,0.28,13326,13381
SH,688382,1.59,13325,13325
SH,600575,3.95,13291,24510
SH,603868,2.01,13264,13264
SH,688802,-4.93,13246,286023
SH,600764,1.98,13189,13189
SZ,002290,0.32,13185,13227
SZ,000534,5.05,13166,13350
SH,600172,-4.26,13158,14869
SH,600167,2.29,13147,13147
SH,603707,4.63,13135,13135
SH,600529,0.92,13133,13133
SZ,000612,4.56,13126,13126
SZ,002906,4.3,13110,13118
SH,600285,2.89,13097,13112
SH,600155,3.14,13082,13082
SH,605289,-4.9,13082,13100
SH,600933,4.3,13077,13730
SH,603456,3.79,13049,13049
SZ,301171,-0.64,13049,16082
SH,688615,1.59,13048,18896
SH,605099,3.08,13048,13076
SZ,002010,3.28,13042,13074
SZ,300342,-1.2,13016,13210
SZ,000785,2.75,13002,13949
SH,603826,1.67,12998,12998
SH,600490,2.84,12992,14428
SZ,002226,3.38,12953,12953
SZ,300253,1.46,12927,15343
SH,688549,-2.7,12918,32382
SZ,002048,-0.15,12910,14806
SZ,002440,10,12908,15331
SH,603009,-3.96,12896,12896
SZ,301389,-2.33,12894,12894
SZ,002552,-4.42,12872,13552
SZ,001696,0.28,12863,16523
SZ,002901,2.39,12843,18436
SZ,002979,0.52,12841,18216
SZ,002372,4.55,12841,13898
SH,600201,3.95,12836,12836
SZ,301611,-5.85,12835,38176
SZ,300613,0.97,12834,13606
SZ,002847,3.22,12833,14220
SH,688593,-0.03,12821,12821
SZ,301275,3.58,12811,17986
SH,603305,3.07,12794,12794
SZ,002936,1.68,12793,16548
SH,603118,-6.34,12762,12762
SH,605507,5.03,12752,12752
SH,600916,1.07,12734,12734
SZ,300323,-1.55,12720,17382
SZ,000672,1.71,12718,12718
SZ,000799,1.19,12713,12714
SZ,002701,2.47,12710,12722
SH,600475,5.98,12691,12867
SH,600821,0.16,12689,12689
SH,600717,3.06,12676,12676
SH,688686,-3.03,12651,12651
SH,603882,3.5,12644,12730
SH,688055,0.8,12633,12633
SH,600850,1.24,12627,12627
SH,600271,0.89,12600,12600
SH,600116,1.86,12582,12582
SZ,300319,0.07,12582,13119
SH,600827,3.03,12547,13952
SH,603515,1.07,12542,12619
SH,688088,2.4,12513,12513
SH,688535,-5.55,12485,13396
SZ,002091,2.92,12434,12631
SH,600755,1.57,12430,12462
SZ,002151,2,12417,15223
SZ,300457,2.25,12411,12613
SH,688545,-5.82,12389,24473
SZ,002913,-4.02,12370,12853
SH,605599,0.51,12359,12359
SH,601107,3.44,12349,17462
SH,600211,2.24,12338,12338
SH,605389,0.51,12338,13046
SZ,000620,-0.37,12333,15502
SZ,300455,1.34,12330,12489
SH,603203,-5.14,12319,12461
SH,600315,3.28,12288,12288
SZ,301128,-1.79,12270,13949
SZ,002768,-0.07,12267,21009
SZ,301093,-4.38,12233,12813
SZ,002597,10.01,12218,12242
SZ,002896,0.98,12196,12196
SZ,300296,2.74,12160,14238
SZ,300761,4.32,12155,16148
SZ,002755,1.47,12149,12150
SH,688401,-2.4,12142,12897
SZ,300184,1.05,12140,13260
SZ,300459,1.37,12130,12973
SZ,300070,2.62,12125,12793
SH,688567,4.31,12123,12123
SZ,300436,-0.3,12116,14114
SH,688116,3.22,12107,12107
SH,601339,0.75,12102,12102
SZ,002399,1.78,12098,14233
SH,600113,2.76,12092,12378
SZ,301319,-3.83,12052,15992
SZ,300469,-1.35,12043,12050
SH,603888,1.76,12009,12009
SH,688516,2.55,12008,12008
SZ,301015,-1.75,12004,12005
SZ,002268,1.07,12003,12008
SH,600366,1.49,12002,12002
SZ,300179,-3.02,11967,15543
SH,603800,-7.82,11956,11956
SZ,000973,1.98,11948,30359
SH,600461,2.09,11943,11943
SH,688661,-2.6,11941,11941
SZ,300034,3.87,11935,12401
SH,603556,10,11933,11933
SZ,920808,-1.86,11927,12260
SZ,301039,6.21,11924,15387
SZ,300975,-1.82,11879,16584
SZ,002287,2.47,11853,11877
SH,603589,1.49,11819,11819
SZ,300100,1.15,11800,12240
SZ,000069,1.79,11797,13745
SH,600776,2.92,11778,15474
SZ,002183,1.8,11764,11764
SH,603119,-1.76,11747,20957
SH,600420,1.63,11735,11735
SH,603983,-9.99,11733,11733
SH,600338,2.97,11720,11720
SH,605118,1.56,11718,11787
SZ,002096,3.17,11710,11710
SH,600363,1.88,11705,11705
SZ,002310,0.38,11701,15958
SZ,002416,4.48,11701,11848
SZ,000758,3.33,11698,11744
SZ,000567,6.01,11691,11728
SH,603078,-5.57,11689,11689
SH,600882,6.73,11684,11684
SZ,301238,2.05,11682,11682
SH,601992,0.72,11668,14949
SZ,002167,-0.12,11661,11907
SZ,000762,4.38,11661,11661
SZ,300573,6.85,11640,15158
SZ,002258,3.63,11636,11654
SZ,301005,-1.81,11623,11864
SH,601222,1.43,11594,11594
SZ,002643,-0.38,11593,11769
SH,603389,-5.33,11587,11587
SH,601512,0.26,11586,11586
SH,688809,0.14,11584,57919
SZ,000156,1.95,11576,12618
SZ,300357,3.19,11570,12519
SH,601068,2.73,11544,13475
SZ,002531,0.78,11543,11608
SZ,000035,4.83,11542,11916
SZ,000801,1.89,11531,11535
SZ,002607,10.05,11530,12828
SH,688016,3.12,11525,11525
SZ,002668,1.24,11513,11513
SZ,301095,-1.65,11501,13313
SH,600859,3.34,11486,11487
SH,600216,2.03,11474,11597
SZ,002092,2.3,11435,11500
SH,688158,-2.34,11431,12849
SZ,002645,-1.57,11414,12637
SZ,300146,2.94,11397,17204
SZ,000681,0.54,11393,11805
SH,601619,4.71,11370,13603
SH,600301,4.98,11366,26112
SZ,300166,-0.94,11358,14280
SH,688222,0.28,11355,11355
SH,600702,1.54,11346,11351
SH,603698,-1.53,11325,11325
SH,600006,3.1,11320,11320
SH,603031,-3.5,11315,13455
SZ,300718,2.28,11304,17174
SH,600864,2.65,11297,11297
SH,600612,2.27,11295,18633
SZ,002698,3.88,11295,13682
SH,603927,2.34,11286,11286
SZ,002617,2.39,11285,11474
SH,603738,-4.65,11279,11279
SH,688107,-2.92,11276,11276
SZ,300428,3.96,11273,12951
SZ,301293,-9.54,11259,11259
SH,600268,2.69,11252,11256
SZ,002083,10,11246,11246
SH,688321,1.18,11215,12181
SH,600343,0.46,11213,11213
SZ,000839,7.12,11211,11211
SH,688603,-4.12,11210,11210
SZ,300229,1.74,11210,11217
SZ,001331,-8.72,11205,16043
SZ,000901,1.52,11191,11191
SH,601952,1.63,11189,11189
SZ,002011,2.73,11188,11325
SH,688198,2.61,11173,11173
SZ,002174,1.97,11164,11170
SZ,002745,-1.31,11162,15569
SZ,300674,1.73,11157,11173
SZ,300775,3.76,11154,11488
SH,688660,-1.18,11107,11107
SZ,001339,-3.76,11106,22500
SZ,301029,3.03,11100,15583
SZ,301666,-4.64,11091,182452
SZ,002051,2.49,11087,11087
SZ,000990,3.17,11083,11083
SZ,002003,2.55,11080,12888
SH,600908,2.03,11076,12159
SZ,000711,-6.24,11073,13731
SZ,000690,4.95,11068,11075
SZ,002987,1.21,11062,11351
SH,603393,5.98,11052,11052
SZ,300601,1.66,11039,13694
SZ,002839,2.73,11038,11048
SH,600635,2.47,11030,13463
SH,688258,-4.33,11028,11028
SZ,002043,6.23,11015,11318
SH,600572,1.4,11013,11043
SZ,002024,0.85,11011,11025
SZ,300835,2.45,11007,15705
SH,600559,1.6,11004,11004
SZ,300468,2.87,11004,11022
SZ,002246,2.93,11003,11003
SZ,000099,2.31,11000,11000
SZ,002838,2.19,10995,12505
SZ,000592,-0.16,10973,11069
SZ,000028,2.46,10959,12759
SZ,300769,1.47,10944,12180
SZ,002400,3.43,10927,11035
SZ,002807,1.25,10922,10938
SZ,000767,3.02,10921,11539
SZ,001258,-9.29,10920,10920
SZ,300133,2.98,10916,12299
SH,603693,2.34,10912,10912
SH,688306,6.73,10907,10907
SH,688559,2.66,10899,10899
SZ,000998,2.22,10896,12182
SZ,000070,-2.6,10872,11020
SZ,300185,2.17,10847,11382
SZ,300682,2.74,10829,11321
SH,601801,3.17,10827,10827
SH,600248,2.82,10821,10845
SZ,002947,1.4,10798,13951
SH,603267,3.42,10768,10768
SH,688663,3,10768,10768
SH,688063,1.93,10749,10749
SH,688143,-3.55,10732,11294
SZ,300638,3,10731,18192
SH,601022,1.24,10692,10692
SZ,000899,4.29,10674,10674
SZ,300827,1.79,10665,13600
SZ,002544,2.55,10656,10657
SZ,002366,0,10640,11965
SZ,300376,2.7,10636,10640
SZ,300593,4.06,10626,12803
SZ,301150,-0.25,10625,11327
SZ,300315,2.96,10623,11318
SH,688260,20,10621,10621
SH,688028,-6.58,10618,10618
SH,600619,-1.67,10599,14415
SH,600507,7.26,10594,10594
SZ,000061,4.06,10586,11711
SZ,002373,1.99,10580,12136
SH,600993,2.37,10577,10595
SH,600986,2.31,10560,10560
SH,600058,3.79,10558,10558
SH,603906,0.11,10551,14825
SH,603235,0.96,10546,10546
SZ,000555,1.12,10546,10558
SZ,301626,-3.23,10534,23158
SZ,001280,1.29,10531,125373
SZ,300182,3.33,10529,12413
SH,603093,3.98,10524,13216
SZ,002975,-3.89,10520,15941
SH,600509,-1.79,10514,10514
SH,600480,3.1,10506,10584
SZ,300049,0.54,10505,11872
SZ,002539,2.08,10500,14251
SZ,301267,2.66,10498,13600
SH,600589,-1.79,10497,10519
SZ,002139,3.16,10497,12219
SH,600395,4.05,10476,10476
SH,601163,3.23,10472,10472
SZ,002557,4.96,10464,10496
SZ,000815,-5.05,10443,10443
SH,688153,4.35,10429,10732
SZ,301207,2,10427,10434
SZ,000828,1.72,10426,10426
SZ,300726,1.53,10407,19987
SH,603027,6.11,10406,10406
SZ,001399,-2.33,10402,178960
SH,688046,-1.24,10402,10402
SZ,300777,2.55,10393,10606
SZ,002385,0.67,10391,12900
SZ,002204,2.87,10391,10391
SZ,002583,1.5,10390,14731
SH,601900,2.89,10363,10363
SH,688202,-1.61,10363,10363
SZ,000810,1.64,10351,10720
SZ,002534,0.56,10342,10474
SZ,002217,1.43,10337,10621
SH,603099,2.74,10320,10320
SZ,301087,0.76,10311,12538
SH,603297,-8.41,10309,10309
SH,688068,-0.41,10299,10299
SH,603040,1.55,10297,10351
SZ,002984,1.62,10273,14912
SH,603989,-2.38,10253,10253
SH,600773,2.77,10249,10249
SH,600383,2.71,10248,10248
SZ,000727,2.73,10237,10237
SZ,300008,2.31,10230,10731
SZ,002929,-4.33,10226,13523
SZ,300224,3.38,10219,10256
SH,603218,2.9,10217,10226
SH,603992,0.83,10203,10203
SZ,002891,-0.02,10198,10198
SZ,002182,4.71,10196,11683
SZ,300026,0,10174,10184
SH,603281,2.78,10155,10155
SH,603991,-5.28,10154,17319
SZ,002276,4.13,10151,10192
SH,600163,1.33,10143,10143
SZ,002897,-2.77,10136,10656
SZ,300009,1.73,10125,13750
SH,600787,1.97,10113,10113
SZ,300204,-2.14,10112,12067
SZ,002541,2.41,10112,14063
SH,600123,5.38,10106,10106
SZ,300065,-0.77,10090,11083
SH,600662,2.08,10063,10093
SZ,002020,2.13,10063,11968
SH,601882,2.39,10059,10059
SZ,002439,1.4,10055,16717
SH,601949,3.94,10034,10034
SZ,002354,-0.95,10031,10209
SH,605255,0.11,10031,10031
SZ,300302,-3.02,10017,13017
SZ,920116,-0.01,10017,10017
SZ,301123,-3.87,10015,14238
SH,600446,3.1,10006,10006
SH,688031,-2.79,9980,9980
SH,601005,0.84,9976,11531
SH,600033,2.25,9962,9962
SH,603341,-1.52,9954,19540
SH,688275,1.61,9937,9937
SH,603300,2.47,9936,9936
SZ,301071,-5.29,9902,13471
SH,600728,3.57,9895,9895
SH,600373,1.66,9876,9876
SH,600718,-0.11,9871,9871
SZ,002081,1.91,9863,9904
SH,601811,3.15,9843,15337
SH,603619,1.29,9839,9839
SH,601886,2,9834,9834
SZ,000949,3.67,9823,9825
SH,600072,4.38,9804,13581
SH,688383,-4.22,9801,9801
SZ,002978,2.2,9782,12503
SH,600757,1.9,9781,9782
SH,688698,0.46,9771,9771
SZ,300607,-0.88,9767,13804
SH,601003,10.12,9764,10036
SH,600648,0.94,9762,11668
SZ,000552,3.15,9762,14022
SZ,003036,-6.49,9758,9758
SH,603713,-2.3,9741,9741
SZ,002254,-0.25,9739,9750
SH,600759,-0.41,9738,9750
SH,600458,3.13,9726,10656
SH,688059,-2.65,9693,10357
SZ,000403,3.22,9661,9761
SH,600597,3.86,9649,9649
SZ,002208,-5.5,9645,9648
SZ,002387,0.73,9639,9652
SH,603323,2.12,9614,9614
SZ,002100,0.86,9611,9611
SZ,000917,2.42,9610,9611
SZ,002063,1.5,9607,10401
SZ,000401,1.67,9604,9695
SZ,301486,-3.15,9602,16963
SZ,300684,-0.82,9586,14035
SZ,000600,2.93,9582,15850
SZ,001914,2.02,9578,9578
SH,600269,2.76,9575,9575
SH,603327,2.01,9566,9566
SZ,002654,-0.95,9560,9560
SZ,300580,-1.55,9551,10152
SZ,000410,1.04,9540,12822
SH,603883,2.03,9539,9539
SH,603185,2.63,9527,9584
SH,688160,-0.84,9523,9523
SH,600037,1.94,9520,9520
SH,600184,-2.62,9510,9510
SH,688032,2.91,9507,9507
SH,688182,-0.03,9500,9500
SZ,002832,-3.78,9498,13920
SH,603039,3.11,9497,9497
SH,600376,1.66,9493,9493
SZ,002779,1.26,9486,10572
SZ,002675,1.59,9486,10522
SH,603599,2.16,9485,9485
SH,600210,2.8,9480,9480
SZ,301381,2.46,9474,9483
SZ,002338,-8.69,9470,9470
SZ,300377,3.87,9466,10289
SZ,000923,1.35,9456,9830
SH,605016,9.98,9442,9442
SH,688543,3.52,9440,9440
SZ,300353,2.64,9440,10748
SZ,000048,-1.64,9437,9454
SZ,002061,3.13,9435,9595
SZ,301078,5.22,9424,9434
SH,600328,3.88,9414,9414
SZ,000656,0,9408,13130
SZ,300913,0.77,9407,11281
SH,688351,3.68,9407,9407
SH,600360,-2.96,9401,9401
SZ,002293,-0.78,9390,9469
SH,600971,2.49,9384,9384
SH,603690,-5.8,9379,9379
SH,601311,2.83,9373,9373
SZ,000700,-1.44,9373,9373
SZ,300303,1.44,9354,9974
SZ,000795,2.2,9343,9343
SZ,000950,2.06,9335,9335
SZ,301090,2.92,9326,9335
SZ,000837,2.44,9318,9464
SH,603100,3.41,9315,9345
SZ,002705,1.59,9312,9361
SZ,002647,-4.17,9310,10365
SH,601860,1.55,9305,9592
SH,600391,3.57,9296,9296
SZ,002345,2.88,9288,9516
SZ,000516,0.24,9282,9426
SZ,002181,1.61,9281,9497
SH,600740,2.84,9275,9275
SH,600649,1.93,9267,9267
SH,688105,-0.16,9264,9264
SZ,002297,-2.93,9256,9256
SH,603057,10,9249,9319
SZ,002865,-1.26,9236,12862
SZ,002741,-1.91,9233,10061
SZ,000420,2.18,9218,9221
SH,688359,-4.73,9217,9217
SZ,300693,1.06,9214,10720
SZ,301031,3.55,9209,11714
SH,603583,2.78,9201,9285
SH,688797,-2.25,9197,48926
SZ,001227,1.4,9194,12417
SH,600273,2.79,9192,9192
SZ,002170,3.1,9190,11305
SH,600367,-1.2,9186,9732
SH,688209,-2.12,9179,9179
SZ,002549,-5.41,9174,9213
SZ,002967,3.2,9166,10671
SZ,300618,3.67,9164,10415
SH,600326,5.33,9156,9156
SH,688319,-2.91,9150,9150
SZ,300415,3.17,9148,9460
SZ,002511,1.4,9146,9301
SH,600307,1.39,9145,9145
SZ,300720,-9.44,9126,9658
SH,600782,4.32,9122,9234
SH,601528,2.08,9112,9634
SZ,301338,-3.54,9110,12504
SZ,002031,2.15,9109,10469
SH,603601,-1.84,9104,9104
SH,605318,-3.59,9088,9088
SH,603328,4.12,9086,9086
SH,605123,2.45,9083,9083
SZ,300139,0.13,9082,10650
SH,603303,2.31,9081,9081
SH,600198,1.46,9075,9086
SH,688138,-3.67,9069,9069
SZ,000065,2.88,9067,10801
SH,600185,2.34,9067,9067
SZ,301183,-4.89,9060,12360
SZ,003018,-7.19,9059,9996
SH,603533,2.33,9059,9059
SZ,000676,-3.48,9052,9058
SZ,002922,0.59,9037,10129
SZ,002348,-0.39,8990,9882
SZ,000848,4.96,8989,9068
SZ,301188,-5.5,8987,8987
SZ,300188,2.84,8983,9025
SH,603052,-4.67,8955,8955
SZ,300850,1.47,8951,12323
SZ,002233,4.83,8918,8924
SZ,300304,-0.56,8913,9159
SH,688128,2.85,8911,8911
SZ,002565,-3.44,8904,8904
SH,603712,2.13,8886,8886
SZ,300277,1.75,8879,17592
SZ,002099,5.17,8876,8887
SZ,300113,4.57,8857,11730
SH,600929,3.05,8857,8857
SZ,301177,2.03,8856,8862
SH,603103,3.48,8853,8853
SH,688289,2.83,8853,8853
SH,688726,3.69,8843,16298
SH,688139,3.4,8843,8843
SZ,000833,2.2,8834,15617
SZ,002815,-0.69,8828,14020
SZ,002931,-2.26,8828,9522
SZ,301109,2.24,8827,11158
SH,688584,-7.08,8816,17185
SH,603360,0.08,8814,8814
SZ,002053,2.47,8802,8802
SZ,000829,1.42,8787,8795
SH,603859,-0.05,8785,9564
SZ,301357,0.95,8784,8784
SZ,301021,-6.91,8768,8778
SH,600389,4.95,8768,8768
SH,603169,4.84,8765,8765
SH,600133,4.98,8764,8764
SZ,000006,0.93,8761,8761
SH,600645,1.79,8761,8765
SZ,300596,2.28,8754,8946
SH,605060,1.92,8750,8810
SH,688376,-1.57,8736,8736
SZ,000510,-1.36,8723,9326
SZ,300118,2.06,8721,10728
SZ,301216,1.72,8719,9289
SH,600345,-2.77,8716,13580
SH,603011,-2.26,8712,8712
SZ,300951,5.25,8710,9746
SH,688378,-1.27,8708,9448
SH,600508,2.75,8702,8702
SZ,301606,7.42,8674,21812
SZ,002289,-3.38,8669,8853
SH,603508,2.11,8666,8666
SH,600129,1.23,8657,8657
SH,688020,-1.09,8651,8651
SZ,000550,2.9,8643,14390
SZ,002368,0.87,8640,8682
SH,600020,1.86,8630,8630
SZ,002019,2.61,8627,12456
SZ,002173,-10.01,8619,9038
SZ,000533,8.82,8616,8690
SZ,300181,2.22,8610,10016
SZ,000761,2.2,8603,9531
SH,600162,-1.86,8596,8596
SZ,000536,0.65,8593,8602
SZ,300382,-4.6,8590,8591
SZ,300331,-3.37,8585,10036
SZ,002655,-3.67,8580,8597
SZ,002937,-8.4,8576,8599
SZ,002426,2.44,8575,8575
SH,603013,4.59,8563,8563
SZ,920186,-2.26,8554,16354
SH,600266,1.48,8552,8552
SZ,000719,2.15,8546,13107
SH,688076,1.09,8541,8541
SH,600478,3.07,8537,8537
SH,688552,0.68,8522,8522
SH,600936,-0.19,8522,8522
SH,688327,1.7,8507,10597
SZ,002039,3.43,8504,8504
SH,605298,0.4,8499,8572
SZ,300328,11.88,8478,8520
SZ,002216,2.83,8474,11816
SH,605305,4.74,8458,8458
SH,600017,1.1,8458,8458
SH,688325,-5.2,8457,8900
SZ,002626,3.36,8453,8454
SZ,300244,4.21,8450,10531
SZ,300263,-0.56,8448,8963
SH,605006,-1.66,8445,8445
SH,603538,-6.24,8433,8508
SZ,002985,2.41,8432,8456
SH,688090,-5.48,8420,8420
SZ,002580,9.99,8418,8447
SH,603612,4.07,8403,8403
SZ,002169,1.56,8399,8665
SZ,001308,2.56,8395,12131
SZ,301363,-5.35,8389,12791
SH,600567,0.76,8389,8389
SZ,002332,1.55,8389,8428
SH,600686,5.89,8382,8382
SH,688161,1.8,8380,8380
SZ,002993,-2.35,8377,9697
SH,603915,3.24,8372,8516
SZ,002062,1.92,8368,9205
SH,688789,5.05,8360,8360
SZ,301345,-0.88,8358,26018
SH,600996,1.82,8354,8354
SZ,002392,2.85,8346,8583
SZ,002243,1.92,8321,8365
SH,688611,0.58,8315,8315
SH,600640,2.74,8311,8311
SH,688165,2.65,8302,8302
SZ,300483,8.99,8301,8307
SZ,300863,-4.81,8282,8621
SZ,002928,1.89,8270,8270
SH,600812,1.26,8270,8270
SZ,000980,2.5,8270,8270
SH,600481,2.3,8257,8257
SZ,301091,1.95,8252,8252
SZ,002004,2.34,8249,8672
SZ,000885,1.82,8244,8244
SH,688125,-2.21,8237,8259
SZ,002292,2.15,8235,11963
SH,600693,9.99,8229,8237
SZ,002458,5.58,8224,12179
SH,603809,3.84,8218,8218
SH,688190,2.52,8214,8214
SZ,300772,2.26,8214,9261
SZ,000818,1.55,8208,8230
SH,688508,-6.14,8205,8205
SH,601089,1.97,8203,8203
SH,601890,1.91,8203,8203
SH,688513,-1.68,8191,8191
SH,603890,-1.39,8190,8190
SZ,301047,1.09,8189,8330
SH,688586,4.02,8182,8182
SH,600666,0.31,8182,8997
SH,600502,1.93,8171,8171
SH,600399,3.24,8164,8164
SH,688697,0.39,8163,8163
SZ,002190,0.13,8161,8161
SH,603125,-1.65,8145,8145
SZ,300072,2.05,8136,8201
SZ,300005,-1.48,8134,8201
SH,688739,1.75,8134,8229
SZ,002283,1.25,8133,9241
SH,603227,3.55,8123,8123
SH,600094,3.8,8122,8881
SZ,002706,2.07,8120,9973
SH,603936,-2.27,8113,8306
SZ,300855,4.73,8112,10952
SZ,002842,-0.88,8105,9877
SH,688261,-0.71,8101,8138
SH,603399,10.02,8099,8099
SZ,000860,1.96,8085,8085
SH,688262,0.5,8071,8071
SZ,300035,4.14,8068,9479
SZ,300101,3.19,8065,8093
SH,600556,2.06,8063,8063
SZ,002792,-4.05,8054,12488
SZ,300624,0.88,8050,9089
SZ,002221,3.18,8050,8684
SZ,300634,1.31,8043,8356
SH,603496,0.72,8037,8037
SZ,002737,1.48,8030,8030
SZ,002488,2.71,8023,8680
SH,688035,-2.67,8011,8011
SH,600639,1.51,8009,10573
SH,600973,1.04,8009,8009
SZ,002075,3.99,8007,8007
SZ,002251,2.48,8007,10002
SZ,002277,7.89,8003,8003
SH,688050,3.1,7974,7974
SZ,300910,4.68,7973,11384
SH,688486,1.33,7964,7964
SZ,002115,-1.38,7963,8590
SH,600935,0.89,7962,8160
SH,601929,0.44,7957,7957
SZ,000869,1.51,7946,11475
SZ,300042,0,7945,7946
SH,688677,0.11,7944,7944
SH,688662,-2.52,7939,7939
SH,605116,2.69,7921,7921
SH,688239,1.92,7917,7917
SZ,300145,1.22,7911,7950
SZ,300770,2.7,7897,7897
SZ,002827,10,7891,7921
SZ,300130,2.54,7884,10302
SH,603220,-0.86,7882,9735
SZ,002639,2.14,7876,9301
SZ,002761,3.26,7875,9645
SH,603043,3.7,7874,7942
SZ,301327,0.51,7849,7849
SZ,300741,2,7840,7840
SH,600075,1.55,7839,7839
SH,603319,0.48,7838,7838
SH,605319,0.67,7833,7877
SH,688485,5.85,7826,7826
SH,603053,1.97,7822,7822
SH,603279,2.88,7821,7821
SZ,000823,1.86,7817,7818
SH,600587,1.66,7814,7814
SZ,300053,1.27,7810,8362
SH,603033,1.85,7807,7950
SH,603919,3.5,7797,7797
SZ,002703,3.59,7789,10933
SH,688439,3.79,7782,7782
SH,605008,0.58,7777,7777
SH,603163,10.01,7772,7772
SH,600751,1.68,7771,8756
SH,605333,3.02,7768,7768
SZ,002515,-9.95,7768,8535
SZ,300363,-1.25,7765,8516
SZ,003009,0.13,7763,7765
SH,688253,-0.95,7753,7753
SZ,300725,1.97,7752,8941
SZ,300486,-1.09,7751,7754
SZ,002309,-4.44,7748,9685
SH,600618,3.93,7738,11934
SH,688371,-10.57,7716,7716
SZ,002017,1.92,7715,7720
SZ,300294,3.45,7710,7710
SH,600861,1.72,7693,7693
SH,688083,3.78,7693,7693
SZ,002125,4,7693,7693
SZ,300740,3.94,7689,8285
SH,605222,2.31,7688,7688
SZ,002718,-3.33,7681,10580
SZ,300497,-3.85,7666,9125
SZ,000012,2.36,7661,11896
SH,600335,3,7660,7660
SZ,002097,2.29,7659,7673
SH,600305,2.36,7655,7666
SZ,002516,1.55,7653,7707
SZ,300480,-3.96,7646,10477
SH,601595,2.41,7633,7633
SH,601718,0.57,7632,7632
SH,600055,2.46,7628,7628
SZ,002759,-4.33,7624,7631
SZ,002030,0,7621,7621
SZ,002588,2.66,7616,10217
SH,600746,4.49,7614,7614
SZ,000922,3.15,7613,9007
SZ,002941,3.06,7611,7611
SH,603181,2.7,7606,7606
SZ,002960,2.21,7601,8272
SZ,300846,-1.29,7599,9208
SZ,000712,1.8,7596,7598
SH,601686,1.58,7589,7589
SH,688091,0.55,7583,7607
SH,603477,0.13,7580,7771
SH,603580,10,7575,7575
SH,688231,-2.5,7574,7574
SH,688227,-4.24,7565,7565
SH,600917,1.04,7555,7555
SZ,002110,2.98,7554,7554
SH,688622,-1.92,7545,7545
SZ,002150,-0.98,7543,7593
SH,603680,1.05,7539,7539
SH,688612,4.3,7534,12303
SZ,300766,0.43,7524,8298
SZ,300641,3.32,7515,7515
SZ,002041,1.3,7515,7515
SZ,301571,-1.09,7513,11313
SZ,300378,1.2,7511,7568
SZ,002386,1.76,7509,7511
SZ,300790,-0.54,7502,8537
SH,603112,-1.4,7490,7565
SZ,002361,-1.9,7483,8797
SH,688112,-1.21,7477,7477
SZ,300595,3.14,7474,10009
SH,600789,1.09,7466,7724
SH,601908,1.64,7461,7461
SH,688428,0.29,7454,48332
SZ,300938,-7.99,7447,8579
SH,688326,3.09,7446,8001
SZ,000059,1.97,7437,7437
SZ,002350,-3.5,7433,7598
SH,688049,0.55,7397,7397
SZ,300327,2.97,7394,7449
SZ,002215,4.1,7394,9189
SH,688155,2.49,7386,7386
SZ,301498,0.81,7385,16491
SH,605007,4.85,7384,7402
SZ,301061,10.21,7384,11114
SZ,300527,0.69,7382,7382
SZ,002275,0.84,7376,7779
SH,688798,2.69,7360,12640
SZ,000928,1.79,7360,7360
SH,600736,1.75,7357,7357
SH,603050,1.51,7340,7340
SH,600846,-2.88,7335,7335
SH,688093,3.9,7321,7321
SZ,002034,1.72,7312,7342
SZ,002079,1.12,7308,8185
SZ,300416,4.48,7304,7354
SH,600059,1.91,7301,7301
SZ,000402,2.09,7292,7293
SH,688337,-1.55,7290,8574
SZ,301228,0.31,7288,7322
SZ,000650,1.48,7283,7658
SZ,300180,2.41,7279,7485
SZ,301263,0.76,7279,10202
SZ,000498,2.45,7276,7793
SH,600657,3.66,7272,7272
SZ,300482,4.39,7260,7901
SH,600117,1.36,7259,7259
SH,603299,1.86,7259,8879
SH,688758,4.51,7255,10133
SH,601579,5.29,7254,7254
SH,603995,2.05,7254,7254
SH,688087,6.66,7251,7519
SH,600557,1.43,7241,7241
SH,600251,1.86,7234,7234
SH,688456,-2.63,7229,7229
SZ,300322,-0.84,7227,7549
SH,688252,7.35,7227,7227
SZ,002434,2.61,7225,7232
SH,603223,0.79,7221,7221
SZ,002533,2.54,7218,8308
SH,603626,0.23,7208,7208
SH,600125,1.1,7206,7206
SH,688669,-5.57,7183,7183
SH,600771,2.66,7181,7181
SZ,000544,1.8,7174,7174
SH,603459,2.34,7164,68305
SZ,003039,2.39,7157,7157
SZ,300834,-2.86,7154,7218
SH,603608,-2.26,7149,7149
SH,688305,2.19,7147,7166
SH,601096,4.32,7147,11637
SH,688605,-3.36,7138,13333
SZ,300298,2.19,7123,8854
SH,601330,0.84,7121,10300
SZ,000030,2.4,7118,7326
SH,605011,1.72,7110,7110
SH,600724,1.86,7109,7111
SZ,002980,-7.71,7108,13292
SZ,002108,1.17,7103,7105
SZ,300997,20,7103,7830
SH,688221,-2.56,7102,7102
SH,605168,-0.82,7090,7090
SH,603219,-0.93,7085,7085
SZ,301196,-5.5,7080,10786
SZ,920982,2.71,7077,14682
SH,600903,1.5,7077,7077
SZ,002448,0.25,7076,7173
SH,688783,-7.48,7072,106194
SH,688710,0.53,7063,10979
SZ,301013,1.94,7059,8719
SZ,000503,0.42,7050,7051
SH,605100,-3.89,7042,7075
SH,600252,1.38,7037,7037
SZ,300098,3.17,7030,7924
SZ,000859,-7.1,7024,7024
SH,600429,10.09,7024,7045
SZ,300516,-0.45,7013,7013
SH,603977,3.77,7008,7008
SZ,000628,-1.05,7007,12841
SH,600422,1.43,6994,6994
SZ,002471,0.78,6989,7118
SH,600925,1.16,6986,29967
SZ,002121,3.13,6974,8262
SH,688515,-0.88,6970,11193
SZ,300499,-0.95,6970,7839
SZ,002242,1.33,6969,6982
SZ,000813,0.91,6961,6962
SZ,002284,5.2,6956,7021
SZ,002585,0.77,6952,8948
SH,601226,3.1,6950,6950
SZ,301086,-4.56,6947,12535
SH,600325,4.56,6935,6935
SH,600722,10.04,6932,6932
SZ,002324,2.41,6932,9933
SZ,301215,3.15,6929,6937
SZ,301510,1.31,6929,9928
SH,600676,3.22,6922,6922
SZ,002342,-0.95,6922,6960
SH,688563,3.01,6915,22926
SH,600780,2.03,6913,6913
SZ,002006,2.63,6908,6908
SZ,920045,-1.6,6904,23349
SH,600955,3.64,6897,6897
SZ,002106,2.62,6894,6903
SZ,300168,0.21,6894,6901
SZ,002681,5.04,6873,7861
SH,603128,0.77,6872,6872
SZ,002219,-0.93,6871,7249
SZ,301191,-8.34,6863,9103
SH,600810,0.32,6863,6925
SZ,002445,0.35,6862,6892
SH,688176,0.17,6855,6855
SH,600874,1.27,6853,8747
SZ,300171,2.18,6848,9320
SZ,000566,-9.42,6847,6850
SZ,002690,3.14,6845,13922
SZ,300842,0.19,6843,7700
SZ,002546,3.39,6835,7114
SZ,300276,4.36,6829,9051
SZ,000756,0.59,6825,9531
SZ,002782,-0.13,6825,6907
SZ,003013,0.12,6822,7810
SZ,002093,2.11,6821,6821
SH,603687,-2.04,6820,6820
SZ,301069,1.2,6820,7242
SZ,301189,-3.76,6817,7063
SH,688507,-4.95,6814,12332
SZ,002239,1.6,6813,8928
SH,688381,-1.95,6811,6811
SZ,300080,1.96,6810,6819
SH,601388,1.98,6802,6802
SZ,300520,-1.94,6801,7038
SH,600169,1.49,6800,6800
SH,603866,3.66,6799,6799
SH,600545,-2.3,6794,6794
SH,600590,2.94,6791,6866
SH,605133,0.63,6788,6864
SH,688626,-7.82,6784,6784
SH,600158,2.76,6784,6784
SZ,300678,-1.64,6782,6903
SH,605098,0.89,6769,6769
SH,600708,0.66,6765,6775
SH,688480,-1.64,6759,6759
SZ,300768,-2.06,6756,10340
SZ,000589,1.16,6732,6777
SH,603166,3.15,6721,6773
SZ,002077,-1.27,6720,6720
SZ,000601,0.79,6719,6822
SZ,300348,2,6713,7466
SH,688416,-1.43,6709,6709
SZ,300031,3.59,6704,7977
SZ,002579,-2.53,6703,7039
SH,603416,2.83,6701,7538
SZ,300687,-1.53,6698,8368
SZ,300420,-4.3,6698,6698
SH,600654,0.35,6697,8223
SZ,002537,2.33,6697,6715
SH,605128,-1.79,6691,6691
SZ,300861,2.39,6687,10649
SZ,002023,2.13,6674,6734
SZ,000631,1.05,6670,6670
SH,603071,1.01,6668,6668
SZ,300401,0.57,6663,6772
SZ,002315,0.88,6660,10446
SH,688708,1.19,6659,18682
SH,600748,-2.42,6659,6659
SZ,300444,6.31,6657,8537
SH,688628,-1.07,6657,6657
SH,688550,-3.91,6648,6648
SZ,002256,1.23,6647,6734
SZ,000968,3.93,6647,6647
SZ,301489,-5.21,6637,11092
SH,605365,2.33,6627,6627
SZ,000777,1.59,6622,6622
SH,605167,-1.28,6619,6619
SZ,301369,-9.05,6614,12336
SH,688556,1.02,6613,6613
SZ,001391,1.87,6609,53109
SZ,920394,-0.01,6608,6657
SH,600370,-0.6,6597,6597
SZ,002733,0,6595,6870
SH,688108,-0.12,6591,6591
SH,600496,2.48,6587,6587
SH,600894,2.49,6585,6617
SZ,300337,2.44,6581,7603
SH,601015,0.94,6577,6577
SH,603985,-1.31,6569,6569
SH,688631,2.22,6555,6555
SH,603045,-0.89,6549,6549
SH,600195,0.16,6546,6546
SZ,300440,-4.43,6542,6567
SZ,301176,-2.13,6538,6737
SZ,920029,3.81,6532,6713
SZ,002860,-3.94,6532,6687
SZ,002674,-9.3,6527,6594
SH,688418,-1.24,6524,6524
SZ,001298,0.76,6523,6925
SZ,002141,9.95,6507,6507
SH,600713,0.8,6501,6593
SZ,000597,0.88,6496,6578
SH,600828,3.88,6493,6495
SH,600510,4.49,6491,6491
SH,600310,2.31,6478,6478
SZ,002446,1.87,6477,6994
SZ,300341,1.13,6468,6493
SH,600775,-7.04,6463,8791
SH,600770,2.9,6461,6461
SZ,002550,2.54,6457,8779
SZ,300895,-5.03,6457,6580
SH,688621,-0.02,6450,6450
SH,600682,2.03,6449,7452
SZ,300045,1.96,6444,8270
SZ,000008,0.85,6438,6438
SH,605488,-0.33,6436,6996
SZ,002346,-2.02,6435,7246
SZ,300284,2.25,6431,6895
SH,603277,1.94,6421,6462
SH,605179,10.03,6420,6420
SH,603367,0.78,6411,6411
SZ,300174,-0.89,6400,6436
SZ,002163,2.58,6396,6726
SZ,002785,-0.59,6395,7490
SH,603877,2.64,6392,6400
SZ,300109,-3.35,6391,7124
SH,603200,6.91,6384,6384
SZ,301291,2.93,6382,12267
SZ,000058,3.35,6381,7978
SZ,300493,2.95,6373,6448
SH,605188,9.99,6372,6372
SZ,002214,0.3,6363,7962
SZ,002955,-0.54,6360,7693
SH,600078,2.24,6347,6484
SZ,301080,-4.17,6342,8384
SZ,002810,0.77,6324,6813
SZ,300153,1.48,6322,6355
SZ,301522,3.4,6306,8475
SH,603969,6.78,6301,6449
SH,600611,0.25,6300,9527
SZ,000905,0.35,6298,13094
SH,601515,0.31,6293,6293
SZ,002664,3.93,6288,6376
SH,600966,0,6283,6283
SH,603517,2.07,6278,6278
SH,688328,-3.91,6278,6278
SZ,002721,1.29,6276,6276
SZ,000751,2.06,6274,7190
SZ,002935,1.14,6272,6408
SZ,002140,1.84,6264,6273
SZ,300164,-0.64,6264,6320
SZ,002042,1.94,6259,6259
SH,603931,-7.78,6256,6256
SZ,000989,-0.54,6254,7712
SH,600962,1.06,6254,6254
SZ,300214,-3.92,6253,6253
SH,601500,1.28,6253,6278
SZ,002467,0.66,6246,6285
SZ,301232,-6.53,6246,10517
SH,600468,-0.16,6244,6244
SZ,002470,2.15,6243,6243
SH,600525,0,6238,6238
SH,603861,0.08,6237,6378
SZ,301339,1.39,6234,6348
SZ,300191,-0.84,6200,8970
SH,688488,-4.83,6198,6198
SH,600368,1.32,6197,6197
SZ,002135,1.54,6190,6615
SZ,000551,-0.15,6188,6190
SZ,003006,2.34,6180,6196
SH,603368,1.5,6173,6173
SZ,000957,3.79,6172,6172
SH,603229,1.5,6169,6169
SZ,300343,0.17,6152,6165
SH,688179,-0.69,6150,6150
SH,600897,1.51,6150,6150
SH,688518,1.87,6144,6144
SZ,301583,13.76,6142,36946
SZ,300976,-0.75,6141,9547
SH,688011,-2.99,6132,6153
SZ,000090,1.23,6128,6129
SZ,300360,2.6,6128,6299
SZ,300265,-0.75,6126,6130
SZ,300324,1.13,6122,6185
SH,688678,-4.16,6119,6119
SZ,000572,3.91,6109,6118
SH,600881,4.42,6109,6109
SH,603383,-0.02,6098,6098
SZ,000595,-1.28,6080,6080
SZ,002052,0.57,6080,6637
SZ,000541,1.44,6079,7587
SH,688685,13.81,6077,6077
SZ,300435,0.37,6072,6349
SZ,300598,1.78,6072,6073
SH,603211,-4.56,6069,6069
SZ,300143,-1.21,6067,7093
SH,600975,1.04,6061,6061
SH,688577,-0.91,6060,6060
SZ,300739,-2.14,6060,7469
SH,603213,-1.22,6059,6059
SH,603065,-10.01,6054,6054
SH,688293,-0.14,6050,7556
SZ,002437,0,6048,6422
SH,688799,0.73,6048,6048
SZ,000524,3.92,6043,6045
SH,688237,-1.21,6043,6043
SZ,002104,0.8,6039,7133
SZ,300872,0.7,6035,6980
SZ,002057,2.7,6027,6031
SZ,301638,-0.65,6026,76566
SH,603197,0.81,6024,6106
SH,600103,1.12,6018,6095
SH,600983,3.15,6017,6017
SZ,002650,-1.62,6011,6011
SH,688276,0.97,6010,6010
SZ,002605,4.96,6007,7416
SH,600604,0.71,5996,7980
SH,603708,2.07,5994,5994
SH,603567,-7.26,5993,5999
SH,688366,1.85,5985,7057
SH,600313,0.73,5985,6422
SZ,000915,2,5983,5987
SH,688312,-1.56,5979,5979
SZ,000593,-2.9,5976,5978
SZ,002840,1.9,5975,6016
SZ,001314,-3.56,5973,6865
SH,605598,-1.28,5968,5968
SZ,300222,1.63,5950,7298
SZ,002210,0.9,5948,5961
SH,605005,1.51,5947,5947
SH,603363,0.73,5946,7565
SZ,002123,0.49,5944,6645
SH,688191,-4.58,5934,5934
SZ,300134,1.98,5933,5933
SZ,000913,3.36,5924,5996
SH,688788,-1.7,5917,5917
SH,600617,-9.01,5913,6424
SH,603489,1.53,5910,5910
SH,600501,1.85,5904,5904
SH,605183,2.07,5902,5941
SH,688526,1.61,5892,5892
SZ,300868,-7.81,5881,9261
SZ,002438,2.62,5880,6365
SH,605178,-5.07,5869,5869
SZ,300986,0.99,5868,5872
SH,603990,0.73,5867,5867
SH,603311,-0.15,5866,5866
SH,688230,1.96,5865,5865
SH,600841,2.74,5862,7800
SZ,003010,1.57,5855,8053
SH,688103,-4.54,5854,5854
SZ,002678,1.89,5851,5854
SZ,920599,2.9,5851,7720
SH,688818,-0.86,5848,76946
SZ,000026,0.88,5848,6508
SZ,000735,1.6,5847,5850
SZ,300137,-6.44,5846,5919
SZ,002082,2.59,5843,6294
SZ,300990,-8.73,5842,12862
SH,600375,2.57,5836,6396
SZ,002009,1.23,5835,6629
SZ,002519,1.95,5834,5880
SZ,300722,0.91,5831,5831
SZ,002101,2.8,5827,5833
SH,600866,1.98,5827,7709
SZ,300470,1.06,5817,6130
SZ,002382,2.82,5817,5874
SZ,002971,-1.65,5814,7606
SZ,002796,-4.05,5811,6440
SZ,301328,-4.28,5807,8034
SZ,002970,-0.36,5805,8448
SH,600586,0.99,5797,5797
SZ,300043,5.43,5795,5798
SZ,002298,10.04,5795,6491
SZ,301292,7.8,5790,15143
SZ,001212,-5.66,5789,6692
SH,605288,-9.37,5789,5828
SZ,300256,2.38,5788,5852
SZ,002752,1.37,5785,5793
SZ,002734,0.76,5781,6333
SZ,003043,-6.77,5779,8852
SH,603867,-0.44,5778,5826
SH,600433,1.23,5776,5776
SH,600963,1.86,5765,5765
SZ,300540,-2.58,5761,6343
SZ,300358,2.88,5758,5871
SZ,002990,-7.45,5757,10922
SH,600683,-0.25,5756,5756
SH,600106,2.36,5755,5755
SH,688219,3.56,5754,5754
SZ,000881,1.11,5748,6013
SZ,000561,2.35,5744,6394
SZ,002302,1.34,5744,5744
SH,603108,1.28,5738,5738
SZ,300617,-0.11,5738,6844
SZ,002885,0,5737,6551
SH,688499,0.32,5735,5735
SH,603155,-2.48,5733,5733
SZ,002390,1.02,5726,5773
SZ,300226,2.64,5725,5955
SZ,300852,-0.85,5723,5928
SH,688365,0.3,5719,5719
SZ,300825,-1.57,5717,5840
SH,600855,2.09,5715,5726
SH,600449,1.01,5714,5714
SH,603778,-1.54,5709,5861
SZ,001236,3.29,5708,7589
SH,688478,-1.4,5708,5708
SZ,000912,3.12,5708,5708
SZ,002956,10.01,5700,5701
SH,600488,-0.56,5700,5700
SZ,002067,0.24,5698,6283
SH,688408,1.29,5696,5696
SZ,300815,-7.71,5692,5811
SH,600851,0.52,5692,9306
SZ,300048,1.21,5685,5696
SH,603466,-0.92,5681,5681
SZ,301326,-4.7,5677,5727
SZ,000900,1.36,5676,5677
SH,603587,2.65,5672,5672
SZ,002232,0.87,5667,5667
SH,601968,4.23,5664,5664
SH,603507,-0.86,5664,5727
SH,688334,2.2,5663,5743
SZ,000948,3.41,5662,5673
SZ,301101,5.27,5662,5878
SZ,002572,6.89,5661,8369
SH,688232,2.09,5660,5660
SH,600035,0.86,5652,5652
SH,603010,-0.69,5645,5786
SZ,002206,0.95,5644,6205
SH,600223,2.02,5642,5642
SZ,300075,1.77,5639,6795
SZ,002510,1.26,5637,5695
SH,600982,2.02,5633,5633
SZ,300467,0.92,5629,6720
SH,600230,4.06,5626,5626
SZ,300079,0.46,5626,6260
SZ,000779,3.68,5624,5624
SZ,301678,-2.12,5621,9690
SZ,002218,0.5,5620,5704
SH,688717,1.23,5620,9078
SZ,301392,-12.27,5620,13775
SH,688185,0.18,5615,12127
SH,600477,1.71,5614,5614
SZ,002452,2.36,5614,6724
SZ,300579,0.42,5613,5819
SZ,002421,0,5609,5938
SZ,002527,2.22,5606,7028
SH,600644,6.6,5604,5604
SH,600255,1.31,5599,5599
SH,600826,-2.63,5598,5598
SZ,002132,-0.98,5597,5606
SH,603609,1.48,5596,5596
SH,688290,0.04,5587,5587
SH,600203,0.96,5586,5586
SH,605277,1.04,5585,5688
SZ,000036,1.27,5584,5587
SZ,000025,0.64,5581,6125
SZ,300819,-2.65,5579,6177
SZ,301153,1.76,5570,5972
SZ,001330,2.13,5570,6584
SH,688787,-2.02,5568,5568
SZ,300067,5.69,5567,6857
SZ,002272,-5.27,5563,6609
SZ,300041,1.69,5553,5706
SH,603889,3.16,5540,5581
SZ,000670,0.15,5539,5642
SZ,300217,9.05,5537,6592
SH,601700,1.04,5534,5534
SZ,300258,2.21,5534,5681
SH,601116,3.49,5526,5526
SH,688658,1.49,5526,5526
SH,605339,9.97,5524,5524
SZ,000697,-0.34,5512,11783
SH,688151,-0.61,5512,5512
SZ,002213,-0.85,5511,6334
SH,603135,0.81,5508,5550
SH,600694,1.75,5508,5508
SH,603194,3.41,5507,13975
SZ,301209,-2.11,5507,6446
SH,600425,1.78,5504,5504
SZ,002349,1.05,5504,5618
SZ,300128,0.24,5501,5508
SZ,300900,-2.76,5500,7020
SH,605018,-2.16,5500,5500
SZ,300047,1.05,5498,6110
SH,605366,-1.92,5495,5495
SZ,002997,2.02,5495,5495
SZ,300393,2.14,5487,6254
SH,688709,-1.86,5484,15749
SZ,300369,-2.01,5476,5496
SZ,002263,1.39,5466,5466
SZ,300983,-1.1,5461,6176
SZ,300731,-3.38,5461,5755
SH,688610,-6.67,5459,9069
SH,603668,-1.81,5458,5458
SH,600292,1.06,5456,54402
SH,603855,1.18,5456,5488
SZ,000501,2.61,5440,5444
SH,603366,1.21,5439,5439
SZ,300212,0.26,5434,5601
SH,688562,1.42,5432,5432
SH,601121,0,5432,6683
SZ,300969,-3.56,5426,11377
SH,600081,1.34,5425,5425
SZ,002538,-0.15,5417,5420
SH,600815,0.66,5411,5411
SZ,002068,-0.53,5409,5412
SH,601008,0.93,5409,5409
SZ,300985,-8.58,5400,5400
SH,688620,-3.15,5398,5398
SZ,300127,2.95,5394,7552
SZ,000908,-2.22,5393,10786
SZ,002803,0.56,5386,8288
SZ,301261,-1.14,5382,5427
SZ,300046,1.07,5379,5379
SH,600592,2.44,5378,5378
SH,688079,-4.38,5373,5467
SZ,002029,2.54,5370,5690
SZ,000042,2.67,5366,5372
SZ,301307,-8.51,5364,10385
SZ,002635,2.34,5363,8945
SH,600278,1.3,5361,5361
SH,603776,1.92,5360,5360
SZ,003012,4.19,5355,5461
SZ,300119,1.97,5348,7450
SZ,001323,9.99,5344,7470
SZ,000404,2.53,5341,5366
SZ,300708,0.95,5339,6981
SH,688109,2.61,5336,5336
SH,600730,0.66,5333,5333
SZ,002351,3.23,5330,9096
SH,603153,2.4,5330,5410
SZ,301301,1.66,5326,19175
SZ,300841,2.24,5325,5819
SH,603848,3.76,5324,5324
SH,603887,1.73,5322,5322
SH,688598,0.62,5321,5426
SZ,000557,1.11,5321,5323
SZ,002943,-3.62,5320,7517
SZ,002697,1.98,5314,6310
SZ,002255,2.84,5314,6921
SZ,002279,3.25,5314,5760
SZ,301000,1.09,5313,5628
SZ,000531,2.28,5313,6082
SZ,000920,-1.57,5312,5312
SZ,300581,1.05,5309,5309
SH,603333,0.12,5308,5308
SZ,300197,0.56,5308,5308
SZ,000411,0.53,5305,5315
SZ,301155,6.28,5300,9348
SH,688069,1.05,5291,5291
SH,688309,0.45,5288,5288
SH,600720,2.14,5287,12024
SZ,300203,-0.24,5286,5291
SZ,002358,3.09,5281,5281
SZ,002640,-0.28,5280,5313
SH,601518,1.45,5275,5275
SZ,002685,2.35,5270,5270
SZ,300006,-1.37,5269,5269
SZ,002424,0.66,5264,6387
SH,603686,2.43,5259,5259
SZ,002577,4.52,5257,5257
SZ,002191,0,5246,5288
SH,600829,-2.26,5242,5242
SZ,300465,-1.57,5241,5241
SH,688707,1.68,5235,5235
SH,688757,-1.93,5234,11648
SZ,300939,-3.7,5233,5233
SH,600603,4.22,5233,5233
SZ,300531,3.01,5232,5391
SH,688510,0.45,5230,5230
SZ,300909,-1.11,5229,7004
SZ,300019,2.31,5227,5574
SZ,920368,2.46,5218,5484
SZ,002300,2.12,5215,5215
SZ,300706,-3.49,5212,7030
SZ,002951,1.17,5211,5261
SZ,301607,0.76,5208,8033
SH,603130,3.64,5206,5206
SH,688553,-0.09,5206,6422
SZ,300820,-3.56,5198,10332
SZ,002164,4.74,5196,5763
SZ,001328,0.97,5196,5532
SZ,002833,7.46,5193,7603
SZ,300443,0.71,5193,6848
SZ,000525,2.19,5192,6086
SZ,000560,1.37,5191,5229
SZ,002274,1.1,5186,5267
SZ,300926,4.07,5185,7557
SH,688767,-6.11,5174,5174
SH,601199,1.65,5172,5172
SH,688575,2.26,5171,5171
SZ,301580,-0.42,5168,7649
SZ,000652,1.14,5162,5166
SZ,300451,0.6,5160,5236
SH,600300,2.57,5159,5159
SH,600981,2.22,5158,5158
SZ,002060,1.85,5157,12389
SH,688315,3.08,5157,5157
SH,603012,0.89,5153,5153
SH,601086,9.96,5148,5148
SZ,002992,0.09,5145,5956
SZ,300082,2.43,5142,5155
SH,600756,3.05,5140,5545
SH,600138,1.43,5139,5139
SZ,300293,-10.43,5137,5137
SH,600189,2.72,5135,5135
SH,688505,0.84,5130,7484
SZ,300709,-0.92,5129,6389
SZ,300039,-2.77,5126,5847
SZ,002793,-1.45,5126,5133
SZ,301012,1.76,5123,5123
SZ,301099,-2.95,5120,8413
SZ,300278,3.42,5116,5132
SH,688117,-0.5,5114,5114
SZ,002419,1.36,5113,5113
SZ,002567,0.85,5111,5116
SZ,002489,2.69,5108,5791
SH,600217,0.33,5106,5106
SZ,300633,1.92,5098,8327
SZ,300057,2,5094,6152
SZ,002777,0.48,5093,5140
SH,603897,0.98,5091,5091
SH,600868,0.37,5087,5087
SH,601177,2.76,5087,5153
SZ,300925,2.04,5082,6233
SH,605009,1.46,5082,5082
SZ,002631,1.27,5079,5103
SZ,002708,3.91,5079,5525
SH,603173,1.18,5075,5075
SH,600769,-0.5,5073,5073
SH,688345,6.7,5073,5098
SZ,300400,-2.64,5073,5090
SZ,000888,1.05,5069,5069
SH,688226,-2.53,5069,5265
SZ,300307,3.37,5068,5156
SH,600743,-0.91,5068,5068
SH,688776,1.39,5064,5064
SH,688656,0.64,5062,5062
SZ,300905,-1.27,5061,6488
SH,688173,0.24,5060,5108
SH,600825,2.33,5057,5057
SH,603170,3.78,5056,5056
SZ,300981,19.98,5050,5511
SZ,300528,-1.23,5049,5049
SH,603727,6.16,5048,5048
SZ,300446,2.82,5047,11421
SH,600279,2.91,5044,5044
SZ,300261,-1.46,5044,5154
SZ,301004,3.64,5043,5402
SH,600237,2.15,5041,5088
SH,688733,0.64,5036,5036
SH,603380,-3.62,5033,5033
SH,603685,-1.22,5033,6319
SZ,300856,3.5,5030,5204
SZ,000409,0.24,5025,5767
SZ,300783,5.35,5023,7198
SZ,300084,2.9,5020,5850
SH,688101,3.99,5020,5020
SZ,300151,-1.37,5018,7247
SZ,300221,-2.59,5018,5145
SZ,002383,1.5,5012,5012
SZ,002196,1.99,5006,5083
SZ,301312,-4.5,5003,9944
SH,605050,-0.68,4997,4997
SZ,920493,3.95,4997,6782
SH,688135,-1.46,4991,4991
SZ,300626,-3.33,4990,4993
SH,600984,0,4990,4990
SZ,000796,2.74,4990,6014
SZ,300918,2.93,4985,4985
SH,603269,-2.28,4972,4972
SZ,001313,1.72,4971,4977
SH,600605,-2.54,4965,4965
SH,603595,-2.46,4965,4965
SZ,300525,2.16,4964,6051
SH,688699,-4.01,4962,4962
SZ,003041,0.86,4961,5221
SH,688689,-1.2,4960,4960
SH,605377,-1.86,4954,4954
SH,600199,0.8,4953,4953
SZ,300192,2.74,4946,5004
SH,603590,0.22,4944,4969
SZ,000852,1.17,4941,4970
SZ,300066,3.34,4941,5148
SZ,002988,0.87,4939,4939
SZ,300569,1.04,4935,4950
SZ,003040,0.65,4934,4980
SH,605228,-0.95,4934,4953
SH,601279,2.64,4932,4932
SZ,002229,0.6,4932,4962
SH,600284,2.42,4929,4929
SZ,300036,2.79,4922,5450
SZ,300063,1.68,4918,5954
SZ,300158,0.81,4918,4922
SZ,300792,0.74,4911,5473
SZ,300756,-2.66,4907,5639
SH,603499,9.97,4906,4906
SZ,002376,0.97,4904,5050
SZ,002307,2.73,4904,4963
SH,603901,2.26,4903,5214
SZ,002102,-0.42,4899,5694
SZ,002749,1.35,4893,5003
SH,600979,1.81,4892,4968
SH,688348,2.76,4887,4887
SZ,000880,1.94,4886,9982
SH,601011,1.59,4885,4885
SZ,002301,-0.28,4882,4923
SZ,002528,1.75,4873,5562
SH,600889,-0.29,4869,7796
SZ,002166,1.7,4867,4887
SZ,300093,-1.35,4867,11378
SZ,301053,0.97,4863,5237
SH,600817,0.88,4861,4884
SZ,002530,0.43,4859,5447
SH,688307,-5.02,4858,4858
SZ,003033,-3.36,4858,4918
SH,688352,-1.99,4855,15762
SH,600308,1.27,4854,4854
SZ,002189,-1.16,4852,4853
SZ,002882,10.02,4849,8506
SH,600073,2.38,4848,4848
SH,601566,3.95,4838,4838
SZ,301323,-2.46,4836,7518
SH,600197,0.69,4836,4836
SZ,002805,1.76,4835,4856
SZ,300368,1.67,4835,4835
SH,600593,1.54,4833,4894
SH,688679,-1.68,4830,4830
SZ,300788,7.22,4830,4830
SZ,301529,-7.04,4825,8988
SH,600231,2.41,4822,4883
SH,603111,1.05,4816,4957
SZ,300507,1.31,4813,4972
SH,605368,1.51,4809,4809
SZ,002047,-2.45,4806,4807
SH,688601,0.28,4804,4804
SZ,002642,0,4803,4803
SZ,300406,1.43,4803,6635
SZ,300300,1.98,4801,4801
SH,600610,2.27,4798,7253
SZ,002695,3.88,4797,5249
SZ,002713,3.17,4796,8667
SH,600814,1.72,4793,4793
SZ,002344,1.91,4792,4797
SH,603131,1.28,4784,4784
SH,600336,0.84,4780,4780
SZ,002819,-1.41,4779,6022
SH,600784,0.43,4777,4777
SH,600084,1.92,4776,4776
SZ,300287,1.4,4772,5196
SZ,002134,-1.78,4767,4770
SZ,002045,9.99,4763,4770
SH,603353,-0.91,4760,4760
SH,600234,-3.55,4760,4760
SH,688711,-1.25,4756,4756
SZ,002165,-0.6,4751,4801
SZ,002066,-1.48,4749,4830
SZ,301306,-3.23,4744,6873
SZ,300959,-3.19,4744,7286
SZ,002959,2.08,4742,5286
SZ,002662,1.61,4740,4740
SH,601789,0.46,4738,6646
SZ,301048,2.9,4736,4736
SZ,002334,2.38,4733,5298
SH,688225,-0.16,4728,4728
SZ,002238,1.2,4727,4727
SZ,002033,1.18,4720,4720
SH,600790,1.9,4720,4720
SH,605299,0.61,4717,4717
SZ,002787,-6.16,4716,6319
SZ,002649,0.92,4715,5199
SH,603511,3.26,4714,4761
SZ,001322,0.33,4714,5803
SZ,301321,-5.72,4707,5945
SZ,301566,2.63,4701,8908
SH,688007,-0.48,4697,4697
SH,600495,-0.25,4688,4688
SH,688181,-2.56,4687,4687
SZ,002523,2.47,4686,4703
SZ,002375,1.44,4685,4717
SZ,000517,1.62,4685,5986
SZ,002638,0.87,4680,4971
SH,688095,-0.17,4678,4678
SZ,000993,1.79,4676,4676
SZ,002526,2.33,4676,4707
SH,688323,-1.26,4675,4675
SZ,000759,3.48,4675,4723
SZ,002481,1.7,4674,5157
SH,603408,5.78,4673,4673
SH,603196,0.05,4671,8252
SZ,002892,2.42,4670,6925
SZ,301333,1.32,4669,4675
SZ,002038,-0.17,4668,5630
SZ,002824,-2.72,4666,6419
SH,601002,1.46,4658,4658
SH,688448,-3.51,4658,4658
SZ,300681,-0.34,4655,6173
SZ,002479,0.56,4652,4662
SZ,300680,0.44,4652,6044
SH,688410,1.66,4649,4649
SH,605580,0.36,4648,4648
SH,603162,1.57,4644,15146
SZ,002111,1.71,4643,5054
SZ,002482,0.81,4642,4651
SZ,300291,6.62,4640,4700
SZ,002570,4.13,4633,4633
SH,603843,3.28,4632,4632
SZ,300755,3.83,4628,4631
SZ,001359,-6.38,4628,18511
SZ,000925,-1.7,4624,4660
SH,600178,5.31,4623,4623
SH,600990,1,4622,4622
SH,603212,1.93,4620,4620
SZ,301589,3.05,4615,12380
SH,605338,3.88,4614,4614
SZ,300161,0.98,4614,4701
SH,605287,0.7,4613,4613
SZ,920640,1.35,4613,4795
SZ,000753,0,4610,4610
SH,600571,1,4610,4696
SZ,301268,3.08,4608,5095
SZ,301070,-3.71,4606,6853
SH,600121,1.89,4606,4606
SZ,300388,1.5,4604,4604
SH,600681,1.48,4596,4599
SH,603701,-1.61,4595,4595
SH,688796,-14.38,4594,53181
SZ,300087,0.59,4593,4822
SH,603610,-4.68,4589,4589
SH,688386,-3.97,4587,5021
SZ,300292,2.75,4587,5515
SZ,300259,-1.48,4585,4586
SZ,301162,2.8,4582,7062
SZ,002201,0.26,4581,4959
SZ,002727,2.64,4581,6828
SH,600191,-0.31,4573,4573
SH,688389,1.72,4568,4568
SH,603191,3.9,4567,4567
SH,603660,-2.79,4566,4566
SH,688591,2.94,4561,6510
SZ,002483,1.58,4559,4565
SH,688170,-3.66,4556,4556
SZ,300138,4.48,4553,5522
SZ,002915,0.13,4552,5297
SZ,300219,1.42,4551,4559
SZ,000571,-3.78,4550,4691
SZ,301368,-0.46,4546,4546
SZ,000507,1.41,4539,4626
SZ,300797,1.97,4538,4551
SZ,002637,2.85,4538,4591
SZ,000608,-2.08,4532,4559
SZ,300215,1.85,4532,4532
SH,688057,1.11,4529,4529
SZ,300592,-12.37,4529,5152
SZ,001283,5.26,4529,5680
SH,688282,0.02,4526,4526
SH,688330,2.96,4526,4526
SH,603980,2.77,4521,4521
SH,600351,0.62,4519,4519
SZ,002154,3.23,4519,5589
SH,600626,3.32,4517,4517
SH,603777,3.05,4515,4515
SH,603221,9.98,4513,4513
SH,688683,-2.77,4511,4511
SZ,300695,-0.51,4510,4510
SH,600523,1.18,4509,4512
SZ,002573,1.27,4507,4515
SZ,002478,2.81,4503,5612
SH,603711,5.11,4500,4500
SH,600207,1.23,4499,4499
SH,600101,1.99,4498,4498
SZ,301362,-2.77,4498,16032
SZ,002194,2.33,4496,6013
SH,601588,1.81,4495,5690
SZ,002884,0.8,4492,5884
SH,688580,-4.1,4491,4491
SZ,000417,1.77,4487,4492
SZ,002880,2.81,4486,4486
SZ,002559,-1.21,4486,5713
SZ,001317,1.39,4484,4488
SZ,000863,2.67,4478,4546
SZ,301182,-3.33,4478,4910
SH,688720,-5.92,4476,7020
SZ,300490,2.34,4475,4537
SH,600088,1.63,4474,4474
SH,603216,0.15,4472,4472
SH,603137,-4.11,4471,4471
SZ,002556,0.84,4465,4469
SZ,000886,1.11,4459,4509
SH,688696,3.73,4457,4457
SZ,000936,1.82,4456,4457
SH,688609,-1.54,4455,4651
SZ,300232,1.82,4455,5470
SZ,002940,-2.23,4454,4850
SH,688085,1.6,4442,4647
SH,603070,1.37,4439,4439
SH,600715,1.97,4437,6293
SH,603387,1.51,4433,4433
SZ,002757,1.36,4425,4636
SZ,300619,0.78,4424,5255
SZ,001208,0.36,4421,8854
SH,601218,-2.14,4409,4409
SZ,301629,-4.68,4408,9583
SH,688691,-2.27,4405,7244
SZ,002707,0.99,4403,5002
SH,603988,5.95,4401,4401
SZ,002501,2.48,4398,4402
SZ,301487,2.68,4397,7409
SH,601065,2.09,4397,4397
SZ,301366,-1.67,4393,7868
SZ,300016,-0.5,4390,4543
SH,603558,-0.84,4389,4389
SH,600382,2.6,4389,4389
SZ,300802,-3.93,4387,6159
SZ,300463,0.9,4385,5394
SZ,300249,-1.67,4385,5373
SZ,300737,2.7,4383,5485
SZ,002728,-1.01,4381,4486
SZ,301330,-1.82,4380,5305
SZ,000045,-3.91,4374,4847
SZ,301211,-1.68,4368,4368
SZ,002651,2.93,4365,7978
SH,600283,0.78,4363,4363
SZ,300027,-1.72,4360,4717
SZ,000819,3.93,4359,4401
SZ,001338,2.36,4355,4355
SZ,301379,-5.54,4354,5525
SZ,002543,1.7,4353,4893
SH,600513,-3.65,4353,4353
SZ,002522,0.84,4353,4357
SZ,300523,1.74,4353,4353
SH,603158,-0.88,4348,4348
SZ,920576,0.57,4346,4390
SZ,300105,-4.3,4345,4348
SZ,002124,0.92,4339,4888
SZ,301367,-1.46,4337,5539
SZ,300968,-0.28,4336,4336
SZ,301265,-1.54,4335,5384
SZ,000665,1.06,4332,4333
SH,688119,1.05,4331,4331
SH,600288,0.1,4329,4329
SH,688786,-1.68,4328,4328
SZ,300791,4.09,4327,5189
SZ,001207,2.21,4325,4480
SZ,300847,0.07,4325,4325
SZ,000720,0.58,4322,4322
SH,688073,1.86,4322,4322
SZ,300441,2.83,4319,4446
SH,600227,10.1,4318,5708
SZ,002026,2.3,4317,4317
SH,688320,4.08,4314,4314
SH,688539,0.56,4313,4313
SZ,300917,2.49,4308,4308
SH,688377,-3.45,4307,4307
SZ,000521,1.65,4306,5067
SH,600758,1.24,4306,4310
SZ,000078,-1.79,4305,4315
SZ,301365,-0.81,4303,6376
SZ,002627,2.33,4301,4347
SZ,301349,-2.44,4299,5445
SH,605028,-2.39,4294,4294
SH,600173,0.49,4294,4294
SH,603286,-3.05,4291,4332
SZ,300663,4.02,4291,4459
SZ,002393,2.14,4290,4415
SH,603767,2.51,4290,4290
SZ,002641,1.34,4286,4646
SZ,002059,0.93,4286,4414
SZ,002291,1.44,4285,4610
SZ,002455,2.05,4282,4682
SZ,300267,1.01,4281,6208
SH,605300,2.5,4280,4280
SZ,000558,0.91,4278,4280
SH,603110,0.85,4278,4278
SH,603060,1.14,4277,4277
SH,603822,-0.58,4277,4277
SH,603611,2.34,4276,4276
SH,688665,2.03,4274,4274
SZ,002303,-3.48,4274,6768
SZ,002454,3.18,4273,4281
SZ,300727,1.31,4270,4745
SH,603018,1.56,4268,4268
SH,688115,-2.98,4266,4266
SZ,002919,1.45,4264,4295
SH,600976,1.46,4262,4264
SH,603697,4.95,4260,4260
SZ,002540,1.22,4257,6188
SZ,301413,-0.17,4253,7124
SH,600609,1.56,4253,4253
SZ,300561,3.22,4252,5788
SZ,002746,0.34,4251,5155
SZ,300702,0.6,4250,7029
SZ,000821,0.72,4245,4373
SZ,000718,0,4244,5644
SZ,002112,9.99,4243,4762
SH,688667,-4.02,4243,4243
SH,603528,1.35,4243,4243
SZ,300149,-1.86,4243,4452
SZ,300587,7.18,4242,5232
SH,603598,0.96,4240,4245
SZ,002907,0.88,4235,5266
SZ,002774,-2.52,4232,5057
SH,600168,1.43,4232,4232
SH,688356,-1.43,4220,4220
SZ,300692,-0.71,4218,4622
SZ,300547,-3.26,4217,5132
SH,603209,2.66,4215,4261
SH,603348,2.13,4214,4214
SZ,002367,2.51,4211,4228
SH,600558,1.52,4210,4210
SH,605577,2.93,4209,4209
SZ,301058,1.36,4206,4276
SZ,300018,4.73,4190,5625
SZ,301325,2.07,4187,4187
SH,600071,0.95,4187,4187
SH,688210,-4.91,4177,4177
SH,603666,-0.72,4170,4170
SZ,300871,-1.52,4161,4161
SZ,300210,-0.11,4155,4155
SZ,300271,-0.56,4155,4246
SZ,300461,-2.5,4152,4520
SH,600819,4.16,4151,5138
SH,603976,-1.3,4149,4149
SZ,002235,-2.59,4141,4335
SH,688228,-0.54,4137,4137
SZ,920077,2.93,4136,8031
SH,603726,-6.07,4135,4157
SZ,002427,3.7,4135,4139
SZ,300648,-2.06,4135,5431
SH,603681,0.4,4130,4130
SH,603790,-1.45,4130,4130
SZ,002285,2.45,4128,4165
SH,688350,2.86,4125,4125
SH,688419,-3.66,4122,4122
SZ,300785,0.84,4118,6693
SZ,000428,10.08,4116,4116
SZ,002117,1.16,4115,4116
SH,603803,-8.15,4113,4113
SZ,002443,0.38,4112,4112
SZ,300532,1.49,4111,4322
SZ,300147,-0.63,4109,4133
SH,603998,2.3,4101,4101
SZ,301391,0.39,4101,4197
SZ,301055,-7.98,4096,4185
SZ,300643,-5.48,4094,4104
SZ,002264,0.32,4094,4528
SH,603271,0.84,4094,8577
SZ,300793,2.14,4093,4186
SH,688236,3.2,4093,5443
SH,603167,1.28,4091,4091
SH,603439,-1.55,4087,4087
SZ,301007,0.56,4086,4140
SZ,300397,1.11,4086,5182
SZ,300286,2.18,4085,4930
SZ,300586,-0.9,4084,5434
SH,603916,2.43,4081,4081
SZ,002758,1.03,4073,4078
SZ,300688,-1.53,4073,4595
SH,603122,-1.44,4072,4072
SH,688267,-6,4065,4065
SH,603966,3.03,4064,4069
SH,600152,2.13,4063,4063
SH,603016,0.66,4057,4057
SH,603165,1.49,4056,4056
SZ,002480,0.76,4053,4061
SZ,300326,2.73,4049,4051
SH,600340,0,4049,4049
SH,688379,-4.17,4048,4267
SZ,301488,1.3,4041,9862
SH,603682,-0.57,4040,4040
SH,600505,2.69,4039,4039
SZ,000016,-1.16,4039,6092
SH,600479,0.84,4039,4750
SH,688655,-1.04,4038,4038
SH,688207,0.32,4035,4035
SZ,300505,9.12,4032,5099
SH,603150,-1.96,4031,4031
SH,603960,3.85,4030,4030
SH,603206,1.15,4029,4029
SH,603069,2.41,4026,4026
SZ,000526,0.3,4023,4036
SZ,002876,1.66,4020,4693
SH,600261,1.35,4019,4019
SH,600725,2.19,4018,4018
SZ,920239,6.08,4017,4066
SZ,301370,0.47,4010,4010
SZ,002490,-0.79,4009,5904
SZ,301458,0.21,4005,9091
SZ,300317,-0.61,4004,4010
SH,603217,2.73,3997,3997
SH,603097,2.42,3997,4091
SZ,002989,-0.78,3996,4073
SZ,300662,4.15,3993,4005
SH,603035,2.16,3993,3993
SH,603072,2.56,3993,8359
SH,603318,2.36,3989,4820
SZ,003004,-3.05,3988,4750
SH,688010,-6.43,3988,3988
SZ,301045,-4.82,3985,6306
SZ,300654,-4.8,3981,4134
SH,600729,2.63,3981,9109
SZ,300228,2.3,3979,4254
SZ,300541,0.39,3977,4408
SZ,000655,2.14,3977,3977
SH,603032,0.77,3975,3981
SZ,300091,0,3974,6906
SZ,002161,1.51,3972,3972
SH,605088,1.81,3972,4002
SH,603088,1.57,3971,4557
SH,603661,2.59,3970,3970
SZ,300705,1.9,3970,5368
SH,603015,2.61,3969,3969
SZ,300534,-7.78,3969,3986
SH,688635,-2.48,3967,20927
SH,603967,2.51,3966,3966
SH,605268,2.51,3965,3965
SZ,002321,0.54,3950,3967
SH,603758,2.13,3950,3950
SZ,300355,1.4,3949,4636
SZ,002644,-0.25,3947,3947
SZ,002520,1.1,3946,4126
SZ,002843,-3.77,3946,3970
SZ,300196,-1.47,3940,6521
SZ,300963,2.9,3936,5366
SZ,300893,3.7,3934,7417
SH,603178,9.99,3932,3932
SZ,002040,1.13,3927,3927
SZ,920593,1.67,3927,4623
SZ,300121,1.44,3925,4069
SH,603058,1.39,3923,3923
SZ,002950,3.28,3922,5782
SZ,301230,-1.78,3922,4361
SH,603689,1.63,3921,3938
SH,603519,4.26,3915,3915
SZ,002406,2.2,3914,4746
SZ,300859,0.4,3914,3914
SH,601368,1.14,3912,3912
SH,603869,0.63,3909,3909
SZ,300429,-0.31,3906,5193
SH,603315,1.75,3902,3902
SZ,300206,1.77,3902,6684
SZ,301282,-0.53,3899,4657
SH,688719,-3.39,3898,5013
SH,688459,1.75,3898,3898
SZ,920946,1.33,3897,3898
SH,603222,-4.62,3896,3896
SH,600628,1.86,3894,3894
SH,688061,-6.4,3894,3894
SH,603928,-7.07,3887,3887
SZ,300246,1.88,3887,4863
SZ,002160,1.07,3886,3894
SH,600076,-3.66,3886,3886
SZ,300491,-0.15,3885,4379
SZ,000882,2.9,3884,3887
SZ,301160,-1.97,3884,5845
SZ,300700,0.77,3883,5697
SZ,000096,2.01,3882,4013
SZ,002560,1.83,3882,4507
SZ,300712,1.46,3882,3899
SH,688551,-2.46,3880,3880
SH,600135,0.57,3879,3879
SZ,002380,2.1,3876,6542
SZ,301075,0.35,3876,3876
SZ,002418,0.59,3875,3875
SZ,000919,0.97,3874,3875
SZ,300189,1.63,3873,4475
SH,600727,0.41,3869,3869
SH,688633,3.51,3866,3866
SZ,002765,2.53,3861,4226
SZ,920522,7.83,3859,4652
SZ,000520,-0.51,3856,3856
SZ,002005,-0.44,3854,3855
SH,600222,-0.57,3854,3854
SZ,002449,1.8,3853,3853
SH,605162,-5.73,3853,3853
SH,600792,2.06,3851,3851
SZ,300878,-2.11,3851,3869
SH,600798,0.95,3849,3849
SH,688595,2.77,3849,3849
SZ,002116,1.74,3848,3918
SH,600379,-1.6,3844,3844
SZ,300227,1.57,3843,5016
SZ,300882,2.71,3840,4127
SZ,002553,2.6,3838,5294
SZ,301277,0.1,3835,3835
SZ,301116,2.4,3834,3834
SZ,300403,2.63,3831,5409
SZ,001316,2.57,3830,4110
SZ,001288,-2.13,3827,5891
SH,603978,-0.21,3825,3825
SH,605208,-1.6,3824,3824
SZ,300506,-3.69,3820,7413
SZ,300061,0.82,3820,4046
SZ,301603,-0.45,3817,12217
SZ,002586,-0.56,3817,4016
SH,688218,-9.4,3813,3813
SH,600530,2.5,3813,3813
SH,600714,0.38,3813,3813
SZ,002788,0.6,3811,3877
SH,603912,-0.56,3810,3810
SZ,920139,2.67,3809,3943
SZ,300984,-4.38,3806,5906
SZ,300022,0.65,3806,3806
SH,603918,0,3804,3804
SH,605337,10.05,3804,3804
SH,600469,1.76,3800,4637
SZ,002772,3.97,3794,3826
SH,603121,2,3792,3792
SH,600526,2.12,3789,3857
SH,600568,1.79,3789,4524
SZ,301168,-0.89,3788,4769
SZ,000906,1.89,3787,3832
SZ,300183,2.2,3784,4719
SH,603520,2.01,3783,3783
SZ,003019,0.14,3782,3912
SH,603676,2.12,3782,3782
SH,688512,5.14,3781,5509
SH,688269,4.26,3779,3779
SZ,002035,1.47,3777,4094
SH,688291,0.93,3777,3777
SZ,301376,3.01,3774,7844
SZ,002177,1.45,3773,4255
SH,603339,3.92,3772,3772
SZ,301112,20,3771,3771
SZ,300481,0.39,3771,3794
SZ,300588,2.06,3770,4082
SZ,000822,1.69,3768,3768
SZ,300004,1.68,3768,3768
SH,605286,1.86,3767,3767
SZ,002902,-1.25,3766,4982
SZ,000599,1.99,3765,11263
SZ,300539,-0.39,3763,4630
SZ,300071,-0.99,3762,3836
SH,603719,10.01,3761,3761
SH,603398,-4.62,3755,3755
SZ,003026,-2.36,3751,4873
SZ,300767,1.96,3747,4316
SZ,300332,1.99,3745,3908
SZ,300964,-2.28,3745,5104
SH,688247,-1.19,3745,3745
SZ,002589,0.74,3742,4123
SH,605055,1.92,3740,3740
SZ,002328,1.87,3739,5055
SZ,002688,1.21,3737,3848
SZ,002554,0.72,3734,3734
SH,688311,-0.27,3733,3733
SH,600067,3.08,3730,3730
SZ,002564,1.17,3728,3728
SH,688298,1.54,3728,3728
SZ,301280,1.65,3727,7177
SZ,300318,0.64,3724,3839
SZ,301102,1.89,3723,3723
SZ,300745,-2.67,3723,4410
SH,603090,-2.89,3722,3722
SZ,300669,-0.09,3721,3929
SH,601113,0.9,3721,4563
SH,688211,1.68,3720,3720
SZ,000678,1.63,3718,3718
SZ,300557,-2.05,3713,3732
SZ,300349,3.08,3712,4189
SH,600824,2.03,3710,3710
SH,603113,2.34,3708,3708
SZ,300044,0.19,3706,3957
SH,603636,1.75,3703,3703
SZ,000816,1.18,3700,3719
SH,603324,-4.49,3698,3698
SH,603669,-0.18,3697,3697
SH,603239,1.94,3695,3695
SZ,002090,4.62,3695,3717
SZ,300010,13.27,3693,4588
SH,603386,-2.24,3691,3691
SH,688429,1.43,3688,3688
SH,600960,4.02,3688,3688
SH,603085,1.87,3685,3685
SH,600794,0.99,3684,3684
SZ,300933,11.98,3682,3682
SH,600734,3.05,3681,3681
SZ,301252,-1.66,3679,4588
SZ,300518,-5.76,3678,3679
SH,688807,-0.93,3675,18375
SZ,300711,1.44,3672,4145
SH,600527,0.95,3671,3671
SZ,001380,2.01,3666,4266
SZ,002228,1,3664,3677
SZ,301008,1.83,3663,4149
SH,688023,0.11,3663,3663
SH,688168,-5.22,3661,3661
SZ,002886,-1.18,3661,4609
SZ,000797,1.75,3659,3660
SH,600576,1.28,3659,5842
SZ,301235,-3.94,3658,4903
SZ,002786,0.95,3656,3668
SH,688489,3.43,3655,3683
SH,603933,0.92,3655,3655
SZ,300606,-2.87,3653,4294
SH,603607,2.25,3651,3651
SH,688360,-0.49,3650,3650
SZ,002930,3.19,3649,3856
SZ,002088,2.85,3648,3673
SZ,301187,1.42,3646,3646
SZ,300668,-2.7,3645,4401
SZ,000518,0.57,3645,3645
SH,603615,0.74,3644,3644
SZ,300590,2.31,3643,4706
SZ,300177,2.39,3638,4465
SZ,002162,0,3637,3642
SZ,002512,0,3634,3660
SH,605189,-1.98,3631,3631
SZ,002187,4.23,3631,3631
SZ,300231,0.49,3624,3625
SZ,002612,6.51,3623,6300
SZ,300629,-0.29,3620,4199
SZ,000532,2.73,3618,3630
SH,603081,-0.11,3617,3617
SZ,300836,-3.5,3613,5278
SZ,300715,-1.78,3612,4363
SZ,300380,2.72,3603,3916
SH,600805,1.68,3597,3599
SZ,300351,1.11,3596,5309
SZ,000862,-2.21,3592,5251
SH,688768,1.51,3584,3614
SZ,300194,0.82,3583,4402
SZ,002986,0.59,3580,4508
SZ,300111,0.36,3578,3578
SH,603421,1.67,3574,3574
SH,688238,0,3574,3583
SZ,300758,1.74,3572,3963
SZ,002562,1.62,3571,5017
SZ,300414,0.98,3571,3713
SH,603199,1.9,3571,3571
SZ,301517,-0.75,3569,5532
SH,603126,1.21,3565,3565
SZ,301003,0.7,3565,4608
SZ,300299,1.37,3564,3569
SZ,301310,-0.01,3564,11160
SH,688136,-0.39,3563,3563
SH,600127,0.73,3562,3562
SH,688558,3.49,3561,3561
SZ,920809,1.71,3561,4637
SH,603105,2.01,3560,3560
SH,688212,1.65,3559,3559
SZ,300055,2.93,3557,4703
SH,603703,0.47,3556,3556
SZ,301085,-1.02,3549,5228
SZ,300873,-3.37,3549,4888
SZ,002370,-0.62,3542,3542
SH,603639,1.46,3542,3643
SH,600579,1.13,3539,3539
SH,603956,-1.58,3533,3533
SH,688075,1.13,3533,3533
SH,603579,0.4,3532,3532
SZ,300424,0.29,3527,3529
SH,603566,0.89,3526,3526
SZ,002333,0.95,3526,3570
SZ,300068,1.72,3526,3710
SZ,002469,1.45,3525,3640
SH,603716,-5.04,3522,3522
SH,600860,1.8,3517,4336
SZ,301398,0.88,3517,3608
SZ,000626,1.31,3516,3536
SH,600333,0.35,3514,3514
SZ,002197,-1.19,3514,4043
SH,603706,1.37,3511,3511
SZ,300611,0,3510,4996
SH,688646,0.88,3510,5700
SH,688653,3.26,3509,4707
SZ,300901,-4,3509,3509
SH,603020,1.41,3508,3508
SH,603106,1.35,3508,3508
SH,688033,0.16,3508,3508
SZ,000726,1.54,3507,4864
SZ,300530,20.02,3504,3504
SZ,002582,6.15,3504,4558
SH,603926,0.2,3504,3537
SZ,000505,1.65,3503,4027
SH,688588,2.28,3498,3498
SZ,300733,-0.82,3497,4743
SH,600581,1.79,3495,3495
SH,605369,0.44,3495,3495
SZ,300453,1.57,3491,5064
SH,600520,-5.24,3490,3490
SH,688606,1.24,3489,3489
SZ,301033,5.24,3488,4150
SZ,002596,0.33,3485,3489
SH,603551,2.92,3484,3528
SH,603559,10.01,3483,3483
SH,601033,2.18,3482,13059
SZ,000713,1.07,3481,4526
SH,605378,2.46,3481,3481
SH,600506,1.68,3480,3480
SZ,002693,0.12,3477,3508
SZ,001238,2,3475,3714
SZ,300571,-2.27,3473,4190
SH,603569,1.95,3470,3470
SH,601599,1.7,3470,3470
SH,688039,-0.69,3465,3465
SZ,920799,3.96,3464,6034
SH,600857,-2.88,3463,3463
SZ,002676,1.26,3463,3463
SZ,000965,1.63,3463,3463
SH,603101,2.08,3462,3462
SZ,000782,0.61,3459,4497
SZ,300880,2.43,3458,3458
SH,688157,0.88,3456,3456
SH,603109,2.67,3454,3454
SZ,300096,0.12,3453,3453
SZ,300434,-0.48,3452,4054
SZ,002609,0.94,3451,4839
SH,603309,2.6,3450,3450
SZ,300809,-8.46,3450,5809
SH,603175,-1.12,3448,33140
SZ,002107,1.17,3446,3481
SZ,300907,-3.49,3445,3445
SZ,002669,1.16,3439,3447
SZ,300200,0.62,3438,3495
SZ,002339,1.27,3437,3619
SZ,300639,-1.61,3435,3523
SH,688299,1.88,3434,3434
SH,603138,-0.32,3434,3497
SH,603291,3.58,3432,3432
SH,688569,0.74,3428,3428
SZ,002095,0.89,3426,3440
SH,603261,-0.26,3423,3423
SZ,301038,0.52,3422,3422
SZ,000407,0.78,3416,3432
SH,688533,1.57,3415,3415
SH,603232,-2.5,3412,3430
SZ,002457,1.99,3409,3412
SZ,301421,-10.37,3408,8517
SZ,300402,1.97,3408,3453
SZ,000716,3.81,3406,3486
SZ,002016,1.69,3406,3406
SZ,001269,1.43,3404,3404
SH,605158,1.68,3401,3401
SZ,002584,-0.54,3401,4249
SZ,002628,0.45,3400,3415
SZ,300190,-0.54,3399,3413
SH,600834,2.01,3399,3399
SH,603665,0.52,3397,3397
SZ,002356,1.17,3396,3396
SH,600800,2,3396,3397
SZ,002462,1.13,3396,3398
SH,688098,1.1,3392,3392
SZ,300427,5.81,3390,3427
SZ,300099,1.75,3385,4291
SZ,000868,3.15,3382,3382
SZ,000659,-5.04,3381,3381
SZ,301656,1.72,3376,39871
SH,600980,2.36,3371,3442
SH,605058,0.94,3370,3370
SH,603630,-0.98,3365,3365
SZ,002305,2.11,3364,3364
SH,603390,1.81,3363,3369
SH,601366,2.64,3359,3359
SZ,002225,1.72,3358,4104
SH,688785,-5.64,3353,16762
SZ,300736,0.37,3352,3439
SZ,002791,10.01,3348,5443
SH,688045,-1.93,3347,3347
SZ,300471,2.01,3347,4293
SZ,301115,-2.43,3345,4115
SH,688680,1.87,3345,3345
SH,688148,2.66,3342,3342
SH,605388,10.1,3339,3339
SZ,001216,1.04,3335,3965
SZ,002783,1.4,3334,3610
SZ,300120,0.96,3333,3630
SH,688339,1.68,3324,4084
SH,688602,4.75,3324,3324
SZ,300962,2.27,3324,3324
SZ,000903,0.58,3322,3347
SZ,002374,0.33,3321,3321
SZ,000488,2.08,3321,5765
SH,688443,0.83,3319,8489
SZ,000926,1.93,3319,3361
SH,688302,0.9,3318,3318
SH,688590,1.9,3316,3686
SZ,300448,1.57,3316,3491
SH,600539,-9.99,3312,3312
SZ,300729,2.34,3309,3437
SH,688133,0.6,3308,3308
SZ,300407,4.42,3308,4424
SZ,300213,2.39,3308,3560
SH,603357,1.38,3302,3302
SH,600262,2.06,3296,3296
SZ,301175,2.51,3296,7801
SH,688199,-1.34,3295,3295
SH,688399,-1.22,3294,3294
SH,688750,1.29,3293,6540
SZ,300021,1.07,3293,3854
SZ,301186,-0.02,3293,3502
SH,600318,2.07,3292,3292
SZ,000736,10,3287,3287
SH,605077,5.48,3285,3324
SZ,300040,-0.15,3280,4079
SH,603014,0.69,3279,13498
SZ,300622,7.97,3278,4795
SZ,003000,1.82,3278,4798
SZ,002818,2.05,3273,8211
SZ,300652,-0.9,3272,3646
SH,600503,3.03,3269,3269
SZ,001257,0.63,3268,43806
SZ,002109,0.79,3267,3267
SZ,300533,5.6,3266,4641
SZ,301246,0.58,3265,7680
SZ,002766,2.97,3265,3276
SZ,003037,1.49,3265,3265
SZ,300559,2.14,3264,4191
SZ,300664,1.81,3263,3388
SH,603811,1.28,3263,3263
SZ,920819,2.28,3259,3297
SH,605066,1.25,3256,3256
SZ,300494,2.64,3255,4007
SZ,300160,2.15,3254,3300
SZ,002037,9.98,3252,3252
SH,688522,3.28,3251,8006
SH,603759,1.73,3251,3251
SZ,002889,4.78,3249,4883
SZ,301169,-2.16,3248,3250
SZ,300370,1.96,3248,3256
SZ,300132,3.07,3242,3296
SZ,301479,0.55,3240,5660
SH,605108,1.14,3240,3240
SZ,301289,2.15,3239,3260
SH,600229,1.66,3237,3237
SZ,002269,2.22,3234,3467
SH,603396,1.08,3232,3232
SH,603038,0.92,3229,3229
SZ,300656,4.88,3229,4158
SZ,002927,2.31,3229,3265
SH,600218,1.79,3228,3228
SH,600638,4.81,3226,3226
SZ,300885,1.36,3225,4792
SH,688583,1.16,3225,9255
SH,600853,1.92,3224,3224
SZ,000731,2.09,3222,3222
SH,600822,1.75,3221,4032
SH,688398,-1.28,3220,3220
SZ,301073,4.26,3220,3522
SZ,300399,3.04,3219,3219
SZ,300848,0.95,3215,5434
SH,600679,1.74,3214,4631
SH,603815,1.37,3212,3212
SH,600653,0.61,3212,3212
SZ,300248,1.03,3211,3739
SH,600865,4.53,3209,3209
SZ,000789,3.08,3206,3206
SZ,300545,1.67,3205,4972
SH,603679,0.28,3202,3202
SZ,301373,-3.99,3198,8506
SH,603817,2.56,3198,3198
SZ,000007,2.56,3198,3198
SZ,301110,0.23,3196,4543
SZ,300078,1.06,3195,3208
SH,601999,1.75,3195,3195
SH,603313,-0.17,3195,3195
SH,603648,1.73,3193,3193
SH,603316,-3.89,3192,3262
SZ,301551,3.72,3192,8260
SZ,002327,1.09,3191,5420
SZ,300110,1.5,3189,3192
SZ,301630,-2.65,3189,8512
SZ,002474,-0.98,3189,3752
SZ,002646,0.9,3188,3210
SZ,300801,-1.18,3188,5087
SH,600843,2.72,3186,4842
SZ,002395,1.45,3183,3184
SZ,001217,3.3,3183,3219
SZ,300911,1.25,3182,3405
SZ,301311,0.76,3180,3180
SZ,300553,-7.4,3179,4148
SZ,000721,1.14,3177,3558
SH,600327,1.41,3176,3176
SH,603948,1.67,3173,3173
SZ,000514,1.62,3173,3173
SZ,000701,0.64,3172,3174
SZ,300241,1.54,3168,3777
SH,603987,1.68,3167,3167
SZ,000889,-0.81,3166,3408
SH,603788,1.21,3165,3165
SZ,300822,3.01,3164,3411
SH,603600,3.58,3159,3159
SH,603898,1.35,3158,3158
SH,603535,3.52,3157,3157
SZ,301613,1.18,3156,5411
SZ,300879,2.41,3156,3178
SH,600467,0.93,3156,3156
SH,603139,-0.78,3155,3155
SZ,301315,1.99,3155,3155
SH,603095,1.33,3153,3153
SH,688259,3.22,3153,3153
SZ,002441,1.28,3153,4307
SZ,002801,2.18,3152,6251
SH,605398,1.1,3152,3152
SZ,300572,-0.79,3151,3980
SH,603351,0.13,3148,3148
SZ,300473,0.67,3146,3609
SH,600716,4.02,3145,3145
SH,600512,0.51,3143,3143
SZ,002055,-0.55,3142,3198
SH,603007,1.35,3142,3998
SZ,000931,0.97,3139,3148
SZ,001318,10.01,3138,3138
SH,603856,1.09,3136,3136
SZ,301682,5.02,3134,14829
SH,603999,2.45,3133,3133
SZ,300466,1.6,3133,3738
SH,603656,0.53,3132,3132
SZ,002178,0.69,3132,3133
SZ,000037,1.2,3132,5570
SZ,002369,3.17,3131,3135
SH,603230,1.73,3125,3125
SZ,002822,2.46,3121,5694
SH,600622,1.96,3119,3119
SZ,301499,1.35,3119,3119
SZ,002296,2.98,3119,3498
SZ,301662,2.03,3118,8112
SZ,301408,-0.43,3116,5444
SZ,300193,1.23,3116,3539
SZ,920037,4.85,3114,5094
SH,600280,2.99,3114,3114
SZ,301120,1.65,3114,5276
SH,603210,2.22,3113,4555
SZ,300062,2.41,3112,4277
SZ,000509,1.4,3112,3112
SZ,002571,-0.94,3111,4088
SZ,301257,-3.36,3111,3263
SZ,300683,-1.04,3110,3335
SZ,300551,-1.7,3109,3118
SH,600293,2.29,3109,3109
SZ,301199,2.43,3107,3228
SZ,000788,0.58,3105,3105
SH,603577,1.44,3103,3103
SH,605186,-3.62,3101,3101
SZ,002365,-3.13,3100,3725
SZ,002362,1.77,3099,3650
SZ,002672,2.09,3096,3780
SH,688722,2.15,3093,3093
SZ,002199,10.02,3092,3260
SZ,301223,1.39,3092,3092
SZ,002451,2.33,3092,3102
SH,605566,2.07,3089,3089
SZ,300478,-10.26,3087,3087
SZ,301060,1.18,3087,3432
SZ,301617,0.29,3086,7775
SH,600053,2.45,3082,3082
SH,605136,1.18,3080,3080
SH,600749,0.74,3078,3078
SH,603116,0.56,3077,3077
SZ,300515,-3.04,3075,3136
SZ,301076,-0.53,3074,4598
SZ,001215,2.82,3074,3082
SZ,301602,2.79,3073,6314
SH,605399,1.13,3073,3076
SZ,000421,1.71,3072,3073
SZ,002735,1.99,3070,4041
SZ,300867,1.59,3068,4351
SH,688571,3.43,3067,3067
SH,688163,-3.66,3065,3065
SH,600052,1.97,3064,3064
SZ,301206,4.12,3064,4759
SH,688530,-7.08,3063,7026
SH,600354,-0.67,3061,3061
SH,605259,2.13,3060,3060
SZ,920047,0.71,3058,4657
SH,688286,-0.98,3054,3054
SZ,300069,-5.7,3053,3053
SZ,002548,0,3049,3139
SZ,002845,1.25,3048,3990
SZ,300247,0.53,3047,3047
SZ,300225,-0.91,3040,3062
SH,600731,2,3039,3107
SH,605068,9.99,3036,3036
SZ,000607,1.78,3036,3491
SZ,000803,1.85,3035,3078
SZ,001400,-1.93,3033,5510
SZ,300157,-0.23,3032,3176
SZ,300686,-4.63,3032,3052
SZ,920725,-0.8,3032,6263
SH,688283,-0.55,3032,3032
SZ,301226,1.31,3031,3031
SZ,300125,7.55,3031,5593
SZ,301322,-5.25,3031,4494
SH,688071,2.55,3030,3030
SZ,300781,1.13,3030,4106
SH,688813,-0.4,3027,16101
SZ,301500,1.74,3025,11783
SZ,300943,-0.86,3023,4619
SZ,300522,-5.03,3023,3705
SH,605138,1.68,3022,3022
SH,688458,-1.43,3021,3595
SH,688600,-0.21,3019,3019
SH,688373,0.22,3019,3019
SZ,000546,3.84,3017,3367
SZ,300812,-2.01,3016,3324
SZ,300289,0.73,3015,3019
SZ,002286,9.99,3013,3097
SZ,002021,3.28,3013,3013
SH,688358,1.51,3012,3016
SH,688579,1.76,3004,3004
SZ,002175,-1.25,3000,3000
SH,603266,1.96,2997,2997
SH,688636,-0.34,2996,2996
SZ,300094,2.26,2996,3057
SZ,301201,-2.12,2996,4270
SZ,300875,7.09,2995,3406
SH,688317,1.41,2994,2994
SH,605303,-5.59,2988,2988
SZ,002829,-0.14,2987,4250
SZ,300056,4.59,2985,2988
SH,603725,-7.89,2985,2985
SZ,000668,10.03,2981,2981
SZ,301136,2.26,2980,2983
SH,600668,1.41,2977,2977
SH,603798,1.67,2975,2975
SZ,300504,-1.58,2975,3694
SH,600156,0.54,2972,2972
SZ,300385,0.59,2971,3405
SZ,300333,20.03,2969,2980
SZ,002724,1.36,2969,4035
SH,603813,-2.61,2968,2968
SH,688084,1.82,2967,2967
SZ,300609,-0.23,2963,2968
SZ,301028,2.16,2960,4563
SZ,300908,3.72,2959,3501
SZ,002826,0.57,2954,3049
SZ,300973,4.98,2949,4212
SZ,300352,1.76,2948,3349
SZ,300578,1.5,2947,2948
SZ,002313,1.42,2946,2947
SZ,300050,1.12,2946,2948
SH,601616,1.77,2945,2945
SH,688171,-5.5,2945,2945
SH,600684,1.17,2944,3816
SZ,301273,-2.96,2943,3834
SZ,300243,2.41,2941,3676
SZ,300135,1.59,2940,2940
SZ,300927,2.56,2938,3011
SZ,300600,2.99,2936,2936
SH,600738,3.21,2936,2939
SZ,920806,0.51,2935,2935
SZ,300589,1.71,2933,4725
SZ,301696,2.22,2932,38981
SH,605588,-1.34,2931,2938
SH,603958,-2.26,2928,2928
SZ,301259,-3.06,2927,4565
SZ,301051,-0.07,2922,3678
SZ,300608,-2.43,2922,3341
SZ,300187,2.25,2921,2938
SH,688618,-1.22,2918,2918
SZ,301193,1.02,2917,3816
SH,603278,0.95,2915,2915
SZ,300310,3.19,2911,3712
SZ,000530,1.89,2911,4090
SZ,000151,1.94,2910,3316
SZ,300290,-6.75,2910,2911
SH,603527,1.66,2910,2910
SZ,000576,1.21,2907,2924
SH,688162,2.22,2907,2907
SH,603051,0.28,2905,2905
SH,601956,1.3,2903,2903
SH,603896,1.17,2902,2902
SZ,000695,2.51,2899,3029
SZ,002282,1.77,2899,3024
SH,688682,-0.44,2897,2897
SH,603008,1.55,2895,2895
SZ,300894,2.82,2894,3998
SZ,920179,-2.04,2889,3601
SZ,002933,1.14,2888,2903
SZ,301535,1.86,2888,7234
SZ,301302,-2.48,2887,3237
SZ,002394,5.06,2885,2891
SZ,300238,-0.26,2885,2885
SZ,000798,1.68,2879,2879
SZ,003002,3.49,2874,3144
SZ,300839,1.5,2874,2925
SH,600470,3.96,2874,2874
SH,688370,1.7,2872,2872
SZ,300798,1.14,2872,3492
SH,600192,1.25,2871,2871
SH,688273,-2.9,2868,2868
SZ,300869,1.87,2867,4368
SZ,002542,1.88,2867,2944
SH,600719,-0.69,2865,2865
SH,603201,0.2,2863,2888
SZ,301600,1.2,2856,9256
SZ,002521,0.44,2855,3814
SH,600838,3.19,2854,2854
SZ,300982,2.08,2854,3047
SZ,300698,2.38,2852,3224
SH,600130,-0.77,2850,2850
SZ,300603,0.13,2849,3542
SZ,300840,1.07,2844,3854
SZ,300864,2.16,2844,2844
SH,603161,5.23,2840,2895
SH,688015,2.03,2840,2840
SH,688335,0.26,2839,2839
SH,688607,-1.29,2839,3154
SH,600844,9.87,2838,3507
SZ,301270,3.55,2838,3003
SZ,002623,1.87,2838,2844
SZ,003029,0.75,2837,3119
SZ,300020,-1.59,2836,2940
SZ,002575,1.68,2834,2990
SZ,002996,1.81,2833,4137
SH,603657,-4.02,2832,2832
SH,603739,1.18,2831,2831
SZ,002086,1.13,2831,3507
SZ,000897,1.74,2830,2830
SZ,300563,2.86,2830,4067
SZ,300932,0.57,2828,3971
SZ,920418,2.68,2828,2928
SZ,002587,1.73,2823,3469
SZ,300542,1.33,2822,3404
SH,688215,0.9,2821,2821
SZ,300419,-1.66,2821,2821
SH,603192,0.2,2820,3382
SZ,002485,0,2818,2818
SZ,301234,-9.82,2816,4767
SZ,301158,-3.07,2816,2888
SZ,301111,-2.21,2816,2816
SH,600594,-1.09,2816,2816
SZ,002137,0,2815,4100
SZ,300936,-1.99,2814,4463
SH,600791,-2.95,2813,2817
SZ,001311,6.15,2813,6410
SZ,300510,0.89,2812,2812
SZ,301213,1.15,2812,4350
SH,603310,1.12,2809,5001
SZ,003020,-1.93,2808,3802
SH,603500,2.43,2807,2809
SZ,300359,20.05,2806,2806
SZ,301448,-1.07,2805,4139
SZ,301348,0.17,2803,4337
SZ,300032,2.05,2803,2803
SZ,300818,0.61,2800,4322
SZ,002314,1.46,2797,5659
SZ,002823,2.16,2795,4193
SZ,002186,0.77,2795,2796
SZ,300721,-1.65,2793,3328
SH,603903,-2.49,2791,2791
SH,688216,-3.09,2790,3004
SH,688338,0.31,2789,2789
SZ,000068,2.21,2788,2788
SH,600419,9.96,2786,2786
SH,603949,1.38,2785,2792
SZ,300877,6.76,2785,2785
SZ,000615,1.01,2785,5380
SZ,300239,1.07,2784,2802
SZ,300508,-1.41,2782,3699
SZ,000890,0.15,2781,2781
SH,605169,1.65,2781,2781
SZ,301237,-2.56,2779,3817
SZ,300691,-0.07,2779,3387
SH,603808,2.69,2779,2779
SZ,300746,4.98,2779,2806
SZ,300311,0.39,2778,3483
SZ,002148,2.84,2778,3442
SH,688159,-0.52,2777,2777
SH,603722,0.07,2777,2836
SZ,300831,2.45,2776,4816
SH,600620,2.02,2774,2774
SZ,002878,1.64,2774,3081
SZ,002224,1.47,2774,3103
SH,600228,10.08,2771,2775
SZ,000910,1.4,2769,2770
SH,688391,1.92,2767,2767
SH,688081,-1.89,2765,2765
SZ,300266,1.71,2764,2766
SZ,300511,2.22,2763,3243
SZ,002616,1.51,2761,4038
SZ,002811,0.83,2761,3009
SH,600136,1.43,2759,2898
SZ,300716,-1.48,2759,2759
SZ,002323,0,2757,2757
SZ,300477,4.12,2755,2980
SZ,002686,1.35,2750,2978
SZ,002692,1.32,2749,2750
SZ,002981,0.31,2748,3086
SZ,002259,2.82,2746,2746
SZ,300890,1.74,2746,3004
SZ,002278,1.06,2745,2973
SH,603458,4.43,2743,2743
SH,688570,0.83,2740,6304
SH,600265,0.52,2740,2740
SZ,301026,1.72,2740,3794
SH,605080,0.98,2740,2751
SZ,300237,1.06,2740,2740
SH,600249,1.64,2734,2734
SZ,300329,0.65,2733,2741
SZ,300858,2.73,2729,3673
SH,605218,1.43,2718,3101
SH,688280,10.36,2717,3081
SZ,301066,2.92,2716,2737
SH,603518,2.33,2715,2725
SZ,301468,-1.58,2714,4709
SZ,002347,2.61,2714,2776
SH,601112,-0.99,2712,25827
SZ,002725,-1.17,2711,2788
SZ,000978,0,2710,2710
SZ,300086,-1.27,2710,2799
SZ,300552,1.88,2710,4275
SZ,002722,1.25,2708,2708
SZ,002798,1.75,2708,3079
SZ,003016,2.01,2708,2771
SH,600721,-0.41,2707,2707
SZ,301218,-1.7,2705,4403
SH,600212,1.19,2704,3584
SH,688687,2.13,2703,2703
SH,600630,1.27,2702,2702
SZ,300404,-1.65,2701,3649
SH,603970,1.41,2699,2699
SZ,300381,1.81,2698,2708
SH,600616,2.28,2696,2696
SH,603237,3.88,2695,2783
SZ,002355,2.11,2695,2915
SH,601010,3.47,2695,2695
SH,603878,3.9,2694,2694
SZ,300234,3.03,2693,3940
SZ,002903,10.02,2693,3957
SH,603330,-5.82,2692,2864
SZ,002953,-0.09,2692,4704
SH,688175,-4.18,2690,2690
SZ,002561,1.88,2690,2698
SH,600408,1.91,2688,2688
SZ,301151,-4.14,2688,2691
SZ,002923,-1.6,2687,3486
SZ,300148,2.17,2687,2782
SH,688557,0.95,2686,2686
SZ,300270,5.98,2682,3113
SH,603655,3.39,2682,2682
SZ,300833,1.38,2681,4174
SZ,300550,-0.19,2681,2683
SZ,002689,1.58,2680,2681
SZ,002357,3.01,2680,2680
SZ,300749,-0.86,2679,3492
SH,605500,1.41,2677,2677
SZ,301419,-1.74,2666,4034
SZ,300175,-0.52,2665,2665
SZ,300321,-5.23,2663,2666
SZ,300816,-2.18,2663,3650
SZ,000710,1.38,2663,2856
SH,603202,2.77,2662,8482
SZ,300301,-0.87,2662,2797
SZ,000529,2.41,2661,2726
SH,688229,0.52,2660,2660
SZ,301020,1.11,2660,2660
SH,600876,2.75,2659,4339
SZ,000609,0,2657,2732
SZ,001369,2.89,2655,14682
SZ,300425,2.09,2655,2661
SH,688511,0,2655,2655
SH,688152,1.13,2654,2654
SH,600785,4.87,2653,2653
SZ,300141,3.68,2653,2687
SH,688285,2.47,2653,2653
SH,601798,2.05,2652,2652
SH,600537,3.7,2652,2652
SZ,300445,4.49,2651,4006
SZ,301266,2.52,2650,2794
SZ,300051,-0.27,2649,2682
SH,605089,4.99,2644,2644
SZ,301296,1.31,2644,2644
SZ,300584,0.59,2643,3863
SZ,002866,2.97,2642,4221
SZ,002795,0.5,2641,2685
SZ,002899,-0.55,2641,2641
SH,603819,5.48,2639,2639
SZ,300374,1.51,2638,2639
SZ,002054,4.57,2638,3312
SH,600735,-0.15,2638,2658
SZ,002476,1.65,2638,2638
SH,605166,2.82,2637,2637
SZ,300384,0.25,2637,3822
SH,603006,3.7,2637,2637
SZ,300501,0.11,2636,2646
SH,603863,3.62,2636,2636
SH,603829,2.46,2634,2634
SH,603048,-1.91,2631,2631
SZ,300945,2.13,2631,2888
SH,688077,0.7,2630,2630
SZ,002917,1.92,2629,3507
SH,603280,1.25,2629,2629
SZ,000017,-0.16,2627,4108
SH,600215,2.31,2627,2627
SZ,920735,2.68,2626,2969
SH,603637,-0.98,2623,2623
SH,603585,1.89,2621,2665
SH,600289,5.47,2620,2922
SZ,300389,1.53,2618,4403
SZ,003025,1.94,2615,3280
SZ,300230,1.72,2614,3375
SZ,002663,1.32,2612,2637
SH,688030,1.97,2610,2610
SZ,300810,0.7,2610,2702
SZ,000419,2.35,2609,2609
SZ,300830,0.13,2609,3496
SZ,301132,-1.14,2608,4077
SZ,000809,0.64,2606,2606
SZ,002404,1.6,2606,3203
SZ,001218,3.62,2606,2833
SZ,301260,2.09,2604,6129
SZ,002022,0.8,2602,2603
SH,603037,5.39,2600,2604
SZ,301172,-2.48,2600,3515
SZ,301133,2.01,2599,2841
SZ,300447,1.02,2597,4026
SH,603955,1.49,2596,2596
SZ,920491,-0.7,2594,3162
SZ,001324,-0.73,2594,2594
SZ,003015,0.67,2594,2951
SZ,002875,1.24,2591,2591
SH,603066,2.33,2589,2589
SZ,301190,0.17,2587,3881
SZ,301622,2.88,2585,4635
SZ,002921,1.16,2583,2996
SZ,301525,0.92,2576,4918
SZ,000972,0.3,2576,2576
SH,603801,10.02,2576,2576
SZ,001388,-2.73,2575,4811
SZ,300479,0.93,2574,2575
SZ,002363,2.15,2574,2581
SZ,301305,1.37,2569,4999
SZ,002248,1.58,2568,2568
SZ,002136,0.59,2567,2574
SH,601007,1.54,2566,2566
SZ,301608,1.87,2565,5715
SZ,001229,-7.32,2564,4987
SH,603080,1.23,2564,2564
SH,600712,2.81,2564,2593
SZ,300860,-0.03,2563,4414
SH,603768,2.48,2558,2558
SZ,300095,0.63,2557,3175
SZ,002658,0.71,2557,4533
SZ,300279,0.96,2556,2568
SH,600386,1.93,2556,2556
SZ,300345,1.52,2556,3094
SH,600250,2.51,2556,2556
SZ,301148,1.35,2555,5056
SH,603159,-0.59,2555,2555
SZ,301631,2.11,2551,7488
SZ,002879,-1.63,2549,3590
SZ,002012,-1.08,2549,2549
SZ,000812,2.12,2548,2549
SZ,002846,2.19,2544,4108
SZ,002905,1.25,2544,2740
SZ,300826,-0.08,2540,2641
SH,603001,1.44,2538,2538
SZ,000698,0.94,2538,2647
SZ,000159,1.93,2533,2533
SZ,300410,0.73,2533,2533
SZ,300653,1.15,2533,2533
SZ,002578,1.73,2532,2760
SZ,002748,4.77,2530,2530
SH,605266,2.83,2528,2528
SH,688255,0.44,2526,2526
SH,600671,0.63,2523,2523
SZ,301255,1.51,2521,2873
SH,603628,1.87,2520,2525
SZ,002403,1.56,2520,2889
SZ,300218,1.04,2520,2528
SZ,301068,1.25,2519,3548
SZ,300887,-0.99,2517,3793
SZ,000019,1.17,2514,6961
SH,603107,1.86,2513,3886
SZ,300272,0.93,2513,3308
SH,688265,0.31,2510,2510
SZ,002853,-1.21,2507,3563
SZ,300591,0.28,2506,2901
SH,603030,2.7,2502,2502
SH,688765,-5.82,2500,12420
SZ,002667,8.99,2496,2749
SZ,002962,-0.49,2496,3480
SZ,000892,10.03,2495,3443
SZ,300948,-3.59,2495,2643
SZ,300449,2.38,2494,2494
SH,688357,1.3,2492,2492
SZ,301393,-3.4,2491,6119
SZ,301565,3.18,2491,7784
SZ,000153,1.31,2487,2519
SH,603839,2.23,2485,2485
SZ,300889,-2.18,2484,3737
SZ,002613,1.58,2483,3533
SZ,920068,-0.13,2480,9362
SZ,002388,-7.19,2480,2502
SZ,001300,1.9,2479,2479
SZ,002659,3.51,2471,2471
SH,600405,2.28,2470,2470
SH,603886,2.59,2470,2470
SZ,002103,2.75,2469,3398
SZ,002599,0,2468,3227
SZ,300439,1.32,2467,3244
SH,603633,1.76,2467,2467
SZ,002425,3.47,2466,2564
SZ,002453,0.49,2465,3323
SH,688292,-1.32,2464,2464
SZ,002869,-0.81,2464,2767
SH,603335,1.95,2462,2462
SH,688314,-1.49,2460,2460
SZ,301149,1.26,2459,4042
SZ,002072,-2.04,2459,2460
SH,603036,1.19,2458,2458
SZ,300162,1.41,2457,3012
SZ,301669,-1.14,2455,14390
SZ,300942,3.41,2455,2455
SH,603586,1.95,2455,2455
SZ,002952,1.3,2454,3063
SZ,301197,-0.17,2453,2719
SH,688589,3.75,2450,2450
SH,603017,1.49,2450,2450
SZ,300998,-0.08,2450,3121
SH,600665,2.91,2445,2445
SH,600439,1.41,2445,2445
SH,600358,0.62,2444,5630
SZ,000545,1.22,2444,2447
SZ,301042,-1.59,2444,2564
SH,600538,-2.91,2443,2443
SZ,300795,3.69,2443,4196
SH,603677,1.6,2440,2440
SZ,002769,1.71,2439,2442
SH,600624,0.84,2439,2439
SH,688080,1.23,2431,2431
SZ,300288,1.18,2430,3200
SZ,300636,0.61,2428,2776
SH,600858,2.4,2427,2439
SZ,301380,-1.47,2426,3047
SH,603828,-0.72,2425,2426
SH,688137,1.35,2423,2423
SZ,000014,3.31,2420,2420
SZ,301222,-1.72,2420,3186
SZ,300577,-2,2420,4082
SZ,000565,2.2,2419,2419
SZ,002172,0,2418,2420
SH,603059,5.02,2418,2422
SH,600573,2.33,2418,2418
SZ,301262,7.2,2417,8257
SZ,001256,0.94,2414,3220
SZ,000707,2.82,2412,2561
SZ,300485,-0.67,2410,4239
SZ,002547,1.87,2408,2459
SZ,301313,-2.87,2408,3172
SZ,301082,1.85,2405,2595
SZ,920190,0.12,2405,2418
SH,603836,2.01,2402,2464
SH,600257,-0.19,2401,2401
SH,603617,0.65,2398,2417
SH,688129,6.88,2395,2395
SZ,301588,-2.24,2394,3880
SZ,300631,2.18,2394,2462
SZ,300978,2.21,2394,3525
SZ,300452,1.35,2393,2825
SZ,003007,-0.71,2393,3942
SZ,301081,0.38,2393,2491
SZ,300824,3,2393,2467
SZ,002391,1.58,2390,3345
SZ,002813,3.1,2390,2393
SZ,002330,2.17,2388,2389
SZ,002593,1.91,2388,3424
SH,605155,1.03,2388,2445
SZ,300365,0.65,2385,2795
SZ,920571,0.63,2381,4465
SZ,002868,-1.5,2375,3450
SZ,920402,0.35,2374,3672
SH,603042,0.53,2374,2374
SH,603320,2.05,2373,2373
SZ,300555,-0.07,2372,2396
SH,603136,2.09,2372,2372
SZ,000838,-5.85,2371,2476
SZ,300690,2.91,2370,3512
SZ,300154,-0.52,2370,3381
SH,600560,1.83,2364,2364
SH,603602,1.39,2364,2364
SZ,002431,0.77,2361,2361
SZ,300092,3.69,2361,3082
SZ,001219,3.6,2357,2416
SZ,301181,-0.34,2355,3018
SH,603895,-0.45,2354,2354
SH,603076,2.96,2354,2354
SZ,300952,0.44,2353,3827
SZ,301397,-1.35,2352,5143
SZ,300250,-2.15,2352,3193
SZ,002682,1.95,2351,2351
SZ,001210,-0.39,2350,3866
SZ,300730,0.09,2349,2739
SZ,002712,1.64,2348,2362
SZ,920019,2.04,2347,2946
SZ,002098,1.71,2345,2345
SZ,002983,0.94,2344,4081
SZ,300898,8.73,2343,2532
SZ,300163,3.43,2342,2432
SH,600356,3.84,2342,2584
SH,603289,2.44,2341,2341
SH,600661,2.13,2341,2341
SZ,300560,-7.04,2341,2876
SZ,301122,-5.63,2340,3782
SH,603331,0,2339,2339
SH,600613,0.62,2339,2606
SH,603189,-1.91,2337,2337
SZ,300647,2.82,2333,2337
SZ,002442,1.28,2330,2386
SZ,002855,3.05,2329,2331
SH,688455,-0.06,2329,2329
SZ,000430,0.64,2327,5085
SH,688468,1.4,2326,2326
SZ,301665,2.38,2326,10049
SZ,301092,-6.28,2322,5127
SZ,000790,0.54,2322,2326
SZ,000669,0,2320,2320
SH,603917,-2.64,2320,2320
SZ,300993,2.13,2319,2955
SZ,300667,1.44,2318,2748
SZ,002398,1.31,2315,2657
SZ,002700,-0.69,2313,2337
SZ,300988,0.78,2312,2809
SZ,300536,-2.22,2311,2311
SZ,002729,2.25,2311,2410
SZ,300354,2.45,2310,3930
SH,600187,0.7,2308,2308
SZ,002816,0.35,2307,2307
SH,603557,-3.38,2307,2307
SZ,300172,2.08,2306,2984
SH,603086,1.73,2305,2305
SH,688500,-1.08,2303,2336
SZ,300366,1.4,2302,2637
SH,603193,6.2,2302,9014
SZ,001282,1.69,2302,3348
SZ,000715,2.83,2300,2556
SZ,301027,-2.21,2299,2789
SZ,300334,0.26,2298,2299
SH,605033,0.24,2298,2298
SZ,002574,1.87,2297,2297
SZ,002184,1.38,2293,3357
SZ,301281,-8.98,2292,3498
SH,603779,-0.28,2291,2291
SZ,001333,1.59,2291,2291
SZ,000055,2.11,2291,3640
SZ,300920,-2.77,2291,3449
SZ,301221,1.42,2291,3369
SZ,002932,1.03,2287,3406
SZ,301337,1.26,2286,2337
SH,600753,-1.58,2285,2285
SZ,002976,-1.77,2282,3649
SZ,300796,1.44,2282,2282
SH,600793,-2.04,2282,2282
SH,600992,1.53,2282,2282
SZ,002343,3.44,2278,2278
SZ,301658,0.91,2276,9633
SZ,000554,2.26,2274,3022
SH,688246,0.3,2273,2273
SZ,300460,0.5,2269,2269
SH,600463,2.16,2268,2268
SZ,300965,3.51,2268,2515
SZ,000573,1.99,2266,2285
SZ,300264,0.66,2263,2633
SH,603332,2.25,2263,2263
SZ,300173,1.65,2263,2263
SZ,001201,0.9,2262,2895
SH,688529,1.51,2262,2262
SZ,301002,-3.16,2261,3591
SZ,002576,1.16,2260,2303
SZ,002496,1.06,2256,2879
SZ,300340,3.13,2256,2273
SH,603407,10,2256,25619
SH,603797,2.09,2255,2255
SZ,300582,1.5,2253,3036
SH,688479,-4.25,2253,5242
SH,605199,1.44,2253,2253
SH,603909,4.48,2250,2250
SZ,000635,1.49,2249,2416
SZ,301059,2.35,2247,2515
SZ,301531,3.1,2245,10521
SZ,301046,0.06,2242,2903
SZ,920002,-1.25,2242,3202
SZ,002661,2.11,2236,2348
SH,603188,2.08,2235,2235
SH,688619,-0.49,2235,2235
SZ,301283,0.95,2233,2840
SH,688560,1.09,2232,2232
SH,603700,1.55,2232,2232
SZ,300281,2.37,2229,2350
SZ,300805,-1.14,2229,3281
SH,603180,2.78,2227,2227
SZ,300991,-2.73,2225,3478
SH,605151,2.48,2224,2224
SZ,301317,-3.98,2223,6695
SH,688693,-2.08,2223,4210
SZ,003001,10.02,2222,3392
SZ,301119,0.32,2222,2747
SH,603787,1.79,2221,2221
SH,600359,1.39,2220,2220
SZ,002806,1.92,2218,2707
SZ,002377,1.6,2216,2327
SZ,300562,1.07,2213,2898
SZ,300891,2.31,2211,2652
SZ,002084,2.08,2211,2216
SZ,301108,4.06,2210,3836
SZ,002397,0.89,2209,2550
SZ,002069,1.63,2209,2212
SH,688310,0.3,2209,2209
SH,600854,1.43,2208,2208
SZ,002775,-2.05,2207,2452
SZ,002058,0.79,2204,2209
SH,603818,0,2204,2204
SZ,001205,4.5,2203,2487
SH,600239,2.24,2200,2200
SH,603488,-0.12,2199,2199
SZ,301592,0.73,2198,6586
SH,601083,4.52,2197,14649
SZ,301356,1.64,2194,3741
SZ,300701,1.16,2192,2444
SZ,301258,5.31,2192,2256
SZ,002660,1.75,2192,2279
SH,600182,0.55,2191,4383
SZ,301185,-0.43,2191,2424
SH,603378,-1.15,2186,2186
SZ,300422,1.44,2186,2258
SZ,301106,0.86,2183,2183
SZ,300987,1.61,2183,2183
SH,688623,0.71,2182,5252
SZ,300275,1.26,2177,2470
SZ,300921,-0.29,2176,3451
SH,688367,-0.95,2176,2176
SZ,300546,-0.11,2175,3025
SZ,002852,1.74,2175,2618
SH,603307,2.43,2174,2209
SZ,001367,1.3,2174,2723
SZ,300658,0.2,2173,3274
SZ,300829,2.36,2172,3150
SH,603021,0.44,2172,2172
SH,603096,2.85,2172,2172
SZ,301563,-0.42,2172,9606
SZ,300411,2.78,2170,2854
SH,688197,-3.9,2170,5042
SZ,300585,3.43,2170,2170
SZ,301195,1.94,2169,3266
SZ,301225,-3,2167,7099
SZ,002861,-1.09,2164,2684
SZ,300025,0.47,2163,2173
SZ,920971,4,2163,2624
SZ,300107,1.97,2161,3501
SZ,300464,2.36,2159,2841
SZ,002890,-1.17,2159,2271
SZ,301279,0.67,2158,2787
SZ,001368,1.32,2157,2258
SH,688727,-4.74,2157,17937
SZ,001223,-0.05,2156,4036
SZ,300583,1.22,2154,2195
SZ,301043,-0.7,2152,2579
SZ,300205,1.01,2150,2150
SH,688581,1.66,2145,4207
SZ,300235,4.24,2145,2658
SZ,002329,1.86,2144,2739
SH,603373,3.63,2141,5067
SH,688201,2.58,2141,2141
SH,600423,1.13,2141,2141
SZ,002763,3.68,2140,2890
SH,600833,1.16,2139,2139
SZ,002319,-1.25,2137,2137
SZ,300694,0.41,2135,2138
SZ,300752,-5.71,2134,3087
SZ,301088,1.43,2130,2582
SZ,300512,1.55,2128,2689
SZ,300931,-3.8,2125,2643
SZ,002420,1.55,2125,2159
SZ,001228,1.1,2124,2763
SZ,002991,2.78,2123,3963
SH,603937,1.8,2122,2122
SZ,002908,0.76,2121,2843
SH,605258,0.58,2120,2120
SH,600831,1.71,2119,2119
SZ,301072,-6.54,2118,3313
SH,600302,4.97,2118,2118
SZ,300771,5.87,2116,2686
SH,688113,1.64,2115,2115
SZ,300198,1.48,2114,2125
SH,600319,2.64,2113,2113
SZ,000752,1.01,2110,2110
SZ,300800,2.39,2109,2131
SZ,300956,2.14,2109,2159
SZ,300426,1.15,2108,2374
SZ,002492,-1.11,2105,2142
SH,600965,3.21,2104,2104
SH,603117,2.03,2103,2103
SH,688718,1.43,2101,2101
SZ,001390,0.74,2099,3534
SZ,301387,-2.51,2099,5277
SZ,920261,1.55,2098,3811
SH,600232,1.95,2097,2097
SH,688178,2.07,2097,2097
SZ,301040,-0.88,2097,2222
SZ,000548,1.2,2097,2097
SZ,002887,1.37,2096,2953
SZ,002114,2.69,2096,2096
SZ,300808,2.38,2095,2819
SH,688501,2.68,2094,2094
SZ,300703,3.11,2093,2271
SZ,301011,2.74,2093,2204
SZ,002723,-0.44,2093,2194
SH,603172,3.84,2091,2091
SH,688244,1.32,2091,2091
SH,603102,2.29,2089,2089
SZ,301019,1.41,2087,2847
SH,603755,2.32,2085,2085
SZ,920344,0.38,2083,2232
SH,600281,3.32,2083,2083
SH,688316,0.12,2081,2081
SH,603721,4.78,2080,2080
SH,603375,-1.56,2080,3283
SH,600533,1.54,2079,2079
SZ,001365,1.66,2079,18979
SZ,003023,1.07,2078,2083
SZ,000955,2.39,2078,2078
SH,688648,2.16,2076,4061
SH,603578,1.14,2076,2694
SH,600241,3.53,2072,2072
SZ,003032,9.97,2071,2930
SZ,002234,0.59,2071,2397
SZ,301220,1.53,2071,2999
SZ,300940,1.39,2069,2926
SZ,001393,0.09,2069,10739
SZ,301125,-0.67,2067,2332
SZ,000826,4.32,2066,2067
SZ,301332,1.7,2063,3596
SZ,300103,-0.6,2063,2064
SH,603536,3,2061,2077
SH,603091,1.34,2061,6702
SZ,002614,1.08,2061,2913
SH,603959,0.48,2059,2059
SZ,002767,2,2059,2372
SH,603183,1.47,2058,2058
SZ,301331,0.35,2058,2063
SZ,002732,4.45,2057,2068
SZ,300375,1.31,2056,2950
SH,688737,1,2055,2055
SZ,002702,4.92,2055,2490
SH,603377,0,2053,2053
SZ,300484,1.9,2051,2554
SH,603381,1.77,2048,3419
SZ,300612,0.63,2048,2059
SH,603238,2.49,2047,2047
SZ,300884,-1.56,2046,2714
SH,603151,-1.07,2045,2045
SZ,300649,-5.86,2043,2549
SZ,301118,1.37,2041,2122
SZ,300335,-0.74,2040,2533
SH,603079,2.18,2040,2040
SZ,300097,-2.19,2039,2179
SZ,301089,-0.87,2038,2851
SZ,002771,-0.42,2037,2448
SZ,301628,1.39,2035,5504
SZ,002864,0.05,2034,2820
SZ,300786,-0.99,2029,2550
SZ,300753,-11.19,2028,2908
SZ,301528,-1.07,2027,3934
SH,605069,1.16,2024,2024
SH,688597,3.26,2023,2023
SH,603262,0.31,2022,7752
SH,605001,2.19,2019,2019
SZ,000586,0.19,2019,2043
SZ,002836,2.34,2018,2018
SZ,002671,1.67,2018,2055
SZ,300565,1.26,2017,2207
SZ,301079,0.5,2016,2843
SZ,002295,1.9,2016,2017
SH,603023,-1.09,2015,2015
SZ,300165,-0.2,2014,2374
SH,603321,1.74,2012,2038
SH,688066,-0.38,2012,2012
SZ,300719,1.73,2010,2845
SZ,001332,0.13,2009,4624
SZ,920060,1.24,2008,3220
SZ,002799,1.62,2007,2007
SZ,920017,1.68,2006,2028
SZ,002633,0.83,2006,2013
SH,688038,0.58,2003,2003
SZ,002076,1.05,2001,2130
SZ,002687,-8.67,2001,2443
SH,600540,1.78,2000,2000
SZ,300673,7.06,1996,3076
SZ,300853,-2.96,1994,2980
SZ,002998,1.8,1994,2615
SH,688517,0.62,1993,1993
SZ,002918,0.98,1992,3802
SZ,002848,2.73,1992,2012
SZ,002942,1.34,1990,2230
SZ,300778,4.05,1989,1990
SZ,300960,2.65,1986,2190
SZ,002857,6.26,1985,2017
SZ,300387,1.93,1985,1986
SZ,000692,0.27,1982,1982
SZ,001259,-2.61,1982,3067
SZ,002569,-0.97,1981,2038
SH,603089,1.85,1980,2275
SZ,301371,4.31,1978,13226
SZ,002666,1.8,1978,3113
SZ,000953,1.5,1977,1977
SZ,300922,0.58,1975,2517
SZ,300947,3.73,1975,1975
SZ,300710,-0.52,1973,2633
SZ,002679,1.95,1971,1971
SZ,300980,-0.34,1968,2763
SZ,920208,1.58,1967,2272
SZ,300774,2.34,1961,3928
SZ,000757,2.8,1955,1955
SZ,300849,0.51,1954,2658
SZ,300970,4.18,1954,2531
SH,603326,3.38,1953,1953
SZ,920111,5.49,1952,4023
SH,603329,1.83,1950,2363
SZ,300509,2.73,1950,2339
SZ,920189,3,1949,3248
SH,600381,-0.29,1949,1949
SH,603968,2.26,1947,1947
SZ,300912,-1.34,1941,2572
SZ,000605,2.42,1940,1940
SZ,300350,1.23,1938,2310
SH,688355,1.1,1937,1937
SZ,300637,-6.13,1937,1939
SZ,002615,1.91,1937,3588
SZ,002893,1.81,1937,2518
SZ,300513,1.2,1936,2114
SZ,300013,0.58,1935,1938
SZ,000590,-0.11,1932,1933
SZ,300780,-2.6,1929,2631
SZ,920125,5.98,1928,6571
SH,600159,1.75,1926,1926
SZ,002133,2.04,1925,1935
SH,600615,1.07,1924,1927
SZ,300106,5.57,1921,1921
SZ,300176,2.06,1921,1921
SZ,920978,1.49,1920,3424
SZ,300240,1.93,1915,1958
SZ,920961,1.77,1914,2630
SZ,002105,2.94,1913,1923
SH,600287,2.1,1913,1913
SZ,000909,-1.57,1913,1913
SH,688251,0.58,1911,1925
SH,600097,1.28,1911,1911
SH,603900,2.2,1909,1910
SZ,300597,1.45,1905,1913
SH,600371,1.24,1905,1905
SH,600807,0.83,1905,2141
SH,603168,1.79,1904,1912
SH,600802,2.47,1902,1902
SZ,920510,3,1901,3726
SH,688721,-7.44,1901,4746
SZ,001230,-0.51,1899,3243
SZ,920247,2.06,1898,2616
SH,600491,0.81,1897,1897
SZ,301212,1.3,1896,2184
SH,688132,0.57,1894,1894
SH,688613,1.17,1893,1893
SZ,002999,2.04,1893,1915
SZ,300074,1.18,1891,1893
SH,603982,3.15,1891,2034
SH,603182,1.68,1891,1891
SZ,300211,1.12,1889,1924
SZ,000952,-0.35,1889,1889
SZ,002900,-9.7,1888,3708
SH,603385,4.64,1888,1888
SH,600128,2,1888,1925
SH,600107,-0.75,1886,1886
SH,603285,-3.62,1885,4842
SZ,300844,2.34,1885,1956
SZ,300295,4.07,1885,2133
SZ,301117,-2.27,1885,2942
SH,600774,1.92,1881,1882
SZ,300575,0.18,1880,2599
SH,688272,-0.67,1879,1879
SH,603616,1.45,1879,1893
SZ,301103,1.98,1878,2440
SZ,000020,1.67,1875,2931
SH,688811,0.99,1872,10194
SZ,301161,-2.41,1871,2909
SH,688156,-1.69,1865,1865
SZ,002253,1.6,1864,2004
SZ,920879,1.81,1862,2489
SZ,002656,1.88,1861,1931
SH,688060,2.22,1858,1858
SH,603356,-2.38,1855,1855
SZ,301052,5.76,1854,2288
SH,605180,0.64,1854,1854
SH,600238,1.96,1852,1865
SH,600444,2.1,1852,1852
SH,688013,0.84,1850,1850
SZ,920699,-0.99,1850,4044
SZ,301428,-1.11,1849,2621
SZ,300423,2.21,1849,2761
SH,688755,1.67,1849,2648
SZ,301299,2.03,1847,2502
SZ,002486,1.35,1846,1855
SH,603208,4.59,1843,1843
SH,600706,1.83,1842,1849
SZ,000985,1,1841,1841
SH,600892,1.54,1840,1841
SZ,002622,2.82,1840,1840
SZ,002598,0.47,1840,2003
SZ,002995,-3.76,1836,2898
SZ,301208,1.24,1835,3332
SZ,300807,0.89,1834,2402
SZ,002873,1.32,1834,1867
SZ,002524,0.28,1834,1850
SH,603880,0,1833,1833
SH,603718,1.08,1830,1838
SH,600678,1.16,1829,1829
SZ,002652,0.56,1828,1828
SH,603282,1.49,1825,1825
SZ,300412,0.52,1825,1941
SZ,002742,2.96,1823,2381
SH,600235,1.76,1823,1823
SZ,300906,1.2,1822,2018
SZ,300897,-6.98,1822,2918
SZ,000705,1.42,1819,2155
SH,603041,1.85,1819,1819
SZ,300817,2.11,1818,3168
SH,603418,1.83,1816,8476
SH,605336,1.12,1816,1816
SH,603325,2.17,1815,4248
SZ,301335,2.09,1814,2622
SZ,920914,0.33,1814,1815
SZ,300659,1.91,1813,2495
SZ,920405,1.73,1810,2324
SH,603810,1.49,1807,1807
SH,600051,2.47,1806,1806
SZ,002800,1.24,1805,1859
SZ,300437,2.37,1804,2545
SH,600080,1.26,1799,1799
SH,688426,2.36,1799,1803
SH,688096,-1.53,1798,1798
SH,600768,1.9,1796,1796
SZ,000995,0,1792,1792
SZ,002968,3.06,1791,1903
SZ,301077,0.75,1791,3190
SZ,301599,-1.35,1791,14131
SZ,001360,1.78,1791,2911
SZ,002205,1.48,1790,1790
SH,603825,-1.25,1789,1789
SZ,002909,1.29,1788,1833
SZ,300665,0.12,1788,1882
SH,603506,3.59,1788,1788
SZ,300902,-0.68,1787,2603
SZ,301318,0.95,1786,2594
SZ,002551,1.39,1785,2469
SH,688189,-0.29,1784,1784
SH,600099,2.13,1784,1784
SZ,002778,-0.06,1784,1803
SZ,300916,1.33,1781,2758
SZ,920339,8.47,1781,2594
SZ,001356,0.96,1780,4956
SZ,002753,0.67,1778,2576
SH,603028,1.3,1776,1794
SZ,002159,1.02,1775,2273
SH,600303,-3.31,1775,1791
SZ,001266,-2.14,1773,3160
SZ,301520,-11.3,1770,5042
SZ,301180,1.51,1769,4312
SH,603214,3.57,1768,1768
SZ,301024,1.27,1765,1823
SZ,001255,1.33,1765,1987
SZ,001234,2.17,1763,2093
SZ,001260,1.32,1762,1762
SH,688616,2.72,1761,1761
SZ,300543,1.73,1761,2157
SZ,300076,1.72,1760,1760
SH,600165,-0.4,1759,3878
SZ,301557,-2.61,1757,4382
SH,605122,2.31,1756,1756
SZ,002634,-1.48,1756,1824
SZ,002630,1.24,1755,1925
SH,603177,1.78,1754,1754
SH,688716,0.12,1754,3052
SZ,301596,-2.24,1754,4321
SZ,002820,3.8,1754,1754
SZ,300743,2.08,1753,2081
SZ,002817,2.2,1752,1807
SZ,002715,0.56,1748,1748
SZ,300396,1.58,1748,1751
SZ,001211,-0.31,1747,1872
SZ,001206,1.49,1746,3021
SH,600847,4.78,1746,1746
SZ,300883,2.73,1743,1823
SH,688193,1,1740,1740
SZ,300254,-0.9,1739,1968
SH,605177,1.93,1737,1753
SH,600202,1.8,1737,1737
SZ,002760,1.77,1736,1736
SZ,002856,0.07,1736,1896
SH,688420,1.39,1736,1736
SZ,002717,1,1736,1838
SZ,300675,2.42,1735,1735
SZ,301309,0.63,1733,2875
SZ,300941,2.04,1732,2864
SH,600149,1.11,1730,1730
SZ,002762,3.02,1729,2896
SZ,301585,2.02,1723,2631
SZ,002696,2.59,1721,1781
SH,688395,2.85,1719,1719
SZ,300966,-0.17,1718,2583
SZ,003030,-7.9,1716,2644
SZ,003017,1.98,1714,2078
SZ,300651,1.28,1712,2338
SZ,301590,-0.64,1712,4135
SZ,920178,-1.61,1711,5860
SZ,000056,0,1708,2235
SH,688026,0.33,1705,1705
SZ,300717,-0.59,1701,1716
SH,603092,-0.6,1701,19680
SZ,920015,-5.71,1701,5762
SH,600082,2.29,1700,1732
SH,603029,2.04,1700,1700
SH,603400,9.43,1699,6088
SZ,300030,1.96,1699,1929
SZ,300992,6.76,1699,2076
SZ,000639,3.97,1695,1695
SH,688092,2.96,1695,1695
SZ,301198,2.35,1694,1764
SZ,300081,4.09,1693,1693
SH,603270,0.55,1690,5237
SZ,002209,2.59,1689,2188
SH,603879,1.08,1689,1689
SH,688004,-3.69,1688,1688
SZ,002535,2.73,1687,1812
SH,601026,0.46,1684,9997
SH,603709,4.02,1683,1689
SZ,301138,1.66,1683,2946
SZ,920476,-0.18,1682,1777
SZ,002972,-4.5,1682,3073
SZ,000911,0,1677,1677
SH,688670,1.57,1677,1677
SZ,001285,1.28,1671,7258
SZ,002529,2.39,1669,1669
SZ,301041,-1.3,1669,2254
SZ,301056,1.72,1668,2529
SZ,301030,0.86,1665,1668
SZ,000856,2.09,1664,1664
SZ,002780,0.95,1662,2103
SH,600272,1.37,1661,2726
SZ,003038,2.74,1658,2463
SZ,002877,1.47,1657,2452
SZ,301010,2.61,1657,1657
SH,688657,1.31,1656,2647
SZ,300645,1.98,1652,1685
SH,605567,2.99,1652,1652
SZ,002381,1.38,1652,2111
SZ,002862,2.72,1651,2176
SH,688051,0.33,1650,1650
SZ,300642,0.34,1646,1939
SH,603435,-1.82,1643,21140
SH,603402,-1.9,1642,6567
SZ,301062,2.58,1640,2582
SZ,001233,0.7,1636,8069
SH,688288,1.37,1629,1629
SZ,300989,0.71,1625,2103
SZ,001268,-2.98,1622,2591
SZ,300876,6.48,1621,2173
SZ,300305,1.82,1620,1892
SZ,002198,0.32,1614,1614
SH,600448,1.99,1612,1612
SZ,001386,1.01,1612,17912
SH,688393,2.2,1610,1610
SZ,300707,1.54,1608,1952
SZ,920509,-3.86,1607,3067
SZ,002858,2.84,1604,2031
SZ,300556,2,1604,1797
SZ,003027,1.26,1603,1999
SH,600883,2.41,1603,1603
SH,688681,6.33,1600,1600
SH,688759,-4.3,1598,9991
SH,600180,0,1597,1597
SZ,300538,-1.12,1595,2398
SH,603860,2.18,1594,1594
SH,600137,3.02,1590,1590
SZ,002592,3.95,1589,1714
SH,603908,2.28,1587,1587
SZ,301057,0.31,1585,2288
SZ,301388,1.02,1584,2233
SZ,300787,3.33,1584,2526
SZ,001222,2.04,1581,2671
SZ,300245,2.09,1580,1641
SZ,300837,1.36,1578,2088
SZ,301361,2.64,1577,3257
SZ,301121,-2.55,1577,3080
SZ,000619,1.86,1577,1932
SH,603120,-5.44,1577,3761
SZ,301586,2.06,1576,2472
SZ,301141,1.43,1576,4392
SH,600778,2.85,1575,1576
SH,600119,-0.45,1571,1571
SZ,300462,6.07,1568,2059
SZ,002360,-1.02,1566,1933
SZ,920839,2.3,1565,2837
SZ,300169,15.63,1563,1759
SZ,301538,0.51,1563,3924
SZ,920021,1.45,1562,1950
SH,603022,2.36,1562,1562
SZ,301063,2.09,1561,1685
SZ,002743,3.76,1560,1563
SH,603789,-0.16,1560,1591
SZ,300195,2.47,1560,2106
SZ,301548,-0.51,1559,5169
SZ,002963,-2.45,1558,1905
SH,603717,3.07,1558,1558
SZ,002802,0.78,1557,1885
SH,603231,2.02,1556,2803
SZ,920892,1.28,1555,1756
SH,688296,-4.1,1555,1555
SH,603312,2.14,1554,4882
SZ,920106,3.67,1552,2012
SZ,003005,1.83,1552,2828
SZ,301509,0.33,1548,3287
SZ,301231,2.91,1548,1997
SH,600697,2.89,1548,1585
SZ,300519,-1.73,1547,2170
SH,603257,-2.99,1546,7451
SZ,301360,-1.72,1545,3165
SZ,000663,1.82,1544,1697
SZ,300472,2.62,1542,1726
SZ,002629,1.43,1540,1811
SZ,300923,2.33,1540,1585
SZ,300112,1.41,1537,1863
SZ,300313,-0.37,1535,1865
SH,688509,3.37,1535,3072
SH,688078,1.35,1532,1532
SZ,300854,-2.1,1532,1879
SZ,920174,3.28,1529,5943
SZ,300950,3.74,1524,2388
SZ,920087,3.69,1522,1533
SZ,300937,-0.37,1522,2244
SH,603272,-1,1521,1521
SZ,002566,1.87,1516,2164
SZ,920088,-2.16,1515,4097
SH,688058,0.81,1514,1514
SZ,301067,-3.06,1511,2302
SH,600796,2.32,1511,4203
SH,603255,4.32,1510,3349
SZ,300616,2.53,1509,2182
SZ,301595,6.77,1508,3998
SZ,300610,2.36,1507,1930
SZ,301135,2.33,1507,1936
SH,603395,1.58,1505,6022
SZ,001209,1.82,1505,2060
SH,688435,-1.39,1503,2239
SZ,003042,2.78,1503,1737
SH,688466,2.5,1501,1501
SZ,301587,1.04,1501,3010
SZ,002495,1.41,1499,2021
SZ,300614,3.09,1499,1499
SZ,920026,3.23,1496,1984
SZ,301336,5.35,1495,1932
SZ,003028,1.44,1495,3048
SZ,301065,0.52,1492,1833
SH,603082,-4.48,1491,6123
SZ,002982,0.88,1490,2327
SZ,300961,2.19,1487,1736
SZ,300995,0.49,1486,2254
SZ,301456,1.93,1486,3296
SH,688565,-0.09,1485,1485
SZ,301383,2.29,1484,3432
SH,600493,2.06,1482,1482
SZ,000929,1.79,1482,1482
SZ,301152,3.32,1482,2479
SZ,301618,-0.25,1482,3886
SZ,301581,4.2,1480,2799
SZ,002949,1.88,1479,1910
SZ,301680,0.21,1476,7273
SH,600689,2.32,1475,1948
SZ,300892,10.28,1475,2284
SZ,002835,2.75,1474,2542
SZ,301159,0.33,1472,2148
SZ,300220,3.51,1469,1471
SZ,001395,0.97,1467,3199
SZ,000632,5,1466,1466
SZ,002227,1.02,1463,1474
SZ,002910,4.66,1459,1668
SZ,301022,1.79,1454,2153
SZ,300625,3.34,1453,2506
SZ,300554,-0.69,1450,2093
SZ,002207,4.33,1445,1452
SZ,920010,0.36,1440,1946
SZ,002977,-9.54,1440,2595
SH,600561,2.64,1439,1439
SZ,300306,1.33,1439,2456
SZ,301229,2.3,1439,2023
SH,603275,1.64,1439,5153
SZ,301107,-1.06,1438,2487
SZ,002790,0.92,1434,2298
SH,600692,2,1433,1977
SZ,001221,4.63,1432,15908
SZ,300500,2.78,1423,1477
SZ,300514,1.84,1421,1774
SH,600243,4.87,1417,1417
SH,600818,0.51,1416,1913
SZ,301636,1.16,1411,2418
SZ,300268,3.94,1411,1838
SZ,301023,1.91,1410,2541
SH,688781,0.52,1408,34480
SZ,301633,-2.63,1403,3063
SZ,301558,1.27,1402,5041
SZ,300789,0.24,1402,2363
SZ,301687,-1.02,1402,6609
SH,688659,5.42,1400,1400
SZ,000677,0,1400,1400
SZ,002620,0.45,1397,1669
SZ,002694,1.04,1394,1480
SZ,301036,2.33,1391,1975
SH,688793,0.12,1391,1391
SZ,301166,0.57,1390,2123
SZ,002306,0,1390,1487
SZ,300314,1.05,1387,2779
SZ,300977,2.45,1387,2227
SZ,002581,2.67,1387,2283
SH,688806,4.1,1386,12508
SZ,002789,-0.1,1385,1413
SZ,300935,2.36,1385,1825
SZ,920371,6.45,1383,1459
SZ,300813,0.44,1381,2201
SZ,301390,1.99,1380,1688
SZ,001378,1.3,1380,2836
SH,688021,3.08,1379,1379
SZ,920751,1.53,1377,1439
SZ,301203,2.52,1375,2510
SH,688528,2.76,1374,1374
SZ,920238,-0.1,1371,6729
SZ,301683,0.73,1366,6043
SZ,301320,1.79,1365,2175
SZ,301508,1.76,1364,5243
SZ,301505,1.91,1363,1710
SZ,300845,-3.75,1362,1947
SZ,301560,2.01,1360,2709
SZ,301303,2,1356,5425
SZ,001226,4.36,1355,2983
SZ,301518,1.99,1355,3356
SZ,301555,-1.54,1355,2586
SZ,002144,1.24,1353,1738
SZ,002513,1.3,1353,1758
SZ,002247,1.94,1351,1787
SZ,301130,0.7,1351,1751
SZ,003008,2.31,1344,1798
SZ,301129,2.9,1343,2704
SZ,301210,0,1342,3513
SH,600476,-1.41,1342,1342
SZ,301512,0.18,1341,2056
SH,600455,2.64,1338,1338
SH,688450,-1.96,1337,1804
SZ,001387,4.37,1336,2099
SZ,003011,0.93,1328,1774
SH,603062,1.85,1327,3866
SH,688022,1.75,1326,1326
SZ,300621,4.98,1323,1359
SZ,301278,1.98,1321,2305
SH,688067,3.35,1321,1321
SZ,301507,1.35,1320,4275
SH,603248,2.85,1316,8469
SZ,300371,2.4,1312,1885
SZ,001296,2.04,1310,2542
SZ,000010,0.67,1310,1724
SZ,000637,1.7,1309,1866
SZ,301167,3,1308,1385
SZ,002883,1.43,1305,1329
SZ,301276,-1.47,1303,2337
SZ,920083,-6.59,1303,3058
SH,688805,1.84,1302,6511
SZ,301667,-0.15,1301,6121
SH,688329,3.38,1300,1300
SZ,300640,0.34,1298,1829
SZ,920837,2.6,1295,1446
SZ,920701,8.12,1295,1773
SZ,301009,4,1294,2330
SZ,300549,1.43,1291,1704
SZ,301355,2.56,1290,1801
SZ,920953,0.23,1283,2744
SZ,002200,2.83,1282,2955
SZ,002591,1.6,1281,1720
SZ,920682,1.43,1280,2208
SZ,300155,1.04,1278,2178
SZ,920857,0.06,1277,1277
SZ,000610,0.93,1276,1283
SZ,300928,3.08,1275,1903
SZ,300635,2.72,1273,1480
SZ,920821,3.2,1271,2413
SZ,300564,2.66,1267,1805
SZ,301227,-0.11,1261,2243
SZ,001239,0.27,1260,2652
SZ,920200,0.53,1259,2882
SZ,301601,2.06,1256,2089
SZ,920533,1.84,1254,2241
SZ,002691,0.27,1250,1265
SZ,300838,3.55,1245,1689
SZ,002494,1.41,1242,1634
SH,603293,1.61,1240,6327
SZ,920523,4.44,1238,1548
SZ,920284,9.88,1238,1934
SZ,920790,10.98,1237,1796
SZ,300670,1.29,1234,1740
SZ,920119,4.03,1227,4664
SZ,301156,2.05,1227,1916
SH,688712,-2.22,1222,13728
SZ,300865,2.26,1221,2033
SZ,301298,2.36,1221,1657
SZ,920211,1.64,1221,3621
SZ,920403,6.97,1218,2047
SZ,300994,3.17,1217,2431
SZ,300828,0.98,1217,2400
SZ,301097,-0.18,1217,2535
SZ,920046,2.84,1216,2200
SZ,301501,3.36,1216,4135
SZ,001278,2.16,1212,1758
SZ,920237,5.1,1210,1234
SZ,920225,1.74,1208,1852
SZ,002188,2.4,1207,1534
SZ,301233,3.52,1203,2193
SZ,920274,4.52,1203,1203
SZ,301126,0.93,1201,1789
SZ,301131,3.2,1200,1676
SH,688089,-10.43,1198,1198
SH,603207,1.2,1197,3522
SZ,920207,0.66,1196,1957
SZ,301329,1.52,1189,3064
SZ,300594,0.69,1188,1200
SH,600543,0.27,1182,1182
SH,688576,0.61,1181,2472
SZ,300126,2.19,1180,1702
SH,603350,2.58,1177,3108
SH,688592,1.48,1176,2468
SZ,920273,7.54,1173,1763
SZ,920304,0.7,1172,1456
SZ,301591,-0.71,1170,2862
SH,603344,0.65,1167,4200
SZ,301559,1.97,1166,7776
SZ,920425,2.63,1166,1416
SZ,301503,1.05,1163,2097
SZ,301288,2.2,1161,1606
SH,603391,-2.28,1157,4629
SZ,001319,3.05,1157,2578
SZ,003003,1.55,1156,1734
SZ,920039,1.35,1154,1154
SZ,301295,1.4,1153,3954
SZ,920033,2.96,1153,1658
SZ,301163,2.48,1153,1718
SZ,300823,2.49,1152,1780
SZ,920089,1.38,1151,2021
SZ,301469,1.27,1139,2214
SZ,300605,1.69,1139,1488
SZ,301515,0.48,1136,1682
SH,600365,0,1132,1203
SH,603370,1.54,1129,5644
SZ,301372,1.22,1126,1876
SZ,301502,-1.6,1126,2725
SZ,301584,-0.8,1125,8822
SZ,920489,-2.04,1123,1764
SH,688790,1.26,1122,8810
SH,688130,2.65,1121,2247
SH,688217,3.4,1120,1120
SH,603276,0.41,1120,3073
SZ,920171,2.8,1117,1656
SH,603352,0.98,1116,5578
SZ,001382,3.77,1110,7259
SZ,300430,-0.69,1110,1166
SZ,300517,2.57,1107,1758
SZ,002830,-0.24,1106,2214
SZ,301300,1.85,1104,1837
SZ,301516,-2.29,1104,4415
SZ,920252,6.46,1102,1658
SZ,300915,2.86,1096,2397
SZ,301001,2.21,1095,1741
SZ,920152,-0.81,1094,1467
SZ,920099,-1.05,1091,1764
SZ,920249,1.39,1090,3685
SZ,920566,2.11,1088,1398
SZ,300713,1.33,1086,1930
SZ,301632,2,1083,6186
SZ,301491,1.42,1081,4880
SZ,300405,2.7,1081,1405
SZ,920981,0.72,1080,2147
SZ,300930,2.24,1076,2284
SZ,920807,0.58,1074,1581
SZ,300851,1.88,1069,1883
SZ,301359,2.46,1069,1805
SZ,301083,1.3,1067,2216
SZ,300535,2.34,1066,1406
SZ,002872,0.61,1060,1568
SZ,001326,-4.32,1057,3222
SZ,920592,3.26,1052,1690
SH,603004,-1.7,1049,4197
SZ,001373,2.21,1049,1717
SZ,301378,-0.51,1048,2205
SZ,301446,1.23,1045,3498
SZ,920690,2.43,1038,1596
SZ,001336,2.09,1037,1685
SZ,300152,0,1034,1034
SZ,300899,1.29,1032,1607
SZ,920199,-10.83,1020,1832
SZ,301539,2.49,1019,2010
SH,688184,1.47,1017,1624
SZ,920429,4.68,1016,1114
SZ,920985,2.43,1015,1433
SZ,301113,1.15,1011,1669
SH,603334,1.47,1010,4553
SZ,300958,0.82,1009,1737
SZ,300804,-0.91,1008,2714
SZ,001312,0.46,1001,4088
SZ,920642,1.42,998,1035
SZ,002514,1.69,997,1296
SZ,001379,1.02,997,2962
SZ,300886,-2.85,995,1581
SZ,301157,-0.75,994,2886
SZ,920885,2.19,993,1917
SZ,920167,1.95,992,1669
SZ,920062,2.19,991,1408
SZ,300949,2.84,990,1732
SZ,920786,18.54,988,1497
SH,603406,1.62,987,10772
SZ,920419,5.06,983,1051
SZ,920792,2.01,981,1597
SZ,920184,1.67,979,1442
SZ,301418,0.58,977,2434
SZ,300338,2.96,973,1119
SZ,920526,2.03,972,1536
SZ,920932,2.3,970,1173
SH,688651,0.49,969,2111
SH,603359,0,964,964
SH,603729,1.07,958,958
SZ,920270,2.71,954,1228
SH,688671,0.15,952,1596
SZ,920018,-1.54,951,2738
SZ,301513,0.32,951,4719
SZ,001279,1.32,950,3802
SZ,920357,1.62,950,1571
SZ,920396,0.27,948,1335
SZ,920124,1.23,948,1841
SZ,920065,147.24,946,5422
SZ,920651,-0.3,943,1387
SZ,920206,-2.48,939,2442
SZ,301616,1.5,939,2644
SZ,920415,1.66,930,1207
SZ,920098,1.09,926,1360
SZ,301577,-1.31,926,2214
SZ,002719,1.78,924,994
SZ,001231,2.43,922,1804
SZ,920496,4.62,919,1050
SH,688695,3,917,1460
SZ,920436,2.29,917,976
SH,688816,1.18,910,4720
SH,688701,2.58,909,909
SH,603409,2.8,908,3166
SZ,301105,5.63,907,2290
SZ,920726,8.55,901,1633
SZ,920028,1.84,898,2273
SH,603190,2.64,895,2709
SZ,920223,1.02,887,1708
SZ,301173,1.55,887,2527
SZ,301192,2.77,875,1801
SZ,920100,1.46,875,3298
SZ,920161,-0.41,875,3223
SZ,920169,1.3,873,1388
SZ,920924,1.14,870,1428
SZ,920012,-0.45,870,2223
SZ,920367,-11.23,865,1460
SZ,920020,2.04,863,3493
SZ,920505,1.97,859,1546
SZ,920926,1.23,858,945
SZ,301386,1.44,854,2657
SZ,920195,1.86,853,1182
SH,603205,1.33,853,3218
SZ,920694,3.57,852,1800
SZ,300904,4.37,850,2819
SZ,920156,-0.7,849,4072
SZ,920220,0.07,845,2697
SZ,920541,1.31,838,1273
SZ,001225,-0.66,838,2613
SZ,920193,0.42,836,3695
SZ,920130,-0.13,835,1345
SZ,920770,2.62,834,1325
SZ,920693,-2.93,833,1655
SZ,920122,1.05,827,2040
SZ,920266,-2.51,826,864
SZ,920670,2.49,824,1313
SZ,920027,2.26,816,1167
SZ,300417,4.73,815,1312
SZ,301399,0.68,815,2757
SZ,301519,2.49,813,1728
SZ,301598,1.63,809,2715
SZ,920227,0.49,807,1774
SZ,301459,1.25,803,3202
SZ,301170,2.23,802,2110
SZ,920855,2.33,796,888
SZ,920433,0.86,792,1198
SZ,920519,1.84,792,891
SH,688573,3.62,791,1454
SZ,920748,1.95,791,1647
SZ,920378,0.86,786,1098
SZ,920221,2.69,778,1495
SZ,301049,3.85,773,1702
SZ,920663,1.95,770,1605
SH,603376,2.13,768,9604
SH,688638,2.59,766,1620
SZ,301037,1.9,764,1563
SZ,920556,2.18,763,1054
SZ,001335,1.39,763,2799
SH,603075,-0.1,759,7408
SZ,920974,1.72,758,966
SH,603073,2.27,756,1723
SZ,301668,2.55,754,3410
SZ,920260,1.88,750,786
SZ,920299,6.26,748,1483
SZ,920058,2.74,746,1516
SH,603284,4.08,740,3022
SH,603273,1.77,740,2829
SZ,920832,1.71,738,827
SZ,001306,1.69,736,2988
SZ,920689,1.89,735,1422
SZ,920000,-0.38,734,1169
SZ,920639,2.18,724,1230
SZ,001396,1.27,723,3401
SZ,920395,2.54,722,1048
SZ,920079,-6.8,721,6669
SZ,920092,1.13,720,1383
SZ,920833,1.71,720,953
SZ,920263,2.34,719,990
SZ,301552,3.43,718,2874
SZ,920703,1.74,714,1411
SZ,920870,1.03,713,1449
SZ,920242,3.3,711,1270
SZ,920363,2.13,711,1250
SZ,920575,3.56,710,1062
SZ,920976,4.22,708,1139
SZ,920370,2.31,698,799
SZ,301533,1.28,697,2409
SZ,920943,0.3,695,1362
SZ,920768,1.1,693,1002
SZ,920081,0.02,691,2934
SZ,001325,1.65,687,2746
SZ,920181,1.11,687,2960
SZ,301429,2.04,684,1837
SZ,920942,3.06,684,1010
SZ,920163,-4.26,680,1442
SZ,920564,0.88,677,1472
SZ,920706,1.87,677,1343
SZ,920375,1.37,673,1127
SZ,920925,1.59,671,1196
SZ,920720,1.12,671,2400
SZ,301567,1.35,670,2272
SZ,920547,3.27,668,1374
SZ,301449,0.22,667,2963
SZ,920245,2.71,666,865
SZ,301578,0.36,665,2340
SZ,920123,-0.75,665,1166
SZ,920187,4.44,664,1811
SZ,920627,4.58,663,1338
SZ,920478,1.64,663,1090
SZ,920008,5.95,661,1237
SZ,001220,2.53,660,2693
SZ,920346,1.87,659,1184
SZ,920101,2.82,653,2093
SZ,920108,2.29,652,1539
SZ,920781,3.06,649,833
SZ,301353,3.11,649,2018
SZ,301314,-0.24,648,1962
SZ,920634,0.38,648,1021
SZ,920866,2.72,647,1022
SZ,920061,1.86,647,1163
SZ,920445,2.05,645,884
SZ,920765,0.08,642,1056
SZ,301575,2.78,640,3189
SZ,920964,1.64,640,1131
SZ,920608,2.41,636,821
SZ,920579,1.28,636,1846
SZ,300784,2.45,633,2117
SZ,920475,3.14,628,1129
SZ,920527,3.4,623,804
SZ,920300,1.08,623,804
SZ,920175,1.43,620,931
SZ,920118,2.34,617,1019
SZ,920570,0.54,615,1211
SZ,920422,4.97,615,822
SZ,920204,1.66,611,1152
SZ,920876,0.78,609,996
SZ,920278,0.16,602,1064
SZ,920014,-0.1,601,1092
SZ,920553,1.75,600,920
SZ,920112,4.66,579,1974
SZ,920580,2.83,577,906
SZ,920471,1.88,575,902
SZ,920719,2.4,572,716
SZ,920086,1.66,569,1740
SZ,920469,3.99,566,771
SZ,920856,0.66,563,1009
SZ,920992,1.96,562,1110
SZ,920057,2.99,562,874
SZ,920578,0.64,561,1208
SZ,920117,-3.58,559,2483
SZ,920675,2.03,555,1210
SZ,301287,1.34,554,2170
SZ,920096,-0.63,552,2353
SZ,920455,2.55,549,1001
SZ,920641,0.75,547,905
SZ,920906,0.87,539,1049
SZ,920665,1.47,533,1080
SZ,920005,5.7,531,2048
SZ,920271,1.78,530,1198
SZ,920454,1.93,520,1110
SZ,920198,-0.13,519,1189
SZ,920075,2.14,519,957
SZ,920896,1.4,515,1174
SZ,920262,3.25,515,1107
SZ,920090,0.58,512,686
SZ,920834,2.14,509,973
SZ,920267,8.75,503,879
SZ,920069,1.23,499,1786
SZ,920374,1.13,499,1222
SZ,920729,1.27,494,1744
SZ,920160,0.41,494,2198
SZ,920810,3.26,494,759
SZ,920056,1.91,493,1306
SZ,920826,7.36,493,1107
SH,688121,2.1,492,568
SZ,920030,1.86,492,782
SZ,920753,0.74,491,1222
SZ,920149,2.11,489,591
SZ,920023,4.02,487,592
SZ,920871,1.88,485,875
SZ,920508,1.4,484,910
SZ,920392,1.75,483,1027
SZ,920050,1.07,481,1798
SZ,920212,1.97,480,988
SZ,920080,0.88,471,1703
SZ,920407,0.19,468,1149
SZ,920230,1.45,462,982
SZ,920082,2.81,461,1640
SZ,920076,1.79,461,1465
SZ,920145,1.62,460,665
SZ,920126,-0.47,459,1911
SZ,920718,2.93,458,893
SZ,920166,1.06,453,1436
SZ,920177,0.91,452,1278
SZ,920950,3.22,446,916
SZ,920656,1.49,441,1363
SZ,920414,2.62,439,624
SZ,920091,0.13,436,1847
SZ,920351,1.4,434,960
SZ,920158,1.88,434,1621
SZ,920188,1.54,430,1802
SZ,920055,0.5,429,1905
SZ,920110,6.69,428,1027
SZ,920427,2.21,424,859
SZ,920016,2.75,422,949
SZ,920128,1.11,419,1400
SZ,920970,1.2,412,652
SZ,920180,2.13,411,1361
SZ,002731,-1.11,404,451
SZ,920159,4.03,401,2119
SZ,920072,-2.79,397,2101
SZ,920957,1.98,396,996
SZ,920007,5.71,386,1615
SZ,920036,1.65,379,1578
SZ,920035,1.49,365,1611
SZ,920717,-1.68,361,935
SZ,920218,0.59,360,1602
SZ,920011,0.85,354,1574
SZ,920009,-1.54,352,2706
SZ,920191,2.09,352,1563
SZ,920222,0.03,331,2454
SZ,920895,2.04,330,649
SZ,920066,0.85,329,1039
SZ,920121,1.4,327,1817
SZ,920183,1.9,326,1421
SZ,920003,2.58,325,1514
SZ,920022,2.62,313,1136
SZ,920132,4.79,312,920
SZ,920504,2.62,288,731
SZ,301139,18.91,283,451
SZ,920931,3.33,277,905
SH,688496,0.93,257,486
SZ,920305,-26.31,34,56
