market,code,chg_pct,vol_rank,amt_rank
SH,601288,-0.45,2055933,2253891
SH,601398,0,2038268,2694431
SH,601857,0.47,1734185,1960155
SZ,300750,0.07,1679324,1823827
SH,600519,-4.11,1608455,1608455
SH,601138,0.66,1322212,1322212
SH,601988,0.34,1243517,1901053
SZ,300308,-1.17,1034297,1090017
SH,600036,-0.67,788026,963398
SH,601628,0.73,772761,1048903
SH,601088,0.45,740777,974289
SH,688256,2.48,703764,703764
SH,601899,2.27,685422,884673
SH,600900,-0.42,684621,684621
SH,688041,-0.08,652558,652558
SZ,000333,-0.24,570196,631809
SH,601318,0.04,551872,937433
SZ,300502,-2.06,550362,611800
SZ,002371,1.51,543673,544107
SH,601728,1.07,515461,607607
SH,600028,0.2,474710,605837
SZ,002475,0.23,415405,438812
SH,603259,3.38,407176,491216
SH,601166,-0.82,378392,378392
SH,688012,1.43,358223,364172
SH,601658,-0.19,356112,589667
SH,600183,-1,341890,344336
SH,600276,0.78,338278,351971
SZ,002415,0.17,316071,320221
SH,601998,-0.12,313467,427911
SZ,002594,0.72,312191,816354
SZ,300394,4.39,304150,304831
SH,600000,-0.43,301751,301751
SH,603986,3.64,289243,303631
SZ,000858,-1.98,280556,280563
SH,688981,0.47,266922,1142816
SH,688825,6.92,265679,3945972
SZ,300059,-0.35,259054,306951
SZ,002916,0.16,251704,257896
SH,600150,0,251506,251506
SH,688008,1.5,246216,262513
SH,601225,-0.27,245284,245284
SH,601319,-0.14,243160,302934
SH,601211,0,241412,315580
SH,601816,-0.4,238757,238757
SZ,002463,0.21,233660,233849
SZ,300476,-1.18,230254,261549
SH,600309,0.25,229213,229213
SZ,000651,0,220328,223496
SZ,002938,-1.19,217726,218358
SZ,000001,0,215597,215600
SH,600919,-0.08,213793,213793
SZ,002142,0.28,213096,213230
SZ,000725,0.52,206544,216339
SH,601601,0.2,205214,288418
SH,688072,2.91,200217,205873
SH,601919,2.86,198770,241694
SH,603288,-1.02,197096,207420
SH,688498,1.58,189625,192107
SH,600406,0.82,187551,188104
SZ,300274,-0.66,184058,240368
SH,600176,2.75,181144,182583
SZ,300760,-0.73,180812,180982
SH,601328,0.44,180161,610594
SH,601668,-0.9,180157,180157
SH,600025,-0.3,178486,178486
SZ,300433,-0.61,176524,187501
SH,600989,-0.3,167347,167347
SH,601066,0,165899,198106
SH,601985,-0.1,165606,180381
SZ,301165,1.27,162290,162290
SH,600887,-0.77,159299,160095
SH,600031,-0.15,158641,172130
SH,600487,0.98,156052,156863
SZ,002352,-0.78,155875,171017
SZ,002281,1.55,152933,161008
SH,600111,-1.14,152447,152447
SZ,003816,0,151440,194420
SZ,000338,1.52,149187,260071
SZ,000792,-0.56,148745,148746
SH,688082,1.93,148619,150232
SH,600584,4.19,146750,146750
SH,601869,1.48,146465,298418
SZ,300604,5.18,145716,192190
SH,601766,1.7,145480,171619
SH,600809,-3.62,145225,145225
SH,601872,3.64,142677,142677
SZ,000063,0.06,141249,167759
SZ,002050,-0.09,141219,160999
SH,601100,-1.1,140920,140920
SH,601688,-0.66,140728,173857
SH,601009,1.25,139956,139956
SH,601818,0,139220,177257
SH,603256,1.67,137897,141794
SH,601229,0.42,134418,134418
SH,600690,-1.51,134002,200963
SH,600999,0,133893,156885
SH,600050,-0.45,133879,135062
SH,688120,1.36,132512,132512
SH,600188,-0.58,131507,221413
SH,603019,0.2,131002,131007
SZ,002714,-0.3,128497,226128
SH,601898,-0.84,127487,184693
SZ,000568,-3.37,127100,127172
SZ,300857,-2.7,125985,126632
SH,688361,10.28,125915,125915
SH,600760,-0.19,125462,125701
SZ,301200,1.55,125271,144057
SZ,000408,2.42,124790,124791
SH,601600,1.4,123979,161085
SH,688506,-0.61,123916,123916
SZ,000776,0.48,123218,163305
SH,600019,-0.16,122917,125029
SH,600489,4.04,122395,122395
SH,600346,1.11,121917,121917
SH,601336,0.47,121060,181090
SH,600016,-0.57,120571,148860
SZ,002493,1.51,119340,127665
SH,600018,0.59,118558,118728
SZ,300014,-0.73,118341,121748
SH,600926,0.25,118304,118304
SH,605117,2.48,117838,117838
SH,688525,3.12,117679,117679
SH,688111,-2.19,116375,116375
SZ,000938,1.83,116348,116348
SH,600104,-0.68,115298,115298
SZ,000977,-0.51,114985,115114
SZ,300442,-1.39,114389,114725
SZ,002353,7.8,112486,166653
SH,600660,-0.43,112207,146198
SH,601698,0,111904,111904
SZ,002028,10,111863,143328
SZ,000988,0.67,111081,111138
SH,600160,0.78,110933,110933
SH,603501,0.03,109966,114589
SH,600547,2.9,109120,139174
SH,600673,-1.31,107966,108254
SH,688347,4.04,107430,457839
SH,600905,-0.26,106346,106346
SH,600089,0.19,105654,105654
SH,601169,-0.19,104658,104658
SH,601888,-0.91,104575,111287
SH,600886,1.45,104209,111903
SZ,000100,0.19,103609,107124
SZ,002156,8.12,103293,103303
SZ,000166,-0.43,101635,112930
SZ,301217,-0.61,101380,101380
SH,601995,-0.36,101330,167313
SH,600015,-0.44,101248,104720
SZ,002080,0.35,100922,100922
SZ,300033,-0.31,100628,172753
SH,600893,1.87,100129,100146
SZ,000657,0.82,100070,156882
SH,601939,0.59,98815,2694484
SH,600938,0.86,98521,1566112
SH,601012,1.34,97151,97151
SH,600362,3.74,96042,160255
SZ,002736,-0.09,96028,102315
SH,688183,-1.51,95678,95678
SH,601633,-0.31,95604,131958
SZ,002602,-4.51,94748,102747
SH,601006,0.21,93356,93356
SZ,002008,-1.61,93185,100283
SH,601168,4.77,92723,92723
SZ,000807,2.28,91900,91901
SZ,002600,-0.38,91008,102640
SZ,002230,-1.21,90380,99134
SH,600795,-0.19,90070,90070
SH,688271,-0.88,88539,88539
SH,601390,-0.22,88409,106711
SH,600549,0.71,88325,90238
SH,601881,-0.24,88225,133181
SZ,000538,-0.53,88221,88785
SH,600941,-0.87,87433,2100407
SH,603893,0.4,86649,86660
SZ,000617,-0.57,86472,86472
SZ,002648,1.46,86283,86338
SH,601689,0,86040,86040
SZ,002001,0.82,85912,86947
SZ,000895,0.53,85670,85681
SZ,300757,1.53,85170,87812
SH,688249,5.69,85062,94682
SH,601727,0.15,84777,104430
SH,688200,3.44,84745,84745
SH,688702,4.63,84656,170986
SZ,000301,0.56,83794,83830
SH,605499,0.34,83387,90563
SH,688396,2.72,82854,82854
SH,601868,0,82369,112370
SH,601127,-0.89,82096,91837
SH,601825,0.58,81558,83907
SZ,300498,0.3,80329,89895
SZ,300620,0.29,79847,80443
SH,603799,-0.13,79827,80077
SH,600118,0.49,79428,79428
SH,600236,-0.48,79297,79297
SH,601991,-1.38,79211,118258
SH,600436,-1.32,78926,78926
SZ,001289,-0.25,78503,130162
SH,688002,0.65,77789,77789
SH,601838,-0.27,76334,76334
SH,688126,2.47,75429,87715
SH,600011,0.15,75334,107532
SZ,000630,3.08,74658,89843
SZ,002311,0.38,74614,74686
SH,600674,1.8,74581,74581
SZ,002179,-2.15,74004,74139
SZ,300475,2.06,73959,77164
SH,600482,2.89,73491,73491
SH,688519,0.86,73296,73296
SH,601958,0.09,73018,73018
SZ,300661,-2.02,72519,82611
SH,600039,-0.23,72434,72434
SZ,002027,-1.96,71922,71922
SH,603195,-0.51,71755,71885
SZ,002202,1.67,71575,89882
SZ,002466,-0.52,71528,83040
SH,601179,2.89,71250,71250
SZ,000425,-0.99,71194,92636
SZ,000636,-1.92,71179,71179
SZ,300759,1,70448,91148
SZ,002428,5.35,69888,69897
SH,600010,-0.44,69840,100854
SH,688172,4.66,69779,83102
SZ,000708,0.07,69650,69651
SZ,000426,3.54,69641,69658
SH,600703,2.72,69597,69597
SH,688313,9.19,69466,69466
SH,688629,1.51,69426,70519
SH,601186,-0.32,69365,81885
SH,601800,-0.5,69165,95661
SZ,300015,-0.33,69068,80720
SH,600585,0,69049,91610
SZ,001309,2.74,68868,94664
SH,601111,-0.5,68432,120496
SH,603296,-0.69,68168,129423
SH,688037,-0.19,67822,67822
SH,600029,0.2,67789,91148
SH,600988,2.39,67771,77404
SZ,000975,4.07,67673,74359
SH,600958,-0.21,67599,76895
SZ,001979,-0.78,66878,67981
SH,688409,3.97,66711,66711
SH,601231,1.16,66675,66675
SH,600026,4.13,66569,95144
SH,688766,8.58,66359,66359
SH,688585,-2.25,65966,65966
SH,600023,-0.19,65703,65703
SZ,000831,1.56,65690,65690
SZ,000021,3.53,65564,65573
SH,601018,0.6,65367,65367
SH,600415,2.23,65364,65364
SZ,002460,0.19,65345,113117
SH,601360,-1.68,65166,65166
SH,603156,0,65156,65156
SH,600066,2.37,65023,65023
SZ,002851,0.45,64898,77216
SZ,000960,1.86,64715,64715
SZ,002625,-1.34,64680,64681
SH,600233,-0.52,64372,64372
SH,688017,-0.64,63737,63737
SZ,300223,4.66,63571,72700
SZ,000703,-1.12,63082,63400
SH,688036,-1.06,62659,62659
SZ,300765,9.42,62659,62659
SH,600048,-0.94,62486,62486
SH,601916,-1.01,62479,79647
SZ,001965,-0.64,62107,62107
SZ,002185,3.89,62067,62082
SH,600875,1.37,61745,94344
SH,601669,-0.2,61305,80791
SZ,002595,3.06,61262,61689
SZ,002128,0.89,60814,84821
SH,600105,0.24,60570,60570
SZ,002422,3.39,60567,74194
SH,688141,-6.28,60343,60343
SZ,300285,-0.34,60321,70501
SZ,300548,5.26,60286,60408
SH,600115,0,60098,77970
SZ,002304,-2.21,59774,59776
SZ,000933,2.59,59561,59599
SZ,000768,0.09,59554,59644
SZ,002709,-0.29,59380,80217
SZ,300054,4.43,59179,75892
SZ,300666,4.58,59177,73858
SZ,000625,0,59028,70778
SH,601061,2.22,58653,58653
SH,688147,3.98,58620,58620
SH,600438,1.72,58616,58616
SH,688019,3.03,58395,58395
SH,601077,0.15,58156,74729
SH,600426,0.78,57109,57116
SH,600009,-0.51,57045,57231
SH,688048,3.41,56877,56877
SH,601788,-0.26,56764,66995
SZ,300136,0.47,56625,66395
SH,600221,0,56556,57045
SH,601901,-0.57,56472,56472
SH,688630,2.07,56343,62657
SZ,002049,-1.57,56337,56345
SZ,002064,1.8,56106,56226
SH,600460,1.8,55480,55480
SZ,002532,2.59,55319,62349
SZ,002484,-3.49,55259,57283
SH,600219,1.06,54892,54892
SZ,002436,3.85,54888,61460
SH,688469,1.41,54883,78378
SH,601233,1.14,54855,54955
SZ,300316,2.28,54780,58248
SH,600885,-2.45,54646,54646
SH,688432,6.34,54513,54513
SH,600372,-0.08,54438,54438
SZ,002920,0.62,54412,54429
SZ,301358,3.04,54168,60079
SZ,300450,-0.31,54065,58045
SH,688578,-0.32,54000,54000
SH,600580,-0.6,53520,53674
SH,601059,-0.53,53510,53510
SZ,300567,5.33,53436,65838
SH,600096,1.04,53213,53213
SH,688110,2.7,53196,53196
SH,601877,-1.11,53144,53144
SZ,301269,1.05,53095,53095
SZ,300373,1.6,53086,53205
SH,600803,0.41,53049,53454
SH,600378,1.21,52867,63584
SH,600879,0,52426,52426
SH,603659,-0.48,52425,52425
SH,688548,1.87,52420,52420
SH,600601,-0.78,52379,53678
SZ,301526,-0.18,52131,139975
SH,600497,1.78,51765,51765
SZ,300058,-1.58,51682,53351
SH,600350,-1.37,51682,51682
SZ,002558,-5.78,51638,51638
SH,603083,0.61,51546,68878
SZ,000963,-1.13,51504,51525
SZ,300418,0.18,51362,56156
SH,600196,-0.57,50992,64277
SH,600498,-2.19,50865,54327
SH,600418,-4.98,50696,50696
SH,600895,-0.3,50487,50487
SH,601377,0,50434,50434
SZ,300803,-0.17,50431,50802
SH,688375,0.3,50119,50119
SZ,001872,1.26,49798,53689
SZ,002636,1.37,49775,50028
SZ,000783,-0.54,49715,49715
SH,603629,0,49599,50425
SH,600667,3.27,49570,49570
SZ,002409,2.42,49333,73712
SH,601208,2.31,49307,49307
SH,688234,3.18,49284,55581
SH,688627,3.89,48798,48798
SZ,000157,-0.42,48781,59675
SH,603979,0.98,48282,48282
SH,600741,-0.83,48142,48142
SH,601699,-2,48132,48132
SZ,000066,-0.99,47899,47903
SZ,300390,-0.17,47777,55785
SZ,300395,-0.43,47661,48887
SH,688729,2.38,47377,80096
SH,688331,1.46,47291,75008
SH,600206,10,47288,47288
SH,601298,0.58,47127,56732
SZ,002812,0.74,46864,55906
SZ,002414,-1,46833,58851
SZ,002074,-0.8,46788,48889
SZ,003031,5.66,46751,61993
SH,600726,-3.26,46497,49184
SH,601607,-0.41,46078,61262
SH,601618,0.39,45881,53177
SH,688223,1.14,45699,45699
SH,600377,0.25,45550,60352
SH,600985,-2.87,45354,45354
SH,601058,1.7,45310,45310
SH,601117,0.14,45113,45242
SZ,301377,1.14,44775,192054
SH,688047,0.61,44639,44639
SH,601198,-0.28,43897,43897
SH,603129,-0.04,43720,43720
SH,688336,-0.07,43341,43341
SH,600930,-1.7,43295,168109
SH,601021,0.23,43262,43262
SH,603260,2.51,42997,42997
SH,688728,1.42,42646,42676
SH,688808,-0.53,42623,226778
SH,601878,-0.1,42582,42582
SH,688146,-2.47,42549,155382
SZ,002203,-0.04,42186,43704
SH,600909,1.33,42153,42153
SZ,000811,5,42110,42716
SH,688009,-0.8,41984,51572
SH,600352,2.14,41968,41968
SZ,002407,-0.96,41918,46165
SH,603268,0.25,41915,183063
SH,600027,0,41839,52717
SH,601212,3.31,41615,41615
SH,603087,-1.35,41503,44186
SH,600642,0.95,41402,41404
SH,600570,-1.44,41282,41282
SH,688099,0.72,41274,41274
SH,600392,-1.54,41244,41244
SH,601108,0,41004,41004
SH,600143,1.9,40892,41490
SH,603650,3.01,40839,40938
SH,603699,0.69,40712,41633
SZ,300017,-0.74,40703,42926
SH,600061,0,40666,40666
SH,688188,-2.53,40641,40641
SZ,000999,-1.2,40586,40624
SH,603806,1.84,40488,40488
SH,601555,2.01,40296,40296
SZ,002850,3.49,39829,54395
SH,600995,0.56,39822,39822
SZ,300979,-0.98,39818,39818
SH,688303,0.32,39642,39642
SZ,300346,2.73,39563,41684
SH,600021,-0.98,39563,39563
SH,600968,0.78,39441,39441
SH,600141,6.17,39309,39309
SZ,002945,0.35,39231,39231
SH,600578,-2.81,39230,39230
SZ,002294,0.74,39188,39197
SZ,002138,-2.08,39176,41219
SZ,002155,1.42,39063,39066
SH,601126,2.65,39051,39431
SH,601456,-0.33,38955,50557
SH,600588,-2.14,38954,38954
SZ,002129,3.1,38901,38935
SH,688433,-1.28,38890,38890
SH,688668,3.84,38856,38856
SZ,002429,0.35,38819,38841
SH,601136,-0.2,38759,38759
SH,688025,0.65,38679,38679
SH,601665,0.96,38646,38646
SZ,002236,-1.87,38641,52831
SH,688300,-3.26,38459,38459
SZ,000559,-0.33,38446,38458
SZ,002078,0,38372,39445
SZ,002738,-0.34,38331,39321
SH,603379,0.58,38295,38295
SZ,301511,1.03,38270,60511
SH,688536,2.77,38267,38951
SZ,000983,-1.45,38263,38264
SZ,300001,0.71,38236,39132
SH,600256,1.53,38224,38224
SH,600845,-1.85,38200,51156
SH,603929,10,38185,38185
SH,600901,1.38,38159,38168
SZ,000688,1.52,38017,38017
SH,601238,0.2,37805,52209
SZ,000987,-0.52,37750,37779
SZ,002273,0.04,37745,38423
SH,601216,0.22,37718,37718
SZ,300919,0.54,37695,43042
SZ,002195,-0.88,37682,38023
SH,688472,0.49,37634,37634
SZ,002653,0.94,37591,79897
SZ,000893,2.03,37562,42756
SH,688167,6.34,37498,37498
SZ,002966,0.71,37493,38135
SH,601777,1.1,37435,37435
SH,603392,-1.68,37413,37413
SZ,300672,1.42,37141,38336
SZ,300115,0.11,37069,37178
SZ,002056,0.57,37018,37057
SH,600600,-1.02,36882,70952
SH,688295,-1.74,36873,36873
SH,600711,1.88,36840,36840
SH,601577,-0.21,36829,36837
SZ,300782,3.6,36626,46982
SZ,300972,2.08,36440,39662
SZ,300037,-0.38,36426,50224
SH,600663,-0.85,36275,46424
SH,603369,-2.58,36145,36145
SZ,001203,-0.42,36110,42390
SZ,300570,16.28,36094,42654
SZ,300866,0.66,36035,68514
SZ,300870,3.38,36024,36028
SH,601808,0.84,35526,57259
SH,600177,-0.5,35487,36433
SH,605589,-1.28,35469,35489
SH,600298,-5.05,35400,35841
SH,605358,1.49,35151,35151
SZ,300751,1.77,35010,50632
SZ,002432,2.06,34765,34812
SH,688322,-1.31,34758,44805
SZ,300454,-2.95,34676,51960
SZ,300832,-1.08,34621,39820
SZ,302132,1.72,34578,157653
SH,600157,0,34472,34472
SZ,002444,1.18,34459,35894
SH,688775,-0.11,34453,53269
SH,688052,1.19,34437,39263
SZ,300489,-1.91,34270,34396
SH,600707,2.26,34155,34161
SH,600863,-0.81,33975,37687
SZ,000661,0.39,33935,34642
SH,601611,-0.34,33875,33875
SH,603308,1.84,33871,33871
SH,603298,1.02,33767,33767
SZ,002126,1.12,33754,35948
SZ,002340,0,33705,33880
SH,601598,1.87,33678,46845
SH,688122,-0.38,33497,33497
SZ,000878,3.73,33440,40476
SH,600085,-0.77,33313,33313
SH,603127,3.16,33219,39656
SH,688235,0.03,33113,443870
SH,600839,-1.64,33043,33052
SZ,000423,-0.66,32938,32996
SZ,002517,-4.74,32927,37238
SH,600060,-0.97,32803,32924
SH,688027,-0.43,32777,41948
SH,600330,5.64,32550,32550
SH,603823,10,32514,32514
SZ,002032,-0.65,32467,32482
SH,688213,3.08,32451,40355
SH,601236,0,32430,32430
SZ,002252,-0.8,32414,32436
SH,600641,1.64,32349,32913
SH,688362,4.71,32265,32265
SH,600562,0.04,32239,32239
SH,603486,0.25,32131,32425
SH,600109,-0.34,31903,31903
SH,688266,-0.06,31847,31847
SH,603225,1.12,31702,31872
SH,600733,-1.12,31676,33364
SH,600348,-1,31674,31674
SH,601162,-1.6,31555,36972
SH,603198,-4.5,31528,31528
SZ,002378,0.23,31444,31609
SZ,002859,0.33,31396,33252
SZ,300207,-0.43,31365,33809
SZ,300251,-0.69,31306,33091
SH,603606,-0.41,31211,31211
SZ,300347,-1.72,31184,47399
SZ,000728,0,31114,31114
SZ,300748,-0.53,31087,38018
SZ,000876,0.88,31005,31024
SZ,000729,-2.67,30994,34809
SZ,002601,1.04,30987,37170
SZ,002240,0.12,30975,31056
SH,600801,0.83,30926,47921
SZ,000967,-2.84,30891,30905
SZ,000786,-0.37,30783,31015
SH,688599,1.23,30758,30758
SH,688301,0.48,30642,30642
SZ,002245,0.85,30605,32527
SZ,002555,-2.62,30604,42652
SZ,002222,0.63,30603,30740
SZ,002131,-2.05,30562,35349
SH,688102,2.99,30553,30642
SH,603061,5.34,30537,30537
SH,688617,-1.09,30488,30488
SZ,000002,-0.63,30220,37105
SZ,301236,-1.45,30211,39803
SH,688180,-1.34,30158,40400
SH,603568,-5.69,30153,30153
SH,600563,-1.08,30132,30132
SZ,000800,0.99,30116,30118
SH,688195,0.56,29880,29880
SH,600259,-3.75,29852,29852
SZ,301396,-4.93,29844,45328
SH,688333,-0.86,29838,29838
SH,600737,6.66,29794,29794
SH,688385,1.01,29747,45428
SH,600332,-0.79,29721,34369
SZ,002261,-1.92,29719,32671
SZ,300814,-0.41,29714,29714
SH,600871,1.39,29668,41516
SZ,000027,0,29591,29591
SZ,002673,-0.14,29589,29589
SZ,000060,1.83,29578,29578
SZ,002939,-0.48,29434,32961
SZ,300558,1.41,29396,29489
SZ,002025,0.42,29270,29280
SZ,000883,-0.88,28964,31645
SZ,300628,0.28,28940,50512
SH,603186,10,28898,28898
SH,688568,-0.1,28897,28897
SH,600699,-0.76,28862,32070
SZ,000958,-0.73,28855,98177
SH,688387,-1.17,28779,48786
SH,603939,-1.32,28746,28746
SH,600483,-1.98,28719,28719
SZ,000629,0.65,28707,28709
SH,601001,-0.11,28687,28687
SH,601933,0.63,28649,28649
SH,688169,3.18,28556,28556
SH,600428,-1.51,28439,31912
SH,688318,-1.41,28434,28434
SZ,300903,1.16,28402,35192
SZ,002472,-0.04,28349,32189
SH,688192,0.87,28337,28580
SZ,300209,-2.12,28305,35381
SH,600398,-0.33,28288,28288
SH,600353,9.99,28287,28287
SH,603179,-1.92,28261,28261
SH,600517,0.41,28249,28249
SZ,300339,-1.3,28183,28862
SH,603338,0.07,28173,28173
SZ,000962,1.12,28164,29528
SH,601990,0,28141,29258
SH,603766,4.66,28134,28134
SH,688127,4.61,28117,28117
SH,600282,-0.86,28051,28051
SZ,300236,6.21,27794,31269
SH,688411,-0.77,27792,38248
SZ,000737,7.36,27787,27790
SH,600079,-0.21,27700,29298
SZ,300432,0.92,27694,28006
SH,688297,0.39,27628,27628
SZ,300458,-0.17,27593,33674
SH,603920,-1.99,27541,27541
SZ,003022,0.93,27449,27473
SH,603688,1.37,27203,27203
SZ,002797,-0.3,27148,27148
SH,600312,2.05,27043,27043
SZ,002747,-0.54,27041,33447
SZ,301018,3.25,27041,35785
SH,688065,-0.59,27022,33410
SH,600637,-1.82,26996,26996
SH,688114,-3.09,26983,27040
SH,600499,-0.27,26869,26869
SZ,002608,-0.69,26824,26824
SH,600777,1.95,26674,28494
SH,601000,0.45,26607,26607
SH,688248,0.6,26563,26563
SH,601880,0.7,26515,33943
SZ,000877,0.27,26451,26451
SZ,000981,-0.35,26352,27693
SH,600515,0.7,26335,32791
SZ,300811,0.55,26311,32055
SZ,000887,-8.47,26248,26290
SH,601615,-0.51,26211,26211
SH,688820,9.63,26152,281745
SH,603067,4.19,26134,26134
SZ,002465,-0.56,26117,26159
SH,601799,-0.73,26091,26091
SZ,000959,-0.56,26081,27142
SZ,002487,-1.3,26057,30566
SH,600536,-1.4,26027,28807
SH,600331,2.32,25989,33786
SH,600299,2.06,25963,25963
SZ,002841,0.04,25937,34785
SH,600521,-1.19,25932,25932
SZ,000739,-1.01,25846,25856
SZ,300438,-2.86,25822,32159
SH,603119,1.3,25804,25804
SZ,002046,2.68,25751,26043
SH,688205,1.89,25718,25718
SH,688608,-0.1,25702,25702
SH,600208,-1.3,25694,25697
SH,605090,0.22,25687,25713
SH,600546,-0.91,25653,25653
SZ,001389,-1.25,25492,79094
SH,601918,-1.1,25465,25465
SH,600732,2.03,25431,25552
SH,600918,0.73,25324,43947
SZ,002459,1.19,25297,25319
SH,600595,2.1,25290,25290
SH,600998,-0.98,25263,25263
SH,600153,-0.33,25226,25226
SH,601069,1.54,25223,25900
SH,600862,0.17,25214,25214
SH,688001,6.09,25210,25210
SH,600704,0,25080,25080
SH,600396,0.24,25080,25080
SH,603663,0.33,25044,25061
SH,601155,-0.44,25037,25037
SZ,002364,-0.37,25020,25265
SH,601606,1.38,24964,24964
SZ,002396,0.77,24934,25037
SH,605111,2.95,24903,24903
SZ,000547,0,24886,25032
SH,688403,3.48,24837,24837
SZ,000951,1.87,24829,24829
SZ,002244,-1.74,24818,28003
SZ,301205,-2.46,24707,38378
SH,689009,-1.38,24659,32274
SH,600583,2.2,24627,24627
SZ,002223,-1.13,24622,26195
SZ,000932,-0.27,24601,24601
SZ,002180,0.39,24594,25708
SH,600161,-0.87,24579,24579
SZ,300255,-1.86,24546,24585
SZ,000738,0.92,24528,24528
SH,600295,0.49,24497,34705
SH,603345,-0.92,24467,27803
SZ,002536,5.16,24389,25750
SZ,001267,-3.37,24385,31455
SH,603881,-2.61,24379,24379
SZ,000062,-0.2,24378,24401
SZ,002266,2.24,24358,26253
SZ,002152,-1.69,24350,24362
SZ,000415,0,24322,27892
SH,688778,0.35,24316,24316
SH,603049,1.74,24209,41923
SZ,001270,0.26,24189,24344
SH,603306,0.12,24083,24083
SH,688278,-3.12,24042,24042
SZ,002015,-4.07,24041,24041
SH,600323,0,24004,24004
SH,600126,-3.78,23978,23978
SZ,300024,-0.77,23947,23954
SH,601099,0.86,23857,23857
SH,603160,-0.01,23821,23821
SH,603236,-2.61,23815,23815
SH,600246,0.16,23800,24462
SZ,000582,-2.99,23725,27688
SZ,301536,3.6,23719,53436
SZ,002456,-1.92,23655,24926
SZ,000921,-0.34,23648,35452
SH,603773,10,23477,23485
SZ,002603,0.41,23442,28452
SH,601717,-1.22,23441,27138
SH,603596,-1.31,23419,23419
SH,601928,-0.1,23388,23388
SH,688502,1.46,23324,23324
SZ,002157,1.36,23285,27658
SH,688475,-1,23255,23255
SH,601399,0,23228,23228
SZ,300383,-2.56,23147,23189
SZ,920185,0.19,23106,23492
SZ,300738,-1.3,23086,23093
SH,600186,7.07,23026,23073
SH,601866,0.85,23014,31123
SH,603885,-0.46,23013,23013
SH,600100,-0.86,22983,22983
SH,601118,1.7,22981,22981
SH,601666,-3.12,22940,22940
SH,600535,0,22902,22902
SZ,002430,-0.37,22894,22903
SH,688596,-0.47,22882,22882
SH,601228,0.33,22860,22860
SZ,000830,0.5,22812,22814
SZ,300677,1.96,22810,32076
SH,688349,0.76,22804,23199
SH,600166,-1.36,22802,22802
SZ,000564,7.86,22793,27268
SZ,300806,2.42,22779,31611
SH,600095,-0.12,22673,22673
SH,688123,-1.29,22555,22555
SZ,000733,-0.7,22513,22516
SZ,000400,0.54,22484,22562
SZ,000155,-1.53,22449,22449
SZ,002379,2.33,22432,257234
SZ,002085,0.09,22401,22401
SH,600977,-2.83,22367,22367
SH,603605,-1.23,22361,22361
SH,603565,1.43,22324,22324
SH,600664,-0.55,22314,22314
SH,688400,0.08,22303,23193
SH,603005,2.03,22298,22298
SH,688372,1.4,22279,22279
SH,600566,-1.09,22269,22336
SH,600961,2.89,22239,31736
SH,600388,0.23,22226,22226
SZ,002498,-0.59,22190,22190
SH,600873,-0.49,22182,22182
SH,601128,-0.15,22181,22181
SZ,000603,3.46,22135,22907
SH,601608,0,22119,22119
SH,603301,0.08,22057,22057
SH,688425,-0.23,22027,22027
SH,600884,-1.06,21985,26903
SH,600745,-1.19,21974,21974
SH,601963,-0.08,21968,39158
SH,600098,0.48,21842,21842
SZ,300776,0.19,21819,34707
SZ,002271,0.8,21787,27183
SZ,002716,5.39,21785,26481
SZ,000029,10,21774,24705
SH,600486,1.74,21770,21770
SH,600598,3.21,21741,21741
SZ,002552,-2.96,21686,22833
SH,600390,-0.4,21681,21681
SZ,000750,-0.26,21678,23884
SH,603728,-0.81,21673,21673
SH,600550,0.69,21620,21620
SH,603077,2.95,21549,21549
SH,688343,0.22,21547,21547
SH,600685,0.11,21513,37020
SZ,000709,-0.47,21498,21501
SZ,000623,0.33,21477,21562
SH,601567,-0.12,21443,21443
SZ,300398,2.33,21430,21547
SH,688392,4.21,21408,21408
SZ,300012,6.51,21322,25057
SZ,300487,3.67,21300,35207
SH,688131,-0.2,21296,21296
SH,603737,0.97,21276,21276
SZ,000598,0.14,21273,21276
SH,688819,-0.26,21250,21250
SH,603530,5.52,21249,21445
SZ,002335,-1.64,21217,24262
SZ,300073,0.24,21200,22806
SZ,300474,0.1,21157,27202
SZ,002317,1.17,21150,23603
SH,603290,1.04,21081,21081
SH,600602,-4.66,21056,26806
SZ,300699,0.27,21036,21291
SZ,002065,-2.02,21024,23176
SH,603618,1.67,20997,20997
SH,603358,3.39,20974,21336
SZ,002468,0,20949,21722
SH,600316,2.13,20940,20940
SZ,000519,2.18,20902,20902
SZ,300142,-0.22,20897,21191
SH,600516,-1.88,20895,20895
SH,601016,-2.53,20892,22644
SZ,300821,2.23,20888,20892
SH,600765,-0.29,20850,20850
SZ,000034,-1.87,20821,24930
SZ,000158,-2.01,20818,20958
SH,603588,-0.21,20777,20777
SH,603950,3.22,20760,20777
SH,600132,-0.11,20709,20709
SZ,002007,-0.89,20692,24008
SZ,002149,-2.81,20687,20691
SZ,002497,1.62,20651,22463
SH,688503,7.01,20650,20650
SH,603876,-1.32,20639,20639
SZ,002624,-3.16,20635,21902
SH,688233,1.59,20609,20609
SH,600688,0.72,20594,29625
SH,688449,0.79,20583,32292
SH,600008,-0.35,20554,20554
SZ,002895,2.83,20487,20704
SH,600970,0.51,20476,20476
SZ,002423,-0.1,20460,20460
SH,603899,0.4,20459,20459
SZ,003035,-0.73,20455,20455
SH,600848,-0.46,20420,21517
SZ,002683,7.71,20403,23260
SH,601865,-0.18,20398,25139
SZ,300763,-0.01,20383,25142
SZ,300083,-2.07,20382,22742
SZ,300843,4.38,20380,20788
SH,601677,0.68,20378,20378
SH,600329,-0.79,20347,27631
SZ,002545,4.96,20343,22393
SZ,300896,-1.45,20312,30063
SH,601997,-0.17,20292,20292
SH,688268,2.45,20275,20275
SH,688097,1.66,20264,20264
SZ,000039,-0.1,20229,47400
SH,601609,6.76,20208,20208
SZ,300762,-0.45,20189,20909
SH,603233,-1.27,20135,20135
SZ,000009,-1.13,20119,20144
SH,688270,0.69,20100,20100
SH,600170,0,20082,20082
SH,603115,-4.03,20056,20056
SH,603516,-0.69,20054,20054
SH,600582,-0.4,20031,20031
SH,688388,4.51,20028,20028
SZ,300003,-1.47,20021,23375
SZ,002948,0.18,20006,33060
SZ,001337,2.65,19988,19988
SH,603667,-1.19,19973,20897
SZ,002518,-0.22,19950,20553
SZ,002831,3.14,19920,35932
SZ,000683,1.71,19864,22115
SZ,002299,0.68,19790,20183
SH,600967,0.52,19775,19775
SH,601158,-0.23,19728,19728
SH,600518,0.71,19628,19637
SZ,001896,-1.67,19606,19606
SZ,000825,0.88,19595,19595
SZ,300085,-1.01,19573,21213
SH,600500,2.26,19485,19485
SZ,002130,0,19441,23728
SH,688523,1.38,19441,19441
SH,688005,0.11,19409,19409
SZ,301297,3.38,19407,25509
SH,601187,-0.26,19355,19398
SZ,300199,0.15,19300,22876
SZ,300456,1.29,19196,23526
SZ,002262,-1.31,19151,22012
SZ,002192,0.64,19128,19168
SZ,002044,-1.98,19100,19297
SH,603816,0.56,19059,21625
SZ,300747,-0.43,19047,20493
SH,688652,3.13,19046,26499
SZ,002461,0.47,19035,19035
SH,600226,1.27,19006,19006
SH,603833,-1.41,18969,18969
SH,601858,-2.36,18925,18925
SZ,002500,-0.37,18918,18918
SZ,301035,2.04,18908,18936
SH,603658,-1.92,18868,18868
SZ,002120,0,18861,19425
SZ,300627,-0.13,18860,22787
SH,600927,-0.07,18798,18798
SZ,002756,0.12,18731,26087
SZ,000686,0,18724,18724
SH,600131,0.32,18680,18697
SH,600007,0.49,18665,18665
SH,600012,-1.17,18603,27269
SH,600380,-0.38,18569,18569
SH,600629,-1.03,18558,18558
SH,688281,0.08,18553,18553
SZ,000032,1.73,18531,18531
SZ,002318,-0.71,18499,18947
SH,603132,2.33,18465,18465
SH,600114,-0.36,18436,18885
SH,688800,0.85,18390,18390
SH,603337,0.77,18350,18717
SZ,002739,-8.23,18322,18584
SZ,300953,-0.84,18310,25474
SH,601101,-1,18302,18302
SH,601098,-0.09,18301,18301
SH,603000,-0.83,18266,18266
SZ,002389,-0.47,18248,18250
SZ,002270,1.19,18238,18238
SH,600110,1.45,18237,18237
SH,601969,0.65,18226,18337
SZ,300257,-2.4,18168,18909
SZ,000969,2.23,18151,18311
SH,605198,-1.05,18134,22401
SH,600397,1.27,18106,18106
SH,688690,2.12,18083,18083
SH,600577,-0.11,18078,18078
SZ,301171,-1.25,18038,22230
SH,600339,0.62,18034,18034
SH,601139,0.81,18008,18008
SZ,002670,-0.53,18003,21460
SZ,001287,1.33,18002,18002
SH,688692,-0.69,17963,27427
SH,601020,-0.17,17957,17957
SH,603733,4.07,17955,17955
SH,605196,0.86,17945,18073
SZ,300568,-0.93,17899,22144
SZ,301550,-1.92,17898,29242
SH,600038,-0.03,17887,21924
SH,600655,0.22,17854,17861
SH,600606,-0.77,17849,17849
SH,601636,-0.65,17841,17841
SZ,300503,0.99,17775,22713
SH,688363,-1.51,17764,17764
SH,688561,-2.35,17759,17759
SH,688795,1.59,17718,275521
SH,688208,-0.25,17713,17713
SZ,000997,-1.17,17701,17800
SH,688332,6.95,17699,17699
SZ,000937,-0.42,17675,18191
SZ,002913,1.81,17648,18337
SH,600552,0.38,17626,17626
SZ,300131,-2.07,17625,19193
SH,600004,-0.79,17561,19123
SH,688700,1.69,17546,17546
SZ,300102,0.74,17531,17615
SH,688380,8.69,17528,17528
SH,605020,0.2,17517,17792
SH,600172,10,17503,19671
SH,688582,2.47,17500,17500
SH,688206,11.76,17428,20121
SH,688520,-0.8,17404,18381
SH,603529,-0.57,17364,17639
SH,688549,-0.3,17332,43447
SZ,301285,2.89,17313,17313
SZ,002402,0.05,17311,19530
SH,601137,2.45,17307,17307
SH,603638,0.46,17306,17306
SH,688166,-1.68,17284,17284
SH,603226,-9.15,17277,17277
SZ,300720,-0.84,17269,18276
SH,601156,3.22,17267,29021
SZ,002925,0.68,17231,18188
SH,603938,1.76,17218,17218
SZ,002957,-0.5,17195,17249
SH,688003,11.72,17191,17191
SZ,000429,-0.59,17191,27578
SH,603786,-0.48,17152,17152
SZ,000513,-0.62,17090,26708
SH,600820,0,17072,17072
SZ,300724,1.23,17067,20661
SH,600435,4.44,17059,17059
SH,600754,-1.87,17052,20026
SH,603283,0.23,17048,17048
SZ,000543,-0.52,17047,17047
SH,603858,1.32,17000,17000
SH,600267,1.41,16972,16972
SH,605289,0,16930,16954
SZ,300657,-0.57,16913,17405
SH,600120,-1.38,16906,16906
SZ,000591,0,16902,16908
SH,601975,1.4,16896,16896
SH,600032,-1.67,16881,16881
SZ,920438,6.08,16867,17480
SZ,002145,0.45,16863,16864
SZ,000875,-0.39,16846,18281
SH,600956,0.42,16836,32267
SZ,300888,-0.54,16778,16854
SH,688143,-2.13,16765,17643
SH,688772,-1.13,16744,16744
SZ,002237,2.18,16741,20077
SH,688545,2.81,16736,33059
SZ,300613,0.21,16712,17716
SH,600062,0.31,16664,16669
SH,603871,0.41,16580,16580
SH,600410,-1.87,16579,16579
SH,600179,-1.37,16569,18153
SH,688150,1.76,16560,16560
SH,600763,-1.32,16550,16550
SH,600171,0.43,16539,16539
SH,601921,2.34,16533,16533
SZ,300676,-2.23,16529,16620
SZ,003021,-2.88,16506,21301
SH,688390,0.92,16503,16503
SH,601333,0.34,16448,20613
SZ,000528,-0.61,16443,16466
SZ,300140,-0.37,16436,16456
SZ,000970,-0.73,16400,16400
SZ,301093,-0.03,16395,17172
SZ,000506,0.06,16392,16397
SZ,300679,6.94,16391,19372
SZ,002326,2.96,16365,18651
SH,603009,-1.82,16318,16318
SH,688531,-1.12,16317,23541
SH,688046,-1.84,16305,16305
SZ,300364,0.08,16299,17979
SZ,000537,-1.61,16261,16261
SH,600739,0.09,16258,16258
SH,688308,1.17,16240,16240
SH,600531,2.45,16168,16168
SZ,301319,2.05,16155,21435
SH,688353,3.18,16132,16132
SZ,300779,-7.18,16129,21109
SZ,002827,2.93,16118,16179
SH,600459,1.48,16098,17445
SZ,002171,1.42,16089,16181
SH,601326,0.3,16081,18885
SZ,000050,-0.29,16076,16076
SZ,002290,2.44,16071,16122
SH,601966,0.37,16069,16069
SH,688368,-0.5,16003,26364
SH,605296,0.92,15975,16229
SZ,301316,-0.14,15959,16463
SH,688615,-3.33,15954,23104
SZ,300602,2.74,15951,23317
SH,688661,0.31,15948,15948
SZ,002958,0,15938,16278
SH,603063,-0.11,15901,15967
SZ,300723,-2.03,15900,17133
SH,688484,0.54,15896,15896
SH,601519,-0.98,15893,15893
SZ,000766,-0.83,15872,15880
SZ,301005,1.25,15863,16193
SZ,000682,-0.41,15859,15861
SH,688106,0.54,15832,16004
SH,600888,-1.73,15826,15826
SZ,301611,2.35,15802,47001
SZ,002506,1.12,15780,15796
SZ,002176,-1.59,15723,15746
SH,688625,3.39,15697,15697
SZ,300319,-4.2,15689,16358
SZ,300413,-1.4,15683,28716
SZ,000898,0,15676,18457
SH,603355,0.26,15648,15648
SZ,000723,-1.38,15647,15676
SZ,300773,-1.03,15645,16538
SZ,301389,1.14,15621,15621
SH,603026,-0.6,15596,15596
SZ,301047,0,15563,15831
SZ,001213,-0.27,15556,15556
SZ,002969,0.78,15440,15522
SZ,300144,-0.49,15438,15601
SH,688279,1.67,15420,18973
SH,600151,-0.45,15404,15404
SZ,002611,-0.83,15391,18661
SZ,002896,0.8,15364,15364
SZ,300342,-1.87,15364,15535
SZ,002081,9.83,15363,15427
SH,600877,-0.14,15357,15357
SH,688779,1.14,15357,15357
SH,600928,-0.56,15349,15422
SH,688222,-1.1,15310,15310
SZ,300469,0.13,15276,15284
SZ,300002,-2.01,15271,16229
SH,600835,-0.72,15259,19058
SH,600959,-0.96,15252,15252
SH,601369,-0.1,15236,15391
SH,603118,10.02,15210,15210
SH,603317,0.28,15209,15209
SZ,300655,1.57,15196,15266
SZ,000563,0,15188,15188
SZ,002405,-0.91,15171,15264
SH,600511,0.51,15140,20643
SH,603456,-1.99,15139,15139
SZ,002768,0.6,15135,26196
SZ,002158,0.75,15132,15165
SZ,000902,2.4,15119,16600
SZ,301626,12.15,15101,33199
SH,601702,0.53,15038,15038
SZ,300201,-0.26,14995,15075
SH,600403,-0.78,14990,14990
SH,600808,0.8,14979,19329
SH,603800,4.42,14945,14945
SH,600750,-0.79,14853,15013
SH,603662,-0.98,14833,14833
SH,603203,0.78,14824,14996
SH,600651,-1,14817,14817
SH,600761,-0.17,14812,14812
SH,603826,-0.9,14787,14787
SH,600201,-0.66,14783,14783
SH,688593,0.78,14751,14751
SZ,001331,-0.18,14678,21015
SH,688802,5.51,14622,315751
SZ,001696,1.74,14610,18767
SH,601133,3.88,14604,14655
SZ,300323,0.33,14597,19947
SZ,000927,0.42,14581,14581
SZ,002508,-1.38,14554,14732
SZ,301128,-0.17,14553,16544
SH,601568,0.55,14538,14538
SZ,300179,4.89,14510,18846
SH,688535,2.89,14484,15541
SZ,001301,2.83,14477,20295
SH,603078,3.57,14450,14450
SZ,000791,-1.57,14440,24199
SH,603738,-2.34,14432,14432
SZ,300671,1.76,14422,14461
SZ,001286,1.23,14405,40013
SH,600872,-0.47,14402,14464
SZ,002250,-2.36,14400,14479
SZ,002975,3.89,14363,21621
SZ,000778,-0.53,14328,14585
SH,688686,0.89,14321,14321
SH,601019,-0.71,14316,14316
SZ,000711,-3.68,14312,17747
SZ,002645,-2.08,14305,15838
SH,688202,-2.12,14300,14300
SH,600548,-0.35,14298,21166
SZ,002568,-1.2,14297,19541
SZ,000539,-2.94,14285,29349
SH,688158,-2.38,14251,16019
SZ,002048,0,14248,16341
SH,600452,0.22,14228,14228
SH,600490,1.56,14227,15800
SZ,000973,-1.53,14215,34538
SH,600056,-0.41,14191,14196
SZ,002410,-1.52,14178,14917
SH,688260,-2.64,14159,14159
SH,600162,-7.86,14152,14152
SZ,301015,-0.06,14122,14124
SZ,000966,-1.69,14098,14098
SH,605179,10,14075,14075
SZ,000088,-0.21,14075,23138
SH,688028,1.51,14035,14035
SH,600022,-1.49,14015,14015
SH,688603,1.43,14010,14010
SH,601965,1.3,13998,14057
SH,688401,0.21,13987,14856
SH,600906,0,13977,21352
SZ,000620,-1.31,13969,17557
SZ,300253,-2.58,13965,16576
SH,601375,-0.48,13962,18804
SZ,002408,1,13948,14413
SH,601886,4.77,13947,13947
SH,601827,-0.82,13944,13944
SH,601678,-3.53,13936,16429
SH,601778,-2.08,13924,13924
SH,688031,0.66,13903,13903
SH,600301,0,13891,31913
SH,600621,-0.22,13877,13877
SH,600744,-2.83,13873,13873
SH,600409,1.97,13872,13872
SZ,300593,4.91,13859,16698
SZ,000672,2.88,13853,13853
SH,600816,-1.93,13837,24906
SH,600475,-2.46,13785,13976
SZ,300975,0.65,13783,19243
SZ,300835,-1.32,13755,19626
SH,600783,0.6,13748,13748
SH,603505,-0.72,13728,13728
SZ,001339,-0.7,13726,27726
SZ,000685,-0.17,13725,16160
SZ,002249,0.68,13699,18132
SZ,300957,-1,13658,13733
SH,600361,0.83,13624,13624
SZ,000422,0.39,13619,13878
SZ,000581,-0.16,13600,16561
SH,600366,-2.13,13595,13595
SZ,300999,0.4,13566,135540
SH,600710,-0.47,13564,13564
SH,600779,-2.31,13557,13557
SZ,001248,-0.61,13546,169851
SH,603039,-1.99,13536,13536
SZ,000612,1.62,13484,13484
SH,600933,0.44,13479,14152
SZ,301095,3.99,13477,15600
SH,600320,0.25,13473,21394
SZ,300455,-0.04,13463,13673
SH,688538,-0.84,13460,32314
SZ,000680,0.2,13448,15346
SZ,300436,-1.12,13445,15662
SH,600633,-3.89,13429,13429
SH,600675,0,13422,13422
SZ,002911,-0.55,13405,13735
SH,603305,-0.68,13395,13395
SZ,002867,0.65,13392,13471
SH,688006,1.28,13389,13389
SH,688516,2.17,13362,13362
SZ,301219,1.01,13356,18713
SZ,300184,0.4,13350,14582
SZ,002979,-1,13325,18902
SZ,002946,-1.19,13288,13444
SZ,002167,0.29,13277,13557
SZ,000089,-0.14,13268,13268
SH,603613,-2.84,13265,13265
SH,600258,-1.32,13243,13243
SH,603868,0.46,13242,13242
SZ,001258,3.13,13235,13235
SZ,002906,-4.48,13178,13186
SZ,002399,-0.46,13170,15495
SH,688107,2.95,13148,13148
SH,600456,-0.32,13134,13134
SZ,002153,-6.59,13134,22407
SH,688088,-2.09,13122,13122
SH,600416,-0.55,13120,13120
SZ,300409,-0.1,13068,14683
SH,605099,-0.11,13065,13083
SH,600064,0.27,13064,13064
SZ,002354,-1.34,13054,13286
SH,600821,-4.46,13024,13024
SH,603707,-0.36,13006,13006
SZ,000785,0.45,13002,13949
SZ,301123,0.55,13002,18485
SH,600155,-0.33,12971,12971
SH,600113,-0.24,12960,13267
SZ,002507,-0.43,12958,12993
SZ,300166,-1.71,12952,16284
SZ,002534,0.32,12942,13107
SZ,000070,-1.69,12911,13087
SZ,002010,-0.42,12904,12936
SH,600575,-0.89,12902,23794
SH,688055,-0.25,12900,12900
SH,600057,0.16,12890,17488
SZ,300457,-0.48,12881,13091
SZ,000799,-3.17,12879,12880
SZ,301486,0.57,12868,22731
SH,600764,0.56,12862,12862
SZ,003036,5.83,12849,12849
SH,600916,1.46,12835,12835
SZ,300718,-0.08,12820,19477
SZ,300100,0.04,12802,13294
SZ,002643,-0.62,12793,12987
SH,603698,-0.03,12789,12789
SH,600529,0.79,12775,12775
SH,688258,-1.72,12767,12767
SH,688100,-10.82,12754,12754
SH,603031,-2.82,12742,15152
SH,600167,0,12740,12740
SH,600343,0.45,12732,12732
SH,688383,3.39,12726,12726
SH,603011,6.1,12721,12721
SZ,301275,0,12720,17859
SZ,002174,-1.36,12711,12718
SZ,002755,-0.35,12706,12707
SZ,002563,-0.51,12683,15437
SH,603389,10.01,12675,12675
SH,600271,-0.72,12674,12674
SH,603556,0.62,12667,12667
SZ,002901,-2.06,12667,18184
SH,600216,-0.37,12634,12771
SH,603989,-4.05,12621,12621
SH,688321,-0.25,12548,13629
SH,600338,0.37,12543,12543
SH,688508,11.33,12528,12528
SH,600211,-1.46,12506,12506
SZ,002779,-1.18,12500,13932
SZ,000815,-5.31,12487,12487
SH,688559,2.69,12482,12482
SH,688809,2.67,12474,62371
SZ,000592,0.77,12467,12576
SH,688105,-3.55,12449,12449
SZ,301150,0.72,12409,13228
SZ,000048,-1.17,12396,12417
SH,688382,1.38,12392,12392
SZ,300034,2.54,12388,12871
SZ,002091,0.26,12386,12582
SH,603991,2.54,12380,21115
SZ,300229,-2.4,12371,12379
SH,600063,-0.32,12332,12332
SH,603515,-0.59,12320,12396
SZ,300296,-0.74,12299,14401
SZ,920808,1.43,12299,12630
SZ,002372,0.36,12290,13309
SH,688059,-1.47,12289,13130
SH,600776,-0.84,12275,16127
SH,600572,0.83,12254,12286
SZ,301238,0.18,12239,12239
SZ,002936,-1.13,12231,15820
SZ,300357,-2.31,12229,13231
SH,605507,0.64,12228,12228
SZ,000762,-0.29,12208,12208
SZ,301183,1.21,12202,16646
SH,600717,0.72,12184,12184
SH,600589,-1.66,12168,12193
SH,600116,-0.92,12161,12161
SH,603888,-1.14,12143,12143
SZ,002440,3.64,12132,14410
SH,600827,-0.52,12130,13488
SZ,002929,-1.88,12113,16017
SH,600755,0.18,12111,12142
SH,688567,-1.09,12074,12074
SZ,000069,-1.12,12073,14066
SZ,002701,-1.04,12071,12082
SZ,002792,-1.72,12064,18706
SZ,000758,1.33,12055,12098
SZ,300769,0.52,12054,13415
SZ,300693,-1.4,12049,13979
SZ,000681,-1.32,12042,12477
SZ,301029,-0.25,12042,16906
SH,600850,-1.4,12015,12015
SH,688116,0.71,12015,12015
SH,603267,-0.56,12014,12014
SH,605118,0.27,12008,12079
SZ,300726,-0.26,11933,22919
SH,600702,-3.25,11924,11929
SH,688020,-0.25,11916,11916
SZ,300607,-1.11,11914,16837
SZ,000553,1.48,11909,12744
SZ,002947,1.16,11898,15346
SZ,301666,2.68,11897,195713
SZ,301071,4.71,11896,16183
SZ,002400,-4.04,11859,11977
SZ,000567,0.16,11847,11884
SZ,300459,-2.16,11834,12657
SH,601107,-0.35,11830,16728
SZ,002416,-2.02,11811,11959
SZ,002617,0,11810,12009
SZ,002268,-1.4,11808,11814
SH,688660,-0.1,11787,11787
SZ,300070,-0.86,11781,12431
SH,600315,0.81,11764,11764
SZ,003018,0.66,11750,12966
SZ,002654,0.07,11740,11741
SZ,000901,-0.13,11733,11734
SZ,300133,-1.94,11732,13217
SZ,002668,9.96,11730,11730
SZ,300761,0.6,11729,15581
SZ,000801,1.5,11714,11718
SH,601952,5.2,11713,11713
SZ,002183,-0.43,11712,11713
SZ,002847,0.71,11707,12972
SH,603757,2.32,11682,11682
SH,601992,0.72,11668,14949
SH,601339,0.91,11667,11667
SH,603185,1.06,11666,11735
SZ,300827,-0.03,11660,14869
SH,603297,-0.75,11656,11656
SH,688662,3.16,11644,11644
SZ,002647,-0.08,11635,12953
SH,600420,-0.79,11615,11615
SH,600864,3.91,11610,11610
SZ,301293,-2.25,11603,11603
SH,688090,2.16,11587,11587
SH,601512,-0.63,11586,11586
SZ,300302,2.48,11566,15030
SZ,002531,-1.06,11561,11626
SH,603589,-2.86,11550,11550
SZ,002096,0.65,11548,11549
SH,600619,2.88,11546,15703
SZ,002092,-0.66,11539,11603
SZ,002258,5.96,11500,11518
SZ,002246,-0.61,11497,11497
SZ,000156,-0.87,11491,12526
SZ,300951,0.15,11479,12844
SZ,301080,0.1,11453,15141
SZ,301127,15.61,11439,11783
SZ,002838,9.99,11437,13008
SH,688485,5.48,11430,11430
SZ,300182,-0.97,11410,13452
SH,603906,1.4,11406,16028
SH,688319,-1.5,11396,11396
SZ,300331,1.77,11384,13308
SH,600986,-2.79,11378,11378
SZ,002544,-1.46,11371,11372
SH,688016,-0.88,11344,11344
SH,688663,0.42,11330,11330
SH,601222,0.36,11288,11288
SH,601068,1.38,11288,13172
SH,600461,-1.12,11275,11275
SZ,300204,-0.75,11269,13447
SH,603601,0.51,11263,11263
SZ,301338,2.76,11256,15449
SZ,300601,-1.49,11255,13962
SH,600395,1.16,11248,11248
SZ,301039,-0.63,11242,14506
SH,603124,0.37,11239,21107
SZ,002297,3.38,11233,11233
SZ,301188,1.16,11220,11220
SZ,002539,2.94,11220,15229
SZ,002366,0.5,11213,12610
SZ,301021,0.29,11202,11215
SH,600635,0.22,11199,13670
SH,688153,1.32,11198,11524
SH,603281,2.27,11192,11192
SH,600058,-3.32,11191,11191
SZ,300077,0.3,11185,13393
SZ,002597,0.31,11180,11202
SZ,002031,-1.67,11176,12844
SH,603713,-2.16,11163,11163
SH,601882,5.32,11160,11160
SZ,000990,-0.45,11144,11144
SZ,002348,-1.43,11141,12245
SH,603303,1.79,11132,11132
SZ,300146,-1.96,11130,16798
SZ,300573,-1.22,11122,14513
SH,605060,6.55,11120,11200
SZ,300863,0.84,11117,11572
SH,603983,-1.55,11116,11116
SH,600268,0.92,11110,11111
SZ,002024,0,11104,11118
SZ,002413,-0.8,11102,11307
SH,603927,-1.54,11078,11078
SZ,002897,0.13,11076,11644
SZ,300428,-0.63,11070,12718
SZ,002083,-1.01,11043,11047
SZ,001280,-0.82,11039,131412
SZ,002741,0.39,11030,12020
SZ,300468,-2.01,11025,11043
SH,688306,-1.09,11018,11018
SZ,300026,1.38,11015,11025
SH,600859,-0.5,11014,11015
SZ,300139,2.1,11005,12905
SH,600285,-1.46,10996,11008
SH,688063,-0.1,10992,10992
SH,688198,-2.18,10963,10963
SH,688138,1.78,10961,10961
SZ,920116,2.4,10961,10961
SH,603936,10,10956,11216
SH,603040,-1.12,10953,11011
SZ,002338,1.65,10951,10951
SZ,300065,-0.53,10950,12028
SZ,002385,2.68,10946,13141
SZ,000099,0,10938,10938
SH,600367,0.86,10921,11571
SZ,002987,-1.9,10920,11206
SZ,002217,-1.31,10919,11219
SZ,300725,-1.69,10914,12588
SH,603052,0.54,10906,10906
SZ,000839,-2.45,10897,10897
SZ,300376,-0.84,10892,10896
SZ,300674,-1.83,10876,10892
SH,603328,0.83,10863,10863
SZ,301207,-0.27,10848,10855
SZ,002254,0,10845,10857
SZ,000700,-0.58,10842,10842
SH,603220,-0.83,10818,10818
SH,600612,0.83,10817,17844
SH,603099,-0.69,10815,10815
SZ,002698,0.71,10813,13099
SZ,300363,-0.54,10778,11820
SZ,300304,0.56,10767,11065
SH,688359,1.51,10746,10746
SH,601619,0.69,10722,12802
SZ,000837,0.76,10719,10886
SH,600248,1.4,10710,10733
SZ,002051,-1.01,10707,10707
SH,601022,3.28,10705,10705
SZ,000410,1.12,10683,14358
SZ,000810,-0.4,10673,11053
SH,600559,-2.82,10666,10666
SH,603538,4.67,10653,10749
SH,600184,0.11,10646,10646
SH,688275,1.05,10641,10641
SZ,002967,0.51,10640,11270
SH,600123,-0.54,10637,10637
SZ,002011,-0.59,10636,10766
SZ,002583,0,10634,15076
SZ,002842,-0.29,10631,12956
SH,600006,-0.18,10620,10620
SZ,000949,1.75,10618,10621
SZ,002182,-0.64,10602,12149
SZ,000767,-4.2,10601,11200
SH,600908,-0.55,10596,11632
SH,688035,13.27,10584,10584
SZ,301267,-0.84,10570,13692
SZ,300638,-0.49,10567,17913
SH,600391,2.43,10564,10564
SH,688068,-1.9,10555,10555
SH,600773,-1.24,10553,10553
SZ,301382,-0.33,10542,12737
SZ,300185,0,10539,11059
SZ,002373,-1.53,10539,12088
SZ,000061,4.08,10533,11652
SZ,300224,-0.17,10525,10563
SZ,002310,-2.44,10514,14338
SZ,000028,-0.54,10507,12232
SH,603619,1.7,10500,10500
SH,601801,-0.91,10495,10495
SH,600882,-2.54,10494,10494
SZ,002807,-0.25,10490,10505
SZ,920045,0.58,10487,35466
SZ,300777,0.29,10471,10685
SZ,300315,-1.66,10471,11155
SH,603093,-0.16,10470,12323
SZ,300382,0.19,10464,10465
SZ,301031,0.3,10464,13310
SZ,002437,9.93,10459,11105
SZ,000950,-3.01,10448,10448
SH,601900,0.08,10443,10443
SH,603693,-0.92,10439,10439
SZ,002289,2.42,10437,10658
SZ,002139,-0.8,10432,12144
SZ,300008,0.96,10427,10938
SZ,002931,0.47,10427,11246
SH,601163,0.15,10416,10416
SZ,000510,0.65,10385,11103
SZ,002839,-0.22,10379,10388
SH,603341,-2.5,10375,20277
SZ,300913,0.36,10371,12436
SH,600759,-0.39,10359,10373
SH,688125,2.54,10358,10386
SH,600480,-0.34,10348,10426
SZ,002276,-0.28,10333,10374
SZ,002922,3.59,10326,11575
SH,688698,-0.65,10324,10324
SZ,300682,-12.9,10319,10761
SZ,300005,-1.91,10317,10401
SH,688371,-2.53,10299,10299
SZ,000555,-1.58,10282,10294
SH,600360,2.39,10275,10275
SZ,300049,-2.28,10271,11608
SZ,301510,1.31,10265,10923
SZ,300244,-1.63,10240,12762
SZ,002204,-0.74,10236,10236
SZ,001399,0.25,10226,175923
SZ,002832,0.27,10183,14924
SH,600648,0.11,10183,12171
SZ,002815,0.54,10181,16167
SZ,000403,-0.72,10178,10283
SH,603235,-0.33,10170,10170
SH,600509,-1.46,10157,10157
SZ,000690,-0.2,10155,10161
SZ,002865,1.02,10150,14135
SZ,000828,-0.19,10146,10146
SZ,002181,-1.1,10120,10357
SH,600446,-1.46,10119,10119
SZ,002020,-0.7,10099,12011
SZ,300353,-0.94,10099,11498
SH,688584,3.08,10096,19681
SH,688797,-0.4,10092,53685
SZ,300580,-2.23,10085,10720
SZ,300328,-0.67,10079,10129
SH,603218,-0.4,10073,10082
SH,600345,0.29,10070,15690
SH,603690,0.92,10068,10068
SH,600458,-0.42,10056,11018
SH,603883,-2.42,10055,10055
SZ,000917,-8.27,10050,10050
SH,605006,1.72,10046,10046
SZ,000899,-0.76,10040,10040
SZ,002565,-0.52,10038,10038
SH,603859,-1.88,10033,10922
SH,688543,0.65,10029,10029
SH,600645,-4.02,10024,10028
SZ,002169,-0.22,10014,10332
SH,603393,-1.45,10013,10013
SZ,002003,-0.7,10006,11639
SZ,300263,0,9999,10609
SZ,002439,-1.5,9989,16608
SZ,002043,-0.79,9973,10247
SZ,000727,-0.44,9965,9965
SZ,301091,-0.52,9955,9955
SZ,301357,2.46,9948,9948
SH,600993,-1.06,9936,9953
SZ,002549,-0.2,9928,9971
SH,688160,-0.71,9927,9927
SH,601005,-0.82,9893,11435
SH,603125,0.99,9890,9890
SH,600971,-1.43,9888,9888
SH,600383,-0.44,9887,9887
SH,688231,2.93,9872,9872
SH,688376,4.53,9865,9865
SH,600326,-0.81,9864,9864
SZ,300596,0.37,9862,9862
SH,600787,0.44,9852,9852
SZ,000006,-3.05,9841,9841
SZ,002387,-0.7,9821,9833
SH,688726,0.81,9811,18082
SH,603300,-1.79,9796,9796
SH,601949,-0.76,9767,9767
SH,600728,-1.71,9767,9767
SZ,002580,-3.09,9766,9799
SZ,300618,0.34,9744,11075
SH,688209,2.04,9743,9743
SZ,300486,0.94,9740,9743
SH,603992,-1.2,9738,9738
SZ,300007,0.06,9728,11258
SZ,002937,3.8,9723,9749
SZ,002759,-0.66,9708,9717
SZ,000923,7.29,9707,10091
SZ,002675,-0.9,9701,10761
SH,600662,-0.22,9699,9727
SH,600718,-0.97,9691,9691
SH,603027,-0.4,9688,9688
SZ,300377,-1.4,9680,10522
SH,688611,0.03,9674,9674
SH,600037,-0.7,9673,9673
SZ,301090,1.39,9664,9674
SZ,002980,0.28,9658,17965
SZ,000065,0.55,9649,10523
SZ,300303,-0.26,9646,10286
SZ,301087,-0.85,9645,11729
SZ,002100,0.71,9639,9639
SZ,002361,-0.16,9627,11317
SH,688032,-0.27,9622,9622
SH,688262,1.49,9620,9620
SH,600163,-0.19,9610,9610
SZ,002891,-0.59,9599,9599
SZ,301196,1.17,9598,14622
SZ,002626,-2.35,9587,9588
SZ,300480,0.48,9585,13135
SZ,300790,6.7,9582,10906
SZ,300378,-1.76,9578,9651
SH,600033,0,9578,9578
SH,688351,-1.06,9572,9572
SH,688697,2.75,9572,9572
SZ,002978,-0.45,9572,12234
SZ,300855,4.04,9571,12922
SZ,002557,0,9566,9596
SH,603103,-1.3,9564,9564
SH,600666,-1.28,9558,10510
SZ,002063,-1.27,9553,10344
SZ,000833,2.38,9550,16884
SZ,002585,-0.91,9550,12292
SZ,002283,4.85,9547,10848
SH,600072,0.34,9544,13221
SZ,000552,0.39,9538,13701
SZ,300118,0.29,9509,11697
SZ,000656,-1.56,9484,13236
SZ,300277,0.73,9476,18775
SH,600373,-0.7,9472,9472
SH,688669,2.85,9464,9464
SZ,002062,2.94,9459,10405
SH,688552,0.32,9450,9450
SH,600129,0.65,9446,9446
SH,603533,-2.17,9445,9445
SH,601811,0,9432,14695
SZ,301216,3.16,9427,10043
SZ,000516,-0.69,9415,9560
SH,601003,-1.07,9405,9668
SZ,002705,0.61,9401,9450
SZ,002426,-1.42,9391,9391
SH,688289,-1.15,9380,9380
SZ,000049,-1.68,9375,9377
SH,603319,0.44,9367,9367
SH,603360,-1.4,9365,9365
SH,605168,-0.35,9350,9350
SZ,002119,2.85,9345,9345
SZ,002993,0.23,9321,10790
SZ,002458,-1.02,9316,13797
SH,601200,-0.42,9316,9316
SZ,300415,-0.81,9316,9634
SH,601038,0.39,9307,14293
SH,600597,1.2,9305,9305
SZ,000031,0.46,9301,9301
SH,600649,0,9294,9294
SZ,002346,6.14,9293,10465
SH,603327,-2.2,9273,9273
SZ,300113,-3.54,9259,12263
SH,603712,-0.24,9249,9249
SH,600757,-0.77,9247,9248
SH,688190,0.03,9239,9239
SZ,300624,-1.7,9233,10425
SZ,000420,-0.52,9218,9221
SZ,301381,0.44,9215,9223
SH,603057,-2.01,9212,9282
SH,603995,2.26,9210,9210
SH,603890,-6.69,9209,9209
SH,688227,-0.72,9204,9204
SH,603599,1.61,9194,9194
SH,605255,0.15,9174,9174
SH,600740,-0.27,9172,9172
SH,600328,0.32,9164,9164
SZ,301177,0.04,9156,9162
SH,688305,6.56,9151,9174
SZ,000593,1.8,9131,9134
SH,603323,-0.47,9126,9126
SZ,001914,-0.56,9125,9125
SZ,300634,-3.92,9124,9480
SH,688456,1.66,9119,9119
SZ,000823,0.13,9114,9115
SH,603583,-2.45,9097,9181
SH,600210,-0.82,9085,9085
SH,601311,0.13,9080,9080
SH,688139,-0.61,9071,9071
SZ,002190,0.08,9051,9051
SH,688128,0.86,9045,9045
SZ,002293,-1.62,9041,9117
SZ,002706,-1.29,9040,11096
SH,688261,3.74,9038,9078
SZ,920186,3.69,9036,17276
SH,600363,-1.56,9036,9036
SZ,301078,-0.41,9036,9054
SZ,000536,-0.29,9035,9045
SZ,002208,-0.26,9035,9037
SZ,300072,4.59,9022,9093
SH,600307,0,9019,9019
SZ,002061,-0.56,9019,9172
SH,600481,0.69,9000,9000
SZ,300188,-2.22,8983,9025
SH,600133,-0.23,8967,8967
SZ,000930,3.43,8948,8948
SZ,301717,-4.56,8947,52288
SH,601528,-0.81,8945,9458
SZ,002511,0.57,8944,9058
SH,688239,2.36,8939,8939
SZ,002345,0.49,8932,9152
SZ,002961,-1.05,8919,8919
SH,688165,-1.03,8917,8917
SZ,301363,-1.55,8906,13579
SZ,301345,-0.14,8904,27719
SH,600273,0.44,8904,8904
SH,688677,-0.73,8901,8901
SZ,001227,-0.46,8899,12018
SZ,002115,-1.96,8895,9596
SH,688710,2.7,8895,13827
SZ,300483,0.92,8890,8896
SH,688325,0.18,8883,9346
SZ,300181,-1.4,8881,10331
SH,601860,-0.78,8879,9153
SH,603163,2.19,8879,8879
SH,688076,-0.8,8874,8874
SH,603100,-1.19,8870,8898
SZ,002019,-1.03,8846,12772
SZ,002243,-2.25,8838,8886
SH,688177,-2.5,8832,8832
SZ,000600,-1.57,8829,14606
SZ,002170,0.54,8828,10859
SH,600266,-2.29,8822,8822
SZ,001308,-0.98,8814,12737
SZ,300420,-2.46,8808,8808
SH,601579,-1.76,8798,8798
SZ,002579,1.28,8786,9226
SH,600556,-1.21,8786,8786
SH,688783,3.75,8774,131753
SZ,300740,0.19,8760,9423
SZ,002099,0.19,8747,8757
SZ,002368,-1.39,8745,8788
SH,603915,0.38,8740,8890
SH,600269,-0.52,8734,8734
SH,688112,4.19,8733,8733
SH,600185,-0.21,8728,8728
SZ,300846,-3.31,8727,10575
SZ,300042,1.87,8725,8725
SZ,300938,-1.16,8710,10035
SZ,000818,-1.63,8708,8732
SH,688083,-3.14,8708,8708
SZ,002985,0.61,8707,8731
SH,603169,-0.74,8700,8700
SH,600545,9.95,8689,8689
SZ,002173,-3.09,8682,9104
SH,688486,4.71,8674,8675
SZ,301086,2.36,8671,15644
SH,605298,-1.03,8668,8743
SH,600812,0.2,8664,8664
SZ,002392,0.27,8658,8905
SH,605319,1.47,8655,8703
SH,600094,-3.32,8654,9463
SH,688428,-0.71,8646,56063
SH,601890,-2.06,8625,8625
SZ,000676,-7.33,8587,8592
SZ,301013,-2.78,8582,10600
SH,688758,-2.13,8579,11982
SZ,002515,3.46,8572,9419
SH,600929,0.97,8561,8561
SZ,300497,1.96,8559,10105
SZ,000859,-1.03,8556,8557
SZ,000761,1.32,8529,9449
SZ,000980,-0.58,8522,8522
SH,688739,-0.76,8521,8621
SZ,002233,1.26,8521,8524
SH,600399,1.89,8519,8519
SZ,301606,0.1,8516,21413
SH,688586,1.8,8515,8515
SH,688179,-3,8514,8514
SH,603608,4.16,8513,8513
SH,600973,0.16,8502,8502
SH,688612,0.61,8494,13871
SH,688381,1.9,8489,8489
SH,603809,-2.01,8485,8485
SZ,300401,-0.68,8480,8619
SZ,002053,-0.53,8471,8471
SH,605100,2.71,8469,8509
SZ,002703,-1.22,8463,11879
SH,600782,-0.73,8462,8565
SZ,002292,0.73,8459,12288
SH,600640,-4.21,8446,8446
SZ,300772,0.33,8444,9521
SH,600996,-2.16,8441,8441
SZ,002004,-2.17,8437,8870
SH,688507,-1.17,8432,15260
SH,688416,3.77,8423,8423
SZ,002251,1.61,8423,10190
SH,600936,-6.15,8405,8405
SH,600020,-0.26,8405,8405
SH,605488,1.77,8398,9129
SZ,300516,2.02,8387,8387
SH,603612,0.78,8383,8383
SZ,300766,-3.97,8379,9241
SH,601089,-4.06,8376,8376
SZ,000550,0.31,8368,13932
SZ,301109,-0.51,8359,10566
SH,603227,2.36,8359,8359
SZ,003009,1.5,8358,8359
SH,600693,1.16,8351,8359
SZ,300053,0.08,8350,8941
SH,603919,-1.43,8349,8349
SZ,002332,-0.11,8349,8388
SZ,002718,-1.68,8346,11496
SZ,301189,6.02,8339,8640
SH,600683,-3.34,8334,8334
SZ,000922,0.85,8332,9858
SH,603013,-0.05,8325,8325
SH,605116,-1.62,8323,8323
SH,688337,0.65,8316,9781
SH,600567,0.75,8315,8315
SH,603399,-2.98,8314,8314
SZ,300130,-0.56,8314,10864
SZ,300842,1.85,8308,9347
SH,600478,0,8300,8300
SH,605016,-0.14,8299,8299
SZ,300741,1.36,8290,8290
SZ,300145,-0.22,8274,8315
SH,601929,-1.65,8271,8271
SZ,000848,-1.67,8267,8344
SZ,000829,-3.46,8254,8262
SZ,002674,-5.02,8230,8314
SH,600686,-1.11,8225,8225
SH,601700,10.06,8222,8222
SH,605222,-0.24,8217,8217
SZ,002219,-0.78,8212,8664
SZ,300576,0.65,8212,13047
SZ,300529,-1.16,8209,12794
SH,688253,-10.54,8203,8203
SZ,000533,3.37,8198,8269
SH,603508,-0.18,8182,8182
SH,600017,0,8181,8181
SZ,300322,-2.56,8174,8538
SZ,002239,0.81,8165,8784
SZ,301489,-2.09,8161,13640
SZ,002039,-0.09,8158,8158
SH,600751,-1.24,8157,9191
SH,688221,-0.9,8155,8155
SH,605305,0.71,8142,8142
SH,600389,1.89,8139,8139
SZ,000026,6.6,8130,9049
SZ,002030,0.35,8126,8126
SZ,300895,2.32,8116,8271
SH,601718,0.54,8112,8112
SZ,002928,-0.93,8104,8104
SZ,002216,-1.45,8102,11298
SH,688011,1.28,8101,8128
SZ,000885,-0.46,8097,8097
SH,688628,3.03,8089,8089
SZ,000712,-3.21,8088,8091
SH,603219,-0.89,8073,8073
SH,600935,1.77,8067,8268
SH,600639,0.42,8060,10640
SZ,300499,-0.19,8058,9063
SZ,002150,2,8048,8102
SZ,301571,-1.35,8047,12117
SZ,002277,-0.16,8044,8044
SZ,301176,-0.44,8034,8279
SH,600722,4.61,8028,8028
SZ,300939,0.24,8023,8023
SH,603055,0.78,8023,8039
SZ,002041,7.57,8008,8008
SZ,002639,-0.15,8008,9457
SH,603680,0.39,8002,8002
SH,688050,-2.93,7979,7979
SZ,000719,-0.98,7979,12238
SZ,301369,2.42,7976,14878
SZ,301209,1.71,7964,9322
SZ,002350,0.4,7958,8135
SH,603687,1.62,7953,7953
SZ,002221,0.37,7947,8574
SH,605008,-0.15,7945,7945
SZ,002079,1.24,7941,8894
SH,603112,-0.53,7934,8013
SZ,300171,-2.75,7922,10783
SZ,300527,0,7921,7921
SZ,002448,10.01,7912,8020
SH,603181,3.71,7900,7900
SH,688439,0.18,7892,7892
SH,688108,-1.5,7887,7887
SZ,300035,-0.58,7881,9260
SZ,002730,-4.28,7879,8245
SH,600736,0.44,7875,7875
SZ,002960,-0.84,7873,8567
SZ,002309,0.31,7868,9835
SZ,002761,1.11,7865,9632
SZ,301326,3.48,7863,7932
SH,600055,-1.75,7860,7860
SZ,002782,0.82,7848,7943
SH,603033,-1.51,7847,7992
SZ,000869,0.06,7846,11331
SZ,002097,-0.13,7841,7855
SZ,002017,-1.23,7837,7842
SZ,002434,1.19,7829,7836
SZ,300440,-10.73,7827,7857
SH,688328,-0.3,7808,7808
SH,601828,0.47,7803,9404
SH,605333,-0.11,7791,7791
SH,603985,-2.31,7790,7790
SH,688515,0.91,7785,12501
SZ,301327,-0.1,7777,7777
SH,603931,-0.96,7777,7777
SZ,002267,0.14,7773,7773
SZ,002737,-1.54,7767,7767
SZ,300641,0.82,7762,7762
SZ,300294,-1.4,7760,7760
SZ,002516,0.38,7755,7810
SZ,300862,8.23,7752,9449
SH,688155,-0.33,7745,7745
SZ,300834,2.75,7741,7810
SZ,002023,-0.56,7738,7809
SZ,002941,-0.37,7728,7728
SZ,300031,-1.3,7710,9175
SH,600846,-1.51,7703,7703
SZ,002471,-0.16,7701,7843
SH,603459,0.09,7701,73431
SZ,002488,-0.94,7701,8332
SH,600251,1.54,7700,7700
SH,688293,-1.04,7694,9338
SZ,000860,-1.7,7692,7692
SH,603053,-1.25,7689,7689
SH,688480,0.41,7686,7686
SH,688062,-1.84,7683,14907
SZ,002446,-0.65,7672,8285
SH,688678,-0.25,7659,7659
SH,603223,0.46,7658,7658
SZ,300416,1.07,7658,7710
SH,600789,-0.52,7648,7912
SZ,300985,-2.51,7645,7645
SH,600611,-3.73,7645,11561
SH,603043,-0.36,7644,7709
SH,605128,-0.4,7639,7639
SZ,003013,0.8,7619,8722
SH,601686,0.59,7619,7619
SH,600618,0.69,7611,11737
SH,601595,-2.46,7610,7610
SH,688622,-1.13,7610,7610
SZ,300868,2.28,7610,11984
SZ,300595,-1.29,7607,10178
SH,603580,10,7605,7605
SH,688277,-1.5,7603,7603
SH,600746,0.77,7603,7603
SH,603269,-0.89,7576,7576
SH,688191,-2.73,7574,7574
SZ,000628,-0.65,7568,13869
SH,600075,0.23,7566,7566
SH,600587,-1.96,7565,7565
SZ,300986,1.15,7560,7565
SH,688093,0.79,7554,7554
SH,688103,3.98,7553,7553
SH,600502,-0.22,7553,7553
SZ,002386,0.87,7535,7537
SH,603477,1.58,7524,7714
SH,601908,0.65,7509,7509
SH,688798,-0.1,7509,12897
SZ,301487,-0.05,7506,7506
SH,603050,3.68,7502,7502
SH,688488,-1.86,7494,7494
SH,600917,0.21,7493,7493
SZ,002212,-3.3,7491,7572
SH,600335,-0.19,7482,7482
SH,603045,3.04,7479,7479
SH,605007,2.34,7470,7488
SZ,002951,2.65,7469,7505
SH,600305,-0.28,7467,7479
SZ,002077,1.26,7463,7463
SH,688621,1.48,7455,7455
SH,600252,1.74,7451,7451
SZ,002275,0.23,7443,7850
SH,603977,0.42,7436,7436
SZ,300482,-1.3,7427,8084
SZ,300168,-2.26,7426,7434
SZ,002533,0.61,7424,8433
SH,603277,7.32,7421,7445
SH,601388,2.43,7418,7418
SZ,000012,0,7406,11501
SH,603466,-1.1,7394,7394
SH,600861,0.08,7393,7393
SH,600117,1.34,7389,7389
SZ,300685,-2.96,7382,7392
SZ,300180,-0.22,7382,7590
SZ,000813,0.28,7381,7382
SH,600078,1.92,7374,7565
SH,600590,1.63,7373,7454
SZ,002885,-0.05,7372,8417
SH,603211,0.18,7371,7371
SZ,300861,1.16,7366,11730
SH,600059,-1.45,7365,7365
SZ,002588,1.3,7359,9872
SH,688598,-2.37,7357,7502
SZ,002106,-0.18,7352,7362
SZ,000402,-1.19,7352,7353
SZ,300174,-2.21,7342,7383
SZ,002990,0.25,7340,13925
SZ,300191,3.53,7333,10608
SH,605167,-0.06,7332,7332
SH,688073,-3.25,7327,7327
SZ,301263,-2.61,7326,10268
SH,688176,-1.38,7324,7324
SZ,300910,-1.79,7319,10449
SH,600797,-2.32,7316,7316
SZ,002971,0.55,7310,9562
SH,600724,0.4,7297,7298
SH,688049,0.44,7292,7292
SZ,301191,2.51,7290,9669
SH,600903,-0.47,7287,7287
SZ,301373,-1.42,7285,11344
SH,688312,0.26,7281,7281
SZ,300153,1.96,7280,7318
SH,688326,-2.18,7280,7822
SH,600525,8.88,7280,7280
SZ,301498,-1.35,7267,16227
SZ,301248,-3.09,7262,9937
SZ,002796,0.57,7261,8048
SZ,002631,0,7261,7295
SZ,000650,-0.17,7256,7630
SH,688699,-2.07,7253,7253
SH,603166,-0.08,7246,7302
SH,600657,-0.77,7244,7244
SH,600400,0.64,7241,7241
SZ,002215,1.02,7232,8988
SH,688087,2.83,7232,7500
SZ,300520,-0.15,7230,7482
SH,600557,-1.3,7230,7230
SZ,001298,-0.33,7228,7673
SZ,002324,0.22,7227,10356
SH,600866,0.93,7211,7211
SH,688550,2.22,7208,7208
SH,601226,0.16,7206,7206
SZ,300298,-1.94,7204,8954
SZ,300337,0.3,7199,8318
SH,600748,1.3,7194,7194
SZ,002110,-0.33,7190,7190
SH,688626,-1.18,7186,7186
SZ,301328,1.37,7174,9926
SZ,001232,0.59,7171,90123
SZ,002108,0,7169,7171
SZ,002034,-0.2,7168,7198
SZ,301228,-2.52,7168,7201
SZ,002733,-0.5,7163,7461
SZ,300997,2.89,7158,7890
SZ,300400,-1.92,7156,7180
SZ,300739,0.64,7141,8802
SZ,000030,0.71,7135,7344
SZ,000544,0.41,7135,7135
SZ,300852,1.37,7131,7387
SZ,002006,-0.64,7125,7125
SZ,002036,-3.56,7124,7139
SH,688556,1.06,7120,7120
SZ,000928,-0.19,7116,7116
SH,688818,0.87,7105,86898
SH,600125,0.18,7102,7102
SZ,002721,-0.36,7101,7101
SZ,002256,-2.21,7091,7183
SZ,000597,0,7088,7177
SZ,301232,-0.01,7088,11923
SH,688352,2.71,7086,23006
SH,603311,-0.12,7086,7086
SH,603279,-0.15,7084,7084
SZ,000551,3.69,7081,7087
SH,688478,2.08,7079,7079
SZ,002955,3.76,7079,8562
SH,600881,0.46,7078,7078
SZ,920982,-0.98,7077,14682
SZ,920029,0.23,7074,7270
SZ,002242,2.2,7068,7081
SZ,300700,1.27,7066,7893
SZ,300098,-1.28,7061,7959
SH,603299,1.12,7056,8631
SZ,300976,0.88,7054,10966
SH,605365,1.74,7043,7043
SH,688563,0.31,7043,23349
SZ,301392,2.13,7041,17260
SZ,300276,1.06,7040,9331
SH,600708,0,7032,7042
SZ,300492,1.15,7029,7029
SZ,000756,-1.46,7025,9809
SH,600955,1.59,7018,7018
SZ,300080,1.08,7016,7025
SZ,001314,0.27,7012,8059
SH,600815,-0.74,7008,7008
SZ,300909,-0.1,7007,9386
SH,600925,0,7002,30036
SH,603660,3.29,7001,7001
SZ,300045,1.8,6996,8979
SZ,002681,-0.88,6983,7986
SH,601330,-0.41,6983,10100
SZ,000503,-2.59,6982,6982
SZ,000566,-1.27,6976,6980
SH,688518,0.39,6963,6963
SH,603990,-2.51,6957,6957
SH,600713,0,6952,7051
SH,688418,-2.08,6945,6945
SZ,000755,1.72,6940,6940
SH,603128,0.38,6938,6938
SH,600429,1.31,6934,6955
SZ,300222,0.67,6899,8276
SZ,002141,2.93,6890,6890
SH,601015,0,6883,6883
SH,688610,5.8,6877,11425
SZ,000631,-0.65,6877,6877
SH,600810,1.27,6874,6936
SH,600828,0.76,6873,6876
SZ,002093,-1.58,6871,6871
SH,600676,-0.59,6870,6870
SZ,002840,3.98,6867,6915
SZ,000595,1.01,6866,6866
SZ,002881,-1.28,6865,11331
SZ,002550,-0.13,6857,9202
SH,600874,0.72,6853,8747
SZ,300540,0.12,6849,7540
SZ,300768,-1.14,6848,10482
SZ,002546,1.3,6842,7123
SH,688290,-0.53,6839,6839
SH,600770,0.38,6838,6838
SH,603229,-1.66,6833,6833
SH,688577,1.36,6833,6833
SH,600169,0,6833,6833
SH,603416,1.05,6832,7686
SH,600510,-0.74,6832,6832
SZ,002650,-1.43,6830,6831
SZ,301286,0.81,6827,16936
SZ,301215,0.19,6824,6831
SZ,002421,-1.75,6821,7104
SZ,002229,10.03,6815,6857
SZ,300265,-0.4,6809,6813
SH,605598,0.72,6792,6792
SZ,002785,0.34,6782,7943
SH,600158,-0.41,6774,6774
SH,603367,-1.18,6773,6773
SH,600195,0.76,6770,6770
SH,600604,-1.42,6770,9011
SH,600771,-1.49,6765,6765
SZ,301607,-0.66,6764,10433
SH,603010,5.24,6764,6933
SZ,002315,-2.93,6760,10603
SH,605011,-0.81,6758,6758
SZ,300444,0.94,6758,8666
SH,603866,0.72,6751,6751
SH,603065,0.37,6750,6750
SZ,300143,-3.44,6750,7890
SZ,000777,-0.33,6740,6740
SZ,002734,0.13,6738,7356
SZ,000968,1.16,6724,6724
SH,603778,0.19,6718,6897
SH,600987,-0.89,6717,6717
SH,688631,-1.45,6710,6710
SZ,000601,-0.3,6708,6810
SH,603071,0.5,6701,6701
SZ,002438,2.66,6700,7253
SZ,002467,-4.47,6697,6739
SH,688079,2.1,6697,6814
SZ,003043,1.21,6694,10254
SH,600829,-2.44,6692,6692
SZ,300566,6.5,6687,7732
SZ,002284,-2.76,6685,6748
SZ,300348,-1.5,6684,7433
SZ,301050,-0.12,6676,7838
SZ,300341,-1.29,6674,6700
SH,603517,0.82,6672,6672
SH,600468,-0.15,6668,6668
SZ,002810,2.48,6663,7178
SZ,002537,-0.86,6661,6680
SH,600780,-0.33,6661,6661
SZ,300252,-1.07,6660,8156
SZ,300731,-0.64,6659,7017
SH,688185,3.3,6651,14366
SH,605098,3.01,6651,6651
SZ,000989,0.52,6650,8200
SZ,002163,0.24,6637,6979
SZ,000058,0.15,6637,8298
SH,688315,-1.59,6634,6634
SZ,000589,-0.45,6624,6668
SH,688787,0.29,6621,6621
SH,603897,0.13,6614,6614
SZ,002214,-3.14,6612,8274
SH,600775,-1.69,6611,8992
SZ,002057,0.46,6607,6612
SH,600966,1.23,6604,6604
SZ,002690,-0.19,6602,13428
SH,600422,-1.12,6601,6601
SZ,300137,-3.86,6588,6670
SZ,300678,-1.21,6587,6704
SH,688365,-2.21,6586,6586
SZ,002970,-0.6,6578,9574
SH,605178,1.67,6575,6575
SH,603887,-8.38,6574,6574
SH,688230,1.53,6574,6574
SH,601515,-0.28,6562,6562
SZ,002664,-0.24,6560,6645
SH,688788,-0.52,6556,6556
SH,688276,-0.8,6552,6552
SH,688115,1.2,6552,6552
SH,603368,-1.89,6550,6550
SZ,301061,1.2,6549,9857
SH,600103,0.34,6548,6633
SZ,301339,0.79,6546,6626
SH,603489,-0.24,6541,6541
SH,605188,1.02,6540,6540
SH,600894,0,6534,6566
SZ,300284,-1.79,6531,6882
SZ,002042,-1.02,6531,6531
SZ,300872,-1.64,6521,7541
SZ,920394,0.61,6508,6556
SZ,300819,-0.93,6501,7198
SH,600488,1.19,6497,6497
SH,600325,-1.66,6495,6495
SZ,000008,0,6492,6492
SZ,301291,-0.14,6487,12468
SZ,300192,-3.06,6476,6553
SZ,002135,0.98,6472,6916
SZ,301522,0.09,6468,8691
SZ,000735,9.98,6468,6472
SZ,000090,-0.56,6465,6465
SZ,300343,0.5,6458,6474
SH,603200,-1.17,6451,6451
SZ,301529,-1.72,6442,12002
SH,688708,0.47,6441,18070
SZ,002470,1.55,6440,6441
SH,603155,0.29,6438,6438
SZ,301678,0.83,6432,11087
SH,605366,0.12,6430,6430
SZ,300134,-0.82,6424,6424
SH,600851,0,6422,10501
SZ,300435,1.22,6422,6715
SZ,300212,3.15,6412,6609
SH,603068,1.91,6410,6410
SZ,300493,-0.46,6409,6483
SH,688685,-0.94,6403,6403
SH,600496,-0.3,6388,6388
SH,603197,-0.52,6385,6472
SZ,002014,-1.66,6377,6480
SH,688620,0.87,6374,6374
SZ,300900,1.64,6373,8134
SH,605339,4.89,6373,6373
SZ,002635,1,6364,10614
SH,601500,1.01,6364,6364
SZ,300324,-0.52,6361,6427
SZ,301182,3.38,6354,6967
SZ,001391,-0.23,6351,51033
SH,688601,2.33,6350,6350
SZ,300221,-1.07,6348,6509
SZ,300197,-1.82,6346,6346
SH,600501,0.95,6340,6340
SZ,300358,-1.52,6337,6429
SH,603867,0.72,6335,6388
SZ,300706,3.17,6335,8544
SH,603363,1.03,6332,8057
SZ,000572,0.52,6323,6332
SZ,300164,1.31,6322,6379
SZ,300815,-0.79,6316,6449
SH,600108,3.51,6308,6308
SZ,000905,1.67,6305,13110
SH,688307,2.47,6301,6301
SZ,300119,-1.91,6299,8775
SZ,002213,1.26,6295,7321
SH,688366,-0.94,6291,7419
SZ,000524,0.21,6271,6273
SH,688135,2.52,6261,6261
SZ,301137,-0.14,6254,6254
SH,688505,2.57,6246,9111
SZ,300041,1.59,6245,6417
SH,605005,-2.31,6244,6244
SH,688767,0,6242,6242
SZ,002009,-0.67,6238,7087
SH,600975,2.25,6236,6236
SH,600310,-1.84,6229,6229
SZ,000908,1.87,6229,12458
SZ,002965,-1.23,6227,8678
SH,688553,-1.59,6226,7680
SZ,002870,-0.12,6219,7323
SZ,002519,-0.53,6213,6229
SH,688757,0.5,6190,13777
SZ,002527,-0.42,6188,7758
SH,600643,-1.26,6186,6197
SZ,003010,-2.28,6185,8507
SZ,300617,2.58,6185,7377
SZ,002132,0.45,6184,6195
SH,603595,0.04,6183,6183
SZ,002052,-2.39,6177,6742
SZ,001212,0.88,6173,7136
SZ,000722,1.45,6173,7599
SH,688635,-2.48,6156,32475
SZ,000541,1.83,6152,7679
SZ,300598,-1.28,6150,6151
SH,603108,-2.76,6149,6149
SH,605288,-0.8,6142,6184
SZ,301261,-0.3,6141,6193
SZ,300820,-1,6128,12181
SH,603758,2.32,6124,6124
SH,688510,0.9,6121,6121
SH,688526,0.61,6120,6120
SH,600897,0.27,6116,6116
SZ,002452,3.14,6116,7326
SH,603776,0.55,6109,6109
SZ,300467,-6.38,6106,7289
SZ,301230,-2.87,6100,6782
SH,603213,-1,6099,6099
SZ,002538,-1.37,6099,6103
SZ,002272,-1.18,6098,7244
SZ,002606,1.12,6097,6353
SH,600230,2.44,6094,6094
SZ,002390,-0.31,6092,6143
SH,600617,1.18,6090,6617
SH,603969,-1.51,6089,6231
SH,688499,-1.39,6067,6067
SH,600769,-1.99,6067,6067
SH,600841,0.69,6060,8063
SZ,301312,-0.57,6058,12042
SZ,300256,0.37,6057,6125
SZ,002708,-0.84,6055,6588
SZ,002210,0.88,6054,6068
SZ,000957,-1.44,6054,6054
SH,600730,1.38,6048,6048
SH,600203,-0.96,6043,6043
SZ,000915,0,6037,6041
SZ,301333,0.32,6035,6043
SH,600255,0.91,6033,6033
SH,603567,-3.01,6031,6036
SH,688709,1.27,6027,17310
SH,605056,0.95,6027,6116
SZ,300393,0.8,6022,6865
SH,605018,-0.76,6022,6022
SZ,002104,-2.51,6021,7112
SZ,002605,-1.32,6021,7433
SZ,300969,-0.29,6017,12616
SZ,300369,-4.48,6009,6031
SH,603877,1.11,6007,6015
SZ,300981,-1.47,6005,6553
SZ,300534,5.19,6005,6030
SZ,300709,-0.21,6003,7477
SZ,002082,-1.94,6002,6466
SH,688658,-2.41,5999,5999
SZ,002068,0.12,5997,6000
SH,605183,-0.06,5997,6037
SZ,300307,-2.42,5996,6100
SZ,300128,-0.85,5994,6002
SH,600370,-1.31,5994,5994
SZ,300983,-0.87,5990,6774
SZ,300360,0.08,5988,6155
SH,688799,1.45,5988,5988
SZ,000670,5.26,5988,6099
SH,603383,-1.04,5987,5987
SH,600433,2.09,5986,5986
SZ,300203,3.33,5977,5982
SH,688717,0.15,5971,9645
SH,688689,1.01,5967,5967
SH,688232,-1.58,5960,5960
SZ,002302,-0.2,5958,5958
SZ,301099,0.94,5948,9773
SH,688117,-0.17,5945,5945
SZ,002127,-0.32,5944,7316
SH,600855,0.24,5944,5955
SZ,000561,0.13,5938,6610
SZ,000025,1.34,5931,6509
SZ,002382,0.51,5927,5985
SH,600586,0.72,5924,5924
SH,603708,0,5924,5924
SH,600698,0.71,5921,7619
SZ,300626,-1.34,5919,5922
SH,603135,0.32,5918,5962
SZ,300708,-0.96,5916,7735
SZ,002029,2.89,5915,6268
SH,688656,-0.05,5913,5913
SH,603012,-3.17,5903,5903
SZ,301292,1.46,5902,15435
SH,600983,0.13,5894,5894
SH,688109,-1.18,5881,5881
SZ,002232,-1.02,5879,5879
SZ,000913,0.09,5872,5943
SZ,300161,1.86,5871,5983
SZ,920599,0.6,5869,7743
SZ,002685,0.17,5864,5865
SH,605277,-0.12,5864,5972
SZ,300990,0.41,5856,12894
SZ,001330,-2.32,5849,6914
SH,600106,0,5848,5848
SH,600691,1.23,5844,5845
SZ,301307,1.36,5843,11311
SZ,002793,1.7,5842,5851
SZ,300063,-1.88,5839,7069
SZ,300696,-0.9,5839,6432
SH,603123,-2.92,5838,7149
SH,601199,-3.99,5836,5836
SZ,000793,0,5836,9623
SZ,300046,0.73,5835,5835
SH,688345,-0.87,5835,5863
SZ,000042,-0.1,5831,5837
SZ,003041,-1.95,5830,6136
SZ,301000,-0.73,5830,6175
SZ,002752,0.51,5824,5832
SZ,300127,-0.85,5823,8153
SH,688219,1.15,5820,5820
SH,600234,-1.11,5820,5820
SZ,300043,-2.89,5820,5823
SH,600963,0.3,5818,5818
SH,601116,0.47,5811,5811
SH,600449,3.4,5810,5810
SH,600477,0,5803,5803
SZ,002803,0,5797,8920
SH,688323,-0.27,5794,5794
SZ,300079,-0.21,5792,6446
SH,688173,0.43,5792,5847
SH,688095,-2.09,5791,5791
SZ,300756,-1.68,5791,6654
SZ,300258,-0.19,5790,5944
SZ,002349,-0.55,5789,5909
SZ,300581,2.24,5782,5782
SH,600592,-0.88,5782,5782
SH,688151,0.3,5777,5777
SZ,301566,-1.15,5767,10928
SH,600375,-0.5,5763,6316
SZ,002824,2,5758,7922
SH,605555,-0.07,5746,5746
SZ,002997,1.63,5746,5746
SH,688170,-1.01,5745,5745
SH,600826,0.25,5743,5743
SZ,002067,-1.37,5738,6327
SH,603507,-3.79,5737,5801
SH,688226,-0.15,5729,5951
SZ,002263,0,5729,5729
SZ,301070,0.45,5728,8522
SH,688562,-0.41,5728,5728
SH,603609,1.61,5722,5722
SZ,300465,-0.68,5720,5720
SH,600288,-0.97,5718,5718
SH,688408,0.04,5715,5715
SZ,301638,-1.8,5713,72591
SH,603130,-1.06,5711,5711
SZ,002988,-1.96,5706,5706
SZ,300214,2.76,5704,5704
SZ,003006,1.06,5704,5719
SH,600223,-1.05,5703,5703
SH,688575,-1.37,5702,5702
SH,600054,-0.62,5698,8096
SZ,301153,-1.71,5696,6107
SZ,300093,-3.74,5696,13316
SZ,002298,-1.02,5696,6380
SZ,300075,-2.55,5696,6863
SZ,001236,-0.78,5693,7568
SZ,002101,-0.45,5688,5694
SZ,002695,0.36,5682,6217
SZ,002164,-3.65,5676,6296
SH,688419,-1.7,5675,5675
SZ,301101,-0.13,5666,5882
SH,600742,0.26,5662,5662
SZ,001323,-2.67,5655,7905
SH,603098,5.11,5652,5660
SZ,000936,-8.45,5652,5653
SZ,301321,-0.15,5651,7137
SZ,000411,-0.98,5649,5660
SH,688448,2.15,5645,5645
SH,601968,0.91,5639,5639
SZ,002907,10.03,5638,7011
SZ,002073,-0.17,5638,5696
SZ,301306,0.55,5636,8164
SH,603366,-0.56,5634,5634
SZ,002218,0,5634,5718
SZ,301282,8.8,5631,6727
SZ,002860,0.37,5631,5765
SZ,300048,0.61,5629,5639
SZ,000608,-2.83,5621,5654
SZ,002510,0.18,5617,5675
SZ,300996,-2.19,5617,6673
SZ,002992,1.24,5617,6502
SZ,000036,-4.07,5612,5615
SZ,000697,-0.22,5604,11978
SH,603353,4.02,5603,5603
SZ,001313,1.78,5600,5607
SZ,300579,-1.73,5600,5805
SZ,301580,4.01,5597,8283
SZ,300689,3.21,5594,6356
SZ,002956,0.28,5591,5591
SZ,300470,-0.27,5590,5891
SH,688334,0,5588,5667
SZ,300217,0.22,5586,6651
SZ,300019,-0.06,5584,5956
SZ,300039,1,5584,6370
SZ,300159,1.68,5582,9970
SZ,000517,0,5582,7132
SH,603380,3.42,5582,5582
SZ,000900,0.27,5570,5570
SH,600081,-1.36,5569,5569
SZ,002805,0,5562,5587
SZ,002206,0.38,5560,6112
SZ,300006,-0.56,5554,5554
SZ,002376,3.23,5541,5706
SH,603336,-0.86,5533,5533
SH,603333,-2.08,5532,5532
SH,603587,0.17,5531,5531
SZ,000948,-2.4,5526,5536
SZ,000501,1.27,5524,5529
SZ,000920,-0.5,5520,5520
SH,603855,0.24,5509,5542
SZ,300283,0.21,5504,7201
SZ,002134,-0.44,5503,5507
SH,603901,0,5501,5577
SZ,301301,-0.21,5499,19800
SZ,002787,3.31,5498,7366
SH,603848,1.41,5497,5497
SH,600237,-0.44,5497,5548
SH,600981,0.41,5494,5494
SZ,300905,2.15,5488,7051
SH,600982,-0.8,5488,5488
SH,603217,1.97,5483,5483
SZ,300158,-0.53,5483,5487
SZ,300057,0.3,5476,6614
SH,600035,0,5474,5474
SZ,300293,0.25,5473,5473
SZ,002301,-2.8,5471,5517
SZ,002882,4.14,5464,9584
SZ,301362,2.16,5462,19470
SH,603686,-0.22,5455,5455
SZ,300278,-0.5,5455,5472
SZ,300227,-2.04,5449,7113
SH,603610,-0.83,5443,5443
SZ,300797,11.76,5443,5458
SZ,002279,-5.9,5441,5897
SZ,920493,-2.21,5436,7378
SH,600189,-0.12,5436,5436
SZ,300451,-2.19,5435,5515
SH,605287,-0.66,5433,5433
SH,603110,6.94,5427,5427
SZ,001359,0.09,5426,21704
SH,600784,1.39,5419,5419
SH,603790,9.99,5414,5414
SH,600292,-0.15,5408,58647
SH,603439,-1.02,5407,5407
SH,600694,-0.06,5405,5405
SH,600278,1.29,5404,5404
SH,688707,0.28,5403,5403
SZ,002274,0.52,5402,5486
SH,603499,0,5401,5401
SZ,002047,-5.81,5398,5398
SZ,002196,-0.89,5397,5479
SZ,300926,2.09,5385,7848
SH,600721,1.3,5380,5380
SH,688282,6.06,5378,5378
SZ,002833,0.33,5378,7873
SH,688776,0.51,5376,5376
SH,600743,2.23,5373,5373
SH,603668,1.24,5372,5372
SZ,300587,-2.1,5368,6621
SH,688181,-2.79,5361,5361
SH,688566,-0.55,5359,5359
SZ,000717,0,5356,5357
SZ,300300,0.38,5354,5355
SH,688720,3.28,5347,8387
SZ,002255,-0.58,5346,6963
SZ,003012,0.86,5344,5449
SH,600644,-2.11,5344,5344
SZ,300695,0.46,5338,5338
SZ,002194,-0.09,5334,7134
SZ,002713,-1.64,5333,9638
SZ,300082,0.64,5332,5346
SZ,920368,-0.2,5330,5602
SH,688228,-1.16,5324,5324
SZ,300648,1.29,5323,6992
SZ,000557,0.83,5321,5323
SZ,300592,-1.71,5320,6052
SH,603153,0.08,5318,5398
SH,601177,0.3,5316,5386
SZ,300918,-0.09,5314,5314
SH,600889,-0.13,5312,8506
SH,688655,5.48,5312,5312
SZ,300067,-2.24,5305,6534
SH,603889,0,5304,5344
SZ,003040,-1.1,5304,5354
SZ,300149,-1.69,5302,5560
SZ,300633,-1.58,5296,8650
SH,688237,-1.95,5294,5294
SH,603194,-0.26,5288,13417
SH,600593,-0.5,5281,5348
SH,688320,-0.39,5278,5278
SH,600868,-1.06,5277,5277
SZ,300488,0.03,5276,6219
SZ,002419,0.87,5273,5273
SZ,301323,0.46,5271,8194
SZ,002424,-1.07,5264,6387
SH,605228,-0.89,5263,5284
SZ,002649,-2.96,5262,5802
SZ,301053,1.46,5261,5666
SZ,002191,-0.52,5260,5302
SZ,300525,-2.39,5260,6411
SH,600191,5.24,5257,5257
SH,600300,1.88,5256,5256
SH,605050,-0.08,5249,5249
SZ,002577,1.3,5249,5249
SZ,300233,-1.45,5248,5447
SZ,002697,-1.5,5247,6215
SH,688218,2.97,5243,5243
SZ,002489,0.74,5242,5943
SZ,301413,1.42,5239,8775
SH,600825,-0.98,5235,5235
SH,600605,0.87,5233,5233
SZ,000531,0,5231,5988
SZ,002567,1.67,5226,5231
SH,601086,0,5221,5221
SZ,002651,10.01,5219,9539
SH,603286,6.44,5219,5268
SH,601518,-0.35,5218,5218
SZ,000571,-0.61,5218,5379
SZ,300825,-1.55,5213,5325
SH,688207,-0.09,5205,5205
SZ,002038,1.16,5205,6277
SH,600217,1.29,5205,5205
SZ,300792,-1.68,5203,5799
SH,603158,-1.48,5202,5202
SZ,000925,-0.63,5201,5242
SZ,002572,-2.43,5199,7685
SH,603131,-0.57,5198,5198
SZ,002235,-9.96,5198,5442
SH,688683,0.06,5197,5197
SZ,002383,-0.27,5190,5190
SZ,300084,-4.16,5190,6047
SZ,301349,2.35,5188,6571
SZ,002165,10.03,5188,5242
SH,605299,0.63,5181,5181
SZ,300066,-1.32,5180,5398
SH,600720,-0.18,5176,11771
SZ,301211,1.64,5170,5170
SZ,002657,-1.46,5170,5219
SH,603666,-0.31,5167,5167
SZ,002300,-1.51,5164,5165
SZ,301379,1.2,5163,6551
SZ,002358,0.73,5160,5160
SH,603191,-2.91,5154,5154
SH,603590,-0.48,5153,5179
SH,601011,1.13,5153,5153
SH,603212,1.03,5149,5149
SZ,300856,-2.77,5149,5328
SH,601279,0.62,5138,5138
SZ,002777,-1.62,5133,5180
SZ,300531,-1.01,5132,5288
SZ,002122,0,5128,5164
SH,603701,0.82,5125,5125
SZ,002528,0.41,5125,5850
SZ,002640,0,5125,5157
SH,688539,1.32,5124,5124
SH,688101,-0.12,5120,5120
SZ,000652,0,5118,5122
SZ,300925,-1.93,5117,6276
SZ,300446,-0.5,5114,11574
SH,600603,1.14,5111,5111
SH,603916,10.05,5111,5111
SZ,301012,-0.6,5109,5109
SH,601002,1.71,5106,5145
SZ,002637,2.43,5101,5160
SZ,000888,-0.81,5101,5101
SZ,002915,-1.55,5099,5934
SZ,000796,0,5097,6143
SZ,301239,-0.49,5095,5367
SZ,300681,0.5,5089,6749
SH,600073,3.83,5082,5082
SH,605377,1.11,5082,5082
SH,603727,-0.76,5082,5082
SH,600138,-0.42,5081,5081
SH,605009,-0.2,5069,5069
SZ,002166,0.29,5067,5087
SH,688348,0.31,5065,5065
SH,688057,0.16,5065,5065
SZ,002201,-0.46,5063,5480
SZ,002066,1.01,5061,5147
SZ,002559,0.4,5060,6444
SZ,300586,0.85,5057,6728
SH,600569,0.57,5055,5055
SZ,301256,2.03,5054,5054
SZ,002351,-1.31,5049,8615
SZ,301368,-0.79,5049,5049
SZ,002060,0,5048,12127
SH,600817,2.36,5046,5071
SZ,300528,-1.45,5045,5045
SZ,300406,-1.56,5045,6969
SH,600279,0.95,5044,5044
SH,688691,0.25,5044,8296
SH,600513,0.28,5044,5044
SH,600610,2.16,5039,7617
SH,688007,0.27,5037,5037
SH,605286,-2.27,5037,5037
SZ,301629,2.21,5032,10939
SH,688386,1.45,5032,5508
SH,603173,0,5030,5030
SH,600495,0.97,5026,5026
SH,688696,1.21,5025,5025
SZ,002570,1.75,5022,5022
SH,603843,0.14,5016,5016
SH,600284,-0.76,5016,5016
SZ,002530,-0.95,5012,5618
SH,603170,-1.02,5008,5008
SH,603511,2.72,5008,5057
SZ,301330,-0.36,5006,5757
SZ,000560,-0.92,5004,5041
SH,600336,-0.31,5004,5004
SZ,301265,1.84,5001,6211
SZ,000852,1.54,4998,5027
SZ,301160,0.71,4998,7522
SZ,000525,2.05,4992,5850
SZ,002189,-0.61,4988,4989
SZ,300878,-0.28,4987,5010
SZ,002589,3.4,4984,5492
SZ,002344,1.3,4984,4989
SH,603196,-0.23,4984,8805
SH,600351,3.3,4982,4982
SZ,300692,-0.91,4982,5460
SH,688410,-0.62,4980,4980
SH,688247,1.76,4973,4973
SZ,300259,-2.48,4966,4967
SH,600939,1.16,4965,4965
SZ,300783,0.51,4964,7114
SH,600990,-0.8,4963,4963
SZ,002940,-0.29,4958,5398
SH,688786,0.99,4953,4953
SH,688225,-1.11,4952,4952
SH,603122,-0.07,4952,4952
SZ,300443,-0.67,4950,6528
SH,603162,3.44,4950,16114
SZ,300619,-1.13,4946,5874
SZ,002303,-1.72,4941,7825
SZ,000779,10.04,4941,4941
SZ,002479,1.42,4937,4948
SZ,300087,3.99,4936,5182
SZ,300569,0,4935,4950
SH,600814,1.21,4932,4932
SZ,002989,-1.69,4932,5026
SZ,003004,-1.27,4928,5869
SZ,002757,-3.04,4925,5159
SZ,301365,-7.87,4924,7295
SZ,002154,-0.94,4921,6085
SZ,002033,-0.1,4918,4918
SH,600308,0.93,4915,4915
SZ,300680,-0.22,4914,6385
SZ,300697,4.73,4909,6412
SZ,002334,-0.88,4903,5470
SH,600197,-0.95,4902,4902
SH,600523,5.11,4901,4904
SH,688389,-0.25,4898,4898
SZ,300219,0.43,4897,4906
SH,600199,-3.12,4894,4894
SZ,300261,-0.94,4893,5000
SH,600979,-0.75,4892,4968
SZ,300287,-1.84,4891,5325
SH,601566,1.19,4890,4890
SZ,000720,1.04,4888,4888
SZ,000404,-0.55,4886,4907
SH,603711,0.94,4884,4884
SH,600790,0.6,4881,4881
SZ,300907,0.57,4879,4879
SZ,301051,2.81,4876,6137
SH,688210,2.29,4875,4875
SH,603111,1.39,4875,5017
SZ,300016,-0.68,4874,5043
SZ,301115,-1.97,4873,5946
SZ,002307,0.67,4871,4930
SZ,002526,0.36,4870,4903
SH,601789,-3.02,4869,6829
SH,688379,-1.29,4867,5132
SZ,300249,0.08,4867,5964
SZ,301589,-1.1,4863,13044
SZ,301268,0.68,4862,5375
SZ,002483,-0.17,4860,4867
SZ,002662,0,4860,4860
SZ,002375,0.83,4858,4891
SH,603398,1.45,4852,4852
SZ,002819,-0.82,4852,6115
SZ,002455,1.94,4850,5303
SZ,002238,-1.14,4847,4847
SZ,001322,0,4847,5958
SZ,300404,-2.12,4845,6546
SH,688377,1.67,4844,4844
SH,603988,-5.89,4843,4843
SZ,002632,-1.16,4842,5265
SZ,300397,1.2,4837,6134
SH,603598,-3.23,4836,4841
SH,688356,-3.03,4834,4834
SH,600222,6.14,4833,4833
SZ,300120,-1.07,4831,5261
SZ,920640,0.6,4826,5016
SZ,301235,1.03,4822,6443
SH,600379,0.62,4818,4818
SZ,301045,-0.42,4817,7623
SZ,002523,3.02,4813,4831
SZ,300518,-1.46,4807,4808
SZ,301179,-0.63,4802,8177
SZ,002556,2.59,4801,4806
SZ,301603,-1.46,4800,15361
SZ,002481,2.14,4797,5293
SZ,002443,1.21,4794,4794
SH,600231,1.2,4793,4854
SH,600207,-1.11,4793,4793
SH,603137,0.46,4793,4793
SZ,300871,-2.53,4792,4792
SZ,301583,-3.98,4791,28823
SH,688238,-1.32,4791,4803
SZ,300788,-0.97,4790,4790
SH,603777,1.42,4782,4782
SZ,000863,1.23,4781,4853
SH,600571,0,4779,4868
SH,603330,10.02,4779,5084
SH,688591,1.04,4773,6812
SZ,300461,-4.95,4773,5196
SH,688530,7.5,4771,10944
SZ,300291,-2.09,4770,4832
SZ,300292,-1.83,4765,5729
SZ,001207,2.91,4764,4935
SZ,002728,1.06,4762,4876
SH,603387,0,4762,4762
SZ,301060,5.25,4761,5295
SH,603980,1.15,4758,4758
SZ,002482,0,4755,4764
SZ,300755,-1.2,4753,4756
SH,600121,-0.5,4752,4752
SZ,002102,0,4750,5521
SH,603976,1.77,4745,4745
SH,688679,5.29,4745,4745
SH,688085,-1.66,4740,4959
SZ,300147,-4.24,4740,4768
SZ,001208,-0.79,4740,9492
SZ,000753,1.06,4739,4739
SZ,002959,1.22,4738,5281
SH,688719,0.53,4737,6092
SZ,301162,-2.78,4728,7284
SH,600756,-2.79,4725,5098
SZ,300189,14.13,4724,5458
SZ,001328,-2.33,4722,5027
SZ,002111,0.31,4716,5134
SZ,300388,-0.85,4713,4713
SH,688667,-0.88,4711,4711
SZ,002291,-1.27,4711,5068
SH,605368,0.15,4709,4709
SZ,300267,0,4708,6827
SZ,002638,-1.68,4707,4999
SZ,300490,1.53,4707,4772
SH,600551,0.58,4706,4706
SZ,002892,-0.52,4706,6977
SH,688137,-3.27,4705,4705
SZ,300463,-1.13,4705,5787
SH,605208,3.04,4702,4702
SZ,002919,-1.43,4698,4732
SZ,300785,-1.63,4694,7630
SH,603070,0.95,4692,4692
SZ,301004,0.58,4688,5022
SH,600626,2.02,4675,4675
SH,603222,-0.88,4668,4668
SZ,300215,-1.41,4667,4667
SZ,002322,1.76,4666,4854
SZ,002026,0.95,4665,4665
SZ,001317,-1.68,4664,4668
SZ,002045,-1.18,4662,4669
SH,688665,0.46,4662,4662
SZ,002418,0.74,4659,4659
SZ,002880,-0.14,4658,4658
SZ,300547,0,4657,5668
SH,688807,3.78,4656,23279
SZ,002478,3.21,4654,5801
SZ,002590,-0.41,4653,4879
SH,603150,-0.34,4651,4651
SH,603408,0.78,4650,4650
SH,605338,-0.5,4650,4650
SH,603998,-1.75,4650,4650
SZ,002501,0,4646,4651
SH,600088,-1.67,4645,4645
SZ,300196,0.64,4644,7686
SH,603803,-1.88,4644,4644
SZ,300802,-1.11,4638,6511
SZ,002749,-1.26,4638,4741
SH,600715,-2.98,4637,6577
SZ,002727,-1.41,4636,6910
SZ,301458,0,4625,10499
SZ,300123,-2.1,4622,4752
SZ,002573,-0.9,4621,4628
SZ,002520,-3.15,4620,4832
SH,600857,1.33,4619,4619
SZ,300727,1.75,4618,5132
SZ,300688,-2.31,4618,5209
SZ,300232,-1.51,4611,5659
SH,688609,-1.27,4610,4812
SZ,000759,1.15,4610,4657
SZ,920576,1.98,4608,4654
SZ,301367,-1.42,4601,5876
SZ,300523,-0.44,4599,4599
SH,603912,-1.39,4599,4599
SH,600084,-1.2,4596,4596
SH,600714,4.53,4591,4591
SZ,300027,0.56,4591,4966
SH,603767,-0.53,4589,4589
SZ,300964,0.93,4582,6245
SZ,000417,0.68,4581,4586
SZ,002370,1.66,4571,4571
SZ,300767,0.95,4570,5263
SH,600681,0.59,4569,4572
SZ,002543,-1.28,4565,5131
SZ,002401,0,4564,4568
SH,603348,-0.06,4563,4563
SZ,300429,0.46,4562,6065
SZ,002522,-0.19,4561,4565
SH,603216,-0.57,4554,4554
SH,601588,0,4549,5758
SH,688551,-1.1,4548,4548
SZ,000045,-1.18,4543,5035
SZ,300705,-2.76,4539,6139
SZ,002146,-1.68,4537,5044
SH,688119,1.26,4534,4534
SH,603726,1.62,4525,4548
SH,688653,3.4,4525,6070
SH,605300,1.84,4521,4521
SH,603365,0.64,4520,4544
SH,603683,0.38,4520,4567
SZ,301008,0.05,4519,5118
SZ,301391,-2.24,4517,4623
SH,600558,0.4,4515,4515
SZ,000558,-0.56,4510,4512
SH,603386,2.22,4507,4507
SH,603669,0.48,4502,4502
SZ,300715,1.48,4500,5436
SZ,002124,1.33,4497,5066
SZ,000665,-3.65,4492,4492
SH,603681,0.75,4489,4489
SZ,301325,-0.37,4487,4487
SH,603928,0.92,4484,4484
SZ,300606,-2.57,4483,5271
SH,603032,0.21,4483,4490
SH,600758,-1.16,4477,4482
SH,600469,1.54,4477,4708
SH,688646,-2.31,4476,6940
SH,600658,0,4474,4474
SZ,002788,-0.42,4471,4550
SZ,002627,0,4468,4516
SZ,002774,-9.73,4463,5333
SZ,301252,-0.35,4462,5564
SH,600173,1.59,4462,4462
SZ,002586,-0.96,4459,4691
SZ,000507,0.2,4458,4543
SZ,002393,-0.39,4455,4575
SH,688196,0.86,4452,4452
SH,600283,0.13,4447,4447
SH,600071,0.19,4446,4446
SZ,002641,1.29,4445,4818
SH,601218,0,4438,4438
SZ,002707,0.2,4437,5041
SH,600382,0.79,4437,4437
SH,600178,-0.1,4436,4436
SZ,301075,0.91,4435,4435
SH,603097,-1.24,4435,4539
SZ,300968,-0.36,4431,4431
SZ,000886,0.22,4430,4479
SZ,300711,-3.2,4424,4995
SZ,301058,3.73,4421,4495
SZ,002540,0.98,4420,6425
SZ,300737,0.61,4418,5529
SZ,002112,0.9,4416,4956
SZ,002161,1.7,4415,4416
SH,688045,0.29,4414,4414
SZ,300643,-1.33,4413,4423
SZ,002454,-0.39,4413,4422
SH,688291,2.9,4412,4412
SZ,300138,-2.11,4409,5348
SZ,300917,-0.98,4409,4409
SH,600976,-1.4,4409,4412
SH,688558,3.95,4407,4407
SH,603015,1.87,4402,4402
SZ,300271,-2.45,4401,4498
SH,688010,0.81,4395,4395
SZ,001283,0.09,4394,5511
SZ,002059,-0.21,4394,4526
SH,688360,5.11,4391,4391
SH,603018,1.13,4391,4391
SH,603060,0.37,4390,4390
SZ,002884,0.88,4386,5744
SH,603209,1.56,4385,4433
SZ,000078,-1.17,4384,4394
SH,688061,3.59,4382,4382
SZ,300791,-4.69,4381,5246
SH,603175,0.64,4379,42086
SZ,002746,0.82,4379,5310
SZ,300481,7.11,4371,4398
SH,600101,-0.49,4366,4366
SZ,300368,-9.63,4364,4364
SH,603187,-7.83,4363,4409
SZ,002005,0,4362,4364
SZ,000718,0.53,4358,5796
SZ,300505,7.1,4358,5511
SH,601065,0.74,4352,4352
SZ,000819,0.08,4348,4390
SH,688350,0.9,4346,4346
SH,600227,2.72,4344,5742
SZ,300326,-1.77,4343,4345
SZ,002876,0.31,4343,5070
SH,603206,-0.83,4343,4343
SZ,300403,4.32,4338,5970
SH,603611,-0.35,4335,4335
SH,603869,-1.21,4334,4334
SZ,300091,0.76,4334,7531
SH,603038,0.25,4334,4334
SZ,002367,-2.14,4330,4348
SZ,301007,-0.96,4329,4387
SZ,300286,0.87,4322,5216
SZ,300632,0.26,4320,5960
SH,603016,-0.3,4317,4317
SH,600152,-0.11,4317,4317
SZ,301370,0.44,4315,4315
SZ,002480,-1.05,4314,4323
SZ,002321,2.53,4311,4330
SH,600337,0,4311,4311
SZ,300018,-2.05,4309,5796
SH,603322,-1.75,4307,4307
SH,688212,-1.19,4307,4307
SZ,001338,0.82,4305,4305
SH,603165,1.47,4303,4303
SZ,002427,0.23,4302,4306
SH,605577,-0.61,4302,4302
SZ,000821,-1.1,4299,4429
SZ,301277,-0.53,4297,4297
SH,603324,2.73,4296,4446
SZ,002644,-0.93,4295,4295
SZ,300105,-3.13,4294,4297
SZ,301116,0.53,4292,4292
SH,600880,-1.5,4285,4286
SH,605086,-0.41,4283,4283
SH,600340,0,4283,4283
SZ,300984,2.95,4280,6642
SZ,002765,-0.13,4279,4682
SZ,300434,-2.18,4276,5022
SH,688639,0.65,4274,4274
SZ,000521,0,4271,5026
SZ,002088,6.84,4270,4300
SH,600819,0.74,4270,5284
SH,603822,0.73,4268,4268
SH,688267,-0.36,4266,4266
SZ,000919,1.03,4265,4266
SZ,002264,-0.6,4263,4715
SH,603960,-0.24,4263,4263
SZ,300441,0,4263,4388
SZ,000428,-1.64,4259,4259
SH,600261,2.9,4259,4259
SH,603339,0.15,4258,4258
SH,603106,-5.09,4258,4258
SH,688311,0.37,4253,4253
SH,605088,0.33,4253,4286
SZ,301488,-0.91,4249,10369
SH,688429,0.95,4248,4248
SZ,300669,-2.3,4247,4484
SZ,301348,-2.35,4245,5266
SH,603095,9.97,4243,4243
SZ,002886,0.15,4242,5340
SZ,300859,-0.57,4241,4241
SH,600609,-0.3,4240,4240
SH,603121,0,4238,4238
SH,600650,0.37,4238,5985
SZ,300847,-0.55,4230,4230
SZ,920946,-2.07,4229,4231
SZ,300320,2.71,4227,5237
SZ,002117,-0.48,4225,4226
SZ,002328,-0.13,4217,5703
SZ,002490,3.87,4215,6407
SZ,300532,-0.7,4214,4430
SZ,300121,1.55,4212,4368
SZ,301280,2.22,4208,8104
SZ,300210,-1.91,4198,4198
SH,605055,-0.72,4198,4198
SH,688595,-0.91,4192,4192
SZ,920077,0.07,4191,8137
SH,603636,-1.49,4190,4190
SH,603069,0.53,4184,4184
SH,603956,0.14,4183,4183
SH,603615,0.64,4174,4174
SH,600479,-0.29,4173,4907
SZ,300096,-0.5,4171,4171
SH,688136,-1.28,4171,4171
SH,688633,1.12,4168,4168
SH,688269,3.88,4167,4167
SZ,000655,2.64,4161,4161
SZ,300557,-0.63,4154,4175
SZ,300901,1.88,4152,4152
SH,600127,10.05,4146,4146
SH,600135,1.35,4144,4144
SH,603703,2.36,4142,4142
SH,688211,1.22,4140,4140
SH,603261,-4.98,4131,4131
SZ,000518,0,4128,4129
SZ,002843,0.92,4128,4154
SZ,300793,-0.71,4126,4220
SZ,300355,0,4126,4845
SZ,002758,1.79,4125,4130
SZ,300539,-0.41,4122,5072
SZ,300206,-1.29,4121,7060
SZ,301096,-1.11,4113,5407
SH,603318,1.02,4109,4964
SH,603429,3.85,4107,4107
SH,603966,0.64,4106,4111
SH,600824,9.89,4100,4100
SZ,000678,-0.21,4100,4100
SZ,003019,0.85,4093,4188
SH,688168,0.03,4092,4092
SH,603088,-0.1,4090,4692
SZ,002560,0.78,4085,4743
SZ,300061,-0.29,4081,4323
SZ,920593,-0.82,4080,4787
SZ,002380,-0.54,4078,6883
SH,603676,0.21,4077,4077
SH,600792,0.27,4073,4073
SH,603178,-0.62,4073,4073
SZ,002160,1.54,4071,4079
SH,603558,-0.07,4071,4071
SH,603519,0.39,4069,4069
SH,605268,0.65,4066,4066
SZ,300071,-1.59,4065,4145
SZ,002950,-1.04,4064,5991
SH,600520,1.95,4062,4062
SH,603167,0.12,4058,4058
SZ,300022,0.61,4058,4058
SZ,002693,-0.69,4056,4093
SH,600628,1.46,4056,4056
SH,603072,0.25,4055,8489
SZ,300893,0.19,4054,7644
SH,603697,-1.65,4050,4050
SZ,300318,-0.96,4049,4174
SZ,002040,2.71,4049,4049
SZ,300590,-0.43,4047,5228
SZ,000782,-0.77,4046,5259
SZ,001288,-0.07,4044,6225
SH,688286,-3.57,4044,4044
SZ,001316,1.09,4043,4334
SZ,301602,2.49,4039,8297
SH,603058,-0.4,4035,4035
SH,603035,-0.08,4030,4030
SZ,300111,0.32,4029,4029
SZ,002562,1.23,4027,5657
SZ,002449,0.62,4026,4026
SH,688215,1.27,4026,4026
SH,603271,-0.06,4022,8427
SH,603081,-0.62,4022,4022
SH,688583,0.57,4020,11536
SZ,300421,-0.67,4019,5131
SH,600725,-0.3,4018,4018
SZ,300712,1.23,4011,4028
SH,601368,1.11,4009,4009
SZ,301376,-0.13,4008,8331
SH,603090,0.6,4004,4004
SZ,301517,0,4000,6201
SZ,301419,7.2,3999,6050
SZ,301201,0.16,3998,5698
SZ,300963,-0.33,3996,5449
SZ,000096,0.51,3995,4129
SH,603520,1.22,3994,3994
SZ,000882,1.39,3994,3997
SZ,300246,-0.62,3993,4996
SZ,002724,3.69,3991,5424
SH,688785,2.48,3990,19946
SZ,301168,-1.01,3987,5020
SZ,300882,0.07,3984,4282
SH,603085,-0.39,3983,3983
SZ,301003,-1.05,3981,5146
SZ,000626,2.73,3979,3997
SZ,300561,-0.11,3977,5414
SH,688298,0.2,3976,3976
SH,688023,-1.98,3975,3975
SH,600505,-0.36,3970,3970
SZ,002116,1.13,3970,4019
SZ,002986,-1.04,3966,4995
SZ,002553,-0.82,3966,5471
SZ,002469,9.93,3965,4094
SZ,300004,-7.29,3965,3965
SH,603967,0.18,3962,3962
SZ,300873,2.05,3958,5452
SZ,002612,-3.35,3952,6871
SZ,300758,0.55,3950,4382
SZ,002628,-5.75,3950,3967
SH,603657,10.02,3949,3949
SH,600798,2.19,3945,3945
SZ,300194,1.75,3941,4842
SZ,300183,-0.74,3940,4913
SH,603719,0.51,3940,3940
SH,603918,-4.5,3940,3940
SH,688489,-0.12,3939,3970
SH,603679,-0.75,3939,3939
SH,600526,1.58,3937,4007
SZ,000523,1.71,3936,5451
SZ,301479,-0.35,3933,6870
SH,605028,-0.44,3930,3930
SZ,000716,4.91,3929,4020
SZ,000599,0.84,3929,11751
SH,600727,1.36,3927,3927
SZ,300345,10.11,3925,4749
SZ,002688,0.96,3924,4040
SZ,920139,1.14,3924,4061
SZ,300662,-0.83,3921,3932
SZ,000822,2.82,3921,3921
SH,605058,0.92,3920,3920
SZ,300943,2.48,3920,5988
SZ,001380,1.32,3917,4558
SH,603421,0,3913,3913
SZ,300571,-2.24,3911,4719
SH,600067,0.36,3911,3911
SZ,301186,0.06,3910,4158
SZ,300553,4.65,3909,5100
SZ,300508,3.25,3908,5192
SZ,300639,-3.27,3907,4008
SZ,301102,-0.2,3906,3906
SZ,300349,-0.08,3904,4406
SZ,301257,-0.83,3903,4094
SZ,000505,9.98,3902,4485
SH,603239,-0.2,3901,3901
SZ,000850,1.23,3896,3897
SZ,002677,-0.97,3888,4555
SH,603113,0.66,3886,3886
SH,600800,-2.5,3884,3885
SH,603689,-0.26,3884,3902
SZ,002930,0.11,3883,4104
SH,688133,-3.62,3882,3882
SZ,002564,-0.87,3882,3882
SZ,920239,-0.13,3880,3927
SZ,301408,-0.81,3879,6776
SZ,300424,4.72,3873,3875
SZ,002584,0.24,3869,4834
SH,688039,-1.59,3868,3868
SZ,300332,0,3867,4035
SZ,300588,-0.22,3865,4186
SH,688459,-0.61,3864,3864
SZ,300911,1.81,3862,4133
SZ,300880,-0.14,3860,3860
SZ,300522,-1.33,3860,4730
SZ,301169,1.13,3859,3861
SH,605162,0.58,3857,3857
SH,688571,-0.75,3856,3856
SZ,002669,2.33,3854,3862
SZ,300541,-1.77,3853,4270
SH,603926,0.6,3850,3886
SH,603020,0.1,3850,3850
SZ,300936,2.31,3849,6103
SZ,002582,1.18,3849,5005
SZ,002406,0.88,3845,4995
SH,603716,-1.95,3841,3841
SH,688075,1.68,3839,3839
SZ,002786,-0.38,3829,3841
SH,603291,1.57,3826,3826
SH,603315,-0.82,3825,3825
SH,688768,0.99,3820,3852
SH,605337,1.35,3819,3819
SZ,002172,9.91,3818,3821
SH,603138,-0.89,3815,3884
SZ,300351,-0.33,3814,5631
SZ,000802,-9.96,3814,3816
SH,600333,0.81,3813,3813
SZ,002162,1.22,3811,3817
SH,600860,0.12,3810,4697
SZ,301187,-2.79,3806,3806
SZ,002177,-1.23,3805,4240
SH,600794,2.26,3804,3804
SH,603559,8.1,3804,3804
SZ,300629,-0.22,3802,4410
SZ,002197,-0.96,3802,4374
SZ,002554,1.06,3800,3801
SZ,000016,-1.23,3800,5731
SZ,300478,-0.92,3796,3796
SZ,301234,4.27,3796,6426
SH,688199,1.12,3795,3795
SH,605189,-1.29,3795,3795
SH,600960,0,3793,3793
SH,600527,0.46,3793,3793
SZ,300200,-0.32,3790,3853
SZ,300471,-3.43,3789,4753
SH,603607,-4.88,3786,3786
SH,688299,1.54,3785,3785
SZ,300055,0.85,3772,4987
SZ,002035,-0.61,3769,4086
SZ,000797,0.84,3769,3770
SZ,000532,1.2,3765,3778
SH,601113,0.59,3765,4618
SH,605369,0,3763,3763
SZ,002228,1.3,3761,3774
SH,688588,-1.12,3760,3760
SZ,300749,4.37,3757,4897
SZ,300809,-0.03,3754,6321
SZ,301421,0.56,3752,9377
SZ,001269,0.26,3752,3752
SZ,000906,-0.36,3752,3797
SH,688302,-0.85,3751,3751
SZ,002187,0.75,3750,3750
SZ,300044,-0.94,3749,4003
SH,605388,1.63,3747,3747
SZ,301630,1.01,3747,10001
SH,601188,1.06,3747,3747
SZ,002973,-0.75,3745,4818
SZ,002849,1.36,3742,3773
SH,600805,0.69,3741,3744
SH,600568,-0.87,3739,4464
SZ,002356,5.17,3737,3737
SZ,002107,2.03,3737,3775
SZ,002090,1.74,3735,3757
SZ,000526,-6.98,3733,3745
SZ,300299,-1.45,3730,3735
SH,603579,-0.58,3717,3717
SZ,300290,-4.12,3716,3717
SZ,002412,1.91,3714,3754
SH,605158,1.4,3713,3713
SH,603109,1.2,3709,3709
SZ,300243,-1.77,3708,4635
SZ,920522,-1.77,3708,4470
SZ,301315,-3.76,3707,3707
SH,605378,0.21,3706,3706
SZ,300317,-5.09,3705,3711
SZ,002596,0,3703,3707
SZ,300686,0.85,3702,3727
SH,605186,-1.9,3696,3696
SH,601366,10,3695,3695
SH,688606,-1.02,3695,3695
SH,603126,1.17,3694,3694
SZ,300414,2.9,3693,3814
SZ,002333,-0.53,3692,3739
SZ,300656,-0.97,3690,4679
SZ,002927,0.6,3684,3725
SH,603396,1.18,3681,3681
SH,600734,0.6,3681,3681
SH,603655,0.52,3680,3680
SZ,000007,-1.02,3679,3679
SH,688399,-1.03,3679,3679
SZ,000659,0,3677,3677
SZ,300380,-1.66,3677,3997
SZ,001238,1.32,3676,3930
SZ,300448,-0.86,3675,3870
SZ,301038,0.37,3674,3674
SZ,300683,-1.85,3666,3931
SH,603706,1.9,3663,3663
SH,688265,-5.44,3662,3662
SZ,300654,-0.18,3660,3800
SH,600980,1.68,3660,3738
SZ,300010,-0.89,3659,4547
SZ,002016,0.67,3657,3657
SH,688590,-1.58,3657,4064
SZ,002225,-1.56,3656,4347
SZ,000713,4.02,3653,4749
SH,603313,0.95,3652,3652
SZ,002766,-5.32,3651,3663
SH,603139,3.08,3649,3889
SH,600729,-0.41,3646,8342
SZ,301246,0.71,3643,8568
SZ,002305,-0.93,3642,3642
SH,603903,0.92,3638,3638
SZ,300248,-0.55,3636,4235
SZ,920809,0.51,3636,4744
SZ,920725,11.55,3636,7512
SZ,300333,-3.8,3632,3646
SH,603116,1.13,3624,3624
SH,688636,1.07,3624,3624
SH,603390,-0.95,3620,3626
SZ,301085,-2.76,3617,5328
SH,603566,0.87,3616,3616
SH,688569,1.36,3615,3615
SH,603232,-1.75,3613,3632
SZ,300068,-0.93,3611,3800
SH,688163,0.18,3610,3610
SZ,000903,-0.52,3610,3638
SH,603725,-3.18,3610,3610
SH,605066,3.61,3607,3607
SZ,002248,-0.41,3607,3607
SZ,002457,0.46,3606,3608
SH,603199,-0.84,3606,3606
SH,600576,-0.72,3606,5758
SZ,002462,0,3603,3606
SZ,002676,0.2,3600,3600
SH,688373,-0.71,3596,3596
SZ,300385,-0.39,3595,4121
SZ,300453,-0.98,3591,5210
SZ,000407,0,3591,3608
SZ,002095,-0.41,3589,3604
SH,600579,0.41,3588,3588
SH,603639,0.29,3586,3689
SZ,300402,0.55,3584,3630
SZ,300933,-0.45,3583,3583
SZ,301017,-4.01,3580,5614
SH,688618,13,3579,3579
SZ,301259,-1.7,3576,5576
SH,600262,1.28,3570,3570
SH,605566,2.29,3568,3568
SZ,002783,-0.25,3564,3860
SZ,300962,1.12,3564,3564
SZ,301026,1.92,3564,4935
SZ,000509,0.91,3563,3563
SZ,300545,1.12,3562,5525
SH,603577,1.74,3561,3561
SZ,001216,-1.28,3561,4233
SZ,300190,1.89,3560,3574
SH,688317,6.18,3558,3558
SH,603569,0.86,3555,3555
SH,603551,-0.52,3552,3597
SH,688283,-0.06,3552,3552
SH,600327,0.25,3548,3548
SH,688157,0.37,3544,3544
SH,688600,0.34,3543,3543
SZ,002609,-0.89,3542,4967
SZ,300521,-1.47,3541,3586
SH,688533,0.19,3541,3541
SH,603105,0,3535,3535
SH,688602,0,3532,3532
SZ,301120,0.39,3531,5836
SZ,300099,-0.32,3531,4475
SZ,920799,-0.83,3530,6149
SH,688813,1.45,3526,18757
SH,600581,0.44,3526,3526
SZ,300050,2.86,3523,3525
SH,601599,-0.32,3516,3516
SH,688259,0.9,3516,3516
SZ,300668,2.62,3516,4246
SZ,300611,-0.95,3515,5002
SZ,301656,1.71,3515,41507
SH,688084,0.32,3507,3507
SH,605588,0.65,3504,3512
SH,603051,-0.31,3501,3527
SH,603665,0.23,3500,3500
SZ,300427,0.29,3496,3534
SZ,300213,-3.06,3492,3756
SZ,301251,-0.25,3492,8712
SZ,001318,9.97,3491,3491
SZ,000965,0,3485,3485
SZ,300812,-1.25,3484,3840
SH,688053,1.49,3483,3483
SH,603898,-1.93,3483,3483
SH,688098,-1.5,3482,3482
SZ,002339,0,3480,3665
SH,600834,-0.13,3480,3480
SZ,301499,0.44,3477,3477
SZ,301112,-0.37,3477,3477
SZ,300736,-3.29,3476,3566
SH,688398,-0.13,3475,3475
SZ,300078,-0.31,3474,3488
SZ,300110,0.34,3473,3476
SH,603309,-0.82,3470,3470
SZ,300840,-1.15,3469,4702
SH,605303,0.37,3467,3467
SH,688339,-0.27,3465,4257
SZ,000889,-2.2,3462,3726
SZ,300225,-1.07,3460,3485
SZ,300885,-0.37,3457,5137
SZ,000788,-1.18,3457,3457
SZ,300948,8.05,3455,3661
SZ,300533,-2.28,3455,4911
SH,601999,-0.31,3454,3454
SZ,000726,-0.16,3454,4791
SZ,300370,0.91,3451,3459
SH,688216,3.68,3446,3711
SH,605399,2.97,3446,3450
SH,600503,0,3445,3445
SZ,920179,2.33,3442,4292
SZ,301568,2.05,3441,7466
SH,688607,-5.67,3440,3822
SZ,000868,0.27,3439,3439
SH,688680,1.29,3436,3436
SH,600467,1.73,3433,3433
SH,603811,0.67,3432,3432
SZ,301110,0.48,3432,4879
SH,603696,-1.08,3427,3427
SZ,300932,2.39,3425,4809
SZ,300021,2.08,3424,4008
SH,603798,0.53,3424,3424
SZ,300399,-0.79,3422,3422
SZ,002269,0,3422,3668
SH,603759,0.82,3422,3422
SZ,300419,1.09,3420,3420
SZ,301500,2.91,3418,13314
SZ,300559,-0.8,3416,4387
SH,600228,-1.78,3416,3421
SZ,300894,0.26,3414,4702
SZ,301468,4.95,3414,5922
SZ,002474,-1.82,3411,4013
SZ,300494,-1.82,3410,4199
SZ,003037,0.35,3409,3409
SH,603014,-0.85,3408,14028
SZ,300822,-0.33,3407,3673
SZ,001257,-0.63,3406,45660
SH,688750,0.83,3405,6762
SZ,300781,-1.32,3405,4615
SZ,300241,0.89,3405,4063
SZ,301132,1.15,3404,5321
SZ,300154,1.98,3404,4855
SZ,002667,4.66,3402,3747
SZ,301609,-2.58,3401,5644
SZ,300551,-0.29,3401,3411
SZ,002822,-0.3,3399,6201
SZ,000701,0,3399,3402
SZ,301193,0.82,3398,4444
SZ,000926,0.47,3398,3441
SH,600280,1.35,3396,3396
SH,600229,-0.38,3396,3396
SZ,300473,1.08,3396,3895
SH,603948,1.11,3393,3393
SZ,300879,-1.39,3391,3414
SZ,300721,5.24,3390,4039
SH,600354,6.64,3388,3388
SZ,002735,-0.41,3384,4454
SH,600969,4.46,3382,3382
SH,600613,9.98,3379,3765
SZ,000514,0.76,3375,3375
SH,600791,2.05,3374,3378
SH,600156,-0.35,3374,3374
SH,605398,-1.79,3373,3373
SH,688148,-1.92,3372,3372
SZ,301076,-0.44,3371,5043
SZ,002109,0.76,3369,3369
SH,603357,0.17,3369,3369
SZ,001229,10,3365,6545
SH,603101,0.42,3363,3363
SZ,002548,3.21,3363,3462
SZ,301226,0.72,3362,3362
SZ,002037,0,3358,3358
SH,688358,-0.06,3358,3363
SZ,300530,-0.95,3356,3356
SZ,000803,3.11,3356,3404
SH,600822,0.36,3355,4201
SZ,002086,0,3352,4153
SZ,300729,0.59,3352,3481
SH,600052,-0.99,3351,3351
SZ,000721,-0.6,3351,3753
SZ,300664,0.22,3350,3478
SZ,301273,7.89,3347,4361
SZ,300160,1.15,3346,3393
SH,603987,0.13,3346,3346
SZ,002485,0.82,3346,3346
SH,600843,0,3346,5085
SZ,002395,0.97,3344,3345
SZ,002055,0.72,3344,3403
SH,600318,0.77,3343,3343
SZ,301617,1.98,3342,8421
SH,600638,0,3340,3340
SZ,000736,0.22,3340,3340
SZ,301613,1.92,3335,5718
SH,603630,-0.93,3333,3333
SH,600218,0.92,3332,3332
SZ,002357,1.92,3332,3332
SH,688693,-0.42,3330,6307
SZ,001210,3.83,3330,5480
SZ,001311,0.66,3330,7391
SZ,301682,0.13,3323,15725
SZ,000862,0.38,3322,4856
SZ,002362,-0.67,3322,3911
SZ,002175,1.96,3320,3320
SZ,002845,1.14,3318,4343
SH,605077,1.37,3318,3358
SH,603815,0,3317,3317
SZ,300515,-0.29,3317,3383
SZ,300234,0.1,3316,4851
SZ,002646,-1.13,3313,3335
SZ,002369,-1.17,3312,3317
SH,605136,-0.59,3312,3312
SH,603813,-1.8,3310,3310
SZ,300466,-0.26,3308,3947
SH,600865,-0.33,3307,3307
SH,688522,-0.66,3306,8142
SZ,002672,1.39,3304,4034
SZ,000546,0.21,3302,3686
SH,603007,-1.03,3302,4201
SZ,300056,-5.08,3301,3304
SZ,002571,-0.8,3299,4335
SZ,301199,0.05,3299,3427
SH,603535,-0.45,3295,3295
SH,605138,0.68,3295,3295
SZ,300801,0.88,3293,5229
SZ,300069,1.85,3291,3291
SH,600653,0,3289,3289
SH,605108,-0.62,3289,3289
SZ,002021,1.85,3287,3288
SH,688338,0.26,3286,3286
SH,600622,0,3284,3284
SZ,301311,0.66,3283,3283
SZ,000731,3.28,3282,3282
SZ,002178,-1.49,3281,3283
SZ,301028,0,3280,5057
SZ,002826,0.45,3279,3385
SZ,003020,4.29,3278,4439
SZ,000691,-1.54,3278,4917
SZ,300848,0.62,3278,5541
SH,600539,0.14,3278,3278
SH,603230,-0.1,3277,3277
SH,688175,-0.96,3271,3271
SH,688682,0.5,3271,3271
SZ,300560,1.57,3270,4018
SZ,300270,-2.93,3269,3794
SH,688370,-0.32,3267,3267
SZ,300132,-0.15,3267,3322
SH,603637,1.26,3265,3265
SZ,300289,0.5,3264,3270
SZ,000037,-1.72,3264,5805
SZ,000789,0.25,3261,3261
SZ,000607,0,3257,3745
SH,600512,0.49,3254,3254
SH,688458,-0.28,3252,3870
SH,600679,-0.2,3251,4685
SZ,002451,0,3250,3261
SH,600293,0,3248,3248
SH,600130,-0.91,3248,3248
SH,603278,-0.3,3247,3247
SZ,002818,0.28,3246,8143
SZ,300238,-2.23,3245,3246
SZ,002365,0,3243,3896
SZ,301223,0.72,3243,3243
SZ,000668,-4.49,3242,3242
SZ,301302,-1.22,3240,3633
SZ,002791,-1.05,3239,5266
SZ,002094,0,3238,3240
SH,603817,0.35,3238,3238
SZ,002726,2.15,3238,3240
SZ,301111,-0.68,3235,3235
SZ,300094,2.1,3228,3294
SZ,300622,-0.19,3228,4721
SZ,300603,-3.02,3227,4011
SZ,300193,-0.64,3225,3662
SZ,300311,-4.14,3224,4042
SH,603656,0.51,3220,3220
SZ,301158,5.68,3219,3302
SZ,003000,0.58,3219,4712
SZ,301237,1.66,3215,4416
SZ,002686,-3.75,3215,3482
SZ,000931,-0.46,3214,3223
SZ,301213,0.23,3214,4973
SZ,301310,2.07,3213,10060
SH,603048,-0.45,3212,3212
SZ,002327,1.08,3211,5453
SZ,300746,-0.82,3208,3239
SZ,301551,-1.93,3207,8300
SH,603999,0,3203,3203
SZ,000488,-1.04,3202,5559
SZ,002801,1.1,3202,6349
SZ,301448,-7.45,3201,4724
SZ,002903,1.57,3199,4629
SH,603600,1.57,3199,3199
SZ,300589,2.4,3198,5151
SZ,300836,0.38,3197,4670
SZ,301073,0,3197,3496
SZ,300040,-2.52,3192,3970
SH,603527,2.55,3192,3192
SH,688722,0.57,3189,3189
SH,688171,-0.28,3189,3189
SZ,001215,1.89,3186,3195
SZ,920047,-1.33,3186,4852
SH,603739,-0.07,3186,3186
SH,601616,1.08,3184,3184
SZ,000609,0.27,3184,3274
SH,688579,-0.24,3184,3184
SZ,301136,0.87,3183,3187
SH,688162,0.91,3182,3182
SZ,002441,0.13,3180,4345
SH,603266,0.82,3180,3180
SZ,002811,-0.43,3179,3465
SZ,002313,-1.95,3178,3179
SZ,920037,0.37,3176,5195
SH,603210,-0.28,3176,4646
SZ,300578,-1.65,3171,3172
SZ,300407,-2.92,3171,4240
SZ,301662,1.24,3170,8245
SZ,300608,-2.06,3168,3623
SH,603856,-0.08,3167,3167
SZ,002575,-3.38,3167,3341
SH,688557,0.14,3165,3165
SZ,000421,1.29,3164,3165
SZ,300955,-1.5,3164,3164
SH,603500,0,3160,3161
SZ,300889,-1.54,3157,4750
SZ,002912,-1.81,3155,3321
SZ,000576,1.68,3154,3173
SZ,002933,1.13,3151,3164
SZ,002394,-0.8,3150,3156
SZ,301206,1.38,3150,4892
SZ,301033,-2.23,3148,3745
SZ,300795,5.73,3146,5404
SH,688273,-0.78,3143,3143
SH,600731,1.05,3142,3212
SH,688687,-0.69,3140,3140
SZ,301270,-1.33,3139,3322
SH,600192,-0.97,3136,3136
SH,603788,0.29,3136,3136
SH,600749,-0.64,3134,3134
SH,688077,0.29,3131,3131
SZ,300321,2.38,3131,3135
SH,688159,1.14,3128,3128
SZ,300051,-4.8,3127,3166
SZ,301042,-1.67,3125,3279
SZ,300125,-2.69,3125,5766
SZ,002137,-1,3124,4551
SH,605259,-0.21,3122,3122
SZ,300691,0,3121,3804
SZ,300927,1.05,3121,3199
SZ,001221,3.44,3121,16240
SZ,300247,0.26,3120,3120
SZ,300908,0.24,3119,3703
SZ,000695,-1.74,3119,3258
SZ,301281,0.6,3116,4755
SH,605218,-0.67,3114,3552
SH,603161,-2.15,3113,3658
SZ,300537,-1.71,3113,4250
SZ,300550,-1.81,3111,3114
SZ,002296,-0.88,3109,3487
SZ,301696,-0.16,3108,41321
SH,603258,-1.6,3106,3124
SZ,301305,4.22,3105,6042
SZ,300867,0.31,3104,4402
SZ,000890,0.68,3104,3104
SZ,000798,1.19,3102,3102
SZ,300352,0,3101,3523
SH,600668,0.27,3101,3101
SZ,300826,-1.25,3100,3222
SZ,000151,0.7,3089,3520
SH,688070,4.03,3084,3084
SH,688511,-1.48,3084,3084
SZ,002578,4.99,3083,3360
SZ,000615,-2.05,3081,5952
SZ,300833,0.82,3080,4794
SZ,301020,-0.09,3079,3079
SH,688081,-0.19,3075,3075
SH,603458,6.7,3073,3073
SH,600738,1,3073,3076
SZ,002476,10.09,3072,3072
SZ,002829,-0.09,3071,4370
SZ,300864,0.84,3071,3071
SH,603808,-0.46,3070,3070
SH,600053,-0.55,3069,3069
SZ,300135,1.83,3069,3069
SH,603001,2.14,3067,3067
SH,601956,1.02,3065,3065
SH,603838,0.1,3063,3063
SZ,300698,-1.29,3058,3457
SZ,301148,-4.3,3058,6052
SH,688229,-2.32,3058,3058
SZ,300869,-0.85,3057,4657
SH,600215,-0.44,3057,3057
SZ,300310,-0.66,3056,3897
SZ,301172,0.82,3055,4130
SZ,002623,-0.43,3053,3060
SZ,000068,3.77,3050,3050
SH,688335,-0.52,3045,3045
SZ,002012,0.93,3044,3044
SZ,300032,1.07,3044,3044
SZ,300011,0.5,3044,3633
SZ,300062,-0.89,3043,4183
SZ,300973,-0.26,3042,4345
SZ,300816,-2.12,3037,4163
SZ,920125,1.35,3037,7448
SZ,002795,-2.09,3037,3087
SZ,003002,0.91,3035,3320
SZ,002168,-1.01,3035,3035
SH,688030,-4.09,3033,3033
SZ,300920,0.89,3032,4564
SZ,002282,1.87,3030,3161
SZ,002692,0.48,3029,3031
SH,600265,-2.25,3026,3026
SZ,300600,1.18,3025,3025
SZ,000838,2.14,3024,3158
SH,688391,1.2,3024,3024
SZ,002798,0,3023,3437
SH,603819,-2.31,3020,3020
SZ,300086,0.29,3019,3118
SZ,300946,-2.99,3015,6204
SZ,300239,0.79,3014,3033
SZ,300563,0.08,3014,4331
SZ,300839,0.47,3013,3066
SZ,000530,1.21,3013,4233
SH,688071,-1.35,3011,3011
SH,600838,2.46,3011,3011
SH,688015,0.5,3009,3009
SH,600272,6.76,3006,4935
SH,600719,-1.06,3006,3006
SH,605068,-2.05,3006,3006
SZ,002547,-0.72,3005,3068
SZ,301393,0.13,3003,7375
SH,603949,0.42,3002,3009
SZ,300381,0.48,3000,3011
SZ,002355,-0.6,2998,3242
SZ,300860,1.03,2998,5164
SZ,300052,-3.37,2996,2996
SZ,300511,2.05,2992,3512
SZ,002425,0,2991,3109
SZ,300982,-0.44,2990,3191
SZ,002823,-2.32,2989,4388
SZ,300187,-5.09,2987,3002
SZ,000710,-1.19,2986,3203
SH,600322,0,2985,2985
SH,603201,-1.05,2982,3007
SZ,002347,0,2980,3048
SZ,002286,2.03,2976,3059
SH,600620,0.93,2973,2973
SZ,003015,-0.24,2969,3378
SH,688280,0.88,2967,3364
SZ,301266,1.11,2966,3127
SZ,300858,-0.91,2965,3992
SZ,300542,-1.31,2964,3574
SZ,300329,-0.92,2955,2964
SH,603722,0.29,2954,3017
SZ,300266,0.53,2951,2952
SH,688056,0.99,2950,2950
SZ,001218,-0.11,2950,3308
SZ,002259,0,2949,2949
SH,603159,0.1,2948,2948
SZ,300410,1.77,2948,2948
SZ,300175,3.3,2947,2947
SH,600665,-1.15,2947,2947
SZ,002148,-1.35,2944,3649
SZ,002878,-0.07,2944,3270
SZ,003029,-1.81,2941,3233
SZ,300875,0.27,2940,3343
SZ,002725,0.34,2938,3021
SZ,002278,1.24,2931,3175
SH,603192,-0.79,2930,3514
SZ,002587,-0.89,2930,3600
SZ,300157,0.25,2930,3069
SZ,300890,0.49,2928,3204
SZ,920418,-0.2,2925,3029
SZ,300945,3.82,2922,3208
SH,600684,1.18,2919,3783
SH,688479,-2.22,2918,6791
SZ,301151,1.11,2918,2920
SZ,002899,-0.04,2916,2916
SH,600470,2.57,2916,2916
SH,600712,1.31,2914,2947
SH,603008,2.73,2913,2913
SH,600249,0.38,2910,2910
SZ,301068,-0.44,2909,4098
SZ,301313,-0.31,2909,3831
SH,688255,0.38,2908,2908
SH,600530,-0.52,2906,2906
SZ,300552,-1.5,2906,4584
SH,600624,3.64,2901,2901
SZ,002329,4.22,2900,3704
SZ,002186,0.21,2899,2900
SH,605500,1.3,2897,2897
SZ,002022,-0.87,2896,2896
SZ,000897,0.56,2895,2895
SZ,003023,-1.67,2894,2900
SH,603006,1.7,2891,2891
SH,600616,-0.45,2890,2890
SZ,002875,-0.65,2885,2885
SZ,002976,1.63,2883,4608
SH,688285,1.06,2882,2882
SH,600844,0.86,2880,3558
SH,603280,-3.76,2879,2879
SZ,002996,0.8,2879,4204
SZ,300584,0.14,2878,4206
SZ,002403,0.21,2877,3297
SZ,001223,-1.17,2876,5383
SZ,002921,-3.23,2875,3334
SH,605169,1.8,2874,2874
SH,600212,-0.54,2874,3809
SZ,002722,1.57,2873,2873
SZ,301260,0.22,2871,6757
SZ,002682,9.91,2868,2868
SZ,003016,1.45,2868,2935
SZ,000504,-1.46,2867,2875
SZ,300272,-0.95,2866,3773
SH,603310,0.2,2866,5101
SZ,002314,0.94,2864,5795
SZ,300501,1.08,2861,2871
SZ,301608,0.48,2859,6371
SZ,920735,-1.6,2859,3233
SZ,001388,2.88,2858,5339
SZ,301525,-0.74,2856,5453
SH,603335,-1.03,2856,2856
SH,600419,2.03,2855,2855
SH,688570,0.4,2855,6569
SZ,300237,-1.97,2855,2855
SZ,000809,-0.28,2854,2854
SH,688619,1.32,2852,2852
SH,603970,2.41,2852,2852
SZ,002663,0.6,2851,2878
SZ,000978,0.33,2851,2851
SH,600408,1.8,2849,2849
SZ,002748,0.94,2849,2849
SZ,300510,-0.28,2845,2845
SH,605080,-0.68,2845,2856
SH,600630,1.21,2842,2842
SZ,301066,0.83,2842,2864
SZ,003025,0.48,2842,3564
SZ,301631,-2.02,2840,8338
SZ,301081,1.36,2837,2954
SZ,002846,-0.46,2837,4473
SH,688152,-1.41,2837,2837
SZ,000892,-0.24,2836,3914
SZ,002521,-2.3,2834,3786
SH,605089,1.28,2833,2833
SZ,000153,3.87,2831,2867
SH,601112,1.24,2831,26958
SH,603190,0.96,2829,2936
SZ,000529,1.22,2827,2896
SZ,301600,0.09,2826,9156
SZ,300818,-1.53,2826,4362
SZ,300148,-0.56,2825,2926
SH,600785,2.29,2824,2824
SZ,002331,0.14,2823,3007
SH,603878,0.8,2823,2823
SH,688765,-1.2,2818,13996
SH,603829,0.6,2816,2816
SZ,300831,3.25,2813,4880
SH,603633,0.76,2813,2813
SZ,000570,1.2,2812,3571
SZ,301092,2.03,2811,6206
SZ,300447,0.65,2810,4357
SZ,300810,1.02,2810,2910
SZ,000826,5.91,2808,2808
SH,688500,-0.23,2806,2846
SZ,000698,3.78,2805,2926
SZ,300585,1.24,2805,2805
SH,688292,1.66,2804,2804
SH,603518,2.64,2804,2815
SZ,002658,-4.97,2804,4972
SZ,001299,1.12,2803,3114
SZ,003007,-1.17,2799,4611
SH,600136,0,2798,2939
SZ,002054,1.25,2796,3510
SZ,301082,-1.24,2793,3013
SZ,300830,-1.3,2791,3740
SZ,300449,-0.95,2791,2791
SZ,000669,2.76,2790,2790
SZ,002981,-0.64,2789,3133
SZ,300998,-0.87,2789,3553
SZ,001256,-2.71,2788,3719
SH,603079,9.99,2788,2788
SZ,301439,-2.93,2785,5914
SZ,300479,0.57,2785,2786
SZ,300218,1.18,2783,2793
SZ,301255,-0.18,2783,3171
SZ,002072,1.75,2782,2783
SH,600876,0.43,2782,4539
SH,603037,0.29,2779,2783
SZ,002866,-3.75,2779,4378
SH,603102,10.01,2778,2778
SZ,920699,-0.86,2778,6071
SH,605155,0.41,2778,2823
SH,603036,-0.51,2777,2777
SH,600405,0.22,2776,2776
SZ,300279,-0.17,2776,2788
SZ,300386,-0.53,2773,4624
SZ,301121,-2.21,2771,3568
SZ,300942,-0.28,2771,2771
SZ,300649,3.08,2771,3457
SH,688589,-2.3,2770,2770
SH,603585,1.59,2768,2814
SZ,001324,2.72,2759,2759
SZ,002323,0,2757,2757
SZ,000972,-0.82,2753,2753
SH,603030,1.95,2752,2752
SZ,002337,1.08,2752,2755
SZ,301202,0.29,2752,4714
SZ,300853,0.04,2749,4109
SZ,300439,-0.31,2748,3608
SZ,300615,1.76,2745,3460
SZ,301296,1.1,2745,2745
SZ,300425,1.26,2743,2749
SZ,300366,0.78,2743,3141
SZ,002917,0.67,2741,3657
SZ,000159,0.35,2740,2740
SZ,300485,0,2738,4817
SZ,301520,-2.4,2738,7800
SZ,002963,2.8,2737,2756
SH,688727,1.02,2737,22763
SH,601996,-0.4,2735,2735
SZ,300591,-5.9,2733,3164
SZ,000812,1.12,2730,2730
SH,688296,5.92,2729,2729
SZ,300716,-0.98,2728,2728
SH,603955,0.25,2728,2728
SH,688314,-0.5,2727,2727
SZ,300653,-1.36,2727,2727
SH,600386,0.3,2726,2726
SH,688357,1.49,2726,2726
SH,603839,0.57,2725,2725
SZ,002962,-0.14,2724,3797
SH,603895,0.76,2724,2724
SH,688080,0.35,2716,2716
SH,603797,0.86,2716,2716
SH,600257,0.18,2714,2714
SH,603080,3.17,2714,2714
SZ,002404,0.85,2710,3332
SH,601798,1.33,2709,2709
SH,603237,-0.13,2709,2797
SZ,300389,0.24,2708,4555
SZ,301149,1.14,2707,4450
SZ,002363,0.77,2707,2714
SH,603215,-0.54,2705,3101
SZ,301197,0.93,2704,2997
SZ,300242,-2.06,2703,2703
SZ,002905,-0.38,2701,2909
SZ,301225,-1.28,2698,8839
SH,688529,0.82,2698,2698
SZ,002953,0.31,2695,4709
SZ,300301,0,2693,2830
SZ,300631,0.27,2692,2768
SZ,301279,-0.33,2692,3477
SH,603066,0.66,2692,2692
SZ,000419,1.43,2691,2691
SH,603602,-0.76,2690,2690
SZ,301181,-2.29,2686,3441
SH,605166,1.31,2685,2685
SZ,300230,0.95,2683,3464
SZ,300374,0,2683,2683
SH,688367,1.12,2680,2680
SZ,300025,-0.18,2680,2692
SH,603617,1.02,2680,2701
SZ,002853,0.97,2680,3808
SZ,300384,-0.48,2679,3882
SZ,300991,0.21,2677,4183
SZ,300020,-1.68,2675,2773
SZ,301622,-0.47,2675,4796
SH,603188,2.18,2674,2674
SZ,300359,-2.08,2673,2673
SZ,002330,3.45,2668,2668
SZ,002816,0.19,2667,2667
SZ,300445,0.96,2666,4030
SZ,002453,0.68,2664,3591
SH,603586,1.65,2662,2662
SZ,002952,0.85,2662,3323
SH,603677,0.58,2660,2660
SH,603017,1.37,2660,2660
SZ,300562,-4.08,2659,3482
SZ,300887,-0.93,2659,4006
SH,603768,0.81,2658,2658
SZ,301222,1.14,2656,3497
SH,600358,-0.18,2656,6118
SH,600381,2.49,2654,2654
SH,603331,-0.29,2653,2653
SZ,300141,0.29,2651,2684
SH,600250,-0.23,2649,2649
SH,688828,-1.4,2647,40665
SH,603779,1.66,2647,2647
SH,600793,0.4,2646,2646
SZ,301337,-1.55,2644,2703
SH,600356,0.45,2644,2916
SZ,000019,6.19,2643,7319
SZ,300162,0.26,2641,3239
SZ,000017,-0.16,2641,4128
SH,600538,0.6,2637,2637
SZ,300477,-1.47,2636,2852
SH,603289,0.45,2635,2635
SH,603107,0.33,2631,4068
SZ,001369,0.08,2631,14544
SH,600833,0.77,2630,2630
SZ,300095,0,2621,3254
SZ,301122,-1.13,2620,4235
SZ,301535,-0.25,2618,6558
SH,603202,-0.24,2618,8342
SH,600537,-0.44,2616,2616
SZ,002136,2.09,2614,2621
SZ,301046,0.85,2613,3384
SH,601007,0.15,2613,2613
SH,603628,0.73,2613,2617
SZ,301040,-1.13,2612,2768
SH,600671,-1.1,2612,2612
SZ,300636,0.42,2612,2986
SH,605266,0,2612,2612
SH,603863,-1.53,2611,2611
SZ,300426,-3.4,2608,2936
SZ,300647,-0.86,2607,2611
SZ,300536,0.79,2607,2607
SH,603151,-4.09,2607,2607
SZ,002700,4.26,2604,2631
SZ,002613,-0.58,2600,3698
SZ,301072,-1.24,2598,4064
SZ,000565,0.84,2597,2597
SZ,002983,0.65,2585,4447
SZ,920571,4.68,2585,4849
SZ,920068,-1.51,2583,9749
SH,600735,-1.77,2578,2598
SZ,000790,0,2578,2582
SH,603089,10.05,2576,2958
SH,600289,0.22,2575,2871
SZ,300577,-3.15,2575,4343
SZ,300452,0.08,2574,3039
SH,688455,1.32,2571,2571
SZ,301190,-0.43,2570,3855
SH,601010,0.71,2568,2568
SH,688468,0.47,2567,2567
SZ,002103,-1.48,2566,3532
SZ,301002,1.86,2562,4068
SZ,301119,-1.31,2561,3167
SZ,300288,-0.98,2561,3373
SZ,002712,-1.04,2558,2574
SH,603801,-0.66,2558,2558
SZ,300103,2.28,2558,2560
SZ,920491,0.5,2557,3116
SH,688129,2.07,2557,2557
SZ,002098,0.71,2556,2556
SH,603886,1.04,2556,2556
SH,603880,9.95,2555,2555
SZ,300829,8.67,2555,3705
SZ,300921,-0.81,2553,4049
SH,605151,0.9,2552,2552
SZ,002871,-0.17,2552,4307
SZ,920190,-0.15,2552,2566
SH,600858,1.65,2552,2564
SH,600661,-2.93,2550,2550
SZ,300555,-0.07,2548,2574
SZ,001333,3.86,2547,2547
SZ,000707,2.21,2544,2701
SZ,301027,3.1,2543,3084
SH,603189,0.11,2539,2539
SZ,300582,0.26,2539,3421
SZ,002660,1.23,2538,2639
SH,603917,-0.47,2538,2538
SZ,301221,-0.55,2537,3732
SH,688246,-1.44,2532,2532
SZ,301632,-1.42,2531,5764
SZ,300898,4.21,2529,2733
SZ,300952,0.12,2529,4112
SZ,300269,0,2528,2631
SZ,301565,0.61,2528,7900
SZ,300411,9.96,2525,3321
SZ,000715,0.97,2524,2805
SZ,002869,0.56,2523,2834
SZ,301380,-1.85,2520,3164
SH,603059,0.28,2519,2523
SZ,301387,-0.68,2516,6324
SZ,300281,-0.3,2515,2652
SZ,300978,-0.22,2515,3703
SZ,301531,0.81,2514,11784
SZ,002687,-7.02,2513,3069
SZ,301592,0.25,2512,7527
SZ,300464,1.87,2511,3304
SH,603836,1.24,2508,2573
SZ,301356,0.35,2507,4275
SH,603373,-4.2,2505,5928
SZ,300097,6.75,2504,2811
SZ,301528,0.09,2503,4857
SH,600560,0.72,2503,2503
SH,688718,2.78,2502,2502
SH,603320,0.96,2501,2501
SZ,301563,2.19,2501,11064
SZ,002593,0,2500,3585
SH,603828,0.72,2497,2497
SZ,300264,0.3,2496,2904
SH,603721,6.25,2496,2496
SH,603959,1.19,2496,2496
SZ,002806,0.56,2495,3045
SZ,300667,0.84,2495,2957
SZ,300789,-0.21,2493,2569
SZ,002496,2.93,2492,3181
SH,603909,1.27,2492,2492
SZ,002813,0.44,2489,2491
SZ,002861,-1.59,2488,3087
SH,603375,1.33,2487,3925
SZ,920019,2.63,2486,3120
SZ,301669,0.93,2486,14573
SZ,002868,1.8,2486,3596
SH,688316,-5.3,2484,2484
SZ,301178,-0.65,2482,3364
SZ,300824,0.52,2482,2539
SZ,002398,0.49,2477,2843
SZ,301025,-2.29,2475,3575
SZ,002855,0.3,2475,2477
SZ,000545,0.8,2473,2477
SZ,301106,0.41,2473,2473
SZ,001282,-0.3,2473,3597
SZ,300092,0,2472,3227
SZ,300354,-1.03,2470,4202
SZ,920402,0.44,2467,3815
SZ,002574,2.41,2466,2466
SH,603086,1.43,2465,2465
SZ,001219,0.08,2465,2527
SZ,301043,-1.35,2465,2953
SZ,002442,1.01,2462,2522
SZ,002742,10.07,2462,3215
SZ,301108,1.47,2462,4274
SH,603488,-0.35,2459,2459
SZ,001368,3.56,2456,2570
SZ,300701,0.52,2453,2720
SZ,300965,3,2450,2718
SH,600463,-0.48,2448,2448
SZ,002729,0.58,2448,2552
SZ,300275,-2.79,2446,2775
SZ,000692,0.22,2446,2446
SZ,000430,-1.19,2446,5344
SH,603382,1.1,2445,3837
SH,688560,1.25,2442,2442
SZ,000014,-0.29,2437,2437
SZ,002661,2.33,2436,2558
SH,603332,0.63,2436,2436
SZ,300365,-0.2,2436,2855
SZ,300250,-1.77,2435,3307
SZ,300988,1.01,2435,2958
SZ,301665,0.95,2431,10503
SH,603136,0.22,2431,2431
SH,600992,0,2429,2429
SZ,301283,3.39,2427,3088
SH,600319,1.79,2427,2427
SZ,301397,-1.79,2427,5307
SZ,301707,1.17,2427,36884
SZ,300460,0.23,2426,2426
SH,688203,0.76,2426,2426
SH,688178,2.15,2426,2426
SZ,300173,-0.59,2425,2425
SZ,300172,0.22,2424,3133
SZ,300730,-1.83,2423,2826
SZ,002069,2.4,2422,2425
SZ,300583,1.01,2422,2468
SH,605199,0,2421,2421
SH,600573,0,2420,2420
SZ,002828,2.21,2420,2420
SZ,300658,1.11,2416,3640
SZ,002431,0.75,2415,2415
SZ,300993,0.5,2414,3075
SZ,002184,0.1,2413,3533
SH,688026,-5.49,2412,2413
SH,688310,0.55,2409,2409
SH,603937,1.41,2409,2409
SZ,300891,1.12,2408,2888
SZ,001201,1.62,2407,3081
SH,603307,0.28,2406,2445
SZ,000055,0.85,2406,3823
SZ,000752,-0.21,2405,2405
SH,605258,0.11,2405,2405
SZ,002391,1.77,2404,3365
SZ,301118,1.16,2403,2497
SZ,300884,1.62,2402,3186
SZ,001376,-0.61,2402,5171
SZ,000586,0.16,2396,2424
SZ,301258,1.36,2395,2465
SH,600302,-3.88,2394,2394
SZ,001260,-9.98,2394,2394
SZ,002857,0.38,2388,2426
SH,603378,-2.61,2387,2387
SH,688597,-2.73,2386,2386
SZ,002825,-0.1,2384,3177
SZ,301088,-1.85,2384,2890
SZ,301658,0.66,2384,10091
SH,688517,4.37,2383,2383
SH,600831,-0.29,2382,2382
SH,603536,2.48,2381,2381
SH,688197,-0.87,2379,5528
SZ,300805,-1.31,2379,3502
SZ,002932,0.33,2377,3541
SZ,300752,3.5,2375,3435
SH,688369,-1.43,2373,2373
SH,688648,5.12,2370,4636
SZ,301059,0.35,2367,2649
SZ,300800,2.02,2366,2391
SZ,300690,0.09,2366,3505
SH,688113,1.97,2365,2365
SZ,002377,1.5,2364,2483
SH,600854,1.56,2364,2364
SZ,300956,-0.52,2363,2419
SH,605003,1.23,2362,2362
SZ,300512,0.55,2361,2983
SZ,002114,0.55,2361,2361
SZ,002058,-0.89,2360,2365
SZ,002420,1.22,2359,2398
SH,603787,0.79,2359,2359
SZ,000635,0.63,2359,2534
SZ,300786,1.83,2358,2964
SH,603578,2.11,2357,3059
SZ,300340,0.58,2357,2375
SZ,002767,-0.54,2356,2712
SH,603172,1.61,2355,2355
SZ,301290,0.14,2355,2964
SH,603096,-0.06,2354,2354
SZ,300694,1.88,2352,2355
SH,603183,2.16,2347,2347
SZ,920971,4.38,2347,2847
SH,600540,4.4,2343,2343
SZ,301195,-0.84,2342,3528
SH,603922,4.56,2342,2342
SZ,000573,0,2342,2362
SZ,301596,-2.19,2341,5769
SH,600491,2.68,2341,2341
SH,603755,2.24,2339,2339
SZ,002836,2.63,2339,2339
SH,603557,-2.08,2338,2338
SZ,002879,-1.38,2337,3291
SZ,000955,1.17,2336,2337
SZ,002702,2.41,2335,2829
SH,600182,0.88,2334,4668
SZ,920510,0.24,2334,4569
SH,600965,10.04,2333,2333
SZ,002576,0.77,2333,2377
SZ,301262,-1.84,2329,7956
SH,600753,-0.38,2328,2328
SZ,001205,1.53,2327,2628
SZ,002890,1.34,2325,2446
SZ,300987,-0.88,2325,2325
SZ,002319,1.65,2321,2321
SH,600281,2.27,2320,2320
SH,600232,0.47,2320,2320
SH,688721,1.55,2317,5608
SH,603700,0.09,2316,2316
SZ,002234,0.66,2315,2680
SZ,000554,2.71,2314,3075
SZ,300513,0.96,2314,2315
SZ,300916,-2.2,2311,3578
SZ,300732,1.46,2310,2312
SH,603285,10,2309,5931
SH,688066,-3.3,2304,2304
SZ,300849,-3.99,2301,3131
SZ,300211,-1.14,2301,2343
SH,688501,-0.07,2299,2299
SZ,002723,0.69,2299,2410
SH,688244,-1.22,2296,2296
SZ,300235,-1.13,2295,2845
SZ,002763,0.4,2295,3099
SZ,002397,0.57,2293,2647
SZ,000757,0.7,2291,2291
SH,605069,0.84,2291,2291
SH,688201,-0.13,2290,2290
SH,603023,0.99,2288,2288
SZ,301089,-0.46,2287,3199
SZ,300198,-3.03,2285,2300
SZ,301125,-1.95,2283,2576
SZ,002908,-0.83,2282,3059
SH,603117,1.33,2277,2277
SZ,300989,0.29,2274,2939
SZ,301588,-1.55,2273,3683
SZ,002852,2.32,2269,2731
SZ,300980,3.36,2269,3185
SH,603091,2.12,2269,7377
SZ,301185,-1.14,2266,2507
SH,603407,0.72,2265,25725
SH,600239,0,2264,2264
SZ,000953,0,2259,2259
SH,600533,0.47,2258,2258
SZ,300780,1.89,2257,3079
SZ,301079,-0.74,2254,3178
SH,605001,1.96,2247,2247
SZ,301161,5.78,2247,3493
SZ,301117,-0.35,2246,3506
SH,600423,0,2244,2244
SZ,300703,0.6,2243,2433
SZ,300107,0.16,2243,3630
SZ,002295,1.02,2241,2243
SZ,002771,-0.84,2241,2693
SZ,002820,9.96,2240,2240
SZ,300922,-0.66,2238,2852
SH,600892,6.1,2237,2238
SZ,300599,2.06,2234,4255
SZ,002864,1.12,2233,3096
SH,603356,0.42,2232,2232
SZ,002492,0.54,2232,2272
SH,688623,-3.21,2232,5373
SZ,300013,-1.95,2231,2233
SH,688272,1.24,2231,2231
SZ,002076,2.88,2230,2374
SH,688755,-0.2,2230,3194
SZ,001259,-0.18,2228,3448
SZ,002900,-0.71,2227,4372
SZ,002887,0.39,2224,3133
SZ,300565,-0.19,2223,2432
SZ,300774,0.55,2222,4451
SH,603176,1.69,2221,2286
SZ,001228,1.65,2219,2886
SZ,002762,3.05,2217,3714
SZ,300106,6.71,2217,2217
SZ,000679,1.63,2217,2217
SZ,300940,-0.77,2216,3133
SZ,300771,-1.25,2214,2810
SZ,920344,-1.51,2213,2370
SZ,000952,1.9,2212,2212
SZ,301019,0.73,2209,3013
SH,688581,0.24,2208,4330
SH,688251,1.84,2207,2222
SH,603238,1.89,2205,2205
SH,688355,1.48,2204,2204
SZ,001211,3.24,2203,2360
SZ,300612,-0.73,2201,2212
SZ,301599,5.74,2198,17342
SZ,300422,-0.22,2196,2269
SZ,301011,0.07,2196,2312
SZ,300165,0.19,2195,2587
SH,603321,1.27,2195,2222
SZ,002671,1.53,2195,2235
SH,688811,3.07,2193,11940
SZ,300902,2.63,2191,3192
SZ,300970,3.35,2191,2839
SZ,002775,1.65,2190,2429
SH,688737,0.83,2189,2189
SZ,002633,0.69,2182,2189
SZ,300546,0.37,2180,3032
SZ,002614,0.61,2180,3081
SZ,000590,0.89,2178,2179
SZ,301220,0.72,2177,3153
SZ,002799,0.15,2176,2176
SH,600148,0.59,2175,2175
SH,600774,1.52,2173,2174
SH,688426,1.1,2169,2175
SH,600371,4.08,2165,2165
SZ,002942,2.1,2163,2424
SH,600187,0,2162,2162
SZ,301077,-5.78,2162,3851
SZ,300412,2.22,2157,2295
SH,603329,1.85,2157,2613
SZ,001365,-0.68,2155,19677
SH,600241,1.24,2154,2154
SZ,001393,0.72,2154,11180
SZ,920261,1.36,2152,3910
SZ,300637,2.46,2151,2153
SZ,300387,2.76,2150,2151
SH,603381,0.87,2149,3587
SZ,002918,0.5,2146,4096
SZ,301212,0.84,2146,2472
SZ,300947,0.42,2145,2146
SZ,002991,0.26,2145,4005
SZ,300509,0.93,2145,2573
SZ,300960,1.31,2145,2366
SZ,001390,1.4,2144,3610
SH,603182,1.17,2142,2142
SH,603193,0.24,2140,8379
SZ,002998,-0.24,2140,2807
SZ,002679,1.23,2138,2138
SZ,002666,0.95,2138,3365
SZ,001332,1.31,2137,4919
SZ,300665,1.87,2137,2249
SH,605177,1.13,2134,2154
SZ,001360,6.32,2131,3464
SZ,300375,1.01,2131,3057
SZ,000605,1,2130,2130
SH,600615,0.85,2129,2132
SZ,920017,-1.91,2128,2151
SZ,300673,0.15,2128,3279
SZ,300778,-0.28,2128,2128
SZ,300929,0.89,2127,2242
SH,603968,1.56,2127,2127
SZ,920060,1.31,2126,3409
SZ,002622,0.8,2125,2125
SH,688657,3.37,2125,3397
SH,603377,-1.99,2125,2125
SH,688613,-0.05,2125,2125
SH,605180,-0.94,2124,2124
SZ,300295,-3.28,2121,2399
SZ,300314,20.03,2119,4245
SZ,300313,20.02,2118,2573
SZ,920111,4.85,2116,4361
SH,600768,0,2116,2116
SZ,300753,-1.51,2113,3030
SZ,300719,0.69,2108,2985
SZ,002105,-0.33,2107,2117
SZ,002848,-1.92,2106,2128
SH,600439,0,2105,2105
SH,603168,1.62,2105,2114
SZ,300205,-3.16,2103,2103
SZ,002696,0.48,2102,2175
SH,688060,0.9,2102,2102
SH,603177,0.59,2101,2101
SZ,300844,0.09,2101,2179
SH,600159,2.02,2100,2100
SH,688038,-0.21,2099,2099
SH,600802,1.78,2099,2099
SZ,300597,0.78,2098,2107
SH,603900,1.16,2094,2095
SH,600287,0.63,2092,2092
SZ,300575,2.72,2092,2891
SZ,300074,0,2089,2091
SZ,300240,1.23,2089,2136
SZ,301103,-0.63,2087,2712
SZ,301335,6.69,2087,3017
SZ,002133,1.12,2086,2098
SZ,002551,4.6,2084,2883
SH,603616,0.37,2083,2099
SH,603982,1.66,2081,2238
SZ,300710,-1.89,2079,2774
SZ,920087,18.72,2070,2085
SH,603825,0.74,2067,2067
SH,603385,0.74,2067,2067
SZ,301332,0.78,2066,3600
SH,688132,0.37,2064,2064
SH,600097,-0.46,2062,2062
SH,600107,0.35,2059,2059
SZ,300967,2.49,2058,3093
SH,600807,0.38,2054,2309
SZ,920961,0.78,2053,2781
SZ,002253,-0.7,2053,2207
SH,603282,2.4,2053,2053
SZ,000020,0.98,2053,3208
SZ,002524,1.77,2052,2077
SZ,300350,0.46,2051,2445
SZ,300854,3.09,2051,2515
SH,603041,2.75,2049,2049
SZ,301198,-0.7,2046,2131
SZ,300966,0.95,2043,3072
SZ,002652,0.76,2043,2043
SZ,002873,1.43,2042,2080
SZ,000633,2.12,2041,2041
SZ,001266,0.34,2041,3638
SZ,300254,-0.1,2039,2307
SH,603810,1.82,2039,2039
SZ,301208,2.23,2038,3628
SZ,002999,2.07,2037,2061
SZ,000985,1.22,2037,2037
SZ,300335,0.38,2036,2528
SZ,300305,-2.3,2035,2376
SZ,301056,5.09,2035,3084
SZ,301041,0.23,2034,2748
SZ,301428,-1.31,2034,2882
SH,688096,-0.56,2034,2034
SZ,002656,-0.66,2032,2109
SH,600128,0.73,2031,2071
SZ,300883,0.49,2030,2124
SH,600444,1.02,2029,2029
SZ,002615,0.9,2028,3756
SH,688156,-0.29,2027,2027
SZ,300423,4.29,2026,3025
SH,603506,1.32,2024,2024
SH,688716,0.1,2018,3512
SZ,001356,10.06,2015,5610
SH,600235,1.78,2013,2013
SH,688759,-0.74,2012,12579
SZ,002800,1.88,2006,2066
SH,600706,2.2,2002,2010
SZ,001234,1.16,2000,2374
SZ,920978,0.1,1995,3559
SH,600238,0,1995,2008
SH,603208,-0.08,1994,1994
SZ,000705,-0.13,1991,2359
SH,603270,-0.63,1991,6168
SH,600847,3.84,1990,1990
SZ,920405,-0.52,1988,2552
SZ,002909,1.36,1986,2036
SZ,002205,1.42,1985,1985
SZ,300150,0.23,1984,2504
SZ,002715,-0.47,1984,1984
SZ,300787,-2.78,1983,3163
SZ,300897,-2.4,1983,3177
SZ,002995,-1.17,1982,3129
SH,603028,0.72,1981,2001
SZ,003001,-0.39,1980,3021
SZ,300650,0.52,1979,2805
SZ,301371,3.21,1979,13200
SZ,300396,-0.94,1977,1980
SH,603879,0.92,1976,1976
SZ,300906,0.66,1976,2188
SZ,300437,2.25,1976,2788
SH,605336,-0.82,1974,1974
SH,688420,2.2,1972,1972
SZ,001255,1.35,1972,2220
SH,688670,-0.05,1971,1971
SZ,301299,0.3,1970,2669
SZ,002893,0.52,1969,2560
SH,688193,0.64,1967,1967
SZ,001366,1.49,1967,1967
SZ,300543,1.03,1967,2408
SZ,301024,-0.18,1961,2026
SZ,920247,-0.2,1961,2703
SH,688616,1.58,1961,1961
SZ,920178,-0.28,1960,6712
SH,600165,9.88,1957,4314
SZ,002968,1.32,1955,2077
SZ,301067,-3.55,1955,2978
SZ,300659,-0.38,1955,2690
SH,600051,1.62,1952,1952
SZ,300937,-1.98,1952,2879
SZ,300807,-1.1,1951,2556
SH,600303,0,1944,1962
SZ,300817,-0.18,1944,3388
SH,688118,-0.56,1944,1944
SZ,920208,-0.16,1943,2244
SH,688051,1.87,1942,1942
SH,603029,2.77,1939,1939
SZ,002778,0.06,1938,1959
SZ,000995,-0.26,1937,1937
SH,605122,0.36,1936,1936
SH,688395,0.04,1935,1935
SZ,300992,0.12,1933,2362
SZ,300076,-1.08,1929,1929
SZ,002817,1.37,1929,1989
SZ,301318,-0.18,1924,2794
SZ,002598,0.45,1923,2094
SZ,300935,1.37,1922,2534
SH,600202,1.21,1921,1921
SH,603214,1.39,1919,1919
SH,603435,-0.36,1917,24662
SZ,003017,2.64,1917,2314
SZ,000911,4.6,1914,1914
SZ,301062,-0.56,1910,3007
SZ,000702,1.47,1910,1910
SH,603262,-1.71,1910,7320
SZ,002760,0.68,1909,1909
SH,600678,-0.72,1909,1909
SH,688004,-4.29,1908,1908
SZ,300743,0.34,1907,2264
SZ,002634,-0.22,1906,1980
SZ,300881,1.5,1905,3651
SZ,001268,-1.26,1904,3041
SZ,002535,2.82,1903,2044
SZ,300644,0.33,1901,2385
SZ,301052,-0.91,1900,2343
SZ,002753,2.23,1896,2748
SH,603120,5.46,1896,4522
SH,603718,-1.01,1895,1895
SZ,920879,0.08,1894,2531
SZ,301010,1.57,1892,1892
SZ,301585,0.94,1892,2889
SH,603021,-4.06,1888,1888
SZ,300642,-0.64,1887,2223
SZ,301590,0.42,1884,4552
SH,688393,-0.63,1884,1884
SZ,001237,-0.06,1884,8018
SH,688092,0.8,1882,1882
SZ,300030,-0.99,1881,2136
SZ,920189,5.68,1879,3131
SZ,002972,2.42,1877,3429
SZ,301141,-2.6,1877,5229
SZ,002159,-0.28,1872,2397
SZ,301138,1.19,1871,3275
SZ,000909,0.95,1869,1869
SH,688189,-1.43,1863,1863
SZ,301130,2.3,1863,2414
SZ,300675,0.16,1861,1861
SH,603709,0.88,1861,1867
SZ,301509,-2.98,1861,3949
SZ,300961,2.43,1860,2170
SZ,301556,5.32,1857,5373
SZ,300538,-0.89,1856,2791
SH,600149,0.41,1855,1855
SZ,002529,0.57,1846,1846
SH,603717,1.76,1845,1845
SZ,301309,0.5,1845,3061
SZ,000856,1.88,1843,1843
SZ,301227,0.73,1843,3277
SH,603418,1.16,1841,8593
SH,601026,-4.54,1840,10920
SZ,300923,1.01,1835,1890
SZ,920476,-0.3,1835,2046
SZ,000056,3.57,1835,2401
SZ,301360,0.52,1833,3757
SH,600448,1.75,1833,1833
SH,605567,1.33,1826,1826
SH,688288,-0.26,1826,1826
SH,600883,2.25,1825,1825
SH,600080,-0.61,1807,1807
SZ,000639,1.21,1803,1803
SZ,002360,1.65,1800,2222
SZ,301231,1.48,1799,2321
SZ,002630,-0.59,1798,1972
SZ,300651,0.23,1798,2456
SZ,300941,-0.61,1796,2971
SZ,300081,-1.32,1796,1796
SH,600180,-1.19,1793,1793
SH,603082,10.01,1791,7358
SZ,001206,-0.52,1790,3097
SZ,920914,0.56,1789,1790
SH,688681,1.67,1789,1789
SZ,002862,-0.13,1783,2351
SZ,003030,-0.04,1779,2741
SZ,001378,-1.16,1776,3650
SZ,300837,1.34,1775,2348
SZ,300971,1.91,1771,2258
SZ,002381,1.29,1771,2264
SZ,300912,-0.95,1771,2346
SZ,002877,0.55,1770,2619
SZ,300876,0.19,1769,2372
SZ,301159,-0.56,1769,2580
SZ,300556,0.56,1768,1980
SH,603908,2.04,1768,1768
SZ,301030,-1.9,1766,1769
SH,603255,-0.77,1766,3918
SH,688058,0.56,1765,1765
SZ,301388,0.75,1763,2485
SZ,003038,0.83,1763,2647
SZ,002856,0.57,1762,1924
SH,603860,1.66,1756,1756
SZ,301057,1.5,1755,2534
SH,603022,1.27,1754,1754
SH,688793,9.73,1754,1754
SH,600778,2,1749,1751
SH,600137,1.52,1748,1748
SZ,920339,-1.77,1748,2546
SZ,301336,0,1747,2258
SZ,002743,0.25,1747,1750
SZ,002802,2.1,1747,2115
SZ,002198,0,1746,1746
SZ,300169,1.58,1744,1962
SZ,003027,0.73,1744,2174
SZ,301063,1.01,1744,1883
SZ,002780,0.23,1738,2199
SZ,300707,1.34,1736,2102
SZ,002717,-1.93,1736,1838
SZ,002629,2.35,1735,2041
SZ,003005,-0.72,1735,3161
SZ,000663,2.72,1734,1906
SH,600818,-0.81,1732,2340
SZ,000619,1.48,1732,2122
SZ,300195,0.36,1729,2335
SH,688435,-1.75,1722,2566
SZ,002569,-2.38,1718,1767
SZ,300614,1.33,1715,1715
SZ,002858,-0.25,1714,2171
SZ,000632,0,1713,1713
SZ,300472,-0.13,1712,1916
SH,688659,3.29,1710,1710
SZ,001285,-0.95,1707,7425
SZ,300845,2.06,1707,2441
SZ,301548,0.45,1702,5645
SZ,920015,-0.55,1700,5759
SZ,300268,11.88,1699,2214
SH,600243,-1.01,1698,1698
SZ,920509,0.95,1697,3240
SZ,001233,-0.65,1697,8369
SZ,301166,-1.3,1696,2590
SH,688450,2.4,1694,2286
SZ,002495,2.09,1693,2283
SH,688466,1.61,1693,1693
SZ,301586,0.92,1692,2654
SH,603789,-0.14,1690,1724
SZ,300554,1.96,1689,2440
SZ,301135,1.21,1689,2171
SH,603231,-0.43,1686,3038
SZ,300610,1.9,1686,2159
SZ,301098,-1.57,1683,2018
SZ,001222,0.95,1683,2842
SH,603092,0.04,1680,19440
SZ,300519,-0.53,1680,2355
SZ,920021,-1.16,1678,2095
SZ,301065,0.78,1677,2061
SZ,003042,2.96,1671,1931
SZ,000929,1.35,1670,1670
SZ,002910,3.61,1670,1908
SH,600697,1.51,1669,1709
SH,688565,0.91,1665,1665
SZ,301595,-1.25,1663,4410
SZ,300245,-1.56,1662,1727
SH,688078,0.62,1662,1662
SH,600493,1.67,1659,1659
SZ,001386,3.91,1658,18426
SZ,301107,-0.19,1658,2905
SZ,300950,0.3,1649,2584
SZ,300616,-0.92,1648,2384
SZ,002211,-0.25,1643,1643
SZ,001209,1.36,1642,2248
SZ,920083,5.62,1642,3856
SZ,002227,1.37,1640,1653
SZ,300220,0.65,1640,1642
SZ,301680,-1.38,1638,8074
SH,688528,2.42,1636,1636
SH,600119,0,1633,1633
SZ,002592,-0.31,1632,1764
SZ,002982,1.05,1625,2538
SH,688509,0.48,1624,3249
SH,688021,2.46,1624,1624
SZ,301667,-1.2,1623,7638
SH,600561,1.43,1619,1619
SH,600689,1.43,1616,2135
SZ,301032,1.51,1615,2435
SZ,002620,-1.91,1612,1925
SH,688329,2.71,1612,1612
SZ,002949,0.95,1612,2080
SZ,300995,0.49,1611,2444
SH,600796,0.58,1610,4480
SZ,301456,0.95,1610,3571
SZ,003011,5.45,1607,2147
SZ,301581,3.04,1605,3036
SZ,301687,-0.55,1600,7541
SZ,002566,1.62,1599,2284
SZ,301276,6.29,1599,2868
SZ,003028,-0.17,1596,3254
SZ,301383,-0.87,1595,3689
SZ,002835,-1.64,1595,2750
SZ,920026,-2.64,1594,2114
SZ,001202,1.95,1591,2270
SZ,001296,0.05,1591,2938
SH,603257,-0.66,1590,7664
SH,603312,-6.43,1590,4997
SZ,002789,0.1,1590,1622
SZ,300500,1.39,1587,1648
SZ,300167,0.22,1586,1865
SZ,300306,1.01,1581,2698
SZ,301210,2.64,1579,4135
SH,600692,1.14,1579,2177
SZ,920138,0.77,1578,19738
SZ,300514,0.92,1577,1968
SZ,300625,1.25,1571,2710
SZ,301036,1.69,1570,2229
SZ,301361,-0.1,1570,3241
SZ,300813,0.73,1569,2500
SH,688712,-0.97,1568,14336
SZ,301587,0.24,1566,3141
SZ,301395,0.41,1565,2985
SH,688781,1.16,1565,38320
SH,603400,0.42,1564,5603
SH,603406,0.3,1559,10620
SH,603395,10.01,1557,6230
SZ,920106,-1.48,1557,2018
SZ,301022,0.43,1557,2305
SZ,920839,-1.07,1555,2819
SZ,002207,-0.49,1554,1562
SZ,920174,0.47,1554,6041
SZ,300892,3.48,1553,2406
SZ,300462,-0.87,1553,2039
SZ,301023,0.71,1552,2798
SZ,301636,1.81,1552,2659
SZ,301555,-0.33,1551,2960
SH,603402,-0.94,1548,6193
SZ,920892,-0.67,1546,1746
SH,600476,-0.41,1541,1541
SZ,002790,1.9,1541,2470
SZ,301491,-0.16,1540,5194
SZ,002306,0,1536,1644
SZ,001395,-0.23,1533,3343
SZ,002316,1.13,1530,1765
SZ,002513,1.54,1529,1987
SH,600455,2.21,1528,1528
SH,688130,2.55,1526,3061
SZ,002247,0.85,1525,2017
SH,603275,0.27,1524,5456
SZ,301512,0.32,1524,2336
SZ,301518,-0.37,1521,3768
SH,603272,0.34,1521,1521
SZ,300977,0.25,1520,2440
SH,688022,2.86,1520,1520
SZ,301203,-0.36,1518,2770
SZ,920857,-1.91,1513,1513
SZ,301591,1.35,1511,3696
SZ,002144,1.11,1506,1934
SZ,301320,1.7,1505,2399
SZ,003008,1.36,1505,2013
SZ,301507,4.59,1505,4874
SZ,301505,1.29,1504,1888
SZ,002694,-0.47,1502,1595
SZ,300640,0,1501,2115
SZ,300828,5.56,1489,2937
SZ,301167,1.23,1479,1567
SZ,301683,-0.04,1478,6539
SZ,000677,-1.71,1477,1477
SZ,301100,2.91,1476,3348
SZ,002691,2.57,1475,1493
SZ,301129,-0.94,1473,2966
SZ,001326,0.82,1468,4475
SZ,300865,0.47,1466,2440
SZ,300670,4.49,1463,2063
SZ,300371,1.26,1460,2099
SZ,301303,-1.17,1459,5838
SZ,301633,-1.59,1458,3183
SZ,920088,0.77,1457,3940
SZ,001226,1.32,1457,3206
SZ,301560,0.46,1456,2899
SZ,300621,-0.82,1454,1494
SZ,301558,0.61,1453,5222
SZ,002809,3.02,1450,2049
SZ,300904,0.26,1445,3025
SH,603062,2.12,1443,4204
SZ,300549,0.78,1443,1904
SZ,920371,4.08,1440,1518
SZ,300635,1.1,1435,1669
SZ,000637,2.08,1433,2043
SZ,301278,1.35,1429,2494
SH,688592,5.83,1425,2992
SZ,301355,2.2,1425,1990
SZ,300155,0.47,1423,2425
SZ,301126,0.88,1421,2118
SZ,002591,0.63,1419,1906
SZ,001387,0.83,1415,2224
SZ,300564,1.54,1415,2016
SZ,002188,1.87,1403,1783
SZ,301508,0.38,1402,5388
SZ,300838,0.22,1402,1901
SZ,301501,9.59,1402,4767
SZ,301295,2.85,1401,4803
SZ,301601,1.72,1396,2321
SZ,000010,-0.64,1395,1747
SZ,000610,-0.99,1394,1402
SZ,300535,12.39,1392,1835
SZ,301097,1.31,1391,2898
SZ,300928,3.55,1391,2076
SZ,001358,6.53,1389,3357
SZ,301156,3.07,1389,2161
SZ,301009,0.55,1382,2488
SZ,301298,0.71,1380,1873
SZ,001278,0.43,1379,2001
SZ,002494,1.48,1379,1815
SZ,002883,-0.32,1377,1402
SZ,001239,1.26,1375,2894
SH,688806,-0.32,1375,12407
SZ,920953,-0.08,1372,2935
SH,688576,2.07,1369,2865
SZ,002200,3.42,1360,3135
SH,688217,-1.53,1358,1358
SZ,301288,2.96,1358,1878
SZ,300594,0.88,1356,1369
SH,688805,-0.09,1352,6761
SH,603248,0.05,1349,8680
SZ,301469,1.6,1343,2609
SZ,920751,-0.3,1342,1401
SZ,001277,0.79,1340,2235
SZ,920038,1.01,1339,4096
SZ,300126,1.77,1331,1921
SZ,920533,0.39,1330,2377
SZ,300605,-1.4,1330,1737
SZ,301131,1.25,1329,1855
SZ,920821,-1.29,1327,2520
SZ,301233,0.42,1325,2414
SZ,920837,-0.3,1323,1477
SZ,002888,-0.16,1320,2601
SH,688671,0.66,1320,1928
SZ,920200,-2.03,1319,3018
SZ,300994,0.36,1317,2632
SZ,301515,1.35,1314,1945
SZ,301584,-0.23,1313,10296
SH,688790,-2.14,1308,10271
SZ,003003,1.37,1306,1960
SH,603207,-0.62,1302,3832
SZ,920225,-2.23,1298,1990
SZ,301329,-0.9,1298,3344
SZ,920039,-0.35,1291,1291
SZ,920682,-0.16,1289,2223
SH,600543,0.5,1288,1288
SZ,300517,1.3,1283,2036
SZ,002830,0.15,1281,2565
SZ,301163,0.65,1281,1909
SZ,300823,2.17,1280,1978
SZ,301157,1.58,1277,3710
SZ,301272,1.41,1275,2015
SZ,920403,9.31,1274,2142
SZ,920207,-1.26,1274,2085
SZ,920238,0.15,1271,6238
SH,688089,-1.16,1269,1269
SZ,301677,-0.61,1269,5919
SZ,920274,2.91,1266,1266
SZ,920367,2.45,1264,2134
SZ,002193,3.21,1264,1264
SZ,301503,-0.9,1258,2269
SH,603350,0.14,1254,3311
SZ,301300,2.79,1253,2098
SZ,001319,1.08,1252,2788
SZ,300405,1.42,1249,1624
SZ,920211,0.69,1246,3696
SZ,301502,-0.41,1243,3007
SZ,920523,-0.19,1242,1552
SH,603344,2.96,1238,4459
SZ,301516,8.88,1230,4921
SZ,920273,0.84,1229,1846
SZ,920981,5.51,1223,2432
SZ,300886,5.48,1219,1937
SZ,920807,0.82,1218,1793
SH,603370,0.2,1216,6078
SZ,920790,-0.97,1214,1764
SZ,301359,2.59,1214,2050
SZ,301083,2.53,1212,2519
SZ,300915,3.18,1212,2650
SZ,301001,0.92,1210,1925
SZ,301446,0.8,1208,3953
SZ,300930,1.95,1205,2557
SZ,920284,-0.49,1202,1879
SH,603352,-0.55,1202,6009
SZ,300430,-1.27,1201,1261
SZ,920046,-1.1,1200,2171
SZ,920425,0.42,1198,1455
SZ,301372,-1.01,1194,1989
SZ,300804,1.31,1192,3207
SZ,301559,1.07,1191,7938
SZ,300899,1.57,1190,1855
SH,603276,1.42,1190,3273
SH,600365,-0.7,1188,1262
SZ,920489,1.64,1187,1865
SH,603004,-0.34,1185,4741
SZ,920033,0.85,1184,1702
SZ,300851,1.18,1183,2085
SZ,300713,0.15,1182,2100
SZ,001373,1.77,1181,1933
SZ,301113,0.49,1180,1948
SZ,301378,-1.45,1178,2479
SZ,001336,0.94,1177,1913
SZ,920304,2.36,1176,1472
SZ,920249,2.07,1168,3951
SZ,920237,-1.02,1166,1189
SZ,300152,-1.21,1155,1155
SZ,301006,1.33,1152,1914
SZ,002872,-0.36,1146,1695
SZ,920429,8.27,1129,1239
SZ,301418,0.61,1119,2789
SZ,301539,1.08,1119,2207
SZ,920171,-0.83,1117,1656
SH,688701,2.47,1115,1115
SZ,920566,-1.87,1114,1433
SZ,300949,2,1114,1948
SH,688184,-0.43,1110,1773
SZ,920575,0.17,1110,1660
SZ,920012,16.48,1105,2823
SZ,920885,1.39,1101,2125
SH,603334,6.56,1100,4962
SZ,920099,-1.88,1099,1754
SH,688651,0.65,1091,2379
SZ,001379,0.5,1084,3222
SZ,300958,2.59,1083,1865
SZ,301577,0.83,1076,2571
SZ,920932,0.66,1070,1293
SZ,920526,3.03,1069,1689
SZ,920252,-0.5,1068,1606
SZ,920130,-0.26,1065,1714
SZ,920505,-4.05,1064,1914
SZ,920152,-2.19,1060,1421
SZ,920396,0.34,1053,1482
SZ,001231,1.79,1045,2043
SH,688695,0.93,1040,1657
SZ,001312,-1.45,1039,4240
SZ,920199,-0.64,1038,1865
SH,603729,-0.08,1037,1037
SZ,920642,0.78,1037,1075
SZ,301513,1.26,1034,5134
SZ,920001,0.17,1034,1764
SH,688816,-0.07,1033,5031
SZ,920592,-0.53,1024,1645
SH,603468,-1.26,1024,10553
SZ,920651,-2.44,1023,1504
SZ,920419,0.67,1019,1089
SZ,920357,0.31,1009,1668
SZ,002514,-1.61,1008,1310
SH,603359,-0.43,1008,1008
SZ,301616,1.31,1007,2838
SZ,920985,0,1007,1420
SZ,301459,2.24,1002,3999
SZ,001279,0.36,1002,4006
SZ,920062,0.8,999,1419
SZ,920184,-1.41,995,1466
SZ,920786,5.26,994,1505
SZ,301192,2.02,992,2041
SZ,920792,-1.1,992,1616
SZ,301173,1.01,990,2821
SZ,002719,-1.29,984,1059
SZ,920924,-2.58,983,1613
SZ,920161,-1.84,978,3604
SZ,300338,-0.7,976,1123
SZ,920124,0.55,972,1887
SZ,920270,2.31,971,1249
SZ,920206,0.2,968,2516
SZ,920690,-2.32,963,1482
SZ,301399,2.21,962,3256
SZ,920100,-0.27,959,3618
SZ,920092,-1.28,958,1805
SZ,920167,0.41,958,1612
SZ,301105,1.65,954,2409
SH,603409,-0.05,948,3305
SZ,920415,-0.78,947,1229
SZ,920098,0.59,944,1386
SZ,301386,3.17,937,2916
SZ,001225,-0.35,936,2918
SZ,920726,2.14,933,1690
SZ,300417,1.19,924,1487
SZ,920005,0.67,919,1991
SZ,301519,1.95,916,1946
SZ,920436,-0.48,914,974
SZ,920169,1.36,911,1448
SH,603205,-0.22,901,3401
SZ,920266,-2.19,897,939
SZ,920694,0.14,895,1883
SZ,920028,2.38,894,2263
SZ,920223,0,894,1722
SZ,301037,1.23,893,1827
SZ,920275,-0.14,886,1071
SZ,301170,1,883,2323
SZ,920195,2.39,880,1219
SZ,920943,4.17,879,1723
SH,688638,2.47,877,1857
SZ,301668,-0.35,876,3962
SZ,920018,-0.38,876,2523
SZ,920227,-1.39,874,1920
SH,688573,1.11,870,1598
SZ,920541,-0.2,869,1319
SZ,301049,2.48,866,1905
SZ,920670,-0.98,864,1377
SZ,920833,-2.35,860,1138
SH,603284,2.77,860,3440
SZ,920220,0.19,855,2731
SZ,920748,0.48,853,1777
SZ,920433,-1.56,850,1285
SZ,920193,1.84,849,3752
SZ,920020,-0.06,848,3433
SH,603073,0.42,847,1931
SZ,920855,0.4,847,944
SZ,001306,-0.25,846,3436
SZ,301598,0.5,846,2839
SZ,920873,-0.13,843,1080
SZ,920122,-0.74,842,2078
SZ,920156,0.71,836,4008
SH,603376,-0.83,834,10428
SZ,920027,0,824,1178
SZ,920693,-0.26,824,1636
SZ,920926,0.2,819,903
SZ,920663,-2.06,819,1707
SZ,920000,-2.13,818,1302
SZ,001335,1.18,813,2984
SZ,920478,-1.53,811,1334
SH,603273,1.05,807,3100
SH,603075,0.21,804,7634
SZ,301449,-0.27,800,3555
SZ,920870,0,798,1620
SZ,920260,-0.48,796,834
SZ,920221,-0.68,796,1528
SZ,301314,0.81,795,2404
SZ,001396,1.02,791,3723
SZ,920519,0.3,786,884
SZ,301353,-0.4,784,2439
SZ,920378,-0.56,783,1093
SZ,920974,0,782,998
SZ,301552,0.44,780,3119
SZ,920181,6.28,780,3361
SZ,920556,-0.29,779,1075
SZ,920445,7.78,778,1067
SZ,920006,0.06,776,1466
SZ,920832,0.48,772,864
SZ,301533,3.02,768,2653
SZ,301567,1.21,765,2594
SZ,920689,-0.78,759,1469
SZ,301429,0.82,758,2037
SZ,920768,-1.39,757,1095
SZ,920976,-1.03,757,1218
SZ,001325,-0.96,739,2956
SZ,920078,-0.98,739,2274
SZ,920765,-0.2,738,1214
SZ,920395,0,736,1068
SZ,001220,-0.02,733,2931
SZ,920363,0,728,1281
SZ,920242,0.88,725,1295
SZ,920370,-0.35,722,826
SZ,920263,-0.27,719,990
SZ,920475,-3.53,719,1293
SZ,920942,0.41,711,1050
SZ,920685,-0.07,710,1114
SZ,920058,-6.8,706,1435
SZ,920061,-1.1,704,1266
SZ,301287,3.87,704,2754
SZ,301578,0.17,702,2470
SZ,920634,2.13,701,1104
SZ,920866,4.8,697,1101
SZ,920547,-0.15,696,1431
SZ,920117,-0.74,695,3090
SZ,920081,3.5,693,2940
SZ,920720,-0.31,691,2474
SZ,920299,-1.35,690,1369
SZ,300784,-0.09,689,2305
SZ,920856,-5.11,689,1235
SZ,920553,-1.73,688,1053
SZ,920564,-0.78,682,1482
SZ,920781,-0.87,681,875
SZ,920123,0.48,681,1169
SZ,920245,0.55,681,884
SZ,920706,-0.62,681,1351
SZ,920008,0.56,673,1258
SZ,920346,-0.12,671,1207
SZ,920964,1.79,671,1186
SZ,920925,0.17,670,1194
SZ,301575,0.44,668,3325
SZ,920527,3.12,662,854
SZ,920163,0.09,662,1403
SZ,920608,0.51,659,851
SZ,920375,-0.81,657,1100
SZ,920579,-0.4,656,1905
SZ,920108,-0.32,655,1546
SZ,920101,-0.23,655,2098
SZ,920627,-0.06,655,1320
SZ,920187,-0.91,642,1751
SZ,920278,-1.35,642,1136
SZ,920570,-0.27,630,1240
SZ,920175,-0.12,629,945
SZ,920422,2.48,629,841
SZ,920118,2.41,627,1034
SZ,920079,0,623,5766
SZ,920107,105.37,621,2760
SZ,920580,-1.13,617,969
SZ,920826,1.16,606,1348
SZ,920578,1.08,600,1293
SZ,920471,0.9,592,929
SZ,920834,-0.84,585,1117
SZ,920675,-0.4,580,1264
SZ,920096,-0.46,578,2462
SZ,920014,-0.45,575,1046
SZ,920641,-0.54,575,953
SZ,920679,0.07,571,858
SZ,920057,-0.19,570,886
SZ,920469,-1.07,569,775
SZ,920719,-0.51,569,712
SZ,920090,-1.54,567,759
SZ,920455,-0.5,566,1033
SZ,920112,-0.67,564,1921
SZ,920992,-2.62,562,1110
SZ,920086,0.34,562,1719
SZ,920665,0.58,559,1132
SZ,920198,-3.65,557,1275
SZ,920271,-0.92,555,1253
SZ,920065,-1.25,554,3177
SZ,920906,-0.05,547,1065
SZ,920075,-0.69,547,1009
SZ,920146,0.2,545,678
SZ,920262,0,544,1169
SZ,920454,-0.63,536,1145
SZ,920896,-0.81,534,1218
SZ,920729,0.73,534,1883
SZ,920374,-0.26,524,1283
SZ,920871,0.18,523,944
SZ,920023,-0.5,521,635
SZ,920050,-0.79,517,1933
SZ,920703,0.31,516,1462
SZ,920230,0.18,512,1089
SZ,920056,0.86,508,1345
SZ,920166,-1.7,506,1604
SZ,920069,-0.87,500,1794
SZ,920160,-0.85,500,2220
SZ,920030,0.23,498,792
SZ,920149,-0.37,497,601
SZ,920753,-0.84,494,1229
SZ,920145,-0.49,488,706
SZ,920392,-0.21,488,1038
SZ,920212,0.43,486,998
SZ,920080,0,481,1739
SZ,920076,0.47,469,1492
SZ,920082,-0.72,465,1654
SZ,920779,-1.19,462,1847
SZ,920267,1.93,458,801
SZ,920508,-1.23,458,861
SZ,920718,0.41,456,889
SZ,920177,0.49,455,1286
SZ,920656,-0.84,452,1397
SZ,920126,1,451,1879
SZ,920950,-0.38,451,925
SZ,920414,0,444,632
SZ,920128,0.5,441,1473
SZ,920427,-1.36,438,888
SZ,920091,0.07,435,1844
SZ,920970,0.65,434,686
SZ,920136,-0.09,433,1649
SZ,920180,0.08,432,1432
SZ,920168,-0.83,432,1152
SZ,920158,-0.24,426,1593
SH,688121,-0.93,426,491
SZ,920188,0.23,425,1781
SZ,920110,0.42,423,1016
SZ,920159,4.44,414,2183
SZ,920055,0.19,403,1792
SZ,920957,0.11,392,984
SZ,920036,-0.39,386,1610
SZ,920072,-1.33,384,2033
SZ,920802,-5.87,383,867
SZ,920007,0.08,382,1600
SZ,920035,-0.53,376,1660
SZ,920218,2.53,376,1672
SZ,920165,0.55,371,1866
SZ,002731,0.63,365,407
SZ,920009,-2.05,364,2800
SZ,920717,-1.68,361,936
SZ,920895,0.48,361,710
SZ,920011,0.32,351,1561
SZ,920191,-0.67,348,1545
SZ,920121,-0.17,331,1835
SZ,920066,-0.17,330,1043
SZ,920222,-1.65,322,2389
SZ,920183,0.81,322,1400
SZ,920003,-0.66,319,1486
SZ,920022,0.16,318,1155
SZ,920132,-0.45,316,929
SZ,920504,-0.5,303,767
SZ,920931,-0.47,301,983
SZ,301139,-3.26,293,468
SH,688496,-7.6,202,383
