market,code,chg_pct,vol_rank,amt_rank
SH,601288,2.31,2263441,2481380
SH,601398,2.39,2194643,2901147
SH,601857,3.21,1820004,2057156
SZ,300750,1.29,1712297,1859638
SH,600519,2.54,1693348,1693348
SH,601988,1.5,1285670,1965496
SH,601138,-5.53,1082495,1082495
SZ,300308,-7.79,973262,1025694
SH,600036,1.54,830728,1015603
SH,601628,0.86,827111,1122674
SH,601088,0.76,748198,984050
SH,600900,1.9,721323,721323
SH,601899,-0.08,661730,854094
SH,688256,-8.71,657760,657760
SH,688041,-3.79,635056,635056
SZ,000333,2.15,611697,677819
SH,601318,1.97,590248,1002620
SH,601728,3.69,502264,592051
SZ,002371,-2.86,497520,497917
SH,600028,1.35,496503,633650
SZ,300502,-10.48,472875,525663
SZ,002475,-4.87,434450,458186
SH,601166,2.21,402094,402094
SH,601658,1.37,376419,623293
SH,600030,-0.24,346179,421348
SH,600276,0.65,345997,360002
SZ,002594,1.09,334297,874157
SH,688012,-2.09,332077,337592
SH,603993,-1.35,328613,402641
SZ,002415,-0.19,322674,326911
SH,601998,1.81,321620,439040
SH,600000,3.99,321401,321401
SH,603259,-1.66,307651,371150
SZ,000858,4.19,304000,304008
SZ,300059,1.26,269069,318817
SH,601319,1.21,266588,332122
SH,600150,-0.59,259784,259784
SH,601211,0.21,256036,334421
SH,601816,1.17,253435,253435
SH,688981,-3.98,251305,1075922
SH,603986,2.6,249682,262102
SH,600183,-7.26,241923,243653
SH,688825,0.47,239562,3558063
SH,601225,0.08,239079,239079
SH,600309,1.84,237478,237478
SZ,000651,1.82,234188,237556
SH,688008,-2.64,231242,246549
SZ,000001,2.57,224523,224526
SZ,002384,-9.99,224307,296354
SH,601601,2.51,224038,314874
SH,600919,1.03,215445,215445
SZ,002142,2.13,215142,215277
SH,603288,2.47,214472,225705
SH,601919,0.64,196510,238946
SZ,300760,4.36,195798,195967
SH,600406,1.13,193798,194368
SH,601668,1.08,193793,193793
SZ,300408,-5.78,191805,203915
SH,688072,-3.75,190682,196069
SZ,000725,-5.77,190275,199298
SZ,002463,-6.21,189781,189935
SH,600025,1.6,189292,189292
SH,601328,2.4,189286,641521
SZ,002938,-9.39,176917,177431
SZ,300394,-11.15,176058,176452
SH,600031,1.67,175759,190704
SH,600989,2.84,175414,175414
SH,600887,1.03,173650,174517
SH,601985,1.12,171083,186346
SZ,002352,0.95,168305,184654
SH,601066,-0.22,167653,200200
SH,600809,4.87,164036,164036
SZ,003816,0.98,162061,208055
SZ,300476,-7.78,160848,182710
SZ,300433,-6.1,155800,165489
SZ,300124,4.01,154453,173503
SH,601766,1.94,153022,180516
SZ,000792,1.48,148321,148323
SH,601818,2.25,147574,187892
SH,600690,1.57,145946,218874
SH,601009,2.27,144901,144901
SH,600176,-4.97,144883,146034
SH,601688,-2.57,143505,177288
SH,600111,-1.13,140626,140626
SH,600050,1.13,138527,139752
SH,601100,0.09,138131,138131
SH,601229,1.92,135838,135838
SZ,000063,-1.66,134966,160296
SH,600019,1.96,133410,135702
SZ,000568,2.43,132940,133016
SH,688120,-1.29,131624,131624
SZ,002050,-1.1,131475,149889
SH,601336,-0.37,130840,195720
SZ,002714,2.39,130597,229823
SH,600999,-0.56,130479,152885
SZ,000338,-3.62,130353,227238
SH,688082,-2.58,129150,130552
SH,600016,1.69,128373,158492
SH,688506,-3.72,128078,128078
SH,688498,-15.74,127144,128808
SH,601898,0.29,127121,184163
SH,600104,2.6,127023,127023
SH,601600,0.42,126224,164002
SZ,000776,-1.51,126051,167060
SZ,000408,0.41,125402,125403
SH,600760,0.48,124670,124907
SZ,300604,-7.02,123322,159842
SH,600018,1.16,121580,121754
SH,600660,1.46,120099,156480
SH,603019,-5.36,119956,119961
SH,600188,0.55,119883,201841
SH,600926,1.36,119029,119029
SZ,002281,-9.99,118811,126106
SH,600346,1.26,118750,118750
SH,688111,3.46,117897,117897
SZ,002493,2.96,116913,125068
SH,688361,-8,116814,116814
SH,600584,-9.1,116580,116580
SH,600487,-4.61,116426,117030
SZ,301165,-0.69,116108,116108
SZ,300014,2.52,115257,118575
SH,601888,0.26,112326,119536
SH,600905,0.78,111206,111206
SH,603256,-9.99,110107,113218
SH,601169,1.37,109732,109732
SH,601869,-6.1,107476,218981
SH,600015,3.1,107403,111086
SH,605117,-1.47,106786,106786
SH,600489,0.74,106156,106156
SH,603501,-4.23,105954,110409
SH,688525,5.6,105508,105508
SZ,000166,0.21,105466,117187
SH,601633,1.68,105121,144553
SH,601698,-1.5,104723,104723
SH,600089,-0.28,104037,104037
SH,601995,0.23,102909,169919
SZ,000977,-6.76,102488,102602
SH,600547,1.24,100012,127557
SZ,300033,1.56,99738,171226
SH,601006,1.83,99712,99712
SZ,002736,0.69,98816,105285
SH,601012,1.17,98212,98212
SZ,301308,4.76,97329,146091
SH,600938,3.24,97175,1544724
SH,688271,2.81,96575,96575
SZ,002028,-4.57,96550,123701
SZ,000100,-2.83,96367,99636
SZ,000938,-9.98,96098,96099
SH,688347,-13.38,95418,406645
SH,601127,5.52,95301,106609
SH,600522,-4.97,95153,95153
SH,601390,1.09,94506,114071
SH,605499,-1.98,94453,102582
SH,600893,-1.22,94132,94149
SZ,000538,1.52,93398,93995
SZ,000988,-7.3,93393,93441
SZ,300857,-6.81,92995,93473
SZ,000895,2.95,92979,92992
SZ,000807,2.18,92663,92664
SZ,002001,0.59,92563,93678
SH,688521,-8.79,92104,92104
SH,601881,0,91122,137555
SZ,000617,1.42,90391,90391
SZ,301200,-8.11,90087,103596
SZ,002602,-2.2,90058,97662
SH,600795,1.21,89713,89713
SH,600941,1.55,89202,2142566
SZ,002600,0.57,88559,99879
SZ,002230,0.15,87883,96395
SH,600362,-1.3,87762,146439
SH,601168,-0.45,87551,87551
SH,601727,-0.99,87048,107227
SZ,002353,-9.99,86884,128729
SZ,300498,2.5,85264,95417
SZ,002648,1.08,85206,85260
SZ,002156,-9.99,84810,84818
SH,601868,0.39,83342,113697
SH,600236,-3.2,83317,83317
SH,600436,0.76,82908,82908
SZ,001289,0.37,82335,136516
SZ,000425,1,81815,106455
SZ,002027,2.74,81165,81165
SZ,002311,1.78,81114,81192
SH,601825,3.6,80995,83328
SH,600674,0.68,79554,79554
SH,601838,1.14,79216,79216
SH,600011,-0.55,78744,112398
SZ,000301,-0.91,78375,78409
SZ,002008,-9.99,78356,84325
SH,600673,-6.95,78251,78459
SH,600039,0.91,77478,77478
SH,603893,-9.99,77284,77294
SH,601689,-2.47,77247,77247
SH,603195,2.69,76309,76448
SH,603799,-0.49,75693,75930
SH,688036,-0.17,75483,75483
SZ,000708,1.22,75354,75354
SH,600066,4.67,74964,74964
SH,688249,-7.17,73960,81923
SH,601800,1.12,73854,102147
SH,600585,1.09,73742,97837
SH,601186,0.47,73161,86366
SZ,002241,-2.35,72760,82164
SH,601991,-5.18,72517,108264
SZ,300015,2.59,72410,84626
SH,688396,-2.77,72374,72374
SH,601111,0.82,71807,126439
SZ,002179,0.12,70671,70799
SZ,002080,-3.57,70582,70582
SH,600549,-4.21,70502,72029
SZ,000657,-7.85,70330,110307
SH,600415,1.34,70299,70299
SH,600029,0.19,69945,94048
SH,688183,-10.12,69939,69939
SH,600010,0.45,69213,99950
SH,600958,-0.21,68794,78254
SH,688200,-5.8,68165,68165
SH,600023,-1.16,68116,68116
SZ,000630,-0.97,67861,81664
SH,603228,-8.65,67554,67858
SH,601179,-3.79,67405,67405
SH,601018,0.58,67312,67312
SZ,002466,-1.05,67278,78106
SH,601958,-2.22,66629,66629
SZ,002625,-0.66,66598,66598
SH,688126,-3.77,66562,77404
SZ,301217,-8.36,66056,66056
SH,600118,-3.82,65604,65604
SH,601916,2.03,64849,82669
SH,600026,5.02,64808,92628
SZ,000625,3.99,64650,77519
SZ,300475,-1.32,64607,67407
SZ,001309,10,64368,88479
SH,688002,-6.32,64343,64343
SZ,002304,4.4,63676,63677
SH,688777,0.68,63322,63643
SH,603296,-5.29,63265,120113
SH,601669,0.21,63135,83202
SH,600048,0.57,63084,63084
SH,600115,0.82,62992,81725
SH,600233,0.38,62796,62796
SH,688702,-12.08,62708,126657
SZ,001979,-1.67,62354,63383
SH,600482,-4.3,61923,61923
SH,601360,0.34,61736,61736
SH,600988,-2.08,61681,70448
SH,600009,2.01,61658,61859
SZ,002595,7.13,60928,61352
SZ,002460,0.68,60876,105380
SZ,002202,-0.38,60577,76070
SH,601077,3.65,60277,77455
SH,600426,1.44,60216,60224
SH,688037,-11.19,60021,60021
SZ,002128,0.04,60007,83696
SH,600703,-2.68,59469,59469
SZ,000021,-6.22,59267,59275
SZ,000933,2.33,59223,59261
SZ,300757,-11.03,59215,61051
SZ,000703,-0.7,58899,59196
SH,601901,0.28,58448,58448
SZ,000975,2.98,58337,64101
SZ,000768,-0.09,58194,58282
SH,688172,-8.08,58008,69082
SH,600221,0,57841,58341
SH,601788,0.27,57507,67871
SH,601061,-0.67,56889,56889
SZ,000636,3.39,56832,56832
SH,688629,-8.78,56536,57427
SH,600875,-2.23,56403,86182
SZ,000426,-2.49,55990,56004
SZ,002064,-0.44,55314,55432
SH,600803,0.39,55076,55507
SH,600096,0.94,55000,55000
SZ,002049,0.34,54870,54878
SZ,300661,-9.95,54583,62179
SZ,002532,1.76,54498,61423
SZ,002709,-1.87,54475,73592
SH,600372,0.09,54438,54438
SZ,000157,1.05,54366,66507
SH,601877,1.13,53982,53982
SH,688019,-7.37,53688,53688
SH,688766,6.05,53380,53380
SH,600350,-2.81,53374,53374
SZ,002837,-9.99,53301,60086
SH,601059,-0.05,53282,53282
SH,600741,1.87,53218,53218
SH,600885,0.68,52943,52943
SH,600219,0.22,52825,52825
SZ,002558,2.78,52703,52703
SH,601377,0.16,52680,52680
SH,600438,1.39,52673,52673
SZ,300223,0.15,52606,60337
SZ,002920,2.61,52556,52573
SH,688578,-1.77,52290,52290
SZ,300450,0.03,52116,55952
SH,601233,-1.56,52100,52195
SH,601231,-7.84,51888,51888
SZ,000960,-1.49,51864,51864
SH,603659,-1.05,51846,51846
SZ,300759,-2.49,51533,66675
SZ,000963,0.38,51468,51490
SZ,300765,-4.46,50987,50987
SH,688409,-6.22,50721,50721
SZ,001872,1.34,50511,54458
SZ,000831,-0.93,50493,50493
SZ,300285,0.02,50477,58955
SH,600895,3.89,50441,50441
SZ,002185,-8.68,50272,50283
SZ,002074,1.66,49949,52192
SZ,300054,-4,49651,63687
SZ,301358,-0.02,49360,54747
SH,600196,0.48,48958,61714
SZ,300803,0.25,48808,49168
SH,601618,0.37,48381,56074
SH,601298,0,48367,58225
SH,688017,-7.07,48322,48322
SZ,300620,-9.16,47691,48092
SZ,301269,-3.57,47545,47545
SZ,000783,-0.22,47448,47448
SH,601117,0.39,47365,47501
SH,603156,0.43,47273,47273
SZ,300136,-7.18,47185,55326
SH,600377,0.49,47147,62468
SH,601058,3.39,47086,47086
SH,688519,-6.43,46928,46928
SH,600460,-5.88,46827,46827
SH,600105,3.94,46667,46667
SH,603129,0.32,46656,46656
SH,600879,-3.86,46652,46652
SH,601607,0.6,46580,61930
SZ,300316,-1.63,46553,49500
SZ,002821,-5.42,46479,52890
SH,603979,1.2,46379,46379
SH,601021,2.5,46216,46216
SH,688009,1.13,46209,56761
SH,688469,1.95,46137,65888
SZ,002484,-9.97,45348,47008
SH,688110,-4.77,45286,45286
SH,600930,-0.46,45229,175617
SH,600497,-1.2,45212,45212
SZ,300373,-5,45111,45212
SZ,002851,-9.14,45050,57117
SH,600580,-2.72,44891,45020
SZ,301526,5.63,44800,120291
SH,601699,-3.29,44692,44692
SH,688223,1.87,44672,44672
SZ,002414,-6.1,44386,55776
SZ,300666,-8.92,44232,55205
SH,688141,-13.56,44226,44226
SH,600027,0.42,43959,55388
SZ,002812,0.09,43936,52412
SH,601198,-1.01,43929,43929
SZ,002409,-9.99,43625,65183
SH,601878,0.64,43451,43451
SH,600378,-6.94,43074,51806
SZ,000893,3.29,43042,48993
SZ,000999,1.57,43014,43053
SZ,300418,-0.78,42946,46955
SZ,300979,1.47,42747,42747
SH,600352,-3.09,42716,42716
SZ,000066,-4.89,42610,42613
SH,600570,1.78,42153,42153
SZ,002436,-10,42031,47064
SZ,300058,1.7,41666,43011
SH,688146,-4.69,41608,151946
SH,600061,0.46,41562,41562
SH,600642,-1.73,41548,41551
SZ,300567,-8.32,41418,51031
SH,688187,0.77,41143,63009
SH,600985,-0.45,41126,41126
SH,600498,-6.53,41073,43869
SH,600995,0.08,41037,41037
SZ,002428,-6.89,40723,40729
SH,600600,3.35,40718,78332
SZ,002078,0.69,40605,40856
SZ,002945,4.24,40446,40446
SH,688630,-12.34,40404,44932
SH,601238,1.68,40315,55676
SH,601555,0.12,40147,40147
SH,600726,-8.97,40143,42462
SH,688729,-7.37,40122,67830
SH,601216,-0.2,39912,39912
SH,601136,1.53,39907,39907
SH,688331,-5.47,39789,63109
SZ,300972,3.65,39709,43220
SH,688303,4.48,39536,39536
SH,601456,0.22,39262,50955
SH,600968,-0.25,39237,39237
SH,688099,-4.2,39212,39212
SH,688220,-12.56,39115,39115
SZ,000987,0.39,39054,39083
SH,688432,-13.41,39047,39047
SH,601665,0.96,38954,38954
SH,600578,-2.51,38829,38829
SZ,002236,-1.33,38736,52962
SH,688472,5.78,38690,38690
SH,688147,-12.93,38667,38667
SZ,300866,3.97,38362,73130
SH,601577,1.06,38357,38366
SH,600909,-1.16,38335,38335
SH,688728,-7.29,38254,38281
SH,688313,-11.95,38202,38202
SH,600143,-0.47,38152,38709
SH,603806,2.38,38088,38088
SH,601108,-0.11,38032,38032
SH,601777,4.48,37977,37977
SH,603087,-0.72,37940,40426
SZ,000596,2.11,37930,49070
SZ,300548,-11.46,37768,37844
SZ,002203,-3.99,37717,39074
SZ,300919,0.64,37659,43001
SH,688048,-14.94,37646,37646
SH,688627,-9.25,37608,37608
SZ,002195,-0.29,37458,37796
SH,601808,2.68,37450,60361
SH,600845,-0.84,37410,50099
SH,600901,-0.76,37406,37415
SZ,002966,1.32,37142,37777
SZ,300395,-4.42,37031,37984
SZ,000983,0,36901,36901
SZ,300115,1.12,36838,36947
SH,600601,-8.02,36782,37694
SZ,300390,-3.93,36746,45409
SZ,002294,-0.56,36658,36666
SH,603298,-0.2,36570,36570
SH,603379,0.34,36238,36238
SZ,002850,-1.38,36022,49195
SH,600060,0.04,36015,36148
SH,603083,-9.99,35862,47920
SH,600085,1,35850,35850
SZ,002129,2.9,35833,35862
SZ,002636,-9.47,35774,35956
SH,688336,-3.89,35571,35571
SH,601212,-2.03,35543,35543
SH,603486,2.18,35542,35867
SH,688234,-8.61,35494,40029
SZ,000559,-0.64,35464,35474
SH,600177,-0.12,35442,36386
SZ,002032,3.65,35417,35433
SZ,002155,-1.09,35250,35253
SH,600392,-2.18,35232,35232
SH,603369,2.17,35185,35185
SH,600298,2.37,35143,35582
SZ,000423,1.91,35020,35082
SZ,300001,-0.6,35019,35839
SH,600256,-0.36,34772,34772
SH,600141,-0.71,34766,34766
SH,600588,4.21,34648,34648
SZ,302132,1.13,34631,157894
SH,688122,1.98,34497,34497
SH,600157,-1.24,34472,34472
SZ,000786,0.15,34449,34709
SH,603268,-0.92,34430,143297
SZ,002444,0.33,34413,35846
SH,605376,-9.13,34366,34366
SH,603699,4.4,34207,34981
SZ,002340,0.15,34009,34186
SZ,002407,-1.58,33960,37475
SH,688295,-2.88,33822,33822
SZ,001203,-3.28,33798,39676
SZ,002738,-2.41,33798,34285
SH,601598,2.34,33781,46988
SH,601208,-8.71,33750,33750
SZ,002273,-6.21,33657,34363
SH,603606,-0.4,33652,33652
SZ,300832,3.01,33630,38681
SZ,300037,-0.35,33627,46364
SH,603650,-8.06,33378,33459
SZ,301377,-6.68,33328,142954
SH,601236,0.85,33228,33228
SH,600667,-9.01,33109,33109
SH,688775,-4.43,33040,51083
SZ,002601,-0.53,32954,39531
SZ,002056,-3.39,32777,32811
SZ,000811,-10,32737,33208
SZ,000688,-4.52,32731,32732
SZ,300207,-0.57,32565,35102
SH,601696,-0.16,32447,32447
SZ,002429,-4.01,32394,32413
SZ,002653,-5.61,32384,67565
SH,603225,-1.21,32336,32510
SH,600499,1.2,32316,32316
SZ,000661,-0.58,32237,32908
SH,600109,0.46,32237,32237
SZ,000729,0.47,32198,36162
SH,688599,1.63,32163,32163
SZ,000002,0.91,32163,39491
SZ,000728,0.41,31943,31943
SH,601162,0,31812,37274
SZ,000800,1.26,31739,31742
SH,688266,-8.71,31717,31717
SH,603629,-9.32,31708,32235
SH,600863,0.21,31655,38001
SZ,002517,0.24,31604,35743
SH,600282,1.19,31565,31565
SH,600711,-5.11,31493,31493
SH,601611,-0.94,31404,31404
SZ,000878,0.77,31357,37954
SH,603568,-0.96,31341,31341
SZ,300251,-1.39,31334,33120
SH,688617,1.19,31291,31291
SZ,000876,0.72,31275,31294
SZ,003031,-6.76,31254,41443
SH,688808,-10.01,31047,165190
SH,600332,0.36,31014,35865
SH,600839,-1.17,30966,30975
SH,603929,-9.99,30963,30963
SH,600348,-1.03,30844,30844
SZ,002138,-6.02,30676,32696
SH,688027,-0.89,30663,39241
SH,601126,-8.29,30644,30942
SZ,000883,0,30584,33415
SZ,000027,-0.15,30542,30542
SZ,002555,0.1,30477,42475
SH,603766,2.27,30475,30475
SH,603338,-0.57,30447,30447
SH,600562,-1.32,30438,30438
SH,603198,3.79,30432,30432
SZ,300454,2.32,30416,45577
SH,600483,-1.25,30415,30415
SH,600206,-9.9,30400,30400
SH,688213,-3.25,29989,37294
SH,600801,-1.14,29974,46445
SH,600398,1.3,29969,29969
SH,600871,0.45,29939,41895
SH,600563,-1.96,29932,29932
SH,688169,2.4,29509,29509
SZ,002126,-6.69,29460,31375
SZ,300782,-3.39,29450,37777
SH,688676,-6.02,29399,29399
SH,600517,1.39,29278,29278
SZ,000958,-0.17,29178,99276
SZ,000959,-0.25,29136,30322
SH,601990,0.58,29114,30269
SH,688608,-3.56,29042,29042
SH,601933,2.52,29006,29006
SZ,002432,-6.68,29005,29044
SH,601000,2.52,28978,28978
SH,688433,-8.51,28791,28791
SZ,002261,-5.02,28584,31424
SH,603308,-4.11,28581,28581
SH,600869,-7.53,28563,28563
SZ,000629,-0.31,28522,28523
SZ,300017,-3.26,28402,30273
SH,605589,-5.18,28254,28269
SH,600699,-0.97,28067,31186
SH,605358,-7.83,28046,28046
SZ,300748,1.27,28036,34128
SZ,300347,-2.79,27961,42500
SH,600707,-6.38,27840,27846
SZ,300339,-0.05,27810,28480
SZ,300751,-10.94,27799,40204
SH,600079,0.17,27685,29282
SZ,000060,-0.94,27668,27669
SH,600369,0,27644,27644
SH,601880,0.67,27620,35358
SZ,301236,-0.75,27594,36356
SZ,002608,0,27580,27580
SH,603444,1.55,27539,27539
SZ,000951,1.03,27436,27436
SH,603939,-0.43,27400,27400
SZ,002797,-0.3,27358,27358
SH,688180,-0.99,27345,36632
SH,601799,1.28,27280,27280
SZ,300458,-15.77,27252,33257
SZ,000932,1.28,27205,27205
SH,600312,1.06,27098,27098
SH,688297,0.45,27041,27041
SH,600637,0.38,26962,26962
SZ,000877,1.34,26949,26949
SH,600428,0.37,26800,30073
SH,600515,1.39,26794,33362
SH,601001,-2.31,26762,26762
SH,688065,0.24,26754,33078
SH,600595,1.99,26653,26653
SZ,002472,-1.7,26635,30243
SH,600536,-1.03,26609,29452
SH,688568,-1.34,26481,26481
SH,688052,-6.57,26466,30175
SH,600862,2.1,26454,26454
SH,603345,1.03,26449,30056
SZ,300432,-0.5,26426,26724
SZ,002223,0.76,26309,27989
SH,600153,0.89,26270,26270
SH,600777,0.49,26229,28018
SH,600732,3.24,26189,26313
SH,600737,-1.2,26158,26158
SZ,002244,0.11,26086,29434
SH,688362,-10.56,26067,26067
SZ,002025,-6.06,26039,26047
SH,600704,0.6,25856,25856
SH,603179,-4.56,25783,25783
SH,600998,-0.19,25767,25767
SH,688322,-6.99,25727,33163
SH,601155,-0.86,25714,25714
SH,600663,8.1,25687,40986
SH,600323,0.87,25659,25659
SH,600918,0.54,25643,44501
SZ,002378,-3.28,25635,25770
SZ,300870,-10.49,25631,25633
SH,600299,0.12,25624,25624
SZ,002240,-3.53,25607,25674
SH,603127,-7.73,25448,30379
SH,688300,-9.31,25374,25374
SH,688411,0.16,25361,34904
SH,601615,-0.7,25306,25306
SH,600331,-0.94,25298,32888
SH,603049,1.17,25284,43785
SH,688385,-2.71,25276,38599
SH,601918,-0.91,25232,25232
SZ,002487,-1,25231,29596
SH,600161,1.35,25172,25172
SZ,000921,2.6,25108,37641
SH,601717,2.33,25106,29066
SZ,003022,-0.78,25087,25109
SH,600095,-0.1,25046,25046
SH,601606,3.66,25022,25022
SZ,002131,4.16,24941,28848
SZ,000737,-1.42,24892,24895
SH,600295,0.32,24873,35237
SH,600166,-0.94,24861,24861
SH,600583,1.26,24848,24848
SH,601928,0,24813,24813
SH,689009,4.78,24772,32421
SH,600566,0.04,24738,24822
SZ,002459,1.22,24735,24757
SZ,002152,0.61,24648,24660
SZ,002859,-3.93,24517,25966
SH,603605,1.28,24515,24515
SH,600546,-1.11,24483,24483
SH,688025,-13.76,24473,24473
SH,688318,0.74,24447,24447
SH,603160,-0.35,24417,24417
SH,600521,0.18,24405,24405
SZ,000981,-0.38,24354,25594
SZ,002245,-5.66,24324,25854
SH,688668,-11.44,24319,24319
SZ,002465,-1.2,24308,24347
SZ,300438,-3.15,24306,30271
SZ,000738,-0.15,24199,24199
SZ,000830,-1.08,24183,24185
SZ,002379,3.7,24182,277302
SZ,301511,-8.59,24078,40511
SH,600208,-1.74,23907,23910
SZ,920185,0.95,23789,24187
SH,603885,0,23751,23751
SH,601399,-0.59,23733,23733
SH,601567,4.65,23706,23706
SH,688349,1.27,23665,24075
SH,600535,-0.74,23649,23649
SH,688192,-4.02,23605,23807
SZ,300024,-0.45,23603,23610
SH,688278,0.19,23593,23593
SH,600486,3.97,23580,23580
SZ,300383,-0.82,23577,23620
SZ,000415,-1.34,23567,27026
SH,688248,-3.55,23554,23554
SH,603301,1.24,23532,23532
SZ,300677,0.66,23527,33085
SH,601099,0.29,23516,23516
SH,600884,-2.06,23489,28744
SH,600977,1.05,23468,23468
SH,601128,1.42,23421,23421
SH,688475,-0.02,23397,23397
SH,601963,1.77,23392,41696
SZ,002456,0,23389,24646
SH,601228,0.65,23388,23388
SH,688778,0,23382,23382
SH,603596,2.48,23366,23366
SH,688387,-5.15,23354,39589
SH,600259,-2.45,23342,23342
SZ,300558,-4.25,23297,23372
SH,688127,-3.89,23282,23282
SH,600100,-0.56,23251,23251
SZ,000400,1.28,23188,23347
SZ,300236,-4,23175,26073
SH,600641,-9.97,23080,23482
SZ,000155,-1.49,22966,22966
SH,600388,1.63,22962,22962
SZ,002498,-4.44,22855,22855
SH,600132,2.43,22853,22853
SZ,002603,-0.83,22823,27700
SH,603920,-3.14,22821,22821
SH,688425,0,22774,22774
SH,600873,-1.57,22686,22686
SZ,002157,0,22584,26825
SH,600098,0.63,22543,22543
SZ,002430,-1.32,22532,22541
SH,600390,0.4,22445,22445
SZ,000733,0.27,22441,22444
SZ,300255,-2.11,22418,22453
SH,603565,1.72,22324,22324
SH,603688,-5.45,22312,22312
SZ,002015,-3.1,22288,22288
SZ,002085,1.35,22273,22273
SZ,000750,0.26,22257,24523
SZ,002841,-4.79,22147,29701
SZ,002222,-10,22144,22243
SZ,000709,0.47,22118,22121
SZ,000887,-1.22,22095,22130
SZ,300896,3.38,22058,32647
SH,688819,0.31,22047,22047
SZ,002266,-1.08,22034,23748
SH,600598,1.48,22008,22008
SH,603233,1.53,21946,21946
SZ,002926,0.36,21919,21919
SZ,000547,-2.74,21914,22043
SZ,000598,0.14,21900,21903
SZ,002747,-10,21868,27050
SZ,000062,-2.96,21828,21849
SZ,000623,-0.04,21715,21801
SH,601069,1.7,21710,22292
SZ,002180,-5.11,21669,22651
SH,600329,0.29,21668,29425
SZ,002046,-9.79,21663,21909
SZ,002545,1.05,21654,23836
SH,600396,-9.02,21649,21649
SH,600685,-0.56,21596,37161
SH,688018,-5.41,21566,21566
SH,603833,0.08,21540,21540
SH,603737,-1.21,21506,21506
SH,603899,0.26,21494,21494
SH,600008,-0.33,21435,21435
SH,603061,-8.78,21432,21432
SH,603067,-10,21389,21389
SH,600550,-2.27,21325,21325
SZ,300474,0.91,21279,27359
SZ,002423,0.33,21221,21221
SZ,300496,-2.75,21202,26489
SZ,002895,0.54,21194,21419
SH,688333,-6.01,21180,21180
SH,600012,-1.08,21144,30994
SZ,300699,0.59,21135,21391
SZ,000564,0,21133,25281
SZ,002007,1.21,21117,24501
SH,600765,0.59,21114,21114
SZ,300073,0.36,21104,22702
SH,601016,-2.5,21074,22840
SH,601997,1.59,21023,21023
SH,600970,1.14,21001,21001
SH,688102,-3.01,20997,21058
SZ,000683,-0.47,20988,23342
SZ,300738,-2.68,20988,20995
SH,601608,-0.64,20974,20974
SH,603816,1.06,20960,21103
SH,600170,0,20882,20882
SH,601118,0.41,20841,20841
SZ,000962,-8.6,20837,21842
SH,600126,-1.9,20803,20803
SH,601106,-0.32,20779,20779
SZ,002468,1.07,20761,21707
SH,688820,-6.76,20747,223514
SZ,002948,0.51,20746,34282
SH,603823,-9.98,20739,20739
SH,688167,-12.65,20676,20676
SZ,301035,2.16,20673,20704
SH,600688,0,20667,29730
SH,600745,-2.86,20662,20662
SH,600516,-0.38,20653,20653
SZ,000825,0.28,20620,20620
SZ,300003,0.69,20589,24038
SZ,300570,-10.81,20567,24305
SH,601677,0.49,20564,20564
SZ,003035,-1.8,20530,20530
SH,600848,1.07,20420,21517
SZ,300012,1.42,20381,23963
SH,603876,-1.12,20370,20370
SH,601158,0.71,20352,20352
SH,600582,-0.19,20320,20320
SH,603663,-7.42,20316,20330
SH,600330,-9.82,20253,20253
SZ,002299,1.34,20217,20618
SH,601187,1.19,20198,20242
SZ,002536,-9.99,20050,21169
SZ,000034,-6.78,20040,23995
SZ,001389,-9.99,20020,62114
SZ,000158,-1.01,20008,20143
SZ,000039,-0.1,19999,46861
SH,688001,-8.18,19985,19985
SZ,002065,-0.71,19977,22022
SH,603881,-4.01,19948,19948
SZ,002670,2.94,19902,23724
SH,688005,0.32,19902,19902
SH,605111,-9.96,19886,19886
SH,600246,-10.02,19849,20401
SZ,301536,-15.87,19814,44639
SH,688114,-2.23,19789,19830
SH,600967,1.22,19775,19775
SZ,300209,-5.85,19708,24915
SZ,002130,3.88,19636,23966
SH,601666,-2.45,19607,19607
SZ,000519,0.07,19552,19552
SZ,002262,0.45,19531,22449
SZ,301018,-11.02,19515,25825
SZ,002461,0.8,19455,19455
SZ,002318,0.25,19433,19905
SZ,002500,0.56,19385,19385
SZ,002120,0.29,19284,19860
SH,688208,4.47,19281,19281
SH,603730,-4.67,19251,19251
SZ,002364,-4.94,19193,19381
SZ,300085,1.38,19143,20747
SZ,300814,-14.44,19124,19124
SH,603678,-4.73,19118,19118
SZ,002317,-4.23,19101,21316
SH,603290,-3.41,19069,19069
SH,688403,-8.87,19067,19067
SH,601098,1.82,19056,19056
SZ,300142,-0.89,19052,19320
SH,603728,-4.15,19034,19034
SH,600927,0.92,19030,19030
SH,601865,1.52,19010,23429
SH,600007,-0.73,18957,18957
SH,603658,1.28,18943,18943
SH,688363,3.86,18940,18940
SZ,002265,-0.64,18936,18936
SH,603588,-2.43,18903,18903
SZ,300627,0.31,18865,22779
SZ,002624,-0.76,18862,20020
SZ,000686,0.12,18841,18841
SH,688343,-11.87,18840,18840
SH,600131,0.96,18776,18814
SH,688281,3.56,18752,18752
SH,603530,-2.86,18672,18844
SZ,002396,-6.33,18670,18748
SZ,000429,-2.58,18664,29940
SH,600380,0,18660,18660
SH,600004,0.51,18650,20309
SH,601139,0,18641,18641
SZ,300811,-6.79,18639,22722
SZ,002497,-1.28,18628,20262
SZ,002683,0.36,18624,21231
SH,603529,1.39,18604,18970
SZ,000997,4.77,18587,18692
SH,603236,-9.01,18500,18500
SH,603337,-0.59,18438,18809
SZ,000009,10,18419,18441
SH,603005,-4.68,18417,18417
SZ,002270,3.27,18408,18408
SZ,301396,-12.73,18399,27944
SZ,002389,0.16,18385,18388
SZ,002335,-3.32,18367,21003
SZ,001270,-5.97,18336,18453
SH,688195,-10.32,18332,18332
SH,603306,-9.52,18215,18215
SZ,002831,-2.92,18206,32840
SZ,001896,-9.34,18203,18203
SH,603871,1.37,18181,18181
SZ,300122,1.5,18131,30688
SZ,000875,1.5,18049,19587
SH,600038,0.75,18014,22080
SZ,000543,0.38,17999,17999
SH,600606,-0.77,17989,17989
SH,688400,-3.85,17984,18702
SZ,000528,0.34,17949,17974
SZ,300888,1.74,17945,18025
SH,600655,1.1,17893,17900
SH,600353,-10.01,17869,17869
SZ,000937,-1.04,17864,18385
SH,601969,2.03,17831,17940
SZ,002716,-1.91,17767,21597
SH,603667,-3.61,17746,18568
SH,600316,0.65,17741,17741
SH,600820,0.36,17733,17733
SZ,002756,-2.53,17709,24664
SZ,002739,-2.51,17697,17950
SZ,000513,0.45,17646,27578
SH,603000,0.38,17636,17636
SZ,300489,-15.17,17601,17666
SZ,300762,-3.54,17596,17596
SZ,300398,-3.17,17592,17688
SZ,300623,-5.86,17588,19071
SZ,002145,-0.21,17586,17587
SZ,000591,-0.43,17565,17572
SH,600120,0,17555,17555
SH,600754,0.68,17541,20644
SH,601333,1.64,17522,21959
SZ,300806,-6.94,17486,24266
SH,600602,-4.06,17457,22225
SZ,300776,-8.31,17408,27691
SZ,000029,-3.07,17396,19737
SH,600956,0.54,17376,33302
SH,688270,-5.05,17312,17312
SH,688372,-10.51,17305,17305
SZ,300487,-5.42,17289,28578
SH,688257,-9.18,17276,17276
SH,688205,-11.01,17261,17261
SH,688097,-4.8,17223,17223
SZ,300140,-0.17,17210,17231
SZ,002958,2.27,17189,17556
SH,688772,-2.91,17029,17029
SH,601975,0.83,16990,16990
SH,688561,-1.22,16981,16981
SH,603638,-3.11,16962,16962
SH,603786,1.67,16942,16942
SH,603358,-2.15,16910,17202
SH,601609,-2.97,16889,16889
SH,603171,10,16832,16851
SH,600062,-4.08,16819,16825
SZ,300821,-5.65,16797,16800
SZ,301205,-12.61,16795,26088
SH,601966,1.69,16772,16772
SH,601326,0,16651,19556
SH,688795,-2.81,16582,257857
SH,600739,1.02,16578,16578
SH,688268,-7,16558,16558
SZ,001267,-9.85,16522,21313
SZ,300779,-5.41,16493,21585
SH,688502,-9.46,16478,16478
SZ,300724,-0.37,16472,19940
SZ,001337,0.38,16439,16439
SH,600867,-0.7,16393,16393
SZ,000898,0.49,16392,19301
SH,600961,-3.79,16390,23389
SH,603858,-0.63,16377,16377
SZ,000935,-4.79,16353,16353
SH,600577,0.4,16349,16349
SH,600761,0.82,16344,16344
SH,600763,1.73,16326,16326
SH,600750,-1.06,16318,16494
SZ,002491,-6.53,16306,17048
SH,605196,-1.64,16300,16494
SH,688692,-1.71,16298,24884
SZ,300257,-4.04,16297,16961
SZ,002192,-4.03,16296,16330
SZ,300413,1.47,16255,29763
SH,603186,-7.84,16242,16242
SH,600928,1.66,16234,16311
SH,601519,0.87,16212,16212
SH,688131,-2.62,16195,16195
SH,600500,-3.83,16183,16183
SH,600528,0.41,16151,16151
SZ,300088,-3.98,16131,16210
SZ,300144,1.79,16109,16279
SH,601369,-0.1,16107,16270
SH,601156,0.18,16105,27068
SZ,000603,-3.59,16068,16628
SH,601921,0.84,16067,16067
SZ,000969,-3.37,16058,16199
SH,600171,-0.3,16057,16057
SZ,300456,-4.54,16047,19667
SH,600629,10.02,16028,16028
SH,601101,-1.76,16027,16027
SZ,300747,-5.35,16025,17241
SH,603997,3.88,16018,16018
SZ,002925,-3.89,16017,16907
SH,600435,-0.08,16001,16001
SZ,002402,-2.49,15985,18034
SZ,000682,-0.57,15980,15981
SH,601636,-3.22,15977,15977
SH,603733,-5.69,15953,15953
SH,603317,2.46,15952,15952
SZ,002611,-0.37,15943,19331
SZ,300773,2.58,15923,16832
SZ,300843,-8.38,15918,16237
SH,601702,4.18,15917,15917
SZ,001213,0.56,15911,15911
SZ,002312,1.2,15899,15932
SZ,920438,-1.42,15881,16458
SZ,000902,0.94,15873,17428
SZ,000563,0.98,15853,15853
SH,603950,-7.27,15850,15863
SZ,000766,0.12,15823,15831
SZ,300568,2.19,15820,19573
SZ,000050,-1.51,15759,15759
SH,601019,1.34,15735,15735
SH,605020,-3.98,15721,15968
SZ,000723,0,15691,15721
SH,601137,1.61,15681,15693
SH,600808,1.55,15636,20176
SZ,000537,-0.51,15603,15603
SH,688233,-8.73,15586,15586
SZ,001287,-2.47,15555,15555
SH,688652,-6.81,15549,21633
SZ,002237,-1.28,15548,18647
SH,600511,1.01,15510,21149
SH,601020,0.91,15481,15481
SZ,002405,1.23,15477,15572
SH,600114,-2.82,15434,15810
SZ,300676,-0.69,15422,15507
SH,605296,0.51,15394,15640
SZ,002508,0,15357,15544
SH,603355,-2.11,15321,15321
SH,600872,0.86,15320,15385
SH,600623,0.62,15308,17295
SZ,000927,1.2,15307,15307
SH,600959,0,15302,15302
SH,603132,1.17,15286,15286
SZ,300903,-14.19,15281,20119
SH,603226,0,15268,15268
SH,688523,-4.57,15258,15258
SZ,002149,-2.94,15249,15252
SZ,301297,-4.33,15245,20038
SH,603115,-9.87,15239,15239
SZ,002946,5.67,15228,15406
SZ,003021,-2.7,15203,19615
SZ,300002,-0.72,15197,16150
SZ,300199,-1.88,15090,17886
SZ,002326,-1.47,15083,17189
SH,600835,1.03,15066,18816
SH,600452,-0.8,15058,15058
SZ,002568,0.71,15036,20551
SH,603773,-10,15035,15041
SH,601858,-0.93,15035,15035
SH,603026,-2.74,15032,15032
SH,688700,-8.09,15025,15025
SZ,000778,0.52,14990,15258
SZ,000032,-9.13,14983,14983
SZ,000791,-0.89,14982,25107
SH,603618,-6.22,14975,14975
SZ,000680,0.89,14974,17087
SZ,300953,-3.77,14969,20825
SZ,300170,3.79,14963,15669
SZ,002320,1.36,14957,14957
SZ,000970,-4.34,14953,14953
SH,688388,-4.8,14888,14888
SH,603025,0.98,14874,14974
SH,600022,0.72,14871,14871
SH,688520,-2.39,14861,15695
SH,600548,0.81,14847,21978
SZ,300083,-8.79,14847,16565
SZ,000966,-1.15,14829,14829
SH,688390,-4.5,14811,14811
SZ,002171,-0.21,14766,14850
SZ,002773,-1.01,14711,19735
SH,601965,0.34,14697,14759
SZ,300660,-1.59,14674,14683
SZ,002911,1.58,14672,15033
SH,688779,0.93,14643,14643
SH,605198,-3.82,14609,18046
SH,601568,0.27,14578,14578
SZ,001301,1.49,14557,20408
SZ,002506,-2.34,14553,14567
SH,688449,-4.51,14546,22821
SH,600226,-5.41,14545,14545
SZ,300999,1.94,14532,145190
SH,600710,0.27,14518,14518
SZ,300102,-3.88,14490,14560
SH,688100,2.17,14482,14608
SH,688353,-2.58,14454,14454
SH,688503,-6.77,14440,14440
SH,688596,-9.6,14380,14380
SH,601375,0.48,14376,19361
SZ,002410,1.79,14319,15066
SH,600320,0.94,14267,22656
SZ,300723,-2.79,14257,15362
SH,600877,-1.79,14244,14244
SH,688279,-3.33,14244,17526
SZ,300957,1.72,14235,14313
SH,688582,-4.67,14234,14234
SH,600410,-2.77,14211,14211
SH,688484,-3.48,14198,14263
SZ,000581,1.36,14171,17257
SH,600151,-0.09,14170,14170
SH,600779,3.49,14157,14157
SH,600621,1.06,14152,14152
SH,600056,-0.2,14146,14151
SZ,001286,-0.37,14094,39150
SH,688538,1.66,14093,33833
SZ,000088,1.14,14075,23138
SH,600361,0.8,14072,14072
SH,600552,-4.97,14065,14065
SZ,300657,-3.99,14055,14464
SH,600475,9.98,14030,14225
SH,600110,-6.8,14003,14003
SZ,300735,-2.68,13997,14952
SZ,001248,-5.59,13981,171153
SH,688392,-9.86,13979,13979
SH,688690,-2,13960,13960
SZ,002507,2.28,13959,13997
SH,688380,-5.29,13953,13953
SH,688166,-4.76,13919,13919
SH,688615,6.61,13909,20143
SZ,002563,2.44,13905,16973
SH,600258,1.14,13902,13902
SZ,000539,-3.71,13901,28562
SH,600888,-1.96,13900,13900
SH,600057,1.07,13894,18851
SH,600816,0.4,13892,25005
SH,600596,0.39,13887,13887
SH,688106,-7.88,13883,13883
SZ,000422,-0.07,13869,14258
SZ,002176,-0.72,13853,13873
SH,600531,-1.37,13846,13846
SZ,300503,-7.38,13824,17664
SZ,002250,-1.21,13818,13894
SZ,000685,0.18,13812,16262
SZ,000089,1.36,13802,13802
SH,600575,3.5,13796,25442
SH,688800,-8.01,13794,13794
SH,601827,1.85,13777,13777
SH,688029,0.37,13747,13747
SH,600906,0.62,13744,20995
SH,603613,0.74,13712,13712
SZ,002867,1.93,13694,13775
SH,600459,-0.54,13690,14835
SH,600409,-0.44,13687,13687
SZ,300364,-2.94,13677,15087
SH,600403,1.24,13652,13652
SH,600664,0.93,13625,13625
SH,600267,-2.61,13609,13609
SH,600064,1.03,13583,13583
SH,600416,1.1,13548,13548
SH,603938,-6.96,13526,13526
SH,603505,-0.43,13484,13484
SH,600675,0.45,13483,13483
SZ,002249,0,13475,17836
SH,600456,1.11,13473,13473
SH,600651,-0.18,13463,13463
SH,600744,-7.44,13365,13365
SH,688206,-5.81,13346,13346
SZ,000799,4.99,13318,13319
SH,600633,-0.84,13251,13251
SH,603283,-7.2,13248,13248
SH,600285,0.86,13216,13231
SH,688150,-7.12,13212,13212
SZ,300201,-4.77,13208,13279
SZ,002906,0.76,13204,13212
SH,600529,1.07,13193,13193
SH,600167,0.34,13170,13170
SZ,002153,3.52,13166,22461
SH,603662,-3.79,13146,13146
SH,603002,-7.49,13144,13144
SH,601778,-2.21,13142,13142
SH,603707,0.37,13135,13135
SH,688332,-9.1,13129,13129
SZ,002010,0.85,13125,13157
SH,603556,9.98,13124,13124
SZ,002226,1.43,13112,13112
SH,600764,-0.37,13111,13111
SH,600933,-0.06,13106,13761
SZ,000612,-0.53,13055,13055
SZ,301550,-7.1,13050,21321
SZ,002969,-9.27,13025,13094
SZ,002957,-8.92,13025,13066
SZ,300253,0.57,13019,15453
SZ,000785,-0.43,13002,13949
SZ,301275,1.36,12973,18214
SH,600490,0,12972,14406
SZ,300655,-4.92,12964,13024
SZ,301316,-4.95,12962,13371
SH,605099,-0.67,12955,12984
SZ,002372,0.92,12944,14010
SH,601107,4,12933,18287
SZ,002258,9.99,12930,12951
SZ,300457,4.09,12919,13129
SZ,300260,-9.28,12915,18311
SZ,002158,-6.19,12912,12940
SH,603305,0.45,12875,12875
SH,601678,-4.1,12873,15176
SZ,002936,0.55,12864,16639
SH,688625,-5.61,12859,12859
SH,605599,3.64,12841,12841
SZ,301171,-1.98,12833,15816
SH,600717,1.37,12820,12820
SH,600827,2.3,12820,14256
SZ,002901,-0.15,12797,18370
SZ,002701,1.01,12787,12799
SZ,300679,-5.32,12760,15081
SZ,002847,-0.5,12733,14109
SZ,300131,-8.81,12716,13847
SH,605507,-0.24,12713,12713
SH,600850,0.78,12709,12709
SZ,002091,2.33,12691,12892
SH,688802,-3.01,12686,273940
SH,603826,-2.99,12666,12666
SH,688003,-7.05,12665,12665
SH,603456,-2.77,12661,12661
SZ,301285,-10.39,12661,12661
SH,688368,-8.86,12658,20854
SH,600271,0.29,12655,12655
SH,688308,-7.77,12622,12622
SH,600116,1.54,12620,12620
SH,688088,0.67,12613,12613
SZ,000534,-4.41,12594,12769
SZ,002048,-2.46,12577,14425
SH,603515,0.12,12549,12626
SH,603882,-0.54,12548,12633
SH,600755,0.34,12473,12505
SZ,300602,-7.65,12469,18227
SH,688567,2.72,12465,12465
SH,600315,1.7,12456,12456
SZ,002151,0.11,12434,15245
SH,600211,1.05,12432,12432
SZ,002440,-3.8,12416,14747
SH,603589,5.44,12411,12411
SH,688055,-2.61,12400,12400
SH,688006,-1.95,12369,12369
SH,601133,-10.01,12344,12387
SH,603009,-4.44,12342,12342
SH,688116,1.66,12334,12334
SZ,300342,-5.37,12304,12488
SH,688382,-7.89,12299,12299
SH,600172,-7.32,12265,13859
SZ,000506,3.86,12259,12263
SZ,002597,0.05,12224,12247
SZ,002290,-7.62,12223,12262
SZ,001696,-5.7,12221,15698
SZ,300409,0.63,12218,13728
SZ,301219,-0.26,12217,17116
SH,688686,-3.93,12210,12210
SZ,002416,4.62,12202,12356
SZ,300070,0.85,12193,12866
SZ,300455,-1.48,12181,12338
SH,600397,-8.07,12167,12167
SH,601339,0.75,12147,12147
SZ,300459,0.27,12130,12973
SZ,000672,-5.37,12108,12108
SZ,300296,-0.56,12091,14157
SZ,300323,-5.74,12067,16490
SH,605289,-8.56,12067,12084
SH,600063,-1.84,12063,12063
SZ,300761,-0.67,12054,16013
SH,600821,-4.51,12040,12040
SZ,300613,-6.82,12026,12749
SZ,000620,-3.74,12006,15091
SH,603888,0.12,11994,11994
SH,688593,-7.06,11966,11966
SZ,002399,-1.23,11948,14057
SZ,000069,0.58,11935,13905
SZ,300469,-0.16,11932,11938
SZ,300671,-12.3,11927,11959
SH,688531,-11.44,11922,17200
SH,600113,-1.32,11919,12201
SZ,301389,-7.74,11916,11916
SZ,002913,-4.35,11912,12377
SZ,000567,1.83,11906,11943
SZ,301015,-0.91,11904,11905
SH,601512,2.72,11901,11901
SZ,300436,-2.21,11876,13834
SZ,002287,0.58,11876,11900
SZ,300034,-0.63,11874,12337
SH,600461,-0.85,11853,11853
SZ,000973,-1.12,11841,30089
SZ,002096,1.6,11821,11821
SZ,301039,-1.08,11808,15237
SH,603118,-9.97,11793,11793
SZ,002755,-2.9,11788,11788
SZ,300184,-3.27,11783,12869
SZ,300319,-7.11,11765,12266
SZ,002183,-0.21,11764,11764
SH,601992,0,11751,15056
SZ,002552,-9.5,11741,12361
SH,600366,-2.19,11738,11738
SZ,301611,-9.13,11731,34893
SZ,300468,6.39,11730,11749
SH,600420,0.34,11708,11708
SZ,300100,-0.79,11705,12142
SZ,002979,-8.89,11701,16598
SZ,000758,0.34,11698,11744
SH,601222,0.7,11696,11696
SZ,000801,1.59,11694,11698
SH,600859,2.26,11688,11689
SZ,000762,0.18,11676,11677
SZ,002896,-4.51,11662,11662
SH,605389,-5.48,11654,12323
SH,600882,0.61,11654,11654
SH,600776,-0.72,11654,15311
SH,688516,-3.51,11652,11652
SH,688660,5.05,11640,11640
SZ,300573,-0.16,11618,15129
SZ,301238,-0.37,11616,11616
SH,600612,3.04,11613,19157
SH,600363,-1.07,11610,11610
SH,688549,-9.91,11610,29102
SZ,002668,1.04,11600,11600
SZ,000156,0.59,11593,12637
SH,600338,-1.08,11592,11592
SZ,000035,0.6,11588,11964
SZ,000553,1.14,11582,12395
SH,688545,-7.01,11580,22874
SH,601068,0.67,11569,13505
SZ,002768,-6.75,11515,19720
SH,603203,-7.41,11487,11620
SH,688401,-5.22,11485,12199
SH,688016,-0.84,11466,11466
SH,600006,1.42,11460,11460
SH,603927,1.92,11443,11443
SH,688535,-9.45,11440,12274
SZ,300357,-0.62,11435,12372
SH,603983,-2.59,11429,11429
SZ,002698,1.05,11413,13825
SH,600783,1.52,11411,11411
SH,600216,-0.49,11407,11530
SZ,002534,10.04,11398,11544
SH,600559,3.75,11389,11389
SZ,002092,-0.44,11384,11448
SZ,300146,-0.28,11375,17171
SZ,000681,-0.29,11373,11784
SH,600864,0.55,11360,11360
SZ,300229,1.17,11349,11357
SH,688260,6.68,11330,11330
SZ,002643,-3.08,11314,11485
SH,600908,2.17,11296,12400
SZ,300674,1.07,11290,11307
SZ,002987,2.02,11285,11580
SZ,301093,-8.15,11275,11810
SZ,002531,-2.16,11275,11338
SZ,300718,-0.08,11272,17126
SH,600268,-0.44,11252,11253
SH,603119,-4.32,11248,20068
SH,605118,-4.1,11244,11310
SZ,002011,0.57,11231,11368
SH,688198,0.74,11228,11228
SZ,300975,-6.24,11219,15664
SZ,002617,-1.31,11209,11398
SZ,301626,5.45,11208,24640
SH,601952,0.37,11203,11203
SZ,300428,-0.47,11201,12868
SH,600619,5.66,11190,15220
SZ,002839,1.78,11160,11171
SZ,301005,-4.38,11153,11385
SZ,300601,0.81,11147,13828
SZ,300775,-0.23,11133,11466
SZ,000099,1.27,11117,11117
SZ,002807,1.48,11112,11128
SH,601801,2.35,11082,11082
SZ,002003,0,11069,12876
SZ,000901,-1.34,11063,11063
SH,603393,0.39,11052,11052
SH,603267,0.95,11036,11036
SH,603698,-2.59,11036,11036
SH,600635,0,11030,13463
SZ,000998,1.45,11028,12329
SZ,001258,1.64,11013,11013
SZ,002043,-0.72,11007,11310
SH,688107,-3.84,11003,11003
SZ,300682,0.19,10994,11494
SZ,000990,-0.45,10991,10991
SZ,300179,-9.38,10969,14246
SZ,301319,-9.91,10966,14551
SZ,000028,0.34,10959,12759
SZ,002051,-1.1,10952,10952
SZ,920808,-7.99,10947,11252
SH,688158,-4.39,10944,12301
SH,688222,-5,10939,10939
SZ,301293,-2.72,10932,10932
SZ,002024,-1.66,10919,10932
SZ,000555,3.51,10916,10929
SZ,300166,-3.97,10914,13722
SZ,002310,-5.33,10910,14878
SZ,000711,0,10906,13524
SZ,301029,-1.79,10896,15297
SZ,002400,-0.15,10892,11000
SH,600572,-0.91,10887,10916
SZ,002174,-2.62,10870,10876
SH,600248,0.69,10858,10882
SZ,300185,0,10847,11382
SZ,301095,-7.01,10817,12522
SH,688306,-0.78,10809,10809
SH,601022,0.86,10796,10796
SZ,002167,-7.89,10789,11016
SZ,002745,-3.97,10779,15035
SZ,000690,-2.74,10764,10771
SH,600343,-4.74,10760,10760
SH,603800,-9.98,10754,10754
SH,603078,-8.82,10752,10752
SZ,002246,-3.44,10750,10750
SZ,000592,-2.59,10744,10837
SH,601003,9.97,10738,11037
SH,688063,-0.35,10737,10737
SZ,002083,-4.54,10735,10735
SZ,002539,2.04,10704,14529
SZ,300769,-2.13,10702,11911
SZ,300133,-2.27,10700,12055
SH,600993,1.93,10693,10712
SZ,002645,-6.59,10686,11832
SZ,300827,0.33,10682,13622
SZ,300315,0.48,10674,11372
SH,603093,1.27,10670,13400
SZ,002373,1.18,10663,12231
SH,603693,-2.28,10662,10662
SZ,301267,1.8,10660,13810
SH,601163,2.07,10640,10640
SH,603389,-8.82,10636,10636
SH,688258,-3.99,10634,10634
SH,688321,-4.88,10632,11547
SH,603031,-6.5,10614,12621
SH,600986,0.71,10605,10605
SH,600480,1.04,10603,10682
SH,603027,2.18,10593,10593
SZ,300376,-0.65,10590,10593
SH,688559,-3.56,10572,10572
SH,603738,-7.21,10558,10558
SZ,002366,-1.37,10547,11861
SZ,000061,-0.16,10533,11652
SZ,000899,-1.54,10518,10518
SZ,000839,-4.95,10505,10505
SZ,300777,0.12,10501,10716
SH,603235,-0.2,10494,10494
SH,688661,-12.52,10489,10489
SZ,002139,0,10486,12207
SH,600058,-0.7,10483,10483
SZ,000070,-3.84,10478,10620
SZ,301666,-6.03,10477,172349
SZ,002984,2.16,10473,15202
SH,601900,1.45,10469,10469
SZ,002891,2.85,10462,10462
SZ,300182,-0.63,10461,12334
SZ,002385,0.67,10460,12986
SZ,000767,-4.51,10455,11046
SZ,002204,0.74,10449,10449
SZ,000828,0.5,10447,10447
SZ,002838,-4.12,10440,11874
SH,603185,10.02,10437,10499
SH,603099,1.4,10429,10429
SZ,002544,-2.16,10425,10426
SZ,002557,-0.18,10423,10456
SZ,300638,-3.29,10413,17653
SH,600395,-0.4,10411,10411
SH,600507,-1.31,10409,10409
SZ,001280,-1.24,10396,123760
SZ,002583,0,10390,14731
SH,603906,-2.06,10382,14588
SZ,301207,-0.57,10373,10380
SH,603281,1.22,10362,10362
SH,603218,1.72,10361,10371
SZ,001339,-6.88,10347,20961
SH,601038,-1.18,10339,15877
SH,600509,-1.82,10335,10335
SH,688603,-8.48,10313,10313
SH,600446,3.31,10297,10297
SZ,002217,-1.39,10264,10546
SH,600383,0,10248,10248
SZ,002276,1.09,10242,10283
SZ,300224,0,10237,10275
SZ,000727,0.44,10237,10237
SZ,300726,-2.4,10233,19653
SH,600662,1.58,10223,10253
SH,600787,0.86,10199,10199
SZ,301087,-1.45,10190,12392
SZ,300049,-3.12,10185,11510
SH,603039,6.92,10174,10174
SZ,300008,-0.63,10164,10662
SH,600648,3.37,10126,12103
SH,601949,0.76,10110,10110
SH,603619,2.53,10107,10107
SH,600163,-0.55,10105,10105
SH,603992,-1.46,10101,10101
SZ,300009,0,10100,13716
SH,600123,-0.14,10092,10092
SZ,300026,-0.87,10084,10094
SH,600373,2.19,10078,10078
SH,601005,0,10060,11627
SZ,002413,-2.13,10053,10238
SZ,002947,-7.23,10040,12972
SZ,002182,-1.94,10031,11495
SH,603300,1.21,10016,10016
SH,601882,-0.35,10002,10002
SH,600033,0.28,9962,9962
SH,688143,-8.19,9938,10458
SH,600728,0.43,9938,9938
SZ,002541,-2.76,9929,13807
SZ,300835,-10.41,9895,14119
SZ,300593,-7.42,9874,11897
SH,600759,0.85,9862,9875
SZ,002020,-1.86,9860,11727
SH,601811,0.97,9859,15361
SH,600072,0.78,9858,13656
SH,600773,-4.07,9849,9849
SH,600757,0.75,9829,9831
SZ,002439,-2.24,9822,16330
SZ,920116,-2,9820,9820
SZ,002832,3.79,9813,14382
SH,688031,-1.5,9813,9813
SH,688153,-6.04,9798,10082
SZ,002100,1.99,9789,9789
SZ,301150,-8.33,9787,10433
SH,603323,1.85,9770,9770
SZ,002978,0.19,9767,12484
SH,603599,3.17,9767,9767
SH,688202,-7.95,9766,9766
SZ,000949,-1.33,9756,9759
SZ,001399,-6.51,9748,167701
SZ,000403,1.47,9745,9846
SH,601886,-0.57,9744,9744
SH,688068,-4.94,9743,9743
SH,688032,2.18,9717,9717
SH,600269,1.46,9715,9715
SZ,002387,-3.32,9709,9722
SH,688046,-6.77,9705,9705
SH,600597,0.57,9704,9704
SH,603040,-5.32,9702,9753
SZ,300302,-3.73,9692,12595
SH,603991,-5.21,9674,16499
SZ,002354,-3.87,9673,9845
SZ,000815,-7.39,9657,9657
SH,603297,-6.29,9656,9656
SZ,002081,-2.13,9651,9692
SZ,000552,-0.76,9650,13861
SH,600458,-0.71,9648,10570
SZ,000917,0.29,9639,9639
SH,603883,1.2,9638,9638
SZ,000401,0.55,9631,9721
SZ,300065,-4.42,9630,10578
SZ,002063,0.18,9607,10401
SZ,001914,0.44,9599,9599
SZ,000410,0.21,9599,12901
SZ,300204,-5.36,9595,11449
SH,600037,0.88,9589,9589
SZ,002338,-0.22,9564,9564
SZ,300377,1.32,9562,10394
SH,603989,-8.03,9539,9539
SZ,002975,-9.98,9524,14432
SH,600376,0,9519,9519
SH,601200,1.29,9518,9518
SH,600210,0.32,9510,9510
SZ,300580,-1.99,9504,10102
SZ,002254,-2.86,9501,9512
SZ,301090,1.74,9487,9497
SZ,002929,-7.31,9486,12543
SZ,002705,2.09,9482,9531
SZ,002654,-1.57,9475,9476
SH,601311,1.13,9467,9467
SH,603341,-5.31,9467,18583
SH,688275,-4.68,9465,9465
SH,601860,1.92,9447,9739
SH,600162,9.89,9446,9446
SZ,301078,0.54,9437,9447
SZ,002061,0,9435,9595
SH,603757,-9.99,9432,9432
SH,688663,-13.69,9430,9430
SH,600328,0.47,9428,9428
SZ,002675,-0.23,9426,10456
SZ,300529,1.55,9387,14630
SH,688543,-0.71,9385,9385
SZ,000795,0.36,9376,9377
SZ,002511,2.63,9374,9493
SH,600971,-0.25,9372,9372
SZ,000049,-1.76,9371,9374
SZ,002293,-0.08,9365,9444
SZ,001227,1.83,9363,12644
SH,688698,-4.26,9356,9356
SH,601528,2.86,9353,9889
SH,688351,-0.24,9351,9351
SZ,000031,-0.45,9344,9344
SZ,002961,1.19,9324,9324
SZ,000923,-1.06,9318,9686
SH,688028,-12.2,9300,9300
SZ,000600,-2.84,9298,15382
SZ,000950,-0.17,9283,9283
SH,600782,1.72,9280,9393
SH,600307,1.37,9270,9270
SH,600649,0.27,9267,9267
SZ,002170,0.77,9261,11392
SZ,000516,-0.23,9260,9403
SZ,301381,-2.01,9259,9268
SH,600389,5.81,9259,9259
SH,603583,0.67,9254,9339
SH,600273,0.71,9245,9245
SZ,000837,-0.96,9238,9382
SZ,301071,-6.95,9231,12557
SH,600740,-0.27,9224,9224
SZ,002647,-1.29,9219,10263
SZ,300353,-2.34,9213,10490
SZ,300618,0.3,9205,10462
SH,603057,-0.52,9200,9270
SZ,000420,-0.26,9193,9196
SZ,301031,-0.49,9169,11663
SH,688160,-3.25,9157,9157
SZ,002967,-0.05,9150,10652
SZ,002897,-9.76,9147,9616
SH,605255,-9.99,9147,9147
SH,600391,-1.69,9145,9145
SH,603328,0.55,9136,9136
SZ,002779,-3.86,9134,10181
SZ,301357,3.84,9130,9130
SZ,300607,-7.01,9116,12883
SZ,000656,-2.43,9105,12706
SZ,000848,1.47,9100,9180
SH,605123,-0.14,9098,9098
SZ,300077,-4.35,9073,10864
SH,605016,-3.9,9072,9072
SZ,300850,1.89,9072,12489
SH,688383,-7.9,9071,9071
SZ,301123,-9.97,9066,12889
SZ,002181,-2.43,9065,9277
SH,688059,-7.66,9065,9685
SZ,002233,1.45,9058,9064
SH,600184,-5.23,9056,9056
SZ,300007,0.19,9049,10472
SH,603859,2.5,9027,9827
SZ,002031,-1.25,9013,10359
SH,688726,2.17,9004,16594
SH,600185,-0.41,8991,8991
SH,688277,0.94,8988,8988
SH,688797,-3.49,8987,47805
SZ,000065,-0.74,8979,10697
SZ,300188,0.19,8974,9016
SH,688105,-4.45,8965,8965
SH,688182,-6.34,8964,8964
SH,603169,2.39,8961,8961
SH,600686,7.12,8956,8956
SZ,300913,-4.95,8936,10715
SZ,300693,-3,8934,10394
SZ,000048,-6.84,8929,8945
SH,688128,0.59,8923,8923
SH,600929,0.93,8906,8906
SZ,301177,0.27,8896,8902
SH,603533,-1.74,8879,8879
SH,603712,0,8878,8878
SZ,003036,-9.99,8870,8870
SZ,301109,0.5,8827,11158
SH,688289,0.2,8818,8818
SZ,002865,-4.93,8818,12279
SZ,000550,1.92,8804,14657
SH,603103,-0.42,8803,8803
SZ,300684,-7.91,8782,12858
SZ,002208,-7.99,8778,8780
SH,600360,-7.02,8767,8767
SH,603508,1.14,8765,8765
SZ,000829,-0.34,8756,8765
SZ,002922,-3.49,8743,9800
SH,688209,-4.67,8741,8741
SZ,000700,-7.29,8740,8740
SH,600133,0.12,8733,8733
SZ,002053,-0.72,8728,8729
SZ,300596,0.1,8727,8918
SZ,000930,0.64,8706,8707
SH,600936,0.97,8706,8706
SH,603013,1.36,8706,8706
SZ,002549,-4.62,8703,8741
SZ,300118,-0.62,8703,10705
SZ,002099,-1.64,8699,8709
SZ,300181,1.19,8682,10100
SZ,002426,0.39,8677,8677
SH,600645,-0.74,8672,8676
SH,600508,-0.11,8671,8671
SZ,002741,-6.61,8669,9447
SZ,301486,-10.07,8668,15313
SZ,002297,-6.9,8642,8642
SZ,301091,4.47,8632,8632
SH,600020,0.52,8630,8630
SZ,300328,1.87,8629,8672
SH,603360,-2.31,8616,8616
SZ,300277,-2.92,8611,17062
SZ,300139,-5.82,8603,10089
SZ,002565,-3.9,8596,8597
SZ,300304,-4.09,8588,8825
SZ,000719,0.55,8586,13169
SZ,000006,-2.29,8586,8586
SZ,002019,-0.48,8585,12395
SH,603303,-6.74,8571,8571
SH,603919,10.03,8568,8568
SZ,000761,-0.42,8566,9490
SZ,002368,-0.85,8565,8607
SZ,002703,10.02,8562,12019
SZ,000833,-2.72,8561,15135
SH,688138,-5.72,8553,8553
SH,600266,-0.23,8552,8552
SZ,002626,1.37,8550,8551
SZ,002039,0.45,8547,8547
SZ,000536,-1.27,8538,8547
SH,603690,-10,8536,8536
SZ,000676,-5.43,8536,8541
SH,600997,0,8526,8526
SH,600367,-7.54,8519,9026
SH,688552,-0.58,8502,8502
SZ,300113,-4.01,8501,11259
SH,600017,0.73,8489,8489
SH,603612,0.71,8478,8478
SZ,002815,-4.29,8471,13452
SH,600129,-2.03,8459,8459
SH,600567,0.75,8452,8452
SH,688076,-1.32,8446,8446
SZ,002348,-6.13,8430,9266
SH,688319,-7.68,8420,8420
SH,600094,3.39,8420,9207
SZ,301216,-3.49,8414,8964
SZ,002985,-0.19,8406,8429
SH,688161,0.1,8400,8400
SH,603052,-6.94,8378,8378
SH,600640,0.76,8375,8375
SZ,002332,0.35,8369,8408
SH,600345,-3.9,8367,13036
SZ,002216,-0.74,8367,11667
SH,688327,-1.37,8365,10421
SZ,002239,0.39,8361,8995
SH,603809,1.8,8347,8347
SZ,001308,-0.74,8341,12054
SZ,301188,-8.51,8307,8307
SH,603915,-1.08,8306,8449
SH,688789,-0.21,8303,8303
SZ,002931,-5.89,8302,8954
SZ,002062,-1.59,8289,9119
SZ,300483,0.09,8286,8291
SH,688359,-10.75,8272,8272
SZ,002928,0.62,8270,8270
SZ,000885,0.78,8264,8264
SH,600399,1.45,8263,8263
SZ,002243,-0.71,8260,8305
SH,600481,0,8257,8257
SZ,300772,1.02,8256,9308
SH,600996,-0.89,8254,8254
SH,600812,0.21,8253,8253
SH,688376,-6.42,8245,8245
SZ,002004,0.46,8230,8652
SZ,000980,-0.6,8219,8219
SZ,000860,2.21,8219,8219
SZ,003018,-9.97,8208,9057
SH,688586,0.29,8206,8206
SZ,300741,4.14,8203,8204
SH,603011,-6.31,8202,8202
SH,605060,-7.28,8200,8257
SH,600693,-0.41,8194,8203
SH,601890,0,8193,8193
SH,603227,1.19,8188,8188
SZ,300244,-2.79,8184,10200
SZ,300035,1.37,8179,9610
SZ,002458,-1.16,8176,12108
SZ,301338,-10.5,8175,11220
SZ,002267,0.82,8174,8174
SZ,002392,-1.93,8172,8405
SH,600639,1.91,8162,10775
SZ,300331,-5.57,8161,9540
SH,688050,2.88,8159,8159
SH,688378,-6.51,8159,8852
SH,688584,-8.08,8157,15900
SH,601089,-0.58,8150,8150
SH,688739,-0.04,8130,8225
SZ,002173,-5.75,8123,8517
SZ,300855,0.14,8118,10960
SZ,300263,-4.36,8107,8601
SZ,300130,2.98,8106,10592
SZ,002292,-1.48,8102,11770
SH,600502,-0.62,8102,8102
SH,603538,-4.1,8096,8168
SZ,002190,-0.83,8086,8086
SH,688611,-3.26,8082,8082
SZ,002221,0.36,8079,8716
SZ,300863,-3.5,8074,8404
SZ,000869,1.55,8069,11653
SZ,301363,-4.33,8060,12290
SH,605298,-4.81,8059,8128
SH,605006,-5.15,8052,8052
SZ,300624,-0.03,8048,9087
SH,600556,-0.21,8044,8044
SZ,300072,-0.85,8043,8107
SZ,002761,2.34,8038,9844
SZ,300770,1.94,8029,8029
SH,688190,-1.61,8028,8028
SZ,301047,-2.33,8026,8164
SH,688697,-2.18,8023,8023
SZ,002169,-4.25,8012,8265
SZ,002706,-1.45,8010,9839
SZ,002075,0.55,8007,8007
SZ,301183,-12.3,8007,10922
SZ,300634,-0.31,8004,8316
SZ,300910,0,8000,11422
SZ,300101,-0.9,7997,8025
SZ,920186,-7.23,7986,15268
SZ,002993,-5.39,7986,9245
SH,600666,-2.73,7982,8777
SZ,000818,-2.88,7971,7993
SZ,002283,-2.09,7962,9047
SZ,300720,-13.3,7961,8425
SZ,002737,-0.86,7942,7942
SH,605333,1.91,7935,7935
SZ,301021,-10.07,7931,7940
SH,600935,-0.43,7927,8124
SH,600973,-1.19,7926,7926
SH,601929,-1.29,7922,7922
SH,603125,-3.26,7915,7915
SZ,002937,-9.99,7911,7932
SH,603043,0.93,7908,7976
SZ,301127,-7.92,7905,8143
SH,600861,2.95,7903,7903
SH,600618,1.54,7888,12165
SH,603053,0.91,7876,7876
SH,601828,-1.35,7875,9491
SZ,301345,-7.25,7872,24506
SH,688513,-3.87,7870,7870
SZ,301498,6.48,7868,17569
SZ,300382,-8.93,7858,7859
SZ,301327,0.09,7858,7858
SZ,002251,-1.34,7857,9814
SZ,002277,-1.91,7849,7849
SH,603580,3.61,7848,7848
SH,600751,1.33,7848,8843
SH,600075,0.22,7839,7839
SH,688261,-6.09,7836,7871
SZ,002289,-9.98,7835,8001
SH,688020,-9.78,7833,7833
SH,600587,0.16,7832,7832
SH,605116,-1.07,7819,7819
SH,603399,-3.53,7812,7812
SZ,300005,-4.29,7810,7874
SZ,002639,-0.83,7803,9215
SZ,002017,1.05,7796,7801
SZ,300145,-1.68,7796,7835
SZ,300294,0.78,7776,7776
SH,603279,-0.21,7775,7775
SZ,300042,-2.55,7775,7776
SZ,002036,1.8,7768,7784
SZ,300378,3.26,7767,7826
SH,603124,-9.45,7759,14572
SZ,300951,-11.51,7759,8682
SH,605319,-1.32,7753,7797
SH,600055,1.57,7748,7748
SZ,002655,-10.01,7747,7762
SH,600305,1.45,7743,7755
SZ,300053,-1.4,7732,8279
SZ,002110,2.58,7724,7724
SZ,000859,9.53,7723,7723
SH,688439,-0.43,7722,7722
SH,601718,0.57,7719,7719
SZ,002125,0.25,7712,7712
SZ,000712,1.42,7703,7706
SZ,002588,1.47,7702,10332
SZ,000012,0.77,7700,11957
SZ,002309,-2.43,7700,9625
SZ,002941,1.15,7699,7699
SZ,002842,-5.4,7691,9373
SZ,002097,0.14,7680,7694
SZ,002585,10.04,7679,9884
SZ,002792,-5.16,7679,11907
SH,603055,1.29,7673,7701
SH,601686,0.78,7663,7663
SH,600746,0.77,7661,7661
SH,603680,1.45,7657,7657
SZ,002115,-4.29,7642,8244
SH,688239,-3.76,7640,7640
SH,688125,-8.07,7639,7660
SH,688083,-1.28,7636,7636
SZ,000922,0.65,7634,9032
SH,688486,-4.91,7618,7619
SZ,002041,1.17,7594,7594
SH,603477,0.07,7585,7777
SH,605008,-2.8,7584,7584
SH,601595,0.06,7579,7579
SH,603890,-7.82,7578,7578
SH,603181,0,7577,7577
SH,688035,-5.37,7576,7576
SZ,002386,0.87,7574,7576
SH,688508,-8.82,7572,7572
SH,600917,0.41,7571,7571
SZ,002516,-0.76,7565,7619
SH,603220,-4.22,7565,9343
SZ,000566,7.76,7560,7564
SZ,300595,1.25,7554,10117
SH,603936,-7.43,7527,7705
SH,688485,-4.67,7527,7527
SZ,300486,-3.3,7513,7515
SZ,301382,-7.77,7507,9070
SZ,301228,2.67,7495,7530
SZ,002030,-2.01,7494,7494
SZ,000533,-9.97,7479,7544
SH,688326,0.3,7479,8035
SZ,002759,0.07,7464,7471
SZ,300497,-2.94,7453,8872
SZ,300527,0.69,7443,7443
SH,688622,-3.74,7443,7443
SZ,003009,-4.31,7437,7439
SH,688253,-5.21,7436,7436
SH,603033,-4.79,7432,7569
SZ,300363,-4.08,7428,8146
SZ,300641,-1.32,7426,7426
SH,600722,7.07,7422,7422
SH,600789,-0.67,7405,7661
SH,605222,-3.8,7403,7403
SH,600117,1.79,7389,7389
SH,601908,-0.96,7389,7389
SZ,000928,0.39,7388,7388
SH,688087,1.77,7381,7654
SZ,002275,0.15,7376,7779
SZ,300482,1.66,7376,8028
SH,600059,1.51,7374,7374
SH,688091,-2.92,7361,7383
SH,601579,1.8,7341,7341
SH,688093,0.08,7340,7340
SH,688155,-1.55,7329,7329
SZ,920982,4.04,7329,15204
SZ,002034,0.28,7327,7358
SH,600736,-0.3,7322,7322
SH,603319,-6.94,7315,7315
SH,603050,-0.54,7308,7308
SZ,000498,0.8,7305,7824
SZ,002212,-5.14,7304,7383
SH,600846,-0.75,7303,7303
SH,600657,0.79,7301,7301
SZ,002119,-7.15,7296,7296
SZ,000823,-6.54,7294,7294
SZ,000402,0,7292,7293
SZ,300766,-3.37,7263,8009
SH,603299,-0.1,7259,8879
SZ,000650,-0.36,7256,7630
SH,688662,-9.2,7251,7251
SZ,300846,-4.49,7246,8779
SH,600125,0.36,7220,7220
SZ,002533,-0.17,7218,8308
SH,688090,-14.56,7214,7214
SH,600251,-0.21,7211,7211
SH,688798,-1.72,7192,12351
SH,600771,0.2,7181,7181
SZ,300298,0.82,7177,8921
SZ,000544,0.14,7174,7174
SZ,002434,-0.72,7173,7180
SZ,300416,-1.92,7173,7221
SZ,301061,-1.62,7165,10784
SZ,002718,-6.99,7162,9865
SZ,300834,-0.66,7152,7216
SH,605007,-2.58,7152,7169
SZ,000030,0.94,7151,7361
SH,688428,-4.47,7148,46351
SH,601330,0.28,7131,10315
SZ,002361,-4.85,7127,8379
SH,688677,-10.63,7127,7127
SZ,002150,-5.52,7109,7156
SH,601096,-0.45,7098,11557
SZ,002079,-2.88,7097,7949
SH,600724,-0.6,7095,7096
SZ,002515,-8.91,7085,7784
SH,688231,-7.54,7079,7079
SZ,301263,-2.4,7071,9911
SH,605179,9.99,7062,7062
SH,600903,-0.65,7030,7030
SH,688177,-0.81,7019,7019
SZ,002242,0.55,7015,7027
SZ,300098,-0.21,7015,7907
SZ,300480,-8.84,7011,9607
SH,603128,1.9,7003,7003
SZ,300938,-5.99,7003,8068
SZ,000503,-0.68,7001,7002
SZ,002121,0.2,6988,8279
SH,688305,-2.08,6987,7006
SZ,301215,0.76,6982,6990
SZ,920029,6.88,6977,7171
SZ,300492,2.14,6973,6973
SZ,002350,-6.6,6971,7126
SH,600325,0.8,6963,6963
SH,688112,-6.81,6958,6958
SH,600797,-1.59,6956,6956
SH,600252,-0.9,6941,6941
SH,688563,0.23,6941,23012
SH,688227,-8.03,6940,6940
SH,600925,-0.68,6938,29760
SZ,300997,-2.32,6937,7647
SH,688252,-3.36,6917,6917
SH,601226,-0.66,6915,6915
SH,603866,1.89,6911,6911
SZ,300168,0,6908,6915
SZ,002284,-0.83,6905,6970
SH,603223,-4.39,6903,6903
SZ,300687,0.1,6902,8393
SH,603977,-1.93,6902,6902
SH,688669,-4.14,6899,6899
SH,600810,0.16,6895,6958
SH,603219,-3.07,6894,6894
SH,605011,-3.3,6894,6894
SH,600676,-0.58,6891,6891
SZ,300348,2.61,6888,7661
SZ,002690,1.08,6884,14001
SH,688337,-6.2,6879,8091
SZ,002093,0.74,6861,6861
SZ,000813,-1.5,6856,6858
SH,600874,0.18,6853,8747
SZ,000755,0,6852,6852
SZ,002324,-1.22,6847,9811
SH,600780,-0.82,6845,6845
SZ,002106,-1.01,6845,6853
SZ,002448,-3.43,6844,6937
SH,600987,0.45,6839,6839
SZ,300516,-2.75,6837,6837
SH,600955,-0.31,6837,6837
SH,600422,-0.32,6835,6835
SZ,002471,-2.67,6828,6953
SZ,300520,0,6816,7053
SZ,002006,-1.49,6814,6814
SZ,002537,1.75,6814,6833
SZ,300322,-6,6813,7117
SZ,300080,-0.26,6810,6819
SH,688758,-5.96,6805,9504
SH,600169,-0.48,6800,6800
SZ,002315,2.09,6794,10657
SZ,300171,-0.81,6791,9244
SH,605100,-4.58,6778,6810
SH,688049,-9.36,6774,6774
SH,600429,-3.61,6769,6789
SZ,002730,-7.38,6761,7075
SH,601388,-0.64,6758,6758
SZ,301510,-2.61,6756,9680
SH,688605,-6.59,6749,12606
SZ,300276,-1.23,6744,8939
SZ,300685,0.06,6743,6753
SZ,300341,4.31,6741,6768
SZ,000589,0,6732,6777
SZ,000756,-1.31,6730,9398
SZ,300678,-0.68,6724,6844
SZ,002445,-2.73,6720,6750
SZ,301069,-1.37,6717,7133
SH,600158,-0.84,6717,6717
SZ,002681,-2.27,6716,7681
SH,603416,0.19,6714,7552
SH,603626,-7.98,6708,6708
SH,605098,-0.61,6696,6696
SH,600748,0,6696,6696
SZ,000628,-4.6,6680,12242
SZ,301013,-5.61,6678,8249
SZ,002219,-3.31,6675,7042
SZ,002546,-2.33,6674,6948
SZ,002023,-0.21,6666,6727
SZ,002014,2.41,6666,6774
SH,605168,-6.14,6664,6664
SH,603608,-6.56,6647,6647
SZ,000968,0.15,6647,6647
SZ,002342,-4.25,6645,6682
SH,605128,-0.13,6641,6641
SH,603071,-0.41,6640,6640
SH,603687,-3.51,6633,6633
SH,688456,-8.79,6625,6625
SZ,000631,-1.36,6624,6624
SH,688783,-7.33,6623,99451
SH,600894,0.64,6619,6651
SH,605167,0.15,6608,6608
SZ,300031,-1.61,6605,7860
SH,600590,-2.6,6605,6678
SZ,000777,-0.22,6602,6602
SZ,301571,-11.82,6602,9940
SZ,003013,-4.08,6601,7556
SH,688062,-4.72,6589,12785
SH,600496,0,6587,6587
SH,603166,-1.8,6587,6637
SH,600195,0.47,6586,6586
SH,603277,1.98,6585,6628
SH,688515,-6.91,6583,10571
SZ,000601,-2.02,6582,6682
SH,688708,-2.01,6580,18462
SH,600828,0.8,6579,6582
SZ,001391,-0.22,6579,52864
SH,688626,-2.85,6574,6574
SZ,002077,-2.57,6564,6564
SH,688631,-0.21,6560,6560
SZ,300861,-2.32,6552,10434
SH,601015,-0.92,6536,6536
SZ,300499,-6.66,6536,7350
SH,600654,-2.75,6535,8024
SZ,300337,-0.85,6531,7545
SH,688221,-8.26,6521,6521
SZ,002782,-4.99,6511,6589
SH,600545,-5.2,6508,6508
SH,600713,-0.19,6501,6593
SH,600775,0.42,6497,8837
SH,605365,-1.81,6491,6491
SZ,300284,0.92,6490,6958
SZ,000058,1.7,6489,8114
SH,688710,-8.22,6484,10079
SH,688416,-3.86,6480,6480
SZ,301196,-9.11,6479,9869
SZ,002650,7.54,6476,6476
SH,688108,-1.95,6474,6474
SH,688556,-2.37,6472,6472
SZ,002256,-3.3,6466,6550
SH,600510,-0.31,6460,6460
SH,603877,1.18,6453,6461
SZ,002674,-0.49,6445,6511
SH,600966,2.34,6444,6444
SH,688507,-5.6,6439,11654
SH,600370,-2.43,6436,6436
SZ,002980,-9.99,6435,12033
SH,688176,-6.33,6426,6426
SZ,300768,-4.85,6419,9825
SH,688480,-5.29,6418,6418
SH,600682,-0.53,6414,7412
SZ,000597,-1.29,6412,6493
SZ,000008,-0.41,6410,6411
SZ,001298,-2.29,6405,6799
SZ,300401,-4.32,6400,6505
SH,603200,0.44,6398,6398
SZ,300191,3.77,6397,9254
SZ,300842,-6.61,6395,7196
SZ,002810,1.07,6395,6889
SH,600643,1.52,6393,6405
SH,605188,0.32,6393,6393
SZ,002550,-1.16,6382,8677
SZ,002721,1.27,6356,6356
SZ,002446,-2.98,6333,6838
SZ,003006,3.07,6330,6346
SH,605133,-7.31,6325,6396
SH,600770,-2.6,6318,6318
SH,601500,1.01,6316,6341
SZ,002163,-1.12,6316,6641
SZ,002860,-5.01,6315,6465
SH,601515,-0.29,6312,6312
SZ,300444,-4.72,6312,8094
SZ,300045,-2.23,6309,8098
SH,600611,0,6300,9527
SZ,300109,-2.16,6298,7020
SH,603367,-1.69,6289,6289
SZ,002214,-0.89,6286,7866
SZ,301522,-0.17,6284,8445
SH,603517,0.29,6284,6284
SZ,301339,1.1,6279,6394
SZ,002140,0.57,6278,6287
SZ,000913,6.25,6278,6354
SH,688621,-3.02,6275,6275
SH,603985,-4.74,6273,6273
SZ,002881,-8.69,6264,10397
SZ,000957,1.54,6261,6261
SH,600525,-0.62,6251,6251
SZ,000905,-0.7,6246,12986
SZ,301291,-2.17,6240,11993
SH,603383,2.81,6239,6239
SH,600368,0.52,6229,6229
SZ,002733,-6.01,6223,6482
SZ,002579,-7.7,6219,6531
SH,600078,-2.18,6215,6349
SZ,300493,-3.23,6211,6284
SH,603045,-5.71,6207,6207
SH,688518,0.72,6202,6202
SH,600310,-4.29,6200,6200
SZ,301189,-9.13,6199,6423
SZ,920045,-11.11,6198,20963
SH,688685,1.96,6194,6194
SH,688550,-7.7,6192,6192
SZ,000989,-0.99,6192,7635
SZ,002664,-1.34,6192,6278
SZ,000572,1.34,6191,6200
SZ,002042,-1.08,6190,6190
SH,605488,-4.18,6185,6723
SH,603368,0.32,6181,6181
SH,600468,-1.21,6178,6178
SZ,002467,-1.08,6178,6217
SZ,300576,-5.55,6169,9802
SZ,300360,0.33,6158,6330
SZ,301086,-11.54,6158,11110
SZ,300174,-4.27,6157,6192
SH,600897,0,6146,6146
SH,688628,-7.68,6145,6145
SZ,002470,-1.57,6144,6145
SZ,000025,9.99,6143,6742
SH,600400,-1.82,6141,6141
SZ,000751,-2.46,6133,7028
SZ,000090,-0.29,6128,6129
SZ,000541,0.61,6128,7648
SH,600983,2.17,6124,6124
SZ,300153,-3.21,6121,6154
SZ,920599,3.87,6114,8066
SH,688381,-11.49,6113,6113
SZ,301191,-10.91,6111,8105
SZ,300895,-5.33,6100,6216
SH,603861,-2.19,6100,6238
SZ,002346,-5.75,6097,6866
SZ,002935,-3.41,6094,6226
SZ,002605,1.29,6092,7520
SZ,301080,-5.18,6091,8052
SZ,002104,0.69,6087,7190
SH,603229,-1.07,6086,6086
SZ,002127,-0.64,6084,7487
SH,688011,-2.02,6084,6104
SZ,300598,0.14,6082,6084
SZ,920394,-7.28,6078,6123
SZ,002606,-1.63,6076,6331
SH,600975,0.21,6073,6073
SH,603213,-0.14,6073,6073
SH,688276,0.89,6068,6068
SH,688366,1.2,6058,7144
SZ,301489,-8.8,6047,10106
SH,603969,-4.17,6046,6188
SH,603123,1.54,6040,7396
SZ,300440,-7.85,6040,6063
SZ,003010,3.29,6033,8299
SZ,000915,0.94,6033,6036
SZ,301176,-8.48,6032,6217
SZ,002840,0.66,6030,6072
SH,603708,0.85,6026,6026
SH,600604,0.23,6024,8018
SH,688418,-7.28,6023,6023
SZ,002955,-5.34,6018,7279
SZ,002785,-5.75,6018,7048
SH,600841,2.67,6008,7994
SH,600313,0.18,6006,6446
SZ,300420,-10.77,6006,6006
SZ,002298,3.42,5993,6713
SZ,301369,-11.19,5965,11126
SZ,002437,-1.38,5964,6333
SH,605005,0,5963,5963
SH,605183,1.33,5960,5999
SZ,300872,-1.46,5959,6892
SZ,300143,-1.77,5959,6966
SZ,000948,5.88,5958,5969
SZ,002057,-1.12,5951,5956
SH,603363,-0.35,5946,7565
SZ,000735,1.57,5939,5942
SH,603197,-1.08,5935,6016
SH,603931,-6.44,5935,5935
SH,600103,-2.18,5929,6005
SZ,000670,6.26,5921,6032
SZ,000026,0.68,5910,6577
SZ,002101,1.83,5907,5912
SH,600375,1.26,5895,6460
SH,603489,-0.23,5894,5894
SZ,000551,-5.51,5892,5894
SH,688526,0.08,5892,5892
SZ,002073,2.83,5891,5952
SH,688577,-3.17,5886,5886
SZ,002052,-3.39,5880,6418
SZ,300226,2.63,5879,6116
SZ,300435,-3.74,5869,6137
SZ,002210,-1.33,5868,5881
SZ,300265,-4.55,5865,5868
SZ,002141,-9.99,5857,5857
SZ,300470,0.54,5853,6167
SZ,300252,-3.22,5850,7164
SZ,002438,-0.94,5842,6324
SH,600963,1.22,5835,5835
SZ,002302,1.32,5832,5832
SH,688488,-5.9,5832,5832
SH,600501,-1.44,5831,5831
SZ,000561,1.62,5830,6489
SZ,300739,-4.17,5829,7185
SZ,002572,3.6,5818,8600
SH,688293,-3.72,5818,7266
SZ,300222,-2.35,5816,7134
SZ,301638,-3.44,5813,73863
SZ,301583,-2.73,5812,34962
SZ,300134,-2.19,5810,5810
SZ,300358,0.24,5807,5921
SH,688179,-5.58,5807,5807
SH,688408,1.89,5799,5799
SZ,002678,-1.15,5797,5800
SH,600108,-1.65,5782,5782
SZ,300981,14.4,5777,6304
SZ,001236,1.2,5769,7669
SZ,300722,-1.41,5768,5768
SH,603311,-2.5,5767,5767
SZ,300815,0.96,5758,5879
SZ,002123,-3.02,5757,6435
SH,688219,-0.28,5754,5754
SH,605598,-4.24,5750,5750
SZ,301232,-7.88,5745,9674
SH,600851,0.13,5743,9391
SZ,300214,-8.51,5742,5742
SH,600106,-0.91,5741,5741
SZ,002382,-1.19,5737,5794
SH,688328,-8.68,5735,5735
SH,600617,-5.55,5735,6231
SZ,002734,-0.89,5729,6276
SH,600866,-1.29,5726,7576
SH,688788,-3.85,5724,5724
SH,600449,0.25,5724,5724
SH,600054,0.72,5723,8133
SZ,002519,-1.72,5722,5767
SZ,000593,-4.25,5721,5724
SH,603567,-4.54,5721,5726
SZ,300256,-0.77,5721,5784
SH,603108,-0.52,5714,5714
SH,688232,1.43,5712,5712
SZ,002232,0.72,5712,5712
SZ,301137,-0.78,5709,5709
SZ,002390,-0.33,5706,5754
SH,600433,-1.5,5706,5706
SZ,301101,0.89,5699,5916
SZ,000900,0.27,5692,5692
SH,601968,0.22,5690,5690
SZ,300075,0.73,5685,6851
SZ,300048,0.2,5685,5696
SZ,000595,-6.89,5682,5682
SH,688334,0.06,5678,5759
SH,600691,-1.23,5678,5679
SZ,002752,-1.84,5678,5686
SZ,000779,0.08,5675,5676
SH,688103,-2.93,5673,5673
SZ,002009,-3.02,5665,6436
SZ,000912,-0.81,5660,5660
SZ,301292,-2.33,5657,14796
SH,600826,0.9,5656,5656
SH,603867,-2.88,5655,5703
SZ,300579,0.32,5652,5859
SZ,301153,1.49,5650,6057
SZ,000722,-3.33,5649,6953
SH,688678,-8.12,5648,5648
SH,688499,-1.84,5646,5646
SZ,300079,0.23,5639,6275
SH,600477,0.42,5638,5638
SH,600035,0,5635,5635
SH,600223,0.36,5632,5632
SH,600855,-1.54,5626,5637
SZ,002965,-9.98,5625,7839
SZ,300043,-3.41,5621,5624
SH,603366,3.29,5618,5618
SZ,300617,-2.19,5618,6701
SZ,301286,-5.76,5611,13919
SH,600730,3.46,5608,5608
SH,600742,1.62,5603,5603
SH,688365,-2.44,5601,5601
SH,603194,1.78,5599,14207
SZ,002510,-0.35,5597,5654
SH,603609,0,5596,5596
SZ,002970,-4.17,5595,8143
SZ,002067,-2.33,5591,6165
SZ,300047,1.67,5590,6212
SH,600230,-0.58,5588,5588
SH,603507,-1.16,5584,5646
SZ,002206,-0.93,5581,6136
SH,688290,-1.95,5574,5574
SZ,001314,-6.49,5572,6404
SZ,001323,4.08,5562,7775
SH,688230,-5.79,5561,5561
SH,600881,-8.98,5559,5559
SH,600982,-1.38,5555,5555
SZ,300212,1.53,5553,5723
SZ,002527,-1.49,5548,6956
SH,603065,-8.36,5547,5547
SH,600255,-1.28,5545,5545
SH,601116,0.3,5537,5537
SZ,002452,-1.74,5536,6631
SH,603466,-2.81,5526,5526
SH,600694,0.34,5523,5523
SH,688818,-5.8,5521,72638
SH,603855,1.05,5509,5542
SZ,000501,1.7,5509,5514
SZ,300976,-11.17,5508,8563
SH,600425,0,5504,5504
SZ,301248,-6.84,5501,7527
SH,600292,0.48,5500,54840
SH,603587,0.43,5498,5498
SH,600203,-1.69,5497,5497
SH,600683,-5.47,5497,5497
SH,603211,-10.01,5493,5493
SZ,300119,3,5492,7650
SZ,300852,-4.75,5484,5681
SH,603778,-4.04,5484,5630
SZ,002956,-3.83,5481,5482
SH,603010,-3.7,5479,5616
SZ,300258,-0.92,5477,5622
SZ,002082,-5.29,5474,5897
SH,603889,-0.67,5474,5515
SZ,002421,-3.18,5469,5789
SH,688191,-8.3,5468,5468
SZ,001212,-5.49,5464,6316
SZ,003012,1.69,5457,5565
SH,605555,0,5455,5455
SZ,002349,-0.58,5455,5569
SH,601700,-1.43,5455,5455
SH,603153,2.51,5447,5529
SH,688799,-9.86,5446,5446
SH,688717,-3.55,5445,8795
SZ,002538,0.31,5442,5446
SZ,301678,-3.63,5442,9381
SH,600081,0.51,5442,5442
SH,688151,-1.67,5440,5440
SH,600698,0.15,5439,7000
SH,603668,-0.91,5427,5427
SH,603068,-9.98,5426,5426
SH,603155,-6.17,5426,5426
SH,601008,-0.22,5422,5422
SH,688478,-9.42,5420,5420
SH,688767,4.98,5413,5413
SH,603990,-8.6,5412,5412
SZ,002218,-3.93,5412,5492
SZ,300129,-1.04,5412,8350
SH,688709,-2.39,5411,15539
SH,688658,-2.5,5409,5409
SH,688562,-0.58,5408,5408
SZ,000717,1.36,5405,5405
SZ,002213,-2.31,5402,6208
SZ,000036,-3.98,5401,5405
SZ,002997,-1.55,5398,5398
SZ,300393,-2.07,5391,6145
SZ,002263,-1.7,5391,5391
SZ,300465,2.71,5383,5383
SH,600278,0.16,5378,5378
SH,605056,-2.76,5373,5453
SZ,002068,-0.67,5373,5375
SZ,002279,1.2,5370,5820
SH,601121,-1.02,5368,6604
SZ,301155,1.61,5365,9463
SZ,002351,0.59,5362,9149
SZ,001330,-3.95,5361,6337
SH,603170,6.43,5360,5360
SZ,003043,-7.98,5360,8210
SZ,300825,-6.18,5358,5473
SH,600815,-0.97,5358,5358
SZ,000042,-0.24,5353,5359
SH,688787,-3.93,5351,5351
SZ,002697,0.86,5349,6351
SH,605339,-3.22,5346,5346
SZ,300127,-0.85,5346,7484
SH,603135,-3.29,5345,5385
SZ,300819,-4.58,5345,5917
SZ,300841,0.63,5344,5840
SZ,002029,-0.24,5343,5661
SZ,300369,-2.35,5339,5358
SZ,920368,2.14,5339,5611
SZ,002796,-8.07,5337,5915
SZ,002882,10.03,5335,9359
SZ,301301,0.23,5332,19198
SZ,002885,-7.91,5326,6082
SZ,000557,-0.53,5321,5323
SZ,300128,-3.52,5320,5326
SZ,300581,-0.09,5320,5320
SZ,300708,-1.2,5317,6952
SZ,301326,-6.8,5313,5360
SZ,000404,-0.89,5313,5338
SH,600592,-1.11,5310,5310
SH,600199,7.31,5308,5308
SH,600829,1.1,5306,5306
SZ,000697,-4.01,5303,11336
SH,603776,-1.35,5301,5301
SH,605288,-8.46,5300,5336
SZ,002255,0,5295,6896
SZ,300467,-5.66,5294,6320
SZ,002191,0.53,5288,5331
SZ,000411,-0.2,5288,5298
SZ,300926,2.25,5286,7705
SZ,002971,-9.45,5284,6913
SZ,000531,-0.5,5277,6040
SZ,002132,-5.98,5275,5284
SZ,301209,-5.15,5273,6172
SH,601086,2.33,5268,5268
SZ,300046,-2.91,5268,5268
SH,600644,-6.37,5263,5263
SH,601518,0,5256,5256
SZ,002424,-0.43,5253,6373
SZ,300019,0,5245,5594
SH,603098,0.72,5243,5250
SH,605366,-5.3,5240,5240
SH,688510,-1.22,5237,5237
SZ,301004,3.56,5232,5605
SZ,002833,-1.64,5228,7655
SZ,002803,-3.56,5228,8046
SH,600569,3.41,5228,5228
SZ,002990,-9.74,5225,9914
SZ,300203,-1.34,5223,5228
SZ,002358,-1.05,5216,5216
SZ,301000,-2.15,5208,5516
SH,603887,-2.14,5202,5202
SZ,300531,-0.59,5201,5359
SZ,300900,-5.41,5200,6636
SH,688707,-1.34,5199,5199
SZ,300540,-10.24,5193,5717
SZ,300197,-2.77,5189,5189
SH,603686,-0.86,5189,5189
SZ,300443,0.52,5188,6841
SZ,001328,0,5188,5523
SH,600868,1.87,5182,5182
SZ,000525,-0.42,5181,6072
SH,600300,0.95,5175,5175
SZ,002951,-1.74,5175,5225
SZ,002060,0.61,5173,12427
SZ,300996,20.03,5170,6143
SZ,000560,-1.33,5168,5206
SZ,002777,1.35,5166,5213
SH,688575,0.33,5165,5165
SZ,300925,1.65,5162,6332
SZ,002685,-2.09,5159,5159
SH,600189,0.28,5157,5157
SZ,002640,-3.47,5156,5188
SH,603848,-2.94,5155,5155
SH,601199,-0.35,5153,5153
SH,603012,-0.12,5153,5153
SZ,300293,0.93,5151,5151
SH,600603,-1.78,5151,5151
SZ,300082,0.13,5148,5162
SZ,000908,-4.87,5147,10293
SZ,300451,-0.58,5145,5221
SH,605009,1.18,5144,5144
SZ,002635,-5.1,5142,8576
SZ,300633,1.28,5140,8395
SZ,300856,2.1,5140,5318
SZ,002274,-1.25,5139,5219
SZ,002272,-9.09,5138,6105
SZ,300939,-2.74,5130,5130
SZ,301261,-4.43,5130,5173
SH,688109,-4.37,5126,5126
SH,688095,9.24,5122,5122
SZ,300969,-5.76,5122,10738
SZ,002657,5.84,5119,5179
SZ,000652,-0.56,5118,5122
SZ,000888,1.04,5116,5116
SH,600981,-0.43,5113,5113
SZ,002567,-0.27,5111,5116
SH,603333,-4.3,5109,5109
SZ,002419,-0.21,5101,5101
SZ,300067,-7.8,5089,6268
SH,688553,-2.14,5084,6272
SZ,002749,3.55,5084,5197
SZ,300525,2.62,5081,6193
SZ,300990,-12.96,5079,11182
SH,688315,-1.44,5078,5078
SZ,002164,-2.57,5076,5630
SH,600217,-0.64,5072,5072
SZ,301328,-12.95,5072,7018
SZ,002489,-0.37,5070,5748
SZ,300192,2.02,5069,5129
SH,688598,-4.95,5067,5166
SH,688505,-1.24,5066,7391
SZ,300983,-7.32,5058,5720
SZ,002300,-3.7,5056,5056
SH,688309,-3.91,5055,5055
SH,600984,1.26,5053,5053
SZ,300307,-0.3,5052,5140
SH,688079,-6.86,5050,5138
SH,603173,-0.9,5050,5050
SZ,300159,-3.51,5048,9016
SZ,300006,-4.58,5047,5047
SH,603660,9.96,5046,5046
SZ,300278,-1.37,5046,5062
SH,603130,-2.7,5044,5044
SZ,000796,1.61,5044,6078
SH,688237,-17.28,5037,5037
SH,600825,-0.61,5026,5026
SZ,300261,0.38,5025,5134
SZ,000409,-0.34,5025,5767
SZ,300039,-1.96,5025,5732
SH,600743,-1.37,5021,5021
SH,600279,-0.46,5020,5020
SZ,300137,-13.74,5019,5081
SZ,003040,1.57,5016,5063
SH,601177,-1.49,5014,5080
SZ,002196,0.1,5011,5088
SH,688656,-1.65,5010,5010
SZ,300783,-0.38,5009,7178
SZ,300696,-3.49,5008,5517
SZ,920493,0.3,5007,6796
SZ,300985,-8.64,5000,5000
SZ,300446,-0.81,4998,11312
SH,688069,-5.89,4993,4993
SH,688776,-2.22,4992,4992
SZ,300909,-5.26,4991,6685
SZ,000920,-6.12,4991,4991
SZ,300057,-2.9,4986,6021
SZ,002383,-0.58,4983,4983
SH,605050,-0.48,4983,4983
SH,688610,-9.61,4976,8266
SZ,300036,1.09,4971,5504
SH,603336,-0.36,4967,4967
SH,603221,9.98,4964,4964
SH,600197,2.74,4964,4964
SH,688348,1.5,4963,4963
SH,603727,-1.94,4961,4961
SZ,002943,-7.07,4959,7007
SZ,002577,-5.9,4957,4957
SH,600237,-2.09,4953,5000
SH,600284,0.39,4939,4939
SH,688101,-1.32,4934,4934
SH,601279,0.32,4932,4932
SH,688345,-3.56,4930,4954
SZ,003041,-0.57,4930,5188
SH,688117,-3.49,4922,4922
SZ,000852,-0.37,4922,4951
SZ,300569,-0.81,4915,4930
SZ,002988,-2.18,4909,4909
SH,600939,-0.38,4908,4908
SH,600073,1.36,4904,4904
SZ,002376,0,4904,5050
SH,688173,-3.47,4903,4950
SZ,002530,0.57,4901,5493
SH,603843,2.94,4897,4897
SZ,002631,-4.33,4896,4919
SZ,300918,-1.72,4894,4894
SZ,002992,-4.94,4893,5665
SH,603901,-0.54,4892,5202
SH,600784,2.55,4892,4892
SZ,300528,-3.45,4889,4889
SZ,300706,-6.54,4884,6588
SH,600308,0.63,4884,4884
SH,603897,-4.16,4884,4884
SH,603365,1.08,4883,4909
SZ,300905,-3.73,4882,6258
SH,600817,0.22,4882,4906
SZ,300066,-1.4,4881,5086
SZ,300063,-1.01,4881,5909
SH,688733,-3.24,4881,4881
SZ,301580,-5.81,4878,7219
SZ,301392,-12.46,4874,11948
SZ,300731,-10.83,4873,5134
SZ,301607,-7.28,4868,7509
SZ,300792,-1.33,4860,5416
SH,600231,1.18,4850,4911
SH,605377,-2.45,4849,4849
SZ,300151,-4.28,4848,7002
SZ,000880,-1.24,4845,9899
SH,688757,-7.88,4844,10781
SH,603408,3.05,4843,4843
SZ,300566,-7.88,4842,5599
SH,600610,1.04,4841,7317
SZ,300400,-5.78,4839,4855
SZ,300158,-2,4838,4842
SZ,300368,-0.53,4835,4835
SH,600979,-1.26,4830,4905
SZ,301099,-6.15,4830,7937
SH,600814,0.61,4829,4829
SZ,300755,4.51,4828,4831
SH,600336,1.34,4828,4828
SZ,301053,-1.88,4828,5199
SH,601011,-1.94,4827,4827
SZ,002870,-3.07,4823,4940
SZ,002166,-1.2,4823,4843
SZ,002642,0.55,4823,4823
SZ,002307,-1.32,4822,4880
SZ,300406,0.35,4820,6659
SH,603187,2.61,4818,4869
SZ,300709,-7.12,4817,6001
SZ,300221,-4.92,4814,4937
SZ,002102,-2.15,4814,5595
SZ,300820,-7.88,4814,9568
SZ,002229,-2.58,4813,4843
SZ,300507,-0.15,4813,4972
SH,600593,-0.34,4812,4873
SZ,002708,-5.18,4810,5233
SZ,002528,-1.92,4799,5478
SH,600084,0.23,4798,4798
SH,603685,-5.69,4797,6023
SZ,002959,0.94,4795,5345
SH,603137,9.99,4795,4795
SH,601566,-0.47,4792,4792
SZ,002189,-2.02,4792,4793
SH,603111,-0.51,4791,4931
SH,600513,9.97,4784,4784
SH,605368,-0.58,4781,4781
SH,688566,-0.37,4778,4778
SH,688226,-6.28,4778,4963
SZ,301012,-7.08,4776,4776
SZ,301307,-11.86,4766,9226
SH,688410,2.6,4765,4765
SH,605228,-3.84,4762,4781
SH,600191,3.26,4757,4757
SH,600769,-6.75,4755,4755
SZ,002344,-0.53,4754,4759
SZ,002238,0.17,4751,4751
SH,600790,0.31,4749,4749
SH,600889,-2.62,4748,7602
SZ,002033,0.7,4748,4748
SZ,002695,-0.95,4746,5193
SZ,300084,-5.52,4742,5526
SH,603380,-6.28,4736,4736
SZ,301162,2.87,4734,7295
SH,603131,-1.46,4730,4730
SZ,300138,4.12,4728,5734
SZ,301048,0,4725,4725
SZ,002662,-0.93,4725,4725
SH,600571,2.38,4724,4812
SZ,002713,-0.98,4723,8534
SZ,002805,-2.35,4720,4741
SZ,301323,-2.77,4719,7336
SH,603511,-0.25,4714,4761
SZ,300788,-1.58,4712,4712
SZ,002334,-0.77,4704,5248
SZ,002819,-1.78,4698,5920
SH,601789,-1.13,4695,6585
SZ,300756,-4.11,4690,5390
SH,603590,-5.08,4690,4713
SZ,002481,0.48,4685,5169
SZ,000517,-0.52,4685,5986
SH,688699,-5.92,4683,4683
SZ,300300,-2.49,4681,4681
SZ,002892,0.11,4680,6940
SZ,002482,0,4680,4689
SZ,002047,-3.44,4670,4670
SH,603269,-6.96,4669,4669
SZ,300233,-1.55,4667,4844
SZ,002570,0.93,4666,4666
SZ,002301,-4.98,4653,4692
SZ,300093,-4.86,4652,10876
SH,600495,-0.76,4652,4652
SH,603595,-6.75,4651,4651
SH,688689,-7.46,4646,4646
SZ,002375,-0.84,4645,4677
SZ,002523,-0.89,4644,4661
SH,603348,9.99,4642,4642
SZ,300161,0.34,4639,4727
SZ,300388,0.15,4638,4638
SH,688007,-1.93,4638,4638
SZ,002066,-2.37,4636,4715
SH,688711,-3.81,4634,4634
SZ,002122,-1.68,4631,4663
SZ,920640,0.23,4624,4806
SZ,002526,-0.75,4623,4653
SZ,000753,0.22,4620,4620
SH,603353,-3.66,4613,4613
SH,605338,0.68,4612,4612
SZ,000925,-1,4604,4640
SH,603499,-6.21,4601,4601
SH,688389,0.85,4598,4598
SH,688352,-5.63,4595,14917
SH,600990,-0.8,4595,4595
SZ,002111,-1.15,4589,4996
SZ,301589,-0.63,4587,12305
SH,688679,-5.09,4585,4585
SZ,002045,-3.76,4584,4590
SZ,002038,-1.99,4583,5527
SZ,002479,-1.47,4583,4593
SH,603711,1.46,4579,4579
SZ,301239,-0.58,4572,4816
SZ,002638,-2.58,4572,4856
SH,601002,-2.03,4572,4572
SH,600605,-7.81,4571,4571
SZ,002165,-4.11,4569,4617
SH,600681,-0.86,4569,4572
SZ,000993,-0.59,4561,4561
SZ,000507,0.6,4557,4645
SZ,300087,-0.78,4557,4784
SH,688696,2.34,4556,4556
SZ,002154,1.05,4554,5633
SZ,300283,-5.19,4550,6158
SZ,002590,0.11,4549,4770
SH,603988,3.81,4546,4546
SZ,301268,-1.25,4546,5027
SZ,002727,-0.16,4546,6775
SH,688225,-3.96,4544,4544
SZ,300626,-10.26,4541,4543
SH,600178,-1.81,4539,4539
SZ,300688,11.2,4537,5118
SH,603701,-1.63,4537,4537
SZ,002915,-0.93,4531,5274
SH,600626,0.59,4530,4530
SZ,300680,-2.62,4530,5885
SZ,000428,9.9,4524,4524
SH,600715,1.94,4523,6415
SZ,002201,-1.56,4521,4894
SH,600121,-2.11,4508,4508
SH,688307,-7.23,4508,4508
SZ,002573,0,4507,4515
SZ,002134,-6.13,4507,4510
SZ,300681,-3.64,4503,5971
SZ,300219,-1.69,4501,4510
SH,603196,-3.79,4500,7951
SH,688330,-0.15,4500,4500
SZ,300292,-2.17,4497,5407
SZ,002483,-1.16,4497,4503
SZ,002478,-0.15,4495,5603
SZ,002556,0.63,4493,4497
SH,603162,-3.52,4493,14650
SZ,301368,-1.07,4492,4492
SH,605580,-3.31,4488,4488
SH,605299,-4.83,4488,4488
SZ,301566,-4.65,4488,8504
SH,603191,-1.65,4488,4488
SH,601218,1.31,4487,4487
SZ,300797,-0.83,4485,4497
SZ,002880,0.46,4484,4484
SH,688601,-7.37,4483,4483
SZ,300291,-4.54,4482,4540
SZ,002632,-1.75,4481,4872
SH,603610,-2.97,4479,4479
SZ,002637,-1.32,4478,4530
SZ,002884,-0.48,4476,5862
SZ,000417,0,4472,4477
SH,601588,-0.58,4469,5657
SZ,301306,-5.88,4469,6473
SH,600523,-0.89,4469,4472
SH,688181,-4.65,4468,4468
SH,600088,-0.34,4466,4466
SZ,000936,0.2,4465,4466
SZ,002627,4.24,4461,4509
SZ,301312,-10.84,4460,8866
SZ,300215,-1.64,4457,4457
SH,688282,-1.25,4451,4451
SZ,000886,0.22,4449,4499
SZ,003033,-9.97,4448,4504
SZ,301256,-1.48,4440,4440
SZ,300027,0.58,4437,4800
SH,605287,-5.03,4435,4435
SH,601065,1.02,4435,4435
SH,688609,-1.21,4435,4630
SZ,300689,-9.22,4432,5036
SH,688591,-3.49,4429,6322
SZ,002194,-1.47,4429,5924
SZ,000819,1.77,4429,4471
SH,688085,-0.54,4428,4633
SZ,300259,-3.27,4423,4424
SZ,002707,0.59,4420,5022
SZ,300232,-0.79,4419,5426
SH,603070,-0.44,4419,4419
SZ,300523,-0.2,4418,4418
SZ,002401,0.68,4415,4419
SH,600351,-2.14,4415,4415
SZ,002787,-7.57,4413,5913
SZ,000526,9.99,4413,4427
SZ,002543,1.06,4413,4960
SH,603387,-0.45,4412,4412
SH,600234,-7.22,4410,4410
SZ,300959,-7.41,4409,6772
SH,688683,-3,4406,4406
SZ,000571,-4.24,4404,4540
SH,600207,-2.64,4401,4401
SH,603558,0.71,4396,4396
SH,688323,-7.18,4395,4395
SZ,000759,-6.15,4393,4439
SZ,000045,0.31,4392,4868
SZ,300488,-5.64,4391,5174
SH,600101,-1.47,4388,4388
SH,603110,2.45,4383,4383
SH,688386,-5.56,4383,4797
SZ,300441,1.45,4375,4504
SZ,300463,-0.21,4375,5382
SZ,001207,0.88,4375,4532
SZ,300490,-2.45,4373,4433
SZ,001283,-3.59,4371,5482
SZ,002757,-1.58,4366,4574
SH,600283,-0.25,4363,4363
SZ,002501,-0.8,4362,4367
SZ,002940,-2.28,4356,4743
SZ,300695,-3.33,4354,4354
SH,688580,-2.96,4352,4352
SZ,301487,-0.98,4348,7326
SZ,002059,1.61,4345,4475
SZ,002522,-0.82,4344,4348
SZ,001317,-3.25,4342,4346
SZ,001338,-0.11,4340,4340
SZ,301529,-10.19,4338,8082
SH,688170,-5.47,4336,4336
SH,603777,-3.56,4331,4331
SH,605300,1.28,4330,4330
SZ,300791,0.42,4330,5192
SZ,002728,-1.36,4326,4430
SZ,300587,1.73,4326,5336
SH,603980,-6.02,4325,4325
SZ,002559,-3.8,4324,5507
SH,600173,0.65,4322,4322
SZ,301367,-0.15,4321,5519
SZ,002124,0,4319,4866
SZ,300917,0.04,4318,4318
SH,603018,0.76,4317,4317
SH,605028,-0.03,4310,4310
SH,603767,0.29,4305,4305
SZ,000558,0.3,4304,4306
SZ,002146,-0.89,4303,4783
SH,603611,0.72,4302,4302
SZ,000665,-0.78,4298,4298
SZ,002641,0,4298,4658
SZ,000521,0,4297,5057
SZ,002291,0.2,4293,4620
SH,688119,-1.79,4286,4286
SZ,300663,2.08,4286,4454
SH,600658,-1.28,4284,4284
SZ,300016,-2.55,4284,4432
SH,688377,-1.6,4279,4279
SZ,002454,0.21,4273,4281
SZ,301321,-10.11,4272,5395
SH,603528,0.67,4271,4271
SZ,300737,-2.23,4267,5340
SZ,002824,-9.01,4266,5869
SZ,002026,-1.21,4264,4264
SZ,300619,-3.73,4264,5065
SZ,002112,0.43,4261,4783
SZ,300592,-4.68,4261,4847
SZ,002746,0,4258,5163
SZ,300561,0.06,4255,5791
SH,688639,2.04,4254,4254
SZ,000011,3.32,4254,4816
SH,600976,-0.42,4246,4249
SZ,002540,0,4240,6163
SH,605577,1.17,4236,4236
SZ,301179,-2.02,4234,7211
SZ,001208,-4.31,4233,8477
SZ,001359,-9.34,4232,16929
SH,603216,-5.18,4231,4231
SZ,002393,-1.39,4230,4344
SH,688196,0.64,4229,4229
SZ,000608,-5.96,4227,4252
SH,600758,-2.13,4226,4230
SH,688057,-6.64,4226,4226
SH,600819,1.71,4223,5226
SH,600168,-0.46,4212,4212
SH,688320,-1.54,4212,4212
SZ,000720,-3.45,4209,4209
SH,603158,-3.26,4206,4206
SH,688539,-3.16,4206,4206
SH,603697,-0.9,4204,4204
SH,600227,-2.65,4203,5556
SZ,300147,2.08,4201,4226
SZ,000078,-4.18,4200,4210
SZ,000718,-1.07,4199,5584
SZ,002455,-2.3,4196,4588
SZ,300271,0.57,4194,4287
SH,688667,-2.33,4193,4193
SZ,000821,-1.13,4190,4317
SZ,002303,-2.47,4187,6631
SH,600288,-4.38,4185,4185
SH,600558,-0.63,4183,4183
SZ,301058,-0.48,4180,4250
SZ,300249,-4.76,4179,5121
SZ,002907,-1.34,4178,5195
SZ,300802,-6.47,4177,5863
SZ,300702,-1.23,4177,6907
SZ,002367,-0.56,4172,4188
SZ,300505,3.17,4171,5275
SZ,300267,-2.97,4168,6043
SZ,920576,-4.68,4164,4205
SH,688665,-2.76,4163,4163
SH,603998,1.61,4162,4162
SH,603666,-1.16,4158,4158
SZ,301070,-9.23,4158,6185
SZ,920077,0.29,4157,8073
SZ,301211,-4.87,4155,4155
SZ,300727,-2.57,4155,4617
SH,600071,-1.2,4153,4153
SH,603822,-3.45,4153,4153
SZ,301362,-8.46,4151,14797
SZ,300871,0.1,4151,4151
SZ,002490,3.52,4144,6300
SZ,301325,-0.95,4141,4141
SH,688448,-11.53,4140,4140
SZ,002117,0.38,4136,4137
SZ,301265,-5.15,4127,5126
SH,603165,1.62,4125,4125
SH,600880,-0.78,4121,4122
SZ,920239,2.51,4114,4164
SH,688236,0.35,4110,5466
SH,603167,0.57,4110,4110
SH,688073,-5.59,4106,4106
SZ,301629,-7.05,4106,8925
SZ,300532,-0.43,4105,4316
SZ,002427,-1.18,4096,4099
SZ,002758,0.38,4094,4099
SH,603682,1.41,4092,4092
SZ,300149,-3.57,4091,4292
SH,688720,-8.97,4089,6414
SH,600340,0,4088,4088
SZ,300785,-0.97,4086,6642
SZ,300227,5.92,4084,5332
SZ,002264,-0.15,4075,4506
SH,688786,-6.64,4072,4072
SH,688228,-1.83,4070,4070
SZ,300692,-3.05,4069,4459
SZ,300793,-0.9,4059,4152
SH,603035,1.37,4059,4059
SZ,002235,-2.26,4058,4248
SH,603217,1.72,4058,4058
SH,600729,2.03,4056,9280
SZ,002443,-1.51,4055,4055
SZ,002285,-1.9,4049,4085
SZ,301349,-6.56,4047,5126
SZ,300123,-0.48,4046,4159
SZ,300286,-1.06,4045,4883
SZ,301365,-6.96,4045,5993
SZ,300662,1.63,4044,4056
SH,603966,-0.5,4043,4049
SH,600479,0.21,4039,4750
SZ,300210,-3.24,4038,4038
SH,603069,0.24,4035,4035
SZ,002919,-5.44,4034,4064
SZ,301370,0.23,4033,4033
SH,600261,0,4032,4032
SH,603286,-6.37,4031,4070
SH,600650,1.67,4031,5693
SZ,301413,-5.21,4023,6739
SH,603916,-2.54,4023,4023
SZ,300326,-0.35,4021,4022
SZ,300397,-2.37,4016,5094
SZ,002480,-1.12,4015,4023
SZ,300705,1.4,4014,5428
SH,688115,-6.62,4009,4009
SH,603967,1.05,4007,4007
SZ,300648,-3.38,4007,5263
SZ,300018,-3.92,4004,5376
SZ,300541,0.39,4004,4438
SH,603960,-0.77,4004,4004
SH,603976,-3.52,4003,4003
SZ,301391,-3.33,4001,4095
SZ,000655,0.6,4001,4001
SH,688267,-1.4,3997,3997
SH,603072,-0.12,3995,8364
SZ,300071,5.5,3989,4068
SH,603016,-1.49,3988,3988
SH,603439,-3.04,3986,3986
SH,603206,-1.65,3983,3983
SH,603097,-0.05,3981,4074
SH,603122,-2.62,3981,3981
SZ,300091,0.41,3974,6906
SH,600505,-1.97,3966,3966
SH,600152,-2.72,3963,3963
SZ,000016,-2.74,3960,5972
SH,603088,-0.87,3958,4542
SH,603726,-4.66,3956,3977
SH,603178,0.6,3955,3955
SH,603758,0,3954,3954
SZ,300893,0.57,3954,7454
SH,605086,-1.86,3950,3950
SH,603689,0.67,3947,3965
SH,688356,-6.99,3939,3939
SH,605268,-0.55,3939,3939
SH,688210,-5.94,3936,3936
SZ,300355,-0.68,3935,4620
SH,603790,-8,3934,3934
SZ,920946,0.33,3926,3928
SZ,301488,-2.96,3926,9582
SH,600076,1.39,3926,3926
SZ,300859,0.68,3925,3925
SZ,002876,-2.83,3923,4580
SZ,300121,-0.32,3920,4065
SZ,002406,0.15,3920,4754
SH,603519,0.27,3920,3920
SZ,301116,1.99,3920,3920
SZ,300228,-1.53,3918,4188
SZ,300547,-7.45,3916,4765
SH,600628,0.67,3914,3914
SH,605088,-1.81,3913,3943
SH,603015,-1.21,3913,3913
SZ,920522,-0.36,3912,4716
SZ,002644,-0.64,3912,3912
SZ,002040,-0.73,3903,3903
SZ,300105,-10.51,3902,3905
SZ,920139,3.38,3900,4037
SH,603918,2.2,3899,3899
SH,603271,-4.88,3898,8167
SZ,300586,-5.07,3897,5185
SH,601368,-0.22,3894,3894
SH,688796,-10.26,3892,45047
SZ,300461,-6.95,3891,4236
SZ,002612,7.52,3891,6765
SH,688350,-5.16,3888,3888
SZ,300968,-10.89,3886,3886
SZ,300196,-1.25,3883,6427
SZ,300963,-1.61,3882,5293
SH,688459,-0.36,3878,3878
SZ,300320,-0.98,3878,4804
SH,603032,-2.85,3877,3883
SZ,000096,0.13,3877,4008
SZ,002116,0.29,3871,3918
SH,603150,-5.21,3868,3868
SH,688186,-0.5,3865,3865
SH,688633,0.13,3863,3863
SH,603683,-5.56,3862,3902
SH,600798,0,3861,3861
SH,688207,-4.9,3859,3859
SZ,300022,1.3,3855,3855
SZ,002160,-0.52,3855,3863
SZ,002177,1.96,3854,4346
SH,603322,-4.74,3851,3851
SH,603869,-1.49,3850,3850
SZ,000919,-0.95,3849,3850
SZ,002520,-2.89,3845,4021
SZ,002765,-0.45,3844,4206
SZ,002553,0.13,3841,5298
SZ,300189,-1.13,3837,4434
SZ,002005,-0.89,3837,3838
SZ,002090,4,3835,3858
SH,600727,-1.08,3832,3832
SZ,002161,-3.35,3831,3832
SZ,301458,-4.94,3831,8696
SZ,000882,-0.7,3829,3832
SZ,920593,-2.34,3829,4507
SZ,300882,-0.82,3824,4110
SZ,002449,-1.27,3822,3822
SH,600568,0.44,3822,4564
SH,600135,-1.42,3818,3818
SH,603339,1.07,3815,3815
SH,688655,-5.85,3815,3815
SZ,300643,-8.17,3815,3823
SH,603429,-6.67,3808,3808
SH,600469,-0.18,3808,4646
SZ,002774,-9.74,3807,4549
SZ,301007,-7.36,3803,3853
SH,603318,-5.68,3801,4593
SZ,002560,-2.27,3800,4412
SZ,002989,-5.55,3798,3871
SH,603661,-4.54,3797,3797
SH,600792,-2.28,3796,3796
SZ,002418,-2.04,3796,3796
SH,688010,-4.86,3794,3794
SZ,002035,0.41,3793,4111
SZ,002788,-0.39,3792,3858
SZ,000523,1.06,3790,5249
SZ,300061,-0.97,3789,4013
SH,600526,0.23,3789,3857
SZ,000906,-0.36,3780,3825
SZ,301187,4.15,3778,3778
SZ,300429,-3.72,3776,5021
SH,688379,-7.07,3773,3978
SH,603803,-9.11,3769,3769
SZ,300403,-1.78,3758,5306
SH,605337,-1.22,3757,3757
SZ,000850,-0.74,3755,3756
SZ,301055,-8.92,3754,3836
SH,600222,-2.6,3753,3753
SZ,300380,4.03,3752,4078
SZ,002586,-2.26,3752,3948
SZ,301045,-6.82,3749,5932
SZ,300878,-3.48,3746,3763
SZ,002688,0.2,3745,3855
SH,603222,-4.03,3744,3744
SZ,000822,-0.94,3741,3741
SZ,300654,-3.97,3741,3885
SZ,002772,-1.07,3739,3770
SZ,300588,-1.39,3738,4048
SZ,002564,0,3736,3736
SH,688429,1.08,3736,3736
SZ,301282,-5.95,3733,4459
SH,603315,-4.42,3732,3732
SH,601113,0,3732,4577
SH,600824,0.85,3731,3731
SZ,001316,-2.65,3731,4003
SZ,300332,-0.42,3729,3891
SZ,301277,-2.95,3729,3729
SH,603912,-2.68,3728,3728
SZ,301230,-5.01,3727,4144
SH,688595,-3.61,3722,3722
SH,603113,0,3716,3716
SZ,300700,-8.29,3714,5265
SZ,000816,0.39,3714,3733
SH,603520,-1.84,3713,3713
SH,688419,-10.36,3711,3711
SZ,300183,-2.14,3710,4626
SH,688298,-0.1,3709,3709
SH,603719,-1.37,3709,3709
SZ,301168,-2.23,3709,4669
SH,601188,-0.69,3708,3708
SH,603239,0.29,3706,3706
SZ,300317,-6.87,3705,3711
SZ,000678,-0.48,3704,3704
SH,603636,-0.46,3703,3703
SH,600725,-7.97,3697,3697
SH,600794,0,3696,3696
SZ,300481,-2.44,3693,3715
SZ,300767,-1.9,3690,4249
SZ,002228,0.33,3688,3701
SH,603978,-3.74,3688,3688
SZ,002589,-1.45,3687,4063
SH,603121,-3.1,3687,3687
SZ,002322,0.19,3686,3834
SZ,002380,-5.08,3685,6218
SH,603639,4.13,3684,3790
SH,688212,3.33,3680,3680
SH,600714,-3.9,3680,3680
SH,605388,10.07,3675,3675
SH,600067,-1.48,3674,3674
SZ,300506,-3.84,3673,7128
SH,688247,-1.93,3672,3672
SH,600527,-0.92,3671,3671
SZ,001380,0.32,3670,4271
SH,603928,-6.51,3666,3666
SZ,300246,-6.47,3665,4586
SH,688211,-1.75,3664,3664
SZ,300318,-1.27,3661,3774
SZ,002328,-2.43,3659,4947
SZ,002187,0.97,3659,3659
SH,605286,-2.98,3657,3657
SZ,301102,-1.63,3654,3654
SH,603085,-0.85,3653,3653
SZ,300177,0,3650,4480
SZ,300044,-1.72,3648,3896
SZ,002162,0.25,3646,3651
SZ,000532,0.09,3645,3657
SH,688635,-8.17,3644,19222
SZ,300421,-2.76,3639,4646
SH,605208,-4.99,3636,3636
SZ,002512,-0.89,3634,3660
SZ,002088,-0.41,3633,3658
SH,605162,-6.17,3631,3631
SH,603933,-1.06,3630,3630
SZ,000797,-0.85,3628,3628
SZ,003004,-9.99,3626,4318
SZ,002843,-8.58,3623,3645
SZ,003019,-4.76,3623,3748
SZ,301075,-6.81,3618,3618
SH,603398,-3.91,3617,3617
SH,600734,-1.77,3615,3616
SZ,301252,-2.27,3614,4506
SH,603615,-0.98,3613,3613
SH,688551,-7.45,3608,3608
SH,600830,-0.74,3603,3603
SH,688061,-8.09,3599,3599
SH,603607,-3.9,3599,3599
SZ,002786,-1.74,3597,3608
SZ,300733,2.85,3594,4874
SH,605378,3,3594,3594
SH,688291,-5.29,3593,3593
SZ,002930,-1.77,3593,3797
SH,600576,-1.8,3593,5737
SH,688311,-4.51,3591,3591
SZ,300711,-2.42,3590,4052
SZ,301603,-6.53,3588,11484
SH,688512,-5.22,3587,5226
SZ,301160,-9.29,3585,5395
SH,688719,-8.78,3584,4610
SZ,000518,-2.78,3583,3583
SZ,001269,4.78,3583,3583
SZ,300590,-1.56,3582,4627
SH,600805,-0.93,3580,3582
SZ,301376,-5.27,3577,7434
SH,603669,-3.45,3576,3576
SZ,300231,-2.3,3576,3576
SZ,003026,-5.89,3575,4643
SZ,300669,-4.48,3573,3773
SH,603126,-0.16,3571,3571
SZ,300629,-2.36,3571,4141
SZ,002469,1.25,3569,3686
SH,688360,-3.14,3568,3568
SZ,300557,-4.79,3566,3584
SH,603058,-9.94,3566,3566
SZ,920809,0,3565,4643
SZ,300194,-0.53,3564,4378
SZ,300491,-10.59,3563,4017
SZ,002562,-0.22,3563,5006
SH,688489,-2.12,3561,3588
SH,603106,1.63,3560,3560
SZ,002370,0,3557,3557
SH,603105,-0.13,3555,3555
SZ,002986,-0.5,3553,4474
SZ,002902,-6.01,3551,4698
SH,603566,0.39,3551,3551
SH,603081,-1.4,3549,3549
SH,605055,-4.83,3546,3546
SH,600127,-0.71,3543,3543
SZ,002886,-3.96,3540,4456
SZ,002333,-0.18,3539,3584
SH,688218,-7.06,3539,3539
SH,600860,0.13,3535,4358
SH,605369,0.5,3532,3532
SH,603559,1.38,3531,3531
SZ,300299,-0.96,3530,3534
SZ,300964,-6.08,3529,4809
SH,688768,-1.93,3527,3557
SZ,300351,-1.97,3527,5208
SZ,300111,-1.43,3527,3527
SH,688588,0.44,3526,3526
SH,600581,0.44,3526,3526
SH,603386,-5.09,3524,3524
SZ,300933,-4.86,3523,3523
SZ,300984,-7.81,3521,5464
SH,600333,0.35,3520,3520
SZ,300055,-1.41,3519,4652
SZ,301280,-6.22,3515,6769
SH,603579,-0.05,3514,3514
SZ,000726,0,3512,4872
SZ,300758,-1.9,3511,3895
SZ,300010,-4.51,3510,4361
SH,688238,-2.16,3509,3518
SZ,002582,-1.35,3508,4562
SH,601033,0.62,3506,13149
SZ,000713,0.71,3506,4558
SH,603703,-1.85,3502,3502
SZ,000505,0,3497,4020
SZ,300424,-0.72,3496,3498
SZ,300453,0.1,3494,5069
SH,600379,-9.79,3494,3494
SZ,001238,1.05,3492,3733
SH,600337,-7.59,3492,3492
SZ,920799,0.87,3492,6082
SZ,000721,10.02,3489,3908
SH,603090,-6.48,3488,3488
SH,603716,-2.33,3486,3486
SZ,002095,1.84,3486,3500
SZ,000626,-0.85,3486,3506
SZ,300911,8.71,3485,3729
SZ,300068,-2.15,3483,3665
SH,603421,-3.08,3483,3483
SZ,300745,-6.88,3481,4123
SH,600579,-2.07,3480,3480
SH,603706,-0.96,3479,3479
SZ,300639,1.1,3479,3569
SZ,301008,-4.65,3478,3939
SZ,301398,-1.81,3477,3567
SH,688606,-0.13,3477,3477
SH,688075,-1.5,3476,3476
SZ,301609,-6.84,3471,5759
SZ,300894,20.04,3470,4779
SZ,000862,-3.65,3466,5067
SH,600834,2.11,3466,3466
SZ,002693,-0.81,3465,3496
SH,603569,-0.34,3464,3464
SZ,300611,-2.09,3461,4926
SH,688033,-1.59,3458,3458
SH,688136,-3.49,3456,3456
SH,603232,0.54,3456,3474
SH,688039,-1,3453,3453
SZ,002677,-2.63,3452,4044
SZ,002596,-1.3,3451,3454
SZ,002676,-0.82,3449,3449
SH,603309,-0.24,3447,3447
SH,601599,-0.33,3447,3447
SH,600506,-0.99,3445,3445
SH,688168,-7.16,3441,3441
SZ,000965,-0.95,3440,3440
SH,603109,-0.47,3440,3440
SZ,002609,-0.65,3437,4819
SZ,300402,0.36,3433,3477
SZ,300606,-7.42,3431,4034
SZ,002016,0.47,3431,3431
SH,688533,0.34,3430,3430
SZ,301235,-6.53,3429,4595
SZ,301656,1.2,3425,40449
SH,603291,-0.36,3424,3424
SH,688558,-3.92,3421,3421
SZ,000868,1.11,3420,3420
SZ,300200,-0.97,3417,3474
SZ,300414,-4.89,3411,3547
SH,600539,2.99,3411,3411
SH,603324,-8.84,3408,3408
SZ,002462,0.26,3407,3410
SZ,000407,-0.5,3407,3424
SZ,002107,-1.31,3406,3440
SZ,301033,-2.48,3404,4050
SZ,002339,-0.83,3404,3584
SH,603020,-3.09,3403,3403
SH,603956,-3.7,3402,3402
SZ,300407,2.9,3402,4549
SZ,301517,-5.53,3396,5265
SH,688807,-8.62,3395,16976
SH,688157,-2.32,3390,3390
SZ,301175,3.22,3389,8022
SH,688653,-4.37,3386,4542
SH,603630,-1.11,3383,3383
SZ,002669,-2.01,3378,3386
SH,605158,-0.74,3375,3375
SH,603101,-2.31,3373,3373
SZ,300096,-1.87,3371,3371
SZ,002783,0.69,3371,3650
SZ,300533,3.33,3370,4789
SZ,300190,-1.92,3362,3375
SH,600980,-0.27,3359,3430
SH,688148,-0.44,3357,3357
SZ,300530,-4.21,3356,3356
SZ,002457,-1.84,3356,3358
SZ,301016,-3.45,3354,3498
SH,603390,-0.2,3353,3358
SH,601366,-0.56,3349,3349
SZ,300880,-2.93,3349,3349
SH,688299,-4.18,3348,3348
SZ,002305,-1.02,3347,3347
SZ,920819,2.22,3344,3383
SZ,003000,2.36,3342,4892
SH,688590,0.34,3342,3714
SZ,300448,0.39,3341,3518
SH,605068,9.99,3340,3340
SZ,300099,-1.36,3339,4232
SZ,000488,0.51,3338,5795
SZ,301112,-11.54,3336,3336
SZ,300559,1.9,3335,4283
SZ,300399,3.37,3335,3335
SZ,000782,-4.24,3333,4332
SZ,300729,0.9,3332,3461
SH,600262,0.65,3325,3325
SZ,300809,-3.99,3323,5596
SZ,300715,-8.92,3320,4011
SZ,002225,-1.4,3320,4057
SZ,300518,-10.18,3320,3320
SZ,300962,0,3319,3319
SH,605108,2.33,3318,3318
SZ,300471,-0.97,3317,4255
SZ,300736,-1.76,3317,3403
SH,688680,-1.18,3316,3316
SH,603926,-5.58,3315,3346
SZ,002791,-1.16,3309,5379
SZ,300632,-7.13,3309,4566
SZ,002818,1.46,3309,8300
SZ,300434,-4.25,3308,3885
SH,603357,0.17,3307,3307
SH,600800,-2.92,3307,3308
SZ,000659,-2.64,3304,3304
SZ,000903,-1.14,3303,3328
SH,688646,-4.44,3302,5363
SH,600318,0.16,3302,3302
SZ,300021,-0.25,3301,3865
SZ,001216,-0.73,3298,3921
SH,688098,-2.54,3297,3297
SH,603759,1.13,3297,3297
SZ,301085,-7.22,3297,4856
SZ,301003,-7.98,3295,4259
SH,600857,-5.22,3293,3293
SZ,002197,-6.94,3289,3784
SH,688602,-1.24,3288,3288
SH,600638,0,3286,3286
SZ,300213,-0.66,3286,3536
SZ,002766,0.26,3282,3293
SZ,002199,6.12,3282,3459
SZ,002584,-3.84,3279,4097
SZ,001217,2.36,3278,3315
SH,605058,-3.12,3276,3276
SZ,002412,-4.77,3276,3311
SZ,300668,-10.48,3275,3955
SZ,301310,-8.21,3274,10253
SZ,300622,-0.65,3273,4788
SH,688750,-0.98,3273,6498
SH,603813,9.99,3271,3271
SH,600229,0.81,3271,3271
SZ,002646,2.69,3269,3291
SZ,000926,-1.89,3257,3297
SZ,300664,-0.43,3256,3380
SZ,002374,-1.95,3256,3256
SZ,301421,-6.68,3254,8130
SH,603014,-1.04,3252,13385
SZ,300494,-0.36,3251,4003
SZ,000736,-1.13,3250,3250
SZ,300290,9.96,3249,3250
SH,688339,-2.34,3248,3990
SZ,300571,-6.95,3246,3917
SH,600822,0.86,3244,4062
SH,603535,2.42,3244,3244
SH,601616,10.14,3244,3244
SH,603815,0.96,3243,3243
SH,605077,-1.27,3243,3282
SZ,002109,-0.77,3242,3242
SH,603811,-0.83,3240,3240
SZ,300160,0,3239,3285
SH,603261,-6.25,3238,3238
SH,603396,0.26,3236,3236
SZ,002269,0,3234,3467
SZ,300427,-5.43,3234,3270
SH,600653,-0.59,3231,3231
SZ,002327,1.23,3231,5487
SH,600865,0.47,3228,3228
SZ,300248,0,3227,3758
SH,600679,0.54,3227,4651
SZ,001257,-1.45,3226,43255
SZ,300873,-9.5,3226,4444
SZ,003037,-1.64,3223,3223
SH,600503,-1.46,3221,3221
SZ,301017,-0.71,3218,5046
SH,601999,0.34,3217,3217
SZ,300907,-6.88,3216,3216
SZ,001221,5.45,3215,16728
SZ,000789,0,3214,3214
SH,600853,0,3213,3213
SZ,000731,-0.33,3211,3211
SH,605066,-1.53,3206,3206
SZ,301115,-4.65,3205,3942
SH,688443,-3.2,3203,8192
SZ,301289,-1.11,3203,3224
SZ,300120,-5.15,3202,3487
SZ,301311,-0.44,3202,3202
SZ,300370,-1.43,3201,3209
SH,603788,1.06,3201,3201
SZ,301246,-1.97,3201,7528
SH,688199,-6.05,3199,3199
SH,688133,-4.41,3198,3198
SZ,301551,0.24,3198,8276
SH,688071,4.17,3197,3197
SH,603648,-0.22,3196,3196
SH,688302,-4.01,3195,3195
SZ,002474,-0.32,3194,3758
SH,603817,-0.17,3192,3192
SZ,000701,0,3192,3195
SZ,300652,-2.76,3189,3554
SH,688522,-1.79,3187,7849
SZ,300132,-2.17,3186,3239
SZ,002822,1.36,3185,5811
SH,600467,0.46,3185,3185
SZ,300078,-0.34,3184,3197
SZ,920037,1.2,3178,5199
SZ,301110,-1.24,3178,4519
SH,605136,-5.13,3176,3176
SH,603987,0,3171,3171
SH,600843,-1.02,3167,4814
SZ,000514,-0.78,3164,3164
SZ,002094,0.44,3162,3164
SZ,300879,0.19,3162,3184
SH,603313,-1.59,3161,3161
SZ,301682,1.01,3160,14954
SH,688785,-7.36,3160,15795
SH,600731,3.92,3158,3229
SZ,300848,-1.96,3156,5336
SZ,301186,-5.27,3156,3356
SH,603600,0.32,3152,3152
SZ,300466,0.29,3151,3759
SH,600327,-1.1,3150,3150
SZ,002037,-3.26,3145,3145
SZ,301315,0.03,3145,3145
SH,603210,0.82,3143,4599
SH,600512,-0.99,3143,3143
SH,603230,0.23,3143,3143
SH,603856,0.09,3142,3142
SZ,300110,-1.47,3142,3145
SH,688045,-6.46,3140,3140
SZ,002395,-1.34,3138,3138
SH,605398,-0.71,3137,3137
SZ,002178,-0.67,3132,3133
SH,688398,-2.75,3131,3131
SH,603999,-0.17,3128,3128
SZ,002441,-0.75,3125,4269
SZ,002927,-3.86,3121,3156
SZ,301073,-3.56,3120,3413
SH,603656,-0.69,3116,3116
SH,603679,-3.94,3113,3113
SZ,002801,-1.28,3113,6173
SH,603696,9.98,3112,3112
SZ,301479,-4.1,3112,5435
SZ,300056,4.26,3109,3111
SH,603948,-2.04,3107,3107
SH,600622,-0.47,3104,3104
SZ,300040,-5.2,3104,3860
SZ,300885,-3.72,3103,4611
SH,603038,-4.38,3101,3101
SH,600716,-1.77,3098,3098
SH,688583,-3.42,3095,8883
SZ,002571,-0.28,3093,4065
SH,603351,-1.67,3092,3092
SZ,300875,1.91,3091,3515
SZ,300157,1.68,3090,3237
SH,688259,-2.53,3089,3089
SZ,002726,9.13,3088,3090
SH,600354,0.69,3088,3088
SZ,002672,-0.28,3086,3769
SZ,002296,-1.1,3084,3459
SZ,002055,-2.07,3083,3137
SZ,002889,-3.98,3083,4634
SH,605259,0.96,3082,3082
SH,600749,0.3,3082,3082
SZ,300545,-4.58,3081,4779
SZ,301613,-2.56,3079,5279
SH,600053,-0.41,3078,3078
SZ,002362,-0.73,3077,3623
SH,600293,-1.48,3074,3074
SZ,300193,-1.2,3074,3491
SZ,301408,-1.75,3070,5364
SZ,000788,-0.95,3069,3069
SZ,002369,-3.38,3069,3073
SZ,300801,-4.18,3066,4893
SZ,300551,-1.73,3065,3074
SZ,301223,-0.93,3065,3065
SZ,301602,-0.4,3063,6292
SH,605399,-1.1,3061,3064
SZ,300572,-3.09,3060,3865
SZ,002365,-1.8,3056,3672
SZ,000421,-0.92,3055,3056
SH,688722,-1.79,3052,3052
SH,603095,-3.35,3050,3050
SH,600228,10.06,3050,3054
SZ,002451,-1.55,3048,3058
SZ,301120,-2.46,3048,5164
SZ,001318,-2.87,3047,3047
SH,603316,-5.49,3044,3110
SH,603116,-1.11,3042,3042
SZ,000007,-4.14,3042,3042
SZ,002686,10.04,3037,3290
SZ,000509,-3.07,3037,3037
SH,605138,0.18,3033,3033
SZ,301060,-1.74,3033,3372
SZ,301630,-5.31,3031,8091
SZ,300473,-4.09,3030,3476
SH,603258,-0.54,3029,3047
SZ,000607,-0.57,3027,3481
SZ,300867,-1.3,3026,4291
SZ,002548,-1.04,3025,3114
SZ,301199,-2.71,3024,3142
SH,603139,-3.77,3023,3023
SZ,000037,-3.77,3023,5377
SZ,920806,2.87,3022,3022
SZ,301206,-1.85,3022,4694
SZ,300781,-0.39,3019,4091
SZ,300973,3.29,3019,4311
SH,688317,0.38,3019,3019
SZ,300515,-2.66,3018,3078
SZ,000546,0,3017,3367
SH,603007,-4.18,3017,3838
SZ,301096,-5.46,3016,3965
SH,603577,-3.05,3008,3008
SH,688571,-2.47,3007,3007
SZ,300094,0.74,3007,3069
SZ,300908,1.42,3002,3552
SZ,301662,-3.82,3002,7810
SH,605186,-4.82,3000,3000
SZ,301499,-3.89,2997,2997
SH,688600,-1.63,2997,2997
SH,600052,-2.46,2997,2997
SZ,300798,2.93,2990,3635
SH,688358,-0.47,2990,2994
SH,600668,0.14,2989,2989
SZ,301617,-3.98,2989,7531
SZ,300242,8.28,2989,2989
SZ,002021,-2.33,2989,2989
SZ,301076,-3.06,2987,4468
SZ,300521,-4.75,2985,3023
SZ,301201,-0.6,2983,4252
SZ,001215,-2.95,2983,2991
SZ,301500,-1.42,2982,11614
SH,688053,-1.54,2980,2980
SH,600969,-2.18,2979,2979
SZ,002735,-3.23,2979,3921
SZ,300656,-9.71,2976,3831
SZ,301259,0.79,2975,4639
SZ,002175,-1.68,2975,2975
SZ,300289,-1.43,2971,2976
SZ,002724,0,2969,4035
SZ,002912,-0.96,2969,3125
SZ,920047,-3.05,2968,4520
SH,688579,-1.32,2968,2968
SZ,300062,-4.14,2961,4069
SZ,301136,-0.73,2961,2964
SZ,300927,0.72,2959,3033
SZ,002845,-3.42,2955,3868
SH,603266,-1.65,2951,2951
SH,600738,0.78,2951,2954
SZ,300683,-4.72,2950,3164
SZ,002394,2.24,2944,2949
SZ,002286,-2.32,2943,3025
SH,688399,-11.55,2936,2936
SH,688283,-4.05,2934,2934
SH,688373,-3.03,2933,2933
SZ,300385,-1.46,2930,3358
SZ,301169,-9.89,2929,2931
SH,600192,2,2929,2929
SZ,000691,-4.63,2926,4388
SZ,300135,-0.3,2921,2921
SH,600684,-0.57,2919,3783
SZ,301535,0.88,2917,7307
SH,601956,0.43,2915,2915
SH,688286,-5.23,2915,2915
SZ,301226,-4.35,2914,2914
SZ,300310,-0.46,2911,3712
SZ,000151,-0.1,2910,3316
SZ,300011,-0.86,2902,3464
SZ,300125,-3.36,2901,5353
SZ,300578,-1.74,2900,2901
SZ,300589,-1.27,2898,4668
SZ,300352,-2.15,2897,3291
SZ,300542,2.45,2894,3490
SZ,002849,-5.56,2893,2917
SZ,000530,-0.61,2893,4064
SZ,300686,-5.73,2889,2909
SZ,300225,-5.11,2889,2910
SZ,300187,-1.31,2888,2905
SH,603896,-0.4,2888,2888
SH,605566,-6.71,2888,2888
SZ,301373,-10.44,2886,7675
SZ,002282,-0.34,2884,3008
SH,603798,-4.65,2882,2882
SH,688636,-3.82,2880,2880
SZ,000798,0.13,2879,2879
SZ,300812,-4.98,2879,3173
SZ,002826,-2.55,2878,2971
SH,688084,-3.37,2875,2875
SZ,300869,-0.17,2875,4380
SZ,300608,-2.06,2873,3285
SZ,002933,-0.68,2872,2887
SZ,000931,-8.6,2869,2877
SZ,300600,-2.2,2869,2869
SZ,301028,-3.61,2867,4420
SZ,002313,-2.91,2864,2864
SZ,003029,-0.54,2863,3148
SZ,000576,-1.34,2863,2880
SZ,301270,-1.13,2863,3030
SH,600838,0.42,2862,2862
SH,603051,-1.71,2859,2859
SZ,002186,2.08,2856,2857
SH,603527,-2.16,2853,2853
SZ,001400,-5.9,2850,5179
SZ,301257,-8.19,2849,2989
SZ,300553,-11.02,2847,3715
SH,688015,0.13,2843,2843
SZ,003002,-1.01,2843,3110
SZ,301158,1.42,2843,2915
SH,688370,-1.18,2842,2842
SH,688458,-5.48,2842,3382
SZ,300522,-6.08,2842,3482
SZ,920418,0.28,2840,2941
SZ,301322,-8,2840,4211
SZ,300864,-1.1,2840,2840
SH,688162,-2.07,2839,2839
SH,600156,-4.46,2839,2839
SH,600470,-1.26,2838,2838
SZ,920725,-7.56,2831,5849
SZ,000897,0,2830,2830
SH,600712,10.06,2828,2859
SZ,002623,-0.33,2828,2834
SH,688171,-4.6,2827,2827
SZ,301193,-3.09,2825,3695
SH,603008,-2.16,2825,2825
SH,603808,1.44,2823,2823
SZ,300504,-5.54,2822,3504
SZ,000695,-2.07,2821,2948
SH,603739,-0.35,2821,2821
SH,600322,0.39,2820,2820
SH,605303,-5.91,2818,2818
SZ,002521,-1.02,2817,3764
SZ,300069,-8.33,2816,2816
SH,603278,-3.62,2816,2816
SZ,002086,-1.1,2815,3487
SZ,002996,-0.64,2810,4104
SH,603310,0,2809,5001
SH,603958,-4.04,2808,2808
SZ,002168,-2.44,2807,2807
SZ,300478,-7.93,2807,2807
SH,688682,-3.7,2805,2805
SZ,000615,0.66,2804,5416
SZ,300946,-1.32,2803,5769
SH,688163,-8.89,2802,2802
SZ,002485,-1.52,2802,2802
SH,688280,2.67,2801,3175
SH,605588,-4.74,2800,2807
SH,688530,-9.28,2800,6421
SZ,300050,-5.16,2799,2801
SZ,002587,-1.12,2797,3436
SZ,300982,-2.09,2796,2984
SZ,002846,10.04,2794,4511
SZ,300698,-2.15,2793,3157
SZ,301051,-4.91,2791,3513
SZ,301302,-3.87,2790,3128
SZ,300603,-2.35,2790,3467
SZ,300839,-3.42,2789,2838
SZ,300238,-3.66,2787,2787
SZ,300716,-0.05,2784,2784
SZ,300311,-0.18,2784,3489
SZ,002314,-0.47,2784,5632
SZ,300609,-6.17,2784,2788
SZ,002973,-3.51,2783,3580
SH,688813,-8.35,2780,14790
SZ,300266,-0.55,2780,2781
SZ,301600,-1.97,2779,9005
SZ,002542,-3.65,2779,2854
SZ,301273,-7.31,2776,3617
SH,688070,-2.96,2776,2776
SZ,000910,0.4,2774,2775
SZ,300243,-6.33,2773,3467
SZ,002667,10.05,2773,3054
SZ,002829,-7.13,2772,3944
SZ,002137,-2.09,2771,4037
SZ,300563,-2.14,2770,3982
SH,600130,-3.65,2768,2768
SH,600620,-0.48,2767,2767
SZ,002224,-0.57,2766,3094
SZ,002575,-2.46,2764,2916
SZ,300032,-2.26,2763,2763
SZ,002878,-0.42,2762,3068
SZ,000802,-5.15,2762,2763
SH,600594,-2.48,2761,2761
SH,605169,-1,2761,2761
SZ,300239,-0.84,2760,2778
SH,688175,2.24,2759,2759
SZ,000068,-0.71,2758,2758
SH,603500,-1.77,2757,2759
SZ,301066,0.68,2753,2774
SZ,002823,-1.48,2751,4128
SZ,300932,-2.92,2751,3863
SZ,300329,0.37,2748,2756
SH,603970,1.79,2747,2747
SZ,002616,-1.05,2744,4013
SZ,300511,-0.78,2741,3217
SZ,003020,-2.21,2741,3711
SH,688338,-2.08,2740,2740
SH,601112,0.6,2739,26088
SH,603518,1.27,2739,2749
SZ,000978,0.86,2739,2739
SH,605080,0,2738,2749
SH,603202,3,2738,8725
SH,600616,1.24,2736,2736
SZ,002981,-0.52,2736,3073
SH,600419,-1.8,2736,2736
SH,603949,-2.25,2733,2740
SH,603725,-8.75,2732,2732
SZ,002811,-1.01,2730,2975
SZ,300510,-3.49,2730,2730
SZ,300359,-2.7,2730,2730
SZ,300691,-2.67,2728,3325
SZ,300840,-4.46,2727,3696
SH,600265,-0.98,2726,2726
SZ,300477,-1.78,2725,2948
SZ,002722,0.49,2724,2724
SH,600136,-1.4,2720,2857
SZ,300890,-1.18,2719,2975
SZ,002148,-2.26,2719,3369
SZ,301696,-7.28,2717,36129
SH,600249,-0.19,2717,2717
SZ,301348,-3.52,2716,4202
SH,600844,-4.34,2715,3355
SZ,300234,-1.24,2714,3970
SZ,300552,-0.09,2713,4280
SH,688570,-1.29,2712,6240
SZ,003016,0.3,2712,2775
SZ,000570,-0.8,2712,3444
SZ,300237,-2.07,2711,2711
SZ,301234,-0.65,2709,4586
SZ,002278,-1.55,2709,2934
SZ,300746,-2.49,2707,2734
SH,688215,-4.61,2707,2707
SZ,300833,0.73,2707,4213
SZ,301213,-3.93,2702,4180
SH,688391,-2.62,2701,2701
SZ,300086,-0.64,2701,2790
SZ,002692,-2.07,2699,2700
SZ,301026,-1.74,2697,3734
SH,603330,-0.74,2697,2869
SZ,300877,-3.72,2694,2694
SZ,002347,-0.9,2694,2756
SZ,300818,-4.04,2693,4158
SH,600212,-0.58,2693,3570
SH,603657,-5.58,2693,2693
SZ,301439,-0.4,2692,5716
SH,600791,-4.79,2691,2695
SZ,300381,-0.34,2689,2699
SZ,301448,-4.69,2689,3967
SH,688335,-5.06,2688,2688
SZ,300858,-1,2688,3618
SZ,301237,-4.01,2687,3690
SH,605089,1.14,2687,2687
SH,600630,-0.93,2685,2685
SZ,002547,9.95,2685,2741
SH,603192,-5.3,2684,3218
SH,605500,0,2681,2681
SZ,002866,1.23,2680,4282
SH,603237,-0.83,2680,2768
SZ,301111,-5.46,2680,2680
SH,600876,0.59,2679,4371
SZ,920179,-6.92,2678,3339
SH,603903,-4.28,2678,2678
SZ,300374,0.93,2675,2676
SZ,300945,1.82,2673,2935
SH,600215,1.21,2673,2673
SZ,000529,0.21,2673,2738
SZ,001299,-1.76,2670,2966
SH,603585,2.07,2670,2715
SZ,300943,-11.77,2669,4076
SZ,002798,-2.63,2666,3032
SZ,002355,-0.91,2664,2881
SZ,300148,-0.9,2662,2757
SZ,300831,-4.37,2660,4614
SZ,300051,-0.13,2660,2693
SZ,300175,-0.17,2660,2660
SZ,000890,-4.65,2660,2660
SH,688159,-4.77,2659,2659
SZ,002689,-1.15,2659,2660
SH,601010,-1.33,2659,2659
SH,688229,-0.44,2659,2659
SZ,301568,-8.88,2655,5760
SZ,300384,0.58,2655,3847
SZ,920735,1.04,2654,3000
SH,688557,-1.48,2653,2653
SH,688687,-1.58,2653,2653
SH,688607,-7.29,2650,2944
SH,603878,-1.04,2649,2649
SZ,002259,-3.55,2648,2648
SH,603161,-6.46,2648,2698
SH,600721,-2.54,2646,2646
SZ,001369,-0.3,2645,14624
SZ,300508,-5.41,2643,3515
SH,688285,-0.56,2642,2642
SZ,300721,-5.25,2641,3147
SZ,000710,-0.86,2640,2832
SH,688152,-0.79,2639,2639
SH,600408,-2.23,2638,2638
SZ,000419,1.04,2636,2636
SH,603722,-4.96,2635,2690
SZ,301305,2.42,2634,5125
SZ,301266,-1.01,2633,2775
SZ,000812,3.26,2631,2632
SZ,002357,-1.75,2630,2630
SZ,300301,-1.76,2630,2763
SZ,301296,-0.64,2627,2627
SH,603280,-0.32,2623,2623
SZ,002923,-2.95,2622,3403
SZ,300425,-1.02,2621,2627
SH,605218,-3.59,2620,2989
SH,603955,0.68,2619,2619
SH,688081,-6.54,2618,2618
SZ,301020,-2.18,2618,2618
SZ,002404,0,2615,3215
SZ,003025,-0.16,2613,3277
SZ,002725,-4.02,2612,2685
SZ,301525,1.21,2612,4986
SZ,000609,-2.38,2611,2684
SZ,002917,-0.78,2611,3483
SH,603819,-2.11,2611,2611
SZ,002953,-3.33,2608,4557
SZ,300230,-0.47,2607,3367
SZ,002476,-1.61,2607,2607
SH,601798,-1.6,2606,2606
SH,600250,2.33,2606,2606
SZ,300550,-3.39,2605,2607
SH,688077,-1.64,2600,2600
SH,600785,-2.01,2600,2600
SH,603037,-0.5,2598,2601
SH,601007,1.06,2597,2597
SZ,002022,0,2597,2598
SH,688216,-6.93,2594,2794
SZ,300419,-8.31,2593,2593
SZ,300830,-0.89,2592,3473
SZ,000017,-1.83,2592,4052
SZ,301622,0,2588,4640
SZ,300479,0.08,2584,2585
SZ,301468,-5.11,2583,4481
SH,600735,-1.77,2582,2603
SH,603768,0.93,2582,2582
SH,600386,0.31,2580,2580
SZ,301260,-1.09,2579,6071
SZ,002663,-1.94,2578,2602
SZ,002921,-0.19,2577,2988
SZ,300389,-2.4,2574,4330
SH,688030,-1.71,2574,2574
SZ,002331,-3.02,2573,2742
SH,603006,-2.31,2573,2573
SH,603863,-3.07,2572,2572
SH,603458,-7.88,2571,2571
SZ,002054,-3.03,2569,3225
SH,600537,-3.12,2569,2569
SZ,002658,-0.27,2567,4552
SZ,002363,-0.63,2565,2572
SZ,000809,-1.57,2565,2565
SZ,002248,-0.7,2565,2565
SZ,300584,-2.97,2563,3746
SZ,300447,-1.54,2558,3966
SZ,300404,-5.38,2558,3456
SZ,002425,3.73,2558,2660
SH,603829,-2.96,2557,2557
SZ,002899,-3.61,2557,2557
SH,603066,-1.13,2556,2556
SZ,002875,-2.03,2555,2555
SZ,300810,-2,2555,2646
SZ,002795,-3.12,2554,2597
SZ,002863,-0.92,2554,2554
SH,603001,-1.39,2550,2550
SZ,300537,-4.87,2547,3477
SH,603655,-5.09,2546,2546
SZ,301190,-1.81,2546,3818
SZ,002136,-0.49,2546,2552
SH,603048,-3.01,2545,2545
SH,603637,-4.04,2544,2544
SH,605266,0.8,2544,2544
SZ,002659,2.41,2543,2543
SZ,300653,0.21,2542,2542
SZ,300141,-4.85,2541,2573
SZ,000698,-0.3,2538,2647
SZ,001324,-2.95,2538,2538
SZ,300272,0.18,2536,3339
SZ,301608,-1.61,2535,5649
SH,688511,-5.38,2535,2535
SZ,301419,-6.03,2532,3830
SZ,301218,-7.14,2531,4119
SZ,002403,0.35,2529,2899
SZ,002337,-1.14,2528,2531
SH,605033,10,2528,2528
SZ,000019,0.5,2526,6996
SH,603080,-1.7,2524,2524
SZ,300936,-11.07,2523,4001
SZ,300860,-2.11,2521,4342
SH,603107,0.26,2520,3896
SZ,000159,-0.56,2519,2519
SH,603215,-0.8,2518,2886
SH,603628,0,2518,2522
SZ,301151,-6.81,2516,2518
SZ,003015,-3.5,2515,2861
SH,603801,-2.35,2515,2515
SZ,920491,-2.2,2515,3064
SZ,301132,-4.32,2512,3927
SH,688357,0.76,2512,2512
SZ,301172,-4.09,2511,3394
SZ,002905,-1.9,2509,2702
SZ,300279,-2.64,2508,2519
SZ,002012,-1.82,2506,2506
SZ,002578,-1.35,2506,2731
SZ,300386,0.2,2505,4176
SZ,300501,-5.04,2503,2512
SZ,300095,-2.59,2503,3108
SZ,300052,0.53,2501,2501
SZ,000972,-2.4,2499,2499
SZ,002103,1.42,2496,3435
SZ,300816,-6.4,2495,3420
SZ,300449,-1.81,2494,2494
SZ,301565,0.15,2492,7788
SZ,300445,-6.73,2491,3764
SZ,300887,-1.71,2488,3749
SZ,002748,-1.61,2484,2484
SH,600405,0.5,2482,2482
SZ,002903,-7.87,2481,3645
SZ,000153,-0.36,2478,2509
SH,603586,0.4,2476,2476
SH,688265,-1.72,2475,2475
SZ,301255,-2.16,2474,2819
SZ,300749,-7.8,2473,3223
SZ,300826,-3.51,2470,2567
SZ,920068,-0.62,2468,9316
SH,600289,-5.21,2467,2751
SZ,300942,0.5,2467,2467
SZ,002072,0.15,2462,2463
SZ,300795,-0.55,2460,4226
SZ,301197,-0.87,2458,2724
SH,601996,-1.78,2455,2455
SH,603886,-0.86,2450,2450
SH,600356,3.8,2450,2702
SZ,300410,-3.6,2449,2449
SZ,300270,-9.36,2448,2840
SZ,301133,-6.92,2447,2675
SZ,300288,0.85,2445,3221
SH,600439,0,2445,2445
SH,603335,-1.03,2445,2445
SH,600257,1.4,2445,2445
SZ,301631,-4.65,2444,7176
SZ,002453,-1.69,2441,3290
SZ,300345,-5.04,2441,2953
SZ,300636,0.45,2439,2788
SH,600665,-0.69,2437,2437
SH,603030,-2.62,2436,2436
SZ,002962,-3.23,2435,3395
SH,603159,-5.22,2435,2435
SH,600858,0,2432,2444
SZ,301149,-1.1,2432,3997
SZ,301262,0.1,2432,8307
SZ,002599,-1.83,2431,3179
SH,600661,4.05,2430,2430
SH,688589,-1.41,2428,2428
SZ,002813,-0.33,2428,2431
SZ,001388,-6.32,2425,4530
SZ,300321,-9.49,2424,2427
SZ,002391,1.36,2423,3391
SH,688255,-4.78,2422,2422
SZ,000504,-3.4,2422,2429
SH,600671,-3.77,2421,2421
SZ,300591,-3.49,2418,2799
SZ,000014,0,2418,2418
SZ,000707,0.23,2418,2567
SH,600573,0,2418,2418
SH,600538,-1.49,2417,2417
SZ,300577,-0.34,2414,4072
SH,603017,-1.46,2414,2414
SH,600358,-1.23,2414,5560
SH,688292,-2.42,2413,2413
SH,688314,-1.85,2412,2412
SH,603633,-2.41,2411,2411
SZ,000565,-0.53,2411,2411
SH,688080,-1.38,2405,2405
SZ,000545,-1.6,2404,2408
SH,603076,1.89,2404,2404
SH,605155,-0.15,2403,2450
SH,603828,-0.97,2402,2402
SZ,002712,1.6,2402,2417
SZ,920571,0.87,2401,4504
SZ,300889,-3.63,2400,3612
SH,688137,-1.23,2400,2400
SZ,002869,-2.8,2399,2694
SH,603059,-1.64,2399,2403
SZ,001376,-1.4,2397,5162
SH,603677,-1.96,2396,2396
SH,688129,-0.19,2394,2394
SZ,301202,-4.29,2390,4095
SZ,300452,-0.4,2390,2821
SZ,300998,-2.67,2389,3044
SZ,002330,0,2388,2389
SZ,002172,-1.26,2387,2389
SZ,300978,-0.35,2386,3513
SZ,920019,1.5,2386,2994
SH,600624,-2.22,2385,2385
SZ,300631,-0.7,2383,2451
SZ,300162,-3.99,2381,2920
SZ,301082,-1.01,2381,2568
SH,603136,0.57,2380,2380
SZ,301068,-5.34,2379,3351
SZ,300250,-0.06,2377,3228
SZ,002593,-0.46,2377,3408
SZ,301042,-2.56,2375,2491
SZ,000892,-4.83,2374,3276
SZ,300092,0.35,2374,3098
SH,603036,-3.51,2371,2371
SZ,000838,-0.87,2371,2476
SZ,002952,-3.53,2367,2955
SZ,300365,-1.27,2364,2771
SH,688765,-5.22,2361,11730
SZ,001219,-0.07,2358,2418
SZ,301081,-1.4,2357,2454
SH,603086,2.07,2357,2357
SH,603617,-2.71,2355,2374
SZ,300690,-0.65,2354,3489
SZ,001256,-3.07,2352,3137
SH,603602,-0.58,2348,2348
SZ,002098,-0.14,2345,2345
SZ,301665,0.94,2345,10130
SZ,300948,-6.43,2344,2484
SZ,002431,-1.51,2343,2343
SZ,002855,-0.3,2342,2343
SZ,301380,-3.85,2335,2932
SH,688468,-0.16,2334,2334
SZ,002682,-0.94,2334,2334
SZ,000430,0.16,2331,5093
SZ,300485,-3.29,2330,4099
SZ,000790,-0.26,2329,2333
SZ,002661,3.85,2329,2445
SH,688056,-3.24,2327,2327
SZ,002853,-6.9,2324,3303
SZ,301181,-2.35,2324,2977
SZ,003007,-3.25,2324,3828
SZ,001229,-9.99,2322,4517
SH,600613,-0.81,2320,2585
SZ,002398,-0.76,2315,2657
SZ,300163,-1.16,2315,2403
SH,603289,-1.12,2315,2315
SZ,300993,-0.09,2315,2949
SZ,301658,1.71,2313,9790
SZ,002868,-3.05,2312,3345
SZ,002574,0,2307,2307
SZ,920002,3.19,2306,3294
SH,603193,1,2303,9018
SZ,002184,-0.41,2303,3371
SH,603042,-3.74,2303,2303
SZ,301222,-5.63,2303,3031
SZ,300796,0.31,2300,2300
SZ,301025,0.12,2300,3323
SZ,002816,-1.28,2300,2300
SZ,920402,-3.76,2298,3554
SH,605199,1.77,2297,2297
SZ,000554,0.79,2296,3051
SH,603189,-1.95,2294,2294
SZ,301669,-6.4,2294,13445
SZ,301397,-4.13,2291,5010
SZ,000715,-0.41,2291,2545
SZ,300829,3.18,2288,3318
SZ,300647,-2.14,2288,2291
SH,603320,-3.88,2285,2285
SZ,300730,-3.06,2285,2665
SZ,002983,-2.83,2284,3976
SZ,001282,-0.98,2283,3322
SZ,301393,-8.48,2283,5608
SZ,300366,-1.14,2281,2613
SH,688455,-3.13,2280,2280
SZ,000669,-1.75,2279,2279
SZ,003032,10.03,2279,3224
SZ,002576,-0.2,2276,2320
SZ,300172,-1.13,2275,2944
SZ,001333,-0.99,2272,2272
SH,688529,-0.29,2270,2270
SZ,002343,-0.41,2269,2269
SH,603331,-3.1,2268,2268
SZ,300269,-3.14,2266,2357
SZ,001210,-3.52,2263,3723
SH,603838,-1.25,2263,2263
SZ,002388,-9.5,2262,2283
SH,600463,-0.39,2262,2262
SH,603917,-2.79,2261,2261
SH,600187,-2.77,2259,2259
SZ,301221,-1.66,2259,3322
SZ,000055,-1.75,2257,3587
SZ,002932,-1.35,2257,3362
SH,688560,1.17,2257,2257
SZ,920190,-6.5,2256,2269
SH,603895,-4.65,2256,2256
SZ,300952,-4.46,2254,3665
SH,603332,-0.37,2252,2252
SZ,002879,-8.41,2252,3171
SZ,300898,-5.12,2251,2433
SZ,002729,-2.72,2251,2348
SZ,300667,-3.04,2251,2668
SH,603909,0.58,2250,2250
SZ,300340,-0.23,2248,2265
SH,688500,-2.62,2248,2279
SZ,002700,-2.65,2247,2271
SZ,300354,-2.97,2247,3823
SZ,001201,-0.97,2246,2874
SZ,301059,-0.54,2245,2513
SZ,300460,-1.83,2244,2244
SZ,001205,1.58,2243,2532
SZ,300173,-1.28,2241,2241
SH,603779,-2.02,2238,2238
SZ,300585,1.95,2238,2238
SH,603797,-0.76,2237,2237
SH,603180,0.55,2237,2237
SZ,002496,-1.04,2233,2849
SH,600793,-2.92,2231,2231
SZ,300988,-4.3,2229,2708
SH,688246,-2.4,2229,2229
SZ,301281,-3.52,2228,3400
SH,603787,0.41,2228,2228
SZ,000635,-1.13,2227,2392
SZ,300334,-3.52,2226,2226
SH,603700,-0.08,2226,2226
SZ,301337,-2.84,2224,2274
SH,600359,0.17,2220,2220
SZ,002976,-3.79,2219,3548
SZ,301283,-0.97,2218,2822
SH,601083,0.97,2217,14779
SZ,301122,-5.67,2210,3572
SZ,000573,-3.05,2209,2228
SZ,000826,1.31,2209,2209
SZ,002069,0,2209,2212
SZ,300920,-4.58,2208,3324
SZ,301588,-9.15,2204,3572
SH,600854,-0.69,2203,2203
SZ,300965,-1.73,2202,2442
SZ,300281,-1.41,2201,2321
SZ,300891,-1.04,2201,2640
SZ,300536,-4.81,2200,2200
SH,603818,-0.61,2197,2197
SH,688367,-0.27,2196,2196
SH,688619,-1.98,2194,2194
SZ,300264,-4.04,2193,2551
SZ,300805,-2.18,2191,3226
SZ,301027,-4.53,2190,2656
SZ,300582,-3.32,2189,2950
SH,603557,-6.64,2188,2188
SZ,301108,-1.59,2187,3797
SH,600182,-0.38,2186,4372
SZ,002084,-1.44,2185,2190
SZ,002871,-6.39,2184,3685
SZ,002852,0.66,2184,2628
SH,603096,0.5,2182,2182
SH,605151,-1.93,2181,2181
SZ,301185,-0.5,2180,2412
SZ,300987,-0.07,2179,2179
SH,603307,0.76,2179,2214
SZ,300562,-2.46,2173,2846
SH,603488,-1.71,2172,2172
SH,603188,-3.04,2172,2172
SH,688479,-3.49,2171,5051
SZ,300701,-1.47,2167,2416
SZ,301092,-6.93,2165,4780
SZ,300422,-0.94,2165,2237
SZ,002377,-2.74,2164,2272
SZ,300275,-0.61,2164,2455
SH,688201,0.15,2163,2163
SZ,300411,-0.56,2161,2842
SZ,002991,1.98,2159,4031
SZ,300025,-0.69,2158,2167
SZ,002397,-2.62,2157,2490
SZ,301195,-0.84,2152,3241
SH,600319,1.65,2148,2148
SZ,920261,2.21,2147,3901
SH,600831,0.33,2147,2147
SZ,300107,-0.79,2147,3478
SZ,300771,0.18,2144,2722
SZ,002763,0.28,2144,2894
SZ,300583,-0.77,2141,2182
SZ,300546,-1.91,2140,2976
SH,603378,-2.53,2139,2139
SZ,001228,0.19,2137,2779
SZ,002861,-1.78,2137,2651
SZ,301106,-2.79,2136,2136
SH,603021,-2.62,2134,2134
SH,600423,-0.73,2133,2133
SZ,300235,-0.56,2127,2636
SZ,000548,0.95,2127,2127
SZ,300703,1.67,2127,2307
SZ,001367,-2.61,2126,2663
SZ,002058,-4.18,2125,2130
SZ,300512,-0.45,2125,2685
SH,688581,-0.7,2125,4166
SZ,300991,-5.09,2124,3319
SZ,301002,-6.53,2124,3372
SZ,001223,-3.48,2123,3973
SH,688310,-4.5,2121,2121
SZ,002908,0,2121,2843
SZ,300205,-1.98,2120,2120
SH,600833,-0.83,2119,2119
SZ,301088,-0.52,2117,2566
SZ,301531,-5.73,2117,9921
SH,603536,3.04,2117,2133
SH,688623,-2.99,2117,5096
SZ,300800,0.33,2116,2138
SH,600753,-8.1,2114,2114
SZ,001368,-1.99,2114,2213
SH,603117,0.28,2109,2109
SZ,301046,-6.79,2107,2728
SZ,002806,-5.68,2105,2569
SZ,000752,-0.36,2105,2105
SH,605003,-2.74,2102,2102
SZ,301356,-6.32,2101,3581
SZ,301043,-3.16,2100,2517
SZ,300426,-0.93,2100,2365
SZ,001390,-0.22,2098,3532
SH,603755,0.38,2097,2097
SH,600965,-0.77,2096,2096
SZ,301279,-3.42,2096,2707
SZ,300732,-0.87,2095,2097
SZ,300921,-4,2095,3322
SH,688244,-0.56,2094,2094
SZ,300198,-1.44,2093,2104
SH,603102,0.06,2093,2093
SZ,300464,-2.63,2092,2752
SH,688369,4.01,2091,2091
SZ,300658,-3.46,2089,3148
SZ,002420,-1.7,2088,2122
SZ,301011,-0.41,2086,2196
SH,603091,1.41,2086,6782
SZ,002732,1.84,2084,2094
SH,600281,-0.24,2083,2083
SZ,002775,-6.52,2079,2310
SH,600533,-0.49,2079,2079
SZ,002234,-0.13,2077,2404
SZ,002114,-0.92,2076,2076
SZ,301563,-4.77,2075,9180
SH,603172,-0.63,2074,2074
SH,688693,-7.71,2074,3927
SZ,300956,-2.08,2071,2120
SH,688113,-2.22,2065,2065
SZ,301592,-5.46,2065,6187
SZ,920971,-4.2,2065,2505
SH,603373,-3.38,2065,4886
SZ,301258,-7.09,2064,2124
SZ,301332,-0.12,2063,3596
SZ,003023,-0.9,2062,2067
SZ,002890,-4.76,2062,2169
SZ,301019,-1.45,2061,2811
SZ,002492,-1.88,2061,2098
SZ,002614,0,2061,2913
SH,603937,-2.85,2060,2060
SZ,920344,-1.3,2058,2205
SH,600232,-1.9,2057,2057
SH,603381,0.35,2054,3428
SZ,300103,-1.21,2053,2055
SZ,001393,-0.66,2053,10654
SH,605258,-3.75,2052,2052
SH,603407,-9.02,2052,23306
SZ,301118,0.1,2052,2133
SH,688501,-2.53,2051,2051
SH,603578,-1.12,2049,2659
SZ,300752,-4.76,2049,2964
SZ,301040,-2.77,2049,2171
SZ,300694,-4.25,2049,2051
SH,603151,0.25,2049,2049
SH,603238,0.09,2048,2048
SH,688197,-5.59,2048,4759
SZ,002329,-4.55,2046,2614
SH,600148,0.7,2045,2045
SH,603721,-2.17,2044,2044
SZ,002887,-2.99,2040,2873
SZ,301251,-7.82,2039,5086
SH,603377,-1.04,2038,2038
SH,688648,-1.93,2036,3982
SZ,002723,-3.45,2035,2134
SZ,300612,-0.79,2035,2046
SZ,300940,-2.19,2035,2877
SH,603079,0.19,2034,2034
SZ,301220,-1.87,2031,2942
SZ,000955,-2.32,2029,2030
SZ,300375,-1.54,2024,2904
SZ,300884,-1.3,2023,2683
SZ,001365,-2.86,2023,18470
SH,600302,-6.1,2021,2021
SZ,300575,7.17,2019,2790
SZ,002671,-0.26,2018,2055
SZ,300484,-1.61,2018,2513
SH,600241,-3.79,2013,2013
SZ,920017,0.12,2010,2032
SZ,002825,-0.37,2009,2677
SZ,002319,-5.61,2007,2007
SZ,920208,0.73,2006,2317
SH,688316,-3.83,2005,2005
SH,688737,-2.83,2004,2004
SH,605001,-0.96,2004,2004
SZ,300778,0.1,2003,2004
SZ,301125,-4.11,2002,2259
SZ,300947,1.45,2002,2003
SZ,003001,-9.92,2001,3055
SH,603959,-3.31,2000,2000
SZ,300387,0.58,2000,2000
SH,603183,-3.36,1999,1999
SZ,002864,-1.83,1999,2771
SZ,301331,-3.51,1996,2001
SZ,301178,-5.98,1996,2706
SZ,002767,-3.39,1995,2298
SZ,002836,-0.68,1993,1993
SH,688597,-1.81,1993,1993
SZ,002666,0.76,1993,3136
SZ,002076,-1.03,1991,2118
SH,600540,-1.15,1988,1988
SZ,002799,-0.63,1987,1987
SZ,002771,-2.81,1986,2387
SZ,301317,-10.88,1986,5980
SZ,300922,0.25,1985,2530
SH,603321,-1.36,1985,2010
SH,600381,0,1984,1984
SZ,300808,-5.65,1983,2669
SZ,002998,-0.4,1983,2601
SZ,300753,-4.4,1981,2841
SH,688066,-3.33,1980,1980
SZ,300335,-3.19,1978,2457
SZ,300565,-2.47,1976,2162
SZ,300719,-1.95,1976,2796
SH,603089,-0.47,1975,2269
SZ,920060,-1.97,1975,3167
SZ,301371,-0.38,1974,13200
SH,688178,-6.02,1973,1973
SH,603329,0.74,1971,2388
SZ,002679,-0.23,1971,1971
SH,688517,-1.76,1970,1970
SZ,001332,-2.06,1968,4531
SZ,002295,-2.11,1968,1970
SH,603262,-2.92,1968,7544
SZ,300960,-1.31,1966,2168
SH,603023,-2.48,1965,1965
SZ,301225,-9.28,1964,6432
SZ,000586,-3.1,1964,1987
SZ,002848,-3.1,1960,1981
SZ,300931,-8.15,1959,2437
SZ,301079,-3.48,1959,2761
SZ,300295,2.81,1959,2217
SH,603375,-5.65,1957,3088
SZ,301387,-7.35,1951,4907
SH,603968,-0.09,1951,1951
SZ,000679,-2.66,1950,1950
SZ,301072,-9.08,1948,3047
SH,603326,-0.8,1947,1947
SZ,301290,-4.41,1946,2450
SZ,002633,-2.83,1946,1953
SZ,002857,-2.44,1944,1975
SZ,000953,-1.29,1944,1944
SZ,300849,-2.1,1943,2643
SZ,301677,169.86,1943,9062
SZ,300786,-4.93,1943,2442
SZ,000692,-2.92,1940,1940
SZ,000757,-1.08,1939,1939
SZ,920978,0.79,1937,3455
SZ,300774,-1.75,1937,3879
SZ,002893,0.1,1937,2518
SZ,000605,-0.89,1936,1936
SZ,920111,-0.38,1935,3987
SZ,300165,-4.55,1934,2279
SH,600371,0.92,1931,1931
SZ,300350,-0.72,1929,2299
SZ,002918,-4.15,1926,3675
SZ,300970,-1.43,1925,2495
SZ,300211,0.31,1925,1960
SH,600615,-0.92,1919,1922
SH,605069,-6.01,1918,1918
SZ,000590,-0.86,1917,1918
SH,603176,-0.94,1917,1972
SZ,300097,-6.82,1914,2046
SH,600491,0.81,1912,1912
SZ,300513,-1.33,1910,2086
SZ,300597,0.14,1910,1919
SH,600128,0.91,1910,1948
SZ,002133,-0.79,1909,1920
SH,600159,-1.28,1909,1909
SH,600287,-0.45,1909,1909
SZ,300240,-0.93,1908,1951
SZ,300853,-5.26,1907,2851
SZ,920879,1.85,1906,2547
SH,600097,-0.87,1906,1906
SH,603900,0,1906,1907
SH,600807,-0.81,1905,2141
SH,600706,3.31,1903,1910
SZ,002253,1.57,1902,2044
SZ,002687,-7.06,1902,2322
SH,688132,0.48,1900,1900
SZ,002615,-2.02,1897,3516
SH,603182,0,1897,1897
SH,600802,-0.95,1897,1897
SZ,002999,0.18,1896,1919
SZ,300013,-2.57,1896,1898
SZ,002105,-0.94,1895,1904
SZ,920914,4.34,1892,1894
SH,603168,-1.16,1892,1901
SZ,300710,-4.47,1891,2523
SH,688355,-2.3,1890,1890
SH,600774,0.47,1890,1891
SZ,920247,-0.64,1888,2603
SZ,300912,-3.72,1887,2500
SZ,300807,1.99,1886,2471
SH,603982,-0.35,1885,2026
SZ,000020,0.29,1882,2942
SZ,301528,-8.3,1879,3646
SZ,000995,4.33,1879,1879
SH,688613,-1.5,1877,1877
SZ,000633,-1.41,1875,1875
SZ,300844,-0.42,1875,1945
SZ,300074,-1.15,1875,1877
SZ,300980,-5.17,1873,2630
SZ,301103,-0.12,1872,2432
SZ,000952,-1.44,1868,1868
SZ,301335,2.77,1867,2699
SZ,002995,1.03,1866,2946
SH,688203,-0.42,1865,1865
SH,603356,-1.54,1860,1860
SH,688013,0.09,1859,1859
SZ,301299,0.75,1859,2519
SH,688038,-7.36,1858,1858
SH,688251,-2.46,1857,1870
SH,605180,-0.53,1852,1852
SH,600444,0,1852,1852
SZ,920189,-5.94,1852,3086
SZ,000909,-3.41,1852,1852
SZ,002900,-2.62,1851,3635
SH,688060,-2.22,1845,1845
SZ,300649,-9.37,1845,2303
SZ,001259,-7.24,1844,2855
SH,600238,0,1843,1856
SH,688721,-5.11,1842,4598
SZ,300106,-5.93,1841,1841
SH,688755,-0.77,1839,2633
SZ,300659,1.15,1838,2528
SH,603616,-2.84,1837,1851
SH,600107,-3.4,1836,1836
SZ,300423,-0.71,1836,2741
SZ,002656,-1.83,1833,1902
SH,603208,-0.75,1833,1833
SH,600678,-3.13,1832,1832
SZ,002622,-1.79,1831,1831
SZ,001230,-3.75,1828,3121
SZ,920961,-4.91,1827,2511
SH,688426,1.81,1826,1830
SZ,301052,-1.46,1825,2252
SH,603418,0.68,1825,8516
SH,600892,-0.9,1823,1824
SH,600235,-0.18,1823,1823
SZ,002598,-0.62,1822,1985
SZ,001237,-1.07,1822,7756
SZ,002486,-1.32,1821,1830
SH,688272,-3.77,1821,1821
SZ,000985,-1.46,1819,1819
SZ,002524,-1.38,1818,1835
SH,600303,1.52,1816,1832
SZ,002742,-0.28,1813,2367
SZ,300412,-0.76,1811,1926
SZ,300897,-3,1811,2900
SZ,000705,-0.61,1810,2145
SH,603041,-0.59,1809,1809
SH,603282,-1.16,1809,1809
SZ,002159,1.79,1808,2316
SZ,301428,-2.58,1807,2560
SZ,300150,-0.76,1799,2270
SH,603718,-1.76,1798,1806
SH,603810,-0.63,1797,1797
SH,603325,-0.82,1797,4205
SH,600099,0.61,1795,1795
SZ,920339,-0.16,1794,2614
SH,603922,-0.98,1794,1794
SH,600051,-0.85,1794,1794
SH,605336,-2.48,1794,1794
SZ,002569,-9.97,1794,1845
SZ,300967,-1.57,1793,2695
SH,603506,0.42,1793,1793
SZ,300817,-1.98,1792,3124
SZ,300906,-2.35,1792,1984
SZ,300437,-0.47,1791,2528
SZ,002873,-2.09,1790,1823
SZ,301117,-5.44,1790,2794
SH,688156,-4.3,1790,1790
SH,603880,-2.82,1789,1789
SZ,920405,-1.17,1786,2293
SZ,002968,-0.82,1783,1894
SZ,300881,-2.29,1782,3414
SZ,300902,-0.41,1781,2594
SZ,002205,-0.72,1780,1780
SZ,301161,-5.21,1779,2766
SZ,300989,9.42,1779,2299
SH,688811,-5.52,1778,9682
SZ,002753,-0.16,1778,2576
SH,600080,-1.23,1777,1777
SH,688096,-2.05,1774,1774
SH,600768,-1.55,1772,1772
SZ,001234,0.41,1772,2103
SZ,002652,-3.61,1772,1772
SH,688616,0.71,1770,1770
SZ,002634,-0.73,1769,1837
SZ,002909,-1.26,1769,1814
SZ,002800,-2.28,1768,1821
SH,603825,-1.4,1766,1766
SZ,001356,-1.06,1763,4909
SZ,002551,-1.02,1760,2435
SH,603214,-0.62,1758,1758
SZ,001260,-1.15,1757,1757
SZ,300743,0.07,1756,2084
SZ,300883,0,1753,1834
SZ,001255,-1.55,1752,1973
SZ,300396,0,1751,1753
SH,603028,-1.43,1751,1768
SZ,301309,0,1748,2901
SZ,301077,-2.5,1748,3114
SZ,920125,-9.53,1747,5954
SZ,001360,-2.17,1747,2840
SH,688004,3.56,1747,1747
SH,688193,0.88,1746,1746
SZ,300665,-2.9,1744,1836
SZ,002820,-0.22,1744,1744
SZ,002817,-0.16,1743,1798
SZ,300941,0.57,1743,2883
SZ,300076,-1.43,1743,1743
SZ,301318,-2.39,1742,2530
SH,603400,1.87,1740,6234
SZ,300644,-1.74,1738,2180
SZ,301599,-3.75,1737,13708
SH,600202,-0.87,1737,1737
SZ,300916,-2.92,1735,2686
SH,605122,-1.56,1734,1734
SZ,002630,-1.82,1733,1901
SH,688118,-0.1,1732,1732
SZ,002762,0,1729,2896
SH,688420,-1.15,1729,1729
SZ,300675,-0.41,1728,1728
SZ,300650,-2.77,1727,2448
SZ,001366,0.09,1726,1726
SH,605177,-1.1,1722,1738
SZ,002778,-3.85,1721,1739
SH,603177,-1.85,1719,1719
SZ,002717,-0.98,1719,1820
SZ,301180,-3.76,1719,4188
SH,600165,-2.08,1715,3781
SH,603092,1.49,1715,19840
SH,688026,0.16,1715,1715
SZ,001211,-2.54,1711,1833
SZ,300254,-2.07,1710,1934
SH,603285,-9.43,1709,4389
SZ,002715,-3.73,1704,1704
SZ,002760,-2.16,1704,1704
SH,688716,-3.86,1703,2964
SZ,003030,-1.35,1702,2623
SZ,002856,-5.96,1699,1855
SZ,002696,-1.73,1698,1756
SH,603029,-0.06,1696,1696
SZ,301024,-5.48,1696,1752
SZ,301585,-1.69,1696,2590
SH,688189,-4.89,1694,1694
SZ,300599,-4.55,1694,3227
SZ,003017,-1.49,1692,2051
SH,688395,-1.55,1690,1690
SH,600847,-3.32,1689,1689
SZ,300651,-1.56,1689,2307
SZ,001266,-5.46,1689,3010
SZ,920510,-10.98,1688,3308
SZ,300645,1.77,1684,1718
SZ,001285,0.89,1684,7313
SZ,920476,-0.32,1682,1777
SZ,300169,3.53,1681,1891
SZ,301596,-5.14,1680,4139
SH,601026,-0.12,1679,9964
SH,688092,-1.11,1678,1678
SZ,300929,-1.32,1677,1768
SZ,300081,-0.71,1675,1675
SZ,000639,-0.63,1673,1673
SZ,000056,-2.62,1672,2188
SZ,002535,-0.87,1672,1796
SZ,001206,-4.45,1670,2890
SH,605567,0.85,1668,1668
SZ,002209,-0.93,1667,2160
SH,603402,1.53,1666,6665
SZ,000856,-0.26,1666,1666
SZ,003038,0.3,1663,2471
SZ,001233,1.57,1660,8187
SZ,002780,-0.3,1658,2098
SH,688051,0.05,1657,1657
SZ,301198,-2.57,1657,1725
SZ,301056,-0.83,1656,2510
SZ,301010,-0.83,1651,1651
SH,600272,-0.85,1651,2711
SZ,002862,-0.3,1651,2176
SH,603709,-1.92,1651,1657
SH,600082,-2.61,1649,1680
SZ,300966,-4.09,1649,2480
SZ,002381,-0.18,1649,2107
SH,688657,-0.92,1648,2634
SZ,002877,-0.57,1648,2438
SH,688670,-1.61,1647,1647
SZ,002529,-1.39,1646,1646
SZ,000911,-1.9,1645,1645
SZ,300717,-4.21,1643,1658
SZ,301138,-2.63,1641,2872
SZ,301062,-0.33,1638,2578
SH,600448,0.78,1631,1631
SZ,300787,2.34,1631,2601
SZ,301556,0.24,1631,4719
SZ,300472,5.09,1626,1819
SZ,920839,3.32,1622,2940
SZ,002198,0,1619,1619
SH,600137,1.28,1617,1617
SZ,920088,7.52,1616,4371
SH,688288,-1.33,1616,1616
SZ,920106,3.35,1615,2094
SZ,300642,-2,1614,1902
SZ,300707,0.09,1610,1954
SH,600180,-2.62,1608,1608
SZ,002858,0.18,1607,2035
SZ,301557,-7.9,1603,3999
SZ,300854,4.69,1603,1966
SH,603908,0.64,1602,1602
SZ,002211,-6.56,1600,1600
SZ,301057,1.39,1599,2309
SZ,301041,-4.61,1598,2159
SH,600883,-0.43,1598,1598
SZ,300992,-6.04,1598,1953
SZ,300305,-1.96,1598,1866
SH,688393,-0.75,1594,1594
SH,603860,-0.41,1594,1594
SZ,300556,-0.94,1592,1783
SZ,000619,0.91,1591,1950
SH,600119,-0.22,1585,1585
SZ,300971,-2.21,1582,2017
SZ,001222,-0.2,1582,2672
SZ,920892,0.77,1579,1784
SH,603255,4.3,1576,3497
SZ,300876,-3.46,1576,2113
SZ,920021,0.79,1574,1965
SZ,300245,-0.73,1574,1635
SH,603312,0.82,1573,4944
SH,688296,0.21,1572,1572
SH,603231,1.16,1572,2832
SH,600778,-0.58,1572,1573
SH,688681,-2.08,1571,1571
SZ,003027,-2.02,1571,1958
SZ,002592,-1.31,1566,1689
SZ,002802,0.1,1566,1896
SH,603022,-0.5,1562,1562
SZ,301667,20,1562,7350
SZ,301586,-0.66,1561,2449
SZ,920015,-7.53,1560,5287
SZ,300950,2.12,1559,2443
SZ,920509,-3.02,1559,2975
SZ,300538,-2.78,1558,2343
SH,603717,0,1558,1558
SH,600697,0.91,1557,1594
SZ,002972,-8.11,1554,2839
SH,603120,-2.49,1552,3702
SZ,301141,-1.66,1550,4319
SZ,301063,-0.73,1548,1672
SZ,300462,-2.17,1547,2031
SZ,301361,-2.17,1545,3191
SZ,001268,-5.03,1545,2469
SZ,002360,-2.46,1543,1904
SZ,920178,-10.27,1540,5273
SZ,300195,-1.79,1538,2076
SH,688058,2.27,1537,1537
SH,603082,3.02,1537,6313
SZ,301520,-9.26,1537,4379
SZ,002743,-2.21,1534,1536
SZ,003005,-1.3,1534,2795
SZ,920087,0.65,1534,1545
SH,688078,0,1531,1531
SZ,000663,-0.98,1525,1677
SZ,920174,-0.06,1525,5928
SH,688435,0.85,1523,2269
SZ,002629,-1.63,1521,1790
SZ,300610,0.44,1518,1945
SH,688509,-1.49,1516,3034
SZ,003042,0.33,1512,1747
SH,600796,0,1511,4203
SH,603395,0.13,1510,6040
SZ,301538,-3.57,1509,3789
SZ,002495,-0.45,1506,2030
SH,603789,-3.65,1505,1536
SH,688466,0,1501,1501
SZ,301121,-4.84,1500,2930
SH,603257,-3.67,1500,7228
SZ,002566,-0.91,1500,2141
SZ,301065,0.12,1498,1841
SZ,300313,-2.93,1498,1820
SZ,301680,1.39,1497,7379
SZ,000929,0.37,1495,1495
SZ,300519,-3.38,1495,2096
SZ,301509,-3.83,1491,3164
SZ,000632,0.63,1490,1490
SZ,300616,-2.03,1489,2153
SZ,001209,-0.7,1489,2037
SZ,301135,-1.33,1486,1910
SZ,003028,-0.93,1485,3027
SZ,300614,-1.06,1484,1484
SZ,301032,-1.48,1484,2238
SZ,002982,-0.69,1482,2314
SZ,002949,-0.19,1481,1911
SZ,300937,-3.91,1478,2179
SZ,301360,-5.18,1474,3020
SH,600689,-0.2,1473,1946
SZ,300961,-1.61,1472,1718
SZ,301456,-1.37,1470,3261
SZ,300220,-0.5,1468,1470
SZ,920026,-2.02,1467,1945
SZ,002835,-0.51,1465,2526
SZ,301336,-2.25,1461,1888
SH,600493,-1.82,1461,1461
SZ,920010,1.2,1459,1972
SZ,002963,-8.19,1459,1783
SZ,301022,-0.54,1458,2159
SZ,301231,-6.3,1458,1880
SZ,301152,-1.71,1456,2435
SZ,301383,-2.13,1455,3364
SZ,300625,-0.1,1455,2508
SZ,301587,-3.69,1453,2914
SZ,301159,-2.17,1449,2114
SZ,301548,-7.64,1447,4800
SH,600561,-0.38,1445,1445
SZ,301595,-3.09,1445,3831
SZ,002227,-2.16,1444,1455
SZ,301618,-2.65,1444,3787
SH,600692,0.71,1443,1991
SZ,002790,-0.35,1439,2307
SH,688565,-3.7,1439,1439
SZ,300306,-0.32,1437,2453
SZ,002207,-2.64,1437,1444
SZ,001395,-2.15,1437,3134
SZ,300935,1.93,1434,1890
SZ,300554,-1.89,1432,2068
SZ,301229,-0.71,1430,2010
SH,603272,-8.63,1425,1425
SZ,001202,-1.21,1422,2029
SZ,300514,-0.22,1420,1772
SZ,301581,-3.8,1419,2685
SZ,000677,-1.79,1417,1417
SZ,301683,3.67,1416,6266
SZ,300500,-0.7,1416,1470
SZ,920751,3.15,1415,1479
SH,603275,-1.69,1413,5063
SH,600243,-1.52,1409,1409
SZ,002977,-1.94,1408,2537
SZ,002910,-3.63,1404,1605
SZ,301067,-7.98,1404,2138
SZ,301558,-0.15,1402,5041
SZ,300892,-7.11,1398,2165
SZ,002694,-2.01,1394,1480
SZ,301390,0.42,1392,1703
SH,688793,-0.23,1391,1391
SH,600818,-1.34,1390,1877
SZ,301636,-1.78,1389,2379
SZ,301036,-0.39,1388,1971
SZ,300314,-0.4,1384,2773
SZ,300268,-2.81,1381,1799
SH,688528,0,1381,1381
SZ,301107,-4.21,1380,2387
SZ,301166,-1.17,1375,2100
SZ,301633,-1.72,1374,2999
SZ,002316,-1.46,1373,1584
SZ,002789,-2.44,1369,1397
SZ,301508,0.34,1369,5261
SZ,002620,-2.92,1362,1627
SZ,300813,-1.58,1362,2171
SZ,301023,-3.83,1359,2451
SZ,002144,-0.09,1357,1743
SZ,002306,-2.33,1357,1453
SZ,301518,-0.12,1357,3360
SH,688021,-2.14,1356,1356
SZ,300977,-2.32,1354,2174
SZ,920953,6,1353,2895
SZ,300845,-2.38,1352,1933
SZ,300621,1.52,1351,1388
SZ,001378,-2.13,1350,2775
SZ,301687,-4.08,1350,6364
SZ,002247,-1.41,1345,1778
SZ,301505,-1.53,1340,1682
SZ,301320,-1.67,1340,2135
SZ,002581,-3.46,1339,2204
SH,600476,-1.88,1338,1338
SZ,300789,-5.25,1338,2256
SZ,301303,-3.03,1337,5347
SZ,002513,-1.48,1335,1735
SH,600455,-0.13,1334,1334
SZ,001358,-2.99,1334,3224
SH,603062,0.78,1334,3886
SZ,003008,-0.4,1334,1785
SZ,301560,-2.49,1334,2656
SH,688067,1.24,1333,1333
SZ,301210,-1.31,1331,3486
SZ,001387,-0.51,1330,2090
SZ,301278,0.7,1330,2322
SZ,920837,2.42,1330,1485
SH,688022,-0.12,1328,1328
SZ,301129,-1.44,1326,2670
SZ,301203,-3.41,1326,2419
SZ,301167,0.08,1326,1404
SZ,920701,1.85,1322,1810
SH,688781,-6.17,1321,32360
SH,603248,0.27,1319,8487
SZ,301555,-4.26,1313,2505
SZ,301507,-0.66,1312,4250
SZ,000702,0.61,1312,1705
SZ,000010,-1.31,1310,1724
SZ,301098,-4.09,1308,1569
SZ,301512,-3.16,1308,2005
SZ,301009,1.17,1306,2352
SZ,300371,-0.52,1306,1877
SZ,301100,-3.91,1306,2962
SZ,301130,-3.06,1306,1693
SZ,000637,-0.27,1305,1861
SZ,003011,-1.78,1304,1742
SZ,920682,0.53,1296,2235
SZ,920238,-7.99,1294,6352
SZ,001296,-1.29,1292,2507
SH,688329,-1.12,1288,1288
SZ,300605,12.74,1287,1681
SZ,301355,-0.75,1284,1793
SZ,300640,-1.52,1283,1807
SZ,300549,-1.08,1282,1692
SH,688450,-4.96,1281,1728
SZ,301601,1.81,1281,2130
SZ,002883,-1.87,1280,1304
SZ,300155,-0.5,1278,2178
SZ,300928,-0.33,1274,1902
SH,688805,-3.04,1271,6353
SZ,001226,-6.2,1271,2796
SZ,301276,-2.66,1267,2272
SZ,002809,-1.45,1263,1785
SZ,002200,-1.06,1262,2910
SZ,920857,-0.86,1262,1262
SZ,002591,-2.08,1256,1687
SZ,920523,1.38,1252,1565
SH,603293,0.62,1249,6372
SZ,002494,-0.45,1247,1641
SZ,002691,-0.79,1246,1261
SZ,920533,-0.34,1245,2225
SZ,920790,1.88,1240,1802
SZ,001239,-1.44,1240,2611
SZ,300564,-2.83,1237,1763
SZ,920274,1.27,1232,1232
SZ,920119,1.98,1229,4670
SH,603352,10,1227,6134
SZ,300838,-1.38,1224,1660
SZ,920403,0.48,1219,2050
SH,688806,-11.61,1218,10998
SZ,300994,-0.09,1217,2431
SZ,920821,-5.8,1217,2311
SZ,301298,-0.79,1214,1647
SZ,300670,-2.35,1211,1708
SZ,001277,-0.4,1210,2019
SZ,920237,0,1208,1232
SZ,002188,-1.04,1207,1534
SZ,301156,-1.62,1206,1883
SZ,301501,-0.64,1206,4100
SZ,301126,0.23,1204,1793
SZ,300865,-1.59,1202,2001
SH,603207,-0.26,1195,3517
SZ,920200,-5.74,1194,2732
SZ,001278,-0.84,1193,1730
SZ,920207,-0.65,1189,1946
SH,688712,-2.73,1186,13323
SZ,920284,-4.06,1184,1851
SZ,920039,1.86,1178,1178
SH,688089,-2.23,1175,1175
SZ,920304,-0.68,1174,1458
SZ,300828,-3.86,1173,2313
SH,600543,-0.81,1172,1172
SZ,301233,-2.48,1172,2136
SZ,301559,0.31,1172,7812
SZ,300126,-1.06,1171,1690
SZ,300594,-2.34,1170,1181
SH,688576,-1.76,1169,2446
SH,603350,-0.22,1168,3084
SZ,920083,-10.13,1166,2738
SZ,920273,-0.28,1165,1751
SZ,002888,-2.19,1165,2296
SZ,301329,-2.21,1165,3002
SZ,920033,0.64,1164,1674
SZ,301503,-0.39,1163,2097
SZ,920089,0.97,1160,2037
SZ,301097,-4.66,1159,2414
SZ,920225,-4.76,1157,1774
SH,603344,-1.28,1155,4159
SZ,003003,-0.7,1154,1732
SZ,301632,6.51,1151,6576
SZ,301288,-1.66,1150,1590
SZ,001319,-0.7,1149,2561
SZ,920425,-1.84,1146,1393
SZ,920099,-3.01,1140,1844
SH,603391,-1.88,1136,4545
SZ,301515,-0.93,1136,1681
SZ,300823,-2.11,1133,1750
SH,600365,-1.11,1128,1198
SZ,300430,0.23,1128,1185
SZ,920046,-6.85,1125,2034
SZ,301584,-0.47,1124,8813
SZ,301469,-1.4,1123,2182
SZ,301272,-1.96,1122,1774
SZ,300517,0.91,1121,1780
SH,688217,-0.63,1119,1119
SZ,301591,-5.05,1116,2731
SZ,301395,-1.89,1115,2127
SZ,301163,-2.95,1114,1661
SZ,920171,-0.05,1114,1651
SH,603276,0.14,1113,3063
SZ,920211,-9.47,1113,3301
SZ,920252,0.87,1112,1673
SH,603370,-2.06,1107,5535
SZ,300804,8.81,1104,2972
SH,688790,-2.25,1102,8653
SZ,301491,0.98,1092,4929
SZ,920566,0.52,1092,1404
SZ,301300,-1.38,1090,1814
SZ,301001,-0.77,1089,1732
SZ,300915,-0.2,1087,2378
SZ,920152,-0.52,1087,1458
SZ,001382,-4.54,1084,7086
SZ,920249,-1.13,1083,3664
SZ,301378,2.22,1078,2267
SZ,300405,-0.8,1074,1396
SH,688130,-3.98,1074,2154
SZ,920489,-5.21,1072,1685
SZ,002830,-3.67,1069,2142
SZ,300713,-1.8,1068,1898
SZ,300851,-0.68,1066,1879
SZ,300535,0,1065,1404
SZ,301446,-1.29,1064,3484
SZ,301372,-5.92,1064,1773
SZ,920592,-0.04,1060,1702
SZ,301359,-2.17,1052,1777
SZ,002872,-0.8,1051,1555
SZ,301083,-1.99,1046,2174
SZ,920807,-2.86,1044,1537
SZ,920419,5.68,1043,1115
SZ,300930,-4.06,1043,2213
SZ,920429,2.25,1031,1130
SZ,001373,-1.83,1031,1687
SZ,001326,-3.23,1026,3127
SZ,001336,-1.65,1026,1667
SZ,920690,0.11,1025,1576
SZ,301516,-7.35,1025,4098
SZ,300899,-1.64,1024,1595
SH,603334,1.2,1024,4616
SH,603004,-2.68,1022,4089
SZ,301006,0.41,1021,1696
SZ,920985,0.43,1020,1439
SZ,301295,-11.43,1020,3496
SZ,300152,-2.71,1019,1019
SH,688184,-1.04,1019,1627
SZ,301539,0.15,1017,2005
SZ,920981,-6.62,1013,2014
SZ,301113,-0.2,1008,1663
SZ,920001,-1.64,1007,1744
SZ,920184,2.64,1006,1483
SZ,300958,-0.35,1006,1732
SZ,002514,-7.17,1003,1303
SZ,001312,0.11,1002,4090
SH,603406,1.41,1001,10916
SZ,920642,-0.59,999,1036
SZ,920270,3.82,994,1279
SZ,300886,-1.81,994,1580
SZ,300949,-0.44,989,1730
SZ,920062,-0.39,987,1402
SZ,001379,-1.2,987,2932
SZ,920167,-0.97,986,1660
SZ,920792,-0.09,985,1604
SZ,920199,-3.2,982,1763
SZ,001279,3.29,981,3923
SZ,920885,-1.68,981,1893
SZ,002193,-2.34,979,979
SZ,301157,-1.88,978,2841
SZ,920932,-0.26,972,1175
SZ,920786,-1.95,966,1463
SZ,301418,-1.52,964,2402
SZ,920124,1.37,963,1870
SZ,300338,-2.49,955,1099
SH,603359,-2.72,955,955
SZ,000820,9.97,950,2069
SH,688671,-1.36,945,1585
SZ,920396,-1.17,943,1327
SZ,920415,0.69,942,1222
SH,603729,-1.72,940,940
SZ,301513,-1.47,940,4663
SZ,920526,-3.44,938,1482
SZ,301616,-0.65,936,2636
SZ,920436,2.64,935,996
SZ,920357,-2.63,930,1538
SZ,920098,-0.23,929,1364
SZ,002719,-0.86,919,989
SZ,001225,10,919,2863
SH,688695,-0.8,912,1453
SZ,920496,-1.56,911,1040
SZ,301668,20,906,4099
SH,688816,-0.46,906,4700
SZ,920018,-4.26,903,2599
SH,603409,-0.64,901,3142
SZ,920223,0.55,894,1721
SZ,301173,0.52,892,2541
SH,688701,-2.63,890,890
SH,603190,-0.76,888,2689
SZ,920726,-0.31,883,1601
SZ,920028,-2.09,878,2222
SZ,301192,0.06,878,1806
SZ,920206,-6.81,876,2277
SZ,920169,-0.45,873,1388
SZ,301105,-2.86,873,2203
SZ,920130,4.17,873,1405
SZ,920873,5.2,872,1117
SZ,920694,2.8,872,1836
SZ,920924,-0.29,869,1427
SZ,920195,1.58,867,1201
SZ,301577,-6.72,866,2070
SZ,920020,0.26,863,3493
SZ,920541,1.07,849,1289
SZ,920505,-0.54,848,1526
SZ,920926,-1.2,848,934
SZ,920275,2.72,847,1023
SZ,920100,-3.4,847,3194
SH,603376,10.02,847,10584
SZ,301386,-1.35,846,2633
SZ,920367,-1.7,846,1428
SH,603205,-1.06,844,3186
SZ,300904,-1.4,841,2790
SZ,920000,14.06,841,1339
SZ,920770,-0.38,832,1322
SZ,920266,-0.98,828,867
SZ,920012,-4.99,828,2116
SZ,920693,-3.18,822,1633
SZ,920670,-0.56,819,1305
SZ,920122,-0.81,818,2019
SZ,920156,-4.56,816,3912
SZ,920227,0.39,813,1787
SZ,301519,-0.08,810,1721
SZ,920855,1.01,808,901
SZ,920161,-7.28,807,2976
SZ,301449,19.99,803,3568
SZ,920433,0.85,801,1211
SH,688638,3.95,800,1694
SZ,301170,-0.46,799,2102
SZ,301399,-2.72,798,2701
SZ,920519,0.8,798,897
SZ,920220,-5.5,797,2546
SZ,920685,30,796,1249
SZ,301598,-2.21,795,2668
SZ,920006,3.42,794,1500
SZ,920748,0.33,792,1651
SZ,920058,5.59,792,1608
SZ,301459,-1.74,789,3148
SZ,920378,0,785,1096
SZ,920221,1.04,783,1504
SZ,920092,8.13,778,1494
SH,688573,-2.98,777,1428
SZ,301037,1.25,774,1582
SZ,920663,0.08,773,1611
SZ,920556,0.76,772,1065
SZ,301049,-0.71,771,1698
SZ,920193,-9.06,766,3382
SZ,920974,0.68,763,973
SZ,920260,-0.12,756,792
SH,603075,-0.26,754,7360
SZ,001335,-1.93,750,2752
SZ,920832,1.01,746,835
SH,603273,0.61,746,2850
SH,603073,-0.47,744,1696
SZ,920833,2.28,737,976
SZ,920689,-0.4,734,1420
SZ,001306,-0.18,733,2978
SZ,920299,-2.59,732,1453
SZ,920639,0.49,730,1240
SZ,001396,0.72,728,3425
SH,603284,-2.11,724,2956
SZ,920768,4.18,723,1046
SZ,920263,0.57,722,994
SZ,920575,1.32,721,1079
SZ,920123,4.54,718,1259
SZ,920870,0.46,717,1455
SZ,920242,0.82,715,1277
SZ,920942,3.92,714,1055
SZ,920976,-0.97,710,1142
SZ,301552,-3.12,709,2837
SZ,920370,1.89,706,808
SZ,920363,-1.28,704,1238
SZ,920163,0.7,700,1483
SZ,001325,1.45,698,2791
SZ,920078,-4.38,696,2142
SZ,301533,-0.4,694,2399
SZ,920081,0.35,691,2935
SZ,920008,3.97,686,1285
SZ,301429,0,685,1838
SZ,920547,1.8,684,1407
SZ,920943,-2.79,683,1338
SZ,920079,-5.47,683,6315
SZ,920720,0.66,678,2426
SZ,920564,-0.21,677,1471
SZ,920101,3.04,673,2157
SZ,920245,0.16,670,870
SZ,920065,-26.75,669,3836
SZ,920187,-0.19,668,1820
SZ,001220,1.41,668,2726
SZ,920634,2.62,667,1052
SZ,920375,-0.93,667,1117
SZ,920925,-1.46,666,1188
SZ,920346,1.03,663,1192
SZ,920866,2.11,662,1045
SZ,920706,-1.97,660,1309
SZ,920478,0,659,1084
SZ,920108,0.45,658,1553
SZ,920627,-1.4,654,1319
SZ,920608,2.5,652,842
SZ,301567,-3.12,650,2202
SZ,920781,-0.54,648,832
SZ,301575,0.76,646,3214
SZ,920181,-6.65,644,2778
SZ,920964,0.69,644,1139
SZ,301353,-1.06,643,2001
SZ,920765,-1.54,638,1050
SZ,920579,-0.55,633,1839
SZ,920061,-3.2,629,1132
SZ,920175,1.28,629,944
SZ,920475,0.72,628,1130
SZ,920527,0.98,627,808
SZ,301314,-4.41,624,1890
SZ,300784,-2.59,622,2082
SZ,920422,1.62,622,831
SZ,920204,0.98,617,1164
SZ,920300,-0.85,616,795
SZ,920278,0.98,612,1082
SZ,920570,-1.72,609,1198
SZ,920118,-0.76,608,1003
SZ,920553,0.47,607,930
SZ,920876,-2.3,598,977
SZ,920471,1.85,585,919
SZ,920580,-0.08,583,915
SZ,920112,-0.41,576,1965
SZ,920086,1.06,575,1757
SZ,920719,0.79,572,717
SZ,920856,-0.73,569,1020
SZ,920057,1.04,569,885
SZ,920992,-0.34,562,1110
SZ,920675,0.85,560,1221
SZ,920176,-13.22,559,4135
SZ,920810,13.02,558,857
SZ,920455,0.71,556,1013
SZ,301287,-0.61,549,2149
SZ,920641,-0.24,549,909
SZ,920578,-2.95,547,1179
SZ,920469,-4.19,543,740
SZ,920906,-0.42,540,1051
SZ,920665,0.6,538,1089
SZ,920262,2.89,536,1152
SZ,920271,0.66,534,1206
SZ,920146,1.45,533,663
SZ,920005,-1.36,527,2033
SZ,920075,0.81,526,971
SZ,920896,1.29,523,1193
SZ,920454,-0.27,521,1113
SZ,920198,-0.53,519,1189
SZ,920834,0.86,516,986
SZ,920703,2.88,512,1451
SH,688121,1.21,509,586
SZ,920096,-7.78,508,2164
SZ,920826,2.27,508,1141
SZ,920117,-8.97,508,2258
SZ,920267,2.48,506,885
SZ,920729,1.88,505,1779
SZ,920149,1.8,502,607
SZ,920374,0.14,501,1227
SZ,920090,-2.6,500,670
SZ,920662,-2,500,1620
SZ,920030,1.6,499,794
SZ,920056,0.44,497,1316
SZ,920069,-1,494,1769
SZ,920160,-0.35,493,2193
SZ,920871,1.36,490,885
SZ,920753,0.47,490,1219
SZ,920392,0.3,485,1033
SZ,920779,1.35,482,1929
SZ,920050,-0.22,481,1798
SZ,920212,-1.27,477,981
SZ,920230,2.76,476,1012
SZ,920508,-1.9,476,895
SZ,920080,0.34,475,1716
SZ,920145,2.12,471,681
SZ,920407,0.58,469,1151
SZ,920076,0,466,1480
SZ,920718,0.51,460,898
SZ,920950,1.76,455,934
SZ,920166,0.21,454,1440
SZ,920126,-2.31,452,1883
SZ,002731,4.81,450,502
SZ,920351,2.84,447,989
SZ,920158,2.71,445,1663
SZ,920177,-1.63,444,1255
SZ,920414,1.15,444,631
SZ,920168,0,443,1182
SZ,920656,0.22,441,1363
SZ,920016,1.78,430,967
SZ,920427,0.6,428,866
SZ,920110,-0.75,425,1021
SZ,920055,-1.2,424,1884
SZ,920136,-3.48,424,1614
SZ,920970,1.69,420,665
SZ,920188,-2.38,420,1762
SZ,920091,-5.52,414,1755
SZ,920180,-0.68,408,1353
SZ,920159,0,402,2123
SZ,920957,0.22,398,1000
SZ,920007,0.61,386,1614
SZ,920802,1.65,379,858
SZ,920717,1.72,366,948
SZ,920072,-7.09,365,1933
SZ,920036,-3.75,364,1517
SZ,920035,-1.72,358,1580
SZ,920009,-0.45,352,2708
SZ,920895,5.04,347,683
SZ,920191,-1.58,347,1542
SZ,920011,-2.41,346,1536
SZ,920218,-4.61,344,1529
SZ,920066,0.67,330,1045
SZ,920121,0.18,328,1820
SZ,920003,-0.23,325,1511
SZ,920183,-2.32,321,1395
SZ,920022,0.53,316,1145
SZ,920504,1.53,295,748
SZ,920931,0.42,278,906
SZ,301139,-6.94,265,423
SH,688496,-13.45,214,405
