market,code,chg_pct,vol_rank,amt_rank
SH,601288,-1.96,2068702,2267890
SH,601398,-1.82,2027484,2680175
SZ,300750,2.56,1726185,1874721
SH,601857,-2.11,1721232,1945513
SH,600519,-1.64,1633169,1633169
SH,601138,9.99,1308123,1308123
SH,601988,-1.54,1207686,1846277
SZ,300308,-7.26,1051934,1108604
SH,600036,-0.86,803291,982061
SH,601628,1.04,792335,1075472
SH,688256,5.44,714306,714306
SH,601088,-0.34,709115,932646
SH,601899,6.16,702521,906743
SH,600900,-1.9,679238,679238
SH,688041,4.9,671385,671385
SZ,000333,0.39,588378,651963
SH,601318,0.17,575857,978175
SZ,002371,6.87,532376,532801
SZ,300502,-5.28,532175,591583
SH,601728,-0.94,483633,570089
SH,600028,-2.34,471867,602209
SZ,002475,0.7,409252,431611
SH,601166,-1.07,388550,388550
SH,603259,4.35,364809,440104
SH,601658,-1.19,359738,595671
SH,603993,6.67,357423,437942
SZ,002415,-0.48,347732,352298
SH,600276,0.22,341532,355356
SH,688012,12.67,337307,342908
SH,600000,-1.48,308412,308412
SH,601998,-2.44,307761,420121
SH,600183,9.41,296139,298257
SZ,000858,-1.79,293054,293061
SZ,300059,1.55,271873,322140
SH,600150,2.09,264902,264902
SZ,002384,5.44,261779,345862
SH,603986,8.26,257664,270481
SH,688981,3.59,250845,1073985
SH,601816,-1.54,248053,248053
SH,688825,-1.26,244515,3631632
SH,688008,4.31,242690,258754
SZ,300408,5.96,239690,254824
SH,600309,1.1,233064,233064
SZ,002916,5,232138,237850
SH,601225,-0.12,231614,231614
SZ,000651,-0.61,222371,225569
SZ,002463,3.43,222277,222456
SH,601601,0.76,219178,308043
SZ,000001,-1.65,218313,218317
SH,600919,1.22,212875,212875
SZ,002938,2.39,210586,211197
SZ,002142,0.48,208872,209004
SH,603288,-0.95,205575,216342
SZ,300476,17.12,204489,232281
SH,600406,-1.71,196521,197099
SH,601919,0.26,193371,235129
SH,688072,12.14,191632,197045
SH,601668,-1.28,189247,189247
SZ,300760,0.02,186919,187080
SH,600025,-1.9,181653,181653
SH,601328,-1.55,180682,612361
SZ,300433,6.49,174387,185231
SZ,300274,1.8,171850,224425
SH,601066,0.7,169082,201907
SH,601985,-1.22,166551,181410
SH,600887,0,165971,166800
SZ,002352,-1.27,163218,179073
SH,688498,-1.28,159514,161601
SZ,003816,-1.96,156947,201490
SH,600176,8.54,156004,157243
SZ,300124,0.45,155200,174343
SH,600111,3.21,151001,151001
SZ,000338,5.52,149782,261107
SZ,000792,2.43,149644,149646
SH,600809,-0.68,147628,147628
SH,601872,7.87,146149,146149
SZ,002050,1.73,145464,165838
SH,601766,-1.32,144750,170758
SH,601688,0.87,144455,178461
SH,601100,-0.57,141698,141698
SZ,000063,1.08,139920,166180
SH,600690,-0.66,139693,209496
SH,601009,-1.22,138843,138843
SH,600050,-1.78,136048,137251
SZ,000408,6.97,135820,135821
SZ,002281,-0.44,134895,142017
SH,688082,9.11,133871,135325
SH,600487,8.24,133503,134196
SH,600999,1.07,133151,156016
SZ,300604,10.65,133136,172562
SH,601336,1.64,132029,197498
SH,601229,-1.48,131860,131860
SH,603019,3.62,129700,129705
SH,688111,1.71,129529,129529
SH,601600,1.98,128997,167604
SZ,000568,-1.98,128747,128821
SZ,301165,7.37,128647,128647
SH,601869,10,126940,258638
SZ,000776,2.2,126170,167217
SZ,002714,0.89,125840,221452
SH,600019,-1.34,125487,127643
SH,600104,-1.08,124839,124839
SH,600016,-1.11,124827,154114
SH,600584,5.44,123416,123416
SH,601898,-1.39,122088,176871
SH,603256,10,121499,124932
SH,600346,2.32,121213,121213
SH,688120,6.53,120596,120596
SH,600760,-1.24,120313,120541
SH,688361,7.43,120261,120261
SH,600018,-0.38,120186,120357
SH,688506,1.07,119696,119696
SZ,300014,1.58,117898,121292
SH,600489,8.94,117547,117547
SH,600926,0.06,117071,117071
SH,600160,4.21,116332,116332
SZ,002493,2.82,115699,123769
SH,600188,2,115293,194113
SZ,300442,2.82,114405,114742
SH,601698,0.79,113256,113256
SZ,000977,4.13,113239,113366
SH,688521,3.9,113156,113156
SZ,301200,5.62,111153,127822
SH,600886,-1.59,110247,118386
SH,688525,7.14,109908,109908
SH,603501,3.27,109628,114237
SH,600089,1.22,109342,109342
SH,600522,6.88,109214,109214
SH,600905,-1.54,109205,109205
SH,605117,1.55,106646,106646
SH,601169,-1.36,106349,106349
SZ,300033,3.78,106240,182387
SZ,000938,7.63,105651,105651
SH,600547,6.91,104638,133457
SZ,000166,-0.63,104565,116185
SH,601995,1.45,104341,172285
SH,600015,-1.59,104325,107903
SZ,002353,5.06,102958,152544
SH,688347,6.56,102957,438776
SZ,301308,8.59,102853,154383
SZ,000988,-0.21,100931,100983
SH,601633,-0.61,99336,136598
SZ,002736,-0.09,99008,105490
SZ,002028,3.5,98309,125955
SH,601012,-0.76,98287,98288
SZ,000100,2.1,97976,101300
SH,601168,7.35,97751,97751
SH,600673,1.28,97731,97991
SH,600362,5.98,96769,161467
SZ,002230,1.56,96731,106100
SZ,002602,0,95971,104074
SH,601939,-1.38,95553,2605540
SH,601006,-1.63,95541,95541
SH,600893,0.06,95145,95162
SZ,002600,2.45,93383,105319
SH,688271,-1.29,93072,93072
SH,600938,-2.75,91763,1458694
SH,601127,0.39,91641,102516
SH,601881,0.24,91557,138211
SH,601390,-0.65,91254,110146
SZ,002001,-1.02,90498,91588
SZ,000617,-0.13,90264,90264
SZ,000538,-1.54,90242,90819
SH,688183,4.61,90066,90066
SH,600795,-0.98,89178,89178
SH,601727,0.72,88562,109092
SZ,002156,4.32,88012,88021
SZ,000895,-0.73,87748,87760
SH,600236,0.45,87731,87731
SH,601689,0.94,87274,87274
SH,600941,-0.44,86657,2081756
SH,601868,-0.37,84963,115909
SH,603893,5.14,84156,84167
SH,688777,6.7,83908,84333
SH,600549,8.79,83477,85285
SZ,000657,10,83472,130860
SZ,000301,2.52,83199,83235
SH,605499,-3.08,82839,89969
SH,600436,-0.48,82552,82552
SZ,001289,-0.78,82335,136516
SZ,300498,0.82,80805,90427
SH,601991,1.58,79707,118998
SH,603799,3.04,79317,79566
SH,688249,7.05,78698,87171
SZ,301217,10.14,78674,78674
SH,600011,-1.24,78304,111770
SZ,002311,-1.27,77723,77798
SH,688396,7.39,77235,77235
SZ,300757,6.03,77219,79614
SH,603228,-1.9,77051,78564
SZ,002027,-0.74,76255,76255
SH,601838,-0.99,75826,75826
SZ,000425,-0.35,75695,98491
SH,688200,8.82,75366,75366
SH,600039,-1.02,74869,74869
SH,603195,-0.85,74689,74825
SZ,002241,2.6,74585,84224
SZ,000630,5.21,74324,89441
SH,601958,4.87,74276,74276
SH,601179,0.28,73864,73864
SH,600674,-2.53,73022,73022
SZ,002179,0.99,72851,72984
SH,688126,7.05,72474,84278
SH,601111,1.31,72040,126849
SH,601800,-0.96,71978,99553
SH,600066,1.54,71488,71488
SZ,000708,-1.18,71467,71468
SH,688002,7.26,71443,71443
SH,601186,-0.63,71435,84329
SH,688702,3.68,71136,143680
SH,600010,1.79,71092,102663
SZ,300015,-0.66,70660,82580
SH,600029,1.16,70619,94954
SH,600585,-0.33,70560,93615
SZ,002466,2.07,70495,81840
SH,600958,0,68869,78339
SH,601360,1.13,68736,68736
SH,600026,6.05,68406,97771
SZ,300475,6.43,68113,71065
SH,600415,0,67996,67996
SH,600988,8.19,67954,77613
SZ,002202,3.44,67808,85152
SZ,000636,6.39,66875,66875
SH,600703,5.12,66603,66603
SZ,002625,0,66576,66577
SH,600023,-0.59,66239,66239
SH,688629,3.38,66125,67166
SH,601018,-1.16,65950,65950
SH,600233,3.23,65741,65741
SH,688036,-1.6,65502,65502
SZ,001965,-2.03,65097,65097
SH,600482,1.93,64554,64554
SZ,300620,2.61,64489,65031
SH,688585,1.56,64453,64453
SZ,000426,9.07,64440,64456
SH,600115,2.44,64354,83492
SZ,002460,2.48,64170,111083
SZ,001309,6.06,63741,87617
SZ,000960,6.22,63514,63514
SH,601669,-0.81,63397,83547
SH,601916,-1.66,63341,80746
SH,688172,6.19,63294,75378
SH,600875,1.23,63261,96661
SZ,000625,-0.78,62500,74942
SZ,000703,3.93,62321,62635
SZ,002304,-1.49,62200,62201
SH,601231,10,62017,62017
SH,600048,0.78,61648,61648
SZ,002595,1.2,61228,61654
SZ,000975,7.36,61113,67151
SZ,001979,0.88,61024,62030
SZ,000021,5.91,60920,60928
SZ,002128,1.8,60769,84759
SH,688037,8.43,60322,60322
SH,601061,5.5,60123,60123
SH,600009,-0.77,59724,59919
SH,688519,6.82,59303,59303
SZ,002837,5.87,59157,66687
SZ,002709,5.23,58927,79606
SZ,000933,1.99,58886,58924
SH,601901,0,58695,58695
SH,600221,0,58270,58773
SZ,000768,-0.8,57916,58004
SH,600426,-0.09,57741,57749
SH,688141,11.3,57646,57646
SH,600438,-0.38,57580,57580
SZ,300285,11.78,57426,67071
SH,600580,3.34,57414,57580
SZ,300223,7.74,57363,65793
SZ,002920,3.35,57264,57282
SZ,002064,6.16,57195,57317
SZ,002558,0.43,57150,57150
SH,601077,-0.45,57095,73366
SH,603156,0.6,56801,56801
SZ,300759,0.1,56744,73418
SZ,002049,2.52,56658,56665
SH,600885,-0.02,56178,56178
SH,600372,0.96,55889,55889
SZ,002422,1.44,55710,68245
SH,600418,1.84,55692,57482
SH,688766,11.35,55597,55597
SH,601877,-0.07,55572,55572
SZ,002532,2.28,55278,62303
SZ,002185,6.83,55123,55136
SH,600219,1.69,55122,55122
SZ,300054,5.67,55093,70652
SH,688019,5.9,55054,55054
SH,600096,2.62,55000,55000
SZ,300450,2.48,54860,58899
SZ,000831,4.96,54759,54759
SZ,300058,0.06,54708,56474
SH,601233,3.7,54594,54693
SH,601059,0.48,54547,54547
SZ,002428,10,54013,54020
SZ,002851,9.08,53769,68154
SH,600105,6.59,53436,53436
SZ,300765,1.71,53375,53375
SH,688409,12.27,53170,53170
SH,600803,-2.09,53049,53464
SZ,300136,7.39,52772,61876
SH,603659,1.69,52768,52768
SZ,002484,8.31,52707,54638
SH,600879,1.99,52459,52459
SZ,300418,1.62,52196,57068
SH,600350,-1.27,52117,52117
SH,601377,0,51902,51902
SH,688313,0.8,51802,51802
SZ,002821,1.1,51799,58944
SH,600497,6.88,51714,51714
SZ,300803,2.41,51551,51930
SZ,000157,-0.67,51538,63048
SH,600895,6.73,51339,51339
SH,600460,5.15,50954,50954
SZ,300316,3.43,50949,54175
SZ,301269,3.38,50870,50870
SH,600741,-0.55,50727,50727
SZ,001872,-1.16,50534,54483
SZ,301358,4.16,50377,55874
SH,688578,2.3,50004,50004
SZ,000783,1.47,49549,49549
SZ,300373,4.85,49340,49450
SZ,300666,11.16,49176,61376
SZ,002074,0.96,49098,51302
SH,603979,10,49080,49080
SZ,000963,-1.99,48944,48964
SH,688110,8,48626,48626
SH,600196,-1.02,48619,61286
SH,601298,0.56,48475,58355
SZ,301526,14.04,48016,128926
SH,688630,6.18,47558,52888
SZ,000066,2.94,47480,47484
SH,601618,-0.74,47309,54833
SH,600378,6.27,47268,56850
SH,688375,1.63,47252,47252
SH,601117,0.13,47122,47257
SH,688223,0.44,46931,46931
SH,600498,7.08,46923,50116
SZ,300548,-0.1,46906,47001
SH,600726,4.87,46646,49342
SZ,300567,11.77,46318,57068
SZ,002436,6.2,46312,51857
SH,600930,-0.91,46196,179371
SZ,002414,5.11,46153,57997
SH,601607,-1.01,45910,61040
SH,601021,2.36,45835,45835
SH,603129,-0.64,45824,45824
SH,688048,-2.68,45657,45657
SH,600377,-0.49,45398,60151
SH,601198,0.36,45319,45319
SZ,002812,2.57,45038,53727
SH,688047,2.26,44992,44992
SH,601058,0.07,44915,44915
SH,688147,10.01,44811,44811
SH,600601,7.91,44372,45473
SH,600570,1.08,44179,44179
SH,601699,0.14,44153,44153
SH,688729,9.53,44021,74421
SH,601878,-0.2,43725,43725
SH,688188,2,43638,43638
SH,688187,0.5,43576,66735
SH,600027,-1.25,43498,54808
SH,600352,1.92,43139,43139
SH,688009,-1.37,43105,52949
SZ,002203,1.52,42982,44529
SH,600143,1.33,42157,42773
SH,600021,0.13,42131,42131
SH,688331,5.79,41925,66495
SH,600061,-0.14,41753,41753
SH,603260,0.06,41626,41626
SH,688146,13.13,41508,151581
SH,600845,1.95,41358,55386
SH,600995,-0.91,41260,41260
SH,605376,10,41241,41241
SH,688432,17.62,41222,41222
SH,603083,0.59,41217,55076
SZ,301377,10.74,41133,176432
SZ,002236,0.29,41080,56166
SH,688099,0.91,41028,41028
SZ,300395,6.52,40973,42027
SH,600642,0.48,40961,40963
SH,601555,0.49,40892,40892
SH,688303,-0.61,40815,40815
SH,600909,4.52,40696,40696
SZ,002636,10.01,40692,40899
SH,688728,4.61,40671,40699
SH,603629,10,40635,41312
SZ,002945,-0.98,40581,40581
SH,601136,-0.66,40535,40535
SH,688220,4.48,40512,40512
SH,601212,6.21,40504,40504
SH,688627,6.63,40447,40447
SH,600985,1.42,40399,40399
SH,603268,10,40322,176106
SZ,300390,6.22,40302,49804
SH,688234,8.18,40187,45322
SZ,002195,1.71,40153,40516
SH,688808,6.68,40117,213444
SH,600578,0.34,40101,40101
SZ,300979,-0.02,39864,39865
SZ,000893,1.24,39779,45279
SH,603806,0,39757,39757
SH,601777,1.15,39740,39740
SZ,000559,2.48,39739,39751
SH,601208,10.01,39730,39730
SH,600392,5.69,39719,39719
SH,601108,0.35,39704,39704
SH,601456,0.33,39699,51523
SZ,000987,0.51,39555,39585
SH,603087,0.57,39505,42095
SH,601238,-0.92,39503,54554
SH,601216,-1.05,39321,39321
SH,603699,2.74,39257,40144
SZ,002078,-0.55,39188,39431
SZ,300115,2.25,38820,38935
SZ,000811,10.01,38617,39173
SH,600667,7.58,38589,38589
SZ,002850,1.45,38569,52674
SZ,002155,7.12,38563,38566
SH,688336,3.2,38493,38493
SH,603379,2.27,38478,38478
SH,600141,5.44,38456,38456
SH,600600,-1.2,38307,73694
SZ,002294,0.79,38285,38294
SH,601611,4.79,38276,38276
SH,688472,-0.37,38144,38144
SZ,300919,1.46,38098,43502
SZ,002138,5.02,38011,39993
SH,603392,-1.82,37894,37894
SH,601665,-0.31,37846,37846
SH,688295,4.68,37611,37611
SH,601577,-1.37,37433,37441
SZ,300972,-0.13,37169,40455
SZ,002273,4.75,37075,37742
SZ,003031,8.31,36951,48998
SZ,300001,-1.15,36937,37802
SZ,002129,1.11,36922,36954
SH,600901,1.27,36885,36894
SZ,300454,4.47,36856,55227
SH,601126,5.82,36782,37140
SZ,000596,-1.56,36774,47574
SZ,000983,0,36674,36674
SZ,002738,4.75,36660,37200
SZ,300037,5.4,36634,50510
SZ,001203,1.85,36593,42957
SZ,002966,-0.59,36263,36883
SZ,002429,2.7,36149,36170
SH,600733,0.51,36028,37948
SH,601808,-2.08,35999,58023
SH,603650,8.05,35726,35812
SZ,000688,3.57,35718,35718
SH,603298,0.48,35666,35666
SZ,002056,5.94,35653,35690
SH,688775,1.31,35623,55077
SH,600711,6.27,35604,35604
SH,688122,2.09,35582,35582
SZ,300017,1.7,35450,37385
SH,600060,-0.25,35404,35534
SZ,002407,4.62,35394,39058
SH,600298,-2.91,35375,35816
SH,688322,2.67,34915,45007
SZ,300346,7.48,34866,36735
SZ,002517,-1.07,34721,39268
SZ,002340,1.33,34720,34900
SH,600157,-0.62,34690,34690
SZ,002444,2.86,34654,36097
SZ,000423,-0.63,34649,34711
SZ,002653,4.86,34403,71776
SH,600085,-2.67,34396,34396
SH,603486,-0.04,34350,34664
SH,600256,-0.36,34325,34325
SH,603369,-0.53,34225,34225
SH,600177,-1.55,34091,34999
SH,603929,8.62,33984,33984
SZ,302132,-0.02,33974,154901
SZ,300251,0,33970,35907
SH,688027,3.85,33902,43387
SH,600206,10,33701,33701
SH,601696,0.83,33642,33642
SZ,301236,11.55,33620,44296
SH,600869,6.92,33601,33601
SZ,000878,4.16,33601,40670
SH,688599,0.07,33499,33499
SZ,002252,-3.06,33337,33359
SH,601236,-0.41,33322,33322
SZ,002032,-1.32,33195,33210
SH,688433,8.63,32955,32955
SH,605589,7.46,32915,32933
SH,603606,-3.11,32819,32819
SH,601598,-0.3,32802,45625
SZ,002126,4.02,32752,34881
SZ,300782,0.73,32664,41899
SH,600839,0.43,32535,32545
SZ,300207,1.5,32445,34972
SZ,002432,3.55,32425,32468
SH,603308,4.88,32384,32384
SH,688536,2.34,32374,32953
SH,688235,7.12,32285,432765
SH,601162,0,32242,37777
SH,605358,8.72,32154,32154
SZ,300751,6.85,32119,46451
SZ,002555,0.25,32112,44754
SH,688676,3.18,32038,32038
SZ,000728,-0.26,31986,31986
SH,600707,7.09,31966,31973
SZ,002261,1.57,31873,35040
SZ,000002,0.61,31872,39133
SZ,300832,-0.72,31799,36575
SZ,000967,4.18,31797,31812
SH,688668,3.88,31653,31653
SZ,000786,-0.73,31577,31815
SZ,000729,-0.86,31571,35457
SH,603568,-1.14,31567,31567
SZ,000876,0.72,31365,31384
SH,600863,-1.02,31329,37609
SH,600562,1.33,31307,31307
SZ,300870,10.33,31099,31103
SZ,300339,3.18,31030,31777
SZ,000661,-0.28,30750,31391
SZ,300748,2.61,30658,37567
SZ,000027,-1.22,30638,30638
SH,600348,0.36,30483,30483
SH,688617,-0.47,30425,30425
SZ,300672,8,30396,31373
SZ,002673,-0.28,30348,30348
SZ,000883,-1.26,30324,33132
SH,600332,-1.82,30213,34938
SH,688300,12.48,30196,30196
SH,600699,2.27,30174,33528
SZ,000981,10.07,30157,31692
SZ,002378,7.55,30129,30288
SZ,002025,4.51,30105,30115
SH,600282,0.41,30086,30086
SH,600871,-1.33,29939,41895
SZ,002939,0,29938,33526
SH,603766,1.32,29920,29920
SH,688568,1.79,29915,29915
SH,600483,-1,29887,29887
SZ,000060,4.03,29800,29800
SZ,002472,2.27,29734,33762
SZ,000958,-0.89,29609,100741
SH,688025,3.28,29577,29577
SH,601933,1.22,29542,29542
SH,603198,-0.77,29448,29448
SH,600801,2.19,29423,45592
SH,600517,-0.76,29393,29393
SH,688213,0.66,29278,36409
SH,688266,2.85,29211,29211
SH,688318,6.72,29209,29209
SH,600398,-0.97,29153,29153
SH,603127,4.4,29063,34695
SH,603338,0.25,28857,28857
SH,688180,2.51,28816,38604
SZ,300347,-1.12,28760,43714
SZ,301511,11.72,28757,48384
SH,600428,1.3,28683,32186
SZ,300628,-0.54,28621,49955
SH,688385,4.43,28582,43649
SH,600312,-0.84,28414,28414
SH,603179,0.86,28368,28368
SH,600536,1.21,28288,31310
SZ,000959,0.26,28242,29391
SH,603444,-0.11,28240,28240
SH,688301,3.87,28232,28232
SH,601000,-0.83,28148,28148
SH,688411,0.83,28146,38735
SH,688169,-0.82,28091,28091
SH,600259,5.94,28076,28076
SZ,002797,0.15,28072,28072
SZ,002240,4.42,28045,28118
SH,600637,-0.47,28038,28038
SZ,002859,8.93,27995,29650
SZ,002608,-0.66,27958,27958
SH,600663,0.23,27865,44460
SZ,300458,3.23,27854,33992
SH,600499,-7.33,27847,27847
SZ,000582,2.22,27845,32496
SH,600369,-0.47,27843,27843
SH,600737,1.25,27741,27741
SH,688362,9.34,27542,27542
SH,688248,3.17,27535,27535
SH,688387,4.2,27529,46666
SH,688608,0.99,27519,27519
SZ,300432,0.99,27474,27784
SZ,300209,9.9,27465,34332
SH,601880,-1.96,27435,35122
SH,603939,0.8,27424,27424
SZ,000737,3.97,27406,27409
SH,600777,1.42,27311,29174
SH,600079,0.74,27283,28858
SZ,002222,10,27251,27373
SH,601799,0.38,27248,27248
SH,601001,0.43,27181,27181
SH,688167,3.15,27114,27114
SH,600515,-1,27069,33705
SZ,000877,-0.77,27020,27020
SH,600331,1.45,27005,35107
SZ,002245,2.57,26975,28671
SZ,002747,6.1,26813,33166
SH,600595,-0.88,26733,26733
SZ,003022,0.66,26462,26484
SH,601615,0.34,26414,26414
SH,600732,1.05,26379,26503
SZ,002465,1.33,26340,26382
SZ,000932,-1.02,26314,26314
SH,688065,-1.65,26299,32516
SZ,002015,0.12,26168,26168
SZ,002456,1.81,26110,27513
SH,600299,0.12,26024,26024
SZ,000962,9.99,25979,27233
SZ,002223,-0.85,25979,27638
SH,688018,5.04,25944,25944
SH,688102,5.23,25849,25924
SH,600396,7.09,25817,25817
SH,600704,0,25804,25804
SZ,300438,5.86,25790,32118
SH,600918,-0.34,25780,44739
SH,600862,-0.58,25771,25771
SZ,000951,1.15,25741,25741
SZ,002459,-0.12,25727,25750
SZ,002152,0.19,25715,25728
SZ,002841,6.26,25562,34281
SH,600153,-0.55,25516,25516
SH,603061,10,25479,25479
SZ,300570,-1.11,25427,30049
SH,603067,2.09,25408,25408
SH,603119,3.11,25397,25397
SH,688127,3.4,25393,25393
SH,600208,2.05,25354,25357
SZ,000739,-1.07,25337,25347
SZ,300489,7.83,25296,25389
SH,603823,10,25286,25286
SH,603688,7.02,25193,25193
SZ,300024,1.97,25168,25175
SZ,300558,2.46,25146,25226
SZ,000921,1.57,25145,37696
SZ,300383,-0.63,25138,25184
SZ,300236,5.62,25072,28208
SH,603345,-0.79,24962,28366
SH,603920,4.3,24846,24846
SH,603160,1.1,24823,24823
SH,600583,-0.7,24804,24804
SH,600161,-1.95,24776,24776
SH,600998,-2.95,24759,24759
SH,600323,-1.23,24738,24738
SH,600641,8.89,24736,25168
SH,603049,-1.1,24714,42797
SZ,000415,2.23,24700,28325
SH,601155,1.48,24677,24677
SH,688475,0.51,24633,24633
SH,600166,0.97,24623,24623
SZ,000887,1.69,24500,24539
SH,688192,5.51,24458,24668
SZ,000547,2.19,24457,24600
SH,601918,1.07,24429,24429
SZ,001389,5,24426,75785
SZ,300255,3.1,24390,24429
SH,601399,0.3,24382,24382
SH,601606,0.42,24363,24363
SH,601928,-1.94,24355,24355
SZ,002180,4.5,24349,25452
SZ,000062,2.96,24315,24338
SH,603885,1.72,24315,24315
SH,600330,8.61,24274,24274
SH,603596,1.31,24272,24272
SH,600546,-0.56,24265,24265
SZ,000738,0.05,24160,24160
SH,688778,2.73,24149,24149
SH,600100,-0.4,24122,24122
SZ,002498,-1.75,24119,24119
SZ,002266,2.26,24116,25992
SH,600566,-0.6,24086,24168
SZ,002046,4.09,24044,24316
SH,600295,-1.45,24043,34061
SH,688548,7.39,24020,45849
SZ,920185,0.71,23956,24357
SH,601069,6.22,23936,24579
SH,600095,0.36,23931,23931
SH,601099,0.29,23925,23925
SZ,000400,-1.46,23834,23917
SZ,002244,1.29,23798,26852
SZ,301018,7.82,23785,31477
SH,689009,-0.93,23760,31097
SH,688349,-0.65,23743,24155
SH,600977,-0.85,23711,23711
SH,601866,-0.4,23693,32101
SH,605090,2.6,23667,23691
SZ,002430,1.98,23617,23627
SH,600884,1.1,23526,28789
SZ,000733,2.39,23521,23524
SH,688278,0.07,23512,23512
SH,600535,-0.81,23485,23485
SZ,001270,7.77,23434,23584
SZ,300496,2.53,23375,29204
SH,603605,-0.14,23323,23323
SZ,300738,2.96,23263,23271
SH,601228,-0.64,23237,23237
SH,603301,1.13,23163,23163
SZ,300677,4.74,23066,32436
SZ,002157,0.68,23052,27380
SZ,002085,0.28,22995,22995
SH,603678,8.09,22946,22946
SH,688425,-0.22,22934,22934
SH,688820,4.66,22861,246296
SZ,300811,6.97,22819,27802
SH,603730,7.4,22775,22775
SH,603881,0.61,22758,22758
SH,601567,0.12,22750,22750
SH,601118,1.14,22724,22724
SH,601128,-1.1,22692,22692
SH,600550,0.57,22688,22688
SH,688195,5.66,22636,22636
SZ,002603,-2.07,22630,27466
SH,600126,0.3,22627,22627
SZ,002271,1.11,22610,28211
SZ,300814,8.3,22547,22547
SZ,000155,0.66,22523,22523
SH,600390,0,22445,22445
SZ,000750,0.26,22431,24714
SH,600388,2.08,22404,22404
SH,600486,-0.19,22376,22376
SZ,000158,0.93,22358,22509
SH,601608,0.62,22348,22348
SH,603565,0.57,22345,22345
SH,601963,-1.61,22293,39739
SH,600098,-1.69,22262,22262
SH,600873,-0.87,22238,22238
SH,603306,10,22228,22228
SZ,000709,-0.45,22221,22225
SH,601106,0,22219,22219
SH,601016,0,22160,24018
SH,600246,6.26,22137,22752
SH,603663,10.01,22101,22116
SZ,002065,-0.25,22042,24298
SH,688819,-0.39,21999,21999
SZ,000034,4.02,21993,26334
SH,603728,1.27,21983,21983
SZ,300474,0.69,21933,28201
SZ,000564,0.69,21888,26184
SH,600685,0.83,21883,37656
SZ,301205,-2.19,21864,33962
SZ,000623,0.05,21799,21885
SZ,002364,3.83,21772,21985
SH,600745,-0.17,21758,21758
SZ,002396,10,21738,21828
SH,605111,5.68,21718,21718
SH,600132,-2.32,21667,21667
SH,688343,6.26,21666,21666
SH,600598,-0.89,21634,21634
SZ,300699,0.57,21620,21881
SH,603337,0.81,21614,22047
SZ,003035,-0.34,21591,21591
SH,688114,3.31,21551,21596
SH,688403,8.5,21550,21550
SH,603588,7.7,21523,21523
SZ,300896,0.24,21508,31833
SZ,001267,10.01,21470,27695
SH,603077,1.67,21461,21461
SZ,301536,5.42,21434,48286
SH,688400,3.67,21429,22284
SZ,002379,-2.12,21409,245506
SH,601677,1,21347,21347
SZ,000598,-1.23,21303,21306
SH,600516,0.19,21177,21177
SZ,002423,-0.75,21175,21175
SH,600329,-1.34,21152,28725
SH,600008,-1.7,21141,21141
SZ,002624,0.09,21092,22387
SH,603737,0.3,21046,21046
SH,600765,-1.3,21036,21036
SH,600353,9.54,21027,21027
SH,603899,-1.07,21027,21027
SZ,002545,4.26,21021,23140
SZ,300806,9.65,20970,29101
SH,600848,-1.45,20947,22072
SZ,002007,-1.4,20928,24282
SH,600170,-1.25,20882,20882
SZ,002335,1.97,20848,23839
SH,603233,-1.77,20795,20795
SZ,002536,9.97,20780,21940
SH,601865,-1.61,20778,25608
SZ,300085,4.02,20747,22485
SH,600688,-0.69,20741,29836
SH,601997,-1.04,20694,20694
SZ,002468,-2.15,20683,21447
SZ,000825,-0.26,20677,20677
SH,603290,4.26,20674,20674
SH,688005,1.98,20624,20624
SZ,000519,2.35,20610,20610
SZ,001896,4.33,20583,20583
SH,603005,3.41,20543,20543
SH,600970,-1,20503,20503
SH,688205,1.93,20476,20476
SZ,300003,0.15,20447,23872
SH,688372,7.87,20395,20395
SZ,002716,6.82,20368,24758
SZ,300012,0.28,20367,23947
SH,603876,1.62,20342,20342
SZ,300763,1.63,20296,25035
SH,603171,3.58,20295,20317
SZ,002299,0.3,20277,20680
SZ,002948,0.53,20182,33351
SZ,300762,3.99,20145,20145
SH,603667,1.01,20141,21073
SH,603833,0,20133,20133
SZ,300776,7.16,20128,32018
SZ,002130,-0.05,20095,24526
SH,603516,4.48,20083,20083
SH,688257,9.86,20062,20062
SH,601858,5.93,20047,20047
SH,600961,9.58,20043,28603
SH,600582,-1.42,20031,20031
SH,601666,1.12,20027,20027
SZ,301035,0.35,19985,20015
SZ,000039,0.93,19976,46807
SZ,002831,2.12,19970,36022
SH,600602,0,19928,25370
SH,601158,-1.18,19920,19920
SZ,000683,0.34,19898,22152
SZ,002265,-0.46,19865,19865
SZ,300142,1.78,19809,20088
SH,600967,0.35,19775,19775
SZ,300487,1.04,19738,32625
SH,688502,14.25,19694,19694
SZ,000009,-3.4,19681,19705
SZ,300779,3.11,19675,25750
SZ,000029,2.27,19670,22317
SH,688270,4.16,19663,19663
SH,600927,0.75,19596,19596
SZ,301171,3.75,19579,24129
SH,601187,-1.71,19566,19609
SZ,002461,-1.33,19566,19566
SZ,002497,2.28,19496,21207
SH,688208,0.21,19489,19489
SZ,300398,7.04,19480,19586
SZ,300821,7.28,19461,19464
SZ,002500,-0.17,19457,19457
SZ,300623,3.89,19452,21093
SZ,000603,10,19435,20113
SZ,002318,-1.49,19395,19866
SH,688097,6.55,19340,19340
SH,603000,1.28,19316,19316
SH,601098,-1.91,19307,19307
SH,603530,4.32,19296,19474
SH,603358,5.35,19270,19602
SH,600131,-0.55,19230,19248
SZ,002120,-0.57,19171,19744
SZ,000686,0,19122,19122
SZ,002262,-1.31,19107,21961
SZ,002044,1.44,19100,19297
SH,688123,6.67,19068,19068
SH,603236,2,19068,19068
SZ,002518,4.73,19017,19592
SZ,002683,0.85,19017,21680
SH,600012,-1.97,19011,27867
SH,603115,10,18975,18975
SH,600518,-2.13,18937,18946
SZ,300627,0.38,18917,22843
SZ,002491,10,18894,19754
SZ,002270,1.99,18865,18866
SZ,300456,3.18,18832,23079
SH,688363,0.08,18824,18824
SZ,000997,-1.05,18819,18925
SZ,300843,4.18,18819,19195
SZ,300088,7.55,18766,18858
SH,600339,-1.46,18759,18759
SH,603186,10,18707,18707
SH,603658,-2.67,18663,18663
SH,603950,9.3,18658,18673
SZ,002670,2.96,18604,22176
SZ,002756,2.6,18603,25909
SZ,300122,-0.44,18598,31478
SH,600007,-0.74,18594,18594
SZ,002149,6.31,18579,18581
SH,601139,-0.61,18555,18555
SH,688561,0.44,18537,18537
SZ,002739,1.02,18530,18795
SZ,000429,-0.97,18507,29689
SH,600380,-0.78,18496,18496
SZ,300257,6.09,18473,19227
SH,688281,-0.05,18458,18458
SH,688523,2.16,18444,18444
SZ,300747,3.89,18405,19802
SH,600577,0.98,18390,18390
SH,600316,-0.69,18322,18322
SH,600004,-1.27,18271,19896
SH,600606,-0.75,18270,18270
SH,601969,0.87,18265,18377
SZ,002389,-0.1,18189,18191
SZ,001337,9.99,18173,18173
SH,603529,0.09,18163,18521
SH,688692,1.7,18096,27631
SH,600655,0.22,18088,18094
SH,601609,2.26,18012,18012
SZ,000543,-1.23,17999,17999
SH,603132,7.19,17937,17937
SH,688795,2.86,17928,278788
SH,688233,15.6,17925,17925
SH,600032,-0.66,17915,17915
SH,600629,10.04,17902,17902
SZ,000969,1.66,17901,18058
SZ,000875,-0.73,17882,19406
SH,600038,-0.55,17841,21867
SH,600500,5.07,17834,17834
SZ,301297,2.49,17817,23419
SH,603638,1.86,17816,17816
SH,601975,2.7,17785,17785
SZ,000032,5.03,17766,17766
SZ,000591,-0.21,17760,17767
SH,688268,8.34,17748,17748
SZ,300953,7.01,17734,24673
SZ,300903,14.38,17725,23337
SH,601636,0.17,17722,17722
SZ,002402,3.69,17720,19991
SH,600410,3.39,17708,17708
SH,600120,-0.18,17692,17692
SH,603871,-0.22,17675,17675
SH,603773,10,17653,17659
SZ,002145,-0.64,17586,17587
SH,603786,1.33,17527,17527
SZ,002192,5.22,17506,17542
SZ,300364,3.2,17475,19276
SH,600754,-0.15,17469,20558
SZ,000935,3.3,17468,17468
SZ,300170,4.09,17467,18291
SH,600956,-1.71,17446,33437
SZ,000937,-1.27,17411,17919
SH,605020,5.98,17391,17664
SH,688388,5.63,17323,17323
SZ,300888,-0.19,17306,17384
SZ,000513,-1.45,17254,26966
SZ,001287,3.04,17250,17250
SZ,000528,-0.46,17216,17240
SZ,300724,1.01,17211,20835
SZ,300568,5.4,17210,21292
SH,600820,-2.14,17198,17198
SH,601020,3.71,17170,17170
SH,688131,-0.58,17170,17170
SZ,002925,3.21,17165,18119
SH,600186,4.13,17140,17175
SH,600226,7.29,17073,17073
SH,600664,4.96,17050,17050
SH,601333,-0.65,17013,21321
SH,600179,1.38,16994,18619
SZ,300102,2.38,16917,16999
SH,603226,2.59,16897,16897
SH,688772,0.68,16892,16892
SZ,920438,4.24,16867,17480
SZ,002958,-0.95,16863,17222
SH,688652,8.6,16845,23436
SH,688449,8.15,16839,26418
SZ,003021,1.59,16834,21718
SZ,300413,-1.19,16827,30811
SH,600171,1.32,16809,16809
SH,600062,-0.73,16798,16804
SH,688700,7.84,16785,16785
SZ,000682,-0.31,16784,16786
SH,603733,1.18,16770,16770
SH,603997,1.46,16743,16743
SH,688596,20,16698,16698
SH,601966,-1.12,16684,16684
SZ,000766,-2.47,16683,16691
SZ,002237,4.41,16669,19991
SZ,300199,5.08,16647,19732
SH,601101,3.58,16646,16646
SH,603355,1.61,16646,16646
SH,605196,1.11,16641,16760
SZ,300657,2.4,16623,17106
SH,688615,5.61,16620,24069
SH,605198,8.35,16614,20522
SH,600739,-0.08,16578,16578
SZ,002611,-0.47,16575,20097
SH,688582,2.41,16572,16572
SZ,300660,1.03,16533,16543
SZ,300773,0.75,16519,17463
SH,603858,-0.88,16515,16515
SZ,300002,1.25,16456,17488
SH,601326,-1.14,16414,19277
SZ,300676,1.15,16408,16498
SZ,000050,2.13,16368,16368
SH,601137,2.95,16361,16373
SH,600435,0.09,16288,16288
SH,600763,-0.26,16281,16281
SH,600110,6.24,16241,16241
SH,688390,2.79,16231,16231
SZ,002405,-0.42,16208,16307
SH,600867,-1.3,16178,16178
SZ,002312,1.42,16163,16197
SH,601369,-0.93,16158,16321
SH,600552,6.68,16134,16134
SZ,002506,1.85,16131,16147
SH,688520,3.19,16130,17036
SH,601921,-1.48,16111,16111
SZ,002957,10.01,16107,16157
SH,600528,-1.35,16106,16106
SZ,002171,3.96,16105,16197
SZ,002176,2.16,16097,16120
SH,601156,0.06,16096,27052
SZ,000970,1.15,16072,16072
SZ,300144,-0.63,15980,16149
SH,688503,6.96,15948,15948
SZ,000537,-0.76,15932,15932
SH,600761,0.11,15926,15926
SH,600750,-2.53,15922,16093
SH,600928,-0.55,15836,15911
SZ,001213,-0.55,15778,15778
SH,603317,-0.66,15751,15751
SH,600459,8.76,15749,17067
SZ,300735,0.63,15724,16797
SH,600959,-0.62,15702,15702
SZ,000723,-2.18,15691,15721
SZ,000902,1.03,15690,17227
SH,600623,0.72,15665,17698
SH,600835,0.62,15654,19552
SZ,000563,-0.64,15649,15649
SH,600808,-0.37,15636,20176
SZ,002326,2.4,15586,17762
SH,603026,2.4,15568,15568
SZ,300613,0.8,15567,16503
SH,688279,6.63,15563,19149
SH,688392,8.25,15560,15560
SZ,301316,3.54,15560,16051
SH,688166,2.03,15558,15558
SH,688484,3.72,15552,15552
SH,688380,5.92,15550,15550
SH,601702,-0.56,15547,15547
SH,600531,5.85,15539,15539
SZ,002896,3.69,15510,15510
SZ,300201,3.08,15436,15519
SH,605296,2.83,15426,15671
SZ,300131,-0.66,15426,16798
SH,600877,2.6,15405,15405
SZ,002320,0.73,15382,15382
SH,688800,6.79,15336,15336
SH,603002,8.07,15333,15333
SZ,002410,0.31,15293,16090
SZ,000539,1.7,15281,31397
SH,600511,-1.6,15245,20787
SH,603662,2.09,15235,15235
SH,603938,6.45,15228,15228
SH,600872,-0.54,15204,15269
SH,688779,0.77,15202,15202
SH,688353,6.33,15200,15200
SH,600397,10.04,15196,15196
SZ,301550,4.77,15186,24812
SH,603025,-0.06,15185,15287
SZ,300723,1.66,15183,16360
SH,688100,-0.66,15179,15311
SH,688690,2.34,15175,15175
SH,600888,4.05,15174,15174
SH,600452,-0.59,15166,15166
SH,601019,-2.54,15151,15151
SH,688308,9.58,15132,15132
SZ,000927,-0.78,15126,15126
SZ,300260,10.55,15101,21410
SZ,000778,-0.25,15068,15338
SZ,002568,0.56,15029,20541
SH,603063,8.39,14981,15043
SH,600744,1.1,14969,14969
SH,600651,3.11,14942,14942
SZ,000966,-1.37,14934,14934
SH,688206,5.07,14931,14931
SZ,300342,3.72,14846,15067
SH,600475,1.09,14822,15028
SH,688150,5.24,14794,14794
SH,603283,6.93,14792,14792
SH,603826,10.01,14787,14787
SH,601568,-0.26,14777,14777
SH,600022,-0.71,14764,14764
SH,688003,7.05,14763,14763
SZ,000680,0.99,14738,16817
SH,688661,3.34,14721,14721
SZ,002946,0.23,14717,14890
SZ,300679,5.28,14698,17371
SZ,002773,-0.59,14697,19716
SZ,002508,-0.62,14666,14845
SH,600596,2.16,14657,14657
SH,688531,6.15,14655,21143
SZ,002913,6.96,14637,15208
SZ,002250,2.19,14588,14668
SZ,002158,2.59,14582,14614
SZ,002969,2.85,14566,14643
SZ,300602,5.59,14559,21282
SH,601778,1.3,14557,14557
SZ,001248,2.85,14555,182506
SZ,301285,7.79,14548,14548
SH,600548,-1.04,14538,21521
SH,688593,5.29,14535,14535
SZ,000506,5.4,14506,14511
SZ,002552,10.01,14497,15263
SH,688158,0.43,14489,16286
SZ,300253,0.78,14466,17170
SH,600633,0.35,14456,14456
SH,601375,-0.23,14445,19454
SH,601965,0,14427,14488
SZ,002768,6.53,14404,24930
SH,600172,10,14397,16181
SZ,000422,1.2,14376,14650
SH,603613,0.35,14368,14368
SZ,001331,6.6,14349,20544
SZ,002911,-1.47,14330,14682
SZ,300655,5.72,14310,14376
SH,688031,13.22,14303,14303
SZ,000088,-0.65,14265,23450
SH,688088,2.42,14258,14258
SH,600621,0.07,14227,14227
SZ,300999,-0.86,14207,141937
SH,600710,0.18,14178,14178
SH,600267,-1.14,14175,14175
SZ,300957,-0.55,14155,14233
SH,600906,1.37,14126,21579
SH,600816,-0.38,14110,25399
SH,600320,-0.69,14101,22393
SZ,300229,2.15,14099,14109
SZ,002249,0.27,14090,18650
SH,688368,6.09,14082,23199
SH,600779,1.05,14064,14064
SH,603505,1.96,14039,14039
SH,600361,-0.52,14035,14035
SH,603009,1.07,14011,14011
SH,605289,4.44,13990,14010
SH,600490,4.78,13988,15534
SZ,001301,0.3,13985,19605
SH,688538,-0.4,13978,33557
SZ,002408,-0.38,13976,14442
SH,688625,5.41,13970,13970
SH,601827,-0.7,13961,13961
SH,600056,-1.57,13952,13957
SH,600403,2.28,13938,13938
SZ,002290,3.78,13937,13981
SH,688258,14.67,13933,13933
SZ,000685,0.54,13924,16395
SH,600456,0.66,13903,13903
SH,603305,-0.24,13903,13903
SZ,001286,0.19,13892,38588
SH,688545,14.67,13847,27353
SZ,001696,0.39,13843,17782
SZ,300323,5.62,13837,18908
SH,600416,-0.1,13799,13799
SZ,301275,-0.68,13788,19359
SZ,002867,0.24,13780,13862
SZ,300469,0.51,13765,13772
SZ,300718,5.38,13754,20897
SZ,002048,1.62,13746,15765
SZ,301611,9.56,13739,40866
SH,600933,0.79,13734,14420
SH,603039,7.62,13733,13733
SZ,000612,1.05,13710,13710
SZ,002153,0.23,13710,23389
SZ,002010,-0.39,13704,13737
SZ,300319,6.14,13688,14272
SH,688549,20.01,13678,34288
SH,600675,-0.43,13664,13664
SH,603203,7.02,13633,13791
SH,688055,4.07,13633,13633
SH,603456,-1.71,13631,13631
SH,603868,-0.28,13630,13630
SZ,301005,4.46,13622,13906
SZ,300455,0.1,13620,13795
SZ,000089,-0.89,13576,13576
SH,600575,-2.23,13563,25012
SH,600258,-0.64,13556,13556
SH,601678,2.48,13527,15947
SZ,002507,-1.33,13522,13559
SH,600409,-1.2,13521,13521
SZ,002563,-0.15,13507,16488
SH,688029,-0.07,13504,13504
SH,688006,4,13504,13504
SH,600783,6.21,13488,13488
SZ,002226,-0.77,13483,13483
SH,600064,-0.12,13479,13479
SZ,301319,5.61,13478,17883
SH,600057,-0.61,13455,18255
SH,688802,4.31,13452,290485
SZ,301093,9.82,13410,14045
SH,600167,-1.16,13396,13396
SZ,002979,5.76,13372,18969
SZ,000799,0.66,13350,13351
SZ,000672,3.46,13329,13329
SH,600916,3.12,13322,13322
SH,600155,-0.32,13303,13303
SH,605389,2.91,13286,14048
SH,605099,1.16,13264,13293
SZ,000785,-0.86,13234,14198
SZ,300100,0.94,13206,13699
SH,600764,-1.16,13175,13175
SZ,002151,0.68,13129,16097
SH,688401,3.4,13125,13940
SZ,000815,2.61,13106,13106
SZ,300457,0.78,13091,13304
SH,600366,3.57,13079,13079
SH,600850,0.31,13068,13068
SH,600301,5.47,13067,30022
SH,600821,-1.18,13063,13063
SZ,300166,0.49,13043,16398
SZ,000620,2.57,13034,16382
SZ,301128,7.04,13029,14812
SZ,002607,9.81,13027,14493
SZ,300671,7.63,13020,13055
SH,600271,-0.84,13007,13007
SZ,301219,3.41,13006,18223
SH,603707,-1.34,12974,12974
SH,601133,6.6,12963,13008
SZ,300409,1.69,12956,14558
SZ,300975,11.16,12942,18068
SH,600529,-0.86,12907,12907
SH,688516,2.55,12896,12896
SZ,002354,0.51,12875,13104
SZ,300459,-0.75,12853,13747
SH,603888,0.12,12833,12833
SH,600113,1.57,12800,13103
SH,688535,8.57,12799,13733
SH,688260,6.63,12796,12796
SH,603738,4.21,12792,12792
SH,603882,0.54,12792,12879
SZ,000681,0.59,12765,13227
SH,603556,-1.97,12750,12750
SH,600285,-1.52,12729,12743
SZ,002936,-1.08,12723,16457
SZ,002372,-2.14,12723,13771
SZ,300436,2.23,12722,14820
SH,603515,-1.87,12697,12775
SZ,300182,-1.91,12675,14944
SZ,300133,0.79,12664,14267
SZ,000592,2.8,12659,12769
SH,601339,3.18,12641,12641
SZ,001258,0.97,12628,12628
SZ,000069,3.39,12624,14709
SZ,300179,10.37,12614,16383
SH,688567,0.39,12612,12612
SH,600717,-0.67,12589,12589
SH,600827,-1.37,12579,13988
SH,605599,1.25,12577,12577
SZ,002167,7.6,12572,12836
SZ,002534,3.19,12562,12723
SH,600116,-1.64,12544,12544
SH,688116,1.03,12543,12543
SH,688143,13.53,12531,13187
SZ,002901,0.51,12523,17977
SZ,002929,6.96,12511,16544
SZ,002091,-0.37,12499,12696
SZ,002366,4.66,12471,14026
SZ,001339,7,12468,25185
SH,600702,0.51,12461,12467
SH,688107,4.4,12458,12458
SZ,002268,-0.6,12451,12456
SH,600211,-1.27,12442,12442
SH,605507,-1.54,12439,12439
SZ,002643,3.77,12433,12621
SZ,301095,6.03,12419,14376
SZ,300034,0.75,12419,12903
SZ,000762,2.23,12416,12416
SH,600338,2.19,12397,12397
SH,600776,0.54,12380,16265
SZ,002755,-0.81,12372,12372
SH,688222,1.75,12361,12361
SZ,301015,-0.37,12356,12357
SH,600063,2.4,12353,12353
SZ,002440,2.35,12350,14668
SH,603698,2.95,12338,12338
SZ,002183,0.21,12336,12336
SZ,002847,0.02,12331,13663
SZ,002531,-0.28,12329,12398
SH,688603,7.84,12320,12320
SZ,000711,0.19,12311,15267
SZ,002400,2,12308,12430
SH,601107,-1.89,12306,17400
SH,600755,-0.68,12303,12334
SH,600589,-0.71,12301,12327
SH,603031,3.2,12274,14595
SZ,000758,2.48,12273,12321
SZ,002645,4.76,12264,13579
SZ,301238,1.27,12261,12261
SH,688809,6.81,12256,61282
SH,688660,3.38,12227,12227
SZ,300070,-1.38,12193,12866
SZ,301626,5.13,12170,26756
SZ,300682,-0.33,12170,12723
SZ,000567,-0.15,12159,12197
SZ,000070,4.89,12140,12305
SH,600986,0.99,12137,12137
SH,600343,1.98,12132,12132
SZ,002399,-1.01,12110,14247
SZ,000973,2.29,12083,30703
SZ,300761,2.49,12073,16038
SH,603267,2.84,12060,12060
SZ,002416,-0.19,12043,12195
SZ,002617,1.75,12036,12238
SZ,000156,-1.25,12018,13100
SH,603589,-0.98,12010,12010
SZ,300593,4.19,11991,14447
SH,603078,10.02,11986,11986
SZ,002174,0.16,11967,11973
SZ,000035,2.99,11958,12346
SH,688028,10.18,11925,11925
SZ,000901,1.15,11917,11917
SZ,300720,8.25,11911,12605
SZ,301039,-0.48,11881,15330
SZ,002987,1.39,11853,12163
SH,600315,-0.95,11851,11851
SH,605118,-0.85,11849,11918
SZ,300674,0.9,11846,11863
SZ,920808,2.53,11841,12160
SZ,000801,-0.25,11826,11830
SH,603927,-0.2,11817,11817
SH,603389,3.29,11813,11813
SH,601068,0.44,11774,13744
SZ,002287,-1.24,11761,11786
SH,600268,-0.08,11759,11760
SZ,002096,-0.83,11759,11759
SH,600635,1.67,11755,14349
SH,601512,-0.5,11751,11751
SH,601992,-0.69,11751,15056
SH,601222,-1.19,11737,11737
SH,688559,3.96,11694,11694
SZ,002597,0.64,11685,11707
SZ,300357,-0.73,11662,12618
SH,600420,-0.9,11655,11655
SZ,301029,0.51,11652,16359
SZ,002051,1.83,11626,11627
SZ,002975,10,11622,17610
SZ,300775,0.46,11606,11953
SH,603800,6.25,11596,11596
SZ,300573,-0.18,11594,15097
SZ,300835,8.31,11592,16540
SH,688059,17.78,11567,12359
SZ,002779,3.08,11560,12884
SH,688306,-0.1,11558,11558
SZ,300146,0.49,11543,17424
SH,600216,-0.56,11531,11655
SH,603983,1.59,11529,11529
SH,600461,-1.2,11493,11493
SZ,301666,5.28,11491,189030
SZ,002544,2.37,11480,11481
SZ,002668,5.81,11459,11459
SH,600864,-0.17,11443,11443
SZ,300428,0.68,11440,13143
SH,600882,0.94,11435,11435
SZ,300376,-0.4,11428,11432
SH,600619,3.06,11411,15521
SZ,001280,2.11,11376,135425
SZ,002745,5.32,11375,15866
SZ,002217,0.65,11356,11668
SZ,002182,9.97,11355,13012
SZ,300827,0.35,11350,14474
SH,601619,-1.47,11346,13574
SH,603118,5.65,11337,11337
SZ,300726,6.58,11322,21745
SH,603297,10,11319,11319
SZ,300638,1.04,11309,19172
SH,601952,-0.84,11300,11300
SZ,000099,-0.74,11295,11295
SZ,002024,-0.8,11289,11303
SZ,300315,-1.1,11284,12022
SZ,300601,0.16,11237,13939
SZ,002373,0.25,11227,12879
SZ,002947,4.49,11222,14474
SZ,002310,0,11217,15298
SZ,000048,6.81,11205,11224
SZ,002011,0.29,11199,11336
SZ,002181,9.18,11198,11460
SH,600006,-0.35,11180,11180
SZ,000839,-0.69,11172,11172
SZ,002139,-0.85,11171,13004
SH,688063,1.49,11161,11161
SH,688321,1.75,11154,12114
SZ,000990,1.08,11144,11144
SZ,002246,1.3,11123,11123
SH,600363,-10,11110,11110
SH,688198,-2.14,11105,11105
SZ,301150,6.69,11099,11832
SH,600559,-1.05,11096,11096
SZ,000767,0.53,11096,11723
SH,600612,0.43,11086,18288
SZ,002838,5.06,11084,12606
SZ,300607,3.24,11080,15659
SZ,002698,-1.05,11075,13416
SH,603040,5.82,11075,11133
SH,603185,3.03,11068,11134
SZ,002083,3.45,11057,11057
SH,603693,-0.07,11054,11054
SH,600162,4.32,11047,11047
SH,600908,-1.24,11036,12115
SH,603906,3.1,11035,15506
SH,600446,3.54,11013,11013
SZ,300302,6.01,10991,14282
SZ,300065,2.33,10977,12057
SH,603991,5.26,10974,18718
SZ,920116,3.18,10967,10967
SZ,300185,-1.03,10962,11503
SZ,002348,9.98,10951,12037
SZ,002413,1.68,10946,11148
SH,601801,0,10945,10945
SH,600376,0.24,10937,10937
SZ,002539,2.85,10936,14843
SZ,000810,1.86,10928,11318
SZ,002807,-1.45,10922,10938
SH,603281,2.04,10907,10907
SZ,300049,-0.5,10904,12323
SH,603757,4.81,10894,10894
SH,688153,1.92,10893,11210
SZ,002839,-1.32,10891,10902
SH,603992,0.74,10890,10890
SZ,000998,-1.07,10883,12167
SH,600058,2.11,10880,10880
SZ,003018,10.01,10880,12005
SH,603989,6.74,10863,10863
SH,600572,-2.05,10836,10865
SZ,301047,8.4,10834,11020
SZ,000028,-1.09,10833,12612
SZ,301123,5.65,10810,15369
SH,600480,0,10809,10890
SZ,000899,0.27,10801,10801
SZ,000555,0.36,10789,10802
SH,600248,-2.01,10784,10808
SH,600509,1.16,10775,10775
SH,603393,-0.65,10768,10768
SZ,300777,0.64,10760,10979
SZ,002276,0,10736,10778
SZ,300353,2.32,10715,12199
SZ,000949,0.94,10684,10687
SH,688698,1.78,10668,10668
SZ,301207,-0.38,10668,10674
SZ,002003,0.1,10640,12376
SZ,300224,1.41,10636,10675
SH,688202,1.47,10635,10635
SZ,002654,4.06,10625,10625
SZ,000061,-2.14,10622,11751
SH,601163,-0.44,10608,10608
SH,688160,3.17,10605,10605
SZ,301267,-1.02,10596,13726
SH,600728,-1.58,10578,10578
SZ,301071,8.6,10563,14369
SH,688383,6.49,10557,10557
SZ,002385,-0.64,10529,13072
SZ,002081,1.53,10524,10568
SH,603099,-0.91,10513,10513
SH,603859,2.51,10510,11442
SH,603220,2.89,10502,10502
SH,601949,-1.24,10491,10491
SH,600773,2.33,10467,10467
SZ,300077,2.1,10466,12532
SH,603601,4.21,10464,10464
SZ,000828,-0.29,10458,10458
SH,601900,0.08,10443,10443
SH,600395,-0.2,10433,10433
SZ,002204,-0.91,10429,10429
SH,603218,-0.87,10423,10432
SH,603533,2.64,10415,10415
SZ,002439,-0.34,10412,17311
SZ,300204,2.41,10412,12424
SZ,002254,3.47,10411,10423
SH,688663,-0.1,10405,10405
SZ,002792,6.92,10385,16103
SZ,300188,3.68,10377,10425
SZ,000700,2.54,10374,10374
SZ,300008,-0.15,10361,10869
SZ,002043,-0.46,10352,10637
SZ,002984,-1.15,10352,15026
SH,600383,0.44,10338,10338
SZ,001399,4.07,10338,177849
SH,600184,3.93,10332,10332
SH,603235,-1.9,10332,10332
SZ,301486,3.57,10331,18249
SZ,000727,-0.86,10327,10327
SH,600936,5.11,10310,10310
SZ,002031,2.48,10295,11833
SZ,301087,-2.36,10293,12517
SH,600662,0.22,10291,10321
SZ,003036,5.56,10289,10289
SZ,002063,0.69,10279,11129
SH,600718,-0.46,10242,10242
SZ,002297,5.74,10236,10236
SH,688105,7.15,10226,10226
SZ,000917,-0.4,10220,10221
SH,603300,-0.57,10216,10216
SH,600123,0.87,10210,10210
SZ,300009,-1.18,10199,13850
SH,600458,2.53,10195,11170
SZ,300913,1.51,10185,12213
SZ,002891,-0.08,10185,10185
SZ,300026,-2.01,10174,10184
SH,601003,-0.24,10174,10458
SH,600391,3.32,10171,10171
SH,603027,-1.54,10167,10167
SH,600993,-1.33,10164,10181
SZ,300580,0.47,10161,10800
SH,600507,-1.56,10155,10155
SH,601882,0.05,10148,10148
SH,600648,0.34,10138,12117
SH,600787,-0.84,10134,10134
SZ,301031,4.03,10109,12859
SH,600163,-1.11,10105,10105
SH,688275,5.41,10102,10102
SH,600373,-1.7,10092,10092
SZ,002832,2.33,10082,14776
SH,605123,2.05,10081,10081
SZ,300377,1.53,10074,10950
SZ,002338,5.04,10061,10061
SZ,301188,9,10046,10046
SH,603011,4.37,10032,10032
SH,688182,5.47,10028,10028
SZ,002931,3.08,10028,10816
SZ,002565,2.71,10027,10027
SZ,002647,0.61,10021,11156
SH,600556,9.92,10015,10015
SZ,002020,0.66,10012,11908
SZ,002557,0.46,10005,10036
SZ,300951,10.5,9991,11179
SZ,002978,1.46,9985,12763
SZ,000837,0.3,9973,10129
SH,603713,2.63,9959,9959
SZ,300007,0.29,9940,11503
SZ,300328,2.99,9935,9984
SH,688319,5.24,9933,9933
SZ,002387,0.85,9932,9945
SZ,300693,2.41,9929,11552
SH,600037,-1.37,9923,9923
SH,603328,1.33,9915,9915
SZ,002865,3.14,9902,13789
SZ,301382,2.15,9899,11961
SH,601038,-1.74,9885,15180
SZ,000676,2.75,9883,9889
SH,600033,0.56,9880,9880
SZ,000403,0,9877,9979
SZ,300378,3.51,9861,9936
SZ,002741,5.38,9852,10736
SZ,002655,10,9850,9869
SH,603341,2.88,9848,19247
SH,603619,-1.7,9843,9843
SH,600666,3.97,9833,10813
SZ,301338,6.78,9822,13481
SZ,301127,6.92,9803,10098
SH,600094,5.01,9802,10718
SH,688020,7.63,9789,9789
SZ,000510,10.03,9779,10455
SH,688726,4.12,9778,18021
SZ,300624,5.35,9771,11032
SH,688508,8.58,9770,9770
SH,600072,-0.76,9761,13521
SH,600759,-0.83,9738,9750
SZ,301090,0.61,9738,9748
SZ,300303,1.24,9726,10371
SH,603360,2.76,9725,9725
SZ,300304,3.64,9724,9993
SH,600345,6.2,9711,15129
SH,601811,-0.96,9709,15127
SZ,002549,3.93,9700,9742
SH,600360,5.43,9699,9699
SZ,000410,0.2,9697,13033
SZ,002922,3.09,9685,10856
SZ,300113,-0.51,9682,12823
SZ,300684,4.94,9656,14137
SH,688068,5.22,9655,9655
SH,600757,-2.32,9647,9649
SZ,000600,1.03,9647,15959
SH,603103,0.73,9646,9646
SH,688543,-0.53,9646,9646
SZ,000795,1.29,9644,9644
SZ,000049,1.05,9644,9647
SZ,300415,2.21,9637,9966
SH,600367,10,9633,10207
SZ,002100,0.86,9625,9625
SH,688138,5.05,9623,9623
SH,603327,2.34,9618,9618
SZ,301078,0,9601,9611
SZ,000031,0,9601,9601
SH,605060,6.63,9601,9667
SZ,002541,0.73,9596,13345
SH,688327,0.79,9593,11949
SH,603100,0.37,9591,9622
SZ,301381,-0.03,9588,9597
SH,688351,0.15,9577,9577
SZ,300277,1.71,9568,18957
SZ,002815,3.36,9567,15192
SZ,002967,0.23,9560,11123
SZ,002961,0.86,9553,9553
SZ,000401,-0.54,9552,9642
SH,605318,6.82,9545,9545
SZ,002675,-0.38,9545,10588
SH,601200,-0.83,9545,9545
SZ,002703,10,9541,13392
SZ,300486,7.18,9540,9543
SH,600597,-1.41,9539,9539
SH,603883,-0.86,9532,9532
SH,603323,-1.6,9525,9525
SZ,300118,0.2,9518,11708
SH,603303,2.73,9506,9506
SZ,000552,-0.77,9501,13647
SH,601886,0,9495,9495
SH,603599,-0.66,9485,9485
SH,600971,-0.12,9480,9480
SZ,300863,8.63,9480,9868
SZ,301183,0.54,9477,12928
SH,688125,11.18,9462,9487
SH,688797,7.51,9446,50250
SZ,002169,5.69,9445,9745
SH,600198,1.12,9439,9451
SZ,300331,6.95,9429,11023
SH,688611,0.33,9414,9414
SZ,300618,1.68,9407,10691
SZ,000923,3.17,9400,9771
SH,603057,1.15,9398,9469
SZ,002705,0,9393,9442
SH,688378,5.49,9393,10190
SZ,000420,0.53,9390,9393
SH,600269,-1.46,9388,9388
SH,603712,0.66,9388,9388
SZ,300529,-0.96,9382,14622
SZ,000516,-0.92,9370,9515
SH,600328,-0.77,9370,9370
SH,605179,7.61,9359,9359
SH,601311,-0.37,9350,9350
SH,603583,-1.99,9346,9432
SH,600307,-0.66,9332,9332
SZ,002426,2.62,9323,9323
SH,688359,9.39,9323,9323
SH,600326,-0.43,9319,9319
SH,601528,-0.58,9316,9850
SZ,002293,2.37,9307,9385
SZ,002061,-1.64,9305,9462
SZ,301021,8.36,9299,9310
SZ,301177,1.35,9296,9302
SH,605255,1.91,9292,9292
SZ,002368,0.2,9291,9336
SH,603538,2.87,9289,9372
SZ,002511,-0.4,9285,9404
SH,688584,6.5,9283,18095
SZ,002842,9.99,9278,11307
SZ,001308,5.78,9277,13406
SZ,001914,-1.78,9262,9262
SH,603169,1.58,9262,9262
SZ,001227,-1.34,9236,12474
SZ,002345,5.76,9236,9463
SH,601860,-1.13,9234,9519
SZ,000833,2.93,9233,16322
SZ,002361,2.79,9231,10851
SH,688090,8.92,9230,9230
SZ,002580,5.65,9223,9254
SH,688128,0.75,9223,9223
SH,603124,7.73,9212,17300
SZ,300596,5.05,9210,9412
SZ,002170,1.13,9206,11325
SZ,300005,4.27,9204,9279
SZ,000536,1.83,9201,9211
SZ,000950,-3.58,9198,9198
SZ,000656,-0.81,9181,12812
SZ,300263,4.91,9180,9739
SH,600929,2.57,9168,9168
SZ,000006,1.34,9166,9166
SH,603125,10.02,9153,9153
SH,688697,3.93,9137,9137
SH,605016,1.68,9135,9135
SZ,300687,9.07,9132,11105
SH,688165,2.4,9131,9131
SZ,300634,2.49,9128,9484
SZ,301216,2.01,9111,9707
SH,688139,-0.09,9109,9109
SZ,000848,-0.54,9090,9170
SH,600185,-0.4,9086,9086
SZ,002208,5.8,9083,9085
SZ,000980,1.12,9077,9077
SH,600740,-1.11,9070,9070
SH,600273,-0.57,9061,9061
SH,605006,7.28,9052,9052
SH,688376,8.01,9048,9048
SH,688262,6.62,9035,9035
SH,603915,0.88,9029,9183
SH,688662,12.37,9022,9022
SH,688552,2.37,9018,9018
SZ,000818,0.51,9011,9035
SZ,002283,5.03,9005,10232
SZ,300772,1.65,9003,10150
SH,600782,-1.03,8997,9106
SZ,002075,0,8995,8995
SZ,300850,-1.02,8990,12377
SZ,002937,3.56,8989,9013
SH,688227,6.3,8988,8988
SH,600481,0.46,8979,8979
SZ,300766,3.21,8970,9892
SZ,301357,0.29,8968,8968
SZ,002173,1.63,8948,9382
SZ,002243,0.81,8947,8995
SZ,002062,1.4,8941,9836
SH,688231,6.12,8926,8926
SZ,301606,3.03,8917,22422
SZ,300382,2.77,8915,8915
SH,603508,-0.12,8910,8910
SZ,002993,5.51,8906,10310
SH,688289,-0.76,8905,8905
SH,600996,0.28,8902,8902
SH,600133,-0.59,8892,8892
SH,600997,-2.43,8892,8892
SZ,002289,3.32,8881,9069
SH,603690,6.04,8869,8869
SH,600645,-0.41,8864,8868
SZ,001232,-3.88,8837,111062
SZ,300042,5.83,8835,8836
SZ,301363,1.14,8822,13452
SH,688076,2.17,8820,8820
SZ,000930,-0.62,8818,8818
SZ,300420,19.73,8808,8808
SH,600389,-0.67,8807,8807
SZ,002115,1.72,8806,9499
SH,688083,4.81,8794,8794
SZ,000712,9.98,8787,8790
SZ,000829,0.7,8787,8795
SH,603809,-0.09,8780,8780
SH,603936,3.42,8763,8970
SH,688190,1.73,8760,8760
SH,601929,1.21,8759,8759
SH,688325,4.58,8757,9215
SZ,002099,-1.45,8747,8757
SZ,300740,2.73,8743,9407
SZ,002985,1.07,8727,8751
SZ,300363,-0.72,8722,9565
SH,688161,0,8720,8720
SZ,000761,-0.41,8715,9655
SH,688371,11.94,8709,8709
SZ,300855,1.37,8701,11747
SZ,000533,0.79,8698,8773
SZ,002233,-0.39,8695,8700
SH,600129,-1.37,8685,8685
SZ,000550,-0.23,8674,14442
SH,688261,4.67,8666,8705
SZ,002928,1.96,8654,8654
SH,603013,-0.69,8650,8650
SZ,002458,1.59,8649,12809
SZ,301013,5.76,8648,10682
SZ,301345,0,8634,26878
SH,600686,2.12,8633,8633
SH,605298,0.78,8633,8707
SH,600020,-0.77,8630,8630
SH,688677,3.54,8625,8625
SZ,002626,-1.11,8623,8624
SH,600478,-0.96,8622,8622
SZ,300130,3.66,8618,11261
SH,600973,1.62,8612,8612
SZ,002019,-1.25,8611,12432
SZ,300101,0.93,8603,8632
SZ,002392,0.81,8601,8845
SH,688507,13.12,8593,15552
SH,600508,-0.34,8590,8590
SZ,301109,0,8590,10858
SH,688586,0.56,8578,8578
SZ,300483,1.88,8570,8576
SZ,002350,6.96,8563,8753
SH,688789,0.57,8562,8562
SH,600266,0.73,8552,8552
SZ,002706,-0.1,8540,10490
SZ,300053,2.26,8539,9143
SH,688035,6.53,8539,8539
SZ,002039,0.2,8521,8521
SH,688239,3.43,8519,8519
SH,600567,0,8515,8515
SZ,300181,-1.53,8507,9897
SH,600693,1.35,8507,8516
SZ,300145,1.6,8503,8545
SH,600399,0.23,8500,8500
SH,688486,1.79,8498,8499
SH,603319,6.6,8496,8496
SZ,002639,0.7,8489,10025
SZ,002332,-0.91,8467,8507
SH,600751,0.61,8466,9539
SZ,002292,-0.35,8459,12288
SH,605305,0.38,8458,8458
SH,600017,-0.35,8458,8458
SZ,002488,1.21,8446,9138
SZ,002190,0.47,8405,8405
SZ,002251,0.8,8401,10163
SH,603919,0.73,8395,8395
SH,605319,3.12,8390,8437
SH,603626,9.97,8384,8384
SZ,000823,5.07,8377,8377
SH,603219,4.85,8370,8370
SZ,002119,10.01,8369,8369
SH,601089,-0.96,8366,8366
SZ,002585,5.14,8344,10740
SZ,002221,-0.34,8342,9000
SZ,300480,7.64,8340,11429
SZ,002239,-1.53,8329,8959
SZ,000719,-1.88,8326,12770
SZ,002004,-0.89,8324,8751
SH,603680,5.36,8323,8323
SH,603496,1.05,8313,8313
SZ,000885,-0.99,8302,8302
SH,605168,4.79,8300,8300
SZ,300072,0,8300,8365
SZ,300725,1.52,8281,9551
SH,600055,-3.12,8275,8275
SZ,000751,10.11,8272,8272
SZ,300035,1.14,8272,9719
SH,688253,7.73,8268,8268
SH,688739,-0.93,8262,8358
SZ,300741,-0.29,8253,8253
SZ,300440,9.47,8241,8273
SZ,000922,2.1,8234,9741
SZ,002036,10.01,8233,8249
SH,603227,-1.02,8220,8220
SH,601890,-0.57,8212,8212
SH,601595,-0.32,8184,8184
SZ,002216,1.01,8184,11412
SH,603890,5.29,8181,8181
SH,603995,9.99,8170,8170
SH,600812,-2.25,8167,8167
SZ,301196,11.77,8160,12431
SH,605222,2.28,8159,8159
SH,600639,-1.12,8154,10764
SH,603112,3.61,8137,8218
SZ,002017,-0.13,8121,8126
SZ,300790,2.67,8117,9238
SH,688485,4.07,8116,8116
SZ,002277,0.17,8114,8114
SH,600935,0,8102,8304
SH,688091,-0.02,8101,8126
SH,688439,1.17,8100,8100
SH,601828,0,8092,9752
SZ,000860,-1.61,8085,8085
SZ,000593,10.01,8073,8076
SH,603399,5.07,8069,8069
SH,688112,5.73,8066,8066
SH,605116,-1.87,8059,8059
SZ,301327,0.35,8041,8041
SH,688513,2.78,8039,8039
SZ,002125,1.11,8026,8026
SZ,002267,-1.63,8018,8018
SH,605333,-0.74,8014,8014
SH,688337,6.36,7996,9405
SZ,002960,1.23,7988,8693
SH,603033,2.2,7979,8126
SZ,300294,-0.05,7977,7977
SZ,002941,-0.63,7976,7976
SH,688326,2.88,7970,8563
SH,600502,-1.27,7965,7965
SZ,002309,0.3,7964,9955
SZ,000869,-0.33,7960,11495
SH,688612,3.03,7950,12982
SZ,000566,4.61,7949,7953
SZ,300770,-1.74,7947,7947
SZ,300497,6.36,7942,9453
SH,688050,-0.16,7939,7939
SH,603053,-1.21,7920,7920
SZ,300910,-0.26,7920,11307
SZ,300938,5.98,7917,9121
SZ,002097,-0.13,7905,7920
SZ,002761,-1.07,7897,9672
SH,601718,0.56,7894,7894
SZ,002674,10.01,7879,7959
SH,603608,1.2,7872,7872
SZ,002718,3.65,7871,10841
SZ,300322,4.27,7853,8202
SZ,002346,10.01,7842,8832
SH,600075,-0.64,7839,7839
SH,688605,7.63,7837,14638
SH,600618,-0.28,7836,12084
SH,688783,11.82,7836,117661
SH,600587,-0.45,7826,7826
SH,688155,3.3,7808,7808
SZ,002212,0.45,7806,7891
SH,688758,-0.86,7800,10895
SZ,002110,0,7797,7797
SH,600736,2.27,7794,7794
SZ,002030,-0.35,7789,7789
SH,603181,1.77,7789,7789
SH,603163,5.66,7787,7787
SH,603043,-1.06,7773,7840
SZ,002471,0,7769,7911
SZ,000012,0.25,7759,12048
SH,603687,6.25,7755,7755
SZ,300641,1.38,7747,7747
SZ,002434,1.37,7737,7744
SH,600335,-0.75,7735,7735
SZ,000859,3.23,7732,7732
SZ,002737,-1.48,7726,7726
SZ,301498,-0.24,7721,17240
SH,600746,-0.74,7719,7719
SZ,300327,3.36,7719,7776
SZ,002342,2.41,7714,7757
SZ,300031,3.06,7714,9179
SZ,002980,10,7712,14421
SZ,300834,3.8,7709,7778
SZ,300180,-0.21,7707,7925
SH,603223,1.49,7701,7701
SH,600861,-1.01,7699,7699
SZ,002041,-0.56,7691,7691
SH,600305,-0.7,7688,7700
SH,600545,5.68,7652,7652
SZ,002150,1.23,7643,7694
SH,605007,2.48,7641,7659
SZ,000628,1.4,7632,13986
SH,601908,-0.62,7630,7630
SZ,300595,-0.77,7628,10215
SH,603477,2.54,7626,7819
SH,688622,-6,7624,7624
SH,600797,1.37,7624,7624
SZ,300416,1.96,7617,7669
SZ,002515,0.29,7614,8365
SZ,002386,0.34,7613,7615
SH,688093,1.19,7604,7604
SH,600676,1.79,7601,7601
SZ,300520,2.09,7597,7861
SZ,000595,1.68,7595,7595
SZ,002759,0.6,7594,7601
SZ,002533,-0.24,7592,8624
SH,600917,-0.81,7587,7587
SH,603166,5.71,7586,7645
SZ,300168,0.57,7584,7592
SZ,002023,4.45,7584,7653
SZ,002579,10,7573,7952
SZ,300499,3.14,7572,8516
SZ,300516,3.17,7540,7540
SH,688416,10.78,7530,7530
SZ,002730,2.69,7530,7879
SZ,300895,-0.36,7528,7671
SH,603279,0,7527,7527
SZ,301510,2.16,7526,10903
SZ,002588,-0.33,7522,10091
SH,603050,1.36,7518,7518
SH,688480,4.79,7507,7507
SZ,300276,2.45,7506,9947
SH,600846,-1.14,7497,7497
SZ,002121,-0.37,7496,8881
SZ,000503,0.13,7481,7481
SH,600657,0,7472,7472
SH,688087,3.51,7470,7747
SZ,300492,0.82,7466,7466
SH,601579,2.1,7465,7465
SH,688515,10.51,7462,11983
SH,603055,-1.28,7460,7487
SH,600866,-0.65,7460,7460
SH,600117,0,7454,7454
SH,688305,1.17,7454,7474
SZ,002681,0.64,7454,8525
SH,600722,-1.78,7450,7450
SZ,000402,0.4,7442,7442
SZ,300482,-0.62,7440,8098
SZ,301263,-0.23,7435,10421
SZ,300098,-0.2,7431,8376
SH,605133,3.38,7431,7514
SH,605128,1.68,7423,7423
SZ,002215,0.22,7418,9219
SZ,000928,-0.38,7417,7417
SH,600789,-1.73,7416,7672
SH,688049,3.12,7415,7415
SH,601700,9.97,7413,7413
SH,688177,0.73,7412,7412
SH,600059,-0.36,7411,7411
SH,603977,2.85,7405,7405
SZ,002315,1.59,7401,11609
SH,605008,-0.34,7396,7396
SZ,301086,6.53,7395,13342
SZ,002034,-0.47,7394,7425
SZ,003039,-1.55,7392,7392
SH,600903,-0.93,7391,7391
SH,688381,7.4,7368,7368
SZ,300986,8.47,7364,7369
SH,603580,4.52,7346,7346
SH,688108,4.21,7339,7339
SZ,002782,2.32,7339,7427
SZ,002324,0.75,7336,10512
SH,688252,2.05,7334,7334
SZ,000498,-0.77,7334,7855
SH,600611,10.09,7332,11088
SH,600468,0.3,7331,7331
SZ,003013,0.5,7325,8386
SH,688428,5.8,7320,47465
SH,603985,2.22,7318,7318
SZ,301228,-3.81,7316,7350
SH,601096,-0.88,7311,11904
SH,600078,9.97,7308,7465
SH,600590,2,7305,7386
SH,601226,-0.62,7299,7299
SZ,301189,4.04,7289,7552
SH,600251,0,7288,7288
SH,600724,-1.56,7268,7270
SH,605100,1.8,7256,7290
SH,603045,10,7254,7254
SZ,002077,4.34,7254,7254
SZ,002108,0.46,7251,7254
SH,600748,3.42,7249,7249
SZ,000059,-0.43,7245,7245
SH,603459,4.46,7237,69006
SH,603416,0.48,7231,8134
SH,603299,0.22,7227,8841
SZ,300401,4.82,7226,7344
SZ,002006,0.8,7225,7225
SH,688628,4.24,7224,7224
SH,688669,4.11,7223,7223
SZ,301176,6.18,7218,7439
SZ,002093,0.85,7204,7204
SZ,002546,1.93,7195,7490
SH,600125,-0.71,7193,7193
SH,601330,-0.26,7191,10400
SH,688556,2.49,7186,7186
SZ,000650,-1.63,7176,7546
SZ,000777,2.47,7170,7170
SZ,002438,5.45,7169,7760
SZ,000030,-0.45,7168,7378
SH,600708,-1.82,7165,7176
SZ,300842,3.53,7165,8062
SZ,920982,-0.35,7157,14847
SH,688563,-0.39,7154,23717
SZ,301069,1.88,7153,7595
SZ,301369,8.48,7152,13340
SZ,300348,1.35,7151,7953
SH,688626,1.89,7149,7149
SH,605011,-0.1,7142,7142
SZ,300861,2.74,7130,11354
SZ,300872,3.05,7128,8244
SZ,300576,6.05,7127,11323
SZ,300768,1.44,7118,10894
SH,600557,-1.94,7117,7117
SH,601388,1.25,7110,7110
SZ,002214,10,7104,8890
SZ,002284,1.46,7102,7169
SH,688011,2.04,7101,7125
SZ,300337,2.04,7100,8203
SH,688176,6.8,7095,7095
SZ,300997,2.74,7095,7821
SZ,002448,3.3,7094,7190
SZ,300080,-0.78,7090,7100
SZ,301215,0.56,7088,7096
SH,600325,1.18,7073,7073
SZ,002421,1.44,7072,7486
SZ,300678,-0.11,7062,7187
SZ,002445,1.02,7052,7082
SH,688221,4.21,7046,7046
SZ,300171,-1.79,7044,9588
SZ,301248,9.91,7037,9630
SH,600252,-1.77,7037,7037
SH,605098,-1.82,7036,7036
SH,600771,-1.43,7034,7034
SH,688418,2.96,7024,7024
SH,688710,4.17,7020,10912
SH,600955,1.27,7018,7018
SZ,000601,0.75,7012,7119
SZ,002446,3.5,7011,7570
SZ,300341,1.34,7004,7032
SZ,000813,-2.04,7003,7004
SZ,300222,1.8,6997,8393
SH,688179,5.41,6983,6983
SZ,301137,-1.25,6974,6974
SH,600510,3.69,6966,6966
SH,603128,-0.55,6964,6964
SH,600780,-1.29,6959,6959
SH,603211,5.57,6958,6958
SZ,301571,4.53,6956,10473
SZ,002242,-0.21,6954,6966
SZ,002733,3.12,6949,7239
SZ,002881,2.85,6931,11439
SZ,920029,0.06,6931,7123
SH,600400,3.42,6920,6920
SH,688678,5.8,6917,6917
SZ,300045,1.83,6913,8873
SH,603931,7.48,6913,6913
SH,603866,-0.22,6911,6911
SZ,920394,3.68,6910,6962
SZ,002256,0.59,6909,6999
SH,600158,0.7,6908,6908
SZ,002537,0.17,6907,6927
SH,688550,8.58,6907,6907
SH,600654,0.68,6906,8479
SZ,300685,0,6903,6913
SH,600770,2.12,6903,6903
SH,605365,-0.14,6898,6898
SH,600925,-0.68,6890,29553
SH,600810,0,6884,6947
SZ,000755,-0.84,6882,6882
SZ,300265,2.01,6879,6883
SZ,300174,4.63,6878,6916
SZ,300153,2.32,6876,6912
SZ,002219,-0.93,6871,7249
SZ,301232,5.81,6870,11567
SZ,301061,0,6858,10324
SH,600828,0.51,6856,6859
SZ,301080,3.23,6848,9053
SZ,300444,0,6845,8778
SH,603778,2.5,6840,7023
SH,600169,-0.48,6833,6833
SH,600874,-0.53,6829,8716
SH,688365,0.95,6825,6825
SH,601015,0.3,6822,6822
SZ,300939,3.36,6821,6821
SZ,000756,-1.22,6820,9524
SH,688621,-0.09,6819,6819
SH,600103,0,6814,6902
SZ,000058,-0.28,6805,8508
SH,688312,7.34,6803,6803
SZ,002990,10,6803,12907
SH,600429,-0.65,6799,6819
SZ,300598,4.76,6783,6785
SH,603466,2.25,6769,6769
SH,600775,1,6765,9202
SZ,300109,0.93,6764,7540
SH,688518,3.56,6758,6758
SZ,300493,0.98,6758,6837
SZ,002163,0.48,6742,7089
SZ,002690,-0.5,6740,13710
SZ,000631,-0.33,6739,6739
SZ,301489,8.11,6728,11246
SH,600987,0.15,6727,6727
SH,688708,0.08,6723,18862
SZ,002970,6.86,6714,9770
SZ,000968,-1.55,6705,6705
SZ,300191,2.82,6702,9696
SH,603200,2.09,6700,6700
SZ,002650,3.07,6687,6687
SH,603071,-0.16,6684,6684
SH,600422,-2.64,6677,6677
SZ,002467,0,6670,6712
SZ,301050,0.99,6668,7828
SH,688103,6.83,6661,6661
SZ,002135,2.41,6660,7117
SH,600195,-0.45,6658,6658
SH,688328,7.03,6657,6657
SH,603517,2.14,6648,6648
SH,600894,0,6644,6676
SH,603311,3.34,6642,6642
SZ,002935,0.69,6637,6781
SZ,002840,3.48,6636,6682
SH,688095,3.74,6633,6633
SH,600966,0.4,6631,6631
SZ,301291,-1.26,6628,12739
SZ,002785,0.74,6623,7757
SH,688787,3.18,6616,6616
SZ,300284,-0.71,6615,6971
SZ,002014,0.83,6612,6719
SZ,300739,5.11,6611,8149
SZ,002955,6.03,6609,7994
SH,603861,1.63,6607,6757
SH,600496,-0.29,6607,6607
SH,605598,1.12,6605,6605
SZ,301191,5.78,6592,8743
SZ,301209,6.4,6591,7715
SH,600449,1.4,6589,6589
SZ,002664,1.24,6586,6678
SZ,002734,10.01,6585,7214
SH,603367,-0.94,6583,6583
SZ,002042,-0.76,6582,6582
SH,688191,10.1,6580,6580
SZ,000008,-0.81,6573,6574
SH,603277,-0.45,6573,6616
SH,688062,5.13,6564,12736
SZ,001391,-0.22,6564,52742
SZ,000551,2.97,6556,6558
SZ,301339,-0.25,6553,6673
SH,600310,0.22,6552,6552
SZ,300324,-1.28,6549,6617
SH,600682,-0.7,6530,7546
SZ,301522,0.6,6529,8772
SH,600713,-0.97,6526,6619
SZ,300868,12.38,6524,10273
SH,688818,2.96,6522,85804
SZ,300252,2.46,6515,7978
SH,688488,10.73,6514,6514
SZ,002550,-1.27,6513,8856
SZ,300815,0.18,6512,6649
SH,688577,4.77,6506,6506
SZ,002470,1.02,6506,6506
SZ,300852,4.66,6505,6739
SH,605188,0.39,6504,6504
SH,603065,6.67,6498,6498
SH,600643,-0.72,6489,6500
SZ,000905,0.81,6476,13464
SZ,001314,2.68,6463,7428
SH,603229,-0.88,6451,6451
SH,600604,1.78,6446,8580
SZ,000572,0.51,6438,6447
SZ,300137,4.66,6429,6509
SZ,002140,-0.43,6427,6436
SH,603197,1.23,6413,6500
SZ,002104,0.85,6411,7572
SZ,301286,3.47,6398,15872
SH,688293,-0.41,6397,7764
SZ,300996,6.37,6396,7599
SH,600370,6,6396,6396
SH,600730,6.03,6395,6395
SZ,300134,0.48,6386,6386
SH,605178,10,6365,6365
SH,601500,0,6364,6389
SZ,002009,-0.65,6362,7228
SZ,002605,-1.1,6352,7842
SZ,002057,1.93,6350,6355
SH,603108,2.04,6342,6342
SZ,002796,3.84,6339,7026
SZ,300435,4.25,6337,6627
SH,688232,0.41,6337,6337
SH,600683,3.51,6334,6334
SZ,300343,1.19,6333,6346
SZ,300226,1.77,6332,6586
SH,600525,-3.6,6330,6330
SZ,300358,-1.85,6330,6422
SZ,301326,7.15,6317,6373
SZ,000989,-1.61,6310,7781
SH,600368,0.51,6310,6310
SH,600501,1.24,6302,6302
SH,603383,0.79,6301,6301
SZ,300360,-0.78,6298,6474
SH,603969,-0.39,6284,6432
SZ,300976,6.88,6284,9770
SZ,002127,-0.31,6283,7733
SZ,000524,-0.2,6278,6280
SH,688290,2.44,6274,6274
SZ,000779,-1.02,6270,6271
SH,688230,4.61,6268,6268
SZ,003006,-0.87,6266,6281
SZ,003043,7.42,6262,9591
SZ,002123,1.05,6261,6999
SZ,000090,-0.58,6259,6260
SZ,301678,3.78,6256,10785
SH,603489,1.64,6255,6255
SZ,300143,-0.65,6250,7307
SH,600841,1.35,6248,8313
SZ,000722,-0.65,6248,7690
SZ,002527,1.99,6246,7831
SZ,300369,1.44,6244,6266
SH,688276,-0.78,6230,6230
SZ,000026,4.53,6227,6930
SZ,000913,0.25,6226,6301
SZ,002885,4.72,6214,7095
SH,600975,1.22,6211,6211
SZ,300731,9.73,6203,6536
SH,688478,8.52,6202,6202
SH,603567,-1.04,6200,6206
SZ,002519,0.91,6192,6240
SZ,002606,-1.86,6190,6450
SZ,301392,13.64,6181,15150
SZ,300048,-2.84,6171,6183
SH,688499,3.1,6167,6167
SH,603213,-0.21,6166,6166
SZ,300819,4.53,6163,6823
SH,603363,0.7,6161,7838
SZ,002210,0.87,6160,6174
SH,600897,-0.26,6158,6158
SH,688366,-0.74,6153,7256
SZ,301638,0,6153,78188
SZ,000541,0,6152,7679
SZ,300214,1.22,6151,6151
SZ,300900,2.57,6147,7846
SZ,300043,-0.19,6143,6146
SZ,003041,7.32,6138,6460
SH,603368,-0.89,6137,6137
SZ,300192,2.51,6135,6207
SZ,301153,-0.47,6134,6576
SZ,002437,-1.67,6132,6511
SZ,300981,-0.5,6131,6690
SZ,300256,2.63,6124,6193
SZ,300617,1.03,6117,7296
SH,600108,0.32,6113,6113
SZ,002067,1.11,6113,6740
SZ,002232,1.15,6112,6112
SH,603867,1.91,6108,6159
SZ,002052,0.68,6108,6667
SH,600313,-0.69,6104,6550
SH,605056,1.75,6103,6194
SH,688699,8.97,6098,6098
SZ,000957,-0.38,6089,6089
SZ,001330,0.58,6082,7189
SH,603877,-1.81,6068,6076
SZ,300063,1.57,6065,7343
SZ,300465,3.64,6062,6062
SZ,300393,3.43,6060,6908
SH,600488,1.46,6060,6060
SH,605005,0.53,6059,6059
SH,603010,3.71,6056,6207
SZ,002678,-0.66,6055,6058
SZ,300722,-0.49,6050,6050
SZ,300128,3.56,6046,6054
SZ,301182,7.44,6046,6630
SZ,300119,2.43,6042,8417
SH,600983,-0.5,6040,6040
SZ,002971,10,6038,7898
SH,688079,6.95,6037,6143
SH,600617,-0.28,6037,6559
SH,688408,0.33,6035,6035
SZ,300700,1.25,6035,6742
SH,603708,-1.24,6032,6032
SZ,000735,-0.75,6031,6034
SH,600203,2.01,6031,6031
SH,603155,4.28,6030,6030
SZ,000948,1.64,6028,6039
SH,605183,0.21,6021,6062
SH,603068,8.48,6020,6020
SZ,920599,0.35,6012,7932
SZ,301261,1.81,6011,6062
SZ,001212,4.19,6010,6947
SH,688526,-0.07,6008,6008
SH,600433,0.59,6003,6003
SZ,000025,-1.66,6002,6587
SH,600255,1.22,5996,5996
SH,600586,-0.46,5995,5995
SZ,003010,1.53,5995,8246
SH,605018,4.08,5993,5993
SH,603336,-1.88,5990,5990
SH,603660,1.95,5978,5978
SZ,300041,3.2,5972,6137
SZ,000793,-0.43,5969,9842
SH,603123,0.44,5968,7308
SH,600375,-0.23,5968,6541
SZ,002213,9.98,5966,6856
SH,600815,-3.71,5961,5961
SZ,000915,-0.92,5960,5964
SH,600644,-1.24,5957,5957
SZ,002452,0.97,5956,7134
SZ,002068,2.27,5953,5956
SH,605366,4.9,5951,5951
SZ,301000,2.09,5947,6299
SZ,002101,-0.98,5947,5952
SZ,300079,-0.42,5946,6617
SH,600826,0.61,5938,5938
SZ,002272,4.6,5934,7050
SZ,300969,4.11,5933,12440
SZ,300258,1.56,5933,6090
SZ,300983,3.22,5932,6708
SH,600855,0.96,5930,5941
SZ,300820,16.1,5924,11775
SZ,300075,0.09,5922,7137
SZ,000561,-0.64,5915,6584
SH,600851,0,5913,9669
SZ,300047,0.1,5911,6569
SZ,000881,-0.9,5910,6183
SZ,300579,-0.52,5910,6126
SZ,300470,-0.88,5906,6223
SH,688219,0.09,5903,5903
SZ,002631,4.65,5896,5924
SH,603135,2.3,5892,5937
SZ,000670,5.36,5880,5989
SH,688799,-0.6,5879,5879
SZ,002965,6.6,5874,8187
SH,688610,13.46,5871,9753
SZ,000036,1.95,5864,5868
SZ,002752,0.67,5863,5871
SH,688185,-0.24,5860,12659
SH,603776,8.87,5857,5857
SH,688709,3.9,5854,16813
SH,605277,1.86,5852,5960
SZ,001236,0,5852,7780
SH,688717,2.32,5847,9445
SH,688109,3.75,5846,5846
SH,600691,-0.39,5844,5845
SH,601968,2.23,5843,5843
SZ,002538,-0.43,5843,5847
SZ,002943,6.33,5841,8253
SZ,300467,3.66,5837,6968
SH,603990,6.46,5836,5836
SZ,002029,0.34,5836,6183
SZ,301101,-0.12,5835,6057
SZ,002302,-1.27,5832,5832
SZ,002803,-1.05,5826,8966
SZ,002082,2.7,5826,6276
SZ,300909,4.88,5825,7803
SZ,300129,0.75,5822,8982
SH,600592,1.18,5821,5821
SH,603887,1.26,5816,5816
SZ,002141,2.74,5815,5815
SZ,002218,0.24,5814,5901
SH,601116,0.38,5811,5811
SZ,002073,-1.2,5810,5870
SZ,300217,1.08,5810,6917
SH,605555,1.1,5809,5809
SZ,300159,0,5803,10365
SZ,002298,0,5801,6498
SZ,300046,2.64,5797,5797
SZ,002635,4.12,5795,9664
SZ,300540,6.7,5790,6375
SH,688562,0.35,5788,5788
SZ,002510,1.59,5788,5847
SH,688334,0.11,5778,5860
SZ,300525,4,5778,7043
SH,600054,-0.26,5769,8198
SH,605288,-0.92,5758,5797
SZ,300400,7.69,5758,5777
SH,600477,-0.4,5756,5756
SH,600982,-0.18,5745,5745
SZ,002860,-0.23,5744,5881
SZ,300592,9.8,5739,6530
SH,688767,0.42,5724,5724
SZ,300203,2.08,5716,5721
SZ,002997,1.3,5710,5710
SZ,000912,-0.26,5708,5708
SZ,300127,3.22,5703,7985
SZ,300221,2.58,5701,5846
SZ,002132,1.75,5695,5704
SZ,300212,-0.6,5693,5867
SH,688598,6.53,5682,5793
SZ,301155,2.49,5679,10015
SH,688757,6.9,5669,12616
SZ,002390,-1.33,5668,5715
SZ,920493,0.27,5667,7691
SZ,002206,0.75,5665,6228
SZ,002882,-0.64,5661,9931
SZ,000900,-0.52,5661,5661
SH,688658,0.16,5657,5657
SZ,002956,2.78,5656,5657
SH,600881,-1.12,5656,5656
SZ,002992,10,5654,6546
SZ,000571,3.59,5641,5815
SH,600742,-0.38,5640,5640
SH,603130,0.1,5638,5638
SH,600035,0,5635,5635
SZ,300451,-0.26,5634,5716
SH,688069,3.72,5629,5629
SH,688620,6.69,5625,5625
SH,605339,-1.11,5622,5622
SH,600223,-1.59,5622,5622
SH,603855,-0.7,5613,5647
SH,603366,-0.13,5610,5610
SH,603012,2,5605,5605
SH,603609,0.16,5605,5605
SZ,300197,0,5604,5604
SZ,300985,4.31,5603,5603
SH,600425,-0.56,5600,5600
SH,688352,3.66,5599,18177
SH,688553,1.66,5597,6904
SZ,300019,0.46,5595,5968
SZ,920368,2.21,5584,5870
SZ,000697,0.47,5584,11937
SH,603686,0.45,5579,5579
SH,688510,-0.68,5578,5578
SH,688151,-0.6,5574,5574
SZ,002255,0.23,5569,7254
SZ,300841,-0.05,5564,6080
SZ,002279,-0.13,5561,6027
SZ,300566,1.95,5558,6427
SZ,300151,5.31,5556,8025
SH,688315,0.68,5556,5556
SZ,002951,1.32,5548,5601
SZ,300581,-0.19,5545,5545
SZ,300706,7.74,5545,7479
SH,688226,3.05,5544,5759
SZ,301328,5.2,5543,7669
SH,600694,-0.4,5538,5538
SH,688733,3.83,5530,5530
SH,688656,1.87,5528,5528
SZ,300709,4.77,5526,6883
SZ,300792,1.57,5523,6155
SH,600698,-0.29,5523,7106
SZ,301607,6.28,5519,8513
SZ,000042,0.97,5519,5525
SZ,300825,4.02,5518,5637
SH,603194,-0.84,5518,14003
SZ,002572,-0.58,5518,8157
SZ,002793,-0.77,5517,5525
SH,688776,1.09,5511,5511
SZ,300278,-0.25,5511,5528
SZ,000501,-0.96,5509,5514
SZ,002649,9.97,5503,6068
SH,600081,0,5503,5503
SZ,300925,0.7,5501,6748
SZ,300307,0.58,5500,5596
SH,688173,4.21,5500,5552
SH,603595,4.28,5500,5500
SH,603098,0.1,5490,5498
SZ,300293,2.79,5486,5486
SZ,301099,7.35,5477,9000
SZ,002708,3.11,5477,5958
SH,688707,1.03,5474,5474
SH,603901,1.37,5473,5548
SH,601008,0.23,5471,5471
SZ,002196,2.1,5470,5554
SZ,000908,0,5463,10927
SH,600829,-2.27,5457,5457
SZ,300990,4.98,5457,12014
SH,600603,1.53,5456,5456
SH,603587,-1.02,5450,5450
SH,603897,2.05,5446,5446
SZ,300626,6.29,5442,5445
SZ,000531,-0.16,5440,6228
SZ,002349,-1.61,5439,5552
SZ,000557,0.27,5438,5440
SZ,300756,5.59,5437,6248
SH,688135,7.47,5434,5434
SH,600769,2.48,5433,5433
SH,688307,6.77,5431,5431
SZ,301301,-1.23,5431,19555
SZ,002229,-0.44,5430,5463
SZ,000717,0,5429,5429
SZ,300905,4.83,5427,6957
SH,603269,2.03,5425,5425
SZ,002164,0.98,5421,6014
SZ,002777,-0.58,5420,5470
SZ,300696,1.45,5417,5967
SZ,000920,2.88,5411,5412
SH,600720,-0.18,5409,12299
SH,600981,0.42,5404,5404
SZ,001323,1.28,5403,7553
SH,600756,3.03,5403,5828
SH,603848,0.15,5400,5400
SH,688117,2.98,5398,5398
SZ,002351,-0.85,5398,9211
SH,600278,-0.62,5395,5395
SH,603668,0.66,5392,5392
SZ,300926,-0.49,5391,7857
SZ,000404,0.13,5389,5415
SZ,300067,-0.16,5389,6638
SH,603153,-0.51,5386,5468
SZ,300300,1.13,5381,5381
SH,688689,7.65,5380,5380
SZ,300066,0.37,5380,5606
SH,603333,0.7,5376,5376
SZ,301580,5.75,5375,7955
SZ,300093,-2.75,5373,12560
SZ,002640,0.58,5372,5406
SH,600825,0.39,5371,5371
SZ,000411,-0.82,5367,5377
SZ,300633,-0.81,5366,8764
SZ,300918,1.24,5365,5365
SZ,301366,2.99,5362,9603
SZ,300531,-0.68,5360,5523
SH,603610,1.2,5358,5358
SH,688345,8.67,5352,5378
SZ,003012,-1.04,5344,5449
SZ,300036,0.08,5341,5913
SZ,300084,2.53,5341,6223
SZ,301307,9.48,5339,10336
SZ,002300,-0.13,5338,5338
SH,601177,0.38,5336,5406
SZ,002657,0.51,5334,5397
SZ,000517,2.88,5333,6814
SZ,300082,1.81,5332,5346
SH,600237,3.77,5328,5378
SZ,002358,-0.51,5328,5328
SZ,301306,6.08,5325,7714
SH,603889,0.18,5323,5363
SZ,300006,-0.78,5321,5322
SH,600868,0.36,5315,5315
SZ,002697,-0.63,5314,6310
SZ,002060,0.59,5314,12765
SZ,300283,7.12,5303,7176
SZ,301312,9.11,5301,10538
SZ,002424,0.66,5299,6429
SZ,000409,-0.32,5297,6079
SH,605228,5.41,5296,5318
SH,688575,-0.85,5291,5291
SZ,301012,0.49,5290,5290
SZ,002833,0.9,5284,7736
SH,601199,0.71,5284,5284
SH,601086,-0.37,5281,5281
SZ,002988,1.88,5281,5281
SZ,300057,1.6,5277,6373
SZ,300619,4.88,5275,6266
SH,601518,0,5275,5275
SH,688309,0.48,5275,5275
SH,688711,5.24,5267,5267
SZ,002713,3.41,5265,9514
SH,600189,0.14,5264,5264
SZ,002489,-0.71,5261,5965
SZ,002191,-0.26,5260,5302
SH,600217,-1.54,5255,5255
SZ,300443,0.23,5254,6928
SH,603170,-0.14,5252,5252
SH,605050,-1.01,5249,5249
SZ,002577,1.19,5249,5249
SH,688601,2.22,5237,5237
SH,688323,6.65,5236,5236
SZ,300287,-0.74,5234,5698
SZ,300446,0.57,5234,11844
SH,688225,3.15,5232,5232
SH,603380,3.95,5232,5232
SZ,301368,1.54,5228,5228
SH,688170,13.08,5228,5228
SH,600191,4.86,5228,5228
SZ,002419,-0.86,5215,5216
SZ,000560,0.9,5215,5253
SZ,300528,0.87,5209,5209
SH,600743,1.83,5208,5208
SH,603682,8.15,5202,5202
SH,603158,6.53,5202,5202
SH,600569,-0.54,5199,5199
SZ,002567,0.55,5197,5202
SZ,002274,0,5196,5276
SZ,001359,9.99,5195,20780
SZ,301321,6.71,5190,6555
SZ,000796,-0.25,5190,6255
SZ,002383,0,5190,5190
SH,600784,3.65,5182,5182
SH,603173,0.4,5181,5181
SZ,000880,1.65,5178,10580
SZ,003040,0.8,5176,5225
SH,688101,1.23,5176,5176
SZ,300695,2.55,5175,5175
SH,603131,1.59,5175,5175
SZ,300507,1.68,5169,5340
SZ,002787,5.84,5168,6924
SH,600984,2.75,5166,5166
SH,605287,-2.37,5166,5166
SZ,000652,-0.55,5162,5166
SZ,301362,9.57,5159,18389
SZ,000608,5.01,5158,5189
SZ,301413,10.66,5155,8635
SZ,002695,-2.6,5150,5635
SH,600138,-0.69,5147,5147
SH,600199,-0.37,5144,5144
SH,600300,-0.3,5143,5143
SH,603685,0.08,5133,6445
SZ,002291,2.43,5128,5517
SZ,000888,-0.3,5127,5127
SH,688237,9.84,5124,5124
SH,601002,4.28,5116,5116
SH,603701,2.3,5115,5115
SZ,000525,-0.85,5114,5994
SH,603727,0,5113,5113
SH,600279,0,5104,5104
SZ,000852,-0.73,5103,5132
SZ,002805,4.93,5100,5122
SZ,300161,1.52,5095,5192
SH,688348,0,5095,5095
SZ,000925,1.2,5094,5134
SZ,300039,-1.59,5089,5805
SZ,300959,5.71,5089,7816
SZ,300291,-0.17,5086,5152
SZ,301529,5.02,5076,9456
SH,601279,-0.3,5075,5075
SH,603499,1.35,5071,5071
SZ,002134,4.18,5067,5070
SH,600979,0.25,5066,5144
SZ,301323,5.41,5065,7874
SH,603666,3.44,5064,5064
SH,605580,3.2,5062,5062
SH,600939,-1.47,5061,5061
SZ,002303,6.52,5057,8009
SZ,300783,0.17,5056,7246
SH,605299,1.72,5055,5055
SZ,002307,0,5050,5111
SZ,002047,1.22,5049,5049
SZ,001313,0.14,5048,5054
SZ,300680,1.64,5043,6553
SH,688115,3.95,5040,5040
SH,605377,-0.54,5038,5038
SH,603353,2.93,5034,5034
SH,600610,0.42,5032,7606
SH,600593,0.15,5028,5093
SZ,301566,6.91,5028,9528
SH,600336,1.45,5027,5027
SH,600284,-1.14,5026,5026
SZ,300488,2.21,5023,5920
SH,688181,6.76,5022,5022
SZ,300569,-0.6,5017,5032
SZ,301589,3.33,5016,13455
SH,688410,1.27,5011,5011
SH,688228,4.12,5006,5006
SH,688679,-0.23,5004,5004
SZ,300368,1.18,5004,5004
SZ,300785,0.1,5003,8133
SH,688566,1.39,5001,5001
SZ,002376,-0.15,4998,5147
SZ,003033,6.91,4998,5060
SH,600889,0.81,4997,8001
SZ,301053,4.88,4997,5381
SZ,300788,-1.38,4995,4995
SZ,002819,0.91,4995,6295
SZ,300158,-0.19,4987,4991
SH,688007,2.17,4987,4987
SH,601011,-0.75,4981,4981
SZ,002824,5.67,4976,6846
SH,600571,1.78,4976,5069
SZ,301162,-1.62,4975,7667
SZ,002334,-0.28,4969,5544
SZ,002301,-0.13,4968,5010
SZ,301070,0.76,4968,7391
SZ,002642,-0.26,4962,4962
SZ,002892,0,4956,7349
SZ,002637,0.76,4952,5010
SZ,002638,1.95,4951,5258
SZ,002166,-0.88,4949,4969
SZ,301333,1.18,4948,4955
SZ,300587,2.84,4947,6102
SZ,300406,-0.67,4947,6834
SZ,920640,1.07,4945,5140
SZ,002201,2.24,4943,5350
SH,600817,0,4940,4964
SZ,002757,0.52,4939,5173
SH,600197,-0.18,4930,4930
SH,603598,-2.8,4930,4936
SZ,300261,0.97,4922,5028
SZ,920576,3.56,4920,4969
SZ,002238,-1.6,4920,4920
SH,688057,0.34,4918,4918
SZ,001328,1.03,4913,5231
SZ,002189,1.13,4912,4913
SZ,001208,0.85,4912,9837
SH,600790,0.9,4910,4910
SH,603212,1.81,4909,4909
SH,688207,6.88,4908,4908
SH,600308,-0.61,4899,4899
SZ,301004,-1.47,4888,5236
SZ,002915,2.42,4883,5683
SZ,301256,3.35,4882,4882
SZ,002038,-0.51,4881,5887
SZ,301583,2.78,4878,29346
SH,603843,2.35,4876,4876
SH,603111,0.17,4875,5017
SH,600814,-0.74,4874,4874
SH,688539,4.09,4871,4871
SZ,002122,0.82,4870,4904
SZ,300219,2.53,4869,4878
SZ,002165,1.36,4868,4919
SZ,002045,0.7,4865,4871
SZ,001322,0,4863,5987
SH,603777,2.11,4863,4863
SZ,002528,-1.48,4863,5550
SH,603988,10.02,4857,4857
SZ,300233,-0.9,4856,5040
SZ,301048,0.78,4853,4853
SZ,300681,2.34,4851,6433
SH,600231,0,4850,4911
SH,603110,7.31,4848,4848
SH,601789,-0.66,4847,6799
SH,600084,0.47,4843,4843
SH,688591,2.95,4841,6909
SZ,301330,2.98,4841,5863
SZ,002154,-0.48,4837,5983
SZ,301268,0.45,4836,5347
SH,603590,0.49,4834,4858
SH,603286,2.61,4831,4877
SZ,002662,-0.3,4830,4830
SH,600073,-0.57,4829,4829
SH,601566,-1.28,4827,4827
SZ,300249,2.54,4826,5914
SZ,300755,-0.76,4820,4822
SH,600207,1.61,4815,4815
SH,605368,-0.73,4809,4809
SZ,002033,0.34,4808,4808
SH,688448,4.12,4807,4807
SZ,002344,-0.78,4805,4810
SH,688377,1.03,4798,4798
SZ,002959,-0.14,4795,5345
SZ,002066,3.24,4791,4872
SH,688282,1.55,4790,4790
SZ,300292,0.23,4787,5756
SH,603137,0.58,4787,4787
SZ,300215,0,4787,4787
SZ,002570,0.45,4784,4785
SZ,002479,0,4781,4792
SH,600990,0.23,4780,4780
SZ,000753,-0.61,4779,4779
SH,603196,1.72,4773,8432
SZ,300147,6.76,4772,4801
SZ,300027,0.54,4770,5161
SZ,300227,5.98,4769,6226
SZ,002559,2.94,4768,6072
SH,600121,0.77,4764,4764
SH,600088,0.93,4761,4761
SH,600551,-0.13,4760,4760
SZ,300689,2.81,4760,5408
SH,603511,-0.99,4758,4806
SZ,300259,3,4758,4759
SZ,002632,1.1,4756,5172
SZ,002482,0,4755,4764
SZ,300490,0.92,4754,4820
SH,603106,1,4752,4752
SZ,301179,1.99,4752,8092
SZ,002880,3.31,4749,4749
SH,688330,0.36,4747,4747
SZ,300797,0.89,4744,4757
SH,603206,9.98,4743,4743
SZ,002940,1.31,4737,5158
SH,600605,2.5,4732,4732
SH,600288,1.69,4726,4726
SH,603162,4.29,4725,15384
SZ,301349,8.37,4719,5976
SH,688683,4.57,4717,4717
SZ,002501,-3.61,4717,4722
SZ,002749,-0.56,4714,4819
SZ,000993,-0.09,4708,4708
SH,688580,0.7,4706,4706
SZ,300663,-3.12,4705,4890
SH,688720,10.77,4703,7377
SH,688389,0.37,4700,4700
SH,688609,0.64,4700,4906
SH,688320,4.96,4700,4700
SH,603191,-0.41,4699,4699
SZ,002375,-0.27,4698,4730
SZ,001317,1.63,4698,4703
SZ,000417,2.73,4698,4703
SH,688696,1.12,4697,4697
SZ,002111,0.1,4697,5113
SH,603217,2.13,4697,4697
SZ,301488,10.63,4695,11460
SH,600715,-1.19,4694,6658
SH,603070,0.52,4692,4692
SZ,002523,-0.29,4686,4703
SZ,002401,0.88,4679,4683
SH,600351,-1.73,4678,4678
SZ,000936,0.38,4677,4678
SH,688073,1.56,4675,4675
SZ,300149,1.89,4671,4898
SH,603216,3.61,4668,4668
SH,688667,3.58,4664,4664
SH,603408,0.39,4659,4659
SZ,002483,0,4656,4663
SH,603365,0.17,4656,4680
SZ,300087,0,4656,4888
SZ,002481,-0.47,4652,5132
SH,603767,0.6,4651,4651
SH,688786,6.77,4650,4650
SZ,300586,4.7,4646,6180
SZ,300388,-0.43,4645,4645
SZ,300688,-2.97,4644,5239
SH,688419,12,4642,4642
SZ,301379,6.69,4638,5885
SZ,002478,0.63,4633,5774
SH,603711,-1.05,4632,4632
SZ,300138,0.26,4628,5614
SH,600495,-0.77,4627,4627
SH,603976,3.89,4627,4627
SZ,002556,0.2,4624,4628
SZ,002235,1.09,4622,4839
SZ,301265,6.34,4620,5738
SH,603097,3.84,4617,4725
SZ,300271,2.11,4615,4717
SZ,002728,-0.53,4607,4717
SZ,300523,0.3,4606,4606
SH,688665,0.95,4601,4601
SZ,300968,6.51,4601,4601
SH,688085,0,4597,4809
SH,600626,0.29,4596,4596
SH,603187,-0.49,4596,4644
SZ,301629,6.98,4592,9982
SZ,301239,-0.94,4588,4833
SZ,002455,1.76,4586,5014
SZ,301325,2.51,4586,4586
SZ,000863,0.51,4583,4652
SH,603348,0.62,4582,4582
SZ,300727,3.33,4576,5085
SH,601588,0.58,4575,5791
SH,600681,-1.44,4569,4572
SH,605338,0.05,4569,4569
SZ,301365,5.07,4565,6764
SZ,002573,-0.61,4564,4571
SZ,301391,2.42,4564,4671
SH,603980,-0.14,4562,4562
SZ,002522,0.8,4561,4565
SZ,000045,1.32,4561,5055
SZ,000665,-0.24,4560,4560
SH,600101,-0.47,4558,4558
SZ,300737,2.4,4551,5696
SZ,001207,0.32,4547,4711
SZ,000759,0.29,4544,4591
SZ,002026,-0.67,4537,4537
SZ,300878,2.44,4537,4558
SZ,301211,0.09,4531,4531
SZ,000886,-1.06,4527,4578
SH,600880,1.47,4525,4526
SH,688635,7.02,4523,23858
SZ,300506,2.16,4518,8767
SZ,300016,0.25,4514,4671
SH,603387,-1.54,4514,4514
SZ,300561,1.85,4513,6142
SH,600658,2.03,4508,4508
SZ,301603,4.45,4505,14418
SZ,300461,3.11,4503,4903
SZ,000507,0,4503,4589
SH,600178,-0.2,4501,4501
SH,688119,0,4500,4500
SZ,000821,2.06,4499,4634
SZ,300463,-0.97,4493,5527
SH,600283,0.5,4492,4492
SH,688796,-0.55,4487,51939
SZ,000720,0.28,4486,4486
SZ,301367,1.2,4485,5728
SZ,300917,1.38,4484,4484
SH,603122,0.27,4482,4482
SZ,002707,-0.57,4481,5090
SZ,300547,2.95,4477,5449
SH,601218,-0.64,4477,4477
SZ,301487,1.42,4471,7533
SZ,300267,0.32,4466,6477
SZ,000558,0,4459,4461
SZ,002124,0.89,4457,5022
SZ,002727,-1.81,4448,6629
SZ,301075,3.27,4447,4447
SH,603611,-0.05,4446,4446
SZ,301230,2.09,4445,4942
SZ,002651,-1,4445,8123
SH,600558,0.81,4443,4443
SH,603060,0.18,4438,4438
SZ,002884,0.12,4437,5812
SZ,300871,3.48,4437,4437
SZ,000078,1.2,4437,4447
SH,603661,1.27,4435,4435
SZ,300286,0.14,4432,5349
SH,605300,-0.4,4430,4430
SH,601065,0,4429,4429
SZ,002059,0,4424,4556
SH,600382,0.47,4423,4423
SH,688655,5.04,4423,4423
SZ,002454,-0.97,4422,4431
SH,688267,3.14,4421,4421
SZ,300397,1.88,4420,5606
SH,603032,7.54,4420,4427
SZ,002146,-0.87,4420,4913
SH,600173,1.12,4420,4420
SZ,300702,-2.81,4419,7308
SZ,301045,20,4417,6990
SZ,300210,1.22,4416,4416
SZ,002543,-1.76,4413,4960
SZ,300018,1.85,4412,5923
SH,600758,-0.29,4411,4416
SZ,002641,-0.5,4411,4781
SH,600071,1.49,4409,4409
SZ,300654,12.61,4408,4577
SZ,003004,3.59,4408,5249
SZ,000819,-0.16,4407,4449
SZ,001338,-0.56,4405,4405
SZ,300491,4.37,4405,4966
SH,603209,1.11,4395,4443
SZ,300791,-0.28,4393,5266
SH,603683,5.1,4393,4438
SH,688210,4.65,4392,4392
SH,603018,-0.91,4391,4391
SH,688218,9.5,4390,4390
SZ,001283,1.39,4389,5505
SZ,002907,-0.75,4386,5454
SZ,300123,-4.13,4374,4496
SZ,301007,5.32,4373,4432
SZ,002443,2.82,4372,4372
SH,603558,1.67,4372,4372
SZ,002774,5.01,4367,5219
SH,603016,0.82,4362,4362
SZ,300692,0.71,4361,4779
SZ,300963,1.49,4360,5944
SH,603916,0.97,4359,4359
SZ,000521,-0.59,4359,5129
SZ,300071,-0.85,4358,4444
SZ,301055,3.11,4353,4448
SH,605088,2.27,4346,4379
SH,600609,-0.88,4344,4344
SZ,002746,-0.48,4343,5266
SH,600650,6.92,4343,6134
SH,603726,4.95,4342,4364
SH,603803,3.44,4338,4338
SH,603165,0.43,4338,4338
SH,688196,-1.61,4337,4337
SH,688379,6.37,4332,4568
SZ,002393,-0.68,4332,4449
SZ,300441,-0.13,4319,4446
SZ,300429,5.62,4315,5737
SZ,002480,0.18,4314,4323
SZ,000718,-0.52,4313,5735
SZ,000526,1.14,4312,4326
SH,605208,2.35,4306,4306
SZ,002117,0.61,4304,4305
SH,688639,1.18,4302,4302
SH,600976,-1.81,4302,4304
SH,603322,3.57,4301,4301
SZ,002367,0.19,4299,4316
SH,600819,-0.54,4294,5314
SZ,300532,-0.55,4293,4513
SZ,002427,1.16,4292,4296
SH,605086,3.15,4286,4286
SH,605577,-1.12,4284,4284
SH,600340,-3.5,4283,4283
SZ,000011,1.63,4280,4845
SZ,920077,1.14,4278,8307
SZ,300847,-0.27,4277,4277
SZ,300196,5.3,4274,7073
SH,600714,6.54,4271,4271
SH,603069,1.66,4269,4269
SZ,002285,0.47,4267,4305
SH,600168,-1.14,4262,4262
SH,603150,2.45,4260,4260
SH,688010,4.91,4255,4255
SH,688236,-0.93,4249,5650
SH,688291,3.81,4248,4248
SH,600152,2.04,4243,4243
SZ,002765,1.28,4243,4643
SZ,300767,5.55,4241,4885
SH,603015,1.16,4240,4240
SH,603339,3.95,4239,4239
SH,688350,2.6,4233,4233
SZ,301235,6.28,4231,5654
SH,603912,-0.5,4230,4230
SZ,300326,1.9,4229,4230
SZ,301058,-0.35,4226,4297
SH,603960,1.07,4219,4219
SZ,300539,1.42,4216,5188
SZ,300518,13.05,4215,4216
SZ,300061,0.45,4212,4461
SH,688023,2.36,4210,4210
SH,688719,4.07,4203,5405
SZ,002902,1.55,4197,5553
SZ,300893,-0.17,4197,7913
SZ,300541,0.56,4194,4649
SZ,002380,0.27,4194,7077
SZ,002418,2.22,4193,4193
SH,605028,-0.56,4189,4189
SZ,300984,5.31,4185,6493
SZ,000016,1.55,4183,6309
SH,688186,0.88,4182,4182
SZ,300859,0.86,4182,4182
SH,603681,2.69,4182,4182
SZ,002512,1.33,4181,4211
SZ,301252,2.7,4180,5212
SH,603636,0.28,4179,4179
SZ,000428,2.5,4178,4178
SH,603519,-1.13,4171,4171
SH,603178,2.98,4170,4170
SH,603697,0.72,4170,4170
SZ,300228,0.95,4169,4457
SZ,300793,0.09,4167,4262
SZ,002553,0.43,4166,5746
SZ,300121,2.11,4165,4319
SH,600222,-0.52,4162,4162
SH,600379,2.02,4161,4161
SZ,300733,1.57,4158,5640
SH,603058,2.14,4155,4155
SH,688551,8.7,4153,4153
SH,603998,-0.93,4149,4149
SH,603869,2.04,4148,4148
SZ,300403,1.57,4147,5855
SZ,000678,1.46,4146,4146
SH,600505,-0.51,4145,4145
SZ,300189,0.86,4139,4782
SH,603072,0.43,4134,8655
SH,688356,3.13,4134,4134
SH,603398,2.92,4128,4128
SH,600227,-1.21,4127,5455
SZ,920522,8.52,4125,4973
SH,688311,1.64,4124,4124
SH,603318,2.39,4122,4981
SH,603966,0.51,4121,4127
SZ,002161,1.27,4120,4120
SH,603167,-0.33,4119,4119
SZ,300248,20.02,4119,4797
SZ,002876,2.94,4114,4803
SH,603088,1.29,4112,4717
SZ,300534,3.26,4111,4129
SZ,002560,0.93,4110,4772
SH,688360,2.1,4109,4109
SZ,002788,0.28,4108,4180
SZ,300206,0.83,4108,7037
SH,688595,3.49,4102,4102
SH,600076,1.67,4101,4101
SH,603790,3.03,4101,4101
SH,688061,3.3,4099,4099
SH,603918,0.72,4097,4097
SZ,000655,0.29,4096,4096
SZ,002406,0.15,4095,4966
SZ,301160,0,4094,6162
SH,688512,-0.07,4090,5958
SZ,300882,0.26,4088,4393
SH,603121,2.29,4086,4086
SZ,002758,-0.37,4084,4088
SZ,002005,-1.68,4082,4083
SZ,301168,5.44,4080,5137
SZ,301370,-1.02,4080,4080
SH,688429,-0.09,4080,4080
SZ,300669,3.33,4079,4307
SH,603271,2.47,4078,8544
SZ,300662,4.16,4078,4090
SH,603429,-0.37,4075,4075
SZ,002520,-0.17,4075,4261
SH,603669,1.42,4075,4075
SH,600479,-0.7,4072,4789
SZ,003019,3.7,4071,4165
SZ,002843,2.97,4071,4096
SZ,300705,-1.16,4069,5503
SZ,002490,-0.26,4068,6185
SH,603928,10.05,4068,4068
SZ,301016,12.52,4067,4241
SZ,301277,-0.57,4066,4066
SZ,300571,2.66,4062,4902
SZ,300320,0.72,4062,5032
SH,605268,0.33,4062,4062
SH,688269,2.1,4060,4060
SH,600261,-0.64,4059,4059
SZ,002321,-0.51,4057,4074
SZ,300091,-0.79,4056,7048
SH,603035,-0.26,4055,4055
SZ,300964,5.06,4051,5520
SH,603758,-0.2,4050,4050
SZ,003026,5.46,4048,5257
SZ,300421,2.03,4046,5166
SH,600135,0.27,4045,4045
SZ,300355,-0.66,4044,4749
SZ,000599,-0.19,4043,12093
SZ,300643,3.43,4041,4050
SZ,920139,2.78,4041,4183
SZ,300481,2.73,4041,4066
SH,603978,0.95,4040,4040
SZ,300588,2.06,4035,4369
SH,603386,3.52,4033,4033
SH,688039,2.62,4029,4029
SZ,300010,2.98,4025,5001
SZ,301187,-0.18,4023,4023
SH,688633,2.3,4021,4021
SZ,002160,0.52,4020,4028
SZ,301282,3.69,4019,4801
SZ,001316,2.07,4013,4301
SZ,300290,2.79,4010,4011
SZ,000518,1.04,4005,4005
SZ,002950,-0.52,4004,5902
SH,688768,-1.05,4003,4036
SZ,002177,-0.16,4002,4514
SH,605189,5.27,4000,4000
SZ,300004,2.33,3998,3998
SZ,300557,2.24,3996,4016
SZ,001288,-0.37,3993,6146
SZ,300632,2.44,3993,5509
SH,603967,1.05,3990,3990
SZ,000520,2.07,3988,3988
SZ,300668,7.33,3985,4812
SZ,301376,6.47,3983,8279
SH,600727,1.48,3980,3980
SZ,300715,5.83,3978,4805
SH,605055,2.96,3978,3978
SZ,002040,0.12,3976,3976
SH,600729,-0.23,3975,9095
SZ,002449,0.31,3971,3971
SZ,300183,0.56,3970,4950
SZ,300712,-0.41,3966,3983
SH,688558,2.14,3965,3965
SH,603261,2.63,3965,3965
SZ,300349,3.18,3963,4473
SH,603719,1.95,3960,3960
SZ,301102,1.77,3959,3959
SH,603239,2.31,3958,3958
SZ,920946,0,3956,3958
SH,600725,1.58,3956,3956
SH,605286,0.86,3955,3955
SZ,002886,3.9,3954,4977
SZ,002328,1.62,3950,5341
SZ,300231,1.72,3949,3949
SH,688489,2.36,3948,3978
SH,603933,3.15,3947,3947
SH,603085,4.19,3947,3947
SZ,000782,7.33,3945,5129
SH,603956,-3.61,3944,3944
SZ,000096,-1.27,3944,4076
SH,688653,7.32,3942,5289
SH,603315,1.57,3941,3941
SZ,300711,0.51,3940,4448
SZ,300022,1.53,3939,3939
SZ,000882,0,3939,3942
SZ,000919,-0.46,3936,3937
SZ,300380,1.44,3936,4278
SH,603607,7.93,3935,3935
SZ,301398,8.3,3933,4034
SZ,301116,-1.34,3929,3929
SZ,301280,4.61,3925,7558
SZ,301115,9,3923,4825
SH,600798,0.62,3921,3921
SH,603090,4.26,3920,3920
SZ,300745,4.79,3919,4642
SH,600792,-0.55,3918,3918
SH,600469,0,3917,4779
SZ,002116,-0.41,3915,3963
SH,600628,-0.65,3914,3914
SH,688459,-0.36,3912,3912
SH,603520,0.56,3911,3911
SH,688238,3.6,3910,3920
SH,688211,0.98,3909,3909
SZ,301008,0.66,3909,4427
SZ,002693,-1.64,3908,3944
SH,603689,-0.52,3905,3923
SZ,002586,2.87,3904,4108
SH,603138,1.5,3904,3975
SH,601368,0,3903,3903
SZ,002772,0.77,3902,3935
SZ,300686,20,3899,3925
SZ,301169,6.58,3895,3897
SZ,300590,2.64,3889,5025
SZ,300332,-0.41,3884,4052
SZ,002930,0.9,3883,4104
SZ,300317,0.43,3879,3885
SH,603324,5.89,3875,3875
SH,688588,1.74,3869,3869
SZ,300911,3.92,3864,4134
SZ,300177,0.95,3862,4740
SH,603679,0.7,3861,3861
SZ,300880,-0.59,3860,3860
SH,600526,-0.44,3859,3928
SH,688247,-1.04,3858,3858
SH,688590,3.48,3854,4283
SH,600857,2.14,3854,3854
SZ,000906,-0.53,3850,3896
SZ,300111,-0.32,3849,3849
SZ,300629,1.14,3848,4463
SZ,301517,2.31,3845,5960
SZ,000816,1.14,3843,3864
SZ,300606,11.62,3843,4518
SZ,000523,-0.67,3843,5323
SH,600067,-0.35,3841,3841
SH,603615,3.12,3840,3840
SZ,000822,-1.6,3840,3840
SZ,002088,-1.03,3835,3862
SH,688298,-0.15,3834,3834
SZ,002197,-0.54,3834,4411
SH,688168,7.13,3833,3833
SZ,001380,-0.17,3831,4458
SZ,300318,-1.01,3827,3946
SH,603081,1.8,3824,3824
SZ,000850,0.25,3821,3822
SZ,002786,0.65,3819,3831
SZ,920809,4.27,3818,4972
SH,603676,-0.44,3816,3816
SZ,002554,-0.34,3814,3814
SZ,002564,0,3814,3814
SZ,300873,9.62,3813,5253
SH,603113,-0.43,3810,3810
SH,603175,7.37,3809,36606
SZ,920799,3.39,3809,6634
SZ,300299,0,3806,3810
SH,603421,1.22,3802,3802
SZ,002090,-0.82,3799,3822
SZ,300044,1.92,3799,4056
SH,601113,-0.57,3798,4658
SZ,002370,0.79,3795,3795
SH,605162,0.23,3795,3795
SH,603020,2.75,3794,3794
SZ,002035,-0.4,3793,4111
SH,600960,-0.24,3793,3793
SZ,002612,-0.12,3791,6592
SH,603716,0.9,3791,3791
SZ,300055,0.67,3791,5012
SZ,002688,-0.77,3790,3901
SH,600734,0,3789,3790
SZ,301186,6.4,3785,4025
SZ,300907,3.82,3784,3784
SZ,002589,-0.71,3783,4168
SH,603703,1.11,3780,3780
SH,600527,-1.35,3775,3775
SH,600568,-1.3,3772,4504
SZ,000797,0.42,3769,3770
SZ,002322,0.28,3763,3915
SZ,002766,10.03,3762,3775
SZ,002228,-0.63,3761,3774
SH,600794,-0.94,3756,3756
SZ,300758,1.66,3749,4159
SH,601188,-0.68,3747,3747
SZ,002187,-0.55,3743,3743
SH,600824,0,3742,3742
SH,600805,0,3741,3744
SZ,301085,-1.36,3740,5509
SH,600576,0.35,3738,5969
SZ,300933,3.33,3737,3737
SZ,300351,1.79,3735,5515
SZ,300901,1.5,3732,3732
SH,600800,0.6,3729,3730
SZ,002562,0.22,3718,5223
SZ,001269,0.21,3717,3717
SZ,000532,1.31,3717,3730
SZ,301038,-0.59,3714,3714
SZ,300553,4.28,3710,4841
SH,605337,0.32,3710,3710
SZ,300068,0.46,3705,3899
SZ,002596,0.94,3703,3707
SZ,002457,2.59,3703,3705
SZ,300096,3.73,3702,3702
SH,605369,3.51,3699,3699
SH,688299,1.18,3699,3699
SZ,301003,6.08,3697,4779
SH,688600,19.98,3696,3696
SH,600520,4.67,3696,3696
SZ,300471,2.18,3695,4636
SH,688571,1.28,3695,3695
SZ,300822,4.58,3693,3981
SH,600337,-1.14,3693,3693
SZ,300572,6.54,3693,4665
SH,603291,1.51,3690,3690
SZ,002016,4.59,3689,3689
SZ,300448,0,3688,3883
SZ,002669,3.75,3684,3692
SZ,002162,0.5,3682,3688
SZ,300508,6.28,3676,4884
SH,603126,-0.98,3675,3675
SH,603926,2.91,3675,3709
SZ,002677,1.06,3673,4303
SZ,000626,1.39,3667,3688
SH,605378,0.94,3667,3667
SZ,001238,-0.78,3666,3919
SZ,300809,2.1,3665,6171
SZ,002469,-0.67,3664,3783
SH,600860,0.12,3663,4517
SZ,300200,2.25,3663,3724
SH,600830,0.25,3662,3662
SH,603105,-0.13,3650,3650
SZ,002584,3.18,3649,4559
SZ,300559,0.26,3647,4682
SZ,002095,0.21,3645,3659
SH,603559,-1.4,3640,3640
SZ,301609,-0.23,3638,6036
SH,688045,4.97,3637,3637
SZ,300424,1.07,3632,3634
SH,605058,2.79,3632,3632
SZ,300434,2.02,3630,4263
SZ,000903,3.28,3629,3657
SZ,002676,-0.19,3629,3629
SH,603579,0.22,3627,3627
SH,603232,0.84,3622,3642
SH,603038,3.06,3619,3619
SZ,300639,-0.16,3617,3711
SH,688212,-2,3616,3616
SH,688075,0.42,3614,3614
SH,600506,0.56,3607,3607
SZ,300194,-0.79,3602,4426
SZ,002912,5.56,3601,3791
SH,600127,-0.52,3600,3600
SH,688133,4.74,3600,3600
SH,603639,0.28,3599,3703
SZ,300533,0.39,3598,5114
SH,688533,0.55,3598,3598
SZ,301017,0.36,3596,5638
SZ,002609,-0.12,3593,5038
SZ,300611,-0.65,3587,5106
SZ,301120,-1.54,3587,5929
SH,688148,2.33,3587,3587
SH,603551,0.32,3586,3631
SH,605388,0.17,3585,3585
SH,603199,-0.05,3582,3582
SZ,300099,0.49,3577,4534
SH,688530,14.96,3576,8202
SH,603109,0.71,3575,3575
SZ,300414,0.09,3574,3717
SH,603706,0,3574,3574
SZ,002305,2.49,3572,3572
SZ,300402,0.69,3569,3615
SZ,002225,0.27,3567,4359
SH,688033,0.63,3564,3564
SZ,000659,1.47,3561,3561
SH,605068,2.24,3560,3560
SH,600579,1.12,3559,3559
SH,603316,5.57,3557,3634
SH,603665,0.86,3556,3556
SH,601599,-1.91,3551,3551
SZ,000713,-0.33,3549,4614
SH,688606,-0.72,3548,3548
SZ,300120,2.13,3544,3860
SZ,300894,3.61,3544,4880
SZ,000505,-0.7,3541,4071
SZ,300943,5.74,3541,5409
SZ,300190,1.9,3541,3555
SZ,002356,0.37,3540,3540
SZ,300478,5.32,3538,3538
SZ,000862,0,3535,5168
SH,688569,0.66,3535,3535
SH,603657,10.02,3534,3534
SZ,002339,-0.66,3533,3720
SZ,300652,1.58,3530,3934
SZ,000407,-0.97,3529,3547
SZ,301112,0.95,3529,3529
SZ,300427,1.3,3526,3565
SH,688157,0.05,3520,3520
SH,601033,0.21,3518,13194
SZ,000965,0,3518,3518
SH,603390,1.93,3518,3524
SZ,300622,0.12,3518,5145
SZ,301076,5.69,3516,5259
SZ,001257,1.42,3515,47129
SZ,002107,-0.8,3514,3550
SH,603569,-0.16,3512,3512
SZ,300962,1.45,3509,3509
SZ,301373,9.94,3506,9325
SZ,301110,2.48,3502,4979
SZ,002582,1.8,3501,4553
SH,600834,-0.67,3499,3499
SZ,300885,1.8,3497,5196
SZ,300399,0.86,3495,3496
SZ,000726,-0.66,3495,4848
SZ,301322,5.19,3493,5180
SZ,300736,1.89,3493,3583
SH,600980,1.65,3492,3566
SH,603139,3.87,3489,3489
SZ,000716,0.64,3487,3569
SZ,002412,-0.13,3485,3522
SZ,300213,-0.46,3485,3750
SZ,301656,0.35,3484,41146
SZ,002628,1.32,3482,3498
SZ,001216,2.01,3482,4140
SZ,301479,2.95,3479,6077
SZ,301259,6.92,3473,5415
SH,688680,0.08,3470,3470
SH,603813,0.61,3467,3467
SH,688339,1.09,3465,4257
SH,688398,1.23,3465,3465
SH,688750,2.06,3463,6877
SZ,301630,7.23,3458,9229
SZ,300270,5.16,3457,4012
SZ,002783,0.54,3449,3735
SZ,301096,1.94,3448,4533
SH,603815,1.09,3447,3447
SH,605158,-0.43,3447,3447
SZ,300521,5.67,3447,3490
SH,688215,10.68,3446,3446
SZ,002462,-0.91,3445,3448
SH,688602,0.76,3443,3443
SH,600192,1.17,3441,3441
SH,688785,7.31,3440,17196
SZ,301026,19.99,3439,4762
SH,603101,-0.13,3439,3439
SH,688098,0,3437,3437
SZ,300453,-0.51,3437,4986
SH,605398,0.19,3432,3432
SZ,300040,1.22,3430,4266
SZ,002927,1.3,3428,3466
SZ,300812,4.5,3427,3777
SH,603007,2.49,3427,4360
SZ,000037,0.1,3426,6094
SZ,300021,0.26,3424,4008
SH,605303,0.62,3420,3420
SZ,301315,2.08,3419,3419
SH,688583,3.47,3418,9809
SH,603014,-0.2,3417,14066
SZ,300522,8.17,3415,4185
SH,688399,1.48,3414,3414
SZ,300530,0.2,3412,3412
SH,688522,0.81,3411,8400
SZ,000868,-0.26,3410,3410
SZ,000889,0,3410,3670
SH,603357,-0.15,3408,3408
SZ,002474,1.42,3406,4007
SZ,301289,0.37,3404,3426
SH,603396,0.57,3404,3404
SH,603309,1.66,3403,3403
SH,603630,-0.65,3401,3401
SH,603116,2.61,3400,3400
SZ,002822,1.27,3399,6201
SZ,000926,1.41,3398,3441
SZ,301175,-0.9,3395,8036
SH,603577,0.6,3395,3395
SZ,301500,7.04,3394,13219
SZ,301302,2.13,3391,3803
SZ,301246,2.26,3391,7976
SZ,920725,9.66,3391,7006
SH,688302,3.32,3391,3391
SZ,000509,2.93,3391,3391
SZ,300879,0.9,3389,3412
SH,601366,-0.27,3388,3388
SZ,001400,4.02,3388,6156
SZ,301408,0.82,3386,5916
SZ,301201,4.81,3384,4824
SH,600262,1.21,3382,3382
SZ,002849,7.82,3381,3409
SZ,003037,0,3379,3379
SZ,301033,2.25,3376,4017
SZ,301421,6.81,3372,8427
SH,688286,5.36,3370,3370
SZ,002362,0.62,3369,3967
SZ,300132,-0.14,3369,3425
SH,605066,-1.17,3366,3366
SH,688259,1.59,3364,3364
SZ,002374,0.98,3364,3364
SZ,301617,3.79,3362,8471
SZ,000721,0.61,3361,3765
SZ,300552,20.02,3361,5303
SH,600638,1.42,3360,3360
SZ,301499,2.1,3360,3360
SH,600318,0.61,3358,3358
SZ,300729,-0.48,3358,3488
SH,688443,1.17,3358,8588
SH,600229,-0.77,3356,3356
SH,603798,-1.12,3354,3354
SZ,002269,0,3352,3593
SH,600721,9.97,3349,3349
SZ,300473,4.17,3346,3838
SZ,301310,7.89,3344,10470
SZ,300241,2.96,3342,3985
SZ,300370,0,3342,3350
SH,688283,2.89,3341,3341
SZ,301682,4.06,3341,15807
SH,603313,1.56,3338,3338
SZ,003032,10.04,3337,4721
SZ,300056,0.12,3336,3338
SZ,300545,2.76,3334,5173
SH,603095,1.97,3334,3334
SH,603759,-1.09,3334,3334
SH,688053,1.8,3332,3332
SZ,301051,7.27,3331,4193
SZ,300551,0.92,3330,3339
SZ,301213,0.88,3329,5151
SZ,002791,-0.77,3329,5411
SZ,002735,2.19,3327,4379
SZ,301199,0.16,3326,3455
SH,688607,14.85,3325,3693
SZ,000736,0.68,3325,3325
SH,688084,2.62,3323,3323
SH,600843,0.57,3322,5049
SZ,300664,-0.64,3321,3448
SZ,301551,-0.82,3320,8592
SH,603201,10,3315,3344
SH,688163,4.4,3314,3314
SH,603535,0.15,3311,3311
SZ,000007,2.91,3309,3309
SH,603811,-0.27,3308,3308
SZ,301082,7.54,3308,3569
SZ,300160,-0.45,3308,3355
SH,600865,0.46,3307,3307
SZ,002395,0.65,3307,3307
SH,600218,-0.25,3306,3306
SH,601999,-0.49,3305,3305
SH,688636,2.26,3304,3304
SH,605136,0.98,3304,3304
SZ,000488,-1.01,3304,5736
SZ,300466,-0.26,3304,3942
SH,605108,-0.46,3302,3302
SZ,300069,3.33,3301,3301
SZ,002094,-0.41,3300,3302
SH,603948,2.47,3300,3300
SZ,002037,-0.43,3300,3300
SZ,003000,-0.55,3299,4829
SZ,000514,0.26,3299,3299
SH,603648,-0.1,3298,3298
SH,600539,1.99,3296,3296
SZ,000546,5.11,3295,3678
SZ,300407,1.6,3295,4407
SZ,002109,-0.38,3293,3293
SZ,002055,0.73,3291,3349
SZ,301613,1.06,3287,5636
SZ,300656,3.47,3287,4232
SH,600530,-5.56,3286,3286
SZ,000701,0.41,3285,3288
SZ,300385,0.8,3284,3765
SH,600622,0.46,3284,3284
SZ,002178,-0.64,3281,3283
SH,605077,-0.89,3279,3318
SH,605566,3.15,3277,3277
SH,688813,8.17,3277,17432
SZ,002801,-0.2,3275,6494
SH,600853,-1.21,3274,3274
SH,600467,-0.87,3273,3273
SZ,300801,5.75,3271,5220
SH,600822,0.24,3268,4092
SZ,300848,0.55,3268,5524
SH,600679,-0.93,3265,4705
SH,603351,0.63,3264,3264
SZ,300419,4.97,3262,3262
SH,600280,0.35,3261,3261
SZ,300683,0.23,3260,3496
SZ,920806,6.48,3260,3260
SZ,000803,0.85,3260,3306
SZ,301311,0.3,3259,3259
SZ,300578,2.75,3257,3258
SZ,002672,1.99,3249,3968
SZ,000607,-0.8,3248,3735
SZ,000789,-0.72,3246,3246
SZ,301193,5.19,3245,4244
SZ,002646,-1.01,3245,3268
SH,603258,-0.14,3244,3263
SH,605399,1.96,3241,3244
SH,600130,9.92,3240,3240
SZ,002021,4.63,3240,3240
SH,603051,0.91,3239,3239
SH,600716,0.29,3239,3239
SH,600293,1.09,3237,3237
SH,603656,1.61,3236,3236
SH,688171,2.9,3236,3236
SH,688722,1.41,3234,3234
SH,600156,3.08,3233,3233
SH,600653,-0.59,3231,3231
SZ,300234,4.33,3230,4725
SH,600053,-1.05,3230,3230
SH,603856,0.26,3230,3230
SZ,301468,7.01,3228,5600
SZ,002818,-0.72,3228,8098
SZ,002369,1.79,3227,3232
SZ,301060,-0.77,3227,3589
SH,600052,1.06,3225,3225
SZ,300225,1.49,3224,3247
SH,603278,2.06,3223,3223
SH,688358,-0.92,3223,3227
SZ,300550,0.82,3221,3224
SH,603230,-0.43,3221,3221
SH,601616,-3.07,3218,3218
SH,605588,4.56,3216,3223
SH,603898,1.71,3215,3215
SZ,002451,0.27,3215,3226
SZ,001217,-0.7,3214,3246
SH,603987,-0.26,3210,3210
SH,603817,-0.34,3210,3210
SZ,300311,7.57,3208,4022
SH,600512,-0.97,3207,3207
SZ,300125,2.3,3204,5913
SH,603999,-1.41,3203,3203
SH,600791,5.67,3202,3206
SZ,300608,0.67,3202,3661
SZ,300515,-0.43,3202,3265
SZ,002548,2.05,3202,3296
SZ,300157,-0.67,3200,3352
SZ,300193,0.26,3200,3634
SZ,002571,1.23,3198,4202
SZ,301073,2.8,3197,3496
SZ,002425,10.16,3193,3320
SZ,920179,6.69,3192,3980
SZ,301662,1.09,3191,8300
SZ,001215,0.8,3190,3199
SZ,300110,-1.45,3189,3192
SZ,301696,2.52,3189,42401
SZ,301270,-4.3,3188,3374
SZ,300867,0.12,3187,4519
SZ,300504,2.82,3186,3957
SZ,300932,5.05,3186,4472
SH,600327,-0.82,3185,3185
SZ,920037,-0.16,3178,5199
SZ,300352,-0.39,3178,3610
SZ,002199,1.63,3175,3347
SZ,002973,4.39,3173,4083
SH,600749,0.58,3173,3173
SH,688317,-0.23,3172,3172
SZ,000731,-1.19,3172,3172
SZ,300836,4.78,3171,4632
SZ,301223,0.06,3171,3171
SZ,300050,3.01,3169,3171
SH,688071,-0.04,3169,3169
SH,603696,0.9,3166,3166
SZ,002845,1.85,3165,4144
SZ,301136,-0.16,3164,3168
SH,603600,-0.61,3162,3162
SH,688682,2.07,3161,3161
SH,603192,-0.12,3160,3790
SZ,301602,-1.1,3159,6489
SZ,002175,-1.19,3154,3154
SH,603266,2.19,3152,3152
SH,688229,2.37,3151,3151
SH,688373,0.42,3150,3150
SH,603958,2.28,3148,3148
SH,600731,-0.33,3147,3218
SZ,300936,6.9,3143,4984
SZ,000691,7.05,3142,4713
SZ,301226,1.55,3142,3142
SZ,002296,0.33,3141,3522
SH,688162,1.55,3138,3138
SH,600354,-0.49,3135,3135
SZ,000788,-0.93,3135,3135
SZ,920047,4.25,3134,4772
SZ,300948,15.44,3133,3319
SZ,301257,1.86,3133,3286
SH,688030,2.3,3132,3132
SZ,300243,4.17,3131,3914
SZ,301028,1.79,3130,4825
SZ,300746,0.14,3130,3160
SZ,002365,-0.15,3127,3757
SH,605259,-0.37,3127,3127
SZ,300062,0.15,3126,4296
SZ,300698,3.66,3125,3532
SZ,300955,2.48,3125,3125
SZ,002137,2.87,3124,4551
SZ,300289,0.35,3123,3128
SH,603903,7,3123,3123
SZ,001229,9.98,3121,6070
SZ,002686,1.36,3121,3380
SH,688618,5,3118,3118
SZ,000890,2.62,3117,3117
SH,605138,-0.7,3117,3117
SH,603788,0.5,3116,3116
SZ,001318,1.01,3115,3115
SZ,001221,0.62,3113,16200
SZ,002542,-1.11,3113,3197
SZ,000421,0,3113,3113
SZ,300247,-0.25,3112,3112
SZ,002575,-0.92,3109,3280
SZ,300310,0.9,3104,3959
SH,688273,2.44,3102,3102
SH,688081,3.58,3099,3099
SZ,300609,3.12,3097,3101
SZ,300094,-0.35,3095,3159
SZ,300052,-1.9,3095,3095
SH,688280,-0.83,3087,3500
SZ,002889,2.16,3085,4638
SZ,300749,4.59,3083,4019
SZ,301448,1.97,3083,4549
SZ,002623,-1.35,3082,3089
SH,688159,1.75,3081,3081
SZ,301206,-0.16,3081,4785
SZ,002933,1.9,3075,3091
SZ,000151,0.4,3073,3502
SH,600719,0.8,3071,3071
SZ,300839,1.88,3070,3123
SH,603637,2.55,3067,3067
SZ,301348,3.19,3064,4740
SZ,000802,1.18,3063,3064
SZ,002313,0.99,3062,3063
SH,688216,6.12,3060,3295
SH,688458,3.65,3059,3641
SH,603527,2.33,3059,3059
SZ,000931,0,3057,3065
SZ,300927,0.51,3055,3131
SH,600712,2.72,3054,3088
SZ,002355,10.02,3054,3302
SZ,003002,2.58,3054,3340
SH,688070,3.64,3050,3050
SZ,002826,0.3,3048,3146
SH,600969,-1.07,3046,3046
SZ,000576,0.29,3045,3064
SZ,300542,1.32,3040,3666
SZ,301111,2.04,3040,3040
SZ,002724,-0.18,3038,4128
SZ,300187,2.16,3036,3054
SZ,300946,0.75,3036,6248
SH,688015,0.44,3034,3034
SH,601956,-1.6,3033,3033
SZ,300603,-0.48,3033,3770
SZ,300135,-0.89,3032,3032
SZ,002829,1.86,3032,4314
SZ,300721,4.58,3031,3612
SZ,000710,-0.53,3028,3249
SZ,000609,4.31,3027,3112
SZ,301020,1.18,3025,3025
SZ,300973,1.35,3022,4316
SZ,301568,6.08,3022,6555
SZ,300011,-0.33,3018,3603
SH,600668,-0.94,3014,3014
SH,603008,0.49,3013,3013
SZ,000530,0,3013,4233
SZ,301419,3.79,3012,4557
SH,600738,-1.48,3012,3015
SZ,002012,0.63,3012,3012
SH,688370,-0.35,3011,3011
SZ,300238,0.27,3009,3010
SH,688175,3.95,3009,3009
SZ,300831,2.9,3007,5216
SZ,300864,2.05,3007,3007
SZ,300691,2.64,3006,3664
SZ,300563,2.16,3003,4317
SZ,003029,-0.28,3002,3301
SH,603048,5.2,2999,2999
SZ,000615,1.89,2998,5791
SZ,300818,2.63,2998,4627
SZ,300600,0.49,2995,2995
SH,600470,2.68,2994,2994
SZ,002659,-1.37,2991,2991
SZ,301237,6.32,2991,4107
SZ,301600,1.95,2989,9686
SZ,300032,1.36,2988,2988
SZ,301132,3.55,2984,4665
SZ,002168,6.74,2980,2980
SZ,002286,1.13,2976,3059
SZ,002878,0.32,2972,3301
SH,600684,-0.56,2970,3849
SZ,300982,0.2,2967,3167
SZ,300875,-1.51,2966,3372
SZ,002282,0,2964,3093
SH,600322,3.47,2963,2963
SZ,002587,0.54,2962,3639
SZ,002921,3.04,2961,3434
SZ,002086,-0.52,2957,3663
SZ,002394,1.33,2953,2959
SZ,301172,3.62,2953,3992
SH,688557,3.65,2949,2949
SH,600838,0,2946,2946
SZ,300908,-0.9,2942,3481
SZ,300826,2.45,2942,3058
SH,688391,1.07,2942,2942
SH,603819,0.82,2942,2942
SZ,300833,4.99,2939,4575
SZ,300329,3.01,2935,2944
SZ,002259,1.04,2934,2934
SZ,000798,-0.61,2934,2934
SH,688335,0.35,2933,2933
SZ,301066,0.96,2930,2953
SZ,300869,-0.97,2930,4464
SZ,001388,4.42,2929,5472
SH,603330,1.41,2928,3115
SH,600212,0,2927,3880
SZ,003020,-0.16,2926,3962
SZ,300051,1.4,2925,2961
SZ,002823,0.83,2922,4384
SH,688511,4,2920,2920
SZ,002521,0.87,2917,3898
SZ,002347,0.17,2916,2983
SZ,002485,-0.91,2916,2916
SH,688152,1.96,2914,2914
SZ,002811,2.59,2913,3175
SZ,301313,4.25,2912,3835
SH,603949,1.47,2911,2919
SZ,300860,7.39,2910,5013
SZ,000892,-1.91,2907,4012
SZ,002692,-0.48,2907,2908
SH,600620,-0.23,2905,2905
SH,603896,-1.34,2904,2904
SZ,300877,1.26,2904,2904
SZ,301068,3.43,2902,4088
SZ,300830,2.74,2902,3889
SZ,000668,2.86,2902,2902
SZ,300816,4.39,2901,3976
SZ,000068,0,2899,2899
SZ,002667,2.85,2898,3192
SZ,301133,2.52,2897,3167
SZ,300086,0.15,2895,2990
SZ,301260,0.93,2895,6815
SZ,300510,-0.27,2895,2895
SZ,300266,-0.52,2889,2890
SZ,300889,3.41,2886,4343
SH,605218,1.04,2886,3293
SZ,002899,1.14,2885,2885
SH,688056,13.9,2885,2885
SZ,301266,-0.08,2885,3041
SZ,002981,2.73,2884,3239
SZ,002323,2.26,2884,2884
SH,603722,1.45,2883,2944
SZ,002996,0.32,2879,4204
SZ,300795,6.16,2878,4944
SZ,002148,-0.15,2877,3565
SZ,301234,4,2874,4865
SZ,001311,1.88,2873,6547
SZ,300537,4.7,2873,3922
SZ,300239,-0.6,2872,2891
SZ,301218,7.53,2872,4674
SZ,300511,0.38,2872,3371
SZ,300560,7.94,2872,3529
SH,603808,-0.37,2870,2870
SZ,300237,1.02,2869,2869
SZ,300242,-1.3,2868,2868
SH,603335,10.03,2864,2864
SZ,002875,4.66,2863,2863
SH,600844,0,2863,3538
SZ,300890,1.43,2861,3131
SZ,002278,-0.24,2860,3097
SZ,000695,2.22,2857,2985
SZ,301608,0.9,2856,6365
SZ,301535,-0.4,2854,7149
SH,603310,0.14,2854,5080
SZ,300359,0,2850,2850
SZ,002795,0.46,2850,2897
SZ,001256,3.38,2848,3799
SH,601112,0.52,2847,27115
SH,600215,1.14,2846,2846
SZ,000897,-0.55,2846,2846
SZ,000978,1.16,2846,2846
SH,688338,0.87,2845,2845
SZ,002798,1.66,2842,3231
SZ,002722,0.55,2842,2842
SZ,300163,0.81,2840,2948
SZ,300945,3.48,2838,3116
SH,688687,0.42,2838,2838
SH,605169,-0.88,2837,2837
SH,600630,0.6,2834,2834
SH,605080,-0.19,2834,2845
SZ,300404,-0.49,2829,3823
SZ,300381,0.34,2828,2838
SZ,301525,1.24,2827,5398
SZ,301148,8.04,2826,5592
SH,688077,3.83,2824,2824
SZ,002314,-0.46,2824,5713
SZ,300321,8.01,2823,2827
SZ,301305,2.86,2822,5490
SZ,300858,1.26,2821,3797
SZ,002186,-0.42,2820,2821
SZ,300501,0.89,2819,2829
SZ,002725,1.52,2818,2898
SZ,301158,0.82,2818,2890
SZ,002224,-0.56,2814,3148
SZ,003007,2.97,2814,4636
SH,688255,1.47,2813,2813
SH,603001,3.24,2811,2811
SZ,002923,0.09,2811,3647
SZ,002331,-0.7,2811,2995
SH,603458,0,2810,2810
SZ,300716,1.5,2810,2810
SH,605500,0.15,2810,2810
SH,603655,0.3,2807,2807
SZ,002547,1.2,2806,2865
SH,688265,0.76,2803,2803
SZ,002357,1.36,2802,2803
SH,688292,2.55,2801,2801
SH,600249,0.2,2800,2800
SH,603829,1.62,2798,2798
SZ,002616,-0.41,2796,4090
SH,603878,0.2,2795,2795
SZ,301197,7.18,2794,3097
SH,600594,-1.38,2792,2792
SZ,002403,0.86,2790,3199
SZ,002903,5.53,2789,4098
SZ,001299,0.61,2789,3098
SH,600408,0.73,2789,2789
SH,600661,3.84,2788,2788
SH,688570,-0.66,2787,6413
SZ,301439,0.46,2785,5914
SH,603280,0.86,2785,2785
SH,605089,0.35,2785,2785
SH,603955,3.17,2784,2784
SZ,002846,2,2781,4490
SZ,301622,1.18,2779,4983
SH,600136,0,2779,2918
SZ,000570,-0.19,2778,3528
SZ,300175,1.9,2778,2778
SZ,002726,-1.44,2775,2777
SZ,002689,1.14,2774,2775
SZ,001210,10,2774,4564
SZ,003016,-0.29,2773,2839
SH,688137,-2.26,2769,2769
SH,600785,1.39,2767,2767
SZ,920735,1.68,2767,3128
SH,603006,2.26,2766,2766
SZ,300584,1.23,2766,4043
SH,600876,-0.13,2766,4513
SZ,300479,0.79,2765,2766
SZ,000159,-1.19,2764,2764
SH,603970,-0.57,2763,2763
SH,600616,-1.19,2763,2763
SZ,002476,0.22,2760,2760
SZ,300810,0.83,2759,2857
SZ,002248,1.7,2758,2758
SZ,300447,-0.28,2758,4276
SZ,001218,0.7,2756,3091
SZ,300389,0.8,2754,4632
SZ,002561,-1.03,2752,2761
SH,688285,-0.26,2751,2751
SZ,301042,6.09,2750,2885
SZ,002054,0.99,2750,3452
SZ,002663,0,2748,2775
SZ,300345,0.18,2748,3325
SH,603161,2.78,2747,2799
SH,600419,-0.45,2742,2742
SH,603037,2.49,2741,2745
SH,688316,2.9,2739,2739
SZ,300410,3.61,2739,2739
SH,688066,4.31,2739,2739
SH,688314,0.69,2738,2738
SH,688357,1.52,2737,2737
SZ,300279,1.26,2737,2749
SZ,301255,0.39,2736,3118
SH,688369,11.77,2735,2735
SH,600537,-1.27,2734,2734
SH,603237,0.7,2733,2823
SZ,000017,2.14,2733,4273
SZ,300384,0.24,2732,3959
SH,600735,0.94,2731,2753
SZ,002953,-0.5,2731,4773
SZ,002578,1.28,2730,2975
SH,603585,0.9,2730,2776
SH,603838,2.77,2727,2727
SZ,301273,0.97,2725,3551
SZ,920491,1.47,2724,3320
SH,603518,-0.87,2722,2732
SZ,003025,1.26,2722,3413
SZ,003015,1.57,2720,3095
SH,603202,-0.47,2715,8651
SZ,001369,0.77,2707,14968
SZ,000809,0.92,2705,2705
SZ,301151,1.59,2705,2707
SH,605166,0.7,2704,2704
SZ,300374,-0.35,2702,2703
SZ,300449,1.75,2698,2698
SZ,300477,-0.72,2696,2916
SZ,300095,1.31,2694,3345
SZ,000529,-0.62,2690,2755
SZ,300425,-0.99,2689,2695
SH,688500,5.25,2689,2727
SH,600671,-0.49,2686,2686
SZ,001223,-2.55,2685,5025
SH,600405,3.3,2684,2684
SZ,002404,0.17,2683,3299
SZ,300020,-0.27,2683,2781
SZ,301296,-0.94,2682,2682
SH,603107,0,2681,4146
SH,688246,1.88,2677,2677
SH,600386,-0.59,2677,2677
SZ,002853,0.73,2676,3803
SZ,002337,-0.65,2675,2678
SZ,301565,0.48,2674,8356
SH,603030,1.5,2673,2673
SZ,300154,3.16,2673,3812
SZ,301081,3.3,2671,2781
SZ,301202,1.91,2670,4575
SZ,000504,0,2669,2676
SH,603863,4.57,2669,2669
SH,601996,2.15,2668,2668
SH,601798,-0.78,2666,2666
SZ,002363,-0.15,2665,2672
SZ,002022,-0.95,2664,2665
SZ,300230,-0.23,2664,3440
SZ,300141,-2.14,2663,2697
SH,603617,1.03,2661,2682
SZ,000419,-0.19,2658,2658
SZ,002905,0,2656,2860
SH,605155,5.42,2653,2705
SZ,301092,5.73,2652,5855
SH,603080,1.24,2652,2652
SZ,300445,2.5,2651,4006
SZ,300162,2.38,2648,3247
SZ,301149,0.91,2646,4349
SZ,300301,-1.46,2646,2780
SH,603066,-0.1,2645,2645
SZ,300887,0.55,2644,3984
SH,600289,0.86,2643,2947
SH,688367,1.55,2642,2642
SZ,300653,-0.33,2641,2641
SH,600250,0.36,2640,2640
SH,688589,1.85,2639,2639
SZ,000812,-0.28,2639,2640
SZ,002072,-0.41,2639,2640
SZ,002863,-0.44,2638,2638
SH,603036,-0.77,2635,2635
SZ,002658,0.41,2632,4666
SH,603768,-1.06,2632,2632
SH,603215,-0.91,2631,3015
SH,603633,1.65,2629,2629
SH,600624,0,2629,2629
SZ,300942,-0.91,2629,2629
SH,603839,0.89,2628,2628
SZ,920068,4.63,2628,9919
SH,603042,1.29,2626,2626
SH,600358,2.97,2626,6048
SZ,301281,2.55,2625,4007
SZ,002599,0.95,2625,3433
SZ,002976,6.89,2624,4196
SH,601010,-2.02,2623,2623
SZ,301380,3.05,2618,3288
SH,600665,2.02,2618,2618
SZ,000698,0.3,2616,2729
SZ,300577,3.08,2616,4413
SZ,002103,-1.89,2612,3596
SZ,002453,1.17,2609,3518
SZ,001324,-0.83,2608,2608
SZ,002712,-0.61,2607,2623
SZ,301221,3.55,2607,3834
SH,688080,0.57,2606,2606
SZ,301190,-0.37,2604,3906
SZ,300536,0.34,2601,2601
SH,603159,0.43,2601,2601
SZ,300272,-0.52,2601,3424
SZ,301222,2.95,2600,3423
SH,603586,-0.14,2600,2600
SZ,300218,-0.07,2600,2608
SZ,000972,-1.16,2599,2599
SZ,300920,2.98,2597,3909
SH,688529,0.78,2595,2595
SZ,300853,5.95,2592,3874
SZ,001300,2.02,2591,2591
SH,603189,3.11,2590,2590
SZ,300591,-0.13,2586,2994
SH,603628,-0.2,2586,2590
SZ,920190,4.8,2586,2600
SZ,300631,1.33,2585,2658
SZ,301393,4.79,2585,6350
SZ,002613,0.3,2584,3676
SH,603017,0,2582,2582
SZ,300952,0.99,2582,4199
SZ,001282,6.69,2581,3755
SZ,002748,3.27,2580,2580
SZ,301181,1.66,2579,3304
SH,600538,0.61,2574,2574
SZ,002769,-0.28,2574,2576
SZ,301337,0.4,2569,2626
SZ,300288,-0.69,2566,3379
SZ,920002,3.83,2563,3660
SZ,300250,4.1,2558,3473
SH,600793,-2.16,2558,2558
SH,603677,0.3,2556,2556
SZ,920571,3.48,2555,4793
SH,601007,-0.45,2555,2555
SH,603602,1.28,2553,2553
SZ,000826,-1.09,2551,2551
SZ,000565,-0.67,2545,2545
SZ,300647,5.69,2543,2547
SZ,300439,-1.46,2543,3344
SH,603801,-0.33,2541,2541
SZ,002816,0.59,2540,2540
SH,603886,0.28,2539,2539
SZ,002952,1.69,2537,3167
SZ,002813,0.62,2536,2539
SZ,000019,-0.32,2535,7019
SH,603779,1.33,2534,2534
SZ,301262,-2.07,2532,8649
SH,688765,1.8,2530,12566
SH,688129,0.43,2529,2529
SZ,000153,-0.53,2528,2560
SZ,300585,3.29,2527,2527
SZ,002869,0.12,2527,2838
SZ,300562,3,2526,3307
SH,688693,6.49,2523,4778
SZ,000545,0.79,2523,2526
SZ,300366,1.5,2520,2886
SZ,301669,1.99,2518,14760
SZ,301178,1.95,2517,3412
SH,603828,1.93,2515,2515
SH,605266,-1.5,2514,2514
SZ,001333,3.26,2511,2511
SZ,300264,4.31,2511,2921
SZ,301251,7.41,2509,6258
SZ,002682,0.45,2508,2508
SZ,300485,0.11,2505,4407
SZ,300991,5.61,2496,3901
SZ,301046,5.1,2495,3230
SZ,300636,-0.87,2494,2851
SZ,002828,2.73,2492,2492
SZ,300269,1.07,2492,2593
SH,600356,-0.23,2491,2748
SZ,300730,0.92,2489,2903
SZ,300365,0,2487,2915
SZ,002983,2.92,2486,4328
SZ,002388,1.87,2485,2508
SZ,002871,3.87,2484,4191
SH,600257,-0.18,2483,2483
SZ,920402,3.65,2480,3837
SZ,300555,1.54,2475,2500
SH,600858,-0.2,2474,2486
SZ,300334,2.12,2474,2474
SH,600560,-0.26,2474,2474
SZ,000707,-0.65,2473,2625
SH,603488,5.22,2470,2470
SZ,002431,1.48,2469,2469
SZ,301119,1.95,2468,3052
SH,603320,0.73,2467,2467
SH,688468,-0.15,2467,2467
SZ,300824,-0.12,2466,2542
SZ,002343,0.58,2463,2463
SH,605033,0.89,2462,2462
SZ,301027,5.73,2460,2984
SZ,920019,2.37,2459,3087
SH,688455,2.89,2453,2453
SZ,000014,0.3,2452,2452
SZ,300921,0.93,2449,3885
SZ,300978,0.59,2449,3606
SZ,002868,1.2,2448,3542
SZ,300582,2.22,2448,3299
SZ,300667,2.02,2446,2900
SZ,002593,0,2444,3505
SZ,002442,1.43,2443,2502
SZ,000669,0,2443,2443
SZ,002391,0,2441,3417
SZ,301658,0.56,2440,10330
SZ,001376,0.53,2440,5254
SZ,002908,10.01,2440,3270
SZ,301002,2.91,2437,3870
SZ,300354,1.94,2437,4145
SZ,300805,-0.23,2437,3587
SH,600381,2.47,2436,2436
SH,600573,-0.4,2435,2435
SZ,000430,0,2435,5319
SZ,300092,0.09,2432,3175
SZ,301531,6.29,2432,11400
SZ,300173,2.8,2432,2432
SZ,300452,-0.32,2431,2870
SH,600992,0.51,2426,2426
SZ,002330,-0.77,2426,2427
SZ,002861,3,2425,3008
SZ,002058,1.2,2421,2427
SH,603076,0.85,2421,2421
SH,603836,-0.56,2421,2484
SH,603331,1.01,2418,2418
SH,603059,0.84,2418,2422
SZ,002398,-1.22,2417,2774
SZ,300993,0,2416,3078
SZ,300701,2.24,2416,2679
SZ,002855,0.93,2415,2417
SZ,002700,0,2415,2440
SZ,300988,1.78,2412,2931
SH,603289,0.49,2412,2412
SZ,002496,2,2410,3075
SH,603136,-0.33,2404,2404
SZ,300235,2.78,2403,2978
SZ,002574,0.44,2402,2402
SH,603373,3.37,2402,5684
SH,603086,-0.53,2400,2400
SH,605151,1.48,2395,2395
SZ,301563,5.68,2395,10595
SZ,002098,-1.03,2388,2388
SH,603917,1.83,2387,2387
SZ,300460,1.8,2387,2387
SZ,301397,4.07,2386,5218
SZ,301225,1.86,2383,7807
SH,600831,0,2382,2382
SZ,301106,1.83,2380,2380
SZ,300426,-0.33,2380,2680
SZ,002184,0.1,2380,3484
SZ,300103,3.6,2377,2379
SZ,300987,-0.06,2377,2377
SH,688560,1.2,2375,2375
SZ,002576,-2.13,2374,2419
SZ,003001,-0.76,2373,3622
SZ,300796,-0.6,2373,2373
SZ,000790,-1.54,2372,2376
SZ,300097,6.17,2371,2533
SZ,301356,1.52,2371,4041
SZ,300172,0.67,2369,3065
SH,600613,-1.58,2368,2638
SH,600463,0.64,2364,2364
SH,688244,0.26,2363,2363
SZ,000635,0.31,2362,2538
SH,603721,-3.19,2362,2362
SZ,002806,4.31,2361,2881
SZ,301122,1.17,2360,3814
SZ,301043,2.64,2358,2825
SZ,301279,1.12,2356,3042
SZ,301592,2.34,2355,7056
SH,603909,0.45,2351,2351
SZ,000573,1.92,2348,2368
SH,603818,0,2348,2348
SH,603332,-0.54,2347,2347
SZ,301665,0.22,2347,10139
SZ,300898,0.49,2347,2536
SZ,001219,-0.79,2345,2404
SZ,000715,-0.4,2344,2605
SH,688501,2.67,2342,2342
SZ,300198,3.17,2340,2352
SZ,301283,0.43,2340,2976
SZ,301185,0.24,2339,2588
SH,603797,0,2335,2335
SZ,300275,0,2335,2649
SZ,301195,1.37,2333,3514
SH,603557,0.27,2332,2332
SZ,300965,1.03,2329,2584
SZ,000752,7.29,2329,2329
SZ,300281,0.17,2328,2455
SH,600892,10.05,2327,2327
SH,603787,-1.65,2324,2324
SZ,300340,0.24,2324,2342
SZ,002932,0.68,2324,3462
SZ,002661,-0.65,2322,2439
SZ,002660,-0.28,2319,2411
SZ,000055,-0.28,2318,3683
SZ,301108,1.62,2318,4024
SZ,300891,1.91,2318,2780
SH,603307,-1.44,2317,2354
SH,605199,-0.68,2317,2317
SZ,000554,-0.45,2314,3075
SZ,301317,5.53,2312,6962
SH,603700,3.77,2310,2310
SZ,300658,1.46,2306,3474
SZ,300849,1.65,2305,3135
SZ,001368,1.09,2301,2408
SH,688727,7.23,2300,19128
SZ,300615,19.97,2299,2899
SZ,002723,3.42,2299,2410
SZ,001201,0.26,2296,2939
SZ,002114,3.5,2296,2296
SZ,002069,-0.91,2294,2297
SH,600359,-0.65,2293,2293
SZ,301072,4.27,2293,3587
SZ,300771,6.69,2292,2909
SH,600319,1.37,2291,2291
SZ,300411,-0.53,2291,3012
SZ,920125,13.99,2290,7803
SZ,300956,2.54,2290,2344
SZ,300422,0.23,2289,2365
SH,688178,5.98,2288,2288
SH,603188,-0.49,2286,2286
SH,605258,2.53,2285,2285
SZ,002397,-0.55,2280,2632
SH,600854,-0.44,2280,2280
SZ,002420,0.18,2279,2316
SH,688201,0.56,2277,2277
SZ,003023,3.84,2277,2282
SZ,300464,1.42,2276,2995
SH,603180,-0.4,2275,2275
SZ,300612,0.89,2275,2287
SZ,001205,1.04,2274,2568
SZ,300829,-0.33,2273,3295
SZ,002771,0.93,2270,2729
SZ,002377,0.39,2268,2382
SH,603937,1.69,2266,2266
SZ,300583,-0.97,2264,2307
SH,688310,0,2263,2263
SZ,301588,2.9,2262,3666
SZ,002084,-0.27,2262,2268
SH,688113,0.95,2262,2262
SH,600540,1.04,2262,2262
SZ,920971,5.52,2261,2743
SZ,300513,0.56,2260,2262
SH,600187,-0.7,2259,2259
SZ,301088,0.08,2258,2737
SH,603096,-1.14,2255,2255
SH,605069,1.24,2255,2255
SH,603755,0.53,2254,2254
SZ,300752,3.06,2252,3258
SZ,300512,-0.7,2251,2844
SZ,002767,2.31,2250,2592
SH,603407,7.63,2249,25545
SZ,301387,4.82,2248,5653
SH,600239,0,2248,2248
SZ,002319,0.37,2248,2248
SH,603172,1.32,2246,2246
SH,600753,0.93,2241,2241
SZ,300931,3.99,2240,2787
SZ,002775,0,2236,2484
SZ,000955,0.97,2234,2234
SH,688597,1.53,2231,2231
SZ,300211,5.66,2230,2270
SZ,000586,2.73,2229,2256
SH,600423,0,2228,2228
SZ,300703,0.07,2228,2417
SZ,300800,0,2226,2249
SZ,301628,2.71,2226,6019
SZ,300786,5.34,2225,2797
SZ,300922,2.74,2223,2833
SZ,002887,3.96,2222,3130
SH,603021,-0.13,2220,2220
SZ,301079,1.8,2219,3128
SH,605003,0,2218,2218
SZ,300884,1.49,2217,2940
SH,603378,-1.51,2216,2216
SZ,300205,2.79,2215,2215
SZ,301332,-0.7,2214,3859
SH,603193,0.05,2212,8662
SZ,301596,1.55,2212,5450
SZ,001367,-0.59,2211,2770
SZ,002702,-0.81,2211,2679
SZ,301528,4.25,2211,4289
SZ,920510,1.77,2210,4331
SZ,301011,-0.39,2210,2328
SZ,002763,-0.4,2210,2984
SH,688737,2.78,2210,2210
SH,603183,5.97,2207,2207
SZ,001393,2.11,2207,11454
SH,600281,0.7,2207,2207
SZ,300107,-0.62,2206,3574
SH,600232,0.5,2203,2203
SZ,301258,-0.83,2202,2266
SZ,002633,2.51,2200,2208
SZ,002492,1.1,2200,2240
SH,688648,1.15,2199,4300
SZ,300808,2.32,2198,2958
SZ,300940,2.27,2198,3108
SH,601083,0.09,2197,14649
SZ,300732,-0.16,2195,2197
SZ,301019,2.09,2195,2993
SH,600533,0.97,2195,2195
SZ,000548,-0.22,2182,2182
SH,600833,-0.9,2180,2180
SZ,001365,1.94,2179,19898
SZ,301220,-0.24,2178,3155
SZ,001259,0.86,2177,3370
SH,603117,-1.62,2175,2175
SZ,002836,1.4,2173,2173
SH,603536,0.22,2172,2189
SZ,002890,0.37,2170,2283
SZ,002076,1.46,2168,2307
SZ,002825,0.96,2166,2886
SZ,300565,1.28,2166,2370
SZ,002234,0.84,2164,2506
SZ,002963,10.01,2163,2645
SH,600965,0,2161,2161
SH,603102,-1.1,2160,2160
SH,603023,2.11,2160,2160
SH,603079,-0.16,2157,2157
SZ,300546,0.88,2155,2997
SZ,300649,0.1,2153,2687
SZ,920344,0.48,2152,2305
SH,603091,0.02,2151,6994
SZ,920261,0.98,2149,3904
SH,600302,1.47,2149,2149
SZ,002295,1.42,2146,2148
SZ,300484,0.86,2146,2672
SZ,301089,0.13,2144,2999
SH,688517,1.42,2143,2143
SZ,002991,-0.66,2142,3999
SZ,301331,-0.28,2142,2147
SH,688355,3.35,2139,2139
SH,603578,2.16,2137,2774
SZ,002998,7.92,2137,2803
SH,600148,-0.32,2137,2137
SZ,301290,1.97,2137,2690
SZ,300165,2.01,2136,2517
SH,603880,7.88,2136,2136
SZ,300774,1.85,2135,4276
SZ,301117,1.15,2133,3329
SH,603381,0.13,2132,3559
SZ,300013,4.09,2131,2133
SZ,300673,2.71,2129,3282
SH,603151,-0.07,2129,2129
SZ,002857,-0.89,2126,2159
SZ,920060,3.13,2125,3407
SH,688272,1.64,2124,2124
SZ,002253,-0.09,2123,2281
SH,605001,-0.54,2122,2122
SZ,300947,-0.56,2120,2120
SH,688623,0.18,2119,5103
SH,688251,1.97,2119,2134
SH,688197,2.92,2117,4920
SZ,300980,1.22,2115,2970
SZ,300375,-0.24,2115,3034
SH,603959,0.7,2113,2113
SZ,001390,0.62,2112,3556
SH,688811,5.58,2110,11488
SZ,300970,2.62,2109,2733
SH,603382,-0.37,2108,3308
SZ,002671,-0.25,2106,2145
SZ,002799,-0.74,2106,2106
SZ,002848,-1.54,2106,2128
SZ,002614,-0.41,2105,2975
SH,603356,2.27,2104,2104
SZ,300599,2.01,2102,4004
SZ,300778,-0.38,2099,2100
SZ,001332,1.46,2099,4831
SZ,002864,0.05,2095,2905
SZ,300710,2.41,2095,2795
SH,603321,-1.45,2095,2121
SH,600439,-2.62,2094,2094
SH,603238,-0.33,2093,2093
SH,603176,0.89,2092,2153
SZ,002732,-0.88,2090,2101
SZ,002942,-0.12,2087,2338
SH,600241,0,2087,2087
SZ,300665,1.59,2086,2197
SZ,300753,0.3,2083,2987
SZ,920017,0.3,2082,2105
SZ,300335,0.74,2082,2585
SZ,300719,0.61,2082,2946
SH,603326,-0.6,2081,2081
SZ,920699,6.1,2081,4547
SZ,000679,0.34,2078,2078
SZ,300780,5.17,2078,2834
SZ,301428,0.4,2074,2938
SH,603089,-0.22,2071,2379
SZ,300387,0.56,2069,2070
SZ,002687,1.84,2063,2519
SZ,002918,0.31,2063,3937
SZ,001230,0.92,2061,3519
SZ,300960,-0.56,2059,2272
SH,600615,-0.1,2057,2060
SH,688613,1.62,2056,2056
SZ,300509,-0.94,2056,2466
SZ,002995,0.27,2055,3244
SZ,920978,0.89,2053,3662
SZ,000692,0,2051,2051
SZ,301161,3.11,2049,3185
SZ,300844,-0.17,2049,2125
SZ,002900,2.5,2048,4021
SZ,002679,-0.45,2046,2046
SH,603377,0,2046,2046
SZ,000953,-1.23,2043,2043
SZ,920247,3.19,2041,2813
SZ,000757,0,2040,2040
SZ,000590,-1.72,2039,2040
SH,603900,1.54,2039,2041
SH,688721,5.98,2039,5089
SZ,000605,-0.16,2038,2038
SZ,300902,2.19,2038,2969
SZ,300350,0.47,2037,2428
SZ,920208,3.19,2037,2352
SZ,920111,2.89,2035,4194
SH,688716,4.98,2035,3541
SZ,300074,0,2034,2036
SH,688203,0.1,2033,2033
SZ,300597,-0.39,2033,2042
SH,688060,-1.22,2032,2032
SH,603285,3.33,2031,5216
SH,688426,1.35,2029,2034
SH,603968,-0.79,2026,2026
SH,688156,1.56,2026,2026
SZ,300240,-0.53,2024,2070
SZ,300637,1.89,2024,2026
SH,688132,-0.66,2023,2023
SH,600371,0,2022,2022
SH,688038,1.28,2020,2020
SZ,000952,-1.33,2019,2019
SZ,002656,-0.33,2019,2095
SH,603262,0.73,2018,7736
SH,688118,2.86,2016,2016
SZ,002615,1.21,2015,3734
SZ,300106,2.26,2012,2012
SZ,300176,0,2010,2010
SZ,300305,0.16,2009,2346
SZ,301212,2,2009,2314
SZ,300295,0,2007,2272
SZ,301299,1.73,2007,2718
SZ,301371,-0.99,2004,13367
SH,688013,-0.43,2004,2004
SH,603982,-0.16,2000,2151
SH,600159,0.42,1992,1992
SZ,301052,1.14,1986,2450
SH,688096,2.29,1985,1985
SH,603182,0.25,1984,1984
SH,600287,-1.08,1983,1983
SH,605180,0.77,1982,1982
SH,600128,-0.73,1982,2021
SZ,300807,2.94,1979,2593
SH,603616,0.59,1979,1994
SZ,002105,-0.72,1979,1989
SZ,000020,0.65,1978,3092
SH,600097,-0.84,1978,1978
SZ,920879,0,1978,2643
SH,603168,-1.29,1978,1987
SZ,301024,-1.97,1977,2042
SZ,300112,-0.47,1974,2393
SH,688755,-0.79,1974,2828
SZ,002893,0.21,1973,2565
SH,600774,-1.75,1973,1974
SZ,300966,3.13,1970,2963
SZ,301208,0.44,1970,3577
SH,603385,-0.95,1968,1968
SH,600807,-0.39,1968,2212
SZ,300817,0.83,1967,3427
SZ,000633,-1.15,1964,1964
SZ,002742,0.54,1960,2559
SZ,301103,-0.73,1960,2546
SH,600238,-2.21,1959,1972
SH,603825,2.79,1958,1958
SZ,002762,2.55,1957,3278
SH,688193,0.04,1955,1955
SZ,001266,0.96,1954,3483
SZ,000909,1.36,1952,1952
SZ,301599,3.45,1950,15382
SZ,300423,0.52,1949,2910
SZ,002800,0.3,1949,2007
SZ,300659,0.19,1947,2679
SH,688026,1.76,1946,1947
SZ,301318,1.66,1942,2820
SZ,001360,2.65,1941,3156
SZ,300916,3.38,1941,3006
SZ,002524,2.15,1941,1958
SH,600678,0.18,1940,1940
SH,600706,-0.38,1938,1946
SH,603282,-1.49,1936,1936
SH,600444,-0.96,1936,1936
SZ,000995,2.64,1934,1934
SZ,300881,1.45,1933,3705
SZ,001211,2.52,1933,2071
SH,600768,1.98,1931,1931
SZ,301557,1.49,1931,4816
SZ,002652,-0.78,1930,1930
SH,603041,0,1929,1929
SZ,300650,1.07,1928,2733
SZ,300935,2.04,1928,2542
SZ,920961,3.46,1925,2645
SZ,300437,2.12,1925,2717
SZ,001237,1.4,1925,8192
SH,605336,0.38,1924,1924
SZ,301198,1.89,1921,2001
SZ,001255,2.26,1920,2162
SZ,300575,-1.06,1918,2651
SH,688657,4.18,1918,3066
SZ,920189,5.41,1917,3194
SZ,301077,1.83,1916,3413
SH,603208,0.28,1915,1915
SH,600235,-1.44,1908,1908
SZ,002205,0.29,1905,1905
SZ,000985,-1.47,1902,1902
SH,688420,-0.5,1900,1900
SZ,300854,-2.39,1900,2331
SZ,300897,1.5,1900,3043
SH,603810,-0.42,1900,1900
SZ,300543,-0.25,1899,2325
SH,603435,6.76,1899,24432
SH,600491,-0.79,1897,1897
SZ,002598,0,1897,2066
SZ,300644,1.22,1896,2379
SZ,002486,-1.27,1895,1904
SZ,920021,0,1894,2364
SZ,300967,1.61,1893,2846
SZ,300396,-0.7,1893,1895
SZ,301180,1.5,1893,4612
SZ,300906,0.93,1892,2094
SH,600303,0.72,1890,1907
SH,605177,0.18,1890,1908
SH,603028,0.61,1890,1909
SH,688395,-0.4,1890,1890
SZ,001260,-0.89,1889,1889
SZ,002968,-0.33,1889,2007
SZ,000056,10,1889,2471
SZ,301335,-0.04,1888,2730
SH,603506,0.6,1887,1887
SZ,300743,-0.19,1887,2239
SZ,002909,-0.79,1887,1934
SZ,300883,0.18,1882,1969
SZ,300081,-0.95,1881,1881
SZ,300254,0.12,1878,2125
SH,600107,-1.32,1876,1876
SH,603718,-0.33,1876,1884
SH,600847,1.16,1875,1875
SZ,920914,2.28,1875,1876
SH,688616,-0.66,1871,1871
SZ,002873,-0.5,1870,1904
SZ,002856,-0.78,1868,2041
SH,600051,-0.65,1868,1868
SH,605122,-0.08,1868,1868
SZ,002760,1.95,1866,1866
SZ,002778,0.6,1861,1881
SZ,002715,0.67,1859,1859
SH,600099,-0.92,1858,1858
SZ,002551,-0.97,1858,2570
SZ,001268,2.45,1851,2957
SH,603214,-0.36,1848,1848
SZ,000705,-1.79,1847,2189
SH,688004,1.18,1847,1847
SH,688092,-0.21,1847,1847
SH,603418,-0.26,1846,8617
SZ,001356,-0.33,1846,5139
SZ,001234,-0.58,1844,2189
SZ,301041,2.82,1842,2489
SH,603325,0.02,1842,4311
SZ,001366,-0.34,1841,1841
SZ,300941,1.78,1841,3045
SZ,002159,-0.22,1838,2353
SH,600202,-0.82,1836,1836
SH,600082,1.4,1833,1867
SZ,300717,1.35,1832,1849
SZ,300651,1.49,1830,2499
SZ,301590,2.15,1826,4411
SH,688288,2.29,1826,1826
SH,688670,-0.66,1822,1822
SZ,002717,0,1822,1929
SH,603177,-1.43,1821,1821
SZ,301309,0.33,1817,3015
SZ,002696,-0.17,1815,1877
SH,603879,2.02,1815,1815
SZ,920476,7.3,1813,1915
SZ,301231,1.61,1812,2338
SZ,920405,-0.63,1812,2327
SZ,300675,-1.03,1811,1811
SZ,002817,-0.78,1810,1866
SH,600149,-0.82,1810,1810
SZ,002634,-0.48,1809,1879
SZ,002630,-0.58,1809,1984
SZ,002753,0,1807,2619
SH,603120,6.25,1804,4302
SZ,002535,-0.81,1799,1932
SH,603029,-0.19,1796,1796
SZ,301010,0.06,1794,1794
SZ,301138,1.36,1793,3138
SZ,300076,-1.62,1789,1789
SZ,920178,5.35,1789,6125
SH,603270,1.77,1788,5539
SZ,003017,0.47,1788,2167
SH,603709,1.29,1784,1791
SZ,301556,0.77,1782,5155
SZ,301141,7.09,1781,4964
SZ,002569,0.32,1778,1829
SZ,301030,0.46,1774,1777
SZ,301159,4.92,1774,2589
SH,688435,1.28,1773,2642
SZ,002529,-1.44,1773,1773
SZ,000856,-1.25,1773,1773
SZ,000911,-0.44,1769,1769
SZ,002862,0.95,1768,2330
SZ,300030,-0.75,1767,2007
SZ,300556,0.25,1766,1979
SZ,003038,0.28,1764,2622
SH,688189,-1.36,1762,1762
SZ,301062,1.11,1762,2773
SZ,300642,-0.84,1761,2075
SH,688393,-0.47,1760,1760
SZ,003030,3.23,1759,2711
SZ,001285,-0.27,1759,7638
SH,600165,1.27,1759,3878
SH,603272,-1.1,1759,1759
SZ,301067,7,1757,2676
SZ,300912,-10.78,1756,2326
SZ,301585,0.66,1754,2679
SZ,301056,0.3,1753,2657
SZ,002972,4.67,1749,3196
SZ,920015,3.68,1749,5926
SZ,300992,1.68,1747,2135
SZ,920339,-6.24,1746,2543
SH,605567,-0.9,1744,1744
SZ,301121,3.18,1742,3404
SZ,001206,0,1739,3008
SZ,300195,5.13,1736,2343
SZ,300929,1.1,1734,1827
SH,688058,-0.08,1733,1733
SH,600448,-0.71,1732,1732
SH,688296,2.87,1730,1730
SZ,002877,-0.13,1729,2559
SH,603092,-1.95,1729,20000
SZ,301057,0.9,1725,2490
SH,600883,-2.4,1723,1723
SZ,003027,1.23,1722,2146
SZ,300707,0.5,1722,2085
SZ,300876,4.19,1721,2308
SZ,002198,1.5,1720,1720
SZ,300971,1.25,1719,2191
SZ,301538,2.93,1717,4312
SH,600272,-0.64,1715,2816
SZ,300837,1.8,1714,2268
SZ,002858,0.87,1714,2171
SZ,002780,0,1713,2168
SH,603717,1.2,1712,1712
SZ,300923,0.76,1711,1762
SZ,920509,3.93,1711,3265
SZ,301360,4.41,1710,3503
SZ,002381,-0.92,1707,2181
SH,603860,-1.07,1706,1706
SH,601026,1.19,1704,10115
SZ,300245,1.58,1703,1769
SZ,301227,7.22,1701,3025
SH,600818,0.28,1699,2295
SZ,002209,0,1698,2201
SH,600137,-1.12,1697,1697
SZ,001233,0.65,1693,8350
SH,603908,-1.3,1687,1687
SZ,002360,-0.38,1683,2077
SH,688681,-0.79,1681,1681
SZ,301548,3.28,1678,5565
SZ,301063,0,1676,1810
SZ,301667,0.38,1676,7885
SH,603022,-0.35,1674,1674
SH,600180,-1.9,1673,1673
SZ,300472,0.89,1672,1872
SZ,300538,2.67,1672,2514
SZ,300169,0.54,1672,1881
SZ,002743,-0.77,1669,1671
SZ,301586,-0.05,1666,2612
SZ,002211,2.12,1665,1665
SZ,000619,-0.64,1663,2038
SZ,002620,2.33,1663,1986
SZ,301509,1.74,1661,3525
SZ,300614,0.1,1659,1659
SH,600778,-0.92,1659,1660
SZ,002802,-0.35,1658,2008
SH,688078,-1.51,1657,1657
SZ,002629,-0.43,1656,1947
SH,688759,3.51,1655,10342
SZ,301361,-0.46,1654,3416
SH,603402,0.24,1653,6611
SZ,000639,-0.64,1652,1652
SZ,920038,66.24,1651,5049
SZ,301135,-0.48,1646,2116
SZ,000929,0.8,1646,1646
SZ,300950,0.66,1641,2572
SH,603257,1.73,1641,7908
SH,603255,2,1641,3639
SH,603312,0.44,1640,5154
SH,600119,0,1640,1640
SZ,000663,-0.36,1639,1801
SZ,300313,1.72,1632,1983
SZ,920839,1.91,1631,2958
SH,603400,-0.12,1629,5838
SH,603789,-0.78,1628,1660
SZ,920087,3.66,1627,1639
SH,688466,-1.91,1623,1623
SZ,300616,1.85,1622,2346
SZ,301618,2.44,1619,4246
SH,600697,-0.56,1617,1656
SZ,001386,0.13,1617,17972
SZ,301098,5.55,1615,1937
SZ,300961,1.43,1615,1884
SZ,300610,-0.09,1609,2061
SZ,920106,1.88,1608,2084
SZ,920892,1.43,1607,1814
SH,688509,-0.47,1605,3211
SZ,001222,-0.48,1600,2703
SH,603231,0.07,1599,2881
SZ,301680,2.82,1596,7866
SZ,301065,-0.69,1595,1959
SZ,003028,1.31,1590,3241
SZ,001209,1.29,1589,2175
SZ,002495,-0.42,1589,2143
SZ,300554,2.66,1589,2295
SZ,002592,0.83,1588,1716
SZ,300937,0,1587,2340
SZ,301336,-1.31,1586,2050
SZ,301456,-0.68,1582,3510
SZ,003042,-0.15,1581,1827
SH,600493,0,1580,1580
SZ,300995,1.21,1578,2394
SH,688781,2.55,1577,38610
SZ,300220,-0.56,1575,1577
SZ,301587,0.52,1574,3157
SH,600243,2.29,1571,1571
SZ,301032,0.31,1570,2368
SZ,920026,3.97,1564,2074
SZ,300519,-0.21,1563,2192
SZ,002207,1.7,1560,1567
SZ,002949,-1.24,1559,2012
SH,600796,-0.59,1557,4333
SZ,301022,1.4,1555,2302
SZ,002789,-2.64,1554,1585
SZ,920174,3.15,1552,6034
SH,688450,3.02,1552,2094
SZ,001395,1.15,1552,3384
SZ,301687,6.43,1552,7315
SZ,301229,0.42,1551,2181
SH,600561,-0.54,1550,1550
SH,688528,-0.74,1549,1549
SZ,300462,-0.26,1549,2033
SH,600689,0.39,1548,2044
SZ,002982,1.19,1547,2416
SZ,002835,0.41,1545,2665
SH,688565,-1.42,1545,1545
SZ,000632,-0.89,1541,1541
SZ,002910,1.12,1540,1760
SZ,920953,2.15,1538,3291
SZ,301383,0.23,1538,3556
SZ,301023,1.82,1535,2767
SZ,002227,-1.1,1532,1544
SZ,002694,0,1531,1625
SZ,300167,4.1,1530,1799
SZ,001202,2.03,1529,2182
SZ,301581,1.49,1527,2889
SZ,301107,1.87,1526,2639
SZ,301636,0.98,1525,2612
SZ,300845,0.86,1524,2180
SH,688021,0.55,1523,1523
SH,603275,0.91,1520,5444
SZ,300514,0.21,1519,1896
SZ,300306,0.1,1513,2582
SH,600692,-0.66,1512,2086
SH,688659,0.96,1510,1510
SZ,300500,-1.41,1510,1568
SZ,920010,0.12,1509,2031
SZ,002306,3.35,1503,1609
SZ,300625,-0.42,1503,2592
SZ,001378,1.66,1502,3087
SZ,300977,0.06,1501,2410
SZ,920238,-1.06,1496,7342
SZ,002566,0,1495,2135
SZ,301677,-0.9,1493,6962
SH,603082,1.94,1492,6130
SZ,301036,1.05,1492,2118
SZ,301166,-0.97,1488,2272
SZ,301210,2.16,1486,3892
SZ,002790,-0.86,1486,2382
SZ,002977,2.67,1486,2677
SH,688793,-0.67,1479,1479
SZ,002316,-2.24,1479,1706
SZ,920088,-3.02,1478,3998
SZ,000677,0,1477,1477
SZ,301518,2.24,1477,3659
SZ,301555,1.63,1474,2813
SZ,301558,-0.44,1471,5285
SH,600455,-1.12,1470,1470
SZ,300268,-1.51,1469,1914
SZ,301633,-2.43,1466,3199
SH,688067,0.47,1465,1465
SZ,301683,0.98,1464,6476
SZ,300813,-0.72,1457,2322
SZ,301505,-0.12,1456,1827
SH,688329,0.91,1453,1453
SZ,301512,1.57,1452,2226
SZ,300892,3.5,1452,2249
SZ,301390,-1.46,1451,1775
SZ,301276,1.58,1445,2591
SZ,000010,-2.47,1441,1805
SZ,301203,1.48,1441,2629
SH,600476,-0.77,1440,1440
SZ,301320,0.48,1437,2290
SZ,300314,-0.98,1436,2877
SZ,300640,1.09,1435,2021
SZ,003011,0.65,1433,1915
SZ,301508,2.75,1430,5494
SZ,003008,0.55,1429,1913
SZ,002144,-0.28,1429,1835
SZ,301560,-0.12,1427,2842
SZ,301130,-1.01,1425,1847
SZ,920200,6.75,1425,3262
SZ,920751,2.63,1425,1488
SZ,002691,2.66,1425,1442
SZ,002247,-1.33,1422,1880
SZ,301129,-0.46,1420,2860
SZ,301167,-0.14,1418,1502
SH,688022,-0.11,1416,1416
SZ,300621,-1.68,1416,1454
SH,603062,1.11,1414,4120
SZ,000702,-0.55,1413,1837
SZ,301152,1.22,1411,2361
SZ,301303,-0.71,1402,5609
SZ,300605,-1.06,1402,1831
SZ,301278,-0.46,1401,2445
SZ,920821,7.61,1401,2661
SZ,300371,-0.09,1399,2010
SZ,001226,-0.11,1393,3065
SH,688805,2.14,1391,6954
SZ,001296,1.93,1387,2691
SZ,002581,-2.26,1383,2276
SZ,300635,-2.37,1382,1607
SZ,920857,0.76,1380,1380
SH,603391,2.92,1378,5513
SZ,300549,-0.43,1374,1813
SZ,920371,1.44,1373,1448
SH,603248,-0.77,1372,8827
SZ,002591,0.49,1363,1831
SZ,300155,-0.95,1361,2318
SZ,000637,-0.52,1360,1939
SZ,002188,0.38,1359,1727
SZ,002200,-0.42,1356,3126
SZ,300928,0.08,1356,2025
SZ,001387,0.26,1355,2129
SZ,920790,6,1353,1966
SZ,002809,0.13,1353,1912
SZ,301355,0.31,1352,1889
SZ,920533,3.07,1352,2416
SZ,000610,0,1347,1354
SZ,301009,-1.32,1341,2414
SZ,920701,2.22,1341,1836
SZ,301507,-0.72,1340,4339
SZ,920207,2.77,1339,2192
SZ,300838,-0.74,1338,1814
SZ,300670,0.51,1337,1886
SZ,001239,1.12,1333,2806
SZ,920837,1.14,1332,1488
SZ,920682,0.34,1332,2297
SZ,001358,2.96,1331,3217
SZ,301601,-1.06,1331,2213
SH,688592,0.54,1329,2789
SZ,002494,-1.28,1316,1732
SH,603293,2.46,1316,6714
SZ,300594,0.28,1315,1328
SZ,001326,5.85,1313,4003
SZ,002883,-0.46,1311,1335
SZ,001278,0,1298,1882
SZ,300865,0.54,1295,2156
SZ,301097,1.1,1295,2698
SZ,002888,3.85,1294,2550
SZ,301288,0.06,1290,1784
SZ,301131,0.09,1289,1799
SZ,300828,1.53,1287,2540
SZ,920083,4.18,1287,3023
SZ,301591,4.88,1287,3148
SZ,301329,0.88,1282,3305
SZ,301156,-1.08,1281,2000
SZ,920046,2.23,1281,2316
SZ,300994,-0.71,1279,2555
SZ,301126,-0.21,1278,1904
SZ,920119,2.45,1277,4852
SZ,920523,3.15,1274,1592
SH,688576,0.18,1272,2662
SZ,301295,5.28,1267,4344
SH,688089,2.56,1266,1266
SZ,001277,-0.31,1264,2108
SZ,920225,4.09,1263,1937
SZ,301233,0.79,1262,2300
SZ,300126,-0.82,1262,1821
SZ,301501,1.16,1257,4273
SH,688217,-1.18,1255,1255
SZ,301163,1.01,1255,1871
SH,600543,0.52,1249,1249
SH,603352,1.52,1244,6220
SZ,920274,3.45,1244,1244
SZ,920211,3.53,1242,3684
SZ,301559,-1.84,1240,8268
SZ,301469,0.26,1238,2404
SZ,301503,-0.46,1234,2226
SH,603370,5.76,1234,6169
SZ,920425,3.33,1234,1499
SZ,003003,-0.09,1232,1848
SZ,920039,0.13,1229,1229
SH,603207,-0.34,1229,3615
SZ,000820,-3.28,1224,2664
SZ,301378,1.03,1221,2570
SH,603344,1.8,1220,4393
SH,603350,-0.17,1219,3219
SZ,301372,3.06,1219,2030
SZ,002830,3.06,1218,2439
SZ,001319,0.84,1218,2713
SH,688130,3.32,1218,2442
SZ,920237,2.68,1216,1239
SZ,301272,-1.1,1215,1920
SZ,301515,-1.63,1213,1796
SH,688790,0.79,1212,9520
SZ,920092,23.04,1211,2324
SZ,300823,0.42,1210,1869
SZ,301502,5.86,1210,2927
SZ,920130,-4.9,1209,1947
SZ,300517,1.17,1204,1912
SZ,301001,-0.2,1196,1902
SZ,301584,0,1191,9340
SH,603004,10.01,1191,4762
SZ,301300,0.97,1190,1981
SZ,300535,0.48,1190,1569
SZ,920171,2.87,1189,1762
SZ,920304,1.4,1187,1475
SZ,920396,6.6,1186,1669
SZ,301157,2.29,1182,3433
SZ,920273,3.5,1176,1766
SZ,300405,-2.53,1175,1527
SZ,920489,5.9,1170,1838
SZ,920089,0.77,1167,2049
SZ,920807,6.31,1165,1715
SZ,920033,1.15,1165,1675
SZ,920249,2.08,1163,3934
SZ,300930,2.32,1162,2466
SZ,920981,3.5,1159,2305
SH,600365,-1.08,1158,1230
SZ,002514,4.5,1158,1505
SZ,920152,2.48,1155,1549
SZ,301083,0.6,1153,2396
SZ,300899,0.64,1152,1794
SZ,300915,-0.34,1145,2504
SH,603276,3.13,1145,3150
SZ,920690,15.1,1145,1761
SZ,920099,2.34,1143,1849
SZ,300713,-0.3,1136,2019
SZ,301359,0.31,1135,1917
SZ,301632,-0.57,1134,6479
SZ,301446,0.76,1133,3710
SZ,300851,-0.9,1133,1996
SZ,301491,0.23,1130,5101
SZ,001373,-0.65,1128,1847
SZ,920252,3.06,1127,1696
SZ,001336,-0.1,1123,1824
SH,688184,-0.86,1118,1785
SZ,920592,3.02,1116,1793
SH,688671,0.89,1111,1862
SZ,301516,1.35,1105,4421
SZ,920932,3.86,1104,1334
SZ,001382,-1.17,1104,7218
SZ,301113,-1.21,1104,1822
SZ,920566,0.41,1102,1417
SZ,300152,0.65,1098,1098
SZ,301006,-0.37,1096,1820
SZ,002872,0.2,1087,1609
SZ,920001,2.83,1082,1845
SZ,920885,3.93,1076,2077
SZ,920199,2.39,1070,1922
SZ,300949,-1.99,1070,1871
SH,688651,0.4,1069,2331
SZ,920184,2.58,1067,1573
SZ,301539,-0.69,1067,2103
SZ,301418,2.73,1064,2650
SZ,300804,0.68,1062,2858
SZ,920526,5.53,1059,1673
SZ,920642,2.62,1057,1096
SZ,001379,0.51,1056,3138
SZ,300338,1.69,1050,1208
SZ,920792,4.98,1050,1710
SZ,920985,0.42,1048,1479
SH,603334,-0.2,1048,4725
SZ,920357,4.22,1043,1724
SH,688701,3.2,1039,1039
SZ,920505,16.69,1037,1866
SZ,920062,2.5,1036,1472
SZ,920429,1.79,1033,1133
SZ,300958,-1.13,1028,1770
SZ,002193,0.51,1026,1026
SH,688695,-1.12,1025,1633
SZ,001312,0.39,1022,4172
SZ,920415,2.4,1017,1321
SH,603729,0.46,1017,1017
SZ,920419,0.96,1014,1084
SZ,920167,0.58,1014,1707
SH,603359,-0.43,1008,1008
SZ,920575,0.19,1007,1506
SZ,920270,2.74,1005,1293
SZ,920018,0.46,997,2872
SZ,920100,6.06,997,3761
SZ,001279,0.2,997,3987
SZ,301577,3.73,989,2364
SZ,301616,0.99,988,2782
SH,688816,1.45,988,5122
SZ,920924,2.03,987,1620
SZ,920124,0.63,981,1905
SZ,001231,-0.25,976,1909
SZ,920206,4.61,968,2517
SZ,920786,4.8,965,1461
SZ,920169,2.62,957,1521
SZ,920098,1.23,954,1401
SZ,002719,-0.16,952,1024
SZ,001225,10,951,2965
SZ,920436,3.51,950,1012
SH,603190,0.93,942,2852
SZ,920496,0,941,1075
SH,603409,0.06,938,3269
SZ,920161,9.43,938,3457
SZ,301192,-0.04,935,1924
SZ,301173,-0.61,933,2658
SZ,301668,-2.23,925,4183
SZ,920012,4.45,920,2352
SZ,301459,2.3,919,3665
SZ,920028,2.69,919,2324
SZ,920227,1,915,2012
SZ,920670,-0.28,914,1457
SZ,920367,3.78,911,1538
SZ,920726,2.27,907,1644
SZ,301105,-1.71,907,2290
SZ,300904,0.29,907,2987
SZ,920873,2.73,901,1153
SZ,920220,3.61,898,2866
SZ,920748,3.05,897,1869
SZ,301386,-0.59,897,2790
SZ,920156,6.26,895,4295
SZ,920020,-0.05,883,3574
SZ,920770,1.22,880,1399
SZ,920541,1.36,875,1329
SZ,301519,0.17,872,1852
SH,603205,-0.18,870,3282
SZ,920693,2.81,869,1727
SZ,920926,5.15,868,956
SZ,920195,0.74,868,1202
SZ,920275,4.29,865,1046
SZ,301399,1.16,858,2903
SZ,920266,0,857,897
SH,688573,0.51,847,1556
SH,603376,1.03,846,10580
SZ,301598,0.08,845,2836
SZ,920122,1.71,843,2081
SZ,301037,-2.81,842,1723
SZ,920193,4.74,842,3718
SH,688638,-1.33,838,1773
SZ,301170,-0.22,836,2201
SZ,920000,0.49,833,1326
SZ,920855,1.23,830,925
SZ,920006,5.65,823,1554
SZ,001306,2.41,822,3337
SZ,920027,0.71,820,1172
SZ,920433,0.83,819,1239
SZ,920221,2.24,819,1573
SZ,301049,-0.51,818,1799
SH,603073,-1.89,815,1858
SZ,001335,1.31,813,2982
SZ,920976,0,807,1298
SZ,920556,1.32,805,1112
SH,603075,0.26,803,7625
SZ,920519,1.1,801,901
SZ,920663,1.88,798,1664
SZ,301449,-0.12,797,3542
SZ,920378,0.7,796,1112
SZ,001396,0.49,788,3710
SH,603273,-0.49,787,3025
SZ,920260,0.76,786,823
SZ,920974,0.83,782,998
SZ,920078,5.25,782,2406
SZ,920689,0.79,776,1502
SZ,920299,0.71,774,1535
SZ,920685,-1.26,770,1208
SZ,920058,0.14,768,1561
SZ,920832,0.16,764,856
SZ,920395,1.4,759,1102
SZ,920943,0.83,755,1479
SZ,920363,3.38,754,1327
SZ,920833,0.23,751,994
SZ,920242,3.64,751,1342
SZ,920768,0.87,751,1086
SZ,920870,2.8,750,1524
SZ,920639,0,741,1258
SZ,920263,0.84,738,1017
SZ,920781,2.7,733,941
SZ,301552,0.34,733,2932
SZ,301314,1.84,729,2206
SZ,920634,7.54,728,1148
SZ,920181,4.42,727,3134
SZ,920942,3.13,724,1069
SZ,301429,-1.25,723,1942
SZ,920445,0.15,723,991
SZ,920564,2.16,721,1566
SZ,301533,0.04,718,2483
SZ,001325,1.19,717,2869
SH,603284,-0.78,716,2924
SZ,920375,-0.62,715,1197
SZ,301353,2.41,712,2216
SZ,920370,0,711,814
SZ,920117,29.97,711,3160
SZ,920720,1.06,708,2535
SZ,301567,0.91,706,2393
SZ,920925,3.33,704,1256
SZ,920061,7.13,703,1265
SZ,920478,1.55,702,1154
SZ,920081,3.35,701,2976
SZ,001220,-0.42,699,2795
SZ,920706,1.95,696,1382
SZ,920346,3.54,696,1250
SZ,920008,1.15,688,1287
SZ,920163,0,688,1457
SZ,920245,1.5,685,890
SZ,920547,1.12,684,1406
SZ,920079,2.57,682,6311
SZ,920627,3.22,676,1364
SZ,920866,0.51,669,1056
SZ,920101,1.66,667,2138
SZ,920475,4.88,665,1196
SZ,920108,1.79,664,1567
SZ,301575,0.04,663,3300
SZ,920876,3,661,1081
SZ,920964,0.45,660,1168
SZ,920527,3.89,659,850
SZ,301578,-0.9,658,2315
SZ,920608,1.42,654,845
SZ,920176,7.78,653,4831
SZ,920765,-0.07,649,1068
SZ,920300,1.35,647,835
SZ,920065,-1.59,639,3663
SZ,920570,1.75,637,1253
SZ,920204,0.95,635,1198
SZ,920422,-1.33,634,847
SZ,920553,0.91,622,953
SZ,920578,2.35,619,1333
SZ,920278,-0.15,617,1091
SZ,920118,1.4,613,1011
SZ,920580,3.68,602,946
SZ,920471,1.9,598,938
SZ,920014,-0.21,597,1086
SZ,920469,3.78,597,813
SZ,920086,1.6,590,1803
SZ,920719,1.02,587,735
SZ,920096,4.84,586,2498
SZ,920641,0.78,586,971
SZ,920675,1.79,584,1272
SZ,920992,1.45,583,1151
SZ,920856,-3.87,578,1037
SZ,301287,-1.76,577,2259
SZ,920057,0.61,573,892
SZ,920455,0.69,571,1042
SZ,920679,-0.31,571,857
SZ,920906,2.28,569,1108
SZ,920112,0.43,567,1934
SZ,920198,3.22,565,1294
SZ,920665,3.29,564,1143
SZ,920810,-1.64,559,858
SZ,920075,0.13,557,1027
SH,688121,-1.07,555,640
SZ,920271,1.17,549,1242
SZ,920146,0.4,548,682
SZ,920374,3.02,548,1344
SZ,920896,1.48,547,1248
SZ,920005,2.22,546,2107
SZ,920090,0,542,726
SZ,920262,3.02,539,1159
SZ,920662,3.4,526,1705
SZ,920834,1.09,524,1001
SZ,920267,4.46,516,901
SZ,920056,1.46,514,1361
SZ,920871,1.78,512,924
SZ,920729,0.61,512,1804
SZ,920703,0.53,506,1432
SZ,920826,2.41,506,1135
SZ,920030,0.9,503,799
SZ,920050,0.51,502,1876
SZ,920069,1.04,502,1799
SZ,920753,1.06,501,1246
SZ,920023,0,500,609
SZ,920258,-0.99,499,5544
SZ,920508,0.9,498,937
SZ,920212,1.9,498,1024
SZ,920779,5.26,497,1987
SZ,920392,0.07,496,1056
SZ,920145,3.69,494,714
SZ,920080,1.51,494,1783
SZ,920160,1.31,493,2191
SZ,920407,1.72,482,1183
SZ,920082,0.48,480,1705
SZ,920166,1.43,473,1498
SZ,920126,2.03,471,1963
SZ,920351,3.07,469,1035
SZ,920076,0.95,469,1489
SZ,920177,2.82,467,1317
SZ,920414,0.74,459,653
SZ,002731,2.58,457,510
SZ,920950,0.31,457,937
SZ,920718,1.13,456,889
SZ,920091,2.68,456,1932
SZ,920656,0.8,451,1392
SZ,920136,5.57,449,1712
SZ,920158,1.82,449,1677
SZ,920128,3.31,448,1496
SZ,920427,2.11,444,900
SZ,920016,0.08,437,982
SZ,920188,1.81,435,1823
SZ,920036,3.42,431,1795
SZ,920180,0.17,422,1399
SZ,920970,0.67,422,667
SZ,920110,0.23,421,1012
SZ,920055,0.88,420,1867
SZ,920072,3.62,406,2149
SZ,920159,1.97,403,2128
SZ,920007,5.18,402,1681
SZ,920957,1.63,400,1005
SZ,920035,3.16,386,1701
SZ,920802,0.57,382,866
SZ,920011,2.76,367,1632
SZ,920895,0.31,366,721
SZ,920218,0.29,365,1621
SZ,920009,0.59,364,2799
SZ,920717,-2.98,359,930
SZ,920222,6.97,359,2657
SZ,920191,0.8,354,1572
SZ,920066,1.25,337,1065
SZ,920121,1.16,333,1843
SZ,920003,0.66,327,1523
SZ,920022,1.26,320,1161
SZ,920132,1.07,312,920
SZ,301139,-1.96,303,484
SZ,920504,0.59,291,739
SZ,920931,1.67,280,914
