market,code,chg_pct,vol_rank,amt_rank
SH,601288,-0.61,2052740,2250391
SH,601398,-0.52,2027484,2680175
SH,601857,0.47,1734185,1960155
SZ,300750,0.14,1680474,1825077
SH,600519,-4.57,1600704,1600704
SH,601988,0,1239301,1894609
SZ,300308,1.45,1061857,1119062
SH,600036,-0.59,788645,964155
SH,601628,0.76,772969,1049186
SH,601088,0.45,740777,974289
SH,688256,4.03,714369,714369
SH,600900,-0.59,683397,683397
SH,601899,1.91,682949,881482
SH,688041,1.27,661414,661414
SZ,000333,-0.29,569920,631504
SZ,300502,0.43,564409,627416
SZ,002371,2.89,551083,551524
SH,601728,0.91,514685,606692
SZ,002475,1.45,420459,444151
SH,603259,3.81,408833,493215
SH,601166,-1.15,377122,377122
SH,688012,3.08,364065,370110
SH,601658,-0.4,355386,588466
SH,600183,0.45,346930,349412
SH,600276,0.44,337130,350776
SH,600030,0,332542,426699
SH,603993,2.66,330534,404994
SZ,002415,0.43,316885,321045
SZ,002594,0.75,312296,816627
SH,601998,-0.64,311837,425685
SZ,300394,6.42,310082,310776
SH,600000,-0.87,300419,300419
SZ,002384,4.21,296437,391653
SH,603986,6.13,296195,310929
SZ,000858,-2.35,279508,279515
SH,688981,2.69,272840,1168157
SH,688825,9.06,270993,4024892
SZ,300059,-0.2,259455,307425
SZ,002916,1.15,254197,260451
SH,600150,1.02,254065,254065
SH,688008,3.54,251184,267810
SH,601225,-0.42,244896,244896
SH,601319,0,243515,303377
SH,601211,-0.05,241277,315404
SZ,300408,-1.22,238400,254582
SH,601816,-0.6,238268,238268
SZ,002463,1.58,236871,237062
SZ,300476,0.35,233845,265627
SH,600309,0.1,228869,228869
SZ,002938,0.84,222209,222854
SZ,000651,-0.29,219666,222824
SZ,000001,-0.17,215209,215212
SH,600919,-0.76,212325,212325
SZ,002142,-0.11,212238,212371
SZ,000725,3.1,211849,221896
SH,601601,0.2,205214,288418
SH,688072,3.94,202216,207928
SH,601919,3.12,199272,242305
SH,603288,-1.58,195984,206249
SH,688498,4.67,195394,197951
SH,600406,1.03,187952,188505
SZ,300274,0.35,185947,242835
SH,600176,4.28,183845,185305
SH,601668,-0.67,180570,180570
SZ,300760,-0.87,180558,180728
SH,601328,0,179378,607943
SZ,300433,0.98,179356,190510
SH,600025,-0.72,177741,177741
SH,600989,-0.47,167054,167054
SH,601985,-0.1,165606,180381
SH,601066,-0.42,165185,197253
SZ,301165,0,160252,160252
SH,600487,2.68,158677,159502
SH,600887,-1.17,158670,159462
SH,600031,-0.2,158556,172039
SZ,002352,-0.94,155635,170754
SZ,002281,3.19,155402,163608
SZ,000338,5.09,154441,269229
SH,600111,-1.07,152556,152556
SH,688082,4.01,151645,153292
SZ,003816,-0.51,150654,193410
SH,601869,2.95,148582,302732
SZ,000792,-0.73,148480,148482
SH,600584,5.32,148342,148342
SZ,300604,6.41,147429,194449
SZ,300124,-0.07,147391,165570
SH,601100,1.63,144822,144822
SH,601766,1.19,144750,170758
SH,600809,-4.66,143651,143651
SH,601872,3.58,142596,142596
SZ,000063,1,142578,169337
SZ,002050,0.63,142253,162177
SH,601688,-0.97,140290,173316
SH,603256,3.13,139885,143838
SH,601818,-0.32,138756,176666
SH,688120,3.06,134726,134726
SH,600999,0.17,134116,157146
SH,600050,-0.45,133879,135062
SH,600690,-1.64,133815,200681
SH,601229,-0.2,133565,133565
SH,600188,-0.35,131805,221915
SH,603019,0.56,131470,131476
SZ,300857,-1.06,128112,128771
SZ,002714,-0.75,127907,225089
SZ,301200,3.66,127869,147045
SH,601898,-0.7,127670,184958
SH,688361,11.49,127302,127302
SZ,000568,-4.06,126188,126260
SH,600760,0.07,125802,126041
SH,601600,1.62,124243,161428
SZ,000408,1.73,123943,123944
SH,688506,-0.93,123511,123511
SZ,000776,0.53,123277,163383
SH,600019,-0.69,122274,124376
SH,600489,3.54,121813,121813
SH,600522,0.14,121501,121501
SH,688525,6.22,121221,121221
SH,601336,0.42,120997,180996
SH,600016,-0.28,120926,149298
SZ,300014,0.04,119271,122704
SZ,002493,1.35,119154,127465
SH,605117,3.31,118792,118792
SZ,301308,3.64,118733,181002
SH,600018,0.59,118558,118728
SH,600926,0.12,118159,118159
SH,688111,-1.76,116890,116890
SZ,000938,1.95,116491,116491
SH,688521,6.86,116490,116490
SZ,000977,0.55,116217,116347
SZ,300442,-0.5,115420,115759
SH,600104,-0.78,115183,115183
SZ,002353,10,114780,170052
SZ,000988,2.46,113051,113109
SH,601698,0.68,112664,112664
SZ,002028,10,111863,143328
SH,600660,-1,111566,145363
SH,603501,0.79,110799,115457
SH,600160,0.49,110609,110609
SH,600673,0.74,110217,110511
SH,688347,5.83,109281,465728
SH,600547,2.42,108614,138528
SH,600089,0.72,106210,106210
SZ,002156,9.55,104659,104669
SH,601169,-0.19,104658,104658
SH,601888,-0.93,104555,111266
SZ,301217,2.4,104456,104456
SZ,000100,0.97,104414,107956
SH,600886,0.73,103464,111102
SZ,002080,1.75,102332,102332
SZ,000166,-0.21,101860,113181
SZ,000657,2.33,101567,159229
SH,601995,-0.25,101447,167506
SH,600015,-0.44,101248,104720
SZ,300033,0.13,101076,173521
SH,600893,2.41,100662,100679
SH,600938,1.25,98909,1572291
SH,601939,0.1,98335,2681404
SH,601012,1.5,97302,97302
SH,600362,3.9,96188,160498
SZ,002736,-0.09,96028,102315
SZ,002008,0.81,95481,102754
SH,601633,-0.44,95480,131786
SH,603228,-2.81,93527,95364
SH,601006,0,93157,93157
SH,601168,4.6,92580,92580
SZ,000807,2.74,92316,92317
SZ,002600,0.55,91872,103615
SZ,002230,-0.88,90687,99470
SH,600795,-0.58,89713,89713
SH,600549,1.79,89273,91207
SH,601881,-0.24,88225,133181
SH,601390,-0.45,88206,106466
SH,688271,-1.37,88102,88102
SZ,000538,-0.81,87973,88535
SH,688249,8.51,87330,97207
SH,600941,-1.12,87216,2095202
SH,688200,6.3,87086,87086
SH,603893,0.8,86996,87007
SZ,000617,-0.28,86725,86725
SH,601689,0.59,86544,86544
SZ,300757,3.1,86484,89166
SZ,002648,1.43,86249,86305
SZ,002001,0.78,85882,86916
SH,688702,5.55,85407,172503
SH,601727,0.45,85029,104740
SZ,000895,-0.32,84942,84953
SZ,000301,0.4,83662,83698
SH,688396,3.56,83531,83531
SH,605499,-0.42,82744,89866
SH,601127,-0.5,82423,92203
SH,601868,0,82369,112370
SH,601825,0.46,81464,83810
SH,603799,0.07,79997,80248
SH,600118,1.17,79960,79960
SZ,300498,-0.44,79734,89229
SH,688002,2.26,79036,79036
SH,600236,-0.98,78903,78903
SH,601991,-2,78715,117518
SZ,001289,-0.18,78553,130246
SH,600436,-1.94,78431,78431
SH,688126,3.4,76111,88509
SH,601838,-0.65,76038,76038
SZ,300475,4.6,75800,79085
SH,600482,5.53,75374,75374
SH,600011,0,75224,107375
SH,688777,0.3,75162,75543
SZ,000630,3.08,74658,89843
SZ,002179,-1.49,74507,74643
SZ,002311,0.16,74448,74520
SH,600674,1.33,74240,74240
SH,688519,1.71,73915,73915
SZ,300661,-0.62,73554,83790
SH,601958,0,72954,72954
SH,600039,0,72608,72608
SZ,001309,8.21,72537,99707
SZ,000636,-0.18,72441,72441
SZ,002202,1.86,71710,90051
SH,603195,-0.61,71683,71813
SZ,000425,-0.37,71644,93221
SZ,002466,-0.42,71602,83125
SZ,002027,-2.55,71489,71489
SH,688172,6.96,71314,84929
SH,688313,11.79,71125,71125
SZ,002428,6.1,70391,70400
SH,688629,2.7,70237,71343
SH,600703,3.09,69846,69846
SH,688766,13.86,69590,69590
SH,600010,-0.88,69526,100402
SH,688037,2.12,69398,69398
SZ,000426,3.01,69286,69303
SH,601186,-0.49,69250,81749
SZ,000708,-0.5,69247,69247
SH,601800,-0.5,69165,95661
SZ,002241,0.23,68985,77901
SH,600585,-0.22,68890,91399
SZ,300015,-0.68,68830,80441
SH,603296,-0.23,68480,130014
SH,601111,-0.67,68316,120291
SH,688409,6.29,68202,68202
SH,600988,2.29,67705,77328
SH,600029,0,67654,90967
SH,601231,2.61,67631,67631
SH,600958,-0.21,67599,76895
SZ,000975,3.34,67194,73832
SZ,001979,-0.78,66878,67981
SH,688585,-1.04,66785,66785
SH,600026,4.43,66760,95418
SZ,000021,4.42,66130,66139
SZ,002837,2.15,65928,74320
SZ,002851,2.02,65916,78426
SH,600023,-0.19,65703,65703
SH,600415,2.74,65693,65693
SZ,002460,0.46,65527,113431
SZ,000831,1.23,65477,65477
SH,601360,-1.26,65446,65446
SH,601018,0.3,65172,65172
SZ,002625,-0.65,65133,65133
SZ,000960,2.23,64945,64945
SH,688017,1.02,64807,64807
SZ,300223,6.52,64705,73996
SZ,300548,12.49,64429,64559
SH,600066,1.22,64293,64293
SH,600233,-1.21,63926,63926
SH,688036,-0.12,63258,63258
SZ,000703,-1.6,62777,63094
SH,600875,2.86,62650,95727
SH,601916,-1.01,62479,79647
SZ,002185,4.56,62466,62480
SH,600048,-1.32,62246,62246
SZ,002595,4.67,62218,62652
SZ,001965,-0.75,62039,62039
SZ,300765,8.19,61957,61957
SH,600105,2.52,61945,61945
SH,688141,-4.63,61410,61410
SZ,300285,1.37,61362,71718
SH,601669,-0.42,61175,80618
SZ,002128,1.23,61016,85103
SZ,002422,3.28,60502,74114
SZ,000768,1.07,60137,60228
SH,600115,-0.27,59928,77749
SZ,300666,5.71,59812,74650
SZ,002709,0.3,59742,80707
SH,688147,5.82,59660,59660
SZ,000933,2.63,59583,59621
SZ,002304,-2.6,59533,59535
SZ,000625,0,59028,70778
SH,688019,3.69,58768,58768
SH,600438,1.64,58571,58571
SH,601061,1.96,58506,58506
SH,688630,5.93,58470,65023
SH,688048,6.12,58366,58366
SH,601077,-0.45,57802,74275
SZ,300136,1.64,57285,67169
SH,600009,-0.55,57020,57206
SH,600221,0.76,56985,57477
SH,600426,0.49,56944,56951
SH,601788,-0.2,56803,67041
SZ,002049,-1.27,56506,56514
SH,601901,-0.86,56308,56308
SZ,002064,1.98,56205,56325
SZ,002484,-2.12,56038,58091
SH,600460,2.69,55963,55963
SZ,002821,2.69,55736,63425
SZ,002532,3.2,55648,62719
SH,688469,2.06,55235,78881
SH,688432,7.68,55201,55201
SZ,300316,2.94,55137,58628
SH,600219,1.27,55007,55007
SH,600885,-1.87,54971,54971
SH,601233,1.23,54902,55003
SZ,301358,4.01,54680,60647
SH,600372,0.09,54534,54534
SZ,300450,0.46,54486,58497
SZ,300567,7.03,54297,66899
SZ,002920,0.29,54233,54250
SH,688110,4.53,54147,54147
SZ,301269,3.01,54125,54125
SH,688548,4.59,53818,53818
SH,688578,-0.75,53766,53766
SZ,300373,2.68,53650,53770
SH,600378,2.67,53628,64500
SH,601059,-0.47,53542,53542
SH,600096,1.52,53468,53468
SH,600601,0.55,53088,54405
SH,601877,-1.31,53037,53037
SH,600803,0.06,52864,53268
SH,600879,0.63,52756,52756
SZ,300058,-0.59,52204,53889
SH,600497,1.98,51866,51866
SZ,300418,0.94,51750,56580
SZ,002558,-5.68,51695,51695
SH,603083,0.81,51645,69010
SH,600350,-1.93,51391,51391
SZ,000963,-1.81,51153,51174
SH,600418,-4.64,50877,50877
SH,600196,-0.98,50780,64010
SZ,300803,0.46,50752,51125
SH,600895,0.06,50673,50673
SZ,002636,2.92,50535,50793
SH,601377,0.17,50521,50521
SH,688234,5.45,50366,56802
SH,688375,0.44,50190,50190
SH,688627,6.62,50076,50076
SZ,000783,-0.21,49881,49881
SH,600667,3.7,49779,49779
SZ,001872,1.17,49752,53639
SH,603629,0,49599,50425
SH,601208,2.58,49438,49438
SZ,000157,-0.13,48922,59848
SH,601699,-1.51,48371,48371
SZ,300395,0.84,48271,49513
SH,603979,0.93,48257,48257
SZ,000066,-0.46,48157,48161
SH,600741,-0.83,48142,48142
SZ,300390,-0.18,47770,55777
SH,688729,2.91,47622,80509
SH,688331,1.86,47480,75307
SZ,002812,1.68,47300,56426
SH,600206,10,47288,47288
SZ,003031,6.55,47146,62516
SZ,002414,-0.42,47105,59192
SH,601298,0.46,47073,56667
SZ,002074,-0.4,46979,49088
SH,600726,-3.72,46272,48946
SZ,301377,3.7,45910,196922
SH,688223,1.36,45802,45802
SH,601607,-1.14,45743,60817
SH,601618,0,45703,52971
SH,600985,-2.41,45570,45570
SH,605376,3.05,45437,45437
SH,600377,0,45436,60201
SH,601058,1.77,45343,45343
SH,688047,1.6,45080,45080
SH,601117,-0.13,44991,45120
SH,601198,-0.06,43994,43994
SH,688220,2.77,43922,43922
SH,603129,0.03,43753,43753
SH,688146,0.07,43661,159443
SH,600930,-1.21,43510,168943
SH,688808,1.31,43416,231000
SH,601021,0.2,43252,43252
SH,688336,-0.57,43126,43126
SZ,000811,7.42,43079,43699
SH,603260,2.65,43056,43056
SH,688728,2.22,42984,43014
SH,688187,-0.09,42750,65471
SZ,002407,0.74,42642,46963
SH,601878,0,42628,42628
SZ,002203,0.94,42606,44139
SH,600909,2.05,42455,42455
SH,603268,1.25,42335,184897
SH,600352,2.06,41935,41935
SH,600027,0,41839,52717
SH,688009,-1.21,41812,51361
SH,601212,3.13,41541,41541
SH,603087,-1.3,41526,44210
SH,600570,-1.12,41414,41414
SH,600392,-1.37,41314,41314
SH,603650,4.01,41239,41338
SH,600642,0.24,41108,41110
SH,600143,2.1,40972,41570
SH,688188,-1.78,40953,40953
SH,601108,-0.33,40865,40865
SH,603806,2.62,40801,40801
SZ,300017,-0.51,40798,43026
SH,603699,0.86,40780,41702
SH,600061,-0.15,40603,40603
SZ,002850,5.38,40555,55385
SZ,000999,-1.65,40403,40440
SH,601555,2.14,40346,40346
SZ,300346,3.87,40002,42147
SH,600995,0.56,39822,39822
SH,688025,3.39,39731,39731
SH,688303,0.43,39685,39685
SH,600021,-0.84,39619,39619
SH,601126,4.03,39579,39964
SH,600968,1.04,39542,39542
SH,688668,5.52,39486,39486
SZ,300979,-1.93,39433,39433
SH,688300,-1.01,39352,39352
SH,600588,-1.28,39295,39295
SH,688433,-0.29,39280,39280
SZ,002429,1.52,39271,39294
SZ,002945,0.35,39231,39231
SZ,301511,3.46,39191,61967
SH,600578,-2.98,39164,39164
SZ,002155,1.3,39016,39019
SH,601456,-0.21,38999,50614
SH,688536,4.7,38986,39683
SZ,002129,3.21,38942,38976
SH,601136,0.21,38923,38923
SZ,002294,0.06,38921,38929
SZ,000559,0.86,38910,38922
SZ,002236,-1.51,38784,53027
SZ,002273,2.75,38769,39466
SH,601665,1.29,38769,38769
SZ,300001,1.58,38566,39469
SZ,000983,-0.87,38491,38491
SZ,002078,0.07,38400,39473
SZ,002738,-0.27,38359,39350
SH,600845,-1.47,38349,51357
SH,603379,0.69,38338,38338
SH,600256,1.7,38288,38288
SZ,000688,2.15,38254,38254
SH,603929,10,38185,38185
SH,600901,1.08,38043,38053
SZ,000596,-6.39,38000,49160
SZ,002195,-0.14,37963,38306
SZ,300919,1,37869,43241
SZ,000987,-0.25,37851,37879
SZ,300672,3.26,37817,39033
SH,601238,0.2,37805,52209
SH,688472,0.88,37779,37779
SH,600869,3.22,37751,37751
SH,601777,1.95,37751,37751
SH,601216,0.22,37718,37718
SZ,002653,1.1,37650,80022
SH,688167,6.52,37561,37561
SZ,000893,1.63,37416,42590
SZ,002056,1.55,37376,37414
SZ,300115,0.92,37367,37478
SZ,002966,0.35,37362,38001
SZ,300570,20,37247,44017
SH,688295,-0.83,37215,37215
SH,603392,-2.45,37123,37123
SZ,300037,1.51,37121,51181
SH,600711,1.88,36840,36840
SH,600600,-1.17,36825,70843
SH,601577,-0.32,36789,36797
SZ,300782,3.98,36761,47155
SZ,300870,4.51,36417,36421
SZ,300972,1.77,36329,39542
SH,600663,-0.74,36315,46474
SZ,001203,-0.35,36136,42420
SH,603369,-2.71,36095,36095
SH,605589,0.26,36028,36048
SZ,300866,0.56,36001,68450
SZ,300751,4.31,35883,51895
SZ,300489,2.15,35690,35821
SH,605358,2.65,35552,35552
SH,600177,-0.37,35532,36479
SH,601808,0.59,35437,57116
SZ,300454,-1.26,35277,52862
SH,688322,0.15,35277,45474
SH,600298,-5.51,35229,35667
SH,688052,2.52,34889,39778
SZ,302132,2.62,34883,159043
SH,600707,3.97,34729,34736
SH,603308,3.8,34523,34523
SZ,300832,-1.49,34477,39655
SH,688775,-0.52,34313,53052
SH,600157,-0.62,34254,34254
SZ,002126,2.41,34183,36405
SH,601611,0.18,34056,34056
SH,600863,-0.81,33975,37687
SZ,002340,0.6,33908,34084
SH,688676,5,33900,33900
SH,600330,10.01,33895,33895
SZ,000661,-0.14,33751,34454
SH,688122,0.31,33731,33731
SH,601598,1.56,33575,46701
SZ,000878,3.54,33380,40404
SH,603127,3.27,33256,39700
SH,688027,0.98,33243,42543
SH,600085,-1.05,33217,33217
SH,601696,0.59,33197,33197
SH,688235,0.06,33123,444008
SZ,002517,-4.53,33002,37324
SZ,000423,-0.8,32893,32951
SH,600839,-2.19,32859,32868
SH,688213,4.12,32778,40762
SH,600060,-1.09,32764,32885
SH,688362,6.02,32668,32668
SH,600641,2.51,32628,33197
SH,600562,1.16,32599,32599
SH,603823,10,32514,32514
SZ,002032,-0.6,32483,32498
SH,601236,0,32430,32430
SZ,002252,-1.2,32282,32304
SH,603486,0.38,32171,32465
SH,600109,-0.11,31977,31977
SH,688266,0,31871,31871
SH,600348,-0.55,31818,31818
SH,600733,-0.93,31736,33428
SZ,002859,1.31,31704,33579
SZ,002378,0.91,31659,31826
SH,601162,-1.33,31641,37072
SH,603225,0.43,31485,31654
SZ,300207,-0.15,31451,33901
SZ,300251,-0.43,31389,33179
SZ,300748,-0.13,31211,38170
SZ,300347,-1.65,31207,47434
SZ,000728,0.28,31201,31201
SZ,002245,2.76,31184,33143
SZ,002222,2.45,31155,31295
SH,603606,-0.6,31153,31153
SH,688301,2.05,31118,31118
SZ,002240,0.21,31002,31083
SZ,002601,1.04,30987,37170
SZ,000876,0.73,30960,30979
SZ,000729,-2.83,30943,34753
SZ,000967,-2.84,30891,30905
SH,600563,1.32,30866,30866
SH,688599,1.39,30805,30805
SH,603061,6.22,30794,30794
SH,600801,0.39,30792,47713
SZ,000786,-0.54,30732,30964
SZ,002555,-2.57,30620,42674
SH,688102,3.18,30607,30696
SZ,002131,-2.24,30503,35281
SH,688617,-1.17,30461,30461
SH,688195,2.4,30427,30427
SZ,301236,-1.04,30336,39969
SH,688333,0.56,30269,30269
SZ,301396,-3.6,30261,45962
SZ,000002,-0.63,30220,37105
SH,603568,-5.63,30174,30174
SZ,000800,1.16,30165,30167
SZ,300814,0.88,30102,30102
SH,688180,-1.72,30043,40246
SH,688385,1.74,29963,45758
SZ,002261,-1.12,29959,32936
SH,600871,1.85,29803,41706
SH,600332,-0.88,29692,34337
SZ,000060,2.14,29667,29667
SZ,002673,0,29633,29633
SH,600737,5.97,29602,29602
SZ,000027,0,29591,29591
SZ,002939,-0.36,29470,33002
SZ,002025,0.92,29415,29425
SZ,300558,1.38,29387,29481
SH,688387,0.14,29163,49435
SH,600699,-0.23,29016,32241
SZ,000883,-0.88,28964,31645
SZ,000958,-0.36,28963,98543
SH,688568,0.08,28953,28953
SH,603186,10,28898,28898
SZ,300628,0.05,28875,50398
SZ,300903,2.83,28869,35771
SH,601001,0.41,28838,28838
SH,603939,-1.36,28734,28734
SH,688318,-0.38,28732,28732
SZ,002472,0.92,28626,32504
SZ,000629,0.33,28615,28616
SH,600483,-2.46,28580,28580
SH,601933,0,28471,28471
SH,688127,5.89,28462,28462
SZ,300236,8.34,28354,31899
SZ,300339,-0.75,28339,29021
SH,600353,9.99,28287,28287
SH,688169,2.19,28281,28281
SZ,300209,-2.38,28231,35288
SH,688192,0.46,28222,28463
SH,600398,-0.67,28192,28192
SH,600517,0.2,28192,28192
SH,601990,0.15,28183,29302
SH,603338,0.05,28168,28168
SH,688411,0.36,28110,38686
SZ,301018,7.13,28056,37129
SH,600282,-1.08,27990,27990
SZ,300458,1.03,27927,34082
SZ,300432,1.42,27829,28143
SH,603766,3.51,27825,27825
SZ,000737,7.28,27768,27771
SH,688297,0.88,27763,27763
SZ,003022,2.06,27756,27780
SH,603920,-1.53,27671,27671
SH,600079,-0.32,27669,29266
SH,603444,-1.79,27610,27610
SH,603688,2.16,27414,27414
SZ,002747,0.6,27354,33834
SZ,002797,-0.3,27148,27148
SH,688114,-2.62,27116,27174
SH,600637,-1.58,27063,27063
SH,600312,2.1,27057,27057
SH,600369,-0.24,27046,27046
SH,688248,2.29,27010,27010
SH,688065,-0.74,26981,33360
SH,600499,-0.2,26888,26888
SH,603067,7.05,26851,26851
SZ,000887,-6.45,26826,26870
SH,688820,12.31,26791,288637
SZ,002608,-0.83,26787,26787
SH,601880,1.4,26699,34179
SH,600777,1.95,26674,28494
SH,688018,1.53,26652,26652
SH,601000,0.22,26548,26548
SZ,300811,1.41,26535,32329
SZ,002487,0.19,26454,31032
SZ,002046,4.95,26318,26617
SH,601615,-0.16,26301,26301
SZ,002465,0,26266,26307
SZ,300438,-1.51,26182,32607
SZ,000959,-0.27,26155,27220
SH,600515,0,26152,32562
SH,601799,-0.5,26151,26151
SH,600536,-0.95,26145,28938
SZ,002841,0.54,26067,34959
SH,600331,2.56,26050,33865
SH,603119,1.99,25979,25979
SH,688608,0.93,25970,25970
SH,688205,2.54,25884,25884
SH,600299,1.69,25870,25870
SH,600521,-1.59,25828,25828
SZ,001389,-0.07,25799,80044
SZ,000739,-1.32,25765,25775
SZ,002364,2.58,25762,26014
SH,600208,-1.3,25694,25697
SH,605090,0.25,25694,25720
SH,688001,7.76,25606,25606
SH,601918,-0.9,25517,25517
SH,600732,2.2,25474,25594
SZ,002459,1.32,25330,25352
SH,603663,1.43,25316,25334
SH,600595,2.1,25290,25290
SH,600918,0.36,25232,43788
SH,600153,-0.45,25197,25197
SH,605111,4.04,25165,25165
SH,600704,0.21,25132,25132
SH,601069,1.11,25116,25790
SH,600998,-1.57,25112,25112
SZ,000547,0.77,25076,25224
SZ,301205,-1.17,25031,38882
SH,688403,4.18,25006,25006
SH,600862,-0.71,24991,24991
SH,601155,-0.8,24947,24947
SZ,000951,2.06,24876,24876
SZ,002396,0.37,24836,24939
SH,601606,0.82,24827,24827
SZ,001267,-1.87,24762,31942
SZ,002244,-2.06,24735,27910
SH,603306,2.74,24712,24712
SH,600246,3.82,24670,25356
SH,600583,2.2,24627,24627
SZ,000932,-0.27,24601,24601
SZ,002180,0.39,24594,25708
SZ,300255,-1.75,24574,24612
SH,688778,1.42,24573,24573
SH,689009,-1.77,24564,32149
SH,600396,-1.87,24550,24550
SZ,002223,-1.43,24547,26115
SZ,002152,-0.99,24523,24536
SH,603881,-2.23,24474,24474
SH,600161,-1.35,24460,24460
SZ,002266,2.64,24455,26357
SZ,000415,0.44,24430,28016
SH,600295,0.16,24418,34593
SZ,001270,1.17,24408,24565
SH,603345,-1.21,24393,27720
SZ,002536,4.67,24275,25630
SZ,002015,-3.68,24139,24139
SH,603049,1.44,24138,41800
SZ,300024,-0.12,24104,24111
SH,600126,-3.51,24046,24046
SH,603160,0.66,23984,23984
SH,600323,-0.23,23947,23947
SZ,301536,4.43,23910,53866
SZ,002456,-1.5,23754,25031
SH,601099,0.29,23721,23721
SH,688278,-4.46,23708,23708
SH,688502,3.13,23708,23708
SZ,000921,-0.65,23574,35342
SZ,000582,-3.96,23488,27411
SH,603773,10,23477,23485
SH,601928,0.22,23464,23464
SH,603596,-1.24,23437,23437
SH,688475,-0.43,23389,23389
SZ,002603,-0.17,23305,28285
SH,601399,0.31,23300,23300
SZ,000564,10,23246,27809
SH,688596,0.8,23177,23177
SZ,300738,-1,23155,23162
SZ,300806,4.07,23144,32118
SH,600186,7.57,23134,23180
SZ,002157,0.68,23129,27473
SH,603885,0,23122,23122
SH,688123,1.18,23120,23120
SZ,920185,0.24,23117,23504
SH,601866,1.28,23111,31254
SH,600100,-0.57,23050,23050
SZ,002430,0.3,23050,23060
SH,601666,-3.01,22965,22965
SZ,002491,-0.7,22953,23997
SH,601118,1.52,22938,22938
SH,688372,4.22,22899,22899
SH,600166,-1.36,22802,22802
SZ,000830,0.42,22793,22795
SH,601228,0,22784,22784
SH,600095,0.25,22759,22759
SZ,000733,0,22674,22677
SH,688400,1.58,22637,23540
SZ,300677,1.1,22619,31808
SH,603005,3.46,22611,22611
SZ,002085,0.76,22549,22549
SZ,000400,0.59,22494,22573
SZ,000155,-1.45,22468,22468
SH,600977,-2.67,22404,22404
SH,688257,3.55,22371,22371
SH,603565,1.62,22366,22366
SZ,002552,0.02,22353,23535
SZ,002379,1.76,22307,255801
SH,600664,-0.66,22289,22289
SZ,300776,2.35,22289,35455
SZ,002498,-0.44,22223,22223
SH,601608,0.41,22211,22211
SH,603605,-1.91,22206,22206
SH,600566,-1.42,22196,22263
SH,603301,0.57,22166,22166
SH,601128,-0.32,22144,22144
SH,600745,-0.62,22102,22102
SH,600884,-0.65,22076,27015
SH,603730,1.99,22066,22066
SH,600388,-0.51,22061,22061
SH,688425,-0.47,21974,21974
SZ,002926,0.24,21919,21919
SZ,000603,2.4,21908,22672
SH,601963,-0.55,21866,38977
SH,603728,0.04,21861,21861
SZ,300496,-1.18,21841,27287
SH,600098,0.32,21806,21806
SH,688392,6.15,21806,21806
SZ,002271,0.89,21806,27207
SZ,000029,10,21774,24705
SZ,000750,0,21736,23948
SZ,300398,3.76,21731,21849
SH,600390,-0.2,21726,21726
SZ,002716,5.06,21715,26396
SH,600598,3.04,21705,21705
SH,600550,1.03,21693,21693
SH,600486,1.28,21673,21673
SH,600685,0.84,21669,37288
SZ,300623,5.06,21662,23490
SZ,000709,0,21601,21605
SZ,300012,7.8,21579,25360
SH,603077,2.95,21549,21549
SZ,000623,0.22,21453,21538
SH,601567,-0.12,21443,21443
SH,601106,-0.31,21396,21396
SZ,002335,-0.85,21389,24458
SH,688503,10.75,21372,21372
SH,603290,2.17,21316,21316
SH,603737,1.13,21311,21311
SH,688819,-0.04,21299,21299
SZ,300474,0.75,21295,27380
SZ,300073,0.65,21286,22898
SZ,000598,0.14,21273,21276
SH,603530,5.63,21271,21467
SH,688131,-0.37,21259,21259
SH,603950,5.62,21243,21260
SH,600602,-3.93,21217,27012
SH,603358,4.48,21195,21561
SZ,300699,0.78,21143,21399
SH,688233,3.98,21094,21094
SZ,002065,-1.75,21082,23240
SZ,002265,0.15,21053,21053
SZ,002317,0.69,21051,23492
SH,603618,1.77,21018,21018
SZ,000519,2.65,21000,21000
SZ,002468,0.21,20993,21768
SZ,300821,2.7,20984,20988
SZ,000034,-1.15,20974,25113
SH,600516,-1.69,20935,20935
SZ,000158,-1.48,20929,21070
SH,600316,2.03,20918,20918
SH,600765,0,20912,20912
SH,601016,-2.53,20892,22644
SH,603588,-0.14,20792,20792
SZ,300142,-0.74,20787,21079
SH,688449,1.69,20768,32582
SH,688097,3.99,20729,20729
SZ,002149,-2.65,20722,20725
SZ,300083,-0.49,20711,23108
SZ,300843,5.89,20674,21087
SH,603876,-1.19,20667,20667
SZ,002007,-1.12,20645,23953
SH,600132,-0.46,20637,20637
SZ,002624,-3.16,20635,21902
SH,600008,0,20627,20627
SZ,002683,8.62,20577,23458
SZ,002423,0.45,20576,20576
SZ,002895,3.19,20559,20777
SZ,300763,0.8,20550,25349
SZ,003035,-0.36,20530,20530
SH,600970,0.64,20503,20503
SH,688268,3.55,20493,20493
SH,601677,1.11,20465,20465
SH,600688,0,20447,29414
SH,600848,-0.34,20444,21542
SH,601865,0,20436,25186
SZ,300762,0.62,20409,21137
SH,603899,0.09,20395,20395
SZ,002831,5.44,20362,36730
SH,600329,-0.76,20353,27639
SH,603115,-2.62,20349,20349
SH,688388,6.1,20332,20332
SZ,000039,0.34,20321,47616
SH,603516,0.57,20313,20313
SZ,002545,4.55,20264,22306
SZ,300896,-1.81,20239,29954
SH,601997,-0.53,20219,20219
SZ,002518,1.05,20204,20815
SZ,000009,-1.26,20093,20118
SH,600170,0,20082,20082
SH,600582,-0.2,20072,20072
SH,603233,-1.61,20067,20067
SZ,002948,0,19971,33001
SZ,000683,2.22,19965,22227
SZ,300003,-1.78,19957,23301
SH,603002,10.01,19948,19948
SH,601609,5.02,19879,19879
SZ,001337,2.07,19874,19874
SH,600500,3.95,19807,19807
SH,600967,0.61,19792,19792
SZ,300085,-0.19,19736,21390
SH,601158,-0.23,19728,19728
SZ,002299,0.12,19680,20071
SZ,301297,4.78,19671,25856
SZ,002130,1.06,19647,23980
SH,600518,0.71,19628,19637
SZ,001896,-1.75,19591,19591
SH,688005,0.85,19552,19552
SZ,300456,3.15,19549,23958
SH,688523,1.85,19530,19530
SZ,000825,0.29,19481,19481
SZ,300747,1.5,19418,20892
SH,600226,2.69,19274,19274
SH,688652,4.24,19252,26786
SH,601187,-0.8,19250,19292
SZ,300088,1.98,19213,19307
SZ,002192,1.01,19198,19238
SZ,300199,-0.45,19181,22735
SZ,002262,-1.77,19063,21911
SZ,002044,-2.18,19061,19258
SH,601858,-1.91,19012,19012
SZ,002461,0.23,18990,18990
SZ,002500,0,18990,18990
SH,603833,-1.57,18939,18939
SZ,300627,0.07,18899,22835
SZ,301035,1.65,18835,18863
SH,600927,0,18812,18812
SZ,002120,-0.29,18805,19367
SH,603658,-2.28,18800,18800
SZ,002756,0.46,18793,26173
SZ,000032,2.87,18738,18738
SH,600131,0.58,18728,18745
SZ,000686,0,18724,18724
SH,600007,0.43,18655,18655
SH,688281,0.47,18626,18626
SH,600629,-0.79,18604,18604
SH,600114,0.53,18602,19055
SZ,002318,-0.19,18594,19045
SH,688800,1.71,18546,18546
SZ,300257,-0.5,18521,19277
SH,603337,1.59,18499,18870
SH,600380,-0.97,18459,18459
SH,600110,2.51,18428,18428
SZ,300953,-0.41,18391,25586
SH,603132,1.9,18386,18386
SH,601101,-0.61,18374,18374
SH,603000,-0.35,18354,18354
SH,601098,0,18319,18319
SZ,002389,-0.2,18297,18300
SZ,002270,1.44,18283,18283
SZ,002739,-8.44,18280,18541
SH,600397,2.16,18265,18265
SH,600577,0.86,18256,18256
SH,601969,0.65,18226,18337
SZ,301550,-0.14,18224,29776
SZ,000969,2.52,18203,18363
SH,603171,-2.32,18180,18200
SZ,001287,2.31,18177,18177
SZ,300122,-1.67,18160,30736
SH,605198,-0.93,18156,22427
SZ,301171,-0.62,18153,22372
SZ,300568,0.47,18153,22458
SH,688690,2.17,18091,18091
SH,688700,4.81,18083,18083
SH,688692,-0.24,18044,27551
SH,605196,1.37,18036,18165
SH,600339,0.62,18034,18034
SZ,300260,4.8,18032,25565
SZ,002670,-0.44,18019,21479
SH,600606,0,17989,17989
SH,601020,-0.13,17965,17965
SH,688206,15.17,17961,20736
SH,601636,0,17959,17959
SZ,300503,1.97,17949,22935
SZ,002913,3.49,17938,18639
SH,600038,0.19,17927,21973
SH,603733,3.88,17922,17922
SH,601139,0.16,17893,17893
SZ,000997,-0.1,17892,17993
SZ,300102,2.74,17879,17965
SH,600552,1.78,17872,17872
SH,688332,7.72,17827,17827
SH,600655,0,17815,17822
SH,688561,-2.17,17793,17793
SH,688208,0.08,17773,17773
SH,688795,1.91,17773,276386
SH,688363,-1.78,17716,17716
SZ,300131,-1.67,17698,19273
SZ,000935,0.09,17666,17666
SZ,000937,-0.63,17637,18152
SZ,301285,4.79,17633,17633
SH,600004,-0.66,17585,19149
SH,605020,0.52,17572,17848
SH,688003,14.19,17571,17571
SH,688582,2.8,17556,17556
SH,600172,10,17503,19671
SZ,002402,0.95,17466,19705
SZ,002957,1.02,17459,17513
SH,688143,1.79,17438,18351
SH,601137,3.15,17426,17426
SH,603638,1.07,17411,17411
SH,603529,-0.43,17390,17665
SH,688520,-0.9,17386,18362
SH,601156,3.67,17343,29148
SH,603226,-8.81,17341,17341
SZ,300720,-0.47,17334,18344
SZ,002925,1.15,17311,18273
SH,603283,1.53,17270,17270
SZ,300724,2.03,17202,20824
SH,600435,5.19,17180,17180
SH,603786,-0.36,17172,17172
SZ,300657,0.88,17161,17660
SH,688166,-2.42,17153,17153
SZ,000429,-0.89,17139,27494
SZ,920438,7.39,17076,17696
SH,600820,0,17072,17072
SZ,000543,-0.39,17069,17069
SH,605289,0.59,17031,17054
SH,600754,-2.02,17025,19994
SZ,000513,-1.18,16993,26557
SH,600120,-0.99,16974,16974
SH,688545,4.23,16967,33516
SZ,000591,0.23,16941,16947
SH,601975,1.4,16896,16896
SZ,000875,-0.19,16879,18318
SZ,300170,-2.18,16871,17666
SZ,002145,0.45,16863,16864
SH,603858,0.5,16863,16863
SZ,300613,1.09,16859,17872
SH,600267,0.71,16854,16854
SH,688150,3.51,16846,16846
SH,600956,0.42,16836,32267
SH,600032,-1.95,16833,16833
SZ,300888,-0.37,16807,16883
SH,688772,-0.8,16801,16801
SH,688390,2.42,16749,16749
SH,600410,-1.03,16722,16722
SZ,002237,2.04,16717,20048
SZ,003021,-1.76,16697,21548
SH,688531,1.11,16685,24072
SH,688484,5.41,16665,16665
SH,600171,1.16,16660,16660
SH,688308,3.66,16640,16640
SZ,300679,8.47,16624,19648
SH,600062,-0.18,16580,16586
SH,603871,0.33,16567,16567
SZ,300684,20,16536,24209
SH,600179,-1.6,16531,18111
SH,601921,2.2,16511,16511
SZ,000528,-0.36,16484,16506
SZ,301093,0.46,16476,17257
SH,600763,-1.8,16469,16469
SH,603025,-2.3,16449,16560
SZ,300676,-2.77,16438,16528
SZ,300140,-0.37,16436,16456
SZ,300364,0.89,16431,18125
SZ,000970,-0.65,16412,16412
SH,601333,0,16391,20542
SZ,002326,3.01,16373,18660
SH,688368,1.78,16371,26972
SH,603009,-1.57,16360,16360
SZ,301319,3.01,16308,21638
SH,688046,-1.94,16288,16288
SZ,300779,-6.36,16272,21296
SZ,000506,-0.84,16243,16249
SZ,000537,-1.73,16240,16240
SZ,301611,5.05,16219,48243
SZ,300602,4.39,16208,23692
SZ,000050,0.45,16198,16198
SH,688615,-1.85,16197,23457
SH,600459,2.11,16197,17552
SH,688661,1.85,16194,16194
SH,600531,2.45,16168,16168
SZ,301626,20,16158,35523
SZ,002171,1.73,16137,16229
SZ,300319,-1.76,16089,16775
SZ,002312,1.79,16076,16102
SH,601966,0.37,16069,16069
SH,603063,0.81,16049,16115
SH,688106,1.65,16007,16181
SZ,301316,0.05,15990,16495
SH,601326,-0.29,15985,18774
SZ,002827,2.04,15980,16041
SZ,301389,3.45,15978,15978
SH,601519,-0.49,15973,15973
SH,605296,0.82,15959,16213
SH,600888,-0.95,15950,15950
SZ,000766,-0.65,15900,15909
SZ,300735,0.29,15898,16983
SZ,000682,-0.24,15886,15888
SZ,300723,-2.16,15879,17110
SH,688625,4.58,15879,15879
SH,688279,4.44,15840,19490
SH,603997,0.89,15840,15840
SZ,002506,1.5,15838,15854
SZ,002176,-1.05,15808,15831
SZ,002958,-1.01,15775,16111
SZ,000898,0.51,15756,18551
SZ,300773,-0.45,15738,16636
SH,603026,0.28,15735,15735
SH,603355,0.48,15682,15682
SZ,300413,-1.47,15673,28697
SZ,000723,-1.65,15603,15632
SZ,300660,0.26,15580,15590
SH,600623,0.49,15534,17549
SZ,300342,-0.8,15532,15705
SH,600528,-0.28,15529,15529
SH,600877,0.92,15523,15523
SZ,002969,1.28,15517,15599
SZ,001213,-0.56,15511,15511
SH,688779,2.03,15492,15492
SH,600151,0.09,15490,15490
SZ,002896,1.38,15453,15453
SZ,002611,-0.77,15401,18673
SZ,002081,10.02,15389,15454
SZ,300144,-0.82,15386,15549
SZ,300655,2.77,15376,15446
SH,600928,-0.56,15349,15422
SZ,300002,-1.53,15345,16308
SZ,002158,2.06,15329,15363
SH,688222,-1.1,15310,15310
SH,601369,0.34,15305,15460
SZ,002773,-1.67,15294,20518
SZ,002405,-0.3,15265,15358
SH,600959,-0.96,15252,15252
SZ,002768,1.36,15249,26392
SZ,300201,1.4,15245,15327
SZ,300469,-0.09,15242,15249
SZ,000902,3.1,15222,16713
SH,603118,10.02,15210,15210
SZ,000563,0,15188,15188
SH,603317,0,15166,15166
SH,600511,0.22,15095,20583
SH,603456,-2.44,15068,15068
SH,601702,0.53,15038,15038
SH,603800,4.94,15020,15020
SH,600403,-0.62,15014,15014
SH,603203,2.04,15010,15184
SH,603662,0.13,15002,15002
SZ,301128,2.84,14994,17045
SH,600596,3.07,14967,14967
SH,688593,2.2,14958,14958
SZ,001696,3.91,14922,19168
SZ,000534,5.1,14920,15128
SH,600808,0.4,14919,19252
SH,603826,-0.33,14872,14872
SH,600651,-0.66,14867,14867
SH,600761,0,14839,14839
SH,600750,-0.96,14828,14987
SH,601133,5.41,14819,14870
SH,603738,-0.25,14741,14741
SH,600201,-1.02,14728,14728
SH,688535,4.42,14699,15772
SH,603078,5.09,14662,14662
SZ,000927,0.83,14642,14642
SZ,300179,5.43,14585,18943
SH,601568,0.82,14578,14578
SZ,002320,0.93,14555,14555
SZ,002508,-1.38,14554,14732
SH,688802,4.88,14536,313886
SZ,001301,3.21,14531,20371
SH,688158,-0.5,14526,16327
SZ,300671,2.49,14525,14565
SH,688686,2.29,14520,14520
SZ,001331,-1.56,14475,20724
SZ,002975,4.56,14455,21760
SZ,002250,-2.3,14409,14488
SH,688202,-1.42,14403,14403
SH,600872,-0.47,14402,14464
SZ,000791,-1.84,14401,24134
SZ,000620,1.65,14389,18085
SZ,000778,-0.26,14367,14624
SZ,001286,0.95,14364,39900
SZ,002645,-1.81,14346,15883
SH,601019,-0.57,14337,14337
SH,688260,-1.6,14310,14310
SZ,002568,-1.15,14305,19551
SH,688603,3.5,14297,14297
SH,600548,-0.47,14281,21140
SZ,002048,0.1,14263,16358
SZ,000539,-3.12,14259,29297
SH,688028,2.9,14228,14228
SH,600452,0.22,14228,14228
SZ,002410,-1.3,14210,14950
SZ,000973,-1.6,14205,34514
SH,688401,1.75,14202,15084
SH,601886,6.55,14185,14185
SH,600162,-7.65,14185,14185
SZ,000711,-4.8,14145,17540
SZ,000966,-1.45,14133,14133
SZ,301015,-0.18,14106,14108
SH,605179,10,14075,14075
SZ,000088,-0.21,14075,23138
SH,688031,1.9,14075,14075
SH,600056,-1.25,14071,14076
SH,601678,-2.82,14038,16550
SZ,300975,2.48,14034,19593
SH,601375,0,14031,18897
SH,601965,1.52,14028,14087
SH,600022,-1.49,14015,14015
SZ,300253,-2.32,14002,16620
SH,601827,-0.47,13994,13994
SZ,300593,5.9,13990,16855
SH,600906,0,13977,21352
SZ,002408,1.2,13976,14442
SH,601778,-1.82,13961,13961
SH,600301,0.48,13957,32065
SZ,000672,3.38,13921,13921
SH,600409,2.28,13914,13914
SH,600621,-0.07,13898,13898
SZ,300835,-0.63,13852,19764
SZ,001339,0.19,13851,27978
SZ,002249,1.51,13811,18280
SH,600816,-2.32,13782,24808
SH,600744,-3.55,13771,13771
SH,603505,-0.48,13761,13761
SH,600475,-2.66,13757,13948
SZ,000685,-0.08,13737,16174
SZ,301095,5.99,13736,15900
SZ,000581,0.7,13719,16706
SH,603039,-0.93,13684,13684
SH,600366,-1.65,13661,13661
SH,688006,3.15,13637,13637
SZ,000680,1.57,13632,15556
SZ,300957,-1.36,13608,13682
SH,688029,-2.28,13606,13606
SH,600361,0.55,13587,13587
SZ,300184,2.06,13571,14823
SZ,300999,0.16,13534,135214
SZ,001248,-0.77,13524,169584
SZ,300455,0.37,13519,13731
SH,688516,3.37,13519,13519
SH,600779,-2.59,13518,13518
SZ,002226,0.2,13509,13510
SH,600933,0.66,13509,14183
SH,600633,-3.44,13492,13492
SH,600675,0.45,13483,13483
SZ,002911,0,13481,13813
SH,600320,0.25,13473,21394
SZ,002979,0.02,13463,19098
SZ,300436,-1.24,13429,15643
SZ,000612,1.08,13412,13412
SZ,002167,1.2,13399,13681
SH,603031,2.06,13384,15915
SZ,301486,4.6,13383,23642
SZ,002867,0.57,13381,13460
SH,603613,-2.1,13366,13366
SZ,002906,-3.18,13357,13364
SZ,301219,1.01,13356,18713
SH,603882,-3.62,13330,13421
SH,688107,4.17,13304,13304
SZ,301123,2.74,13286,18889
SZ,000089,-0.14,13268,13268
SH,603868,0.36,13229,13229
SH,688088,-1.43,13211,13211
SH,600416,0,13193,13193
SH,600258,-1.82,13176,13176
SZ,000070,0.26,13168,13347
SH,600456,-0.1,13163,13163
SZ,002946,-2.2,13152,13306
SZ,002354,-0.6,13152,13386
SZ,002151,1.68,13138,16108
SZ,300166,-0.4,13124,16500
SZ,002399,-0.84,13121,15436
SZ,002153,-6.7,13118,22379
SZ,001258,2.11,13104,13104
SH,605099,0.09,13093,13111
SH,600064,0.27,13064,13064
SZ,002534,1.22,13057,13224
SH,688055,0.77,13033,13033
SH,600821,-4.46,13024,13024
SH,600113,0.22,13022,13330
SZ,002010,0.43,13015,13046
SZ,000785,0.45,13002,13949
SH,600155,-0.16,12993,12993
SZ,300457,0.2,12970,13181
SH,600575,-0.59,12941,23865
SZ,002507,-0.61,12935,12970
SH,688258,-0.5,12926,12926
SH,603707,-1.1,12909,12909
SZ,002643,0.21,12902,13097
SH,600764,0.78,12891,12891
SH,600057,0.16,12890,17488
SH,603011,7.34,12870,12870
SZ,300100,0.57,12869,13363
SZ,000799,-3.39,12850,12851
SH,600343,1.31,12841,12841
SH,603698,0.29,12832,12832
SH,688383,4.24,12830,12830
SH,688100,-10.37,12818,12818
SZ,003036,5.51,12810,12810
SH,600916,1.2,12802,12802
SH,603989,-2.78,12789,12789
SZ,301275,0.47,12781,17944
SZ,002174,-0.83,12779,12787
SH,600167,0.18,12762,12762
SH,600529,0.47,12735,12735
SH,600271,-0.57,12692,12692
SZ,002563,-0.51,12683,15437
SH,603389,10.01,12675,12675
SH,688809,4.29,12671,63354
SZ,301150,2.84,12670,13507
SZ,000048,0.8,12645,12667
SZ,002755,-0.94,12632,12632
SH,688559,3.91,12631,12631
SZ,002901,-2.35,12630,18130
SH,603556,0.19,12614,12614
SH,600338,0.51,12561,12561
SH,688321,-0.18,12556,13638
SZ,002655,1.56,12540,12585
SZ,002745,0.26,12535,17483
SH,688059,0.19,12497,13353
SZ,300034,3.43,12495,12983
SZ,300229,-1.51,12484,12493
SZ,002779,-1.41,12472,13901
SH,600211,-1.77,12467,12467
SZ,000592,0.77,12467,12576
SH,603991,3.22,12463,21256
SZ,000815,-5.63,12445,12445
SH,688508,10.5,12434,12434
SZ,301183,3,12418,16941
SH,600063,0.17,12394,12394
SZ,002091,0.26,12386,12582
SH,688382,1.33,12386,12386
SZ,300296,-0.18,12369,14482
SH,688020,3.44,12358,12358
SH,600776,-0.22,12352,16228
SZ,920808,1.73,12336,12668
SH,603515,-0.53,12328,12403
SH,605599,2.19,12328,12328
SZ,301238,0.72,12305,12305
SZ,002372,0.48,12305,13325
SZ,002929,-0.64,12267,16220
SZ,002936,-1.13,12231,15820
SH,600572,0.63,12229,12261
SH,600116,-0.61,12199,12199
SZ,301666,5.23,12193,200581
SZ,002792,-0.68,12192,18905
SZ,301029,0.94,12187,17109
SZ,000762,-0.5,12182,12182
SZ,300357,-2.7,12180,13179
SH,603888,-0.9,12172,12172
SZ,300726,1.61,12159,23351
SH,600717,0.48,12155,12155
SH,688567,-0.49,12148,12148
SZ,300769,1.28,12145,13516
SZ,000069,-0.55,12142,14146
SH,600827,-0.52,12130,13488
SH,605507,-0.18,12126,12126
SZ,000681,-0.71,12116,12554
SH,600850,-0.59,12113,12113
SH,605118,1.09,12107,12178
SH,603267,0.13,12099,12099
SZ,002701,-0.83,12096,12108
SH,600755,0,12089,12120
SH,688116,1.26,12081,12081
SZ,300693,-1.18,12076,14010
SZ,000758,1.33,12055,12098
SZ,002440,2.91,12047,14309
SZ,301071,5.99,12042,16382
SZ,003018,3.02,12026,13271
SZ,300302,6.18,11983,15571
SZ,002947,1.84,11978,15448
SZ,002617,1.11,11942,12142
SZ,300607,-0.89,11941,16875
SZ,002654,1.73,11935,11936
SZ,000553,1.67,11930,12767
SH,603757,4.35,11913,11913
SZ,002400,-3.76,11893,12012
SZ,002416,-1.41,11884,12033
SH,688660,0.68,11880,11880
SZ,300459,-1.89,11867,12692
SZ,002268,-1.05,11850,11856
SZ,300070,-0.28,11850,12504
SH,600702,-4.03,11827,11832
SZ,002183,0.44,11816,11816
SH,601107,-0.54,11809,16697
SZ,000901,0.48,11805,11805
SZ,300133,-1.38,11798,13292
SZ,000801,1.85,11755,11759
SH,688090,3.55,11745,11745
SH,603297,-0.04,11741,11741
SZ,300827,0.64,11739,14969
SH,688662,3.94,11732,11732
SZ,002668,9.96,11730,11730
SH,600315,0.46,11724,11724
SH,603185,1.35,11700,11769
SH,601952,4.95,11685,11685
SH,601339,1.04,11682,11682
SZ,002287,-0.57,11682,11706
SZ,300761,0.11,11671,15505
SH,601992,0.72,11668,14949
SZ,002847,0.31,11660,12920
SZ,002647,0.09,11656,12976
SZ,301127,17.53,11629,11978
SH,600864,3.91,11610,11610
SH,603713,1.69,11604,11604
SZ,002258,6.92,11604,11622
SZ,301293,-2.38,11587,11587
SZ,002607,-0.47,11586,12890
SZ,002246,0.14,11585,11585
SZ,300775,0.88,11579,11926
SH,688182,1.69,11572,11572
SH,601512,-0.76,11571,11571
SH,603906,2.75,11558,16242
SZ,002096,0.65,11548,11549
SZ,002544,0.06,11548,11549
SH,688485,6.41,11530,11530
SZ,300331,3.06,11529,13476
SZ,301080,0.75,11528,15240
SH,603589,-3.16,11514,11514
SZ,002092,-0.88,11513,11577
SH,688663,2.03,11511,11511
SH,688319,-0.52,11510,11510
SZ,000156,-0.72,11508,12544
SZ,300951,0.34,11501,12869
SH,600619,2.32,11482,15617
SH,605060,10,11481,11563
SZ,300182,-0.58,11455,13506
SH,600986,-2.15,11453,11453
SZ,002838,9.99,11437,13008
SH,603124,2.09,11431,21467
SZ,301338,4.11,11404,15651
SZ,301021,1.7,11359,11372
SH,688016,-0.88,11344,11344
SZ,300077,1.73,11344,13583
SZ,002297,4.38,11342,11342
SH,603601,1.02,11321,11321
SH,601222,0.54,11308,11308
SZ,002366,1.33,11306,12715
SH,601068,1.38,11288,13172
SH,600461,-1.12,11275,11275
SH,688153,1.93,11265,11593
SZ,301188,1.4,11247,11247
SZ,920045,7.84,11243,38025
SZ,002031,-1.17,11233,12910
SZ,002597,0.76,11231,11253
SZ,002897,1.5,11228,11803
SZ,301039,-0.76,11227,14487
SH,600635,0.43,11223,13699
SH,688035,20,11213,11213
SH,600058,-3.14,11212,11212
SZ,300601,-1.88,11210,13906
SZ,002741,2,11206,12212
SH,600395,0.77,11205,11205
SZ,300863,1.64,11205,11664
SZ,300204,-1.35,11201,13366
SZ,000990,0,11195,11195
SH,603303,2.31,11189,11189
SH,603281,2.23,11187,11187
SH,688306,0.33,11177,11177
SH,688378,10.39,11164,12112
SH,600268,1.38,11160,11161
SZ,002413,-0.34,11154,11360
SZ,002348,-1.35,11150,12255
SZ,300146,-1.96,11130,16798
SH,601882,5.02,11129,11129
SH,603927,-1.1,11128,11128
SZ,300428,-0.15,11124,12779
SZ,300573,-1.32,11111,14498
SH,688063,0.96,11110,11110
SZ,002539,1.88,11105,15072
SZ,002024,0,11104,11118
SH,603052,2.32,11099,11099
SZ,300468,-1.5,11084,11101
SH,600859,0,11070,11071
SH,603220,1.33,11054,11054
SZ,300065,0.3,11042,12129
SH,600367,1.96,11040,11697
SZ,002083,-1.26,11015,11019
SZ,001280,-1.05,11013,131102
SH,603983,-2.48,11011,11011
SZ,300376,0.21,11009,11013
SH,603040,-0.7,11000,11058
SH,688138,2.1,10996,10996
SZ,000099,0.43,10985,10985
SH,688198,-2.04,10979,10979
SZ,000839,-1.74,10976,10976
SH,603328,1.85,10973,10973
SZ,002987,-1.45,10971,11258
SZ,000700,0.59,10970,10970
SH,688359,3.63,10970,10970
SZ,920116,2.47,10967,10967
SH,600285,-1.72,10967,10979
SZ,000998,3.99,10962,12255
SH,603936,10,10956,11216
SZ,002338,1.67,10954,10954
SZ,300674,-1.39,10925,10941
SZ,002385,2.34,10911,13098
SZ,300139,1.21,10910,12793
SZ,002254,0.55,10904,10917
SZ,300026,0.28,10895,10905
SZ,000035,0,10894,11248
SZ,002698,1.34,10881,13181
SZ,300304,1.36,10852,11152
SH,603099,-0.72,10813,10813
SH,600184,1.64,10810,10810
SH,601022,4.29,10809,10809
SZ,002967,2.05,10803,11443
SZ,300725,-2.69,10803,12460
SZ,301207,-0.76,10794,10800
SH,600612,0.59,10791,17802
SZ,300009,-2.11,10777,14635
SZ,000810,0.41,10762,11145
SH,688275,2.08,10749,10749
SH,601619,0.93,10747,12831
SZ,002051,-0.67,10743,10744
SZ,002842,0.58,10725,13071
SZ,300363,-1.09,10719,11755
SZ,002289,4.9,10689,10916
SZ,000837,0.47,10689,10856
SH,600391,3.55,10680,10680
SZ,002011,-0.19,10679,10809
SH,600123,-0.27,10666,10666
SZ,300913,3.15,10660,12782
SZ,002583,0.24,10659,15113
SH,600559,-2.91,10657,10657
SH,603093,1.6,10655,12541
SZ,300638,0.15,10635,18030
SH,600248,0.7,10635,10659
SZ,002373,-0.76,10621,12183
SH,600006,-0.18,10620,10620
SZ,301031,1.7,10610,13496
SH,600773,-0.79,10601,10601
SH,600882,-1.64,10591,10591
SZ,000949,1.43,10585,10588
SZ,301382,-0.01,10575,12777
SZ,300224,0.18,10562,10601
SZ,002310,-2.03,10558,14398
SH,600908,-0.93,10556,11588
SZ,300777,1.07,10553,10768
SH,688125,4.4,10547,10575
SZ,300008,2.07,10543,11059
SZ,000767,-4.73,10542,11139
SZ,300382,0.74,10523,10524
SH,600198,3.06,10520,10533
SH,601801,-0.73,10514,10514
SZ,000510,1.88,10513,11239
SZ,300185,-0.35,10501,11019
SZ,300315,-1.42,10496,11182
SH,688068,-2.53,10487,10487
SZ,301267,-1.63,10485,13583
SZ,000028,-0.79,10480,12202
SZ,002931,0.98,10479,11303
SH,603619,1.48,10477,10477
SH,603538,2.88,10471,10565
SZ,002139,-0.5,10465,12182
SZ,002807,-0.5,10463,10478
SZ,002437,9.93,10459,11105
SZ,002922,4.88,10454,11718
SH,688371,-1.1,10450,10450
SH,600360,4.02,10438,10438
SH,688698,0.33,10427,10427
SZ,000061,3.01,10425,11533
SH,601163,-0.07,10392,10392
SH,603341,-2.38,10389,20303
SH,603693,-1.43,10386,10386
SH,601900,-0.5,10381,10381
SZ,300005,-1.32,10378,10463
SZ,002276,0.1,10373,10414
SH,600480,-0.11,10373,10450
SH,600376,0.75,10370,10370
SZ,000555,-0.83,10360,10372
SZ,002839,-0.46,10354,10364
SZ,001399,1.35,10338,177849
SH,688797,1.94,10331,54954
SH,600759,-0.79,10318,10331
SZ,000950,-4.28,10311,10311
SZ,002815,1.61,10289,16340
SZ,300049,-2.12,10287,11626
SZ,002204,-0.36,10275,10275
SZ,300244,-1.77,10225,12743
SZ,300580,-0.95,10217,10860
SH,688584,4.21,10206,19895
SZ,000690,0.21,10198,10205
SH,688231,6.3,10195,10195
SH,600446,-0.72,10194,10194
SH,600509,-1.19,10184,10184
SZ,300353,-0.15,10180,11591
SZ,002181,-0.54,10177,10415
SZ,000403,-0.82,10169,10274
SH,600648,-0.1,10160,12144
SH,600345,1.14,10155,15821
SZ,002832,-0.07,10148,14873
SZ,000828,-0.19,10146,10146
SH,605006,2.65,10137,10137
SZ,300328,-0.13,10134,10184
SH,603859,-0.92,10130,11029
SH,600458,0.17,10117,11085
SH,603218,0,10114,10123
SH,603690,1.34,10110,10110
SZ,000917,-7.75,10106,10107
SH,688376,7.05,10103,10103
SZ,300263,0.98,10097,10712
SZ,002003,0.1,10088,11734
SZ,002020,-1.13,10056,11960
SZ,000727,0.45,10056,10056
SH,605318,2,10052,10052
SZ,002169,0.08,10045,10363
SH,603393,-1.33,10026,10026
SH,688543,0.58,10022,10022
SZ,301091,0.05,10013,10013
SZ,002549,0.63,10012,10055
SZ,000899,-1.05,10010,10010
SH,688160,0.07,10006,10006
SH,603883,-2.94,10002,10002
SH,688726,2.76,10000,18430
SZ,002043,-0.63,9989,10264
SH,600645,-4.38,9987,9991
SH,601005,0,9976,11531
SZ,002984,0.36,9973,14477
SZ,301196,4.89,9951,15159
SH,600383,0,9932,9932
SH,688209,3.95,9925,9925
SH,600971,-1.19,9912,9912
SH,603125,1.16,9906,9906
SH,600993,-1.36,9906,9923
SZ,300596,0.77,9901,9901
SZ,002387,-0.13,9876,9889
SZ,301357,1.53,9858,9858
SZ,000006,-3.18,9828,9828
SH,603992,-0.48,9809,9809
SH,600787,0,9809,9809
SZ,002580,-2.82,9793,9826
SH,688611,1.22,9789,9789
SH,601949,-0.57,9786,9786
SZ,002759,0.1,9783,9792
SH,688262,3.01,9764,9764
SZ,300618,0.36,9747,11078
SZ,002937,4.04,9746,9771
SZ,300377,-0.76,9742,10589
SZ,300486,0.94,9740,9743
SZ,300303,0.69,9739,10385
SZ,002980,1.02,9729,18097
SZ,000923,7.43,9720,10104
SH,600718,-0.72,9715,9715
SZ,300790,8.13,9711,11052
SZ,002361,0.67,9708,11412
SZ,300687,-2.39,9703,11799
SH,600037,-0.56,9687,9687
SZ,301087,-0.51,9678,11769
SZ,002541,1.88,9676,13455
SZ,002675,-1.2,9671,10728
SZ,300378,-0.85,9667,9741
SH,603027,-0.67,9661,9661
SH,605123,2.02,9657,9657
SZ,300480,1.22,9656,13232
SH,688032,0.05,9654,9654
SH,600072,1.48,9653,13371
SZ,300277,2.6,9652,19124
SZ,301090,1.23,9649,9659
SH,600163,0.2,9648,9648
SZ,002283,5.84,9637,10950
SZ,300855,4.75,9635,13009
SH,600507,-0.71,9623,9623
SH,600666,-0.77,9608,10565
SZ,002063,-0.72,9607,10401
SH,600033,0.29,9605,9605
SZ,002100,0.14,9584,9584
SZ,300118,1.08,9583,11788
SZ,000833,2.72,9582,16940
SZ,002978,-0.37,9579,12243
SH,688697,2.68,9566,9566
SH,688351,-1.16,9563,9563
SZ,000656,-0.78,9560,13342
SZ,002891,-1.09,9551,9551
SZ,002585,-0.91,9550,12292
SH,603533,-1.13,9546,9546
SZ,002626,-2.91,9532,9533
SZ,002557,-0.41,9526,9556
SZ,002062,3.55,9515,10467
SZ,000552,0,9501,13647
SH,600373,-0.41,9499,9499
SH,688552,0.75,9490,9490
SH,688669,2.9,9469,9469
SH,601811,0.34,9463,14744
SZ,300415,0.68,9456,9779
SZ,301216,3.46,9454,10072
SZ,002993,1.56,9445,10934
SH,605168,0.65,9445,9445
SZ,000795,-0.46,9443,9443
SZ,002119,3.92,9442,9442
SZ,000049,-1,9440,9443
SH,603360,-0.66,9435,9435
SZ,002426,-1.06,9425,9425
SH,603319,0.95,9415,9415
SH,601003,-1.07,9405,9668
SZ,000516,-0.92,9393,9538
SZ,002705,0.35,9377,9426
SH,601200,0.14,9370,9370
SH,603327,-1.53,9336,9336
SH,600129,-0.64,9324,9324
SH,688289,-1.76,9322,9322
SZ,300113,-2.96,9315,12337
SH,601038,0.47,9315,14304
SZ,301381,1.51,9312,9321
SZ,002458,-1.22,9297,13768
SZ,300624,-1.05,9295,10494
SH,688190,0.49,9282,9282
SH,600649,-0.26,9269,9269
SH,688227,-0.03,9268,9268
SZ,000031,0,9258,9258
SH,603057,-1.52,9258,9328
SH,600597,0.6,9249,9250
SH,603712,-0.24,9249,9249
SH,600363,0.74,9248,9248
SZ,301177,1.01,9244,9250
SZ,000420,-0.26,9242,9245
SH,600757,-0.9,9235,9236
SH,603995,2.46,9228,9228
SH,603890,-6.78,9200,9200
SH,688456,2.55,9199,9199
SZ,000823,1.05,9198,9198
SH,603599,1.61,9194,9194
SH,605255,0.29,9187,9187
SZ,002346,4.88,9183,10342
SH,600740,-0.27,9172,9172
SZ,300634,-3.74,9141,9498
SH,688305,6.45,9141,9165
SZ,002208,0.89,9139,9141
SH,603323,-0.47,9126,9126
SH,603583,-2.16,9124,9208
SH,600328,-0.15,9120,9120
SH,600210,-0.49,9116,9116
SZ,920186,4.61,9116,17428
SH,601311,0.52,9115,9115
SH,688261,4.56,9108,9149
SZ,000536,0.3,9091,9100
SZ,000593,1.28,9084,9088
SH,688128,1.22,9077,9077
SH,688139,-0.58,9074,9074
SH,688677,0.95,9052,9052
SZ,002706,-1.19,9049,11108
SZ,301078,-0.27,9048,9067
SH,688165,0.41,9048,9048
SZ,002061,-0.28,9045,9198
SH,600481,1.15,9041,9041
SZ,002293,-1.8,9025,9100
SH,600307,0,9019,9019
SH,688239,3.26,9017,9017
SH,603163,3.58,9000,9000
SH,600133,0.12,8999,8999
SZ,300072,4.32,8999,9070
SZ,300188,-2.13,8991,9033
SZ,301345,0.73,8982,27962
SZ,002961,-0.41,8976,8976
SH,688325,1.2,8974,9442
SZ,002190,-0.82,8968,8968
SZ,002511,0.71,8956,9070
SZ,002115,-1.31,8955,9660
SZ,001227,0,8941,12075
SH,688327,0,8933,11128
SZ,301363,-1.26,8932,13619
SH,600273,0.74,8930,8930
SH,688161,-1.88,8928,8928
SH,603100,-0.67,8916,8945
SH,601860,-0.39,8915,9189
SZ,000930,2.79,8892,8892
SZ,002243,-1.72,8887,8934
SZ,300042,3.7,8881,8882
SZ,300483,0.79,8878,8884
SH,688076,-0.8,8874,8874
SH,688710,2.24,8855,13765
SH,688112,5.64,8854,8854
SZ,301086,4.52,8853,15973
SZ,001308,-0.54,8853,12793
SH,688612,4.83,8851,14453
SH,688783,4.61,8847,132844
SZ,300846,-2.02,8844,10716
SH,600266,-2.06,8843,8843
SZ,002579,1.88,8839,9281
SZ,300181,-1.86,8839,10282
SZ,002345,-0.58,8837,9054
SZ,300938,0.23,8834,10178
SZ,000600,-1.57,8829,14606
SH,688177,-2.64,8820,8820
SZ,002170,0.45,8820,10849
SZ,002368,-0.55,8819,8862
SH,603915,1.13,8805,8956
SH,600556,-1.21,8786,8786
SZ,002019,-1.78,8779,12675
SH,688083,-2.37,8777,8777
SZ,002099,0.37,8763,8773
SH,603169,-0.14,8752,8752
SZ,000818,-1.18,8748,8771
SH,605319,2.49,8742,8791
SH,600269,-0.52,8734,8734
SH,688486,5.39,8730,8731
SZ,002985,0.84,8727,8751
SH,605298,-0.44,8720,8795
SH,600997,0.18,8717,8717
SZ,002392,0.94,8716,8964
SZ,300740,-0.36,8711,9370
SH,600185,-0.42,8709,8709
SZ,002515,5.05,8705,9564
SH,600508,-0.22,8702,8702
SH,688416,7.07,8691,8691
SH,600545,9.95,8689,8689
SH,688381,4.25,8685,8685
SH,600094,-3.08,8675,9486
SZ,301013,-1.81,8667,10705
SH,688605,2.2,8649,16154
SH,688428,-0.71,8646,56063
SZ,002173,-3.51,8645,9064
SH,601890,-1.95,8635,8635
SH,688513,-1.54,8634,8634
SH,688758,-1.55,8629,12052
SH,688179,-1.85,8616,8616
SH,600812,-0.39,8613,8613
SH,688507,0.84,8604,15572
SH,600929,1.35,8594,8594
SH,688252,4.18,8569,8569
SZ,301606,0.7,8567,21542
SZ,000859,-0.92,8565,8566
SZ,300497,2.01,8564,10110
SH,600973,0.81,8557,8557
SH,603608,4.58,8547,8547
SH,600399,2.12,8539,8539
SZ,000761,1.32,8529,9449
SZ,300401,-0.12,8528,8668
SH,603496,-2.19,8524,8524
SH,688586,1.89,8523,8523
SZ,300516,3.62,8518,8518
SZ,002233,0.98,8497,8501
SH,603809,-1.9,8494,8494
SH,688739,-1.09,8492,8591
SH,688337,2.77,8491,9987
SZ,002053,-0.42,8480,8480
SZ,002703,-1.15,8468,11887
SH,600996,-1.87,8466,8466
SZ,300772,0.58,8465,9544
SH,605488,2.47,8456,9192
SZ,300101,0.47,8450,8479
SZ,002004,-2.17,8437,8870
SH,600782,-1.1,8430,8533
SZ,300766,-3.48,8422,9288
SZ,002292,0.24,8418,12229
SZ,002674,-2.99,8405,8491
SZ,300053,0.7,8402,8997
SZ,003009,1.9,8391,8392
SZ,301109,-0.14,8390,10606
SH,600020,-0.52,8383,8383
SZ,300842,2.77,8383,9432
SZ,301189,6.57,8382,8684
SZ,000922,1.45,8382,9916
SH,600567,1.5,8377,8377
SH,600936,-6.52,8372,8372
SZ,300130,0.1,8371,10938
SZ,002718,-1.43,8368,11526
SZ,000550,0.31,8368,13932
SH,603013,0.43,8365,8365
SH,688253,-8.88,8355,8355
SZ,000026,9.46,8348,9292
SZ,300322,-0.57,8342,8713
SZ,000829,-2.5,8336,8344
SZ,002251,0.54,8334,10083
SH,600478,0.41,8334,8334
SH,605016,0.25,8333,8333
SH,605222,1.15,8332,8332
SZ,300145,0.46,8331,8372
SH,603227,1.97,8327,8327
SH,603399,-2.92,8320,8320
SH,601089,-4.83,8309,8309
SZ,300576,1.81,8306,13197
SZ,301489,-0.37,8304,13880
SH,688789,-1.49,8292,8292
SH,605116,-2.01,8290,8290
SH,603919,-2.21,8284,8284
SH,600683,-4.03,8274,8274
SH,601929,-1.65,8271,8271
SH,600693,0.11,8264,8272
SH,600686,-0.68,8260,8260
SZ,300741,0.9,8253,8253
SZ,002150,4.23,8224,8278
SH,601700,10.06,8222,8222
SZ,000751,2.01,8207,8207
SZ,000533,3.45,8205,8276
SZ,300529,-1.29,8198,12778
SH,603508,0,8197,8197
SZ,300499,1.38,8186,9206
SH,688011,2.32,8184,8212
SH,600017,0,8181,8181
SZ,301176,1.36,8180,8430
SZ,002219,-1.18,8180,8630
SH,688628,4.01,8166,8166
SZ,301571,0.07,8164,12292
SH,688221,-0.81,8162,8162
SZ,300895,2.89,8162,8317
SZ,301209,4.19,8158,9549
SH,600751,-1.24,8157,9191
SH,605305,0.81,8150,8150
SZ,002039,-0.2,8149,8149
SZ,002075,0.82,8139,8139
SZ,000885,-0.07,8129,8129
SZ,000712,-2.78,8124,8127
SH,600389,1.62,8118,8118
SZ,002928,-0.77,8117,8117
SH,601718,0.54,8112,8112
SH,603219,-0.47,8107,8107
SH,600722,5.5,8096,8096
SZ,002125,1.5,8077,8077
SZ,300850,-0.58,8073,11114
SZ,002030,-0.34,8070,8070
SZ,300440,-7.97,8069,8100
SZ,002639,0.58,8067,9527
SH,600935,1.77,8067,8268
SH,600639,0.32,8052,10629
SH,603112,0.94,8051,8132
SZ,301369,3.37,8050,15015
SH,603680,0.98,8049,8049
SZ,300939,0.37,8034,8034
SZ,002277,-0.34,8030,8030
SZ,300862,12.05,8026,9783
SH,603055,0.78,8023,8039
SZ,002216,-2.6,8007,11166
SH,688050,-2.84,7987,7987
SZ,300327,1.9,7983,8043
SZ,002079,1.76,7981,8940
SZ,000719,-0.98,7979,12238
SZ,002350,0.6,7974,8151
SH,603687,1.83,7970,7970
SZ,002221,0.55,7962,8590
SH,605008,-0.07,7952,7952
SZ,300035,0.29,7951,9342
SZ,002730,-3.69,7928,8295
SH,688328,1.19,7926,7926
SH,688439,0.56,7922,7922
SH,688515,2.68,7921,12720
SZ,002342,1.22,7914,7958
SZ,002448,10.01,7912,8020
SZ,002041,6.26,7911,7911
SZ,002960,-0.48,7903,8598
SH,600736,0.73,7898,7898
SZ,002097,0.55,7895,7909
SZ,002782,1.38,7893,7988
SZ,002761,1.39,7886,9658
SH,603931,0.41,7885,7885
SZ,002017,-0.65,7883,7888
SH,603985,-1.15,7883,7883
SH,688108,-1.61,7878,7878
SZ,002023,1.23,7878,7949
SH,603033,-1.13,7877,8022
SH,603181,3.25,7865,7865
SH,600055,-1.84,7853,7853
SZ,002309,0,7844,9805
SZ,300171,-3.72,7843,10676
SZ,002434,1.36,7842,7849
SZ,300641,1.84,7841,7841
SZ,003013,3.57,7828,8962
SH,688155,0.56,7815,7815
SZ,002488,0.47,7812,8451
SZ,000869,-0.4,7810,11278
SZ,301327,0.29,7809,7809
SH,605333,0.06,7805,7805
SH,601828,0.47,7803,9404
SH,603459,1.28,7793,74305
SZ,002516,0.76,7784,7840
SZ,300031,-0.44,7777,9254
SZ,002446,0.66,7774,8394
SH,688480,1.54,7773,7773
SZ,300834,3.13,7770,7840
SZ,002267,-0.13,7751,7751
SZ,300868,4.05,7741,12191
SZ,002737,-1.91,7738,7738
SZ,300294,-1.78,7730,7730
SZ,002471,0.17,7728,7870
SZ,300416,1.73,7708,7760
SH,688062,-1.55,7706,14952
SH,688678,0.26,7699,7699
SH,603053,-1.13,7698,7698
SH,600846,-1.59,7697,7697
SZ,000860,-1.7,7692,7692
SH,605128,0.08,7677,7677
SH,600251,1.23,7677,7677
SH,605133,3.9,7674,7759
SH,688103,5.59,7670,7670
SZ,300985,-2.25,7666,7666
SH,603223,0.37,7651,7651
SH,600746,1.39,7649,7649
SH,600611,-3.73,7645,11561
SZ,000628,0.33,7643,14007
SH,688293,-1.77,7638,9270
SH,688191,-1.93,7636,7636
SH,688798,1.55,7634,13111
SH,688622,-0.83,7634,7634
SZ,300770,-0.29,7633,7633
SH,603269,-0.22,7628,7628
SH,601686,0.59,7619,7619
SH,600618,0.79,7618,11749
SH,603043,-0.8,7610,7675
SH,603580,10,7605,7605
SH,601595,-2.57,7601,7601
SZ,300595,-1.38,7601,10169
SH,688277,-1.56,7598,7598
SH,600789,-1.3,7587,7849
SH,600075,0.45,7583,7583
SZ,301487,0.92,7579,7579
SH,688093,0.97,7568,7568
SH,603045,4.24,7566,7566
SZ,300986,1.15,7560,7565
SH,688598,0.27,7557,7705
SH,600502,-0.22,7553,7553
SH,600587,-2.11,7553,7553
SZ,002386,1.05,7548,7550
SH,600590,3.95,7542,7625
SH,603211,2.14,7515,7515
SZ,002212,-3,7514,7596
SH,603050,3.85,7514,7514
SH,601908,0.32,7485,7485
SH,600335,-0.19,7482,7482
SH,603477,0.9,7473,7662
SZ,300861,2.61,7471,11898
SZ,000012,0.79,7465,11592
SZ,002533,1.14,7463,8477
SH,600917,-0.2,7462,7462
SZ,300153,4.5,7462,7501
SH,603977,0.76,7461,7461
SH,600305,-0.43,7456,7468
SZ,300168,-1.88,7455,7462
SZ,002885,0.96,7447,8504
SH,605007,1.95,7441,7459
SZ,300174,-0.95,7436,7477
SZ,002106,0.86,7430,7439
SH,600252,1.3,7419,7419
SZ,300180,0.23,7416,7625
SZ,301248,-1.05,7415,10146
SZ,002275,-0.29,7404,7809
SH,688488,-3.13,7397,7397
SH,601388,2.13,7396,7396
SZ,300482,-1.82,7389,8042
SZ,002971,1.62,7387,9663
SZ,301373,-0.1,7382,11496
SZ,000402,-0.79,7382,7383
SH,603466,-1.26,7382,7382
SH,688049,1.62,7379,7379
SZ,002990,0.75,7377,13996
SH,600861,-0.14,7376,7376
SH,600078,1.83,7368,7558
SH,600117,0.89,7357,7357
SZ,002951,0.99,7349,7384
SZ,002588,1.06,7341,9849
SZ,301069,2.02,7336,7790
SZ,002796,1.58,7334,8129
SH,605167,-0.06,7332,7332
SH,600797,-2.18,7326,7326
SH,688326,-1.56,7326,7871
SH,688699,-1.13,7323,7323
SZ,300910,-1.75,7321,10453
SH,600059,-2.06,7320,7320
SZ,000059,0,7309,7309
SZ,300191,3.19,7308,10573
SZ,301263,-2.85,7308,10243
SH,688073,-3.51,7308,7308
SH,600657,0,7301,7301
SH,603311,2.89,7301,7301
SZ,301191,2.64,7300,9682
SH,603277,5.56,7299,7322
SZ,300520,0.78,7298,7552
SH,600724,0.4,7297,7298
SZ,003039,0,7293,7293
SH,600400,1.27,7287,7287
SZ,002324,0.97,7281,10434
SH,603166,0.35,7279,7335
SH,600903,-0.63,7275,7275
SZ,001298,0.28,7272,7720
SZ,002631,0,7261,7295
SZ,300852,3.17,7258,7519
SZ,301228,-1.39,7251,7285
SZ,300400,-0.62,7251,7275
SZ,300337,0.99,7249,8376
SH,688550,2.8,7249,7249
SZ,000650,-0.36,7243,7616
SZ,002733,0.56,7241,7542
SH,688352,4.89,7237,23494
SZ,301498,-1.89,7228,16139
SH,600525,7.89,7214,7214
SH,600866,0.93,7211,7211
SZ,300976,3.01,7203,11198
SZ,002215,0.56,7200,8948
SH,601226,0,7194,7194
SZ,002034,0.14,7193,7223
SH,600557,-1.84,7190,7190
SH,688478,3.67,7190,7190
SZ,301392,4.26,7188,17620
SH,688556,2,7186,7186
SH,688610,10.54,7185,11937
SZ,002108,0.23,7185,7188
SZ,000030,1.42,7185,7395
SZ,002006,0.14,7182,7182
SH,688626,-1.24,7181,7181
SZ,301328,1.46,7180,9935
SZ,002036,-2.85,7177,7192
SH,688087,2.01,7174,7440
SZ,300298,-2.37,7172,8915
SZ,300109,0.58,7167,7989
SZ,002110,-0.66,7166,7166
SZ,000498,0.41,7160,7669
SZ,002121,1.2,7157,8480
SH,688818,1.51,7151,87454
SZ,000551,4.54,7139,7145
SH,600748,0.52,7138,7138
SZ,300098,-0.21,7138,8046
SH,603279,0.41,7124,7124
SZ,000544,0.14,7115,7115
SH,600881,0.92,7111,7111
SZ,301232,0.26,7107,11955
SZ,000928,-0.39,7101,7101
SZ,002242,2.53,7091,7104
SH,600125,0,7089,7089
SZ,002955,3.81,7082,8566
SH,600815,0.25,7079,7079
SZ,002721,-0.74,7074,7074
SZ,001314,1.15,7074,8130
SH,603299,1.34,7071,8650
SZ,002256,-2.49,7070,7163
SZ,002935,0.89,7069,7184
SZ,300700,1.22,7062,7889
SZ,300276,1.37,7062,9359
SZ,300909,0.63,7059,9455
SH,603660,4.05,7052,7052
SZ,000597,-0.59,7046,7135
SZ,920982,-1.51,7039,14603
SZ,920029,-0.28,7038,7233
SZ,300045,2.4,7037,9032
SZ,300492,1.27,7037,7037
SZ,300080,1.35,7034,7044
SH,605365,1.45,7023,7023
SH,601096,0.47,7016,11423
SZ,002681,-0.44,7015,8022
SH,600955,1.35,7002,7002
SH,688518,0.94,7001,7001
SZ,000755,2.58,6999,6999
SZ,000756,-1.88,6995,9768
SH,600429,2.19,6994,7015
SZ,000503,-2.45,6991,6992
SH,600708,-0.62,6987,6998
SZ,300997,0.34,6980,7695
SH,688418,-1.67,6974,6974
SZ,300222,1.71,6971,8362
SH,600925,-0.45,6970,29898
SH,603990,-2.47,6960,6960
SZ,002141,3.86,6952,6952
SH,603128,0.38,6938,6938
SH,600713,-0.36,6926,7025
SZ,000566,-2.01,6925,6928
SZ,300540,1.03,6911,7608
SH,688290,0.49,6909,6909
SZ,002881,-0.86,6894,11379
SZ,002093,-1.29,6891,6891
SZ,002546,2.02,6891,7173
SH,600770,1.15,6890,6890
SH,600810,1.43,6884,6947
SZ,000631,-0.65,6877,6877
SZ,002785,1.75,6877,8054
SZ,301286,1.5,6874,17052
SH,603416,1.67,6874,7733
SZ,300265,0.55,6874,6878
SH,600676,-0.59,6870,6870
SZ,002650,-0.95,6864,6864
SH,601015,-0.29,6863,6863
SH,688577,1.66,6853,6853
SH,605598,1.62,6853,6853
SH,600510,-0.44,6853,6853
SZ,300566,9.06,6848,7918
SZ,000595,0.67,6843,6843
SZ,002421,-1.46,6842,7125
SH,600874,0.54,6841,8732
SH,600169,0,6833,6833
SH,688079,4.07,6826,6945
SZ,301607,0.25,6826,10529
SH,603065,1.43,6821,6821
SZ,002229,10.03,6815,6857
SZ,300768,-1.63,6815,10430
SH,603229,-2.14,6800,6800
SH,603010,5.77,6798,6968
SH,688631,-0.18,6797,6797
SZ,300731,1.33,6792,7157
SH,600682,-1.51,6786,7842
SH,600158,-0.27,6784,6784
SZ,002550,-1.24,6781,9099
SZ,300444,1.12,6770,8682
SH,600604,-1.42,6770,9011
SH,600654,-0.33,6767,8309
SZ,002840,2.41,6763,6810
SZ,000777,0,6763,6763
SH,605011,-0.75,6762,6762
SH,603778,0.77,6756,6937
SZ,300252,0.25,6750,8265
SZ,000968,1.46,6743,6743
SZ,300143,-3.56,6741,7881
SZ,300348,-0.74,6735,7490
SH,603367,-1.84,6728,6728
SH,600987,-0.74,6727,6727
SZ,301050,0.63,6727,7898
SH,600771,-2.06,6726,6726
SZ,300819,2.44,6723,7444
SZ,003043,1.63,6722,10297
SZ,002284,-2.23,6721,6785
SH,600195,0,6719,6719
SH,603866,0.24,6719,6719
SH,600962,-0.46,6718,6718
SH,600468,0.49,6711,6711
SZ,300341,-0.75,6710,6737
SZ,002438,2.8,6710,7263
SH,688230,3.52,6703,6703
SH,688787,1.44,6697,6697
SH,688365,-0.62,6693,6693
SH,603071,0.33,6690,6690
SZ,002537,-0.51,6685,6704
SZ,002810,2.73,6679,7195
SZ,002734,-0.77,6677,7290
SZ,000601,-0.77,6677,6778
SZ,002214,-2.23,6674,8351
SH,600780,-0.16,6673,6673
SH,603517,0.82,6672,6672
SH,600313,10,6666,7154
SH,603861,1.61,6660,6811
SZ,002943,0.86,6649,9395
SZ,002690,0.52,6649,13525
SZ,000058,0.3,6647,8311
SH,688788,0.83,6646,6646
SZ,002163,0.36,6645,6988
SH,605098,2.84,6640,6640
SH,600829,-3.2,6640,6640
SZ,002664,0.86,6633,6719
SZ,002057,0.8,6629,6634
SZ,300678,-0.6,6628,6746
SH,688185,2.91,6626,14311
SZ,000589,-0.45,6624,6668
SZ,002970,0.06,6623,9638
SZ,000989,0.1,6622,8166
SZ,300872,-0.24,6613,7649
SH,605178,2.22,6611,6611
SH,603897,0,6606,6606
SZ,300137,-3.62,6604,6686
SH,600966,1.02,6591,6591
SH,600103,0.68,6571,6655
SZ,920394,1.55,6569,6618
SZ,301339,1.06,6564,6643
SH,603887,-8.63,6556,6556
SZ,300284,-1.43,6555,6908
SH,688115,1.21,6553,6553
SH,601515,-0.57,6543,6543
SH,600894,0.13,6543,6574
SH,603489,-0.24,6541,6541
SZ,301529,-0.22,6540,12185
SZ,301061,1.05,6539,9843
SZ,002042,-1.02,6531,6531
SH,603368,-2.19,6530,6530
SH,605188,0.86,6530,6530
SZ,301522,1.03,6529,8772
SZ,301678,2.27,6523,11245
SH,600325,-1.24,6523,6523
SZ,000008,0.42,6519,6519
SH,600422,-2.37,6518,6518
SZ,301291,0.3,6516,12525
SZ,002135,1.63,6514,6961
SH,603155,1.28,6502,6502
SH,688276,-1.62,6499,6499
SZ,301366,0.54,6496,11633
SZ,300192,-2.78,6495,6571
SZ,300706,5.62,6485,8747
SH,603200,-0.8,6475,6475
SZ,300493,0.47,6469,6545
SZ,300343,0.66,6468,6485
SZ,000735,9.98,6468,6472
SH,600488,0.68,6464,6464
SH,688685,-0.08,6459,6459
SH,688307,4.97,6455,6455
SZ,002635,2.45,6455,10766
SH,605366,0.48,6453,6453
SH,688708,0.62,6451,18098
SZ,002140,1.79,6448,6457
SZ,301182,4.91,6447,7070
SZ,300134,-0.46,6447,6447
SZ,000090,-0.85,6446,6446
SZ,002470,1.55,6440,6441
SZ,300435,1.4,6433,6727
SZ,300900,2.42,6422,8196
SH,603197,0.03,6421,6509
SZ,300212,3.26,6419,6616
SZ,002014,-1.11,6413,6517
SZ,300324,0.27,6412,6478
SZ,300221,-0.13,6408,6571
SH,600851,-0.22,6408,10477
SH,603068,1.86,6407,6407
SH,600368,1.02,6390,6390
SH,600496,-0.3,6388,6388
SH,688620,1.05,6386,6386
SH,688757,3.53,6377,14193
SH,688601,2.65,6370,6370
SH,601500,1.01,6364,6364
SZ,000572,1.04,6356,6365
SZ,002213,2.23,6355,7391
SZ,001391,-0.23,6351,51033
SH,603867,0.93,6348,6401
SZ,300197,-1.82,6346,6346
SZ,300815,-0.36,6344,6477
SZ,002965,0.45,6333,8827
SH,688135,3.66,6331,6331
SH,603363,0.68,6311,8029
SZ,300358,-1.96,6309,6400
SH,600108,3.51,6308,6308
SZ,000905,1.67,6305,13110
SZ,002708,3.13,6298,6852
SZ,002678,0,6286,6289
SZ,301137,0.29,6282,6282
SZ,300820,1.39,6277,12477
SZ,002009,-0.1,6274,7128
SZ,000670,10.07,6262,6378
SH,605005,-2.12,6256,6256
SZ,300164,0.19,6252,6308
SH,688366,-1.58,6250,7371
SZ,300041,1.68,6250,6422
SZ,300119,-2.69,6249,8705
SZ,002519,0,6246,6263
SZ,000524,-0.2,6244,6246
SH,688733,2.5,6231,6231
SH,688767,-0.18,6230,6230
SZ,300151,1.5,6227,8994
SZ,002870,-0.01,6226,7331
SH,603595,0.64,6220,6220
SZ,301261,0.93,6217,6270
SH,600310,-2.07,6215,6215
SZ,002527,0,6214,7791
SZ,002132,0.91,6212,6223
SH,600975,1.84,6211,6211
SH,688635,-1.67,6207,32745
SZ,000908,1.44,6202,12405
SH,688553,-1.99,6201,7649
SH,600230,4.18,6197,6197
SZ,300617,2.76,6196,7391
SZ,001212,1.25,6196,7162
SZ,002606,2.59,6185,6446
SZ,002272,0.13,6179,7341
SZ,002052,-2.39,6177,6742
SH,688510,1.8,6176,6176
SZ,301312,1.29,6172,12270
SZ,300598,-1,6167,6169
SZ,003010,-2.56,6167,8483
SH,688505,1.05,6154,8977
SH,603108,-2.76,6149,6149
SZ,000541,1.63,6140,7664
SH,688526,0.77,6130,6130
SH,605339,0.84,6127,6127
SZ,002452,3.32,6127,7339
SH,603776,0.83,6126,6126
SZ,300969,1.37,6118,12828
SH,605288,-1.2,6118,6159
SH,600897,0.27,6116,6116
SZ,000722,0.46,6113,7525
SH,600769,-1.26,6112,6112
SH,603969,-1.37,6097,6240
SZ,300722,1.29,6097,6097
SH,600841,1.21,6091,8105
SZ,300709,1.25,6091,7587
SH,688499,-1,6091,6091
SH,603213,-1.15,6091,6091
SZ,002538,-1.51,6090,6094
SH,605018,0.31,6087,6087
SH,601121,6,6080,7480
SZ,301230,-3.28,6074,6753
SH,688709,2.05,6074,17443
SZ,002390,-0.62,6073,6123
SH,600617,0.88,6072,6598
SZ,300393,1.44,6060,6908
SZ,002123,-2.43,6060,6774
SZ,300256,0.37,6057,6125
SZ,000957,-1.44,6054,6054
SZ,002104,-2.03,6051,7147
SZ,300369,-3.84,6050,6072
SZ,301099,2.65,6049,9939
SZ,300128,0,6046,6054
SH,600730,1.28,6043,6043
SH,688799,2.29,6038,6038
SZ,002605,-1.04,6037,7454
SH,600203,-1.06,6037,6037
SH,688717,1.25,6036,9750
SH,688689,2.13,6034,6034
SH,605056,1.01,6031,6120
SZ,000915,-0.15,6028,6032
SZ,002210,0.44,6027,6041
SZ,002068,0.61,6027,6030
SH,603877,1.42,6026,6034
SZ,300307,-2.04,6020,6124
SH,600255,0.6,6014,6014
SH,605183,0.21,6013,6053
SZ,300981,-1.41,6009,6557
SZ,300626,0.12,6007,6010
SZ,300467,-7.92,6005,7169
SH,603383,-0.77,6003,6003
SH,688658,-2.33,6003,6003
SZ,000880,5.51,6003,12264
SZ,002082,-1.94,6002,6466
SZ,300990,2.87,5999,13209
SZ,300983,-0.72,5999,6784
SZ,300360,0.25,5998,6165
SH,600370,-1.31,5994,5994
SZ,000881,0.76,5992,6268
SZ,300203,3.33,5977,5982
SH,600855,0.79,5976,5988
SH,688232,-1.32,5976,5976
SZ,002302,0,5971,5971
SZ,301333,-0.74,5971,5978
SZ,000561,0.52,5962,6636
SZ,300534,4.34,5956,5982
SZ,301307,3.26,5953,11524
SH,600433,1.49,5951,5951
SH,688323,2.38,5948,5948
SH,688309,-1.27,5947,5947
SH,603567,-4.37,5946,5952
SZ,002127,-0.32,5944,7316
SZ,300226,-0.97,5942,6181
SH,603135,0.64,5937,5981
SH,688345,0.83,5935,5964
SZ,000025,1.41,5935,6513
SZ,301292,1.96,5931,15511
SZ,300708,-0.71,5930,7754
SH,688117,-0.47,5927,5927
SZ,002382,0.34,5917,5975
SH,603012,-2.96,5915,5915
SH,688656,-0.05,5913,5913
SH,600586,0.48,5910,5910
SH,688109,-0.77,5905,5905
SH,603708,-0.31,5905,5905
SZ,002232,-0.68,5899,5899
SH,688419,2.18,5899,5899
SH,688095,-0.39,5892,5892
SH,600698,0.14,5888,7577
SH,600983,0,5886,5886
SZ,002685,0.52,5884,5885
SZ,300696,-0.13,5884,6482
SH,688173,2,5882,5938
SZ,300046,1.51,5880,5880
SZ,300129,0.62,5879,9070
SZ,002029,2.2,5876,6225
SH,605277,0.07,5875,5983
SZ,300063,-1.36,5870,7107
SZ,000913,0,5867,5938
SZ,300127,-0.15,5865,8211
SH,603123,-2.48,5864,7181
SH,601199,-3.53,5864,5864
SZ,001330,-2.13,5861,6928
SZ,920599,0.42,5858,7729
SH,688170,0.91,5856,5856
SH,600234,-0.61,5849,5849
SH,600449,4.09,5848,5848
SZ,003041,-1.67,5846,6153
SZ,301000,-0.46,5846,6192
SZ,300841,-1.75,5833,6235
SZ,002793,1.51,5831,5840
SZ,300756,-1,5831,6701
SZ,301566,-0.17,5824,11036
SH,600106,-0.44,5821,5821
SH,688219,1.15,5820,5820
SH,600691,0.82,5820,5821
SZ,300043,-2.89,5820,5823
SH,600963,0.3,5818,5818
SZ,000042,-0.33,5818,5824
SZ,002752,0.34,5814,5822
SZ,300258,0.2,5813,5967
SZ,000793,-0.45,5809,9579
SH,688226,1.18,5807,6032
SZ,300079,0,5805,6460
SH,605555,0.93,5804,5804
SH,600592,-0.61,5798,5798
SH,601116,0.19,5794,5794
SZ,301070,1.58,5793,8618
SZ,002997,2.41,5790,5790
SH,688151,0.48,5788,5788
SH,688711,3.57,5787,5787
SZ,002824,2.48,5786,7960
SZ,300465,0.31,5778,5778
SH,600375,-0.24,5778,6332
SZ,003033,9.71,5772,5844
SH,688408,0.92,5766,5766
SZ,300581,1.95,5765,5765
SZ,002349,-1.11,5756,5876
SH,688562,0,5752,5752
SH,600425,0.85,5745,5745
SH,603507,-3.67,5745,5808
SH,600826,0.25,5743,5743
SZ,000912,1.67,5739,5739
SZ,301321,1.3,5733,7241
SZ,301153,-1.08,5733,6146
SZ,001236,-0.12,5731,7619
SZ,300075,-2.02,5727,6901
SZ,300093,-3.23,5726,13387
SZ,301282,10.58,5723,6836
SH,600288,-0.9,5722,5722
SZ,301306,2.01,5717,8282
SZ,002988,-1.88,5711,5711
SZ,002263,-0.32,5710,5710
SZ,002298,-0.79,5709,6395
SZ,003006,1.14,5709,5723
SZ,002695,0.81,5708,6245
SZ,002101,-0.22,5702,5707
SH,603130,-1.28,5699,5699
SZ,000936,-7.74,5696,5697
SH,603609,1.12,5695,5695
SZ,002164,-3.41,5690,6312
SH,600054,-0.8,5687,8082
SZ,002992,2.45,5684,6580
SZ,001323,-2.24,5680,7940
SZ,000608,-1.79,5680,5714
SH,688448,2.72,5677,5677
SH,600223,-1.58,5672,5672
SZ,002860,1.1,5672,5807
SZ,002073,0.36,5668,5726
SZ,002218,0.49,5662,5746
SZ,300996,-1.56,5653,6717
SZ,300214,1.84,5653,5653
SZ,300048,1.01,5651,5662
SZ,000697,0.58,5649,12076
SH,600742,0,5647,5647
SZ,002907,10.03,5638,7011
SH,603098,4.81,5636,5643
SZ,000517,0.89,5632,7196
SH,603380,4.28,5628,5628
SH,603366,-0.71,5626,5626
SZ,300579,-1.27,5626,5832
SZ,000411,-1.37,5626,5637
SH,601968,0.46,5613,5613
SH,600081,-0.58,5613,5613
SZ,300689,3.57,5613,6378
SZ,301155,-1.21,5608,9891
SZ,300159,2.01,5601,10003
SZ,300217,0.45,5599,6666
SZ,300470,-0.13,5598,5899
SZ,301362,4.69,5598,19954
SH,688334,0.17,5597,5676
SH,603353,3.86,5595,5595
SZ,300019,0.07,5592,5964
SH,688282,10.11,5584,5584
SZ,000036,-4.55,5584,5587
SH,688655,10.89,5584,5584
SH,603333,-1.31,5575,5575
SZ,300283,1.45,5573,7291
SZ,002301,-1.01,5572,5618
SZ,002805,0.15,5571,5596
SZ,000900,0.27,5570,5570
SZ,002956,-0.1,5569,5570
SH,600237,0.68,5559,5611
SZ,001313,1.02,5558,5565
SZ,300047,-1.43,5556,6103
SZ,002787,4.29,5550,7436
SH,603848,2.38,5549,5549
SZ,000920,0,5548,5549
SZ,000501,1.69,5547,5552
SZ,002134,0.27,5543,5546
SZ,300905,3.11,5540,7118
SH,603336,-0.75,5539,5539
SZ,002206,0,5539,6089
SZ,000948,-2.26,5534,5544
SH,603587,0.09,5526,5526
SZ,001359,1.8,5519,22075
SZ,002376,2.79,5518,5682
SH,603855,0.31,5513,5545
SH,603901,0.21,5513,5588
SZ,300006,-1.5,5501,5501
SH,603682,-1.68,5500,5500
SZ,300227,-1.14,5499,7179
SH,605287,0.31,5487,5487
SZ,300057,0.46,5484,6624
SZ,300278,0,5483,5500
SZ,300797,12.54,5481,5496
SZ,301301,-0.55,5481,19733
SZ,002882,4.42,5479,9610
SH,600982,-1,5476,5476
SH,600035,0,5474,5474
SH,603610,-0.38,5468,5468
SH,603686,0,5467,5467
SZ,300451,-1.64,5466,5546
SZ,920493,-1.71,5464,7416
SH,688228,1.32,5458,5458
SZ,300158,-1.07,5453,5458
SH,603217,1.35,5450,5450
SH,600981,-0.4,5449,5449
SH,688181,-1.24,5446,5446
SZ,002194,2.01,5446,7284
SH,688796,-5,5441,62981
SH,688720,5,5437,8527
SZ,002279,-6.04,5433,5889
SZ,002047,-5.28,5428,5428
SH,600784,1.52,5425,5425
SZ,002196,-0.53,5416,5499
SH,603790,9.99,5414,5414
SH,600694,0,5409,5409
SH,603110,6.58,5409,5409
SH,688707,0.38,5408,5408
SZ,300592,-0.12,5406,6150
SZ,300648,2.75,5400,7093
SZ,300587,-1.53,5400,6660
SH,600189,-0.78,5400,5400
SH,603499,-0.07,5397,5397
SH,601008,1.64,5397,5397
SH,600743,2.68,5396,5396
SH,600292,-0.48,5390,58457
SZ,002833,0.44,5384,7882
SZ,300695,1.27,5381,5381
SZ,000717,0.45,5380,5381
SH,600278,0.81,5378,5378
SH,688776,0.53,5377,5377
SZ,300926,1.92,5376,7835
SH,603439,-1.62,5375,5375
SZ,002274,0,5374,5457
SZ,002255,-0.23,5365,6988
SZ,920368,0.42,5363,5637
SZ,300300,0.38,5354,5355
SH,600721,0.8,5353,5353
SH,603668,0.76,5346,5346
SH,688566,-0.85,5343,5343
SZ,301053,3,5341,5752
SH,688237,-1.09,5341,5341
SZ,300082,0.64,5332,5346
SZ,003040,-0.59,5331,5381
SH,601177,0.53,5328,5398
SH,603153,0.15,5322,5402
SZ,003012,0.43,5321,5426
SH,600644,-2.53,5321,5321
SZ,300488,0.86,5320,6270
SZ,301323,1.36,5318,8268
SH,688539,5.15,5317,5317
SH,600889,-0.06,5316,8511
SZ,300067,-2.06,5314,6545
SH,688320,0.28,5314,5314
SH,603194,0.15,5310,13474
SZ,000557,0.55,5307,5308
SZ,002649,-2.17,5305,5849
SZ,002713,-2.32,5297,9571
SZ,002577,2.17,5293,5294
SZ,300633,-1.73,5288,8637
SH,605050,0.66,5288,5288
SH,605228,-0.44,5287,5308
SH,603889,-0.35,5285,5325
SZ,300525,-1.94,5285,6442
SZ,002419,1.09,5284,5284
SH,600868,-1.06,5277,5277
SZ,301379,3.39,5275,6693
SZ,300149,-2.22,5273,5530
SH,603286,7.51,5271,5322
SH,688683,1.43,5268,5268
SZ,000571,0.31,5267,5429
SH,600825,-0.39,5266,5266
SZ,002424,-1.07,5264,6387
SH,688207,0.99,5262,5262
SZ,002191,-0.52,5260,5302
SZ,300959,-0.57,5258,8076
SZ,301413,1.77,5258,8806
SH,601518,0.36,5256,5256
SH,600593,-1.01,5254,5321
SH,688218,3.07,5247,5247
SZ,300825,-1,5242,5355
SZ,000925,0.13,5242,5282
SH,600605,0.99,5240,5240
SH,600300,1.57,5240,5240
SZ,300233,-1.73,5233,5432
SZ,300792,-1.24,5227,5825
SZ,002489,0.37,5223,5921
SZ,002651,10.01,5219,9539
SH,603666,0.67,5218,5218
SH,603131,-0.25,5215,5215
SZ,000531,-0.34,5213,5967
SZ,002697,-2.15,5212,6174
SH,603158,-1.29,5212,5212
SZ,002657,-0.76,5207,5256
SH,600217,1.29,5205,5205
SZ,002383,0,5205,5205
SZ,300084,-3.9,5204,6064
SZ,002235,-9.87,5204,5448
SH,601086,-0.37,5201,5201
SZ,002358,1.27,5188,5188
SZ,002165,10.03,5188,5242
SZ,002300,-1.09,5186,5186
SH,603191,-2.35,5184,5184
SZ,002567,0.84,5183,5188
SZ,300066,-1.32,5180,5398
SZ,300925,-0.86,5173,6345
SZ,002572,-2.92,5173,7647
SH,603685,-2.16,5170,6491
SH,600191,3.5,5169,5169
SH,605299,0.4,5169,5169
SH,603701,1.65,5167,5167
SH,603212,1.37,5167,5167
SZ,300531,-0.47,5160,5317
SZ,002777,-1.15,5158,5205
SH,600720,-0.57,5156,11725
SH,601279,0.93,5154,5154
SH,601011,1.13,5153,5153
SZ,002038,0,5146,6205
SZ,300446,0.07,5144,11641
SH,688101,0.32,5143,5143
SZ,300681,1.55,5142,6819
SH,688691,2.18,5141,8455
SZ,301012,0,5141,5141
SZ,002640,0.3,5140,5173
SZ,000409,-0.9,5137,5896
SZ,002915,-0.82,5136,5978
SH,600603,1.6,5134,5134
SZ,002122,0,5128,5164
SH,603590,-1,5126,5152
SZ,300856,-3.2,5126,5304
SZ,002528,0.41,5125,5850
SZ,301211,0.66,5120,5120
SH,603916,10.05,5111,5111
SZ,300507,0,5106,5274
SZ,301265,3.87,5101,6335
SZ,300586,1.71,5100,6785
SH,601002,1.52,5097,5135
SZ,002201,0.12,5093,5513
SZ,000652,-0.56,5089,5093
SH,688348,0.77,5088,5088
SZ,000888,-1.12,5085,5085
SH,688386,2.49,5084,5565
SZ,301629,3.19,5080,11044
SZ,300036,-0.77,5078,5622
SZ,301368,-0.3,5074,5074
SH,600138,-0.56,5074,5074
SH,603727,-0.93,5074,5074
SH,688057,0.33,5073,5073
SH,605009,-0.16,5071,5071
SZ,002559,0.6,5070,6457
SZ,000796,-0.51,5070,6110
SZ,002351,-0.91,5070,8651
SH,688007,0.91,5070,5070
SZ,002637,1.68,5064,5123
SH,605377,0.66,5060,5060
SZ,002066,0.92,5057,5142
SH,688786,3.04,5054,5054
SZ,002166,0,5052,5073
SZ,301256,1.94,5050,5050
SH,603173,0.32,5046,5046
SH,600817,2.36,5046,5071
SH,600073,3.07,5045,5045
SZ,301330,0.33,5041,5797
SZ,300878,0.75,5039,5062
SH,600279,0.71,5032,5032
SH,603511,3.22,5032,5082
SZ,300528,-1.74,5030,5030
SZ,300692,0,5028,5510
SH,600569,0,5027,5027
SH,600495,0.97,5026,5026
SZ,002530,-0.68,5026,5634
SH,600610,1.87,5025,7595
SZ,002570,1.75,5022,5022
SH,688225,0.24,5020,5020
SH,605286,-2.63,5018,5018
SZ,301160,1,5013,7544
SZ,300259,-1.58,5012,5013
SH,600336,-0.15,5012,5012
SZ,300406,-2.23,5011,6922
SH,688696,0.86,5008,5008
SH,600284,-0.95,5007,5007
SZ,300619,0.04,5005,5945
SZ,000560,-0.92,5004,5041
SH,600513,-0.5,5004,5004
SZ,000525,2.27,5003,5863
SZ,002989,-0.38,4997,5093
SH,603170,-1.25,4996,4996
SZ,002189,-0.46,4996,4997
SZ,003004,-0.03,4990,5942
SH,688410,-0.44,4989,4989
SH,603843,-0.41,4988,4988
SH,688069,-2.74,4987,4987
SH,600990,-0.42,4982,4982
SZ,000852,1.16,4979,5008
SH,603196,-0.32,4979,8797
SZ,300443,-0.18,4974,6560
SH,688247,1.67,4969,4969
SZ,301365,-7.09,4966,7357
SH,600939,1.16,4965,4965
SZ,300697,5.87,4962,6481
SZ,002344,0.78,4959,4964
SH,688379,0.53,4957,5227
SH,688512,3.32,4953,7216
SZ,300680,0.55,4953,6435
SZ,002303,-1.53,4950,7840
SZ,300569,0.21,4945,4960
SZ,002940,-0.59,4943,5382
SH,603162,3.27,4941,16086
SZ,000779,10.04,4941,4941
SZ,300219,1.3,4939,4949
SZ,002479,1.42,4937,4948
SZ,300249,1.46,4935,6047
SZ,301115,-0.74,4934,6021
SH,600814,1.21,4932,4932
SZ,002483,1.27,4931,4938
SZ,301583,-1.19,4930,29657
SZ,301045,1.84,4928,7797
SH,600351,2.15,4927,4927
SH,603122,-0.63,4924,4924
SH,688679,9.26,4924,4924
SZ,300783,-0.33,4922,7054
SZ,300292,1.38,4921,5917
SZ,002154,-0.94,4921,6085
SZ,002589,1.98,4916,5417
SZ,000720,1.56,4913,4913
SZ,002334,-0.73,4910,5478
SZ,301589,-0.19,4908,13165
SH,600523,5.2,4905,4908
SZ,301603,0.67,4904,15695
SZ,300491,-0.12,4901,5525
SH,600308,0.62,4899,4899
SZ,300087,3.23,4899,5144
SZ,301268,1.43,4898,5415
SZ,002033,-0.55,4896,4896
SZ,300120,0.22,4895,5330
SZ,301235,2.45,4890,6534
SH,688210,2.59,4890,4890
SZ,301051,3.1,4889,6154
SH,688377,2.6,4889,4889
SZ,300907,0.75,4887,4887
SH,603111,1.57,4883,5026
SH,600979,-1,4880,4955
SZ,000404,-0.7,4879,4900
SZ,300287,-2.11,4878,5311
SZ,002455,2.5,4877,5332
SZ,300261,-1.33,4874,4980
SH,600199,-3.51,4874,4874
SZ,002819,-0.48,4869,6136
SH,601789,-3.02,4869,6829
SH,600790,0.3,4866,4866
SZ,002238,-0.81,4864,4864
SH,603598,-2.69,4863,4868
SZ,002662,0,4860,4860
SZ,002632,-0.81,4860,5284
SH,688389,-1.04,4859,4859
SH,688530,9.46,4859,11144
SH,601566,0.48,4856,4856
SZ,001207,4.87,4855,5029
SZ,002526,0,4853,4885
SH,603398,1.45,4852,4852
SH,600207,0,4847,4847
SZ,002375,0.55,4845,4878
SZ,300518,-0.68,4845,4846
SH,600379,1.17,4844,4844
SZ,920640,0.9,4841,5031
SZ,300016,-1.36,4840,5008
SZ,002642,-1.61,4836,4836
SH,603137,1.3,4833,4833
SH,603711,-0.16,4831,4831
SZ,002443,1.98,4831,4831
SZ,300397,1.02,4829,6124
SH,600231,1.8,4822,4883
SZ,301048,0.33,4821,4821
SH,600222,5.65,4811,4811
SZ,300404,-2.87,4808,6496
SZ,300461,-4.28,4806,5232
SZ,000863,1.72,4804,4876
SH,688591,1.68,4804,6856
SZ,300788,-0.7,4803,4803
SZ,301179,-0.63,4802,8177
SH,688667,1,4801,4801
SZ,002482,0.79,4792,4801
SH,688356,-3.88,4791,4791
SH,688719,1.68,4791,6162
SZ,300291,-1.71,4789,4851
SH,600571,0.1,4784,4873
SZ,002556,2.2,4782,4787
SH,603330,10.02,4779,5084
SH,603976,2.43,4776,4776
SH,603777,1.28,4776,4776
SZ,300871,-3.15,4762,4762
SZ,300755,-1.12,4757,4760
SZ,001208,-0.46,4756,9524
SZ,002728,0.85,4752,4866
SZ,002481,1.19,4752,5243
SH,600121,-0.5,4752,4752
SZ,002102,0,4750,5521
SZ,002892,0.21,4741,7029
SH,600756,-2.52,4738,5112
SZ,300785,-0.78,4734,7696
SZ,300547,1.65,4734,5761
SH,688238,-2.52,4733,4744
SZ,002959,1.08,4731,5273
SZ,301162,-2.73,4730,7288
SZ,001328,-2.2,4729,5034
SH,688807,5.36,4727,23635
SH,603387,-0.74,4727,4727
SH,688580,-1.9,4722,4722
SH,605208,3.47,4721,4721
SZ,002919,-0.93,4721,4756
SZ,002111,0.42,4721,5139
SH,688665,1.72,4721,4721
SZ,000753,0.63,4719,4719
SZ,300490,1.78,4719,4784
SH,688609,0.96,4715,4922
SH,603980,0.14,4711,4711
SH,688085,-2.39,4705,4923
SH,605368,0,4702,4702
SZ,300267,-0.29,4694,6807
SZ,002638,-1.97,4694,4985
SZ,300196,1.71,4694,7768
SZ,002291,-1.63,4693,5050
SZ,300388,-1.28,4692,4692
SZ,301458,1.45,4692,10651
SZ,300463,-1.44,4690,5769
SH,603150,0.46,4689,4689
SZ,300189,13.28,4688,5417
SH,603070,0.78,4684,4684
SZ,002478,3.69,4676,5828
SH,600626,2.02,4675,4675
SZ,301004,0.32,4675,5008
SZ,300215,-1.26,4674,4674
SZ,300688,-1.15,4672,5271
SZ,002590,0,4672,4900
SZ,301055,1.19,4669,4770
SZ,002045,-1.18,4662,4669
SZ,001317,-1.76,4660,4665
SZ,301060,2.95,4657,5179
SH,603803,-1.61,4657,4657
SZ,300702,-1.06,4656,7701
SZ,002026,0.76,4656,4656
SZ,002322,1.53,4656,4843
SZ,300802,-0.77,4654,6534
SZ,300964,2.5,4654,6342
SZ,002880,-0.28,4652,4652
SZ,002501,0,4646,4651
SH,603408,0.68,4646,4646
SZ,300232,-0.94,4638,5691
SZ,002749,-1.26,4638,4741
SH,600088,-1.84,4637,4637
SH,600715,-2.98,4637,6577
SH,605338,-0.81,4636,4636
SH,688330,0.12,4635,4635
SH,600084,-0.47,4630,4630
SH,688137,-4.83,4629,4629
SH,603912,-0.8,4626,4626
SZ,300123,-2.1,4622,4752
SZ,920576,2.24,4620,4666
SZ,002418,-0.24,4614,4614
SZ,000417,1.37,4612,4617
SZ,002573,-1.2,4606,4614
SZ,300523,-0.29,4606,4606
SH,603998,-2.68,4606,4606
SH,603767,-0.19,4605,4605
SH,688551,0.05,4602,4602
SZ,301367,-1.42,4601,5876
SZ,300429,1.29,4599,6115
SZ,002902,1.17,4599,6084
SH,600857,0.84,4596,4596
SH,600681,1.18,4596,4599
SH,600714,4.46,4588,4588
SZ,002543,-1.13,4572,5138
SZ,000993,-0.49,4570,4570
SZ,002522,0,4570,4574
SH,688653,4.41,4569,6129
SZ,301391,-1.14,4568,4676
SZ,300027,0,4565,4939
SZ,000759,0.14,4564,4611
SH,603726,2.49,4564,4587
SH,603216,-0.38,4563,4563
SZ,000045,-0.79,4561,5055
SH,688646,-0.48,4560,7070
SH,601588,0,4549,5758
SH,603683,0.96,4546,4593
SH,688061,7.44,4545,4545
SH,688119,1.51,4545,4545
SH,603386,2.89,4536,4536
SZ,002370,0.83,4533,4534
SZ,300606,-1.55,4530,5326
SH,603681,1.65,4529,4529
SH,603661,2.04,4524,4524
SZ,301008,0.1,4522,5121
SZ,000665,-3.16,4514,4514
SH,605300,1.64,4512,4512
SZ,000558,-0.56,4510,4512
SZ,300715,1.69,4510,5448
SZ,301252,0.67,4508,5622
SH,603365,0.35,4507,4531
SH,600558,0.2,4506,4506
SZ,301325,-0.02,4502,4502
SZ,002124,1.33,4497,5066
SZ,300705,-3.87,4487,6069
SH,603928,1,4487,4487
SH,603097,-0.19,4482,4587
SH,688291,4.5,4480,4480
SH,600758,-1.16,4477,4482
SH,600071,0.89,4477,4477
SH,603528,-0.62,4476,4476
SH,600658,0,4474,4474
SH,688045,1.65,4474,4474
SH,603669,-0.15,4473,4473
SZ,002586,-0.71,4470,4703
SH,600173,1.75,4469,4469
SH,600469,1.34,4468,4699
SZ,000507,0.41,4467,4553
SZ,002774,-9.68,4466,5337
SH,601218,0.44,4458,4458
SZ,002641,1.55,4457,4830
SZ,301075,1.37,4455,4455
SH,600283,0.25,4453,4453
SH,688010,2.06,4449,4449
SZ,300643,-0.56,4448,4458
SZ,002627,-0.46,4447,4495
SH,688360,6.44,4447,4447
SZ,002707,0.39,4446,5051
SZ,002112,1.56,4445,4988
SZ,300968,-0.08,4444,4444
SZ,300711,-2.87,4439,5011
SZ,001283,1.11,4439,5567
SH,600382,0.79,4437,4437
SZ,002788,-1.18,4437,4515
SZ,002393,-0.86,4434,4553
SZ,300737,0.81,4427,5540
SH,688196,0.29,4426,4426
SZ,300271,-1.93,4425,4522
SZ,002454,-0.19,4422,4431
SH,688558,4.27,4421,4421
SZ,002540,0.98,4420,6425
SZ,301058,3.61,4416,4489
SZ,002161,1.7,4415,4416
SH,600178,-0.62,4413,4413
SH,600168,1.37,4411,4411
SZ,000886,-0.21,4410,4460
SZ,300368,-8.75,4406,4406
SH,603015,1.96,4406,4406
SH,603175,1.24,4406,42339
SZ,300138,-2.29,4401,5338
SH,603018,1.32,4399,4399
SZ,002884,1.13,4396,5759
SZ,300632,2,4395,6064
SZ,002059,-0.21,4394,4526
SZ,003026,2.71,4387,5699
SH,600976,-2.08,4378,4381
SZ,301007,0.1,4376,4435
SH,603060,0,4374,4374
SH,603209,1.19,4369,4417
SZ,300481,7.04,4368,4395
SH,600101,-0.49,4366,4366
SH,688350,1.36,4366,4366
SH,603322,-0.49,4362,4362
SZ,000078,-1.77,4358,4368
SZ,300018,-0.98,4356,5860
SH,603187,-7.99,4355,4401
SH,600152,0.73,4354,4354
SZ,002746,0.16,4350,5275
SH,603206,-0.69,4349,4349
SH,603869,-0.88,4349,4349
SH,603611,-0.05,4348,4348
SH,601065,0.6,4345,4345
SZ,002005,-0.39,4345,4346
SZ,300326,-1.77,4343,4345
SZ,300286,1.26,4338,5236
SZ,002480,-0.52,4337,4346
SZ,000718,0,4335,5766
SZ,300505,6.52,4334,5481
SZ,000819,-0.24,4334,4375
SH,688311,2.23,4332,4332
SH,600227,2.42,4331,5725
SZ,002367,-2.14,4330,4348
SH,603016,-0.02,4329,4329
SH,603324,3.4,4324,4475
SZ,300669,-0.62,4320,4561
SZ,301348,-0.66,4318,5357
SZ,300745,-0.15,4318,5114
SH,603038,-0.11,4318,4318
SZ,300403,3.79,4316,5940
SZ,300984,3.73,4313,6692
SZ,002321,2.53,4311,4330
SH,600337,0,4311,4311
SH,688236,-0.32,4309,5731
SH,688267,0.48,4303,4303
SH,603960,0.61,4300,4300
SZ,000428,-0.7,4300,4300
SZ,001338,0.71,4300,4300
SH,605577,-0.71,4298,4298
SH,603165,1.25,4294,4294
SZ,000821,-1.24,4293,4422
SZ,301370,-0.1,4292,4292
SH,688212,-1.63,4288,4288
SZ,301488,-0.02,4287,10463
SH,603933,0.49,4286,4286
SH,600819,1.12,4286,5304
SZ,000011,-1.8,4286,4851
SZ,300320,4.13,4285,5309
SH,600880,-1.5,4285,4286
SZ,002765,0,4285,4689
SZ,300733,0.69,4284,5810
SZ,300441,0.44,4281,4408
SZ,002886,1.04,4280,5388
SZ,300105,-3.48,4279,4281
SH,605086,-0.53,4278,4278
SZ,000520,9.9,4271,4271
SH,603339,0.44,4270,4270
SH,605088,0.66,4267,4300
SZ,002644,-1.64,4264,4264
SZ,000521,-0.19,4262,5016
SZ,301277,-1.35,4262,4262
SH,603106,-5.09,4258,4258
SH,603822,0.49,4258,4258
SZ,002264,-0.75,4257,4708
SH,603121,0.32,4252,4252
SZ,002088,6.33,4250,4279
SH,688639,0,4247,4247
SZ,002285,0.47,4247,4285
SH,688429,0.86,4244,4244
SH,600340,-0.9,4244,4244
SH,603095,9.97,4243,4243
SZ,301116,-0.62,4243,4243
SZ,002117,-0.11,4241,4242
SZ,000919,0.44,4240,4242
SH,603703,4.72,4237,4237
SZ,301280,2.92,4237,8159
SZ,300859,-0.72,4235,4235
SZ,300847,-0.48,4233,4233
SZ,300532,-0.27,4232,4449
SH,600609,-0.6,4227,4227
SH,600650,0.09,4226,5968
SZ,300121,1.86,4225,4381
SH,603636,-0.67,4225,4225
SZ,002328,0,4223,5711
SZ,300434,-3.43,4222,4958
SH,605055,-0.2,4220,4220
SH,600261,1.94,4219,4219
SH,688595,-0.5,4209,4209
SZ,300210,-1.69,4208,4208
SH,603615,1.46,4208,4208
SZ,300557,0.6,4206,4227
SZ,920946,-2.95,4191,4192
SH,688168,2.25,4183,4183
SH,603956,0,4177,4177
SH,688633,1.2,4171,4171
SZ,002490,2.8,4171,6341
SH,603069,0.23,4171,4171
SH,688269,3.98,4171,4171
SH,600135,1.76,4161,4161
SZ,300539,0.42,4157,5115
SH,603261,-4.48,4153,4153
SH,600479,-0.79,4152,4883
SH,688136,-1.81,4149,4149
SH,600127,10.05,4146,4146
SH,688211,1.19,4139,4139
SZ,300228,0.41,4136,4421
SZ,002758,2.05,4136,4140
SH,603978,0.98,4135,4135
SZ,003019,1.87,4135,4231
SZ,300355,0,4126,4845
SZ,300206,-1.29,4121,7060
SH,688286,-1.76,4120,4120
SZ,000518,-0.24,4118,4118
SZ,000678,0.22,4118,4118
SH,603966,0.89,4116,4122
SZ,300901,1,4116,4116
SZ,300345,15.36,4113,4976
SH,603088,0.43,4112,4717
SH,603558,0.76,4105,4105
SH,600520,2.98,4103,4103
SH,600824,9.89,4100,4100
SZ,920593,-0.34,4099,4809
SZ,002560,1.09,4098,4757
SH,603271,1.79,4097,8583
SZ,301096,-1.51,4096,5385
SH,603318,0.68,4095,4948
SZ,300061,0,4094,4336
SH,603178,-0.22,4090,4090
SH,603519,0.85,4088,4088
SZ,300663,-2.09,4084,4244
SH,603429,3.05,4075,4075
SZ,300004,-4.7,4075,4075
SH,603072,0.75,4075,8531
SZ,300421,0.63,4072,5198
SH,688583,1.77,4068,11673
SZ,000782,-0.25,4067,5287
SZ,300590,0,4065,5251
SZ,300506,8.22,4063,7884
SH,603167,0.23,4063,4063
SH,600792,0,4062,4062
SZ,002160,1.29,4061,4069
SZ,001316,1.47,4058,4350
SH,605268,0.44,4057,4057
SH,603676,-0.31,4056,4056
SZ,300071,-1.82,4056,4135
SZ,001288,0.15,4053,6239
SZ,301376,0.92,4051,8420
SH,688186,0,4050,4050
SZ,002950,-1.45,4047,5965
SH,688215,1.75,4045,4045
SH,603697,-1.86,4042,4042
SZ,300318,-1.15,4041,4166
SZ,301003,0.41,4040,5223
SZ,301517,1,4040,6263
SH,600628,0.97,4037,4037
SZ,300893,-0.3,4034,7606
SZ,002449,0.77,4032,4032
SZ,002693,-1.3,4032,4068
SZ,000816,2.19,4031,4052
SH,600725,0,4030,4030
SH,688785,3.43,4027,20131
SH,603035,-0.17,4026,4026
SZ,300712,1.6,4026,4043
SZ,002724,4.57,4026,5470
SZ,300022,-0.24,4023,4023
SZ,002040,1.97,4020,4020
SH,603058,-0.81,4018,4018
SZ,300963,0.17,4017,5476
SZ,300111,0,4016,4016
SZ,300943,4.92,4013,6131
SZ,002562,0.82,4011,5634
SH,603081,-0.93,4010,4010
SZ,301168,-0.51,4007,5045
SZ,300882,0.54,4003,4302
SH,601368,0.89,4000,4000
SZ,300561,0.42,3999,5443
SH,688023,-1.43,3997,3997
SZ,300873,2.9,3991,5498
SZ,000096,0.39,3990,4124
SZ,920139,2.82,3989,4129
SZ,301419,6.88,3987,6032
SH,603085,-0.29,3987,3987
SZ,002553,-0.44,3981,5492
SH,603520,0.89,3981,3981
SZ,000626,2.73,3979,3997
SZ,301186,1.77,3977,4229
SH,603679,0.09,3973,3973
SH,603967,0.44,3973,3973
SZ,002772,2,3973,4006
SZ,301201,-0.59,3967,5655
SH,600505,-0.45,3966,3966
SZ,301479,0.49,3966,6929
SH,688489,0.55,3966,3997
SZ,000882,0.69,3966,3969
SZ,002469,9.93,3965,4094
SZ,300758,0.92,3964,4398
SZ,002986,-1.12,3963,4991
SZ,002116,0.84,3959,4008
SZ,300571,-1.09,3957,4775
SZ,002612,-3.23,3957,6880
SZ,300183,-0.36,3955,4931
SZ,300246,-1.62,3953,4945
SZ,300936,5,3950,6264
SH,603657,10.02,3949,3949
SH,603918,-4.33,3947,3947
SH,688298,-0.55,3945,3945
SZ,301602,0,3941,8095
SZ,300553,5.47,3940,5140
SZ,000599,1.05,3937,11776
SH,605058,1.29,3935,3935
SH,600798,1.88,3933,3933
SH,603421,0.5,3933,3933
SH,603719,0.2,3928,3928
SH,600727,1.36,3927,3927
SZ,000523,1.37,3922,5433
SZ,300194,1.25,3922,4818
SZ,000716,4.72,3921,4013
SZ,300522,0.2,3920,4805
SH,600526,1.13,3920,3989
SZ,002628,-6.46,3920,3937
SZ,001380,1.38,3919,4561
SZ,002688,0.77,3917,4032
SZ,301102,0,3914,3914
SH,605028,-0.88,3912,3912
SH,600067,0.36,3911,3911
SZ,300349,0,3908,4410
SH,688039,-0.61,3906,3906
SH,603239,-0.13,3904,3904
SZ,000505,9.98,3902,4485
SZ,300662,-1.33,3901,3913
SZ,002564,-0.43,3899,3899
SZ,000822,2.11,3894,3894
SZ,300880,0.71,3893,3893
SZ,300333,3.01,3890,3904
SZ,920239,0.09,3889,3936
SZ,301257,-1.21,3888,4078
SH,600800,-2.5,3884,3885
SZ,002930,0.11,3883,4104
SZ,300541,-1.08,3880,4300
SZ,300177,1.59,3880,4763
SZ,301169,1.68,3880,3882
SZ,002584,0.49,3879,4846
SH,603113,0.44,3878,3878
SZ,300351,1.31,3878,5725
SZ,002677,-1.25,3877,4542
SH,603316,3.38,3877,3961
SH,603689,-0.53,3874,3891
SZ,300588,-0.08,3871,4191
SZ,300424,4.65,3870,3872
SH,603315,0.33,3870,3870
SZ,300639,-4.2,3869,3970
SZ,002669,2.73,3869,3877
SZ,000850,0.49,3868,3869
SH,688571,-0.54,3864,3864
SH,688459,-0.61,3864,3864
SZ,301322,-0.83,3864,5729
SZ,002406,1.18,3856,5009
SZ,300231,-0.56,3856,3856
SH,603138,0.15,3855,3926
SH,605162,0.46,3853,3853
SZ,300332,-0.41,3851,4018
SZ,301408,-1.57,3849,6724
SH,688133,-4.48,3848,3848
SH,688199,2.49,3847,3847
SH,603020,0,3847,3847
SZ,002786,-0.25,3834,3846
SH,603926,0.18,3834,3870
SZ,300911,0.95,3830,4098
SH,688075,1.31,3825,3825
SH,603607,-3.94,3824,3824
SH,600860,0.47,3823,4714
SZ,300629,0.28,3822,4433
SH,600960,0.75,3821,3821
SZ,300478,-0.29,3820,3820
SZ,002162,1.46,3820,3826
SZ,002177,-0.88,3819,4255
SZ,002172,9.91,3818,3821
SZ,000802,-9.96,3814,3816
SZ,002197,-0.69,3813,4387
SH,603716,-2.7,3811,3811
SH,600527,0.92,3810,3810
SZ,002582,0.09,3807,4952
SZ,301398,2.77,3807,3905
SZ,300200,0,3803,3866
SH,600333,0.48,3800,3800
SZ,301421,1.81,3799,9494
SH,688299,1.85,3796,3796
SH,603291,0.79,3796,3796
SZ,000532,2.03,3796,3809
SZ,301187,-3.05,3796,3796
SH,600794,1.94,3792,3792
SZ,300471,-3.43,3789,4753
SH,603559,7.64,3788,3788
SH,605337,0.52,3788,3788
SZ,301630,2.12,3788,10111
SH,605189,-1.54,3786,3786
SZ,000016,-1.65,3784,5707
SZ,002973,0.25,3783,4867
SZ,301234,3.91,3783,6404
SZ,002035,-0.4,3777,4094
SZ,002554,0.35,3774,3774
SZ,002228,1.63,3773,3786
SZ,300055,0.85,3772,4987
SH,688588,-0.81,3771,3771
SZ,300809,0.4,3770,6349
SZ,002849,2.02,3766,3797
SH,605186,-0.06,3766,3766
SZ,001269,0.57,3764,3764
SZ,000526,-6.41,3756,3768
SZ,300044,-0.75,3756,4010
SH,605369,-0.22,3754,3754
SH,601113,0.29,3754,4604
SZ,000797,0.42,3754,3754
SH,688302,-0.91,3749,3749
SZ,300290,-3.29,3748,3749
SZ,000906,-0.55,3745,3790
SZ,300299,-1.08,3744,3748
SZ,002187,0.56,3743,3743
SH,600805,0.69,3741,3744
SH,600568,-0.87,3739,4464
SH,688443,-1.09,3738,9559
SZ,300749,3.8,3737,4871
SH,601188,0.7,3734,3734
SZ,300686,1.62,3731,3756
SZ,002090,1.52,3727,3749
SZ,301315,-3.35,3722,3722
SH,600506,1.22,3719,3719
SZ,002596,0.31,3715,3718
SZ,002412,1.91,3714,3754
SZ,300243,-1.65,3713,4641
SH,603579,-0.74,3711,3711
SZ,002356,4.43,3711,3711
SZ,002107,1.25,3708,3746
SZ,301016,-0.23,3708,3867
SZ,300656,-0.5,3707,4701
SH,605158,1.12,3703,3703
SH,688606,-0.9,3699,3699
SZ,300380,-1.15,3696,4018
SH,601366,10,3695,3695
SZ,300448,-0.34,3695,3890
SZ,300414,2.9,3693,3814
SZ,300572,0.94,3691,4662
SH,603109,0.68,3690,3690
SH,603351,1.15,3689,3689
SH,603655,0.75,3689,3689
SZ,920522,-2.3,3688,4446
SH,603126,1,3687,3687
SH,605388,0,3687,3687
SH,688265,-4.8,3687,3687
SH,688590,-0.82,3685,4095
SH,603958,10.03,3681,3681
SH,600734,0.6,3681,3681
SH,600830,0.62,3680,3680
SZ,002927,0.48,3679,3721
SZ,000659,0,3677,3677
SH,688399,-1.19,3673,3673
SZ,002333,-1.07,3672,3719
SZ,000007,-1.2,3672,3672
SZ,300317,-5.93,3672,3678
SZ,301038,0.3,3672,3672
SH,603396,0.91,3671,3671
SH,600729,0.26,3671,8399
SZ,301085,-1.34,3670,5406
SZ,001238,1.12,3669,3922
SZ,002766,-4.88,3668,3680
SH,603139,3.53,3665,3906
SH,600980,1.79,3664,3742
SH,603706,1.9,3663,3663
SZ,300010,-0.89,3659,4547
SH,603313,1.1,3657,3657
SZ,002225,-1.56,3656,4347
SZ,300683,-2.15,3655,3919
SZ,301246,0.89,3650,8584
SZ,002016,0.45,3649,3649
SZ,300654,-0.57,3646,3786
SZ,300248,-0.33,3645,4244
SH,688569,2.01,3638,3638
SH,603390,-0.47,3637,3643
SH,603232,-1.12,3636,3656
SZ,000713,3.5,3635,4725
SH,603903,0.78,3633,3633
SH,688636,1.31,3633,3633
SZ,000903,0,3629,3657
SZ,300068,-0.46,3628,3818
SZ,920809,0.25,3627,4732
SZ,002305,-1.41,3624,3625
SH,600576,-0.35,3619,5779
SZ,301026,3.43,3617,5008
SZ,920725,10.88,3614,7467
SZ,002462,0.32,3614,3617
SH,688283,1.64,3613,3613
SH,603725,-3.18,3610,3610
SH,603116,0.64,3607,3607
SH,605066,3.46,3602,3602
SH,688163,-0.08,3600,3600
SZ,002676,0.2,3600,3600
SZ,002457,0.28,3599,3602
SZ,301259,-1.15,3596,5607
SH,688813,3.47,3596,19130
SZ,300933,-0.14,3594,3594
SH,603199,-1.21,3593,3593
SH,603566,0.19,3592,3592
SZ,300652,0.37,3592,4002
SH,603639,0.29,3586,3689
SZ,002095,-0.55,3584,3599
SH,688618,13.17,3584,3584
SH,605566,2.75,3584,3584
SH,600579,0.28,3584,3584
SZ,000407,-0.23,3582,3600
SZ,300402,0.41,3579,3625
SZ,300453,-1.38,3577,5190
SH,600262,1.35,3572,3572
SZ,001216,-1.01,3570,4245
SZ,300545,1.36,3570,5538
SH,688373,-1.44,3570,3570
SH,603569,1.2,3567,3567
SZ,300962,1.2,3567,3567
SH,688602,0.88,3563,3563
SZ,300521,-0.89,3562,3607
SZ,301120,1.22,3560,5884
SZ,002783,-0.38,3560,3855
SZ,300190,1.89,3560,3574
SH,688317,6.23,3560,3560
SZ,301251,1.6,3557,8874
SH,688157,0.74,3557,3557
SZ,002248,-1.86,3555,3555
SH,688600,0.65,3554,3554
SZ,000509,0.61,3552,3552
SZ,300099,0,3543,4490
SZ,002609,-0.89,3542,4967
SH,605303,2.57,3542,3542
SH,688533,0.19,3541,3541
SH,603551,-0.84,3541,3585
SZ,300385,-1.92,3540,4058
SH,605588,1.7,3540,3549
SH,603105,0.14,3540,3540
SZ,001400,0.49,3540,6432
SZ,300050,3.34,3539,3542
SZ,920799,-0.6,3538,6164
SH,603577,1.07,3537,3537
SH,688259,1.41,3534,3534
SH,688084,1.1,3534,3534
SZ,300668,2.94,3527,4259
SZ,300812,-0.19,3521,3881
SZ,300213,-2.29,3520,3786
SZ,300611,-0.83,3519,5009
SZ,301656,1.83,3519,41555
SH,601599,-0.32,3516,3516
SZ,300427,0.87,3516,3555
SH,603898,-1,3516,3516
SH,688607,-3.64,3514,3904
SZ,920819,1.75,3514,3555
SH,600581,0,3510,3510
SZ,000965,0.64,3507,3507
SZ,003032,0.49,3505,4958
SZ,300840,-0.14,3505,4750
SH,600327,-0.99,3504,3504
SZ,301499,1.2,3503,3503
SH,603051,-0.27,3503,3529
SH,603665,0.18,3498,3498
SZ,300078,0.32,3496,3510
SZ,301112,0.06,3492,3492
SZ,001318,9.97,3491,3491
SZ,301568,3.47,3490,7570
SZ,300736,-2.9,3489,3580
SZ,002339,0.14,3485,3670
SH,688053,1.4,3480,3480
SH,688398,-0.04,3479,3479
SH,688216,4.63,3478,3746
SZ,300885,0.14,3476,5164
SH,600834,-0.26,3475,3475
SZ,000889,-1.96,3471,3736
SZ,300225,-0.8,3470,3494
SH,603696,0.14,3469,3469
SZ,300533,-1.88,3469,4930
SH,688339,-0.38,3462,4253
SH,600503,0.47,3461,3461
SZ,301132,2.65,3454,5399
SZ,000726,-0.16,3454,4791
SH,603309,-1.41,3450,3450
SH,688098,-2.43,3449,3449
SH,688680,1.67,3449,3449
SZ,300948,7.86,3449,3654
SZ,300110,-0.33,3449,3452
SZ,301468,6,3448,5981
SH,601999,-0.63,3443,3443
SZ,300241,1.96,3441,4106
SZ,300399,-0.28,3440,3440
SZ,301500,3.47,3437,13387
SZ,300370,0.46,3435,3444
SH,601033,0.56,3432,12870
SZ,300932,2.58,3431,4818
SH,603759,1.09,3431,3431
SZ,300494,-1.25,3430,4223
SZ,000868,0,3429,3429
SH,605399,2.42,3428,3431
SZ,301110,0.35,3427,4872
SZ,300559,-0.53,3426,4399
SZ,301193,1.58,3424,4478
SZ,002269,0,3422,3668
SZ,300822,0.08,3422,3689
SZ,000788,-2.2,3421,3421
SZ,300781,-0.87,3421,4636
SZ,301617,4.38,3421,8619
SH,600228,-1.66,3420,3425
SZ,300154,2.46,3419,4878
SZ,300721,6.1,3417,4072
SZ,300894,0.35,3417,4706
SZ,001257,-0.31,3417,45807
SZ,002055,2.86,3415,3476
SZ,002735,0.5,3415,4496
SH,600791,3.28,3415,3419
SZ,003037,0.53,3415,3415
SZ,301076,0.81,3414,5106
SZ,000926,0.93,3414,3457
SH,603798,0.23,3413,3413
SZ,300551,0,3411,3421
SZ,002474,-1.82,3411,4013
SZ,300473,1.52,3411,3913
SH,688750,0.97,3410,6771
SZ,301289,0.37,3409,3431
SH,600229,0,3409,3409
SH,603811,0,3409,3409
SZ,300419,0.76,3409,3409
SH,688148,-0.88,3408,3408
SZ,300021,1.56,3406,3987
SH,600467,0.87,3404,3404
SZ,300879,-1.04,3403,3427
SZ,301609,-2.58,3401,5644
SZ,002822,-0.3,3399,6201
SZ,000701,0,3399,3402
SH,603014,-1.11,3399,13991
SH,603948,1.11,3393,3393
SH,688033,-1.14,3390,3390
SH,688693,1.23,3386,6413
SH,600280,1.01,3385,3385
SH,605398,-1.51,3383,3383
SZ,301226,1.27,3380,3380
SH,603357,0.5,3380,3380
SZ,301175,-0.36,3377,7992
SZ,002109,0.76,3369,3369
SZ,000514,0.5,3367,3367
SH,600156,-0.58,3366,3366
SZ,001229,10,3365,6545
SH,600318,1.39,3363,3363
SH,603101,0.42,3363,3363
SH,600354,5.81,3362,3362
SZ,301682,1.12,3356,15880
SZ,300530,-1,3355,3355
SZ,002037,-0.13,3353,3353
SH,688358,-0.22,3353,3357
SH,600052,-0.99,3351,3351
SH,600843,0.14,3350,5092
SZ,300729,0.49,3348,3478
SZ,002548,2.72,3347,3445
SZ,001311,1.15,3346,7427
SZ,300160,1.15,3346,3393
SH,600853,0.61,3345,3345
SZ,002395,0.97,3344,3345
SZ,300664,0,3343,3471
SZ,000803,2.68,3343,3390
SZ,002374,-1.27,3342,3342
SZ,000721,-0.9,3341,3742
SZ,300056,-3.98,3340,3342
SH,600969,3.09,3338,3338
SZ,000546,1.27,3337,3725
SH,600218,1.06,3337,3337
SZ,002086,-0.46,3337,4133
SZ,002485,0.49,3335,3335
SH,603648,1.66,3334,3334
SZ,301613,1.87,3333,5715
SH,600716,1.14,3332,3332
SZ,002369,-0.67,3329,3334
SZ,002357,1.82,3329,3329
SZ,002362,-0.55,3326,3916
SZ,002845,1.37,3326,4353
SH,688522,-0.09,3325,8188
SH,603007,-0.41,3323,4228
SZ,001210,3.54,3321,5464
SZ,301199,0.71,3320,3450
SH,600638,-0.59,3320,3320
SZ,002175,1.96,3320,3320
SZ,000736,-0.44,3317,3317
SZ,300270,-1.54,3316,3849
SZ,000862,0.19,3316,4847
SH,603987,-0.77,3315,3315
SZ,002571,-0.35,3314,4355
SZ,300069,2.53,3313,3313
SH,603813,-1.77,3311,3311
SH,688682,1.72,3311,3311
SZ,300515,-0.54,3309,3374
SH,605077,1.1,3309,3349
SZ,300466,-0.26,3308,3947
SH,605136,-0.71,3308,3308
SZ,300801,1.31,3307,5251
SH,603815,-0.36,3305,3305
SZ,000691,-0.77,3304,4956
SH,603630,-1.8,3304,3304
SZ,301273,6.4,3301,4301
SZ,003020,4.99,3300,4469
SH,688175,-0.09,3300,3300
SZ,300234,-0.41,3299,4825
SZ,300560,2.38,3296,4050
SH,600865,-0.67,3296,3296
SZ,002672,1.11,3295,4023
SZ,002646,-1.69,3294,3315
SZ,301311,0.96,3293,3293
SH,688458,0.92,3292,3917
SZ,301028,0.31,3290,5072
SH,600653,0,3289,3289
SZ,300504,-1.04,3289,4084
SH,600622,0,3284,3284
SH,605108,-0.85,3281,3281
SH,688370,0.04,3280,3280
SZ,300848,0.62,3278,5541
SH,600539,0.14,3278,3278
SZ,000668,-3.49,3276,3276
SZ,002021,1.48,3275,3276
SZ,002178,-1.7,3274,3276
SZ,301310,4.01,3274,10251
SH,688338,-0.12,3273,3273
SH,603637,1.48,3272,3272
SH,603278,0.42,3271,3271
SH,603230,-0.31,3270,3270
SZ,001217,1.22,3269,3302
SZ,002826,0.06,3266,3371
SZ,000731,2.76,3266,3266
SH,600130,-0.45,3263,3263
SZ,000789,0.25,3261,3261
SZ,301302,-0.58,3261,3657
SH,603535,-1.53,3260,3260
SZ,002451,0.27,3258,3270
SH,600679,-0.1,3255,4690
SH,600512,0.49,3254,3254
SH,600293,0,3248,3248
SZ,002365,0.15,3248,3902
SZ,300589,3.98,3247,5231
SZ,000037,-2.23,3247,5774
SZ,301223,0.84,3246,3246
SZ,002818,0.28,3246,8143
SZ,301237,2.58,3245,4456
SH,603817,0.53,3244,3244
SZ,300603,-2.57,3242,4030
SZ,300836,1.77,3242,4735
SZ,300311,-3.66,3241,4062
SZ,000607,-0.53,3239,3725
SZ,300289,-0.32,3237,3242
SZ,300622,0.07,3236,4734
SZ,002094,-0.2,3231,3233
SZ,300238,-2.71,3229,3230
SZ,002791,-1.39,3229,5248
SZ,300051,-1.78,3226,3266
SZ,301213,0.56,3225,4990
SH,688159,4.29,3225,3225
SZ,300193,-0.64,3225,3662
SZ,301111,-1.02,3224,3224
SZ,300746,-0.34,3224,3255
SZ,301551,-1.46,3222,8340
SH,688171,0.73,3222,3222
SZ,301448,-6.9,3220,4752
SH,603656,0.46,3218,3218
SZ,300094,1.75,3217,3283
SZ,002801,1.54,3216,6377
SZ,002686,-3.75,3215,3482
SZ,000931,-0.46,3214,3223
SH,603999,0.36,3214,3214
SZ,002903,1.98,3212,4648
SZ,003000,0.1,3204,4689
SH,688722,0.99,3202,3202
SZ,000488,-1.04,3202,5559
SH,688579,0.25,3200,3200
SH,688557,1.22,3199,3199
SZ,002811,0.18,3199,3486
SH,603527,2.75,3198,3198
SZ,300578,-0.85,3197,3198
SH,688162,1.35,3196,3196
SZ,301073,-0.05,3195,3494
SZ,002313,-1.49,3193,3194
SZ,002327,0.46,3191,5420
SZ,301662,1.88,3190,8297
SZ,001221,5.58,3185,16576
SZ,300608,-1.59,3184,3640
SZ,300040,-2.83,3182,3957
SZ,001215,1.74,3181,3190
SH,603210,-0.14,3181,4653
SH,603266,0.82,3180,3180
SZ,920037,0.49,3180,5201
SH,603048,-1.49,3178,3178
SZ,000609,0.09,3178,3268
SZ,301136,0.7,3178,3181
SZ,002441,0,3176,4340
SH,601616,0.81,3176,3176
SH,603600,0.84,3175,3175
SH,603856,0.09,3173,3173
SH,603500,0.42,3173,3175
SZ,002912,-1.5,3165,3331
SZ,920047,-2,3164,4819
SZ,300889,-1.36,3163,4759
SZ,002575,-3.56,3161,3335
SZ,300955,-1.59,3161,3161
SH,688273,-0.21,3161,3161
SZ,301042,-0.63,3159,3314
SZ,000421,1.1,3159,3159
SZ,000576,1.82,3158,3177
SZ,300407,-3.32,3158,4223
SZ,002394,-0.7,3154,3159
SH,603739,-1.1,3153,3153
SH,688070,6.32,3152,3152
SH,688077,0.95,3152,3152
SZ,002933,1.13,3151,3164
SZ,002137,-0.24,3148,4585
SZ,301270,-1.09,3147,3330
SZ,301206,1.26,3146,4886
SZ,301158,3.25,3145,3226
SZ,300537,-0.71,3145,4293
SZ,300691,0.71,3143,3831
SH,600192,-0.83,3141,3141
SZ,301696,0.88,3140,41757
SZ,300125,-2.24,3139,5793
SZ,000695,-1.18,3136,3277
SH,600731,0.87,3136,3207
SH,603788,0.21,3134,3134
SH,605259,0.11,3132,3132
SZ,300927,1.37,3131,3209
SZ,300352,0.82,3127,3552
SH,600749,-0.93,3125,3125
SH,605218,-0.33,3124,3565
SZ,300550,-1.48,3122,3124
SZ,002889,1.22,3120,4691
SZ,301218,-6.4,3120,5078
SH,603161,-2.03,3117,3663
SZ,002296,-0.65,3116,3495
SH,603258,-1.29,3116,3134
SZ,300826,-0.76,3115,3238
SZ,300321,1.86,3115,3119
SZ,301281,0.55,3114,4753
SZ,300867,0.56,3112,4413
SH,688687,-1.61,3111,3111
SH,688081,0.94,3110,3110
SZ,000890,0.68,3104,3104
SZ,301020,0.71,3104,3104
SZ,300247,-0.25,3104,3104
SZ,301133,-0.74,3103,3391
SH,603001,3.2,3100,3100
SZ,301305,4.01,3099,6030
SZ,300795,4.15,3099,5323
SH,600215,0.89,3098,3098
SZ,300908,-0.46,3097,3676
SH,688511,-1.31,3089,3089
SH,600668,-0.12,3088,3088
SZ,920125,3.03,3087,7571
SZ,300864,1.31,3085,3085
SZ,300698,-0.45,3085,3487
SZ,000615,-2.05,3081,5952
SH,603458,6.91,3080,3080
SZ,002829,0.14,3079,4381
SZ,003002,2.31,3077,3366
SZ,300816,-0.84,3077,4218
SH,601956,1.43,3077,3077
SZ,002012,2.02,3077,3077
SZ,000798,0.36,3077,3077
SZ,300833,0.72,3076,4789
SH,688335,0.48,3076,3076
SZ,002795,-0.83,3076,3127
SZ,002578,4.69,3074,3351
SH,600053,-0.41,3074,3074
SH,688229,-1.86,3072,3072
SZ,002476,10.09,3072,3072
SZ,301172,1.37,3071,4152
SZ,000151,0.1,3070,3499
SH,688030,-3.12,3064,3064
SZ,300163,5.34,3064,3181
SZ,300798,-1.04,3063,3723
SZ,002623,-0.12,3063,3070
SZ,300135,1.53,3060,3060
SH,600594,0.52,3059,3059
SZ,300310,-0.66,3056,3897
SZ,301148,-4.47,3053,6042
SH,600738,0.25,3050,3053
SZ,002547,0.73,3049,3113
SZ,920806,0.2,3043,3043
SH,603838,-0.51,3043,3043
SZ,002168,-0.76,3043,3043
SZ,300920,1.18,3040,4577
SH,688391,1.74,3040,3040
SZ,300600,1.67,3039,3039
SZ,300563,0.93,3039,4368
SZ,300869,-1.44,3038,4629
SZ,300032,0.8,3036,3036
SZ,300839,1.23,3036,3089
SZ,300062,-1.18,3034,4170
SH,688071,-0.68,3031,3031
SZ,000068,3.08,3030,3030
SZ,002282,1.87,3030,3161
SH,600265,-2.17,3028,3028
SZ,301266,3.19,3027,3191
SZ,300187,-3.87,3026,3041
SZ,002542,-2.26,3025,3107
SZ,300011,-0.16,3023,3609
SZ,300381,1.12,3019,3030
SZ,002798,-0.16,3018,3431
SZ,300973,-1.08,3017,4310
SZ,003015,1.33,3016,3432
SZ,002692,0,3014,3016
SH,603949,0.84,3014,3022
SZ,002823,-1.59,3011,4421
SZ,300946,-3.16,3009,6194
SZ,300239,0.59,3008,3027
SZ,300860,1.33,3007,5179
SH,600838,2.32,3007,3007
SZ,000530,1.01,3007,4224
SH,688015,0.38,3006,3006
SZ,002355,-0.4,3004,3249
SZ,300086,-0.28,3001,3099
SZ,002923,0.09,2999,3891
SH,605068,-2.42,2994,2994
SZ,301393,-0.15,2994,7354
SZ,300052,-3.45,2993,2993
SZ,300877,0.16,2993,2993
SH,603896,-0.32,2992,2992
SZ,002863,9.91,2991,2991
SH,603201,-0.8,2989,3015
SZ,300542,-0.48,2988,3604
SZ,300982,-0.57,2986,3187
SH,600719,-1.72,2986,2986
SZ,000838,0.71,2982,3114
SZ,002425,-0.3,2981,3100
SH,600620,1.17,2980,2980
SZ,002347,0,2980,3048
SH,688056,1.99,2979,2979
SZ,002388,0.17,2977,2978
SZ,002286,1.9,2972,3055
SZ,300511,1.3,2970,3486
SH,688479,-0.6,2967,6903
SH,600322,-0.73,2963,2963
SZ,300329,-0.67,2963,2971
SZ,000710,-1.95,2962,3178
SH,688280,0.71,2962,3358
SH,603722,0.52,2961,3023
SH,603159,0.48,2960,2960
SZ,002259,0.26,2957,2957
SZ,300410,2.03,2955,2955
SZ,002148,-1.05,2953,3660
SZ,002587,-0.17,2951,3626
SZ,003029,-1.52,2950,3243
SZ,002725,0.6,2945,3028
SZ,300890,0.98,2942,3219
SH,688255,1.55,2942,2942
SH,600272,4.43,2941,4828
SZ,300875,0.24,2939,3342
SZ,002278,1.49,2939,3183
SZ,300945,4.41,2938,3226
SH,600665,-1.44,2938,2938
SZ,300175,2.97,2938,2938
SZ,301313,0.65,2937,3868
SZ,002878,-0.31,2937,3262
SZ,300858,-1.89,2936,3952
SZ,300266,0,2935,2937
SH,603192,-0.7,2933,3518
SZ,000910,0.56,2933,2934
SZ,002899,0.25,2925,2925
SZ,300157,0,2922,3061
SH,600212,1.1,2921,3873
SZ,301151,1.23,2921,2924
SZ,920418,-0.36,2920,3024
SZ,300552,-1.13,2917,4602
SH,600684,0.89,2910,3772
SZ,002689,0.36,2910,2911
SH,600249,0.38,2910,2910
SH,600624,3.88,2908,2908
SH,603008,2.34,2902,2902
SZ,001223,-0.33,2901,5429
SZ,002921,-2.41,2899,3362
SH,600530,-0.79,2898,2898
SZ,000897,0.56,2895,2895
SZ,301068,-0.95,2894,4077
SH,600712,0.56,2893,2925
SZ,003023,-1.78,2891,2897
SZ,002022,-1.05,2891,2891
SZ,002186,-0.1,2890,2891
SH,600470,1.65,2890,2890
SH,605500,1.01,2888,2888
SH,600844,1.15,2888,3568
SZ,300818,0.59,2887,4456
SH,603006,1.52,2886,2886
SZ,301608,1.3,2882,6423
SH,688285,1.06,2882,2882
SH,603335,-0.14,2881,2881
SZ,002875,-0.79,2880,2880
SH,600616,-0.91,2877,2877
SZ,002403,0.21,2877,3297
SZ,002996,0.64,2874,4197
SZ,300931,0,2874,3575
SZ,301525,-0.18,2872,5483
SH,603280,-4.01,2872,2872
SZ,300584,-0.19,2868,4192
SZ,002682,9.91,2868,2868
SZ,003016,1.45,2868,2935
SH,603310,0.27,2867,5104
SZ,001388,3.2,2866,5356
SH,688152,-0.38,2866,2866
SH,603042,0.96,2866,2866
SH,688570,0.79,2866,6595
SZ,301260,0,2864,6743
SZ,002314,0.94,2864,5795
SZ,301631,-1.22,2863,8406
SH,603190,2.1,2861,2969
SZ,000504,-1.8,2857,2865
SZ,300272,-1.27,2857,3761
SZ,300237,-1.97,2855,2855
SZ,300510,0,2853,2853
SZ,300501,0.78,2853,2862
SZ,301600,0.99,2851,9239
SZ,002663,0.6,2851,2878
SZ,002846,0,2850,4494
SZ,002521,-1.72,2850,3808
SH,603970,2.32,2849,2849
SZ,002748,0.94,2849,2849
SH,605080,-0.63,2846,2858
SZ,301066,0.91,2844,2866
SZ,000892,0,2843,3924
SZ,920735,-2.27,2840,3211
SH,688500,0.93,2839,2880
SH,600408,1.44,2839,2839
SH,600630,1.06,2838,2838
SZ,000809,-0.85,2837,2837
SH,688619,0.79,2837,2837
SZ,003025,0.32,2837,3558
SZ,000978,-0.15,2837,2837
SH,600785,2.75,2837,2837
SZ,300585,2.29,2834,2834
SH,601112,1.24,2831,26958
SH,605089,1.04,2826,2826
SZ,301081,0.96,2826,2942
SZ,300810,1.6,2826,2926
SZ,300148,-0.56,2825,2926
SZ,301092,2.48,2823,6233
SH,603878,0.8,2823,2823
SZ,300447,1.08,2822,4375
SZ,000529,1.02,2821,2890
SH,600419,0.79,2821,2821
SH,603633,0.92,2817,2817
SH,688765,-1.25,2816,13989
SZ,001256,-1.78,2815,3755
SZ,002329,1.17,2815,3596
SH,603829,0.53,2814,2814
SH,688292,2.01,2814,2814
SZ,000698,4.07,2813,2934
SZ,002658,-4.73,2811,4984
SH,688589,-0.86,2811,2811
SZ,002331,-0.28,2811,2995
SZ,002616,0.63,2808,4107
SZ,000570,1,2806,3564
SZ,920699,0.13,2806,6132
SZ,003007,-0.96,2805,4620
SZ,300830,-0.82,2805,3758
SZ,301082,-0.86,2803,3024
SZ,001299,1.12,2803,3114
SZ,300831,2.84,2802,4861
SZ,002561,1.5,2802,2811
SZ,002054,1.39,2799,3515
SH,600136,0,2798,2939
SZ,301255,0.34,2798,3188
SH,688727,3.17,2795,23248
SZ,301121,-1.4,2794,3597
SZ,300386,0.18,2793,4657
SZ,002866,-3.24,2793,4401
SZ,300479,0.85,2792,2794
SZ,301439,-2.74,2791,5926
SH,600876,0.71,2790,4552
SH,603037,0.67,2789,2793
SZ,002981,-0.64,2789,3133
SH,603079,9.99,2788,2788
SZ,300449,-1.09,2787,2787
SH,603518,1.89,2784,2794
SZ,000669,2.51,2783,2783
SH,600405,0.44,2782,2782
SH,603036,-0.36,2781,2781
SZ,000153,2.02,2781,2816
SZ,300942,0,2779,2779
SZ,002072,1.61,2779,2780
SZ,300615,3.01,2779,3503
SZ,300853,1.11,2778,4153
SH,603102,10.01,2778,2778
SZ,300218,0.94,2777,2786
SH,605155,0.27,2774,2820
SZ,301202,1.02,2771,4748
SH,603585,1.69,2770,2817
SZ,300649,2.88,2765,3451
SZ,000826,4.3,2765,2765
SZ,300591,-5.06,2758,3193
SZ,001324,2.67,2757,2757
SZ,002323,0,2757,2757
SZ,301296,1.42,2753,2753
SZ,002962,0.92,2753,3838
SH,603030,1.95,2752,2752
SZ,300366,0.97,2748,3147
SZ,002337,0.86,2746,2749
SZ,002963,2.97,2742,2761
SH,688080,1.22,2740,2740
SZ,002917,0.57,2738,3653
SZ,000159,0.18,2735,2735
SZ,000972,-1.66,2730,2730
SZ,300425,0.75,2730,2736
SH,688314,-0.47,2728,2728
SH,603955,0.25,2728,2728
SH,603895,0.92,2728,2728
SZ,301520,-2.89,2724,7761
SH,688296,5.67,2722,2722
SZ,000812,0.84,2722,2723
SH,688828,1.27,2719,41769
SZ,300439,-1.37,2719,3570
SH,688357,1.23,2719,2719
SH,600386,0,2718,2718
SH,603839,0.29,2717,2717
SZ,300485,-0.79,2716,4778
SZ,300716,-1.5,2714,2714
SZ,301279,0.43,2713,3504
SZ,300991,1.52,2712,4238
SZ,001300,-0.17,2711,2711
SZ,301149,1.27,2711,4455
SH,688529,1.26,2709,2709
SH,603215,-0.4,2709,3105
SZ,300653,-2.07,2707,2707
SZ,002363,0.77,2707,2714
SZ,002404,0.68,2706,3327
SH,603080,2.85,2705,2705
SH,601798,1.19,2705,2705
SZ,002659,-1.3,2704,2704
SZ,301197,0.93,2704,2997
SZ,002953,0.63,2703,4724
SZ,301181,-1.91,2696,3455
SZ,301622,0.31,2696,4834
SH,603602,-0.59,2694,2694
SH,603237,-0.69,2693,2781
SZ,300301,0,2693,2830
SZ,002853,1.41,2691,3825
SZ,002905,-0.76,2691,2898
SH,600257,-0.7,2690,2690
SH,688367,1.32,2686,2686
SZ,300631,-0.04,2684,2759
SZ,300384,-0.32,2683,3889
SZ,300230,0.95,2683,3464
SZ,000419,1.02,2680,2680
SZ,300162,1.69,2679,3285
SZ,300445,1.38,2678,4047
SZ,300374,-0.26,2675,2676
SH,603617,0.73,2672,2694
SH,605166,0.83,2672,2672
SZ,002952,1.2,2671,3334
SZ,300025,-0.56,2670,2681
SZ,002816,0.3,2670,2670
SZ,300887,-0.53,2669,4022
SZ,300020,-1.96,2668,2765
SZ,301222,1.54,2667,3511
SZ,300141,0.87,2666,2700
SH,603017,1.58,2665,2665
SH,603768,0.99,2663,2663
SZ,300359,-2.54,2660,2660
SH,603586,1.5,2658,2658
SH,603188,1.53,2657,2657
SH,600358,-0.18,2656,6118
SZ,300562,-4.2,2656,3478
SH,600381,2.49,2654,2654
SH,603677,0.29,2652,2652
SZ,301122,0.06,2652,4286
SZ,301337,-1.32,2650,2709
SZ,002330,2.71,2649,2649
SZ,300647,0.69,2649,2652
SH,603331,-0.52,2646,2646
SZ,301046,2.11,2646,3426
SZ,000017,0,2645,4135
SZ,002700,5.9,2644,2672
SZ,001369,0.55,2643,14613
SZ,300477,-1.47,2636,2852
SH,603107,0.5,2636,4075
SZ,000019,5.85,2635,7296
SH,600356,-0.1,2629,2900
SH,600537,0,2628,2628
SZ,300095,0.24,2627,3262
SH,603628,1.26,2626,2631
SH,603202,0.06,2626,8368
SZ,300536,1.47,2625,2625
SZ,300426,-2.8,2624,2955
SH,600793,-0.46,2623,2623
SH,603289,0,2623,2623
SZ,002613,0.3,2623,3731
SZ,301535,-0.12,2622,6567
SZ,300334,1.76,2622,2622
SH,603779,0.64,2620,2620
SZ,002769,0.14,2619,2621
SZ,002136,2.26,2619,2625
SH,603863,-1.3,2617,2617
SZ,301040,-1.03,2615,2771
SZ,301072,-0.7,2612,4086
SZ,002983,1.56,2609,4487
SH,603151,-4.02,2609,2609
SH,601007,-0.29,2601,2601
SZ,301190,0.67,2599,3898
SZ,000565,0.84,2597,2597
SH,600833,-0.5,2597,2597
SZ,920068,-1.18,2591,9782
SZ,300636,-0.41,2590,2961
SH,600735,-1.45,2587,2607
SZ,300577,-2.77,2585,4360
SH,603721,10.02,2584,2584
SZ,920571,4.56,2582,4843
SZ,301002,2.64,2582,4099
SH,688455,1.66,2579,2579
SH,605266,-1.29,2578,2578
SH,603089,10.05,2576,2958
SZ,002871,0.7,2575,4344
SH,605151,1.76,2574,2574
SZ,300921,0,2574,4082
SH,600289,0,2569,2865
SH,601010,0.71,2568,2568
SZ,300103,2.66,2567,2569
SZ,301119,-1.08,2567,3174
SZ,300452,-0.22,2566,3029
SZ,002103,-1.48,2566,3532
SZ,920491,0.82,2565,3126
SZ,301528,2.44,2562,4971
SZ,002712,-1.04,2558,2574
SZ,301387,0.91,2556,6426
SZ,300288,-1.18,2555,3366
SH,688129,2.02,2555,2555
SH,603880,9.95,2555,2555
SH,688468,0,2555,2555
SZ,301221,0.07,2553,3755
SH,603076,-1.75,2553,2553
SZ,000790,-0.96,2553,2557
SZ,300952,1.06,2553,4151
SZ,300582,0.79,2552,3439
SZ,300829,8.53,2552,3700
SZ,301380,-0.71,2549,3201
SH,603886,0.76,2549,2549
SH,603917,-0.07,2548,2548
SZ,301563,4.08,2547,11269
SZ,920190,-0.34,2547,2561
SH,600858,1.44,2546,2559
SZ,300097,8.55,2546,2858
SZ,002098,0.28,2545,2545
SH,603801,-1.17,2545,2545
SZ,301027,3.19,2545,3087
SH,600661,-3.26,2542,2542
SH,688316,-3.19,2540,2540
SZ,300269,0.42,2539,2642
SZ,300411,10.36,2535,3333
SZ,002660,1.09,2535,2635
SZ,301565,0.87,2535,7920
SZ,300555,-0.61,2534,2560
SZ,000707,1.77,2533,2690
SZ,301632,-1.35,2533,5768
SZ,002869,0.94,2533,2845
SZ,301531,1.52,2532,11868
SZ,001333,3.24,2532,2532
SZ,301592,0.96,2529,7580
SZ,300667,2.16,2527,2996
SZ,301178,1.13,2526,3424
SH,603320,1.81,2522,2522
SZ,301356,0.91,2521,4298
SZ,000715,0.58,2514,2794
SH,688648,11.47,2513,4916
SZ,002687,-7.02,2513,3069
SH,688246,-2.19,2512,2512
SZ,300464,1.87,2511,3304
SH,603059,-0.11,2509,2513
SZ,300264,0.74,2508,2917
SH,603373,-4.15,2506,5931
SH,603375,2.03,2504,3952
SZ,002806,0.91,2504,3055
SZ,300281,-0.78,2503,2639
SH,688718,2.78,2502,2502
SZ,300789,0.06,2500,2576
SZ,002593,0,2500,3585
SH,603836,0.9,2499,2564
SZ,002861,-1.24,2497,3098
SH,603959,1.19,2496,2496
SZ,301669,1.26,2494,14621
SZ,002496,2.93,2492,3181
SH,603828,0.48,2491,2491
SZ,300354,-0.25,2490,4235
SZ,300092,0.59,2487,3246
SH,603909,1.06,2487,2487
SH,603818,0,2485,2485
SZ,001282,0.12,2483,3613
SZ,002855,0.6,2482,2484
SZ,300898,2.27,2482,2682
SZ,002813,0.1,2481,2483
SZ,301043,-0.74,2480,2972
SZ,920019,2.35,2480,3112
SZ,301106,0.58,2478,2478
SZ,002868,1.45,2477,3584
SZ,002599,-0.65,2476,3238
SZ,301628,4.47,2472,6684
SZ,002398,0.24,2471,2836
SH,603488,0.12,2470,2470
SZ,301025,-2.51,2469,3567
SZ,002442,1.21,2467,2527
SZ,920402,0.44,2467,3815
SZ,300701,1.03,2466,2734
SZ,300965,3.62,2465,2734
SZ,300824,-0.25,2462,2519
SH,603086,1.25,2461,2461
SZ,002574,2.19,2460,2460
SZ,001230,6.48,2458,4197
SZ,002729,0.94,2456,2562
SH,688178,3.44,2456,2456
SZ,300250,-1.07,2453,3330
SH,600463,-0.36,2451,2451
SZ,001219,-0.76,2444,2506
SZ,300460,0.93,2443,2443
SH,688560,1.25,2442,2442
SZ,300275,-3.01,2440,2769
SZ,301262,2.78,2439,8332
SH,688066,2.32,2438,2438
SZ,301108,0.51,2438,4233
SZ,300988,1.14,2438,2962
SZ,000014,-0.29,2437,2437
SZ,001368,2.73,2436,2550
SZ,300365,-0.2,2436,2855
SZ,000430,-1.64,2435,5319
SH,603332,0.54,2434,2434
SZ,300173,-0.29,2432,2432
SZ,301707,1.39,2432,36962
SZ,002661,2.07,2430,2552
SH,688310,1.23,2425,2425
SH,600992,-0.19,2424,2424
SZ,300172,0.22,2424,3133
SH,603136,-0.1,2423,2423
SZ,301317,2.11,2422,7295
SZ,300730,-1.92,2421,2824
SH,605199,0,2421,2421
SZ,002343,-0.77,2421,2421
SH,600573,-0.09,2418,2418
SZ,300993,0.6,2416,3078
SZ,300796,1.21,2416,2416
SZ,002431,0.75,2415,2415
SH,688026,-5.38,2415,2416
SH,603937,1.67,2415,2415
SH,605258,0.51,2415,2415
SZ,301283,2.8,2414,3071
SH,688203,0.08,2410,2410
SZ,300658,0.83,2409,3630
SZ,920002,0.67,2408,3440
SZ,301658,1.69,2408,10194
SZ,000752,-0.1,2408,2408
SZ,002069,1.8,2408,2411
SZ,000586,0.64,2407,2435
SH,603180,-0.12,2406,2406
SH,603382,-0.52,2406,3775
SZ,300583,0.31,2405,2451
SZ,301118,1.25,2405,2500
SH,603307,0.2,2404,2443
SZ,002828,1.53,2404,2404
SZ,002184,-0.29,2404,3519
SZ,001376,-0.52,2404,5176
SZ,001260,-9.63,2404,2404
SH,603378,-2.09,2400,2400
SZ,000692,-1.74,2398,2398
SZ,300891,0.7,2398,2876
SZ,001201,1.19,2397,3068
SZ,300884,1.3,2395,3176
SZ,002391,1.18,2390,3345
SH,600359,2.96,2388,2388
SH,600302,-4.16,2387,2387
SH,600491,4.7,2386,2386
SH,688597,-2.73,2386,2386
SZ,002857,0.27,2385,2423
SH,688369,-0.95,2385,2385
SZ,300805,-1.07,2385,3510
SZ,301088,-1.92,2382,2887
SH,600831,-0.29,2382,2382
SZ,300690,0.66,2379,3525
SZ,300786,2.65,2377,2988
SZ,301258,0.6,2377,2447
SZ,002825,-0.53,2374,3163
SZ,002932,0.13,2373,3534
SZ,301290,0.88,2372,2986
SH,600182,2.42,2370,4740
SZ,300752,3.21,2368,3426
SZ,300956,-0.34,2368,2424
SH,603536,1.76,2364,2364
SH,688197,-1.48,2364,5494
SZ,002377,1.5,2364,2483
SZ,002058,-0.71,2364,2370
SH,688113,1.94,2364,2364
SZ,300694,2.35,2363,2366
SZ,300800,1.82,2362,2387
SZ,300512,0.55,2361,2983
SZ,301059,0.09,2361,2642
SH,603922,5.36,2360,2360
SZ,002420,1.22,2359,2398
SZ,002767,-0.38,2359,2717
SH,603787,0.79,2359,2359
SZ,002114,0.41,2358,2358
SZ,300340,0.58,2357,2375
SH,605003,0.99,2356,2356
SH,603578,2.03,2355,3057
SZ,001367,-0.04,2355,2950
SH,603172,1.55,2354,2354
SH,600854,1.12,2353,2353
SZ,000635,0.31,2351,2526
SZ,301195,-0.47,2351,3541
SZ,301596,-1.82,2350,5790
SZ,920510,0.89,2349,4598
SZ,002879,-0.92,2348,3306
SH,603096,-0.38,2346,2346
SZ,002890,2.18,2345,2467
SH,603557,-1.82,2344,2344
SH,688721,2.73,2344,5674
SH,600540,4.4,2343,2343
SZ,002576,0.84,2335,2379
SH,600965,10.04,2333,2333
SZ,001205,1.74,2332,2634
SZ,002836,2.33,2332,2332
SZ,002319,2.11,2331,2331
SZ,000573,-0.53,2329,2349
SZ,300916,-1.45,2329,3606
SZ,300987,-0.8,2327,2327
SZ,000955,0.7,2326,2326
SH,688244,-0.18,2320,2320
SH,600232,0.47,2320,2320
SZ,300849,-3.35,2317,3152
SZ,002887,4.41,2314,3259
SH,603700,-0.08,2312,2312
SZ,300513,0.82,2310,2312
SH,600753,-1.17,2310,2310
SH,603285,10,2309,5931
SH,688501,0.3,2308,2308
SZ,000554,2.23,2303,3060
SZ,300211,-1.14,2301,2343
SZ,301125,-1.2,2301,2596
SZ,300732,0.98,2299,2301
SZ,002702,0.8,2298,2784
SZ,002234,-0.12,2297,2659
SH,688201,0.14,2296,2296
SZ,301331,0.36,2296,2302
SZ,002763,0.4,2295,3099
SZ,002397,0.57,2293,2647
SH,605069,0.75,2288,2288
SZ,301588,-1.01,2285,3703
SZ,300198,-3.03,2285,2300
SZ,300235,-1.65,2283,2830
SZ,300808,-0.25,2280,3069
SZ,301185,-0.59,2278,2521
SH,603023,0.49,2277,2277
SZ,300980,3.67,2276,3195
SZ,002908,-1.11,2275,3050
SZ,300780,2.57,2272,3099
SZ,301089,-1.13,2272,3178
SH,603117,1.07,2271,2271
SZ,301079,-0.02,2270,3201
SZ,300989,0.07,2269,2933
SH,600533,0.93,2268,2268
SZ,300484,0.15,2264,2820
SH,600239,0,2264,2264
SZ,300922,0.45,2263,2884
SZ,300112,0,2262,2741
SZ,002771,0,2260,2716
SH,603407,0.48,2260,25664
SZ,301117,0.21,2259,3526
SZ,301161,6.29,2258,3510
SZ,300599,3.09,2256,4298
SH,600423,0.36,2252,2252
SH,605001,2.14,2251,2251
SZ,002852,1.42,2249,2707
SZ,300774,1.75,2249,4505
SZ,000953,-0.48,2248,2248
SZ,001259,0.51,2244,3473
SZ,300703,0.6,2243,2433
SZ,300107,0.16,2243,3630
SZ,002900,-0.06,2241,4400
SZ,300565,0.61,2241,2452
SZ,002820,9.96,2240,2240
SH,603356,0.66,2237,2237
SZ,002295,0.79,2236,2238
SH,688623,-3.02,2236,5383
SH,688272,1.48,2236,2236
SZ,001228,2.34,2235,2906
SZ,000548,0.22,2231,2231
SH,603176,1.9,2226,2291
SZ,300940,-0.34,2225,3146
SH,688755,-0.42,2225,3187
SZ,002864,0.54,2220,3079
SZ,002492,0,2220,2260
SZ,300013,-2.69,2214,2217
SZ,001211,3.76,2214,2372
SH,688355,1.94,2214,2214
SZ,300771,-1.34,2212,2808
SZ,002076,1.92,2210,2351
SH,600892,4.77,2209,2210
SZ,301019,0.6,2206,3009
SZ,300612,-0.48,2206,2218
SH,688581,0.13,2206,4325
SZ,300902,3.27,2205,3212
SZ,300165,0.58,2204,2596
SH,688251,1.66,2203,2218
SZ,000679,0.98,2203,2203
SZ,300422,0,2201,2274
SZ,301599,5.82,2200,17355
SZ,301011,0.2,2199,2315
SH,688737,1.27,2199,2199
SZ,002762,2.06,2196,3678
SZ,301077,-4.32,2195,3911
SZ,920344,-2.32,2195,2351
SZ,000952,0.95,2191,2191
SZ,300546,0.68,2187,3042
SH,603238,1.07,2187,2187
SZ,301220,1.16,2186,3166
SZ,002633,0.76,2184,2190
SZ,002671,1.02,2184,2224
SH,603321,0.64,2181,2208
SZ,002732,1.68,2179,2190
SH,600187,0.75,2179,2179
SZ,002775,1.1,2178,2415
SH,688811,2.25,2175,11845
SZ,300106,4.68,2175,2175
SZ,300970,2.54,2174,2817
SZ,002614,0.2,2171,3069
SZ,002799,-0.14,2170,2170
SH,600148,0.33,2169,2169
SH,603326,0.59,2167,2167
SZ,000590,0.33,2166,2167
SH,601083,0.36,2161,14404
SZ,001365,-0.47,2160,19719
SH,600371,3.8,2159,2159
SH,688426,0.58,2158,2163
SZ,301212,1.41,2158,2486
SZ,300637,2.79,2158,2160
SZ,001393,0.85,2157,11195
SH,600774,0.69,2156,2157
SZ,002942,1.7,2155,2415
SZ,001390,1.85,2153,3626
SZ,300960,1.68,2153,2375
SZ,300412,2,2152,2290
SH,603381,1,2152,3592
SH,600241,1.11,2151,2151
SZ,300387,2.76,2150,2151
SZ,300509,0.93,2145,2573
SZ,002918,0.4,2144,4092
SZ,920060,2.12,2143,3436
SZ,002486,2.35,2141,2151
SZ,001332,1.5,2141,4928
SZ,300947,0.21,2141,2142
SH,603329,1.07,2140,2593
SZ,300929,1.49,2140,2256
SZ,002666,0.95,2138,3365
SZ,002991,-0.08,2138,3991
SH,688013,0.34,2134,2134
SZ,300665,1.77,2134,2247
SZ,000605,1.17,2134,2134
SH,603377,-1.66,2132,2132
SZ,300375,1.01,2131,3057
SZ,002679,0.78,2129,2129
SZ,002998,-0.75,2129,2792
SH,688657,3.54,2129,3403
SZ,920111,5.45,2128,4386
SH,688613,0.06,2128,2128
SH,603182,0.47,2128,2128
SZ,300673,-0.07,2123,3272
SH,603193,-0.57,2123,8310
SH,600615,0.53,2122,2125
SZ,300314,20.03,2119,4245
SZ,920017,-2.36,2118,2141
SZ,300313,20.02,2118,2573
SH,605180,-1.25,2118,2118
SZ,300778,-0.75,2117,2118
SZ,002848,-1.38,2117,2140
SZ,001360,5.64,2117,3441
SZ,002622,0.4,2117,2117
SZ,300719,0.94,2114,2992
SH,688060,1.27,2110,2110
SZ,300295,-3.81,2109,2385
SZ,300844,0.17,2103,2181
SZ,300753,-2.04,2102,3014
SH,600768,-0.69,2101,2101
SZ,300074,0.53,2100,2102
SZ,300710,-0.9,2100,2802
SZ,002105,-0.68,2099,2110
SZ,300575,3.06,2099,2900
SZ,300205,-3.36,2099,2099
SH,605177,-0.58,2098,2118
SH,603168,1.26,2097,2106
SH,600439,-0.53,2094,2094
SZ,300597,0.52,2092,2102
SH,600802,1.33,2090,2090
SZ,301335,6.78,2089,3020
SH,603900,0.83,2087,2088
SH,600287,0.21,2084,2084
SH,600159,1.21,2083,2083
SZ,300240,0.88,2082,2129
SZ,301557,1.92,2082,5192
SH,603616,0.19,2079,2095
SZ,002551,4.29,2078,2875
SZ,300854,4.41,2077,2547
SH,603982,1.33,2075,2231
SZ,301103,-1.26,2074,2694
SZ,301041,2.1,2072,2799
SH,603385,0.93,2071,2071
SZ,002696,-1.11,2069,2140
SH,603177,-0.97,2068,2068
SH,603825,0.74,2067,2067
SZ,301332,0.78,2066,3600
SH,688132,0.44,2066,2066
SZ,002133,0,2063,2075
SH,603282,2.6,2057,2057
SH,600107,0.18,2056,2056
SZ,301428,-0.33,2054,2911
SZ,001266,0.91,2053,3659
SZ,000020,0.98,2053,3208
SZ,002253,-0.8,2051,2204
SH,600097,-1.04,2050,2050
SZ,301056,5.91,2050,3108
SZ,920961,0.62,2050,2777
SZ,300883,1.47,2050,2145
SH,603041,2.57,2046,2046
SZ,002524,1.26,2042,2066
SZ,300350,0,2042,2434
SZ,301198,-0.93,2041,2126
SH,688096,-0.22,2041,2041
SZ,300335,0.57,2040,2533
SH,600807,-0.37,2038,2291
SZ,002652,0.51,2038,2038
SZ,000985,1.29,2038,2038
SZ,301208,2.2,2037,3626
SZ,000633,1.93,2037,2037
SZ,300305,-2.3,2035,2376
SH,688156,0.05,2034,2034
SZ,002873,0.95,2033,2070
SZ,300254,-0.44,2032,2299
SH,603810,1.49,2032,2032
SH,600128,0.73,2031,2071
SZ,300967,1.12,2030,3052
SZ,300966,0.3,2030,3053
SH,688716,0.59,2028,3529
SH,603506,1.41,2026,2026
SZ,002656,-1,2026,2102
SH,600444,0.8,2025,2025
SZ,002615,0.75,2025,3751
SZ,300423,4.12,2022,3020
SZ,920087,15.71,2018,2032
SZ,001356,10.06,2015,5610
SZ,002800,1.88,2006,2066
SH,603270,0,2003,6207
SH,600235,1.24,2002,2002
SZ,300650,1.47,1998,2832
SH,688759,-1.45,1998,12489
SZ,920978,0.2,1998,3563
SH,600238,0,1995,2008
SZ,300897,-1.86,1994,3194
SZ,300150,0.47,1989,2510
SZ,920178,1.17,1989,6811
SZ,003001,0.06,1989,3035
SH,600706,1.43,1987,1995
SH,603028,1.01,1986,2006
SZ,002909,1.36,1986,2036
SZ,002995,-1.06,1984,3132
SH,603208,-0.61,1984,1984
SZ,920405,-0.73,1983,2547
SH,600099,1,1983,1983
SZ,002205,1.23,1981,1981
SH,600847,3.36,1980,1980
SZ,000705,-0.7,1979,2346
SZ,300787,-2.98,1979,3156
SH,688420,2.43,1976,1976
SZ,001234,-0.04,1976,2346
SZ,001255,1.55,1976,2225
SZ,301299,0.57,1975,2676
SZ,301024,0.47,1974,2039
SZ,300543,1.41,1974,2417
SZ,300906,0.55,1974,2186
SZ,002715,-1.1,1972,1972
SZ,301371,2.77,1970,13143
SZ,301067,-2.79,1970,3002
SH,605336,-1,1970,1970
SH,603879,0.55,1969,1969
SZ,300396,-1.35,1969,1972
SH,688670,-0.24,1968,1968
SZ,300437,1.71,1965,2773
SZ,002893,0.21,1963,2552
SZ,300807,-0.54,1962,2571
SZ,920247,-0.27,1960,2702
SZ,001366,1,1957,1957
SH,688616,1.39,1957,1957
SH,600165,9.88,1957,4314
SZ,300659,-0.38,1955,2690
SZ,300817,0.26,1953,3403
SH,600303,0.35,1951,1969
SH,688118,-0.23,1950,1950
SH,688051,2.27,1950,1950
SZ,002968,0.99,1949,2070
SZ,300937,-2.27,1946,2870
SZ,300935,2.57,1945,2564
SH,688395,0.45,1943,1943
SH,600051,1.13,1943,1943
SH,603435,0.89,1941,24974
SZ,002778,0.13,1939,1960
SZ,920208,-0.4,1938,2239
SZ,300992,0.2,1934,2363
SH,605122,0.27,1934,1934
SZ,301180,0.09,1932,4708
SZ,301318,0.1,1930,2802
SZ,301062,0.43,1930,3037
SZ,300076,-1.08,1929,1929
SH,603029,2.19,1928,1928
SH,688004,-3.52,1924,1924
SZ,002598,0.45,1923,2094
SZ,000995,-1.09,1921,1921
SZ,002817,0.91,1920,1980
SZ,300881,2.23,1919,3677
SZ,003017,2.73,1918,2316
SH,600678,-0.35,1916,1916
SZ,920189,7.68,1915,3190
SZ,001268,-0.72,1914,3058
SZ,002760,0.91,1914,1914
SH,600202,0.81,1913,1913
SH,603214,1.02,1912,1912
SZ,300644,0.88,1912,2398
SZ,300743,0.47,1910,2267
SH,603262,-1.82,1907,7312
SZ,301590,1.58,1906,4605
SZ,301052,-0.62,1906,2350
SZ,002634,-0.45,1902,1975
SZ,000911,3.94,1902,1902
SZ,300717,1.3,1899,1916
SH,603718,-1.01,1895,1895
SZ,301010,1.62,1893,1893
SZ,000702,0.55,1893,1893
SZ,002753,1.91,1890,2739
SZ,001237,0.17,1888,8038
SZ,301141,-2.09,1886,5257
SZ,301585,0.44,1883,2875
SH,688092,0.8,1882,1882
SZ,301138,1.74,1881,3293
SZ,002535,1.61,1881,2020
SH,603120,4.6,1880,4485
SZ,300642,-1.08,1878,2213
SH,603021,-4.54,1878,1878
SH,688393,-0.98,1878,1878
SZ,002972,2.35,1876,3427
SZ,300923,3.11,1873,1929
SZ,300675,0.24,1863,1863
SH,603709,0.97,1862,1869
SZ,300538,-0.57,1862,2800
SZ,002159,-0.87,1861,2383
SH,600149,0.62,1859,1859
SH,688189,-1.72,1858,1858
SZ,000909,0.24,1856,1856
SZ,301509,-3.42,1852,3931
SZ,301360,1.55,1852,3795
SZ,301309,0.79,1850,3070
SZ,301556,4.73,1847,5343
SH,603325,0.88,1846,4320
SH,603418,1.16,1841,8593
SH,688288,0.44,1839,1839
SH,603717,1.28,1837,1837
SH,601026,-4.77,1835,10893
SZ,000056,3.57,1835,2401
SH,600448,1.75,1833,1833
SZ,000856,1.13,1830,1830
SZ,920476,-0.64,1828,2039
SH,605567,1.11,1822,1822
SH,600883,1.85,1818,1818
SZ,300645,0.54,1815,1852
SZ,300081,-0.32,1814,1814
SZ,002856,3.54,1814,1981
SZ,002209,-0.34,1811,2346
SZ,301231,1.92,1807,2331
SZ,000639,1.21,1803,1803
SZ,301130,-1.09,1801,2334
SZ,300941,-0.47,1799,2975
SZ,002630,-0.59,1798,1972
SZ,300651,0.23,1798,2456
SZ,002360,1.47,1797,2218
SH,603082,10.01,1791,7358
SH,688681,1.61,1788,1788
SZ,920914,0.39,1786,1787
SZ,300912,-0.13,1786,2365
SZ,001206,-0.82,1785,3088
SH,600180,-1.79,1782,1782
SZ,001378,-1.02,1779,3656
SZ,002862,-0.42,1778,2344
SZ,300837,1.42,1776,2350
SZ,301159,-0.14,1776,2591
SH,688058,0.82,1770,1770
SZ,300556,0.62,1769,1982
SZ,300971,1.75,1768,2254
SZ,301388,1.04,1768,2493
SZ,301057,2.16,1766,2550
SZ,300876,0,1766,2367
SZ,002877,0.27,1765,2612
SH,603255,-1.01,1762,3909
SH,603908,1.72,1762,1762
SZ,003030,-1.08,1760,2713
SZ,002381,0.55,1758,2247
SZ,003038,0.56,1758,2640
SH,603860,1.74,1758,1758
SZ,301030,-2.46,1756,1759
SZ,920339,-1.77,1748,2546
SH,603022,0.81,1746,1746
SH,688435,-0.41,1746,2601
SZ,301063,1.12,1745,1885
SZ,002802,2.01,1745,2113
SZ,003027,0.73,1744,2174
SH,600137,1.24,1743,1743
SH,600778,1.63,1743,1744
SZ,002743,0,1743,1745
SZ,300169,1.41,1741,1959
SH,688450,5.2,1741,2348
SZ,003005,-0.5,1738,3168
SZ,300845,3.87,1737,2484
SZ,300707,1.34,1736,2102
SZ,002717,-1.93,1736,1838
SZ,301336,-0.66,1736,2243
SZ,301538,1.07,1734,4355
SZ,300195,0.55,1733,2339
SZ,000619,1.48,1732,2122
SZ,002629,2.14,1732,2037
SZ,002780,-0.22,1730,2189
SZ,002569,-1.82,1728,1777
SZ,000663,2.36,1728,1899
SZ,920015,1.03,1727,5851
SH,600818,-1.22,1725,2330
SZ,301548,1.55,1721,5707
SZ,002858,-0.08,1717,2175
SH,688793,7.29,1715,1715
SZ,001285,-0.71,1711,7443
SH,688659,3.09,1707,1707
SZ,300554,2.77,1703,2459
SH,600243,-0.76,1703,1703
SZ,001233,-0.41,1701,8389
SZ,000632,-0.81,1699,1699
SZ,300472,-0.99,1697,1899
SZ,301135,1.27,1690,2173
SZ,301098,-1.23,1689,2025
SZ,300610,2,1687,2161
SZ,301107,1.51,1687,2955
SH,603789,-0.6,1682,1716
SH,603231,-0.74,1681,3029
SZ,920021,-1.01,1681,2098
SH,603092,0.04,1680,19440
SZ,301166,-2.26,1680,2565
SZ,301065,0.62,1675,2058
SZ,001222,0.34,1672,2825
SH,688078,1.19,1671,1671
SZ,300245,-1.21,1668,1733
SH,688565,0.91,1665,1665
SZ,300519,-1.48,1664,2333
SZ,003042,2.51,1663,1922
SH,600697,1.13,1663,1702
SZ,301595,-1.32,1662,4407
SZ,001386,3.77,1656,18402
SZ,002910,2.76,1656,1893
SZ,301680,-0.4,1655,8153
SZ,300950,0.42,1651,2587
SZ,002227,1.98,1650,1663
SZ,300616,-0.92,1648,2384
SZ,300268,8.45,1647,2146
SZ,300220,0.93,1645,1647
SZ,002211,-0.25,1643,1643
SH,600493,0.5,1640,1640
SZ,301667,-0.35,1637,7704
SZ,001209,1.01,1636,2240
SH,600119,0,1633,1633
SH,688528,2.1,1631,1631
SZ,002592,-0.79,1624,1755
SH,688021,2.41,1623,1623
SZ,300167,2.46,1622,1907
SH,688509,0.24,1620,3242
SZ,002982,0.65,1618,2528
SZ,301618,0.6,1618,4244
SZ,300995,0.87,1617,2453
SZ,301032,1.61,1616,2438
SZ,301687,0.45,1616,7618
SZ,002620,-1.72,1615,1929
SZ,301456,1.29,1615,3583
SH,688329,2.71,1612,1612
SZ,301276,7.06,1611,2889
SH,600561,0.89,1610,1610
SZ,002949,0.76,1609,2077
SZ,301383,-0.03,1609,3720
SH,600689,0.86,1607,2122
SZ,003011,5.14,1602,2141
SZ,920083,2.96,1601,3758
SZ,301210,3.92,1599,4187
SZ,301581,2.63,1599,3024
SZ,301229,1.15,1598,2247
SH,600796,-0.18,1598,4446
SH,603312,-5.98,1598,5021
SZ,920026,-2.42,1597,2119
SH,603257,-0.3,1596,7692
SZ,002835,-1.64,1595,2750
SZ,001202,2.1,1593,2274
SZ,001296,-0.09,1588,2933
SZ,002789,-0.09,1587,1619
SZ,002566,0.74,1585,2264
SZ,300306,1.21,1584,2703
SZ,300514,1.33,1583,1976
SZ,300500,1.07,1582,1642
SZ,920138,0.8,1578,19743
SH,688781,2.01,1578,38640
SZ,301395,1.14,1576,3006
SH,688712,-0.48,1575,14407
SZ,301491,2.06,1574,5310
SZ,301587,0.75,1574,3157
SH,600692,0.65,1571,2167
SH,603400,0.65,1567,5616
SZ,301361,-0.24,1567,3236
SZ,300625,0.94,1566,2701
SZ,301022,1.04,1566,2319
SZ,920839,-0.57,1563,2833
SZ,920106,-1.23,1561,2023
SH,603406,0.38,1560,10628
SZ,300813,0.15,1560,2486
SZ,300462,-0.43,1560,2048
SZ,301555,0.16,1559,2975
SZ,301023,1.11,1558,2809
SH,603395,10.01,1557,6230
SZ,002207,-0.32,1557,1564
SH,688067,0.48,1556,1556
SZ,301636,1.93,1554,2662
SH,600476,0.21,1551,1551
SH,603402,-0.92,1548,6194
SZ,920892,-0.57,1548,1748
SZ,920174,0.07,1548,6017
SZ,301591,3.75,1546,3784
SZ,001395,0.3,1541,3362
SZ,920857,-0.23,1539,1539
SZ,002790,1.72,1538,2465
SZ,002306,0,1536,1644
SZ,301203,0.72,1534,2800
SZ,301512,0.99,1534,2351
SH,603275,0.74,1531,5481
SH,688130,2.88,1531,3071
SZ,300977,1,1531,2458
SZ,002316,1.13,1530,1765
SZ,002247,0.85,1525,2017
SH,600455,1.75,1521,1521
SH,688022,2.86,1520,1520
SZ,301390,0.29,1519,1858
SZ,300892,1.16,1519,2352
SH,603272,0,1516,1516
SZ,002694,0,1509,1602
SZ,301507,4.74,1507,4881
SZ,301320,1.54,1503,2395
SZ,003008,0.99,1499,2006
SZ,300640,-0.43,1494,2105
SZ,301683,0.63,1488,6583
SZ,300828,5.26,1485,2929
SZ,001326,1.85,1483,4520
SZ,301167,1.3,1480,1568
SZ,301129,-0.76,1476,2971
SZ,301100,2.84,1476,3346
SZ,300865,0.99,1473,2452
SZ,002691,2.34,1472,1489
SZ,000677,-2.29,1469,1469
SZ,301303,-0.54,1469,5874
SZ,300904,1.22,1459,3054
SZ,301633,-1.59,1458,3183
SZ,301560,0.59,1458,2903
SZ,300371,1.07,1457,2095
SZ,001226,1.34,1457,3207
SZ,300670,4.01,1456,2054
SZ,301558,0.76,1455,5230
SH,603062,2.49,1448,4220
SZ,920010,-0.94,1448,1949
SZ,300621,-1.37,1446,1486
SZ,300549,0.71,1442,1903
SZ,920088,-0.28,1442,3899
SZ,002809,2.29,1440,2035
SH,603391,1.89,1437,5749
SZ,300635,1.19,1437,1670
SZ,301278,1.57,1432,2499
SH,688592,6.29,1432,3005
SZ,000637,1.82,1429,2038
SZ,002591,1.11,1426,1915
SZ,301152,0.6,1421,2377
SZ,301355,1.9,1421,1984
SZ,001387,1.08,1419,2229
SZ,000610,0.5,1415,1423
SZ,920371,2.25,1414,1492
SZ,300155,-0.22,1413,2408
SZ,301126,0.29,1413,2105
SZ,300564,1.22,1410,2010
SZ,300838,0.51,1406,1907
SZ,002188,2.06,1405,1786
SZ,301508,0.55,1404,5397
SZ,002977,-0.23,1403,2529
SZ,301295,2.89,1401,4805
SZ,301501,9.18,1397,4749
SZ,301601,1.72,1396,2321
SZ,000010,-0.64,1395,1747
SZ,300928,3.47,1390,2074
SZ,301097,0.8,1384,2883
SZ,301156,2.63,1383,2152
SZ,002883,0,1381,1407
SZ,920953,0.52,1380,2953
SZ,001239,1.6,1379,2904
SZ,301298,0.63,1379,1872
SZ,002494,1.27,1376,1811
SZ,300535,11.07,1376,1814
SH,688806,-0.43,1373,12393
SZ,301009,-0.21,1371,2468
SH,688576,2.17,1370,2868
SH,688805,1.04,1368,6838
SH,688217,-1.37,1361,1361
SZ,002200,3.13,1356,3126
SZ,301288,2.72,1355,1874
SH,603248,0.42,1354,8712
SZ,300594,0.34,1349,1362
SZ,920038,1.34,1343,4109
SZ,920751,-0.3,1342,1401
SZ,301469,1.43,1341,2605
SZ,300126,2.25,1338,1930
SZ,301131,1.91,1337,1867
SH,688671,1.8,1335,1950
SZ,001277,0.41,1335,2227
SZ,300605,-1.3,1331,1739
SZ,301233,0.72,1329,2421
SZ,920837,0.1,1328,1483
SZ,920821,-1.18,1328,2522
SZ,002888,0.34,1327,2615
SH,688790,-1.55,1316,10333
SZ,300994,0.18,1315,2627
SZ,920119,0.17,1311,4801
SZ,301515,1.09,1311,1940
SZ,920225,-1.92,1302,1996
SH,600543,1.5,1301,1301
SZ,301584,-1.3,1299,10187
SH,603207,-1.12,1296,3813
SZ,920039,-0.7,1286,1286
SZ,920701,-0.15,1286,1760
SZ,920238,1.09,1283,6296
SZ,920682,-0.69,1283,2212
SZ,002830,0.22,1282,2567
SZ,301163,0.69,1281,1910
SZ,301157,1.82,1280,3719
SZ,301272,1.74,1279,2021
SZ,920274,3.97,1279,1279
SH,603293,-0.04,1278,6521
SZ,300823,1.62,1274,1967
SZ,301503,0.18,1272,2294
SZ,920207,-1.43,1272,2082
SH,688089,-1.16,1269,1269
SZ,920403,8.37,1263,2124
SZ,002193,2.99,1261,1261
SZ,301300,3.24,1258,2107
SZ,301502,0.76,1257,3043
SH,603344,4.4,1256,4521
SH,603350,0.25,1255,3314
SZ,001319,1.33,1255,2795
SZ,920211,0.7,1246,3697
SZ,920523,-0.32,1240,1550
SZ,920367,0.41,1239,2091
SZ,300930,3.67,1225,2600
SZ,920790,-0.3,1222,1776
SZ,301446,1.83,1220,3994
SH,603370,0.49,1219,6095
SZ,920807,0.72,1217,1792
SZ,300886,5.19,1215,1932
SZ,920981,4.81,1215,2416
SZ,301516,7.52,1215,4859
SZ,301083,2.24,1209,2511
SZ,920273,-0.83,1209,1816
SH,603352,-0.14,1207,6034
SZ,300430,-0.84,1206,1267
SZ,301001,0.55,1206,1918
SZ,300804,2.45,1205,3243
SZ,301359,1.74,1204,2033
SZ,920425,0.83,1203,1461
SZ,300899,1.82,1193,1859
SZ,920046,-1.79,1192,2156
SZ,301372,-1.29,1191,1983
SZ,301559,0.99,1190,7932
SH,603004,-0.09,1188,4753
SH,600365,-0.7,1188,1262
SZ,920284,-1.99,1184,1851
SZ,300851,1.27,1184,2086
SZ,300713,0.23,1183,2101
SH,603276,0.84,1183,3254
SZ,001336,1.38,1182,1921
SZ,301113,0.55,1181,1950
SZ,920033,0.56,1180,1698
SZ,301378,-1.3,1180,2483
SZ,001373,1.63,1179,1930
SZ,920249,2.94,1178,3984
SZ,920012,23.52,1172,2994
SZ,300152,0,1169,1169
SZ,920304,1.53,1166,1460
SZ,920237,-2.05,1154,1176
SZ,301006,1.18,1150,1911
SZ,002872,-0.92,1139,1685
SZ,920089,-0.19,1136,1994
SZ,301418,2.04,1135,2828
SZ,301539,1.42,1123,2214
SZ,920171,-0.35,1123,1664
SZ,920429,7.51,1121,1230
SZ,920566,-1.77,1116,1435
SH,688701,2.1,1110,1110
SZ,300949,1.41,1107,1937
SZ,920885,1.63,1104,2130
SZ,920099,-1.83,1099,1755
SH,688651,1.34,1099,2395
SH,603334,6.19,1096,4945
SZ,001379,1.06,1090,3240
SZ,301577,2.05,1089,2602
SZ,300958,2.16,1079,1857
SZ,920526,3.88,1078,1703
SZ,920575,-3.21,1073,1604
SZ,920130,0.11,1069,1720
SZ,001382,0.06,1068,6988
SZ,920152,-1.51,1067,1431
SZ,920252,-0.69,1066,1603
SZ,920505,-4.47,1059,1906
SZ,920396,0.2,1051,1480
SZ,001231,2.04,1047,2048
SH,688695,1.24,1043,1662
SH,603729,0.09,1039,1039
SZ,920001,0.61,1038,1772
SZ,001312,-1.62,1037,4233
SZ,301513,1.46,1036,5144
SH,688816,0.2,1036,5045
SZ,920199,-1.08,1034,1857
SZ,920642,0.49,1034,1072
SZ,920651,-1.81,1029,1514
SZ,000820,-0.56,1028,2237
SH,603468,-1.07,1026,10573
SZ,920592,-0.48,1024,1646
SZ,002514,-1.07,1014,1318
SZ,920419,0,1012,1082
SZ,920357,0.63,1012,1673
SZ,920985,0.44,1011,1427
SZ,301616,1.6,1010,2846
SZ,301173,2.67,1007,2868
SZ,301459,2.58,1006,4013
SH,603359,-0.87,1004,1004
SZ,001279,0.56,1004,4014
SZ,920062,0.54,996,1415
SZ,920184,-1.32,996,1467
SZ,301192,2.02,992,2041
SZ,920792,-1.41,989,1611
SZ,920161,-1.1,985,3631
SZ,920786,4.09,983,1488
SZ,002719,-1.61,981,1055
SZ,300338,-1.06,973,1119
SZ,920206,0.46,971,2523
SZ,301399,2.79,968,3275
SZ,920270,1.71,965,1242
SZ,920100,0.09,963,3631
SZ,920167,0.48,958,1613
SZ,301105,1.77,956,2412
SZ,920092,-1.76,953,1796
SH,603409,0.34,952,3318
SZ,920098,0.18,940,1380
SZ,001225,-0.46,935,2915
SZ,300417,1.47,926,1491
SZ,301519,2.03,917,1948
SZ,920726,0.12,914,1656
SZ,920005,0.08,914,1980
SZ,920436,-0.67,913,972
SZ,920169,1.3,911,1447
SZ,920496,-1.09,909,1038
SH,603205,-0.45,899,3393
SZ,920028,2.6,896,2268
SZ,920223,0.09,895,1724
SZ,920694,0.07,894,1882
SZ,301037,1,891,1823
SZ,920266,-2.83,891,932
SZ,301170,1.52,887,2335
SZ,920275,-0.29,885,1069
SZ,920943,4.42,881,1727
SZ,301668,0.11,880,3981
SZ,920195,2.14,878,1217
SZ,920018,-0.25,877,2526
SH,688638,2.44,877,1856
SZ,920227,-1.13,876,1925
SH,688573,1.24,871,1600
SZ,920541,-0.3,868,1318
SZ,301049,2.69,867,1909
SZ,920220,1.48,866,2766
SZ,920670,-1.06,864,1376
SZ,920833,-2.35,860,1138
SH,603284,2.48,858,3431
SZ,920193,2.27,853,3767
SZ,920020,0.39,852,3448
SZ,920748,0.09,849,1770
SZ,001306,-0.1,848,3441
SZ,920873,0.14,846,1083
SZ,920855,0.24,845,942
SZ,920156,1.54,842,4041
SH,603073,-0.23,842,1919
SZ,920433,-2.54,842,1272
SZ,920122,-1,840,2073
SH,603376,-0.45,837,10468
SZ,920770,0.2,837,1330
SZ,920693,0.8,833,1653
SZ,920027,-0.08,824,1177
SZ,920000,-1.78,821,1306
SZ,001335,1.59,816,2996
SZ,920663,-2.44,816,1700
SH,603075,0.63,808,7666
SH,603273,0.98,806,3098
SZ,301449,0.31,805,3576
SZ,920478,-2.43,804,1322
SZ,301314,1.32,799,2417
SZ,920181,8.77,798,3440
SZ,920870,-0.16,797,1617
SZ,920221,-0.68,796,1528
SZ,920260,-1.1,791,828
SZ,001396,0.67,789,3711
SZ,920519,0.2,785,883
SZ,920974,0,782,998
SZ,301353,-0.66,782,2432
SZ,920378,-0.84,781,1090
SZ,920556,-0.14,780,1076
SZ,301552,0.32,779,3115
SZ,301533,4.5,779,2692
SZ,920445,7.78,778,1067
SZ,920006,-0.17,774,1463
SZ,301567,1.97,771,2614
SZ,920832,0.16,769,862
SZ,920768,-1.11,759,1098
SZ,301429,0.53,756,2031
SZ,920976,-1.32,755,1214
SZ,920765,0.14,740,1219
SZ,001325,-0.86,740,2960
SZ,920395,0.29,738,1071
SZ,920078,-1.51,735,2262
SZ,001220,-0.02,733,2931
SZ,920639,-0.64,730,1240
SZ,920363,-0.47,725,1275
SZ,920242,0.51,722,1291
SZ,920370,-0.35,722,826
SZ,920263,-0.42,718,989
SZ,920475,-3.91,716,1288
SZ,920942,0.58,712,1052
SZ,920685,0.25,712,1117
SZ,301578,0.52,705,2479
SZ,920061,-1.37,702,1262
SZ,920634,2.13,701,1104
SZ,920058,-7.85,698,1419
SZ,920081,3.91,695,2952
SZ,920866,4.46,695,1097
SZ,920117,-1.26,692,3073
SZ,300784,0.17,691,2311
SZ,920299,-1.42,689,1368
SZ,920856,-5.25,688,1233
SZ,920720,-0.84,688,2461
SZ,920553,-2.13,685,1049
SZ,920547,-1.89,684,1406
SZ,920781,-0.69,682,876
SZ,920564,-0.92,681,1480
SZ,920706,-0.62,681,1351
SZ,920245,0.16,678,881
SZ,920123,0,678,1163
SZ,920163,2.39,677,1436
SZ,920925,0.5,672,1198
SZ,920346,-0.32,670,1204
SZ,920964,1.35,668,1181
SZ,301575,0.37,667,3322
SZ,920008,-0.24,667,1248
SZ,920527,2.76,660,851
SZ,920375,-0.68,658,1101
SZ,920579,-0.06,658,1911
SZ,920608,0.22,657,848
SZ,920101,0,656,2103
SZ,920108,-0.43,655,1545
SZ,920627,-0.06,655,1320
SZ,920187,-1.12,641,1747
SZ,920278,-1.81,639,1131
SZ,920300,-0.72,637,822
SZ,920204,-0.22,637,1201
SZ,920876,-0.42,632,1034
SZ,920118,3.02,631,1040
SZ,920175,-0.24,629,944
SZ,920570,-0.72,627,1234
SZ,920422,1.62,624,834
SZ,920079,0.07,624,5770
SZ,920580,-0.87,619,972
SZ,920107,100.5,606,2694
SZ,920578,1.2,601,1295
SZ,920834,-0.42,587,1122
SZ,920096,0.64,584,2490
SZ,920675,-0.67,578,1260
SZ,920014,-0.34,576,1047
SZ,920641,-0.85,573,950
SZ,920826,-5.05,568,1265
SZ,920455,-0.16,568,1036
SZ,920679,-0.45,568,853
SZ,920469,-1.25,568,774
SZ,920057,-0.6,568,883
SZ,920112,-0.24,566,1929
SZ,920090,-1.8,566,757
SZ,920719,-1.03,566,708
SZ,920086,0.49,563,1721
SZ,920992,-2.71,562,1109
SZ,920198,-3.89,555,1272
SZ,920271,-0.82,555,1255
SZ,920665,-0.34,554,1122
SZ,920065,-1.53,553,3168
SZ,920075,-0.95,545,1006
SZ,920146,0.2,545,678
SZ,920906,-0.36,545,1062
SZ,920454,-0.17,539,1150
SZ,920262,-1.05,538,1157
SZ,920896,-0.48,536,1222
SZ,920729,0.44,532,1878
SZ,920810,-0.11,532,818
SZ,920374,-0.06,525,1286
SZ,920871,0.27,523,944
SZ,920023,-1.02,519,632
SZ,920662,-0.46,518,1678
SZ,920703,0.41,517,1464
SZ,920050,-1.41,514,1921
SZ,920230,-0.08,511,1086
SZ,920056,0.37,506,1339
SZ,920166,-2.25,503,1595
SZ,920160,-0.85,500,2220
SZ,920069,-1.01,500,1791
SZ,920149,-0.24,498,602
SZ,920176,0.06,498,3684
SZ,920030,-0.22,496,789
SZ,920212,1.28,490,1007
SZ,920392,-0.28,488,1037
SZ,920145,-0.89,486,703
SZ,920080,0.81,485,1753
SZ,920407,-0.56,477,1171
SZ,920076,0.63,470,1494
SZ,920267,3.5,466,813
SZ,920082,-0.72,465,1654
SZ,920779,-1.36,461,1844
SZ,920508,-1.44,457,859
SZ,920351,0,456,1007
SZ,920177,0.49,455,1286
SZ,920718,0.2,455,887
SZ,920950,-0.31,451,926
SZ,920656,-1.34,450,1390
SZ,920126,0.6,449,1872
SZ,920258,0.98,445,4948
SZ,920414,0.13,445,632
SZ,920016,0.24,438,985
SZ,920128,-0.16,438,1463
SZ,920091,-0.36,433,1836
SZ,920136,-0.04,433,1650
SZ,920168,-0.83,432,1152
SZ,920180,-0.24,431,1427
SH,688121,0,430,495
SZ,920970,-0.32,430,679
SZ,920158,0.13,428,1599
SZ,920188,0.09,424,1779
SZ,920110,0,421,1012
SZ,920159,4.4,413,2182
SZ,920055,0.11,403,1791
SZ,920957,0.33,392,986
SZ,920036,0.47,390,1624
SZ,920072,-1.77,382,2024
SZ,920802,-6.31,381,863
SZ,920007,-0.32,381,1593
SZ,920035,-0.74,375,1656
SZ,920218,2.07,375,1665
SZ,920165,0.31,370,1862
SZ,002731,0.63,365,407
SZ,920895,1.28,364,716
SZ,920009,-2.24,363,2795
SZ,920717,-1.32,363,939
SZ,920011,0.43,352,1562
SZ,920191,-0.56,348,1547
SZ,920121,-0.13,331,1835
SZ,920066,0.06,330,1045
SZ,920183,0.46,321,1395
SZ,920003,-0.66,319,1486
SZ,920222,-2.81,319,2360
SZ,920022,0,318,1153
SZ,920132,-0.22,316,931
SZ,920504,-0.95,301,764
SZ,301139,-3.51,292,467
