market,code,chg_pct,vol_rank,amt_rank
SH,601288,-0.15,2030393,2225892
SH,601398,-0.26,2016699,2665919
SH,601857,-0.09,1617602,1828380
SZ,300750,2.85,1593834,1732218
SH,600519,2.86,1562164,1562164
SZ,300308,-0.33,1309729,1315977
SH,601138,-2.43,1270022,1270022
SH,601988,0,1237194,1891387
SH,688256,-3.54,855044,855044
SH,601628,4.67,843978,1145568
SH,600036,1.8,780806,954571
SH,688041,-4.52,756340,756340
SH,601088,0.58,720164,947178
SZ,300502,-1.19,704885,783572
SH,600900,0.46,701748,701748
SH,601899,-0.02,598482,772460
SZ,000333,1.72,566930,628718
SZ,002371,-2.89,545109,545544
SH,601318,2.74,543237,922765
SH,600028,-0.19,475657,607046
SH,601728,1.91,454910,536232
SZ,002475,-1.17,446390,470778
SH,603986,-2.1,382150,401160
SH,601166,1.95,376487,376487
SH,688012,-1.9,374580,380800
SZ,002384,2.67,370605,489644
SH,600183,4.01,368346,373654
SH,601658,0.6,367716,608882
SH,600276,4.54,365581,380378
SH,600030,2.07,348006,423571
SH,603259,3.8,327363,394930
SZ,002594,2.25,321501,840697
SH,603993,-0.32,316914,388307
SH,600000,1.31,309078,309078
SZ,002415,1.73,309025,313072
SH,688981,-4.83,306333,1311515
SH,601998,1.09,302869,413444
SZ,000858,3.61,295189,295196
SH,688008,-5.25,292831,312214
SZ,300394,-4.33,284755,285393
SZ,300059,2.86,269202,318976
SZ,002463,1.74,268251,268468
SH,601319,3.77,263748,328584
SH,600150,0.92,256473,256473
SZ,002916,-5.92,255772,262065
SH,601211,2.97,252527,329837
SZ,300476,-3.47,242419,275366
SZ,002938,-0.81,241204,241904
SH,601225,0.53,239273,239273
SH,601816,1.06,233375,233375
SZ,000725,-8.68,226703,237454
SH,688498,2.18,225883,228839
SH,688072,-8.23,220501,226730
SZ,000651,1.76,220163,223328
SH,600309,0.86,219759,219759
SZ,300408,-4.89,216729,230413
SH,601601,4.66,215071,302271
SZ,002142,1.44,214548,214683
SH,600176,-2.48,211130,212807
SZ,000001,1.4,210357,210360
SH,600919,0.79,209572,209572
SH,603288,3.27,198458,208852
SZ,300433,-2.47,195409,207560
SH,601668,0.64,195032,195032
SH,601919,1.53,183702,223373
SH,600025,0,182771,182771
SH,601066,3.19,180710,215791
SH,601328,1.03,178596,605292
SH,600406,0.73,177381,177903
SZ,300760,4.36,176937,177089
SH,600487,-3.86,175436,176347
SH,601869,7.1,174157,354840
SZ,300274,0.89,173437,226498
SZ,002281,-6.62,169766,180004
SH,603256,-6.51,169453,174241
SH,688082,-8.56,169310,171148
SH,601985,1.02,169005,184084
SH,600584,-8.36,168384,168384
SH,600031,3.65,163640,177556
SH,600887,2.69,163390,164206
SH,600989,0.36,162141,162141
SZ,002352,2.48,159700,176283
SZ,000063,-0.97,159172,189045
SH,600999,3.04,156011,182801
SZ,003816,0.77,154587,198460
SZ,002050,0.14,153705,175558
SH,601688,3.14,151323,186946
SZ,300604,-8.06,151012,195731
SH,601100,2.75,148375,148375
SZ,300124,1.24,147029,165164
SH,601818,0.96,146181,186119
SH,688525,-13.58,146035,146035
SH,600809,7.57,145017,145017
SH,688120,-5.65,144214,144214
SH,600111,-0.22,143663,143663
SH,603019,-5.03,141565,141571
SH,600522,-3.58,140136,140136
SZ,301308,-8.05,139545,209458
SH,601009,2.27,139214,139214
SH,601336,2.2,137493,205672
SH,688506,9.05,136917,136917
SH,688347,-5.15,136356,581113
SH,601766,1.45,135992,160427
SH,688361,-1.66,135660,135660
SZ,000776,3.62,135203,179189
SH,688521,-5.38,134513,134513
SH,603501,4.47,133830,139457
SZ,000792,-0.27,133770,133771
SZ,000338,-3.21,132633,231212
SZ,301200,-4.89,132245,152077
SH,600050,0.95,131709,132874
SH,600690,3.39,131439,197118
SZ,002714,4.1,130039,228842
SH,601229,1,129729,129729
SZ,000977,0.74,125531,125672
SZ,300857,-5.28,124422,125062
SH,601872,1.46,123217,123217
SH,600016,2.06,123054,151925
SZ,000568,7.59,122892,122963
SH,600019,2.14,122489,124594
SH,600018,0.58,121348,121521
SZ,002156,2,120531,120543
SH,601600,2.03,119358,155081
SH,600188,3.74,118929,200235
SH,601698,-2.83,118663,118663
SH,600104,2.39,118286,118286
SH,600160,-0.53,115063,115063
SZ,002080,-5.38,114868,114868
SZ,300442,-2.24,114520,114857
SH,600673,-1.87,114119,114423
SZ,301165,2.54,112845,112845
SZ,000408,1.3,112804,112805
SH,600760,2.11,112277,112490
SH,601995,8.13,112030,184980
SZ,002008,-3.04,110846,119290
SZ,300014,-0.1,110272,113446
SZ,001309,-9.99,109341,150263
SH,605117,0.13,109256,109256
SH,688111,5.58,109066,109066
SH,600346,-1.52,108473,108473
SH,600886,1.83,108011,115985
SH,688183,1.49,107773,107773
SH,600905,-0.26,107490,107490
SH,601169,1.4,107406,107406
SH,600015,0.72,107403,111086
SH,600660,4.54,106158,138316
SZ,301217,-4.72,105998,105998
SZ,000166,1.97,105015,116686
SZ,002493,-1.23,104119,111382
SZ,000657,-5.55,102620,160938
SZ,000938,-3.18,102391,102391
SZ,300475,-2.97,100817,105187
SH,688249,-2.31,100600,111433
SZ,000100,-2.72,100390,103796
SZ,002736,2.98,99585,106104
SZ,300033,4.3,99541,170887
SH,600489,-0.82,98400,98400
SZ,002602,5.23,97127,105327
SZ,002028,-2.06,96898,124147
SH,600089,-0.77,96761,96761
SH,601633,3.39,96661,132920
SH,601939,-0.59,95745,2610772
SH,601881,1.87,94816,143131
SH,601689,0.26,94712,94712
SH,688396,-6.82,93904,93904
SH,601006,0.85,93753,93753
SZ,002353,-7.27,92737,137401
SZ,002600,-1.99,91511,103208
SH,688200,-8.97,91460,91460
SH,601012,2.81,91391,91392
SZ,000807,5.36,91276,91277
SH,600549,-6.16,91231,93207
SH,600893,3.63,90641,90657
SZ,002230,0.44,90549,99350
SH,601390,2.31,90035,108674
SZ,000538,1.42,89994,90569
SH,688271,-1.11,89817,89817
SH,603893,-2.35,89569,89580
SH,600547,-1.93,89530,114188
SH,688126,-9.5,88929,103414
SH,600362,-2.43,88779,148136
SH,600938,0.51,88713,1410214
SZ,002001,1.15,88463,89529
SH,688766,-8.36,87882,87882
SH,600118,-9.99,87410,87410
SH,601127,4.85,87157,97499
SZ,000617,2.41,85840,85840
SH,605499,5.29,84827,92127
SH,600795,-0.62,84362,84362
SH,600941,0.94,83650,2009211
SH,688519,-3.44,83310,83310
SZ,000895,2.13,83072,83083
SH,601868,1.19,82693,112812
SH,601727,-0.75,82506,101632
SZ,300757,1.53,81782,84319
SZ,001289,2.54,81427,135011
SZ,300223,-7.02,81421,93386
SH,601168,2.95,81379,81379
SZ,300498,1.87,80864,90493
SH,688048,-1.73,79502,79502
SZ,002648,-0.79,79045,79096
SH,688172,-6.41,78518,93509
SH,688629,-5.93,78198,79430
SH,600236,-0.19,78114,78114
SZ,002851,-1.15,77981,99003
SH,601838,2.98,77648,77648
SH,600436,1.17,77285,77285
SZ,002311,4.05,77187,77262
SZ,002837,-2.68,77142,86962
SZ,002185,-10,76786,76804
SZ,000301,-5.06,76723,76756
SH,688037,-0.85,76459,76459
SZ,000425,3.28,76415,99428
SH,603799,-2.91,75863,76101
SH,600011,-0.28,75774,108160
SH,688777,-2.5,75390,75772
SH,601825,1.13,75371,77541
SZ,000021,-9.38,74898,74909
SH,600039,-0.23,73217,73217
SZ,002179,-2.61,73207,73341
SH,601186,1.44,72816,85958
SH,688702,-4.93,72669,146776
SZ,002484,2.74,72653,75314
SH,688017,1.82,72216,72216
SH,688409,-6.09,72177,72177
SZ,300620,1.12,71907,72512
SZ,002027,4.85,71778,71778
SH,601991,-2.03,71401,106599
SH,600703,-4.6,71243,71243
SH,601800,1.51,71041,98256
SH,688036,-1.53,70729,70729
SZ,002466,0.93,70525,81875
SZ,300136,-4.72,70522,82688
SH,601958,-5.04,70405,70405
SZ,002636,1.44,70302,70660
SZ,300015,5,70182,82022
SH,600585,4.39,70043,92929
SZ,002241,2.39,69992,79038
SH,600482,-2.5,69612,69612
SH,600105,-2.17,69503,69503
SH,600958,1.75,69317,78849
SZ,000708,3.31,69247,69247
SH,600010,-0.44,69213,99950
SH,601111,0.34,69130,121726
SZ,300661,-3.15,68303,76897
SZ,000630,-1.61,67861,81664
SH,600029,-0.19,67789,91148
SH,600023,-7.85,67580,67580
SH,603195,1.52,67416,67539
SH,688313,-1.97,67296,67296
SH,688002,-2.37,66381,66381
SH,601018,0.9,65756,65756
SH,601231,-5.32,65361,65361
SH,688110,-5.4,65260,65260
SH,600460,-6.26,65198,65198
SH,600066,2.55,65046,65046
SH,603228,-4.23,64963,65285
SH,688019,-3.5,64426,64426
SZ,002202,-1.14,63738,80041
SZ,300666,-7.95,63370,79091
SH,601360,1.93,62926,62926
SH,603296,1.14,62834,119295
SZ,000636,-8.96,62571,62571
SZ,002460,-1.44,62547,108273
SH,601179,-2.72,62023,62023
SZ,002049,-6.97,61811,61819
SH,601669,1.29,61698,81307
SH,600115,0.28,61460,79737
SH,601916,1.42,61402,78274
SH,600498,-4.34,61229,65396
SH,600026,3.8,60712,86773
SH,688141,-8.87,60361,60361
SH,600233,2.2,60346,60346
SZ,002821,6.53,60102,68393
SH,600875,-3.24,59957,91612
SZ,002304,4.23,59789,59791
SZ,002625,1.02,59725,59725
SZ,002128,1.88,59559,78472
SZ,301269,-6.65,59458,59458
SH,601901,0.98,59353,59353
SH,688729,-3.54,59335,100312
SZ,002436,-4.35,59306,66406
SH,688147,-6.96,59233,59233
SH,601077,0.15,59216,76092
SZ,000625,3.03,59111,70877
SZ,300548,1.23,59004,63831
SH,600048,4.03,58775,58775
SH,601788,1.29,58483,69023
SZ,300285,-2.25,58417,68228
SZ,300054,-5.07,58264,74735
SH,600879,-9.05,57936,57936
SZ,002428,-6.44,57898,57906
SZ,300765,9.82,57673,57673
SH,688630,-4.29,57438,63875
SZ,300373,-6.49,57434,57562
SH,600221,0.75,57413,57909
SZ,000933,3.44,57377,57417
SH,600415,5.89,57194,57194
SH,600350,-4.74,57193,57193
SZ,300759,8.5,56901,73620
SZ,002709,-1.25,56875,76833
SH,688585,2.33,56854,56854
SH,600378,-5.7,56331,67751
SH,600988,-3.25,56257,64253
SH,688234,-2.39,56206,63388
SZ,002558,10.01,56181,56181
SZ,001979,5.06,55950,59957
SH,688578,5.13,55895,55895
SZ,000960,-6.8,55862,55862
SH,601059,4.06,55747,55747
SZ,000703,-0.27,55135,55413
SZ,002409,-8.01,54932,82078
SZ,000963,4.11,54641,54664
SZ,000426,-3.81,54588,54601
SH,600372,0.99,54486,54486
SZ,300418,0.26,54124,59176
SH,688432,-11.09,53775,53775
SH,601377,1.47,53716,53716
SZ,002595,1.05,53429,53801
SZ,000066,-1.83,53286,53290
SH,601061,2.65,53165,53165
SH,601208,-2.97,52873,52873
SZ,300450,-2.05,52646,56522
SH,600426,1.7,52627,52634
SZ,002532,4.16,52404,59063
SH,688220,6.82,52367,52367
SH,600741,2.85,52367,52367
SZ,301526,-4.83,52229,140239
SH,600196,2.45,52200,65799
SH,688047,-3.2,51950,51950
SH,600096,2.16,51682,51682
SH,601877,0.33,51640,51640
SZ,002064,4.85,51402,51511
SZ,300395,-3.57,50486,51784
SZ,300316,-4.4,50469,53665
SH,603659,-2.21,50110,50110
SH,600803,1.81,50100,50492
SZ,000811,-1.61,50055,50775
SZ,000783,1.69,49937,49937
SH,600895,-8.07,49852,49852
SH,688331,3.4,49754,78914
SH,688375,-5.18,49612,49612
SH,601233,1.51,49559,49650
SZ,002920,2.72,49520,49535
SZ,300803,3.38,49499,49863
SH,600418,0.49,49380,50967
SH,600601,-6.56,49209,50430
SZ,000975,-2.25,49077,53926
SH,600580,-0.37,49065,49207
SZ,000831,-2.9,48816,48816
SH,600438,1.22,48667,48667
SH,605376,-5.43,48558,48558
SZ,301358,2.1,48367,53644
SH,688336,3,48187,48289
SZ,001872,0.1,48163,51927
SH,600497,-2.75,47984,47984
SH,600009,2.94,47944,58301
SH,600219,0,47772,47772
SH,600909,3.04,47630,47630
SH,688469,-6,46782,66810
SH,601618,1.55,46774,54212
SZ,301377,-4.77,46677,200213
SH,601117,1.19,46513,46655
SH,601198,3.98,46418,46418
SH,603650,-4.79,46147,46268
SH,688668,-4.73,45888,45888
SH,601298,0.71,45725,55045
SH,600869,-4,45696,45696
SZ,002074,4.79,45589,47637
SZ,002812,2.64,45345,54135
SH,600377,-2.45,45170,59848
SZ,002414,-2.34,45134,56715
SH,601699,1.41,45081,45081
SH,688728,-5.94,45005,46837
SH,601021,1.61,44994,44994
SH,603260,0.91,44735,44735
SZ,003031,-5.21,44496,59002
SZ,300751,-2.66,44373,64173
SH,601878,1.47,44137,44137
SZ,300346,-4.73,44076,46439
SH,600726,0.51,44030,46574
SH,601058,3.48,44028,44028
SH,600667,-7.28,43881,43881
SH,688627,-0.72,43808,56902
SZ,300058,1.37,43787,45201
SZ,300672,-1.52,43513,44912
SH,603929,-7.29,43376,43376
SH,688009,-0.19,43191,53055
SH,688223,1.96,42721,42721
SZ,002056,1.83,42543,42587
SH,600061,1.99,42520,42520
SH,600027,-0.21,42484,53530
SZ,301511,-1.89,42266,71113
SZ,002294,4.32,42242,42252
SZ,002429,-5.19,42076,42101
SH,600392,-1.31,41928,41928
SZ,000999,0.76,41684,41722
SH,601108,2.63,41655,41655
SH,603129,0.87,41434,41434
SZ,002203,-4.09,41433,42925
SH,600352,3.66,41415,41415
SH,605589,-5.84,41374,41397
SH,605358,-9.04,41351,41351
SH,688187,-1.38,41282,63222
SH,601126,-5.03,41213,41614
SH,688300,-6.29,40799,40799
SZ,300390,-6.24,40746,50352
SH,601555,2.76,40694,40694
SH,600985,2.03,40641,40641
SH,603979,-2.91,40634,40634
SH,600206,-9.11,40491,40491
SH,600642,-0.59,40472,40474
SH,688099,-2.85,40414,40414
SH,688433,14.45,39970,39970
SH,688808,-1.9,39827,211904
SH,600845,-0.26,39800,53300
SH,601456,1.57,39743,51580
SH,603379,2.2,39730,39730
SZ,002236,1.65,39669,54237
SH,688536,-6.88,39486,40192
SZ,002126,-4.59,39447,42011
SH,603087,0.26,39382,41919
SH,600570,1.32,39350,39350
SH,688025,-3.23,39345,39345
SH,688362,-8.32,39223,39223
SH,600021,2.06,39139,39139
SH,688266,0.28,39127,39127
SZ,002653,7.32,39019,81407
SZ,000987,2.64,38954,38983
SZ,300782,0,38863,49851
SZ,002129,-4.65,38822,38854
SH,603806,-0.26,38792,38792
SH,600600,1.43,38718,74485
SH,600995,0.33,38608,38608
SZ,002078,2.66,38605,38844
SH,600141,-1.25,38564,38564
SH,601136,0.14,38403,38403
SZ,300570,-2.16,38333,45300
SH,600578,0.18,38226,38226
SZ,300870,-5.21,38190,38194
SH,600707,-5.84,38101,38109
SH,688295,-2.55,38061,38061
SH,603268,-0.03,38059,158402
SH,601665,1.15,37969,37969
SH,688188,-0.43,37952,37952
SH,601577,-0.52,37915,37923
SZ,300115,-2.13,37856,37968
SH,601216,0.68,37718,37718
SH,600143,-0.34,37573,38121
SZ,300972,5.34,37363,40667
SH,601238,2.43,37362,51597
SH,600968,-2.13,37204,37204
SH,600641,-0.44,37188,37837
SZ,000559,-0.26,37187,37198
SZ,002407,-5.37,36829,40641
SZ,300037,-2.94,36749,50669
SH,688146,1.88,36678,133941
SH,603392,2.01,36642,36642
SZ,300979,2.96,36504,36504
SZ,000596,10,36173,46797
SZ,002138,-5.47,36146,38526
SH,688322,1.19,36142,46588
SZ,001203,-2.94,36031,42298
SZ,300919,1.57,35555,40598
SH,600256,1.65,35476,35476
SZ,000983,-0.31,35425,35425
SZ,002738,-5.6,35284,35793
SZ,002945,1.25,35073,35073
SH,600060,-1.2,34923,35052
SH,600177,-0.38,34902,35832
SZ,002155,-1.75,34875,34878
SZ,002032,1.19,34746,34761
SH,601212,-2.08,34728,34728
SZ,300489,-4.82,34702,34830
SH,603308,-5.18,34482,34482
SH,600085,1.49,34451,34451
SH,601777,1.87,34406,34406
SZ,002966,0.77,34373,34961
SH,600246,-5.36,34292,35246
SH,600157,1.29,34254,34254
SZ,000893,3.03,34210,38940
SZ,300251,6.95,34165,36112
SZ,000688,-4.09,34130,34130
SH,601808,-1.53,34105,54969
SH,603298,3.71,34055,34055
SH,688052,-2.33,34021,38788
SH,688167,-7.46,33992,33992
SZ,300866,-0.89,33933,64307
SH,600839,2.66,33874,33883
SH,688303,1.02,33873,33873
SH,688775,2.62,33766,52206
SZ,002444,3.16,33714,35118
SH,603568,2.75,33697,33697
SZ,002195,0.34,33583,33886
SZ,300001,2.96,33577,34509
SH,601162,1.56,33532,39289
SZ,300017,-0.06,33389,35588
SH,688027,-3.48,33343,42672
SH,601236,2.76,33228,33228
SZ,002245,-1.19,33160,35246
SH,601696,2.41,33058,33058
SH,688385,-4.14,33000,50395
SZ,002222,-3.7,32963,33110
SH,688387,-1.38,32954,55862
SH,603606,-2.59,32720,32720
SH,603061,-6.42,32720,32720
SZ,301396,-2.5,32640,49575
SH,600298,1.36,32546,32952
SZ,002517,9.99,32455,36704
SZ,002252,2.29,32414,32436
SZ,000728,1.64,32379,32379
SZ,002261,-7.67,32366,35582
SZ,002340,-1.54,32334,32502
SH,600109,2.83,32274,32274
SH,603369,5.64,32205,32205
SH,603179,1.93,32103,32103
SZ,000876,1.71,32040,32060
SH,688235,3.38,31997,428669
SZ,002025,-5.21,31993,32004
SZ,000423,1.81,31909,31966
SH,603127,10,31908,37932
SZ,002747,6.17,31899,39457
SH,688676,-5.4,31817,31817
SH,688333,16.42,31797,31797
SH,600588,0.98,31744,31744
SZ,002472,-0.3,31636,35921
SH,600711,-2.47,31586,31586
SH,600332,1.09,31351,36255
SH,603688,-6.61,31320,31320
SZ,302132,1.58,31267,142556
SZ,002859,-5.8,31263,33111
SZ,300454,2.29,31220,46781
SH,688192,20.01,31178,31445
SZ,002432,10,31169,31210
SZ,002601,1.82,31086,37290
SZ,002378,-5.93,31013,31177
SZ,002536,5.31,30998,32728
SH,600353,-9.44,30981,30981
SH,688213,0.55,30960,38501
SZ,000800,0.48,30952,30955
SH,603699,-5.04,30947,31647
SZ,301236,-0.8,30792,40569
SH,688301,-2.19,30767,30767
SZ,002046,-0.06,30607,30954
SZ,300458,-3.16,30573,37311
SZ,001389,7.76,30538,94750
SH,603486,5.38,30537,30816
SZ,000878,-1.43,30275,36645
SH,603225,4.13,30267,30430
SZ,000002,1.97,30220,37105
SZ,300748,-1.93,30206,36770
SZ,000962,-6.27,30181,31637
SH,600483,1.31,30165,30165
SH,688820,-7.29,30130,324607
SH,688617,4.32,30120,30120
SZ,000786,3.43,30090,30317
SZ,300814,-5.34,30014,30014
SZ,000883,0.87,30000,32778
SZ,300832,0.73,29969,34469
SZ,301018,-7.04,29937,39618
SZ,002555,4.04,29874,41634
SZ,002939,2.1,29794,33365
SH,688403,-7.72,29788,29788
SH,600563,-4.53,29781,29781
SH,688180,3.02,29774,39887
SZ,002673,1.99,29767,29767
SZ,300558,1.3,29655,29750
SH,688127,-6.27,29614,29614
SH,601611,0.51,29596,29596
SH,688001,0.76,29487,29487
SH,600282,1.49,29407,29407
SH,600330,3.79,29405,29405
SZ,300347,6.57,29400,44687
SZ,000027,1.15,29353,29353
SH,603663,-5.13,29256,29276
SH,601001,0.69,29240,29240
SH,688343,-4.65,29239,29239
SH,603067,-1.19,29178,29178
SH,600699,3.01,29170,32411
SH,601990,2.99,29114,30269
SZ,000958,2.08,29070,98909
SZ,000629,1.63,28893,28895
SH,688599,1.49,28743,28743
SH,605090,3.5,28731,28787
SH,601933,3.55,28649,28649
SZ,300207,0.18,28640,30871
SH,688257,-5.76,28638,28638
SH,688548,-2.74,28637,54663
SH,688502,-7.97,28619,28619
SZ,000959,10.06,28540,29702
SH,603920,-2.57,28535,28535
SH,688608,0.01,28500,28500
SZ,002240,-5.67,28483,28557
SH,601598,0.55,28263,39312
SH,600499,-0.87,28212,28212
SH,600398,1.56,28096,28096
SZ,002456,-5.26,28001,29506
SH,688123,-11.03,27978,27978
SH,600259,-3.31,27934,27934
SH,600871,-5.06,27907,39052
SZ,000060,-2.63,27890,27891
SH,688102,-2.87,27881,27962
SH,600369,1.7,27843,27843
SH,600517,2.75,27734,27734
SH,688568,-1.09,27717,27717
SH,603186,-0.39,27642,27642
SH,603823,-0.31,27593,27593
SZ,002364,-7.86,27559,27829
SZ,300339,-0.94,27499,28161
SH,688248,-12.28,27490,27490
SZ,002797,1.55,27484,27484
SH,600079,0.91,27391,28972
SH,688018,-3.34,27332,27332
SZ,300628,11.07,27307,47661
SZ,300438,-4.31,27285,33981
SH,688411,-1.05,27257,37513
SZ,300432,-0.42,27203,27510
SZ,002487,-1.5,27155,31853
SZ,000967,-2.29,27096,27109
SH,605111,-7.39,26984,26984
SH,688297,-0.14,26926,26926
SH,688195,-4.63,26859,26859
SH,603198,4.78,26840,26840
SH,600862,-3.07,26747,26747
SH,603678,0.11,26665,26665
SZ,300811,-1.09,26651,32489
SZ,002465,-4.78,26613,26655
SH,600777,-9.51,26611,28426
SH,601880,1.41,26515,33943
SZ,300903,-5.53,26515,34909
SH,688169,2.5,26494,26494
SH,603338,2.37,26492,26492
SZ,000877,2.2,26451,26451
SZ,000062,-6.05,26384,26409
SZ,003022,-0.74,26342,26364
SH,603444,7.55,26320,26320
SH,600637,1.17,26256,26256
SH,600732,9.99,26189,26313
SH,600536,-1.67,26128,28919
SZ,002608,1.17,26107,26107
SH,603345,4.99,26097,29656
SH,603939,0.75,26079,26079
SH,600428,0.76,26067,29250
SH,603766,3.34,26059,26059
SH,600733,2.63,26055,29862
SH,600562,1.9,26029,26029
SH,600998,-0.95,26019,26019
SH,600595,2.04,26011,26011
SH,600918,1.06,26008,45135
SH,688205,-3.54,25986,25986
SH,688318,4.17,25960,25960
SH,600801,1.74,25908,40145
SH,601918,3.09,25905,25905
SZ,300255,11.77,25886,25927
SZ,002223,1.64,25762,27408
SH,601000,0,25659,25659
SH,600745,0.75,25605,25605
SH,600515,2.57,25601,31877
SH,600737,1.1,25559,25559
SZ,002317,7.64,25537,28498
SH,600704,0.61,25442,25442
SZ,300776,-6.68,25432,40455
SH,688268,-5.31,25314,25314
SH,603290,-9.07,25312,25312
SH,601155,4.38,25240,25240
SH,600521,-0.81,25199,25199
SZ,001270,-8.68,25191,25352
SZ,300623,-5.47,25169,27292
SH,688065,0.49,25167,31116
SZ,002841,-6.44,25165,33750
SH,603160,0,25116,25116
SH,688372,-9.09,25062,25062
SZ,000951,-0.96,24970,24970
SZ,000932,1.96,24943,24943
SZ,001267,-4.07,24878,32091
SH,600546,-1.64,24840,24840
SH,688233,-5.75,24797,24797
SH,600161,1.79,24796,24796
SH,600166,1.95,24781,24781
SH,600153,-0.11,24675,24675
SH,600295,3.22,24675,34957
SZ,300806,-6.46,24668,35339
SZ,002266,-1.54,24552,26462
SH,600323,0.23,24509,24509
SZ,000737,2.56,24454,24457
SZ,000981,-1.14,24449,25694
SZ,002430,-1.45,24409,24420
SH,600208,0.35,24333,24336
SH,603005,-7.55,24333,24333
SZ,000739,10.01,24318,24327
SZ,000582,0.45,24286,28342
SH,600299,-1,24269,24269
SZ,002491,-1.48,24176,25276
SH,603049,0.61,24098,41730
SZ,002603,1.98,24076,29221
SZ,000415,3.48,24052,27583
SH,600873,2.63,24032,24032
SH,601928,0.32,23769,23769
SH,603605,4.53,23751,23751
SZ,300398,-5.84,23743,23873
SH,603730,-3.23,23720,23720
SH,688278,4.31,23708,23708
SZ,000733,-2.61,23688,23691
SZ,002459,0.99,23643,23664
SH,600566,1.62,23572,23652
SH,688778,-0.14,23569,23569
SZ,000547,-2.1,23551,23689
SZ,300024,-1.37,23478,23484
SH,600583,-1.47,23477,23477
SH,600977,3.97,23468,23468
SH,601099,1.18,23448,23448
SZ,300821,-16.39,23300,23304
SH,688400,-2.8,23252,24172
SH,601866,1.27,23208,31443
SZ,002157,1.36,23207,27565
SH,601615,1.69,23158,23158
SH,600312,-1.55,23149,23149
SH,601717,1.29,23071,26710
SZ,000830,2.37,23060,23061
SH,688270,-1.84,22856,22856
SH,601608,-2.72,22852,22852
SH,603728,-2.09,22842,22842
SH,601228,0.67,22784,22784
SH,601128,1.3,22728,22728
SZ,300474,-6.45,22702,29188
SH,603773,-7.97,22702,22709
SH,603618,-2.6,22684,22684
SZ,002244,4.31,22667,25576
SH,600535,3.84,22633,22633
SZ,002015,-1.75,22613,22613
SZ,300762,-2.22,22557,22557
SZ,002468,-7.05,22547,23574
SH,603885,1.97,22471,22471
SZ,300487,-1.5,22448,37106
SZ,002926,1.55,22418,22418
SH,600100,-0.88,22380,22380
SZ,300257,-5.74,22378,23291
SH,600095,2.22,22359,22359
SH,600390,5.31,22310,22310
SH,688097,-1.85,22273,22355
SH,600884,-0.4,22260,27285
SH,603301,-5.16,22247,22247
SZ,000738,0.9,22200,22200
SH,689009,2.41,22180,28873
SH,688388,-1.02,22179,22179
SZ,000623,3.97,22156,22244
SH,601399,0,22146,22146
SH,688425,0.97,22134,22134
SZ,000750,1.6,22084,24331
SH,603115,0.35,22007,22007
SH,600226,-4.02,21951,21951
SH,688349,1.6,21942,22323
SH,688392,-5.49,21925,21925
SH,600098,0.81,21912,21912
SH,600329,-2.33,21816,29626
SH,603233,-2.68,21809,21809
SZ,300383,-1.93,21801,21841
SZ,000034,-1.37,21789,26090
SZ,002518,-0.38,21730,22387
SZ,002335,-2.92,21659,24767
SH,603667,-0.06,21650,22652
SZ,002085,0.4,21530,21530
SH,600500,-3.99,21530,21530
SH,601963,3.32,21520,38361
SH,603565,0.69,21505,21505
SZ,300142,1.19,21481,21783
SZ,000935,10.01,21476,21476
SH,688475,3.02,21467,21467
SH,688652,-6.87,21458,29855
SZ,300699,-1.24,21447,21707
SZ,300677,1.71,21362,30040
SH,600388,2.5,21349,21349
SZ,000709,2.49,21291,21294
SH,600663,3.06,21238,33887
SZ,002180,2.5,21220,22181
SH,600008,1.4,21214,21214
SZ,300260,-6.57,21156,29994
SZ,002271,2.79,21136,26371
SH,601118,1.44,21055,21055
SH,688449,2.93,21034,33000
SZ,002379,5.83,21034,241206
SZ,301205,-7.16,20978,32586
SH,688503,-4.88,20948,20948
SH,603588,-4.24,20929,20929
SZ,002396,-3.73,20867,20953
SH,688819,1.47,20852,20852
SH,600132,2.18,20845,20845
SZ,002007,1.07,20834,24172
SH,600685,0.84,20823,35832
SZ,001896,0.22,20781,20781
SZ,000032,-3.94,20756,22165
SH,603881,-0.57,20698,20698
SH,603002,0.27,20697,20697
SZ,000564,3.01,20680,24740
SH,600688,-3.74,20667,29730
SH,603596,1.77,20655,20655
SH,688700,-1.54,20652,20652
SH,688800,-1.83,20631,20631
SH,600486,3.13,20618,20618
SZ,002423,2.76,20599,20599
SH,688332,-6.2,20553,20553
SZ,300003,3.17,20542,23983
SZ,000155,-0.44,20529,20529
SZ,002552,-4.35,20511,21595
SH,603077,1.31,20490,20490
SZ,002624,5.75,20489,21747
SZ,300843,-4.11,20485,20894
SH,600598,0.61,20479,20479
SZ,000598,1.33,20467,20500
SH,600170,1.32,20438,20438
SH,603236,0.52,20434,20434
SZ,300456,-6.27,20421,25027
SZ,300209,-8.42,20421,25816
SH,600516,-0.19,20412,20412
SZ,001287,-6.21,20403,20403
SH,603950,-3.14,20400,20417
SH,601069,-4.56,20388,20935
SH,603283,-5.67,20372,20372
SZ,300073,-2.41,20360,21902
SH,600110,-3.53,20319,20319
SZ,300085,6.83,20304,22005
SH,688150,-5.89,20295,20295
SZ,003035,0.19,20227,20227
SZ,300503,-1.12,20225,25869
SH,603899,2.13,20212,20212
SH,600007,0.05,20206,20206
SH,603737,1.97,20204,20204
SZ,000400,0.55,20194,20332
SH,601677,1.5,20179,20179
SH,603516,-8.98,20172,20172
SH,688106,-6.59,20157,20157
SH,600765,0.93,20151,20151
SZ,301536,-4.35,20144,45381
SZ,002065,0.14,20094,22150
SH,688380,-8.3,20046,20046
SH,601158,1.21,20016,20016
SH,601997,2.24,19999,19999
SZ,000825,2.03,19994,19994
SH,688523,-1.95,19990,19990
SZ,002831,1.27,19970,36022
SZ,300763,-1.18,19958,24704
SH,601016,0,19926,21597
SH,688206,-8.76,19904,19904
SZ,300012,4.43,19894,23391
SH,601106,0.35,19888,19888
SZ,002299,0.87,19875,20270
SZ,000158,-1.41,19849,19983
SH,600582,0.42,19824,19824
SZ,300496,-0.34,19783,24716
SZ,002948,1.81,19760,32652
SH,603833,2.56,19749,19749
SH,688661,-7.25,19745,19745
SH,600970,2.73,19716,19716
SH,688279,-5.1,19665,24196
SH,600126,2.47,19621,19621
SZ,301611,-4.55,19586,58258
SH,688795,-6.81,19578,304456
SH,603530,-2.55,19531,19711
SH,600012,-0.29,19524,28619
SZ,300953,-2.47,19499,27128
SH,688368,-7.84,19484,32117
SH,601567,2.74,19476,19476
SH,601666,-0.87,19434,19434
SH,601636,-5.6,19409,19409
SZ,002500,0.94,19349,19349
SH,603876,1.76,19347,19347
SH,600848,5.08,19319,20356
SH,688131,4.75,19298,19298
SH,600114,-2.49,19250,19718
SH,601187,-1.07,19224,19266
SZ,300738,-1.7,19196,19202
SZ,002497,-2.99,19189,20873
SH,600380,2.14,19173,19173
SZ,300896,8.36,19155,28350
SZ,002120,-0.43,19115,19686
SZ,000686,1.5,18981,18981
SZ,300199,7.83,18979,22496
SZ,002402,-1.18,18972,21404
SH,600550,-1.33,18949,18949
SH,600316,0.61,18910,18910
SH,603938,-1.88,18863,18863
SH,601606,0.46,18830,18830
SZ,002670,2.2,18815,22428
SH,600518,3.03,18798,18807
SZ,000970,-4.44,18795,18795
SH,688582,-4.04,18773,18773
SZ,002262,3.11,18745,21545
SH,600927,0,18725,18725
SZ,000029,-1.63,18698,21215
SH,600961,-4.23,18683,26661
SZ,000683,2.01,18682,20777
SH,603816,2.19,18676,18803
SH,688535,-8.92,18607,19964
SH,603638,1.88,18591,18591
SZ,300747,-4.03,18582,19993
SZ,002895,5.3,18580,18777
SZ,002149,-1.34,18559,18562
SH,605020,-0.23,18538,18829
SZ,301285,-5.1,18495,18495
SZ,002545,0.86,18489,20353
SH,603658,1.44,18474,18474
SZ,002130,-2.12,18432,22496
SH,600171,-1.69,18397,18397
SH,600186,3.12,18357,18394
SZ,002461,1.85,18304,18304
SZ,300088,-6.95,18268,18358
SH,688545,-5.7,18163,35878
SZ,000969,-2.72,18161,18321
SZ,300131,-8.52,18115,19727
SH,600004,1.32,18105,19716
SH,601098,2.03,18086,18086
SH,688005,-1.09,18073,18075
SH,600172,-7.02,18072,20421
SH,600552,-7.41,18042,18042
SZ,300679,-3.38,18040,21322
SZ,002683,0,18024,20547
SH,603337,5.13,17981,18342
SH,600339,-2.41,17978,17978
SH,600396,2.27,17952,17952
SZ,301389,-2.77,17914,17914
SZ,300627,-0.28,17905,21628
SZ,000429,-0.86,17869,28665
SZ,002957,-5.5,17865,17921
SH,688531,-5.28,17854,25758
SH,600606,2.42,17849,17849
SH,600062,1.96,17847,17853
SZ,000543,0.13,17840,17840
SH,601139,1.14,17836,17836
SH,688596,-4.01,17819,17819
SZ,300671,-6.33,17783,17835
SZ,300568,-4.72,17778,21995
SH,603358,-3.67,17755,18062
SZ,000513,1.43,17749,27738
SH,601609,0.1,17736,17736
SZ,000039,0,17721,41522
SH,601865,0.65,17699,21812
SH,605289,-2.32,17683,17707
SH,688028,-2.84,17670,17670
SH,688281,0.24,17664,17664
SZ,002290,-5.93,17660,17725
SH,600602,-0.17,17640,22457
SZ,002044,2.94,17628,17810
SH,600397,-2.78,17572,17572
SH,601133,-5.38,17567,17628
SZ,300122,2.99,17566,29731
SZ,000672,-0.54,17565,17565
SZ,300723,2.75,17535,18894
SH,600820,1.27,17513,17513
SH,688363,5.76,17504,17504
SZ,002756,-2.07,17492,24362
SH,688390,0.18,17466,17466
SH,603529,3.26,17460,17804
SH,603063,-7.22,17426,17498
SH,601137,2.32,17417,17430
SH,688561,1.71,17404,17404
SH,688692,0.98,17401,26570
SH,688772,-3.16,17359,17359
SZ,002192,-5.01,17345,17381
SH,603000,2.55,17337,17337
SH,688625,-2.22,17307,17307
SZ,002318,-0.32,17299,17706
SZ,300655,-6.42,17293,17373
SZ,002716,-3,17250,20947
SZ,300102,-2.58,17247,17330
SH,603698,-9.99,17227,17227
SH,688484,-4.97,17205,17205
SH,601101,0.93,17194,17194
SZ,300083,-0.68,17189,19179
SH,600131,1.13,17161,17196
SH,600577,-1.97,17127,17127
SZ,301550,-2.21,17116,27965
SZ,002265,0.98,17086,17086
SH,688359,-13.17,16966,16966
SZ,000937,1.58,16958,17452
SH,603203,-7.35,16953,17273
SZ,002158,-4.41,16951,16988
SH,688520,4.91,16941,17892
SH,688003,-3.71,16940,16940
SZ,002145,-0.21,16939,16940
SZ,300888,3.92,16923,16999
SZ,003021,-0.39,16916,21825
SH,688686,-1.31,16888,16888
SZ,301128,-2.64,16865,19172
SH,603858,0.63,16852,16852
SH,601333,0,16844,21109
SH,600038,2.19,16824,20620
SZ,300724,-0.4,16814,20354
SH,600888,-3.9,16804,16804
SH,600120,-0.39,16804,16804
SZ,002389,0.95,16800,16803
SH,600956,0.85,16789,32177
SZ,000528,3.13,16744,16767
SZ,002171,-4.33,16734,16830
SH,600867,2.53,16687,16687
SH,601969,-1.39,16667,16769
SH,601975,0.28,16662,16662
SH,600179,0.23,16646,18238
SH,603800,6.02,16640,16640
SZ,002925,6.16,16639,17563
SZ,301319,-4.78,16627,22062
SH,603226,-2.51,16623,16623
SH,688208,0.57,16560,16560
SZ,300005,-5.73,16558,16693
SH,600739,6.26,16548,16548
SZ,300720,-2.16,16494,17455
SZ,300657,-5.82,16491,16971
SH,603786,2.85,16449,16449
SZ,000050,-4.79,16441,16441
SH,600835,-2.99,16428,20519
SZ,000875,2.3,16378,17774
SZ,000766,0.65,16374,16382
SZ,300602,-4.72,16320,23857
SH,600877,-4.37,16304,16304
SH,603662,-1.1,16288,16288
SH,688603,-4.46,16278,16278
SH,601326,1.18,16271,19109
SH,600754,2.81,16245,19119
SZ,300319,-4.36,16208,16900
SZ,920438,-9.79,16093,16678
SZ,002270,0.17,16069,16069
SZ,301093,2.55,16065,16827
SZ,002773,1.88,16036,21513
SH,600763,2.58,16031,16031
SZ,301095,-3.37,15999,18520
SZ,301626,-1.63,15994,35162
SZ,300735,-4.25,15989,17080
SH,603871,1.13,15978,15978
SZ,300323,-6.72,15963,21813
SZ,000997,1.47,15958,16047
SZ,002958,2.09,15938,16278
SZ,300179,-5.71,15917,20672
SH,603031,-0.52,15911,18920
SH,601966,0.93,15894,15894
SH,600750,1.86,15865,16037
SZ,301123,-2.94,15854,22540
SH,688549,-8.46,15853,39739
SZ,001213,0.85,15822,15822
SH,605296,1.63,15809,16016
SZ,300342,-1.81,15805,16041
SH,600596,1.39,15777,15777
SH,603997,5.44,15776,15776
SH,600032,0.46,15751,15751
SZ,300660,-0.03,15749,15758
SH,600928,1.14,15747,15822
SH,601921,1.58,15733,15733
SH,603738,-5.26,15733,15733
SH,601156,-1.88,15728,26433
SZ,000682,-1.67,15712,15713
SH,688143,0.57,15704,16526
SH,603171,2.07,15602,15620
SZ,001696,-1.45,15591,20027
SH,600528,1.59,15573,15573
SH,603078,-3.29,15572,15572
SZ,920808,-4.19,15568,16002
SH,600629,-5.25,15545,15545
SZ,300676,3.43,15539,15624
SZ,000898,2.09,15517,18270
SZ,301297,-0.2,15470,31573
SH,601020,-2.72,15456,15456
SH,603009,1.02,15452,15816
SH,688166,20.01,15445,15445
SZ,300144,2.4,15438,15601
SH,600511,0.76,15422,21028
SH,601369,-0.1,15407,15563
SH,600906,1.97,15401,23526
SH,688690,3.95,15393,15393
SZ,002975,-9.99,15393,23325
SH,688258,3.26,15385,15385
SZ,300413,2.88,15325,28061
SZ,300975,-6.7,15318,21386
SZ,002768,4.52,15301,26203
SZ,003036,-6.52,15296,15297
SZ,301316,-6.66,15270,15753
SH,688319,2.98,15264,15264
SZ,002312,0.62,15240,15272
SH,601519,1.59,15217,15217
SZ,002048,0.28,15211,17440
SH,688222,6.87,15210,15210
SZ,300201,-7.05,15205,15287
SZ,002237,-0.07,15191,18218
SH,600366,-2.74,15156,15156
SH,600930,0.86,15148,195640
SH,600623,0.25,15140,17104
SH,603132,-0.82,15139,15139
SZ,300773,2.65,15131,15995
SH,605198,-1.88,15128,18688
SH,600435,-1.08,15078,15078
SZ,000723,1.78,15075,15104
SZ,002611,-1.3,15069,18271
SZ,300002,3.04,15068,16013
SH,600959,1.69,15052,15052
SZ,002913,-4.73,15039,15820
SZ,001331,0.04,15006,21486
SZ,300364,-0.56,14985,16530
SH,600808,0,14979,19329
SH,605389,-2.67,14974,15834
SH,688382,2.83,14948,14948
SZ,000537,3.13,14925,14925
SZ,001337,-3.57,14914,14914
SH,600761,3.91,14910,14910
SH,601019,2,14900,14900
SZ,301005,-5.42,14891,15201
SH,600459,-4.34,14883,16128
SH,600621,0.65,14853,14853
SZ,300170,-0.12,14834,15533
SZ,003018,-5.24,14829,16363
SZ,000927,2.51,14823,14823
SH,603026,-2.9,14811,14811
SH,688401,-9.1,14811,14811
SZ,000902,2.61,14810,16261
SH,688020,-1.02,14767,14767
SZ,002326,-0.7,14733,16865
SH,603317,4.44,14731,14731
SH,603119,-2.48,14712,26248
SH,688006,1.46,14699,14699
SH,600531,-5.3,14656,14656
SH,688029,3.61,14652,14652
SH,600548,-0.34,14538,21521
SZ,002508,2.77,14535,14713
SZ,000620,-5.17,14529,18261
SZ,002250,7.55,14525,14605
SH,688107,-5.57,14507,14507
SH,603733,-4.2,14490,14490
SZ,002643,-2.9,14463,14682
SH,603355,-0.5,14455,14455
SH,601858,1.22,14450,14450
SH,601702,-1.29,14449,14449
SZ,001339,-1.67,14443,29259
SH,688383,-0.28,14436,14436
SH,688615,-0.61,14420,20884
SH,688090,4.6,14375,14375
SZ,002405,-1.92,14370,14458
SZ,000778,1.65,14367,14624
SH,600872,3.56,14364,14425
SH,600022,2.29,14336,14336
SH,600056,0.84,14325,14331
SH,603025,-0.68,14308,14405
SZ,301171,0.18,14299,17622
SH,601375,0.73,14238,19175
SZ,300184,-8.4,14213,15524
SZ,002320,0.96,14175,14175
SZ,300436,5.56,14144,16476
SH,601568,1.42,14141,14141
SH,603826,-2.06,14080,14080
SH,603989,-6.95,14069,14069
SZ,001286,-0.09,14054,39038
SZ,002838,-3.6,14041,15969
SH,688059,-5.88,14037,14998
SZ,000685,4.26,14037,16527
SZ,300684,2.32,14036,20576
SZ,000539,-6.94,14029,28824
SH,600267,2.33,13998,13998
SZ,002534,-2.91,13990,14169
SH,600452,-0.54,13952,13952
SZ,000603,-3.76,13941,14427
SZ,002645,-4.82,13924,15416
SZ,002896,-1.08,13873,13873
SZ,300835,-5.9,13828,19730
SZ,002901,2.29,13803,19815
SH,688158,-1.74,13800,15512
SH,688779,0.42,13775,13775
SH,603456,3.58,13772,13772
SZ,002176,-2.17,13767,13787
SH,603389,-5.32,13755,13755
SZ,300999,2.55,13745,137329
SH,600360,-9.99,13742,13742
SZ,002979,0.54,13741,19493
SH,688100,0.9,13722,13841
SZ,301666,-5.01,13701,225389
SZ,000088,0.93,13695,22514
SZ,301150,-5.03,13685,14589
SH,600320,1.72,13671,21710
SZ,001301,5.08,13655,19142
SZ,002755,0.55,13616,13616
SZ,000422,0.55,13615,13997
SZ,002568,4.02,13596,18583
SH,688538,-1.25,13575,32590
SH,600779,2.65,13572,13572
SZ,000581,2.03,13560,16513
SH,600933,1.55,13538,14214
SZ,300469,-2.3,13535,13541
SZ,301071,-4.09,13505,18371
SH,600201,1.93,13497,13497
SH,688353,-3.48,13495,13495
SH,600651,-0.54,13488,13488
SH,603505,-0.92,13484,13484
SZ,000534,-3.58,13478,13666
SH,600710,2.28,13473,13473
SH,600403,9.96,13460,13460
SZ,000070,-4.02,13459,13642
SZ,000089,2.99,13412,13412
SZ,002969,0.25,13408,13479
SZ,300302,-4.21,13399,17412
SZ,000680,3.98,13397,15286
SH,600456,2.04,13368,13368
SH,601778,-2.44,13366,13366
SZ,002867,1.98,13348,13427
SH,688584,-8.29,13348,26018
SH,600816,1.24,13345,24020
SZ,002167,-2.98,13308,13588
SH,600167,1.55,13306,13306
SH,600361,1.71,13288,13288
SZ,002410,1.32,13283,13975
SH,603991,-9.99,13275,22641
SH,688055,-3.39,13267,13267
SZ,300455,-2.13,13265,13437
SH,688088,0.3,13259,13259
SH,600675,2.34,13241,13241
SZ,002897,-5.16,13238,13917
SH,600151,-2.74,13195,13195
SZ,300613,-5.68,13188,13981
SZ,002507,1.78,13188,13224
SZ,002408,1.05,13178,13617
SZ,000799,3.84,13165,13166
SH,603868,0.23,13151,13151
SH,600064,1.2,13116,13116
SZ,002946,4.83,13110,13263
SZ,301486,-4.8,13088,23121
SZ,002911,0.78,13076,13397
SZ,300253,3.22,13075,15519
SH,601827,-1.13,13075,13075
SH,688138,-13.76,13074,13074
SZ,300938,-1.46,13062,15049
SH,600633,2.29,13048,13048
SH,688321,13.21,13034,14156
SH,688559,-5.22,13025,13025
SH,603538,8.89,13005,13121
SZ,000612,0.28,12995,12995
SZ,002151,-1.96,12988,15924
SH,600363,-0.34,12972,12972
SZ,002249,0.29,12959,17162
SZ,301021,-5.14,12949,12963
SH,603305,-0.35,12932,12932
SZ,002654,-7.09,12932,12933
SH,603882,4.07,12930,13018
SH,600343,-10.01,12898,12898
SH,600285,0.22,12888,12902
SZ,300065,-7.01,12875,14142
SH,600211,1.63,12873,12873
SH,600258,4.16,12863,12863
SZ,000700,-0.35,12843,12843
SH,603707,1.15,12828,12828
SH,688809,-10.48,12826,64132
SH,603613,1.71,12826,12826
SZ,002745,-2.27,12769,17810
SH,603515,-0.51,12746,12849
SH,688068,9.88,12745,12745
SZ,300077,-4.46,12714,15224
SZ,002947,-5.77,12701,16410
SZ,300726,-5.34,12701,24393
SH,605196,-0.82,12649,12800
SZ,002010,1.1,12629,12659
SZ,301029,0.44,12605,17307
SH,601965,0.96,12600,12653
SZ,301219,-3.27,12588,17637
SH,600755,1.55,12580,12612
SH,600057,3.09,12576,17062
SH,600416,-1.49,12574,12574
SH,600475,-2.41,12569,12743
SZ,002399,2.03,12547,14761
SZ,300166,-3,12536,15760
SZ,002617,-3.88,12524,12734
SH,600155,5.61,12507,12507
SZ,000785,2.87,12480,13388
SH,601339,6.55,12446,12446
SH,600529,0.81,12436,12436
SH,600827,-0.5,12434,13827
SZ,002563,-1.91,12426,15168
SH,603267,-5.39,12418,12418
SZ,002655,0.26,12408,12432
SH,688262,-6.6,12395,12395
SZ,002906,1.55,12391,12399
SZ,301015,1.95,12377,12378
SZ,300761,1.46,12372,16436
SZ,300607,0.47,12363,17471
SZ,002354,-1.67,12355,12575
SZ,002174,0.08,12348,12355
SH,688182,-3.89,12332,12332
SH,600113,1.22,12331,12623
SH,600575,0.32,12319,22719
SZ,002936,1.16,12301,15911
SZ,002929,0.18,12301,16266
SH,600717,1.43,12300,12300
SZ,002297,0.56,12282,12282
SZ,002531,-9.83,12275,12345
SH,605507,1.88,12275,12275
SZ,002741,-2.4,12275,13388
SZ,301338,-5.62,12263,16831
SH,600764,0.82,12237,12237
SH,603040,5.39,12237,12301
SZ,300296,4.14,12230,14319
SZ,002287,0.99,12230,12255
SH,688378,0.6,12193,13228
SZ,002226,1.55,12185,12185
SZ,300331,-6.06,12175,14232
SZ,300034,0.57,12173,12648
SZ,002701,1.93,12173,12184
SH,688153,-3.15,12168,12793
SZ,300593,2.08,12148,14637
SH,688202,8.61,12140,12140
SH,600420,1.69,12138,12138
SH,688046,19.98,12111,12111
SZ,300769,-2.46,12104,13471
SZ,002268,1.13,12104,12110
SH,688031,-2.13,12100,12100
SZ,000973,6.66,12093,30728
SH,600345,3.89,12088,18834
SH,600315,1.41,12080,12080
SH,600461,1.4,12071,12071
SH,603052,-2.94,12071,12071
SH,600271,0.31,12044,12044
SZ,000567,3.17,12042,12079
SZ,301275,-0.36,12025,16883
SZ,002815,-8.36,11999,19055
SZ,300779,-0.54,11999,15703
SH,600409,1.22,11994,11994
SZ,300204,14.42,11990,12628
SZ,300070,1.16,11987,12648
SZ,002153,0.94,11982,20442
SZ,300409,-0.67,11976,13627
SZ,301183,-3.9,11975,16336
SZ,002183,-0.85,11972,11972
SH,600916,0.42,11962,11962
SZ,300133,1.7,11948,13461
SH,600367,-7.17,11900,12608
SH,600116,6.52,11874,11874
SH,600301,-7.38,11864,27257
SZ,002091,0.96,11842,12029
SZ,301238,-1.58,11836,11836
SH,601992,2.16,11835,15162
SH,600216,2.14,11826,11953
SH,600063,-1.03,11815,11815
SH,600821,-1.31,11804,11804
SZ,300357,2.27,11798,12765
SH,600850,-0.27,11778,11778
SZ,300457,-1.11,11776,11968
SH,600783,-4.46,11776,11776
SZ,300718,0.03,11729,17819
SH,603297,-4.31,11707,11707
SZ,000810,0.1,11695,12112
SH,688198,3.63,11692,11692
SZ,300382,-6.62,11683,11684
SH,600490,-1.17,11677,12968
SH,688209,-4.7,11673,11673
SZ,000553,-8.05,11669,12488
SZ,000069,2.42,11659,13584
SH,601107,0.56,11636,16452
SH,600776,0.66,11635,15286
SH,603983,-0.16,11633,11633
SH,603888,1.71,11632,11632
SZ,001399,-9.99,11625,197042
SZ,000681,0.47,11623,12043
SZ,000901,-2.47,11622,11622
SZ,000506,-8.28,11609,11613
SH,600759,-5.07,11602,11617
SZ,301127,-2.04,11590,11938
SZ,002993,-3.81,11581,13407
SH,600338,-1.16,11574,11574
SZ,002668,0.09,11567,11567
SH,688662,-2.54,11543,11543
SZ,000990,3.49,11520,11520
SH,603589,4.51,11508,11508
SH,688016,1.3,11500,11500
SZ,000762,-1.9,11499,11500
SZ,002372,2.36,11487,12434
SZ,002847,6.6,11460,12699
SH,688260,4.23,11447,11447
SZ,002597,0.95,11441,11463
SZ,002779,-3,11432,12742
SH,688306,-2.31,11386,11386
SZ,000711,-7.35,11383,14115
SH,605599,2.31,11379,11379
SZ,002096,3.85,11375,11375
SH,600702,5.1,11363,11367
SZ,300229,2.6,11349,11357
SZ,920116,-12.88,11336,11336
SH,688116,-3.55,11322,11322
SH,600664,10.05,11308,11308
SH,688275,-1.91,11290,11290
SH,600184,-4.43,11276,11276
SZ,000156,2.95,11270,12285
SH,688567,1.1,11256,11256
SZ,300459,1.48,11242,12024
SZ,002289,-9.99,11238,11476
SZ,300601,2.21,11237,13939
SH,603556,2.85,11218,11218
SH,600589,0.53,11207,11230
SZ,002024,1.68,11196,11210
SZ,300376,-1.22,11195,11199
SZ,000048,-4.33,11189,11208
SZ,000510,3.72,11174,11946
SZ,000758,-2.08,11163,11206
SZ,000801,0.18,11155,11159
SH,603713,-4.52,11155,11155
SH,603906,-4.8,11153,15672
SZ,002254,-2.74,11135,11219
SH,600744,1.11,11110,11110
SZ,300146,5.65,11106,16765
SZ,002416,0.78,11101,11240
SH,688231,4.3,11093,11093
SH,688376,-6.21,11092,11092
SZ,000592,0.17,11088,11185
SZ,301196,-3.4,11079,16878
SH,688063,-0.85,11078,11078
SZ,002092,3.62,11049,11111
SH,600864,2.31,11048,11048
SZ,002258,7.64,11036,11054
SH,601222,0.19,11023,11023
SH,600859,3.38,11014,11015
SH,601952,1.27,10996,10996
SZ,000028,0.63,10990,12795
SZ,301031,-4.1,10982,13969
SZ,002647,-2.17,10955,12196
SZ,002020,2.31,10910,12976
SZ,300263,-5.48,10906,11571
SZ,002338,-4.78,10872,10872
SH,605318,-0.82,10867,10867
SH,600612,1.09,10861,17917
SZ,300182,2.13,10822,12760
SH,688125,-1.26,10815,10844
SH,600908,0.93,10796,11851
SZ,002807,1.27,10787,10803
SH,688035,-5.61,10780,10780
SH,688698,-2.87,10767,10767
SZ,002011,0.2,10766,10919
SH,688660,5.08,10747,10747
SH,600248,2.11,10747,10770
SH,688797,-12.25,10745,57159
SH,603931,-4.94,10740,10740
SH,603927,0.39,10737,10737
SZ,002440,5.98,10732,12746
SH,688416,-7.73,10730,10730
SZ,300009,1.51,10728,14569
SZ,002413,-0.11,10726,10924
SH,603281,0.19,10725,10725
SH,603690,-6.03,10723,10723
SZ,301207,-0.27,10710,10716
SH,603303,0,10698,10698
SZ,002544,-1.56,10697,10698
SH,600559,3.54,10693,10693
SH,603601,-1.98,10692,10692
SZ,300580,6.95,10685,11358
SH,688381,-5.67,10682,10682
SZ,002119,-5.09,10681,10681
SZ,300224,-1.36,10673,10712
SH,688663,-0.02,10664,10664
SH,603341,0.55,10654,20914
SH,600773,-1.23,10648,10648
SZ,002217,-2,10628,10920
SZ,300304,-5.82,10622,10915
SH,603992,-1.99,10620,10620
SZ,000035,1.55,10617,10961
SH,605060,-2.17,10611,10685
SH,600006,1.34,10600,10600
SH,603936,-5.13,10597,10848
SH,600635,0.92,10594,12932
SZ,300777,-3.48,10592,10808
SH,688513,4.05,10571,10571
SZ,300042,-9.36,10564,10565
SZ,002385,1.67,10529,13072
SZ,002839,2.13,10525,10535
SZ,002565,-0.39,10515,10515
SZ,300775,-0.34,10505,10820
SZ,301369,-6.57,10504,19593
SZ,001280,-0.97,10502,125022
SZ,000099,1.12,10488,10488
SZ,301267,3.53,10472,13566
SZ,301039,5.41,10472,13512
SZ,300185,0.74,10462,10978
SZ,300913,-2.13,10459,12542
SZ,000998,-0.86,10450,11682
SH,600993,0.75,10431,10449
SH,603124,-7.31,10430,19587
SH,600882,-0.04,10428,10428
SH,688669,-2.77,10425,10425
SZ,002139,-0.5,10422,12132
SH,601678,-1.73,10401,12262
SZ,920045,-3.12,10400,35174
SH,603118,-7.35,10400,10400
SH,605006,-3.8,10399,10399
SH,603235,1.41,10397,10397
SH,601022,0.63,10391,10391
SZ,002541,6.73,10390,14449
SH,601900,2.71,10381,10381
SZ,300353,-3.16,10380,11818
SH,688456,-3.5,10379,10379
SH,603093,1.25,10371,13025
SZ,002865,-2.7,10365,14433
SH,601163,0.47,10360,10360
SH,600268,-2.1,10358,10362
SZ,002931,-2.69,10354,11242
SZ,002698,0.91,10349,12537
SZ,002980,10.01,10345,19345
SZ,000828,1.43,10343,10343
SZ,300428,0.58,10342,11881
SZ,002549,-7.26,10330,10375
SH,603890,2.44,10322,10322
SZ,002051,-0.35,10302,10302
SZ,002182,-0.74,10300,11802
SZ,000061,1.59,10299,11394
SH,688160,1.68,10286,10286
SZ,002081,1.3,10286,10329
SH,603608,0.83,10286,10286
SZ,300674,1.81,10278,10293
SZ,300049,4.41,10236,11568
SZ,300026,2.71,10235,10244
SZ,300468,1.42,10215,10231
SZ,000727,0.45,10192,10192
SZ,300315,2.56,10191,10858
SZ,300244,2.27,10185,12693
SZ,002400,1.9,10184,10286
SH,601619,1.7,10177,12176
SZ,002583,-0.37,10159,14403
SH,600507,5.28,10155,10155
SH,600480,0.36,10154,10230
SH,688112,-3.55,10150,10150
SH,688351,1.41,10146,10146
SZ,002607,0.55,10144,11286
SZ,300596,-3.79,10129,10351
SH,603163,-9.99,10125,10125
SZ,301293,1.72,10114,10114
SZ,000690,1.97,10111,10118
SH,600395,0.64,10111,10111
SH,688508,-2.31,10090,10090
SZ,002718,-2.24,10085,13891
SH,603393,-1.77,10068,10068
SH,600383,2.76,10068,10068
SH,600458,-3.02,10023,10990
SH,603693,0.45,10020,10020
SH,600509,1.82,10006,10006
SH,603099,0.6,9998,9998
SZ,002204,1.37,9985,9985
SH,600129,2.67,9981,9981
SH,603027,2.46,9981,9981
SZ,002557,2.33,9959,9991
SH,603859,-2.48,9954,10837
SZ,002246,-0.1,9954,9954
SZ,002310,10.24,9942,13558
SH,605016,4.69,9937,9937
SZ,300682,1.58,9932,10383
SZ,300486,-2.24,9926,9929
SZ,300007,-0.95,9926,11487
SH,600210,2.19,9919,9919
SZ,301363,-0.98,9919,15123
SH,600787,1.56,9917,9917
SH,605178,1.71,9909,9909
SZ,301392,-3.77,9906,24281
SH,688105,3.62,9905,9905
SZ,000767,1.49,9902,10462
SZ,301216,-3.6,9896,10542
SH,601005,0.85,9893,11435
SZ,002373,2.13,9891,11346
SZ,002675,1.76,9880,10959
SH,688677,-3.8,9859,9859
SH,688261,-11.06,9858,9897
SH,603218,1.27,9857,9866
SH,601882,-0.25,9850,9850
SH,600986,2.8,9832,9832
SZ,002984,1.55,9831,14270
SH,688325,-0.44,9831,10162
SZ,300693,-3.74,9802,11405
SH,603319,-6.5,9784,9784
SZ,300277,-2.73,9782,19382
SZ,002922,-3.74,9779,10962
SZ,002792,-0.27,9773,15155
SZ,301606,4.85,9771,24571
SZ,002348,-3.47,9767,10736
SZ,301013,-6.33,9763,12059
SZ,300377,6.24,9763,10612
SH,603125,-1.34,9744,9744
SZ,002031,-2.11,9740,11195
SZ,002987,2.12,9737,10014
SZ,301489,-3.93,9714,15784
SH,688605,-6.45,9709,18135
SZ,301087,0.4,9678,11769
SH,688221,2.14,9672,9672
SH,603328,-6.46,9665,9665
SZ,002842,-5.9,9657,11768
SH,600662,2.17,9653,9682
SZ,002181,1.07,9644,9869
SZ,000656,2.42,9636,13448
SZ,002426,-9.28,9629,9629
SH,603360,0.22,9626,9626
SH,600648,2.55,9614,11491
SZ,002439,1.78,9596,15954
SH,688486,-2.42,9595,9596
SH,605123,-1.43,9589,9589
SH,603211,-2.02,9584,9584
SZ,000837,-0.62,9580,9730
SZ,300638,3.61,9580,16241
SH,603039,0.78,9565,9565
SZ,000839,1.67,9564,9564
SZ,002978,2.45,9564,12225
SZ,301086,-3.4,9564,18364
SH,600373,3.05,9553,9553
SZ,000823,-5.3,9549,9549
SZ,000516,2.61,9547,9694
SH,688165,-0.15,9543,9543
SH,688327,1.24,9543,11887
SH,601811,2.38,9542,14868
SH,688507,-1.61,9542,17270
SH,603185,1.59,9540,9597
SH,600058,-3.46,9540,9540
SH,601949,3.09,9539,9539
SH,600446,2.43,9526,9526
SZ,000401,2.26,9526,9623
SZ,000899,1.24,9523,9523
SZ,000950,2.78,9489,9489
SZ,300008,-0.16,9488,9953
SZ,301090,0.78,9487,9497
SZ,002276,0.43,9487,9524
SZ,002965,-0.63,9483,13216
SZ,002169,-5.8,9476,9776
SH,600198,-1.21,9465,9477
SH,600037,7.26,9464,9464
SZ,000917,4.22,9454,9455
SZ,301345,5.02,9454,29431
SZ,002967,1.06,9429,10977
SH,600971,5.94,9420,9420
SZ,003009,1.08,9405,9407
SZ,000049,-1.72,9379,9381
SZ,002387,-9.67,9374,9386
SZ,001914,3.37,9368,9368
SZ,300363,3,9356,10260
SZ,300827,-0.03,9351,13450
SZ,000555,-1.43,9347,9358
SZ,000949,3.87,9342,9345
SH,603323,0.72,9326,9326
SH,600757,2.81,9320,9321
SH,688726,-2.3,9314,17166
SH,601886,4.98,9313,9313
SZ,002061,1.13,9305,9574
SZ,300415,4.43,9302,9620
SZ,002730,-7.62,9298,9729
SH,603883,2.6,9296,9296
SH,688328,-7.58,9296,9296
SH,600123,4.82,9296,9296
SH,600597,2.28,9291,9291
SZ,000552,0.81,9277,13326
SZ,002083,0.62,9277,9277
SH,603045,2.4,9264,9264
SZ,002003,2.6,9260,10771
SZ,000031,0.93,9258,9258
SH,688611,-1.54,9257,9257
SZ,300868,-5.85,9239,14638
SH,688103,2.11,9239,9239
SZ,002366,-0.79,9233,10384
SH,600163,0.41,9230,9230
SZ,002539,2.17,9227,12524
SH,600269,-4.81,9225,9225
SZ,002891,9.98,9219,9219
SH,688076,2.21,9216,9216
SH,600391,-1.61,9207,9207
SZ,002043,3.92,9206,9459
SH,688179,3,9199,9199
SH,603583,3.93,9197,9281
SH,600718,-0.38,9165,9165
SH,688337,-2.77,9164,10779
SH,601860,1.18,9163,9445
SH,601311,1.17,9162,9162
SZ,000795,-0.6,9153,9153
SH,688289,3.54,9149,9149
SZ,002706,-2.24,9135,11220
SZ,002626,3.81,9130,9131
SZ,002293,0.64,9124,9201
SH,600740,2.3,9121,9121
SH,603599,4.06,9103,9103
SZ,000833,-2.99,9097,16082
SZ,002705,-1.13,9086,9134
SZ,300118,0,9083,11172
SZ,002511,0.7,9083,9236
SZ,000403,4.1,9078,9171
SZ,301232,2.34,9073,15278
SH,600649,1.69,9066,9066
SZ,000410,2.23,9047,12159
SZ,300499,-6.13,9043,10171
SH,600728,1.44,9042,9042
SZ,002100,1.53,9038,9038
SZ,002961,1.23,9038,9038
SZ,300053,-3.06,9033,9673
SH,600307,2.86,9019,9019
SZ,000815,-1.43,9018,9018
SH,688139,4.17,9017,9017
SZ,002515,3.16,8991,9879
SH,688128,1.37,8980,8980
SH,603103,2.61,8968,8968
SH,688239,2.98,8963,8963
SH,688277,8.72,8960,8960
SH,688091,4.94,8956,8956
SZ,300990,-4.39,8951,19709
SH,688161,1.87,8936,8936
SZ,002345,6.19,8932,9152
SH,688550,-3.56,8930,8930
SH,688543,-1.1,8917,8917
SH,600328,1.5,8915,8915
SH,603619,-6.72,8909,8909
SZ,300480,-5.11,8907,12206
SZ,002759,-9.98,8892,8900
SH,603065,-9.97,8878,8878
SH,603915,0.97,8878,9030
SZ,300420,6.43,8863,8864
SZ,001227,1.45,8857,11961
SZ,301381,13.6,8853,8861
SH,603300,1.84,8836,8836
SH,601528,1.71,8833,9340
SZ,002079,-6.27,8831,9893
SH,600072,0.49,8829,12230
SZ,300322,-2.38,8809,9201
SH,600645,2.56,8808,8811
SZ,301047,1.57,8806,8957
SH,605133,-10,8805,8903
SZ,000923,3.32,8791,9138
SH,688515,-7.16,8787,14110
SH,603057,0.14,8780,8846
SH,601089,2.24,8760,8760
SZ,300790,-3.87,8756,9964
SH,603712,0.8,8754,8754
SZ,300440,0.3,8752,8785
SH,603100,1.12,8737,8765
SZ,002019,1.77,8737,12614
SZ,300687,-12.56,8732,10909
SH,600782,2.97,8713,8820
SH,600545,-2.98,8707,8707
SZ,001308,-0.1,8707,12582
SH,688628,-5.74,8697,8697
SH,605168,1.8,8696,8696
SZ,000006,-0.45,8694,8694
SZ,000600,0.89,8688,14372
SH,688083,-0.46,8681,8681
SZ,300529,2.36,8680,13528
SZ,002458,-0.21,8678,12852
SZ,002832,5.34,8676,12715
SZ,000536,-1.56,8676,8685
SZ,300855,-1.49,8660,11692
SZ,300842,-4.19,8640,9721
SZ,002233,0,8636,8642
SZ,000930,1.31,8632,8632
SZ,300576,-5.66,8626,13705
SH,688312,-3.48,8612,8612
SH,688798,-0.08,8612,14790
SZ,301078,2.71,8603,8612
SZ,002361,-1.66,8600,10110
SH,600326,0.64,8597,8597
SZ,002243,4.09,8586,8632
SH,600567,1.49,8578,8578
SH,600185,2.48,8577,8577
SZ,002579,-9.58,8576,9005
SZ,000761,2.67,8566,9490
SZ,000848,1.68,8564,8639
SZ,301177,0.61,8564,8570
SZ,002053,0.54,8563,8563
SH,601038,1.12,8561,13147
SZ,300327,-5.35,8553,8616
SH,600020,0.26,8540,8540
SZ,002170,0,8532,10519
SH,600666,0.29,8532,9382
SZ,002332,2.49,8526,8567
SH,600481,-1.89,8505,8505
SZ,002062,10.04,8503,9354
SZ,002283,-1.5,8494,9651
SH,600376,0.3,8487,8487
SZ,000065,0.81,8482,10105
SH,603626,-3.47,8473,8473
SZ,002099,-0.37,8472,8482
SZ,000980,1.82,8471,8471
SZ,300188,2.48,8470,8509
SZ,300739,-5.36,8469,9217
SH,603223,-3.38,8456,8456
SH,600812,2.07,8441,8441
SH,600997,2.51,8431,8431
SZ,000550,1.56,8430,14036
SH,688783,-8.44,8407,183316
SH,603508,1.43,8403,8403
SH,688439,-1.07,8400,8400
SZ,002674,-9.99,8400,8485
SZ,300725,0.85,8382,9668
SZ,301191,-4.18,8380,11115
SZ,301248,0.87,8379,11465
SH,688739,1.85,8377,8475
SH,603033,1.85,8374,8528
SH,605305,-1.98,8373,8373
SZ,002272,1.33,8367,9940
SZ,000818,-0.85,8359,8382
SZ,300139,-5.42,8346,9787
SZ,000829,4.9,8336,8344
SH,600017,1.12,8335,8335
SH,688552,-0.71,8330,8330
SH,688135,-7.95,8324,8324
SZ,002150,-2.27,8310,8365
SZ,300624,1.61,8310,9383
SH,688190,-3.64,8299,8299
SZ,002368,-1.39,8292,8333
SH,688428,0.3,8288,53745
SH,688789,-0.64,8288,8288
SH,603985,-6.36,8288,8288
SH,600266,-0.24,8282,8282
SZ,002392,-2.04,8276,8512
SH,603219,0.48,8269,8269
SH,600162,10,8269,8269
SZ,002004,2.57,8268,8692
SZ,301510,-2.24,8258,11832
SH,600639,0.83,8256,10899
SZ,300101,-1.61,8246,8274
SH,603013,0.62,8243,8243
SZ,002585,-1.99,8238,10603
SZ,300846,-0.89,8236,9980
SZ,301382,-2.21,8228,9942
SH,603809,0.56,8218,8218
SH,688050,-0.95,8215,8215
SZ,301189,4.57,8199,8495
SH,688678,-1.06,8195,8195
SH,688757,-3.26,8195,18238
SZ,002985,0.45,8194,8217
SZ,300401,-3.9,8174,8308
SZ,002350,-1.9,8165,8346
SH,688818,-3.43,8159,107342
SH,605319,0.47,8157,8203
SH,603533,2.82,8150,8150
SH,600094,-0.51,8143,8905
SZ,002216,2.55,8127,11333
SZ,301307,-4.39,8116,15713
SZ,301326,-4.45,8113,8185
SH,688478,-4.93,8096,8096
SH,603327,0,8092,8092
SH,601828,4.67,8092,9752
SZ,300137,2.62,8088,8188
SH,603995,1.05,8083,8083
SZ,000885,0.8,8077,8077
SH,688586,-0.19,8072,8072
SH,600133,-1.16,8071,8071
SH,603112,-1.75,8051,8132
SZ,000860,6.06,8048,8048
SZ,300634,-0.15,8043,8356
SH,600640,0.89,8042,8042
SZ,002292,5.21,8011,11637
SH,688062,5.87,8010,15542
SZ,301176,-5.91,8004,8249
SH,688253,0.22,8004,8004
SZ,300497,1.09,8001,9523
SH,600770,-2.06,7995,7995
SH,600936,1.49,7988,7988
SZ,300328,-1.1,7983,8023
SH,600502,2.42,7982,7982
SH,688177,4.56,7979,7979
SH,603687,-6.2,7970,7970
SZ,300045,-2.08,7967,10225
SH,688556,-0.92,7959,7959
SH,688788,-3.88,7957,7957
SH,605100,-2.21,7953,7991
SZ,301091,0.94,7946,7946
SZ,000719,3.75,7946,12186
SH,688079,-5.43,7942,8083
SZ,300378,-1.46,7940,8000
SH,603220,-4.73,7934,9799
SH,603477,1.17,7932,8132
SH,600935,0.44,7927,8124
SH,600996,-0.93,7917,7917
SZ,000922,-2.76,7916,9366
SH,603169,1.34,7916,7916
SH,688697,-2.82,7914,7914
SZ,002960,0.12,7910,8609
SZ,002346,-0.83,7909,8907
SZ,300294,3.64,7902,7902
SZ,300861,-3.14,7902,12584
SH,600736,2.69,7898,7898
SZ,002733,-3.29,7897,8226
SZ,002516,0.19,7887,7943
SZ,002342,-7.8,7886,7930
SZ,002221,0.19,7860,8480
SH,605222,-2.45,7854,7854
SZ,002267,0.14,7851,7851
SZ,002928,0,7848,7848
SH,603053,0.68,7840,7840
SH,603155,1.31,7838,7838
SH,603227,1.95,7834,7834
SH,688598,-5.27,7817,7971
SH,688252,-3.91,7812,7812
SH,603612,-0.18,7810,7810
SH,688799,11.94,7806,7806
SH,605008,4.95,7803,7803
SZ,003043,-0.83,7803,11982
SZ,002737,1.75,7796,7796
SH,688305,-2.31,7791,7832
SZ,002115,0,7791,8405
SH,688191,-2.13,7790,7790
SZ,300072,0.91,7787,7848
SH,600973,0.53,7776,7776
SH,688155,-2.26,7771,7771
SH,601718,-1.65,7763,7763
SZ,300741,0.24,7760,7760
SZ,300731,-4.23,7760,8176
SZ,301286,1.91,7756,19241
SZ,300416,-3.27,7751,7806
SH,601929,1.37,7747,7747
SH,600478,0.22,7745,7745
SH,688230,-1.22,7730,7730
SZ,000593,10,7729,7732
SH,688093,-2.22,7727,7727
SH,600929,0.64,7725,7725
SZ,002639,-0.92,7711,9106
SH,600399,1.56,7711,7711
SZ,001314,5.77,7706,8836
SZ,002580,-2.4,7703,7729
SZ,301327,0.71,7702,7702
SZ,002488,-0.47,7692,8322
SZ,002782,-2.46,7688,7834
SZ,300174,-3.93,7686,7729
SH,603181,-0.9,7683,7683
SZ,300985,-5.52,7679,7679
SH,603416,2.77,7672,8631
SZ,300540,-5.01,7670,8444
SH,688108,0.6,7669,7669
SH,600686,2.99,7665,7665
SH,603050,-0.41,7663,7663
SH,600335,2.18,7660,7660
SH,600587,2.77,7650,7650
SH,600556,-0.23,7647,7647
SH,688710,3.96,7645,11883
SZ,002251,3.8,7641,9545
SZ,002386,1.38,7639,7641
SZ,000869,2.38,7637,11028
SH,600917,0.2,7633,7633
SH,688418,-2.19,7625,7625
SZ,002990,-5.61,7620,14457
SZ,002075,2.36,7613,7613
SH,688612,-2.64,7612,12613
SZ,300900,-5.69,7611,9714
SZ,301607,-7.06,7603,11728
SZ,002275,1.41,7599,8014
SZ,300770,2.21,7596,7596
SH,600389,-0.16,7592,7592
SZ,002971,-4.02,7591,9931
SZ,001298,-5.95,7582,8049
SH,605167,-2.23,7577,7577
SH,603043,0.98,7571,7635
SH,605488,-0.24,7570,8281
SZ,301379,-6.17,7569,9613
SZ,002190,-0.74,7562,7562
SH,601686,0.39,7545,7545
SZ,000012,-2.52,7543,11714
SH,600724,-0.37,7543,7544
SZ,002324,0.31,7538,10801
SH,603919,2.27,7533,7533
SH,600055,0.85,7523,7523
SZ,301263,4.93,7519,10539
SZ,002681,-0.82,7517,8596
SZ,002041,1.31,7506,7506
SH,600708,3.69,7499,7511
SZ,300976,-2.74,7494,11651
SZ,300910,3.25,7493,10698
SH,688577,1.37,7490,7490
SH,600488,6.03,7490,7490
SH,600305,1.34,7489,7501
SZ,002017,-0.14,7483,7488
SZ,002030,2.3,7480,7480
SZ,000712,0.97,7479,7482
SZ,300772,0.75,7474,8427
SH,605007,2.21,7470,7488
SH,600771,0.93,7460,7460
SZ,300130,1.3,7459,9746
SZ,301099,-7.55,7450,12242
SZ,301228,-2.14,7445,7480
SZ,002097,1.31,7444,7458
SZ,002106,-3.99,7444,7453
SH,603010,-8.81,7437,7623
SZ,300819,-1.51,7433,8230
SZ,300595,2.59,7420,9938
SH,605333,-0.92,7420,7420
SZ,300516,1.38,7419,7419
SZ,300482,2.25,7419,8075
SZ,002761,1.48,7410,9075
SZ,002125,2.35,7409,7409
SZ,002434,-1.73,7409,7416
SH,600557,0.93,7405,7405
SH,600676,-0.27,7405,7405
SZ,000650,2.02,7403,7784
SH,600370,-2.12,7402,7402
SH,600075,2.61,7395,7395
SZ,300852,-6.77,7393,7658
SH,603299,0.85,7384,9032
SH,601595,3.65,7377,7377
SZ,300766,4.2,7377,8136
SH,600789,2.1,7375,7630
SH,600746,9.93,7369,7369
SZ,002796,-0.05,7369,8167
SZ,300035,-0.38,7368,8657
SZ,002703,-0.15,7361,10332
SH,603680,-1.56,7359,7359
SH,688699,-1.93,7355,7355
SH,603399,-6.75,7351,7351
SH,688307,-4.34,7346,7346
SH,688480,1.41,7344,7344
SZ,300969,-0.95,7341,15393
SH,600751,2.15,7334,8263
SZ,002034,2.37,7322,7353
SZ,002023,-0.79,7320,7320
SZ,002943,-3.02,7316,10337
SZ,300641,-1.2,7316,7316
SZ,002110,3.44,7312,7312
SH,688326,2.7,7301,7845
SH,603496,-4.51,7301,7301
SZ,300527,0.56,7300,7300
SZ,000628,-2.86,7297,13373
SZ,000402,0,7292,7293
SZ,000498,1.01,7276,7793
SZ,002785,-3.06,7275,8521
SZ,920394,0.42,7275,7329
SZ,300276,-0.71,7273,9639
SZ,002446,-2.72,7257,7836
SH,688626,1.34,7251,7251
SH,688087,3.62,7251,7555
SZ,300031,-0.67,7249,8626
SZ,000551,-3.54,7249,7252
SH,600693,4.12,7247,7255
SH,603279,2.61,7245,7245
SZ,002215,1.13,7242,9002
SZ,002588,2.43,7230,9699
SH,600117,2.3,7226,7226
SZ,301571,-0.74,7213,10861
SZ,300834,-1.54,7208,7256
SZ,301678,-5.01,7203,12416
SZ,300685,3.13,7195,7205
SZ,000813,1.78,7192,7193
SZ,301498,8.3,7188,16051
SZ,301069,-0.93,7178,7622
SH,600059,2.21,7174,7174
SH,603977,-1.86,7163,7163
SH,688049,-2.73,7150,7150
SZ,300740,3.96,7148,7748
SZ,000544,0.83,7144,7144
SH,600125,1.48,7141,7141
SH,601579,3.62,7134,7134
SZ,002006,-0.06,7132,7132
SZ,000928,2.05,7130,7130
SH,605598,-3.19,7125,7125
SZ,000059,0.68,7117,7118
SZ,000676,9.92,7114,7118
SH,603229,2.15,7099,7099
SH,688518,-2.02,7096,7096
SH,688787,-2.19,7094,7094
SH,688488,7.12,7086,7086
SZ,002935,-2.67,7081,7235
SZ,000859,-1.98,7078,7078
SZ,920982,12.53,7075,14678
SZ,300820,-2.86,7073,14059
SZ,002885,-4.76,7061,8062
SH,603466,2.24,7061,7061
SH,600955,-9.95,7057,7057
SH,603367,3.18,7054,7054
SH,600861,2.9,7054,7439
SH,600846,-0.78,7047,7047
SH,600657,3.35,7044,7044
SH,601330,0.99,7042,10186
SH,600903,0.33,7042,7042
SZ,002108,3.39,7037,7040
SH,600925,0.69,7034,30173
SH,600078,2.71,7030,7181
SH,600251,1.92,7024,7024
SZ,300939,-5.56,7021,7021
SZ,300337,0.2,7000,8088
SH,688691,-7.46,7000,11513
SH,600683,-1.45,6993,6993
SZ,301312,-6.16,6988,13891
SZ,300151,0,6987,10091
SH,601908,-0.68,6978,6978
SH,600590,-2,6976,7053
SZ,301357,1.12,6974,6974
SZ,002121,-2.75,6974,8262
SZ,003039,0.89,6966,6966
SZ,000989,5.91,6962,8585
SZ,300298,2.04,6957,8648
SZ,300171,2.32,6949,9458
SH,688758,1,6945,9699
SZ,002605,2.71,6930,8556
SZ,000008,-1.91,6927,6927
SZ,300850,-0.25,6924,9532
SH,600713,-0.36,6913,7012
SZ,300109,0.91,6909,7701
SH,601226,0.51,6904,6904
SH,603166,1.41,6901,6954
SZ,002941,1.07,6896,6896
SZ,002471,-0.57,6892,7022
SZ,301529,-1.28,6884,12824
SH,688622,-4.14,6883,6883
SH,603459,-8,6872,65524
SZ,300168,1.92,6865,6872
SZ,000755,-0.2,6838,6838
SZ,301080,1.11,6837,9038
SH,600780,0.85,6822,6822
SZ,300566,-9.96,6816,7881
SZ,300252,-4.23,6811,8341
SZ,301215,0.98,6810,6818
SZ,300153,-2.45,6806,6842
SZ,300400,-3.98,6802,6825
SH,601096,0.98,6802,11075
SZ,000030,1.5,6801,7000
SZ,000589,1.38,6794,6839
SH,688720,-8.28,6785,10643
SZ,300520,-1.51,6782,7018
SH,600874,1.1,6780,8653
SZ,000036,4.32,6776,6780
SZ,002827,1.61,6776,6801
SH,605288,1.55,6771,6817
SZ,300706,-8.86,6768,9129
SZ,300259,6.55,6767,6769
SH,605128,-0.73,6766,6766
SZ,002284,2.44,6765,6829
SZ,002550,2.28,6758,9189
SH,600748,2.23,6751,6751
SZ,300483,-9.81,6750,6755
SZ,002734,0.45,6750,7395
SH,688419,-6.75,6748,6748
SH,605011,2.24,6746,6746
SZ,301209,5.8,6739,7889
SZ,000597,1.27,6736,6821
SH,601388,5.52,6736,6736
SH,688709,-4.71,6719,19296
SZ,002970,-4.55,6719,9778
SZ,300180,0.77,6714,6903
SZ,002810,2.51,6713,7270
SH,688733,-12.42,6712,6712
SZ,300435,-4.26,6702,7008
SH,603135,-2.02,6698,6748
SH,600987,0.92,6697,6697
SH,603311,0.32,6685,6685
SH,605365,-0.51,6682,6682
SZ,000566,10.04,6678,6681
SZ,300689,-1.56,6678,7630
SZ,002631,-3.21,6674,6705
SZ,001359,-8,6670,26681
SH,688708,-0.03,6670,18714
SZ,002082,1.38,6667,7181
SZ,300265,-2.45,6664,6668
SH,688386,-4.65,6661,7291
SZ,000026,-0.04,6661,7413
SZ,002173,-6.33,6658,6981
SZ,002239,2.06,6652,8717
SZ,300895,-1.5,6652,6778
SH,600962,0.83,6650,6650
SZ,002546,-4.04,6642,6914
SH,600195,4,6637,6637
SZ,300098,0,6629,7472
SH,603595,-1.44,6629,6629
SH,603969,10.01,6627,6798
SH,603380,-2.17,6623,6623
SZ,000793,-0.39,6608,10897
SH,688601,0,6608,6608
SH,600325,1.69,6605,6605
SH,605228,-3.41,6604,6630
SH,600400,-1.02,6599,6599
SZ,000908,9.97,6598,13197
SZ,002787,3.5,6597,8838
SZ,002533,-0.09,6593,7589
SZ,002309,10.04,6593,8241
SH,688685,0,6592,6592
SZ,002803,-0.75,6591,9935
SH,603866,3.52,6591,6591
SZ,300222,-1.42,6588,8080
SH,688553,1.81,6581,8118
SZ,000968,-3.4,6579,6579
SH,603071,0.17,6578,6578
SH,688117,3.83,6571,6571
SZ,301321,-2.87,6562,8287
SZ,000601,0.16,6560,6652
SH,600203,-8.21,6553,6553
SZ,002014,0.56,6551,6658
SH,600851,1.72,6548,10707
SH,603517,3.65,6545,6545
SZ,002219,0,6544,6904
SH,603269,-4.77,6535,6535
SH,600510,-3.94,6533,6533
SZ,000631,1.07,6532,6532
SH,600682,2.75,6519,7533
SH,688173,-4.57,6518,6579
SH,688352,-5.61,6509,21162
SH,600894,1.05,6509,6575
SZ,002256,-0.91,6506,6592
SH,600810,1.01,6506,6565
SH,605098,0.79,6505,6505
SH,688635,0,6502,34300
SZ,002448,-0.43,6502,6590
SH,688631,0.33,6498,6498
SH,688621,14.44,6496,6496
SZ,002664,-1.4,6494,6584
SZ,002690,5.35,6489,13198
SZ,003013,2.42,6484,7423
SZ,002437,1.32,6468,6868
SH,600797,1.45,6463,6463
SZ,301050,-0.74,6461,7586
SH,688711,-4.04,6460,6460
SH,688658,5.67,6458,6458
SZ,001391,1.43,6457,51888
SZ,300080,1.47,6454,6463
SZ,300815,0.73,6453,6589
SH,600496,2.21,6448,6448
SZ,300768,-0.7,6445,9863
SZ,000503,2.02,6443,6443
SH,600429,2.38,6439,6459
SZ,002881,-1.11,6439,10687
SH,603197,2.94,6438,6526
SZ,000751,-3.99,6429,7367
SZ,301261,-0.97,6412,6466
SZ,002135,2.85,6409,6849
SH,600975,0.2,6398,6398
SZ,002036,-0.81,6386,6398
SH,603867,-1.52,6382,6435
SH,688499,-0.39,6373,6373
SH,601015,0.97,6373,6373
SH,603137,7.35,6357,6357
SZ,300041,-5.57,6353,6529
SZ,002057,-1.28,6350,6355
SH,603861,-2.82,6348,6492
SZ,002212,-1.8,6348,6416
SZ,001258,3.82,6347,6347
SZ,001212,-0.99,6345,7335
SZ,002242,2.46,6345,6356
SH,603213,0.42,6344,6344
SZ,002214,2.39,6344,7938
SZ,301070,-1.44,6343,9437
SZ,300492,1.72,6343,6343
SZ,300592,-3.04,6341,7214
SZ,002163,2.73,6340,6667
SZ,300221,-3.61,6336,6566
SZ,300909,-3.05,6332,8481
SZ,300528,19.99,6331,6331
SH,603778,-2.18,6319,6488
SZ,300046,-2.47,6318,6318
SH,603368,1.4,6316,6316
SZ,002093,1.29,6307,6307
SH,600643,1.8,6298,6309
SH,688689,-10.14,6294,6294
SZ,300324,0,6293,6358
SZ,300872,-2.67,6293,7278
SZ,300341,0.91,6282,6307
SZ,300493,-2.51,6282,6355
SH,688276,1.47,6279,6279
SH,688181,-3.74,6279,6279
SH,688366,0.53,6278,7403
SZ,300986,-0.54,6277,6281
SZ,301061,1.78,6269,9436
SH,600828,1.12,6268,6270
SZ,002315,6.48,6263,9824
SH,603277,1.38,6262,6303
SH,688226,-5.17,6250,6492
SZ,002470,0,6243,6243
SZ,002140,1.15,6243,6252
SZ,301522,0.22,6243,8389
SH,603200,-3.21,6233,6233
SZ,002042,1.95,6224,6224
SZ,002537,1.72,6217,6234
SH,601515,0.62,6216,6216
SH,605005,0.39,6211,6211
SH,688365,0.62,6209,6209
SZ,300951,-0.01,6207,6945
SH,605208,-2.58,6206,6206
SH,600966,1.09,6203,6203
SH,600769,-3.1,6195,6195
SH,600103,1.08,6195,6274
SZ,002840,4.58,6190,6233
SZ,300164,-6.76,6188,6244
SH,688620,-4,6186,6186
SZ,300678,0.43,6185,6295
SH,603363,1.05,6182,7865
SH,688717,-2.59,6171,9968
SH,600897,0.95,6171,6171
SH,688170,-4.18,6170,6170
SZ,000777,0.37,6165,6165
SH,688323,-6.21,6164,6164
SZ,301629,-7.08,6162,13394
SZ,300191,-8.36,6151,8899
SH,600368,-0.51,6149,6149
SZ,002123,-10.01,6146,6870
SZ,000541,0.2,6140,7664
SZ,002635,-3.36,6127,10219
SZ,300284,2.77,6124,6567
SZ,002009,0.17,6114,6947
SZ,300348,1.45,6114,6800
SH,688526,1.94,6111,6111
SH,688293,5.24,6110,7632
SZ,002134,-4.96,6103,6107
SH,603489,-1.62,6102,6102
SZ,300283,-3.42,6096,8250
SZ,300043,4.93,6093,6097
SZ,000920,-6.66,6087,6087
SZ,002213,-6.36,6075,6982
SH,600826,0.84,6061,6061
SZ,300128,-1.67,6059,6067
SH,603609,1.52,6058,6058
SH,600866,0.63,6053,8008
SZ,002101,-1.61,6039,6045
SH,603708,2.6,6039,6039
SZ,000058,1.32,6036,7547
SH,605188,2.24,6032,6032
SH,688656,2.61,6028,6028
SZ,000915,2.96,6026,6029
SZ,300143,1.69,6019,7025
SH,688185,4.22,6014,12990
SZ,300598,-1.34,6011,6013
SZ,002721,0.44,6010,6010
SZ,300617,-3.79,6010,7169
SH,600310,4.06,6009,6009
SH,600654,1.17,6002,7453
SZ,000905,2.66,6001,12477
SZ,002438,0.16,5992,6486
SZ,300709,-3.2,5987,7464
SZ,002752,0.16,5980,5989
SZ,301000,-0.94,5977,6331
SH,603877,-0.69,5974,5997
SZ,002382,9.96,5947,6005
SZ,300905,-2.09,5922,7592
SZ,300467,-1.71,5922,7069
SH,600501,-1.06,5921,5921
SZ,300369,5.47,5920,5942
SZ,300343,1.28,5918,5929
SH,688168,-1.38,5916,5916
SZ,300959,-1.08,5913,9081
SH,600775,0.11,5912,8042
SH,605183,2.21,5910,5950
SZ,002038,-1.69,5904,7120
SZ,002390,2.68,5899,5948
SH,688011,3.14,5890,5910
SZ,301042,-2.36,5890,6179
SZ,002421,0.34,5890,6235
SH,605018,2.88,5885,5885
SH,600604,-2.33,5883,7830
SZ,300553,-2.56,5881,7674
SH,688219,-0.46,5881,5881
SZ,920599,0.9,5879,7757
SZ,300358,1.45,5870,5985
SZ,002127,3.89,5865,7217
SZ,300997,3.99,5860,6459
SH,603590,2.95,5857,5887
SH,605056,0.97,5857,5944
SZ,002956,-0.04,5856,5857
SH,600237,-4.86,5853,5908
SH,603507,0.12,5846,5911
SZ,002301,0.25,5837,5886
SH,600313,1.51,5833,6260
SZ,301339,1.29,5829,5936
SH,600106,1.15,5821,5821
SZ,300258,-0.57,5813,5967
SZ,002527,3.49,5807,7280
SZ,003006,4.07,5807,5822
SH,688510,2.24,5804,5804
SZ,000572,0.86,5797,5806
SH,688563,0.9,5797,22298
SH,603990,-1.14,5797,5797
SZ,002141,10,5795,5795
SH,600449,-0.73,5791,5791
SH,603068,-2.82,5789,5789
SH,688786,-4.41,5786,5786
SZ,000957,5.63,5781,5781
SZ,002519,1.57,5778,5824
SZ,002997,-1.24,5777,5777
SZ,300745,-3.55,5775,6840
SZ,300696,-5.54,5775,6362
SH,688007,9.79,5773,5773
SZ,002824,-1.65,5758,7922
SZ,000735,1.21,5754,5758
SH,600611,1.38,5753,8700
SZ,301291,-2.49,5751,11053
SZ,002992,-3.4,5749,6656
SH,600375,1.81,5748,6300
SH,600234,-1.83,5747,5747
SH,688069,-1.68,5736,5736
SH,600829,10.01,5735,5735
SZ,300212,-2.37,5735,5910
SH,688232,1.19,5734,5734
SH,600983,2.47,5733,5733
SZ,000533,-1.05,5733,5782
SH,600035,0.28,5732,5732
SH,688315,4.16,5731,5731
SZ,300360,0.17,5728,5887
SH,600586,-1.45,5726,5726
SZ,300226,1.43,5725,5955
SZ,002210,0.94,5709,5722
SH,688505,0.63,5706,8324
SH,600108,1.03,5704,5704
SZ,002104,-0.1,5703,6736
SZ,300393,-0.82,5697,6494
SZ,300841,2.81,5696,6224
SZ,300547,-3.7,5691,6926
SZ,002805,-3.72,5688,5713
SH,605555,-0.24,5688,5688
SZ,000524,2.54,5681,5683
SH,605277,-3.12,5681,5785
SH,603668,1.81,5680,5680
SH,600054,1.28,5677,8067
SZ,001330,2.09,5675,6708
SH,688101,-1.55,5674,5674
SZ,300249,-3.74,5672,6950
SZ,301101,2.24,5662,5878
SZ,000900,0.54,5661,5661
SZ,002678,1.21,5661,5664
SZ,300470,1.59,5660,5964
SZ,300873,-8.19,5656,7792
SZ,300129,-1,5656,8727
SH,688562,0.86,5656,5656
SZ,920368,-0.3,5656,5945
SZ,000913,3.23,5654,5722
SZ,002052,-1.79,5653,6170
SH,688580,-1.66,5651,5651
SZ,002302,1.82,5643,5643
SH,600889,0.79,5642,9033
SZ,300722,0,5640,5640
SZ,002606,-2.25,5639,5879
SZ,000595,1.23,5636,5636
SH,600223,2.4,5632,5632
SZ,003033,-1.82,5628,5698
SZ,002349,1.03,5610,5726
SH,600691,3.96,5606,5607
SZ,002860,-1.5,5603,5736
SH,601968,0,5601,5601
SZ,301265,-4.49,5597,6944
SZ,002232,0.22,5597,5597
SZ,000078,-6.98,5592,5604
SZ,002206,0.76,5591,6147
SH,688109,-1.89,5588,5588
SZ,300019,-6.01,5584,5956
SH,688408,1.47,5582,5582
SH,688290,-2.42,5572,5572
SZ,000722,9.99,5570,6856
SH,688207,-2.48,5568,5568
SH,600477,1.72,5567,5567
SZ,000881,-0.31,5567,5824
SH,600255,0,5563,5563
SH,688636,-3.84,5555,5555
SZ,003010,9.99,5554,7640
SZ,300444,3.27,5547,7113
SZ,002559,3.87,5544,7060
SH,600694,0.97,5542,5542
SH,600855,-0.66,5542,5552
SZ,300256,0.41,5541,5603
SZ,300518,2.17,5535,5536
SZ,300681,-5.43,5532,7336
SH,600605,-1.78,5530,5530
SZ,002685,0.74,5521,5522
SZ,002955,0.25,5521,6678
SZ,002047,-1.35,5519,5519
SH,603587,0.43,5516,5516
SH,600433,2.27,5513,5513
SZ,300127,-2.88,5510,7714
SH,688767,1.96,5507,5507
SZ,000912,2.93,5504,5504
SH,601121,4.09,5496,6762
SZ,002029,3.65,5483,5809
SH,603012,-1.5,5482,5482
SH,603685,-0.17,5478,6878
SH,600722,-1.34,5477,5477
SZ,301045,-6.85,5470,8656
SZ,000697,-1.87,5467,11685
SH,688061,7.75,5465,5465
SH,600189,2.83,5464,5464
SH,688566,1.12,5460,5460
SH,688776,-1.99,5459,5459
SZ,300048,0.21,5459,5469
SZ,000042,3.79,5459,5465
SH,688334,-0.22,5457,5534
SZ,300159,0.68,5453,9740
SH,603660,-0.92,5452,5452
SH,600468,-0.78,5450,5450
SH,600963,1.64,5448,5448
SH,688591,-2.33,5448,7776
SH,603776,1.41,5447,5447
SH,603848,0,5445,5445
SZ,002452,-1.86,5443,6520
SZ,301137,-0.19,5440,5440
SZ,002424,2.39,5437,6597
SZ,301333,6.27,5432,5438
SZ,002073,2.1,5425,5480
SZ,000411,2.23,5423,5434
SH,603353,-5.01,5416,5416
SZ,300119,1.25,5415,7543
SZ,301301,1.87,5412,19488
SZ,300586,-5.67,5410,7198
SZ,300057,-1.05,5410,6533
SZ,002708,-2.87,5409,5885
SH,603153,-0.06,5407,5488
SH,600230,2.83,5406,5406
SH,605377,-1.51,5405,5405
SH,601116,2.07,5400,5400
SH,688575,3.05,5400,5400
SH,600742,0.97,5395,5395
SH,600513,6,5392,5392
SZ,002989,-5.54,5391,5494
SZ,002695,-0.37,5391,5898
SH,688379,-4.28,5387,5680
SH,603855,0,5385,5417
SZ,002567,3.58,5383,5388
SZ,300626,-1.99,5375,5378
SZ,300217,2.12,5375,6400
SH,688218,6.93,5374,5374
SH,603098,3.64,5372,5388
SH,605179,2.37,5369,5369
SH,603383,1.99,5366,5366
SH,600881,-0.59,5365,5365
SZ,000501,1.75,5363,5368
SH,600592,1.36,5362,5362
SZ,002940,10,5362,5838
SZ,300203,0.59,5358,5362
SZ,300918,1.44,5350,5350
SZ,300579,0.44,5345,5540
SZ,001236,2.47,5344,7105
SZ,301580,0.32,5339,7903
SZ,002067,1.79,5337,5885
SH,688551,-3.1,5335,5335
SZ,301230,5.88,5335,5930
SZ,300219,0.27,5335,5345
SZ,001313,2.01,5335,5341
SZ,000561,0,5333,5936
SZ,300079,0.97,5331,5932
SZ,300446,-1.71,5331,12064
SH,688010,-4.09,5331,5331
SZ,301638,-2.19,5330,67727
SZ,300075,1.57,5330,6422
SZ,002196,-0.08,5329,5410
SZ,300287,-6.04,5326,5799
SZ,301153,1.97,5321,5705
SZ,300507,-0.57,5316,5492
SH,603666,0.7,5311,5311
SH,600730,-9.94,5309,5309
SZ,000557,1.68,5307,5308
SZ,301366,-6.76,5303,9498
SZ,300084,-4.49,5303,6179
SZ,000571,9.97,5299,5463
SZ,003012,1.3,5299,5403
SH,601008,1.18,5298,5298
SH,688667,-3.18,5296,5296
SZ,300140,2.17,5294,16084
SH,601518,1.08,5294,5294
SH,603901,-1.5,5293,5629
SZ,301349,-3.22,5293,6703
SZ,002697,1.09,5291,6283
SZ,300307,-1.31,5288,5380
SH,603726,-2.14,5287,5314
SH,601199,0.18,5284,5284
SZ,000025,-0.21,5283,5798
SZ,300451,2.37,5282,5360
SZ,300214,-15.21,5281,5281
SZ,002263,0.36,5278,5278
SH,688151,1.06,5271,5271
SZ,301211,1.04,5270,5270
SH,601177,1.95,5264,5333
SZ,300590,-3.66,5263,6799
SH,688719,-2.19,5262,6767
SH,603194,-0.94,5259,13345
SH,605580,-1.92,5258,5258
SZ,002793,2.76,5256,5264
SH,688707,0.78,5250,5250
SH,601700,1.1,5250,5250
SZ,300695,-1.07,5249,5249
SZ,300197,-1.11,5248,5249
SZ,300825,-2.07,5247,5360
SZ,003004,-6.52,5246,6247
SH,600081,2.38,5243,5243
SZ,300708,-1.6,5237,6915
SH,688225,4.47,5236,5236
SH,688210,-3.15,5236,5236
SZ,002510,0.19,5235,5289
SH,600603,2.3,5233,5233
SZ,002538,2.17,5229,5232
SH,605339,2.67,5227,5227
SZ,002235,-0.31,5226,5471
SZ,300192,0,5224,5285
SZ,002489,1.49,5223,5921
SZ,000531,-0.34,5222,5978
SH,603366,1.1,5220,5220
SH,600982,0.65,5219,5219
SZ,000404,1.76,5216,5241
SZ,000670,-2.78,5215,5312
SZ,300293,-2.09,5212,5212
SZ,000948,-3.66,5211,5221
SZ,000717,1.9,5211,5211
SH,603398,3.09,5208,5208
SZ,002164,1.31,5206,5774
SZ,002191,0.27,5204,5246
SH,603889,4.55,5201,5240
SH,603499,4.07,5194,5194
SZ,000880,0.88,5190,10604
SZ,002274,1.65,5186,5267
SZ,000779,5.09,5182,5183
SH,688095,1.96,5182,5182
SZ,002572,2.32,5179,7656
SH,688410,-0.59,5177,5177
SH,605287,1.59,5176,5176
SH,603336,9.96,5174,5174
SH,688073,3.49,5169,5169
SZ,000925,0.52,5168,5208
SH,603324,-5.24,5166,5166
SZ,300278,1.67,5159,5175
SZ,300047,-0.32,5154,5727
SZ,000417,-3.21,5149,5155
SZ,301566,-5.93,5148,9756
SH,603887,0.47,5147,5147
SH,603686,0.57,5147,5147
SH,603123,0.77,5146,6302
SZ,301323,-0.84,5146,7999
SZ,300680,0.22,5145,6685
SZ,002419,2.51,5136,5136
SH,688796,13.28,5134,59433
SH,603777,0.92,5133,5133
SZ,301368,6.8,5131,5131
SH,603173,1.04,5130,5130
SH,688356,7.39,5127,5127
SH,688309,-1.5,5127,5127
SZ,300983,-1.86,5125,5796
SZ,300161,-0.37,5119,5216
SH,605009,1.28,5118,5118
SH,600138,2.17,5118,5118
SZ,300158,1.78,5116,5120
SH,600784,4.13,5115,5115
SZ,002843,-2.98,5114,5146
SZ,002255,-0.61,5110,6655
SZ,000888,4.31,5106,5106
SH,603158,0.68,5104,5104
SH,688539,-3.27,5104,5104
SH,600617,0.7,5096,5537
SZ,301603,0.98,5094,16301
SH,600981,1.79,5090,5090
SZ,002870,3,5090,5213
SZ,002728,2.22,5088,5210
SZ,300756,-0.7,5082,5840
SH,688448,-0.49,5076,5076
SZ,002060,1.57,5064,12164
SZ,300984,-0.86,5063,7856
SZ,002951,-0.54,5062,5111
SZ,000652,1.17,5060,5064
SZ,002351,3.74,5059,8633
SH,605088,-8.47,5058,5097
SH,688807,-7.12,5057,25285
SZ,001323,-0.3,5055,7066
SZ,300619,0.23,5039,5985
SZ,300531,2.93,5032,5185
SH,603701,-4.17,5031,5031
SH,600300,0.97,5029,5029
SZ,002632,1.63,5026,5465
SZ,003026,-1.44,5025,6527
SZ,002166,5.26,5022,5043
SH,600593,-0.83,5013,5077
SZ,300581,-1.61,5011,5011
SZ,300066,-0.19,5010,5221
SH,603131,-1.25,5006,5006
SZ,300633,3.39,5002,8170
SH,600084,4.46,5001,5001
SH,688683,-4.6,4999,4999
SH,600569,2.35,4998,4998
SZ,300063,1.4,4993,6045
SH,603150,-0.91,4985,4985
SZ,002777,2.33,4984,5029
SH,601011,-0.37,4981,4981
SZ,002662,0.91,4980,4980
SZ,300082,-0.67,4979,4992
SH,603222,-4.62,4978,4978
SZ,300925,3.41,4977,6105
SZ,002907,2.07,4977,6189
SZ,300856,0.46,4974,5147
SH,603610,3.61,4967,4967
SZ,300878,1.98,4967,4989
SZ,300700,-0.8,4963,7282
SH,603111,0.17,4959,5103
SZ,300406,1.39,4956,6848
SZ,301055,0.81,4954,5062
SH,605050,4.91,4953,4953
SH,600825,0.85,4953,4953
SZ,300792,1.67,4943,5509
SZ,002334,-1.02,4939,5529
SH,688345,-0.68,4939,4962
SH,603333,1.15,4935,4935
SH,688485,6.4,4931,8350
SZ,300149,19.98,4931,5174
SZ,002218,1.43,4926,4999
SH,600279,0.73,4925,4925
SZ,300039,-0.18,4924,5617
SH,600217,1.02,4923,4923
SZ,300907,5.63,4918,4918
SZ,002657,-1.67,4918,4975
SH,603170,2.33,4912,4912
SZ,002638,-1.08,4910,5215
SH,600308,-0.3,4899,4899
SH,688115,5.55,4898,4898
SH,605299,-0.73,4896,4896
SZ,300871,0.04,4895,4895
SZ,920077,-0.24,4890,9473
SZ,002189,-0.57,4889,4890
SH,688665,-4.61,4888,4888
SH,688595,-3.19,4880,4880
SH,603110,0.41,4880,4880
SZ,002201,-3.33,4876,5278
SZ,002919,5.61,4875,4910
SH,600817,1.1,4874,4900
SH,600337,6.94,4871,4871
SH,601279,0.33,4868,4868
SH,688291,4.84,4867,4867
SH,600073,1.96,4867,4867
SZ,002383,-1.49,4864,4864
SZ,002880,1.18,4863,4863
SZ,002640,10.18,4862,4892
SZ,300648,0.69,4860,6384
SZ,002833,1.84,4859,7114
SZ,300692,15.77,4859,5325
SH,600743,-0.47,4856,4856
SZ,301413,0.66,4856,8133
SZ,002637,1.26,4854,4911
SH,603580,10.01,4852,4852
SZ,002376,0.98,4849,4993
SZ,002577,0.58,4847,4847
SZ,000608,0.15,4845,4874
SZ,002303,10.11,4844,7672
SZ,000796,1.11,4844,5838
SH,600520,-4.34,4838,4838
SH,688237,1.62,4830,4830
SZ,920493,-0.97,4830,6556
SZ,301256,-1.56,4829,4829
SH,603511,0.17,4827,4901
SH,688377,-3.81,4823,4823
SZ,300196,-4.59,4820,7976
SZ,300737,1.12,4817,6029
SZ,002358,0,4816,4816
SH,688530,-7.93,4815,11043
SZ,000852,0,4808,4836
SH,600197,3.15,4807,4807
SH,600814,1.4,4807,4807
SZ,300668,-1.92,4805,5802
SZ,300755,2.49,4803,4806
SZ,300727,-2.78,4800,5334
SH,603822,-1.44,4799,4799
SH,601086,4.5,4795,4795
SZ,300016,3.27,4790,4956
SH,688389,2.48,4786,4786
SH,688348,0.39,4785,4785
SZ,300036,1.22,4784,5297
SH,600979,0.79,4780,4857
SZ,002344,1.36,4779,4784
SZ,000409,1,4777,5482
SZ,301075,2.35,4777,4777
SZ,300093,1.12,4777,11167
SZ,301053,-2.39,4776,5144
SZ,301292,-3.4,4774,12485
SZ,300783,3.34,4770,6837
SH,688320,-1.39,4769,4769
SH,605368,0.3,4767,4767
SZ,300491,-3.56,4763,5369
SZ,300461,-2.33,4762,5185
SZ,000863,0.25,4758,4829
SZ,002307,2.1,4757,4814
SZ,001322,-1.13,4753,5851
SZ,920640,-2.87,4752,4939
SH,603212,-0.54,4751,4751
SZ,300267,0.3,4751,6889
SH,605338,3.07,4751,4751
SH,600790,-1.81,4749,4749
SH,600868,0.4,4745,4745
SH,603020,2.52,4744,4744
SH,600698,0.18,4742,6102
SZ,301115,7.55,4741,5621
SH,600231,1.83,4737,4796
SH,600284,1.46,4735,4735
SH,601566,-0.6,4718,4718
SH,600857,9.99,4717,4717
SH,600336,-1.33,4708,4708
SH,603162,3.91,4708,15352
SH,688282,-3.26,4707,4707
SZ,301252,-4.22,4704,5865
SZ,301179,-1.29,4702,8007
SZ,001283,-2.25,4697,5891
SH,688655,-4.21,4697,4697
SZ,002481,0.96,4696,5182
SZ,002757,-0.05,4696,4919
SH,600207,-0.68,4695,4695
SZ,301268,0.47,4695,5191
SZ,301048,1.03,4693,4693
SZ,002915,-3.09,4690,5458
SH,688228,-1.03,4689,4689
SH,603032,0.25,4686,4693
SH,603387,10.01,4681,4681
SH,688609,-4.58,4680,4885
SZ,002482,2.46,4680,4689
SH,600681,0,4676,4680
SH,600523,0,4675,4678
SH,603928,-9.97,4671,4671
SZ,301589,-1.27,4670,12528
SZ,301365,2.43,4669,6918
SZ,300147,-1.65,4667,4695
SZ,300388,0.74,4665,4665
SH,688512,-2.1,4664,6796
SZ,002443,-0.32,4661,4674
SH,601002,-2.19,4658,4658
SZ,301160,4.37,4656,7007
SZ,300292,-2.1,4653,5595
SZ,300443,0.95,4652,6134
SZ,002959,1.71,4645,5178
SH,603439,0.44,4644,4703
SZ,002528,-1.99,4642,5298
SH,603567,2.49,4641,4648
SZ,300569,0.44,4639,4653
SZ,002111,3.04,4638,5049
SH,600644,1.52,4638,4638
SZ,002229,-0.41,4636,4664
SZ,300525,2.18,4631,5645
SH,600351,2.14,4623,4623
SZ,002774,1.11,4613,5512
SH,603313,-5.93,4610,4610
SZ,300702,4.48,4608,7621
SZ,300300,0.29,4608,4608
SZ,301277,-0.83,4607,4607
SZ,002298,1.9,4605,5159
SZ,002033,1.21,4599,4599
SH,688653,-3.19,4597,6168
SZ,003040,0.5,4596,4639
SH,603681,4.15,4596,4596
SZ,000525,3.25,4592,5382
SH,600551,1.2,4590,4590
SH,603090,-2.77,4589,4589
SZ,002530,1.54,4588,5143
SZ,002375,1.18,4579,4610
SZ,002501,-1.52,4575,4580
SZ,300767,-2.25,4575,5269
SH,603843,1.71,4569,4569
SZ,002590,0.65,4568,4791
SH,688119,-0.24,4568,4568
SH,600199,9.98,4565,4565
SZ,301373,-5.51,4561,12132
SZ,301391,-1.95,4559,4666
SZ,002641,0.75,4559,4941
SZ,002279,1.24,4558,4940
SZ,301239,3.85,4555,4798
SH,603408,1.8,4552,4552
SZ,002642,-1,4552,4552
SH,688085,3.67,4551,4761
SZ,300797,-0.57,4550,4562
SZ,301162,-0.04,4547,7008
SH,603386,-4.05,4546,4546
SH,600495,3.3,4543,4543
SH,688696,1.97,4538,4538
SZ,002526,0.79,4534,4564
SZ,002892,0.11,4530,6717
SH,688813,-5.86,4527,24082
SH,603661,-5.94,4527,4527
SH,600976,6.76,4525,4528
SH,600815,2,4524,4524
SZ,002902,-2.07,4523,5983
SZ,002573,1.27,4522,4529
SZ,002393,-0.58,4521,4653
SZ,300069,-4,4510,4510
SZ,002154,1.6,4507,5575
SZ,000507,3.1,4503,4589
SZ,300087,1.22,4502,4727
SZ,002483,0.59,4497,4503
SZ,002749,1.35,4496,4596
SH,688057,-1.26,4496,4496
SH,603803,-5.53,4495,4495
SH,603697,3.44,4495,4495
SZ,002238,2.38,4494,4494
SZ,300463,1.9,4493,5527
SZ,002523,0.95,4489,4505
SZ,300215,0.67,4487,4487
SH,603916,-1.74,4485,4549
SZ,002693,5.61,4484,4524
SH,600756,-3.61,4482,4835
SZ,002556,1.72,4482,4486
SH,688311,-4.15,4481,4481
SZ,000759,1.19,4478,4525
SZ,300465,0.3,4477,4477
SZ,002124,1.34,4477,5044
SZ,300791,0.17,4474,5365
SZ,002367,-1.22,4473,4491
SZ,920593,-0.53,4472,5264
SZ,002026,0.5,4471,4471
SZ,300632,-3.43,4468,6165
SH,603933,-6.42,4466,4466
SZ,300018,-0.48,4463,5992
SZ,301330,0.83,4462,5404
SZ,300397,-3.01,4457,5653
SH,603070,-0.44,4455,4455
SH,688163,0,4451,4451
SZ,301235,0.8,4451,6267
SZ,003019,-0.56,4447,4601
SH,600222,1.66,4447,4447
SH,600088,0.27,4446,4446
SZ,001328,3.62,4444,4731
SH,688785,-4.83,4443,23635
SZ,301583,-19.53,4441,26716
SH,600658,1.28,4441,4441
SZ,002570,1.73,4439,4439
SH,688330,-0.43,4438,4438
SZ,000993,1.26,4433,4433
SZ,000821,0.96,4432,4566
SH,605055,2.97,4431,4431
SH,603998,2.13,4430,4430
SH,600610,0.16,4422,6685
SZ,301398,5.09,4422,4536
SZ,301367,3.3,4421,5647
SZ,002490,-9.93,4415,6502
SH,603727,0.77,4415,4415
SZ,002649,2.62,4414,4868
SZ,300788,2.02,4413,4413
SH,688236,2,4413,5869
SZ,300715,-2.41,4413,5331
SZ,000753,1.14,4412,4412
SH,600121,0.56,4411,4411
SZ,300232,1.01,4410,5415
SH,601065,1.33,4409,4409
SH,600715,2.67,4408,6252
SH,603711,-8.09,4405,4405
SZ,300261,2.64,4403,4499
SZ,000936,-0.19,4403,4403
SH,603365,1.69,4403,4426
SH,600101,-0.36,4399,4399
SZ,300697,-2.63,4399,5745
SZ,002522,-2.2,4398,4402
SZ,300291,2.38,4398,4455
SH,603216,0.77,4398,4398
SH,603611,1.01,4397,4397
SH,601588,1.23,4389,5556
SH,600571,2.02,4385,4467
SH,603322,0.07,4384,4384
SH,688286,-5.69,4382,4382
SZ,301280,-3.71,4378,8431
SZ,002772,-10,4378,4414
SH,603191,-2.78,4375,4375
SH,603016,-1.79,4375,4375
SZ,002884,1.46,4375,5730
SZ,300506,-3.71,4371,8482
SZ,301630,-5.19,4371,11668
SH,603122,2.04,4371,4371
SZ,002300,0.17,4370,4370
SH,688136,3.99,4367,4367
SH,688238,2.1,4366,4420
SH,603209,-0.58,4366,4414
SZ,001317,9.99,4366,4370
SZ,001338,1.75,4365,4365
SH,600382,1.45,4361,4361
SH,600340,0,4361,4361
SZ,002886,-3.24,4359,5488
SZ,300532,-1.22,4359,4583
SH,601789,1.01,4358,6113
SZ,301487,-2.14,4354,7335
SH,603018,1.53,4350,4350
SZ,002727,2.5,4350,6483
SZ,300067,0.22,4349,5356
SH,600714,-0.71,4343,4343
SZ,002520,0.17,4341,4539
SZ,300943,-4.18,4338,6626
SZ,000718,3.83,4335,5766
SZ,300027,1.81,4334,4689
SH,603060,-0.73,4333,4333
SH,688045,-2.78,4333,4333
SZ,000665,2.14,4332,4333
SZ,300105,6.87,4330,4333
SZ,301012,-2.47,4329,4329
SH,603316,-4.31,4329,4329
SZ,002401,0.95,4326,4330
SH,603085,1.21,4324,4324
SZ,000886,5.24,4322,4371
SZ,301007,-1.03,4322,4379
SZ,002543,-0.45,4320,4856
SZ,300561,13.06,4320,5880
SH,600071,0.66,4311,4311
SH,603165,0.15,4309,4309
SZ,301004,1.8,4309,4616
SZ,002479,-1.57,4307,4316
SH,603767,0.87,4305,4305
SZ,001207,0.75,4304,4459
SZ,301096,2.47,4304,5658
SZ,002146,1.85,4303,4783
SZ,300712,-1.02,4301,4319
SZ,300326,1.87,4300,4302
SH,603682,1.9,4300,4300
SZ,920946,2.65,4298,4299
SH,600379,-2.24,4296,4296
SH,605186,-1.33,4294,4294
SZ,002478,0.51,4293,5351
SH,688639,8.2,4292,4292
SZ,301568,-2.54,4291,9308
SZ,001208,-3.98,4290,8592
SZ,301325,-0.52,4287,4287
SZ,000517,-0.57,4286,5476
SH,600558,0.85,4282,4282
SH,603976,2.12,4281,4281
SH,603348,1.27,4277,4277
SZ,002455,0.78,4275,4674
SZ,300669,-1.42,4274,4513
SH,600283,0.53,4268,4268
SZ,300785,3.07,4266,6934
SH,603429,10.01,4264,4264
SH,688211,-0.17,4254,4254
SH,603978,-5.22,4247,4247
SZ,002059,1.41,4247,4374
SZ,002291,3.83,4241,4563
SZ,000045,0.22,4241,4701
SZ,300481,-3.49,4241,4267
SH,603520,5.11,4239,4239
SZ,300091,-0.76,4236,7361
SH,600168,0,4232,4232
SH,688247,2.64,4230,4230
SH,600191,0.81,4229,4229
SZ,002876,-2.06,4228,4937
SH,603598,0.9,4227,4232
SZ,002788,2.41,4227,4301
SZ,002882,-0.16,4225,7411
SZ,300523,-1.3,4222,4222
SZ,002454,1.26,4220,4228
SH,603790,1.15,4210,4210
SZ,300121,-1.7,4208,4363
SZ,300071,-2.4,4207,4289
SZ,300539,0.84,4205,5174
SH,600984,-0.88,4199,4199
SZ,002707,2.11,4195,4766
SZ,301257,0.2,4192,4397
SH,600479,1.73,4185,4922
SZ,301370,0.23,4184,4184
SH,603980,2.15,4183,4183
SZ,300478,-0.8,4183,4183
SH,600152,-2.22,4180,4180
SZ,300643,-0.81,4177,4187
SH,600609,1.59,4175,4175
SZ,300505,1.91,4173,5277
SH,603966,0,4173,4179
SZ,301058,2.13,4170,4239
SH,605577,2.29,4164,4164
SH,603271,-1.4,4161,8718
SH,688199,-2.11,4161,4161
SH,688039,0.13,4161,4161
SZ,002746,2.27,4159,5043
SZ,300206,0.08,4159,7124
SH,688558,-0.93,4158,4158
SZ,000819,1.7,4158,4198
SH,605300,1.89,4158,4158
SH,603558,1.85,4156,4156
SZ,000016,10.17,4151,6261
SH,688196,-0.69,4148,4148
SZ,300227,-1.72,4144,5411
SZ,300557,-3.31,4143,4164
SZ,002005,-5.59,4135,4136
SH,688399,5.32,4129,4129
SH,600076,-0.96,4128,4128
SZ,300332,-0.58,4127,4306
SZ,300981,2.04,4126,4503
SZ,002586,-2.31,4122,4337
SH,600880,0.27,4121,4122
SH,603758,-0.73,4120,4120
SH,688679,3.2,4118,4118
SH,688646,9.94,4116,6684
SZ,300228,-1.33,4114,4397
SH,688216,-6.6,4113,4429
SZ,002165,0.36,4111,4154
SZ,300705,2.59,4110,5558
SZ,002117,2.21,4110,4111
SH,688350,-1.09,4108,4108
SZ,301310,-0.35,4108,12863
SH,600758,0.65,4108,4111
SZ,300138,4.46,4107,4981
SH,603015,-0.48,4103,4103
SH,603869,1.59,4101,4101
SH,603261,-2.26,4098,4098
SZ,301322,-0.97,4097,6074
SZ,002540,0.63,4094,5968
SH,600530,0,4092,4092
SZ,002380,-3.68,4087,6897
SZ,301201,1.48,4087,5825
SH,605086,0.04,4086,4086
SH,688360,-0.12,4085,4085
SH,603072,-1.06,4084,8549
SH,603139,-0.23,4083,4083
SZ,300320,1.57,4082,5056
SH,603217,-3.25,4081,4081
SZ,000518,0.51,4077,4077
SZ,301169,-1.69,4070,4072
SZ,000520,-1.46,4069,4069
SH,603607,0.44,4068,4068
SZ,002427,1.98,4066,4070
SH,603206,-1.03,4065,4065
SZ,300210,1.94,4063,4063
SH,688269,0.62,4061,4061
SH,603815,-5.19,4060,4060
SZ,000720,1.25,4059,4059
SH,600576,2.68,4055,6475
SZ,300004,-0.34,4051,4051
SZ,300441,0.94,4050,4169
SZ,002480,-0.37,4045,4054
SZ,301116,0.78,4045,4045
SZ,002627,2.3,4042,4086
SH,605268,-0.32,4040,4040
SZ,001316,-7.36,4037,4332
SZ,002321,0.53,4035,4052
SZ,300231,19.95,4034,4034
SH,688267,-0.27,4033,4033
SH,600261,1.68,4032,4032
SZ,002285,-0.48,4029,4065
SZ,002758,1.04,4027,4031
SZ,002328,-1.11,4024,5441
SZ,300403,0.32,4023,5680
SH,603315,0.24,4021,4021
SH,603167,-0.22,4021,4021
SZ,300880,0.83,4012,4012
SH,603339,-10,4004,4004
SZ,300917,3.41,4002,4002
SZ,300522,-5.75,4002,4904
SZ,000919,0.94,3998,3999
SH,600178,1.78,3998,3998
SH,688186,-0.83,3997,3997
SH,603035,1.96,3997,3997
SH,603725,9.98,3997,3997
SZ,300271,3.29,3996,4084
SH,600819,0.4,3994,4942
SZ,300286,-4.37,3991,4818
SH,603960,0.26,3991,3991
SH,603528,0.71,3989,3989
SZ,301517,-2.98,3988,6183
SZ,002644,1.56,3988,3988
SZ,301259,3.27,3985,6214
SZ,002786,9.96,3983,3995
SH,688033,1.14,3980,3980
SH,600173,0.89,3978,3979
SZ,300044,9.45,3978,4247
SZ,300606,4.42,3976,4675
SH,601218,0.74,3973,3973
SZ,002449,-0.46,3952,3952
SZ,300793,1.43,3952,4041
SH,603967,-0.34,3949,3949
SZ,920239,-0.31,3936,3984
SH,605286,-0.16,3926,3926
SH,603069,2.05,3925,3925
SH,688398,-1.46,3923,3923
SZ,002765,-4.63,3921,4291
SH,600628,1.17,3920,3920
SH,600725,2.58,3919,3919
SZ,300893,0.58,3919,7388
SZ,000655,2.49,3917,3917
SZ,300936,-5.18,3917,6212
SZ,300123,0,3916,4026
SZ,300368,1.09,3914,3914
SZ,300421,-0.92,3913,4996
SH,688302,3.08,3912,3912
SH,600505,2.19,3912,3912
SH,603689,0.27,3905,3923
SH,688175,-7.85,3904,3904
SZ,300847,0.84,3901,3901
SZ,002950,2.02,3901,5750
SH,688600,3.14,3897,3897
SZ,920799,3.97,3896,6787
SZ,301168,-0.6,3895,4904
SH,601368,2.32,3894,3894
SZ,002457,-8.45,3893,3895
SH,600568,0,3889,4643
SZ,002418,-0.57,3886,3886
SZ,300859,-0.66,3884,3884
SH,600650,1.12,3878,5477
SZ,301421,-8.76,3877,9689
SH,605028,9.99,3877,3877
SH,603038,-2.56,3874,3874
SZ,002554,-1.68,3867,3868
SH,603088,1.85,3866,4436
SZ,002406,1.1,3866,4688
SZ,002040,0.89,3864,3879
SZ,300321,-3.13,3858,3863
SZ,300120,-0.67,3856,4199
SZ,002225,-0.72,3851,4707
SZ,300061,2.15,3851,4079
SZ,001400,-1.01,3851,6997
SZ,920047,6.53,3851,5864
SZ,002584,0.86,3850,4810
SZ,000782,-3.31,3850,5005
SH,603519,-3.92,3846,3846
SZ,300688,0.23,3843,4335
SZ,000906,2.24,3843,3889
SZ,300571,-2.83,3841,4635
SZ,300654,0.65,3840,3987
SH,603121,2.07,3839,3839
SH,603318,-5.74,3838,4637
SZ,002116,1.75,3837,3907
SH,603636,-6.23,3836,3836
SZ,300200,-2.58,3832,3896
SZ,300096,-0.99,3831,3831
SZ,000882,2.19,3829,3832
SZ,002628,-0.77,3829,3846
SZ,300318,0,3827,3946
SZ,300588,-2.86,3826,4143
SZ,300355,1.82,3826,4492
SZ,002107,3.88,3823,3862
SH,688299,-0.14,3817,3817
SZ,000096,1.36,3816,3944
SZ,300836,-2.99,3816,5574
SZ,002553,-0.32,3815,5262
SH,688098,3.45,3815,3815
SZ,002560,-7.37,3813,4426
SH,688429,1.06,3812,3812
SZ,002589,1.82,3810,4198
SH,600729,0.97,3802,8699
SZ,002055,-3.02,3802,3869
SZ,002688,1.8,3797,3909
SZ,300629,-1.34,3794,4400
SZ,301282,-3.75,3793,4531
SZ,300022,-1.78,3791,3791
SH,600526,0.46,3789,3857
SH,605369,0.29,3788,3788
SZ,300541,1.56,3787,4197
SH,688212,0.21,3785,3785
SZ,300189,-0.46,3784,4372
SH,600539,9.98,3777,3777
SZ,002512,0.88,3776,3803
SZ,300111,4.64,3772,3772
SZ,002035,2.55,3769,4086
SZ,300652,-3.01,3768,4198
SH,605058,-4.69,3768,3768
SZ,300656,-6.52,3765,4848
SZ,300686,1.25,3765,3789
SZ,300963,-0.79,3764,5132
SZ,002228,1.97,3761,3774
SH,603615,-5.12,3760,3760
SH,688023,3.95,3760,3760
SZ,002112,-1.77,3758,4218
SZ,300190,-0.99,3758,3773
SH,600798,0.32,3752,3752
SZ,002160,0.55,3752,3759
SH,603703,-2.99,3751,3751
SZ,001380,0.63,3745,4358
SH,688458,-6.02,3741,4451
SH,600792,1.2,3740,3740
SH,603912,-2.12,3739,3739
SZ,300587,2.01,3737,4609
SH,600227,10.19,3731,4931
SZ,300882,-1.81,3726,4004
SZ,002088,-1.46,3724,3751
SZ,300996,-1.66,3721,4421
SZ,301003,-2.7,3719,4808
SZ,300068,-1.57,3714,3908
SZ,002161,0.4,3713,3714
SZ,300349,0.8,3712,4189
SZ,300711,1.08,3711,4190
SH,600727,0.72,3711,3711
SH,601113,2.44,3710,4550
SZ,000678,0.5,3704,3704
SH,603926,-0.73,3703,3737
SH,688075,2.9,3699,3699
SZ,300194,1.87,3699,4545
SZ,000850,1.55,3698,3699
SH,603421,-0.17,3698,3698
SH,600794,1.99,3696,3696
SZ,300758,-0.47,3695,4099
SZ,002669,-3.93,3693,3701
SZ,301016,0,3688,3846
SZ,000523,0.72,3684,5103
SZ,000599,2.73,3684,11018
SZ,301102,3.19,3682,3682
SH,603175,-1.33,3682,35382
SZ,300812,-3.35,3682,4057
SZ,301479,-3.05,3681,6429
SH,603903,-7.02,3679,3679
SH,605588,-7.53,3677,3686
SH,600830,2.02,3675,3675
SZ,301246,0.33,3674,8640
SH,600527,0.95,3671,3671
SH,600824,-1.41,3668,3668
SH,688443,2.16,3666,9376
SH,688259,-3.21,3665,3665
SZ,300473,-2.59,3664,4203
SH,603138,-0.77,3653,3720
SH,688768,1.28,3649,3680
SZ,301237,-3.17,3649,5011
SZ,002930,0.96,3640,3847
SH,600805,0,3639,3642
SH,603813,3.4,3637,3637
SZ,301348,-5.97,3635,5623
SZ,300550,3.13,3633,3636
SZ,301408,1.73,3631,6344
SH,603566,0.48,3630,3630
SH,603719,0,3630,3630
SH,603126,0,3626,3626
SZ,000822,-0.73,3625,3625
SZ,003020,3.37,3624,4907
SH,688571,-1.83,3622,3622
SH,603081,1.18,3621,3621
SZ,300721,-8.1,3621,4314
SZ,002562,3.01,3620,5086
SZ,300055,-2.71,3620,4786
SZ,300809,-1.1,3617,6090
SH,603113,1.67,3615,3615
SH,603639,1.05,3613,3717
SH,603051,-0.74,3612,3612
SZ,000797,0.44,3612,3613
SZ,000691,1.45,3611,5416
SH,600127,-0.7,3607,3607
SZ,301656,3.69,3606,42589
SZ,300508,0.14,3606,4795
SH,603309,1.73,3605,3605
SZ,001238,-4.27,3602,3851
SH,603706,-1.59,3602,3602
SH,688157,-1.23,3599,3599
SZ,300183,-0.81,3595,4483
SH,605189,5.98,3590,3590
SH,688053,-0.43,3584,3584
SZ,301376,-0.58,3579,7438
SH,603551,1.18,3579,3624
SZ,300572,-0.34,3578,4520
SZ,300955,-1.43,3578,3578
SZ,002845,-7.43,3578,4684
SZ,002469,0.53,3576,3692
SZ,002564,0.97,3573,3573
SZ,000532,1.76,3573,3585
SH,603199,2.8,3572,3572
SZ,300177,0.17,3571,4383
SZ,002986,-0.24,3568,4493
SZ,001288,2.13,3567,5491
SH,688273,2,3565,3565
SH,603811,4.99,3565,3565
SZ,000007,1.08,3565,3565
SZ,920522,-1.99,3564,4297
SZ,002322,1.6,3563,3706
SH,603988,-1.42,3559,3559
SH,688511,-2.73,3556,3556
SZ,301281,5.39,3553,5422
SZ,301051,-6.91,3552,4471
SZ,301187,-0.28,3549,3549
SH,600960,1.08,3545,3545
SH,603097,-1.98,3545,3628
SZ,002162,1.05,3545,3550
SH,603007,2.41,3545,4511
SH,603351,4.35,3544,3544
SH,600581,0,3541,3541
SH,603058,1.31,3537,3537
SH,603579,0.69,3537,3537
SH,688283,-1.38,3532,3532
SH,688373,3.46,3531,3531
SZ,002090,-1.65,3528,3549
SZ,300683,14.02,3524,3779
SZ,301617,-1.59,3522,8874
SZ,300521,1.62,3522,3567
SH,600579,-7.15,3519,3519
SZ,300885,-1.21,3517,5226
SZ,000659,2.63,3510,3510
SZ,301008,0.73,3510,3975
SH,605566,-3.41,3503,3503
SZ,002177,0.78,3503,3951
SZ,001269,1.96,3502,3502
SZ,300968,-0.58,3501,3501
SZ,301186,-2.45,3501,3723
SZ,300962,0.23,3498,3498
SZ,000816,0.83,3498,3516
SH,688606,3.89,3495,3495
SH,603569,2.3,3494,3494
SH,688533,1.1,3493,3493
SH,600860,-1,3490,4303
SZ,002356,-1.11,3488,3488
SZ,000713,1.43,3488,4534
SZ,300639,1.86,3487,3549
SH,688339,0.11,3487,4284
SZ,300351,-1.55,3482,5141
SZ,300736,-4.01,3479,3569
SZ,001215,-1.61,3478,3487
SZ,002137,-9.95,3477,5065
SZ,300010,0.97,3476,4319
SZ,300246,-2.66,3473,4345
SH,688588,1.6,3471,3471
SZ,301028,0.36,3471,5351
SZ,002305,0.5,3468,3468
SH,605378,0.08,3465,3465
SZ,301111,0,3464,3464
SZ,002676,-0.4,3463,3463
SZ,002187,2.28,3462,3462
SZ,300802,-4.14,3462,5051
SZ,300225,5.62,3460,3485
SH,605399,-2.02,3458,3462
SZ,301017,1.83,3456,5419
SZ,300911,-1.12,3456,3698
SZ,301151,-0.19,3455,3458
SZ,301092,-3.22,3454,7625
SZ,000505,1.49,3453,3969
SZ,002921,6.84,3451,4003
SH,603918,1.83,3450,3450
SH,600506,-0.21,3450,3450
SZ,300611,-1.81,3444,4901
SH,605303,-3.65,3441,3441
SZ,301132,-4.41,3441,5378
SH,603577,1.4,3439,3439
SH,688391,-3.34,3435,3435
SZ,002927,-1.07,3434,3473
SZ,301696,-3.8,3430,45605
SH,603648,-1.96,3428,3428
SZ,002462,1.73,3428,3430
SZ,300948,-4.15,3427,3631
SZ,301060,3.93,3425,3809
SZ,301112,-1.92,3424,3424
SH,688148,-2.88,3423,3423
SH,688750,0.27,3419,6790
SZ,000726,1.58,3418,4742
SH,605158,6.2,3416,3416
SZ,300533,4.67,3416,4855
SZ,301076,0.45,3415,5109
SZ,300099,2.8,3415,4328
SZ,300733,4.29,3413,4628
SZ,300424,-0.5,3411,3413
SZ,000965,0.33,3407,3407
SH,603291,0.75,3407,3407
SZ,002016,2.43,3406,3406
SH,688522,-0.94,3406,8388
SH,688358,3.08,3405,3410
SZ,301199,2.88,3403,3536
SH,603106,1.71,3399,3399
SZ,300021,0.26,3397,3977
SZ,000626,2.74,3395,3415
SH,603116,0,3394,3394
SH,603178,-3.75,3390,3390
SH,601366,1.15,3388,3388
SZ,300933,1.14,3386,3386
SZ,000716,0.66,3383,3448
SZ,920725,-9.05,3382,6986
SZ,920809,0.14,3381,4403
SZ,000407,-0.25,3380,3397
SH,600333,-1.41,3380,3380
SZ,301038,-2.56,3380,3380
SH,600791,-3.6,3379,3383
SH,688081,-2.26,3376,3376
SZ,003037,-0.34,3373,3373
SZ,300901,-0.98,3372,3372
SH,688680,-0.74,3371,3371
SZ,301133,-3.15,3370,3683
SZ,000011,1.27,3369,3814
SZ,300662,1.54,3367,3377
SZ,300448,0,3367,3545
SH,603856,0.59,3365,3365
SH,603014,0.39,3361,13836
SZ,300545,-5.02,3361,5213
SH,600834,1.59,3361,3361
SZ,301251,-7.98,3361,8384
SH,601033,0.29,3358,12591
SZ,300299,2.1,3357,3362
SZ,002582,6.1,3353,4361
SZ,301500,-7.83,3351,13071
SZ,301289,-0.84,3350,3372
SZ,002548,4,3347,3445
SZ,002609,1.25,3345,4691
SZ,300537,-4.42,3340,4574
SH,600800,-0.65,3340,3341
SZ,000609,-6.81,3338,3433
SH,603105,0.76,3335,3335
SH,688607,-1.54,3334,3704
SH,603958,-0.32,3332,3332
SH,603095,0.31,3332,3332
SZ,300399,0.96,3331,3332
SH,603101,2.91,3330,3330
SZ,300551,11.21,3330,3339
SH,600053,-1.78,3325,3325
SZ,300234,-3.87,3323,4861
SZ,002095,2.64,3323,3336
SH,688722,-2.62,3321,3321
SZ,300559,0.09,3320,4263
SZ,300471,0,3314,4250
SH,688056,-4.3,3309,3309
SZ,300110,1.08,3307,3310
SH,603357,1.9,3307,3307
SH,603390,-4.06,3307,3313
SH,605066,0.77,3306,3306
SZ,000788,2.03,3302,3302
SZ,000526,0.33,3301,3354
SH,600503,1.98,3301,3301
SZ,002412,6.43,3296,3331
SZ,920819,3.03,3296,3334
SZ,002175,-2.26,3294,3294
SH,603716,3.19,3290,3290
SZ,000488,-0.5,3287,5706
SH,603266,2.8,3284,3284
SZ,300243,-2.51,3281,4101
SH,688682,-1.31,3280,3280
SH,688084,0.53,3279,3279
SZ,300494,2.75,3278,4037
SH,601999,0.85,3278,3278
SH,603987,0.54,3276,3276
SZ,301419,-6.45,3275,4955
SZ,000931,-0.9,3274,3284
SH,600853,1.89,3274,3274
SZ,300877,-2.56,3274,3274
SZ,003000,1.63,3272,4788
SZ,001257,-3.19,3270,43843
SZ,002791,6,3270,5315
SZ,300504,-2.02,3267,4057
SH,603396,0.9,3265,3265
SH,603657,9.98,3262,3262
SZ,300160,0.23,3262,3308
SH,688215,-0.46,3262,3262
SZ,001216,-3.2,3261,3877
SH,603948,-0.73,3256,3256
SH,600262,-0.56,3256,3256
SZ,301468,-2.33,3255,5646
SZ,301613,-3.35,3255,5580
SZ,002849,-0.92,3252,3279
SZ,000509,-0.97,3252,3252
SZ,300822,-0.17,3251,3505
SH,603559,-2.52,3250,3250
SZ,300534,2.77,3250,3264
SZ,002822,-1.29,3250,5928
SZ,002395,1,3248,3248
SZ,300729,1.33,3246,3372
SZ,000903,-1.16,3245,3270
SH,605162,0.27,3242,3242
SZ,300352,1.2,3241,3683
SZ,300867,3.05,3240,4595
SZ,300816,-3.32,3238,4438
SH,600293,1.09,3237,3237
SZ,002269,0,3234,3467
SH,605398,-1.13,3233,3233
SZ,000868,1.18,3232,3232
SZ,301315,0.44,3231,3231
SZ,301223,1.95,3231,3231
SZ,002783,1.74,3228,3495
SH,603956,0.89,3226,3226
SZ,300840,-0.7,3225,4370
SZ,920735,8.65,3224,3646
SZ,002735,-2.15,3224,4244
SZ,301110,2.85,3224,4583
SZ,300609,-1.06,3222,3227
SZ,002596,1.44,3222,3225
SZ,300241,-2.36,3222,3841
SZ,300664,0.68,3220,3343
SZ,300213,-2.01,3219,3465
SZ,002333,0.63,3219,3260
SH,600229,1.04,3218,3218
SZ,301193,2.17,3216,4206
SH,603201,8.11,3215,3243
SZ,000789,2.54,3214,3214
SZ,002973,3.17,3208,4128
SH,603232,-1.76,3208,3247
SH,600980,-0.11,3208,3276
SZ,301109,1.46,3202,10969
SZ,002818,1.32,3201,8031
SZ,300370,1.49,3201,3209
SH,600467,2.34,3200,3200
SZ,300050,3.35,3196,3198
SH,603759,0.58,3195,3195
SZ,300894,0.28,3194,4412
SZ,300749,-2.72,3194,4163
SH,600822,-0.11,3193,3998
SH,600218,0.27,3193,3193
SH,688159,-3.22,3192,3192
SZ,000701,-0.41,3192,3195
SZ,301033,6.09,3191,3796
SZ,301175,0.59,3190,7551
SZ,002826,1.89,3188,3291
SZ,301206,1.24,3188,4951
SH,688338,-1.76,3184,3184
SZ,002646,2.76,3183,3205
SZ,000731,0,3183,3183
SZ,300193,0.53,3183,3615
SH,600679,0.98,3183,4586
SZ,000514,1.07,3181,3181
SZ,301662,-2.51,3180,8273
SH,603656,-1.02,3180,3180
SH,603679,-2.23,3179,3179
SZ,300466,1.29,3178,3792
SZ,300848,0.56,3177,5370
SZ,300932,6.3,3176,4459
SH,603278,-0.1,3175,3175
SH,600512,2.04,3175,3175
SH,603500,-0.82,3173,3175
SH,603817,0.18,3170,3170
SZ,300780,1.34,3167,4319
SH,603230,1.94,3164,3164
SH,600716,0.3,3164,3164
SZ,000428,0.65,3159,3159
SH,600327,2.29,3159,3159
SZ,300649,6.67,3157,3939
SH,600865,0.12,3157,3157
SZ,301588,-0.91,3157,5115
SH,605077,1.05,3156,3194
SH,600843,-1.6,3153,4792
SH,600653,0.62,3153,3153
SZ,002327,1.42,3152,5353
SZ,300414,0.1,3148,3273
SH,603630,6.97,3146,3146
SZ,300501,-2.82,3144,3155
SZ,300238,2.6,3137,3137
SH,603210,0.37,3136,4589
SH,688229,-3.27,3130,3130
SZ,300078,1.44,3129,3141
SZ,002339,0.31,3126,3292
SH,603739,1.65,3125,3125
SZ,920491,0.56,3125,3808
SH,688583,0.33,3124,8964
SH,688265,13.65,3123,3123
SZ,002801,-1.42,3123,6193
SH,600318,2.18,3123,3123
SH,605138,-4.57,3122,3122
SZ,300385,1.7,3122,3578
SH,600749,1.33,3121,3121
SZ,300239,1.73,3120,3140
SH,603600,2.61,3116,3116
SZ,301120,-3.28,3111,5272
SH,688171,1.22,3109,3109
SZ,300511,-0.69,3107,3646
SH,603535,1.16,3106,3106
SZ,002853,4.55,3106,4414
SZ,002672,2.39,3105,3791
SZ,002374,0,3104,3104
SZ,301311,2.05,3103,3103
SZ,002441,1.3,3097,4231
SH,688579,1.31,3096,3096
SZ,002485,1.61,3095,3095
SZ,301226,-1.65,3089,3089
SH,605108,1.28,3089,3089
SH,603527,-2.3,3087,3087
SZ,002903,-4.16,3086,4533
SH,605259,0,3086,3086
SZ,301302,-0.17,3086,3460
SH,600156,-0.77,3080,3080
SZ,300864,0.36,3079,3079
SZ,002571,-2.63,3079,4045
SZ,300801,-4.29,3076,4908
SH,603637,1.74,3074,3074
SZ,301393,-1.72,3074,7550
SH,601010,-1.18,3068,3068
SH,688317,2.8,3064,3064
SH,600638,0.66,3064,3064
SH,600622,1.49,3059,3059
SZ,000546,-0.89,3059,3414
SH,600052,1.69,3056,3056
SZ,002197,4.38,3054,3514
SH,603330,3.3,3054,3249
SZ,300270,-2.89,3053,3543
SZ,300289,1.81,3053,3057
SZ,000926,-0.5,3052,3090
SH,605388,2.21,3050,3050
SZ,301551,2.65,3049,7892
SZ,300187,-1.65,3049,3067
SH,688479,2.56,3047,7091
SZ,000421,0,3044,3044
SZ,300132,5.83,3043,3094
SZ,300563,-2.9,3043,4373
SZ,300879,1,3040,3060
SH,688693,-6.32,3039,5755
SZ,300920,-0.47,3038,4573
SZ,002296,-0.1,3036,3405
SZ,920418,1.15,3035,3143
SZ,002178,0.24,3032,3034
SZ,002899,-0.33,3031,3031
SZ,003002,2.16,3030,3314
SH,603999,2.14,3030,3030
SH,688162,0.27,3027,3027
SH,688070,0.26,3025,3025
SZ,002362,0.28,3018,3554
SH,600668,1.81,3018,3018
SZ,002811,-0.64,3018,3289
SZ,002094,0.69,3017,3019
SZ,300301,-2.29,3017,3170
SZ,001388,9.99,3016,5636
SZ,300781,2.51,3016,4088
SZ,301602,1.54,3015,6194
SH,603788,0.07,3014,3014
SH,688727,-5.27,3013,25059
SH,600280,0.75,3013,3013
SH,600470,2.49,3010,3010
SZ,300931,2.06,3005,3738
SH,688335,-2.44,3004,3004
SH,605136,1.9,2999,2999
SH,603895,-1.66,2999,2999
SH,600289,-4.85,2994,3338
SZ,000803,-1.65,2993,3036
SZ,300427,0.34,2993,3026
SH,603896,4.14,2992,2992
SH,603008,3.18,2991,2991
SH,603798,-3.15,2990,2990
SZ,920806,0.4,2989,2989
SZ,000862,1.49,2989,4369
SZ,002286,0.75,2987,3070
SZ,301073,2,2985,3265
SH,688687,1.51,2985,2985
SZ,301136,0.84,2983,2986
SZ,002474,0.18,2983,3509
SZ,300622,1.71,2977,4354
SH,603655,0.97,2975,2975
SH,688370,0,2975,2975
SZ,002766,1.46,2974,2984
SZ,001229,-4.2,2972,5780
SZ,002933,1.48,2969,2984
SZ,300317,0.56,2968,2972
SZ,002612,3.92,2967,5159
SZ,002313,1.02,2961,2962
SZ,000736,1.28,2959,2959
SH,688015,0.71,2957,2957
SH,600731,1.11,2952,3018
SZ,300698,-0.79,2951,3335
SH,600354,3.33,2950,2950
SZ,002357,1.73,2950,2950
SZ,300162,-7.6,2949,3616
SZ,300663,1.27,2946,3062
SZ,301046,2.07,2946,3815
SZ,000890,-0.42,2945,2945
SZ,000615,2.91,2942,5684
SZ,000721,1.77,2941,3294
SZ,300125,-0.23,2941,5427
SZ,002976,0.63,2940,4700
SZ,002282,1.75,2939,3066
SZ,002365,10.01,2939,3530
SZ,002037,1.51,2937,2937
SZ,300056,6.13,2935,2937
SZ,300578,0,2934,2934
SZ,300860,8.99,2930,5047
SZ,000530,0.83,2929,4115
SZ,300410,-2.56,2926,2926
SZ,920037,2.36,2926,4785
SZ,300927,0.83,2925,2998
SZ,300404,3.02,2924,3950
SH,600322,-2.57,2919,2919
SZ,300094,1.54,2919,2978
SZ,002168,4.49,2917,2917
SH,688557,-0.04,2916,2916
SZ,300908,1.72,2914,3447
SH,600721,10.03,2911,2911
SZ,300869,2.42,2906,4428
SZ,002996,1.44,2906,4244
SZ,002323,-0.71,2905,2906
SZ,301317,-3.34,2903,8743
SZ,001311,2.05,2903,6616
SZ,001318,0.39,2903,2903
SZ,000607,2.82,2903,3338
SH,600130,-0.5,2903,2903
SZ,301313,-1.56,2900,3819
SH,600228,3.11,2900,2904
SZ,301213,-2.19,2899,4484
SZ,300998,0.9,2897,3690
SH,600838,2.85,2894,2894
SZ,300691,0.46,2894,3527
SZ,002369,-0.57,2893,2897
SZ,300831,0.84,2893,5018
SH,603949,-10,2892,2900
SH,688618,-3.12,2892,2896
SZ,002451,0,2890,2900
SZ,300973,3.53,2889,4127
SZ,002823,-0.44,2889,4334
SZ,002861,0.94,2888,3582
SZ,001299,-0.57,2885,3205
SZ,300858,2.5,2885,3884
SZ,002912,0.91,2884,3036
SH,605218,0.15,2884,3290
SZ,300946,0.4,2884,5935
SZ,300011,1.07,2881,3440
SZ,002021,0.84,2881,2881
SH,600719,-0.96,2881,2881
SZ,300381,0.84,2876,2886
SZ,300135,-1.26,2875,2875
SZ,301305,-0.29,2870,5587
SZ,000889,10.03,2862,3080
SZ,002889,0.18,2862,4302
SZ,300982,0.14,2856,3049
SZ,300086,1.57,2856,2949
SH,603192,9.99,2854,3422
SZ,000037,0.84,2854,5075
SZ,002623,0.95,2853,2859
SH,600537,-0.81,2853,2853
SZ,301387,-3.56,2850,7129
SH,600969,3.36,2849,2849
SZ,300157,-6.59,2848,2986
SH,600265,0.37,2847,2847
SH,600992,10.05,2845,2845
SZ,000151,-0.31,2845,3242
SH,688500,0.08,2845,2885
SH,603001,-0.83,2843,2843
SZ,002587,-2.37,2839,3489
SZ,301225,7.43,2835,9288
SZ,002686,-1.44,2833,3069
SZ,000576,1.08,2833,2850
SZ,300833,-2.12,2832,4408
SZ,300560,-6.82,2831,3478
SZ,300584,1.87,2825,4129
SZ,002394,-0.67,2824,2829
SH,605080,2.97,2822,2834
SZ,300311,0,2821,3537
SZ,000668,1.64,2821,2821
SH,601616,0,2817,2817
SZ,002521,-0.87,2817,3764
SZ,002689,4.25,2816,2817
SZ,001217,1.3,2816,2847
SZ,301002,-1.83,2816,4470
SZ,300890,-2.19,2816,3080
SZ,002259,1.36,2814,2814
SZ,002816,-2.18,2813,2813
SZ,001218,1.62,2811,3100
SZ,300051,-1.79,2811,2846
SZ,300608,0.22,2803,3205
SH,603221,-1.27,2803,2829
SZ,000504,9.95,2801,2808
SH,603258,2.93,2800,2816
SZ,002086,1.72,2799,3467
SZ,000798,3.66,2799,2799
SZ,301222,-0.86,2796,3681
SH,603819,-0.69,2796,2796
SZ,300095,0.34,2795,3471
SZ,300266,1.12,2795,2797
SH,688589,-4.32,2795,2795
SZ,301525,-1.48,2793,5333
SZ,002616,0.42,2791,4081
SZ,001210,2.65,2788,4588
SH,600620,1,2788,2788
SH,605089,10.03,2786,2786
SZ,301068,-3.23,2784,3922
SZ,002724,1.45,2782,3780
SZ,301631,-1.56,2782,8166
SZ,300032,0.29,2779,2779
SH,603808,2.14,2779,2779
SH,600136,0.7,2779,2918
SZ,002871,-2.1,2773,4679
SZ,300310,0.5,2772,3535
SZ,301448,-1.95,2772,4090
SZ,300264,-4.22,2770,3223
SH,600630,-1.05,2770,2770
SH,603829,-0.06,2768,2768
SZ,002962,-2.71,2768,3859
SH,603886,-0.25,2767,2767
SZ,000897,1.18,2765,2766
SZ,001300,-0.69,2762,2762
SH,688137,-1.31,2762,2762
SH,603006,-2.59,2761,2761
SH,603159,2.12,2759,2759
SZ,301081,-1.75,2759,2872
SZ,300218,1.19,2758,2767
SH,688721,-11.45,2756,6879
SZ,300237,0,2754,2754
SZ,003029,0.13,2752,3026
SH,603066,-4.19,2751,2751
SH,603970,0.29,2750,2750
SZ,000068,-0.72,2748,2748
SZ,300552,0.05,2748,4335
SH,603080,0.26,2747,2747
SZ,003025,-1.61,2746,3444
SH,603518,0.76,2746,2756
SZ,002012,-1.17,2745,2745
SH,688570,0.83,2744,6313
SH,688314,1.67,2739,2739
SH,601112,-1.02,2737,26871
SZ,300052,-0.37,2736,2736
SZ,002224,2.11,2734,3058
SZ,300485,1.84,2733,4807
SZ,003016,2.15,2732,2796
SZ,300040,0.19,2732,3397
SZ,002314,0,2730,5524
SH,600594,0.29,2730,2730
SZ,301020,-1.73,2729,2729
SZ,002186,1.72,2727,2729
SH,600192,-0.15,2726,2726
SH,688066,-0.85,2725,2725
SZ,920068,0.58,2725,10286
SZ,300290,-0.22,2724,2725
SZ,002575,1.08,2723,2873
SZ,301296,0.47,2721,2721
SZ,003015,0.09,2721,3092
SZ,920402,-9.27,2721,4208
SH,688455,0.12,2720,2720
SZ,301202,-3.6,2719,4658
SZ,000570,0.62,2717,3451
SH,688285,0.42,2717,2717
SZ,300242,0,2716,2716
SZ,002403,-2.66,2713,3110
SZ,000529,1.06,2713,2779
SZ,002983,-5.36,2712,4721
SH,688152,1.22,2712,2712
SZ,002476,-0.22,2711,2711
SH,600735,2.91,2710,2731
SH,688197,4.11,2709,6294
SZ,000972,0,2707,2707
SZ,300653,2.04,2707,2707
SZ,002795,4.71,2706,2752
SH,603696,1.05,2705,2705
SZ,300530,-1.31,2705,2705
SZ,300603,0,2704,3360
SH,600616,1,2703,2703
SH,603335,-4.24,2702,2702
SH,603280,1.22,2699,2699
SZ,301608,-0.34,2699,6015
SZ,002347,2.05,2699,2761
SZ,002148,-0.65,2696,3341
SZ,002725,0,2696,2772
SH,603878,0.21,2694,2694
SZ,002561,0.93,2690,2698
SZ,300329,-1.56,2688,2696
SZ,002875,-0.46,2685,2685
SZ,300600,0.22,2683,2683
SZ,001259,-4.57,2682,4150
SH,600684,3.29,2680,3473
SZ,300154,6.92,2679,3821
SH,600249,2.31,2679,2679
SZ,301260,0.62,2678,6303
SZ,002278,-0.39,2677,2899
SZ,301148,-1.63,2676,5295
SZ,002072,5.66,2676,2677
SH,600785,10,2676,2676
SZ,301066,1.15,2669,2690
SZ,000159,0.73,2668,2668
SH,600212,1.62,2667,3535
SZ,000710,2.8,2666,2860
SZ,002748,2.12,2664,2664
SZ,002022,1.77,2664,2664
SZ,301266,0.2,2662,2807
SH,688292,-0.11,2662,2662
SZ,300425,1.03,2662,2667
SZ,301149,-0.25,2660,4371
SZ,920190,3.21,2656,2671
SZ,002404,1.75,2656,3265
SZ,002878,0.81,2651,2945
SZ,300447,-0.29,2651,4110
SZ,002199,0.26,2649,2792
SH,600215,1.22,2645,2645
SH,605169,-0.1,2645,2645
SZ,300460,-1.87,2642,2642
SZ,300826,-2.42,2641,2745
SH,688129,4.58,2640,2640
SH,688071,0.45,2639,2639
SH,603677,-1.43,2639,2639
SH,605500,-0.46,2636,2636
SZ,301622,-0.28,2634,4723
SZ,300334,-2.34,2634,2634
SZ,000802,3.37,2633,2635
SZ,300786,-4.15,2632,3309
SZ,300589,0,2630,4237
SZ,002798,0.59,2630,2990
SH,600405,-4.02,2629,2629
SZ,002355,4.17,2627,2841
SZ,300148,1.9,2621,2715
SH,600386,1.25,2621,2621
SH,600358,-1.13,2621,2621
SZ,002981,0.7,2620,2943
SZ,300445,-2.4,2620,3960
SZ,000695,-1.66,2620,2737
SH,688255,0.17,2617,2617
SZ,300716,-5.48,2616,2616
SH,600876,-0.44,2615,4268
SZ,300272,2.74,2615,3443
SZ,300230,-0.23,2614,3375
SZ,002917,1.62,2613,3487
SZ,002806,0.94,2612,3187
SZ,300419,-1.1,2611,2611
SZ,300279,-0.55,2610,2622
SZ,000419,0.21,2609,2609
SZ,300810,-0.34,2605,2697
SZ,301161,-2.48,2602,4045
SH,600712,1.05,2596,2625
SZ,920699,-0.86,2596,5673
SZ,920510,3.29,2594,5084
SZ,002337,1.38,2593,2596
SZ,300515,0.39,2593,2644
SZ,001324,-2.23,2592,2592
SZ,002846,3,2591,4183
SH,605166,0.86,2590,2590
SZ,002863,0.7,2590,2590
SZ,002248,0.36,2589,2589
SZ,300980,-3.26,2587,3632
SZ,300439,0.91,2587,3401
SH,603585,0.74,2586,2630
SZ,002905,4.37,2586,2785
SZ,300631,-0.64,2585,2658
SH,603779,-4.53,2584,2584
SZ,000017,1.03,2583,4039
SH,600381,1.62,2583,2583
SH,603202,1.68,2581,8226
SH,603633,-0.65,2578,2578
SH,688367,-3.6,2577,2577
SH,600665,-0.66,2575,2575
SZ,002578,-1.31,2575,2807
SH,605266,1.83,2575,2575
SZ,002723,-1.45,2574,2699
SH,688080,-1.48,2574,2574
SH,600538,-0.19,2574,2574
SZ,000809,1.63,2573,2573
SZ,000978,2.43,2570,2570
SZ,301197,7.31,2570,2848
SZ,002363,0.98,2569,2576
SZ,002952,0.05,2568,3206
SH,600408,-0.77,2567,2567
SH,601996,-3.37,2567,2567
SZ,301270,3.43,2566,2716
SH,603037,0.42,2566,2569
SZ,000669,2.72,2565,2565
SZ,920015,-8.17,2561,8676
SZ,300636,2.8,2560,2927
SH,603375,-3.82,2560,4041
SZ,001256,-6.69,2559,3414
SZ,301600,0.58,2559,8292
SH,603237,2.74,2559,2642
SZ,003007,-1.17,2558,4214
SH,603048,-0.16,2557,2557
SZ,300510,0.65,2557,2557
SZ,300175,-1.08,2556,2556
SZ,300163,-2.09,2552,2650
SZ,300942,0.8,2552,2552
SZ,300991,-4.84,2551,3987
SH,605068,0.71,2548,2548
SH,603828,-1.38,2545,2545
SZ,301439,-0.35,2543,5401
SZ,920571,1.18,2543,4771
SH,688246,2.67,2541,2541
SH,600793,-1.77,2540,2540
SH,688280,-0.4,2540,2880
SZ,300887,3.85,2539,3826
SH,603107,1.31,2537,3923
SZ,300798,-0.15,2536,3082
SZ,000019,1.5,2535,7019
SZ,300452,2.82,2533,2989
SH,603586,0.16,2531,2531
SZ,300667,-1.93,2531,3000
SZ,300555,-2.21,2530,2556
SH,603036,-0.8,2530,2530
SZ,002663,2.07,2527,2551
SZ,300945,0.47,2525,2773
SZ,300952,0.24,2524,4105
SZ,000826,-2.74,2523,2523
SH,603917,-1.5,2522,2522
SZ,002866,-0.42,2521,4027
SZ,920019,-1.37,2518,3160
SH,605199,8.26,2517,2517
SH,600753,-1.96,2515,2515
SZ,301279,-2.57,2513,3246
SH,603017,0.55,2513,2513
SH,688357,0.92,2512,2512
SZ,300830,0.95,2511,3365
SZ,002136,2.09,2511,2518
SZ,301027,3.34,2511,3046
SZ,001282,2.49,2511,3653
SZ,002658,-0.13,2510,4450
SZ,301043,0.73,2509,3006
SZ,002829,-6.93,2506,3566
SH,603557,-1.7,2506,2506
SZ,300479,0.32,2505,2506
SH,603839,10.03,2504,2504
SZ,000892,-9.96,2502,3453
SH,603617,2.86,2502,2522
SZ,300730,0.17,2500,2915
SZ,300746,0.9,2499,2524
SH,603042,-2.75,2499,2499
SZ,000698,1.27,2499,2606
SZ,000565,0.17,2497,2497
SZ,301337,1.28,2496,2552
SZ,301665,-0.65,2496,10782
SH,601798,0,2496,2496
SZ,000812,2.48,2495,2496
SZ,300407,-2.82,2495,3336
SZ,002058,-3.74,2494,2500
SZ,301397,-2.36,2493,5446
SZ,002613,-0.3,2491,3544
SH,600419,2.73,2489,2489
SH,603458,-2.86,2489,2489
SH,600624,0.55,2486,2486
SZ,300818,-0.9,2486,3837
SZ,300577,5.56,2485,4192
SZ,002425,1.89,2485,2583
SZ,300374,1.2,2483,2484
SH,688468,1.31,2483,2483
SH,688030,2.15,2482,2482
SH,603628,0.55,2480,2488
SH,601007,0.79,2477,2477
SH,688178,-6.02,2476,2476
SZ,300853,-2.01,2476,3700
SZ,002547,-4.26,2475,2527
SZ,000545,-0.39,2473,2477
SZ,300449,-1.68,2471,2471
SH,605069,-0.76,2471,2471
SH,600302,0.99,2471,2471
SZ,301181,0.24,2468,3162
SH,600439,0.93,2468,2468
SZ,301592,-3.67,2467,7392
SZ,300269,-2.69,2465,2565
SH,600250,0.51,2465,2465
SZ,002953,0.69,2464,4306
SH,603076,0.59,2464,2464
SZ,002453,0.99,2459,3314
SH,600858,1.5,2458,2470
SZ,301119,-1.13,2456,3037
SH,603801,1.44,2454,2454
SH,603863,-0.82,2450,2450
SH,603189,-0.76,2447,2447
SH,688619,2.57,2446,2446
SZ,000838,4.5,2445,2553
SH,600844,10,2444,3019
SZ,300536,-0.47,2443,2443
SH,600613,2,2440,2718
SH,603320,-0.66,2437,2437
SZ,300281,-0.8,2436,2568
SZ,300062,-0.55,2434,3345
SZ,002828,-2.33,2432,2432
SZ,920125,5.49,2432,8286
SH,603955,1.19,2429,2429
SH,605151,0.39,2429,2429
SZ,001369,-0.16,2427,13420
SH,603289,-1.3,2426,2426
SZ,001333,0.53,2426,2426
SH,603059,1.17,2423,2427
SZ,300020,2.93,2422,2511
SZ,002769,1.56,2421,2423
SZ,301059,0.34,2421,2709
SH,603602,0.58,2419,2419
SZ,300366,0.88,2419,2771
SZ,300333,-0.4,2417,2426
SH,688529,-0.06,2417,2417
SZ,002330,1.33,2414,2414
SZ,002172,4.65,2410,2412
SH,603021,1.62,2406,2406
SH,603488,-1.78,2403,2403
SH,600356,-0.11,2399,2646
SH,688272,-4.67,2399,2399
SZ,301356,-2.46,2398,4089
SZ,301172,-4.25,2398,4188
SZ,000790,1.85,2397,2401
SH,688718,-3.01,2396,2396
SZ,300694,-3.23,2395,2399
SZ,002391,0.19,2395,3352
SZ,002767,6.98,2393,2757
SZ,300386,1.17,2392,3988
SZ,002542,-4.22,2392,2456
SH,600671,0.46,2392,2392
SZ,002593,4.93,2388,3424
SZ,300824,1.48,2386,2461
SZ,300288,2.76,2386,3143
SZ,301221,0.49,2385,3507
SZ,301531,-5.31,2379,11151
SZ,000715,0.62,2378,2643
SZ,300921,-2.51,2378,3772
SH,603836,2.16,2376,2439
SZ,002659,1.02,2375,2375
SZ,301019,-3.19,2375,3239
SZ,002496,0.5,2374,3030
SZ,300849,-0.64,2373,3228
SZ,002103,2.17,2372,3264
SZ,001201,0.94,2371,3034
SZ,001367,2.47,2369,2968
SZ,300585,-1.48,2368,2368
SZ,000707,0.23,2368,2514
SZ,002682,0.24,2368,2368
SH,603768,1.95,2363,2363
SZ,300582,-2.01,2362,3182
SZ,002431,-2.23,2361,2361
SH,603086,1.12,2361,2361
SH,600560,0.57,2359,2359
SH,600257,10.11,2358,2358
SZ,002667,-8.79,2354,2593
SZ,300978,0.61,2354,3466
SZ,002726,2.37,2353,2355
SZ,002084,-2.92,2353,2358
SZ,300647,0.39,2352,2355
SH,688310,-0.2,2351,2351
SH,603136,1.75,2350,2350
SZ,301125,1.6,2348,2649
SZ,301669,-6.36,2347,13757
SZ,002397,-1.08,2345,2707
SH,603161,-1.36,2340,2385
SZ,300717,3.28,2340,2361
SZ,001223,-2.95,2339,4377
SZ,002377,0.37,2338,2456
SZ,002729,-2.34,2337,2437
SZ,000573,1.37,2336,2355
SH,688096,6.05,2335,2335
SZ,002869,-0.06,2331,2618
SH,600463,1.83,2331,2331
SZ,002098,0.62,2327,2327
SZ,002712,1.9,2326,2340
SZ,001219,0.74,2323,2383
SH,603578,1.42,2323,3015
SH,688316,-1.65,2322,2322
SZ,300173,0.64,2322,2322
SH,603700,-0.25,2322,2322
SZ,002661,-0.4,2319,2432
SZ,300235,-2.3,2316,2870
SH,603755,2.67,2315,2315
SH,603909,1.6,2315,2315
SH,603922,1.57,2312,2312
SZ,000554,-0.15,2310,3070
SH,603307,0.13,2309,2346
SZ,301262,2.38,2307,7881
SZ,300583,2.06,2306,2350
SZ,301596,0.55,2306,5681
SZ,300658,-1.31,2306,3474
SH,600573,1.43,2305,2305
SZ,920344,4.43,2304,2468
SZ,920971,-5.48,2303,2794
SZ,300092,1.57,2302,3005
SH,603378,-4.1,2302,2302
SZ,002442,-0.63,2300,2356
SZ,300701,0.33,2299,2610
SZ,002687,-0.17,2298,2807
SZ,002574,1.64,2297,2297
SZ,002700,-0.17,2297,2320
SH,688156,-3.63,2293,2293
SH,600187,-1.38,2292,2292
SZ,300103,0.98,2291,2293
SZ,300562,-1.32,2291,3074
SZ,000055,0.3,2291,3640
SZ,001368,0.24,2290,2397
SZ,000430,0.32,2290,5004
SH,600182,1.28,2290,4580
SZ,301082,0.72,2285,2465
SZ,002398,1.33,2285,2622
SZ,301658,-1,2283,9666
SZ,300993,1.07,2283,2909
SH,603332,2.13,2282,2282
SZ,300796,0.8,2282,2282
SH,605155,0,2281,2336
SZ,301273,-1.55,2281,2972
SH,688189,8.44,2278,2278
SH,603797,-0.24,2278,2278
SZ,300690,-0.62,2277,3396
SZ,301118,-2.27,2273,2357
SZ,002069,1.59,2273,2276
SZ,300808,1.06,2272,3058
SH,605258,-3.14,2270,2270
SZ,002329,0,2268,2897
SZ,001206,2.12,2267,3922
SH,688811,-4.97,2266,12341
SH,688716,3.52,2265,3941
SH,600239,0,2264,2264
SZ,002932,0.07,2263,3372
SZ,001365,-3.78,2262,20648
SZ,300898,3.46,2262,2444
SZ,300359,1.42,2261,2261
SZ,300912,-5.01,2260,2994
SZ,300988,0,2260,2746
SH,688581,3.42,2255,4422
SZ,300422,0.93,2253,2328
SH,688113,1.6,2252,2252
SZ,301628,-4.42,2252,6088
SH,600359,0.34,2251,2251
SZ,002813,1.41,2248,2251
SZ,300752,-4.18,2247,3251
SZ,301331,4.14,2247,2252
SZ,000955,-0.94,2245,2245
SH,603180,-1.94,2244,2244
SH,688560,1,2240,2240
SZ,300966,1.92,2240,3369
SZ,002864,1.61,2237,3192
SZ,301195,0.55,2236,3368
SZ,301088,0.42,2233,2707
SZ,002855,0.44,2233,2235
SZ,000586,-0.67,2233,2259
SZ,301040,-10.82,2229,2362
SH,600833,0.4,2229,2229
SZ,301025,2.29,2228,3218
SZ,300172,0.47,2228,2883
SH,605003,0.55,2228,2228
SH,688623,-0.84,2226,5359
SH,603188,0.52,2224,2224
SH,603787,2.66,2223,2223
SZ,300141,-0.79,2223,2251
SZ,301380,4.88,2222,2790
SZ,920111,-1.36,2222,4579
SH,688355,-4.92,2221,2221
SH,600854,0.71,2218,2218
SZ,301258,1.51,2216,2281
SH,603331,4.08,2216,2216
SH,688597,0,2215,2215
SZ,002890,-1.64,2214,2329
SH,603172,0.91,2213,2213
SH,688201,-0.13,2211,2211
SZ,002599,5.51,2209,2956
SZ,301117,6.78,2208,3447
SZ,300165,6.49,2208,2601
SZ,301178,-4.11,2207,2991
SZ,301122,-0.33,2205,3563
SH,688244,3.11,2201,2201
SZ,300025,0.46,2199,2208
SZ,002660,1.91,2199,2286
SZ,002343,1.31,2198,2198
SZ,300800,-0.31,2198,2221
SZ,301220,-0.38,2195,3180
SZ,300829,1.52,2194,3182
SZ,002848,-0.37,2192,2215
SZ,301290,6.74,2192,2759
SZ,920961,-3.73,2191,3011
SZ,000635,1.36,2190,2353
SZ,002576,-0.14,2189,2231
SZ,002319,-1.59,2189,2189
SZ,002234,0.83,2188,2533
SH,688501,0,2186,2186
SZ,001205,0,2184,2467
SZ,002852,1.19,2184,2628
SZ,000014,0.11,2183,2183
SH,603818,0,2183,2183
SZ,300512,0.45,2183,2758
SH,603096,1.8,2179,2179
SH,603079,1.77,2178,2178
SZ,300484,0.69,2178,2712
SH,600661,1.07,2175,2175
SZ,300987,2.2,2174,2174
SZ,301185,-1.44,2173,2404
SZ,301535,0,2172,5440
SZ,301190,0.13,2169,3254
SZ,300211,-1.22,2164,2203
SZ,002972,-4.51,2164,3953
SH,600965,-0.74,2161,2161
SZ,002887,0.81,2159,3042
SH,688648,-0.37,2159,4223
SZ,001393,-0.72,2158,11200
SH,688517,0.77,2157,2157
SH,600831,0,2154,2154
SH,603937,-3,2152,2152
SZ,300250,0.81,2150,2920
SZ,920178,-4.35,2149,7359
SZ,301089,1.8,2148,3004
SZ,300013,-1.27,2147,2150
SZ,002763,0,2147,2898
SZ,300464,-1.78,2145,2822
SZ,300107,0.16,2143,3472
SZ,300732,0.52,2143,2146
SH,600232,-0.67,2137,2137
SZ,002633,-0.34,2134,2142
SZ,300591,0.66,2134,2471
SZ,002420,1.15,2133,2167
SZ,300965,0.92,2132,2365
SZ,000548,0.71,2132,2132
SZ,300956,-1.26,2130,2180
SH,603407,-8.01,2130,24187
SZ,300340,-0.63,2128,2144
SZ,301557,-3.48,2127,5304
SH,603102,0.24,2125,2125
SZ,002836,0.99,2124,2124
SZ,301212,-1.34,2123,2445
SH,688737,0.8,2119,2119
SH,688613,1.78,2118,2118
SZ,000752,2.3,2115,2115
SZ,300275,0.65,2115,2399
SH,605001,-2.17,2114,2114
SZ,301590,-5.7,2111,5099
SZ,002963,-4.02,2109,2579
SH,603117,1.44,2109,2109
SZ,001266,-6.51,2108,3757
SZ,002076,0.5,2105,2240
SZ,300805,1.39,2105,3098
SZ,002492,-0.37,2105,2142
SZ,300426,2.14,2104,2369
SZ,300198,-1.43,2104,2115
SH,688251,-1.81,2103,2118
SZ,300097,-2.37,2101,2245
SZ,300703,0.56,2100,2278
SH,600533,1.01,2100,2100
SZ,002991,2.79,2099,3918
SZ,920189,-12.71,2096,3493
SZ,920261,1.24,2096,3808
SZ,300891,0.64,2094,2512
SH,603091,-2.99,2092,6803
SH,603270,-0.36,2090,6475
SZ,920405,0.96,2089,2662
SZ,300884,-1.44,2088,2770
SZ,301011,0.99,2087,2198
SH,600107,-4.45,2084,2084
SH,603183,2.44,2083,2083
SZ,001228,-0.37,2083,2709
SZ,000679,1.92,2081,2081
SZ,920978,4.51,2080,3710
SZ,002671,-0.52,2079,2117
SZ,002702,0.89,2078,2518
SZ,301332,0.77,2076,3619
SZ,002825,0.62,2076,2766
SZ,002388,-2.37,2075,2094
SZ,300710,-0.67,2074,2767
SH,600678,-0.33,2073,2073
SH,688657,-5.85,2073,3313
SZ,300411,0.3,2071,2724
SZ,001390,-0.22,2069,3484
SZ,300565,-1.4,2068,2262
SH,603721,0.57,2067,2067
SZ,300673,2.63,2067,3185
SZ,002615,-0.14,2067,3829
SH,601083,1.72,2065,13769
SZ,002295,-1.43,2064,2065
SH,600423,2.79,2061,2061
SZ,001332,-1.72,2059,4740
SH,600148,0.48,2056,2056
SZ,300970,-3.05,2054,2661
SZ,002942,1.79,2054,2301
SH,688038,5.06,2053,2053
SZ,300081,0.89,2050,2050
SZ,300599,5.31,2050,3904
SZ,301371,0.27,2048,13694
SZ,002114,-1.7,2047,2047
SZ,300940,-0.22,2046,2892
SH,603329,-0.99,2045,2478
SH,603238,0.26,2045,2045
SH,688369,1.03,2043,2043
SH,600281,0,2042,2042
SZ,002771,-2.08,2042,2454
SH,603373,0.66,2041,4831
SZ,003030,-3.11,2037,3139
SZ,300881,-1.38,2033,3895
SZ,920879,0.52,2031,2714
SZ,920247,-0.19,2028,2796
SH,603023,2.25,2026,2026
SZ,300387,0,2023,2023
SZ,300778,2.16,2022,2022
SZ,002732,0.86,2021,2031
SZ,300412,1.65,2021,2150
SZ,002800,9.98,2020,2080
SH,603321,0.69,2019,2044
SH,600241,-0.14,2019,2019
SH,688755,1.69,2018,2891
SH,603536,2.69,2018,2034
SZ,000605,3.06,2017,2017
SH,603381,0.42,2017,3367
SZ,002569,1.48,2016,2074
SZ,300106,1.27,2016,2016
SZ,001268,0.85,2016,3221
SZ,000692,-2.32,2014,2014
SH,603377,-1.05,2010,2010
SZ,000952,2.28,2009,2025
SH,688013,1.6,2007,2007
SH,603089,-0.11,2007,2305
SH,600491,-2.95,2004,2004
SZ,920208,0.65,2001,2311
SZ,301108,2.12,1998,3469
SH,600774,2.11,1996,1997
SZ,000590,0.36,1996,1997
SH,603176,0.23,1995,2053
SZ,002918,5.2,1994,3806
SZ,002253,1.82,1992,2141
SZ,301077,-1.36,1992,3551
SZ,300771,1.94,1991,2527
SZ,301428,-1.06,1991,2821
SZ,002799,1.63,1991,1991
SZ,300774,-0.4,1986,3977
SH,603326,-0.31,1985,1985
SZ,301103,2.13,1985,2579
SH,603193,4.01,1983,7764
SZ,002652,-0.5,1982,1982
SZ,300922,-0.24,1982,2525
SZ,300960,-0.25,1980,2185
SZ,002998,2.67,1977,2594
SH,688026,0.79,1977,1978
SZ,000953,1.12,1977,1977
SZ,000757,1.92,1976,1976
SH,603182,0.42,1976,1976
SZ,301024,-3.54,1976,2041
SH,600371,0.45,1975,1975
SH,603880,0,1974,1974
SZ,002666,0,1973,3105
SH,603041,3.07,1971,1971
SZ,300205,-0.64,1970,1970
SZ,300509,0.5,1969,2362
SH,600097,1.36,1968,1968
SZ,300612,1.31,1968,1978
SZ,301618,-1.82,1966,5157
SH,688060,0.34,1966,1966
SH,600287,0.45,1966,1966
SZ,300513,-0.28,1965,2146
SZ,300719,0.92,1963,2779
SZ,301041,-5.07,1962,2650
SZ,300844,1.11,1961,2035
SZ,300254,2,1960,2233
SZ,003023,-0.52,1955,1959
SH,600540,0.3,1953,1953
SZ,001230,6.16,1953,3335
SH,688203,1.16,1952,1952
SZ,002873,2.78,1951,1987
SH,688450,-6.56,1949,2629
SZ,301599,-2.61,1949,15378
SH,600615,-2.91,1949,1952
SZ,001211,-0.23,1948,2087
SZ,300546,0.91,1946,2706
SZ,300665,0.11,1945,2048
SZ,001237,0.81,1943,8269
SZ,002715,0,1940,1940
SH,603382,1.76,1939,3043
SZ,002360,6.25,1937,2391
SZ,300637,-1.78,1935,1937
SH,603968,0.64,1934,1934
SZ,300176,0.81,1933,1933
SH,688132,1.12,1932,1932
SZ,002656,-0.34,1929,2002
SZ,300989,-1.08,1929,2498
SH,605180,-0.25,1927,1927
SZ,000056,-0.46,1925,2519
SZ,301548,2.66,1921,6371
SH,688670,1.23,1921,1921
SZ,002999,0.72,1920,1943
SH,600807,0.41,1920,2159
SH,600128,-0.76,1920,1958
SH,603168,1.98,1918,1927
SZ,300947,0.87,1917,1918
SZ,002630,0,1916,2102
SH,688193,-0.28,1916,1916
SH,603120,-4.4,1915,4567
SH,688759,5.38,1914,16138
SH,603616,-1.77,1914,1928
SZ,002857,-2.03,1912,1943
SH,603982,0.72,1912,2056
SZ,002598,0.45,1911,2081
SZ,000633,0.61,1910,1910
SH,600159,0.88,1909,1909
SH,603718,2.08,1908,1917
SZ,300929,4.53,1908,2011
SH,603385,0,1907,1907
SZ,300916,-1.39,1904,2948
SZ,002486,-1.27,1903,1912
SZ,300597,-0.27,1902,1911
SH,603900,-3.47,1902,1903
SZ,003001,2.59,1901,2901
SZ,002893,1.3,1900,2470
SZ,300650,-3.87,1898,2689
SZ,002742,0.84,1897,2476
SZ,300240,0.19,1897,1940
SZ,300992,2.57,1896,2317
SZ,002105,2.56,1895,1904
SZ,300883,-0.34,1895,1983
SZ,300335,1.23,1894,2352
SZ,000985,0.34,1893,1893
SZ,300074,0.88,1891,1893
SZ,300350,0.5,1891,2254
SH,603255,-7.61,1890,4193
SZ,002524,1.09,1890,1907
SZ,300967,0,1889,2840
SZ,301360,-3.43,1885,3862
SH,603282,0.64,1884,1884
SZ,001360,-0.65,1884,3062
SH,600444,0.7,1883,1883
SH,688420,1.96,1883,1883
SZ,301299,-0.61,1881,2548
SZ,300644,1.14,1881,2360
SH,600768,-1.39,1880,1880
SZ,000020,-0.47,1875,2931
SH,600080,1.83,1870,1870
SH,600165,-4.84,1869,4121
SH,600051,1.18,1868,1868
SH,600892,2.77,1868,1869
SZ,301138,-1.69,1866,3265
SZ,002622,2.3,1865,1865
SH,605177,-0.54,1864,1881
SH,603208,1.15,1863,1863
SZ,301180,-0.25,1860,4532
SH,603810,-1.22,1857,1857
SZ,300807,-0.96,1853,2427
SZ,001260,-0.36,1847,1847
SZ,001234,0.4,1845,2190
SZ,301067,1.58,1844,2809
SZ,920476,10.48,1844,1948
SZ,301318,1.8,1843,2676
SH,605122,1.04,1842,1842
SH,600235,0.38,1841,1841
SZ,002778,0.74,1840,1860
SZ,000705,3,1838,2178
SZ,301198,-1.04,1837,1913
SH,605336,1.21,1836,1836
SZ,002775,1.94,1835,2039
SZ,301056,1.56,1834,2780
SZ,301520,14.29,1831,5217
SZ,300961,2.55,1831,2136
SZ,301208,0.76,1830,3324
SZ,002205,-0.8,1829,1829
SH,603506,-0.6,1827,1827
SZ,300743,0.99,1827,2168
SH,603028,-0.76,1824,1843
SH,688616,0.4,1822,1822
SZ,300575,1.16,1818,2513
SH,688089,1.89,1818,1818
SH,600099,0.61,1817,1817
SZ,002909,0.63,1814,1860
SZ,300642,5.02,1814,2137
SZ,002634,-2.14,1813,1883
SH,603418,0.74,1813,8462
SH,600272,0.18,1811,2973
SH,688118,1.36,1809,1809
SZ,003017,-0.81,1809,2193
SH,688395,-0.7,1808,1808
SH,603717,-0.94,1808,1808
SH,603325,-0.42,1808,4231
SZ,300902,0.91,1807,2633
SZ,002817,0.48,1807,1863
SZ,300854,-0.87,1805,2219
SH,600180,5.73,1804,1804
SZ,301509,5.55,1803,3828
SZ,002900,10.03,1803,3540
SZ,001255,-0.5,1801,2028
SH,688092,-0.26,1800,1800
SZ,002551,1.73,1797,2486
SZ,920509,-4.88,1796,3429
SZ,002696,2.29,1795,1857
SZ,300150,0.26,1794,2264
SZ,002995,1.01,1794,2832
SZ,301585,-0.29,1794,2739
SZ,002856,-7.42,1790,1955
SZ,002753,1.85,1790,2594
SZ,000909,-1.44,1786,1786
SZ,300437,0.49,1784,2518
SZ,301335,3.5,1779,2573
SH,600847,-2.35,1778,1778
SZ,300396,2.51,1778,1781
SZ,300423,0,1776,2652
SZ,300659,1.52,1775,2442
SZ,002159,2.56,1772,2269
SZ,000995,3.31,1772,1772
SH,600706,2.2,1771,1778
SZ,301052,1.76,1766,2179
SH,603214,1.27,1765,1765
SZ,301538,-2.6,1761,4423
SZ,002879,0.79,1757,2474
SZ,002760,-0.3,1756,1756
SH,688602,0.15,1755,3511
SH,600149,1.1,1753,1753
SZ,300030,1.9,1750,1988
SZ,002820,0.81,1748,1748
SZ,001378,-2.76,1746,3588
SZ,300675,0.51,1745,1745
SZ,300543,0.14,1744,2135
SH,603177,-4.89,1744,1744
SH,600202,1.34,1740,1740
SH,603029,0.63,1733,1733
SZ,300906,0.25,1731,1918
SZ,002198,0.59,1731,1731
SZ,002381,0.75,1729,2210
SH,603709,2.67,1729,1735
SH,600303,0.79,1728,1743
SZ,920021,1.31,1725,2154
SH,688393,1.65,1724,1724
SH,603257,-2.44,1722,8298
SH,600082,-0.36,1719,1751
SZ,002529,-1.04,1719,1719
SZ,001356,1.66,1716,5039
SZ,301276,-4.62,1713,3073
SZ,002780,3.47,1713,2168
SH,603825,-1.16,1713,1713
SZ,300753,1.35,1710,2453
SZ,002877,2.75,1710,2530
SZ,002535,0.44,1709,1836
SZ,300556,1.03,1709,1915
SZ,300845,3.22,1707,2441
SZ,301062,9.73,1707,2686
SZ,003038,-0.18,1705,2534
SZ,920339,-2.24,1705,2484
SZ,301010,0.7,1701,1701
SH,603435,-4.9,1695,21806
SZ,300971,0,1695,2160
SH,600883,0.28,1693,1693
SZ,301121,-1.73,1689,3300
SH,688781,-3.85,1687,41320
SZ,002717,1.03,1684,1784
SZ,300651,-0.36,1682,2297
SZ,301309,-1.93,1682,2791
SZ,301057,-0.76,1679,2424
SH,603312,1.61,1676,5266
SH,603789,-2.12,1674,1708
SZ,001285,2.1,1674,7270
SH,603092,-1.19,1673,19352
SZ,300295,0.61,1671,1890
SZ,300837,-0.49,1669,2208
SZ,301231,2.85,1655,2135
SZ,301595,2.14,1655,4389
SZ,301203,-1.53,1653,3016
SZ,000856,0.83,1650,1650
SZ,301687,-4.45,1650,7779
SZ,300245,0.56,1650,1653
SZ,920839,0.12,1647,2986
SZ,001226,4.55,1645,3621
SZ,300941,1.37,1645,2721
SZ,001202,1,1645,2347
SZ,300897,-0.88,1642,2630
SZ,300787,-0.23,1641,2617
SZ,301555,-1.9,1637,3125
SZ,300645,0.51,1637,1670
SZ,300554,-3.72,1635,2361
SH,603231,1.19,1632,2941
SZ,002862,0.24,1630,2149
SZ,000639,-4.42,1630,1630
SZ,300305,-1.16,1627,1900
SZ,300937,8.01,1626,2398
SH,600137,0.97,1625,1625
SH,600119,0.91,1625,1625
SZ,000911,-0.48,1625,1625
SZ,002620,1.98,1625,1940
SZ,301388,-0.17,1624,2289
SZ,001233,-3.55,1622,8001
SZ,301556,0.58,1622,4693
SH,603860,0.95,1622,1622
SZ,002743,-4.1,1621,1624
SH,603908,0.52,1620,1620
SZ,300813,2.8,1619,2580
SZ,300876,-1.24,1617,2168
SZ,920914,0,1615,1616
SZ,301586,0.23,1612,2527
SZ,002581,5.24,1611,2652
SH,603022,0.88,1610,1610
SZ,301210,-2.56,1608,4209
SH,688435,1.09,1607,2395
SH,600778,1.38,1606,1607
SZ,002762,-0.64,1604,2687
SZ,300538,-2.56,1604,2412
SZ,002789,-0.18,1602,1635
SZ,000619,0.68,1602,1963
SH,600493,0.51,1599,1599
SZ,301063,0.67,1596,1723
SZ,301030,-7.28,1595,1597
SZ,920892,0.76,1595,1801
SZ,002629,-0.44,1594,1875
SZ,301065,0.99,1592,1956
SH,603879,0.68,1592,1592
SZ,002592,-0.65,1589,1714
SZ,300195,-1.35,1588,2144
SZ,002802,0.76,1587,1921
SZ,300519,3.81,1586,2224
SH,688058,1.26,1580,1580
SZ,300313,0.13,1577,1916
SZ,301166,1.71,1575,2406
SZ,000929,1.19,1575,1575
SZ,920087,-0.61,1573,1584
SZ,000677,3.41,1572,1572
SZ,000663,0.79,1571,1727
SZ,300707,0.09,1569,1905
SZ,002858,1.82,1568,1986
SZ,301100,4.69,1566,3552
SZ,300923,-1.1,1565,1612
SZ,301107,-4.41,1565,2707
SZ,920106,2.84,1565,2029
SZ,002910,0.66,1565,1789
SZ,003005,0.57,1562,2846
SZ,301229,0.83,1562,2196
SZ,002977,0.39,1561,2813
SZ,001222,5.03,1558,2632
SZ,300610,-0.2,1558,1996
SZ,920174,0.82,1558,6112
SZ,002982,0.76,1557,2432
SZ,002211,-0.27,1557,1557
SZ,001386,0.49,1556,17290
SZ,001209,0.43,1554,2127
SH,600697,1.11,1552,1589
SZ,002227,-0.15,1547,1559
SZ,001395,-1.58,1545,3369
SZ,301135,-0.06,1544,1984
SZ,300995,-0.38,1543,2340
SZ,920026,-1.59,1542,2045
SH,688329,-1.62,1541,1541
SZ,301159,-0.61,1539,2245
SH,600796,1.23,1539,4281
SZ,300950,-0.75,1538,2411
SZ,003032,6.3,1536,2173
SZ,301680,-4.44,1536,7567
SZ,301130,1.36,1535,1990
SZ,003042,0.48,1534,1772
SZ,002495,0.45,1534,2068
SZ,002207,-6.38,1528,1536
SZ,003028,0.51,1528,3134
SZ,301683,-4.54,1528,6760
SZ,301032,-0.51,1525,2300
SZ,920751,0.27,1524,1592
SZ,002949,0.6,1522,1964
SZ,301581,-1.93,1521,2877
SZ,920088,-8.1,1520,4111
SZ,301361,-2.52,1518,3135
SZ,301227,-0.14,1517,2698
SZ,300614,0.32,1516,1516
SZ,002566,0,1516,2164
SH,603402,2.12,1514,6057
SH,601026,0,1511,8968
SZ,301456,-0.89,1507,3344
SH,688681,-0.61,1503,1503
SZ,301098,1.04,1498,1796
SZ,301303,-3.29,1497,5989
SZ,301383,0.43,1496,3460
SZ,301336,-0.45,1490,1925
SZ,000632,-1.22,1490,1490
SZ,002306,0,1487,1592
SZ,300167,-3.44,1487,1749
SH,600689,-0.5,1484,1960
SH,603275,-0.02,1477,5292
SZ,300500,0.11,1477,1533
SZ,000010,-3.42,1475,1943
SH,688130,-4.82,1474,2956
SZ,301502,-1.91,1474,3567
SZ,002694,-0.48,1474,1564
SZ,300514,0,1471,1836
SH,688021,-0.87,1469,1469
SZ,301023,-2.87,1468,2647
SZ,301560,-0.49,1466,2920
SZ,300625,0.78,1464,2525
SZ,920010,-6.33,1461,1974
SH,600561,-0.18,1459,1459
SZ,301022,-0.91,1455,2154
SZ,301152,-1.24,1453,2431
SH,688528,-0.57,1452,1452
SZ,300795,1.71,1449,2490
SZ,920790,8.73,1448,2104
SZ,002790,0.54,1447,2319
SZ,300935,0.63,1447,1907
SZ,301591,-4.22,1447,3540
SZ,301587,-0.7,1446,2901
SH,688790,-2.84,1445,11343
SZ,300306,0.77,1444,2464
SZ,300564,-3.03,1442,2055
SZ,920821,-4.57,1441,2737
SZ,002835,0.62,1438,2480
SZ,300615,-0.1,1433,1806
SZ,300462,2.37,1431,1879
SH,600692,-0.35,1431,1973
SZ,300112,0.17,1430,1733
SZ,301636,0.91,1428,2447
SZ,301036,0.45,1424,2022
SZ,300268,-0.27,1424,1855
SH,688805,1.24,1423,7113
SZ,002144,1.08,1422,1826
SZ,300314,1.23,1420,2845
SZ,301516,2.69,1420,5679
SH,600243,-0.61,1417,1417
SZ,301507,1.91,1412,4575
SH,600476,0.23,1411,1411
SH,603082,-0.51,1408,5752
SH,688067,0.93,1403,1403
SH,600455,-0.12,1402,1402
SZ,301390,-0.89,1401,1713
SZ,300977,0.41,1399,2247
SZ,300169,0.22,1397,1572
SZ,002247,0,1396,1846
SZ,301558,1.76,1396,5017
SZ,301667,-1.03,1393,6557
SZ,001296,-2.32,1392,2702
SH,603400,1.39,1390,4966
SZ,301320,0.33,1390,2215
SH,688022,-0.74,1389,1389
SZ,301395,-1.26,1389,2649
SZ,001239,-1.37,1389,2923
SH,688793,1.32,1387,1387
SZ,920371,3.04,1387,1463
SZ,300789,2.4,1385,2335
SZ,000702,0.78,1384,1799
SZ,003011,0.45,1383,1848
SH,688004,0.35,1380,1380
SH,688592,-1.92,1378,2892
SZ,002513,-0.83,1373,1784
SZ,300371,0.2,1372,1972
SH,603395,1.69,1371,5483
SH,688712,3.19,1370,15396
SH,688565,0.77,1364,1364
SZ,001387,-0.08,1361,2138
SZ,003008,0.34,1359,1818
SH,603062,1.02,1358,3955
SZ,002830,-0.33,1355,2714
SZ,300828,-1.1,1352,2666
SZ,300640,-2.54,1351,1903
SZ,002691,-0.49,1347,1363
SZ,301508,1.42,1345,5168
SZ,301278,0.04,1345,2347
SH,688296,-2.18,1343,1343
SZ,000637,0.27,1342,1913
SZ,920207,0.68,1340,2194
SZ,920857,-5.57,1340,1340
SH,603391,-1.15,1340,5358
SZ,002591,-2.6,1337,1795
SZ,920837,5.06,1335,1481
SZ,301355,0.1,1334,1863
SZ,001221,1.82,1333,14808
SH,600818,-0.88,1330,1797
SZ,300635,7.3,1327,1543
SH,603207,1.21,1325,3900
SZ,920533,-1.57,1324,2367
SH,688576,1.67,1322,2766
SZ,300670,-1.5,1319,1860
SZ,301129,-0.65,1318,2650
SZ,300549,-0.9,1318,1739
SH,603248,-0.42,1314,8455
SZ,301167,0.4,1313,1391
SZ,300621,1.41,1310,1346
SZ,301126,-0.1,1308,1949
SZ,002883,0.35,1306,1330
SZ,002494,-0.43,1305,1717
SZ,002200,2.15,1304,3004
SZ,301156,0.36,1295,2022
SZ,300155,0.77,1295,2206
SZ,001319,-0.67,1292,2879
SZ,000610,0.74,1291,1297
SZ,920099,1.89,1288,2083
SZ,920682,1.24,1287,2219
SZ,301009,1.07,1287,2316
SZ,301372,-1.75,1283,2137
SZ,920981,-6.79,1282,2548
SZ,920953,-2.01,1279,2735
SH,603293,0.44,1273,6494
SZ,002809,-0.26,1271,1797
SZ,920171,3.02,1271,1883
SZ,920523,1.69,1271,1588
SZ,002888,-1.5,1269,2501
SZ,300892,2.34,1268,1964
SZ,301298,-0.25,1267,1719
SZ,300838,-0.15,1265,1715
SZ,001278,0.14,1258,1825
SH,688217,0.67,1257,1257
SZ,920489,-4.61,1255,1973
SZ,001326,0.4,1254,3822
SZ,002188,0.83,1251,1590
SZ,920119,0.09,1247,4738
SZ,300865,-0.17,1246,2074
SZ,301518,-0.37,1246,3389
SH,603344,-2.65,1243,4476
SZ,300594,0.89,1243,1255
SZ,300994,1.82,1240,2478
SH,603004,-0.6,1237,4948
SZ,301288,-0.68,1233,1704
SZ,301501,1.47,1231,4187
SZ,301233,-1.81,1230,2241
SZ,300430,1.94,1229,1292
SZ,301157,0.03,1229,3569
SZ,001277,-0.1,1227,2047
SZ,301469,-0.1,1227,2383
SZ,920273,8.5,1225,1842
SH,600543,-0.25,1220,1220
SZ,003003,1.17,1218,1827
SZ,301131,-0.37,1216,1697
SZ,301163,-0.66,1214,1810
SH,603350,-2.68,1212,3200
SZ,301505,-0.12,1212,1773
SZ,920425,-1.53,1208,1468
SZ,920274,1.37,1201,1201
SZ,920225,0.7,1193,1829
SZ,300126,0,1192,1720
SZ,920367,9.33,1191,2010
SZ,301272,0.31,1189,1879
SZ,920807,-2.44,1181,1739
SZ,920033,1.29,1175,1689
SZ,301515,0.45,1174,1791
SZ,920237,-0.23,1174,1196
SZ,301300,-0.63,1165,1939
SZ,920039,0.67,1163,1163
SZ,301633,0.89,1159,2531
SZ,300517,0.66,1158,1838
SZ,920152,-2.14,1156,1550
SZ,300915,-0.24,1149,2513
SH,600365,-0.36,1145,1217
SZ,301329,-2.39,1144,3249
SZ,300605,0.33,1144,1495
SZ,301295,-1.01,1142,3914
SZ,301418,-4.03,1140,2839
SZ,300930,-1.94,1138,2414
SZ,920304,0.85,1137,1412
SH,603370,-0.08,1134,5668
SZ,301001,2.19,1127,1793
SZ,300899,0.26,1122,1748
SH,603352,0.16,1120,5599
SH,603276,-0.66,1117,3067
SZ,001373,-0.93,1111,1819
SZ,920089,0.61,1110,1949
SZ,920526,-8.57,1110,1752
SZ,301083,0.54,1109,2303
SZ,300405,-0.58,1107,1439
SZ,920403,3.72,1106,1860
SZ,301609,-0.62,1106,4914
SZ,920642,-0.53,1106,1147
SZ,920249,-4.11,1102,3727
SZ,300535,-0.72,1101,1451
SZ,001358,-0.89,1100,2728
SZ,920284,-0.48,1098,1716
SZ,300851,0.18,1096,1932
SZ,920046,2.78,1094,1980
SZ,301491,-0.12,1092,4930
SZ,300152,0,1091,1091
SZ,301113,0.27,1081,1784
SH,688671,-3.34,1080,1810
SZ,301632,-0.33,1078,6161
SZ,002872,3.96,1072,1587
SZ,002193,-0.23,1070,1070
SZ,920252,-1.06,1070,1610
SZ,001336,0.23,1068,1741
SZ,300713,-1.23,1065,1892
SZ,301006,-0.07,1061,1763
SZ,301378,0.66,1050,2209
SZ,920429,2.66,1050,1151
SZ,920001,-3.42,1048,1816
SZ,920701,0,1047,1434
SH,603262,-2.2,1043,10428
SZ,301539,1.54,1037,2044
SZ,301577,-3.32,1033,2468
SH,603359,-4.55,1026,1026
SZ,001279,-0.07,1024,4096
SZ,001379,0.4,1024,3042
SZ,301446,-0.32,1023,3424
SZ,920357,-4.24,1022,1690
SZ,301513,-3.44,1020,5064
SZ,002514,-9.35,1019,1325
SZ,920266,24.28,1019,1066
SZ,920012,-6.34,1018,2602
SZ,920985,0.65,1018,1436
SZ,300958,0.27,1012,1741
SZ,001312,1.03,1007,4109
SZ,301616,-0.61,1003,2826
SZ,920792,0.41,1003,1634
SZ,300949,-0.09,1001,1751
SZ,920932,-0.85,1001,1209
SZ,920167,-1.35,996,1677
SZ,300886,0.77,989,1573
SZ,920161,-5.56,988,3641
SH,688816,0.29,986,5115
SZ,920419,3.05,979,1045
SZ,920028,1.62,978,2475
SZ,920223,-0.32,976,1880
SH,603334,-1.18,975,4398
SZ,920726,3.2,975,1767
SZ,301512,-1.5,971,2087
SH,688695,0.17,968,1541
SZ,300804,5.28,965,2597
SZ,920124,-0.07,965,1874
SZ,002719,1.71,962,1034
SH,603190,-1.29,958,2903
SH,688701,0.14,957,957
SZ,001382,0.2,955,6246
SH,688651,-0.13,951,2212
SZ,920270,0.43,948,1220
SZ,001231,-1,947,1852
SZ,920275,8.13,947,1144
SH,603406,-0.45,946,10316
SZ,301173,0.43,945,2691
SZ,920098,1.61,942,1384
SH,603409,-0.62,940,3275
SZ,300338,-2.54,938,1079
SZ,920169,-3.47,930,1479
SZ,920020,-1.11,929,3757
SZ,920415,-0.34,925,1201
SZ,920396,-1.79,924,1300
SZ,920924,-1.32,920,1511
SZ,920505,-2.55,920,1655
SH,603075,-1.28,915,8931
SZ,301192,-1.53,915,1882
SZ,920193,-12.58,911,4026
SZ,920156,-4.44,908,4357
SZ,920199,2.58,906,1628
SZ,920436,0.1,903,960
SZ,920220,-4.26,893,2852
SZ,301386,-0.19,889,2766
SZ,920078,-5.66,889,2736
SH,603205,1.19,879,3317
SZ,920496,1,877,1002
SZ,920433,10.49,874,1321
SZ,301399,0.57,868,2938
SZ,301459,0.76,868,3464
SZ,301503,0.41,866,2132
SZ,920693,-3.18,855,1698
SZ,000820,-0.68,852,1856
SZ,920195,0.75,852,1180
SZ,920227,1.24,851,1870
SZ,301105,-0.08,848,2141
SZ,300417,-0.09,842,1355
SZ,920478,5.72,842,1384
SZ,920211,2.7,838,5005
SZ,920541,-0.1,837,1270
SZ,920770,0.99,834,1325
SZ,301598,-0.91,831,2789
SZ,920670,1.31,826,1316
SZ,301519,-0.26,825,1767
SZ,920786,2.41,823,1246
SZ,301170,0.14,823,2165
SZ,920221,-0.44,822,1579
SZ,920694,0.38,820,1734
SZ,001225,0.36,820,2555
SZ,001335,-1.26,817,3000
SH,688573,1.19,814,1495
SZ,920690,0.76,814,1251
SZ,920943,-2.11,813,1594
SZ,920926,1.21,806,888
SZ,920122,-5.04,801,1976
SZ,301037,0.17,790,1616
SZ,301049,1.32,788,1734
SZ,920018,0.44,785,2261
SZ,001306,-0.35,783,3175
SZ,920027,0.37,782,1117
SZ,920855,0.69,781,871
SZ,920873,-0.3,780,999
SZ,920556,1.38,776,1070
SZ,920378,0.58,775,1082
SH,603376,1.13,774,9680
SH,603073,-0.45,774,1763
SZ,920748,-0.84,774,1612
SZ,920974,0.67,772,984
SH,688638,-0.06,767,1623
SZ,920832,2.15,764,856
SZ,920870,-0.34,758,1540
SZ,920833,-0.1,756,1001
SH,603273,-0.66,752,2876
SZ,920260,-1.42,751,787
SZ,920651,-0.43,747,1099
SZ,301668,-0.44,747,3378
SZ,920130,1.56,747,1202
SZ,920689,-1.05,742,1435
SZ,920092,0.49,733,1408
SZ,920720,-0.89,733,2622
SZ,001396,-0.51,732,3447
SZ,920768,0,728,1053
SZ,920547,6.68,724,1489
SZ,920639,1.68,721,1224
SZ,920363,-1.54,719,1264
SZ,920703,1.19,716,1415
SZ,301314,-0.6,715,2165
SZ,920083,-7.9,713,3169
SZ,920263,0.73,711,979
SZ,301567,-0.65,704,2388
SZ,920976,3.17,704,1132
SZ,301449,-0.43,701,3116
SZ,301429,-0.55,699,1877
SZ,920942,0.12,696,1028
SZ,920564,-2.48,694,1508
SZ,301552,0.81,690,2760
SZ,920706,2.12,688,1366
SZ,920242,0.62,688,1229
SZ,301533,0.68,677,2341
SZ,920175,-1.94,676,1015
SZ,920575,0.84,676,1011
SZ,920299,0.27,676,1341
SZ,920370,1.18,674,772
SZ,001325,-0.02,674,2696
SZ,920000,2.36,673,1072
SZ,920245,1.36,673,874
SZ,920081,-4.02,673,2856
SZ,920346,-0.25,672,1215
SZ,300784,0.43,665,2223
SZ,920006,-0.28,662,1251
SZ,920579,0,662,1923
SZ,920445,-0.47,656,922
SZ,920964,0.91,656,1160
SZ,920300,1.65,654,844
SZ,920008,-0.2,652,1220
SZ,920061,-0.47,650,1169
SZ,920101,1.47,647,2074
SZ,301575,0.04,646,3215
SZ,920108,1.26,646,1524
SZ,920719,-1.47,645,808
SZ,920527,-3.87,645,832
SZ,920187,-1.56,643,1754
SZ,920866,1.45,640,1011
SZ,920578,-2.16,640,1378
SZ,920375,-1.26,638,1068
SZ,920627,-0.86,637,1285
SZ,920163,1.55,636,1348
SZ,920123,3.42,635,1113
SZ,920781,-0.56,634,815
SZ,920634,-4.28,633,998
SZ,920475,-0.61,631,1134
SZ,920876,0,630,1031
SZ,920685,2.19,626,982
SZ,920608,1.41,624,806
SZ,920925,1.08,620,1106
SZ,920096,-4.56,619,2634
SZ,920204,0.24,617,1164
SZ,301578,0.44,613,2157
SZ,920471,-0.34,607,953
SZ,920422,0.99,606,810
SZ,920014,-3.93,605,1100
SZ,920553,0.61,596,941
SZ,920675,-0.92,589,1283
SZ,920086,1.97,582,1822
SZ,920058,5.24,582,1182
SZ,920992,-0.67,572,1129
SZ,301287,1.18,571,2236
SH,688121,-1.74,569,656
SZ,920906,-0.34,566,1102
SZ,920455,1.22,564,1029
SZ,920679,-0.32,563,846
SZ,920057,1.69,562,874
SZ,920665,-1.01,561,1137
SZ,920641,0.57,561,929
SZ,920469,-2.17,558,760
SZ,920580,-0.09,556,874
SZ,920118,0.4,556,917
SZ,920765,0.48,553,910
SZ,920454,-0.17,546,1167
SZ,920230,2.94,546,1161
SZ,920662,-9.64,541,1754
SZ,920146,-1.58,538,668
SZ,920112,0.92,537,1831
SZ,920271,0.22,535,1210
SZ,920069,0.87,529,1896
SZ,920896,0.08,529,1207
SZ,920056,1.21,516,1366
SZ,920834,0.12,516,985
SZ,920810,1.85,515,791
SZ,920075,0.62,512,951
SZ,920729,3.8,508,1790
SZ,920206,-6.95,507,2543
SZ,920871,0.66,505,912
SZ,920080,0.41,503,1819
SZ,920090,-3.44,500,670
SZ,920030,1.14,499,794
SZ,920374,0,497,1219
SZ,920392,0.88,496,1055
SZ,920091,-0.72,496,2102
SZ,920198,-0.13,492,1126
SZ,920826,2.88,491,1104
SZ,920160,0.42,488,2169
SZ,920166,3.12,486,1541
SZ,002731,-8.65,485,540
SZ,920149,1.19,483,584
SZ,920212,1.08,482,991
SZ,920050,2.78,482,1802
SZ,920267,-0.61,481,840
SZ,920145,0.82,478,691
SZ,920262,1.9,475,1022
SZ,920753,-0.68,471,1173
SZ,920656,2.49,467,1443
SZ,920076,-0.07,464,1476
SZ,920126,-0.96,457,1905
SZ,920082,1.52,457,1626
SZ,920023,1.8,457,556
SZ,920856,-0.34,456,818
SZ,920177,2.84,456,1287
SZ,920158,-3.2,451,1687
SZ,920407,0.4,451,1108
SZ,920072,2.48,449,2375
SZ,920950,0.97,448,920
SZ,920351,0.27,447,987
SZ,920427,0.46,446,903
SZ,920414,0.25,446,634
SZ,920128,-2.09,442,1475
SZ,920278,1.53,441,1040
SZ,920016,2.71,441,992
SZ,920136,-5.89,439,1672
SZ,920188,-0.98,436,1830
SZ,920180,2.1,433,1435
SZ,920168,1.12,432,1152
SZ,920508,-0.43,429,806
SZ,920035,1.04,426,1881
SZ,920970,3.46,419,663
SZ,920779,-0.85,415,1660
SZ,920718,1.5,408,858
SZ,920055,0.38,407,1807
SZ,920036,-0.51,403,1679
SZ,920009,5.2,393,3025
SZ,920159,1.18,384,2027
SZ,920007,2.8,383,1601
SZ,920957,2.92,376,945
SZ,920802,-1.24,371,840
SZ,920011,-0.04,362,1610
SZ,920218,-2.81,356,1580
SZ,920191,0.81,347,1542
SZ,920895,0.08,339,666
SZ,920121,2.76,337,1872
SZ,920066,0.55,330,1043
SZ,920003,0.3,329,1530
SZ,920022,0.46,326,1185
SZ,920183,0.79,315,1372
SZ,920132,2.25,299,882
SZ,920504,0.95,291,739
SZ,920717,-0.9,290,750
SZ,920222,-5.65,277,2054
SZ,920931,1.38,275,896
SH,688496,1.14,212,401
SZ,301139,-0.35,212,338
SZ,920305,29.03,97,159
SZ,002898,-2.49,39,69
