market,code,chg_pct,vol_rank,amt_rank
SH,601288,1.73,2250672,2467380
SH,601398,2.39,2194643,2901147
SH,601857,2.2,1802193,2037023
SZ,300750,0.62,1701050,1847423
SH,600519,2.85,1698423,1698423
SH,601988,1.33,1283562,1962274
SH,601138,-7.35,1061659,1061659
SZ,300308,-15.76,889051,936946
SH,600036,1.24,828252,1012577
SH,601628,-0.17,818573,1111086
SH,601088,1.31,752321,989472
SH,600900,1.87,721078,721078
SH,601899,0.56,666056,859678
SH,688256,-11.06,640827,640827
SH,688041,-5.07,626595,626595
SZ,000333,0.91,604264,669582
SH,601318,1.42,587050,997188
SH,600028,1.35,496503,633650
SZ,002371,-7.41,474222,474601
SZ,300502,-16.42,441494,490778
SZ,002475,-7.7,421485,444512
SH,601166,2.04,401459,401459
SH,601658,1.56,377145,624494
SH,600030,-0.8,344231,418977
SH,600276,-0.4,342361,356219
SZ,002594,0.47,332274,868869
SH,603993,-2.51,324772,397934
SH,601998,1.29,319990,436815
SH,688012,-5.8,319499,324804
SZ,002415,-1.25,319237,323428
SH,600000,2.37,316405,316405
SZ,000858,4.63,305281,305288
SH,603259,-3.55,301740,364018
SZ,300059,0.6,267333,316760
SH,601319,0.67,265168,330353
SH,600150,-0.62,259709,259709
SH,601211,-0.52,254147,331953
SH,601816,0.59,251967,251967
SH,688981,-5.99,246046,1053407
SH,601225,0.49,240048,240048
SH,600183,-9.12,237075,238771
SH,600309,1.66,237071,237071
SH,603986,-4.67,231967,243506
SZ,000651,0.58,231317,234643
SH,688825,-5.18,226053,3357420
SH,688008,-5.53,224374,239225
SZ,002384,-9.99,224307,296354
SH,601601,2.51,224038,314874
SZ,000001,2.13,223553,223556
SH,603288,3.08,215751,227051
SH,600919,0.52,214343,214343
SZ,002142,1.5,213822,213956
SH,601919,0.51,196259,238641
SZ,300760,3.21,193642,193809
SH,601668,0.86,193379,193379
SH,600406,0.08,191796,192361
SZ,000725,-6.29,189214,198187
SZ,002916,-9.99,189078,193731
SH,601328,2.26,189025,640637
SH,600025,1.3,188733,188733
SZ,300408,-7.98,187336,199164
SZ,002463,-9.54,183052,183199
SZ,002938,-9.98,175761,176272
SH,600031,1.23,174996,189877
SH,600989,0.95,172187,172187
SZ,300394,-13.49,171421,171805
SH,601985,0.78,170516,185729
SZ,002352,0.75,167969,184286
SH,601066,-0.96,166419,198727
SH,600809,5.33,164756,164756
SZ,300274,-3.93,162484,212193
SZ,003816,0.98,162061,208055
SZ,300476,-9.99,156981,178316
SZ,300433,-6.73,154756,164380
SZ,300124,2.53,152260,171039
SH,601818,1.93,147110,187301
SZ,000792,-0.42,145517,145518
SH,601688,-1.48,145112,179274
SH,600690,0.44,144320,216436
SH,601009,1.66,144036,144036
SH,600176,-5.9,143454,144593
SH,600111,-1.31,140373,140373
SH,600050,0.68,137907,139127
SH,601100,-1.08,136509,136509
SH,601229,1.28,134986,134986
SZ,000568,3.47,134293,134370
SZ,000063,-2.6,133677,158766
SH,600019,1.64,132982,135267
SZ,002050,-1.77,130589,148880
SH,688506,-1.87,130534,130534
SZ,002714,1.36,129284,227514
SH,600999,-1.86,128772,150885
SH,600016,1.69,128373,158492
SH,601898,0.58,127487,184693
SH,601600,0.84,126752,164688
SH,600104,2.23,126563,126563
SH,688082,-5.03,125899,127266
SH,600760,0.57,124783,125020
SH,688498,-17.74,124121,125745
SH,688120,-7.13,123827,123827
SH,600018,0.77,121115,121289
SH,600188,1.45,120956,203648
SZ,300604,-8.85,120899,156701
SH,603019,-6.26,118815,118820
SZ,002281,-9.99,118811,126106
SH,600926,1.11,118739,118739
SH,688111,3.87,118361,118361
SH,600660,-0.06,118296,154131
SZ,002493,2.06,115885,123969
SH,600584,-9.7,115811,115811
SH,601888,2.27,114571,121925
SZ,300014,1.77,114412,117706
SH,600886,0.66,114123,122549
SH,600487,-7.23,113236,113824
SZ,301165,-4.15,112065,112065
SH,688361,-12.59,110981,110981
SH,600905,0.52,110920,110920
SH,603256,-9.99,110107,113218
SH,601169,1.17,109521,109521
SH,600015,2.51,106787,110450
SH,600489,0.97,106399,106399
SH,603501,-4.24,105942,110396
SH,600160,-0.14,105425,105425
SH,605117,-2.73,105424,105424
SZ,000166,0,105241,116937
SH,601633,1.74,105183,144638
SH,601869,-8.55,104669,213260
SH,601698,-2.06,104131,104131
SH,600089,-0.33,103986,103986
SH,601939,1.88,103899,2833132
SH,601995,-0.73,101915,168278
SH,600547,1.94,100698,128433
SH,601006,1.42,99314,99314
SH,601012,1.72,98742,98742
SZ,002736,0.2,98335,104773
SH,600938,2.51,96487,1533792
SZ,000938,-9.98,96098,96099
SH,688271,2.19,95998,95998
SH,601127,5.53,95316,106627
SH,605499,-1.18,95231,103427
SZ,002028,-6.05,95054,121784
SZ,000100,-4.25,94959,98180
SH,688347,-14.05,94680,403500
SZ,300442,-4.93,94443,94721
SH,601390,0.65,94100,113580
SH,600893,-1.84,93546,93562
SZ,000538,1.27,93168,93763
SH,600522,-7.01,93105,93105
SZ,000895,2.42,92494,92506
SZ,000807,1.8,92316,92317
SZ,002001,0.13,92138,93248
SZ,000988,-9.5,91182,91229
SH,688521,-9.9,90983,90983
SH,601881,-0.47,90688,136899
SZ,000617,1.13,90138,90138
SZ,300857,-9.74,90074,90537
SH,600795,1.01,89535,89535
SZ,002602,-2.79,89514,97072
SH,600941,1.56,89212,2142783
SZ,301308,-4.87,88372,132647
SZ,002230,0.35,88059,96588
SZ,002600,-0.48,87623,98823
SH,601168,-0.4,87599,87599
SH,600362,-1.86,87264,145608
SH,601727,-0.85,87174,107382
SZ,002353,-9.99,86884,128729
SZ,300498,2.36,85145,95284
SZ,002156,-9.99,84810,84818
SH,600236,-2.1,84263,84263
SH,600436,2.17,84072,84072
SZ,001289,0,82032,136014
SZ,000425,-0.1,80915,105284
SZ,002027,2.38,80876,80876
SH,601825,3,80526,82846
SZ,002311,0.62,80188,80265
SH,600674,0.68,79554,79554
SH,601838,1.3,79344,79344
SH,600011,-0.41,78854,112555
SZ,002008,-9.99,78356,84325
SZ,000301,-1.08,78243,78277
SH,603893,-9.99,77284,77294
SH,600039,0.57,77217,77217
SH,601689,-3.13,76725,76725
SH,603195,1.99,75787,75925
SH,688036,-0.36,75345,75345
SH,603799,-1.28,75089,75325
SZ,000708,0.75,75000,75001
SH,600066,3.77,74322,74322
SH,600585,1.2,73822,97942
SH,601800,0.96,73737,101985
SH,601991,-4.2,73261,109375
SH,601186,0.32,73046,86230
SH,688249,-8.41,72976,80834
SZ,002241,-2.27,72823,82235
SZ,300015,3.04,72729,84998
SZ,001965,0.66,72232,72232
SH,601111,0.49,71574,126029
SH,688396,-5.41,70408,70408
SZ,000657,-8.12,70126,109988
SH,600029,0,69811,93867
SH,600415,0.63,69806,69806
SH,600549,-5.58,69492,70997
SH,688183,-10.79,69420,69420
SZ,002179,-2.01,69161,69287
SH,600010,0,68900,99497
SH,600958,-0.42,68645,78084
SH,600023,-0.57,68519,68519
SZ,002080,-6.82,68199,68199
SZ,000630,-1.13,67749,81530
SH,601179,-3.43,67662,67662
SH,601018,0.58,67312,67312
SH,688200,-7.24,67126,67126
SZ,002466,-1.66,66865,77626
SZ,002625,-0.63,66619,66620
SH,603228,-9.97,66572,66872
SH,688126,-4.55,66022,76776
SH,601958,-3.4,65823,65823
SH,600118,-3.84,65593,65593
SZ,301217,-10.22,64713,64713
SH,601916,1.69,64633,82394
SZ,000625,3.86,64567,77420
SZ,002304,5.78,64520,64521
SH,600026,3.6,63927,91369
SH,600048,1.91,63922,63922
SH,600233,1.59,63550,63550
SZ,001979,0.14,63507,64555
SH,601669,0,63005,83030
SH,600988,-0.54,62646,71550
SH,600115,0,62482,81062
SH,603296,-7.76,61612,116975
SH,688702,-13.89,61423,124062
SH,688777,-2.39,61386,61697
SH,600009,1.56,61385,61586
SH,688002,-10.74,61308,61308
SH,600482,-5.53,61129,61129
SH,600426,2.45,60821,60829
SZ,300475,-7.34,60665,63294
SZ,002128,0.86,60500,84384
SZ,002202,-0.6,60442,75901
SH,601077,2.74,59747,76773
SZ,000933,2.21,59156,59194
SH,688037,-12.66,59033,59033
SH,600703,-3.5,58970,58970
SZ,000975,3.56,58665,64461
SZ,300757,-12.15,58469,60282
SZ,000703,-1.46,58443,58737
SZ,001309,-0.29,58338,80190
SH,600221,0.74,58270,58773
SH,601901,-0.13,58201,58201
SZ,000768,-0.23,58110,58198
SZ,002595,1.72,57852,58255
SZ,000021,-8.98,57520,57527
SH,601788,0.27,57507,67871
SH,601061,-0.85,56791,56791
SH,688629,-9.7,55969,56851
SH,600875,-3.01,55950,85491
SH,688172,-11.48,55862,66527
SZ,000426,-2.74,55848,55862
SH,600803,1.18,55506,55941
SZ,002064,-0.97,55017,55134
SH,600096,0.57,54799,54799
SZ,002532,1.69,54457,61377
SH,600372,-0.26,54244,54244
SH,688585,5.63,54208,54208
SZ,000636,-1.38,54206,54206
SZ,300661,-10.92,53993,61508
SZ,002709,-2.74,53992,72940
SZ,002422,-3.59,53879,66002
SZ,000157,0.13,53871,65902
SZ,002049,-1.49,53867,53874
SH,601877,0.76,53789,53789
SH,600350,-2.19,53712,53712
SZ,002837,-9.99,53301,60086
SH,600418,10.01,53268,54979
SH,601059,-0.54,53023,53023
SH,600438,1.91,52943,52943
SH,600741,1.33,52934,52934
SZ,002558,3.11,52874,52874
SH,600219,-0.21,52595,52595
SH,601377,0,52593,52593
SZ,002920,2.46,52479,52495
SH,688019,-9.92,52210,52210
SH,601233,-1.52,52124,52219
SH,601231,-8.18,51697,51697
SZ,300450,-0.98,51585,55383
SH,603659,-1.63,51546,51546
SZ,000963,0.17,51363,51384
SH,600885,-2.37,51334,51334
SH,688578,-4.34,50918,50918
SZ,000960,-3.74,50679,50679
SZ,300759,-4.88,50269,65040
SZ,001872,0.74,50212,54136
SZ,300765,-5.96,50186,50186
SZ,000831,-1.55,50175,50175
SH,600895,3.32,50162,50162
SZ,002185,-9.1,50039,50051
SZ,300223,-4.97,49912,57247
SZ,002074,1.2,49723,51956
SZ,301358,-0.67,49039,54390
SZ,300285,-3.34,48779,56971
SH,600196,-0.21,48619,61286
SH,601618,0.37,48381,56074
SH,601298,-0.1,48313,58160
SZ,300803,-0.97,48209,48564
SZ,300054,-7.48,47853,61380
SH,688017,-8.82,47409,47409
SZ,000783,-0.57,47282,47282
SH,601117,0,47183,47318
SZ,300620,-10.9,46777,47170
SZ,301269,-5.27,46706,46706
SH,600377,-0.48,46691,61864
SH,600879,-3.86,46652,46652
SZ,300136,-8.74,46393,54397
SH,601607,0.18,46385,61670
SH,601021,2.15,46060,46060
SH,600460,-7.45,46045,46045
SH,688009,0.75,46036,56550
SZ,300316,-2.72,46036,48950
SH,600105,2.41,45980,45980
SH,603156,-2.35,45962,45962
SH,603129,-1.2,45942,45942
SH,688519,-8.92,45677,45677
SH,601699,-1.22,45649,45649
SZ,002821,-7.54,45432,51700
SZ,002484,-9.99,45339,47000
SH,600930,-0.23,45336,176034
SH,600580,-2.89,44813,44942
SH,603979,-2.36,44745,44745
SH,688141,-12.57,44735,44735
SZ,002851,-9.87,44690,56661
SH,600497,-2.41,44658,44658
SH,688223,1.64,44569,44569
SZ,002414,-6.24,44318,55690
SZ,300373,-6.85,44233,44332
SH,688469,-2.32,44200,63122
SH,688110,-7.41,44030,44030
SH,600027,0.42,43959,55388
SH,601198,-1.52,43703,43703
SZ,002812,-0.59,43631,52049
SZ,002409,-9.99,43625,65183
SZ,300418,0.43,43475,47533
SZ,300979,3.02,43400,43401
SH,601878,0.42,43360,43360
SZ,300666,-11.2,43124,53823
SH,600352,-2.2,43107,43107
SZ,000999,1.41,42947,42987
SZ,301526,0.99,42834,115012
SH,688375,-2.71,42818,42818
SZ,000066,-5.03,42545,42548
SZ,000893,1.93,42474,48346
SH,600378,-8.38,42409,51007
SH,688188,1.73,42133,42133
SZ,002436,-10,42031,47064
SH,600570,1.37,41982,41982
SZ,300058,2.21,41874,43226
SH,600642,-1.26,41744,41746
SH,600061,0.31,41498,41498
SH,600985,0,41315,41315
SH,688047,-1.81,41215,41215
SH,600995,-0.3,40877,40877
SH,600726,-7.62,40741,43095
SZ,002078,0.9,40688,40940
SH,600600,3.2,40661,78223
SH,601238,1.86,40389,55778
SH,600498,-8.09,40387,43135
SZ,300567,-10.78,40308,49663
SH,600021,-1.91,40296,40296
SH,688146,-7.78,40258,147018
SZ,002428,-8.17,40162,40167
SH,601555,-0.11,40048,40048
SZ,002945,3.13,40014,40014
SH,601136,1.25,39797,39797
SH,688729,-8.38,39685,67091
SH,601216,-0.83,39659,39659
SZ,300972,3.3,39574,43074
SH,688303,3.97,39343,39343
SH,600968,0,39339,39339
SZ,000596,5.53,39201,50714
SH,601456,0,39174,50841
SH,688331,-7.51,38931,61748
SH,603260,-0.26,38930,38930
SH,601665,0.8,38892,38892
SZ,000987,-0.38,38753,38782
SH,688472,5.68,38654,38654
SH,688220,-13.59,38651,38651
SZ,002236,-1.57,38641,52831
SH,600578,-3.02,38628,38628
SH,688099,-5.97,38488,38488
SH,603392,3.16,38412,38412
SH,688432,-14.96,38347,38347
SH,601577,0.42,38116,38124
SH,600143,-0.75,38047,38602
SH,688728,-8.18,37890,37917
SH,601108,-0.6,37847,37847
SH,601777,3.98,37796,37796
SZ,300866,2.43,37793,72045
SH,600909,-2.58,37782,37782
SH,600845,0.11,37773,50585
SZ,002195,0.45,37738,38079
SH,688147,-15.28,37622,37622
SH,603087,-1.87,37502,39960
SH,600901,-0.6,37464,37473
SZ,300919,0,37421,42729
SH,688313,-13.75,37420,37420
SH,601808,2.19,37272,60074
SH,688048,-15.82,37257,37257
SH,603806,-0.13,37149,37149
SZ,002966,1.08,37054,37688
SH,600733,6.45,36935,38903
SZ,300548,-13.78,36776,36851
SZ,300115,0.82,36729,36838
SH,603298,0.07,36675,36675
SH,600601,-8.44,36615,37523
SZ,002294,-0.69,36613,36622
SZ,300390,-4.59,36491,45093
SZ,300395,-6.09,36385,37321
SZ,002203,-7.7,36257,37562
SH,600298,5.14,36095,36545
SH,600085,1.35,35974,35974
SH,603369,4.45,35970,35970
SH,603083,-9.99,35862,47920
SZ,002636,-9.39,35803,35985
SH,688234,-8,35730,40296
SH,603379,-1.12,35707,35707
SH,601212,-1.83,35617,35617
SZ,000559,-0.64,35464,35474
SZ,002155,-0.52,35453,35457
SH,600060,-1.65,35404,35534
SH,603486,1.7,35376,35700
SZ,002032,3.35,35313,35329
SH,688336,-4.71,35266,35266
SH,600177,-1.13,35082,36017
SZ,002129,0.7,35065,35094
SZ,000423,1.62,34918,34979
SZ,002850,-4.69,34814,47545
SH,600392,-3.35,34811,34811
SH,600588,4.52,34751,34751
SH,600157,-0.62,34690,34690
SZ,300001,-1.6,34668,35480
SH,600256,-0.72,34645,34645
SZ,302132,0.79,34514,157359
SZ,002444,0.6,34505,35942
SH,600141,-1.67,34430,34430
SH,605376,-9.01,34411,34411
SH,603268,-1.05,34383,143102
SZ,000786,-0.09,34365,34623
SH,688122,1.23,34244,34244
SH,688295,-2.08,34101,34101
SZ,002252,0.39,34061,34084
SZ,002407,-1.3,34057,37582
SZ,001203,-2.76,33981,39891
SZ,002340,-0.44,33806,33982
SZ,002738,-2.8,33662,34148
SH,601598,1.88,33627,46773
SZ,300832,2.28,33391,38406
SH,688775,-3.59,33330,51533
SH,601208,-9.99,33275,33275
SH,603699,1.3,33191,33942
SH,603650,-8.94,33059,33138
SH,601236,0.28,33040,33040
SZ,002273,-7.96,33030,33723
SZ,000688,-3.86,32957,32957
SH,600667,-9.93,32774,32774
SZ,000811,-10,32737,33208
SZ,300037,-3,32730,45128
SZ,002601,-1.25,32716,39245
SZ,301377,-8.51,32674,140147
SZ,002056,-3.97,32582,32616
SZ,000002,2.13,32552,39968
SZ,300207,-0.93,32445,34972
SH,601696,-0.42,32364,32364
SZ,000661,-0.36,32309,32982
SZ,002429,-4.41,32258,32277
SZ,000729,0.63,32248,36218
SZ,002653,-6.01,32245,67273
SH,603225,-1.57,32220,32392
SH,603629,-8.18,32108,32642
SH,600109,0,32088,32088
SH,688599,1.18,32023,32023
SH,601162,0,31812,37274
SZ,000728,0,31812,31812
SH,600499,-0.41,31798,31798
SH,688266,-8.53,31781,31781
SZ,002517,0.42,31661,35807
SZ,000800,0.94,31641,31644
SH,600711,-5.02,31524,31524
SH,603568,-0.77,31403,31403
SZ,000876,1.01,31365,31384
SH,600282,0.4,31319,31319
SH,601611,-1.32,31284,31284
SH,603198,6.19,31136,31136
SH,600839,-0.73,31105,31113
SZ,300346,-7.71,31061,32726
SH,600863,-1.85,31003,37217
SH,600332,0.32,31000,35849
SH,600348,-0.57,30988,30988
SH,603929,-9.99,30963,30963
SH,601126,-7.47,30916,31216
SH,688617,-0.08,30896,30896
SZ,000878,-0.96,30816,37299
SZ,000883,0,30584,33415
SZ,003031,-8.84,30556,40518
SZ,002555,0.21,30509,42519
SH,603338,-0.37,30507,30507
SZ,000027,-0.46,30447,30447
SZ,300454,2.19,30379,45521
SH,600206,-9.97,30374,30374
SH,600483,-1.43,30359,30359
SH,600562,-1.6,30351,30351
SH,688027,-1.93,30341,38830
SH,603766,1.1,30125,30125
SH,600801,-1.01,30014,46507
SH,688213,-3.27,29983,37286
SH,600398,1.14,29921,29921
SZ,002138,-8.36,29912,31882
SZ,002673,0,29902,29902
SZ,002939,0,29758,33324
SH,600871,-0.44,29668,41516
SH,688235,-4.16,29616,396777
SH,688676,-5.52,29555,29555
SZ,300782,-3.11,29535,37886
SH,688169,2.38,29501,29501
SH,688536,-9.64,29415,29942
SZ,000959,0.51,29359,30555
SZ,002126,-7.07,29341,31248
SH,600563,-3.92,29333,29333
SZ,000958,0,29232,99459
SH,600517,0.59,29050,29050
SH,688808,-15.93,29003,154313
SH,688433,-7.97,28962,28962
SH,601990,0,28945,30093
SH,688608,-3.91,28936,28936
SZ,002432,-7.4,28782,28820
SZ,002261,-4.41,28767,31625
SZ,300017,-2.14,28729,30622
SZ,000629,-0.96,28336,28337
SH,601000,0.21,28326,28326
SH,600869,-8.32,28319,28319
SH,605589,-6.06,27991,28007
SH,600699,-1.27,27983,31093
SZ,300339,0.28,27903,28575
SH,603308,-6.69,27814,27814
SH,603939,1.06,27812,27812
SZ,300347,-3.38,27791,42242
SH,600707,-6.62,27769,27774
SZ,301236,-0.13,27767,36584
SH,605358,-8.87,27730,27730
SZ,300751,-11.18,27724,40095
SZ,300748,-0.03,27674,33688
SH,600079,-0.44,27515,29103
SH,603444,1.35,27484,27484
SZ,000060,-1.74,27446,27446
SH,600369,-0.71,27444,27444
SH,601880,0,27435,35122
SZ,300458,-15.59,27309,33327
SZ,300628,-1.69,27307,47661
SZ,002797,-0.6,27274,27274
SZ,000951,0.34,27249,27249
SH,601799,1.12,27237,27237
SH,600312,1.52,27220,27220
SZ,000932,1.28,27205,27205
SH,688297,0.53,27061,27061
SH,601001,-1.27,27047,27047
SZ,000877,1.34,26949,26949
SH,600536,-0.02,26879,29750
SH,603345,2.43,26816,30473
SH,600515,1.39,26794,33362
SH,600428,-0.08,26678,29936
SH,688065,-0.1,26660,32963
SZ,000582,0,26572,31010
SH,600595,1.53,26532,26532
SH,688568,-1.37,26473,26473
SH,600732,4.15,26421,26546
SH,688180,-4.37,26410,35380
SH,600737,-0.31,26393,26393
SH,600153,1.11,26328,26328
SZ,002223,0.4,26215,27889
SZ,300432,-1.39,26189,26484
SZ,002472,-3.53,26141,29682
SH,600777,-0.23,26038,27814
SH,600862,0.48,26036,26036
SH,688052,-8.2,26006,29650
SH,601155,0.17,25985,25985
SH,688362,-11.26,25863,25863
SH,603179,-4.38,25833,25833
SH,600998,-0.38,25717,25717
SH,600704,0,25701,25701
SH,688322,-7.21,25666,33085
SZ,002240,-3.53,25607,25674
SH,600918,0.36,25597,44422
SH,600299,-0.11,25562,25562
SZ,300870,-10.92,25507,25510
SZ,002378,-3.91,25468,25602
SH,601606,5.46,25457,25457
SH,601918,-0.09,25439,25439
SH,600663,6.91,25403,40533
SH,601615,-0.34,25397,25397
SH,600323,-0.47,25317,25317
SH,603049,1.23,25300,43812
SZ,002025,-8.95,25240,25248
SH,688411,-0.31,25239,34736
SH,688300,-9.8,25236,25236
SH,600331,-1.34,25197,32756
SZ,300672,-9.37,25165,25974
SH,600161,1.27,25152,25152
SZ,002487,-1.33,25148,29500
SH,688301,-6.95,25145,25145
SH,603127,-8.84,25140,30011
SZ,002131,4.65,25059,28983
SH,600295,1.04,25050,35488
SH,600166,-0.31,25019,25019
SH,600095,-0.56,24932,24932
SH,601928,0.31,24889,24889
SZ,002459,1.62,24834,24856
SZ,003022,-2,24780,24801
SZ,000737,-1.88,24778,24780
SZ,000921,0.98,24711,37045
SH,600546,-0.39,24662,24662
SH,689009,4.21,24637,32245
SZ,002152,0.3,24573,24585
SZ,000981,0,24449,25694
SH,688668,-11.06,24425,24425
SZ,002859,-4.52,24367,25808
SH,600521,-0.05,24345,24345
SH,688318,0.16,24307,24307
SH,603160,-1,24259,24259
SZ,000967,-3.85,24242,24253
SZ,000738,-0.26,24173,24173
SZ,002465,-1.9,24135,24173
SZ,000830,-1.39,24107,24109
SZ,002379,3.12,24046,275738
SH,601567,5.96,24001,24001
SH,688025,-15.49,23983,23983
SH,600208,-1.74,23907,23910
SZ,002245,-7.28,23906,25410
SH,601866,0.41,23791,32232
SH,603885,0,23751,23751
SH,600535,-0.55,23694,23694
SH,601399,-0.9,23660,23660
SZ,301511,-10.29,23632,39761
SZ,300383,-0.74,23595,23638
SH,688349,0.94,23587,23996
SZ,300024,-0.58,23572,23578
SZ,000415,-1.34,23567,27026
SH,688248,-3.5,23565,23565
SH,600884,-1.98,23508,28767
SH,600486,3.31,23430,23430
SZ,000155,0.48,23428,23428
SH,601963,1.86,23412,41733
SH,601099,-0.28,23380,23380
SZ,002498,-2.35,23354,23354
SZ,000400,1.86,23320,23479
SH,601128,0.95,23312,23312
SH,600977,0.32,23300,23300
SZ,002456,-0.42,23290,24541
SH,688475,-0.49,23286,23286
SH,600100,-0.42,23285,23285
SH,600259,-2.7,23281,23281
SH,601228,0,23237,23237
SH,603596,1.89,23231,23231
SH,603301,-0.46,23137,23137
SH,688778,-1.07,23130,23130
SZ,300677,-1.05,23127,32522
SH,600641,-9.97,23080,23482
SZ,000739,-3.52,23079,23088
SH,688387,-6.79,22951,38905
SH,600132,2.82,22940,22940
SH,600388,1.18,22861,22861
SZ,300558,-6.33,22790,22863
SH,600873,-1.21,22770,22770
SZ,002603,-1.25,22727,27583
SH,688127,-6.21,22722,22722
SH,688425,-0.22,22721,22721
SZ,002157,0.34,22662,26918
SZ,002271,-0.24,22629,28234
SZ,300896,6.05,22627,33488
SH,600396,-5.31,22532,22532
SZ,002430,-1.53,22483,22492
SH,600098,0.31,22473,22473
SH,603920,-4.64,22468,22468
SH,600390,0,22355,22355
SZ,002015,-3.02,22304,22304
SZ,300236,-7.64,22298,25086
SZ,002085,1.26,22252,22252
SZ,300255,-2.99,22216,22250
SZ,002222,-9.98,22148,22248
SZ,000750,-0.25,22141,24395
SZ,000709,0.47,22118,22121
SH,600598,1.89,22097,22097
SZ,002046,-8.25,22034,22284
SH,688819,0.22,22028,22028
SZ,002841,-5.37,22011,29520
SH,603233,1.74,21991,21991
SZ,002266,-1.29,21985,23695
SH,603688,-6.88,21976,21976
SH,601069,2.95,21976,22565
SZ,000887,-1.87,21950,21985
SH,603565,0,21946,21946
SZ,000733,-2.12,21903,21906
SZ,000547,-2.81,21898,22027
SZ,002747,-10,21868,27050
SZ,002926,-0.11,21814,21814
SZ,002180,-4.64,21778,22764
SH,603737,-0.11,21745,21745
SZ,000598,-0.94,21661,21664
SZ,300496,-0.67,21657,27057
SH,600329,0.13,21634,29379
SZ,002545,0.95,21631,23811
SZ,000623,-0.59,21596,21682
SH,600685,-0.56,21596,37161
SH,605090,-4.96,21565,21587
SH,603833,0.06,21534,21534
SH,603899,0.13,21466,21466
SH,688018,-5.93,21446,21446
SZ,000564,1.43,21435,25642
SH,600008,-0.33,21435,21435
SH,600550,-1.85,21417,21417
SH,603067,-10,21389,21389
SH,688333,-5.18,21370,21370
SH,603061,-9.46,21273,21273
SZ,002423,0.54,21267,21267
SZ,300738,-1.86,21165,21172
SH,601016,-2.22,21134,22906
SZ,000683,0,21089,23453
SH,600765,0.3,21052,21052
SZ,002895,-0.16,21045,21267
SZ,300699,0.08,21028,21283
SZ,300073,-0.09,21008,22599
SH,600126,-0.95,21006,21006
SZ,002007,0.53,20975,24336
SH,601608,-0.64,20974,20974
SH,603816,1.1,20968,21111
SH,600012,-1.95,20957,30720
SH,688167,-11.48,20952,20952
SH,601997,1.24,20950,20950
SZ,300474,-0.8,20917,26894
SH,688548,-11.54,20902,39899
SH,600170,0,20882,20882
SH,600745,-1.97,20853,20853
SH,600970,0.38,20843,20843
SH,688102,-3.84,20818,20878
SH,601106,-0.32,20779,20779
SZ,002468,1.14,20776,21722
SH,603823,-9.98,20739,20739
SZ,002948,0.34,20711,34224
SZ,301035,2.27,20695,20726
SZ,000825,0.55,20677,20677
SH,603077,-0.84,20666,20666
SZ,003035,-1.26,20644,20644
SZ,000962,-9.52,20625,21621
SH,600516,-0.57,20613,20613
SH,601677,0.36,20539,20539
SH,600688,-0.7,20521,29519
SZ,300003,-0.14,20415,23835
SH,600582,0,20362,20362
SH,600848,0.36,20276,21365
SH,603876,-1.66,20258,20258
SH,601158,0.24,20256,20256
SZ,002299,1.53,20253,20655
SH,688820,-9.13,20219,217833
SH,600330,-9.98,20216,20216
SZ,000158,-0.15,20182,20318
SH,601187,0.92,20145,20189
SZ,300012,-0.06,20080,23610
SZ,300570,-12.99,20065,23712
SZ,002536,-9.99,20050,21169
SZ,002065,-0.42,20036,22086
SZ,000034,-6.82,20031,23985
SH,603663,-8.72,20031,20045
SH,603881,-3.76,20000,20000
SH,600967,2.09,19945,19945
SZ,000039,-0.45,19930,46699
SH,600246,-9.76,19906,20460
SH,605111,-9.99,19878,19878
SH,601666,-1.34,19829,19829
SH,688114,-2.23,19789,19830
SH,688005,-0.28,19781,19781
SH,688001,-9.28,19744,19744
SZ,002461,1.38,19566,19566
SZ,002262,0.18,19478,22388
SZ,000519,-0.35,19468,19468
SH,603730,-3.61,19466,19466
SZ,002130,2.97,19464,23756
SZ,002318,0.2,19424,19895
SZ,301018,-11.81,19339,25593
SZ,002500,0.19,19313,19313
SZ,002120,0.44,19312,19889
SZ,300763,-2.4,19270,23770
SZ,002265,0.87,19225,19225
SH,688363,5.39,19219,19219
SZ,002364,-4.85,19210,19398
SZ,301536,-18.47,19202,43260
SH,601098,1.82,19056,19056
SH,688208,3.2,19047,19047
SZ,002624,0.19,19045,20214
SH,688343,-10.94,19037,19037
SH,601865,1.42,18991,23405
SH,600927,0.69,18986,18986
SZ,300814,-15.11,18973,18973
SZ,300142,-1.47,18941,19208
SH,603728,-4.63,18938,18938
SH,603678,-5.7,18923,18923
SH,603658,1.07,18903,18903
SH,603290,-4.28,18897,18897
SH,600007,-1.04,18897,18897
SZ,002317,-5.37,18873,21061
SZ,300209,-9.85,18871,23857
SZ,300085,-0.4,18804,20380
SZ,000429,-1.89,18794,30149
SZ,000686,-0.24,18770,18770
SH,600131,0.64,18716,18754
SZ,000997,5.45,18708,18813
SH,600339,0,18704,18704
SH,603529,1.71,18663,19031
SH,600518,0,18660,18669
SH,603236,-8.29,18645,18645
SH,601139,0,18641,18641
SZ,002683,0.4,18630,21239
SH,600004,0.38,18626,20283
SH,603588,-3.92,18614,18614
SH,603530,-3.39,18569,18740
SH,600380,-0.48,18569,18569
SZ,301396,-12.01,18550,28174
SZ,002497,-1.73,18543,20170
SH,603337,-0.29,18494,18866
SZ,002389,0.64,18474,18477
SZ,002396,-7.44,18451,18527
SZ,000009,10,18419,18441
SZ,001896,-8.27,18416,18416
SZ,002270,2.97,18354,18355
SZ,002335,-3.88,18261,20882
SZ,300122,2.14,18245,30880
SH,603306,-9.68,18182,18182
SZ,300811,-9.1,18179,22161
SH,688195,-11.15,18162,18162
SH,603871,1.22,18153,18153
SH,600606,0,18130,18130
SH,603005,-6.27,18111,18111
SH,688281,-0.01,18103,18103
SZ,001270,-7.51,18035,18150
SH,600038,0.86,18034,22104
SZ,000543,0.38,17999,17999
SZ,002831,-4.03,17998,32466
SZ,000875,1.13,17982,19515
SZ,300888,1.81,17956,18037
SH,600655,1.32,17932,17938
SZ,002739,-1.37,17905,18161
SH,600353,-10.01,17869,17869
SZ,002716,-1.4,17860,21710
SH,601969,2.14,17851,17960
SZ,300489,-13.97,17850,17915
SH,603516,-5.81,17790,17790
SZ,002756,-2.21,17767,24745
SH,600316,0.77,17763,17763
SH,688400,-5.27,17719,18426
SH,603000,0.76,17702,17702
SH,600820,0.18,17701,17701
SH,600754,1.51,17686,20814
SH,600120,0.39,17623,17623
SH,603667,-4.29,17622,18437
SZ,000591,-0.21,17604,17611
SZ,000029,-2.13,17566,19930
SZ,002044,-0.43,17550,17732
SZ,300762,-4.47,17426,17426
SH,600032,-1.75,17410,17410
SH,600956,0.27,17329,33212
SZ,300806,-7.79,17326,24044
SZ,300487,-5.31,17308,28608
SH,688097,-4.46,17285,17285
SZ,300776,-8.96,17284,27494
SZ,300398,-4.98,17263,17358
SZ,300623,-7.63,17258,18713
SH,688123,-5.78,17246,17246
SH,688561,0.08,17206,17206
SZ,002958,2.27,17189,17556
SH,688372,-11.16,17180,17180
SZ,300140,-0.35,17179,17200
SH,603358,-0.76,17150,17446
SH,603638,-2.1,17138,17138
SH,688270,-6.54,17039,17039
SH,688205,-12.4,16991,16991
SH,688257,-10.73,16982,16982
SH,688772,-3.23,16972,16972
SH,600179,1.15,16955,18576
SH,601975,0.56,16943,16943
SH,603786,1.43,16901,16901
SH,601609,-3.07,16872,16872
SH,603171,10,16832,16851
SH,600062,-4.25,16788,16794
SH,601966,1.77,16786,16786
SH,601326,0.57,16747,19668
SZ,002518,-5.54,16740,17246
SZ,001337,2.18,16733,16733
SZ,300779,-4.2,16704,21861
SZ,300821,-6.39,16665,16668
SH,688502,-9.25,16515,16515
SZ,001267,-9.95,16504,21289
SH,600739,0.56,16502,16502
SZ,000898,0.98,16472,19394
SH,603733,-2.74,16451,16451
SZ,301205,-14.5,16431,25523
SZ,300724,-0.77,16405,19860
SH,600750,-0.75,16368,16544
SH,603858,-0.76,16356,16356
SH,605196,-1.42,16336,16530
SH,600763,1.76,16331,16331
SZ,300413,1.91,16327,29894
SH,688692,-1.56,16324,24924
SZ,002192,-4.05,16293,16327
SH,600577,0,16284,16284
SZ,000935,-5.19,16284,16284
SZ,300257,-4.15,16277,16941
SH,688268,-8.75,16245,16245
SH,600761,0.16,16237,16237
SH,601519,0.74,16192,16192
SH,600928,1.39,16189,16267
SH,600500,-3.83,16183,16183
SH,600961,-5.07,16171,23077
SH,601369,0.21,16158,16321
SZ,300144,1.96,16135,16305
SZ,000603,-3.39,16101,16663
SH,601921,0.98,16089,16089
SH,688795,-5.7,16088,250187
SH,600528,0,16084,16084
SH,601101,-1.49,16070,16070
SH,603186,-8.82,16069,16069
SH,603997,4.21,16069,16069
SZ,002491,-8.01,16047,16777
SZ,000969,-3.5,16037,16178
SH,601636,-2.86,16036,16036
SH,600629,10.02,16028,16028
SZ,000682,-0.49,15993,15995
SZ,002402,-2.64,15960,18006
SZ,002925,-4.24,15959,16846
SZ,300088,-5.02,15957,16035
SZ,002611,-0.3,15953,19343
SH,600435,-0.46,15940,15940
SH,601702,4.25,15927,15927
SZ,920438,-1.14,15926,16505
SZ,300773,2.39,15892,16799
SZ,000766,0.49,15881,15889
SZ,300568,2.58,15881,19647
SZ,002312,0.96,15862,15895
SZ,300456,-5.82,15832,19404
SZ,000902,0.65,15828,17378
SH,600171,-1.84,15809,15809
SH,603317,1.5,15804,15804
SZ,300747,-6.8,15779,16977
SZ,000563,0.33,15751,15751
SZ,000723,0.28,15735,15765
SH,603355,0.51,15734,15734
SH,603950,-8.08,15711,15724
SH,688131,-5.59,15700,15700
SH,601019,1.08,15693,15693
SH,600872,3.2,15674,15741
SH,605020,-4.32,15666,15912
SZ,000537,-0.12,15665,15665
SZ,002237,-0.97,15596,18704
SZ,000050,-2.58,15589,15589
SH,600808,1.16,15576,20099
SH,601020,1.02,15497,15497
SH,605296,1.15,15493,15740
SZ,002405,1.23,15477,15572
SH,600511,0.76,15472,21096
SZ,300676,-0.55,15443,15528
SZ,300903,-13.45,15413,20293
SH,688233,-9.76,15409,15409
SZ,002508,0.24,15394,15582
SH,601137,-0.47,15360,15372
SH,600959,0.33,15352,15352
SH,600623,0.86,15346,17337
SZ,001287,-3.99,15312,15312
SZ,000032,-7.14,15311,15311
SH,600114,-3.72,15292,15665
SH,688523,-4.44,15278,15278
SH,603115,-9.66,15275,15275
SH,601858,0.63,15272,15272
SZ,002946,5.96,15270,15449
SZ,300843,-12.24,15247,15552
SZ,000927,0.8,15247,15247
SZ,300199,-1.1,15209,18027
SH,603132,0.58,15198,15198
SZ,300170,5.38,15191,15908
SZ,003021,-2.82,15185,19591
SZ,002149,-3.38,15181,15183
SZ,002568,1.43,15143,20697
SH,600835,1.51,15138,18907
SH,600452,-0.6,15089,15089
SZ,002320,1.97,15047,15047
SZ,301297,-5.62,15039,19767
SH,603773,-10,15035,15041
SZ,000970,-3.88,15026,15026
SZ,000791,-0.63,15021,25172
SZ,000778,0.52,14990,15258
SH,688390,-3.52,14964,14964
SH,688652,-10.42,14946,20795
SZ,000966,-0.45,14934,14934
SZ,300083,-8.51,14891,16615
SZ,000680,0.27,14882,16982
SH,603618,-6.87,14871,14871
SH,600022,0.72,14871,14871
SH,688520,-2.51,14843,15676
SH,688700,-9.24,14837,14837
SZ,300953,-4.75,14816,20613
SH,600548,0.47,14795,21902
SH,603025,0.38,14785,14885
SH,605198,-2.77,14769,18243
SH,601965,0.82,14766,14829
SH,603226,-3.34,14756,14756
SZ,300660,-1.2,14732,14741
SZ,002773,-1.05,14704,19726
SH,688388,-5.98,14703,14703
SZ,002911,1.58,14672,15033
SH,688779,0.93,14643,14643
SZ,002171,-1.08,14637,14720
SH,601568,0.55,14618,14618
SZ,002506,-1.95,14611,14626
SH,600226,-5.21,14574,14574
SZ,300999,2.13,14559,145461
SZ,300102,-4.06,14462,14532
SH,600710,-0.35,14427,14427
SH,688100,1.65,14409,14534
SH,600410,-1.49,14397,14397
SH,600779,5.24,14396,14396
SZ,300957,2.8,14387,14466
SZ,002410,2.12,14367,15115
SH,688596,-9.75,14356,14356
SH,688503,-7.4,14343,14343
SH,688353,-3.39,14334,14334
SH,601375,0,14307,19268
SH,600151,0.51,14256,14256
SH,600320,0.7,14234,22603
SZ,300723,-3.02,14223,15326
SH,688582,-4.97,14189,14189
SZ,001301,-1.08,14188,19890
SH,600186,-5.59,14170,14199
SH,600877,-2.36,14161,14161
SH,600621,0.98,14142,14142
SH,600056,-0.31,14131,14136
SH,688449,-7.26,14127,22163
SZ,001286,-0.37,14094,39150
SZ,000088,1.14,14075,23138
SH,688279,-4.66,14048,17284
SZ,000581,0.4,14036,17093
SH,688392,-9.5,14035,14035
SH,600361,0.53,14035,14035
SZ,000539,-2.82,14029,28824
SZ,002507,2.7,14016,14055
SH,600258,1.95,14013,14013
SH,688484,-4.93,13985,14048
SH,600057,1.67,13978,18965
SZ,000422,0.61,13964,14356
SZ,001248,-5.73,13960,170893
SZ,002408,0.2,13948,14413
SH,688615,6.63,13911,20147
SZ,300735,-3.41,13891,14839
SH,600110,-7.61,13881,13881
SZ,002176,-0.6,13870,13890
SZ,300657,-5.27,13868,14271
SH,600552,-6.31,13867,13867
SH,600403,2.84,13867,13867
SH,688538,0,13863,33281
SZ,002563,2.11,13861,16919
SH,688106,-8.05,13856,13856
SH,688166,-5.21,13854,13854
SH,600888,-2.4,13838,13838
SZ,000089,1.51,13822,13822
SZ,300364,-2,13809,15233
SZ,002250,-1.27,13809,13885
SH,603613,1.32,13791,13791
SH,600816,-0.39,13782,24808
SZ,000685,-0.08,13775,16218
SH,600531,-1.88,13774,13774
SH,600409,0,13749,13749
SH,688690,-3.5,13746,13746
SH,600596,-0.77,13725,13725
SZ,002867,2.01,13705,13786
SH,600664,1.31,13676,13676
SZ,300503,-8.57,13645,17436
SH,600906,-0.15,13638,20833
SH,688029,-0.58,13615,13615
SH,601827,0.62,13610,13610
SH,600675,1.35,13604,13604
SH,688380,-7.73,13592,13592
SH,600416,1.43,13592,13592
SH,603868,2.43,13591,13591
SH,600744,-5.9,13588,13588
SH,600064,1.03,13583,13583
SH,600267,-2.95,13561,13561
SH,600459,-1.7,13530,14663
SZ,000799,6.63,13526,13527
SH,600575,1.46,13524,24940
SH,600651,0.19,13513,13513
SZ,002249,0,13475,17836
SH,600456,0.75,13426,13426
SH,603505,-1.17,13383,13383
SH,603938,-8.04,13369,13369
SH,600633,-0.08,13353,13353
SH,600475,4.58,13342,13527
SH,688206,-6.06,13311,13311
SH,600155,1.02,13215,13215
SZ,002153,3.9,13214,22543
SZ,002906,0.8,13210,13217
SH,600167,0.52,13192,13192
SH,600285,0.65,13188,13202
SZ,002969,-8.36,13157,13226
SH,600933,0.15,13136,13792
SH,603662,-3.94,13126,13126
SH,603707,0.25,13119,13119
SZ,300253,1.29,13112,15563
SZ,002226,1.43,13112,13112
SH,603283,-8.16,13110,13110
SH,601778,-2.48,13105,13105
SH,600529,0.36,13100,13100
SZ,002010,0.64,13097,13129
SH,600764,-0.53,13090,13090
SZ,000785,0,13060,14011
SH,603002,-8.13,13053,13053
SZ,301550,-7.1,13050,21321
SZ,301171,-0.37,13044,16075
SH,605099,-0.11,13028,13056
SZ,002957,-9.01,13013,13053
SH,688332,-9.97,13003,13003
SZ,000612,-0.99,12995,12995
SH,600490,0.15,12992,14428
SZ,300201,-6.36,12987,13057
SZ,000506,9.99,12983,12988
SH,603556,8.72,12974,12974
SZ,002372,1.03,12958,14026
SH,605599,4.39,12934,12934
SZ,002258,9.99,12930,12951
SH,600201,0.87,12913,12913
SH,601678,-3.95,12893,15201
SH,688150,-9.47,12878,12878
SZ,300655,-5.58,12875,12934
SZ,002936,0.55,12864,16639
SZ,300457,3.63,12862,13071
SZ,301275,0.38,12847,18036
SH,600827,2.43,12836,14273
SZ,002158,-6.85,12822,12849
SZ,002901,-0.06,12808,18387
SH,600717,1.14,12791,12791
SH,601107,2.78,12782,18073
SZ,000534,-3.08,12769,12948
SZ,300260,-10.37,12760,18090
SH,603826,-2.27,12759,12759
SH,603589,8.18,12734,12734
SH,600850,0.91,12725,12725
SZ,002847,-0.68,12711,14085
SH,600271,0.73,12711,12711
SZ,002701,0.4,12710,12722
SH,688088,1.41,12705,12705
SH,605507,-0.36,12698,12698
SH,600116,1.85,12658,12658
SZ,300131,-9.26,12653,13779
SZ,301285,-10.45,12652,12652
SZ,002091,1.94,12643,12843
SH,603456,-3.17,12608,12608
SZ,002048,-2.24,12605,14457
SH,688368,-9.31,12596,20752
SH,603063,-5.96,12587,12639
SH,603515,0.35,12579,12656
SH,688003,-7.82,12560,12560
SH,600315,2.41,12544,12544
SH,603882,-0.65,12534,12619
SZ,002440,-3,12520,14871
SZ,300679,-7.27,12498,14771
SH,600755,0.51,12494,12526
SH,688625,-8.38,12482,12482
SH,600702,10.01,12445,12450
SH,688802,-4.88,12442,268667
SH,688567,2.52,12441,12441
SH,600211,0.97,12422,12422
SZ,300602,-8.16,12400,18127
SH,688055,-2.61,12400,12400
SH,601133,-9.85,12365,12408
SH,603009,-4.31,12359,12359
SZ,001696,-4.67,12355,15870
SZ,002151,-0.52,12355,15147
SH,688116,1.63,12330,12330
SZ,002290,-6.89,12319,12358
SZ,002597,0.7,12304,12327
SZ,300342,-5.47,12292,12475
SZ,300455,-0.68,12280,12439
SH,600397,-7.39,12256,12256
SH,688382,-8.41,12229,12229
SH,688006,-3.1,12224,12224
SH,688308,-10.84,12202,12202
SZ,300409,0.4,12191,13697
SZ,300459,0.54,12163,13009
SZ,300070,0.57,12159,12830
SH,600821,-3.73,12138,12138
SZ,300761,-0.04,12130,16114
SZ,002268,0.99,12121,12126
SZ,002416,3.88,12117,12269
SZ,301219,-1.31,12088,16936
SZ,000069,1.74,12073,14066
SH,600882,4.21,12071,12071
SZ,300296,-0.75,12068,14129
SH,600172,-8.96,12048,13614
SH,605289,-8.78,12038,12055
SH,688686,-5.39,12024,12024
SH,600063,-2.18,12022,12022
SZ,301015,0,12014,12016
SZ,000620,-3.74,12006,15091
SH,603888,0.19,12002,12002
SH,688593,-6.84,11994,11994
SZ,002399,-0.92,11986,14101
SZ,000672,-6.35,11982,11982
SH,600113,-0.84,11977,12260
SZ,000567,2.33,11964,12001
SZ,301039,0.12,11953,15424
SH,601992,1.42,11918,15269
SH,688531,-11.48,11916,17192
SH,601512,2.85,11916,11916
SZ,002287,0.73,11893,11917
SZ,300323,-7.13,11889,16246
SH,600461,-0.74,11866,11866
SZ,300436,-2.39,11854,13808
SZ,000973,-1.04,11851,30113
SZ,300034,-0.89,11843,12305
SZ,301389,-8.35,11836,11836
SZ,002096,1.71,11834,11834
SZ,002183,0.22,11816,11816
SH,603983,0.68,11813,11813
SZ,300613,-8.47,11813,12523
SZ,002755,-2.74,11806,11806
SZ,300671,-13.19,11805,11838
SH,603118,-9.97,11793,11793
SZ,002552,-9.25,11774,12396
SZ,002896,-3.64,11768,11768
SH,688660,6.14,11760,11760
SH,600859,2.75,11744,11745
SH,600366,-2.19,11738,11738
SH,600420,0.57,11735,11735
SZ,300468,6.39,11730,11749
SZ,300100,-0.79,11705,12142
SZ,000035,1.61,11704,12083
SZ,002979,-8.92,11696,16592
SH,601222,0.53,11676,11676
SZ,000156,1.03,11644,12693
SZ,000758,-0.16,11639,11684
SH,600612,3.18,11628,19183
SH,600363,-0.95,11624,11624
SZ,300184,-4.65,11614,12686
SZ,301611,-10.09,11606,34522
SH,600776,-1.13,11606,15248
SZ,000553,1.33,11604,12418
SZ,002913,-6.88,11598,12050
SH,688516,-4,11593,11593
SH,600559,5.58,11590,11590
SZ,300469,-3.17,11572,11578
SH,601068,0.67,11569,13505
SZ,300573,-0.58,11569,15065
SZ,300319,-8.66,11569,12062
SH,605389,-6.21,11564,12228
SZ,301238,-0.87,11557,11557
SH,600338,-1.47,11546,11546
SZ,002668,0.38,11524,11524
SZ,300229,2.57,11507,11514
SH,603927,2.44,11502,11502
SH,688545,-7.76,11487,22691
SH,600006,1.59,11480,11480
SZ,002607,-0.47,11475,12767
SH,688401,-5.35,11469,12183
SH,688016,-0.86,11463,11463
SH,603203,-7.62,11461,11593
SZ,000681,0.47,11460,11875
SH,600216,-0.16,11445,11569
SH,600783,1.72,11433,11433
SZ,300357,-0.75,11420,12357
SZ,300146,0.1,11420,17238
SZ,002698,1.05,11413,13825
SH,688549,-11.65,11386,28541
SZ,002987,2.75,11366,11664
SZ,002768,-7.99,11362,19459
SH,600864,0.55,11360,11360
SZ,002092,-0.67,11358,11422
SZ,300674,1.45,11333,11349
SZ,002531,-2.16,11275,11338
SH,688535,-10.81,11268,12089
SH,601952,0.86,11258,11258
SH,600908,1.81,11256,12356
SZ,002643,-3.62,11251,11421
SH,605118,-4.14,11240,11306
SH,600619,6.04,11230,15274
SH,601619,-1.06,11224,13428
SZ,300775,0.48,11212,11548
SH,600268,-0.8,11211,11212
SH,603119,-4.72,11201,19983
SZ,002011,0.29,11199,11336
SZ,300428,-0.57,11189,12855
SZ,002003,1.02,11182,13006
SH,688198,0.12,11159,11159
SH,603393,1.23,11145,11145
SZ,000099,1.48,11140,11140
SZ,002839,1.56,11136,11146
SZ,002617,-1.97,11134,11321
SZ,001258,2.67,11125,11125
SZ,301626,4.56,11114,24433
SZ,300718,-1.51,11111,16881
SZ,002891,9.21,11109,11109
SZ,300601,0.41,11102,13772
SH,601801,2.53,11101,11101
SZ,000901,-1.13,11087,11087
SZ,301093,-9.69,11086,11611
SZ,002807,1.23,11084,11101
SZ,301005,-5.01,11079,11310
SH,603698,-2.21,11079,11079
SZ,002043,-0.14,11071,11376
SZ,300682,0.85,11066,11569
SH,600635,0.22,11054,13493
SH,688158,-3.53,11042,12411
SZ,002400,1.11,11030,11140
SZ,000998,1.45,11028,12329
SZ,920808,-7.32,11026,11334
SZ,301293,-1.9,11024,11024
SZ,002310,-4.57,10998,14998
SZ,002174,-1.74,10968,10974
SZ,000028,0.39,10964,12765
SH,688809,-6.42,10948,54739
SH,600572,-0.45,10937,10966
SZ,002534,5.58,10936,11076
SZ,002051,-1.32,10927,10928
SZ,000555,3.6,10926,10938
SZ,002024,-1.66,10919,10932
SH,688107,-4.68,10907,10907
SZ,300975,-9.2,10865,15169
SZ,000592,-1.55,10859,10953
SZ,002246,-2.5,10854,10854
SZ,300179,-10.37,10849,14091
SZ,002083,-3.53,10848,10848
SZ,300185,0,10847,11382
SH,688260,1.77,10810,10810
SZ,000690,-2.35,10807,10814
SH,688258,-2.43,10807,10807
SZ,301029,-2.64,10801,15164
SZ,300133,-1.36,10800,12168
SH,601022,0.86,10796,10796
SH,603693,-1.05,10796,10796
SH,600301,-4.64,10779,24765
SZ,300315,1.44,10776,11480
SH,600343,-4.62,10773,10773
SH,688306,-1.12,10772,10772
SH,603078,-8.72,10763,10763
SZ,301319,-11.58,10763,14281
SH,603800,-9.98,10754,10754
SH,601003,9.97,10738,11037
SZ,002745,-4.35,10737,14975
SH,603389,-7.99,10733,10733
SZ,002167,-8.41,10728,10954
SH,600986,1.84,10724,10724
SZ,300827,0.57,10708,13656
SH,688063,-0.67,10703,10703
SZ,002373,1.44,10690,12262
SH,688222,-7.3,10674,10674
SH,603027,2.95,10673,10673
SH,603267,-2.38,10671,10671
SH,603093,1.22,10664,13393
SZ,002645,-6.83,10659,11801
SH,600993,1.48,10646,10664
SZ,000061,0.85,10640,11771
SH,601163,2.07,10640,10640
SH,600480,1.39,10640,10719
SZ,300769,-2.71,10639,11841
SZ,301267,1.49,10628,13768
SZ,000839,-3.89,10623,10623
SH,688321,-5.17,10599,11512
SH,603031,-6.64,10598,12602
SZ,002539,0.76,10571,14348
SH,603235,0.42,10559,10559
SZ,001331,-4.59,10553,15109
SZ,002557,1.01,10549,10582
SZ,000899,-1.36,10537,10537
SZ,002544,-1.14,10534,10535
SZ,002366,-1.55,10529,11841
SH,600058,-0.4,10515,10515
SH,600507,-0.43,10502,10502
SH,688559,-4.24,10498,10498
SZ,002139,0.1,10497,12219
SH,601900,1.71,10495,10495
SZ,002385,1,10495,13029
SZ,300182,-0.42,10483,12360
SZ,002984,2.23,10480,15213
SZ,000711,-3.92,10478,12993
SH,603099,1.83,10472,10472
SZ,000767,-4.51,10455,11046
SH,600395,0,10454,10454
SH,603185,10.02,10437,10499
SH,688661,-12.97,10435,10435
SZ,002583,0.37,10429,14785
SZ,000828,0.3,10426,10426
SZ,002204,0.37,10410,10410
SZ,300638,-3.44,10397,17626
SH,603218,2.02,10392,10401
SZ,301207,-0.51,10379,10386
SH,603738,-8.81,10377,10377
SH,603906,-2.33,10354,14549
SZ,300049,-1.57,10348,11695
SH,600446,3.78,10345,10345
SZ,000070,-5.1,10341,10482
SH,600383,0.88,10338,10338
SZ,001280,-1.82,10335,123036
SH,601038,-1.32,10324,15855
SH,600509,-2.08,10308,10308
SZ,002276,1.19,10252,10293
SZ,000810,-1.38,10251,10616
SZ,301666,-8.06,10250,168615
SH,600662,1.81,10245,10275
SZ,001339,-7.87,10237,20738
SZ,000727,0.44,10237,10237
SZ,301087,-1.27,10210,12415
SH,600589,-3.08,10201,10223
SZ,002217,-2.09,10191,10471
SH,601949,1.52,10186,10186
SH,603281,-0.6,10176,10176
SZ,300224,-0.62,10172,10210
SZ,300008,-0.63,10164,10662
SH,603992,-0.85,10163,10163
SH,600163,0,10162,10162
SH,600787,0.43,10156,10156
SH,601005,0.83,10143,11723
SH,600648,3.48,10138,12117
SZ,300026,-0.58,10114,10124
SH,600373,2.46,10105,10105
SZ,300009,0,10100,13716
SH,603300,2.02,10096,10096
SH,688603,-10.69,10064,10064
SH,600123,-0.43,10062,10062
SZ,002413,-2.26,10040,10225
SZ,002182,-1.94,10031,11495
SZ,002541,-1.84,10023,13938
SH,603039,5.24,10014,10014
SZ,300593,-6.2,10005,12054
SH,600728,1.08,10002,10002
SZ,300726,-4.63,9999,19204
SZ,002439,-0.5,9996,16620
SH,600033,0.55,9990,9990
SH,601882,-0.67,9970,9970
SH,600718,0.73,9942,9942
SH,688031,-0.27,9936,9936
SH,603327,9.98,9911,9911
SH,601811,1.3,9891,15411
SZ,002020,-1.58,9889,11762
SH,688153,-5.24,9881,10168
SH,603619,0.14,9871,9871
SH,600072,0.89,9869,13671
SH,603599,4.13,9858,9858
SZ,300835,-10.83,9849,14052
SZ,002947,-9.02,9846,12721
SH,688068,-4.07,9832,9832
SZ,920116,-1.91,9829,9829
SH,600757,0.62,9817,9818
SZ,002100,2.13,9803,9803
SH,688032,2.94,9789,9789
SH,601886,-0.11,9789,9789
SH,600759,0,9779,9792
SZ,301150,-8.44,9775,10420
SZ,002978,0.11,9760,12475
SH,600597,1.14,9759,9760
SZ,000403,1.57,9755,9856
SZ,000917,1.47,9752,9753
SH,600326,4.99,9742,9742
SZ,001399,-6.68,9731,167405
SH,603323,1.39,9725,9725
SZ,002387,-3.18,9723,9736
SH,688143,-10.18,9723,10232
SZ,300204,-4.11,9722,11601
SZ,002354,-3.38,9722,9894
SH,603883,1.91,9706,9706
SZ,002832,2.51,9693,14205
SZ,000815,-7.06,9692,9692
SH,600269,1.22,9692,9692
SH,603040,-5.55,9679,9730
SZ,000949,-2.34,9657,9660
SZ,001914,0.99,9652,9652
SZ,000552,-0.76,9650,13861
SZ,002063,0.55,9642,10439
SZ,000401,0.55,9631,9721
SZ,002081,-2.4,9625,9665
SZ,000410,0.41,9619,12927
SH,600037,1.17,9617,9617
SH,603297,-6.94,9588,9588
SZ,300377,1.46,9576,10409
SH,603991,-6.2,9572,16326
SH,600458,-1.51,9570,10485
SH,688202,-9.85,9565,9565
SZ,002338,-0.32,9554,9554
SH,688046,-8.22,9553,9553
SZ,002929,-6.66,9553,12632
SZ,301078,1.62,9538,9548
SZ,002975,-9.98,9524,14432
SZ,002705,2.52,9522,9572
SH,600210,0.32,9510,9510
SZ,300302,-5.63,9501,12346
SH,600376,-0.26,9493,9493
SH,601200,1,9491,9491
SH,688275,-4.49,9484,9484
SZ,000049,-0.68,9475,9477
SZ,301090,1.58,9473,9483
SH,601311,1.13,9467,9467
SH,601860,1.92,9447,9739
SH,603989,-8.91,9447,9447
SH,600162,9.89,9446,9446
SH,600971,0.51,9444,9444
SZ,002254,-3.47,9441,9452
SZ,002675,-0.07,9441,10472
SZ,002061,0,9435,9595
SZ,300529,2.05,9433,14702
SZ,300580,-2.72,9433,10026
SH,603757,-9.99,9432,9432
SZ,000031,0.46,9430,9430
SH,688543,-0.49,9405,9405
SH,600328,0.16,9399,9399
SZ,002293,0.27,9398,9477
SH,688028,-11.36,9389,9389
SZ,002511,2.63,9374,9493
SH,603341,-6.27,9371,18395
SZ,301357,6.52,9365,9365
SH,603100,0.49,9356,9386
SZ,000923,-0.66,9356,9726
SH,601528,2.86,9353,9889
SZ,301381,-1.02,9353,9361
SH,688698,-4.35,9347,9347
SH,600649,1.08,9342,9342
SH,603713,-3.64,9342,9342
SZ,002961,1.29,9334,9334
SH,688663,-14.65,9326,9326
SZ,000795,-0.23,9321,9321
SZ,001227,1.38,9321,12587
SH,600782,2.07,9311,9425
SZ,000600,-2.84,9298,15382
SZ,000516,0,9282,9426
SH,688351,-0.99,9280,9280
SH,600740,0.28,9275,9275
SZ,002345,0.28,9271,9498
SH,600389,5.86,9263,9263
SH,600273,0.86,9258,9258
SH,603057,0.04,9254,9323
SZ,000837,-0.85,9248,9392
SH,603583,0.58,9247,9332
SH,688277,3.72,9236,9236
SZ,000950,-0.73,9232,9232
SZ,000420,0,9218,9221
SH,600307,0.68,9207,9207
SH,605016,-2.48,9207,9207
SZ,002170,0.17,9206,11325
SZ,300415,0.79,9202,9516
SZ,002647,-1.51,9199,10240
SZ,000656,-1.62,9181,12812
SZ,300618,-0.02,9175,10428
SH,600391,-1.52,9161,9161
SZ,000848,2.14,9161,9241
SZ,002181,-1.46,9156,9370
SZ,002967,-0.05,9150,10652
SH,605255,-9.99,9147,9147
SZ,002897,-10,9123,9591
SZ,002779,-4.07,9114,10158
SZ,300303,-2.96,9101,9705
SH,603328,0.11,9096,9096
SH,603859,3.22,9091,9897
SH,600185,0.63,9086,9086
SZ,002233,1.71,9082,9088
SZ,002031,-0.62,9071,10425
SH,605123,-0.47,9067,9067
SZ,300850,1.82,9066,12481
SZ,301071,-8.62,9064,12331
SZ,300607,-7.56,9062,12807
SZ,000065,0,9048,10778
SH,688726,2.47,9030,16643
SH,603169,3.13,9026,9026
SH,688383,-8.49,9013,9013
SH,688059,-8.2,9012,9629
SH,600184,-5.78,9003,9003
SZ,300077,-5.3,8982,10755
SZ,300188,0.19,8974,9016
SH,688797,-3.62,8974,47738
SZ,300139,-1.81,8970,10519
SH,688160,-5.45,8948,8948
SH,600198,-2.13,8944,8956
SZ,003036,-9.26,8941,8942
SZ,300007,-1.02,8938,10344
SZ,300693,-2.97,8937,10397
SZ,301031,-3.02,8936,11366
SH,688105,-4.89,8923,8923
SH,603712,0.43,8917,8917
SZ,301123,-11.48,8914,12673
SH,688128,0.46,8911,8911
SZ,301177,0.36,8904,8910
SH,688182,-6.97,8904,8904
SZ,300913,-5.4,8893,10664
SZ,002865,-4.21,8885,12373
SH,603103,0.5,8885,8885
SH,688139,0.54,8874,8874
SH,688289,0.59,8853,8853
SZ,301109,0.78,8852,11189
SZ,000676,-1.94,8851,8856
SH,600929,0.19,8840,8840
SZ,000550,2.28,8835,14709
SZ,000048,-8.11,8808,8823
SZ,000829,0.23,8808,8816
SH,600133,0.98,8807,8807
SH,600686,5.15,8791,8791
SZ,002549,-3.71,8786,8824
SH,603601,-3.99,8773,8773
SZ,000700,-7,8767,8767
SZ,002053,-0.3,8765,8765
SZ,002099,-1.09,8747,8757
SH,603508,0.88,8743,8743
SH,600508,0.58,8732,8732
SZ,301091,5.68,8732,8732
SZ,300118,-0.31,8731,10739
SZ,002208,-8.58,8721,8724
SH,600645,-0.31,8710,8713
SZ,000006,-0.91,8707,8707
SZ,000930,0.64,8706,8707
SH,600360,-7.73,8700,8700
SZ,002922,-4.03,8694,9745
SZ,002565,-2.83,8692,8692
SZ,002827,10,8680,8713
SZ,300181,1.05,8670,10086
SZ,002368,0.29,8664,8707
SZ,300328,2.27,8664,8706
SZ,300277,-2.41,8657,17153
SZ,000761,0.43,8641,9573
SZ,002297,-7.03,8631,8631
SH,603360,-2.23,8623,8623
SZ,002741,-7.12,8622,9395
SH,603303,-6.27,8614,8614
SZ,002426,-0.38,8609,8609
SH,600020,0.26,8607,8607
SH,600936,-0.18,8606,8606
SH,600129,-0.37,8602,8602
SZ,002019,-0.28,8602,12419
SZ,300684,-9.81,8600,12591
SZ,002626,1.95,8599,8600
SZ,300596,-1.41,8594,8783
SH,600266,0.24,8594,8594
SZ,300113,-2.98,8592,11380
SH,600478,0.8,8588,8588
SZ,002580,1.99,8585,8614
SZ,000833,-2.46,8584,15175
SH,688209,-6.47,8576,8576
SH,600997,0.56,8574,8574
SZ,002039,0.75,8573,8573
SH,603919,10.03,8568,8568
SZ,002703,10.02,8562,12019
SH,688552,0.04,8556,8556
SZ,000719,0.08,8546,13107
SH,603690,-10,8536,8536
SZ,300304,-4.76,8528,8764
SH,600693,3.38,8507,8516
SH,600094,4.44,8505,9300
SH,600017,0.73,8489,8489
SZ,002216,0.6,8480,11825
SH,605318,-7.3,8477,8477
SH,603612,0.59,8468,8468
SH,600367,-8.2,8458,8962
SZ,000536,-2.23,8455,8464
SH,600567,0.75,8452,8452
SH,600640,1.62,8446,8446
SH,688076,-1.36,8443,8443
SZ,002985,0.2,8439,8462
SH,688138,-7.1,8427,8427
SZ,002348,-6.43,8403,9236
SH,605305,-0.97,8397,8397
SH,688161,0.05,8396,8396
SZ,002815,-5.17,8393,13329
SH,688319,-8.08,8384,8384
SH,688327,-1.17,8382,10441
SH,600996,0.6,8378,8378
SZ,000980,1.22,8371,8371
SH,603809,2.02,8365,8365
SZ,002239,0.39,8361,8995
SZ,002332,0.24,8359,8398
SH,688789,0.43,8357,8357
SH,603052,-7.36,8341,8341
SH,603915,-0.69,8339,8482
SZ,000860,3.69,8337,8337
SZ,300772,1.88,8326,9387
SZ,301188,-8.51,8307,8307
SZ,002931,-5.87,8304,8957
SZ,001308,-1.21,8303,11998
SH,600481,0.5,8298,8298
SH,600345,-4.78,8291,12917
SZ,002062,-1.59,8289,9119
SH,600812,0.63,8287,8287
SZ,002243,-0.42,8284,8329
SH,600399,1.69,8283,8283
SH,688359,-10.73,8274,8274
SZ,300483,-0.08,8270,8276
SZ,002928,0.47,8257,8257
SH,603011,-5.75,8252,8252
SZ,000885,0.55,8244,8244
SZ,300951,-6.08,8234,9214
SZ,002173,-4.48,8232,8632
SH,603227,1.72,8231,8231
SZ,003018,-9.79,8225,9076
SH,688325,-3.08,8221,8651
SZ,300624,2.06,8217,9278
SH,603538,-2.7,8214,8287
SZ,300244,-2.43,8214,10237
SZ,002004,0.23,8211,8632
SH,601890,0.12,8203,8203
SZ,300035,1.59,8196,9630
SH,605060,-7.55,8177,8233
SZ,002458,-1.16,8176,12108
SZ,002392,-1.93,8172,8405
SH,600502,0.21,8171,8171
SH,688586,-0.18,8167,8167
SZ,002190,0.13,8165,8165
SZ,002267,0.69,8163,8163
SH,601089,-0.58,8150,8150
SH,600639,1.7,8145,10753
SZ,002292,-0.98,8143,11830
SH,688378,-6.78,8135,8826
SZ,000869,2.35,8133,11745
SH,688739,-0.04,8130,8225
SZ,300855,0.25,8127,10972
SH,688050,2.46,8126,8126
SH,600556,0.67,8117,8117
SZ,300130,2.87,8097,10580
SZ,300634,0.81,8095,8411
SZ,002221,0.54,8093,8732
SZ,002169,-3.34,8087,8344
SZ,300263,-4.71,8077,8570
SZ,002075,1.38,8073,8073
SZ,002761,2.62,8059,9870
SH,603580,6.37,8057,8057
SH,688584,-9.2,8057,15706
SZ,300770,2.26,8054,8054
SZ,301047,-2.03,8051,8190
SZ,002251,1.08,8050,10056
SH,603043,2.66,8043,8112
SZ,000818,-2.08,8037,8059
SZ,300101,-0.48,8031,8059
SZ,301498,8.69,8031,17933
SZ,301127,-6.47,8030,8271
SZ,300863,-4.04,8028,8357
SZ,300072,-1.14,8020,8083
SH,688165,-3.38,8020,8020
SZ,002706,-1.45,8010,9839
SZ,300910,0.03,8003,11426
SZ,301338,-12.44,7998,10977
SH,600935,0.44,7997,8196
SZ,300331,-7.47,7997,9348
SZ,002737,-0.35,7983,7983
SH,600666,-2.73,7982,8777
SZ,301183,-12.64,7975,10880
SZ,920186,-7.37,7973,15243
SZ,300382,-7.65,7968,7969
SZ,002488,-0.68,7968,8621
SH,601929,-0.86,7957,7957
SH,688190,-2.49,7956,7956
SZ,002993,-5.75,7955,9209
SZ,002283,-2.21,7952,9036
SH,605298,-6.11,7949,8017
SH,605333,2.09,7949,7949
SH,605006,-6.38,7948,7948
SH,601828,-0.44,7947,9578
SH,600861,3.24,7926,7926
SH,603125,-3.16,7923,7923
SH,688697,-3.5,7914,7914
SZ,002937,-9.99,7911,7932
SZ,301021,-10.31,7910,7919
SZ,301327,0.56,7894,7894
SZ,000510,-9.96,7886,8431
SH,688376,-10.5,7885,7885
SH,603053,1.03,7884,7884
SZ,300378,4.77,7881,7940
SZ,300720,-14.19,7880,8339
SZ,002277,-1.56,7877,7877
SH,688611,-5.74,7875,7875
SH,688020,-9.33,7873,7873
SH,605116,-0.45,7868,7868
SH,600075,0.44,7856,7856
SH,600335,2.72,7854,7854
SH,600587,0.39,7850,7850
SH,600751,1.33,7848,8843
SH,600618,0.97,7843,12096
SZ,002017,1.65,7843,7847
SZ,002639,-0.41,7836,9254
SZ,002289,-9.98,7835,8001
SH,603399,-3.41,7823,7823
SZ,002110,3.87,7822,7822
SH,601718,1.7,7806,7806
SH,603279,0.07,7798,7798
SH,600055,2.21,7797,7797
SZ,002309,-1.21,7796,9745
SZ,300294,0.85,7781,7781
SZ,300145,-1.92,7777,7815
SZ,300005,-4.82,7766,7830
SH,600305,1.73,7765,7777
SH,605319,-1.23,7760,7804
SZ,002036,1.66,7758,7773
SZ,002941,1.92,7757,7757
SZ,002115,-2.89,7754,8364
SZ,002655,-10.01,7747,7762
SZ,300740,0.1,7741,8341
SH,603124,-9.71,7738,14531
SH,603496,-5.48,7711,7711
SH,688083,-0.32,7710,7710
SH,688513,-5.83,7709,7709
SZ,002842,-5.21,7708,9393
SH,603680,2.08,7704,7704
SZ,000712,1.42,7703,7706
SZ,300053,-1.9,7693,8237
SZ,002792,-5.08,7686,11917
SZ,002588,1.13,7676,10298
SH,688439,-1.1,7670,7670
SZ,002759,2.82,7669,7676
SH,601595,1.24,7669,7669
SH,603055,1.17,7664,7692
SH,601686,0.78,7663,7663
SZ,000012,0.26,7661,11896
SZ,002125,-0.56,7649,7649
SH,688261,-8.55,7631,7665
SZ,000922,0.56,7627,9024
SH,603220,-3.51,7621,9413
SZ,002041,1.52,7621,7621
SH,688239,-4.08,7615,7615
SH,603477,0.47,7615,7808
SH,605008,-2.47,7609,7609
SH,688262,-5.7,7607,7607
SZ,301345,-10.38,7606,23677
SZ,301382,-6.61,7601,9185
SH,603033,-2.84,7584,7723
SH,603181,0.08,7582,7582
SZ,002516,-0.56,7580,7634
SZ,002960,-0.12,7562,8230
SZ,000566,7.76,7560,7564
SH,603890,-8.09,7556,7556
SZ,300595,1.25,7554,10117
SH,688125,-9.19,7546,7567
SH,600917,0,7540,7540
SZ,002386,0.35,7535,7537
SZ,002215,2.31,7531,9360
SZ,300486,-3.18,7522,7525
SZ,000533,-9.55,7513,7578
SZ,002030,-1.82,7508,7508
SH,601579,4.12,7508,7508
SH,603936,-7.66,7508,7686
SH,688326,0.58,7500,8058
SZ,000859,6.35,7499,7499
SZ,300042,-6.09,7492,7493
SH,688486,-6.54,7487,7488
SH,688622,-3.34,7473,7473
SZ,300527,0.96,7463,7463
SH,601908,0,7461,7461
SZ,002212,-3.17,7456,7537
SZ,300641,-0.97,7452,7452
SH,688508,-10.29,7450,7450
SH,688035,-7.02,7443,7443
SZ,003009,-4.33,7436,7437
SZ,300997,4.5,7422,8182
SZ,000059,0.43,7421,7421
SH,688091,-2.16,7419,7441
SZ,300497,-3.41,7417,8828
SH,605222,-3.64,7416,7416
SH,600059,2.01,7411,7411
SZ,300363,-4.53,7394,8108
SH,603112,-1.49,7394,7468
SZ,300766,-1.66,7391,8152
SH,600117,1.79,7389,7389
SZ,300482,1.84,7389,8042
SZ,002585,5.84,7387,9507
SH,603319,-6.07,7383,7383
SZ,000928,0.19,7374,7374
SH,600657,1.57,7358,7358
SH,688612,-2.01,7357,12014
SZ,002275,-0.14,7354,7756
SZ,920982,4.27,7345,15237
SH,600846,-0.5,7322,7322
SZ,000402,0.41,7322,7323
SZ,301061,0.49,7319,11018
SH,688485,-7.3,7319,7319
SZ,300846,-3.56,7316,8865
SH,600736,-0.46,7311,7311
SZ,000498,0.8,7305,7824
SH,603995,0.4,7294,7294
SH,603050,-0.76,7292,7292
SH,688093,-0.75,7279,7279
SH,688087,0.36,7278,7548
SH,688155,-2.33,7271,7271
SZ,300725,-5.89,7269,8384
SZ,003039,1.64,7268,7268
SZ,000650,-0.36,7256,7630
SZ,002515,-6.79,7250,7966
SH,605007,-1.35,7242,7260
SZ,002533,0.09,7237,8330
SH,600251,0,7226,7226
SZ,002119,-8.06,7224,7224
SH,603299,-0.63,7220,8832
SZ,000823,-7.61,7211,7211
SH,600771,0.61,7210,7210
SH,600125,0.18,7206,7206
SZ,301228,-1.28,7206,7240
SH,600722,3.93,7205,7205
SZ,002361,-3.88,7200,8464
SZ,300298,1.13,7199,8949
SZ,002434,-0.53,7186,7193
SZ,000544,0.27,7183,7183
SH,688231,-6.33,7171,7171
SZ,002350,-4.11,7157,7316
SH,688090,-15.25,7155,7155
SH,601096,0.23,7147,11637
SH,688662,-10.56,7142,7142
SZ,002150,-5.09,7141,7189
SZ,000030,0.71,7135,7344
SZ,300790,-5.12,7134,8119
SH,600557,-1.4,7122,7122
SZ,301263,-1.7,7122,9982
SH,601330,0.14,7121,10300
SH,688798,-2.72,7118,12225
SZ,300492,4.07,7106,7106
SZ,300416,-2.96,7097,7145
SH,600724,-0.6,7095,7096
SZ,002718,-7.91,7092,9768
SZ,002079,-2.99,7089,7940
SZ,300327,-4.43,7075,7128
SH,605179,9.99,7062,7062
SZ,000503,0.14,7060,7060
SH,688253,-10.2,7044,7044
SH,600903,-0.48,7042,7042
SH,688371,-9.32,7042,7042
SH,688677,-11.83,7031,7031
SH,688227,-6.96,7022,7022
SH,600325,1.59,7018,7018
SH,605011,-1.56,7018,7018
SZ,002242,0.55,7015,7027
SH,688669,-2.57,7012,7012
SZ,300834,-2.66,7008,7071
SH,600797,-0.86,7008,7008
SH,600252,0,7005,7005
SZ,300098,-0.43,7000,7890
SH,603163,-9.99,6995,6995
SH,688177,-1.16,6994,6994
SH,688305,-2.05,6990,7008
SH,603128,1.52,6977,6977
SH,603223,-3.41,6974,6974
SZ,300168,0.83,6966,6973
SH,600676,0.45,6963,6963
SH,603866,2.59,6959,6959
SH,600925,-0.45,6954,29829
SH,688112,-6.98,6946,6946
SZ,300348,3.37,6939,7718
SH,601226,-0.32,6938,6938
SZ,002121,-0.6,6931,8212
SZ,000813,-0.59,6919,6920
SH,688563,-0.11,6917,22931
SH,688428,-7.68,6908,44794
SZ,002093,1.33,6901,6901
SH,603219,-2.99,6900,6900
SZ,300687,0,6895,8385
SH,600422,0.44,6888,6888
SZ,002471,-1.91,6882,7008
SH,688337,-6.2,6879,8091
SZ,002324,-0.77,6878,9855
SH,600429,-2.12,6874,6895
SH,600810,-0.15,6874,6936
SZ,000755,0.21,6867,6867
SZ,300938,-7.81,6867,7911
SZ,002690,0.83,6866,13966
SH,600955,0.08,6864,6864
SZ,920029,5.03,6856,7046
SH,600780,-0.65,6856,6856
SH,600874,0.18,6853,8747
SZ,300080,0.27,6847,6857
SZ,300516,-2.64,6844,6844
SH,688252,-4.39,6843,6843
SZ,002315,2.73,6836,10723
SZ,002537,1.92,6825,6845
SZ,002006,-1.34,6825,6825
SZ,300480,-11.34,6819,9344
SZ,300322,-6.07,6809,7112
SH,603626,-6.61,6808,6808
SZ,300171,-0.57,6808,9267
SH,601388,0,6802,6802
SH,600169,-0.48,6800,6800
SZ,002730,-6.86,6799,7115
SZ,300341,5.18,6798,6825
SH,603608,-4.53,6792,6792
SH,600158,0.14,6784,6784
SH,688758,-6.25,6784,9475
SH,605168,-4.53,6778,6778
SZ,300678,0.09,6776,6897
SZ,002445,-2.04,6768,6797
SZ,300520,-0.69,6768,7003
SZ,300685,0.35,6763,6772
SZ,300276,-1.07,6755,8953
SZ,000589,0.23,6748,6793
SH,600708,-0.97,6743,6753
SZ,002219,-2.36,6740,7111
SZ,002448,-4.9,6740,6831
SZ,002106,-2.54,6739,6748
SZ,002681,-2.04,6732,7699
SZ,002342,-3.02,6731,6768
SH,605098,-0.1,6731,6731
SH,603459,-9.99,6727,64144
SH,603687,-2.23,6721,6721
SZ,301069,-1.37,6717,7133
SZ,301510,-3.33,6705,9608
SH,688605,-7.28,6699,12513
SZ,000628,-4.35,6698,12273
SZ,301571,-10.54,6697,10084
SZ,000631,-0.33,6693,6693
SH,688049,-10.51,6688,6688
SZ,003013,-2.86,6685,7653
SH,600748,-0.27,6677,6677
SZ,002546,-2.33,6674,6948
SZ,000968,0.44,6666,6666
SH,603071,-0.07,6662,6662
SH,605128,0.09,6657,6657
SZ,002014,2.22,6654,6762
SH,600894,1.03,6644,6676
SH,688631,0.97,6639,6639
SH,600828,1.59,6631,6633
SZ,300164,5.19,6625,6685
SH,688626,-2.14,6622,6622
SH,600590,-2.48,6614,6686
SH,600496,0.3,6607,6607
SH,601015,0,6597,6597
SH,600195,0.62,6597,6597
SZ,300031,-1.77,6595,7847
SZ,301013,-6.89,6588,8137
SZ,002650,9.38,6587,6587
SH,688708,-1.92,6586,18478
SZ,000601,-2.02,6582,6682
SH,600654,-2.06,6582,8081
SH,603416,-1.78,6581,7403
SH,603277,1.89,6579,6622
SH,605188,3.11,6570,6570
SZ,001391,-0.45,6564,52742
SZ,002023,-1.75,6563,6623
SH,603166,-2.19,6561,6611
SH,688062,-5.22,6555,12718
SZ,002674,1.08,6548,6614
SH,688221,-7.95,6544,6544
SZ,300284,1.65,6537,7009
SZ,000777,-1.32,6529,6530
SH,688783,-8.64,6529,98038
SZ,000058,2.31,6529,8163
SH,605365,-1.28,6526,6526
SH,688176,-4.91,6523,6523
SZ,002077,-3.26,6517,6517
SZ,300861,-2.88,6514,10373
SZ,300444,-1.79,6507,8344
SH,688456,-10.51,6501,6501
SZ,300768,-3.67,6499,9947
SZ,002256,-3,6486,6571
SH,600966,2.97,6484,6484
SH,600775,0.21,6483,8819
SH,603877,1.62,6481,6489
SH,605167,-1.77,6481,6481
SH,600713,-0.58,6475,6567
SH,600545,-5.72,6472,6472
SZ,002782,-5.57,6472,6550
SH,688556,-2.37,6472,6472
SH,603200,1.46,6463,6463
SZ,301196,-9.53,6448,9823
SH,688710,-8.73,6447,10022
SH,600682,-0.17,6437,7439
SH,688108,-2.52,6436,6436
SZ,300499,-8.09,6435,7237
SZ,002980,-9.99,6435,12033
SZ,300842,-6.16,6426,7231
SZ,002163,0.5,6420,6751
SZ,000597,-1.29,6412,6493
SZ,000008,-0.41,6410,6411
SH,600510,-1.1,6409,6409
SH,600370,-3.04,6396,6396
SZ,300401,-4.4,6395,6500
SH,600643,1.52,6393,6405
SH,605133,-6.36,6390,6461
SH,601515,0.91,6389,6389
SZ,003006,3.98,6386,6402
SZ,001298,-2.6,6384,6777
SZ,002550,-1.16,6382,8677
SZ,002860,-4.08,6377,6529
SH,688480,-5.98,6372,6372
SZ,301291,-0.3,6359,12223
SZ,002721,1.27,6356,6356
SZ,300045,-1.59,6351,8151
SH,600611,0.74,6347,9598
SH,603517,1.26,6345,6345
SH,688507,-7.1,6337,11468
SZ,002810,0.1,6333,6823
SH,601500,1.27,6332,6357
SZ,002214,-0.37,6320,7908
SZ,300109,-1.92,6314,7038
SZ,301050,-0.29,6313,7413
SZ,301339,1.56,6308,6423
SH,600770,-2.8,6305,6305
SZ,300191,2.19,6300,9114
SZ,002140,0.79,6292,6301
SZ,000572,2.96,6290,6299
SZ,920394,-4.22,6279,6325
SZ,002881,-8.5,6277,10418
SZ,301522,-0.3,6276,8434
SZ,002446,-3.89,6274,6774
SH,603985,-4.74,6273,6273
SH,600310,-3.16,6273,6273
SH,600525,-0.41,6264,6264
SH,603383,3.18,6262,6262
SH,603367,-2.11,6262,6262
SH,688416,-7.24,6253,6253
SZ,002733,-5.56,6252,6512
SZ,000905,-0.7,6246,12986
SZ,000957,1.25,6243,6243
SH,600078,-1.76,6241,6376
SZ,300493,-3.07,6221,6294
SZ,000913,5.28,6220,6296
SH,605488,-3.71,6215,6756
SZ,301189,-8.93,6213,6438
SZ,002470,-0.52,6210,6211
SZ,002042,-0.81,6207,6207
SZ,000989,-0.77,6206,7652
SZ,002467,-0.65,6205,6244
SZ,920045,-11.1,6199,20966
SZ,002579,-8.04,6196,6506
SZ,000948,10.03,6191,6203
SH,688621,-4.32,6191,6191
SH,600468,-1.21,6178,6178
SZ,002664,-1.72,6167,6254
SZ,000090,0.3,6166,6166
SH,603368,0.06,6165,6165
SZ,300153,-2.61,6160,6192
SZ,300360,0.33,6158,6330
SH,600897,0.14,6154,6154
SH,688550,-8.31,6152,6152
SZ,300598,1.25,6150,6151
SZ,002605,2.19,6146,7587
SZ,002346,-5.02,6144,6919
SH,603045,-6.68,6144,6144
SZ,000524,2.46,6144,6146
SZ,000025,9.99,6143,6742
SZ,002104,1.49,6135,7246
SZ,300174,-4.66,6132,6166
SZ,002935,-2.82,6131,6264
SZ,002606,-0.74,6131,6389
SZ,000541,0.61,6128,7648
SH,603861,-1.77,6126,6265
SZ,300895,-4.99,6122,6239
SZ,300324,-0.55,6122,6185
SZ,300576,-6.29,6121,9725
SZ,002135,-0.84,6117,6537
SZ,000751,-2.9,6105,6996
SH,603708,2.14,6103,6103
SZ,002840,1.6,6086,6129
SH,603229,-1.07,6086,6086
SZ,301191,-11.35,6081,8065
SH,688366,1.56,6080,7169
SH,600983,1.41,6078,6078
SH,600975,0.21,6073,6073
SH,688381,-12.1,6071,6071
SH,688276,0.89,6068,6068
SZ,300343,-2.22,6067,6079
SH,688011,-2.29,6067,6087
SH,603969,-4.04,6055,6197
SZ,301080,-5.79,6051,8000
SZ,003010,3.52,6047,8318
SH,603123,1.64,6047,7404
SH,603213,-0.58,6046,6046
SH,600962,-3.87,6044,6044
SZ,000915,1.06,6040,6043
SZ,300420,-10.27,6039,6040
SH,600313,0.72,6039,6480
SZ,301086,-13.39,6029,10878
SZ,301176,-8.53,6029,6213
SH,600400,-3.65,6026,6026
SH,600604,0.23,6024,8018
SZ,002785,-5.66,6024,7055
SH,688418,-7.28,6023,6023
SZ,300872,-0.62,6010,6951
SZ,002298,3.53,6000,6720
SH,688518,-2.6,5997,5997
SH,603363,0.36,5989,7620
SZ,920599,1.67,5984,7895
SZ,002955,-5.93,5981,7234
SH,605005,0.13,5971,5971
SZ,002141,-8.24,5970,5970
SZ,002437,-1.38,5964,6333
SZ,301369,-11.2,5964,11124
SZ,002052,-2.14,5956,6501
SH,600103,-1.81,5951,6028
SZ,000735,1.77,5950,5953
SZ,300440,-9.26,5947,5970
SZ,000026,1.24,5942,6614
SZ,300143,-2.05,5942,6947
SH,600375,2.01,5939,6508
SH,603197,-1.08,5935,6016
SH,688526,0.79,5934,5934
SZ,301489,-10.58,5929,9909
SZ,002101,2.17,5927,5932
SH,600586,1.7,5924,5924
SH,605183,0.7,5922,5962
SZ,002057,-1.74,5914,5918
SH,600617,-2.62,5913,6424
SH,688577,-2.91,5901,5901
SZ,002123,-0.6,5901,6596
SZ,000551,-5.43,5897,5899
SH,603931,-7.22,5885,5885
SZ,300435,-3.56,5880,6148
SH,600501,-0.64,5878,5878
SH,600963,1.83,5870,5870
SZ,300986,-1.25,5868,5872
SH,600841,0.18,5862,7800
SZ,002073,2.3,5861,5921
SZ,002302,1.75,5857,5857
SZ,300470,0.54,5853,6167
SH,603567,-2.34,5852,5858
SZ,300226,2.12,5850,6085
SZ,002438,-0.86,5847,6329
SH,600108,-0.65,5841,5841
SZ,300214,-6.95,5839,5839
SZ,002678,-0.45,5838,5841
SZ,300134,-1.8,5833,5833
SH,688408,2.42,5829,5829
SZ,301583,-2.54,5823,35032
SZ,300265,-5.47,5809,5812
SZ,000561,1.08,5799,6454
SZ,300222,-2.77,5791,7103
SH,600851,0.9,5788,9463
SZ,001236,1.46,5784,7689
SZ,300252,-4.33,5783,7082
SH,605598,-3.75,5779,5779
SZ,002572,2.9,5778,8542
SH,688488,-6.85,5773,5773
SH,600691,0.41,5773,5774
SZ,300722,-1.36,5770,5770
SH,600106,-0.45,5768,5768
SH,600866,-0.64,5764,7626
SH,600054,1.36,5759,8184
SH,600433,-0.59,5758,5758
SH,688232,2.12,5751,5751
SZ,300815,0.82,5750,5871
SZ,301137,-0.08,5749,5749
SZ,301101,1.72,5745,5965
SH,603108,0,5744,5744
SZ,000722,-1.74,5742,7068
SH,601968,1.12,5741,5741
SH,688788,-3.59,5740,5740
SH,688103,-1.8,5739,5739
SZ,000881,-0.3,5739,6003
SH,688365,-0.21,5729,5729
SZ,000595,-6.15,5727,5727
SZ,002382,-1.36,5727,5784
SH,688293,-5.23,5726,7152
SZ,300739,-5.87,5726,7058
SZ,301232,-8.2,5725,9640
SH,600449,0.25,5724,5724
SZ,002519,-1.72,5722,5767
SZ,300075,1.37,5721,6895
SZ,000779,0.9,5721,5722
SH,600881,-6.34,5721,5721
SZ,300256,-0.77,5721,5784
SH,688179,-6.99,5720,5720
SH,688219,-0.94,5716,5716
SZ,301292,-1.39,5712,14938
SZ,300579,1.34,5710,5918
SH,603366,4.93,5708,5708
SZ,301153,2.26,5693,6103
SZ,000900,0.27,5692,5692
SZ,002752,-1.68,5687,5695
SZ,002734,-1.64,5686,6229
SH,600223,1.09,5672,5672
SZ,300981,12.3,5671,6189
SZ,300043,-2.55,5671,5674
SH,688328,-9.73,5669,5669
SZ,002009,-3.02,5665,6436
SH,600826,1.03,5663,5663
SZ,000912,-0.81,5660,5660
SH,688334,-0.27,5660,5740
SH,603867,-2.92,5653,5700
SZ,002510,0.54,5647,5705
SZ,300079,0.23,5639,6275
SH,600477,0.42,5638,5638
SZ,300212,3.07,5637,5810
SZ,300617,-1.88,5636,6723
SH,600855,-1.38,5635,5646
SH,603507,-0.32,5631,5694
SH,603311,-4.85,5628,5628
SZ,000593,-5.81,5628,5631
SH,688678,-8.45,5627,5627
SH,603990,-4.99,5626,5626
SZ,002965,-9.98,5625,7839
SH,688499,-2.22,5624,5624
SH,603609,0.48,5623,5623
SH,600035,-0.28,5619,5619
SZ,002067,-2.09,5605,6180
SZ,300047,1.88,5601,6224
SH,688185,-1.2,5594,12083
SH,600230,-0.51,5593,5593
SH,601116,1.29,5592,5592
SZ,002206,-0.74,5591,6147
SH,603194,1.64,5591,14187
SH,600742,1.21,5580,5580
SZ,301286,-6.41,5572,13823
SZ,002082,-3.62,5571,6001
SH,600694,1.1,5564,5564
SH,603065,-8.09,5564,5564
SH,600683,-4.32,5563,5563
SH,688191,-6.7,5563,5563
SH,688290,-2.2,5560,5560
SH,688767,7.7,5554,5554
SH,600730,2.38,5550,5550
SH,603889,0.68,5549,5591
SH,600255,-1.28,5545,5545
SH,600982,-1.58,5543,5543
SZ,002970,-5.05,5543,8067
SH,600425,0.58,5536,5536
SZ,300119,3.82,5535,7710
SH,603466,-2.71,5532,5532
SH,600698,1.83,5531,7117
SH,688799,-8.46,5530,5530
SZ,002421,-2.12,5529,5853
SZ,000501,1.99,5524,5529
SH,603778,-3.36,5522,5670
SH,600203,-1.26,5521,5521
SZ,002452,-2.01,5521,6613
SH,688151,-0.24,5519,5519
SH,605277,-1.36,5516,5618
SZ,002527,-2.06,5516,6916
SZ,001314,-7.45,5515,6339
SH,600488,-3.62,5514,5514
SH,603211,-9.87,5501,5501
SZ,300217,-0.22,5499,6547
SH,600292,0.4,5495,54796
SZ,002218,-2.45,5495,5577
SZ,300258,-0.61,5494,5640
SH,603855,0.68,5489,5522
SH,603587,0.26,5488,5488
SH,688717,-2.8,5487,8864
SH,688230,-7.06,5486,5486
SZ,300976,-11.6,5481,8522
SZ,003012,2.11,5480,5588
SH,603010,-3.7,5479,5616
SZ,002349,-0.14,5479,5593
SH,688312,-10.14,5478,5478
SZ,001323,2.5,5478,7657
SZ,301248,-7.35,5470,7485
SH,600081,1.02,5469,5469
SZ,300369,0,5468,5488
SH,601700,-1.22,5466,5466
SZ,001212,-5.46,5466,6318
SH,605555,0.18,5465,5465
SZ,300129,-0.12,5462,8427
SH,603153,2.74,5459,5541
SH,603668,-0.36,5458,5458
SH,688818,-6.99,5451,71718
SH,601008,0.23,5446,5446
SH,605339,-1.45,5444,5444
SZ,000036,-3.23,5444,5447
SZ,001330,-2.49,5442,6433
SH,688658,-1.94,5441,5441
SH,600199,9.97,5440,5440
SZ,300041,-2.24,5439,5589
SZ,002279,2.4,5433,5889
SZ,300825,-4.91,5431,5548
SH,603155,-6.17,5426,5426
SZ,002538,0,5425,5429
SZ,301155,2.73,5425,9567
SH,601121,0,5424,6673
SH,688562,-0.36,5420,5420
SH,688787,-2.72,5419,5419
SZ,002997,-1.21,5417,5417
SZ,300868,-10.05,5410,8520
SZ,002068,0,5409,5412
SZ,000717,1.36,5405,5405
SZ,300393,-1.9,5401,6156
SH,603170,7.15,5396,5396
SH,600278,0.48,5395,5395
SZ,300467,-3.9,5393,6438
SH,605178,-9.17,5390,5390
SZ,002697,1.51,5383,6392
SH,601086,4.53,5381,5381
SZ,000557,0.54,5380,5381
SH,605056,-2.76,5373,5453
SZ,000670,-3.57,5373,5473
SZ,002132,-4.23,5373,5382
SZ,002263,-2.04,5372,5372
SZ,002029,0.25,5370,5690
SH,600644,-4.52,5367,5367
SZ,000042,-0.11,5359,5365
SH,688709,-3.35,5357,15386
SZ,301678,-5.13,5357,9235
SZ,002351,0.49,5356,9140
SZ,300841,0.81,5354,5850
SH,600829,1.77,5341,5341
SH,600815,-1.3,5340,5340
SH,600720,0.95,5338,12138
SZ,000697,-3.42,5336,11406
SZ,002882,10.03,5335,9359
SZ,300465,1.78,5334,5334
SH,603135,-3.52,5332,5372
SZ,002796,-8.23,5328,5905
SH,600592,-0.81,5326,5326
SZ,300127,-1.23,5325,7455
SZ,920368,1.84,5323,5595
SZ,002657,10.01,5321,5383
SZ,000404,-0.77,5320,5345
SZ,300926,2.88,5319,7753
SH,688478,-11.11,5319,5319
SZ,300708,-1.33,5310,6943
SH,603887,-0.33,5298,5298
SZ,002971,-9.23,5297,6930
SH,603098,1.76,5296,5303
SZ,300128,-3.99,5294,5300
SZ,000411,-0.1,5293,5304
SZ,002885,-8.48,5293,6044
SZ,002255,-0.11,5289,6888
SZ,002191,0.53,5288,5331
SZ,001328,1.87,5285,5627
SZ,000525,1.5,5281,6190
SH,605018,-4.17,5279,5279
SZ,000531,-0.5,5277,6040
SZ,300540,-8.81,5276,5808
SH,603776,-2.03,5264,5264
SZ,300293,3.05,5259,5259
SH,600569,3.98,5257,5257
SZ,301209,-5.48,5254,6150
SZ,002990,-9.26,5253,9966
SZ,002424,-0.43,5253,6373
SZ,300197,-1.66,5248,5249
SH,688095,11.93,5248,5248
SH,605366,-5.16,5248,5248
SZ,300443,1.65,5246,6918
SZ,002803,-3.28,5243,8068
SH,605288,-9.53,5238,5274
SZ,002833,-1.59,5231,7659
SH,688707,-0.76,5230,5230
SZ,002358,-0.87,5225,5225
SZ,300019,-0.48,5220,5567
SZ,002640,-2.31,5218,5251
SZ,000560,-0.44,5215,5253
SZ,300203,-1.51,5214,5219
SZ,002213,-5.71,5213,5991
SZ,301000,-2.06,5212,5521
SH,688575,1.11,5205,5205
SH,600756,1.13,5205,5615
SH,603848,-2.04,5203,5203
SZ,002951,-1.21,5203,5253
SH,600189,1.11,5199,5199
SH,600603,-0.89,5198,5198
SZ,300531,-0.65,5198,5356
SZ,301326,-8.84,5197,5243
SZ,300451,0.29,5191,5267
SZ,002777,1.83,5190,5238
SH,603333,-2.78,5190,5190
SH,605009,2.07,5189,5189
SZ,002274,-0.35,5186,5267
SZ,300856,3.01,5186,5366
SZ,300925,2.06,5183,6358
SH,600138,1.42,5183,5183
SH,688510,-2.39,5175,5175
SH,600300,0.95,5175,5175
SZ,300996,20.03,5170,6143
SZ,300067,-6.44,5164,6361
SZ,000908,-4.54,5164,10329
SH,600868,1.49,5163,5163
SZ,002272,-8.65,5163,6134
SH,600981,0.44,5158,5158
SZ,002060,0.3,5157,12389
SH,688237,-15.32,5156,5156
SZ,300633,1.59,5156,8420
SZ,300082,0.26,5155,5169
SZ,002567,0.56,5154,5159
SZ,000888,1.77,5153,5153
SZ,300039,0.54,5153,5879
SZ,000652,0,5148,5151
SZ,002419,0.67,5147,5147
SH,688109,-4.02,5145,5145
SH,600217,0.65,5139,5139
SZ,300261,2.64,5138,5250
SH,601199,-0.71,5134,5134
SZ,301261,-4.41,5131,5174
SZ,300525,3.61,5130,6254
SZ,300983,-6.12,5124,5794
SH,603012,-0.87,5114,5114
SZ,300969,-5.94,5112,10719
SZ,300990,-12.41,5111,11252
SH,688315,-0.88,5107,5107
SZ,002300,-2.88,5099,5100
SH,688598,-4.38,5098,5198
SZ,002635,-5.98,5094,8497
SZ,002489,0,5089,5770
SZ,300159,-2.81,5085,9082
SZ,300783,1.06,5082,7283
SZ,300278,-0.82,5074,5090
SZ,002577,-3.72,5072,5072
SZ,000796,2.14,5070,6110
SH,600825,0.21,5068,5068
SH,600197,4.9,5068,5068
SZ,002749,3.22,5068,5181
SZ,002164,-2.75,5066,5620
SH,688553,-2.53,5064,6246
SH,603173,-0.68,5061,5061
SZ,000409,0.35,5060,5808
SH,688505,-1.38,5059,7380
SZ,300985,-7.59,5058,5058
SH,600279,0.24,5056,5056
SZ,300307,-0.3,5052,5140
SZ,300192,1.65,5051,5110
SZ,300006,-4.58,5047,5047
SZ,300696,-2.82,5043,5555
SH,601177,-1.1,5034,5100
SZ,300939,-4.63,5030,5030
SZ,003040,1.76,5025,5072
SZ,920493,0.62,5023,6818
SH,603130,-3.09,5023,5023
SH,600743,-1.37,5021,5021
SH,688776,-1.67,5020,5020
SZ,002196,0.2,5016,5093
SZ,000920,-5.68,5014,5015
SZ,300446,-0.58,5009,11337
SZ,300755,8.39,5007,5010
SZ,300036,1.81,5007,5544
SZ,002383,-0.14,5005,5005
SH,603336,0.24,4998,4998
SH,605050,-0.19,4997,4997
SZ,300057,-2.74,4994,6031
SZ,002992,-2.99,4993,5781
SH,688348,2.05,4990,4990
SH,688079,-8.05,4985,5072
SH,688656,-2.16,4984,4984
SZ,300137,-14.38,4982,5044
SH,688309,-5.35,4979,4979
SH,600984,-0.24,4978,4978
SZ,002793,-3.77,4974,4981
SH,688069,-6.31,4972,4972
SH,603727,-1.77,4970,4970
SZ,300063,0.76,4968,6015
SH,603221,9.98,4964,4964
SH,601279,0.97,4964,4964
SH,603365,2.59,4956,4982
SZ,002631,-3.25,4952,4975
SH,603843,3.97,4946,4946
SZ,001313,-0.41,4943,4949
SZ,000852,0,4941,4970
SZ,002943,-7.46,4938,6978
SZ,003041,-0.43,4937,5196
SZ,300368,1.52,4935,4935
SH,688101,-1.32,4934,4934
SH,600073,1.94,4932,4932
SZ,300918,-1.01,4930,4930
SH,600939,0,4927,4927
SH,603897,-3.35,4926,4926
SZ,300569,-0.61,4925,4940
SZ,300792,-0.03,4924,5488
SZ,002530,1,4921,5517
SH,600284,0,4919,4919
SZ,300909,-6.66,4918,6587
SZ,300731,-10.03,4916,5180
SH,600237,-2.95,4909,4956
SZ,300905,-3.24,4907,6291
SH,688117,-3.79,4907,4907
SZ,002642,2.21,4902,4902
SH,600817,0.54,4898,4922
SH,688610,-11.09,4894,8131
SH,603685,-3.91,4888,6137
SH,603901,-0.65,4886,5197
SZ,301607,-6.93,4886,7537
SH,688345,-4.53,4881,4904
SH,600231,1.78,4879,4940
SH,600784,2.27,4878,4878
SZ,300066,-1.6,4871,5075
SH,600308,0.31,4869,4869
SH,601011,-1.16,4866,4866
SH,600084,1.64,4866,4866
SZ,002229,-1.59,4863,4892
SH,603408,3.43,4861,4861
SZ,300158,-1.6,4858,4862
SZ,002307,-0.66,4855,4913
SH,600336,1.84,4852,4852
SH,600593,0.45,4851,4913
SZ,300400,-5.59,4848,4865
SH,603660,5.6,4846,4846
SH,600979,-1.01,4843,4917
SZ,000880,-1.29,4842,9894
SZ,002708,-4.57,4841,5267
SH,600610,1.04,4841,7317
SH,605368,0.59,4838,4838
SZ,300406,0.71,4837,6682
SZ,002870,-2.84,4835,4952
SH,603187,2.85,4829,4880
SZ,300706,-7.63,4828,6511
SH,601566,0.24,4827,4827
SH,688173,-5.01,4825,4871
SZ,002166,-1.2,4823,4843
SZ,301580,-6.9,4821,7136
SH,600769,-5.5,4818,4818
SZ,002959,1.41,4817,5370
SZ,300820,-7.86,4815,9570
SZ,002102,-2.15,4814,5595
SZ,002189,-1.86,4800,4801
SZ,300566,-8.7,4799,5549
SZ,300507,-0.47,4797,4956
SH,688226,-5.95,4795,4981
SH,603137,9.99,4795,4795
SZ,002695,0,4792,5243
SZ,002344,0.27,4792,4797
SZ,002238,1.02,4791,4791
SH,603111,-0.51,4791,4931
SH,600513,9.97,4784,4784
SZ,300138,5.35,4784,5802
SH,688733,-5.18,4783,4783
SZ,300221,-5.56,4782,4903
SH,688757,-9.09,4781,10639
SZ,301307,-11.62,4779,9252
SZ,001322,-0.15,4769,5871
SZ,002528,-2.57,4768,5442
SH,600605,-3.86,4767,4767
SH,600571,3.27,4765,4854
SZ,300084,-5.15,4761,5548
SZ,300709,-8.25,4759,5928
SZ,002033,0.93,4758,4759
SH,688566,-0.83,4756,4756
SZ,300093,-2.73,4756,11119
SH,688620,-12.54,4755,4755
SZ,300151,-6.25,4749,6859
SZ,301048,0.45,4747,4747
SH,603131,-1.18,4744,4744
SZ,300300,-1.24,4741,4741
SZ,002662,-0.62,4740,4740
SZ,300788,-1.02,4739,4739
SH,600790,0,4735,4735
SZ,301099,-8.03,4733,7778
SZ,002649,0.34,4731,5216
SH,603590,-4.34,4726,4750
SH,600889,-3.07,4726,7567
SZ,002805,-2.3,4723,4744
SH,603380,-6.62,4719,4719
SZ,002482,0.8,4717,4726
SZ,002892,0.86,4716,6992
SZ,301012,-8.3,4713,4713
SH,605338,2.88,4712,4712
SZ,300287,-0.82,4706,5124
SH,688679,-2.72,4700,4700
SZ,002570,1.64,4698,4698
SZ,002334,-0.92,4697,5240
SZ,002481,0.72,4696,5182
SH,601789,-1.13,4695,6585
SZ,002713,-1.65,4691,8477
SH,603511,-0.76,4690,4737
SZ,300233,-1.16,4686,4864
SZ,002301,-4.39,4681,4721
SH,600551,1.32,4672,4672
SZ,002375,-0.27,4672,4703
SH,688135,-6.66,4664,4664
SH,603212,0.38,4664,4664
SH,600495,-0.51,4664,4664
SZ,002523,-0.59,4658,4675
SH,688007,-1.54,4656,4656
SZ,301162,1.16,4655,7174
SZ,002047,-3.75,4655,4655
SZ,300161,0.63,4653,4741
SH,603988,6.23,4652,4652
SZ,002122,-1.26,4651,4684
SH,603348,9.99,4642,4642
SZ,300756,-5.13,4641,5333
SZ,002526,-0.37,4640,4671
SZ,300388,0.15,4638,4638
SZ,002479,-0.36,4635,4645
SH,688699,-6.91,4634,4634
SH,603711,2.65,4632,4632
SZ,002066,-2.47,4632,4710
SH,688410,-0.38,4627,4627
SH,603499,-5.69,4626,4626
SZ,002165,-3.04,4620,4669
SH,688225,-2.36,4620,4620
SH,601002,-1.01,4619,4619
SZ,002638,-1.72,4613,4899
SH,600990,-0.45,4611,4611
SZ,301239,0.25,4611,4857
SZ,000753,0,4610,4610
SH,600191,0,4607,4607
SH,688389,1.03,4606,4606
SZ,002111,-0.83,4604,5012
SZ,920640,-0.19,4604,4785
SZ,002038,-1.63,4600,5548
SH,600681,-0.28,4596,4599
SH,688352,-5.63,4595,14917
SH,600121,-0.25,4593,4593
SZ,301268,-0.23,4593,5079
SZ,000993,0.1,4593,4593
SH,603353,-4.12,4591,4591
SZ,000925,-1.43,4584,4620
SZ,300087,-0.38,4575,4803
SZ,300626,-9.69,4569,4572
SH,688711,-5.16,4569,4569
SH,688696,2.58,4566,4566
SZ,301323,-5.98,4564,7094
SZ,002727,0.17,4562,6799
SH,603269,-9.11,4561,4561
SZ,301589,-1.33,4555,12218
SZ,002590,0.22,4554,4775
SH,603701,-1.41,4548,4548
SH,601218,2.63,4545,4545
SH,600626,0.88,4543,4543
SZ,300680,-2.33,4543,5903
SZ,002154,0.79,4542,5618
SH,605299,-3.71,4541,4541
SZ,300291,-3.36,4538,4596
SH,603196,-3.08,4534,8009
SZ,000759,-3.21,4531,4578
SH,688330,0.43,4526,4526
SZ,000428,9.9,4524,4524
SH,688689,-9.92,4523,4523
SH,600715,1.94,4523,6415
SH,603162,-2.89,4522,14747
SH,603610,-2.05,4522,4522
SZ,002573,0.31,4522,4529
SZ,000507,-0.19,4521,4608
SZ,002637,-0.4,4520,4572
SZ,003033,-8.55,4518,4575
SH,603191,-1,4517,4517
SZ,002915,-1.25,4517,5257
SZ,300681,-3.45,4512,5983
SZ,002880,1.07,4511,4511
SZ,002201,-1.82,4509,4881
SH,600088,0.53,4506,4506
SZ,002483,-0.96,4506,4512
SZ,300523,1.73,4504,4504
SZ,002556,0.84,4502,4506
SZ,300292,-2.17,4497,5407
SZ,300797,-0.58,4496,4509
SZ,300219,-1.84,4494,4503
SZ,301306,-5.45,4489,6503
SH,605580,-3.31,4488,4488
SZ,300283,-6.57,4484,6068
SH,600523,-0.62,4481,4484
SZ,000571,-2.64,4477,4615
SH,688601,-7.5,4476,4476
SZ,002632,-1.88,4475,4866
SZ,002884,-0.54,4473,5859
SH,601588,-0.58,4469,5657
SZ,000886,0.66,4469,4519
SZ,002478,-0.79,4466,5567
SZ,301312,-10.73,4465,8876
SZ,000936,0.2,4465,4466
SZ,000417,-0.16,4464,4469
SH,605287,-4.43,4463,4463
SZ,300663,6.14,4457,4631
SH,600207,-1.44,4455,4455
SH,688085,0,4453,4658
SZ,000819,2.19,4447,4489
SZ,301256,-1.37,4445,4445
SH,600382,1.91,4444,4444
SZ,002401,1.27,4441,4445
SZ,002627,3.75,4440,4488
SH,688181,-5.3,4438,4438
SZ,002707,0.98,4437,5041
SZ,300027,0.58,4437,4800
SH,600351,-1.68,4436,4436
SH,603070,-0.08,4435,4435
SZ,002757,-0.05,4434,4645
SZ,301566,-5.82,4433,8400
SH,603387,0,4433,4433
SZ,002194,-1.47,4429,5924
SH,600234,-6.84,4429,4429
SH,601065,0.88,4429,4429
SH,603110,3.48,4427,4427
SZ,300689,-9.33,4427,5030
SH,603980,-3.81,4426,4426
SZ,300259,-3.27,4423,4424
SZ,002651,1.56,4422,8082
SH,600101,-0.73,4421,4421
SZ,301333,-5.24,4418,4423
SZ,000526,9.99,4413,4427
SZ,002543,1.06,4413,4960
SH,603777,-1.78,4411,4411
SZ,300232,-0.98,4410,5415
SZ,300488,-5.22,4410,5197
SH,688609,-1.77,4410,4604
SH,688282,-2.26,4406,4406
SH,688307,-9.4,4402,4402
SZ,001317,-1.93,4401,4405
SZ,300959,-7.59,4400,6758
SZ,002501,0,4398,4402
SZ,001338,1.15,4395,4395
SZ,300441,1.89,4394,4524
SZ,301330,0.22,4390,5317
SZ,300695,-2.62,4386,4386
SZ,300463,0,4385,5394
SZ,002146,0.9,4381,4870
SZ,300917,1.41,4377,4377
SZ,001283,-3.5,4375,5487
SZ,002940,-1.86,4374,4763
SZ,300490,-2.45,4373,4433
SH,605300,2.23,4371,4371
SH,688591,-4.82,4369,6235
SZ,300791,1.31,4368,5238
SH,600283,-0.25,4363,4363
SH,600227,0.89,4357,5759
SZ,301487,-0.8,4357,7340
SZ,000045,-0.51,4355,4827
SH,603558,-0.23,4355,4355
SZ,002291,1.42,4346,4676
SZ,002059,1.61,4345,4475
SZ,000665,0.26,4344,4344
SH,688323,-8.28,4343,4343
SH,688580,-3.17,4342,4342
SH,600658,0,4340,4340
SH,603018,1.15,4333,4333
SZ,001207,-0.12,4331,4486
SZ,000558,0.9,4330,4332
SH,600173,0.82,4329,4329
SZ,000011,5.12,4328,4899
SZ,002787,-9.39,4327,5797
SZ,301529,-10.44,4326,8060
SH,603767,0.65,4321,4321
SZ,300688,5.82,4318,4871
SZ,002728,-1.59,4316,4420
SZ,002026,-0.09,4312,4313
SH,603209,2.13,4311,4358
SH,603060,0.37,4309,4309
SH,688119,-1.28,4309,4309
SZ,000608,-4.14,4309,4334
SZ,002522,-1.64,4308,4312
SZ,000521,0.2,4306,5067
SH,688448,-8.05,4303,4303
SZ,300505,6.34,4299,5437
SZ,002124,-0.45,4299,4844
SZ,002559,-4.36,4299,5475
SZ,300587,0.99,4295,5297
SZ,002746,0.83,4294,5206
SH,600609,0.61,4292,4292
SZ,300016,-2.42,4289,4438
SH,603598,1.02,4286,4291
SZ,301321,-9.83,4285,5412
SZ,300737,-1.82,4285,5363
SZ,300534,7.34,4283,4301
SZ,002824,-8.67,4282,5891
SZ,300592,-4.22,4281,4871
SH,603697,0.91,4281,4281
SZ,000863,-4.41,4281,4345
SH,688639,2.64,4279,4279
SH,603528,0.83,4278,4278
SZ,002641,-0.52,4275,4634
SZ,002454,0.21,4273,4281
SZ,000720,-2.01,4272,4272
SZ,002112,0.68,4272,4794
SZ,301367,-1.35,4269,5452
SZ,002393,-0.48,4269,4384
SH,603216,-4.33,4269,4269
SH,688196,1.57,4269,4269
SZ,000718,0.54,4267,5675
SH,605577,1.91,4267,4267
SZ,300619,-3.73,4264,5065
SH,605028,-1.18,4261,4261
SZ,300847,-1.43,4260,4260
SH,688386,-8.23,4259,4662
SZ,301366,-3.62,4259,7627
SH,600819,2.47,4254,5265
SH,600976,-0.28,4253,4255
SZ,301179,-1.64,4251,7239
SH,688170,-7.34,4250,4250
SZ,300271,1.9,4250,4343
SZ,001208,-4.02,4246,8503
SZ,300561,-0.22,4243,5775
SZ,300147,3.04,4240,4265
SH,600758,-1.82,4240,4244
SH,688057,-6.33,4239,4239
SH,688377,-2.57,4237,4237
SZ,002455,-1.37,4236,4631
SH,603822,-1.6,4233,4233
SH,600168,0,4232,4232
SZ,002540,-0.19,4231,6151
SZ,000078,-3.58,4227,4236
SZ,001359,-9.56,4222,16888
SZ,300697,-5.9,4220,5512
SH,603158,-3.04,4216,4216
SH,688539,-3.07,4209,4209
SZ,000821,-0.7,4208,4335
SH,600288,-3.98,4202,4202
SH,600558,-0.2,4201,4201
SZ,300702,-0.79,4196,6939
SZ,301058,-0.11,4196,4265
SZ,920576,-3.99,4194,4236
SZ,300802,-6.2,4189,5880
SZ,002367,-0.18,4187,4204
SZ,300871,0.88,4183,4183
SZ,300267,-2.64,4182,6064
SZ,002907,-1.42,4174,5191
SZ,300785,1.1,4172,6781
SH,603998,1.82,4171,4171
SZ,002303,-2.92,4167,6600
SH,600880,0.26,4164,4166
SZ,300249,-5.11,4164,5102
SZ,002117,1.02,4162,4164
SZ,301325,-0.47,4161,4161
SH,688691,-6.09,4158,6838
SH,688665,-3.13,4147,4147
SH,688320,-3.13,4144,4144
SH,688236,0.92,4133,5497
SZ,300727,-3.26,4126,4584
SZ,002264,0.96,4120,4556
SZ,920077,-0.65,4118,7996
SZ,300532,-0.14,4117,4329
SH,688228,-0.85,4110,4110
SZ,002919,-3.77,4106,4136
SZ,002427,-0.94,4105,4109
SH,603167,0.34,4100,4100
SH,603666,-2.58,4098,4098
SZ,300210,-1.85,4097,4097
SZ,301362,-9.75,4093,14589
SZ,300149,-3.57,4091,4292
SZ,002490,2.17,4090,6218
SZ,002285,-0.95,4089,4125
SH,600340,0,4088,4088
SH,600729,2.76,4084,9346
SH,603165,0.62,4084,4084
SH,688073,-6.13,4082,4082
SZ,300662,2.56,4082,4094
SH,603916,-1.11,4081,4081
SZ,002443,-0.87,4081,4081
SZ,002235,-1.72,4080,4271
SZ,002758,0,4079,4083
SH,688667,-5.07,4075,4075
SZ,301629,-7.88,4069,8846
SZ,300692,-3.05,4069,4459
SZ,300793,-0.72,4067,4159
SZ,301070,-11.21,4067,6050
SZ,301365,-6.59,4061,6017
SZ,301349,-6.35,4056,5137
SZ,300123,-0.23,4056,4169
SH,603035,1.19,4052,4052
SZ,301370,0.58,4047,4047
SH,603682,0.23,4045,4045
SH,688786,-7.31,4043,4043
SH,600479,0.31,4043,4755
SZ,300018,-3.05,4041,5425
SH,603122,-1.16,4040,4040
SZ,300286,-1.21,4039,4875
SH,600650,1.87,4038,5704
SH,603519,3.27,4038,4038
SZ,300705,1.87,4032,5453
SZ,300648,-2.81,4031,5295
SH,688267,-0.61,4029,4029
SZ,920239,0.36,4028,4077
SZ,301182,-10.2,4025,4414
SZ,301391,-2.79,4023,4118
SZ,300397,-2.27,4020,5099
SZ,300071,6.25,4018,4097
SH,600505,-0.71,4018,4018
SH,688720,-10.59,4017,6300
SZ,301413,-5.41,4015,6725
SZ,300326,-0.52,4014,4015
SH,603016,-0.94,4011,4011
SZ,000016,-1.56,4007,6044
SZ,002480,-1.31,4007,4015
SH,603966,-1.4,4007,4012
SH,603439,-2.54,4006,4006
SH,603206,-1.12,4004,4004
SH,688356,-5.53,4001,4001
SZ,300541,0.29,4000,4434
SH,603072,-0.05,3998,8370
SH,603790,-6.52,3998,3998
SZ,000655,0.45,3995,3995
SH,600152,-1.94,3995,3995
SH,603976,-3.77,3993,3993
SZ,300091,0.83,3990,6935
SH,603967,0.61,3990,3990
SH,603217,-0.09,3985,3985
SZ,300859,2.19,3984,3984
SH,603178,1.26,3981,3981
SH,603960,-1.42,3978,3978
SH,605268,0.11,3965,3965
SH,603097,-0.61,3959,4051
SH,603758,0.11,3959,3959
SH,603271,-3.47,3956,8288
SH,603918,3.64,3954,3954
SZ,002321,0,3950,3967
SZ,002644,0.26,3947,3947
SH,603088,-1.31,3941,4521
SH,600628,1.33,3939,3939
SZ,301116,2.45,3938,3938
SZ,300893,0.13,3936,7421
SZ,002950,0.55,3935,5801
SZ,300355,-0.68,3935,4620
SZ,002612,8.72,3934,6840
SH,688210,-6.01,3933,3933
SH,603689,0.27,3931,3949
SZ,300461,-6.01,3930,4279
SZ,301379,-9.87,3930,4986
SZ,300228,-1.25,3929,4200
SH,600076,1.39,3926,3926
SH,605088,-1.5,3925,3955
SZ,301488,-3.03,3923,9575
SH,603726,-5.46,3923,3943
SZ,002177,3.75,3921,4423
SZ,300105,-10.16,3918,3920
SH,603015,-1.11,3917,3917
SZ,002040,-0.48,3913,3913
SZ,000882,1.42,3912,3914
SH,603681,-5.45,3911,3911
SZ,300206,0.17,3908,6695
SZ,920946,-0.21,3905,3906
SZ,300547,-7.7,3905,4752
SZ,000096,0.79,3903,4034
SH,688115,-9.25,3896,3896
SH,601368,-0.22,3894,3894
SZ,300121,-1.08,3890,4034
SH,688186,0.14,3890,3890
SH,603869,-0.49,3889,3889
SH,688459,-0.11,3888,3888
SH,688350,-5.16,3888,3888
SH,603032,-2.62,3887,3893
SZ,002161,-2.04,3883,3884
SZ,300320,-0.86,3883,4810
SZ,002090,5.29,3882,3906
SZ,002116,0.57,3882,3929
SZ,300586,-5.46,3881,5163
SH,603322,-4.04,3880,3880
SH,603683,-5.28,3874,3914
SZ,002005,0,3872,3873
SH,600530,1.42,3867,3867
SZ,002160,-0.26,3865,3873
SZ,300189,-0.45,3864,4465
SH,600798,0,3861,3861
SZ,301007,-6,3859,3910
SH,600568,1.32,3856,4604
SZ,002765,-0.14,3856,4219
SZ,000919,-0.79,3855,3856
SZ,002553,0.4,3851,5312
SH,605337,1.23,3850,3850
SZ,300712,-0.71,3849,3865
SZ,002520,-2.89,3845,4021
SZ,300882,-0.34,3843,4130
SZ,000523,2.47,3843,5323
SH,600727,-0.81,3843,3843
SZ,300061,0.33,3839,4066
SZ,002774,-9.01,3838,4586
SH,688207,-5.48,3835,3835
SH,603429,-6.03,3834,3834
SZ,300196,-2.5,3834,6345
SH,603661,-3.7,3830,3830
SH,600135,-1.13,3829,3829
SZ,920522,-2.68,3821,4606
SZ,300654,-2.07,3816,3961
SH,600469,0,3815,4655
SH,688633,-1.14,3814,3814
SZ,002788,0.1,3811,3877
SZ,002449,-1.59,3810,3810
SZ,002035,0.83,3809,4128
SH,603222,-2.41,3807,3807
SH,600526,0.69,3806,3875
SZ,920593,-2.92,3806,4480
SH,603150,-6.78,3804,3804
SH,688269,0.45,3803,3803
SH,603676,0.34,3803,3803
SZ,002560,-2.27,3800,4412
SZ,301458,-5.79,3797,8619
SZ,002418,-2.04,3796,3796
SZ,300643,-8.72,3792,3800
SH,605189,3.92,3788,3788
SZ,000906,-0.17,3787,3832
SZ,300022,-0.51,3786,3786
SH,603339,0.25,3784,3784
SH,603318,-6.14,3783,4571
SH,688010,-5.26,3778,3778
SZ,002772,-0.09,3776,3807
SH,603803,-9.01,3773,3773
SH,603719,0.32,3773,3773
SZ,301055,-8.47,3772,3855
SZ,301277,-1.83,3772,3772
SZ,000599,0.44,3765,11263
SH,600222,-2.31,3765,3765
SZ,000850,-0.49,3764,3765
SZ,300317,-5.41,3763,3769
SZ,002989,-6.48,3761,3833
SH,603636,1.09,3761,3761
SZ,001288,-3.23,3760,5788
SH,688379,-7.38,3760,3964
SZ,002688,0.6,3760,3871
SZ,000822,-0.46,3759,3759
SZ,300403,-1.78,3758,5306
SZ,300380,4.13,3756,4083
SH,603912,-1.97,3755,3755
SH,600824,1.42,3752,3752
SZ,002586,-2.26,3752,3948
SZ,300429,-4.36,3751,4987
SZ,300588,-1.06,3750,4061
SH,603315,-4.01,3748,3748
SZ,002564,0.23,3745,3745
SZ,000816,1.17,3743,3762
SZ,300332,-0.21,3737,3899
SZ,000520,-3.39,3735,3735
SH,601188,0,3734,3734
SH,603113,0.46,3733,3733
SH,601113,0,3732,4577
SH,603520,-1.38,3731,3731
SH,603121,-1.95,3731,3731
SH,688796,-14.01,3729,43166
SZ,300183,-1.65,3729,4649
SH,603239,0.73,3722,3722
SZ,001316,-2.89,3722,3994
SH,688298,0.22,3722,3722
SH,605286,-1.33,3720,3720
SZ,000678,-0.11,3718,3718
SZ,301187,2.46,3717,3717
SZ,300700,-8.22,3717,5269
SZ,301230,-5.3,3716,4131
SZ,002589,-0.72,3714,4093
SZ,300767,-1.27,3714,4277
SZ,002228,0.99,3713,3725
SZ,920139,-1.65,3710,3840
SH,600794,0.32,3708,3708
SH,603978,-3.24,3707,3707
SZ,002380,-4.53,3706,6254
SZ,301102,-0.32,3703,3703
SZ,300878,-4.63,3701,3718
SZ,002187,2.13,3701,3701
SZ,300318,-0.2,3701,3815
SZ,002322,0.57,3700,3849
SH,603928,-5.64,3700,3700
SH,688247,-1.2,3699,3699
SH,600725,-7.97,3697,3697
SH,688212,3.55,3688,3688
SH,600960,-0.5,3688,3688
SZ,300481,-2.6,3687,3709
SZ,301075,-5.04,3686,3686
SH,600714,-3.75,3686,3686
SZ,300349,-0.69,3682,4155
SZ,301282,-7.37,3676,4392
SH,605388,10.07,3675,3675
SZ,001380,0.45,3675,4277
SH,600067,-1.48,3674,3674
SH,600576,0.36,3672,5863
SH,688595,-4.92,3672,3672
SH,605162,-5.14,3671,3671
SZ,002554,-2.13,3667,3668
SZ,301160,-7.25,3666,5517
SZ,002328,-2.27,3664,4955
SH,688655,-9.6,3663,3663
SH,688211,-1.78,3663,3663
SZ,300246,-6.57,3661,4580
SZ,000797,0,3659,3660
SZ,000532,0.47,3659,3671
SZ,300004,-3.04,3658,3658
SZ,301045,-9.12,3656,5785
SH,600527,-1.39,3654,3654
SZ,300421,-2.39,3653,4663
SH,603398,-2.99,3651,3651
SZ,002843,-7.94,3648,3670
SZ,002162,0.25,3646,3651
SH,688419,-11.97,3645,3645
SZ,301168,-3.96,3643,4586
SH,603085,-1.18,3641,3641
SH,603933,-0.78,3640,3640
SZ,003004,-9.65,3640,4335
SZ,301252,-1.6,3638,4537
SH,605208,-4.99,3636,3636
SZ,002512,-0.89,3634,3660
SH,600379,-6.21,3632,3632
SH,600805,0.47,3631,3633
SH,688023,-0.74,3629,3629
SZ,002088,-0.54,3628,3653
SZ,300044,-2.3,3627,3873
SZ,300669,-3.06,3626,3829
SZ,300539,-3.75,3626,4461
SH,603615,-0.72,3622,3622
SZ,300901,2.65,3622,3622
SH,603639,2.31,3620,3724
SZ,003019,-4.85,3619,3744
SH,603669,-2.3,3619,3619
SH,605378,3.6,3614,3614
SH,600830,-0.49,3612,3612
SH,603199,1.49,3609,3609
SH,688719,-8.16,3609,4641
SH,688360,-2.07,3608,3608
SH,603607,-3.66,3608,3608
SZ,002469,2.32,3607,3724
SH,688489,-0.87,3606,3634
SZ,002930,-1.41,3606,3811
SH,688291,-5.05,3603,3603
SZ,300711,-2.08,3602,4066
SZ,002786,-1.74,3597,3608
SH,605055,-3.53,3595,3595
SH,688061,-8.23,3594,3594
SH,600734,-2.36,3593,3594
SZ,300231,-1.81,3593,3594
SZ,000518,-2.5,3593,3593
SH,688551,-7.87,3591,3591
SH,688311,-4.69,3584,3584
SH,603126,0.17,3584,3584
SZ,002562,0.23,3579,5028
SH,603551,2.28,3579,3624
SH,603106,2.08,3576,3576
SH,603105,0.42,3575,3575
SH,688768,-0.67,3573,3602
SH,688512,-5.65,3570,5202
SH,603081,-0.81,3570,3570
SZ,300629,-2.42,3568,4138
SH,603559,2.42,3567,3567
SH,603058,-9.94,3566,3566
SH,600860,1.01,3566,4396
SZ,002986,-0.16,3565,4489
SZ,300194,-0.53,3564,4378
SZ,002582,0.19,3563,4634
SH,600127,-0.17,3562,3562
SH,688635,-10.27,3561,18783
SZ,300010,-3.16,3560,4423
SZ,300733,1.84,3559,4827
SZ,300590,-2.25,3557,4595
SZ,300055,-0.34,3557,4703
SZ,300933,-3.98,3556,3556
SZ,301603,-7.38,3556,11379
SH,688588,1.22,3553,3553
SZ,300111,-0.71,3553,3553
SZ,300299,-0.38,3551,3555
SH,603566,0.29,3547,3547
SZ,300491,-11.02,3546,3998
SZ,002886,-3.79,3546,4464
SZ,002333,0,3546,3591
SZ,300557,-5.37,3544,3562
SZ,301376,-6.14,3544,7365
SH,688218,-6.93,3543,3543
SZ,002902,-6.24,3542,4686
SZ,001269,3.55,3540,3540
SZ,003026,-6.84,3539,4597
SZ,002370,-0.62,3534,3534
SZ,300758,-1.3,3533,3919
SH,603386,-4.91,3531,3531
SZ,000713,1.41,3531,4590
SZ,300911,10.1,3530,3777
SZ,000505,0.9,3529,4056
SH,603716,-1.19,3527,3527
SZ,300351,-2.04,3525,5204
SZ,300984,-7.75,3524,5468
SH,603703,-1.27,3523,3523
SZ,300964,-6.29,3521,4798
SH,600333,0.35,3520,3520
SZ,920809,-1.28,3519,4583
SH,603579,0.06,3518,3518
SH,688075,-0.31,3518,3518
SH,600579,-1.24,3510,3510
SZ,002095,2.5,3509,3523
SZ,300606,-5.36,3508,4124
SH,688039,0.54,3507,3507
SZ,000726,-0.16,3507,4864
SZ,301008,-3.89,3506,3971
SZ,000626,-0.42,3501,3521
SZ,301280,-6.62,3500,6741
SZ,001238,1.22,3498,3739
SZ,002596,0,3497,3500
SH,601033,0.34,3497,13113
SH,603421,-2.71,3496,3496
SH,603706,-0.58,3492,3492
SZ,300068,-1.91,3492,3674
SZ,000721,10.02,3489,3908
SZ,300453,-0.09,3487,5059
SZ,300424,-1.01,3486,3488
SH,600834,2.67,3485,3485
SH,603630,1.78,3482,3482
SH,603090,-6.67,3481,3481
SH,603569,0,3476,3476
SZ,300745,-7.03,3475,4116
SZ,002677,-2.01,3475,4070
SH,688033,-1.11,3474,3474
SZ,301609,-6.76,3474,5764
SZ,000965,0,3474,3474
SZ,920799,0.35,3474,6051
SZ,000862,-3.48,3473,5076
SH,688136,-3.04,3472,3472
SZ,300530,-0.92,3472,3472
SH,688533,1.54,3471,3471
SH,688238,-3.24,3470,3479
SZ,300894,20.04,3470,4779
SH,601599,0.34,3470,3470
SH,600506,-0.42,3465,3465
SZ,002693,-0.81,3465,3496
SZ,002609,0,3460,4852
SZ,000716,1.51,3458,3539
SH,688157,-0.37,3458,3458
SZ,300611,-2.26,3455,4918
SZ,002676,-0.82,3449,3449
SZ,002016,0.95,3447,3447
SZ,300407,4.23,3446,4608
SH,603309,-0.33,3444,3444
SZ,300414,-4.01,3443,3580
SZ,301398,-2.83,3441,3530
SZ,300402,0.57,3440,3485
SH,603109,-0.59,3436,3436
SH,603138,-0.57,3434,3497
SH,603291,-0.11,3432,3432
SH,688168,-7.42,3431,3431
SH,603956,-2.89,3431,3431
SH,603324,-8.24,3431,3431
SZ,000868,1.39,3429,3429
SH,603101,-0.81,3425,3425
SH,688569,-0.17,3423,3423
SH,688558,-3.92,3421,3421
SH,600337,-9.5,3420,3420
SZ,301112,-9.38,3417,3417
SZ,002107,-0.98,3417,3452
SZ,301656,0.96,3417,40352
SZ,300200,-0.97,3417,3474
SZ,000407,-0.5,3407,3424
SZ,002462,0.17,3404,3407
SZ,002339,-0.83,3404,3584
SZ,300715,-6.77,3399,4106
SZ,301016,-2.18,3398,3544
SZ,300639,-1.27,3397,3485
SH,603020,-3.31,3396,3396
SZ,301235,-7.6,3390,4543
SZ,002783,1.24,3389,3670
SH,601366,0.57,3388,3388
SZ,300518,-8.35,3387,3388
SZ,300880,-1.86,3386,3386
SZ,002356,-0.76,3383,3383
SH,605158,-0.59,3380,3380
SZ,300190,-1.37,3380,3394
SH,688653,-4.55,3379,4533
SZ,002669,-2.01,3378,3386
SZ,301038,-1.36,3375,3375
SH,603390,0.42,3374,3379
SH,688590,1.18,3370,3745
SH,600980,0,3369,3440
SZ,003000,3.11,3367,4928
SZ,300096,-1.99,3367,3367
SZ,301175,2.46,3364,7963
SZ,002791,0.46,3364,5468
SZ,300448,0.97,3361,3538
SZ,300809,-2.99,3358,5654
SH,688299,-3.94,3357,3357
SH,688148,-0.6,3352,3352
SH,600800,-1.62,3351,3352
SZ,002305,-1.02,3347,3347
SZ,301033,-4.12,3346,3981
SH,605108,3.21,3346,3346
SZ,301310,-6.23,3345,10474
SZ,300099,-1.19,3345,4239
SH,688680,-0.34,3345,3345
SZ,002457,-2.23,3343,3345
SH,605068,9.99,3340,3340
SZ,300399,3.49,3339,3339
SZ,000488,0.51,3338,5795
SZ,002646,4.78,3336,3359
SZ,300290,12.77,3332,3333
SZ,300729,0.9,3332,3461
SZ,002628,-2.42,3332,3346
SZ,002374,0.33,3332,3332
SZ,000659,-1.88,3330,3330
SZ,300471,-0.76,3325,4264
SH,603926,-5.32,3324,3355
SH,600318,0.78,3322,3322
SZ,000903,-0.56,3322,3347
SZ,000782,-4.54,3322,4319
SZ,300434,-3.85,3322,3901
SZ,300632,-6.82,3320,4581
SZ,301085,-6.6,3318,4888
SZ,300736,-1.84,3315,3400
SZ,002818,1.65,3315,8315
SH,688807,-10.8,3314,16570
SH,688098,-2.05,3314,3314
SH,603357,0.34,3313,3313
SZ,002225,-1.68,3311,4046
SZ,300962,-0.23,3311,3311
SZ,000736,0.68,3310,3310
SZ,300213,0,3308,3560
SZ,920819,1.11,3308,3346
SZ,001216,-0.43,3308,3933
SZ,002197,-6.49,3305,3803
SZ,300873,-7.27,3305,4553
SZ,002199,6.87,3305,3484
SZ,000926,-0.46,3304,3345
SH,688602,-0.77,3303,3303
SZ,300021,-0.25,3301,3865
SH,600638,0.41,3300,3300
SZ,002766,0.79,3299,3310
SH,600262,-0.13,3299,3299
SZ,300622,0.07,3297,4823
SZ,300668,-9.88,3297,3981
SZ,002584,-3.42,3293,4114
SH,603759,0.99,3292,3292
SH,603261,-4.79,3289,3289
SZ,001217,2.56,3285,3322
SZ,300494,0.61,3282,4042
SH,688750,-0.69,3282,6517
SZ,301003,-8.36,3281,4242
SZ,002269,1.45,3281,3518
SZ,002412,-4.62,3281,3316
SZ,002109,0.39,3280,3280
SZ,300427,-4.25,3275,3310
SH,603815,1.93,3274,3274
SH,600865,1.87,3273,3273
SZ,301421,-6.13,3273,8179
SH,603813,9.99,3271,3271
SH,600520,-7.02,3270,3270
SZ,300248,1.27,3268,3806
SH,688646,-5.53,3265,5301
SH,688339,-1.87,3264,4010
SH,603535,2.9,3260,3260
SZ,301017,0.56,3260,5111
SZ,300664,-0.43,3256,3380
SZ,003037,-0.72,3253,3253
SZ,300571,-6.85,3249,3921
SH,605077,-1.18,3246,3285
SH,600822,0.86,3244,4062
SH,603396,0.52,3244,3244
SH,601616,10.14,3244,3244
SH,605058,-4.09,3243,3243
SH,600679,0.96,3241,4671
SH,603175,-8.14,3240,31138
SZ,300160,0,3239,3285
SZ,300907,-6.22,3239,3239
SH,603665,-4.12,3239,3239
SZ,000789,0.74,3238,3238
SH,600503,-0.97,3237,3237
SH,603811,-0.97,3235,3235
SZ,300652,-1.38,3235,3604
SH,603014,-1.63,3232,13305
SZ,301289,-0.3,3229,3250
SZ,001221,5.93,3229,16804
SH,601999,0.69,3228,3228
SH,600857,-7.09,3228,3228
SZ,301110,0.25,3227,4587
SZ,002327,1.08,3226,5479
SZ,301551,1.11,3226,8348
SZ,000701,1.05,3225,3228
SZ,301073,-0.43,3222,3523
SZ,002474,0.5,3221,3789
SZ,300559,-1.61,3220,4135
SZ,301311,0.07,3218,3218
SZ,001257,-1.7,3218,43145
SH,605066,-1.22,3216,3216
SH,688443,-2.85,3215,8221
SH,600853,0,3213,3213
SZ,300132,-1.39,3211,3265
SZ,300120,-4.99,3207,3492
SH,603817,0.18,3204,3204
SH,688522,-1.42,3199,7879
SH,600843,-0.14,3195,4857
SZ,300078,0,3195,3208
SH,603788,0.85,3194,3194
SZ,000731,-0.84,3194,3194
SZ,300879,1.15,3192,3214
SZ,000514,0,3189,3189
SZ,301246,-2.33,3189,7500
SH,688302,-4.21,3188,3188
SZ,300836,-12.94,3186,4655
SZ,301315,1.32,3186,3186
SZ,301115,-5.23,3185,3918
SZ,002822,1.36,3185,5811
SH,600327,0,3185,3185
SH,600467,0.46,3185,3185
SH,605398,0.51,3176,3176
SH,603600,1.05,3175,3175
SH,600512,0,3175,3175
SZ,002037,-2.37,3174,3174
SH,688199,-6.86,3171,3171
SZ,300848,-1.56,3169,5357
SZ,301186,-4.91,3167,3369
SH,603987,-0.13,3167,3167
SZ,300466,0.71,3165,3775
SZ,920037,0.67,3162,5172
SH,603948,-0.3,3162,3162
SZ,300822,-0.17,3161,3408
SH,603999,0.74,3156,3156
SZ,300110,-1.1,3154,3157
SZ,300040,-3.78,3151,3918
SH,603210,1.04,3150,4609
SH,600280,1.09,3148,3148
SZ,002178,-0.22,3146,3148
SH,688785,-7.78,3146,15724
SZ,002395,-1.09,3146,3146
SH,603313,-2.12,3144,3144
SH,600731,3.39,3142,3212
SH,603656,0.06,3139,3139
SH,603856,0,3139,3139
SZ,301613,-0.76,3136,5377
SH,603038,-3.3,3135,3135
SH,600622,0.48,3134,3134
SZ,002927,-3.53,3132,3167
SZ,002441,-0.62,3129,4275
SH,688133,-6.53,3128,3128
SH,688398,-2.91,3126,3126
SH,603679,-3.61,3124,3124
SH,603351,-0.77,3121,3121
SZ,002801,-1.09,3119,6184
SH,600716,-1.18,3117,3117
SZ,002365,0.08,3115,3742
SH,600749,1.33,3114,3114
SH,603696,9.98,3112,3112
SZ,300885,-3.46,3112,4623
SZ,301682,-0.62,3109,14711
SH,600354,1.38,3109,3109
SH,688071,1.22,3107,3107
SZ,002889,-3.35,3103,4664
SZ,002369,-2.49,3097,3101
SZ,300551,-0.75,3096,3105
SZ,002672,0,3096,3780
SH,600053,0.14,3095,3095
SZ,001318,-1.34,3095,3095
SZ,002362,-0.26,3091,3640
SZ,300875,1.82,3089,3512
SZ,000931,-1.66,3087,3095
SZ,301408,-1.24,3086,5392
SH,600293,-1.11,3086,3086
SH,603139,-1.93,3081,3081
SZ,301479,-5.04,3081,5382
SZ,002296,-1.21,3081,3456
SZ,300545,-4.65,3079,4776
SZ,000421,-0.18,3078,3079
SZ,300781,1.52,3077,4170
SZ,301223,-0.55,3077,3077
SZ,002451,-0.7,3074,3085
SZ,300241,-3.39,3071,3662
SZ,301602,-0.13,3071,6309
SZ,002055,-2.44,3071,3125
SH,603095,-2.69,3071,3071
SH,605259,0.56,3070,3070
SZ,300193,-1.34,3070,3486
SZ,002571,-1.05,3070,4033
SZ,000788,-0.95,3069,3069
SH,688259,-3.23,3066,3066
SZ,300973,4.83,3064,4376
SZ,000607,0.58,3062,3521
SZ,000037,-2.58,3060,5443
SH,603258,0.32,3055,3073
SZ,301120,-2.25,3054,5175
SZ,000803,0.61,3053,3096
SZ,300801,-4.61,3052,4871
SH,603007,-3.08,3051,3883
SH,603898,-3.6,3050,3050
SH,600228,10.06,3050,3054
SZ,000509,-2.73,3048,3048
SZ,301060,-1.27,3047,3388
SZ,301096,-4.5,3047,4005
SZ,301199,-2.01,3046,3164
SH,605138,0.55,3045,3045
SH,603116,-1.11,3042,3042
SZ,000007,-4.14,3042,3042
SZ,002548,-0.52,3041,3130
SZ,920806,3.48,3040,3040
SH,605186,-3.57,3040,3040
SZ,002686,10.04,3037,3290
SZ,000889,-4.89,3036,3268
SH,603577,-2.18,3035,3035
SZ,300062,-1.77,3034,4170
SZ,301206,-1.47,3034,4712
SZ,300867,-1.05,3033,4302
SZ,300094,1.48,3029,3091
SH,688583,-5.52,3028,8690
SH,688722,-2.66,3025,3025
SZ,001215,-1.57,3025,3033
SZ,300157,-0.47,3025,3169
SZ,301499,-3.27,3017,3017
SZ,300515,-2.72,3016,3076
SH,603316,-6.39,3015,3081
SZ,300247,-1.31,3015,3015
SZ,002021,-1.55,3013,3013
SZ,000546,-0.22,3010,3359
SZ,300798,3.49,3006,3654
SH,688579,-0.12,3004,3004
SZ,300683,-2.99,3004,3221
SZ,301076,-2.56,3002,4490
SZ,301136,0.65,3002,3005
SH,600969,-1.45,3001,3001
SZ,300908,1.33,3000,3549
SZ,002912,0.05,2999,3157
SZ,300521,-4.33,2998,3037
SH,688399,-9.71,2997,2997
SH,688053,-1.11,2993,2993
SH,688317,-0.56,2990,2990
SH,600668,0.14,2989,2989
SZ,300927,1.73,2989,3063
SZ,300289,-0.89,2987,2992
SZ,002735,-3.05,2985,3929
SZ,002286,-0.97,2983,3066
SH,600539,-9.92,2983,2983
SH,688571,-3.29,2982,2982
SH,600738,1.82,2982,2984
SH,600192,3.85,2982,2982
SZ,301662,-4.52,2981,7753
SZ,002175,-1.68,2975,2975
SZ,301500,-1.66,2975,11586
SZ,920047,-2.93,2972,4525
SZ,002724,0,2969,4035
SH,603266,-1.18,2965,2965
SZ,300385,-0.28,2965,3398
SH,688358,-1.33,2964,2968
SZ,301630,-7.49,2961,7905
SZ,301226,-2.88,2958,2958
SZ,300242,7.13,2957,2957
SZ,301259,0.1,2955,4608
SH,688373,-2.38,2953,2953
SZ,301617,-5.15,2953,7439
SZ,002726,4.33,2952,2954
SH,688600,-3.39,2943,2943
SZ,300578,-0.33,2942,2942
SZ,002845,-3.91,2940,3849
SZ,300135,0.31,2940,2940
SZ,300656,-10.88,2937,3782
SH,600684,0,2936,3805
SZ,301169,-9.71,2935,2936
SZ,300542,3.86,2934,3538
SZ,300589,-0.07,2933,4725
SZ,301201,-2.34,2931,4177
SZ,301257,-5.64,2928,3072
SH,688283,-4.33,2926,2926
SZ,000151,0.42,2925,3334
SZ,300310,0,2925,3729
SZ,301535,1.12,2924,7324
SZ,000691,-4.73,2922,4384
SZ,300225,-4.18,2917,2938
SZ,300011,-0.34,2917,3482
SH,601956,0.43,2915,2915
SZ,002849,-4.85,2915,2939
SZ,002394,1.12,2911,2917
SH,603896,0.34,2910,2910
SZ,300352,-1.71,2910,3306
SH,605566,-6.02,2909,2909
SZ,300125,-3.12,2908,5367
SZ,002313,-1.51,2905,2905
SH,688084,-2.56,2899,2899
SZ,002282,0.17,2899,3024
SZ,300600,-1.19,2898,2898
SZ,300608,-1.34,2895,3310
SH,600838,1.55,2894,2894
SH,603798,-4.32,2893,2893
SZ,000530,-0.61,2893,4064
SZ,301028,-2.77,2892,4458
SZ,002933,-0.03,2891,2906
SZ,000798,0.51,2890,2890
SZ,300187,-1.31,2888,2905
SZ,300869,0.18,2885,4396
SH,688636,-3.71,2883,2883
SH,688286,-6.33,2881,2881
SZ,002186,2.96,2881,2882
SZ,300478,-5.52,2881,2881
SZ,300812,-4.98,2879,3173
SZ,002826,-2.62,2876,2969
SZ,003002,0.13,2876,3146
SZ,300553,-10.25,2872,3747
SH,603808,3.14,2870,2870
SZ,300522,-5.29,2865,3511
SZ,301373,-11.13,2864,7617
SH,688015,0.73,2860,2860
SH,688162,-1.36,2860,2860
SH,600156,-3.78,2859,2859
SH,688370,-0.61,2859,2859
SZ,301270,-1.3,2858,3025
SZ,001400,-5.67,2857,5191
SZ,000802,-1.96,2855,2856
SH,603008,-1.14,2854,2854
SZ,300069,-7.19,2851,2851
SZ,300864,-0.71,2851,2851
SZ,301193,-2.26,2849,3726
SZ,000695,-1.14,2848,2976
SH,688171,-3.89,2848,2848
SZ,002168,-1.08,2847,2847
SZ,002086,0,2846,3526
SH,603739,0.45,2844,2844
SH,603278,-2.68,2843,2843
SH,603527,-2.49,2843,2843
SZ,002623,0,2838,2844
SH,605303,-5.37,2835,2835
SH,688682,-2.75,2832,2832
SZ,000897,0,2830,2830
SZ,300238,-2.19,2829,2829
SZ,300946,-0.44,2828,5821
SH,600712,10.06,2828,2859
SH,688163,-8.15,2825,2825
SZ,920418,-0.32,2823,2923
SZ,002521,-0.87,2821,3769
SH,688273,-1.8,2820,2820
SH,688458,-6.26,2819,3354
SZ,300609,-5,2818,2823
SZ,002485,-0.95,2818,2818
SZ,300504,-5.69,2818,3499
SZ,301302,-2.91,2817,3159
SH,600719,-2.1,2816,2816
SZ,300982,-1.42,2815,3005
SZ,002542,-2.43,2814,2890
SZ,001311,-0.74,2813,6410
SH,603958,-3.89,2812,2812
SH,688280,3.05,2811,3187
SZ,300311,0.77,2811,3523
SZ,002314,0.48,2810,5686
SZ,300839,-2.74,2809,2858
SZ,300020,-0.53,2806,2909
SH,688070,-1.91,2806,2806
SZ,002996,-0.8,2805,4097
SZ,000668,-5.9,2805,2805
SZ,300603,-1.82,2804,3486
SZ,002587,-0.93,2802,3443
SZ,002973,-2.85,2802,3604
SZ,002575,-1.23,2799,2953
SZ,300698,-1.94,2799,3164
SZ,301322,-9.34,2799,4150
SZ,300050,-5.16,2799,2801
SZ,002878,0.85,2798,3107
SZ,000910,1.19,2796,2797
SZ,000615,0.33,2794,5398
SZ,002846,10.04,2794,4511
SH,688175,3.49,2792,2792
SH,600419,0.23,2792,2792
SZ,002224,0.29,2790,3121
SH,605588,-5.21,2787,2793
SH,600322,-0.78,2786,2786
SH,688530,-9.71,2786,6391
SH,600594,-1.65,2785,2785
SZ,300932,-1.79,2783,3908
SH,605169,-0.29,2781,2781
SZ,301600,-1.91,2781,9010
SZ,300266,-0.55,2780,2781
SZ,300032,-1.69,2779,2779
SZ,301066,1.62,2779,2800
SZ,300477,0,2775,3002
SH,688618,-5.76,2770,2770
SH,688813,-8.69,2770,14734
SH,600130,-3.65,2768,2768
SZ,000978,1.9,2767,2767
SZ,002811,0.31,2767,3015
SZ,300563,-2.27,2767,3976
SZ,920725,-9.7,2766,5714
SZ,300419,-2.2,2766,2766
SH,600844,-2.6,2764,3416
SH,605080,0.92,2764,2775
SZ,002829,-7.43,2763,3932
SZ,002137,-2.37,2763,4025
SH,600616,2.23,2763,2763
SZ,300511,0,2763,3243
SZ,300510,-2.32,2763,2763
SZ,300359,-1.57,2761,2761
SZ,300746,-0.55,2761,2788
SZ,300239,-0.84,2760,2778
SZ,300243,-6.79,2760,3450
SZ,300329,0.64,2756,2764
SH,603949,-1.49,2754,2761
SZ,300716,-1.2,2752,2752
SH,600265,-0.04,2752,2752
SH,603970,1.89,2750,2750
SZ,002616,-0.84,2749,4021
SH,603518,1.65,2749,2759
SZ,002561,2.16,2748,2757
SH,603202,3.36,2748,8755
SZ,002981,-0.17,2745,3083
SH,688338,-1.89,2745,2745
SH,603500,-2.24,2744,2745
SZ,301158,-2.16,2742,2812
SZ,002148,-1.45,2742,3397
SZ,002823,-1.87,2740,4111
SZ,301213,-2.56,2740,4239
SH,600136,-0.69,2740,2878
SZ,300552,0.9,2740,4322
SH,600249,0.61,2739,2739
SZ,002798,0,2739,3114
SH,603657,-4.02,2738,2738
SZ,300840,-4.15,2736,3708
SZ,003020,-2.4,2736,3704
SZ,002278,-0.64,2734,2961
SZ,300818,-2.62,2733,4219
SZ,002667,8.45,2733,3010
SZ,301051,-6.99,2730,3437
SZ,002692,-1.03,2727,2729
SH,605089,2.65,2727,2727
SZ,300691,-2.75,2726,3323
SZ,002722,0.57,2726,2726
SH,688215,-3.94,2726,2726
SH,688570,-0.81,2725,6270
SZ,300890,-1.02,2724,2980
SZ,000570,-0.4,2723,3458
SZ,300858,0.29,2723,3665
SZ,300234,-0.99,2721,3980
SZ,300086,0,2719,2808
SH,688335,-4.12,2715,2715
SZ,002323,-2.28,2714,2715
SH,600215,2.77,2714,2714
SH,601112,-0.33,2714,25844
SZ,002347,-0.17,2714,2776
SZ,003016,0.3,2712,2775
SH,688229,1.53,2712,2712
SZ,002866,2.33,2709,4328
SH,600791,-4.31,2705,2708
SH,603237,0,2703,2791
SZ,300877,-3.42,2702,2702
SZ,301439,-0.13,2699,5731
SZ,300833,0.39,2698,4199
SZ,300945,2.73,2697,2961
SH,603330,-0.74,2697,2869
SZ,300237,-2.59,2696,2696
SZ,920179,-6.34,2695,3360
SH,603725,-9.97,2695,2695
SH,603585,3,2694,2740
SZ,300381,-0.17,2694,2703
SH,603878,0.63,2694,2694
SZ,301448,-4.54,2693,3974
SZ,301026,-1.91,2692,3727
SZ,301111,-5.07,2691,2691
SZ,300943,-11.02,2691,4111
SH,605500,0.31,2689,2689
SH,600630,-0.77,2689,2689
SZ,000890,-3.6,2689,2689
SZ,301348,-4.51,2689,4159
SH,603903,-3.91,2689,2689
SH,600212,-0.77,2688,3563
SZ,002547,9.95,2685,2741
SZ,000529,0.64,2684,2750
SH,603161,-5.18,2684,2735
SZ,002355,-0.22,2683,2901
SH,601010,-0.66,2677,2677
SZ,300374,0.93,2675,2676
SZ,001299,-1.65,2673,2969
SZ,300831,-3.97,2671,4634
SZ,002689,-0.77,2670,2671
SH,603192,-5.84,2668,3200
SZ,301273,-10.91,2668,3476
SH,600408,-1.11,2668,2668
SH,688152,0.23,2667,2667
SH,688687,-1.13,2665,2665
SZ,002259,-3,2663,2663
SH,603819,-0.15,2663,2663
SZ,301296,0.65,2661,2661
SZ,300175,-0.17,2660,2660
SH,688159,-4.77,2659,2659
SH,603722,-4.1,2659,2715
SZ,301266,-0.14,2656,2799
SZ,300721,-4.9,2651,3158
SZ,300384,0.42,2650,3841
SH,600721,-2.4,2650,2650
SZ,000710,-0.49,2649,2842
SZ,300550,-1.74,2649,2652
SH,688285,-0.27,2649,2649
SH,688557,-1.64,2649,2649
SZ,300425,0,2648,2654
SZ,000419,1.46,2647,2647
SZ,301234,-2.94,2647,4481
SZ,300301,-1.17,2646,2780
SH,603280,0.37,2642,2642
SZ,301568,-9.35,2641,5730
SZ,000812,3.56,2639,2640
SZ,001369,-0.54,2639,14590
SZ,301020,-1.41,2638,2638
SH,600785,-0.59,2638,2638
SZ,300508,-5.61,2638,3507
SZ,002923,-2.47,2635,3419
SZ,300051,-1.09,2634,2667
SZ,301237,-5.9,2634,3618
SH,600250,3.32,2631,2631
SH,688081,-6.13,2630,2630
SZ,300830,0.52,2629,3523
SZ,002725,-3.47,2627,2701
SZ,002476,-0.91,2625,2625
SH,605218,-3.44,2624,2994
SZ,002953,-2.81,2622,4582
SZ,002404,0.17,2619,3220
SH,605166,-0.59,2619,2619
SZ,301305,1.79,2618,5093
SZ,002357,-2.21,2618,2618
SH,601007,1.82,2617,2617
SZ,002917,-0.58,2616,3490
SZ,920735,-0.47,2614,2955
SZ,002663,-0.64,2612,2637
SZ,000017,-1.16,2610,4080
SZ,300479,1.07,2609,2611
SH,688030,-0.4,2608,2608
SZ,300230,-0.47,2607,3367
SZ,002054,-1.58,2607,3274
SH,600537,-1.78,2604,2604
SZ,002425,5.6,2604,2707
SZ,002331,-1.96,2601,2772
SH,603037,-0.4,2600,2604
SZ,300141,-2.66,2600,2633
SZ,301468,-4.57,2597,4506
SZ,301525,0.48,2593,4950
SH,688077,-1.94,2592,2592
SZ,301218,-4.95,2590,4216
SZ,301260,-0.7,2589,6095
SZ,002795,-1.8,2589,2632
SH,603829,-1.76,2589,2589
SZ,301622,0.05,2589,4642
SH,603768,1.21,2589,2589
SH,603863,-2.46,2589,2589
SH,600386,0.63,2589,2589
SZ,000609,-3.25,2588,2660
SH,600735,-1.61,2587,2607
SH,603655,-3.7,2583,2583
SZ,301190,-0.38,2583,3874
SH,603006,-2.02,2581,2581
SZ,002248,-0.23,2577,2577
SH,603458,-7.78,2575,2575
SZ,300860,-0.07,2573,4432
SZ,300795,4.01,2573,4421
SZ,002899,-3.05,2572,2572
SZ,002403,2,2570,2947
SZ,300389,-2.57,2570,4322
SH,603066,-0.67,2568,2568
SH,603048,-2.23,2566,2566
SZ,002863,-0.46,2566,2566
SZ,002363,-0.8,2561,2568
SZ,301151,-5.24,2558,2560
SZ,001218,-1.56,2558,2781
SZ,000809,-1.89,2557,2557
SH,688216,-8.3,2556,2753
SH,605266,1.29,2556,2556
SZ,002921,-0.99,2556,2965
SH,603637,-3.68,2554,2554
SZ,002875,-2.11,2553,2553
SZ,300584,-3.59,2547,3722
SH,603001,-1.54,2546,2546
SZ,002337,-0.45,2546,2549
SZ,000698,0,2546,2655
SZ,301172,-2.82,2544,3439
SZ,300653,0.28,2543,2543
SZ,000019,1.16,2543,7042
SZ,000159,0.38,2543,2543
SZ,001324,-2.89,2539,2539
SZ,002905,-0.81,2537,2732
SH,603628,0.76,2537,2541
SH,603801,-1.51,2537,2537
SZ,300501,-3.78,2537,2545
SZ,300218,0.6,2535,2543
SZ,301608,-1.63,2534,5647
SZ,301419,-5.95,2533,3833
SZ,300445,-5.15,2533,3828
SH,603215,-0.28,2531,2901
SZ,300272,0,2531,3333
SZ,300749,-5.62,2531,3299
SZ,002659,1.93,2531,2531
SH,605033,10,2528,2528
SZ,300936,-10.89,2528,4009
SZ,300279,-1.88,2527,2538
SZ,002903,-6.21,2526,3711
SZ,300537,-5.72,2524,3446
SZ,002578,-0.67,2523,2750
SZ,300386,0.9,2523,4206
SZ,000972,-1.5,2522,2522
SZ,002012,-1.27,2521,2521
SZ,300095,-1.97,2519,3128
SZ,003015,-3.4,2517,2864
SZ,920491,-2.11,2517,3067
SH,688511,-6.23,2512,2512
SZ,002103,2.05,2511,3457
SZ,300887,-0.99,2506,3777
SZ,300052,0.74,2506,2506
SZ,300816,-6.16,2502,3429
SH,603839,0.78,2496,2496
SZ,301255,-1.36,2494,2842
SZ,301565,0.05,2490,7780
SZ,301148,-2.57,2490,4927
SZ,920068,0.21,2489,9395
SH,600257,3.19,2488,2488
SZ,301132,-5.26,2488,3889
SH,688357,-0.23,2486,2486
SZ,002748,-1.51,2486,2486
SH,603586,0.79,2486,2486
SZ,300270,-8.01,2484,2883
SZ,002136,-2.92,2483,2490
SZ,301262,2.21,2483,8482
SZ,000153,-0.17,2482,2514
SZ,300439,0.59,2482,3263
SH,601996,-0.89,2477,2477
SZ,300826,-3.25,2476,2574
SZ,300345,-3.73,2474,2994
SH,603886,0,2472,2472
SZ,002599,-0.16,2472,3233
SH,600671,-1.78,2471,2471
SH,600405,0,2470,2470
SZ,002613,-0.61,2468,3511
SH,600573,2.07,2468,2468
SZ,300942,0.5,2467,2467
SH,688265,-2.13,2465,2465
SH,600858,1.28,2464,2476
SH,603030,-1.57,2463,2463
SZ,002813,0.98,2461,2464
SZ,002453,-0.96,2459,3314
SH,600661,5.28,2459,2459
SH,600538,0.21,2458,2458
SZ,301133,-6.5,2458,2687
SZ,000014,1.6,2457,2457
SH,603076,4.09,2456,2456
SZ,300288,1.27,2455,3234
SZ,300410,-3.6,2449,2449
SH,603159,-4.73,2447,2447
SH,600665,-0.34,2445,2445
SH,600439,0,2445,2445
SZ,002769,0,2443,2445
SZ,300636,0.61,2443,2793
SH,600356,3.42,2441,2692
SZ,301197,-1.57,2440,2705
SZ,000707,1.14,2440,2590
SZ,001388,-5.84,2437,4554
SZ,002962,-3.15,2437,3398
SZ,301631,-4.97,2436,7152
SZ,000504,-2.88,2436,2442
SZ,301149,-0.96,2435,4002
SZ,001300,-1.66,2433,2433
SH,688292,-1.65,2432,2432
SZ,002391,1.75,2432,3404
SZ,001376,0,2432,5236
SZ,002869,-1.59,2429,2728
SZ,002712,2.75,2429,2444
SZ,000565,0.18,2428,2428
SH,688255,-4.57,2428,2428
SH,603633,-1.89,2424,2424
SH,603335,-1.9,2423,2423
SH,603017,-1.12,2422,2422
SZ,300591,-3.35,2422,2803
SZ,301068,-3.66,2421,3410
SH,600358,-1.02,2419,5572
SH,603836,0.93,2418,2481
SZ,300250,1.65,2418,3283
SH,605155,0.47,2418,2465
SH,603059,-0.9,2417,2421
SZ,300824,0.93,2415,2490
SH,688080,-1.02,2414,2414
SH,688589,-2.11,2411,2411
SZ,000892,-3.41,2410,3326
SH,603677,-1.41,2409,2409
SH,603828,-0.73,2408,2408
SZ,002330,0.8,2407,2408
SZ,300577,-0.64,2407,4060
SZ,000545,-1.6,2404,2408
SZ,301082,-0.1,2403,2592
SH,688129,0.05,2400,2400
SH,688137,-1.31,2398,2398
SZ,300889,-3.75,2397,3607
SH,688314,-2.51,2396,2396
SZ,002172,-0.94,2395,2397
SZ,000838,0,2392,2498
SZ,300978,-0.11,2391,3521
SH,600624,-1.94,2391,2391
SH,603136,1.03,2391,2391
SH,603036,-2.76,2390,2390
SZ,300452,-0.4,2390,2821
SZ,002593,0,2388,3424
SZ,301202,-4.42,2387,4089
SZ,300365,-0.42,2385,2795
SZ,300998,-2.93,2383,3036
SH,688765,-4.38,2382,11833
SZ,920571,0,2381,4465
SZ,002952,-2.99,2380,2971
SZ,300631,-0.9,2379,2446
SZ,001219,0.73,2377,2437
SZ,300690,0.14,2373,3517
SH,603602,0.39,2371,2371
SZ,001256,-2.32,2370,3162
SZ,300162,-4.54,2368,2903
SZ,002682,0.48,2368,2368
SZ,300092,0.09,2367,3090
SH,603617,-2.23,2367,2386
SZ,301042,-2.9,2366,2482
SZ,301380,-2.88,2358,2962
SH,603086,2.07,2357,2357
SZ,002098,0.3,2356,2356
SZ,920019,0.21,2356,2956
SZ,003007,-2.05,2353,3875
SZ,002398,0.77,2351,2698
SZ,300948,-6.18,2351,2490
SZ,002855,0,2349,2351
SH,600560,-0.56,2348,2348
SZ,300485,-2.6,2347,4128
SZ,002879,-4.62,2345,3302
SZ,002868,-1.7,2344,3391
SZ,002661,4.54,2344,2461
SZ,000430,0.64,2342,5117
SZ,301658,2.87,2339,9901
SZ,301665,0.67,2339,10103
SZ,301393,-6.37,2336,5738
SH,688468,-0.16,2334,2334
SH,600613,-0.4,2329,2596
SH,603193,2.08,2328,9115
SZ,002853,-6.79,2327,3307
SH,603289,-0.62,2327,2327
SZ,300730,-1.31,2326,2713
SZ,301181,-2.35,2324,2977
SZ,301081,-2.99,2319,2414
SZ,002574,0.46,2318,2318
SH,603320,-2.5,2318,2318
SZ,300993,0,2317,2952
SZ,001282,0.4,2315,3368
SZ,300163,-1.16,2315,2403
SZ,300796,0.94,2315,2315
SZ,002184,0,2312,3385
SZ,002816,-0.76,2312,2312
SZ,301025,0.6,2311,3339
SZ,300647,-1.36,2306,2309
SZ,300898,-2.84,2305,2491
SZ,300829,3.89,2304,3341
SH,605199,1.95,2301,2301
SZ,920402,-3.65,2300,3558
SH,603917,-1.13,2299,2299
SZ,920002,2.83,2298,3282
SZ,002442,-1.26,2295,2351
SH,603042,-4.09,2294,2294
SZ,002343,0.62,2293,2293
SH,688529,0.66,2292,2292
SZ,300154,-3.19,2291,3268
SZ,301313,-4.98,2290,3016
SZ,300952,-2.95,2290,3723
SZ,301669,-6.64,2288,13411
SH,688455,-2.85,2287,2287
SZ,002576,0.21,2286,2330
SZ,300172,-0.67,2285,2957
SZ,000554,0.32,2285,3037
SZ,301221,-0.53,2284,3360
SZ,001333,-0.49,2284,2284
SH,603895,-3.51,2283,2283
SH,603779,-0.14,2281,2281
SZ,300366,-1.14,2281,2613
SH,600463,0.4,2280,2280
SZ,000669,-1.75,2279,2279
SZ,002932,-0.4,2279,3395
SZ,001210,-2.83,2279,3750
SZ,003032,10.03,2279,3224
SH,600793,-0.84,2279,2279
SZ,000055,-0.87,2278,3619
SZ,002388,-8.9,2278,2298
SH,603331,-2.75,2276,2276
SZ,002983,-3.15,2276,3963
SH,600187,-2.07,2275,2275
SZ,001201,0.27,2274,2910
SZ,301397,-4.86,2274,4971
SZ,300269,-2.91,2271,2363
SZ,300340,0.73,2270,2287
SH,688560,1.71,2269,2269
SZ,300585,3.27,2267,2267
SZ,002702,10.02,2266,2745
SH,603332,0.1,2263,2263
SH,603909,1.17,2263,2263
SH,603838,-1.25,2263,2263
SZ,002700,-2.12,2260,2283
SH,688500,-2.13,2259,2291
SZ,920190,-6.42,2258,2271
SH,603180,1.53,2258,2258
SZ,300560,-3.81,2257,2773
SZ,301337,-1.5,2255,2305
SZ,300667,-2.89,2255,2673
SZ,001205,2.04,2253,2544
SZ,300354,-2.9,2249,3826
SH,603797,-0.25,2249,2249
SZ,300173,-0.96,2248,2248
SZ,002496,-0.51,2244,2864
SZ,301281,-2.88,2243,3423
SZ,002729,-3.1,2242,2338
SZ,301122,-4.32,2242,3623
SZ,300965,0.02,2241,2486
SZ,000635,-0.64,2238,2404
SZ,300281,0.18,2237,2359
SH,600359,0.86,2236,2236
SH,688056,-7.06,2235,2235
SZ,300334,-3.13,2235,2235
SH,603787,0.73,2235,2235
SZ,301283,-0.23,2235,2843
SZ,300988,-4.1,2234,2714
SZ,300805,-0.38,2232,3285
SZ,300536,-3.42,2232,2232
SZ,301059,-1.18,2231,2496
SH,601083,1.5,2228,14856
SZ,000573,-2.21,2228,2247
SH,688246,-2.52,2226,2226
SH,600992,-2.77,2225,2225
SZ,002976,-3.53,2225,3557
SH,603700,-0.35,2220,2220
SZ,002069,0.32,2216,2219
SZ,300264,-3.07,2215,2577
SZ,300891,-0.44,2214,2656
SH,603557,-5.58,2213,2213
SZ,301185,1.01,2213,2449
SH,600854,-0.22,2213,2213
SH,688619,-1.15,2212,2212
SZ,300920,-4.5,2210,3327
SH,603188,-1.52,2207,2207
SH,600753,-4.09,2206,2206
SZ,300987,0.87,2200,2200
SZ,002084,-0.86,2198,2203
SH,603818,-0.61,2197,2197
SZ,301027,-4.32,2195,2662
SZ,002852,1.05,2192,2638
SZ,002660,-0.46,2192,2279
SZ,300422,0.24,2191,2264
SH,600182,-0.3,2188,4376
SH,603488,-1.05,2187,2187
SH,603307,1.12,2187,2222
SZ,002991,3.23,2186,4080
SZ,002397,-1.45,2183,2520
SH,600831,1.99,2183,2183
SZ,300275,0.25,2183,2476
SH,603096,0.5,2182,2182
SH,688479,-2.99,2182,5077
SZ,301092,-6.22,2182,4816
SZ,002871,-6.64,2178,3675
SZ,301119,-2.42,2177,2692
SZ,301108,-2.24,2173,3772
SZ,002377,-2.34,2172,2282
SZ,002763,1.56,2171,2931
SZ,300411,-0.13,2170,2854
SZ,301588,-10.57,2170,3516
SH,688367,-1.5,2169,2169
SZ,300583,0.43,2167,2208
SH,688201,0.29,2166,2166
SZ,300701,-1.7,2162,2410
SZ,002861,-0.68,2161,2681
SZ,300107,-0.15,2161,3501
SH,603378,-1.55,2160,2160
SZ,300703,3.26,2160,2343
SZ,301195,-0.6,2157,3249
SZ,300562,-3.29,2155,2822
SZ,300025,-0.92,2153,2162
SH,688244,2.08,2150,2150
SH,603382,9.99,2148,3371
SH,688310,-3.32,2148,2148
SZ,001367,-1.72,2146,2687
SZ,300512,0.46,2144,2709
SZ,300546,-1.72,2144,2982
SH,603536,4.22,2141,2157
SZ,300771,0,2140,2717
SH,600833,0.1,2139,2139
SZ,920261,1.83,2139,3887
SZ,002908,0.76,2137,2865
SZ,300235,-0.08,2137,2648
SH,600965,1.16,2137,2137
SH,603021,-2.62,2134,2134
SZ,301088,0.27,2134,2587
SZ,301106,-2.92,2133,2133
SZ,301002,-6.35,2128,3379
SH,603117,1.14,2127,2127
SZ,001228,-0.29,2127,2766
SZ,000548,0.95,2127,2127
SZ,002058,-4.12,2127,2132
SZ,001368,-1.49,2125,2224
SH,600423,-1.11,2125,2125
SZ,300205,-1.78,2124,2124
SH,688581,-0.72,2124,4165
SZ,300426,0.19,2124,2392
SZ,300991,-5.22,2121,3315
SZ,301046,-6.15,2121,2746
SZ,000752,0.37,2121,2121
SZ,300800,0.56,2120,2143
SZ,301011,1.19,2119,2232
SZ,300732,0.18,2117,2120
SZ,002775,-4.95,2114,2349
SZ,301677,192.85,2108,9834
SH,603102,0.7,2107,2107
SH,605003,-2.53,2107,2107
SZ,002732,2.91,2106,2116
SZ,300658,-2.75,2105,3171
SZ,300198,-0.96,2104,2115
SZ,300921,-3.63,2103,3335
SZ,002420,-1.13,2100,2135
SZ,001390,-0.1,2100,3536
SZ,301279,-3.24,2100,2712
SH,603172,0.58,2099,2099
SZ,001223,-4.59,2099,3927
SZ,002234,0.72,2095,2425
SH,603407,-7.27,2092,23755
SH,600281,0,2088,2088
SH,603721,-0.05,2088,2088
SZ,301019,-0.2,2087,2847
SZ,920971,-3.17,2087,2532
SZ,301040,-0.98,2086,2211
SZ,002890,-3.72,2085,2193
SZ,301531,-7.17,2084,9769
SH,603091,1.28,2083,6773
SZ,301043,-4.02,2082,2494
SH,688623,-4.6,2081,5011
SZ,000826,-4.57,2081,2081
SH,603937,-1.86,2081,2081
SZ,002806,-6.78,2081,2539
SZ,301592,-4.76,2080,6233
SZ,002114,-0.76,2079,2079
SH,600232,-0.86,2079,2079
SH,688113,-1.58,2079,2079
SZ,002329,-3.03,2079,2655
SH,688648,0.03,2077,4062
SH,600302,-3.53,2076,2076
SH,688369,3.15,2074,2074
SZ,003023,-0.39,2073,2077
SZ,300956,-1.98,2073,2122
SZ,301332,0.26,2071,3609
SZ,002723,-1.79,2070,2170
SH,688718,-1.97,2069,2069
SZ,300103,-0.45,2069,2071
SZ,002492,-1.51,2069,2106
SH,603238,1.04,2068,2068
SH,603373,-3.26,2067,4892
SH,603578,-0.25,2067,2682
SZ,003001,-7.04,2065,3152
SZ,002614,0.21,2065,2919
SH,603151,1.01,2064,2064
SH,600148,1.6,2063,2063
SZ,301118,0.62,2063,2144
SZ,000955,-0.77,2062,2062
SZ,300694,-3.64,2062,2064
SZ,920344,-1.19,2061,2207
SZ,300612,0.35,2059,2070
SZ,300752,-4.55,2053,2970
SH,605258,-3.7,2053,2053
SZ,300464,-4.45,2053,2701
SH,603381,0.28,2052,3426
SZ,301356,-8.52,2051,3497
SH,603079,0.93,2049,2049
SZ,300884,-0.08,2048,2716
SZ,301125,-1.93,2048,2310
SZ,301563,-6.15,2045,9047
SZ,301220,-1.2,2045,2962
SZ,002319,-3.83,2044,2044
SH,688693,-9.08,2043,3869
SH,600241,-2.38,2042,2042
SZ,002887,-2.88,2042,2876
SZ,300575,8.27,2040,2819
SH,603377,-1.04,2038,2038
SZ,300922,2.93,2038,2598
SZ,301178,-4.07,2037,2761
SZ,300940,-2.11,2036,2879
SH,688737,-1.32,2035,2035
SZ,300375,-1.03,2035,2919
SZ,300808,-3.38,2031,2733
SZ,002771,-0.76,2028,2437
SZ,300947,2.76,2028,2028
SZ,301251,-8.4,2026,5054
SZ,001365,-2.75,2025,18491
SH,688727,-7.08,2024,16836
SZ,300484,-1.45,2021,2517
SZ,002671,-0.26,2018,2055
SH,605001,-0.38,2016,2016
SH,603959,-2.6,2015,2015
SH,688197,-7.16,2014,4680
SZ,002836,0.34,2014,2014
SZ,300778,0.61,2014,2014
SH,600381,1.48,2014,2014
SH,603183,-2.63,2013,2013
SZ,301317,-9.64,2013,6063
SZ,002825,-0.24,2012,2681
SZ,301072,-6.19,2009,3144
SZ,002864,-1.44,2006,2782
SZ,300387,0.73,2002,2003
SZ,300295,5.1,2002,2266
SZ,002076,-0.51,2001,2130
SZ,301089,-2.16,2000,2798
SZ,301331,-3.36,1999,2004
SH,688066,-2.43,1999,1999
SH,603321,-0.67,1998,2024
SZ,002942,0.07,1995,2236
SZ,920017,-0.66,1994,2016
SH,600540,-0.86,1994,1994
SZ,300719,-1.15,1992,2819
SZ,002666,0.51,1988,3128
SZ,301371,0.27,1988,13289
SZ,920208,-0.23,1987,2295
SZ,002679,0.48,1985,1985
SZ,300753,-4.23,1985,2846
SZ,301225,-8.34,1984,6499
SZ,002998,-0.4,1983,2601
SZ,000679,-1.06,1982,1982
SH,603023,-1.65,1981,1981
SZ,002295,-1.48,1981,1982
SH,603262,-2.41,1978,7584
SH,603089,-0.35,1978,2272
SH,603329,1.05,1977,2395
SZ,300565,-2.58,1974,2160
SZ,002767,-4.47,1973,2273
SZ,002857,-1.02,1972,2004
SZ,301079,-2.83,1972,2780
SZ,920060,-2.2,1970,3159
SH,688517,-1.76,1970,1970
SZ,000586,-2.91,1967,1990
SZ,002633,-1.86,1966,1973
SZ,300509,0.51,1964,2356
SH,603375,-5.4,1962,3097
SZ,002848,-3.18,1959,1979
SZ,301628,-4.43,1957,5293
SH,603968,0.21,1957,1957
SH,603326,-0.32,1957,1957
SZ,301290,-3.98,1955,2461
SZ,000995,8.57,1955,1955
SZ,000605,0,1954,1954
SZ,300849,-1.71,1951,2654
SH,605069,-4.45,1950,1950
SZ,000953,-1.11,1948,1948
SZ,300774,-1.23,1947,3900
SZ,000692,-2.66,1945,1945
SZ,000757,-0.81,1944,1944
SZ,002918,-3.29,1943,3708
SZ,300165,-4.35,1939,2284
SZ,002893,0.21,1939,2520
SZ,300350,-0.23,1938,2310
SZ,301387,-8.03,1937,4871
SH,600371,1.22,1937,1937
SZ,300513,0,1936,2114
SH,600615,-0.11,1935,1938
SH,600159,0,1934,1934
SH,600097,0.5,1932,1932
SZ,300931,-9.52,1930,2400
SZ,300786,-5.72,1927,2422
SH,603900,1.08,1926,1927
SH,603176,-0.47,1926,1982
SZ,300097,-6.3,1925,2057
SH,688355,-0.5,1925,1925
SZ,002133,0,1925,1935
SZ,000590,-0.49,1924,1925
SZ,300970,-1.49,1924,2493
SZ,920978,0.11,1924,3431
SH,600706,4.41,1923,1931
SZ,300211,0.16,1922,1957
SZ,300240,-0.18,1922,1966
SH,600128,1.43,1920,1958
SZ,002615,-0.93,1918,3555
SZ,002687,-6.25,1918,2342
SZ,300853,-4.92,1914,2861
SZ,300597,0.28,1913,1922
SZ,300176,-0.59,1913,1913
SZ,002900,0.59,1913,3755
SH,600491,0.81,1912,1912
SH,600802,-0.23,1911,1911
SH,688132,1.05,1910,1910
SZ,002253,1.91,1908,2051
SH,600774,1.41,1908,1909
SZ,002995,3.29,1908,3011
SZ,002999,0.73,1907,1929
SH,600807,-0.81,1905,2141
SH,603168,-0.57,1904,1912
SZ,920111,-2.08,1902,3919
SZ,300912,-2.97,1902,2519
SZ,920879,1.61,1901,2541
SZ,300844,0.91,1900,1971
SH,688613,-0.28,1900,1900
SH,603182,0.09,1899,1899
SH,603982,0.36,1898,2041
SZ,002105,-0.94,1895,1904
SH,688038,-5.56,1895,1895
SZ,300710,-4.32,1894,2527
SZ,301335,4.09,1891,2734
SZ,301103,0.84,1890,2456
SZ,300807,2.19,1890,2475
SZ,300106,-3.45,1889,1889
SH,603385,-0.39,1888,1888
SZ,300074,-0.57,1886,1888
SZ,000952,-0.53,1885,1885
SZ,000633,-1,1883,1883
SZ,920247,-0.93,1883,2596
SH,688060,-0.53,1877,1877
SZ,300980,-5.02,1876,2634
SZ,301528,-8.52,1874,3637
SZ,300637,-3.38,1874,1876
SZ,301212,-1.42,1873,2158
SH,688203,0,1873,1873
SH,605180,0.54,1873,1873
SH,600444,0.87,1868,1868
SH,688251,-1.93,1867,1880
SZ,920189,-5.16,1867,3111
SZ,000909,-2.73,1865,1865
SZ,300649,-8.43,1864,2327
SZ,920961,-3.02,1864,2561
SZ,301299,0.97,1863,2524
SZ,001259,-6.3,1863,2883
SZ,300659,2.4,1860,2560
SZ,301052,0.39,1860,2295
SH,688013,-0.03,1857,1857
SH,603616,-1.82,1856,1870
SZ,300423,0.36,1856,2771
SZ,002656,-0.73,1854,1924
SH,600238,0.48,1852,1865
SZ,002486,0,1846,1855
SH,688755,-0.42,1845,2643
SH,603208,-0.18,1843,1843
SH,600678,-2.57,1843,1843
SH,688272,-2.72,1841,1841
SZ,001230,-3.12,1840,3142
SZ,002622,-1.34,1840,1840
SH,688096,1.42,1837,1837
SH,600107,-3.59,1832,1832
SZ,002598,-0.15,1831,1994
SH,603282,0,1831,1831
SH,600892,-0.6,1829,1829
SZ,002524,-0.82,1828,1845
SZ,301428,-1.49,1827,2589
SH,600235,0,1827,1827
SZ,300897,-2.48,1820,2916
SZ,301117,-3.85,1820,2841
SZ,002742,0,1818,2374
SZ,001237,-1.31,1818,7737
SZ,000705,-0.3,1816,2152
SH,688721,-6.46,1816,4532
SZ,300437,0.87,1816,2562
SZ,300412,-0.5,1815,1931
SH,603418,0.16,1815,8472
SZ,300967,-0.4,1815,2727
SH,603810,0.27,1814,1814
SH,603041,-0.39,1813,1813
SZ,002159,1.87,1810,2317
SZ,300817,-1.09,1809,3152
SZ,300150,-0.25,1808,2282
SZ,002873,-1.17,1807,1841
SH,605336,-1.78,1807,1807
SH,603922,-0.29,1806,1806
SH,603325,-0.31,1806,4227
SH,600099,1.23,1806,1806
SZ,920914,-0.48,1805,1806
SH,603506,0.95,1803,1803
SH,600303,0.76,1802,1818
SZ,300780,-7.09,1800,2455
SZ,300902,0.49,1797,2618
SZ,300906,-2.19,1795,1987
SZ,002968,-0.23,1794,1905
SZ,002569,-9.97,1794,1845
SZ,300881,-1.69,1793,3435
SZ,002753,0.5,1790,2594
SZ,001234,1.4,1789,2124
SZ,002800,-1.13,1789,1842
SH,603400,4.69,1788,6407
SZ,002205,-0.3,1788,1788
SH,603214,0.86,1784,1784
SZ,920339,-0.75,1784,2598
SZ,920405,-1.28,1784,2290
SH,600768,-0.96,1783,1783
SH,688811,-5.37,1781,9697
SH,603880,-3.29,1780,1780
SZ,001356,-0.11,1780,4956
SZ,002909,-0.63,1780,1825
SZ,002551,0,1779,2460
SH,603825,-0.7,1778,1778
SZ,002652,-3.33,1777,1777
SZ,300543,0.57,1776,2175
SZ,301161,-5.5,1774,2758
SZ,301318,-0.67,1773,2575
SZ,920125,-8.31,1771,6034
SH,688616,0.71,1770,1770
SZ,300743,0.65,1766,2096
SH,600080,-1.86,1766,1766
SH,603028,-0.63,1765,1783
SZ,001255,-0.9,1764,1986
SH,688193,1.92,1764,1764
SZ,002820,0.92,1764,1764
SZ,002778,-1.51,1763,1781
SZ,300941,1.64,1761,2914
SZ,001360,-1.4,1761,2862
SZ,301077,-1.91,1759,3133
SZ,300665,-2.17,1757,1850
SZ,301309,0.45,1756,2914
SZ,001260,-1.22,1756,1756
SZ,002817,0.5,1755,1810
SH,688118,1.13,1753,1753
SZ,300883,0,1753,1834
SZ,300396,-0.15,1748,1751
SH,605122,-0.77,1748,1748
SH,688004,3.61,1748,1748
SZ,300076,-1.19,1747,1747
SZ,002634,-1.98,1747,1814
SH,600202,-0.43,1744,1744
SZ,002630,-1.21,1744,1913
SZ,300675,0.42,1742,1742
SZ,300916,-2.55,1741,2696
SZ,300644,-1.59,1740,2184
SZ,002715,-1.7,1740,1740
SH,600165,-0.83,1737,3830
SH,688420,-0.7,1737,1737
SH,688189,-2.75,1732,1732
SZ,001366,0.47,1732,1732
SZ,300650,-2.58,1731,2453
SZ,301180,-3.12,1730,4216
SZ,002762,0,1729,2896
SZ,301599,-4.26,1728,13634
SZ,300254,-1.29,1723,1950
SH,600149,-1.08,1722,1722
SZ,002696,-0.38,1721,1781
SH,603879,2.13,1721,1721
SH,605177,-1.16,1721,1737
SH,603285,-9.04,1716,4408
SZ,301024,-4.45,1714,1771
SH,688026,0.08,1713,1714
SZ,001211,-2.49,1712,1834
SH,603092,1.31,1712,19804
SZ,003030,-0.79,1711,2638
SZ,002856,-5.34,1710,1867
SZ,002760,-1.85,1709,1709
SH,688716,-3.54,1709,2974
SZ,920510,-9.94,1708,3347
SH,600847,-2.27,1708,1708
SZ,300645,3.11,1707,1741
SZ,300651,-0.65,1705,2329
SZ,003017,-1.01,1700,2061
SZ,001206,-2.74,1700,2942
SH,688395,-1.1,1697,1697
SZ,301585,-1.65,1697,2591
SZ,920699,-8.27,1696,3707
SZ,002535,0.44,1694,1820
SZ,000056,-1.57,1690,2211
SZ,301596,-4.72,1687,4157
SZ,002862,1.79,1686,2222
SH,688092,-0.82,1683,1683
SZ,002209,0,1683,2180
SZ,001266,-5.85,1682,2998
SZ,300929,-1.1,1681,1772
SZ,001285,0.7,1681,7299
SZ,300030,-0.79,1680,1908
SZ,002780,0.94,1679,2125
SH,603402,2.28,1679,6715
SZ,300081,-0.71,1675,1675
SH,688051,1.07,1674,1674
SH,601026,-0.45,1673,9931
SZ,300989,2.91,1673,2162
SZ,301056,0.11,1672,2534
SH,688670,-0.14,1672,1672
SZ,301198,-1.71,1671,1741
SZ,003038,0.79,1671,2483
SH,605567,0.97,1670,1670
SZ,301010,0.26,1670,1670
SH,688657,0.36,1669,2668
SH,600272,0.19,1669,2739
SH,603709,-0.86,1669,1675
SZ,301062,1.51,1668,2626
SZ,000911,-0.71,1665,1665
SZ,002529,-0.3,1664,1664
SZ,301138,-1.41,1661,2908
SZ,001233,1.45,1658,8177
SZ,300717,-3.32,1658,1673
SH,600082,-2.24,1656,1686
SZ,002381,-0.18,1649,2107
SZ,002877,-0.72,1645,2434
SZ,301520,-2.96,1643,4683
SZ,301556,0.98,1643,4754
SZ,300787,3.08,1643,2620
SZ,920476,-2.67,1642,1735
SZ,300169,1.12,1641,1847
SZ,000639,-2.55,1641,1641
SZ,301590,-3.98,1641,3963
SZ,300966,-5.03,1633,2455
SZ,300992,-4.02,1632,1995
SH,600448,0.78,1631,1631
SZ,300854,6.48,1630,1999
SZ,300642,-1.08,1629,1920
SH,688288,-0.6,1628,1628
SZ,001222,2.64,1627,2749
SH,603270,-4.52,1624,5031
SZ,301557,-6.92,1620,4041
SZ,300707,0.71,1620,1966
SZ,301057,2.67,1620,2338
SZ,002198,0,1619,1619
SZ,300556,0.14,1609,1803
SH,600137,0.79,1609,1609
SZ,002211,-6.05,1609,1609
SZ,300305,-1.37,1607,1877
SH,603908,0.88,1606,1606
SH,600883,0,1605,1605
SZ,002858,0.09,1605,2033
SH,603860,0.04,1601,1601
SH,688393,-0.51,1598,1598
SZ,300923,3.72,1598,1645
SH,600180,-3.28,1597,1597
SH,600119,0.46,1596,1596
SZ,920839,1.62,1595,2891
SZ,301030,-4.82,1593,1595
SZ,000619,0.91,1591,1950
SZ,300971,-1.81,1589,2025
SZ,301041,-5.41,1585,2141
SZ,920015,-6.08,1585,5370
SH,688681,-1.23,1585,1585
SH,600778,0.2,1584,1585
SZ,300950,3.6,1582,2478
SZ,920088,5.2,1581,4277
SZ,300245,-0.36,1580,1641
SZ,920106,1.06,1580,2048
SZ,920021,1.11,1579,1971
SZ,300876,-3.39,1577,2115
SZ,003027,-1.63,1577,1966
SH,603435,-4.84,1575,20263
SZ,300472,1.75,1574,1762
SZ,300837,-0.99,1571,2078
SZ,301388,-1.13,1571,2214
SH,688296,0.07,1570,1570
SH,600697,1.71,1569,1607
SZ,301063,0.37,1566,1691
SH,603255,3.57,1565,3472
SZ,003005,0.65,1564,2851
SZ,920892,-0.18,1564,1767
SH,603312,0.23,1564,4915
SH,603022,-0.37,1564,1564
SH,603717,0.37,1564,1564
SZ,002802,-0.09,1563,1892
SZ,301667,20,1562,7350
SH,603231,0.48,1561,2813
SZ,920178,-9.08,1560,5343
SZ,300538,-2.78,1558,2343
SZ,301141,-1.23,1557,4337
SZ,001268,-4.34,1557,2487
SH,603120,-2.2,1557,3713
SZ,002743,-0.82,1556,1558
SZ,300462,-1.65,1556,2042
SZ,920509,-3.39,1553,2964
SH,688435,2.78,1552,2312
SH,688058,3.13,1550,1550
SZ,002360,-2.05,1549,1912
SZ,301361,-1.92,1549,3199
SZ,300195,-1.19,1547,2089
SH,688078,0.67,1541,1541
SZ,002972,-8.91,1540,2814
SZ,300112,-0.14,1537,1863
SZ,002629,-0.69,1536,1807
SZ,920087,0.75,1535,1546
SZ,000663,-0.39,1535,1687
SZ,300610,1.2,1530,1960
SZ,003042,1.39,1528,1765
SH,688509,-0.74,1528,3057
SH,603395,0.86,1521,6084
SZ,002495,0.46,1520,2049
SZ,920174,-0.5,1518,5902
SZ,301538,-2.98,1518,3812
SH,688466,1.06,1517,1517
SH,600796,0.41,1517,4220
SZ,300313,-1.78,1516,1842
SZ,300519,-2.05,1515,2125
SZ,000929,1.5,1512,1512
SZ,002566,-0.14,1511,2158
SH,603789,-3.48,1508,1538
SZ,300616,-0.81,1507,2180
SZ,301509,-2.99,1504,3192
SZ,002949,1.13,1501,1937
SZ,002982,0.52,1500,2343
SZ,000632,1.26,1499,1499
SH,688759,-6.38,1498,9365
SZ,001209,-0.12,1497,2049
SH,603257,-3.86,1497,7213
SZ,301121,-5.12,1495,2921
SZ,301032,-0.73,1495,2255
SZ,301135,-0.86,1494,1920
SZ,003028,-0.37,1493,3044
SZ,301065,-0.28,1492,1833
SZ,300937,-3.03,1491,2199
SZ,301336,-0.34,1489,1925
SZ,300961,-0.7,1486,1734
SZ,301360,-4.59,1483,3039
SZ,301456,-0.54,1482,3288
SZ,301680,0.11,1479,7286
SZ,300614,-1.49,1478,1478
SH,600493,-1.09,1472,1472
SZ,002835,-0.08,1471,2537
SZ,301022,0.23,1469,2176
SZ,301383,-1.18,1469,3396
SH,600689,-0.51,1469,1940
SZ,301159,-0.92,1467,2141
SZ,300935,4.33,1467,1934
SZ,301587,-2.77,1467,2942
SZ,001395,-0.13,1467,3198
SZ,301548,-6.43,1466,4862
SZ,920026,-2.36,1461,1939
SZ,002207,-1.05,1461,1468
SZ,301152,-1.48,1459,2441
SH,600561,0.39,1457,1457
SH,688565,-2.6,1455,1455
SZ,300892,-3.38,1454,2252
SZ,300625,-0.21,1453,2506
SH,603272,-6.9,1452,1452
SH,600692,1.25,1451,2002
SZ,301595,-2.76,1450,3844
SZ,002790,0.36,1449,2323
SZ,920010,0.48,1449,1958
SZ,002227,-1.82,1449,1460
SZ,301229,0.54,1448,2036
SZ,300995,-2.29,1445,2192
SZ,300306,0.11,1444,2464
SZ,301618,-2.91,1440,3776
SZ,300500,0.47,1433,1487
SZ,001202,-0.72,1429,2039
SZ,300514,0.23,1426,1780
SZ,301067,-6.68,1423,2168
SZ,301390,2.48,1421,1738
SZ,301581,-3.92,1418,2682
SH,603275,-1.58,1415,5069
SZ,301636,0.08,1415,2425
SZ,300554,-3.13,1414,2042
SZ,002910,-3.04,1413,1615
SZ,301558,0.47,1411,5072
SH,688793,1.22,1411,1411
SZ,002977,-1.89,1408,2538
SZ,301683,2.98,1407,6225
SZ,920751,2.12,1401,1464
SZ,000677,-2.98,1400,1400
SH,600818,-0.67,1399,1890
SZ,301036,0.25,1397,1984
SH,600243,-2.44,1396,1396
SZ,920371,1.56,1395,1471
SZ,002694,-2.01,1394,1480
SZ,301166,0.04,1392,2126
SZ,300268,-2.34,1388,1808
SZ,300314,-0.4,1384,2773
SZ,301107,-3.98,1384,2393
SH,688528,0.12,1383,1383
SZ,002316,-0.97,1380,1592
SZ,300813,-0.48,1377,2195
SZ,002789,-1.89,1377,1405
SZ,300167,0,1374,1615
SZ,301508,0.65,1373,5277
SZ,301023,-2.88,1373,2475
SZ,002620,-2.24,1372,1638
SH,688659,-1.82,1371,1371
SZ,300605,20.04,1370,1790
SZ,300977,-1.15,1370,2200
SH,688021,-1.26,1368,1368
SZ,920953,7.08,1367,2925
SZ,301633,-2.22,1367,2984
SZ,301518,0.3,1363,3375
SZ,001378,-1.46,1360,2794
SZ,002513,0.21,1358,1765
SZ,002247,-0.46,1358,1795
SZ,002306,-2.33,1357,1453
SZ,300845,-2.07,1356,1939
SZ,002581,-2.3,1355,2230
SZ,300789,-4.1,1354,2283
SZ,301320,-0.66,1353,2157
SZ,301687,-3.84,1353,6380
SZ,301505,-0.86,1349,1693
SZ,301210,-0.08,1348,3529
SH,600455,0.79,1347,1347
SH,600476,-1.41,1345,1345
SZ,300621,1.07,1345,1381
SZ,301560,-1.87,1342,2673
SZ,301130,-0.65,1339,1735
SZ,003008,-0.05,1338,1791
SZ,301303,-2.96,1338,5351
SZ,001387,-0.16,1335,2098
SH,688022,0.4,1335,1335
SZ,301129,-1.04,1331,2681
SH,603062,0.53,1331,3876
SZ,301100,-2.14,1330,3016
SZ,000010,0,1327,1747
SZ,000702,1.64,1325,1723
SZ,003011,-0.34,1323,1768
SH,688781,-6.08,1323,32390
SZ,301009,2.34,1322,2379
SH,688067,0.36,1321,1321
SZ,301167,-0.39,1319,1398
SH,603248,0.27,1319,8487
SZ,301507,-0.32,1316,4264
SZ,001358,-4.29,1316,3181
SZ,920837,1.26,1315,1468
SZ,000637,0.28,1313,1872
SZ,301098,-3.81,1312,1574
SZ,300371,-0.2,1310,1883
SZ,301512,-3.13,1309,2006
SZ,301555,-4.57,1308,2497
SZ,000610,1.84,1305,1312
SZ,301355,0.76,1304,1820
SZ,001296,-0.93,1297,2516
SH,688329,-1.06,1288,1288
SZ,300155,0.26,1288,2194
SZ,002883,-1.4,1286,1310
SZ,920701,-0.99,1285,1759
SZ,001226,-5.25,1283,2825
SZ,301601,1.88,1282,2131
SH,688450,-5,1281,1727
SZ,300928,-0.03,1278,1908
SZ,002691,1.34,1273,1289
SZ,002200,-0.3,1272,2932
SZ,920238,-9.58,1272,6243
SZ,002591,-0.86,1272,1708
SZ,002809,-0.79,1271,1797
SZ,301276,-2.66,1267,2272
SH,688805,-3.78,1261,6305
SZ,300564,-1.68,1252,1784
SZ,920857,-1.68,1251,1251
SH,603293,0.76,1250,6381
SZ,300635,-2.16,1249,1452
SZ,920533,-0.11,1248,2231
SZ,301227,-1.74,1245,2214
SZ,002494,-0.68,1245,1638
SH,688806,-9.87,1242,11214
SZ,001239,-1.44,1240,2611
SZ,920523,0.07,1236,1545
SZ,920790,1.12,1231,1789
SH,603352,10,1227,6134
SZ,920403,0.91,1225,2059
SZ,301298,0,1224,1660
SZ,300838,-1.63,1221,1656
SZ,300865,-0.13,1220,2030
SZ,001277,0.34,1219,2035
SZ,301501,0.39,1218,4143
SZ,920821,-5.69,1218,2313
SZ,300670,-1.8,1218,1718
SZ,300994,-0.18,1216,2429
SZ,002188,-0.41,1215,1544
SZ,301156,-0.95,1214,1896
SZ,920119,0.15,1207,4586
SZ,001278,0.14,1205,1747
SZ,920274,-1.19,1202,1202
SZ,920284,-2.71,1201,1877
SH,603207,0.05,1199,3528
SZ,920207,0.14,1198,1962
SZ,920200,-5.49,1197,2739
SZ,301131,0.07,1196,1669
SZ,920237,-1.15,1194,1217
SH,688712,-2.43,1190,13365
SH,600543,0,1182,1182
SZ,300126,-0.52,1178,1699
SZ,300594,-1.81,1177,1188
SZ,002888,-1.31,1176,2317
SZ,300828,-3.72,1174,2317
SH,688576,-1.32,1174,2457
SZ,301233,-2.41,1173,2137
SZ,920083,-9.69,1172,2751
SZ,301559,0.31,1172,7812
SH,603350,0,1171,3091
SZ,920304,-1.03,1169,1453
SH,688592,-0.6,1166,2447
SZ,301503,-0.29,1164,2099
SZ,920273,-0.52,1163,1746
SZ,301329,-2.6,1160,2990
SZ,003003,-0.29,1159,1739
SZ,920046,-4.11,1158,2094
SZ,001319,-0.1,1156,2576
SZ,920225,-4.89,1156,1772
SZ,301288,-1.26,1154,1596
SZ,300430,2.54,1154,1212
SZ,920089,0.29,1152,2023
SH,603344,-1.56,1152,4147
SZ,301632,6.44,1150,6571
SZ,920033,-1.14,1143,1644
SH,603391,-1.37,1142,4568
SZ,301584,0.67,1137,8914
SZ,301469,-0.35,1135,2206
SZ,301272,-0.83,1135,1794
SZ,300823,-2.11,1133,1750
SH,600365,-0.74,1132,1203
SZ,301163,-1.42,1132,1687
SZ,301395,-0.66,1129,2154
SZ,920099,-4.1,1128,1823
SH,688217,-0.39,1122,1122
SH,603370,-1.32,1115,5577
SZ,301591,-5.24,1114,2725
SZ,300517,0.23,1113,1768
SZ,920171,-0.23,1112,1648
SZ,301001,1.1,1110,1765
SH,603276,-0.19,1110,3052
SZ,300915,1.48,1106,2419
SZ,920252,0.19,1105,1662
SZ,301300,-0.42,1100,1831
SH,688790,-2.54,1099,8627
SZ,920211,-10.7,1098,3256
SZ,301378,3.96,1096,2306
SZ,001382,-4.1,1089,7119
SZ,002830,-2,1088,2179
SZ,920566,0,1086,1397
SZ,920152,-1.27,1079,1447
SZ,301372,-4.65,1079,1797
SZ,300713,-1.22,1075,1909
SZ,300405,-0.8,1074,1396
SZ,920249,-2.15,1072,3626
SZ,300851,-0.13,1072,1889
SZ,301502,-4.67,1071,2592
SH,688130,-4.3,1071,2147
SZ,920489,-5.36,1071,1683
SZ,300535,0.23,1067,1407
SZ,301083,-0.71,1060,2202
SZ,002872,-0.19,1057,1565
SZ,301359,-1.91,1055,1782
SZ,920592,-0.51,1054,1694
SZ,920807,-1.94,1054,1551
SZ,301446,-2.61,1050,3437
SZ,301295,-9.31,1044,3579
SZ,300930,-4.28,1041,2208
SZ,301516,-6.21,1037,4149
SZ,920419,5,1037,1107
SH,603334,2.36,1035,4669
SZ,300899,-0.54,1035,1613
SZ,001336,-0.85,1034,1680
SZ,001373,-1.67,1032,1690
SZ,301539,1.33,1029,2029
SZ,920690,0.44,1028,1582
SZ,920429,1.69,1025,1124
SZ,001326,-3.48,1023,3119
SH,603004,-2.85,1020,4082
SZ,300152,-2.71,1019,1019
SZ,301006,0.25,1019,1694
SH,688184,-1.23,1017,1624
SZ,920981,-6.37,1016,2020
SZ,920985,0,1015,1433
SZ,301113,0.07,1010,1668
SZ,300958,-0.35,1006,1732
SZ,001312,0.11,1002,4090
SZ,920642,-0.29,1002,1039
SZ,300949,0.5,999,1747
SH,603406,1.23,999,10896
SZ,002514,-7.68,997,1296
SZ,300886,-1.48,997,1585
SZ,920001,-2.59,997,1727
SZ,001379,-0.19,997,2962
SZ,920651,6.71,996,1465
SZ,920184,1.37,994,1465
SZ,920786,0.7,993,1503
SZ,920885,-0.88,989,1908
SZ,920270,3.14,988,1271
SZ,920062,-0.39,987,1402
SZ,001279,3.92,987,3947
SZ,002193,-2.08,981,981
SZ,920167,-1.56,980,1650
SH,688651,0.44,974,2124
SZ,920792,-1.33,973,1584
SZ,920932,-0.71,968,1169
SZ,301157,-3.22,965,2802
SZ,301418,-1.97,960,2391
SH,603359,-2.26,959,959
SH,688671,-0.19,957,1603
SZ,920124,0.4,953,1852
SZ,000820,9.97,950,2069
SZ,300338,-3.2,948,1091
SZ,920396,-0.85,946,1331
SH,603729,-1.15,946,946
SZ,301513,-1.68,938,4653
SZ,301616,-0.56,937,2638
SZ,002719,0.87,936,1007
SZ,920526,-3.82,935,1476
SZ,001231,1.61,934,1826
SZ,920415,-0.22,933,1211
SZ,920436,2.06,930,990
SZ,920098,-0.35,928,1362
SZ,920357,-3.02,926,1531
SH,688695,0,919,1465
SZ,001225,10,919,2863
SZ,920018,-3.71,908,2614
SZ,301668,20,906,4099
SH,603409,-0.23,905,3155
SZ,920496,-2.18,905,1033
SH,688701,-1.75,898,898
SH,688816,-1.35,898,4658
SZ,301173,0.83,895,2549
SH,603190,-0.38,891,2699
SZ,920169,1.04,887,1409
SZ,920726,0,886,1606
SZ,301192,0.39,881,1812
SZ,301105,-2.81,873,2204
SZ,920206,-7.16,873,2269
SZ,920367,1.12,871,1469
SZ,920028,-3.03,870,2201
SZ,301577,-6.64,867,2072
SZ,920130,3.01,863,1389
SZ,920924,-1.11,862,1415
SZ,920195,1,862,1194
SZ,920020,-0.12,860,3480
SZ,300904,0.59,858,2847
SZ,920100,-2.71,853,3217
SH,603205,-0.09,852,3217
SZ,301386,-1.04,849,2642
SZ,920873,2.17,847,1084
SH,603376,10.02,847,10584
SZ,920505,-0.75,846,1522
SZ,920926,-1.39,846,932
SZ,920541,0.32,843,1280
SZ,920770,0.39,839,1333
SZ,920693,-1.58,836,1660
SZ,920275,1.28,835,1009
SZ,920266,-1.26,826,864
SZ,920670,-0.39,820,1307
SZ,920012,-6.08,819,2092
SZ,920227,0.96,818,1797
SZ,920122,-1.17,815,2012
SZ,920058,8.58,814,1654
SZ,920027,-0.08,813,1161
SZ,301519,0.19,813,1726
SZ,920006,5.79,812,1534
SZ,920855,1.26,810,903
SZ,920156,-5.55,807,3871
SZ,920161,-7.32,807,2974
SZ,301399,-1.79,806,2727
SZ,300417,-1.92,806,1297
SZ,920000,9.22,805,1282
SZ,301598,-1.11,804,2698
SZ,920748,1.4,801,1668
SZ,301170,-0.65,797,2098
SZ,920220,-5.59,796,2543
SZ,920685,30,796,1249
SZ,920433,0.21,796,1203
SH,688638,3.09,794,1680
SZ,301459,-1.16,794,3166
SH,688573,-1.72,788,1447
SZ,920092,9.25,786,1510
SZ,920378,-0.13,784,1095
SZ,920519,-1.09,783,880
SZ,920221,0.16,776,1491
SZ,301037,0.98,772,1578
SZ,920663,-0.32,770,1604
SZ,301049,-0.98,769,1693
SZ,920193,-8.88,767,3389
SZ,301449,14.31,765,3399
SZ,920556,-0.14,765,1055
SZ,920974,0.17,759,968
SZ,001335,-0.79,759,2784
SH,603075,-0.37,754,7352
SZ,920260,-0.77,751,787
SH,603273,0.76,747,2855
SH,603073,-0.19,746,1701
SZ,920395,2.03,740,1074
SZ,920832,0,738,827
SZ,920299,-2.29,734,1457
SZ,920689,-0.56,733,1418
SZ,001396,1.32,732,3445
SH,603284,-1.09,732,2987
SZ,001306,-0.5,731,2968
SZ,920833,1.08,729,964
SZ,920575,1.85,725,1084
SZ,920639,-0.81,721,1224
SZ,920263,0,718,989
SZ,920870,-0.45,710,1442
SZ,301552,-3.2,709,2834
SZ,920768,1.86,707,1022
SZ,920123,2.78,706,1238
SZ,920242,-0.36,706,1262
SZ,920942,2.59,705,1042
SZ,920976,-2.27,701,1127
SZ,920370,1.14,701,802
SZ,920363,-1.77,700,1232
SZ,001325,1.71,700,2798
SZ,301533,0.08,697,2410
SZ,920081,0.84,695,2950
SZ,920078,-4.7,694,2135
SZ,920943,-2.35,686,1344
SZ,301429,-0.57,681,1828
SZ,920547,1.18,680,1398
SZ,920163,-2.26,679,1439
SZ,920564,0.07,679,1476
SZ,920079,-6.03,679,6278
SZ,920720,0.33,676,2418
SZ,920375,-1.07,666,1115
SZ,920187,-0.59,665,1813
SZ,920925,-1.63,665,1186
SZ,920245,-0.86,663,861
SZ,920478,0.51,663,1090
SZ,920706,-2.11,659,1307
SZ,920101,0.83,659,2110
SZ,920866,1.58,658,1040
SZ,920445,1.16,658,902
SZ,301567,-2.14,656,2225
SZ,920108,0.11,656,1548
SZ,920346,-0.2,655,1178
SZ,301578,-1.53,655,2304
SZ,920627,-1.97,650,1312
SZ,301575,1.18,648,3228
SZ,920634,-0.3,648,1022
SZ,301353,-0.37,648,2014
SZ,920781,-1.1,644,827
SZ,920181,-6.89,643,2771
SZ,920964,0.46,642,1136
SZ,920608,0.23,638,823
SZ,300784,-0.91,633,2118
SZ,920579,-0.69,632,1836
SZ,920061,-3.08,630,1133
SZ,920475,0.54,627,1128
SZ,920175,1.02,627,941
SZ,301314,-4.29,625,1892
SZ,920300,-0.2,620,800
SZ,920527,-1.04,614,792
SZ,920204,0.33,613,1156
SZ,920422,0,612,818
SZ,920570,-1.92,607,1196
SZ,920278,0,606,1071
SZ,920118,-1.22,605,999
SZ,920553,-0.15,603,924
SZ,920876,-2.11,599,979
SZ,920014,-1.22,594,1080
SZ,920471,0.92,580,910
SZ,920176,-10.47,576,4266
SZ,920086,0.72,573,1751
SZ,920580,-1.87,572,899
SZ,920856,-0.82,568,1019
SZ,920719,-0.25,566,709
SZ,920992,-0.34,562,1110
SZ,920675,1,561,1222
SZ,920057,-0.4,561,872
SZ,301287,0.92,558,2183
SZ,920455,0.53,555,1011
SZ,920679,-0.46,554,833
SZ,920641,0.49,553,916
SZ,920810,11.88,552,849
SZ,920578,-3.2,546,1176
SZ,920262,3.19,537,1155
SZ,920906,-1.16,536,1043
SZ,920665,-0.59,531,1076
SZ,920271,-0.21,529,1196
SZ,920146,0.21,527,655
SZ,920005,-1.52,526,2029
SZ,920075,0.27,523,966
SH,688121,3.63,521,600
SZ,920896,0.77,521,1187
SZ,920454,-0.55,520,1110
SZ,920096,-5.66,520,2214
SZ,920198,-1.2,516,1181
SZ,920834,-0.36,510,974
SZ,920117,-9.01,508,2257
SZ,920826,1.89,506,1137
SZ,920703,1.18,504,1427
SZ,920662,-1.31,503,1631
SZ,920729,1.56,503,1774
SZ,920374,-0.2,499,1223
SZ,920090,-3.18,497,666
SZ,920056,-0.18,494,1308
SZ,920030,0.23,493,783
SZ,920069,-1.44,492,1762
SZ,920149,-0.63,490,592
SZ,920871,0.58,487,878
SZ,920267,-1.7,486,849
SZ,920753,-0.53,485,1206
SZ,920082,4.84,484,1720
SZ,920779,1.51,483,1932
SZ,920050,-1.04,477,1783
SZ,920392,-1.63,476,1013
SZ,920212,-2.23,473,972
SZ,920080,-0.23,472,1706
SZ,920508,-3.41,468,881
SZ,920230,1.12,468,996
SZ,920076,-1.02,461,1465
SZ,920407,-1.25,460,1130
SZ,920145,-0.41,460,664
SZ,920718,-1.21,453,882
SZ,920126,-2.4,452,1881
SZ,920166,-0.93,449,1423
SZ,920950,0.16,448,919
SZ,920414,1.28,444,632
SZ,920656,0,440,1360
SZ,920168,-0.69,440,1174
SZ,920177,-2.74,439,1241
SZ,920351,0.73,438,968
SZ,920158,0.25,434,1623
SZ,920016,2.35,432,972
SZ,920136,-3.72,423,1610
SZ,920110,-1.73,421,1010
SZ,920188,-2.43,420,1761
SZ,920091,-4.49,418,1774
SZ,920055,-2.63,418,1857
SZ,920427,-1.91,417,844
SZ,920128,-1.43,415,1387
SZ,920970,-0.5,411,650
SZ,920180,-0.86,408,1350
SZ,920159,-0.17,401,2119
SZ,920957,-0.96,393,988
SZ,920007,-0.18,383,1601
SZ,920802,0.19,373,846
SZ,920036,-2.58,369,1536
SZ,920072,-6.32,368,1949
SZ,920717,-0.24,359,930
SZ,920035,-1.89,358,1577
SZ,920009,-0.73,351,2700
SZ,920191,-1.46,347,1543
SZ,920218,-4.37,345,1532
SZ,920011,-3.25,343,1523
SZ,920895,1.56,336,661
SZ,920066,-0.41,327,1034
SZ,920121,-0.24,326,1812
SZ,920183,-2.36,320,1394
SZ,920022,-0.1,314,1138
SZ,920222,-11.09,291,2155
SZ,920504,-0.52,289,733
SZ,920931,-0.51,275,898
SZ,301139,-4.27,273,435
SH,688496,-10.57,221,419
