market,code,chg_pct,vol_rank,amt_rank
SH,601288,-0.45,2059125,2257391
SH,601398,-0.52,2016699,2665919
SH,601857,0.38,1727709,1952834
SZ,300750,-1.85,1694021,1839789
SH,600519,-0.35,1627369,1627369
SH,601138,1.82,1331935,1331935
SH,601988,0,1207686,1846277
SZ,300308,-2.55,1025029,1080250
SH,600036,-0.61,798340,976008
SH,601628,0.18,793793,1077451
SH,601899,2.2,717972,926686
SH,688256,0.36,716882,716882
SH,601088,0.19,710434,934381
SH,600900,-0.53,675567,675567
SH,688041,0.14,672315,672315
SH,601318,-0.69,571806,971294
SZ,002371,1.36,539627,540058
SZ,300502,-2.19,520486,578589
SH,601728,0.96,488291,575580
SH,600028,0.8,475657,607046
SH,601166,-0.32,387280,387280
SH,603993,1.47,362662,444360
SH,603259,-1.27,360134,434465
SH,601658,-0.19,359013,594471
SH,688012,2.05,344222,349938
SZ,002415,-1.97,340857,345332
SH,600030,-0.7,340700,437167
SH,600276,-1.28,337130,350776
SZ,002594,-1.1,313133,818816
SH,600000,-0.53,306747,306747
SH,600183,2.97,304942,307123
SH,601998,-1.05,304500,415669
SZ,000858,-0.92,290337,290344
SZ,300059,-1.22,268535,318184
SZ,002384,-0.48,260490,344159
SH,601319,0.28,255939,318855
SH,603986,-2.59,250952,263435
SH,688981,-1.17,247886,1061315
SH,601816,-0.38,247075,247075
SH,601211,-0.05,242809,317143
SH,688008,-2.14,237470,253188
SZ,300408,-1.01,237241,252220
SH,600309,1.6,236789,236789
SZ,002916,1.7,236080,241889
SH,601225,1.84,235879,235879
SH,688825,-4.41,233708,3471118
SZ,300394,-2.36,230434,230949
SZ,000651,-0.31,221653,224840
SH,601601,-0.74,217535,305734
SZ,000001,-0.97,216178,216182
SH,600919,0.26,213426,213426
SZ,002938,1.17,213058,213677
SZ,000725,-0.66,209727,219673
SZ,002142,-0.21,208410,208541
SH,603288,-0.31,204879,215611
SH,688072,2.22,195892,201426
SH,600406,-1.38,193798,194368
SH,601919,-0.44,192492,234060
SH,601668,-0.65,188008,188008
SH,600025,0,181653,181653
SH,601328,-0.71,179378,607943
SZ,300433,-0.59,173343,184122
SZ,300274,-0.13,171612,224114
SH,600989,1.08,171527,171527
SH,601066,-0.87,167588,200123
SH,600031,0.05,166352,180498
SH,601985,-0.44,165795,180587
SH,600887,-0.37,165342,166167
SZ,002352,-0.2,162882,178705
SH,600176,3.79,161922,163208
SH,688498,-0.58,158568,160643
SH,600111,2.9,155376,155376
SZ,003816,-0.99,155374,199470
SZ,300124,-0.41,154549,173612
SZ,000792,0.88,150967,150969
SZ,000338,-1.28,147849,257738
SH,601766,-0.49,144021,169897
SZ,002050,-1.26,143619,163734
SH,601688,-0.7,143432,177197
SH,601872,-2.37,142677,142677
SH,601818,0,142469,181393
SH,601100,-0.59,140853,140853
SH,601009,-0.17,138596,138596
SH,600690,-0.97,138317,207433
SZ,000063,-1.31,138067,163980
SZ,300604,3.42,137688,178462
SZ,000408,1.34,137639,137641
SH,600050,0.46,136668,137876
SH,600487,1.67,135736,136441
SZ,002281,-0.09,134761,141877
SH,688082,-0.67,132955,134398
SH,600999,-0.71,132186,154885
SH,601229,-0.21,131576,131576
SH,601869,3.39,131247,267413
SH,600584,6.31,131200,131200
SH,601336,-0.87,130861,195752
SH,601600,0.2,129261,167947
SZ,301165,0.44,129215,129215
SH,603256,5.95,128731,132368
SH,603019,-1.01,128383,128388
SH,688111,-1.26,127887,127887
SZ,000568,-0.7,127835,127908
SZ,000776,-0.74,125225,165965
SH,601898,2.47,125108,181246
SH,600019,-0.33,125058,127207
SZ,002714,-0.64,125020,220009
SH,600346,2.44,124170,124170
SH,600104,-0.54,124149,124149
SZ,300857,0.74,123531,124166
SH,600489,4.99,123413,123413
SH,600016,-1.13,123408,152363
SZ,002493,6.3,122982,131561
SH,688506,1.76,121798,121798
SH,600188,4.65,120658,203146
SH,600760,0.26,120624,120853
SH,600018,-0.18,119953,120125
SH,688361,-0.34,119845,119845
SH,688120,-1.06,119301,119301
SH,600160,1.28,117817,117817
SZ,300014,-1.05,116651,120009
SH,600926,-0.73,116202,116202
SH,601698,1.34,114777,114777
SZ,300442,-0.25,114111,114446
SZ,000977,-0.2,113005,113131
SH,600660,-0.86,112348,146381
SH,688521,-0.76,112283,112283
SH,600886,0.14,110396,118547
SH,600522,0.84,110136,110136
SH,601888,-0.97,109026,116024
SH,600547,3.7,108506,138390
SH,600089,-1.1,108130,108130
SH,600905,-1.04,108061,108061
SH,603501,-1.43,108047,112590
SZ,000938,2.06,107825,107825
SH,688525,-2.09,107602,107602
SH,601169,-0.19,106138,106138
SZ,300033,-0.64,105552,181206
SH,605117,-1.79,104723,104723
SH,600015,-0.73,103556,107107
SH,688347,0.19,103157,439627
SZ,000166,-1.5,102987,114433
SH,601995,-1.31,102967,170016
SZ,002353,-1,101914,150998
SZ,000988,0.59,101524,101576
SZ,301308,-1.83,100959,151540
SH,600673,0.64,98361,98623
SZ,002736,-0.67,98335,104773
SH,601633,-1.56,97781,134460
SZ,002028,-0.62,97692,125165
SH,600362,0.9,97640,162921
SH,601168,-0.16,97584,97584
SH,601012,-0.99,97302,97302
SZ,000100,-1.63,96367,99636
SZ,002230,-0.37,96359,105692
SZ,002602,-0.49,95495,103558
SH,600893,0,95145,95162
SH,601006,-0.61,94945,94945
SZ,000807,0.56,93530,93531
SZ,002001,3.09,93292,94416
SZ,002600,-0.99,92448,104264
SH,688271,-0.8,92322,92322
SZ,000617,2.24,92287,92287
SH,688183,2.25,92093,92093
SH,600938,0.03,91793,1459170
SH,601390,0.22,91458,110391
SZ,002156,3.76,91320,91329
SZ,002008,0.26,90937,97864
SH,601881,-1.1,90543,136680
SZ,000538,-0.4,89870,90444
SH,601127,-2.3,89524,100147
SZ,000657,6.49,88893,139359
SH,600795,-0.59,88643,88643
SZ,000895,0.39,88095,88106
SH,601727,-1.41,87300,107538
SH,601689,-0.57,86770,86770
SH,603893,3.02,86697,86708
SH,600549,3.72,86585,88460
SH,600941,-0.45,86259,2072213
SZ,002648,1.19,86047,86103
SZ,002080,4.2,85349,85349
SH,600236,-2.78,85287,85287
SZ,000301,2.07,84918,84954
SH,603228,10,84759,86423
SH,601868,-1.14,83990,114582
SH,688777,-2.04,82191,82608
SZ,301217,3.99,81816,81816
SH,600436,-1.4,81387,81387
SH,605499,-1.74,81386,88390
SZ,001289,-1.34,81226,134677
SZ,300498,0,80805,90427
SH,688249,1.1,79561,88128
SH,603799,-0.06,79261,79509
SZ,002311,0.74,78302,78378
SH,600118,3.9,77559,77559
SH,601825,-1.18,77527,79760
SH,601991,-2.79,77476,115667
SH,600011,-1.11,77424,110515
SH,688396,0.03,77262,77262
SZ,300757,-0.35,76943,79329
SH,688200,1.75,76687,76687
SZ,000425,0.24,75875,98726
SH,601838,0.06,75868,75868
SZ,002027,-1.69,74955,74955
SZ,000630,0.45,74658,89843
SH,601958,1.81,74309,74309
SH,688702,4.44,74297,150064
SH,603195,-0.74,74131,74266
SZ,002241,-1.04,73798,83336
SH,600039,-1.5,73739,73739
SH,600674,-0.32,72778,72778
SH,688002,1.65,72619,72619
SH,688126,0.16,72587,84410
SH,601179,-2,72377,72377
SZ,002179,-0.71,72327,72458
SZ,000708,0.92,72124,72124
SH,601800,-0.32,71744,99228
SH,600010,0.44,71406,103115
SH,600066,-0.27,71289,71289
SH,601186,-0.47,71090,83922
SZ,002202,4.27,70701,88784
SH,600585,-0.16,70441,93457
SH,600029,-0.56,70215,94410
SZ,002466,-0.41,70200,81498
SZ,300015,-0.89,70023,81836
SH,600988,3.01,70001,79950
SH,600703,4.12,69347,69347
SH,601360,-0.09,68666,68666
SH,600958,-0.86,68271,77659
SH,600415,-0.55,67612,67612
SZ,300475,-1.09,67366,70286
SZ,000636,0.02,66887,66887
SZ,002625,0.45,66878,66878
SH,688629,1.09,66844,67897
SH,688036,1.58,66538,66538
SH,600026,-3.35,66109,94488
SH,601018,-0.58,65561,65561
SH,600482,1.44,65484,65484
SH,601231,5.43,65385,65385
SZ,000960,2.85,65324,65324
SZ,300620,0.7,64939,65485
SZ,000703,3.9,64755,65081
SZ,001965,-1.24,64282,64282
SH,603296,0.52,64255,121994
SH,600233,-2.33,64200,64200
SH,600115,-0.52,64014,83050
SZ,000975,4.58,63914,70228
SH,688585,-1.04,63776,63776
SZ,002460,-0.63,63759,110370
SH,688172,0.34,63510,75635
SH,601669,-0.4,63135,83202
SH,601916,-0.33,63125,80471
SZ,300661,0.61,62980,71744
SZ,000021,2.53,62462,62471
SH,600875,-1.35,62401,95347
SH,688519,4.96,62243,62243
SZ,002304,-0.89,61642,61644
SZ,000625,-1.71,61425,73653
SH,600048,-0.57,61289,61289
SZ,002128,0.63,61150,85290
SH,688037,0.86,60843,60843
SZ,001979,-0.72,60580,61579
SH,601061,0.73,60564,60564
SH,600009,-0.32,59525,59720
SZ,002837,0.52,59462,67031
SZ,002428,10,59413,59421
SZ,000933,0.34,59089,59126
SZ,002709,0.05,58957,79647
SZ,002851,2.09,58482,69581
SZ,002064,2.08,58384,58508
SH,600426,0.95,58291,58299
SH,601901,-0.83,58201,58201
SH,688141,0.7,58046,58046
SZ,000768,0.05,57944,58031
SH,600221,-0.73,57841,58341
SZ,300285,0.74,57813,67570
SH,603156,1.62,57721,57721
SH,601788,-0.8,57428,67779
SZ,002558,-0.49,56865,56865
SH,601077,-0.45,56830,73026
SZ,300759,0.15,56830,73528
SZ,300054,2.77,56619,72608
SZ,002185,2.71,56618,56631
SZ,300223,-1.41,56549,64859
SH,600580,-1.51,56542,56705
SZ,002920,-1.37,56476,56494
SZ,002532,2.15,56469,63645
SZ,000831,2.87,56330,56330
SZ,002049,-1.11,56025,56033
SH,600438,-2.73,56005,56005
SH,601233,2.52,55971,56073
SH,600885,-1.34,55419,55419
SH,600372,-1.12,55260,55260
SH,600096,0.3,55164,55164
SZ,002422,-1.04,55126,67529
SH,688019,0.13,55125,55125
SH,600219,-0.41,54892,54892
SH,601877,-1.38,54799,54799
SH,688409,2.6,54551,54551
SZ,300450,-0.62,54517,58531
SH,601059,-0.76,54126,54126
SZ,300136,2.36,54018,63337
SH,600418,-3.28,53858,55588
SH,600105,0.55,53728,53728
SH,688766,-3.53,53631,53631
SH,600879,1.82,53416,53416
SZ,300058,-2.6,53282,55002
SH,600497,3.02,53277,53277
SH,600803,0.12,53110,53526
SZ,002484,0.51,52978,54918
SZ,300765,-1.36,52644,52644
SH,688313,0.9,52268,52268
SH,603659,-1.37,52039,52039
SZ,300418,-0.76,51797,56631
SZ,300666,5.28,51772,64616
SH,600460,1.6,51769,51769
SZ,300803,0.05,51575,51954
SZ,000157,0,51538,63048
SH,600350,-1.2,51488,51488
SH,601377,-0.99,51384,51384
SH,600895,-0.47,51091,51091
SZ,300316,-0.04,50925,54149
SZ,001872,0.14,50604,54558
SZ,300373,2.51,50576,50689
SZ,301269,-0.57,50574,50574
SZ,002821,-2.82,50334,57278
SH,688630,5.48,50167,55789
SZ,301358,-0.54,50102,55569
SH,600741,-1.23,50097,50097
SZ,301526,3.33,49617,133225
SZ,000783,0,49549,49549
SH,600378,3.93,49123,59082
SH,688578,-1.83,49086,49086
SH,688469,1.09,49072,70079
SZ,000963,-0.31,48786,48806
SH,600601,9.77,48709,49917
SH,603979,-0.77,48699,48699
SZ,002074,-1.19,48507,50685
SH,688110,-0.31,48471,48471
SZ,300548,3.27,48438,48537
SH,600196,-0.38,48429,61046
SH,601298,-0.43,48259,58095
SZ,000066,1.43,48157,48161
SZ,002436,3.02,47709,53421
SH,600498,1.44,47597,50836
SH,601117,0.65,47426,47562
SH,601618,-0.74,46952,54419
SZ,300567,1.27,46906,57793
SH,688375,-1.23,46668,46668
SH,601699,4.95,46337,46337
SZ,002414,-0.06,46119,57954
SZ,002409,2.67,45988,68714
SH,688223,-2.18,45904,45904
SH,601021,0.15,45903,45903
SH,688048,0.34,45810,45810
SH,600726,-2.07,45674,48314
SH,601607,-0.66,45604,60632
SH,688729,3.49,45559,77022
SH,600930,-1.39,45551,176869
SH,603129,-1.22,45262,45262
SH,600377,-0.49,45170,59848
SH,601058,0.51,45146,45146
SH,688047,-0.12,44932,44932
SH,601198,-0.85,44931,44931
SZ,002812,-0.61,44758,53394
SH,688147,-0.45,44607,44607
SH,688432,8.16,44586,44586
SH,600570,0.17,44255,44255
SH,688146,5.8,43915,160369
SH,688188,-0.17,43561,43561
SH,601878,-0.72,43405,43405
SH,603629,6.52,43283,44004
SH,688187,-0.95,43159,66096
SZ,002636,5.89,43090,43309
SZ,002203,-0.09,42938,44483
SH,688331,2.33,42900,68042
SH,600352,-0.82,42781,42781
SH,688009,-0.99,42674,52420
SH,605376,3.3,42604,42604
SH,600143,0.75,42473,43094
SH,688220,4.38,42286,42286
SH,603268,4.76,42242,184490
SH,603260,1.16,42110,42110
SH,600985,3.67,41880,41880
SH,601208,5.19,41791,41791
SZ,300395,1.91,41757,42831
SZ,301377,1.2,41626,178548
SH,688099,1.32,41570,41570
SZ,000999,-1.25,41567,41605
SH,600021,-1.4,41538,41538
SH,600061,-0.6,41498,41498
SH,600588,2.45,41482,41482
SH,688627,2.22,41344,41344
SH,688728,0.89,41035,41063
SH,600642,0.12,41010,41012
SH,688234,2,40990,46228
SZ,002236,-0.57,40840,55839
SH,600392,2.78,40823,40823
SH,600845,-1.33,40803,54643
SH,601555,-0.23,40793,40793
SH,600909,0,40696,40696
SH,601212,0,40504,40504
SH,688303,-0.83,40474,40474
SH,601136,-0.6,40289,40289
SZ,300390,-0.49,40101,49554
SH,603699,2.11,40083,40989
SZ,300979,0.44,40040,40040
SH,688295,5.86,39816,39816
SH,603806,0.13,39809,39809
SZ,000893,-0.13,39722,45214
SH,601777,-0.1,39695,39695
SH,600968,1.04,39644,39644
SZ,000559,-0.32,39606,39619
SZ,002155,2.31,39453,39457
SH,601456,-0.76,39393,51125
SZ,002195,-1.95,39367,39722
SH,600667,2.01,39363,39363
SZ,000987,-0.5,39355,39384
SH,601108,-1.04,39286,39286
SH,603379,1.62,39101,39101
SH,601216,-0.63,39068,39068
SH,600141,1.56,39057,39057
SH,600578,-2.66,39030,39030
SH,601238,-1.3,38986,53841
SZ,000811,0.94,38979,39540
SH,688808,-2.99,38914,207043
SH,603087,-2.15,38653,41186
SH,688336,-0.57,38269,38269
SZ,002738,4.27,38224,38787
SZ,300115,-1.6,38195,38308
SH,600600,-0.64,38059,73216
SH,688472,-0.47,37962,37962
SZ,002850,-1.94,37817,51646
SZ,300919,-0.81,37787,43147
SZ,003031,2.26,37785,50103
SZ,002294,-1.3,37784,37792
SZ,002273,1.47,37622,38298
SH,601665,-0.64,37600,37600
SZ,002138,-1.78,37329,39276
SH,601126,0.9,37112,37473
SH,601577,-0.85,37111,37119
SH,600206,10,37071,37071
SZ,000983,0.77,36958,36958
SH,603650,2.98,36789,36878
SZ,300454,-0.19,36781,55114
SH,600901,-0.3,36769,36778
SZ,300972,-1.19,36723,39970
SZ,002407,3.47,36624,40415
SZ,300037,-0.08,36601,50465
SZ,001203,-0.1,36554,42911
SZ,300001,-1.41,36411,37264
SZ,000596,-0.98,36410,47104
SH,601611,-5.03,36347,36347
SZ,002429,0.38,36285,36306
SH,601808,0.49,36177,58309
SZ,002129,-2.29,36074,36105
SZ,300866,-1.15,35948,68350
SZ,002966,-0.96,35911,36525
SH,600711,0.78,35882,35882
SZ,300346,2.75,35824,37744
SZ,002056,0.27,35751,35788
SH,603298,-0.58,35457,35457
SH,688775,-0.69,35374,54692
SH,688433,6.94,35241,35241
SZ,300017,-0.86,35142,37061
SH,600060,-1.06,35027,35156
SH,600298,-1.03,35006,35443
SZ,002340,0.58,34923,35104
SH,688122,-1.85,34919,34919
SH,600733,-3.18,34879,36738
SZ,002653,1.12,34789,72582
SZ,002444,0.26,34746,36193
SH,688322,-0.65,34685,44710
SZ,000423,0.09,34681,34743
SH,603929,2.02,34671,34671
SH,600157,-1.25,34254,34254
SZ,002517,-1.4,34230,38712
SH,600869,1.59,34134,34134
SZ,302132,0.12,34015,155088
SH,603486,-1.39,33868,34178
SH,600177,-0.91,33776,34676
SH,600085,-1.86,33752,33752
SH,603369,-1.45,33726,33726
SZ,000878,0.3,33701,40792
SZ,300251,-1.38,33499,35408
SH,605589,1.75,33490,33509
SH,688027,-1.66,33336,42663
SZ,002601,0.12,33233,39865
SZ,301236,-1.23,33204,43747
SH,688599,-1.18,33100,33100
SH,601236,-0.69,33087,33087
SH,601598,0.79,33059,45984
SZ,300782,0.93,32969,42290
SZ,002032,-1.05,32843,32858
SH,605358,2.09,32826,32826
SH,603308,0.99,32703,32703
SH,600839,0.28,32628,32637
SZ,002252,-2.16,32612,32634
SH,688536,0.56,32556,33138
SZ,300751,0.93,32418,46883
SH,600109,-0.56,32385,32385
SZ,300832,1.76,32360,37219
SZ,002432,-0.21,32355,32398
SZ,002131,-2.64,32318,37380
SZ,300207,-0.47,32290,34806
SZ,002126,-1.84,32148,34237
SH,603606,-2.53,31986,31986
SH,688300,5.65,31900,31900
SZ,000729,0.72,31797,35711
SZ,002555,-1.08,31763,44267
SH,601162,-1.59,31727,37173
SZ,000728,-0.81,31725,31725
SZ,002261,-0.75,31633,34775
SH,688668,-0.43,31513,31513
SZ,300748,2.58,31449,38536
SZ,000002,-1.51,31386,38536
SH,600562,-0.11,31270,31270
SH,600563,-1.92,31264,31264
SZ,000786,-1.06,31239,31474
SZ,000967,-1.89,31193,31207
SZ,000876,-0.56,31185,31204
SZ,002378,3.09,31061,31225
SZ,300870,-0.18,31041,31045
SZ,300672,1.72,30920,31914
SZ,000800,-1.56,30854,30856
SH,688235,-4.45,30845,413471
SH,600863,-1.66,30807,36982
SZ,300339,-0.99,30719,31458
SH,600801,3.97,30591,47401
SZ,000661,-0.51,30590,31228
SH,600282,1.02,30394,30394
SH,600348,-0.46,30339,30339
SZ,000027,-1.08,30305,30305
SZ,002673,-0.73,30125,30125
SH,600871,0.45,30074,42085
SZ,000883,-0.84,30065,32848
SH,688617,-1.19,30059,30059
SH,688025,1.46,30008,30008
SH,600332,-0.69,30002,34694
SZ,000060,0.6,29978,29978
SH,600699,-0.82,29923,33249
SZ,002939,-0.71,29722,33284
SH,600483,-0.92,29609,29609
SZ,002472,-0.64,29540,33541
SH,600259,5.15,29522,29522
SH,688318,0.79,29438,29438
SZ,000629,-0.31,29358,29359
SH,600428,1.96,29246,32817
SZ,301511,1.68,29240,49197
SZ,000981,-3.14,29206,30692
SH,603198,-0.89,29184,29184
SH,688213,-0.33,29177,36284
SZ,300628,1.8,29136,50854
SH,600517,-0.96,29107,29107
SH,600398,-0.48,29009,29009
SH,601933,-1.8,29006,29006
SH,603127,-0.31,28969,34582
SH,688266,-0.82,28967,28967
SH,688052,-0.4,28857,32901
SH,688301,2.1,28824,28824
SH,601990,-0.72,28818,29961
SZ,002859,2.36,28654,30349
SH,688180,-1.11,28495,38172
SH,688385,-0.48,28442,43435
SH,601001,4.56,28419,28419
SH,688387,3.22,28416,48170
SZ,002797,1.05,28366,28366
SZ,000959,0.26,28316,29469
SH,600663,1.47,28275,45115
SH,688411,0.38,28253,38883
SZ,300347,-1.76,28250,42939
SZ,300458,1.4,28245,34469
SZ,002240,0.46,28172,28246
SH,688297,0.9,28080,28080
SH,603444,-0.57,28076,28076
SZ,301396,-0.3,28058,42615
SH,601000,-0.41,28030,28030
SH,600536,-1.03,27993,30983
SH,600312,-1.76,27912,27912
SH,603179,-1.93,27818,27818
SH,603823,10,27813,27813
SH,688248,0.9,27783,27783
SH,600637,-1.19,27702,27702
SH,600777,1.4,27693,29582
SZ,002222,1.58,27682,27806
SH,600737,-0.22,27677,27677
SH,688169,-1.87,27562,27562
SH,600331,1.81,27493,35741
SZ,000877,1.58,27446,27446
SZ,002747,2.13,27384,33873
SH,688608,-0.48,27384,27384
SZ,002245,1.25,27312,29030
SH,600499,-1.92,27310,27310
SZ,000737,-0.41,27292,27295
SH,600079,0,27283,28858
SZ,300209,-0.67,27280,34100
SZ,300432,-0.79,27254,27561
SZ,000962,4.78,27222,28536
SZ,000582,-2.39,27176,31715
SH,603061,6.59,27159,27159
SH,601799,-0.43,27128,27128
SZ,300489,7.15,27106,27205
SH,601880,-1.33,27067,34650
SH,688333,2.12,26949,26949
SH,603939,-1.89,26903,26903
SH,688102,3.83,26838,26916
SZ,002180,10,26784,27997
SH,600515,-1.35,26702,33248
SH,600732,1.12,26674,26800
SZ,003022,0.61,26622,26645
SH,600595,-0.59,26572,26572
SH,601615,0.51,26550,26550
SZ,002487,-1.24,26518,31106
SZ,002465,0.66,26513,26556
SH,688167,-2.32,26482,26482
SH,688018,1.62,26364,26364
SH,600299,0.95,26271,26271
SZ,000932,-1.03,26040,26040
SZ,002152,0.97,25963,25976
SZ,002841,1.14,25854,34673
SZ,300570,1.28,25754,30435
SZ,002459,0,25727,25750
SZ,002456,-1.51,25712,27093
SH,688065,-2.25,25704,31780
SH,600704,-0.39,25701,25701
SZ,002015,-1.85,25681,25681
SZ,300438,-0.48,25664,31962
SH,600862,-0.58,25618,25618
SH,603688,1.51,25573,25573
SZ,002223,-1.66,25546,27177
SH,600641,3.24,25536,25982
SH,688127,0.45,25507,25507
SZ,000951,-0.99,25484,25484
SZ,300558,1.33,25480,25561
SH,603067,0.03,25416,25416
SH,603920,2.06,25358,25358
SH,603119,-0.46,25279,25279
SH,600396,-2.33,25213,25213
SZ,300236,0.42,25178,28327
SZ,000739,-0.77,25140,25150
SH,600521,0.66,25109,25109
SH,600208,-1,25099,25101
SH,600153,-1.81,25052,25052
SH,601155,1.19,24970,24970
SZ,000415,1.09,24969,28634
SZ,000921,-0.95,24905,37336
SH,600330,2.59,24903,24903
SH,601918,1.91,24895,24895
SH,603049,0.69,24885,43095
SH,600583,0.18,24848,24848
SZ,000547,1.43,24806,24952
SH,603345,-0.64,24801,28183
SZ,300024,-1.48,24793,24799
SH,601717,0.06,24752,28656
SZ,000830,-0.07,24735,24737
SH,600998,-0.19,24708,24708
SH,600546,1.63,24662,24662
SH,600323,-0.32,24656,24656
SZ,000887,0.59,24644,24684
SH,688548,2.24,24559,46878
SH,603160,-1.14,24539,24539
SH,600566,1.83,24527,24610
SH,688475,-0.44,24523,24523
SZ,002266,1.61,24503,26410
SZ,001389,-0.01,24420,75766
SH,600161,-1.51,24401,24401
SZ,002046,1.15,24319,24595
SH,603885,-0.08,24293,24293
SH,688192,-0.91,24232,24440
SH,600166,-1.6,24227,24227
SZ,000062,-0.55,24179,24202
SH,601399,-0.88,24165,24165
SZ,000738,-0.04,24147,24147
SH,603596,-0.51,24147,24147
SH,600100,0,24122,24122
SZ,300814,6.88,24097,24097
SH,601928,-1.14,24075,24075
SZ,300255,-1.31,24069,24107
SH,688778,-0.35,24064,24064
SZ,920185,0.33,24035,24437
SZ,001270,2.35,23985,24138
SH,605090,1.04,23936,23960
SH,689009,0.38,23850,31215
SZ,301018,0.24,23842,31552
SH,601606,-2.22,23820,23820
SH,600977,0.08,23730,23730
SH,688820,3.62,23689,255219
SH,601099,-1.13,23653,23653
SH,600095,-1.18,23645,23645
SZ,300496,1.12,23637,29531
SH,601866,-0.4,23596,31911
SH,688349,-0.85,23540,23948
SH,600535,0.19,23530,23530
SZ,002244,-1.15,23522,26541
SH,603301,1.14,23427,23427
SZ,300677,1.33,23374,32869
SH,688403,8.39,23358,23358
SZ,000400,-2.16,23316,23398
SZ,000733,-1.12,23255,23258
SH,600884,-1.39,23196,28385
SH,603605,-0.77,23141,23141
SH,688001,1.79,23107,23107
SH,603663,4.54,23104,23120
SH,601228,-0.64,23086,23086
SH,603730,0.75,22947,22947
SH,603678,-0.03,22937,22937
SZ,002085,-0.27,22932,22932
SH,688278,-2.61,22895,22895
SZ,300811,0.29,22886,27883
SH,600246,3.33,22874,23510
SZ,300738,-1.81,22840,22847
SZ,301205,4.39,22823,35452
SH,688425,-0.69,22774,22774
SZ,002157,-1.34,22740,27010
SH,601608,1.43,22669,22669
SH,603881,-0.86,22560,22560
SH,601128,-0.63,22546,22546
SH,601567,-0.92,22540,22540
SZ,002603,-0.54,22506,27316
SZ,002271,-0.67,22457,28019
SH,601118,-1.31,22424,22424
SZ,001267,4.39,22413,28912
SZ,301536,4.46,22390,50441
SH,603306,0.73,22389,22389
SH,688195,-1.13,22379,22379
SZ,000155,-0.65,22376,22376
SH,600390,-0.39,22355,22355
SH,600486,-0.1,22351,22351
SH,600126,-1.33,22323,22323
SH,600873,0.38,22322,22322
SH,600388,-0.44,22302,22302
SH,601963,-0.54,22171,39521
SZ,000750,-1.28,22141,24395
SH,605111,1.91,22133,22133
SZ,000709,-0.46,22118,22121
SZ,000158,-1.2,22088,22237
SH,603565,-1.21,22072,22072
SH,600550,-2.83,22043,22043
SH,600353,4.65,22005,22005
SZ,000034,0.04,22001,26344
SZ,300903,16.79,21996,27255
SH,603728,-0.18,21941,21941
SZ,002396,0.77,21904,21995
SZ,002926,-0.7,21893,21893
SZ,002065,-0.78,21868,24105
SH,688819,-0.92,21794,21794
SH,603588,1.2,21782,21782
SZ,002364,-0.22,21721,21934
SH,600685,-0.74,21719,37373
SZ,300699,0.34,21693,21956
SH,601016,-2.17,21677,23495
SZ,300474,-1.19,21669,27861
SH,600745,-0.52,21643,21643
SZ,000623,-0.92,21596,21682
SH,688343,-0.34,21591,21591
SH,600598,-0.24,21581,21581
SH,603077,0.41,21549,21549
SH,688400,0.51,21539,22398
SZ,002379,0.32,21477,246288
SZ,000564,-2.06,21435,25642
SZ,000598,0.42,21392,21395
SZ,000603,10.02,21382,22127
SZ,002545,1.67,21371,23525
SZ,003035,-1.04,21364,21364
SZ,300073,-1.05,21327,22942
SH,600132,-1.67,21304,21304
SH,601677,-0.4,21260,21260
SZ,300806,1.26,21235,29469
SZ,002423,0.22,21221,21221
SZ,002895,1.81,21206,21431
SH,603337,-1.96,21189,21614
SH,600516,0,21177,21177
SH,688114,-1.96,21127,21172
SZ,300896,-2.15,21044,31146
SH,600008,-0.68,20994,20994
SH,688257,4.23,20911,20911
SH,600765,-0.65,20897,20897
SH,603899,-0.69,20880,20880
SZ,002317,-0.43,20868,23288
SH,603737,-0.96,20842,20842
SZ,002624,-1.2,20836,22116
SH,600329,-1.52,20829,28286
SH,600961,3.86,20818,29708
SH,601666,3.95,20817,20817
SH,600688,0.35,20814,29941
SH,600848,-0.68,20803,21920
SH,603005,1.24,20798,20798
SH,688205,1.28,20737,20737
SH,603290,0,20671,20671
SZ,002007,-1.27,20661,23971
SZ,300085,-0.46,20649,22379
SH,603233,-0.76,20636,20636
SZ,002335,-1.03,20630,23590
SZ,000825,-0.27,20620,20620
SH,688372,0.85,20569,20569
SH,601997,-0.7,20548,20548
SZ,002716,0.68,20507,24928
SZ,000519,-0.53,20498,20498
SZ,002536,-1.54,20459,21600
SH,603171,0.64,20424,20447
SH,601865,-1.91,20379,25116
SH,600970,-0.76,20345,20345
SZ,002468,-1.7,20329,21079
SZ,300012,-0.27,20309,23879
SZ,300776,0.84,20296,32286
SZ,300762,0.75,20296,20296
SZ,002299,-0.11,20253,20655
SH,688005,-1.9,20231,20231
SZ,000683,1.51,20198,22487
SH,603516,0.55,20193,20193
SZ,300083,4.32,20188,22526
SH,603667,0.07,20156,21089
SH,603186,7.64,20135,20135
SZ,300821,3.39,20120,20124
SZ,300003,-1.61,20115,23485
SZ,002948,-0.34,20112,33234
SZ,300487,1.73,20080,33191
SZ,002831,0.46,20062,36189
SH,603816,-1.67,20014,20150
SZ,001896,-2.81,20003,20003
SZ,002130,-0.5,19991,24400
SZ,300763,-1.57,19974,24639
SZ,300398,2.5,19968,20077
SH,603876,-1.86,19961,19961
SH,600582,-0.4,19948,19948
SH,601158,0,19920,19920
SH,603236,4.35,19898,19898
SZ,000039,-0.45,19884,46591
SH,603833,-1.29,19871,19871
SH,601858,-0.9,19865,19865
SZ,000029,0.86,19839,22509
SH,688270,0.78,19816,19816
SH,688502,0.54,19801,19801
SZ,301035,-1.08,19767,19796
SH,600967,-0.59,19656,19656
SH,600602,-1.5,19628,24987
SH,600927,-0.14,19566,19566
SZ,300623,0.47,19545,21193
SZ,000009,-0.78,19526,19550
SZ,002461,-0.22,19522,19522
SZ,002497,-0.15,19465,21173
SH,603773,10,19419,19426
SH,688208,-0.4,19409,19409
SH,603358,0.67,19399,19734
SZ,002500,-0.54,19349,19349
SZ,301171,-1.35,19313,23801
SZ,002491,2.18,19306,20184
SH,603115,1.61,19280,19280
SH,601187,-1.47,19276,19318
SZ,000997,2.3,19252,19360
SZ,300142,-2.86,19241,19512
SH,603000,-0.45,19228,19228
SH,688097,-0.61,19219,19219
SZ,002318,-1.12,19176,19641
SH,601098,-0.83,19145,19145
SH,603530,-0.83,19133,19310
SZ,300843,1.41,19083,19465
SZ,000686,-0.36,19051,19051
SH,603132,6.11,19032,19032
SH,600131,-1.11,19015,19032
SZ,002120,-0.87,19002,19570
SZ,300456,0.54,18933,23204
SZ,002683,-0.45,18930,21581
SH,688123,-0.79,18916,18916
SZ,002262,-1.01,18913,21738
SZ,002518,-0.61,18899,19470
SZ,002149,1.68,18891,18894
SH,688523,2.12,18834,18834
SZ,002389,3.52,18829,18832
SZ,002044,-1.61,18790,18984
SH,600339,0,18759,18759
SH,603950,0.54,18758,18774
SH,688561,1.14,18748,18748
SZ,300627,-1,18727,22612
SZ,002756,0.62,18719,26071
SH,600012,-1.83,18661,27355
SZ,002270,-1.08,18659,18659
SZ,002739,0.45,18613,18879
SH,688281,0.43,18538,18538
SH,600518,-2.18,18522,18531
SH,600007,-0.42,18514,18514
SH,601139,-0.3,18497,18497
SH,688363,-1.78,18487,18487
SZ,300088,-1.58,18467,18558
SZ,000429,-0.27,18455,29606
SH,688233,2.8,18427,18427
SH,688268,3.81,18425,18425
SH,600316,0.55,18423,18423
SH,600577,0.12,18412,18412
SH,600629,2.7,18385,18385
SZ,300747,-0.16,18374,19768
SH,600380,-0.68,18368,18368
SH,603618,1.11,18328,18328
SH,603658,-1.8,18326,18326
SH,601101,10.03,18317,18317
SZ,300122,-1.51,18315,31000
SZ,300257,-1.33,18225,18968
SZ,300170,4.04,18172,19029
SH,601969,-0.75,18127,18238
SH,601609,0.1,18030,18030
SZ,000969,0.64,18015,18174
SH,688692,-0.49,18006,27494
SH,600606,-1.53,17989,17989
SH,600655,-0.85,17932,17938
SH,600114,0,17912,18348
SH,600500,0.4,17906,17906
SZ,301297,0.42,17891,23516
SZ,300953,0.71,17860,24848
SH,688596,6.88,17846,17846
SH,603638,-0.04,17808,17808
SZ,000543,-1.38,17750,17750
SH,688795,-1.06,17736,275813
SH,601636,0,17722,17722
SH,600410,-0.05,17697,17697
SH,600120,0,17692,17692
SZ,000032,-0.47,17681,17681
SZ,002402,-0.68,17597,19853
SH,605020,1.16,17592,17868
SH,600754,0.67,17586,20697
SZ,920438,4.14,17565,18204
SH,600032,-2,17554,17554
SZ,002192,0.13,17529,17566
SZ,000937,0.65,17524,18035
SZ,000875,-2.23,17481,18971
SZ,000591,-1.75,17448,17455
SH,688388,0.65,17435,17435
SH,603786,-0.61,17418,17418
SZ,002145,-1.07,17396,17396
SH,603871,-1.69,17374,17374
SH,600226,1.74,17370,17370
SH,601975,-2.62,17317,17317
SZ,001287,0.18,17280,17280
SZ,000935,-1.08,17277,17277
SZ,300503,0.58,17271,22069
SH,688131,0.55,17263,17263
SZ,000528,-0.23,17175,17199
SZ,300724,-0.37,17145,20755
SZ,300888,-0.93,17144,17221
SH,600956,-1.74,17141,32852
SZ,300102,1.25,17128,17210
SZ,002925,-0.29,17114,18065
SZ,000513,-0.81,17112,26744
SH,688700,1.8,17086,17086
SH,600820,-0.72,17072,17072
SH,603226,0.82,17035,17035
SH,601519,-0.69,16968,16968
SZ,300140,-0.89,16962,16983
SZ,300199,1.75,16938,20076
SH,603733,0.93,16925,16925
SH,600179,-0.67,16878,18492
SH,605198,1.58,16876,20847
SZ,002237,1.07,16848,20205
SH,601333,-0.99,16844,21109
SZ,300364,-3.62,16841,18577
SH,688652,-0.4,16776,23340
SH,605196,0.76,16768,16888
SZ,300568,-2.59,16763,20739
SH,688582,1.04,16744,16744
SH,600397,10.03,16720,16720
SZ,000970,4.01,16716,16716
SZ,003021,-0.8,16697,21542
SH,600171,-0.75,16681,16681
SZ,300779,-15.25,16672,21819
SZ,000766,-0.16,16654,16662
SZ,002958,-1.28,16645,17000
SH,688449,-1.3,16619,26073
SH,600552,2.87,16597,16597
SZ,300413,-1.39,16592,30381
SH,688615,-0.21,16583,24016
SZ,300657,-0.3,16571,17053
SH,601966,-0.78,16552,16552
SH,603355,-0.64,16537,16537
SH,688772,-2.15,16528,16528
SZ,000682,-1.67,16503,16504
SH,600623,5.27,16490,18630
SH,600110,1.5,16484,16484
SZ,002611,-0.72,16455,19951
SH,603997,-1.81,16438,16438
SH,601156,1.76,16379,27528
SZ,002957,1.66,16375,16426
SH,600739,-1.28,16365,16365
SH,601137,-0.1,16343,16355
SH,603858,0.06,16335,16335
SZ,300660,-1.22,16330,16340
SH,688503,2.22,16301,16301
SH,600664,-4.42,16295,16295
SZ,300676,-0.85,16267,16356
SH,600435,-0.18,16258,16258
SZ,300002,-1.23,16252,17272
SZ,000898,-0.96,16233,19113
SH,601326,-1.15,16223,19053
SZ,000050,-1.18,16173,16174
SZ,002171,0.3,16154,16246
SH,600763,-0.87,16138,16138
SH,688390,-0.77,16104,16104
SH,600459,2.12,16083,17429
SZ,002312,-0.69,16050,16083
SZ,002176,-0.31,16046,16069
SH,601369,-0.83,16021,16183
SZ,002405,-1.15,16019,16117
SH,601921,-0.68,16000,16000
SH,600528,-0.68,15995,15995
SZ,002552,9.99,15945,16788
SH,600867,-1.68,15903,15903
SH,688392,2.05,15880,15880
SZ,300144,-0.64,15877,16045
SH,688520,-1.65,15863,16753
SZ,300735,0.77,15845,16927
SZ,002506,-1.8,15838,15854
SH,603002,3.25,15832,15832
SH,600531,1.56,15781,15781
SZ,000902,0.29,15736,17278
SZ,001213,-0.27,15733,15733
SZ,300131,1.96,15728,17127
SH,600750,-1.29,15714,15883
SH,600761,-1.39,15703,15703
SZ,300613,0.76,15686,16629
SZ,002326,0.47,15659,17846
SH,600928,-1.11,15659,15733
SH,603026,0.49,15644,15644
SH,600808,0,15636,20176
SZ,000537,-1.93,15623,15623
SH,603938,2.59,15623,15623
SZ,301316,0.35,15615,16108
SH,600959,-0.63,15602,15602
SH,688106,2.21,15569,15569
SH,688308,2.78,15553,15553
SZ,300260,2.95,15547,22042
SH,688380,-0.04,15542,15542
SH,603317,-1.34,15538,15538
SH,600835,-0.81,15525,19390
SH,601702,-0.25,15507,15507
SZ,000563,-0.97,15495,15495
SH,688549,13.05,15464,38764
SH,605296,0.24,15462,15708
SH,688332,1.31,15460,15460
SH,688353,1.54,15435,15435
SH,688690,1.68,15430,15430
SH,600877,-0.07,15393,15393
SH,688800,0.32,15385,15385
SH,688484,-1.07,15384,15384
SZ,002896,-0.97,15358,15358
SH,688166,-1.56,15314,15314
SH,600888,0.92,15313,15313
SZ,000506,5.25,15268,15273
SH,688661,3.62,15254,15254
SH,600151,2.41,15232,15232
SH,688779,0.13,15222,15222
SH,603662,-0.16,15210,15210
SZ,002410,-0.61,15199,15991
SZ,002320,-1.3,15181,15181
SZ,002913,3.59,15162,15754
SZ,301550,-0.22,15151,24755
SH,603025,-0.21,15151,15254
SH,600511,-0.79,15123,20621
SH,603039,9.99,15105,15105
SZ,300723,-0.71,15074,16243
SH,603283,1.79,15056,15056
SZ,000791,-1.76,15040,25205
SZ,000539,-1.66,15026,30872
SH,603826,1.56,15017,15017
SH,603063,0.19,15009,15071
SH,688100,-1.18,14999,15129
SZ,002158,2.71,14977,15010
SZ,300342,0.85,14972,15195
SH,688531,2.12,14966,21592
SH,688003,1.29,14953,14953
SZ,001331,4.16,14946,21400
SH,600172,3.74,14936,16787
SH,601019,-1.51,14921,14921
SH,600452,-1.61,14920,14920
SZ,000927,-1.59,14884,14884
SH,601678,9.97,14875,17537
SZ,000778,-1.28,14873,15139
SH,600596,1.47,14873,14873
SZ,000680,0.89,14869,16967
SZ,002568,-1.36,14823,20260
SH,601568,0.27,14816,14816
SH,688206,-0.84,14804,14804
SZ,300602,1.65,14800,21634
SH,600651,-1.16,14766,14766
SH,600022,0,14764,14764
SZ,301285,1.42,14754,14754
SZ,002969,1.2,14741,14819
SH,600201,1.36,14717,14717
SH,688593,1.17,14705,14705
SZ,002250,0.37,14642,14722
SZ,300679,-0.72,14590,17243
SZ,000966,-2.32,14586,14586
SZ,002773,-1.02,14546,19514
SH,600744,-2.98,14523,14523
SH,688158,0.23,14522,16323
SZ,002508,-1.01,14517,14694
SZ,002946,-1.55,14488,14657
SH,600633,0.18,14481,14481
SZ,300655,1.18,14478,14545
SH,600548,-0.46,14470,21420
SZ,002768,0.14,14424,24965
SH,600475,-2.85,14398,14598
SH,688368,2.1,14377,23686
SZ,300253,-0.63,14373,17060
SZ,300469,4.4,14371,14378
SH,605289,2.61,14356,14376
SZ,002911,0.18,14356,14708
SH,601375,-0.71,14342,19314
SH,600267,1.08,14329,14329
SZ,301093,6.63,14299,14977
SZ,000422,-0.66,14280,14552
SH,603505,1.68,14275,14275
SH,600403,2.4,14273,14273
SH,688545,2.67,14217,28084
SH,688088,-0.41,14197,14197
SZ,000088,-0.66,14170,23294
SH,600490,1.28,14168,15734
SH,688625,1.1,14123,14123
SZ,301611,2.78,14122,42004
SH,600621,-0.74,14121,14121
SH,600710,-0.45,14113,14113
SZ,300999,-0.79,14093,140799
SH,603009,0.37,14063,14063
SH,601827,0.6,14044,14044
SH,600906,-0.59,14041,21449
SH,600320,-0.46,14035,22288
SH,600361,0,14035,14035
SZ,301389,1.73,14033,14033
SH,688031,-1.98,14018,14018
SZ,002249,-0.52,14016,18552
SZ,002290,0.51,14009,14053
SZ,002408,0.2,14003,14470
SH,600816,-0.77,14001,25202
SZ,001286,0.78,14000,38888
SH,603203,2.51,13976,14138
SH,601965,-3.24,13958,14017
SZ,301128,7.05,13948,15856
SZ,300319,1.87,13944,14539
SZ,300323,0.77,13944,19054
SZ,301005,2.35,13943,14233
SZ,002906,-0.55,13928,13937
SH,688686,-0.11,13928,13928
SZ,300957,-1.84,13894,13970
SZ,000581,-1.01,13877,16899
SH,688258,-0.44,13870,13870
SH,688538,-0.81,13863,33281
SZ,000612,0.96,13841,13841
SH,600456,-0.44,13841,13841
SZ,000685,-0.62,13837,16292
SZ,300229,-1.91,13829,13838
SZ,300455,1.2,13783,13961
SZ,002867,0,13780,13862
SH,603305,-0.9,13776,13776
SZ,002153,0.47,13774,23498
SZ,001696,-0.51,13772,17691
SH,600056,-1.38,13757,13762
SZ,001301,-1.66,13751,19277
SH,600416,-1.17,13636,13636
SH,600933,-0.92,13607,14286
SZ,000089,0.15,13597,13597
SZ,002827,10.01,13590,13642
SH,600409,0.31,13563,13563
SH,600783,0.5,13555,13555
SH,600301,3.69,13549,31129
SZ,002226,0.39,13536,13536
SZ,002010,-1.4,13511,13544
SZ,301275,-2.15,13491,18940
SH,603456,-1.02,13490,13490
SH,600675,-1.32,13483,13483
SZ,002979,0.82,13481,19123
SH,603738,5.28,13467,13467
SH,688006,-0.57,13426,13426
SZ,300975,3.54,13399,18707
SZ,002563,-0.81,13397,16353
SZ,002507,-1.1,13372,13409
SH,688055,-1.95,13367,13367
SZ,300671,2.65,13364,13401
SH,605389,0.49,13352,14118
SZ,000534,-0.85,13332,13518
SH,600057,-0.92,13329,18085
SZ,000672,0,13329,13329
SH,600366,1.76,13309,13309
SH,688802,-1.41,13261,286352
SH,605599,5.32,13246,13246
SH,601133,2.14,13241,13287
SZ,000799,-0.82,13240,13241
SH,688029,-1.99,13234,13234
SH,600155,-0.66,13215,13215
SH,600764,0.16,13196,13196
SH,605099,-0.5,13196,13225
SH,600167,-1.51,13192,13192
SH,600575,-2.86,13174,24295
SH,600916,-1.12,13171,13171
SZ,002151,0.17,13152,16124
SH,688260,2.74,13146,13146
SH,688401,0.04,13130,13947
SZ,300184,-0.78,13129,14340
SZ,301319,-2.65,13119,17406
SZ,000785,-0.87,13118,14073
SZ,300100,-0.62,13109,13612
SZ,301219,0.76,13105,18361
SH,600271,0.71,13100,13100
SH,688535,2,13056,14008
SZ,300457,-0.28,13052,13265
SH,600850,-0.11,13052,13052
SZ,001339,4.4,13017,26293
SZ,300166,-0.41,12989,16330
SZ,002645,5.77,12972,14362
SH,603078,8.17,12965,12965
SZ,000620,-0.71,12941,16265
SH,688516,0.24,12927,12927
SH,603882,0.97,12916,13004
SZ,000069,2.19,12900,15031
SH,603556,1.14,12896,12896
SH,603707,-0.74,12877,12877
SH,600113,0.55,12870,13174
SZ,300179,1.96,12861,16704
SZ,002354,-0.12,12859,13088
SZ,002534,2.23,12843,13007
SZ,002167,1.99,12822,13092
SH,600529,-0.71,12814,12814
SZ,300409,-1.12,12810,14393
SH,600821,-2.4,12748,12748
SZ,300296,-0.53,12739,14916
SZ,300468,7.76,12721,12741
SH,603888,-0.92,12714,12714
SZ,300436,-0.17,12699,14793
SH,688603,3.07,12698,12698
SZ,002372,-0.34,12672,13723
SZ,300459,-1.52,12656,13536
SZ,300720,6.18,12647,13384
SH,688143,0.86,12639,13300
SZ,000681,-1,12637,13094
SH,600285,-0.97,12604,12618
SZ,002936,-1.09,12582,16275
SZ,300593,4.88,12576,15152
SH,603515,-1.04,12564,12641
SH,600776,1.47,12562,16504
SH,600343,3.47,12554,12554
SH,600338,1.25,12552,12552
SH,688567,-0.57,12539,12539
SZ,002929,0.19,12535,16576
SH,688222,1.36,12529,12529
SZ,002268,0.41,12501,12507
SZ,002901,-0.24,12491,17931
SH,688107,0.26,12490,12490
SZ,002643,0.44,12487,12676
SH,603698,1.17,12483,12483
SH,600717,-0.91,12473,12473
SZ,000762,0.42,12468,12468
SZ,000592,-1.5,12467,12576
SH,600827,-0.88,12467,13863
SH,688028,4.47,12458,12458
SZ,301095,0.31,12457,14420
SZ,000711,0.97,12430,15414
SH,688116,-0.95,12422,12422
SH,600116,-1.06,12410,12410
SZ,300182,-2.13,12404,14624
SZ,002091,-0.89,12386,12582
SZ,300034,-0.3,12380,12863
SH,600063,0.17,12373,12373
SH,603031,0.79,12371,14711
SH,600702,-0.76,12365,12370
SZ,300133,-2.36,12364,13930
SZ,002701,-1.62,12352,12364
SH,601339,-2.48,12326,12326
SZ,000758,0.16,12293,12341
SH,600211,-1.23,12287,12287
SZ,002755,-0.74,12279,12280
SH,688660,0.22,12253,12253
SZ,300682,0.59,12242,12799
SZ,000567,0.64,12237,12275
SZ,301238,-0.35,12217,12217
SZ,002847,-0.98,12209,13528
SZ,002399,0.72,12198,14350
SH,600589,-0.83,12197,12223
SH,600755,-0.86,12196,12227
SZ,002607,-6.37,12196,13568
SZ,301626,0.04,12176,26767
SZ,000070,0.28,12174,12340
SZ,002183,-1.46,12154,12154
SH,600986,0.12,12152,12152
SH,601107,-1.4,12133,17156
SZ,300070,-0.55,12125,12793
SZ,000973,0.16,12102,30753
SH,688809,-1.27,12100,60499
SZ,002531,-1.87,12097,12165
SH,603389,2.31,12087,12087
SZ,002400,-1.81,12083,12203
SH,688059,4.38,12074,12901
SZ,301015,-2.33,12067,12068
SZ,002987,1.45,12025,12340
SZ,000901,0.87,12021,12021
SH,603267,-0.68,11977,11977
SZ,300674,0.89,11951,11969
SZ,300835,3.06,11946,17045
SZ,300761,-1.05,11945,15869
SZ,002617,-0.93,11923,12123
SZ,002416,-1.01,11921,12071
SZ,002366,-4.44,11916,13401
SH,603589,-1.04,11885,11885
SZ,002096,1.05,11883,11883
SZ,001258,-5.9,11881,11881
SZ,301029,1.9,11874,16670
SZ,000156,-1.26,11865,12933
SH,601992,0.71,11835,15162
SZ,000801,0,11826,11830
SZ,920808,-0.27,11808,12126
SH,603927,-0.27,11784,11784
SZ,300769,0.06,11752,13079
SZ,002174,-1.79,11751,11758
SZ,301039,-1.21,11736,15143
SH,600635,-0.2,11731,14319
SH,601068,-0.42,11723,13680
SH,688559,0.19,11717,11717
SH,601512,-0.5,11691,11691
SH,600315,-1.46,11677,11677
SZ,000553,0,11669,12488
SZ,002287,-0.86,11659,11683
SZ,000035,-2.5,11658,12036
SZ,002668,1.42,11622,11622
SH,688306,0.53,11620,11620
SH,603991,5.87,11619,19817
SZ,002779,0.4,11607,12936
SH,603297,2.47,11598,11598
SZ,002745,1.87,11588,16163
SH,601222,-1.38,11574,11574
SH,603185,4.54,11571,11640
SH,600420,-0.8,11561,11561
SZ,300775,-0.45,11553,11898
SZ,002092,0.9,11538,11603
SH,600268,-1.89,11536,11537
SZ,002051,-0.83,11528,11529
SZ,001280,1.27,11520,137141
SZ,300726,1.7,11515,22116
SZ,002597,-1.54,11504,11526
SZ,301150,3.64,11503,12263
SH,600216,-0.24,11502,11626
SZ,920116,4.77,11491,11491
SZ,002544,0.06,11486,11487
SZ,002258,-1.77,11476,11494
SZ,002024,1.64,11474,11488
SZ,301293,-1.69,11453,11453
SZ,301666,-0.38,11446,188293
SH,603118,0.9,11439,11439
SZ,000048,2.03,11433,11452
SH,600461,-0.55,11429,11429
SZ,300357,-2.02,11425,12362
SZ,002792,9.99,11422,17711
SH,603983,-0.93,11420,11420
SZ,300428,-0.2,11416,13115
SH,600859,-1.26,11396,11397
SZ,300573,-1.77,11388,14829
SH,688046,1.83,11387,11387
SH,600619,-0.4,11364,15456
SZ,300146,-1.64,11353,17137
SH,600864,-0.9,11339,11339
SZ,300376,-1.01,11311,11315
SH,600058,3.94,11309,11309
SZ,002413,3.2,11296,11505
SH,601952,-0.11,11286,11286
SZ,300827,-0.76,11263,14363
SZ,300607,1.52,11249,15897
SH,600612,1.43,11245,18550
SZ,002217,-1.27,11210,11518
SZ,000099,-0.81,11202,11202
SH,601619,-1.28,11200,13399
SZ,300315,-0.89,11183,11913
SZ,002083,1.11,11180,11180
SZ,000990,0.31,11178,11178
SZ,002182,-1.67,11165,12794
SZ,301123,3.22,11158,15864
SH,603093,0.49,11152,14006
SH,600882,-2.57,11140,11140
SZ,002373,-0.85,11131,12768
SH,603040,0.5,11130,11188
SH,603989,2.39,11122,11122
SH,688321,-0.54,11092,12048
SZ,002246,-0.34,11085,11085
SZ,003018,1.88,11085,12231
SZ,300601,-1.35,11084,13749
SZ,300065,0.78,11062,12151
SZ,000839,-1.04,11054,11054
SH,603906,0.15,11052,15530
SZ,002011,-1.32,11050,11185
SZ,300302,0.54,11050,14359
SH,688198,-0.56,11042,11042
SH,603281,1.24,11042,11042
SH,600446,0.26,11041,11041
SZ,300224,3.75,11035,11075
SZ,002139,-1.24,11032,12842
SZ,002583,-0.45,11031,15640
SH,688063,-1.33,11012,11012
SH,600006,-1.6,11000,11000
SZ,002838,-0.86,10987,12496
SH,600559,-1.06,10977,10977
SZ,002539,0.33,10971,14891
SZ,300139,4.94,10963,12856
SH,688202,3.01,10955,10955
SH,603757,0.51,10950,10950
SZ,002698,-1.29,10932,13242
SH,600162,-1.17,10917,10917
SZ,002310,-2.74,10910,14878
SZ,000555,1.08,10906,10919
SH,601801,-0.35,10906,10906
SH,603393,1.22,10899,10899
SH,600908,-1.44,10876,11939
SH,688382,-2.38,10867,10867
SH,688153,-0.26,10864,11180
SZ,003036,5.56,10860,10861
SZ,000810,-0.7,10851,11237
SZ,300185,-1.04,10847,11382
SH,600376,-0.93,10834,10834
SZ,000767,-2.35,10834,11446
SH,603601,3.49,10829,10829
SH,603693,-2.09,10823,10823
SH,603992,-0.64,10819,10819
SZ,000998,-0.71,10804,12079
SZ,002807,-1.23,10787,10803
SZ,301071,2.09,10783,14669
SZ,300777,0.08,10768,10988
SH,603859,2.35,10757,11711
SH,688663,3.32,10750,10750
SZ,000949,0.47,10734,10737
SH,688383,1.58,10724,10724
SZ,000028,-1.01,10722,12483
SZ,002839,-1.56,10720,10731
SH,600572,-1.16,10709,10738
SZ,002297,4.48,10694,10694
SH,603220,1.69,10679,10679
SH,600248,-1.02,10673,10696
SZ,300353,-0.39,10672,12150
SZ,300049,-2.13,10670,12059
SH,600395,2.26,10669,10669
SH,600480,-1.34,10664,10743
SH,688698,-0.07,10659,10659
SZ,300077,1.84,10658,12762
SH,601022,-0.96,10652,10652
SZ,000700,2.57,10640,10640
SH,600773,1.64,10639,10639
SZ,000899,-1.62,10625,10625
SH,600509,-1.65,10597,10597
SZ,002181,-4.88,10585,10833
SH,603099,0.52,10567,10567
SZ,301047,-2.47,10565,10747
SH,603713,6.04,10561,10561
SZ,301207,-1.06,10553,10560
SZ,002348,-3.62,10553,11600
SZ,000061,-0.67,10551,11672
SZ,002003,-0.85,10548,12269
SH,601163,-0.67,10536,10536
SZ,002254,0.98,10513,10525
SZ,000690,-1.42,10503,10510
SZ,002654,-1.34,10481,10482
SH,601900,0.34,10478,10478
SZ,002439,0.63,10477,17420
SH,600728,-1,10471,10471
SZ,301267,-1.21,10466,13558
SZ,002385,-0.65,10460,12986
SH,600184,1.07,10442,10442
SZ,301486,1.02,10436,18436
SZ,002565,4.02,10430,10430
SH,603218,-0.09,10413,10422
SZ,301188,3.62,10410,10410
SH,688160,-1.92,10400,10400
SZ,002984,0.41,10395,15088
SZ,002081,-1.25,10392,10435
SH,688105,1.57,10386,10386
SH,688182,3.39,10368,10368
SZ,300008,0,10361,10869
SZ,001399,0.21,10359,178220
SZ,002204,-0.73,10352,10352
SH,601949,-1.62,10320,10320
SH,603235,-0.12,10318,10318
SZ,300204,-0.91,10316,12310
SH,688508,5.27,10285,10285
SZ,002741,4.19,10265,11186
SH,600326,9.94,10246,10246
SZ,000727,-0.87,10237,10237
SH,603011,2.02,10234,10234
SH,603533,-1.84,10222,10222
SH,688319,2.86,10216,10216
SH,600123,0,10210,10210
SZ,002063,-0.68,10208,11052
SH,600383,-1.3,10203,10203
SZ,002031,-0.92,10200,11723
SH,603300,-0.19,10196,10196
SH,600662,-1.1,10177,10207
SH,688275,0.71,10174,10174
SZ,301087,-1.23,10165,12361
SH,688020,3.79,10160,10160
SZ,300377,0.82,10157,11040
SH,603619,3.15,10153,10153
SH,601003,-0.24,10149,10432
SH,600391,-0.22,10148,10148
SH,601005,0.83,10143,11723
SH,600718,-1.04,10134,10134
SZ,301031,0.22,10131,12886
SH,600367,5.15,10129,10732
SH,600458,-0.76,10117,11085
SH,601882,-0.4,10106,10106
SZ,300580,-0.64,10095,10730
SZ,000917,-1.24,10092,10093
SH,600993,-0.75,10087,10104
SH,600507,-0.67,10085,10085
SZ,300009,-1.2,10076,13683
SZ,002647,0.3,10051,11190
SH,600787,-0.85,10047,10047
SH,603027,-1.17,10047,10047
SZ,002655,1.99,10046,10066
SZ,300188,-3.21,10044,10090
SZ,300026,-1.46,10024,10034
SZ,002338,-0.42,10018,10018
SZ,300328,0.83,10017,10066
SH,600363,-9.97,10001,10001
SZ,002891,-1.85,9995,9995
SZ,000837,0.2,9993,10150
SZ,301338,1.67,9986,13706
SZ,301127,1.74,9973,10273
SZ,002978,-0.17,9967,12739
SZ,002043,-3.73,9965,10239
SZ,002387,0.28,9960,9973
SH,600936,-3.39,9959,9959
SZ,000510,1.74,9948,10636
SH,600373,-1.46,9944,9944
SZ,300415,3.1,9936,10276
SH,603328,0.2,9935,9935
SZ,002832,-1.53,9926,14547
SH,603341,0.73,9921,19388
SZ,300951,-0.73,9916,11096
SZ,000065,0.22,9915,10813
SH,600163,-1.87,9915,9915
SZ,300007,-0.36,9903,11461
SZ,002865,-0.04,9898,13783
SZ,002020,-1.15,9897,11770
SH,600037,-0.27,9896,9896
SH,688068,2.41,9888,9888
SH,603052,1.39,9865,9865
SH,600666,0.25,9858,10840
SZ,300244,-0.55,9849,12275
SZ,000403,-0.47,9830,9932
SH,600072,0.67,9826,13611
SH,600033,-0.82,9798,9798
SH,688032,-0.61,9797,9797
SZ,002549,0.93,9790,9832
SH,600345,0.7,9778,15235
SZ,300331,3.7,9778,11430
SH,688726,-0.08,9769,18005
SZ,000795,1.27,9767,9767
SH,688138,1.37,9756,9756
SZ,300693,-1.94,9735,11326
SH,688378,3.64,9735,10562
SH,605060,1.37,9732,9799
SZ,002815,1.71,9730,15452
SZ,300624,-0.41,9729,10985
SZ,300304,0,9724,9993
SZ,301090,-0.14,9723,9733
SH,603360,-0.06,9718,9718
SZ,301021,4.48,9716,9727
SZ,300684,0.57,9711,14218
SH,600556,-3.06,9708,9708
SZ,301381,1.14,9698,9707
SZ,002703,1.6,9693,13606
SZ,002967,1.38,9692,11277
SH,603303,1.96,9692,9692
SZ,002842,4.31,9678,11795
SZ,002705,3.01,9675,9726
SH,600094,-1.29,9674,10579
SH,605318,1.2,9660,9660
SH,600759,-0.84,9655,9667
SH,688125,2.03,9654,9680
SZ,002100,0.14,9639,9639
SZ,001308,3.89,9638,13927
SH,603327,0.11,9629,9629
SH,688359,3.25,9626,9626
SZ,002961,0.75,9624,9625
SZ,300863,1.43,9615,10009
SZ,000676,-2.79,9606,9612
SH,688543,-0.43,9603,9603
SZ,002361,4.03,9603,11289
SZ,000410,-1.01,9599,12901
SZ,000049,-0.51,9594,9597
SZ,002675,0.47,9590,10637
SH,601811,-1.3,9582,14929
SH,600971,1.01,9576,9576
SZ,300277,0.08,9576,18973
SZ,002922,-1.16,9572,10729
SZ,300113,-1.15,9570,12674
SZ,300486,0.3,9569,9572
SZ,002345,3.57,9566,9800
SZ,301183,0.88,9560,13042
SH,688797,1.15,9555,50830
SH,688209,1.47,9552,9552
SZ,002169,1.12,9552,9854
SH,603100,-0.42,9550,9581
SH,600757,-1,9550,9551
SH,600198,1.1,9543,9555
SH,603103,-1.11,9538,9538
SH,688090,3.34,9538,9538
SH,601886,0.36,9529,9529
SH,688327,-0.69,9526,11866
SZ,000401,-0.27,9526,9615
SZ,301382,-3.79,9523,11507
SH,603599,0.38,9521,9521
SH,603124,3.33,9519,17876
SZ,000031,-0.88,9516,9516
SZ,301091,0.39,9512,9512
SZ,000552,0,9501,13647
SZ,301078,-1.04,9500,9510
SH,688351,-0.83,9497,9497
SZ,000600,-1.68,9483,15688
SH,601200,-0.7,9477,9477
SH,688584,2.07,9475,18470
SZ,300118,-0.48,9472,11651
SZ,301177,1.81,9464,9470
SH,600597,-1,9442,9443
SZ,002541,-1.64,9437,13124
SH,603323,-0.92,9437,9437
SH,688611,0.21,9433,9433
SZ,300618,0.26,9431,10719
SZ,000420,0.26,9414,9417
SH,603883,-1.26,9410,9410
SH,603712,0.08,9395,9395
SH,605006,3.61,9379,9379
SH,605255,0.72,9359,9359
SH,600328,-0.3,9340,9340
SZ,300263,1.7,9336,9905
SZ,300005,1.43,9335,9411
SZ,002426,0,9323,9323
SZ,002293,0,9307,9385
SZ,300687,1.91,9307,11317
SH,603125,1.5,9291,9291
SH,603169,0.28,9288,9288
SH,600269,-1.23,9272,9272
SZ,002368,-0.26,9266,9311
SZ,000516,-1.17,9260,9403
SZ,000923,-1.53,9255,9621
SZ,002170,0.43,9246,11373
SH,688662,2.43,9241,9241
SH,603583,-1.14,9239,9324
SZ,300529,-1.68,9223,14375
SH,600649,-0.53,9220,9220
SZ,001914,-0.56,9209,9210
SH,600307,-1.33,9207,9207
SH,688165,0.8,9204,9204
SH,603057,-2.14,9196,9265
SZ,300634,0.71,9194,9552
SH,688227,2.21,9187,9187
SH,601528,-1.38,9186,9713
SH,600929,0.18,9185,9185
SZ,002511,-1.08,9184,9301
SZ,920045,0.62,9181,31052
SH,603538,-1.26,9171,9253
SH,688376,1.29,9165,9165
SZ,002208,0.8,9155,9158
SH,605016,0.14,9148,9148
SZ,000536,-0.59,9146,9156
SZ,000833,-1.02,9138,16154
SH,601860,-1.14,9128,9409
SZ,000006,-0.58,9112,9112
SZ,001227,-1.36,9110,12303
SH,603936,3.81,9097,9312
SZ,301216,-0.29,9084,9678
SH,688262,0.41,9072,9072
SH,688552,0.6,9072,9072
SZ,002937,0.81,9062,9085
SZ,002289,1.85,9045,9237
SZ,300382,1.45,9044,9045
SH,688231,1.22,9035,9035
SZ,000656,-1.64,9029,12601
SH,600996,1.4,9027,9027
SZ,300483,5.3,9024,9031
SH,600273,-0.42,9022,9022
SZ,002062,0.88,9020,9923
SH,600645,1.69,9014,9017
SH,600185,-0.82,9010,9010
SZ,000950,-2.04,9009,9009
SZ,300420,2.28,9009,9009
SH,600389,2.2,9001,9001
SZ,300130,4.43,9000,11760
SZ,000848,-0.99,8999,9078
SH,603915,-0.35,8996,9150
SH,688139,-1.28,8992,8992
SZ,002075,-0.23,8973,8973
SH,600782,-0.34,8965,9074
SZ,000818,-0.65,8952,8976
SH,603690,0.86,8946,8946
SZ,002283,-0.66,8945,10164
SZ,300772,-0.77,8933,10072
SZ,300846,-0.36,8927,10817
SZ,300850,-0.76,8921,12282
SH,688371,2.43,8920,8920
SZ,300480,6.9,8915,12217
SH,600133,0.12,8903,8903
SH,600481,-0.91,8897,8897
SZ,002993,-0.1,8896,10299
SZ,002580,-3.57,8893,8923
SZ,300766,-0.87,8891,9806
SZ,002243,-0.66,8887,8934
SZ,002115,0.85,8881,9580
SH,688325,1.1,8876,9339
SZ,301606,-0.53,8869,22301
SZ,002053,-1.32,8848,8848
SH,688190,0.82,8832,8832
SH,688083,0.29,8820,8820
SZ,301357,-1.65,8819,8819
SH,688261,1.76,8819,8859
SH,603508,-1.06,8815,8815
SH,600997,-0.88,8812,8812
SZ,301363,-0.29,8796,13412
SH,688289,-1.36,8784,8784
SZ,000930,-0.41,8781,8781
SZ,300740,0.37,8775,9442
SZ,300042,-0.78,8765,8765
SZ,002173,-2.15,8754,9179
SH,688076,-0.85,8744,8744
SZ,002233,0.4,8730,8736
SH,688456,7.21,8728,8728
SZ,000980,-3.88,8724,8724
SZ,002458,0.78,8717,12909
SH,688253,5.42,8716,8716
SH,605179,-6.93,8710,8710
SH,603809,-0.83,8706,8706
SH,600640,-0.8,8683,8683
SZ,000761,-0.42,8678,9614
SZ,002119,3.63,8673,8673
SZ,300855,-0.33,8672,11708
SZ,002099,-0.91,8666,8676
SH,688239,1.55,8650,8650
SH,605298,0.17,8648,8722
SH,688161,-0.95,8636,8636
SH,688035,1.05,8628,8628
SZ,002392,0.27,8624,8869
SH,600020,-0.25,8607,8607
SH,688677,-0.23,8605,8605
SZ,300363,-1.35,8603,9434
SZ,000712,-2.23,8590,8593
SZ,002928,-0.73,8590,8590
SZ,002212,10.01,8588,8681
SH,601929,-1.98,8585,8585
SH,603013,-0.81,8579,8579
SZ,002626,-0.63,8569,8570
SZ,000550,-1.31,8560,14252
SH,600686,-0.9,8554,8554
SZ,300101,-0.58,8552,8581
SZ,002350,-0.18,8547,8737
SZ,301196,4.74,8547,13020
SZ,002019,-0.77,8543,12334
SH,688586,-0.45,8539,8539
SZ,002488,1.09,8538,9238
SZ,920186,-1.56,8531,16311
SH,600973,-0.95,8530,8530
SH,605305,0.83,8528,8528
SZ,301013,-1.41,8525,10530
SH,603612,-0.11,8523,8523
SH,600478,-1.17,8520,8520
SZ,300053,-0.22,8519,9122
SH,603626,1.59,8517,8517
SZ,000823,1.56,8508,8508
SZ,000751,2.73,8498,8498
SH,600129,-2.21,8492,8492
SZ,301109,-1.15,8490,10732
SZ,300440,2.94,8483,8516
SZ,002674,7.5,8470,8556
SH,603219,1.14,8466,8466
SZ,300145,-0.66,8446,8487
SH,688485,4.02,8442,8442
SH,600399,-0.69,8441,8441
SZ,002017,3.86,8434,8439
SZ,002190,0.21,8423,8423
SH,688486,-1.09,8405,8405
SZ,002039,-1.39,8401,8402
SH,603496,0.92,8389,8389
SZ,002332,-0.92,8389,8428
SH,603680,0.75,8386,8386
SH,688789,-2.07,8384,8384
SZ,300181,-1.55,8374,9742
SZ,002639,-1.39,8371,9885
SZ,002292,-1.07,8367,12155
SH,600693,-1.93,8342,8351
SZ,001232,-5.67,8335,104751
SH,600017,-1.44,8335,8335
SH,603995,1.87,8323,8323
SH,601089,-0.68,8309,8309
SZ,002221,-0.52,8298,8952
SH,688612,4.36,8297,13548
SZ,301345,-3.92,8295,25822
SH,603890,1.31,8289,8289
SZ,000533,-4.71,8287,8359
SH,600751,-2.12,8286,9336
SZ,002239,-0.77,8263,8889
SZ,002706,-3.31,8257,10142
SZ,002004,-0.89,8249,8672
SZ,002251,-1.84,8245,9975
SZ,300497,3.76,8241,9809
SZ,000719,-1.03,8239,12637
SZ,000593,2.04,8238,8241
SZ,300790,1.36,8227,9363
SZ,000885,-0.92,8225,8225
SZ,002585,-1.48,8220,10580
SH,688112,1.9,8219,8219
SZ,300725,-0.85,8210,9469
SH,603227,-0.12,8209,8209
SH,601890,-0.11,8203,8203
SZ,300741,-0.66,8197,8197
SH,601595,0.05,8189,8189
SZ,000922,-0.59,8184,9683
SH,688739,-0.94,8183,8279
SZ,003009,1.08,8177,8178
SZ,300035,-1.19,8173,9603
SH,603112,0.26,8158,8240
SH,605222,-0.04,8155,8155
SH,601700,9.98,8154,8154
SH,688337,1.88,8147,9582
SH,600639,-0.09,8145,10753
SZ,300322,3.7,8144,8506
SH,600055,-1.6,8141,8141
SH,688277,-2.18,8139,8139
SH,600962,7.27,8121,8121
SH,603033,1.78,8120,8270
SH,688783,3.57,8115,121861
SZ,002579,7.09,8109,8515
SH,603399,0.44,8104,8104
SH,603163,4.02,8100,8100
SH,600812,-0.83,8098,8098
SZ,002216,-1.15,8089,11280
SH,688758,3.4,8066,11265
SH,603608,2.43,8063,8063
SH,688091,-0.5,8060,8084
SZ,002941,1.01,8056,8056
SZ,300938,1.64,8047,9271
SZ,002277,-0.85,8044,8044
SZ,000860,-0.54,8041,8041
SH,688439,-0.76,8038,8038
SH,600935,-0.86,8032,8232
SH,688513,-0.34,8011,8011
SZ,002980,3.82,8007,14972
SZ,300910,1.05,8003,11426
SH,601828,-1.33,7983,9622
SZ,002125,-0.54,7982,7982
SZ,002097,0.95,7980,7995
SZ,002960,-0.23,7968,8672
SZ,002267,-0.68,7962,7962
SH,605116,-1.25,7957,7957
SZ,002036,-3.45,7948,7964
SZ,301327,-1.23,7941,7941
SZ,002718,0.75,7930,10923
SZ,002516,-1.62,7916,7972
SH,603053,-0.1,7911,7911
SZ,002761,0.14,7908,9685
SH,688326,-0.77,7907,8496
SH,605333,-1.38,7903,7903
SZ,000869,-0.79,7896,11403
SH,601718,0,7894,7894
SZ,300294,-1.06,7891,7891
SH,605488,2.22,7890,8577
SZ,300527,0.78,7880,7880
SZ,002346,0.4,7874,8867
SZ,300770,-1.05,7863,7863
SH,600502,-1.28,7862,7862
SH,600618,0.29,7858,12119
SZ,002030,0.72,7845,7845
SZ,002515,3.04,7845,8620
SZ,300180,1.78,7844,8066
SH,600075,-0.21,7822,7822
SH,688050,-1.48,7821,7821
SZ,002759,2.97,7820,7827
SZ,002342,1.36,7819,7862
SZ,002721,10.11,7819,7819
SZ,002214,10.03,7817,9782
SZ,300516,3.61,7812,7812
SH,603223,1.37,7806,7806
SH,688155,-0.07,7802,7802
SH,688605,-0.75,7777,14527
SZ,002023,2.52,7775,7846
SH,603687,0.21,7772,7772
SZ,002079,0.42,7754,8685
SH,600587,-0.92,7753,7753
SZ,002110,-0.61,7749,7749
SZ,300416,1.66,7744,7796
SH,600545,1.17,7742,7742
SZ,300834,0.37,7738,7807
SH,601686,0.19,7737,7737
SH,605007,1.18,7731,7750
SZ,002471,-0.51,7728,7870
SZ,300327,0.09,7726,7783
SZ,002309,-3.01,7724,9655
SZ,002386,1.37,7717,7719
SH,605167,-4.65,7715,7715
SH,600736,-1.02,7714,7714
SZ,002041,0.23,7709,7709
SH,600746,-0.14,7708,7708
SH,688252,4.96,7698,7698
SH,603043,-1.08,7689,7755
SZ,300641,-0.8,7683,7683
SZ,002737,-0.75,7668,7668
SZ,000859,-0.92,7660,7661
SZ,300168,0.95,7656,7664
SH,600861,-0.65,7648,7648
SH,600335,-1.14,7646,7646
SH,600611,4.26,7645,11561
SZ,301498,-0.99,7644,17068
SZ,002730,1.42,7637,7991
SZ,002434,-1.35,7632,7639
SH,688480,1.59,7626,7626
SH,600305,-0.99,7610,7622
SZ,000012,-2.01,7602,11805
SH,688669,5.19,7598,7598
SZ,301228,3.84,7596,7632
SH,688416,0.87,7596,7596
SZ,300499,0.29,7594,8541
SZ,000566,-4.56,7586,7590
SH,688093,-0.25,7584,7584
SH,688798,-1.12,7581,13020
SZ,300031,-1.77,7576,9016
SZ,000628,-0.9,7563,13859
SH,600917,-0.4,7555,7555
SH,600797,-0.93,7552,7552
SH,603459,4.31,7549,71983
SH,603477,-1.06,7544,7735
SZ,301086,1.95,7539,13602
SZ,300595,-1.3,7527,10081
SH,603977,1.59,7523,7523
SH,688049,1.3,7511,7511
SZ,300895,-0.32,7503,7645
SH,603279,-0.37,7499,7499
SH,688087,0.37,7498,7776
SZ,002588,-0.33,7496,10056
SH,688381,1.58,7484,7484
SH,601579,0.19,7480,7480
SZ,002533,-1.52,7476,8492
SH,688305,0.28,7475,7495
SZ,000503,-0.12,7471,7472
SZ,301189,2.49,7471,7740
SZ,301176,3.43,7466,7694
SH,600846,-0.41,7466,7466
SH,601908,-2.21,7461,7461
SH,688515,-0.06,7457,11974
SH,603050,-0.85,7453,7453
SH,605133,0.15,7442,7526
SZ,300098,0,7431,8376
SZ,300401,2.82,7429,7551
SH,600789,0.14,7426,7682
SZ,002121,-0.93,7425,8798
SH,600117,-0.43,7422,7422
SZ,300482,-0.28,7419,8075
SZ,000402,-0.39,7412,7413
SH,688011,4.37,7411,7437
SZ,300276,-1.4,7400,9807
SH,603055,-0.82,7398,7425
SH,688628,2.32,7391,7391
SH,603985,0.96,7389,7389
SH,600657,-1.14,7386,7386
SZ,002215,-0.43,7386,9179
SH,600903,-0.15,7380,7380
SH,603045,1.72,7379,7379
SH,600866,-1.1,7377,7377
SZ,002681,-1.04,7376,8435
SZ,300298,-0.41,7370,9160
SH,603166,-2.86,7368,7425
SZ,003039,-0.32,7367,7367
SH,600059,-0.61,7365,7365
SH,688108,0.34,7364,7364
SZ,000928,-0.76,7360,7360
SZ,002782,0.27,7359,7447
SH,600676,-3.24,7354,7354
SH,600251,0.85,7350,7350
SZ,002106,-0.66,7345,7355
SZ,301263,-1.31,7337,10283
SZ,002315,-0.95,7330,11498
SZ,002324,-0.31,7313,10478
SH,605008,-1.13,7312,7312
SZ,300348,2.25,7312,8132
SH,600724,0.6,7311,7313
SZ,300492,-2.17,7304,7304
SH,605128,-1.64,7300,7300
SZ,002275,-0.37,7298,7697
SZ,002034,-1.31,7296,7327
SH,688177,-1.55,7296,7296
SH,688428,-0.33,7295,47306
SZ,000059,0.66,7293,7293
SZ,002446,3.99,7291,7873
SZ,000498,-0.58,7290,7809
SZ,300939,6.74,7280,7280
SH,601096,-0.44,7278,11851
SZ,002077,0.32,7278,7278
SZ,300576,2.07,7274,11558
SH,601226,-0.47,7264,7264
SZ,300872,1.84,7259,8396
SH,688622,-4.79,7259,7259
SH,600708,1.24,7254,7265
SZ,300861,1.6,7243,11536
SH,603416,0.15,7242,8147
SZ,300191,7.92,7233,10464
SZ,300842,0.77,7220,8124
SZ,301369,0.92,7218,13463
SH,688556,0.35,7211,7211
SZ,002006,-0.21,7210,7210
SH,688418,2.58,7205,7205
SH,600078,-1.44,7202,7357
SH,603580,-1.96,7201,7201
SH,603211,3.48,7200,7200
SZ,002108,-0.9,7185,7188
SZ,002935,8.26,7185,7341
SH,603299,-0.64,7181,8784
SZ,300337,1.1,7178,8293
SZ,002093,-0.55,7163,7163
SZ,301069,0.06,7157,7600
SH,600125,-0.53,7154,7154
SZ,300768,0.41,7147,10939
SH,688678,3.32,7147,7147
SH,601388,0,7110,7110
SZ,300986,-3.51,7105,7110
SH,601330,-1.23,7102,10272
SH,688710,1.1,7097,11032
SH,688563,-0.8,7096,23524
SZ,003013,-3.18,7092,8119
SH,688626,-0.84,7088,7088
SZ,000650,-1.29,7083,7448
SH,688631,0.63,7082,7082
SH,603931,2.42,7080,7080
SZ,301080,3.39,7080,9360
SZ,000030,-1.39,7068,7275
SZ,920982,-1.24,7067,14662
SH,600748,-2.53,7065,7065
SH,605011,-1.17,7058,7058
SH,600955,0.55,7057,7057
SH,600449,7.04,7053,7053
SZ,002104,10.01,7052,8330
SZ,001298,0,7052,7487
SH,688221,0.05,7050,7050
SH,600510,1.19,7049,7049
SZ,300171,-0.07,7039,9581
SZ,002448,-0.89,7030,7126
SZ,002445,-0.33,7028,7059
SZ,301248,-0.13,7027,9616
SH,688176,-0.96,7027,7027
SH,688365,2.94,7025,7025
SZ,920029,1.31,7022,7216
SH,600468,-4.29,7016,7016
SZ,002733,0.85,7008,7300
SZ,301232,1.71,7005,11783
SH,600557,-1.58,7003,7003
SZ,300045,1.27,7001,8986
SZ,002546,-2.77,6995,7281
SZ,300678,-0.98,6992,7116
SZ,002537,1.19,6989,7009
SZ,002881,0.77,6984,11527
SZ,301215,-1.48,6982,6990
SZ,300080,-1.57,6978,6988
SZ,002284,-1.74,6978,7044
SZ,000756,2.27,6975,9740
SH,600771,-0.89,6970,6970
SZ,300222,-0.55,6958,8346
SZ,000777,-2.98,6955,6955
SZ,300341,-0.73,6952,6980
SZ,002990,2.19,6952,13189
SH,688179,-0.46,6951,6951
SZ,300174,0.95,6943,6982
SZ,002734,5.41,6941,7604
SZ,002438,-3.33,6930,7501
SZ,300997,-2.33,6929,7638
SZ,000601,-1.19,6928,7034
SH,603128,-0.55,6925,6925
SZ,301571,-0.45,6924,10425
SZ,002242,-0.54,6916,6928
SH,688328,3.83,6912,6912
SH,600252,-1.8,6910,6910
SH,600325,-2.32,6908,6908
SZ,300265,0.41,6907,6911
SH,688550,-0.12,6898,6898
SH,600780,-1.14,6879,6879
SH,688312,1.1,6878,6878
SZ,000813,-1.79,6877,6879
SH,600400,-0.65,6874,6874
SH,600810,-0.15,6874,6936
SZ,002421,-2.82,6872,7274
SH,600925,-0.46,6858,29416
SH,605365,-0.57,6857,6857
SH,603866,-0.92,6847,6847
SZ,300685,-0.84,6845,6854
SZ,300153,-0.45,6844,6880
SH,601015,0.3,6842,6842
SH,603778,0,6840,7023
SH,600770,-0.93,6838,6838
SH,600169,0,6833,6833
SZ,300996,6.77,6829,8114
SH,688103,2.53,6829,6829
SH,603311,2.77,6826,6826
SZ,000755,-0.84,6823,6823
SH,600828,-0.5,6822,6824
SH,600654,-1.33,6813,8366
SH,688621,-0.2,6804,6804
SZ,002970,1.34,6803,9901
SH,600158,-1.52,6803,6803
SZ,301489,1.07,6800,11365
SZ,002135,2.04,6796,7262
SH,600874,-0.53,6792,8669
SZ,002256,-1.74,6788,6877
SZ,300598,0.06,6787,6789
SZ,301061,-1.06,6785,10213
SH,603200,1.26,6784,6784
SZ,002219,-1.42,6773,7145
SZ,301191,2.73,6772,8981
SZ,300493,0.07,6763,6842
SH,688518,0.05,6762,6762
SH,688788,-0.92,6760,6760
SZ,300739,2.25,6759,8332
SH,600987,0.46,6758,6758
SH,688191,2.69,6757,6757
SH,688290,7.67,6756,6756
SZ,920394,-2.3,6751,6801
SH,603065,3.8,6745,6745
SH,688708,0.28,6742,18915
SZ,000058,-1,6736,8421
SH,600429,-1.09,6724,6744
SZ,301137,-3.59,6723,6723
SZ,002650,0.5,6720,6720
SZ,000779,7.04,6711,6712
SH,603466,-0.87,6710,6710
SH,605598,1.51,6705,6705
SZ,000968,-0.13,6695,6695
SZ,300444,-2.19,6695,8585
SH,605098,-4.99,6684,6684
SZ,002163,-0.94,6677,7022
SH,600775,-1.38,6671,9074
SZ,300109,-1.37,6671,7436
SZ,000631,-1.01,6670,6670
SH,600195,0.15,6668,6668
SZ,301050,0,6668,7828
SH,600103,-2.26,6659,6745
SZ,002690,-1.28,6654,13533
SH,600730,3.94,6647,6647
SZ,002955,0.41,6636,8027
SH,688787,0.3,6636,6636
SH,603517,-0.17,6636,6636
SZ,001314,2.67,6636,7627
SZ,002810,1.03,6634,7147
SZ,002467,-0.6,6629,6671
SZ,300868,1.55,6625,10432
SZ,000589,-0.91,6624,6668
SH,603071,-0.91,6623,6623
SZ,002840,-0.35,6612,6658
SH,600894,-0.5,6610,6642
SZ,301209,0.18,6603,7729
SZ,002785,-0.31,6602,7732
SZ,002014,-0.17,6600,6707
SZ,300252,1.29,6599,8081
SH,600966,-0.59,6591,6591
SZ,300852,1.21,6584,6821
SZ,300284,-0.53,6579,6933
SH,688818,0.85,6577,86534
SZ,000008,0,6573,6574
SH,603123,10.05,6568,8043
SZ,300324,0.26,6566,6634
SZ,000551,-0.06,6551,6554
SZ,002042,-0.51,6548,6548
SH,600496,-0.89,6548,6548
SH,603277,-0.73,6524,6545
SH,603367,-0.88,6524,6524
SZ,300134,2.16,6524,6524
SH,603861,-1.27,6523,6670
SZ,002796,2.59,6503,7208
SZ,001391,-0.92,6503,52254
SH,688577,-0.11,6498,6498
SZ,300815,-0.23,6496,6633
SZ,301291,-2.01,6494,12481
SZ,300435,2.44,6492,6789
SH,600682,-0.7,6484,7492
SZ,300976,3.14,6482,10077
SZ,301286,1.29,6481,16076
SH,688062,-1.29,6479,12571
SH,600713,-0.78,6475,6567
SH,600643,-0.24,6473,6484
SZ,002057,1.9,6471,6476
SH,605188,-0.54,6469,6469
SH,600525,2.08,6462,6462
SZ,002140,0.55,6462,6471
SH,688095,-2.61,6459,6459
SH,688488,-0.83,6459,6459
SZ,002664,-1.95,6457,6548
SZ,002550,-0.86,6457,8779
SZ,000597,-0.64,6454,6535
SZ,301326,2.14,6453,6510
SH,603197,0.63,6453,6541
SZ,300127,13.11,6451,9032
SH,688293,0.82,6450,7828
SH,600604,0,6446,8580
SZ,301392,4.17,6438,15782
SH,600310,-2,6420,6420
SH,600501,1.83,6417,6417
SZ,002302,9.96,6413,6413
SH,603108,0.86,6397,6397
SH,603229,-0.89,6393,6393
SH,605178,0.44,6393,6393
SZ,300137,-0.57,6392,6471
SH,603969,1.63,6387,6537
SZ,003043,1.94,6383,9777
SH,600683,0.47,6363,6363
SZ,002009,-0.1,6355,7220
SZ,300343,0.34,6355,6368
SZ,300358,0.33,6351,6443
SZ,002971,5.17,6350,8307
SZ,002470,-2.52,6341,6342
SH,601500,-0.49,6332,6357
SH,601515,-1.49,6332,6332
SH,688699,3.79,6329,6329
SH,603383,0.36,6324,6324
SZ,002123,0.92,6319,7064
SH,603660,5.64,6315,6315
SH,688685,-3.58,6315,6315
SH,603489,0.94,6314,6314
SZ,000989,0,6310,7781
SZ,300819,2.34,6307,6983
SZ,000572,-2.03,6306,6315
SZ,300226,-0.4,6306,6559
SZ,002885,1.45,6304,7198
SZ,000026,1.17,6300,7012
SH,688232,-0.7,6292,6292
SZ,300731,1.08,6271,6607
SH,688478,1.03,6265,6265
SZ,000524,-0.2,6264,6266
SH,600368,-0.76,6262,6262
SZ,300369,0.26,6260,6282
SZ,002605,-1.48,6257,7725
SZ,301678,-0.03,6254,10780
SZ,000090,-0.29,6241,6241
SZ,003006,-0.4,6240,6256
SZ,000722,-0.14,6238,7679
SH,600370,-2.51,6235,6235
SZ,300119,3.15,6232,8682
SH,600203,3.34,6232,6232
SH,603336,3.96,6227,6227
SH,688499,0.96,6226,6226
SH,688610,5.97,6221,10335
SZ,002527,-0.41,6220,7798
SZ,300540,7.18,6206,6832
SZ,002127,-1.26,6204,7635
SZ,300360,-1.5,6203,6376
SZ,002519,0.18,6203,6252
SZ,300900,0.88,6201,7914
SH,603155,2.81,6200,6200
SZ,300164,-0.46,6188,6244
SH,603213,0.29,6184,6184
SZ,002052,1.24,6184,6749
SH,688276,-0.85,6176,6176
SH,600975,-0.59,6173,6173
SH,603990,5.44,6154,6154
SZ,301153,0.27,6151,6594
SH,688079,1.81,6146,6254
SH,600841,-1.66,6143,8174
SH,600897,-0.26,6141,6141
SZ,301292,3.46,6140,16059
SZ,300700,1.65,6134,6853
SZ,300909,5.3,6134,8216
SH,600108,0.32,6133,6133
SZ,002232,0.27,6128,6128
SZ,000541,-0.39,6128,7648
SZ,300256,0,6124,6193
SH,605005,1.06,6123,6123
SH,603010,1.04,6119,6272
SH,603363,-0.69,6118,7784
SH,600313,0.18,6114,6562
SH,603068,1.51,6111,6111
SZ,002606,-1.28,6109,6367
SZ,300214,-0.67,6109,6109
SZ,300043,-0.6,6106,6109
SZ,300400,5.67,6101,6122
SH,603368,-0.57,6101,6101
SZ,300722,0.73,6094,6094
SH,605056,-0.25,6087,6178
SZ,300048,-1.46,6081,6092
SZ,002213,1.87,6078,6984
SZ,002067,-0.65,6073,6696
SZ,002943,3.91,6070,8576
SZ,301261,0.87,6064,6115
SZ,300063,-0.09,6058,7335
SZ,002649,10.04,6056,6677
SH,603877,-0.22,6054,6062
SH,688366,-1.63,6052,7137
SH,688799,2.8,6043,6043
SH,600617,0,6037,6559
SZ,300465,-0.5,6031,6031
SZ,001212,0.32,6029,6969
SZ,002678,-0.44,6028,6031
SZ,002210,-2.15,6027,6041
SZ,002437,-1.7,6027,6400
SZ,300579,1.85,6020,6240
SH,600983,-0.37,6017,6017
SH,600255,0.3,6014,6014
SH,603708,-0.31,6013,6013
SZ,000957,-1.26,6012,6012
SZ,001330,-1.14,6012,7106
SZ,300192,-1.99,6012,6083
SZ,002141,3.37,6012,6012
SH,600106,-1.08,6007,6007
SH,603221,9.98,6006,6006
SH,605183,-0.26,6005,6045
SH,600855,1.26,6004,6016
SZ,003041,-2.17,6004,6319
SZ,300617,-1.85,6003,7160
SZ,000025,0,6002,6587
SZ,301638,-2.47,6001,76248
SZ,301000,0.89,6000,6355
SZ,002803,2.91,5996,9227
SZ,920599,-0.34,5991,7905
SZ,300820,1.13,5991,11908
SH,688526,-0.38,5985,5985
SH,603567,-3.47,5984,5989
SZ,002631,1.48,5984,6012
SH,605366,0.52,5982,5982
SZ,300983,0.82,5981,6763
SH,603135,1.5,5981,6025
SZ,002068,0.37,5975,5978
SZ,300393,-1.41,5974,6810
SH,688408,-1.08,5970,5970
SZ,300041,-0.08,5967,6131
SH,605018,-0.62,5956,5956
SH,600644,-0.09,5951,5951
SZ,002272,0.21,5946,7065
SZ,300079,0,5946,6617
SZ,000561,0.52,5946,6618
SZ,300047,0.58,5946,6607
SH,688109,1.62,5941,5941
SZ,000735,-1.52,5939,5942
SZ,300969,0.05,5936,12447
SZ,000948,-1.54,5935,5946
SH,600433,-1.16,5933,5933
SH,603269,9.32,5931,5931
SZ,002452,-0.42,5930,7103
SZ,003010,-1.08,5929,8156
SH,600488,-2.15,5929,5929
SZ,300467,1.4,5919,7065
SH,600230,1.2,5916,5916
SH,603776,0.96,5913,5913
SZ,300592,3,5911,6725
SH,600375,-0.97,5909,6476
SZ,002965,0.52,5905,8229
SZ,002029,1.14,5902,6254
SH,605277,0.78,5898,6007
SZ,300985,5.16,5892,5892
SH,688219,-0.18,5892,5892
SZ,300075,-0.51,5891,7100
SZ,000793,-1.33,5889,9711
SH,600826,-0.84,5888,5888
SZ,300129,1.11,5886,9082
SZ,002101,-1.1,5880,5886
SH,688069,4.45,5880,5880
SZ,000881,-0.6,5874,6145
SH,600963,-1.17,5870,5870
SZ,300258,-1.05,5870,6026
SH,600851,-0.74,5869,9596
SH,688598,3.12,5859,5974
SZ,300470,-0.89,5853,6167
SZ,000571,3.75,5853,6033
SZ,002538,0.15,5852,5855
SZ,300217,0.64,5847,6961
SH,688185,-0.22,5847,12629
SH,688709,-0.14,5845,16787
SZ,000036,-0.47,5836,5840
SH,688352,4.19,5833,18938
SZ,001236,-0.38,5830,7750
SH,688562,0.69,5828,5828
SZ,002752,-0.66,5824,5832
SH,688717,-0.55,5814,9392
SH,600592,-0.13,5814,5814
SH,688620,3.14,5802,5802
SH,600691,-0.8,5796,5797
SZ,300046,-0.03,5795,5795
SH,601968,-0.86,5792,5792
SH,601116,-0.37,5789,5789
SZ,300709,4.69,5785,7206
SH,688757,2.05,5785,12874
SZ,300203,0.94,5770,5775
SZ,300159,-0.62,5767,10299
SH,600815,-3.26,5766,5766
SH,600054,-0.08,5764,8191
SZ,300706,3.94,5763,7774
SZ,301101,-1.39,5753,5973
SH,688334,-0.48,5750,5831
SZ,002073,-1.04,5749,5808
SZ,002298,-0.9,5749,6439
SH,688225,9.86,5748,5748
SZ,000670,-2.25,5747,5854
SH,603507,0.16,5745,5808
SZ,300221,0.73,5743,5889
SH,603887,-1.34,5737,5737
SZ,002132,0.74,5737,5746
SH,603012,2.31,5734,5734
SZ,300531,6.92,5730,5905
SZ,002956,1.27,5728,5729
SZ,002082,-1.74,5724,6166
SZ,300212,0.49,5721,5896
SZ,002510,-1.21,5718,5776
SH,603130,1.34,5714,5714
SH,600477,-0.81,5709,5709
SZ,002218,-1.9,5703,5788
SZ,002997,-0.21,5698,5698
SZ,003040,9.97,5692,5746
SH,600742,0.92,5692,5692
SZ,300566,2.28,5685,6574
SH,601121,0.71,5680,6988
SH,600982,-1.16,5678,5678
SZ,000912,-0.54,5676,5676
SH,688767,-0.9,5672,5672
SZ,002206,0,5665,6228
SH,600425,1.15,5665,5665
SZ,301155,-0.29,5661,9985
SZ,301182,-6.38,5660,6206
SH,603333,5.2,5656,5656
SZ,301607,2.34,5648,8712
SZ,300756,3.85,5647,6489
SZ,301328,1.87,5646,7813
SZ,300151,1.59,5645,8153
SZ,002992,-0.21,5642,6531
SZ,002860,-1.79,5641,5775
SZ,300084,5.56,5637,6569
SH,688658,-0.39,5634,5634
SZ,000900,-0.53,5631,5631
SZ,002951,1.45,5628,5682
SH,688345,5.13,5627,5654
SH,688510,0.84,5625,5625
SZ,002279,1.14,5624,6096
SZ,300981,-8.26,5624,6137
SZ,000697,0.7,5623,12020
SH,605288,-2.36,5622,5659
SH,688733,1.59,5618,5618
SH,688226,1.29,5616,5834
SZ,002390,-1.01,5610,5657
SZ,300581,1.09,5606,5606
SZ,300708,-1.39,5606,7330
SH,600292,-1.23,5605,60791
SH,688173,1.87,5603,5656
SZ,000042,1.44,5598,5605
SH,605339,-0.44,5596,5596
SZ,300019,-0.12,5588,5960
SZ,300451,-0.8,5588,5670
SH,600035,-0.85,5587,5587
SH,600223,-0.71,5581,5581
SH,688553,-0.44,5571,6872
SH,603366,-0.71,5569,5569
SZ,300825,0.7,5557,5676
SH,688315,0,5556,5556
SZ,300283,1.25,5554,7266
SH,603855,-1.13,5550,5582
SZ,920368,-0.63,5548,5832
SH,603595,0.85,5546,5546
SH,603686,-0.59,5546,5546
SH,688151,-0.61,5540,5540
SH,688135,1.84,5534,5534
SH,688776,0.35,5531,5531
SH,603901,1.04,5530,5606
SZ,300696,2.07,5529,6091
SH,600881,-2.28,5527,5527
SZ,300925,0.44,5526,6778
SZ,301099,0.78,5520,9070
SZ,300626,1.42,5519,5522
SH,688307,1.53,5514,5514
SZ,300278,0,5511,5528
SH,688707,0.65,5510,5510
SH,600694,-0.54,5508,5508
SZ,002376,10.08,5502,5666
SZ,002882,-2.82,5501,9649
SH,603897,0.95,5497,5497
SH,688689,2.15,5496,5496
SZ,920493,-3.03,5494,7457
SZ,300792,-0.57,5491,6120
SZ,300841,-1.32,5490,6000
SZ,002255,-1.48,5487,7146
SZ,300197,-2.11,5486,5486
SZ,300293,-0.05,5483,5483
SZ,300905,1,5481,7026
SH,600081,-0.39,5480,5480
SZ,002196,0.18,5480,5564
SH,603098,-0.19,5480,5487
SZ,000501,-0.55,5478,5483
SH,688117,1.35,5471,5471
SZ,301312,3.09,5465,10863
SH,600698,-1.04,5464,7032
SH,688170,4.45,5461,5461
SH,688656,-1.32,5454,5454
SZ,301306,2.39,5452,7898
SZ,300066,1.3,5450,5679
SH,688237,6.21,5443,5443
SH,603194,-1.39,5441,13806
SZ,300990,-0.3,5440,11977
SH,600769,0,5433,5433
SH,603587,-0.34,5431,5431
SZ,002164,0.18,5431,6024
SZ,002349,-0.14,5431,5544
SZ,002793,-1.56,5430,5438
SZ,000717,0,5429,5429
SZ,002777,0.15,5429,5478
SZ,002572,-1.64,5427,8022
SZ,002685,-0.54,5421,5421
SZ,000908,-0.8,5419,10839
SH,600720,0,5409,12299
SH,600829,-0.95,5405,5405
SZ,301301,-0.56,5400,19443
SZ,002708,-1.41,5399,5874
SZ,002657,1.2,5398,5461
SZ,000920,-0.25,5397,5397
SH,601008,-1.35,5397,5397
SZ,301307,1.04,5394,10444
SZ,300918,0.47,5390,5390
SZ,300307,-2.14,5382,5476
SH,603153,-0.06,5382,5463
SZ,301580,0.13,5382,7965
SZ,000557,-1.06,5380,5381
SH,603610,0.4,5380,5380
SH,600603,-1.5,5374,5374
SH,600278,-0.47,5370,5370
SH,603848,-0.59,5368,5368
SZ,300036,0.5,5367,5943
SZ,300082,0.64,5366,5380
SZ,000404,-0.5,5362,5387
SH,600981,-0.82,5359,5359
SZ,000531,-1.5,5358,6134
SZ,002351,-0.76,5356,9140
SZ,002229,-1.35,5356,5389
SZ,000411,-0.2,5355,5366
SH,603666,5.56,5346,5346
SZ,000608,3.61,5345,5377
SH,603988,10.02,5344,5344
SH,688309,1.28,5342,5342
SZ,300926,-1.04,5334,7774
SZ,301362,3.34,5331,19003
SH,603668,-1.3,5321,5321
SH,600825,-0.96,5318,5318
SZ,001323,-1.6,5316,7431
SZ,300067,-1.38,5314,6545
SH,688323,1.42,5311,5311
SZ,003012,-0.63,5310,5415
SH,603380,1.47,5309,5309
SZ,300093,-1.19,5308,12409
SZ,002988,0.47,5306,5306
SZ,002833,0.28,5299,7758
SZ,002577,0.86,5293,5294
SH,688711,0.41,5289,5289
SZ,301366,-1.36,5288,9471
SZ,300633,-1.44,5288,8637
SZ,300300,-1.72,5288,5288
SZ,001359,1.74,5286,21142
SZ,000409,-0.21,5285,6065
SZ,000517,-0.92,5283,6750
SZ,002060,-0.58,5282,12690
SZ,002697,-0.64,5280,6270
SZ,002640,-1.72,5280,5313
SH,688505,-0.92,5280,7702
SH,605228,-0.35,5277,5298
SZ,300057,0,5277,6373
SH,603889,-0.87,5276,5316
SH,688601,0.66,5272,5272
SZ,002300,-1.34,5266,5266
SH,603682,1.18,5264,5264
SH,600868,-1.06,5258,5258
SZ,002424,-0.86,5253,6373
SZ,301368,0.44,5251,5251
SH,605050,0,5249,5249
SZ,300006,-1.38,5247,5248
SH,688575,-0.85,5245,5245
SZ,002358,-1.56,5244,5244
SZ,301012,-0.88,5243,5243
SZ,002383,1,5242,5242
SH,601002,2.43,5240,5240
SH,600191,0.19,5237,5237
SZ,002191,-0.52,5232,5274
SZ,300446,-0.13,5226,11827
SH,603131,0.98,5225,5225
SH,603170,-0.52,5224,5224
SZ,301413,1.33,5224,8750
SH,600784,0.78,5223,5223
SZ,002489,-0.72,5223,5921
SH,601086,-1.12,5221,5221
SH,600756,-3.41,5218,5629
SH,601518,-1.07,5218,5218
SH,600189,-0.94,5214,5214
SZ,300443,-0.78,5212,6873
SH,601199,-1.41,5209,5209
SZ,300287,-0.49,5207,5669
SZ,002530,-2.46,5206,5836
SH,600217,-0.94,5205,5205
SZ,300619,-1.36,5203,6180
SZ,002274,0,5196,5276
SZ,002805,1.86,5194,5218
SZ,002419,-0.43,5193,5193
SH,603701,1.48,5191,5191
SZ,002787,0.34,5185,6947
SZ,300507,0.3,5185,5356
SZ,002134,2.2,5179,5182
SZ,000880,0,5178,10580
SZ,002870,1.36,5178,5303
SH,603158,-0.46,5178,5178
SZ,301321,-0.33,5172,6533
SZ,300959,1.62,5172,7943
SZ,301323,2.03,5168,8034
SH,600984,0,5166,5166
SZ,002307,2.26,5164,5227
SZ,000796,-0.5,5163,6223
SH,605009,-0.32,5163,5163
SZ,301566,2.69,5163,9784
SH,603499,1.75,5160,5160
SH,603173,-0.48,5155,5155
SZ,002194,10.03,5155,6894
SZ,002567,-0.82,5154,5159
SH,603685,0.35,5151,6468
SH,688101,-0.57,5146,5146
SZ,300528,-1.21,5146,5146
SZ,002695,-0.09,5145,5629
SZ,000560,-1.34,5145,5182
SH,600569,-1.09,5142,5142
SH,600743,-1.34,5138,5138
SH,600234,1.29,5138,5138
SZ,300695,-0.76,5135,5135
SH,605287,-0.61,5134,5134
SZ,000652,-0.55,5133,5137
SH,600138,-0.27,5132,5132
SH,688207,4.49,5128,5128
SH,600199,-0.37,5124,5124
SH,688181,2.01,5123,5123
SZ,000925,0.53,5121,5161
SZ,002713,-2.79,5118,9248
SH,600571,2.76,5113,5209
SZ,000888,-0.4,5106,5106
SZ,300648,3.64,5102,6701
SH,688115,1.07,5094,5094
SZ,301529,0.1,5081,9466
SH,600300,-1.25,5078,5078
SZ,002301,2.17,5076,5119
SZ,300856,-1.15,5075,5252
SH,603353,0.81,5075,5075
SZ,301589,1.08,5070,13600
SZ,000525,-0.86,5070,5942
SH,688348,-0.54,5067,5067
SZ,002824,1.77,5064,6967
SZ,300488,0.78,5062,5966
SH,605580,-0.05,5060,5060
SH,688057,2.81,5056,5056
SZ,000852,-0.92,5055,5085
SZ,300847,18.13,5053,5053
SZ,003033,1.03,5050,5113
SZ,002303,-0.18,5047,7994
SH,605377,0.11,5043,5043
SZ,300161,-1.02,5043,5138
SH,605299,-0.31,5039,5039
SZ,301070,1.37,5036,7492
SH,600593,0,5028,5093
SZ,001313,-0.41,5027,5033
SZ,300680,-0.39,5023,6526
SH,600939,-0.74,5023,5023
SH,688228,0.32,5022,5022
SZ,301162,0.93,5021,7738
SZ,300368,0.32,5020,5020
SH,600889,0.44,5019,8036
SH,688007,0.55,5014,5014
SZ,002637,1.22,5012,5071
SH,601279,-1.24,5011,5011
SZ,300587,1.28,5010,6180
SH,600284,-0.38,5007,5007
SZ,300785,0.02,5005,8135
SH,600610,-0.55,5004,7563
SH,688410,-0.26,4998,4998
SZ,300783,-1.15,4997,7162
SZ,300569,-0.4,4996,5011
SZ,300291,-1.82,4993,5058
SH,600979,-1.46,4992,5069
SZ,300689,4.87,4992,5671
SH,603110,2.95,4990,4990
SZ,002291,-2.7,4989,5368
SZ,002819,-0.13,4988,6286
SZ,920576,1.27,4983,5032
SH,600336,-0.94,4980,4980
SZ,002047,-1.49,4973,4973
SZ,002201,0.61,4973,5383
SZ,920640,0.51,4971,5166
SZ,300158,-0.39,4967,4971
SH,601011,-0.37,4962,4962
SZ,002334,-0.29,4954,5527
SH,688566,-1,4951,4951
SZ,002122,1.63,4949,4984
SZ,002642,-0.26,4949,4949
SH,688539,1.49,4944,4944
SZ,002915,1.12,4938,5747
SZ,002238,0.33,4936,4936
SZ,301333,-0.34,4931,4937
SH,688377,2.78,4931,4931
SZ,301053,-1.36,4928,5307
SH,688448,2.45,4925,4925
SZ,002189,0.21,4923,4924
SH,688679,-1.75,4916,4916
SH,603106,3.4,4914,4914
SZ,002757,-0.5,4913,5147
SZ,300788,-1.66,4912,4912
SH,600513,-0.45,4910,4910
SZ,002892,-1,4906,7274
SH,603777,0.89,4906,4906
SZ,002166,-0.89,4904,4924
SH,600817,-0.74,4903,4927
SH,603212,-0.17,4900,4900
SH,600197,-0.66,4897,4897
SZ,300039,-3.77,4896,5586
SZ,300406,-1.02,4896,6764
SH,600990,2.42,4896,4896
SH,600790,-0.29,4896,4896
SH,603843,0.29,4890,4890
SH,603162,3.49,4890,15920
SH,600308,-0.3,4884,4884
SZ,001208,-0.7,4877,9767
SH,600288,3.14,4875,4875
SH,688386,0.41,4870,5331
SH,603286,0.77,4868,4914
SZ,300233,0.23,4867,5052
SH,603598,-1.3,4865,4871
SZ,300681,0.29,4865,6452
SH,603111,-0.33,4858,5000
SH,688282,1.36,4855,4855
SZ,300219,-0.28,4855,4864
SH,600084,0.23,4854,4854
SH,688591,0.21,4851,6923
SH,600231,0,4850,4911
SZ,300797,2.17,4848,4861
SH,603196,1.49,4844,8558
SZ,002045,-0.45,4842,4849
SZ,002479,1.26,4842,4853
SZ,301330,0,4841,5863
SZ,301048,-0.32,4837,4837
SZ,002102,0.44,4835,5620
SZ,301004,-1.13,4832,5176
SZ,002165,-0.74,4831,4882
SZ,002662,0,4830,4830
SZ,301379,4.1,4828,6127
SZ,002066,0.77,4828,4910
SZ,300261,-1.91,4827,4932
SH,603590,-0.15,4826,4850
SZ,300227,1.15,4824,6297
SZ,002038,-1.21,4822,5815
SH,601566,-0.11,4821,4821
SZ,001328,-1.87,4821,5133
SZ,002528,-0.85,4820,5502
SZ,301268,-0.36,4818,5327
SH,600121,1.02,4813,4813
SZ,300249,-0.38,4807,5891
SH,605368,-0.14,4802,4802
SZ,002154,-0.72,4802,5939
SH,600073,-0.57,4801,4801
SZ,002590,-0.81,4801,5035
SH,603511,0.84,4799,4846
SZ,002033,-0.22,4797,4797
SH,688696,2.12,4796,4796
SH,601789,-1.11,4793,6723
SH,688720,1.88,4791,7515
SZ,002959,-0.08,4791,5340
SZ,300755,-0.6,4791,4793
SZ,002559,0.32,4783,6091
SH,600207,-0.67,4782,4782
SZ,300292,-0.22,4776,5743
SH,688786,2.63,4773,4773
SZ,300215,-0.3,4772,4772
SZ,300232,-0.55,4771,5855
SZ,300027,0,4770,5161
SH,688073,1.96,4767,4767
SZ,002344,-0.79,4766,4771
SZ,002570,-0.44,4763,4763
SH,688320,1.29,4760,4760
SZ,300147,-0.27,4759,4788
SH,603976,2.74,4754,4754
SH,600551,-0.27,4746,4746
SZ,300259,-0.23,4746,4747
SH,603217,1.02,4744,4744
SZ,301349,0.52,4744,6008
SZ,000753,-0.82,4739,4739
SZ,002632,-0.35,4739,5153
SH,688609,0.74,4735,4943
SZ,002401,1.19,4735,4739
SH,688691,0.43,4734,7786
SZ,300697,-0.13,4733,6182
SZ,300490,-0.49,4731,4796
SZ,002526,-0.73,4729,4760
SZ,301179,-0.49,4728,8052
SZ,300711,19.99,4728,5337
SZ,301583,-3.1,4726,28433
SH,688419,1.8,4725,4725
SH,600605,-0.21,4722,4722
SZ,300149,1.03,4720,4949
SZ,001317,0.36,4715,4720
SZ,301365,3.18,4711,6980
SZ,300878,3.78,4709,4730
SZ,002940,-0.65,4706,5124
SH,600088,-1.16,4705,4705
SH,688330,-0.9,4704,4704
SZ,301265,1.8,4703,5841
SH,688580,-0.23,4695,4695
SZ,300586,1.04,4694,6244
SZ,000417,-0.16,4690,4695
SH,688683,-0.6,4688,4688
SZ,002749,-0.57,4687,4791
SZ,301629,2,4684,10181
SZ,000720,4.2,4674,4674
SZ,002111,-0.51,4672,5086
SZ,002375,-0.56,4672,4703
SH,688667,0.16,4671,4671
SZ,301391,2.32,4670,4779
SZ,300518,10.69,4665,4666
SH,688389,-0.81,4662,4662
SZ,300087,0,4656,4888
SH,603365,-0.05,4653,4678
SH,603191,-0.97,4653,4653
SZ,000936,-0.56,4651,4652
SZ,002523,-0.89,4644,4661
SH,603408,-0.37,4641,4641
SZ,300271,0.52,4639,4741
SZ,002235,0.36,4639,4857
SH,600715,-1.21,4637,6577
SZ,000993,-1.55,4634,4634
SH,603216,-0.71,4634,4634
SH,600495,0,4627,4627
SZ,300523,0.45,4627,4627
SH,600523,0.17,4626,4629
SZ,300727,1.06,4625,5139
SZ,300388,-0.43,4624,4624
SH,603767,-0.59,4623,4623
SZ,300138,-0.16,4620,5604
SZ,002556,-0.19,4614,4619
SZ,002919,-0.28,4610,4644
SH,600351,-1.47,4609,4609
SZ,002481,-0.95,4607,5083
SZ,002455,0.43,4606,5036
SZ,301045,4.26,4605,7288
SZ,002478,-0.61,4604,5738
SZ,301325,0.35,4602,4602
SH,603711,-0.7,4599,4599
SH,603206,-3.01,4599,4599
SH,600626,0,4596,4596
SZ,002483,-1.32,4594,4601
SH,603980,0.59,4589,4589
SH,688665,-0.39,4583,4583
SZ,002880,-3.52,4581,4581
SH,600681,0,4569,4572
SH,603822,1.45,4567,4567
SZ,002728,-0.86,4567,4676
SZ,301239,-0.55,4562,4806
SZ,301603,1.24,4561,14596
SZ,000045,-0.09,4557,5050
SH,688655,2.96,4554,4554
SH,603528,1.26,4553,4553
SZ,002522,-0.19,4552,4556
SZ,002573,-0.3,4550,4557
SH,605338,-0.41,4549,4549
SH,601588,-0.57,4549,5758
SZ,000665,-0.24,4548,4549
SZ,300968,-1.25,4543,4543
SZ,301007,3.88,4543,4603
SZ,300461,0.84,4541,4944
SH,688085,-1.29,4537,4747
SH,688119,0.75,4534,4534
SZ,300663,-3.71,4530,4708
SH,603348,-1.16,4528,4528
SZ,001207,-0.5,4524,4687
SH,603916,3.66,4519,4519
SZ,000863,-1.51,4513,4581
SZ,300688,-2.83,4512,5090
SZ,300506,-0.15,4511,8753
SZ,300737,-0.96,4507,5640
SZ,300547,0.6,4504,5481
SH,600101,-1.19,4503,4503
SZ,300397,1.85,4502,5710
SZ,301488,-4.13,4501,10985
SZ,301075,1.19,4500,4500
SZ,300561,-0.31,4498,6122
SH,600658,-0.24,4497,4497
SZ,002627,0.31,4496,4545
SH,603060,1.27,4494,4494
SH,603387,-0.44,4493,4493
SZ,003004,1.72,4483,5339
SH,600178,-0.4,4483,4483
SH,600880,-0.96,4481,4483
SZ,000886,-1.07,4478,4529
SH,600173,1.27,4476,4476
SZ,002989,-0.56,4475,4561
SZ,300016,-0.86,4475,4630
SH,688635,-1.05,4475,23606
SZ,002774,2.45,4474,5347
SZ,300463,-0.43,4474,5502
SH,688210,1.85,4473,4473
SH,688218,1.78,4468,4468
SZ,000507,-0.79,4467,4553
SH,603122,-0.35,4466,4466
SH,600714,4.52,4464,4464
SZ,301055,2.46,4459,4557
SH,600283,-0.74,4459,4459
SH,601218,-0.42,4458,4458
SZ,000821,-0.93,4456,4591
SZ,002707,-0.57,4455,5061
SH,603611,0.12,4451,4451
SZ,002454,0.6,4448,4457
SH,688379,2.62,4446,4687
SZ,002651,0,4445,8123
SZ,301230,-0.03,4443,4940
SZ,301487,-0.66,4441,7483
SZ,000819,0.75,4440,4482
SZ,000759,-2.3,4439,4485
SZ,300692,1.76,4438,4864
SZ,300267,-0.63,4438,6435
SH,603661,0.03,4436,4436
SH,603032,0.32,4434,4441
SZ,000558,-0.57,4433,4435
SH,603803,2.15,4432,4432
SH,688796,-1.27,4429,51273
SZ,002059,0,4424,4556
SZ,300802,2.87,4424,6210
SH,600071,0.32,4424,4424
SZ,300702,0.05,4421,7311
SH,688196,1.91,4420,4420
SZ,002540,-0.18,4420,6425
SZ,002727,-0.7,4416,6582
SZ,002443,0.95,4414,4414
SZ,300123,0.91,4413,4537
SH,603683,0.39,4410,4456
SH,601065,-0.43,4409,4409
SH,688267,-0.3,4408,4408
SZ,300491,-0.03,4403,4964
SH,603558,0.71,4403,4403
SH,603439,0.93,4402,4402
SH,605208,2.15,4398,4398
SZ,002124,-1.32,4398,4955
SZ,300286,-0.83,4394,5304
SZ,002641,-0.5,4389,4757
SH,600758,-0.59,4385,4389
SZ,002146,-0.87,4381,4870
SZ,001338,-0.56,4380,4380
SH,603726,0.85,4379,4401
SZ,920077,2.33,4378,8500
SZ,300210,-0.87,4377,4377
SH,605300,-1.22,4376,4376
SZ,002543,-0.89,4373,4915
SZ,300196,2.25,4370,7232
SZ,300018,-0.98,4369,5865
SZ,300791,-0.52,4368,5231
SH,603398,5.78,4367,4367
SZ,300767,2.94,4366,5028
SZ,002746,0.49,4365,5292
SZ,002907,-0.6,4359,5420
SZ,300429,0.87,4353,5787
SH,600382,-1.72,4347,4347
SZ,001283,-1.03,4344,5448
SH,600976,0.96,4343,4346
SZ,301458,0.6,4340,9851
SZ,000521,-0.59,4332,5098
SH,688512,5.87,4330,6308
SH,605088,-0.36,4330,4363
SH,603222,-3.62,4327,4327
SH,603016,-0.81,4326,4326
SH,600609,-0.59,4318,4318
SZ,300964,6.58,4317,5884
SZ,000526,0.03,4314,4327
SH,603015,1.72,4313,4313
SH,603165,-0.57,4313,4313
SH,688010,1.28,4309,4309
SZ,000078,-2.95,4305,4315
SZ,002264,-1.33,4303,4758
SZ,002367,0,4299,4316
SZ,002112,-4.2,4298,4824
SH,603681,2.67,4294,4294
SZ,300326,1.53,4293,4295
SZ,002393,-0.89,4293,4409
SH,600558,-1.03,4291,4291
SH,603960,1.68,4290,4290
SZ,300532,-0.13,4286,4507
SZ,002480,-0.7,4283,4292
SH,600340,0,4283,4283
SZ,300071,-1.73,4282,4366
SZ,300963,-1.84,4279,5834
SH,600819,-0.36,4278,5294
SH,688639,-0.57,4277,4277
SZ,300441,-1,4275,4401
SZ,002427,-0.45,4273,4277
SH,605086,-0.32,4272,4272
SH,688291,0.53,4271,4271
SH,603339,0.73,4270,4270
SH,600379,2.62,4270,4270
SH,603150,0.2,4268,4268
SZ,000718,-1.05,4267,5675
SH,688350,0.78,4266,4266
SH,688719,1.47,4265,5484
SZ,000011,-0.36,4264,4827
SH,600152,0.5,4264,4264
SH,603912,0.77,4263,4263
SZ,300541,1.57,4260,4722
SH,603928,4.69,4259,4259
SH,605577,-0.61,4258,4258
SH,688023,1.12,4257,4257
SH,688646,0.98,4251,6591
SH,603069,-0.51,4247,4247
SZ,300984,1.39,4243,6584
SZ,300539,0.52,4238,5215
SZ,301235,0.12,4236,5661
SH,600168,-0.69,4232,4232
SZ,002765,-0.27,4231,4630
SH,600222,1.61,4229,4229
SZ,002285,-0.92,4227,4265
SZ,001288,5.78,4224,6501
SH,688236,-0.6,4223,5615
SZ,300061,0.15,4218,4468
SH,603869,1.65,4217,4217
SZ,301252,0.84,4215,5256
SZ,300290,5.1,4215,4216
SH,603636,0.83,4213,4213
SZ,300505,-1.67,4208,5321
SH,688551,1.31,4207,4207
SZ,301058,-0.47,4206,4276
SZ,002418,0.27,4205,4205
SZ,002902,0.17,4205,5563
SZ,300859,0.44,4201,4201
SZ,000016,0.38,4199,6333
SZ,002380,0.07,4196,7082
SH,605028,0.08,4192,4192
SZ,300793,0.45,4186,4281
SZ,920593,-0.45,4182,4906
SH,688269,2.99,4181,4181
SH,600650,-3.86,4175,5897
SZ,300228,0,4169,4457
SZ,300121,0,4165,4319
SZ,300669,2.06,4163,4396
SH,688311,0.93,4162,4162
SH,603318,0.89,4159,5025
SZ,300893,-0.95,4157,7838
SH,603058,0,4155,4155
SZ,301160,1.35,4150,6245
SZ,002876,0.87,4150,4844
SZ,002161,0.72,4149,4150
SH,603697,-0.5,4149,4149
SZ,300403,0,4147,5855
SH,688360,0.9,4146,4146
SH,603918,1.16,4144,4144
SZ,300662,1.59,4143,4155
SH,688186,-1,4140,4140
SH,603966,0.38,4137,4142
SZ,002553,-0.73,4135,5704
SZ,300248,0.3,4131,4811
SH,603998,-0.52,4127,4127
SZ,300189,-0.42,4121,4762
SH,603386,2.1,4118,4118
SZ,300206,0.25,4118,7055
SH,603271,0.97,4118,8627
SZ,300733,-0.97,4117,5584
SH,688356,-0.46,4115,4115
SZ,003026,1.57,4111,5340
SH,603167,-0.22,4110,4110
SH,688633,2.16,4108,4108
SH,603978,1.67,4108,4108
SZ,000655,0.29,4108,4108
SZ,000428,-1.7,4106,4106
SZ,002490,0.93,4106,6242
SZ,300091,1.21,4105,7134
SZ,002520,0.7,4104,4291
SZ,003019,0.81,4104,4199
SZ,300715,3.15,4103,4956
SZ,002406,0.15,4101,4973
SH,688061,0,4099,4099
SH,600505,-1.22,4094,4094
SZ,002512,-2.08,4093,4123
SZ,300320,0.72,4091,5068
SH,688595,-0.31,4089,4089
SH,600076,-0.32,4087,4087
SH,603121,0,4086,4086
SZ,002560,-0.61,4085,4743
SZ,300745,4.21,4084,4838
SZ,002843,0.31,4083,4108
SH,603088,-0.74,4081,4682
SZ,301282,1.54,4081,4875
SH,603085,3.32,4078,4078
SZ,300105,-1.48,4077,4080
SZ,002177,1.85,4077,4598
SH,600135,0.68,4072,4072
SH,688429,-0.19,4072,4072
SH,605055,2.32,4070,4070
SZ,002758,-0.5,4063,4067
SZ,300882,-0.64,4061,4365
SZ,301370,-0.45,4061,4061
SZ,920522,-1.53,4061,4896
SH,600479,-0.3,4060,4774
SZ,000599,0.4,4059,12142
SZ,002788,-1.2,4059,4130
SH,600261,0,4059,4059
SZ,301168,-0.6,4056,5106
SH,603669,-0.51,4053,4053
SH,605268,-0.21,4053,4053
SH,688039,0.58,4052,4052
SZ,920239,-0.74,4051,4100
SH,600227,-1.85,4050,5353
SZ,300588,0.35,4049,4385
SH,600727,1.73,4049,4049
SZ,000518,1.03,4046,4046
SZ,002586,3.62,4046,4257
SH,603519,-2.99,4046,4046
SH,603790,-1.44,4042,4042
SH,603758,-0.2,4041,4041
SH,603035,-0.35,4041,4041
SZ,001316,0.64,4039,4329
SZ,002321,-0.51,4035,4052
SH,688489,2.22,4035,4066
SZ,300481,-0.13,4035,4060
SZ,301187,0.25,4033,4033
SZ,300705,-0.9,4032,5453
SZ,300632,1,4032,5563
SZ,002160,0.26,4030,4038
SH,603178,-3.45,4026,4026
SZ,300557,0.74,4026,4046
SZ,300421,-0.5,4026,5140
SH,603429,-1.28,4023,4023
SZ,301115,2.55,4022,4948
SH,688558,1.4,4021,4021
SZ,300571,-1.01,4021,4851
SH,603261,1.31,4017,4017
SZ,300355,-0.67,4017,4716
SZ,301277,-1.24,4015,4015
SH,603679,3.91,4012,4012
SZ,300686,2.79,4008,4034
SZ,920139,-0.83,4007,4148
SZ,300606,4.16,4003,4707
SZ,300643,-1.02,4000,4009
SZ,300004,0,3998,3998
SZ,300022,1.51,3998,3998
SZ,002005,-2.14,3995,3996
SH,688768,-0.21,3994,4027
SZ,300668,0.2,3993,4821
SZ,300654,-9.43,3992,4145
SZ,002886,0.95,3991,5025
SH,603956,1.01,3984,3984
SZ,300380,1.2,3983,4329
SZ,301008,1.78,3978,4505
SZ,301169,2.11,3977,3979
SH,603967,-0.34,3976,3976
SZ,300712,0.24,3976,3993
SH,603933,0.68,3974,3974
SZ,300183,0.09,3974,4955
SH,600792,1.42,3974,3974
SH,603081,3.76,3967,3967
SZ,002950,-1.06,3961,5839
SZ,000782,0.4,3961,5149
SZ,002449,-0.3,3958,3958
SH,605286,0.08,3958,3958
SH,603719,-0.09,3956,3956
SZ,000096,0.26,3954,4087
SH,603138,1.26,3953,4025
SZ,300590,1.56,3950,5103
SH,600729,-0.62,3950,9038
SH,688590,2.48,3950,4389
SH,603315,0.16,3947,3947
SH,600725,-0.3,3944,3944
SZ,300010,-2.06,3942,4898
SZ,002772,0.95,3939,3972
SZ,002328,-0.28,3938,5325
SZ,301280,0.33,3938,7583
SZ,002040,-0.97,3937,3937
SZ,301376,-1.16,3937,8182
SZ,920946,-0.53,3935,3936
SZ,300349,-0.74,3934,4439
SH,688653,-0.23,3933,5276
SZ,002644,-0.38,3932,3932
SZ,301517,2.16,3928,6089
SH,600857,1.92,3928,3928
SZ,000520,-1.51,3927,3927
SH,603607,-0.22,3926,3926
SH,688211,0.37,3924,3924
SZ,000919,-0.31,3923,3924
SH,600469,0,3917,4779
SH,688459,0.12,3917,3917
SZ,002766,4.1,3916,3929
SH,603239,-1.08,3915,3915
SH,688530,9.46,3915,8979
SH,603324,1.79,3912,4049
SH,688168,2.06,3912,3912
SZ,000882,-0.68,3912,3914
SH,688238,0,3910,3920
SZ,301116,-0.56,3906,3906
SZ,300231,-1.12,3905,3905
SH,688588,0.91,3904,3904
SH,603090,-0.42,3903,3903
SH,601368,0,3903,3903
SH,605189,-2.49,3900,3900
SH,603689,-0.12,3900,3917
SH,603615,1.51,3898,3898
SH,603520,-0.33,3897,3897
SZ,002693,-0.31,3896,3931
SH,600628,-0.49,3894,3894
SZ,002116,-0.55,3893,3941
SH,688807,-0.38,3888,19442
SZ,002197,1.25,3882,4466
SZ,002930,-0.21,3875,4095
SZ,301016,-4.9,3867,4032
SZ,300880,0.05,3862,3862
SZ,300332,-0.62,3859,4027
SH,688133,7.08,3854,3854
SZ,002688,1.58,3849,3963
SZ,000850,0.74,3849,3850
SZ,000822,0.23,3849,3849
SH,603421,1.2,3848,3848
SZ,300907,1.62,3846,3846
SZ,002088,0.26,3845,3872
SH,600526,-0.44,3841,3910
SH,688571,3.79,3835,3835
SZ,920799,0.57,3830,6672
SZ,300534,-6.82,3830,3846
SZ,001380,-0.05,3828,4456
SH,603703,1.21,3826,3826
SZ,000906,-0.72,3822,3868
SZ,300553,3,3821,4986
SZ,300299,0.36,3820,3824
SH,688247,-1.05,3817,3817
SH,603020,0.59,3816,3816
SH,688298,-0.46,3816,3816
SZ,000816,-0.74,3815,3835
SZ,002612,0.6,3814,6632
SZ,002554,0,3814,3814
SZ,002564,0,3814,3814
SZ,300508,3.74,3813,5067
SH,600067,-0.71,3813,3813
SZ,300111,-0.99,3810,3810
SH,603113,0,3810,3810
SZ,300873,-0.11,3808,5246
SZ,920809,-0.11,3806,4966
SH,603676,-0.33,3803,3803
SZ,000523,-1.02,3803,5268
SZ,300318,-0.82,3796,3913
SH,601113,-0.28,3787,4645
SH,600520,2.36,3783,3783
SZ,300055,-0.32,3778,4995
SZ,300911,-2.25,3776,4041
SZ,301186,-0.25,3775,4015
SZ,002370,-0.58,3773,3773
SZ,002035,-0.61,3769,4086
SH,603175,-1.03,3769,36225
SZ,301398,-4.18,3768,3865
SH,603291,2.06,3767,3767
SH,688136,-0.47,3763,3763
SH,600794,0,3756,3756
SZ,300317,-3.2,3755,3761
SH,600960,-0.99,3755,3755
SZ,300901,0.58,3754,3754
SH,605162,-1.16,3751,3751
SZ,301003,1.42,3750,4847
SZ,002228,-0.31,3749,3761
SZ,002986,1.47,3746,4717
SZ,002589,-1.07,3742,4123
SH,600527,-0.91,3741,3741
SZ,300494,3.53,3740,4606
SZ,300068,0.92,3739,3935
SH,600568,-0.87,3739,4464
SH,603716,-1.42,3737,3737
SZ,300758,-0.37,3734,4143
SZ,000532,0.28,3728,3740
SZ,300351,-0.2,3727,5503
SH,600333,0.66,3727,3727
SZ,300044,-1.87,3727,3980
SZ,300096,0.58,3724,3724
SZ,000626,1.51,3722,3744
SZ,000797,-1.24,3722,3723
SZ,002187,-0.55,3722,3722
SH,600824,-0.55,3721,3721
SH,601188,-0.69,3721,3721
SZ,300471,0.51,3714,4659
SH,603926,1.01,3712,3746
SZ,301085,-0.79,3710,5465
SH,600337,0.39,3707,3707
SH,600805,-0.9,3707,3710
SZ,300572,0.34,3705,4681
SZ,002669,0.49,3702,3711
SZ,300424,1.91,3701,3703
SH,605058,1.85,3699,3699
SH,688299,0,3699,3699
SH,600576,-1.05,3698,5905
SZ,001269,-0.61,3694,3694
SZ,301038,-0.53,3694,3694
SZ,002562,-0.65,3693,5188
SH,688600,-0.14,3691,3691
SH,603038,1.93,3689,3689
SZ,002584,1.03,3687,4606
SH,605369,-0.35,3686,3686
SH,600800,-1.18,3684,3685
SZ,300448,-0.16,3682,3876
SH,605337,-0.94,3675,3675
SH,600860,0.24,3672,4528
SH,600830,0.25,3671,3671
SZ,002469,0.17,3670,3789
SZ,002596,-0.92,3669,3672
SH,603657,3.75,3666,3666
SH,603232,1.21,3666,3686
SH,688045,0.8,3666,3666
SH,603126,-0.32,3663,3663
SZ,300200,-0.11,3658,3719
SZ,002162,-0.74,3655,3660
SZ,002095,0.28,3655,3669
SZ,300559,0.17,3653,4690
SZ,002677,-0.59,3651,4277
SZ,300809,-0.44,3648,6143
SZ,301373,3.41,3646,9643
SH,600262,7.74,3644,3644
SH,688199,1.67,3641,3641
SZ,002016,-1.53,3633,3633
SZ,002609,1.02,3630,5090
SH,688148,1.14,3627,3627
SZ,002457,-2.15,3623,3625
SH,600506,0.28,3617,3617
SZ,001238,-1.38,3615,3865
SH,603316,1.63,3615,3694
SH,688212,-0.03,3614,3614
SZ,002676,-0.39,3614,3614
SH,688533,0.37,3612,3612
SZ,300611,0.66,3611,5140
SZ,300639,-0.16,3611,3704
SH,603559,-0.87,3607,3607
SH,603105,-1.22,3605,3605
SZ,300270,4.23,3603,4182
SH,600721,7.46,3599,3599
SH,603579,-0.82,3597,3597
SH,600127,-0.17,3594,3594
SZ,000903,-1.05,3591,3618
SZ,002305,0.49,3590,3590
SZ,300434,-1.12,3589,4214
SZ,301026,4.23,3585,4963
SH,688075,-0.83,3584,3584
SH,600579,0.69,3584,3584
SH,603199,-0.08,3578,3578
SZ,300414,0.09,3577,3720
SZ,300894,0.91,3576,4925
SZ,300399,2.26,3574,3575
SZ,300402,0.14,3574,3620
SZ,300194,-0.8,3573,4390
SZ,300099,-0.15,3572,4527
SZ,300943,0.83,3570,5454
SH,603706,-0.1,3570,3570
SH,600980,2.22,3570,3645
SZ,300120,0.6,3566,3883
SH,603551,-0.63,3563,3608
SZ,000713,0.35,3561,4630
SH,603116,4.75,3561,3561
SH,603139,2.06,3561,3561
SZ,001257,1.29,3561,47735
SZ,300736,1.86,3558,3650
SH,603109,-0.52,3557,3557
SH,600156,9.95,3555,3555
SH,688157,0.96,3553,3553
SH,688215,3.07,3552,3552
SZ,002369,10,3550,3555
SH,688569,0.42,3550,3550
SZ,002225,-0.52,3548,4336
SH,688033,-0.46,3547,3547
SZ,300478,0.25,3547,3547
SZ,300533,-1.47,3545,5039
SZ,301017,-1.43,3544,5557
SZ,301609,-2.72,3539,5872
SZ,000407,0.25,3538,3556
SZ,000505,-0.17,3535,4064
SZ,300781,-1.18,3534,4789
SH,603665,-0.67,3532,3532
SZ,300822,-4.37,3531,3807
SZ,301076,0.39,3530,5280
SH,601599,-0.64,3528,3528
SZ,300652,-0.26,3521,3923
SZ,300213,0.95,3518,3786
SH,603566,-1.25,3516,3516
SZ,002425,10.09,3515,3654
SZ,002356,-0.73,3514,3514
SZ,301112,-0.46,3512,3512
SZ,300962,0.08,3511,3511
SH,603390,-0.19,3511,3517
SZ,300521,1.84,3510,3555
SH,688785,1.78,3502,17502
SZ,300885,0.1,3501,5201
SZ,301120,-2.44,3499,5783
SZ,000726,0,3495,4848
SZ,300522,2.31,3494,4282
SZ,002582,-0.19,3494,4544
SZ,300190,-1.32,3494,3508
SZ,301110,-0.28,3492,4964
SH,605068,-1.99,3489,3489
SH,603569,-0.68,3488,3488
SZ,301051,4.68,3487,4389
SZ,001216,0.14,3487,4146
SZ,300427,-1.13,3486,3524
SH,605186,2.97,3486,3486
SZ,002339,-1.35,3485,3670
SZ,000965,-0.94,3485,3485
SZ,000659,-2.16,3484,3484
SZ,002628,0,3482,3498
SZ,002783,0.94,3481,3770
SZ,301201,2.85,3481,4962
SH,688398,0.44,3480,3480
SZ,301656,-0.11,3480,41098
SH,600834,-0.67,3475,3475
SZ,000862,-1.77,3473,5076
SZ,301630,0.41,3472,9267
SH,688583,1.4,3466,9947
SZ,000716,-0.62,3465,3546
SZ,301479,-0.38,3465,6053
SH,603798,3.29,3465,3465
SZ,002107,-1.45,3463,3498
SZ,002849,2.39,3462,3490
SZ,300311,7.87,3461,4338
SZ,002912,-3.91,3460,3642
SH,688339,-0.16,3460,4250
SH,605398,0.81,3459,3459
SH,688098,0.6,3458,3458
SH,688750,-0.19,3457,6864
SZ,002973,8.91,3456,4446
SZ,301096,0.22,3456,4543
SH,601033,-1.83,3454,12951
SH,603813,-0.41,3452,3452
SZ,300622,-1.91,3450,5047
SZ,001400,1.81,3449,6267
SZ,301322,-1.28,3448,5113
SZ,301315,0.82,3447,3447
SZ,002412,-1.13,3445,3482
SZ,301259,-0.87,3442,5368
SZ,300840,1.41,3441,4663
SZ,300812,0.36,3440,3791
SZ,002462,-0.16,3439,3442
SH,605158,-0.29,3437,3437
SH,603014,0.53,3435,14141
SH,688607,3.32,3435,3816
SZ,002927,0.13,3432,3471
SH,605303,0.14,3425,3425
SZ,920725,0.96,3424,7074
SZ,300453,-0.51,3419,4960
SH,688602,-0.74,3417,3417
SH,603815,-0.89,3416,3416
SH,688522,0.1,3414,8409
SH,688286,1.3,3414,3414
SH,688680,-1.62,3413,3413
SZ,301289,0.25,3412,3434
SZ,301246,0.6,3412,8024
SZ,002037,3.37,3411,3411
SH,688302,0.58,3411,3411
SZ,301421,1.15,3411,8524
SZ,301500,0.34,3405,13264
SH,605566,3.78,3402,3402
SZ,002474,-0.15,3400,4001
SZ,301302,0.25,3400,3812
SZ,000926,0,3398,3441
SH,603396,-0.19,3397,3397
SZ,300078,-0.32,3396,3410
SZ,000509,0,3391,3391
SZ,003037,0.35,3391,3391
SZ,301310,1.22,3385,10598
SH,600318,0.76,3384,3384
SH,688259,0.56,3383,3383
SZ,301175,-0.36,3383,8007
SH,603630,-0.52,3383,3383
SH,688283,1.24,3382,3382
SH,600503,-0.46,3381,3381
SZ,300069,2.38,3379,3379
SZ,000037,-1.37,3379,6010
SH,601366,-0.27,3378,3378
SZ,002362,0.18,3375,3975
SZ,301617,0.39,3375,8504
SH,603357,-0.98,3374,3374
SZ,300545,1.18,3374,5234
SZ,000868,-1.09,3373,3373
SZ,000721,0.3,3371,3776
SZ,301499,0.29,3369,3369
SH,603577,-0.79,3368,3368
SZ,301311,3.31,3367,3367
SH,600638,0.2,3367,3367
SZ,300419,3.16,3365,3365
SH,603095,0.85,3363,3363
SZ,300225,4.25,3361,3385
SZ,300879,-0.88,3359,3382
SZ,000889,-1.52,3358,3614
SZ,300370,0.47,3357,3366
SZ,002355,9.92,3357,3630
SH,603313,0.51,3355,3355
SZ,300473,0.27,3355,3849
SZ,301408,-0.94,3354,5860
SZ,002735,0.77,3352,4413
SZ,002269,0,3352,3593
SH,605066,-0.44,3351,3351
SZ,300729,-0.28,3348,3478
SH,688163,1.01,3347,3347
SH,603007,-2.42,3343,4254
SH,600229,-0.38,3343,3343
SZ,300132,-0.89,3338,3394
SH,688084,0.25,3331,3331
SH,688053,-0.05,3330,3330
SZ,300241,-0.35,3330,3970
SH,603948,0.89,3329,3329
SH,603201,0.4,3328,3357
SZ,300056,-0.22,3328,3331
SH,603351,1.95,3328,3328
SZ,301199,0.05,3328,3457
SH,600843,0.14,3327,5056
SZ,300466,0.54,3322,3963
SH,603759,-0.41,3320,3320
SZ,920819,-0.71,3320,3359
SZ,301682,-0.63,3319,15707
SZ,000007,0.31,3319,3319
SH,601999,0.33,3317,3317
SZ,301033,-1.81,3315,3944
SZ,000701,0.81,3312,3315
SZ,300040,-3.46,3311,4118
SZ,300407,0.47,3311,4427
SZ,301468,2.45,3307,5738
SZ,300664,-0.43,3307,3433
SZ,300530,-3.06,3307,3307
SZ,002395,-0.07,3304,3304
SZ,002055,0.36,3303,3361
SZ,300656,0.44,3301,4251
SH,603535,-0.3,3301,3301
SZ,002791,-0.84,3300,5365
SZ,002094,0,3300,3302
SH,605399,1.82,3300,3304
SZ,300160,-0.22,3300,3347
SH,600218,-0.25,3297,3297
SH,605136,-0.23,3296,3296
SH,603051,1.75,3296,3296
SZ,000736,-0.89,3295,3295
SH,605108,-0.23,3294,3294
SH,600539,-0.06,3294,3294
SZ,300234,1.81,3289,4810
SH,688443,-2.08,3288,8408
SH,603648,-0.32,3287,3287
SH,600228,2.2,3287,3292
SH,600865,-0.67,3285,3285
SZ,002178,0,3281,3283
SZ,002109,-0.38,3280,3280
SZ,301551,-1.2,3280,8488
SZ,003000,-0.64,3278,4798
SZ,002801,0.04,3276,6496
SZ,300801,0.13,3276,5227
SZ,000546,-0.62,3275,3655
SZ,000514,-0.76,3274,3274
SZ,000803,0.42,3274,3320
SZ,300385,-0.34,3273,3751
SH,605077,-0.17,3273,3312
SH,688579,1.24,3272,3272
SZ,000488,-1.02,3270,5677
SZ,300608,2,3266,3734
SZ,920179,2.15,3261,4065
SZ,300550,1.22,3260,3264
SZ,300848,-0.22,3260,5511
SH,600192,-5.25,3260,3260
SH,603656,0.68,3258,3258
SH,605588,1.32,3258,3266
SH,688358,1.08,3257,3262
SZ,002686,4.36,3257,3528
SZ,301213,-2.21,3256,5037
SH,600853,-0.61,3254,3254
SZ,300609,5.07,3254,3259
SZ,000789,0.25,3253,3253
SZ,301613,-1.06,3252,5575
SH,688722,0.55,3252,3252
SH,600679,-0.41,3251,4685
SH,688171,0.43,3250,3250
SH,600280,-0.34,3250,3250
SH,600822,-0.6,3248,4067
SH,600791,1.41,3248,3252
SH,600467,-0.88,3243,3243
SZ,300746,3.57,3241,3273
SH,688813,-1.07,3241,17243
SZ,300352,2.01,3241,3683
SZ,002571,1.31,3240,4257
SH,600622,-1.36,3239,3239
SH,600716,0,3239,3239
SZ,300578,-0.6,3237,3238
SZ,300683,-0.74,3236,3470
SH,603258,-0.29,3234,3253
SH,600130,-0.22,3233,3233
SZ,002646,-0.43,3231,3253
SZ,301073,1.06,3230,3533
SH,603856,0,3230,3230
SH,600053,-0.12,3226,3226
SZ,301060,-0.1,3223,3585
SZ,001217,0.31,3223,3256
SZ,000607,-0.81,3222,3704
SH,600749,1.5,3221,3221
SZ,300749,4.44,3220,4198
SH,603278,-0.1,3219,3219
SZ,300504,1.03,3219,3998
SZ,002818,-0.27,3219,8076
SZ,920806,-1.28,3218,3218
SZ,002021,-0.73,3216,3216
SH,600293,-0.71,3214,3214
SZ,002672,-1.1,3213,3924
SH,688030,2.47,3210,3210
SH,603898,-0.18,3209,3209
SH,600052,-0.51,3208,3208
SH,603958,1.81,3205,3205
SZ,002451,-0.4,3201,3212
SZ,300193,0,3200,3634
SH,603500,0.52,3200,3201
SH,603817,-0.35,3198,3198
SH,603987,-0.4,3197,3197
SH,603230,-0.76,3196,3196
SZ,003032,-4.25,3195,4519
SZ,300948,1.98,3195,3385
SZ,002199,0.58,3194,3367
SZ,300932,0.2,3192,4481
SZ,002327,-0.14,3191,5420
SH,600512,-0.49,3191,3191
SZ,002845,0.71,3188,4173
SZ,301226,1.39,3186,3186
SZ,920037,0.22,3186,5210
SZ,300552,-5.26,3184,5024
SH,603903,1.96,3184,3184
SZ,301662,-0.24,3183,8279
SZ,002441,-0.49,3180,4345
SZ,300243,1.57,3180,3975
SZ,300050,0.34,3180,3182
SH,688682,0.55,3178,3178
SZ,301696,-0.33,3178,42257
SH,603210,-0.35,3176,4646
SZ,300836,0.08,3174,4636
SH,603999,-0.89,3174,3174
SZ,002548,-1,3170,3263
SH,688071,0.03,3169,3169
SZ,301223,-0.05,3169,3169
SZ,301136,0.09,3167,3170
SZ,002175,0.4,3166,3166
SZ,300110,-0.73,3166,3168
SZ,300936,0.69,3165,5019
SH,603192,0.09,3163,3794
SH,688317,-0.29,3163,3163
SZ,000802,3.27,3163,3164
SH,600354,0.84,3162,3162
SH,688229,0.3,3160,3160
SH,600327,-0.82,3159,3159
SH,688070,3.54,3157,3157
SZ,000731,-0.51,3156,3156
SH,603266,0.06,3154,3154
SZ,300867,-1.13,3150,4467
SZ,300386,19.96,3150,5251
SH,603600,-0.41,3149,3149
SH,688162,0.17,3144,3144
SZ,301028,0.4,3143,4845
SZ,300157,-1.82,3142,3291
SH,601616,-2.38,3142,3142
SH,688216,2.6,3139,3381
SZ,300721,3.56,3139,3740
SH,605138,0.71,3139,3139
SZ,000691,-0.09,3139,4708
SZ,000151,2.1,3138,3576
SH,603725,1.48,3137,3137
SH,688373,-0.41,3137,3137
SH,605259,0.28,3136,3136
SZ,301257,0.05,3134,3287
SZ,002296,-0.32,3130,3510
SZ,301270,-1.83,3130,3312
SH,600731,-0.68,3126,3196
SZ,301602,-1.05,3125,6421
SZ,300589,2.85,3125,5034
SH,688618,0,3118,3118
SZ,002365,-0.3,3118,3745
SH,603788,0,3116,3116
SZ,000890,-0.12,3113,3113
SZ,300310,0.22,3111,3967
SZ,000788,-0.75,3111,3111
SZ,002933,1.03,3107,3123
SZ,300698,-0.6,3106,3511
SZ,300955,-0.64,3105,3105
SH,603527,1.45,3103,3103
SH,688273,0.03,3103,3103
SH,603048,3.33,3099,3099
SZ,000576,1.71,3097,3116
SZ,001229,-0.79,3096,6021
SZ,000421,-0.54,3095,3096
SH,688159,0.36,3092,3092
SZ,002313,0.98,3092,3093
SH,688081,-0.32,3089,3089
SZ,300542,1.55,3087,3723
SZ,300818,2.94,3086,4763
SZ,300094,-0.35,3084,3148
SZ,301111,1.42,3083,3083
SH,688175,2.46,3083,3083
SZ,301082,-6.83,3082,3324
SZ,001318,-1.08,3081,3081
SZ,301419,2.27,3081,4661
SZ,301568,1.78,3075,6672
SZ,300839,0.18,3075,3129
SZ,002667,6.04,3074,3385
SZ,301448,-0.29,3073,4535
SZ,301348,-0.04,3073,4738
SZ,001221,-1.3,3072,15988
SZ,003002,0.6,3072,3360
SH,688458,0.37,3071,3654
SZ,002575,-1.31,3068,3237
SZ,003029,2.17,3068,3373
SH,603696,-3.11,3067,3067
SZ,301132,2.76,3067,4794
SZ,300062,-1.9,3066,4214
SH,688280,-0.66,3066,3476
SZ,300247,-1.54,3063,3063
SZ,301218,6.64,3063,4985
SZ,002826,0.36,3059,3158
SZ,300798,-1.94,3059,3718
SZ,002623,-0.93,3053,3060
SZ,000931,-0.24,3049,3058
SZ,301020,0.77,3048,3048
SZ,300563,1.48,3048,4380
SZ,300927,-0.27,3047,3123
SZ,300946,0.32,3046,6268
SZ,002889,-1.29,3045,4577
SZ,002542,-2.25,3043,3125
SH,600719,-1.18,3034,3034
SZ,002394,2.74,3034,3040
SZ,300135,0,3032,3032
SZ,002829,0,3032,4314
SZ,002012,0.62,3030,3030
SH,603330,3.47,3030,3223
SH,600530,-7.77,3030,3030
SH,688693,20,3028,5734
SZ,002724,-0.36,3026,4112
SZ,300603,-0.24,3025,3760
SH,688015,-0.3,3025,3025
SZ,300691,0.59,3024,3686
SZ,920418,-0.51,3024,3131
SZ,300052,-2.36,3022,3022
SH,600969,-0.96,3016,3016
SH,601956,-0.6,3015,3015
SH,603819,2.44,3013,3013
SZ,300011,-0.16,3013,3597
SZ,300187,-0.84,3010,3028
SH,600668,-0.13,3010,3010
SZ,300887,13.84,3010,4535
SZ,300716,7.06,3008,3008
SZ,000615,0.31,3007,5809
SZ,300600,0.39,3007,3007
SZ,300560,4.62,3005,3692
SH,688370,-0.45,2997,2997
SH,600738,-0.5,2997,3000
SZ,300864,-0.47,2993,2993
SH,603008,-0.72,2991,2991
SZ,000609,-1.24,2989,3073
SZ,002899,3.48,2985,2985
SZ,301172,0.84,2978,4026
SZ,002587,0.54,2978,3659
SZ,300238,-1.14,2975,2975
SZ,300973,-1.6,2974,4247
SH,688511,1.69,2969,2969
SZ,300329,1.12,2968,2977
SZ,300032,-0.8,2964,2964
SZ,301600,-0.87,2963,9600
SH,600470,-1.04,2963,2963
SZ,300816,1.99,2959,4055
SH,688335,0.86,2958,2958
SH,688557,0.3,2958,2958
SZ,002921,-0.16,2955,3428
SZ,002282,-0.33,2954,3082
SZ,300982,-0.45,2953,3152
SZ,000710,-2.49,2953,3168
SZ,301313,1.35,2951,3887
SH,688077,4.46,2950,2950
SH,688391,0.24,2949,2949
SZ,300875,-0.61,2947,3351
SZ,001256,3.42,2945,3929
SZ,002878,-0.94,2944,3270
SZ,300908,0,2942,3481
SZ,300826,0,2942,3058
SZ,300869,0.27,2938,4476
SZ,300860,0.94,2938,5060
SZ,000798,0.12,2938,2938
SH,600684,-1.14,2936,3805
SH,600712,-3.87,2936,2968
SZ,002286,-1.36,2935,3017
SH,688152,0.7,2935,2935
SZ,300537,2.06,2932,4003
SZ,002811,0.58,2930,3194
SZ,300833,-0.32,2929,4560
SZ,300051,0.13,2928,2965
SZ,000668,0.91,2928,2928
SZ,301066,-0.07,2928,2951
SH,605218,1.4,2926,3339
SH,600838,-0.67,2926,2926
SZ,002086,-1.06,2925,3624
SH,603949,0.36,2922,2929
SZ,002521,0.14,2922,3904
SZ,002347,0.17,2921,2988
SH,605089,4.86,2920,2920
SH,600322,-1.48,2919,2919
SZ,002823,-0.14,2918,4377
SZ,002875,1.85,2916,2916
SH,603739,0.09,2915,2915
SZ,300148,1.42,2915,3019
SH,603808,1.52,2914,2914
SH,600620,0.24,2912,2912
SZ,002259,-0.76,2912,2912
SZ,301068,0.07,2904,4091
SH,603896,-0.13,2900,2900
SZ,002148,0.78,2899,3593
SZ,000068,0,2899,2899
SZ,301133,0,2897,3167
SZ,002903,3.79,2895,4253
SZ,001311,0.74,2894,6596
SZ,300242,0.88,2894,2894
SZ,300877,-0.49,2890,2890
SZ,003020,-1.26,2889,3912
SZ,300266,0,2889,2890
SZ,002485,-0.92,2889,2889
SZ,300945,1.77,2888,3171
SZ,300321,2.26,2887,2890
SZ,300830,-0.57,2885,3866
SZ,301151,6.55,2882,2885
SH,603722,-0.06,2882,2942
SH,600212,-1.62,2879,3816
SZ,301260,-0.56,2879,6777
SZ,001210,3.7,2877,4733
SZ,002996,-0.15,2874,4197
SZ,002725,1.94,2873,2954
SZ,300086,-0.9,2869,2963
SZ,002795,0.61,2867,2915
SZ,000892,-1.46,2865,3953
SZ,002692,-1.47,2864,2865
SZ,301266,-0.74,2863,3018
SZ,002168,-3.94,2862,2862
SZ,002981,-0.75,2862,3215
SH,688066,4.42,2860,2860
SH,600265,0,2859,2859
SZ,300890,-0.1,2858,3127
SH,603310,0.14,2858,5087
SZ,000695,0,2857,2985
SZ,301525,1.03,2856,5453
SZ,000910,-0.18,2856,2857
SH,603335,-0.29,2856,2856
SZ,300237,-0.49,2855,2855
SZ,300239,-0.61,2855,2873
SZ,300510,-1.41,2853,2853
SZ,002278,-0.24,2852,3090
SH,600215,0.16,2851,2851
SZ,002798,0.18,2847,3237
SH,601112,0,2847,27115
SZ,002403,2.02,2847,3263
SH,688255,1.17,2846,2846
SZ,000978,0,2846,2846
SZ,300511,-0.94,2845,3339
SZ,002659,-4.99,2842,2842
SZ,300163,0,2840,2948
SZ,001388,-3.07,2839,5304
SZ,300175,2.2,2839,2839
SZ,300501,0.69,2839,2849
SH,605080,0.1,2836,2848
SZ,300479,2.56,2836,2837
SH,688338,-0.33,2835,2835
SZ,001218,2.82,2834,3178
SZ,301608,-0.8,2833,6313
SH,688056,-1.79,2833,2833
SZ,300795,-1.56,2832,4866
SH,605169,-0.19,2832,2832
SZ,002331,0.72,2831,3016
SZ,301305,0.18,2827,5500
SZ,002722,-0.62,2824,2824
SH,600844,-1.43,2822,3487
SH,600630,-0.44,2821,2821
SZ,301197,0.97,2821,3127
SZ,002186,0,2820,2821
SH,600136,1.4,2817,2959
SH,603955,1.17,2816,2816
SZ,000897,-1.13,2814,2814
SH,600249,0.39,2811,2811
SZ,002314,-0.46,2810,5686
SZ,002224,-0.28,2806,3139
SZ,301148,-0.7,2806,5552
SZ,002689,1.13,2805,2807
SH,688687,-1.13,2805,2805
SZ,002866,-0.5,2805,4482
SZ,300858,-0.55,2805,3776
SH,603006,1.38,2804,2804
SH,688369,2.49,2803,2803
SZ,002923,-0.27,2803,3637
SZ,300404,-1,2801,3784
SZ,002323,-2.93,2799,2800
SH,603280,0.47,2798,2798
SZ,301622,0.63,2797,5014
SZ,301158,-0.8,2795,2867
SZ,001299,0.2,2795,3104
SH,603878,0,2795,2795
SZ,300381,-1.17,2794,2804
SZ,002846,0.47,2794,4511
SH,605500,-0.58,2793,2793
SH,603829,-0.19,2792,2792
SZ,002357,-0.55,2787,2787
SH,688570,-0.06,2785,6408
SZ,300447,0.8,2780,4310
SZ,003007,-1.25,2779,4577
SH,600735,1.71,2778,2800
SZ,300389,0.8,2776,4669
SZ,002726,0,2775,2777
SZ,003016,0,2773,2839
SZ,002547,-1.17,2773,2831
SZ,000570,-0.19,2773,3521
SZ,300410,1.21,2772,2772
SZ,300810,0.45,2771,2870
SZ,301439,-0.52,2771,5883
SH,600408,-0.71,2769,2769
SZ,301234,-3.69,2768,4685
SZ,002616,-1.04,2767,4047
SZ,002054,0.56,2765,3471
SZ,002248,0.22,2764,2764
SH,688314,0.92,2763,2763
SZ,002476,0,2760,2760
SZ,300615,19.97,2759,3478
SH,600876,-0.28,2758,4500
SZ,301042,0.2,2756,2891
SZ,301535,-3.56,2752,6894
SZ,003015,1,2747,3125
SZ,002578,0.63,2747,2994
SH,600594,-1.68,2745,2745
SH,600785,-0.79,2745,2745
SZ,002962,1.16,2744,3827
SZ,301255,0.29,2744,3127
SZ,300345,-0.16,2743,3319
SZ,300154,2.59,2742,3911
SH,600419,0,2742,2742
SH,603970,-0.77,2742,2742
SZ,002561,-0.44,2739,2748
SZ,300584,-1.12,2735,3997
SH,688137,-1.28,2734,2734
SH,688357,-0.1,2734,2734
SZ,300449,1.29,2733,2733
SZ,002917,0.67,2733,3646
SH,605166,1.05,2732,2732
SZ,300359,-4.21,2730,2730
SZ,003025,0.25,2728,3422
SZ,300384,-0.15,2727,3953
SH,603838,0,2727,2727
SH,603585,-0.19,2724,2770
SZ,301081,1.93,2723,2835
SZ,920491,-0.08,2722,3317
SZ,920735,-1.68,2720,3075
SH,603037,-0.86,2717,2721
SZ,002953,-0.5,2717,4749
SZ,301251,8.29,2717,6777
SZ,300998,4.69,2716,3459
SZ,300920,4.59,2716,4089
SZ,000017,-0.64,2715,4245
SH,603518,-0.24,2715,2725
SZ,002663,-1.23,2714,2740
SZ,300279,-0.88,2712,2724
SH,600405,0.91,2709,2709
SZ,300095,0.47,2707,3361
SH,600665,3.3,2705,2705
SZ,301202,1.22,2703,4631
SZ,301273,-0.81,2703,3521
SZ,000529,0.42,2701,2767
SZ,000809,-0.29,2697,2697
SZ,002404,0.51,2697,3316
SZ,300425,0.25,2696,2702
SH,688367,1.99,2694,2694
SH,600661,-3.38,2694,2694
SZ,300374,-0.35,2692,2693
SH,603202,-0.86,2691,8576
SH,688246,0.51,2691,2691
SZ,301092,1.47,2691,5941
SH,603602,5.25,2687,2687
SZ,002337,0.44,2687,2690
SH,600358,2.31,2686,6188
SZ,001369,-0.83,2684,14842
SZ,300942,2,2682,2682
SH,603161,-2.42,2680,2731
SZ,301296,-0.15,2678,2678
SH,601798,0.4,2677,2677
SH,603617,0.58,2676,2697
SH,603080,0.85,2674,2674
SZ,301281,1.81,2673,4079
SH,688529,2.92,2671,2671
SZ,301149,0.9,2670,4388
SZ,000504,0,2669,2676
SZ,300445,0.64,2668,4032
SH,688500,-0.8,2667,2705
SZ,920068,1.45,2666,10063
SH,603768,1.27,2665,2665
SH,603237,-2.49,2665,2752
SZ,002022,0,2664,2665
SH,600537,-2.59,2663,2663
SH,688316,-2.79,2663,2663
SH,600386,-0.59,2661,2661
SH,603036,0.94,2660,2660
SZ,301631,-0.82,2659,7807
SH,688080,2.04,2659,2659
SZ,300789,0.9,2659,2740
SZ,300162,0.39,2659,3260
SZ,300477,-1.46,2656,2873
SZ,000812,0.57,2654,2655
SZ,300020,-1.13,2652,2750
SZ,300230,-0.46,2652,3424
SH,603107,-1.13,2651,4099
SZ,002863,0.45,2650,2650
SH,603066,0.11,2648,2648
SH,603030,-0.98,2647,2647
SZ,002072,0.28,2646,2647
SZ,300631,2.3,2645,2719
SZ,002136,0.08,2640,2647
SH,603159,1.45,2639,2639
SH,603863,-1.14,2638,2638
SZ,301181,2.18,2635,3377
SZ,002748,2.14,2635,2635
SH,601996,-1.25,2634,2634
SH,600250,-0.23,2634,2634
SH,603633,0.16,2633,2633
SH,600671,-1.98,2633,2633
SH,603189,1.56,2631,2631
SZ,300301,-0.59,2630,2763
SZ,002658,-0.13,2628,4660
SZ,002976,0.05,2626,4198
SZ,301337,2.1,2623,2681
SH,605155,-1.19,2621,2673
SH,600538,1.83,2621,2621
SZ,300853,1.06,2619,3915
SZ,300577,0.11,2619,4418
SZ,301221,0.45,2619,3851
SH,603839,-0.43,2616,2616
SZ,300653,-0.94,2615,2615
SZ,300141,-1.81,2615,2648
SZ,300218,0.5,2613,2621
SH,603215,-0.77,2610,2991
SZ,002453,0,2609,3518
SZ,300536,0.23,2607,2607
SZ,000972,0.3,2607,2607
SH,601010,-0.68,2605,2605
SH,603586,0.15,2604,2604
SH,688589,-1.37,2603,2603
SH,688619,2.26,2602,2602
SZ,301222,-0.03,2599,3421
SZ,001223,-3.24,2598,4862
SZ,300272,-0.17,2596,3418
SZ,002712,-0.4,2596,2613
SZ,001324,-0.47,2596,2596
SZ,002952,2.28,2595,3239
SH,603017,0.43,2593,2593
SZ,001300,-0.08,2589,2589
SZ,002599,-1.41,2588,3384
SZ,300288,0.7,2584,3403
SZ,301380,-1.38,2582,3243
SZ,301190,-1.03,2577,3866
SZ,920190,-0.37,2576,2590
SZ,002103,-1.48,2573,3542
SZ,300366,2.11,2573,2947
SZ,300647,1.08,2571,2575
SH,603628,-0.62,2569,2574
SZ,002869,1.62,2568,2884
SZ,002769,-0.28,2566,2568
SH,603886,1.04,2566,2566
SZ,002613,-0.89,2561,3643
SH,603779,1.05,2560,2560
SZ,300591,-1.07,2558,2961
SZ,001282,-0.88,2558,3722
SH,601007,-0.14,2551,2551
SZ,002816,0.39,2550,2550
SZ,000565,0.17,2550,2550
SZ,300173,4.83,2549,2549
SH,603677,-0.29,2548,2548
SZ,300439,0.11,2546,3347
SZ,300991,1.81,2541,3972
SH,600793,-0.68,2540,2540
SZ,001333,1.02,2537,2537
SZ,300730,1.91,2537,2959
SH,600289,-4.06,2535,2827
SZ,002813,-0.13,2533,2536
SZ,000019,-0.15,2531,7007
SZ,300585,-0.06,2526,2526
SZ,301178,0.27,2524,3422
SZ,920019,2.59,2523,3167
SZ,300250,-1.41,2522,3424
SH,605266,0.25,2521,2521
SH,688129,-0.32,2520,2520
SZ,301669,0.03,2519,14765
SZ,920571,-1.5,2517,4721
SZ,301025,0.33,2517,3635
SZ,300269,0.63,2507,2609
SZ,002983,0.82,2507,4364
SZ,920002,-2.27,2504,3577
SZ,300562,-0.85,2504,3279
SZ,002868,2.24,2503,3621
SZ,002682,-0.21,2503,2503
SZ,000153,-1.08,2501,2533
SZ,300354,2.5,2498,4249
SZ,300334,0.98,2498,2498
SZ,300264,-0.58,2496,2904
SZ,301046,0,2495,3230
SZ,000545,-1.16,2493,2497
SH,688765,-1.53,2491,12373
SZ,002871,0.18,2488,4198
SZ,300582,1.63,2488,3353
SZ,300025,2.94,2488,2498
SZ,300636,-0.28,2487,2843
SZ,301027,1.03,2486,3015
SZ,300485,-0.86,2484,4369
SZ,301262,-1.92,2483,8482
SZ,002879,-4.78,2482,3495
SH,603320,0.6,2482,2482
SZ,002172,-0.3,2479,2481
SZ,301119,0.43,2479,3065
SH,600560,0.09,2476,2476
SZ,002828,-0.72,2474,2474
SZ,300097,4.33,2473,2643
SH,688455,0.75,2472,2472
SH,688468,0.16,2471,2471
SZ,300103,3.87,2469,2471
SH,600858,-0.2,2469,2481
SZ,300555,-0.31,2467,2492
SZ,920402,-0.54,2467,3815
SH,600892,6.01,2467,2467
SH,603488,-0.23,2464,2464
SH,600257,-0.77,2464,2464
SZ,301397,3.22,2463,5386
SZ,000707,-0.44,2462,2614
SZ,300365,-1.02,2461,2885
SZ,301002,0.94,2460,3906
SZ,300824,-0.25,2459,2536
SZ,301040,1.4,2458,2605
SZ,300667,0.35,2455,2910
SZ,300921,0.13,2453,3890
SH,603331,1.42,2452,2452
SZ,300701,1.46,2451,2718
SH,600992,1.01,2451,2451
SZ,301531,0.71,2450,11481
SZ,002593,0.23,2449,3513
SZ,002343,-0.57,2449,2449
SZ,001376,0.26,2446,5268
SH,603076,0.95,2444,2444
SZ,300978,-0.22,2443,3597
SZ,000014,-0.38,2442,2442
SZ,002391,0,2441,3417
SZ,301043,3.44,2439,2923
SZ,002855,0.92,2438,2440
SH,600381,0,2436,2436
SZ,000669,-0.27,2436,2436
SZ,301225,2.1,2433,7971
SZ,002442,-0.39,2433,2492
SZ,000430,-0.14,2431,5311
SZ,002729,0.95,2428,2532
SH,603836,0.23,2427,2490
SH,688244,2.68,2426,2426
SZ,300690,0.46,2425,3593
SZ,301125,0.73,2424,2735
SZ,300452,-0.32,2423,2860
SZ,301658,-0.71,2423,10256
SH,600573,-0.5,2423,2423
SZ,300198,3.51,2422,2434
SH,603059,0.17,2422,2426
SH,605033,-1.64,2421,2421
SH,603917,1.37,2420,2420
SZ,301356,1.98,2417,4121
SZ,300546,12.09,2415,3359
SH,603289,0.12,2415,2415
SZ,301563,0.67,2411,10666
SZ,002398,-0.24,2411,2767
SZ,300805,-1.06,2411,3548
SZ,002496,0,2410,3075
SZ,002330,-0.78,2407,2408
SZ,300988,-0.19,2407,2925
SZ,300460,0.82,2406,2406
SZ,300993,-0.39,2406,3066
SZ,000752,3.28,2405,2405
SH,603136,0,2404,2404
SZ,002574,0,2402,2402
SZ,301592,1.9,2399,7190
SH,603086,-0.17,2396,2396
SZ,002058,-1.05,2396,2401
SZ,301106,0.42,2390,2390
SH,603818,1.75,2389,2389
SZ,002806,1.18,2389,2915
SZ,300426,0.34,2388,2689
SZ,301122,1.06,2385,3854
SZ,002098,-0.14,2384,2384
SZ,002963,10.01,2380,2909
SZ,301108,2.55,2377,4126
SZ,002908,-2.63,2375,3184
SZ,300796,0,2373,2373
SZ,300987,-0.21,2372,2372
SZ,301279,0.66,2371,3062
SZ,000635,0.31,2370,2546
SH,600831,-0.59,2367,2367
SH,600463,0.13,2367,2367
SH,603332,0.83,2367,2367
SZ,002576,-0.4,2364,2409
SH,600613,-0.19,2363,2633
SZ,300275,1.16,2362,2680
SZ,000573,0.54,2361,2381
SZ,002184,-0.8,2360,3456
SZ,300281,1.37,2360,2488
SZ,300965,1.25,2358,2616
SZ,300235,-2.1,2352,2915
SH,603909,0,2351,2351
SZ,300172,-0.87,2348,3038
SZ,000790,-1.04,2347,2351
SZ,301195,0.53,2346,3533
SZ,301283,0.16,2343,2981
SZ,300898,-0.19,2342,2531
SZ,300891,1.01,2341,2808
SZ,001219,-0.23,2339,2398
SZ,300849,1.48,2339,3182
SH,688727,1.67,2338,19447
SH,600319,2.03,2338,2338
SZ,301665,-0.48,2335,10089
SH,603307,0.8,2335,2373
SH,603721,-1.15,2335,2335
SZ,000715,-0.4,2334,2594
SZ,002887,4.99,2333,3286
SZ,920971,3.11,2331,2828
SZ,301059,0.27,2328,2605
SZ,301185,-0.52,2327,2574
SZ,300956,1.56,2325,2380
SH,688718,1.52,2325,2325
SZ,000554,0.47,2325,3089
SH,605199,0.35,2325,2325
SH,688501,0.75,2324,2324
SZ,002319,3.36,2323,2323
SZ,300340,-0.11,2322,2339
SH,605258,1.54,2321,2321
SZ,301118,3.5,2319,2410
SZ,002114,0.99,2319,2319
SZ,002932,-0.26,2318,3453
SH,603700,0.17,2314,2314
SH,688201,1.53,2312,2312
SZ,000055,-0.28,2311,3673
SZ,001201,0.61,2311,2957
SZ,300694,2.01,2309,2312
SH,603557,-1.06,2307,2307
SH,688113,1.88,2305,2305
SZ,300422,0.68,2304,2381
SZ,001368,0.09,2303,2411
SZ,301387,2.45,2303,5791
SH,603375,0.89,2302,3634
SZ,002420,0.89,2299,2336
SZ,301317,-0.58,2298,6921
SH,603937,1.38,2298,2298
SZ,002661,-1.05,2298,2413
SH,600359,0.17,2297,2297
SZ,003001,-3.32,2294,3501
SH,603407,2,2294,26055
SH,603378,3.48,2293,2293
SH,603787,-1.38,2292,2292
SH,603188,0.25,2292,2292
SH,688310,1.23,2291,2291
SZ,300411,0,2291,3012
SZ,300512,1.73,2290,2893
SZ,002767,1.74,2289,2637
SZ,002084,1.14,2288,2293
SZ,002069,-0.3,2287,2290
SH,688178,-0.1,2286,2286
SZ,300513,0.97,2282,2284
SZ,300771,-0.4,2282,2897
SZ,002397,0,2280,2632
SZ,003023,0.14,2280,2285
SZ,920125,-0.58,2277,7757
SH,603180,0,2275,2275
SZ,001205,0,2274,2568
SZ,002723,-1.09,2273,2383
SZ,002771,0.08,2272,2731
SZ,300583,0.33,2271,2314
SH,603096,0.68,2270,2270
SH,600854,-0.45,2270,2270
SH,605069,0.56,2267,2267
SZ,300565,4.64,2266,2480
SZ,300464,-0.46,2266,2981
SH,600239,0.71,2264,2264
SH,600753,1.03,2264,2264
SZ,301588,0.06,2264,3668
SZ,300884,2.07,2262,3001
SZ,002890,4.24,2262,2380
SH,688597,1.36,2262,2262
SZ,000955,1.2,2261,2261
SZ,300752,0.4,2261,3271
SZ,000692,10.13,2259,2259
SZ,300786,1.51,2259,2839
SH,603172,0.48,2257,2257
SZ,300829,-0.75,2256,3270
SZ,300612,-0.95,2253,2265
SZ,301072,-1.78,2252,3523
SZ,301528,1.84,2251,4368
SZ,002377,-0.76,2251,2364
SZ,301088,-0.41,2248,2726
SZ,301628,1.01,2248,6080
SH,600281,1.86,2248,2248
SZ,301079,1.28,2247,3168
SZ,300211,0.67,2245,2286
SH,600187,-0.7,2243,2243
SH,603183,1.58,2242,2242
SZ,300931,0,2240,2787
SZ,300800,0.63,2240,2263
SZ,002775,0,2236,2484
SH,603285,10,2234,5738
SH,600540,-1.28,2232,2232
SH,605003,0.35,2225,2225
SH,688737,0.65,2224,2224
SZ,300922,0.06,2224,2834
SZ,301011,0.6,2224,2342
SZ,000586,-0.25,2224,2250
SZ,300703,-0.29,2221,2410
SH,600423,-0.35,2220,2220
SZ,301332,0.24,2219,3868
SZ,300205,0.19,2219,2219
SZ,001367,0.33,2219,2779
SZ,301258,0.77,2219,2283
SZ,301019,0.99,2216,3023
SH,600182,-0.52,2215,4430
SZ,300808,0.7,2214,2979
SZ,002825,2.13,2212,2948
SH,688272,4.11,2212,2212
SH,688581,-0.08,2209,4332
SZ,002492,0.36,2208,2248
SH,603021,-0.57,2208,2208
SZ,300732,0.51,2206,2209
SH,600533,0.48,2205,2205
SZ,002836,1.48,2205,2205
SZ,300940,0.29,2205,3117
SZ,001228,-0.75,2204,2867
SZ,002763,-0.26,2204,2976
SH,600232,0,2203,2203
SZ,300649,2.27,2202,2748
SH,688648,0.06,2200,4303
SZ,002633,-0.26,2194,2202
SZ,300107,-0.62,2192,3551
SZ,920510,-1.01,2190,4287
SH,601083,-0.52,2186,14572
SZ,001259,0.28,2183,3379
SZ,001393,-1.19,2181,11317
SH,603091,1.35,2180,7088
SH,603536,0.22,2177,2194
SH,600302,1.29,2176,2176
SZ,002702,-1.65,2174,2634
SH,600833,-0.3,2173,2173
SH,603102,0.53,2172,2172
SZ,920344,0.9,2171,2325
SZ,002234,0.28,2170,2513
SH,603880,1.49,2168,2168
SZ,301220,-0.49,2167,3139
SZ,000548,-0.68,2167,2167
SZ,301290,1.34,2165,2726
SH,688355,1.16,2164,2164
SH,603117,-0.54,2163,2163
SZ,301117,1.41,2163,3376
SZ,002295,0.7,2161,2163
SH,603578,1.1,2161,2804
SZ,300774,1.15,2159,4325
SZ,002076,-0.47,2157,2296
SH,603079,-0.17,2153,2153
SZ,300484,0.31,2153,2681
SZ,920261,0.07,2151,3907
SH,600148,0.53,2148,2148
SZ,001365,-1.44,2148,19609
SH,603151,0.8,2146,2146
SZ,300637,6.03,2146,2148
SZ,300165,0.39,2145,2527
SZ,300780,3.21,2144,2925
SH,603023,-0.77,2143,2143
SH,688811,1.57,2143,11669
SZ,002253,0.89,2141,2301
SZ,002998,0.13,2140,2807
SH,688517,-0.24,2138,2138
SH,605001,0.74,2137,2137
SZ,301331,-0.23,2137,2142
SH,600965,-1.13,2137,2137
SH,688251,0.8,2136,2151
SZ,300980,0.93,2135,2997
SZ,301089,-0.5,2133,2984
SZ,920060,0.31,2132,3418
SZ,300673,0,2129,3282
SH,688721,1.26,2129,5153
SZ,002991,-0.64,2128,3973
SH,688623,0.37,2127,5121
SZ,300947,0.36,2127,2128
SH,603959,0.46,2123,2123
SZ,300970,0.64,2123,2750
SZ,001390,0.34,2119,3568
SZ,002671,0.52,2117,2157
SZ,001230,2.61,2115,3611
SZ,300665,1.36,2115,2227
SZ,300375,0,2115,3034
SH,603381,-1.06,2109,3521
SZ,300710,0.64,2108,2813
SZ,002942,1,2108,2362
SZ,002857,-0.84,2108,2141
SH,603382,-0.15,2104,3302
SZ,300013,-1.3,2103,2105
SZ,002799,-0.29,2099,2099
SZ,002329,-2.12,2098,2680
SH,688197,-0.9,2098,4875
SZ,300719,0.78,2098,2969
SZ,300778,-0.09,2097,2098
SH,603262,3.83,2095,8032
SH,603321,0,2095,2121
SZ,002732,0.22,2095,2105
SH,603238,0.08,2095,2095
SH,600439,0,2094,2094
SH,603176,0,2092,2153
SZ,300989,-5.79,2090,2701
SZ,000757,2.35,2088,2088
SH,603356,-0.75,2088,2088
SZ,002614,-0.83,2087,2950
SH,600241,0,2087,2087
SZ,001332,-0.6,2086,4801
SZ,300599,-0.8,2085,3972
SZ,301428,0.54,2085,2954
SZ,002864,-0.65,2081,2886
SZ,920978,1.28,2079,3709
SH,603089,0.35,2079,2388
SH,603900,1.85,2077,2078
SZ,300960,0.77,2075,2289
SH,688156,2.29,2073,2073
SZ,000679,-0.33,2071,2071
SZ,300966,5.02,2069,3111
SH,603326,-0.6,2068,2068
SZ,300509,0.6,2068,2481
SZ,920017,-0.7,2068,2090
SZ,002918,0.21,2067,3945
SZ,002687,0.2,2067,2524
SZ,002656,2.38,2067,2145
SZ,300387,-0.13,2066,2067
SZ,301161,0.75,2064,3209
SH,688038,2.07,2062,2062
SH,688613,0.47,2062,2062
SZ,920111,1.18,2059,4243
SH,600615,0.11,2059,2062
SZ,002666,-0.23,2058,3239
SZ,300897,8.24,2056,3294
SZ,300597,1.07,2054,2063
SH,688132,1.5,2054,2054
SZ,300335,-1.47,2051,2547
SH,688203,0.9,2051,2051
SZ,000953,0.36,2050,2050
SZ,002995,-0.37,2047,3231
SH,688716,0.58,2047,3562
SH,603377,0,2046,2046
SZ,300844,-0.25,2043,2120
SZ,000605,0.17,2042,2042
SH,688426,0.5,2039,2044
SZ,000590,-0.11,2037,2038
SH,603329,0.2,2035,2466
SH,603968,0.4,2035,2035
SZ,301212,1.21,2033,2343
SZ,920699,-2.31,2032,4442
SZ,300941,10.22,2029,3356
SZ,300350,-0.45,2028,2417
SH,603825,3.49,2027,2027
SH,688118,0.46,2025,2025
SZ,300074,-0.53,2023,2025
SH,600371,0,2022,2022
SH,600802,0.46,2021,2021
SZ,920208,-0.86,2019,2332
SZ,300240,-0.35,2017,2062
SZ,300753,-3.2,2016,2892
SZ,000952,-0.16,2016,2016
SZ,300902,-1.09,2015,2936
SZ,920961,4.43,2010,2763
SZ,300112,1.81,2010,2436
SH,688755,1.78,2009,2878
SH,688096,1.18,2008,2008
SZ,300176,-0.18,2006,2006
SZ,301052,0.97,2005,2474
SZ,300106,-0.41,2003,2003
SZ,301299,-0.15,2003,2714
SZ,002133,-0.37,2002,2013
SH,603982,0,2000,2151
SZ,002105,0.92,1997,2007
SZ,002615,-0.89,1997,3700
SH,688013,-0.4,1996,1996
SZ,301208,1.31,1995,3624
SZ,301024,0.87,1994,2060
SH,600774,1.05,1993,1994
SH,603182,0.41,1993,1993
SH,600159,0,1992,1992
SH,605180,0.43,1991,1991
SH,603616,0.58,1991,2006
SZ,001266,1.88,1990,3548
SH,600287,0.22,1987,1987
SZ,920879,0.3,1984,2651
SZ,300659,1.85,1983,2729
SZ,000909,1.57,1983,1983
SZ,000020,0.18,1982,3098
SH,600128,0,1982,2021
SZ,300916,1.92,1979,3064
SH,688026,1.59,1977,1978
SH,600097,-0.11,1976,1976
SZ,002893,0,1973,2565
SZ,300935,2.31,1973,2601
SZ,002762,0.76,1972,3303
SZ,300305,-1.91,1971,2301
SZ,300817,0.19,1970,3434
SZ,301371,-1.74,1969,13133
SH,603385,0,1968,1968
SZ,002800,0.99,1968,2026
SH,603168,-0.74,1963,1972
SZ,301557,1.6,1962,4893
SZ,002900,-4.24,1961,3850
SZ,300807,-1.07,1958,2565
SZ,301599,0.36,1957,15438
SZ,002999,0.35,1955,1978
SZ,301103,-0.24,1955,2539
SZ,301077,1.9,1953,3478
SH,603041,1.23,1952,1952
SH,688657,1.77,1952,3120
SH,600678,0.54,1951,1951
SH,600768,0.9,1949,1949
SZ,300881,0.71,1947,3731
SH,603282,0.55,1947,1947
SZ,002652,0.8,1946,1946
SH,600444,0.45,1944,1944
SH,600807,-1.19,1944,2185
SZ,002622,-0.42,1940,1940
SZ,300423,-0.5,1939,2896
SZ,301318,-0.13,1939,2816
SZ,001211,0.29,1939,2077
SZ,300650,0.27,1933,2740
SH,600706,-0.25,1933,1941
SH,603435,1.77,1932,24864
SH,688193,-1.28,1930,1930
SZ,300081,2.57,1929,1929
SZ,002205,1.17,1927,1927
SZ,000995,-0.36,1927,1927
SZ,300543,1.45,1927,2359
SZ,002524,-0.52,1925,1948
SZ,000056,1.91,1925,2519
SH,600238,-1.81,1924,1936
SZ,002742,-1.86,1923,2511
SH,605336,-0.09,1922,1922
SZ,300854,1.14,1922,2357
SZ,000985,0.82,1917,1917
SZ,001255,-0.15,1917,2159
SZ,300575,-0.17,1915,2647
SZ,300437,-0.53,1915,2702
SZ,301198,-0.41,1913,1993
SZ,001237,-0.59,1913,8143
SZ,002486,0.87,1912,1921
SH,603810,0.52,1910,1910
SZ,002909,1.21,1910,1958
SH,603922,-0.46,1908,1908
SH,600235,0,1908,1908
SH,688420,0.37,1907,1907
SH,603208,-0.45,1907,1907
SZ,300396,0.72,1906,1909
SZ,001260,0.85,1906,1906
SZ,920189,-0.61,1905,3175
SZ,300743,0.81,1902,2257
SZ,300906,0.42,1900,2103
SZ,001360,-2.32,1896,3082
SH,603028,0.3,1896,1915
SZ,300644,-0.13,1893,2375
SH,603506,0.3,1893,1893
SZ,300254,0.73,1891,2140
SZ,002598,-0.29,1891,2060
SZ,301180,-0.08,1891,4608
SZ,002968,-0.1,1887,2005
SZ,300967,-0.32,1887,2836
SH,605177,-0.17,1887,1904
SZ,301041,2.4,1887,2549
SH,603718,0.35,1882,1891
SH,600491,-0.8,1882,1882
SH,688395,-0.45,1881,1881
SZ,002715,1.11,1880,1880
SH,688004,1.73,1879,1879
SZ,301335,-0.5,1878,2716
SH,605122,0.46,1877,1877
SH,688051,-0.81,1876,1876
SH,600107,0,1876,1876
SZ,001234,1.54,1873,2223
SZ,002873,0.13,1872,1906
SZ,920021,-1.17,1872,2336
SH,600051,0.17,1871,1871
SH,688616,0,1871,1871
SH,600099,0.47,1867,1867
SZ,002778,0.27,1866,1886
SH,600303,-1.42,1863,1880
SZ,300883,-1.04,1862,1948
SH,600847,-0.81,1859,1859
SZ,920914,-0.89,1858,1859
SH,603214,0.37,1855,1855
SZ,002760,-0.74,1852,1852
SZ,001268,-0.19,1847,2951
SZ,002551,-0.65,1846,2553
SH,600202,0.42,1844,1844
SZ,301309,1.43,1843,3058
SH,603177,1.01,1840,1840
SZ,001366,-0.25,1837,1837
SZ,002856,-1.71,1836,2005
SZ,000705,-0.6,1836,2175
SZ,300645,1.31,1835,1872
SZ,002820,-0.21,1834,1834
SH,688288,0.44,1834,1834
SH,603325,-0.47,1833,4290
SZ,002159,-0.29,1832,2346
SZ,001356,-0.79,1831,5098
SZ,000702,-0.37,1830,1830
SH,688092,-0.89,1830,1830
SZ,301231,0.97,1830,2361
SZ,300717,-0.21,1828,1845
SZ,920476,0.85,1828,1931
SZ,301590,0.04,1827,4413
SH,688670,0.14,1825,1825
SH,603120,1.13,1824,4351
SH,603879,0.4,1822,1822
SZ,002696,0.37,1822,1884
SH,600080,-0.6,1822,1822
SH,600082,-0.68,1821,1854
SH,603270,1.74,1819,5635
SZ,920405,0.23,1817,2332
SZ,300675,0.24,1816,1816
SZ,002972,3.77,1815,3316
SZ,002817,0,1810,1866
SH,600149,0,1810,1810
SZ,002753,0,1807,2619
SZ,300651,-1.35,1805,2466
SZ,002717,-0.93,1804,1911
SZ,300992,3.17,1802,2202
SZ,301010,0.42,1801,1801
SZ,003005,-0.76,1801,3281
SZ,002535,0,1799,1932
SZ,002630,-0.59,1798,1972
SH,603029,0.07,1797,1797
SZ,301121,0.84,1797,3432
SZ,301067,2.14,1794,2733
SZ,301138,0.08,1794,3140
SZ,300076,0.24,1794,1794
SH,603709,0.27,1789,1796
SZ,002529,0.88,1789,1789
SZ,301227,5.17,1789,3181
SZ,003017,-0.04,1787,2166
SH,688435,0.38,1780,2652
SZ,000856,0.38,1780,1780
SZ,002569,0.08,1780,1830
SZ,301556,-0.4,1775,5134
SH,600165,0.83,1774,3910
SZ,300556,0.25,1771,1984
SZ,301030,-0.22,1770,1773
SZ,000911,0,1769,1769
SH,688296,2.05,1766,1766
SH,688189,0.15,1765,1765
SZ,002862,-0.21,1764,2325
SZ,300030,-0.14,1764,2004
SZ,920178,-1.5,1762,6033
SZ,300642,0,1761,2075
SZ,301056,0.4,1760,2668
SZ,003038,-0.27,1759,2614
SH,688393,-0.31,1754,1754
SZ,301585,-0.18,1751,2674
SZ,001285,-0.72,1746,7582
SH,600818,2.66,1744,2356
SZ,003027,1.28,1744,2174
SZ,301159,-1.75,1743,2543
SZ,300876,1.25,1743,2337
SH,605567,-0.1,1742,1742
SZ,300787,1.14,1739,2774
SH,688058,0.35,1739,1739
SZ,300923,1.52,1737,1789
SZ,301360,1.57,1736,3558
SZ,301538,0.94,1733,4353
SZ,301057,0.47,1733,2502
SZ,300929,-0.21,1730,1823
SH,603272,-1.64,1730,1730
SH,603717,1.02,1729,1729
SZ,300912,-1.56,1728,2289
SZ,002877,-0.13,1727,2555
SH,600448,-0.35,1726,1726
SZ,920509,0.83,1725,3293
SH,603092,-0.35,1722,19928
SZ,300971,0.11,1721,2193
SZ,920015,-1.71,1719,5824
SZ,300707,-0.16,1719,2082
SZ,300195,-1.07,1717,2318
SZ,301388,-0.96,1715,2418
SH,600272,-0.08,1714,2813
SZ,002780,0,1713,2168
SH,603860,0.27,1711,1711
SZ,002858,-0.33,1709,2164
SZ,002209,0.37,1705,2209
SZ,002381,-0.18,1704,2177
SZ,301595,2.54,1701,4510
SZ,002198,-1.17,1700,1700
SZ,300245,-0.33,1697,1763
SH,600180,1.3,1695,1695
SH,603908,0.44,1694,1694
SZ,301667,1.01,1692,7964
SH,600137,-0.56,1688,1688
SZ,920038,2.09,1685,5154
SZ,301548,0.41,1685,5587
SZ,300472,0.74,1685,1886
SZ,301063,0.23,1680,1814
SH,603022,0.24,1678,1678
SZ,002360,-0.38,1676,2069
SZ,301586,0.48,1674,2625
SZ,920339,-4.23,1672,2435
SZ,001233,-1.39,1670,8233
SZ,300538,-0.28,1667,2507
SZ,002802,0.45,1666,2017
SZ,002211,0,1665,1665
SZ,301098,2.87,1662,1993
SZ,000619,-0.21,1660,2034
SZ,300614,-0.18,1656,1656
SH,600778,-0.18,1656,1657
SZ,300950,0.78,1654,2592
SH,688078,-0.17,1654,1654
SZ,920106,2.85,1653,2143
SZ,301135,0.37,1652,2123
SH,603402,-0.07,1652,6606
SH,688759,-0.29,1650,10310
SZ,000929,0.23,1649,1650
SH,603789,1.28,1648,1681
SH,603255,0.44,1648,3656
SZ,300169,-1.61,1644,1850
SH,600119,0.22,1644,1644
SZ,000663,0.19,1642,1805
SZ,300961,1.41,1638,1911
SZ,301509,-1.49,1636,3472
SH,603257,-0.37,1635,7878
SZ,003028,2.8,1634,3332
SH,688466,0.68,1634,1634
SZ,300313,-0.11,1630,1981
SH,603468,133.22,1628,16786
SH,603312,-0.77,1627,5114
SZ,920026,4.04,1627,2158
SZ,920839,-0.39,1625,2946
SZ,920174,4.57,1623,6310
SH,603400,-0.41,1622,5814
SZ,001386,0.27,1622,18019
SZ,002789,4.23,1619,1652
SH,600697,0.1,1619,1658
SZ,301520,0.12,1612,4594
SZ,301618,-0.47,1611,4226
SZ,300610,0.1,1611,2064
SZ,300554,1.1,1606,2320
SZ,002592,1.16,1606,1735
SZ,300616,-1.23,1602,2317
SH,688509,-0.23,1601,3203
SZ,001209,0.54,1598,2187
SZ,301065,0.16,1597,1962
SH,603231,-0.19,1596,2876
SZ,001222,-0.34,1594,2693
SZ,301336,0.41,1593,2058
SZ,920892,-0.93,1591,1797
SZ,003042,0.62,1591,1838
SH,600493,0.34,1586,1586
SZ,300995,0.46,1586,2405
SZ,300937,-0.24,1583,2334
SH,688450,1.86,1581,2132
SZ,001378,5.22,1581,3248
SZ,300462,2.05,1580,2075
SH,600243,0.56,1580,1580
SZ,301032,0.61,1580,2382
SZ,301680,-1.25,1576,7767
SZ,002495,-0.86,1575,2124
SZ,301687,1.51,1575,7425
SZ,002949,0.97,1574,2031
SZ,000632,2.11,1573,1573
SZ,301107,3.02,1572,2719
SZ,002207,0.5,1567,1575
SZ,301023,2.06,1566,2824
SZ,920238,4.57,1564,7677
SZ,300519,0.07,1564,2194
SH,688712,-2.66,1564,14299
SH,688781,-0.97,1561,38230
SZ,301229,0.5,1559,2192
SZ,301587,-1.02,1558,3125
SH,600796,-0.19,1554,4324
SH,600689,0.1,1549,2046
SH,688528,0,1549,1549
SH,688021,1.66,1548,1548
SH,688565,0.1,1547,1547
SH,600561,-0.36,1545,1545
SZ,002835,-0.07,1544,2662
SZ,002910,0.22,1543,1764
SZ,001395,-0.63,1542,3363
SZ,301022,-0.81,1542,2283
SZ,002227,0.48,1540,1551
SZ,002694,0.47,1538,1633
SZ,301383,-0.08,1537,3553
SZ,002306,2.16,1536,1644
SZ,002982,-0.75,1535,2398
SZ,301491,1.47,1535,5175
SH,603275,0.66,1530,5479
SZ,300306,1.04,1529,2609
SZ,300514,0.53,1527,1906
SH,688659,1.06,1526,1526
SZ,300500,0.89,1523,1581
SZ,301581,-0.35,1522,2878
SZ,001202,-0.52,1521,2170
SH,600692,0.17,1515,2089
SZ,301636,-0.68,1514,2594
SZ,301395,-0.91,1511,2883
SZ,300625,0.54,1511,2606
SZ,300167,-1.38,1508,1774
SZ,301633,2.49,1502,3279
SZ,301036,0.66,1502,2132
SZ,920953,-2.44,1501,3211
SH,603082,0.54,1501,6163
SH,688329,3.08,1498,1498
SZ,002566,0.16,1497,2138
SZ,002316,1.15,1496,1726
SZ,300977,-0.43,1494,2399
SZ,920010,-1.03,1493,2010
SZ,301210,0.25,1490,3902
SZ,301555,0.98,1489,2841
SZ,301166,-0.14,1486,2269
SZ,920088,0.42,1484,4014
SZ,301518,0.36,1483,3672
SZ,002790,-0.52,1478,2369
SZ,301505,1.5,1478,1854
SZ,300813,0.99,1472,2345
SZ,301558,0,1471,5285
SH,688793,-0.62,1470,1470
SZ,301512,0.97,1467,2247
SH,600476,1.79,1466,1466
SH,600455,-0.41,1463,1463
SZ,301683,-0.04,1463,6473
SZ,002977,-1.61,1462,2634
SZ,301390,0.68,1461,1787
SH,603395,-0.92,1461,5842
SZ,300268,-0.72,1459,1901
SZ,000677,-1.74,1451,1451
SZ,301508,1.32,1449,5566
SZ,920751,1.57,1447,1512
SZ,300640,0.77,1446,2037
SZ,002513,0.4,1445,1878
SZ,920701,7.47,1441,1973
SZ,000010,0,1441,1805
SZ,002144,0.67,1438,1847
SZ,003008,0.54,1437,1923
SZ,301203,-0.26,1437,2622
SZ,301320,-0.07,1436,2288
SZ,301130,0.62,1434,1859
SZ,003011,0.05,1434,1916
SZ,300621,1.14,1432,1471
SZ,300892,-1.41,1431,2217
SH,603062,1.13,1430,4167
SZ,300314,-0.39,1430,2866
SZ,002247,0.45,1429,1889
SZ,301276,-1.19,1427,2560
SZ,301167,0.52,1425,1510
SZ,301129,0.05,1421,2861
SZ,301560,-0.42,1421,2830
SZ,301677,-4.93,1419,6618
SZ,002691,-0.93,1411,1428
SH,688022,-0.36,1411,1411
SZ,301152,-0.09,1410,2358
SZ,001226,1.12,1408,3099
SZ,920200,-1.27,1407,3220
SZ,301100,-0.55,1406,3189
SZ,920821,0.36,1406,2670
SZ,301278,0.07,1402,2447
SZ,000637,2.68,1396,1991
SZ,001296,0.28,1391,2699
SH,688805,-0.01,1390,6952
SZ,301303,-1.45,1382,5527
SH,603391,0.23,1381,5526
SZ,300564,3.4,1379,1965
SZ,002591,0.98,1377,1849
SH,603248,0.31,1376,8855
SZ,920857,-0.31,1376,1376
SZ,002581,-0.57,1375,2263
SZ,920371,-0.27,1370,1444
SZ,300155,0.48,1367,2329
SZ,301355,0.93,1365,1906
SZ,001387,0.34,1359,2136
SZ,300670,1.51,1357,1914
SZ,002809,0.25,1356,1917
SZ,920790,-0.11,1352,1964
SZ,002200,-0.57,1349,3108
SZ,300928,-0.62,1348,2012
SH,688806,-1.08,1348,12163
SZ,301009,0.34,1346,2422
SZ,002188,-1.13,1343,1707
SZ,300605,-4.32,1341,1752
SZ,300594,1.94,1340,1353
SZ,301601,0.51,1337,2224
SZ,001358,0.38,1336,3229
SZ,300838,-0.14,1336,1812
SH,688592,0.54,1336,2804
SZ,000610,-0.86,1335,1342
SZ,001239,0.17,1335,2810
SZ,301507,-0.48,1333,4318
SZ,920533,-1.56,1330,2378
SZ,920207,-1.04,1325,2169
SZ,002494,0.65,1325,1743
SZ,920682,-0.84,1321,2278
SZ,001326,0.55,1320,4025
SZ,920083,2.33,1318,3093
SZ,301591,1.98,1312,3211
SH,603293,-0.31,1312,6693
SZ,300865,1.2,1311,2182
SZ,002883,-0.46,1305,1329
SZ,001278,0.39,1303,1889
SZ,002888,0.23,1297,2556
SZ,301131,0.27,1293,1804
SZ,301156,-0.26,1289,2007
SZ,301329,0.46,1288,3321
SZ,920119,0.6,1284,4881
SZ,301233,1.75,1284,2340
SZ,300828,-0.51,1281,2526
SZ,300126,1.34,1279,1845
SZ,920523,0.19,1276,1595
SZ,301288,-1.32,1273,1761
SZ,300994,-0.45,1273,2543
SZ,001277,0.65,1272,2122
SZ,301126,-0.53,1271,1894
SZ,301295,-0.06,1266,4341
SH,688576,-0.73,1262,2642
SZ,920274,1.31,1260,1260
SH,688089,-0.65,1258,1258
SZ,920284,-1.82,1257,1965
SZ,300517,4.3,1256,1994
SZ,920225,-0.58,1256,1925
SH,603352,0.8,1254,6270
SH,688130,2.77,1252,2510
SZ,301163,-0.51,1248,1861
SH,600543,-0.25,1246,1246
SZ,301503,0.89,1245,2245
SZ,920046,-2.92,1243,2249
SZ,301469,0.41,1243,2414
SH,688217,-1.01,1242,1242
SZ,003003,0.76,1242,1863
SH,603004,4.2,1241,4962
SZ,301501,-1.34,1240,4215
SZ,920425,-0.26,1230,1495
SZ,001319,0.99,1230,2740
SZ,301372,0.84,1229,2048
SZ,300430,-1.45,1229,1292
SH,603207,-0.03,1228,3614
SZ,002830,0.76,1227,2458
SZ,301272,0.85,1225,1936
SZ,920211,-1.41,1224,3631
SZ,301515,0.89,1224,1812
SZ,920039,-0.49,1223,1223
SZ,920403,0.11,1222,2055
SH,603344,0.09,1221,4396
SH,603350,0.11,1220,3222
SZ,920807,4.67,1219,1795
SZ,920033,4.48,1217,1750
SZ,920237,0.08,1217,1240
SZ,300823,0.21,1212,1873
SZ,301559,-2.24,1212,8082
SZ,301378,-0.85,1211,2547
SH,688790,-0.37,1208,9484
SH,603370,-2.43,1204,6018
SZ,301502,-0.98,1198,2898
SZ,301157,0.87,1192,3463
SZ,301001,-0.28,1192,1896
SZ,301300,0.59,1190,1993
SZ,920304,0.11,1189,1477
SZ,300535,-0.6,1183,1559
SZ,920981,1.99,1182,2351
SZ,300405,0.56,1182,1536
SZ,920171,-0.67,1181,1750
SZ,300930,0.97,1173,2490
SZ,920505,12.53,1167,2100
SZ,920273,-0.69,1167,1754
SZ,920152,0.85,1165,1562
SZ,920089,-0.37,1162,2041
SZ,920489,-0.81,1160,1823
SZ,301083,0.52,1159,2408
SH,600365,0,1158,1230
SZ,300899,0.28,1155,1799
SZ,920249,-0.95,1152,3896
SZ,002514,-0.95,1147,1490
SZ,920099,0.31,1147,1854
SH,603276,-0.06,1144,3148
SZ,300851,0.74,1141,2011
SZ,300915,-0.34,1141,2495
SZ,301359,0.5,1140,1926
SZ,301632,0.45,1139,6509
SZ,300713,0.24,1139,2024
SZ,000820,-7.03,1137,2476
SZ,920396,-4.14,1136,1600
SH,688184,1.23,1132,1807
SZ,920130,-6.48,1131,1821
SZ,301446,-0.47,1128,3692
SZ,920592,0.81,1125,1807
SZ,001336,0.11,1124,1826
SZ,920932,1.18,1117,1350
SZ,920252,-1.02,1116,1678
SZ,301516,0.51,1111,4444
SZ,301113,0.32,1107,1828
SH,688671,-0.37,1107,1855
SZ,300152,0.65,1105,1105
SZ,920885,2.3,1101,2125
SZ,301006,0.38,1100,1827
SZ,920566,-0.81,1093,1406
SZ,002872,0.4,1092,1615
SZ,001382,-1.36,1089,7119
SH,688651,1.28,1083,2360
SZ,920690,-5.52,1081,1663
SZ,300949,0.79,1078,1886
SZ,920001,-0.49,1076,1836
SZ,920526,1.29,1073,1695
SZ,301418,0.61,1070,2666
SZ,300804,0.75,1070,2879
SZ,920184,0,1067,1573
SZ,920092,-11.88,1067,2048
SZ,301539,-0.69,1059,2088
SZ,002193,2.81,1055,1055
SZ,001379,-0.24,1053,3130
SZ,920642,-0.56,1051,1090
SH,603334,0.03,1048,4727
SZ,300338,-0.32,1046,1204
SZ,920199,-3.25,1035,1859
SH,688695,0.78,1033,1646
SZ,920575,2.61,1033,1545
SZ,920985,-1.45,1033,1458
SZ,920792,-1.93,1029,1677
SZ,300958,0.09,1029,1771
SZ,920357,-1.56,1026,1697
SZ,920429,-0.65,1026,1125
SH,688701,-1.54,1023,1023
SH,603729,0.54,1022,1022
SZ,001312,-0.16,1020,4165
SZ,920748,13.43,1017,2120
SZ,920415,0,1017,1321
SZ,920062,-1.91,1016,1444
SZ,920651,8.36,1011,1487
SH,603359,0,1008,1008
SZ,301513,-0.47,1005,4990
SZ,920419,-1.13,1003,1071
SZ,920270,-0.31,1001,1289
SZ,920924,1.26,1000,1641
SH,603406,-0.21,991,10816
SZ,301577,0.11,990,2367
SZ,001279,-0.67,990,3960
SZ,301616,0.09,989,2785
SH,688816,-0.61,982,5090
SZ,920206,1.22,980,2548
SZ,001231,0.31,979,1915
SZ,920124,-0.38,977,1898
SZ,920100,-2.65,971,3661
SZ,920018,-2.76,970,2792
SZ,002719,1.7,968,1041
SZ,920169,0.43,961,1527
SZ,920098,0.35,957,1406
SZ,920436,0.19,952,1014
SZ,301192,0.95,944,1942
SZ,001225,-1.14,940,2931
SZ,920786,-2.57,940,1424
SH,603409,0,938,3269
SZ,920028,1.77,935,2365
SZ,920161,-0.54,933,3438
SZ,301173,-0.39,929,2647
SZ,920496,-1.38,928,1060
SZ,301105,1.97,925,2335
SZ,301459,0.26,921,3674
SZ,920012,-0.01,920,2351
SZ,920227,-0.63,909,1999
SZ,920220,1.13,908,2899
SZ,920873,0.66,907,1161
SZ,920726,-0.3,905,1639
SZ,301668,-2.36,903,4084
SZ,300904,-0.5,902,2971
SZ,301386,0.15,898,2794
SZ,920156,0.27,898,4306
SZ,920670,-2.47,892,1421
SZ,920367,-2.48,889,1499
SZ,920943,17.09,884,1732
SZ,300417,0.09,884,1422
SZ,920020,-0.12,882,3570
SZ,920541,0.41,879,1334
SZ,920694,0.21,879,1850
SZ,920195,0.49,872,1208
SZ,920926,0.28,870,959
SZ,920770,-1.2,870,1382
SZ,920275,0.46,869,1050
SZ,920693,-0.12,868,1724
SZ,301519,-0.43,868,1844
SH,603205,-0.23,868,3274
SZ,301399,0.96,866,2931
SZ,920122,1.51,856,2112
SZ,301037,1.53,855,1749
SZ,920027,4.22,855,1221
SZ,920266,-0.82,850,889
SZ,301598,0.37,848,2847
SH,688573,0,847,1556
SZ,301170,0.45,840,2211
SZ,920193,-0.56,837,3697
SH,603376,-1.62,833,10408
SZ,920078,6.23,830,2556
SZ,920855,-0.72,824,918
SZ,301049,0.37,821,1806
SZ,920221,-0.14,818,1571
SZ,001306,-0.61,817,3316
SZ,920006,-1.44,811,1531
SZ,001335,-0.56,808,2965
SZ,920433,-1.44,808,1221
SH,603073,-0.99,807,1840
SH,603075,0.37,806,7654
SZ,301449,0.31,799,3553
SZ,001396,1.38,799,3761
SZ,920378,0.14,797,1114
SZ,920556,-1.15,796,1099
SZ,920974,1.31,793,1011
SZ,920519,-1.18,791,890
SZ,920976,-2.07,791,1271
SH,603273,-0.27,785,3016
SZ,920260,-1.25,776,813
SZ,920689,-0.09,775,1500
SZ,920832,0.32,767,859
SZ,920117,7.14,762,3385
SZ,920395,0,759,1102
SZ,920833,0.81,757,1002
SZ,920058,-1.5,757,1537
SZ,920299,-2.63,753,1495
SZ,920870,0.35,753,1529
SZ,920061,6.88,752,1352
SZ,920768,-0.42,747,1081
SZ,920363,-1.02,747,1313
SZ,920942,2.23,740,1093
SZ,920242,-1.46,740,1322
SZ,920685,-3.93,739,1160
SZ,920634,1.34,738,1163
SZ,920639,-0.63,736,1250
SZ,301314,0.28,731,2212
SZ,301429,0.24,725,1947
SZ,301353,1.72,725,2255
SZ,301552,-1.81,720,2879
SZ,920564,-0.13,720,1564
SZ,301533,0.04,719,2484
SZ,920181,-1.18,718,3097
SH,603284,0.18,718,2929
SZ,301567,1.53,717,2430
SZ,920720,1.04,716,2561
SZ,920445,-1.04,715,981
SZ,920081,1.98,715,3035
SZ,920781,-2.62,714,917
SZ,001325,-0.54,713,2854
SZ,920370,-1.1,703,805
SZ,001220,0.1,699,2797
SZ,920375,-2.28,699,1170
SZ,920123,-0.55,698,1198
SZ,920925,-1.48,694,1237
SZ,920478,-1.14,693,1140
SZ,920346,-0.57,692,1243
SZ,920079,1.06,689,6378
SZ,920245,0.23,687,892
SZ,301578,4.03,685,2408
SZ,920627,0.69,681,1373
SZ,920547,-0.65,679,1397
SZ,920163,-1.4,678,1437
SZ,920101,0.47,670,2148
SZ,920187,-0.19,670,1827
SZ,920475,0.42,668,1201
SZ,920866,-0.33,666,1052
SZ,300784,0.69,666,2228
SZ,920108,0,664,1567
SZ,301575,-0.06,662,3298
SZ,920579,-0.33,661,1921
SZ,920964,0,660,1168
SZ,920175,2.35,656,985
SZ,920876,-0.7,656,1073
SZ,920608,-0.21,653,843
SZ,920527,-1.54,649,836
SZ,920065,1.13,647,3705
SZ,920765,-0.4,646,1064
SZ,920176,-1.34,644,4765
SZ,920300,-0.71,643,829
SZ,920204,0.08,636,1199
SZ,920570,-0.83,631,1243
SZ,920422,-0.93,628,839
SZ,920580,3.36,623,978
SZ,920553,-0.44,619,948
SZ,920578,-0.74,614,1323
SZ,920278,-0.47,614,1085
SZ,920856,3.94,601,1078
SZ,920471,0.27,599,940
SZ,920014,-0.55,594,1080
SZ,920719,1.14,594,744
SZ,920096,0.55,590,2512
SZ,920469,-1.55,588,801
SZ,920086,-0.55,587,1793
SZ,920641,-0.53,583,966
SZ,301287,0.89,582,2279
SZ,920992,-0.66,579,1143
SZ,920675,-1.21,577,1257
SZ,920112,0.86,572,1951
SZ,920679,0.07,571,858
SZ,920057,-0.6,570,886
SZ,920455,-0.67,567,1035
SZ,920198,-0.36,563,1289
SZ,920665,-1.01,558,1131
SZ,920262,2.65,553,1189
SZ,920271,0.53,552,1248
SZ,920090,0.82,547,732
SH,688121,-1.81,545,628
SZ,920146,-0.58,545,678
SZ,920454,-0.35,545,1163
SZ,920896,-0.88,543,1237
SZ,920005,-0.58,542,2094
SZ,920374,-1.2,542,1328
SZ,920810,-4.12,535,823
SZ,920871,2.66,526,949
SZ,920834,0,524,1001
SZ,920662,-0.91,521,1690
SZ,920267,-0.46,513,896
SZ,920056,-0.29,512,1357
SZ,920753,1.18,507,1261
SZ,920050,0.76,506,1890
SZ,920258,1.23,505,5612
SZ,920703,-0.1,505,1430
SZ,920149,0,504,609
SZ,920826,-1.6,502,1117
SZ,920023,0,500,609
SZ,920160,1.34,500,2220
SZ,920069,-0.55,499,1789
SZ,920080,0.93,498,1799
SZ,920030,-1.11,497,790
SZ,920392,-0.28,495,1053
SZ,920212,-0.82,494,1015
SZ,920145,-0.48,492,710
SZ,920779,-1.48,489,1958
SZ,920508,-1.85,489,919
SZ,920407,0.47,484,1189
SZ,920126,1.52,478,1993
SZ,920082,-0.71,476,1693
SZ,920136,5.47,474,1806
SZ,920166,0,473,1498
SZ,920076,0.55,471,1498
SZ,920177,0.6,469,1325
SZ,920351,-0.76,465,1027
SZ,920950,0.08,457,938
SZ,920414,-0.84,455,648
SZ,920718,-0.7,453,883
SZ,920158,0.6,451,1687
SZ,920168,0.19,451,1203
SZ,920656,-0.49,448,1385
SZ,920128,-0.15,447,1494
SZ,002731,-2.5,446,497
SZ,920427,-0.91,440,892
SZ,920016,-0.15,436,980
SZ,920188,0.05,435,1823
SZ,920055,1.57,427,1897
SZ,920036,-1.35,425,1771
SZ,920110,0,421,1012
SZ,920180,-0.58,420,1390
SZ,920970,-0.82,418,661
SZ,920159,1,407,2149
SZ,920072,-0.74,403,2133
SZ,920957,-0.52,398,1000
SZ,920007,-1.18,397,1661
SZ,920802,-0.08,382,865
SZ,920035,-1.21,381,1680
SZ,920218,3.06,376,1671
SZ,920011,-1.05,363,1614
SZ,920009,-0.18,363,2793
SZ,920895,-0.93,363,714
SZ,920191,1.58,359,1597
SZ,920222,-4.95,341,2525
SZ,920066,-0.28,336,1062
SZ,920121,0.68,335,1855
SZ,920183,-0.83,330,1437
SZ,920003,-0.29,326,1518
SZ,920022,0.99,323,1173
SZ,920132,0.82,315,927
SZ,301139,-4.26,290,463
SZ,920504,-0.46,290,735
SZ,920931,-0.2,279,912
SH,688496,1.12,214,405
