market,code,chg_pct,vol_rank,amt_rank
SH,601288,-3.76,2116589,2320388
SH,601857,-1.89,1755235,1983947
SZ,300750,0.63,1690826,1836319
SH,600519,-1.9,1666334,1666334
SH,601988,-3.47,1226655,1875276
SH,601138,5.38,1169015,1169015
SZ,300308,10.78,1109718,1169501
SH,601628,-0.85,795042,1079146
SH,601088,-1.93,707136,930043
SH,600900,-2.61,692206,692206
SH,601899,-1.53,660287,852232
SH,688256,1.96,658577,658577
SH,688041,3.75,629431,629431
SZ,000333,-1.34,583337,646379
SH,601318,-2.35,578202,982159
SH,601728,-2.31,490620,578325
SH,600028,-2.64,487028,621557
SZ,002371,3.38,480741,481125
SZ,002475,2.72,404124,426204
SH,601166,-2.56,393841,393841
SH,601658,-2.13,364815,604078
SH,603259,10,349598,421754
SZ,002415,1.05,346918,351473
SH,600030,-0.59,342161,416457
SH,600276,0.94,341277,355090
SH,603993,-0.04,334724,410129
SZ,002594,-3.24,318607,833130
SH,601998,-2.02,315506,430694
SH,600000,-2.69,312076,312076
SZ,000858,-1.26,299148,299156
SH,688012,1.29,295709,300619
SH,600183,10,270671,272607
SZ,300059,0.1,267467,316919
SH,600150,-1.19,260989,260989
SH,601816,-1.14,252457,252457
SZ,002384,10,248276,328023
SH,688825,-0.52,246316,3658384
SH,688981,2.52,238828,1022503
SH,603986,3.16,234982,246670
SH,601225,-1.56,230741,230741
SH,600309,-2.22,230465,230465
SH,688008,4.98,228266,243375
SZ,300394,14.04,224045,224546
SZ,300408,4.87,223535,237649
SZ,000651,-1.41,222979,226185
SZ,000001,-1.37,222388,222392
SZ,002916,9.57,220218,225636
SH,601601,-2.93,219110,307947
SZ,002463,8.68,212336,212507
SH,600919,-2.13,209939,209939
SZ,002142,-2.34,208080,208211
SH,603288,-1.78,207633,218507
SZ,002938,8.57,202983,203572
SH,600406,-0.23,200284,200874
SZ,000725,2.58,196641,205966
SH,601668,-2.09,192553,192553
SZ,300760,-1.46,187258,187419
SH,600025,-1.77,185193,185193
SH,601328,-2.61,184071,623848
SZ,300476,5.97,173558,197147
SH,688072,1.25,169407,174192
SH,601985,-1.21,168439,183467
SH,600989,0.17,168301,168301
SZ,300274,2.01,167992,219387
SH,601066,0.47,166809,199192
SH,600031,-3.41,165335,179395
SZ,002352,-1.9,164994,181021
SZ,300433,3.99,163155,173301
SZ,003816,-2.15,160094,205530
SH,688498,12.46,158527,160602
SZ,300124,-0.29,154067,173070
SH,600809,-1.16,149202,149202
SH,601766,-2.72,147183,173628
SH,600111,0.87,145976,145976
SZ,000792,0.33,145464,145465
SH,601818,-2.18,145253,184938
SZ,000338,2.07,144082,251171
SH,601688,0.1,143359,177107
SZ,002050,0.97,142733,162724
SH,601100,-3.11,142677,142677
SH,600176,5.2,142302,143432
SH,600690,-1.3,141444,212122
SH,601009,-1.97,141068,141068
SH,600050,-0.88,138527,139752
SZ,000063,1,138389,164362
SZ,002281,8.78,133991,141065
SH,601229,-1.97,133423,133423
SH,600999,0,131147,153668
SZ,000568,-1.56,130880,130955
SH,601336,-0.88,129944,194379
SH,600019,-2.61,127414,129603
SH,688111,0,127144,127144
SH,600016,-1.91,126954,156741
SH,600104,-1.86,126908,126908
SH,601600,0.95,126356,164173
SZ,000408,-0.28,125041,125043
SZ,002714,-2.38,124659,219374
SH,603019,1.46,124228,124233
SZ,000776,0.24,123158,163226
SH,600487,5.59,122731,123369
SH,601898,-0.95,122271,177136
SH,600760,-0.47,122067,122299
SH,600018,-1.88,120650,120823
SH,688082,1.73,120031,121334
SH,688506,0.21,117834,117834
SH,600346,-2.15,117764,117764
SZ,301165,-1.63,117221,117221
SH,600926,-1.7,116926,116926
SZ,300014,0.81,116081,119423
SZ,300857,15.23,114894,115485
SH,600584,5.2,114827,114827
SH,600660,-1.72,113790,148260
SH,601869,6.56,113572,231399
SH,600188,-0.41,112491,189395
SH,601888,-1.28,111721,118892
SZ,300442,8.38,111673,112001
SH,600886,-1.57,111664,119907
SH,688361,4.43,111389,111389
SH,600905,-1.26,111206,111206
SH,601698,1.58,111059,111059
SH,600160,3.19,111041,111041
SH,603256,8.45,110019,113128
SZ,000977,3.99,109308,109431
SH,601169,-1.9,108464,108464
SH,600089,0,108029,108029
SH,600489,-1.32,107804,107804
SH,603501,-0.62,105785,110233
SH,600015,-2.13,105710,109336
SH,688521,8.64,105183,105183
SZ,000166,-0.42,105015,116686
SH,605117,1.17,104265,104265
SZ,301200,9.17,103652,119196
SH,601995,0.17,103230,170450
SZ,300033,1.43,102759,176411
SH,600522,4.97,101706,101706
SH,688525,3.92,101340,101340
SH,601633,-2.69,101015,138907
SZ,000988,7.03,100217,100269
SH,601012,-1.19,99424,99424
SZ,002736,-0.28,99296,105797
SZ,000938,3.17,97671,97672
SH,600547,-2.38,97626,124514
SH,601006,-1.79,97527,97527
SH,601939,-3.05,97184,2650012
SZ,002353,7.51,97139,143923
SZ,002602,1.95,95767,103853
SH,600893,-0.43,95465,95482
SZ,000100,0.85,95361,98596
SZ,002028,-0.94,95054,121784
SZ,002230,1.31,94979,104178
SH,600938,-0.43,94813,1507175
SH,688271,-1.22,94795,94795
SH,688347,5.36,94296,401867
SZ,301308,3.97,93716,140668
SH,600673,6.5,93438,93687
SH,601390,-2.15,92067,111127
SZ,000538,-0.91,91856,92443
SH,601127,-2.89,91688,102568
SH,601881,0.32,91339,137883
SZ,002001,-1.5,91136,92233
SZ,002600,1.52,91079,102721
SH,601168,1.79,90959,90959
SZ,000617,-0.68,90517,90517
SZ,000807,1.48,90374,90375
SH,600795,-0.97,90248,90248
SH,600362,0.47,89630,149555
SZ,000895,-2.43,88511,88522
SH,601727,-0.7,87931,108315
SH,600941,-2.58,87036,2090525
SH,688183,8.62,86691,86691
SH,600236,-0.71,86470,86470
SH,605499,-1.77,86077,93486
SZ,002648,0.44,85475,85530
SH,601868,-0.75,84963,115909
SH,601689,1.27,84859,84859
SZ,002008,8.43,84249,90667
SH,600436,-0.14,83197,83197
SZ,001289,-0.59,82940,137519
SZ,002156,6.31,82823,82830
SH,688777,10.81,80924,81334
SH,601825,-1.47,80901,83232
SZ,000301,0.66,80754,80789
SZ,300498,-2.79,80567,90161
SH,603893,3.21,80329,80339
SH,600011,-1.22,79184,113026
SZ,002311,-2.93,78699,78775
SH,603228,6.27,78003,79535
SH,601991,0.97,77352,115482
SH,601838,-1.78,76885,76885
SH,600549,5.28,75941,77585
SZ,000425,-3.65,75785,98608
SH,603195,-0.39,75679,75817
SH,600039,-1.58,75478,75478
SZ,000657,7.79,75187,117872
SH,600674,-2.03,74971,74971
SZ,002080,9.12,73871,73871
SH,601179,3.24,73608,73608
SH,601800,-1.88,73033,101012
SZ,300757,9.27,72976,75239
SZ,002241,-0.21,72949,82377
SZ,000708,-2.03,72628,72629
SH,600118,2.53,72463,72463
SZ,002179,1.41,72432,72564
SH,601186,-2.02,72240,85280
SH,688396,4.42,71896,71896
SH,688249,3.15,71631,79344
SH,601958,4.29,71340,71340
SZ,300015,-1.2,71217,83231
SH,600585,-2.39,71077,94301
SH,601111,-2.24,70876,124800
SZ,301217,9.76,70665,70665
SH,600066,-1.45,70448,70448
SH,600010,-0.43,70153,101306
SZ,000630,0.8,69978,84211
SH,600029,-1.51,69811,93867
SZ,002466,2.14,68961,80059
SH,688200,7.28,68892,68892
SH,600958,-0.31,68794,78254
SH,600415,-0.86,68380,68380
SH,601360,2,67826,67826
SH,688126,2.51,67358,78329
SH,688702,2.49,66989,135304
SH,688036,-7.86,66815,66815
SH,600023,-0.79,66775,66775
SH,601018,-2.27,66729,66729
SZ,001965,-2.38,66592,66592
SZ,002625,-0.31,66555,66555
SH,688002,2.59,66436,66436
SH,600026,0.65,65535,93667
SZ,002202,0.31,64916,81519
SH,601916,-1.95,64633,82394
SH,600233,-2.03,64029,64029
SH,601669,-1,63920,84236
SH,600703,3.93,63361,63361
SZ,002304,-1.33,63360,63361
SH,688585,3,63348,63348
SZ,000625,-2.04,63244,75834
SH,600482,3.45,63239,63239
SZ,300475,4.8,63212,65952
SH,600875,4.26,63193,96557
SH,688629,6.89,62658,63645
SH,600988,-3.88,62147,70980
SZ,000636,2.37,61542,61542
SH,600048,-2.28,61408,61408
SZ,001979,-2.26,61112,62120
SZ,000703,-1.72,60534,60839
SZ,002595,-0.93,60525,60946
SZ,000960,5.14,60223,60223
SZ,300661,5.95,60185,68561
SH,600009,-1.25,60145,60342
SH,603296,1.87,60118,114140
SZ,002128,0.07,59895,83539
SZ,001309,3.29,59488,81771
SH,688017,3.58,59236,59236
SH,688172,7.7,59218,70524
SZ,000768,-0.74,58832,58921
SH,601901,0.14,58695,58695
SH,600221,-1.44,58270,58773
SZ,000426,4.82,58262,58276
SH,601788,0.13,58054,68516
SH,600426,-1.71,58044,58051
SZ,000933,1.77,58032,58069
SH,600438,0.08,57896,57896
SH,601077,-3.26,57537,73934
SH,601231,7.63,56618,56618
SZ,000975,-1.79,56571,62160
SZ,000021,4.11,56559,56567
SH,600885,1.96,56410,56410
SZ,300759,9.43,56049,72518
SZ,002709,2.92,55818,75406
SH,601877,0.35,55809,55809
SH,603156,3.43,55528,55528
SH,600372,-0.34,55502,55502
SZ,002837,5.58,55438,62494
SZ,002920,-0.58,55402,55420
SZ,002422,2.2,54853,67195
SZ,300058,7.13,54847,56618
SH,688519,13.08,54783,54783
SZ,002049,1.26,54727,54734
SH,601059,0.84,54482,54482
SH,600580,1.25,54424,54580
SZ,002532,1.93,54293,61192
SH,600803,-2.42,54277,54703
SH,600418,-3,54142,55881
SH,600219,-0.63,53744,53744
SZ,002064,-1,53630,53744
SZ,300450,1.33,53597,57543
SH,600096,-0.67,53505,53505
SH,688037,1.55,53476,53476
SH,600350,-2.2,53374,53374
SH,601233,-0.88,52765,52861
SZ,300223,4.41,52396,60095
SH,688141,9.76,52323,52323
SZ,300765,2.18,52124,52124
SZ,000831,0.62,52085,52085
SH,601377,-0.32,51989,51989
SH,603659,1.38,51932,51932
SZ,000157,-2.91,51750,63307
SH,688019,4.61,51618,51618
SH,600741,-2.33,51326,51326
SH,600879,3.25,51304,51304
SZ,002821,10,51237,58306
SZ,300418,4.78,51232,56015
SZ,002185,3.86,50969,50981
SZ,300054,8.71,50895,65268
SZ,300803,1.57,50570,50942
SZ,001872,-1.17,50281,54210
SH,600105,10.01,50132,50132
SH,688313,14.42,50044,50044
SZ,000963,-0.1,50031,50052
SZ,300285,1.21,49940,58327
SZ,301269,3.24,49237,49237
SH,600196,0.35,49212,62034
SH,688578,3.14,49140,49140
SZ,002428,10.01,49102,49108
SZ,002851,7.42,49016,62128
SZ,002074,0.14,48959,51157
SZ,300316,1.59,48856,51949
SZ,300136,4.57,48753,57164
SZ,000783,2.21,48665,48665
SZ,002484,9.46,48424,50198
SH,601298,-0.98,48421,58290
SH,600497,3.57,48287,48287
SH,600895,2.27,48195,48195
SH,601618,-1.81,48024,55660
SH,601117,-1.27,47061,47196
SH,688409,4.32,46905,46905
SH,601607,-0.82,46496,61818
SZ,300373,7.1,46440,46543
SH,688469,2.06,46430,66307
SH,600930,-0.68,46411,180206
SZ,000066,3.25,46061,46064
SH,600377,-2.33,46006,60957
SH,688375,1.14,45863,45863
SZ,300548,9.76,45538,45630
SH,601198,0.93,45416,45416
SH,603979,1.19,45169,45169
SH,688048,7.5,44775,44775
SH,688110,4.15,44738,44738
SH,601021,-1.92,44710,44710
SH,601058,-3.2,44620,44620
SZ,002812,-0.08,44421,52991
SH,600726,1.72,44179,46732
SH,688630,10.29,44103,49046
SH,600027,-1.64,44051,55504
SH,600570,0.3,44027,44027
SH,688009,-0.38,43967,54008
SH,688047,1.87,43966,43966
SZ,002414,1.25,43910,55178
SH,601878,-0.2,43863,43863
SH,601699,-0.47,43704,43704
SZ,000999,-0.64,43213,43253
SZ,300666,5.55,43177,53889
SH,688187,-0.39,43098,66003
SH,600378,6.05,42881,51574
SH,600352,-0.83,42489,42489
SH,688188,0.33,42113,42113
SH,600021,0.54,42046,42046
SH,600061,-0.45,41817,41817
SZ,301526,6.64,41753,112108
SH,600995,-0.22,41740,41740
SZ,002203,1.02,41699,43200
SH,603260,0.06,41578,41578
SH,600143,0.96,41578,42185
SH,601136,-0.39,40973,40973
SH,688303,-1.93,40943,40943
SZ,300567,7.94,40928,50427
SH,600642,-1.41,40863,40866
SZ,002236,1.55,40793,55774
SH,603083,9.49,40787,54501
SH,601555,-0.6,40743,40743
SH,688099,4.2,40677,40677
SH,600845,1.88,40547,54300
SZ,300979,-1.78,40366,40367
SZ,002409,4.77,40350,60291
SH,601238,-2.14,40241,55574
SH,600601,6.4,40202,41199
SH,600968,-0.24,40152,40152
SH,600578,1.02,39900,39900
SH,601456,-0.43,39699,51523
SH,601216,-1.04,39659,39659
SZ,000893,-3.32,39649,45131
SH,688729,5.54,39633,67003
SH,601108,0.35,39611,39611
SH,601777,2.1,39605,39605
SH,688331,3.4,39583,62781
SH,688147,6.85,39479,39479
SH,603087,3.57,39449,42035
SZ,000987,0,39405,39435
SH,603806,1,39366,39366
SZ,002078,-2.13,39300,39543
SH,600588,1.79,38954,38954
SH,688728,4.17,38930,38957
SH,688220,2.02,38898,38898
SH,600985,-1.36,38864,38864
SH,600600,-2.5,38846,74731
SH,600909,0.91,38837,38837
SH,603392,-0.73,38804,38804
SZ,000559,1.48,38612,38624
SH,688472,-1.03,38253,38253
SH,601665,-2.51,38092,38092
SH,601577,-2.46,38076,38084
SZ,002294,2.68,37996,38004
SZ,002850,0.09,37986,51878
SH,601212,0.99,37912,37912
SZ,300115,0.9,37897,38009
SZ,300390,3.61,37822,46738
SH,600392,1.99,37686,37686
SH,688627,7.51,37632,37632
SZ,000596,-1.56,37599,48642
SZ,300919,1.43,37576,42907
SH,603379,1.62,37422,37422
SZ,300972,-0.38,37169,40455
SZ,300001,0.95,37122,37992
SH,688808,18.23,37049,197120
SH,688336,3.23,36996,36996
SH,605376,7.64,36914,36914
SH,688234,5.48,36891,41605
SZ,300866,-1.38,36830,70210
SZ,002636,7.08,36701,36888
SZ,002966,-2.22,36614,37241
SZ,000983,-1.82,36504,36504
SH,600901,-2.16,36480,36489
SH,688146,1.36,36441,133078
SH,603268,4.37,36431,159113
SH,600298,-0.97,36412,36866
SZ,002129,-0.54,36397,36428
SH,601611,3.53,36226,36226
SZ,301377,9.21,36170,155145
SH,601208,10,36114,36114
SH,600141,3.84,36040,36040
SH,600733,-0.16,36028,37948
SZ,002155,1.01,36000,36003
SH,688295,2.5,35838,35838
SZ,001203,1.74,35809,42037
SH,688775,4.61,35636,55097
SZ,002517,4.67,35590,40251
SH,600085,-0.72,35549,35549
SH,600060,-1.4,35352,35482
SZ,300454,6.23,35275,52857
SZ,002138,5.56,35198,37034
SZ,000811,9.99,35105,35610
SZ,000423,-0.78,35103,35165
SH,688432,5.1,35058,35058
SZ,300017,7.16,35047,36961
SZ,002738,2.78,34996,35512
SZ,002273,3.8,34937,35670
SH,600157,0,34908,34908
SH,688122,-0.99,34796,34796
SZ,000688,3.31,34793,34794
SH,601126,10,34761,35099
SH,603369,-1.44,34748,34748
SH,600177,-1.02,34677,35601
SH,600256,0.18,34645,34645
SZ,300037,3.61,34540,47623
SH,603486,-1.24,34487,34803
SZ,002252,-0.37,34457,34480
SZ,002340,0.15,34212,34390
SZ,002032,-0.53,33922,33938
SZ,302132,-0.16,33875,154447
SH,688322,5.39,33829,43608
SH,603606,-3.25,33801,33801
SZ,002056,3.09,33654,33689
SZ,002407,3.8,33604,37082
SH,601236,-0.27,33557,33557
SH,600711,3.14,33502,33502
SH,688599,-0.2,33382,33382
SH,601696,0.84,33308,33308
SZ,002444,-3.04,33186,34568
SZ,300251,1.19,33138,35027
SZ,002601,-0.47,32974,39555
SH,603650,4.94,32745,32824
SH,601598,-3.93,32698,45482
SH,688027,-0.07,32406,41473
SH,600839,0.72,32397,32406
SZ,002653,2.46,32395,67587
SH,603225,-1.81,32320,32493
SZ,000878,0.56,32158,38924
SH,601162,0.54,32156,37677
SZ,002555,1.15,32096,44731
SZ,000729,-1.91,32073,36021
SZ,300207,-0.52,32068,34566
SZ,000786,-2.82,31949,32189
SZ,300346,4.4,31934,33646
SH,603568,-2.62,31915,31915
SH,688536,8.43,31891,32462
SZ,002126,5.7,31846,33915
SZ,000800,-1.06,31789,31791
SH,600863,-1.01,31786,38157
SZ,000002,-2.67,31774,39013
SZ,002432,4.87,31545,31588
SZ,002131,4.87,31499,36432
SH,600563,2.61,31478,31478
SZ,300782,4.67,31445,40335
SH,688676,3.68,31357,31357
SZ,002261,4.2,31300,34410
SH,600869,6.33,31293,31293
SZ,000967,7.75,31260,31274
SZ,000876,-1.83,31185,31204
SZ,000027,-0.9,31066,31066
SH,600332,-0.85,30930,35767
SZ,000661,-1.87,30834,31476
SH,600562,0.98,30798,30798
SH,603308,4.84,30768,30768
SH,600871,0,30616,42843
SH,688617,-2.1,30599,30599
SH,605589,9.48,30487,30504
SH,600348,-1.39,30483,30483
SZ,002673,-0.14,30483,30483
SH,600483,-1.8,30220,30220
SH,688235,5.15,30202,404623
SZ,300339,2.48,30166,30893
SZ,301236,3.59,30163,39741
SH,600282,-2.19,30147,30147
SH,600499,-1.31,30110,30110
SZ,300748,1.91,30070,36847
SZ,002939,-0.35,29974,33566
SH,688433,4.6,29963,29963
SZ,000958,-0.7,29932,101840
SH,600206,6.49,29883,29883
SZ,300751,5.95,29813,43115
SH,600517,-0.56,29793,29793
SH,603198,-1.11,29712,29712
SH,600398,-2.67,29633,29633
SH,603766,-2.36,29592,29592
SH,600707,6.19,29562,29568
SH,600699,0.71,29518,32799
SH,688668,14.7,29496,29496
SH,601990,-0.28,29241,30401
SZ,002472,0.41,29203,33158
SH,601933,0.31,29185,29185
SH,605358,5.35,29174,29174
SZ,002025,4.22,29039,29048
SH,603338,-1.26,29014,29014
SH,688213,-1.06,28951,36002
SH,600312,2.6,28943,28943
SZ,000629,-0.31,28893,28895
SH,688568,2.35,28889,28889
SZ,000060,1.57,28645,28646
SZ,300628,0.13,28519,49777
SZ,300870,8.95,28476,28479
SZ,000959,-1.79,28465,29624
SH,688169,-1.03,28465,28465
SH,688266,-0.11,28401,28401
SH,601000,-3.22,28385,28385
SH,603179,-0.39,28311,28311
SH,603444,1.91,28265,28265
SH,688025,11.1,28256,28256
SZ,002608,-1.19,28109,28109
SZ,300672,8.95,28091,28994
SH,600637,0.6,28072,28072
SH,600428,1.06,28047,31473
SH,600536,1.22,28035,31030
SZ,002378,4.13,28014,28161
SZ,002797,0,27988,27988
SH,601880,-1.29,27988,35829
SH,600369,-0.46,27976,27976
SH,688180,2.34,27774,37207
SH,688297,0.05,27749,27749
SH,688318,0.51,27728,27728
SZ,000981,6.59,27684,29093
SH,600663,0.92,27612,44058
SH,688052,6.12,27612,31481
SH,688608,-2.34,27597,27597
SH,600737,3.37,27570,27570
SZ,300432,3.25,27389,27698
SH,603939,-0.74,27327,27327
SH,603127,5.9,27287,32574
SH,601799,-1.95,27268,27268
SZ,000582,-1.09,27263,31816
SH,600515,-0.99,27253,33933
SZ,000877,-0.77,27233,27233
SH,600777,0.95,27120,28970
SH,600079,-0.84,27067,28629
SH,688301,4.31,27057,27057
SH,688385,3.55,27034,41285
SZ,300458,2.98,26975,32919
SH,600595,1.06,26853,26853
SH,688065,-0.42,26841,33187
SZ,002240,2.12,26766,26836
SH,601001,-0.12,26696,26696
SH,600331,2.34,26680,34684
SZ,000932,-2.51,26520,26520
SH,688300,9.55,26506,26506
SH,688248,2.95,26451,26451
SH,600259,2.71,26420,26420
SH,601615,0.34,26392,26392
SZ,002487,2.4,26360,30921
SZ,002223,-0.66,26356,28039
SH,688387,6.27,26339,44649
SZ,003022,2.34,26275,26297
SZ,002245,3.49,26236,27886
SH,600862,-0.25,26217,26217
SH,600299,-0.69,26178,26178
SZ,000737,1.03,26092,26095
SZ,002465,1.85,25943,25985
SH,600918,-0.52,25917,44976
SH,600704,-0.98,25908,25908
SZ,002459,-0.88,25859,25882
SZ,000951,-2.21,25776,25776
SH,688167,11.4,25765,25765
SH,600153,-2.84,25719,25719
SZ,000739,10,25615,25625
SZ,301511,7.96,25614,43095
SZ,002152,0.49,25591,25604
SH,600161,-0.92,25330,25330
SH,600521,0.66,25274,25274
SH,603067,7.3,25212,25212
SH,600323,-1.02,25178,25178
SZ,300383,5.1,25156,25202
SH,688362,7.18,25113,25113
SZ,002747,4.07,25037,30970
SH,603049,-1.5,25007,43305
SZ,301396,20,24997,37966
SZ,002456,2.45,24982,26324
SZ,002498,3.45,24918,24918
SH,601928,-1.2,24915,24915
SH,603345,-1.9,24895,28290
SZ,000921,-1.81,24868,37280
SH,601717,-1.64,24813,28727
SH,600208,-0.33,24758,24761
SH,603119,6.97,24674,24674
SZ,300024,0.83,24620,24627
SH,688018,1.15,24585,24585
SH,688475,3.41,24578,24578
SH,603160,0.61,24548,24548
SH,600295,-0.55,24517,34733
SZ,300438,2.02,24476,30482
SZ,002222,6.63,24470,24580
SH,600166,-1.58,24465,24465
SZ,300558,3.24,24463,24541
SH,601399,-1.16,24454,24454
SH,601155,-2.69,24406,24406
SZ,300570,7.14,24399,28834
SH,600566,-1.26,24353,24435
SZ,000400,1.44,24341,24427
SZ,000830,-2.43,24335,24337
SH,688127,7.11,24330,24330
SH,600546,-0.48,24325,24325
SH,600100,0.69,24290,24290
SZ,000415,-0.87,24268,27830
SZ,000738,-0.96,24252,24252
SH,601606,2.04,24247,24247
SH,688349,-1.08,24166,24585
SH,601918,-0.31,24118,24118
SH,603596,-0.91,24057,24057
SZ,002841,0.88,24024,32219
SH,688333,5.47,23968,23968
SH,603885,-1.24,23968,23968
SH,600095,3.21,23931,23931
SH,601099,-0.27,23925,23925
SH,689009,-2.17,23923,31310
SH,603920,4.97,23895,23895
SZ,920185,-0.08,23878,24278
SZ,000547,2.95,23837,23977
SH,601866,-1.6,23791,32232
SH,603605,-1.21,23782,23782
SH,688278,-0.52,23748,23748
SH,600977,1.11,23730,23730
SZ,300255,2.54,23721,23758
SH,688102,5.07,23715,23784
SH,688778,1.49,23655,23655
SH,600535,-0.43,23649,23649
SH,600396,3.42,23622,23622
SZ,000962,10.01,23619,24759
SZ,002244,-5.2,23577,26603
SH,601228,-1.57,23539,23539
SZ,000062,2.27,23531,23554
SH,601567,-0.47,23312,23312
SZ,002266,1.05,23244,25053
SH,688192,1.92,23236,23435
SZ,002430,1.85,23197,23207
SH,605090,1.2,23166,23189
SH,603061,10,23163,23163
SH,600884,0,23159,28340
SZ,002180,-0.46,23152,24200
SH,688425,-0.91,23094,23094
SH,601128,-2.16,23056,23056
SZ,002085,-0.45,23017,23017
SZ,002603,-0.05,23002,27917
SZ,000733,0.88,22940,22943
SZ,002046,4.22,22930,23190
SZ,001389,6.99,22914,71095
SZ,000887,0.75,22896,22933
SZ,300496,1.67,22887,28594
SH,601963,-2.26,22802,40645
SZ,300738,4.05,22761,22768
SH,603881,3.58,22681,22681
SH,600098,-1.36,22648,22648
SH,600390,-0.39,22625,22625
SH,601069,0.04,22606,23212
SZ,300489,15.6,22598,22681
SH,600126,3.24,22593,22593
SH,601118,1.35,22553,22553
SH,600873,-1.7,22546,22546
SZ,000155,-0.64,22523,22523
SH,601106,0,22494,22494
SH,603301,-3.49,22474,22474
SH,600550,0.41,22448,22448
SZ,000158,4.21,22421,22572
SZ,002271,-2.57,22419,27972
SZ,301205,5.43,22418,34822
SZ,000750,0,22373,24651
SH,603565,-2.82,22366,22366
SH,600330,10.02,22350,22350
SH,600641,2.56,22344,22734
SH,600132,-1.99,22326,22326
SZ,000709,-1.81,22324,22328
SH,601608,0.41,22211,22211
SH,688819,-0.47,22203,22203
SH,600388,-1.85,22162,22162
SZ,002926,-0.23,22050,22050
SH,601016,0.27,22040,23887
SH,603823,2.51,21972,21972
SZ,002065,1.21,21926,24169
SZ,300677,-4.88,21912,30813
SZ,001270,6.61,21812,21951
SZ,000623,-0.1,21811,21897
SZ,301018,12.19,21786,28831
SH,600685,-0.52,21776,37472
SH,600598,-1.52,21759,21759
SZ,300474,1.33,21754,27971
SZ,000564,-0.68,21737,26004
SH,688820,7.54,21647,233219
SZ,003035,-0.16,21629,21629
SH,600008,-1.99,21581,21581
SZ,300699,-0.14,21562,21823
SZ,000598,-2.03,21542,21545
SH,600329,-0.04,21453,29133
SZ,300896,-1.24,21392,31660
SH,603337,-1.09,21390,21819
SH,600765,-0.28,21362,21362
SZ,002007,-0.87,21337,24756
SZ,002423,-1.06,21336,21336
SH,600848,-0.33,21330,22475
SZ,300073,0.67,21266,22877
SZ,002379,-0.15,21205,243161
SZ,000034,4.56,21203,25388
SH,603077,0.42,21196,21196
SH,603233,0.54,21183,21183
SH,600170,-0.82,21149,21149
SH,600516,-0.75,21136,21136
SH,600745,0.97,21121,21121
SH,601677,1.19,21099,21099
SH,601997,-1.86,21096,21096
SH,688001,6.45,21084,21084
SZ,002624,2.13,21074,22368
SH,601865,-0.08,21063,25959
SH,600246,7.53,21059,21645
SZ,002468,0.07,21054,22013
SH,603737,-0.2,21010,21010
SH,688114,1.29,20952,20997
SH,603730,3.18,20884,20884
SH,600970,-1.96,20843,20843
SH,688400,5.07,20839,21670
SH,600688,-1.04,20814,29941
SZ,000825,-0.81,20791,20791
SZ,300811,8.25,20767,25302
SH,603678,4.28,20749,20749
SZ,002364,8.55,20689,20891
SH,603816,-3.97,20642,20783
SH,688343,4.81,20469,20469
SH,600582,-0.59,20445,20445
SH,603833,-0.64,20431,20431
SZ,300003,0.08,20415,23835
SH,688005,1.21,20395,20395
SZ,002545,0.9,20343,22393
SZ,000009,0.13,20325,20350
SZ,301536,4.01,20309,45752
SH,601158,-1.16,20256,20256
SZ,002895,-1.36,20217,20431
SZ,002299,-2.11,20217,20618
SZ,002335,4.01,20201,23100
SZ,000519,1.05,20164,20164
SZ,300814,9.58,20140,20140
SH,603306,9.61,20135,20135
SH,601187,-2.79,20119,20163
SH,603876,0.14,20119,20119
SZ,002130,2.39,20118,24554
SZ,002948,-3.21,20112,33234
SZ,300085,3.02,20043,21722
SH,605111,5.28,20040,20040
SZ,301035,-2.34,19989,20019
SZ,000683,-2.12,19965,22227
SZ,002461,-1.95,19964,19964
SH,603588,3.15,19954,19954
SH,688205,6.8,19949,19949
SZ,000039,-1.02,19930,46699
SH,603667,1.32,19925,20847
SH,600602,4.65,19842,25261
SZ,300763,1.15,19826,24456
SH,600967,0.09,19792,19792
SH,603663,4.26,19764,19778
SZ,001896,6.06,19759,19759
SH,603290,2.31,19632,19632
SH,601098,-1.79,19612,19612
SZ,002318,-3.47,19596,20071
SH,601666,0.63,19582,19582
SH,688208,1.04,19576,19576
SH,603171,4.64,19572,19594
SH,603005,6.23,19565,19565
SZ,300142,0.65,19557,19832
SH,600927,-0.87,19552,19552
SZ,001267,10.02,19516,25175
SZ,002262,-0.75,19496,22408
SZ,002500,-0.9,19492,19492
SZ,002831,4.04,19491,35159
SZ,300762,3.2,19436,19436
SH,600012,-1.93,19396,28431
SH,600518,1.45,19351,19360
SZ,002120,-1.42,19340,19918
SH,603658,-1.16,19297,19297
SH,688403,7.31,19236,19236
SH,600339,0,19206,19206
SZ,000029,5.13,19180,21761
SH,603516,3.33,19170,19170
SZ,002396,1.32,19155,19234
SZ,000997,-0.57,19151,19259
SZ,000686,0,19145,19145
SZ,002497,0.67,19136,20815
SZ,300806,6.6,19116,26528
SZ,300779,1.89,19080,24971
SH,603000,1.53,19029,19029
SZ,002683,-0.96,18984,21642
SZ,002716,1.49,18951,23036
SH,601858,10.02,18925,18925
SZ,300487,8.75,18909,31256
SH,688372,8.37,18901,18901
SZ,002536,10.02,18896,19951
SZ,300627,0.31,18858,22771
SH,600007,-1.52,18836,18836
SH,688363,0.03,18834,18834
SH,688270,3.31,18816,18816
SH,601139,-1.5,18814,18814
SZ,301171,15.83,18801,23170
SH,603236,1.39,18749,18749
SH,600353,7.32,18723,18723
SH,600380,-0.48,18679,18679
SZ,002044,1.69,18674,18867
SZ,300122,-0.37,18641,31550
SZ,002270,0.1,18632,18633
SH,600004,-1.62,18602,20257
SH,603530,3.11,18569,18740
SH,688561,2.33,18564,18564
SZ,300776,8.46,18458,29362
SZ,300623,4.08,18417,19970
SH,600606,-1.49,18411,18411
SH,688281,-0.43,18317,18317
SZ,002389,0,18307,18310
SH,603358,10,18291,18607
SH,600961,6.16,18277,26082
SZ,000543,-1.09,18271,18271
SH,603529,-2.7,18256,18616
SH,600577,0.99,18234,18234
SH,688097,4.13,18232,18232
SZ,000875,-2.14,18216,19769
SH,600655,-1.67,18166,18172
SZ,002670,1.73,18165,21654
SH,688257,7.44,18108,18108
SZ,002756,0.86,18096,25203
SZ,002518,3.26,18091,18637
SH,600032,-0.65,18059,18059
SH,600038,-1.05,18034,22104
SZ,002739,0.7,18030,18288
SZ,300398,6,18017,18116
SZ,300456,6.52,17971,22025
SH,600956,-0.25,17869,34247
SZ,000591,-0.86,17839,17845
SZ,300843,16.36,17831,18188
SH,688692,3.98,17814,27199
SH,601636,3.79,17811,17811
SH,603871,-0.83,17798,17798
SH,600120,-0.37,17794,17794
SZ,002145,-0.84,17776,17777
SZ,300747,4.75,17742,19089
SH,600820,-1.73,17733,17733
SH,688523,4.11,17711,17711
SZ,000937,-1.46,17675,18191
SZ,000969,1.44,17568,17722
SZ,300083,10.21,17562,19595
SH,601609,2.11,17546,17546
SH,603638,0.86,17526,17526
SH,601975,-0.26,17504,17504
SZ,300888,-1.78,17498,17577
SH,688123,6.89,17495,17495
SZ,300257,4.87,17490,18203
SZ,000603,1.87,17468,18077
SZ,300140,-0.52,17457,17479
SZ,300088,3.85,17423,17509
SH,603786,-0.98,17414,17414
SH,600114,3.6,17388,17811
SH,688795,2.13,17379,270257
SZ,000528,-2.28,17379,17403
SZ,002149,1.86,17353,17356
SH,603115,10,17250,17250
SH,601333,-1.6,17239,21605
SH,688502,8.35,17187,17187
SH,600410,10,17127,17127
SZ,002402,1.95,17123,19317
SZ,002491,4.98,17118,17896
SH,688131,6.68,17101,17101
SZ,300724,1.57,17076,20671
SZ,002958,-3.39,17026,17389
SH,601966,-1.68,17021,17021
SZ,000032,6.71,17013,17013
SZ,000766,1.27,17011,17020
SH,600062,0.31,16985,16991
SH,601519,2.41,16908,16908
SH,600500,2.61,16901,16901
SH,603950,8.03,16899,16913
SH,603186,9.23,16886,16886
SH,600179,-0.45,16878,18492
SZ,300364,4.89,16861,18599
SZ,000682,1.7,16825,16826
SZ,300170,5.75,16811,17604
SH,688772,0.68,16778,16778
SZ,001287,4.35,16771,16771
SZ,300413,0.43,16746,30661
SH,603132,0.59,16734,16734
SH,603997,-0.52,16730,16730
SH,603858,-0.74,16704,16704
SZ,000935,2.77,16704,16704
SH,600739,0.18,16669,16669
SZ,002611,0.24,16616,20146
SZ,300953,4.15,16614,23114
SH,601326,-3.05,16604,19500
SZ,002192,3.81,16594,16628
SH,600171,1.48,16582,16582
SZ,301297,9.31,16560,21767
SH,601020,1.71,16539,16539
SH,603618,4.18,16531,16531
SZ,300660,1,16481,16491
SZ,000898,-1.89,16472,19394
SH,600867,0.6,16471,16471
SZ,300102,2.92,16468,16548
SH,603733,1.31,16468,16468
SH,601921,-0.66,16467,16467
SZ,300568,3.26,16461,20365
SH,600186,10.05,16460,16493
SZ,001337,-0.19,16456,16456
SH,605196,0.53,16453,16571
SZ,300773,1.07,16447,17386
SH,600528,-1.06,16439,16439
SZ,002925,1.96,16390,17301
SZ,300503,5.54,16366,20913
SH,601369,-0.3,16363,16528
SH,600763,-0.62,16353,16353
SH,600435,-0.17,16349,16349
SH,605020,3.11,16345,16602
SH,688388,8.08,16333,16333
SZ,002405,0.58,16278,16378
SZ,300657,7.33,16257,16730
SZ,300002,1.98,16215,17232
SH,603226,3.97,16210,16210
SZ,300144,-0.62,16187,16358
SH,688268,4.32,16184,16184
SZ,920438,6.47,16167,16755
SH,600928,-2.66,16101,16178
SZ,000723,-1.07,16086,16117
SH,600761,-2.69,16077,16077
SZ,000050,1.07,16076,16076
SZ,000537,-0.75,16076,16076
SH,603773,9.99,16049,16054
SZ,002312,-0.57,16031,16064
SZ,300676,1.34,16022,16109
SH,603355,-1.47,16015,16015
SH,601156,-1.21,16011,26909
SH,601101,0,15984,15984
SH,601137,1.88,15948,15960
SZ,002237,0.53,15942,19119
SZ,001213,-1.37,15911,15911
SZ,000563,-0.95,15904,15904
SH,688390,3.19,15881,15881
SZ,000970,1.8,15841,15841
SH,688615,2.1,15767,22834
SZ,300199,3.47,15760,18681
SH,600959,-0.62,15752,15752
SZ,002176,2.55,15740,15763
SH,600226,6.01,15734,15734
SH,688582,3.85,15732,15732
SH,601702,-0.24,15727,15727
SH,600808,-2.22,15695,20253
SH,688520,4.14,15689,16570
SH,600835,0.26,15678,19582
SH,600664,3.51,15615,15615
SH,601019,-1.31,15610,15610
SZ,000902,-1.43,15599,17127
SH,600623,-0.83,15590,17613
SH,688700,7.78,15553,15553
SH,600511,-1.47,15516,21156
SZ,002171,1.05,15476,15564
SH,688100,2.19,15443,15577
SZ,000927,-1.16,15368,15368
SH,605198,4.02,15339,18948
SZ,002320,-1.28,15338,15338
SZ,000791,0.13,15330,25691
SH,600872,-1.67,15304,15370
SH,688779,0.89,15299,15299
SH,603026,2.77,15293,15293
SZ,002410,-0.3,15293,16090
SH,600452,-0.29,15289,15289
SZ,000778,-1.25,15224,15496
SH,603025,0.29,15218,15321
SZ,300903,4.64,15212,20028
SH,688449,5.8,15188,23828
SZ,000966,-0.9,15177,15177
SZ,300613,2.05,15128,16037
SZ,002326,1.58,15123,17235
SH,688166,0.03,15070,15070
SZ,300201,3.52,15045,15126
SH,600110,4.21,15027,15027
SZ,002896,6.38,15003,15003
SZ,000539,1.21,15000,30819
SH,688503,6.1,14994,14994
SH,605296,-1.12,14990,15229
SZ,300723,1.88,14982,16143
SH,688484,3.11,14963,14963
SZ,300735,2.33,14944,15964
SH,688233,3.89,14919,14919
SH,601568,-0.26,14896,14896
SZ,002568,-2.1,14884,20343
SH,600022,-1.41,14871,14871
SZ,002773,-0.13,14869,19947
SZ,002508,-1.11,14834,15015
SZ,301316,5.19,14820,15288
SH,600151,0.1,14816,14816
SZ,002946,-1.91,14794,14967
SH,600877,2.63,14789,14789
SH,688652,7.18,14773,20553
SH,600548,-1.81,14761,21851
SH,603662,1.31,14758,14758
SH,600744,-1.08,14726,14726
SH,600475,1.37,14662,14865
SH,600888,3.74,14661,14661
SZ,000680,-2.27,14632,16697
SH,600531,2.55,14608,14608
SH,601375,0,14583,19639
SZ,300131,6.07,14571,15868
SH,688279,-2.28,14560,17915
SZ,301550,1.04,14548,23770
SZ,002911,-2.04,14546,14903
SH,688332,3.32,14532,14532
SH,601965,-2.34,14527,14589
SH,600651,1.22,14516,14516
SH,688158,12.66,14514,16314
SH,688380,4.8,14505,14505
SH,600459,3.03,14488,15700
SH,688392,7.24,14425,14425
SH,603613,0.7,14418,14418
SH,600710,-0.98,14413,14413
SH,688690,7.57,14400,14400
SH,600633,2.44,14380,14380
SZ,002957,8.02,14377,14422
SH,600596,1.72,14360,14360
SH,688353,0.65,14355,14355
SZ,300957,-0.31,14337,14415
SZ,300253,2.52,14336,17016
SH,601778,1.58,14334,14334
SH,688800,5.74,14333,14333
SH,600816,0.38,14329,25792
SZ,000088,-1.73,14328,23554
SZ,300999,-1.08,14310,142967
SH,603938,10,14306,14306
SH,688206,3.61,14298,14298
SZ,300342,4.09,14285,14498
SH,600621,0.67,14269,14269
SH,600320,-1.36,14267,22656
SH,600201,0.47,14266,14266
SH,600056,-0.51,14236,14241
SH,600361,0.26,14221,14221
SZ,000422,0.23,14216,14487
SH,688106,4.49,14214,14214
SZ,001301,-0.27,14125,19802
SH,601827,-0.11,14111,14111
SZ,002249,-0.65,14109,18675
SZ,002250,4.51,14105,14182
SZ,001248,0.08,14098,176778
SH,603002,5.79,14097,14097
SH,603305,1.42,14065,14065
SZ,000581,-1.27,14036,17093
SZ,002158,5.76,14017,14047
SH,600267,3.94,14010,14010
SH,603009,2.75,13980,13980
SH,688538,-0.81,13978,33557
SZ,002969,-0.3,13976,14050
SH,600779,-0.65,13957,13957
SH,600575,0.28,13952,25729
SH,688088,3.33,13937,13937
SZ,300229,12.17,13916,13926
SZ,301275,0,13915,19536
SZ,001286,0.19,13878,38550
SH,600906,0.46,13871,21190
SH,600416,-0.31,13858,13858
SH,600675,-1.28,13846,13846
SZ,000685,-0.35,13837,16292
SH,688150,8.6,13824,13824
SZ,000089,-1.31,13822,13822
SH,600258,-1.66,13812,13812
SZ,300679,3.76,13799,16309
SZ,002010,-0.39,13787,13820
SH,603505,0.8,13770,13770
SH,600456,0.24,13770,13770
SH,600409,-2.48,13769,13769
SZ,002507,-1.64,13752,13789
SH,603063,5.46,13751,13808
SH,603868,-0.78,13717,13717
SH,600933,-0.2,13705,14389
SZ,002867,-2.52,13694,13775
SZ,000506,0.2,13689,13694
SH,603283,5.85,13660,13660
SZ,001696,1.19,13656,17542
SH,600397,8.75,13652,13652
SZ,002048,1.21,13639,15643
SZ,300469,3.46,13636,13643
SH,603456,4.88,13631,13631
SH,600403,2.52,13604,13604
SH,688593,11.49,13602,13602
SH,603826,3.37,13594,13594
SZ,002226,-0.96,13589,13589
SZ,301285,4.88,13582,13582
SZ,000612,2.98,13579,13579
SH,688308,7.14,13573,13573
SZ,002906,-0.3,13566,13574
SH,600057,-2.55,13559,18397
SZ,002563,-2.99,13552,16542
SZ,002913,8.79,13534,14062
SH,600167,-0.65,13532,13532
SH,600064,-1.87,13531,13531
SH,688531,9.07,13491,19464
SH,600155,0,13458,13458
SZ,002768,4.72,13445,23271
SZ,300455,1.12,13443,13616
SH,688003,8.37,13438,13438
SZ,300260,7.98,13433,19045
SZ,300655,3.37,13413,13474
SZ,000785,0,13408,14384
SH,600490,0.75,13370,14848
SZ,300602,7.45,13359,19529
SH,605289,7,13355,13373
SH,600764,-1.1,13346,13346
SZ,001331,8.9,13326,19079
SZ,000799,-0.28,13243,13244
SH,688625,5.07,13238,13238
SH,688596,4.48,13217,13217
SH,603707,-0.23,13184,13184
SZ,300323,6.63,13183,18015
SZ,002552,10,13178,13874
SH,600271,0.14,13174,13174
SZ,300166,7.25,13124,16500
SH,601678,4.39,13118,15466
SH,688686,4.5,13102,13102
SZ,300100,1.3,13095,13583
SH,600850,-0.36,13092,13092
SH,603556,1.09,13090,13090
SH,688055,1.55,13067,13067
SH,600529,-1.79,13067,13067
SH,688006,2.03,13051,13051
SH,600172,5.84,13024,14638
SZ,300718,1.91,13019,19779
SZ,002290,5.06,13002,13043
SZ,301005,6.84,13000,13270
SZ,000534,3.86,12991,13172
SH,600916,-2.14,12970,12970
SH,600285,-0.94,12956,12970
SZ,300457,-0.04,12951,13162
SH,603515,-1.28,12940,13020
SZ,002936,-1.59,12934,16729
SH,688368,8.17,12925,21294
SZ,300459,2.08,12886,13782
SZ,300409,1.48,12852,14440
SZ,301389,7.53,12834,12834
SZ,000672,2.96,12825,12825
SH,600827,-1.23,12820,14256
SH,600116,-1.32,12811,12811
SH,688802,3.95,12809,276589
SZ,300319,5.17,12803,13349
SZ,000815,10,12772,12772
SH,603888,1.54,12751,12751
SZ,000620,2.64,12707,15971
SH,600717,-2,12705,12705
SH,605389,3.21,12703,13432
SZ,300296,0.92,12693,14862
SZ,002979,1.15,12692,18005
SH,603882,0.07,12668,12754
SH,688116,0.79,12653,12653
SH,600211,0.51,12651,12651
SH,600783,0.12,12647,12647
SZ,300184,3.71,12645,13812
SH,688516,3.03,12644,12644
SZ,002091,-1.61,12643,12843
SH,600113,2.85,12639,12939
SH,600366,2.69,12606,12606
SH,603039,3.2,12601,12601
SH,603203,8.56,12573,12719
SH,605507,0.31,12572,12572
SZ,301219,2.22,12561,17599
SZ,002701,-0.6,12531,12543
SZ,002755,1.28,12530,12530
SZ,002268,0.82,12527,12532
SZ,300133,6.21,12514,14099
SZ,002847,-1.94,12497,13847
SZ,000681,2.1,12488,12940
SH,600755,-1.67,12452,12484
SH,600589,6.18,12449,12475
SH,600702,-0.26,12442,12447
SH,605599,-2.67,12437,12437
SZ,002901,0.98,12436,17853
SH,601107,-3.35,12436,17584
SZ,300070,-0.54,12434,13120
SZ,000711,5.67,12430,15414
SH,688031,9.4,12404,12404
SH,600363,1.63,12390,12390
SZ,301319,10.01,12372,16417
SH,600776,1.25,12371,16253
SZ,300034,0.31,12350,12831
SZ,000592,3.87,12333,12441
SZ,002531,1.62,12329,12398
SZ,300682,2.32,12293,12853
SH,601339,0,12281,12281
SH,600301,7.11,12277,28206
SH,688401,6.53,12239,13000
SZ,301015,3.19,12235,12237
SH,603589,-1.29,12232,12232
SZ,002534,4.89,12215,12372
SZ,000069,-2.74,12211,14227
SZ,000156,0,12188,13286
SH,600315,-1.73,12181,12181
SH,688258,6.32,12175,12175
SH,600338,1.29,12168,12168
SZ,000762,0.82,12166,12166
SZ,002399,0.41,12160,14306
SZ,002354,4.47,12160,12376
SZ,002416,-2.16,12153,12306
SZ,002440,-1.38,12123,14398
SH,600986,2.66,12048,12048
SH,600063,0.69,12042,12042
SZ,000567,-1.11,12042,12079
SZ,301238,1.86,12027,12027
SH,601133,4.7,12024,12066
SH,603738,7.68,12017,12017
SH,603031,5.13,11985,14251
SZ,002287,-0.42,11984,12009
SH,603927,1.41,11975,11975
SZ,001258,0.79,11975,11975
SH,603698,2.34,11974,11974
SZ,000758,0,11956,12002
SZ,002643,2.87,11954,12136
SZ,301039,-3.17,11953,15424
SZ,000801,0.26,11948,11952
SZ,002096,-1.32,11945,11945
SH,601222,-0.5,11941,11941
SH,601992,-0.68,11918,15269
SZ,301611,4.83,11901,35399
SZ,002607,1.9,11863,13198
SZ,000973,1.41,11851,30113
SZ,002366,1.43,11842,13318
SZ,300182,2.54,11839,13958
SH,600420,-1.11,11829,11829
SH,601512,-0.62,11826,11826
SH,600343,2.6,11826,11826
SH,688660,1.14,11813,11813
SZ,002617,1.94,11810,12009
SZ,300761,-1.64,11805,15683
SH,688107,7.09,11801,11801
SH,601068,-0.64,11800,13774
SZ,300674,0.66,11790,11807
SZ,000901,1.58,11789,11789
SZ,301093,3.74,11784,12342
SH,600268,2.11,11780,11781
SZ,000035,-1.35,11750,12131
SH,605118,1.52,11747,11816
SH,688545,4.73,11737,23184
SZ,002597,-1.93,11736,11759
SZ,300468,0.14,11730,11749
SZ,002987,-1.02,11721,12028
SH,600859,-0.85,11710,11711
SZ,002167,3.77,11699,11945
SZ,002929,10,11697,15467
SZ,300573,-0.18,11690,15222
SH,600216,0.08,11674,11799
SH,600461,-1.72,11660,11660
SZ,300775,1.34,11659,12008
SZ,001339,10,11652,23537
SH,603267,1.64,11635,11635
SH,600635,-1.22,11634,14201
SZ,002092,-1.95,11616,11681
SZ,300357,2.39,11614,12566
SZ,000070,4.23,11600,11758
SZ,002258,-1.28,11588,11606
SH,688306,0.53,11583,11583
SH,688016,-0.01,11572,11572
SZ,301095,5.07,11572,13395
SZ,300376,2.26,11567,11571
SZ,002827,9.96,11551,11594
SZ,301029,1.55,11548,16213
SH,600864,0.36,11547,11547
SZ,002174,2.34,11545,11552
SH,688535,5.79,11536,12377
SH,688198,-0.07,11513,11513
SZ,300146,-0.57,11498,17357
SH,688260,-1.1,11474,11474
SZ,300975,5.28,11470,16014
SZ,920808,3.32,11464,11772
SZ,002645,4.93,11441,12667
SZ,301293,3.78,11422,11422
SZ,000839,6.99,11407,11407
SZ,000099,-0.67,11404,11404
SH,601952,-1.42,11396,11396
SH,688222,7.49,11387,11387
SZ,300315,1.82,11386,12130
SZ,002024,0.82,11382,11396
SZ,300179,6.32,11380,14781
SZ,300428,-0.56,11380,13074
SZ,002217,5.41,11356,11668
SZ,002544,1.34,11350,11351
SH,603983,1.11,11336,11336
SZ,002139,0,11332,13192
SZ,002583,3.03,11326,16058
SH,600882,-0.66,11323,11323
SZ,300827,0.04,11315,14429
SZ,301626,4.61,11312,24868
SZ,002051,-0.42,11308,11308
SH,688559,2.56,11300,11300
SH,603389,5.06,11298,11298
SH,600559,-1.27,11297,11297
SH,600006,-1.9,11280,11280
SZ,300601,-0.31,11264,13973
SH,600908,-2.25,11256,12356
SH,688549,3.8,11256,28216
SZ,002698,0.38,11252,13631
SZ,002373,0.12,11241,12894
SZ,002779,10,11215,12500
SZ,002011,-0.37,11188,11325
SH,688603,10.05,11182,11182
SZ,300638,2.09,11166,18930
SZ,002807,-2.13,11139,11155
SZ,002310,0.4,11129,15178
SH,600612,-2.33,11127,18356
SZ,300769,2.84,11123,12379
SZ,300185,-0.68,11116,11665
SZ,002839,-1.93,11111,11122
SZ,300593,-2.33,11108,13383
SH,603693,-0.55,11090,11090
SH,600248,-0.65,11080,11105
SH,600619,1.67,11064,15048
SH,600572,-0.22,11064,11093
SH,688063,1.26,11058,11058
SZ,000998,-1.63,11041,12343
SH,688809,3.07,11038,55192
SZ,000767,0.53,11037,11662
SZ,000990,1.09,11025,11025
SZ,301666,9.27,11007,181078
SZ,300720,20,11003,11644
SZ,002246,-1.9,11003,11003
SZ,002668,0,10982,10982
SH,601801,-1.57,10964,10964
SH,688321,3.51,10937,11880
SZ,000061,-0.32,10927,12088
SH,600480,-0.1,10907,10988
SH,603093,0,10902,13691
SZ,300049,-1.24,10899,12318
SH,688382,0.05,10896,10896
SH,688143,8.16,10880,11450
SH,603185,-0.49,10844,10909
SH,600446,1.05,10825,10825
SH,603992,0.87,10824,10824
SH,601022,-1.3,10822,10822
SZ,000899,0.09,10820,10820
SZ,000555,0.36,10818,10831
SH,600728,1.81,10812,10812
SZ,002276,0.09,10806,10849
SH,603078,5.11,10798,10798
SZ,002413,2.46,10791,10990
SZ,002745,2.63,10790,15049
SZ,000690,-0.99,10785,10792
SZ,002083,3.45,10782,10782
SZ,300835,8.2,10754,15345
SZ,301267,-0.05,10751,13927
SZ,300065,3.09,10734,11790
SH,600376,-1.41,10731,10731
SZ,002539,-0.49,10731,14565
SZ,301207,0.28,10728,10734
SZ,002947,3.6,10718,13848
SZ,000810,1.05,10706,11088
SZ,300777,0.49,10695,10914
SH,603099,-0.6,10693,10693
SH,600058,2.15,10687,10687
SZ,002003,-1.31,10681,12424
SH,601163,-1.03,10680,10680
SH,603800,7.55,10670,10670
SZ,002385,-0.95,10668,13244
SZ,300607,4.46,10665,15072
SH,603906,0.8,10658,14976
SH,600509,0,10652,10652
SH,600993,-1.54,10646,10664
SH,603218,-1.14,10629,10638
SZ,002838,1.53,10608,12065
SH,688153,3.22,10592,10900
SZ,920116,2.65,10587,10587
SH,601949,-0.35,10586,10586
SZ,002204,-0.89,10584,10584
SZ,002984,-1.78,10580,15358
SZ,300353,8.84,10574,12040
SZ,002975,10,10565,16009
SH,603118,1.82,10565,10565
SH,603235,0,10533,10533
SH,600162,3.87,10524,10524
SZ,000828,-0.68,10510,10510
SZ,000048,9.99,10491,10509
SZ,300224,0.89,10487,10526
SH,603040,2.54,10474,10529
SZ,000949,2.6,10469,10472
SH,688028,5.88,10459,10459
SH,600395,-0.8,10454,10454
SH,601900,-1.57,10451,10451
SZ,300726,3.42,10441,20052
SH,688663,5.78,10434,10434
SZ,300008,-0.3,10427,10938
SZ,002439,1.63,10419,17323
SH,688698,1.68,10408,10408
SZ,301087,0.06,10400,12646
SH,603757,10.01,10394,10394
SZ,002182,1.78,10386,11901
SH,603027,-1.88,10380,10380
SZ,301150,7.12,10379,11065
SZ,000727,0.44,10373,10373
SZ,300009,0.72,10359,14067
SZ,300026,0.88,10355,10364
SH,600507,-2.6,10340,10340
SZ,002063,2.82,10332,11186
SH,688160,1.39,10317,10317
SH,600662,-1.51,10314,10344
SH,600718,0.94,10313,10313
SH,688046,7.48,10312,10312
SZ,300302,6.35,10308,13395
SZ,002891,-0.83,10294,10294
SH,600383,-2.55,10293,10293
SH,600773,1.6,10287,10287
SZ,002081,1.04,10286,10329
SZ,300580,3.03,10274,10920
SH,601882,0.82,10273,10273
SH,600787,-1.45,10264,10264
SZ,002181,3.55,10256,10496
SH,603991,4.24,10247,17478
SZ,000917,0.84,10234,10235
SH,603859,4.24,10228,11135
SH,600373,-1.29,10226,10226
SH,600163,-0.73,10219,10219
SH,603297,3.37,10211,10211
SH,601003,-0.24,10200,10484
SH,601005,-1.6,10143,11723
SH,601038,-1.76,10127,15551
SZ,300204,2.53,10121,12077
SZ,002832,1.72,10117,14827
SZ,301123,10.22,10107,14369
SZ,301486,10,10105,17850
SH,603220,-0.31,10094,10094
SH,600648,0.11,10069,12035
SZ,300188,7.5,10061,10107
SZ,002254,1.72,10054,10065
SH,600037,-0.27,10049,10049
SH,688202,8.51,10041,10041
SZ,002654,3.57,10041,10042
SH,603601,3.18,10018,10018
SZ,000837,1.12,10014,10170
SZ,002557,-1.97,10010,10041
SZ,301047,20,9995,10166
SZ,300377,2.34,9984,10852
SH,603533,6.01,9981,9981
SZ,002031,0,9970,11459
SH,603989,6.02,9966,9966
SH,688032,0,9948,9948
SZ,002020,0.51,9947,11831
SZ,300913,2.14,9942,11922
SZ,000403,-0.65,9924,10027
SH,600184,3.91,9918,9918
SH,600072,-1.18,9913,13731
SZ,001399,2.18,9899,170294
SH,600458,0.8,9882,10828
SH,605123,3.01,9881,9881
SZ,002647,2.21,9879,10998
SZ,300007,3.81,9878,11431
SH,600033,-2.44,9852,9852
SH,600757,-1.45,9841,9843
SH,600759,0.85,9821,9833
SH,601811,-2.04,9820,15300
SZ,002565,3.58,9815,9815
SZ,300113,3.1,9814,12998
SZ,002387,0.14,9793,9806
SH,603323,-1.77,9792,9792
SH,688059,7.54,9790,10461
SH,600391,1.82,9782,9782
SZ,000065,-0.53,9766,10650
SH,603328,3.28,9755,9755
SZ,003036,10,9747,9747
SH,603713,2.59,9739,9739
SH,603883,-0.92,9737,9737
SH,688543,2.18,9734,9734
SZ,301381,4.82,9714,9723
SZ,002792,9.98,9712,15060
SZ,000410,-1.59,9697,13033
SZ,300077,4.26,9696,11610
SZ,002931,3.5,9691,10453
SZ,301071,6.92,9684,13173
SH,600597,-1.81,9677,9677
SZ,301031,7.58,9670,12300
SH,688383,6.55,9667,9667
SH,601200,-0.96,9666,9666
SZ,300693,3.28,9660,11239
SZ,301090,-0.75,9649,9659
SZ,002297,6.86,9645,9645
SH,600936,-1.19,9642,9642
SZ,002675,0.08,9634,10687
SZ,000401,-1.34,9631,9721
SZ,300303,2.7,9619,10258
SZ,002897,4.8,9618,10111
SZ,002541,-5.82,9616,13373
SZ,301078,-0.64,9614,9624
SH,603100,-0.73,9612,9643
SH,603583,0.28,9606,9694
SZ,300328,2.34,9598,9645
SH,688275,2.77,9598,9598
SH,603599,-2.31,9594,9594
SZ,002338,2.23,9588,9588
SZ,000552,-1.52,9575,13754
SH,600269,-2.37,9575,9575
SH,600210,-1.09,9571,9571
SZ,000676,0.13,9569,9574
SZ,002865,2.32,9567,13322
SZ,000600,1.04,9560,15814
SH,603341,0.53,9560,18766
SZ,000031,-2.18,9558,9558
SZ,000795,0.35,9533,9533
SH,603103,1.76,9532,9532
SZ,300529,-1.53,9531,14854
SZ,002100,-3.31,9529,9529
SH,601886,-2.88,9529,9529
SZ,002967,0,9527,11085
SZ,000049,-0.11,9521,9524
SH,688327,4.5,9509,11845
SZ,002961,0.05,9500,9501
SZ,300118,0.69,9500,11685
SZ,002705,-0.75,9498,9548
SH,600328,-0.91,9487,9487
SZ,002061,-2.13,9487,9648
SH,603011,3.12,9483,9483
SH,688182,6.96,9472,9472
SH,601311,-0.24,9467,9467
SZ,300415,0.53,9461,9784
SZ,000516,0.23,9459,9605
SH,600666,9.88,9458,10400
SH,601860,-1.84,9447,9739
SH,601528,-2.67,9446,9987
SZ,000950,0.18,9437,9437
SZ,002922,4.42,9433,10573
SH,688726,2.19,9430,17380
SH,603327,0.78,9430,9430
SH,603360,3.89,9428,9428
SH,688105,5.8,9425,9425
SH,603712,0.58,9411,9411
SZ,001227,-1.75,9405,12701
SH,688068,-4.69,9395,9395
SH,600307,-0.65,9395,9395
SH,603052,6.41,9393,9393
SZ,001914,-2.4,9389,9389
SH,600326,-1.56,9387,9387
SH,600198,2.12,9387,9399
SH,688319,3.58,9377,9377
SZ,002511,-0.79,9374,9493
SH,600971,-2.37,9372,9372
SZ,300378,3.82,9371,9442
SZ,000420,-0.77,9365,9368
SH,603057,-0.25,9352,9423
SH,600649,-1.05,9344,9344
SZ,301382,11.35,9343,11290
SH,600094,0,9313,10183
SH,688611,2.8,9288,9288
SZ,300624,3.93,9288,10487
SZ,300618,1.49,9287,10554
SZ,002741,6.73,9280,10112
SZ,002368,1.91,9278,9324
SZ,300139,1.33,9276,10878
SZ,000656,-0.8,9257,12918
SZ,301127,3.9,9247,9525
SZ,002815,4.49,9232,14662
SZ,301188,4.49,9222,9222
SZ,300304,2.86,9212,9466
SZ,301091,1.75,9212,9212
SZ,301177,1.46,9200,9206
SH,600740,-0.82,9198,9198
SH,603169,0.14,9196,9196
SZ,300684,5.99,9196,13463
SH,603303,2.72,9181,9181
SH,600273,-1.12,9179,9179
SH,600782,-2.01,9154,9266
SH,600360,4.38,9152,9152
SH,600185,-1.01,9142,9142
SH,688139,0.42,9140,9140
SZ,000923,0.07,9123,9484
SZ,300244,3.29,9122,11368
SH,600345,4.21,9112,14196
SZ,301183,8.97,9104,12419
SZ,000848,-3.22,9100,9180
SZ,002426,1.52,9085,9085
SH,688289,-0.31,9056,9056
SZ,000006,1.21,9045,9045
SZ,301338,8.14,9031,12395
SZ,002075,0,9017,9017
SH,605016,0.7,9009,9009
SZ,000536,0.93,9008,9017
SH,605318,5.09,9005,9005
SZ,002053,-0.19,9005,9005
SH,603915,1.48,8989,9143
SH,600389,-1.22,8979,8979
SZ,301357,3.03,8975,8975
SZ,000833,1.59,8974,15865
SH,688508,12,8973,8973
SZ,000818,1.72,8971,8996
SH,600645,1.27,8967,8971
SH,605179,4.93,8966,8966
SZ,301216,2.68,8964,9550
SZ,300634,3.77,8963,9313
SH,688138,6.11,8962,8962
SH,605255,1.58,8957,8957
SH,600481,0.93,8938,8938
SH,600133,0.24,8935,8935
SH,600996,1.56,8927,8927
SZ,300486,2.86,8915,8918
SZ,300772,-0.15,8905,10040
SH,603538,3.89,8901,8981
SZ,000510,9.98,8887,9501
SH,688165,2.1,8886,8886
SZ,002169,3.45,8884,9165
SZ,002099,-0.35,8876,8887
SH,600997,-2.26,8876,8876
SH,688209,3.23,8875,8875
SZ,000930,-1.23,8873,8874
SH,688378,3.57,8867,9620
SH,688552,1,8866,8866
SZ,000761,-1.23,8863,9819
SH,603508,-0.76,8853,8853
SH,600640,0.9,8842,8842
SZ,002243,-1.73,8838,8886
SH,600556,2.74,8822,8822
SZ,001308,-0.54,8809,12730
SH,603809,-1.02,8807,8807
SZ,002173,9.99,8804,9232
SH,688020,8.56,8792,8792
SH,600929,-0.36,8791,8791
SZ,002655,8,8791,8808
SZ,002233,-1.7,8788,8794
SZ,002626,0.49,8770,8771
SH,600129,0.51,8768,8768
SH,688161,0.74,8764,8764
SZ,300005,5.83,8757,8828
SZ,002361,7.23,8754,10290
SZ,002580,3.26,8753,8782
SZ,000550,-0.99,8752,14571
SH,600367,6.09,8751,9272
SZ,300596,1.3,8743,8935
SZ,300263,3.7,8741,9274
SH,600478,-0.57,8741,8741
SZ,300846,4.79,8740,10590
SH,603013,-2.04,8731,8731
SZ,301363,4.96,8723,13301
SZ,002019,-0.09,8720,12590
SZ,000829,-0.81,8705,8713
SZ,300363,12.49,8702,9543
SZ,002283,0.23,8695,9879
SH,605060,3.86,8685,8746
SH,688697,2.11,8682,8682
SZ,002985,-0.18,8681,8705
SZ,301345,-0.32,8676,27009
SZ,301606,3.67,8676,21816
SH,600020,-2.27,8675,8675
SZ,300863,3.91,8674,9029
SZ,002703,0.41,8674,12175
SZ,300766,4.71,8673,9565
SZ,001232,131.97,8661,108845
SZ,300181,-0.48,8646,10058
SH,688797,3.13,8641,45967
SH,600508,-1.26,8641,8641
SZ,301109,-1.83,8640,10921
SH,605298,-0.8,8638,8712
SH,688789,0.21,8634,8634
SZ,002706,1.94,8632,10602
SZ,000533,10.04,8630,8704
SZ,002488,1.96,8621,9327
SZ,300855,-0.63,8616,11633
SH,600266,-1.42,8614,8614
SZ,300331,5.78,8614,10070
SH,688076,1.53,8605,8605
SZ,002289,10.01,8595,8778
SH,688586,1.12,8586,8586
SH,603612,-0.22,8582,8582
SH,688584,4.44,8555,16676
SH,600017,-1.41,8550,8550
SZ,300101,1.27,8546,8575
SZ,002039,-1.81,8543,8543
SH,600399,-1.36,8539,8539
SZ,300382,5.02,8539,8539
SZ,300740,2.19,8535,9184
SZ,002392,1.1,8531,8774
SZ,002332,-0.22,8526,8567
SH,601929,2.09,8515,8515
SH,600567,-0.73,8515,8515
SZ,002937,4.37,8513,8535
SZ,300483,-0.62,8505,8511
SH,688359,7.47,8501,8501
SZ,002239,-0.37,8492,9135
SH,600686,-2.14,8490,8490
SZ,002292,-0.35,8479,12318
SH,688227,5.86,8470,8470
SH,600973,0.65,8461,8461
SH,688125,7.86,8461,8484
SZ,000719,-1.92,8459,12974
SZ,002221,-0.33,8459,9126
SZ,002208,1.35,8448,8451
SZ,002458,0.11,8446,12509
SZ,300130,1.78,8440,11028
SH,601089,1.62,8438,8438
SZ,000885,-0.75,8437,8437
SZ,002842,6.11,8432,10276
SH,600693,3.3,8429,8438
SH,605006,6.1,8418,8418
SH,600751,2.51,8414,9481
SH,605305,1.67,8409,8409
SH,688325,1.67,8406,8845
SZ,002993,4.04,8403,9728
SZ,002004,-1.32,8400,8830
SH,600812,0.62,8390,8390
SH,688231,2.66,8389,8389
SZ,300687,5.01,8383,10194
SH,688083,2.92,8377,8377
SH,688677,8.75,8376,8376
SZ,002639,0.56,8364,9877
SH,688739,0.54,8360,8458
SH,603227,-1.38,8359,8359
SZ,300053,2.48,8343,8934
SZ,300145,1.63,8331,8372
SH,603919,-0.78,8329,8329
SZ,301021,6.98,8327,8336
SH,603124,7.08,8324,15631
SH,601890,-0.79,8318,8318
SH,603125,3.53,8311,8311
SZ,300072,-0.27,8300,8365
SH,600639,-1.21,8281,10932
SH,603690,1.89,8272,8272
SH,688486,4.73,8269,8269
SH,603936,7.28,8265,8461
SZ,000860,-1.32,8263,8263
SH,605116,0.59,8250,8250
SZ,300741,0.45,8240,8240
SH,688090,5.94,8238,8238
SZ,300951,4.53,8237,9217
SZ,002017,2.09,8231,8236
SH,688376,3.33,8218,8218
SH,688261,4.7,8217,8254
SH,603496,6.96,8217,8217
SZ,920186,4.28,8216,15709
SZ,300035,0.14,8214,9651
SH,688239,1.87,8207,8207
SZ,300042,4.44,8206,8206
SH,605319,1.6,8185,8231
SZ,002267,-1.73,8174,8174
SH,605333,-1.18,8125,8125
SH,688091,4.29,8121,8146
SZ,002277,1.75,8114,8114
SH,600502,-1.86,8102,8102
SH,601828,-0.87,8092,9752
SH,688622,1.61,8091,8091
SZ,000712,1.35,8080,8082
SH,605167,10,8077,8077
SH,688050,-0.61,8072,8072
SH,600935,-1.28,8067,8268
SZ,000922,2.6,8064,9541
SZ,300770,-0.47,8052,8052
SZ,002216,-2.06,8052,11227
SZ,301327,0.63,8051,8051
SH,688439,0.73,8050,8050
SZ,002941,0,8042,8042
SZ,002761,-1.58,8027,9831
SH,603053,-0.43,8018,8018
SH,603319,3.73,8014,8014
SZ,000869,-1.22,8010,11567
SH,603680,-1.25,7994,7994
SZ,300725,8.9,7991,9217
SZ,920045,16.47,7989,27018
SZ,300790,3.08,7984,9086
SZ,300294,-0.49,7982,7982
SH,605222,1.9,7977,7977
SZ,300910,-0.66,7976,11388
SZ,002960,-0.59,7968,8672
SH,688662,6.7,7967,7967
SZ,002516,-0.17,7945,8001
SZ,002097,-0.79,7937,7952
SH,688035,6.15,7933,7933
SZ,000823,5.21,7930,7931
SH,603043,-1.04,7925,7993
SZ,002125,0.08,7919,7919
SZ,002309,0.61,7916,9895
SH,600075,-0.42,7907,7907
SH,600587,-0.6,7905,7905
SZ,003009,1.12,7898,7900
SH,601718,-0.54,7894,7894
SH,603112,1.65,7891,7970
SZ,002737,-1.09,7890,7890
SH,688326,1.84,7862,8447
SZ,002350,4.74,7857,8032
SH,688513,-0.35,7849,7849
SH,603033,1.31,7847,7992
SZ,002110,-1.81,7846,7846
SH,603608,1.88,7829,7829
SH,688277,4.22,7827,7827
SH,600746,0,7825,7825
SZ,002030,0.72,7817,7817
SH,603890,3.74,7811,7811
SH,600335,-1.68,7809,7809
SH,600861,-0.85,7807,7807
SZ,002585,1.15,7803,10044
SH,605168,4.58,7802,7802
SH,601686,-1.12,7796,7796
SZ,000012,0,7778,12079
SZ,301498,-0.54,7776,17365
SH,600305,-1.39,7776,7788
SZ,002041,-1.11,7770,7770
SZ,301013,-0.76,7768,9595
SH,603181,0,7753,7753
SZ,002471,1.41,7742,7884
SH,603219,2.53,7742,7742
SZ,002212,0.45,7736,7820
SH,688371,7.83,7719,7719
SZ,300595,-0.42,7701,10314
SH,688253,0.61,7693,7693
SH,688612,1.01,7691,12559
SZ,300480,7.08,7681,10525
SH,601908,-0.62,7678,7678
SZ,002533,-0.33,7670,8712
SZ,300527,-0.25,7666,7666
SH,600917,-0.6,7649,7649
SH,603279,-1.33,7648,7648
SH,688485,8.54,7621,7621
SH,603055,-0.91,7620,7648
SH,603626,3.62,7618,7618
SH,688112,6.78,7613,7613
SZ,002434,0,7606,7613
SH,603399,0.34,7602,7602
SH,600736,-0.29,7599,7599
SZ,301228,0.97,7598,7633
SH,688155,1.88,7592,7592
SZ,002386,-0.16,7587,7589
SZ,300168,3.13,7584,7592
SZ,002588,-1.66,7582,10171
SH,600789,0.54,7577,7839
SZ,002150,1.25,7572,7622
SZ,002119,5.05,7569,7569
SZ,002718,3.36,7565,10421
SH,600797,2.22,7563,7563
SH,688093,2.86,7562,7562
SH,688758,10.17,7559,10557
SZ,002342,2.99,7552,7594
SZ,003039,0.08,7546,7546
SZ,300440,6.46,7545,7574
SZ,002759,0.8,7544,7551
SH,603223,3.59,7538,7538
SH,600722,2.5,7538,7538
SZ,300482,-0.67,7535,8201
SZ,002079,3.46,7527,8431
SZ,300895,4.29,7522,7665
SZ,300938,8.69,7515,8658
SH,688507,4.37,7508,13588
SZ,002036,3.34,7504,7520
SZ,000503,1.46,7501,7501
SZ,300322,4.87,7496,7830
SZ,000628,1.54,7492,13728
SZ,000859,1.09,7490,7490
SZ,000928,-1.31,7489,7489
SH,600117,0,7487,7487
SH,605007,-2.76,7484,7502
SZ,300497,3.9,7476,8898
SZ,000595,10.07,7470,7470
SH,688798,2,7466,12822
SH,600059,-0.84,7466,7466
SH,603050,0.05,7461,7461
SZ,002034,-0.33,7461,7492
SZ,300416,2.57,7451,7501
SZ,300031,8.23,7450,8865
SZ,000498,-1.52,7450,7980
SH,600903,0.95,7450,7450
SZ,301263,1.49,7446,10437
SH,600657,-2.6,7443,7443
SZ,300327,3.39,7441,7496
SZ,002275,-0.36,7437,7844
SH,688337,7.73,7433,8743
SZ,000566,1.06,7430,7434
SH,601096,0.44,7426,12092
SZ,002215,-1.81,7426,9229
SZ,300492,2.08,7417,7417
SH,605008,-0.94,7416,7416
SZ,000402,-1.58,7412,7413
SZ,300834,3.1,7405,7471
SZ,301510,2,7401,10721
SH,688305,1.77,7388,7407
SH,600676,-0.41,7385,7385
SH,603477,-0.06,7381,7568
SZ,002681,-1.25,7376,8435
SZ,002315,3.17,7369,11560
SH,605488,-1.03,7369,8010
SH,601226,0.32,7368,7368
SZ,300516,3.22,7356,7356
SZ,300520,1.72,7355,7610
SZ,300098,1.49,7354,8289
SZ,002324,2.38,7344,10523
SZ,002730,3.51,7343,7683
SH,600724,-0.58,7340,7342
SZ,000593,9.99,7338,7341
SH,688177,1.66,7337,7337
SZ,000059,-1.07,7325,7325
SH,600251,0,7304,7304
SZ,000544,-0.26,7300,7300
SH,600557,0.62,7298,7298
SZ,000650,-0.17,7296,7672
SZ,300276,0.15,7284,9653
SZ,301196,8.88,7283,11094
SH,603299,-0.84,7282,8908
SH,688087,0.23,7280,7550
SZ,300420,13.99,7278,7279
SH,601579,-0.64,7278,7278
SH,605128,0.74,7275,7275
SH,688456,9.89,7268,7268
SH,601330,-0.67,7260,10500
SH,600125,-1.76,7259,7259
SH,688605,4.26,7258,13557
SZ,003013,4.28,7253,8303
SZ,300298,-2.41,7235,8993
SZ,000030,-0.91,7235,7447
SH,600846,-0.51,7235,7235
SZ,002108,-0.67,7235,7237
SH,600252,0.89,7228,7228
SH,603687,5.2,7227,7227
SZ,300080,-0.25,7221,7231
SH,605133,6.76,7219,7300
SH,603977,0.52,7213,7213
SH,600771,-0.19,7210,7210
SZ,002023,2.4,7209,7275
SH,688563,0.3,7208,23897
SH,600545,4.13,7205,7205
SH,603416,0.55,7198,8097
SH,600962,2.54,7198,7198
SH,603166,3.03,7195,7251
SZ,002006,1.02,7189,7189
SZ,002546,1.93,7187,7481
SH,688252,2.27,7182,7182
SH,603985,5.03,7182,7182
SZ,002093,0.14,7173,7173
SH,600590,1.55,7170,7249
SH,605011,-0.49,7162,7162
SH,605098,4.93,7161,7161
SH,605100,2.66,7156,7190
SH,688049,2.66,7156,7156
SZ,920982,0,7154,14841
SH,600468,5.63,7146,7146
SH,603163,6.58,7141,7141
SZ,000813,1.19,7129,7130
SZ,300678,1.03,7114,7241
SZ,002782,2.98,7109,7194
SZ,300348,1.04,7100,7896
SH,600708,3.91,7099,7109
SZ,300171,3.11,7089,9649
SZ,301215,-1.28,7088,7096
SZ,002674,8.72,7077,7149
SZ,002106,1.83,7070,7079
SZ,002346,3.09,7054,7944
SZ,002284,-0.81,7044,7110
SZ,301069,0.86,7042,7477
SH,603580,10,7029,7029
SH,688669,2.9,7029,7029
SH,600780,-1.28,7028,7028
SH,600748,0.26,7028,7028
SH,688556,2.55,7012,7012
SZ,002980,10,7011,13110
SZ,300768,2.9,7008,10726
SZ,300872,7.65,7006,8103
SZ,002445,0.34,7004,7035
SH,688783,7.88,6991,104983
SZ,002242,-0.64,6985,6997
SH,688628,10.37,6984,6984
SH,601388,0,6978,6978
SZ,920029,0.46,6975,7168
SZ,002421,10.13,6972,7380
SZ,002219,1.91,6969,7353
SZ,301189,5.83,6967,7218
SZ,000777,-1.29,6963,6963
SZ,000601,1.53,6960,7066
SH,688626,4.27,6957,6957
SZ,000755,-0.83,6955,6955
SH,600925,-1.58,6954,29829
SZ,300337,1.14,6950,8030
SH,605365,0.87,6948,6948
SH,688631,0.71,6947,6947
SH,600955,-0.85,6947,6947
SZ,300997,-0.16,6945,7656
SH,603866,-1.8,6943,6943
SZ,300341,0.07,6937,6964
SH,688108,1.78,6934,6934
SZ,002537,0.17,6931,6950
SZ,300685,1.08,6930,6940
SZ,301061,-0.64,6925,10423
SH,600158,0,6918,6918
SZ,300861,2.31,6914,11011
SZ,002077,3.12,6900,6900
SH,600422,-0.64,6896,6896
SH,600874,-0.87,6890,8794
SH,600810,-1.38,6884,6947
SZ,002579,9.97,6884,7229
SH,600654,1.37,6883,8451
SZ,000756,0.29,6880,9607
SZ,300401,2.23,6877,6990
SZ,000058,-1.26,6873,8594
SZ,300222,1.25,6873,8245
SZ,002448,0.34,6873,6967
SZ,001298,1.32,6869,7292
SZ,002256,0.89,6869,6959
SH,688011,0.85,6860,6883
SH,600429,-0.42,6859,6880
SZ,300444,0.92,6858,8794
SZ,300842,4.14,6858,7716
SH,603459,8.82,6854,65350
SZ,300986,9.78,6846,6851
SH,600169,-0.96,6833,6833
SZ,301086,7.56,6821,12306
SZ,002690,-0.94,6814,13860
SZ,000968,0.57,6811,6811
SZ,300045,2.33,6810,8741
SH,688381,7.63,6809,6809
SZ,002446,3.21,6808,7351
SZ,002438,3.65,6789,7349
SH,688416,5.49,6778,6778
SZ,301176,8.13,6766,6972
SZ,000631,0,6762,6762
SH,688678,7.86,6748,6748
SZ,000589,-0.9,6748,6793
SH,601700,10.04,6741,6741
SH,601015,0.3,6740,6740
SH,688365,6.98,6727,6727
SH,600987,-1.49,6717,6717
SH,603071,-0.98,6712,6712
SZ,002163,0.12,6710,7055
SH,688221,4.61,6709,6709
SZ,002881,1.05,6708,11071
SH,688515,6.08,6706,10768
SZ,300153,3.59,6704,6739
SZ,301137,-1.12,6700,6700
SH,603778,4.83,6699,6878
SH,600510,-0.14,6698,6698
SZ,301571,-0.56,6695,10080
SZ,300109,1.89,6691,7459
SH,688621,-0.49,6690,6690
SZ,300284,-2.61,6686,7047
SH,600966,-1.56,6684,6684
SH,600770,1.58,6682,6682
SH,600103,3.42,6681,6767
SH,600195,-1.5,6678,6678
SZ,300265,1.85,6678,6682
SZ,300576,5.25,6672,10601
SZ,300164,3.91,6666,6726
SH,688708,-0.52,6665,18698
SH,600611,0.95,6660,10071
SH,600682,0.53,6658,7694
SZ,002467,1.88,6656,6698
SZ,000008,0.41,6655,6655
SH,688418,9.4,6653,6653
SH,600894,-1.98,6652,6684
SH,603277,-0.26,6652,6695
SH,600078,3.41,6639,6782
SZ,301339,2.46,6638,6760
SH,603367,0.41,6628,6628
SZ,301291,2.69,6626,12736
SH,688710,5.67,6625,10299
SZ,920394,1.74,6623,6672
SZ,002935,2.64,6621,6764
SZ,301050,1.45,6619,7772
SZ,300324,2.38,6618,6686
SZ,300493,2.43,6611,6688
SH,603200,2.34,6600,6600
SH,600400,1.77,6599,6599
SH,600713,-0.19,6591,6685
SH,603045,4.51,6585,6585
SZ,002550,0.43,6579,8946
SZ,002014,-1.7,6575,6682
SZ,300174,6.46,6570,6607
SH,688685,7.26,6570,6570
SZ,300191,6.38,6569,9504
SH,600643,-0.95,6568,6580
SZ,000597,0.87,6567,6649
SH,600310,0.67,6566,6566
SZ,301522,0.21,6562,8817
SH,600525,-0.79,6554,6554
SZ,002810,1.5,6553,7060
SH,688176,1.69,6552,6552
SZ,002042,1.05,6548,6548
SZ,002785,3.05,6534,7653
SZ,002135,0.81,6524,6972
SZ,002664,0.12,6518,6609
SZ,300598,1.7,6503,6505
SH,688518,2.42,6502,6502
SZ,002840,0.62,6500,6546
SH,605598,1.56,6498,6498
SH,605188,2.57,6494,6494
SH,603229,2.49,6493,6493
SZ,002721,-0.8,6489,6489
SH,603861,1.16,6480,6627
SZ,300939,4.25,6479,6479
SZ,002650,-1.34,6476,6476
SZ,002140,-0.21,6476,6485
SZ,301369,7.73,6465,12059
SZ,002605,0.69,6453,7967
SH,688095,1.41,6441,6441
SH,601515,0,6428,6428
SZ,000572,1.3,6421,6431
SZ,002104,2,6417,7579
SH,601500,-0.97,6411,6437
SH,688788,6.47,6410,6410
SZ,002470,0.52,6407,6408
SZ,301248,11.81,6389,8743
SZ,000551,3.78,6386,6389
SH,603211,1.73,6379,6379
SZ,000779,3.47,6377,6377
SH,688232,2.54,6369,6369
SZ,000989,-0.1,6365,7849
SZ,003006,-1.52,6364,6380
SH,688062,3.1,6364,12348
SZ,300360,0.39,6364,6540
SZ,300048,1.99,6363,6375
SZ,300134,3.11,6363,6363
SZ,301232,4.25,6360,10709
SH,603197,-0.45,6356,6442
SZ,000090,-1.73,6334,6334
SZ,002127,0,6323,7782
SZ,002970,3.52,6319,9197
SZ,000722,3.66,6308,7765
SH,688787,6.34,6300,6300
SH,688550,3,6293,6293
SZ,000524,0.43,6291,6293
SH,603311,4.02,6286,6286
SH,603969,0,6284,6432
SH,603383,-0.19,6280,6280
SZ,002955,3.08,6280,7596
SH,688276,0.73,6279,6279
SH,600368,-1.51,6278,6278
SZ,300143,1.48,6275,7336
SH,603567,10.07,6266,6271
SZ,300739,6.22,6263,7719
SZ,300226,1.37,6262,6513
SH,600683,6.16,6260,6260
SH,603108,2.07,6258,6258
SH,603466,3.85,6252,6252
SZ,301489,5.92,6246,10439
SH,688818,5.07,6242,82122
SH,603368,-1,6224,6224
SZ,002057,0.73,6222,6227
SZ,301153,0,6217,6665
SZ,000913,-1.64,6215,6291
SH,688103,4.01,6210,6210
SZ,301286,5.48,6210,15404
SH,688312,8.35,6208,6208
SH,688366,0.25,6204,7316
SZ,301191,2.9,6199,8222
SZ,001314,1.94,6199,7125
SH,603931,5.97,6196,6196
SH,600897,-1.12,6196,6196
SZ,002437,2.43,6195,6578
SH,600815,9.06,6192,6192
SZ,002606,1.31,6190,6450
SH,603213,0.07,6188,6188
SZ,301080,8.4,6187,8179
SZ,002990,9.99,6185,11734
SZ,300369,2.55,6179,6201
SZ,000541,-0.98,6177,7710
SZ,002123,1.66,6168,6894
SH,603708,-0.5,6166,6166
SH,600313,-1.38,6158,6608
SH,688577,5.22,6155,6155
SZ,002009,1.46,6153,6991
SZ,002519,1.85,6147,6195
SZ,301638,1.32,6143,78060
SZ,300137,3.67,6143,6219
SZ,002210,0.43,6134,6147
SZ,300043,2.92,6131,6134
SZ,000957,-1.33,6131,6131
SZ,300358,2,6125,6214
SZ,002678,1.35,6123,6126
SZ,002052,1.49,6122,6682
SH,603363,0,6118,7784
SH,603336,0.9,6118,6118
SH,600106,-1.28,6114,6114
SH,600975,-1.6,6111,6111
SZ,002796,10.01,6105,6766
SZ,300852,2.26,6104,6323
SH,688408,-0.49,6103,6103
SH,600730,-1.41,6101,6101
SH,600108,-0.31,6094,6094
SH,603877,-0.53,6087,6095
SZ,300996,6.9,6087,7231
SZ,000025,-1.2,6080,6673
SZ,300435,2.36,6079,6357
SH,600983,0.38,6078,6078
SZ,000735,-1.3,6077,6080
SZ,002067,-0.86,6073,6696
SH,600617,2.09,6072,6598
SZ,300722,0.23,6069,6069
SZ,000915,-0.53,6068,6072
SH,688293,9.2,6066,7576
SH,605183,-0.6,6054,6095
SZ,300981,4.83,6052,6605
SH,605005,0.47,6051,6051
SZ,300617,4.81,6050,7217
SZ,301209,10.69,6049,7081
SZ,002101,-0.32,6039,6045
SZ,001330,4.01,6035,7134
SH,605056,0.88,6027,6116
SH,688290,0.51,6026,6026
SH,600586,-0.69,6024,6024
SH,603867,1.49,6022,6072
SZ,300700,7.35,6021,6726
SH,600644,1.17,6020,6020
SZ,920599,0.29,6012,7932
SZ,002232,1.03,6010,6010
SH,688526,-0.68,6008,6008
SH,600375,-0.23,5997,6573
SH,600370,-2.6,5994,5994
SZ,301678,4.01,5988,10322
SZ,300900,4.44,5975,7626
SZ,300075,0.96,5974,7199
SZ,002527,0.44,5971,7486
SZ,000793,-0.87,5969,9842
SZ,300819,9.04,5966,6605
SZ,000561,0.13,5962,6636
SZ,300470,-0.81,5960,6280
SZ,000948,0.72,5954,5965
SH,603065,3.05,5954,5954
SZ,003010,1.35,5952,8187
SH,600433,0.29,5951,5951
SH,603123,0.55,5949,7284
SZ,300079,0.65,5946,6617
SZ,300047,1.77,5946,6607
SH,688499,1.82,5944,5944
SZ,300063,4.53,5927,7176
SZ,002885,6.94,5922,6762
SH,688799,4.36,5920,5920
SH,600488,3.44,5918,5918
SZ,002302,-0.2,5908,5908
SH,600255,1.87,5906,5906
SH,688219,0.94,5903,5903
SH,600826,1.62,5902,5902
SZ,002073,-0.33,5902,5962
SZ,300579,0.67,5900,6116
SZ,301261,2.99,5899,5949
SH,600851,2.57,5898,9644
SH,600855,0.48,5897,5908
SH,600203,0.4,5894,5894
SH,688230,3.47,5892,5892
SH,688191,4,5891,5891
SZ,001236,0,5890,7830
SZ,000026,2.8,5888,6553
SZ,300258,0.49,5887,6044
SZ,002452,1.88,5883,7047
SZ,300119,2.26,5875,8184
SH,688185,1.49,5860,12659
SZ,301326,7.16,5860,5911
SZ,301101,-0.06,5854,6078
SH,603010,1.59,5850,5997
SZ,300393,0.49,5850,6669
SZ,002803,2.03,5844,8993
SH,600691,-0.8,5844,5845
SZ,002538,0.15,5843,5847
SH,688488,5.16,5836,5836
SZ,300868,9.47,5836,9190
SZ,300128,3.46,5826,5833
SZ,002029,-0.78,5822,6169
SZ,301000,0.96,5818,6163
SZ,300192,5.89,5816,5884
SH,601116,0.86,5811,5811
SH,603660,1.91,5806,5806
SZ,300212,0.85,5805,5982
SH,600592,0.69,5802,5802
SZ,002298,-0.89,5801,6498
SH,600230,0.5,5800,5800
SH,688562,1.12,5796,5796
SZ,002068,2.87,5792,5795
SH,603887,4.23,5792,5792
SZ,300465,1.64,5786,5786
SH,688334,0.05,5785,5866
SZ,300041,1.53,5782,5941
SH,600054,-1.22,5780,8213
SH,600477,-0.8,5779,5779
SZ,002752,0.17,5775,5783
SZ,002218,0.24,5773,5859
SH,688717,4,5770,9320
SZ,300976,5.3,5768,8967
SH,600982,-0.38,5767,5767
SZ,300159,0.32,5767,10299
SH,605555,0.76,5765,5765
SZ,920493,8.92,5765,7824
SZ,300129,0.25,5764,8893
SZ,301292,2.01,5759,15061
SH,605178,0.99,5756,5756
SH,603135,0.88,5754,5797
SH,605277,1.83,5749,5855
SH,603130,0.07,5741,5741
SZ,000912,-0.53,5739,5739
SH,603155,3.9,5733,5733
SH,605339,2.27,5728,5728
SZ,000036,0.74,5724,5728
SZ,002510,0.18,5718,5776
SH,600223,-0.17,5713,5713
SZ,002882,-3.45,5713,10022
SZ,300969,2.06,5712,11976
SZ,002082,0.5,5707,6147
SZ,002997,2.29,5706,5706
SH,601968,-1.1,5703,5703
SZ,300731,4.83,5700,6006
SH,605018,1.42,5697,5697
SZ,000900,-1.31,5692,5692
SH,600881,0,5689,5689
SH,600035,-1.39,5684,5684
SZ,002263,0.33,5673,5673
SH,605288,-4.05,5663,5701
SH,600742,-0.38,5662,5662
SH,605366,3.1,5657,5657
SZ,002206,-0.55,5644,6205
SH,688510,0.98,5643,5643
SH,603855,0.48,5637,5670
SZ,003041,3.36,5636,5931
SZ,003043,3.12,5633,8628
SH,688079,7.57,5632,5731
SH,688709,2.42,5621,16144
SH,600425,-0.84,5616,5616
SZ,002965,8.3,5615,7826
SH,603194,-0.19,5615,14248
SH,603609,-1.42,5614,5614
SZ,300708,1.97,5613,7339
SH,688767,3.36,5612,5612
SH,688658,2.3,5612,5612
SZ,300525,1,5611,6840
SZ,300217,0,5611,6680
SZ,002132,3.62,5611,5620
SZ,002572,-0.91,5609,8292
SZ,300983,6.75,5608,6342
SH,688109,3.25,5606,5606
SZ,000670,0.6,5606,5710
SZ,300046,2.78,5603,5603
SH,603366,-0.42,5602,5602
SZ,300467,4.41,5600,6685
SH,600694,-1.53,5587,5587
SH,688478,4.91,5583,5583
SZ,001212,2.75,5582,6453
SZ,300197,0.53,5575,5575
SH,688151,1.32,5571,5571
SH,601121,0.58,5568,6850
SZ,300581,1.2,5567,5567
SH,603507,1.2,5563,5625
SZ,002793,10.11,5560,5568
SH,603686,0.98,5558,5558
SZ,002631,7.03,5555,5581
SZ,000501,-0.81,5555,5560
SZ,300841,1.13,5555,6070
SZ,300278,1.03,5553,5571
SZ,000697,1.8,5551,11867
SH,600081,-0.88,5547,5547
SH,603587,-0.84,5540,5540
SZ,002255,-0.68,5538,7212
SZ,002860,3.74,5535,5666
SZ,300127,1.05,5530,7743
SZ,002279,0.72,5529,5992
SH,600698,1.06,5523,7106
SZ,002349,-0.14,5520,5635
SH,688315,2.79,5519,5519
SZ,002635,2.88,5518,9203
SZ,300093,6.51,5513,12890
SZ,300221,5.58,5512,5652
SH,603098,-0.28,5507,5514
SZ,300925,1.94,5505,6752
SZ,300019,0.34,5500,5865
SZ,002956,-0.05,5497,5498
SZ,002777,1.19,5493,5544
SZ,301301,-0.44,5487,19756
SZ,002695,0,5478,5993
SZ,300792,5.81,5476,6103
SZ,002351,-1.12,5476,9345
SZ,920368,-0.32,5473,5752
SZ,002951,1.79,5471,5524
SH,601008,-1.33,5471,5471
SZ,000531,0.17,5468,6259
SH,688553,0.28,5465,6741
SH,688656,4.32,5458,5458
SZ,002943,6.18,5454,7706
SZ,000571,3.88,5454,5622
SZ,300307,0,5453,5548
SZ,002971,4.86,5452,7132
SZ,300926,-0.86,5450,7944
SZ,300985,4.02,5448,5448
SZ,300203,1,5443,5448
SH,603153,-1.09,5443,5525
SH,600829,0.75,5439,5439
SH,688776,1.19,5438,5438
SZ,300909,3.54,5437,7282
SZ,002229,3.67,5435,5468
SZ,000042,0.74,5432,5438
SZ,000717,-1.74,5429,5429
SZ,000404,-0.62,5424,5450
SZ,000557,-1.05,5423,5425
SZ,003012,-1.43,5423,5530
SH,688069,2.88,5423,5423
SZ,000908,2.33,5419,10839
SH,688707,0.47,5418,5418
SZ,300540,3.64,5416,5963
SZ,000411,-0.2,5412,5423
SH,603901,2.15,5410,5485
SZ,300066,2.07,5410,5637
SZ,002213,4.73,5404,6210
SZ,002685,1.13,5400,5401
SH,603068,-0.94,5396,5396
SZ,300633,1.07,5395,8811
SH,600720,-0.55,5388,12253
SZ,002164,0.54,5388,5976
SZ,002697,-0.62,5383,6392
SH,600603,-0.64,5374,5374
SZ,300400,8.62,5363,5381
SZ,300036,0.42,5363,5938
SZ,301182,0.64,5363,5881
SH,603897,2.73,5361,5361
SZ,300300,2.55,5361,5361
SZ,300531,1.24,5357,5519
SZ,002358,-0.16,5355,5355
SH,600217,-0.91,5354,5354
SZ,002300,0.82,5352,5352
SZ,301392,10.36,5345,13101
SZ,002640,1.47,5342,5375
SH,603776,-0.15,5340,5340
SH,688226,5.44,5339,5545
SZ,002196,-0.17,5338,5420
SH,600868,1.08,5334,5334
SH,603333,1.3,5333,5333
SH,603889,-1.73,5332,5372
SH,601518,-1.39,5331,5331
SZ,002060,-0.57,5329,12802
SZ,001323,-1.15,5325,7444
SH,603012,2.88,5321,5321
SZ,000409,0,5320,6106
SH,601177,0.08,5320,5390
SH,600825,0.79,5318,5318
SZ,300696,1.63,5318,5858
SZ,300825,9.26,5315,5429
SH,688598,4.36,5311,5416
SZ,002708,1.98,5311,5778
SZ,002657,2.86,5311,5373
SZ,300293,2.48,5307,5307
SH,688352,8.79,5306,17225
SZ,002191,0.27,5302,5345
SH,601086,0.76,5301,5301
SZ,300287,4.69,5300,5770
SZ,300918,0.67,5299,5299
SZ,002489,0,5299,6008
SH,605050,-0.08,5298,5298
SH,600756,-1.5,5296,5713
SZ,002419,-0.42,5295,5295
SZ,300006,1.42,5290,5290
SZ,300566,2.87,5282,6107
SZ,301328,7.48,5281,7308
SH,603990,5.88,5278,5278
SZ,300443,-0.72,5273,6953
SH,688505,1.37,5272,7691
SZ,002424,-0.43,5264,6387
SH,603269,8.67,5252,5252
SZ,300082,1.18,5250,5264
SH,603170,0.23,5248,5248
SH,601199,-0.35,5247,5247
SH,688173,4.17,5245,5294
SZ,300709,3.68,5240,6527
SH,688757,7.76,5237,11656
SH,600189,-0.8,5235,5235
SZ,301012,7.26,5235,5235
SZ,301607,9.98,5234,8073
SH,605287,8.76,5232,5232
SH,688309,2.49,5232,5232
SZ,002833,-0.44,5231,7659
SH,603595,4.41,5230,5230
SH,600569,-0.54,5228,5228
SZ,000920,2.12,5227,5227
SZ,301366,1.99,5220,9350
SZ,300084,2.5,5218,6080
SZ,300905,4.57,5213,6683
SZ,300446,0.36,5207,11785
SZ,002383,0.72,5205,5205
SH,600138,-1.23,5204,5204
SH,605009,-0.89,5202,5202
SH,688699,6.54,5202,5202
SH,688117,3.65,5200,5200
SH,688610,7.17,5198,8635
SZ,003040,1.34,5194,5243
SZ,000560,-1.76,5191,5229
SZ,000652,-0.55,5191,5195
SH,600300,-0.92,5191,5191
SZ,000796,0,5190,6255
SH,603610,1.38,5189,5189
SH,603173,0.15,5186,5186
SZ,300057,1.63,5185,6262
SZ,000525,-1.68,5181,6072
SH,688733,4.68,5178,5178
SZ,002274,-1.59,5177,5257
SZ,002567,-1.36,5168,5173
SZ,300151,4.47,5165,7460
SH,688620,5.36,5159,5159
SH,600199,-0.75,5157,5157
SZ,000888,-1.1,5153,5153
SZ,000852,-0.17,5150,5180
SZ,300756,6.01,5149,5917
SZ,301368,3,5146,5146
SZ,300039,2.94,5144,5868
SZ,300820,6.03,5132,10201
SZ,300528,4.24,5131,5131
SH,603685,1.6,5127,6438
SH,600279,-1.13,5127,5127
SZ,300856,0.45,5121,5299
SH,600939,0,5118,5118
SZ,002713,5.19,5118,9248
SH,688348,-0.23,5115,5115
SZ,000517,1.49,5109,6527
SZ,301580,3.37,5108,7559
SH,600284,-0.56,5104,5104
SZ,300990,8.74,5101,11230
SH,688225,4.51,5100,5100
SZ,002992,1.49,5098,5902
SZ,000880,1.4,5094,10409
SZ,002577,1.68,5094,5094
SH,600237,2.52,5091,5138
SH,601279,-0.92,5090,5090
SH,603131,1.75,5087,5087
SZ,300788,2.77,5081,5081
SH,603727,1.24,5077,5077
SZ,300507,1.39,5076,5244
SZ,002530,0.83,5074,5688
SH,688101,-0.32,5073,5073
SZ,300706,5.6,5069,6837
SH,600743,-0.91,5068,5068
SZ,300783,-1.46,5068,7262
SH,600979,0,5066,5144
SH,688135,5.8,5058,5058
SH,605228,1.53,5058,5078
SZ,300569,-0.59,5057,5073
SZ,002870,2.43,5051,5173
SH,605377,1.45,5049,5049
SZ,301099,5.43,5049,8296
SZ,001313,-0.95,5048,5054
SZ,002376,0.31,5046,5196
SZ,301004,-2.46,5044,5404
SZ,301306,4.35,5043,7306
SZ,300592,15.71,5041,5735
SZ,301162,1.91,5039,7766
SZ,002307,-0.31,5034,5095
SZ,000925,3.59,5034,5073
SH,600191,0.68,5029,5029
SZ,002649,1.52,5020,5536
SH,601011,0.38,5019,5019
SZ,300695,-0.09,5018,5018
SZ,000608,0.3,5017,5047
SH,688601,3.65,5016,5016
SH,600593,-0.91,5013,5077
SH,688679,1.06,5004,5004
SH,600610,-0.55,5004,7563
SH,688307,6.59,5002,5002
SZ,300161,0.87,4998,5093
SZ,300158,1.41,4997,5001
SZ,002892,1.22,4996,7408
SZ,002166,-0.72,4993,5013
SZ,300680,0.87,4987,6479
SZ,002301,2.36,4983,5025
SH,600784,-1.72,4980,4980
SZ,002819,0.87,4978,6274
SH,600984,0.76,4978,4978
SH,600817,-0.94,4977,5001
SZ,300406,-0.16,4977,6875
SZ,002238,1.14,4976,4976
SZ,002047,2.18,4973,4973
SH,601002,2.36,4973,4973
SZ,300283,7.13,4968,6724
SH,688711,4.33,4966,4966
SH,600336,-0.95,4964,4964
SH,603701,1.33,4963,4963
SZ,002642,1.08,4962,4962
SH,600197,-1.22,4959,4959
SH,688345,2.41,4958,4982
SH,603380,4.11,4958,4958
SH,605299,2.53,4949,4949
SZ,300587,4.44,4947,6102
SZ,300488,3.01,4945,5828
SH,601566,0.23,4942,4942
SZ,300368,4.24,4940,4940
SZ,002757,4.98,4933,5168
SH,603598,2.75,4930,4936
SH,600571,1.7,4930,5022
SH,600308,-1.21,4930,4930
SZ,301529,3.43,4929,9183
SZ,300291,2.12,4928,4992
SH,603666,3.59,4927,4927
SZ,300785,2.78,4926,8008
SH,600814,-0.58,4925,4925
SH,688410,1.67,4913,4913
SZ,001322,-0.15,4910,6045
SZ,001328,-1.8,4910,5227
SH,688566,0.04,4909,4909
SH,600513,0.94,4907,4907
SH,603499,3.12,4906,4906
SZ,300663,2.7,4903,5096
SH,605368,-0.28,4895,4895
SZ,300626,1.61,4895,4898
SH,603158,6.86,4893,4893
SZ,002637,0.77,4892,4949
SZ,300233,1.38,4889,5075
SH,603353,3.35,4888,4888
SH,605580,1.75,4886,4886
SZ,002154,-1.18,4884,6042
SZ,301268,1.81,4883,5399
SH,688323,5,4882,4882
SH,600790,-1.47,4881,4881
SH,601789,1.35,4880,6845
SH,600231,-1.14,4879,4940
SH,688689,7.4,4878,4878
SH,688007,2.22,4877,4877
SH,600073,-1.51,4876,4876
SZ,002189,1.58,4876,4877
SZ,300261,0.39,4874,4980
SZ,002134,6.44,4874,4877
SZ,301589,1.82,4871,13065
SH,603111,-1.01,4866,5008
SZ,920640,1.43,4866,5057
SZ,002038,0.88,4864,5866
SZ,002528,-0.85,4863,5550
SZ,301070,6.71,4859,7229
SZ,301312,7.32,4858,9656
SZ,002102,0.88,4856,5644
SZ,002638,2.87,4856,5157
SZ,002344,-0.78,4856,4861
SZ,001208,3.82,4851,9716
SH,688228,7.62,4849,4849
SZ,301307,5.14,4847,9384
SZ,002201,2.16,4846,5246
SZ,002805,3.58,4846,4867
SZ,002662,-0.61,4845,4845
SZ,301323,7.89,4841,7525
SZ,300755,0,4837,4839
SZ,301048,-0.65,4832,4832
SZ,002045,0.94,4831,4837
SH,603511,-0.24,4831,4879
SH,603212,0.82,4826,4826
SZ,300959,4.68,4824,7409
SZ,002959,-0.83,4803,5354
SH,603590,1.71,4802,4826
SZ,300215,0.63,4802,4802
SZ,301321,11.3,4798,6059
SZ,002165,0.3,4795,4845
SZ,002033,-0.79,4791,4792
SH,600234,7.42,4788,4788
SZ,002570,0.23,4784,4785
SH,600990,0.68,4783,4783
SZ,300619,3.72,4782,5680
SZ,002479,-0.17,4781,4792
SZ,002590,-0.2,4781,5014
SZ,300292,1.66,4776,5743
SH,603843,-2.7,4771,4771
SZ,301333,4.5,4770,4776
SZ,300688,2.23,4766,5376
SH,600084,-0.46,4765,4765
SZ,002526,0,4764,4796
SZ,002749,-1.23,4763,4869
SH,600551,-1.12,4760,4760
SZ,301362,5.73,4757,16954
SH,603191,2.42,4755,4755
SZ,002482,-0.77,4755,4764
SH,688330,2.57,4752,4752
SZ,002787,5.51,4751,6365
SZ,002915,0.3,4750,5529
SZ,300219,1.05,4749,4757
SZ,002303,10.09,4747,7519
SH,688282,2.44,4743,4743
SZ,300490,1.35,4739,4804
SZ,002523,-0.29,4729,4746
SZ,300797,0.16,4725,4738
SZ,002375,-0.55,4725,4757
SH,603682,-5.29,4725,4725
SZ,301053,-0.33,4721,5084
SH,688057,10.97,4720,4720
SZ,300027,-0.53,4719,5105
SZ,300648,4.93,4717,6196
SZ,000993,0.1,4717,4717
SH,600207,0.93,4717,4717
SH,600121,1.31,4715,4715
SZ,301256,1.55,4714,4714
SH,600495,-1.01,4712,4712
SZ,300232,1.92,4712,5785
SZ,300249,4.05,4706,5767
SH,600351,-1.58,4706,4706
SH,603106,9.98,4706,4706
SH,688377,1.56,4702,4702
SH,603365,-1.47,4700,4725
SZ,300388,-0.71,4699,4699
SH,600088,0.34,4697,4697
SH,600715,0.61,4694,6658
SZ,002632,1.36,4693,5103
SZ,301330,2.81,4693,5684
SZ,003033,0.59,4690,4749
SZ,000936,0.57,4686,4687
SZ,300689,5.41,4682,5320
SH,603070,0.95,4680,4680
SH,688389,-1.08,4679,4679
SH,600288,3.28,4678,4678
SZ,301413,4.52,4676,7831
SZ,920576,-0.24,4674,4721
SZ,002481,-1.17,4674,5157
SZ,001317,1.09,4669,4674
SH,688386,3.26,4666,5108
SZ,002194,2.24,4664,6238
SH,600681,-1.41,4663,4666
SH,603286,6.52,4663,4707
SH,688237,1.92,4662,4662
SH,688609,5.19,4660,4865
SZ,002940,1.95,4656,5069
SH,688696,0.74,4656,4656
SH,603408,-1.97,4655,4655
SH,688580,3.96,4653,4653
SH,603777,1.76,4648,4648
SH,688539,2.8,4648,4648
SZ,300087,-0.76,4647,4879
SH,603187,-1.45,4646,4695
SH,600605,1.35,4645,4645
SZ,300259,2.03,4642,4644
SZ,002919,3.78,4642,4676
SZ,301566,4.12,4642,8796
SH,603711,-0.87,4637,4637
SH,688181,4.37,4635,4635
SZ,002880,1.24,4634,4634
SZ,301179,1.4,4633,7890
SZ,002483,-0.56,4630,4636
SZ,002066,0.7,4629,4708
SZ,002556,-0.99,4624,4628
SH,603137,-1.01,4619,4619
SZ,300523,0,4615,4616
SH,600523,-0.6,4614,4617
SH,600626,0,4609,4609
SZ,002573,-0.9,4606,4614
SZ,002728,2.68,4602,4712
SZ,002559,2.13,4602,5860
SZ,300138,-0.85,4601,5580
SZ,002291,0.95,4598,4947
SZ,002478,-0.92,4597,5729
SH,603196,2.38,4588,8106
SZ,000886,-0.2,4586,4638
SZ,002026,0.1,4581,4582
SH,600101,-0.58,4580,4580
SH,603217,3.38,4580,4580
SH,603348,0.48,4576,4576
SZ,300271,1.59,4576,4676
SH,688448,2.11,4574,4574
SZ,002824,4.98,4573,6292
SZ,000417,2.09,4573,4578
SH,688115,5.08,4573,4573
SZ,300123,2.22,4572,4700
SH,688085,0.15,4572,4783
SH,603980,1.66,4569,4569
SH,688170,6.52,4562,4562
SZ,002235,2.36,4561,4776
SH,688665,1.67,4561,4561
SH,688683,1.58,4559,4559
SZ,001207,-0.31,4559,4723
SZ,301583,-4.54,4555,27404
SH,605338,-1.75,4554,4554
SH,603222,10.03,4553,4553
SZ,002727,-1.77,4550,6781
SZ,002707,0.19,4550,5169
SH,603162,1.22,4548,14807
SH,603387,0.67,4544,4544
SZ,300702,6.99,4543,7513
SZ,300463,0.11,4542,5587
SH,603216,3.19,4538,4538
SZ,000759,0.87,4537,4584
SH,688207,4.91,4535,4535
SZ,002522,0,4534,4538
SH,688119,2.03,4534,4534
SH,688667,3.44,4532,4532
SH,600178,0,4529,4529
SH,601588,-1.72,4522,5724
SZ,300147,1.78,4516,4543
SZ,001359,3.37,4516,18062
SZ,002540,0.57,4514,6562
SH,603110,2.7,4512,4512
SZ,002651,-0.24,4507,8237
SH,601218,-0.63,4506,4506
SH,688073,6.93,4504,4504
SZ,002501,1.6,4504,4509
SZ,002543,-0.28,4499,5056
SZ,300149,4.06,4499,4721
SZ,000720,2.29,4498,4498
SZ,002627,-0.15,4496,4545
SZ,000507,-1.96,4494,4580
SZ,002455,1.64,4494,4913
SH,603611,-0.67,4493,4493
SZ,301391,2.54,4491,4597
SH,688320,2.69,4490,4490
SZ,300697,2.26,4488,5862
SZ,300016,1.66,4486,4642
SH,600283,-0.36,4475,4475
SZ,000045,0.2,4474,4959
SZ,300561,10.48,4474,6090
SZ,002112,-0.75,4474,5021
SZ,301211,1.81,4472,4472
SZ,000558,0.58,4472,4474
SZ,002454,0.99,4466,4474
SH,605300,-0.19,4462,4462
SZ,301325,1.97,4458,4458
SZ,000819,-0.48,4454,4497
SH,603122,3.33,4450,4450
SZ,300286,3.33,4446,5367
SH,603060,0.36,4446,4446
SZ,300737,0.6,4445,5562
SZ,001338,-0.77,4440,4440
SZ,002884,-1.32,4440,5816
SH,688691,4.9,4439,7301
SZ,301487,1.31,4438,7478
SZ,300267,1.96,4438,6435
SZ,002641,-0.75,4434,4806
SZ,301367,1.26,4430,5658
SH,603988,0.16,4429,4429
SH,600880,1.76,4427,4428
SZ,000821,1.24,4426,4559
SH,603018,-0.91,4423,4423
SZ,300917,-0.41,4423,4423
SZ,300791,-1.65,4421,5300
SH,600658,-0.74,4418,4418
SZ,002059,-0.43,4414,4546
SH,600758,0.3,4411,4416
SZ,300210,2.94,4411,4411
SZ,000078,0.6,4410,4420
SH,600558,-1,4407,4407
SZ,002907,1.78,4406,5479
SZ,300461,2.22,4402,4792
SZ,300506,3.45,4401,8539
SZ,002124,-1.32,4398,4955
SH,600976,-0.06,4397,4399
SZ,300878,4.53,4394,4415
SH,688796,4.2,4389,50808
SZ,300727,1.96,4385,4873
SZ,000521,-0.39,4385,5160
SH,600609,-1.17,4383,4383
SH,600382,1.61,4382,4382
SH,688196,-0.31,4378,4378
SH,600173,0.81,4378,4378
SZ,300586,4.48,4368,5811
SZ,300227,2.24,4367,5701
SH,603209,-0.87,4359,4407
SH,605577,-0.3,4356,4356
SH,603822,0.32,4354,4354
SZ,301265,5.75,4352,5405
SZ,002393,0.69,4350,4467
SZ,300071,3.37,4349,4434
SH,688786,4.83,4347,4347
SH,600071,0.59,4345,4345
SZ,002746,-1.6,4343,5266
SZ,300018,2.67,4343,5830
SZ,300441,-0.28,4338,4466
SH,603165,-1.34,4338,4338
SH,600168,-0.45,4331,4331
SH,603016,2.6,4328,4328
SH,603206,1.21,4328,4328
SZ,001283,-1.01,4321,5419
SH,600819,0,4317,5343
SZ,002989,9.99,4313,4395
SZ,300692,3.7,4310,4723
SZ,301055,10.62,4310,4404
SZ,300547,6.29,4309,5245
SZ,301349,4.05,4309,5458
SH,603976,3.67,4309,4309
SH,603916,0.39,4308,4308
SZ,301379,6.26,4308,5466
SZ,002443,1.47,4305,4305
SZ,300532,0.14,4305,4526
SZ,002264,0.61,4303,4758
SH,688639,0,4302,4302
SZ,002117,0.37,4298,4300
SH,603558,-1.33,4297,4297
SZ,000718,-1.04,4290,5705
SZ,002480,0.72,4283,4292
SZ,002367,-0.54,4283,4300
SZ,003004,4.68,4276,5092
SZ,301365,2.03,4274,6332
SZ,301603,14.32,4273,13676
SZ,301075,4.79,4266,4266
SZ,301058,-0.47,4262,4333
SZ,300968,2.18,4262,4262
SZ,920077,0.43,4260,8272
SH,688267,2.64,4255,4255
SZ,000011,1.76,4254,4816
SH,605088,-0.37,4253,4286
SH,603439,-0.84,4252,4252
SZ,301629,4.98,4252,9243
SH,603912,9.96,4252,4252
SH,688236,0.75,4249,5650
SH,603519,7.34,4248,4248
SZ,300871,0.91,4248,4248
SZ,002285,0,4247,4285
SZ,300491,9,4238,4777
SH,605208,5.07,4236,4236
SZ,002427,0,4233,4237
SZ,000526,-2.43,4232,4246
SZ,301488,2.35,4228,10319
SH,603015,1.26,4216,4216
SH,603069,-0.21,4215,4215
SH,603998,0.42,4215,4215
SH,603960,-0.67,4214,4214
SH,688210,2.7,4205,4205
SZ,002380,2.47,4194,7077
SZ,300893,0.36,4192,7904
SH,603661,5.24,4190,4190
SZ,300061,2.28,4187,4435
SH,603803,3.9,4185,4185
SH,603636,4.95,4184,4184
SZ,300541,1.22,4183,4636
SH,603697,-1.3,4183,4183
SZ,301230,4.98,4183,4650
SH,605028,0.58,4179,4179
SZ,300539,3.01,4179,5142
SH,603150,5.8,4177,4177
SZ,300793,-0.17,4175,4270
SZ,300802,4.14,4173,5858
SH,603683,2.33,4171,4214
SZ,300859,0.34,4168,4168
SZ,002553,-1.5,4166,5746
SH,603322,5.18,4162,4162
SH,688655,6.09,4159,4159
SZ,002512,0.26,4159,4189
SZ,300963,-2.82,4154,5664
SH,605086,1.76,4154,4154
SH,600227,-0.3,4152,5488
SZ,300326,1.22,4150,4152
SH,688720,8.02,4150,6508
SH,600152,1.95,4148,4148
SZ,300105,4.28,4144,4147
SH,688186,-0.06,4143,4143
SH,600222,1.51,4134,4134
SZ,300505,1.12,4130,5222
SH,600340,0,4127,4127
SZ,301370,-0.1,4122,4122
SZ,301007,1.15,4122,4177
SH,688023,2.62,4120,4120
SH,603072,0.74,4119,8623
SH,603681,3.84,4118,4118
SZ,000428,1.25,4116,4116
SZ,002902,1.27,4116,5445
SZ,002758,-0.86,4115,4119
SZ,002418,2.55,4114,4114
SH,600479,-0.4,4110,4834
SZ,301458,7.04,4110,9328
SZ,300403,1.48,4108,5801
SH,688429,0.1,4108,4108
SH,603758,0,4106,4106
SH,603966,-0.24,4106,4111
SH,603167,-1.12,4105,4105
SZ,000678,0.56,4104,4104
SZ,000016,0,4103,6188
SZ,002490,2.3,4101,6234
SH,688419,4.47,4100,4100
SZ,002005,1.74,4100,4101
SH,603035,-1.14,4099,4099
SH,688379,6.09,4097,4320
SH,603032,2.15,4096,4102
SZ,002406,-0.28,4095,4966
SH,603088,1.41,4094,4697
SH,688291,4.7,4090,4090
SZ,300189,0,4086,4721
SH,600261,-1.28,4085,4085
SZ,300733,4.25,4085,5541
SZ,000655,-0.71,4084,4084
SZ,002520,1.07,4082,4269
SZ,300882,0.79,4080,4385
SH,603726,3.13,4080,4101
SH,688635,5.93,4078,21513
SH,600379,9.97,4078,4078
SZ,002321,0.52,4078,4095
SZ,301277,5.8,4074,4074
SZ,301160,4.94,4073,6130
SZ,920593,-0.15,4073,4794
SZ,002560,1.26,4072,4728
SZ,300091,0.4,4072,7077
SZ,002774,2.77,4072,4865
SZ,300355,-0.32,4072,4781
SZ,300121,0.42,4071,4221
SZ,300206,0.59,4071,6973
SZ,002788,0.85,4070,4142
SZ,002161,0.36,4068,4069
SH,603058,9.98,4068,4068
SH,603918,-0.17,4067,4067
SZ,300320,0,4067,5038
SZ,300429,3.51,4065,5404
SH,605268,-0.64,4062,4062
SZ,301252,4.47,4062,5065
SH,603178,0.23,4059,4059
SH,600650,-0.18,4058,5731
SH,688768,1.91,4054,4088
SH,688360,1.59,4048,4048
SH,603339,-0.07,4047,4047
SH,603978,4.53,4047,4047
SH,688356,6.88,4044,4044
SH,603869,0.85,4041,4041
SZ,920239,-0.17,4040,4089
SH,600135,0.97,4039,4039
SZ,300196,4.88,4034,6676
SH,603318,2.57,4031,4870
SZ,002950,0.43,4026,5934
SZ,000096,-0.87,4025,4161
SZ,002177,1.88,4023,4537
SH,600729,-1.31,4019,9197
SZ,301116,-0.66,4018,4018
SH,603429,0.26,4018,4018
SH,688350,5.11,4011,4011
SH,688010,5.36,4011,4011
SZ,000599,-0.4,4010,11996
SZ,300712,1.13,4004,4021
SZ,002160,0,3999,4007
SZ,002644,0.13,3998,3998
SH,603121,1.37,3995,3995
SH,600714,4.84,3994,3994
SH,600076,-0.33,3993,3993
SH,688269,0,3993,3993
SZ,300010,6.67,3992,4960
SZ,001288,-3.69,3990,6141
SZ,300669,5.81,3988,4211
SH,688311,2.99,3982,3982
SZ,300571,9.93,3981,4804
SZ,002040,-0.6,3981,3981
SH,603967,-1.7,3976,3976
SZ,002693,10.01,3974,4010
SH,603271,1.43,3971,8320
SZ,301235,8.24,3970,5304
SH,688061,3.54,3969,3969
SZ,300421,0.58,3968,5066
SZ,300767,1.85,3965,4567
SH,600628,-0.32,3965,3965
SZ,002449,0.31,3964,3964
SZ,300183,0.28,3963,4941
SH,688595,2.77,3961,3961
SZ,000919,0.16,3961,3962
SZ,920946,0.98,3961,3962
SZ,002876,2.11,3960,4624
SH,688218,4.62,3960,3960
SZ,300588,2.14,3959,4287
SH,603790,0.98,3957,3957
SH,603689,-1.17,3957,3975
SZ,300662,-0.87,3956,3968
SZ,300654,0.72,3950,4101
SH,688719,4.66,3947,5076
SZ,000882,-0.68,3939,3942
SZ,300534,2.92,3939,3956
SZ,001316,1.35,3938,4221
SZ,003019,3.74,3938,4029
SZ,002116,-0.82,3937,3985
SH,600469,0,3932,4797
SH,605286,1.74,3928,3928
SZ,300711,1.15,3928,4434
SH,688459,-0.11,3926,3926
SZ,920139,2.45,3926,4064
SZ,300380,1.02,3922,4263
SH,603315,3.73,3921,3921
SH,601368,-1.32,3920,3920
SH,688633,0.09,3919,3919
SZ,002843,3.37,3918,3942
SH,600792,0.28,3918,3918
SZ,300332,0.84,3916,4086
SZ,300984,1.45,3913,6072
SZ,300481,1.43,3913,3937
SZ,000822,0.23,3912,3912
SZ,002328,1.63,3910,5287
SH,600798,-0.6,3909,3909
SH,603398,1.24,3907,3907
SH,600725,0.63,3907,3907
SH,600727,-0.93,3906,3906
SH,603261,0.88,3904,3904
SH,688039,6.27,3902,3902
SZ,000518,2.71,3902,3902
SZ,300557,3.01,3901,3920
SZ,300022,1.41,3899,3900
SH,603956,-0.72,3898,3898
SH,600067,1.45,3897,3897
SZ,000520,1.58,3897,3897
SH,688512,7.33,3895,5675
SH,600526,-0.88,3894,3964
SZ,300643,2.49,3893,3902
SH,603520,0.68,3893,3893
SZ,300231,1.98,3891,3892
SH,688558,2.61,3889,3889
SZ,300004,3.05,3888,3888
SH,603239,-0.61,3885,3885
SZ,000523,-0.67,3883,5378
SZ,002088,1.19,3881,3907
SZ,001380,0.6,3877,4512
SH,688211,0.82,3876,3876
SZ,002772,0.19,3876,3909
SZ,002090,0.1,3874,3898
SZ,000906,-1.77,3871,3917
SZ,300318,1.04,3867,3986
SZ,301282,4.94,3862,4613
SZ,301102,1.06,3861,3861
SH,603386,4.23,3860,3860
SZ,301168,2.38,3860,4860
SH,605055,2.93,3859,3859
SZ,002197,4.94,3855,4436
SH,688489,3.43,3855,3885
SZ,300349,0.48,3845,4339
SH,603679,2.56,3843,3843
SH,603676,-0.33,3842,3842
SZ,002612,2.3,3842,6681
SZ,002564,0.22,3839,3839
SH,600568,0.44,3839,4584
SZ,300177,0,3838,4711
SZ,300317,1.54,3838,3844
SZ,300299,2.21,3833,3838
SH,603138,3.83,3832,3902
SZ,002035,-1,3832,4154
SH,601113,-0.28,3831,4699
SZ,301008,1.88,3830,4338
SH,688298,0.48,3828,3828
SZ,002554,0.35,3827,3828
SH,603113,-1.09,3827,3827
SZ,920522,-1.67,3824,4611
SZ,002930,1.38,3823,4040
SZ,300880,-0.45,3823,3823
SZ,300629,0.97,3822,4433
SZ,002688,0,3820,3932
SZ,002586,2.03,3817,4016
SZ,300964,5.94,3817,5202
SZ,000850,-0.24,3811,3812
SH,600527,-1.78,3810,3810
SH,688588,0.31,3803,3803
SZ,002322,-0.27,3802,3955
SH,600960,-0.49,3802,3802
SZ,000816,-0.74,3800,3820
SH,688551,6.54,3800,3800
SH,601188,-0.67,3799,3799
SZ,002589,0,3796,4183
SZ,002786,0.39,3790,3801
SH,600734,2.35,3789,3790
SZ,300590,1.83,3789,4895
SZ,002886,3.07,3786,4767
SZ,003026,3.03,3786,4918
SH,688247,5.43,3785,3785
SZ,002228,-0.62,3785,3798
SH,603085,0.63,3784,3784
SH,600794,-0.93,3780,3780
SH,605162,1.07,3777,3777
SZ,300745,7.36,3777,4474
SZ,301085,5.67,3777,5563
SH,688646,3.58,3775,5852
SH,600824,-0.82,3773,3773
SH,603421,1.76,3770,3770
SZ,300632,6.43,3769,5200
SZ,301517,2.09,3766,5838
SH,603081,-0.21,3760,3760
SZ,300055,1.37,3759,4970
SZ,002370,2.23,3758,3758
SZ,002187,-0.55,3757,3757
SH,603615,1.04,3755,3755
SH,603716,3.29,3753,3753
SH,600337,0.77,3751,3751
SZ,301280,5.28,3748,7217
SZ,301376,6.55,3747,7788
SH,688238,3.21,3742,3751
SH,600805,-2.21,3741,3744
SZ,001269,-1.01,3740,3740
SZ,301038,-0.47,3739,3739
SZ,000797,-1.23,3738,3738
SZ,300518,8.01,3736,3737
SH,603703,1.35,3735,3735
SH,603090,3.61,3731,3731
SH,605337,0,3729,3729
SH,688807,5.98,3728,18639
SZ,300044,0.19,3727,3980
SZ,300911,7.9,3722,3982
SH,688590,3.04,3719,4133
SH,603126,0,3718,3718
SH,688136,3.2,3712,3712
SZ,001238,-0.46,3711,3967
SZ,002562,-0.86,3710,5211
SZ,300290,0,3709,3710
SZ,002469,0.17,3708,3828
SZ,300351,2.78,3701,5464
SZ,000532,0,3697,3709
SH,603559,10.05,3692,3692
SZ,300448,1.95,3688,3883
SH,603105,-0.4,3685,3685
SH,600800,2.79,3684,3685
SZ,300758,0.79,3684,4087
SZ,300068,0.94,3679,3872
SH,600860,-0.23,3677,4533
SH,600830,-0.24,3675,3675
SZ,300668,7.15,3675,4437
SZ,301609,0.24,3674,6097
SZ,002162,0,3673,3679
SH,603607,1.38,3672,3672
SH,688212,0.59,3671,3671
SZ,002986,-0.56,3670,4622
SZ,920799,1.83,3669,6391
SH,603928,3.66,3663,3663
SH,603020,3.83,3662,3662
SH,605378,0.43,3661,3661
SZ,002677,2,3651,4277
SZ,002596,0.32,3646,3649
SZ,002095,0.35,3645,3659
SZ,301398,1.03,3643,3737
SZ,002676,0.2,3643,3643
SZ,300715,5.24,3643,4401
SZ,300194,0,3631,4461
SZ,300639,-0.68,3630,3724
SH,688299,-0.07,3630,3630
SZ,920809,1.68,3630,4727
SH,600333,0.17,3624,3624
SH,603566,-0.18,3623,3623
SH,603291,0.35,3623,3623
SH,603232,-0.81,3622,3642
SZ,002609,1.41,3620,5077
SH,600127,-0.52,3620,3620
SZ,300424,1.15,3619,3621
SZ,000626,0.7,3617,3638
SH,603579,0.06,3607,3607
SZ,300611,1.04,3607,5133
SZ,300559,1.93,3606,4630
SZ,301016,1.15,3605,3760
SH,688533,0,3605,3605
SH,603324,4.86,3603,3603
SH,603639,-0.55,3603,3706
SH,603706,-1.95,3602,3602
SH,688653,3.36,3601,4831
SH,603199,-1.35,3600,3600
SZ,300533,5.13,3596,5111
SH,603926,1.1,3594,3628
SZ,300907,4.23,3593,3593
SZ,300809,2.45,3591,6047
SH,603551,-0.31,3590,3635
SH,601599,0.32,3586,3586
SH,603109,0.12,3586,3586
SZ,301045,3.05,3585,5673
SH,688075,0.39,3582,3582
SZ,301186,6.75,3582,3809
SZ,002339,0.94,3581,3771
SH,605388,0.85,3579,3579
SH,600506,0.42,3575,3575
SZ,000505,-0.69,3573,4107
SH,603038,5.81,3571,3571
SZ,300200,0.48,3569,3629
SZ,300096,0.48,3569,3569
SZ,000713,-0.67,3567,4638
SH,688606,-0.65,3567,3567
SZ,000407,-0.48,3564,3582
SZ,300553,7.25,3560,4645
SZ,301169,10.98,3558,3560
SH,688168,6.16,3556,3556
SZ,300933,0.62,3556,3556
SH,688033,-0.31,3553,3553
SZ,002333,0,3552,3597
SZ,300414,1.43,3552,3694
SZ,300434,4.32,3551,4170
SZ,000862,0.36,3548,5186
SZ,002225,0.27,3548,4336
SH,600834,-0.12,3547,3547
SZ,300402,-0.81,3545,3591
SH,600581,-2.11,3541,3541
SH,600579,0.28,3539,3539
SZ,300471,0.52,3537,4537
SZ,300099,0.83,3537,4483
SZ,000659,2.23,3536,3536
SZ,300494,2.42,3533,4351
SZ,000903,2.22,3533,3560
SZ,002107,1.64,3531,3567
SH,603569,-1.01,3531,3531
SZ,300822,6.92,3528,3804
SH,601033,-0.6,3528,13230
SZ,002016,-1.35,3528,3528
SZ,002356,1.13,3527,3527
SZ,300606,3.7,3527,4146
SZ,002669,2.28,3527,3535
SH,605058,3.35,3526,3526
SZ,002584,2.31,3523,4401
SZ,000726,-1.31,3518,4881
SZ,000965,-0.93,3518,3518
SH,688569,-1.06,3518,3518
SH,603175,4.21,3512,33756
SH,603665,1.72,3511,3511
SZ,301017,-0.94,3510,5504
SZ,300213,0,3507,3774
SZ,300427,1.75,3506,3544
SZ,300652,2.34,3504,3904
SH,600520,4.84,3501,3501
SH,688148,1.78,3500,3500
SH,688157,3.27,3499,3499
SZ,301112,2.03,3499,3499
SH,605158,-0.28,3498,3498
SZ,300901,2.46,3492,3492
SZ,301003,4.15,3492,4514
SZ,002305,0,3486,3486
SZ,300399,1.91,3481,3482
SZ,300120,2.01,3481,3791
SZ,002412,3.25,3480,3517
SH,600530,-10.01,3479,3479
SH,688680,0.11,3476,3476
SZ,300622,0.63,3476,5085
SH,603014,3.88,3476,14308
SZ,000716,-0.2,3473,3554
SZ,002462,-0.66,3468,3471
SZ,301656,0.71,3468,40954
SZ,300190,0,3465,3479
SH,603390,0.1,3465,3471
SZ,300572,5.29,3462,4374
SH,600980,0.72,3458,3531
SZ,300781,4.16,3457,4686
SH,603101,-0.4,3453,3453
SH,603630,3.51,3450,3450
SZ,300248,1.81,3448,4016
SH,605398,3.42,3448,3448
SZ,002582,-0.09,3446,4482
SH,688398,2.96,3445,3445
SZ,301175,-0.53,3445,8154
SZ,300453,-2.64,3440,4991
SH,688339,1.27,3440,4226
SZ,001257,4.63,3437,46082
SZ,300962,0.31,3437,3437
SZ,300885,0.98,3434,5102
SZ,002628,0.89,3430,3445
SZ,301110,3.98,3430,4876
SH,600192,7.48,3428,3428
SZ,002766,1.27,3428,3439
SZ,000037,0.3,3426,6094
SH,603357,-0.48,3425,3425
SZ,300873,4.35,3422,4714
SZ,300530,-1.52,3422,3422
SH,688522,2.95,3420,8421
SZ,000868,-1.08,3420,3420
SZ,002783,-0.79,3417,3700
SH,601366,-0.55,3417,3417
SZ,001216,0.36,3416,4061
SZ,300021,-0.5,3415,3997
SZ,003037,0.88,3415,3415
SZ,300508,3.04,3415,4537
SH,603815,0.92,3410,3410
SZ,000889,4.53,3410,3670
SH,605068,7.48,3403,3403
SH,603396,0.2,3398,3398
SZ,301289,0.71,3396,3418
SH,603577,1.42,3395,3395
SH,603759,0,3394,3394
SZ,300879,1.38,3393,3416
SZ,301120,-0.57,3393,5750
SH,603798,6.27,3390,3390
SZ,002927,1.99,3390,3428
SH,688571,6.25,3389,3389
SZ,300132,1.06,3389,3446
SZ,300729,-0.67,3388,3519
SH,688750,0.21,3387,6725
SH,688602,0.62,3386,3386
SZ,301479,4.67,3386,5915
SZ,300478,5.62,3382,3382
SZ,301315,2.56,3379,3379
SH,603007,5.65,3378,4298
SZ,300078,1.34,3374,3387
SZ,300040,2.03,3373,4195
SH,688399,2.92,3371,3371
SZ,300736,2.81,3371,3458
SH,600229,-0.57,3370,3370
SH,603316,4.68,3369,3442
SZ,000721,-0.14,3366,3771
SZ,301096,4.92,3365,4424
SH,600503,-0.46,3365,3365
SZ,002791,0.85,3364,5468
SZ,002474,1.6,3363,3957
SZ,300160,0.68,3361,3409
SZ,301551,1.16,3358,8692
SH,605066,0.6,3356,3356
SH,688133,3.4,3355,3355
SH,600318,-1.05,3353,3353
SZ,002269,0.7,3352,3593
SH,600262,-0.77,3349,3349
SZ,003000,-0.72,3349,4901
SZ,002362,3.46,3348,3943
SZ,301076,0.83,3348,5008
SH,603309,0.79,3348,3348
SH,605077,0.09,3348,3388
SZ,920819,0.36,3344,3383
SZ,300664,-0.21,3343,3471
SZ,300370,0.47,3342,3350
SH,603139,0.97,3341,3341
SZ,301408,1.6,3341,5836
SZ,000488,-1,3338,5795
SZ,300056,2.85,3332,3334
SZ,300894,0.71,3332,4589
SZ,301270,20.01,3332,3526
SH,688583,6.34,3328,9552
SH,600218,-0.51,3328,3328
SH,601999,-0.16,3328,3328
SZ,300466,0.14,3326,3968
SZ,301246,2.09,3325,7820
SZ,002822,0,3324,6065
SZ,300943,11.41,3322,5075
SH,603811,1.54,3322,3322
SH,603535,0,3321,3321
SZ,002374,0,3321,3321
SH,603116,0.88,3319,3319
SZ,002109,-1.13,3318,3318
SH,600843,0.14,3313,5035
SZ,301322,5.45,3313,4912
SH,603813,2.07,3312,3312
SZ,002395,0.73,3312,3312
SH,600679,-0.92,3310,4770
SZ,000736,0.23,3310,3310
SZ,002912,6.69,3309,3483
SZ,300407,4.07,3308,4424
SZ,002094,-0.41,3307,3309
SH,600638,-0.6,3306,3306
SH,600822,-0.7,3304,4136
SH,600053,-0.77,3304,3304
SZ,002178,0.87,3303,3304
SZ,002646,-0.71,3302,3325
SZ,002801,1.1,3302,6547
SZ,301199,1.94,3301,3429
SZ,000514,-1.5,3299,3299
SH,600865,0.81,3296,3296
SZ,000509,1.32,3294,3295
SZ,300798,1.88,3290,3999
SZ,301499,2.5,3289,3289
SH,688259,2.58,3288,3288
SZ,000926,-1.41,3288,3329
SH,688443,1.33,3288,8408
SH,605136,0.74,3288,3288
SH,600467,-0.43,3287,3287
SZ,002037,-0.58,3286,3286
SZ,000701,0,3285,3288
SH,688302,2.35,3283,3283
SH,603095,1.93,3272,3272
SZ,300551,2.88,3272,3282
SZ,301302,6.13,3270,3668
SZ,300848,0.7,3270,5528
SH,603313,2.87,3269,3269
SZ,000789,-0.96,3269,3269
SH,603817,-0.68,3267,3267
SZ,301311,0,3266,3266
SH,603258,-0.21,3265,3285
SH,688579,2.77,3264,3264
SZ,001217,-0.29,3260,3292
SZ,301617,3.89,3258,8209
SH,600228,9.97,3258,3263
SZ,300515,3.93,3256,3321
SH,600622,-0.9,3254,3254
SH,688053,2.91,3253,3253
SH,601616,-2.3,3253,3253
SH,688283,1.56,3251,3251
SH,600653,0,3250,3250
SH,600280,1.05,3250,3250
SZ,001400,2.03,3248,5902
SZ,300840,5.34,3248,4402
SH,688084,0.89,3247,3247
SZ,002818,-0.17,3246,8143
SH,603230,0.22,3245,3245
SZ,301613,1.28,3244,5562
SZ,300157,4.23,3244,3398
SZ,300812,4.41,3242,3573
SZ,002735,0.71,3241,4267
SZ,300545,2.69,3240,5026
SH,603948,0.61,3240,3240
SZ,300241,1.7,3240,3863
SH,603351,0.76,3237,3237
SZ,300110,0.74,3236,3239
SZ,300473,2.28,3236,3712
SH,603856,-0.51,3235,3235
SZ,300686,5.31,3234,3255
SH,600539,5.09,3232,3232
SH,603999,0.36,3231,3231
SZ,000607,1.39,3230,3715
SZ,300069,6.89,3229,3229
SH,603987,-0.13,3228,3228
SZ,301213,6.25,3227,4992
SZ,300521,1.72,3226,3267
SZ,000007,1.53,3225,3225
SZ,301060,1.7,3223,3585
SZ,000803,-1.81,3223,3269
SH,688636,3.06,3222,3222
SH,600512,-1.45,3222,3222
SH,600327,0.28,3221,3221
SZ,002441,0,3220,4400
SH,600716,-2.81,3220,3220
SZ,301259,2.35,3219,5019
SZ,300867,1.76,3216,4560
SH,688358,2.28,3214,3218
SZ,300385,-0.8,3212,3681
SZ,002327,-1.2,3211,5453
SZ,000731,-1.67,3211,3211
SZ,300683,2.78,3209,3441
SZ,300193,0.53,3204,3639
SZ,300352,3.29,3203,3639
SH,603600,-1.01,3202,3202
SZ,002451,0.69,3201,3212
SZ,300419,2.47,3199,3199
SH,688071,-3.12,3197,3197
SZ,002672,0,3195,3902
SH,605566,2.97,3193,3193
SH,688317,2.69,3193,3193
SZ,301602,1.12,3192,6558
SZ,920037,-1.03,3192,5221
SH,605399,1.08,3191,3195
SH,600293,0,3190,3190
SZ,300608,3.25,3190,3647
SH,688163,7.25,3186,3186
SH,603210,-0.35,3185,4660
SZ,300578,2.82,3185,3186
SH,603657,6.56,3185,3185
SH,688722,0.28,3185,3185
SH,600052,0,3183,3183
SZ,300225,4.82,3182,3204
SH,603656,0.06,3181,3181
SZ,301136,1.14,3181,3184
SZ,301682,1.63,3180,15048
SZ,001215,1.67,3176,3185
SH,605303,2.77,3175,3175
SZ,301662,2.92,3174,8256
SZ,300656,3.83,3174,4086
SZ,002369,1.45,3171,3175
SH,603898,0.28,3170,3170
SZ,301201,3.47,3168,4516
SZ,301630,6.34,3168,8456
SZ,300125,2.21,3168,5846
SH,688785,4.41,3168,15834
SZ,301223,-1.2,3165,3165
SZ,000788,0.57,3165,3165
SZ,300746,1.07,3161,3192
SH,605259,0.22,3160,3160
SH,600731,0,3158,3229
SH,603192,3.52,3158,3787
SH,600156,3.97,3157,3157
SZ,301500,2.24,3156,12293
SZ,300052,20.02,3155,3155
SH,603696,1.51,3154,3154
SZ,002548,1.03,3154,3246
SH,603278,-0.85,3151,3151
SH,600749,-0.78,3148,3148
SH,600354,-2.44,3146,3146
SZ,300550,5.64,3145,3148
SH,605138,-0.87,3145,3145
SH,605186,-1.23,3144,3144
SH,688373,4.37,3137,3137
SZ,000546,0.45,3135,3499
SH,603788,-0.06,3134,3134
SH,688600,3.75,3131,3131
SZ,300062,0.89,3131,4302
SZ,002571,0.96,3129,4112
SZ,300247,0.78,3128,3128
SZ,002365,1.03,3127,3757
SZ,301073,1.62,3126,3418
SZ,000421,-0.9,3124,3125
SH,688286,5.87,3124,3124
SZ,002296,-0.1,3123,3502
SZ,002849,3.93,3123,3148
SH,601956,2.45,3114,3114
SZ,301421,6.95,3114,7782
SZ,002542,-2.2,3113,3197
SZ,301028,2.81,3112,4798
SZ,300289,1.24,3112,3117
SZ,300522,4.42,3110,3811
SZ,002575,3.7,3109,3280
SH,603266,0.97,3109,3109
SH,688229,6.03,3108,3108
SZ,002845,1.72,3108,4068
SZ,301051,4.01,3108,3911
SZ,300094,-0.34,3107,3170
SZ,300801,0.8,3104,4954
SH,603958,3.13,3104,3104
SZ,002175,2.1,3103,3103
SH,688682,3.15,3100,3100
SZ,300504,2.45,3099,3849
SZ,002021,-0.37,3096,3096
SZ,300234,3.33,3096,4529
SZ,301082,6.87,3095,3339
SZ,001318,0,3095,3095
SH,688215,5.26,3095,3095
SZ,001221,0.9,3093,16096
SH,600969,0.24,3090,3090
SZ,301696,2.27,3090,41081
SZ,301193,2.32,3087,4037
SZ,301206,-0.12,3085,4791
SH,605588,5.61,3085,3092
SH,688162,1.35,3085,3085
SZ,300310,1.13,3084,3932
SH,688280,1.02,3082,3494
SZ,300135,1.83,3078,3078
SZ,920806,1.09,3077,3077
SZ,300955,2.87,3074,3074
SZ,000151,0,3073,3502
SZ,000931,1.49,3072,3080
SZ,002686,-1.33,3068,3324
SH,600791,1.19,3067,3071
SZ,002724,-0.17,3066,4166
SH,688030,8.48,3066,3066
SZ,000576,1.88,3063,3081
SZ,300603,3.41,3062,3807
SZ,301257,5.29,3060,3210
SZ,300050,0.72,3060,3062
SZ,002973,3.1,3059,3935
SZ,920725,5.83,3057,6315
SZ,300932,2.68,3055,4289
SH,600738,0.25,3050,3053
SZ,000890,2.25,3050,3050
SH,688813,6.72,3049,16221
SH,600668,-0.26,3047,3047
SH,600721,10,3046,3046
SZ,000710,10,3045,3267
SH,688159,6.94,3043,3043
SH,600719,-0.12,3039,3039
SZ,300927,0.33,3034,3110
SZ,002659,9.98,3033,3033
SZ,300542,1.49,3033,3657
SH,688370,3.36,3033,3033
SZ,003032,10.01,3033,4290
SZ,002313,0.75,3032,3033
SZ,300589,0.94,3031,4883
SZ,300011,0,3028,3615
SZ,300875,1.8,3028,3443
SH,688273,4.2,3027,3027
SZ,300836,1.45,3025,4419
SH,603637,4.54,3024,3024
SZ,300698,2.74,3022,3416
SZ,300839,1.52,3022,3074
SZ,002137,2.01,3021,4401
SZ,002933,0.78,3019,3035
SZ,003002,0.43,3019,3302
SZ,301468,3.41,3018,5235
SH,603725,4,3015,3015
SZ,002889,0.33,3015,4532
SZ,301310,3.19,3015,9439
SZ,002826,1.18,3013,3110
SZ,000530,0,3013,4233
SH,688015,-0.55,3009,3009
SZ,300243,3.7,3008,3760
SZ,003029,1.61,3008,3307
SZ,002012,6.11,3007,3007
SZ,000802,1.94,3005,3007
SZ,300946,0.38,3003,6179
SH,603527,1.07,3002,3002
SZ,920179,9.39,2998,3738
SZ,300973,-1.43,2997,4281
SZ,301448,5.65,2996,4420
SZ,300609,4.56,2995,2999
SZ,301020,5.26,2991,2991
SZ,920047,2.85,2988,4550
SH,600684,0,2987,3871
SZ,300238,1.62,2985,2986
SH,688530,12.29,2984,6845
SZ,300600,-0.28,2984,2984
SH,603008,-0.97,2979,2979
SZ,300187,0.22,2978,2996
SZ,002829,1.34,2978,4237
SH,600712,9.96,2973,3006
SZ,300908,-0.2,2970,3514
SH,600130,1.28,2970,2970
SZ,002282,-0.33,2969,3098
SZ,300864,0.97,2969,2969
SH,688081,5.92,2968,2968
SZ,002286,0.12,2965,3047
SZ,300982,1.12,2965,3164
SZ,002878,1.95,2963,3291
SH,600838,0.41,2963,2963
SZ,000615,0.95,2961,5720
SZ,301348,3.36,2960,4579
SZ,002086,0,2957,3663
SZ,000798,-0.61,2956,2956
SZ,002199,4.07,2956,3116
SH,688070,1.18,2955,2955
SH,603500,1.95,2954,2955
SZ,002394,-0.1,2953,2959
SH,688458,3.01,2953,3513
SZ,920418,0.75,2952,3056
SH,603903,4.52,2949,2949
SZ,301600,2.42,2947,9550
SH,603896,-0.59,2946,2946
SH,688335,5.18,2946,2946
SZ,002692,0.99,2943,2944
SZ,300563,2.2,2940,4226
SH,688618,3.05,2936,2936
SZ,300270,7.14,2935,3407
SZ,002485,2.67,2932,2932
SZ,300831,4.75,2931,5085
SH,603739,0.35,2928,2928
SH,600212,1.85,2927,3880
SZ,002823,0.6,2927,4390
SZ,000691,3.55,2926,4388
SZ,003020,2.36,2921,3955
SZ,000068,0,2919,2919
SZ,002587,1.67,2919,3587
SZ,300691,2.96,2914,3551
SH,600620,-0.46,2912,2912
SZ,002726,-3.16,2911,2913
SH,688175,2.31,2908,2908
SZ,300936,6.28,2907,4610
SZ,002347,0.17,2906,2973
SZ,301419,7.45,2904,4394
SZ,300266,0,2904,2906
SH,688607,4.04,2903,3226
SZ,000609,10.04,2902,2984
SZ,002425,10.14,2899,3013
SZ,300721,5.86,2898,3454
SZ,002521,-0.57,2896,3870
SZ,002259,0,2896,2896
SH,603808,-0.62,2892,2892
SZ,301266,-0.13,2890,3047
SH,600470,-0.17,2890,2890
SZ,300242,5.57,2887,2887
SH,603949,0.81,2886,2893
SZ,002148,0.79,2886,3576
SH,603819,1.22,2885,2885
SZ,301066,1.64,2884,2906
SH,603330,2.01,2884,3068
SZ,300086,1.08,2882,2977
SZ,002667,-0.07,2882,3174
SH,688391,2.26,2882,2882
SZ,002899,1.67,2881,2881
SZ,301026,0.67,2879,3986
SZ,300239,0.83,2878,2897
SZ,002278,0.12,2878,3117
SZ,301260,0.43,2875,6767
SH,605169,0.1,2874,2874
SZ,002996,0.16,2874,4197
SZ,002921,9.98,2873,3332
SZ,300051,0.13,2873,2909
SZ,301172,5.45,2870,3880
SZ,002186,-0.2,2869,2870
SZ,000910,-0.56,2867,2868
SZ,300148,2.03,2866,2968
SZ,300329,1.88,2864,2873
SZ,000897,-1.11,2863,2863
SH,688152,2.37,2862,2862
SZ,301608,0.27,2862,6378
SZ,002811,1,2860,3117
SZ,301568,9.74,2860,6204
SH,688557,2.34,2858,2858
SZ,301535,3.06,2858,7158
SZ,301132,7.76,2856,4465
SZ,300511,-0.75,2856,3352
SZ,300749,7.91,2855,3722
SH,600322,-0.38,2853,2853
SH,603310,-0.19,2844,5063
SZ,002224,0,2838,3175
SZ,300877,0.38,2838,2838
SZ,001229,10.01,2838,5519
SZ,002722,0.31,2837,2837
SZ,002314,-1.39,2837,5740
SZ,000695,0.71,2837,2964
SH,605218,1.06,2835,3234
SH,688687,2.09,2833,2833
SZ,300890,1.21,2832,3098
SH,605080,0.35,2831,2842
SZ,300501,3.13,2830,2840
SH,603048,1.64,2830,2830
SZ,000892,5.01,2829,3904
SH,603458,5.12,2829,2829
SH,600265,0.41,2828,2828
SZ,001311,1.46,2827,6442
SH,600215,-0.31,2824,2824
SZ,300381,1.03,2823,2833
SZ,300830,1.45,2821,3780
SZ,002323,0,2820,2821
SZ,002616,-0.2,2820,4124
SZ,301133,7.05,2817,3079
SZ,002547,-0.77,2817,2877
SH,603655,1.72,2815,2815
SZ,300818,1.75,2814,4344
SH,605500,0.74,2814,2814
SH,688570,0.47,2814,6473
SZ,300237,-0.5,2812,2812
SH,603878,0.4,2811,2811
SZ,002331,1.6,2811,2995
SZ,300552,2.67,2810,4433
SZ,301237,2.25,2809,3858
SZ,000978,-0.16,2809,2809
SH,600630,-0.14,2808,2808
SZ,002795,3.03,2806,2853
SZ,001299,0.81,2806,3117
SZ,001388,10.01,2805,5241
SZ,300889,6.92,2804,4220
SZ,002981,0.26,2804,3149
SZ,000668,1.43,2803,2803
SH,600616,-1.17,2803,2803
SH,603722,2.06,2803,2862
SZ,002403,2.06,2802,3212
SZ,002561,0,2802,2811
SZ,301158,2.79,2799,2871
SH,600136,0.7,2798,2939
SZ,300816,7.83,2797,3834
SZ,002798,3.44,2796,3178
SZ,300404,6.18,2795,3776
SZ,300858,0.99,2795,3763
SZ,000570,-0.39,2795,3550
SZ,002355,0.67,2794,3022
SH,600249,0,2794,2794
SZ,300359,2.8,2793,2793
SZ,300826,1.27,2793,2903
SH,603970,-0.75,2790,2790
SZ,002923,3.05,2790,3620
SZ,300716,2.89,2789,2789
SZ,301525,2.28,2787,5321
SZ,003016,-0.14,2786,2851
SH,600876,-0.27,2786,4546
SZ,002476,1.11,2785,2785
SZ,002168,0,2784,2784
SZ,000159,-0.16,2783,2783
SH,688216,4.68,2781,2995
SZ,300163,6.65,2781,2887
SH,603280,-0.49,2781,2781
SZ,300447,1.92,2780,4310
SH,688255,2.23,2774,2774
SZ,300795,12.18,2772,4761
SZ,301439,0.4,2771,5883
SZ,002725,2.21,2768,2847
SH,605089,-1.22,2766,2766
SH,600419,-0.78,2764,2764
SZ,301234,4.08,2764,4678
SZ,002357,-0.1,2762,2762
SZ,002866,1.06,2760,4409
SH,600408,0,2759,2759
SH,688285,-0.94,2758,2758
SZ,301622,0.38,2757,4943
SH,603829,1.44,2755,2755
SZ,301068,-1.21,2754,3879
SZ,002953,0.31,2754,4813
SZ,002689,-0.37,2753,2754
SH,603237,0.35,2752,2842
SH,600785,0.93,2751,2751
SZ,300833,0.53,2750,4282
SZ,300175,1.57,2749,2749
SZ,001218,2.87,2749,3083
SZ,002875,2.13,2749,2749
SZ,300345,3.25,2748,3325
SZ,300810,1.22,2748,2845
SH,600537,0,2746,2746
SH,603518,-1.71,2746,2756
SZ,300945,-0.6,2743,3011
SH,688137,10.58,2741,2741
SZ,300584,3.22,2739,4003
SH,603202,-0.57,2737,8722
SZ,300374,0.09,2732,2732
SZ,002663,0,2731,2757
SZ,300425,0.25,2730,2736
SZ,300384,0,2729,3956
SZ,003007,6.28,2729,4495
SZ,002337,1.98,2728,2731
SZ,300479,0.36,2727,2729
SH,603585,-0.88,2727,2773
SZ,002054,-0.69,2726,3423
SH,603006,0.66,2726,2726
SZ,300477,2.23,2725,2948
SZ,002846,2.45,2724,4397
SZ,920735,1.32,2723,3079
SZ,301313,4.84,2723,3586
SZ,301305,0.69,2722,5297
SZ,301273,-0.44,2720,3544
SZ,000529,-0.82,2718,2785
SZ,300537,3.89,2718,3711
SZ,002917,-0.47,2717,3626
SH,601798,0.92,2716,2716
SZ,301255,2.06,2715,3094
SZ,300948,3.68,2714,2875
SZ,002578,2.94,2713,2957
SZ,301296,0,2712,2712
SH,605166,-0.45,2707,2707
SH,603001,1.81,2707,2707
SZ,300020,-1.66,2706,2805
SZ,002248,-0.44,2706,2706
SH,603161,1.51,2695,2747
SZ,003025,1.28,2694,3379
SZ,300860,2.67,2694,4640
SH,603037,0.4,2691,2695
SZ,002022,1.36,2690,2690
SH,603768,-0.08,2689,2689
SZ,001369,-0.3,2689,14865
SH,688357,1.82,2686,2686
SH,600386,-0.88,2685,2685
SZ,000419,-0.39,2685,2685
SZ,000017,0.83,2685,4197
SZ,002363,0,2682,2689
SZ,000809,-0.6,2681,2681
SZ,002404,-0.16,2679,3293
SZ,300279,0.55,2678,2690
SH,601010,-1.98,2677,2677
SZ,301218,3.75,2677,4356
SZ,002853,5,2676,3803
SZ,003015,1.5,2675,3044
SH,603107,-0.23,2675,4136
SZ,002863,-0.21,2674,2674
SH,603215,-0.41,2674,3064
SH,600661,-1.88,2674,2674
SZ,920491,1.01,2673,3258
SZ,301565,0.97,2673,8352
SH,688479,9.77,2673,6219
SZ,300230,-0.23,2670,3448
SZ,300301,1.5,2670,2805
SZ,300141,2.05,2666,2700
SH,600671,5.7,2666,2666
SZ,002903,6.57,2663,3913
SZ,301151,1.16,2661,2664
SZ,300560,9.8,2661,3269
SH,603066,0.11,2656,2656
SZ,300449,2.99,2656,2656
SH,603617,0.73,2653,2674
SZ,001324,-0.56,2648,2648
SZ,000812,-0.56,2646,2647
SH,600735,0.16,2646,2667
SZ,000972,1.78,2646,2646
SZ,001223,4.73,2645,4951
SZ,002905,0.93,2645,2849
SZ,300653,0.55,2644,2644
SZ,300410,2.86,2643,2643
SH,600250,-0.46,2643,2643
SH,603955,0.46,2641,2641
SZ,300095,0.48,2640,3278
SZ,002072,2.87,2639,2640
SZ,300218,0.08,2636,2645
SH,600624,-1.01,2636,2636
SZ,301149,1.57,2636,4332
SH,603030,2.04,2634,2634
SZ,300887,1.11,2633,3968
SZ,301631,4.5,2632,7727
SH,688246,1.16,2631,2631
SH,603036,0,2629,2629
SH,603080,-0.2,2628,2628
SZ,301197,1.94,2626,2911
SZ,300942,1.73,2625,2625
SZ,301148,2.44,2623,5190
SZ,002658,-0.13,2621,4647
SH,688367,5.28,2620,2620
SZ,000504,2.18,2620,2627
SZ,000698,-0.29,2616,2729
SH,600289,1.76,2615,2915
SZ,301081,3.56,2613,2720
SH,603628,-0.82,2613,2617
SZ,002962,2.89,2611,3640
SZ,300272,-0.34,2610,3436
SZ,301202,5.57,2609,4470
SZ,000826,0,2608,2608
SZ,300445,0.38,2607,3941
SH,603586,-0.36,2606,2606
SZ,300321,4.15,2605,2608
SZ,301042,4.41,2601,2729
SH,601996,-1.68,2601,2601
SZ,002599,0.8,2600,3400
SH,600405,1.19,2598,2598
SZ,002136,-0.89,2597,2604
SZ,002712,2.78,2596,2613
SZ,002769,1.31,2596,2598
SZ,301190,5,2586,3878
SH,603839,-0.14,2585,2585
SZ,300288,1.1,2584,3403
SZ,300386,1.18,2583,4306
SH,603633,0.67,2582,2582
SH,601007,-0.74,2582,2582
SH,688529,-2.22,2582,2582
SH,688080,2.31,2580,2580
SZ,300536,9.33,2578,2578
SH,605266,-1.23,2578,2578
SZ,002103,0,2577,3548
SZ,002613,1.22,2576,3665
SZ,300439,0.34,2575,3386
SH,603863,0.64,2574,2574
SZ,002453,1.18,2573,3469
SH,603335,0.33,2573,2573
SZ,300162,2.45,2573,3155
SH,603159,2.17,2572,2572
SH,603042,4.23,2570,2570
SZ,300154,3.56,2569,3664
SH,603801,-1,2567,2567
SZ,000565,-0.99,2567,2567
SZ,301181,5.95,2566,3288
SZ,301262,3.24,2564,8757
SH,600538,2.52,2558,2558
SZ,000153,0.54,2556,2588
SH,600358,1.81,2555,5886
SZ,001300,1.85,2555,2555
SH,605155,0.96,2550,2601
SZ,300631,0.29,2550,2622
SH,600665,0.68,2549,2549
SZ,300591,3.86,2548,2949
SH,688589,1.62,2548,2548
SZ,301337,6.57,2547,2604
SZ,000019,-0.96,2547,7054
SH,603677,0.69,2546,2546
SZ,300636,1.17,2542,2906
SZ,301222,4.29,2540,3344
SH,603886,-0.46,2539,2539
SH,688066,-0.4,2538,2538
SH,600793,1.13,2537,2537
SH,688129,2.04,2536,2536
SZ,301221,0.82,2534,3727
SZ,300577,0.45,2533,4274
SZ,002172,0.91,2533,2535
SZ,301281,0.65,2532,3864
SH,600356,-0.23,2527,2788
SZ,002869,1.2,2527,2838
SZ,300998,5.25,2525,3217
SZ,002748,0.48,2525,2525
SZ,300952,0.41,2524,4105
SH,688500,4.21,2522,2558
SH,603602,1.68,2521,2521
SH,688056,6.13,2512,2512
SZ,002682,1.59,2508,2508
SH,600257,0.19,2507,2507
SZ,002952,1.38,2507,3129
SZ,000707,-0.43,2506,2660
SH,603189,4.5,2504,2504
SZ,002816,2.96,2504,2504
SZ,000545,0,2503,2507
SH,603779,3.43,2501,2501
SZ,002813,-0.09,2500,2503
SH,600858,-0.4,2500,2512
SZ,920068,0.14,2496,9421
SH,603895,1.72,2496,2496
SZ,300920,4.26,2495,3756
SZ,300365,1.46,2492,2921
SZ,300366,1.74,2488,2850
SZ,001210,1.2,2484,4088
SZ,300485,1.8,2481,4364
SH,688765,2.01,2479,12312
SZ,301025,3.12,2475,3575
SH,600560,-0.08,2474,2474
SZ,300730,3.19,2473,2884
SH,603320,2.41,2471,2471
SZ,300824,-0.88,2466,2542
SZ,002398,0.98,2465,2829
SZ,300269,1.96,2460,2560
SZ,301380,0.86,2459,3088
SZ,300250,3.1,2459,3339
SZ,300853,7.2,2459,3675
SZ,002330,-1.01,2458,2459
SZ,000014,-0.38,2457,2457
SH,603828,1.48,2455,2455
SZ,300978,0.12,2455,3614
SZ,920571,0.12,2455,4604
SZ,300452,0.16,2451,2893
SZ,002593,0,2449,3513
SZ,300092,-0.33,2447,3194
SZ,300585,0.07,2447,2447
SZ,920002,1.05,2445,3492
SZ,001376,-0.16,2444,5263
SH,603136,-0.54,2437,2437
SZ,301393,7.84,2436,5984
SZ,300555,0.16,2435,2460
SZ,002343,1.58,2435,2435
SZ,002976,5.21,2433,3890
SZ,002868,2.21,2433,3520
SH,688619,5.89,2433,2433
SZ,301119,3.66,2433,3008
SH,603836,-0.22,2432,2496
SZ,002391,-1.49,2432,3404
SH,605033,-0.76,2431,2431
SZ,301178,5.14,2429,3292
SZ,300921,5.12,2428,3851
SZ,002098,-0.14,2427,2427
SZ,000430,0,2427,5303
SH,603076,-0.53,2426,2426
SZ,920190,4.01,2424,2438
SZ,002700,0.68,2423,2449
SZ,300993,0.3,2423,3087
SZ,002442,0.61,2423,2482
SZ,001282,0.7,2422,3524
SZ,002983,2.83,2422,4217
SH,603086,-0.88,2422,2422
SH,603289,0.24,2421,2421
SZ,300334,1.91,2419,2420
SZ,301669,3.22,2416,14160
SZ,002431,-0.73,2415,2415
SH,688369,-0.51,2415,2415
SH,603059,0.75,2415,2419
SZ,300805,2.2,2414,3553
SZ,300647,0.96,2411,2415
SH,600613,0.8,2411,2686
SZ,300667,1.75,2410,2857
SZ,300582,2.16,2408,3245
SZ,301040,1.92,2404,2548
SH,603331,0.51,2404,2404
SZ,300354,1.79,2403,4089
SZ,002855,0.31,2403,2405
SZ,920019,0.42,2402,3015
SH,600992,0.41,2402,2402
SZ,000669,2.62,2402,2402
SZ,002729,2.32,2399,2501
SZ,000790,1.05,2397,2401
SZ,300264,2.37,2396,2788
SH,688455,2.08,2391,2391
SZ,300987,2.3,2387,2387
SZ,002574,-0.43,2387,2387
SZ,300025,1.95,2386,2396
SZ,002058,-1.64,2384,2390
SZ,300796,-0.29,2384,2384
SH,603818,0.87,2375,2375
SZ,300562,4.4,2375,3110
SZ,300988,2.73,2375,2885
SZ,301125,1.5,2375,2679
SH,600831,2.77,2375,2375
SZ,920402,1.87,2374,3672
SZ,300173,0.31,2373,2373
SZ,002184,0.2,2370,3470
SZ,301046,5.08,2370,3068
SZ,301225,4.77,2369,7759
SZ,003001,-2.12,2369,3615
SZ,001219,-0.79,2368,2428
SZ,002828,-0.07,2368,2368
SZ,002871,4.69,2367,3994
SH,603332,2.05,2367,2367
SZ,300991,4.69,2364,3695
SH,600463,0,2364,2364
SZ,000715,0.62,2364,2627
SZ,002496,1.52,2362,3015
SH,603488,4.39,2362,2362
SH,688244,3.1,2361,2361
SZ,300172,-0.65,2358,3052
SH,603909,0.56,2356,2356
SZ,002661,-0.38,2356,2474
SZ,000635,-0.3,2355,2530
SH,603307,1.25,2355,2393
SH,688560,-0.08,2353,2353
SZ,300281,0.68,2352,2480
SH,688693,9.57,2352,4455
SH,605151,0.75,2352,2352
SH,603917,0.61,2350,2350
SZ,300275,0.12,2348,2664
SZ,300701,0.22,2348,2603
SZ,301283,1.22,2347,2986
SH,603797,-0.72,2347,2347
SZ,301356,7.06,2345,3998
SZ,300426,1.74,2344,2639
SZ,300898,0.39,2342,2531
SZ,301665,0.18,2341,10112
SH,605199,0.34,2337,2337
SZ,301185,0.54,2337,2585
SH,603787,-2.77,2336,2336
SZ,000554,0.15,2335,3103
SH,603721,2.22,2335,2335
SZ,300235,2.5,2334,2893
SZ,002861,3.26,2334,2895
SZ,300340,0.83,2333,2350
SZ,002660,-0.57,2332,2425
SZ,300965,3.26,2332,2587
SZ,000055,-0.85,2332,3705
SZ,301106,2.64,2330,2330
SZ,301043,2.99,2329,2791
SZ,301092,3.73,2322,5126
SZ,301397,2.03,2320,5072
SH,600381,4.5,2319,2319
SZ,301195,1.73,2318,3491
SZ,301279,2.19,2316,2991
SZ,002932,-0.33,2315,3448
SZ,301122,2.75,2314,3739
SZ,002397,1.42,2313,2670
SH,603373,9.39,2311,5469
SH,603188,0.75,2309,2309
SZ,002069,0,2308,2311
SZ,300411,0.4,2306,3033
SZ,301059,-0.17,2305,2580
SZ,000573,-1.08,2304,2323
SZ,300829,0,2301,3336
SH,603180,-0.46,2294,2294
SH,600854,-0.67,2291,2291
SZ,300422,0.68,2289,2365
SH,603557,2.51,2288,2288
SZ,301027,-0.36,2287,2774
SZ,300512,0.86,2287,2889
SZ,002420,-0.17,2283,2320
SZ,300891,0,2281,2736
SZ,301531,5.55,2281,10690
SH,603096,0.54,2280,2280
SZ,001368,1.1,2279,2386
SZ,300198,1.83,2278,2290
SZ,002377,0.38,2277,2392
SZ,300658,1.18,2277,3431
SH,603378,0.57,2276,2276
SH,600187,0,2275,2275
SZ,002084,1.15,2275,2281
SZ,002319,1.69,2275,2275
SZ,301108,-0.1,2274,3948
SZ,301251,6.86,2274,5672
SZ,301592,3.94,2270,6801
SH,600319,0.34,2264,2264
SZ,301563,5.23,2264,10014
SZ,002806,1.64,2260,2758
SZ,301088,1.09,2260,2739
SZ,300103,4.4,2259,2261
SH,688501,-1.24,2258,2258
SZ,300464,3.42,2255,2967
SZ,002852,0.25,2255,2714
SH,688201,-0.41,2255,2255
SH,688310,3.24,2255,2255
SZ,001205,-0.8,2253,2544
SH,688718,4.6,2252,2252
SZ,300513,1.13,2251,2252
SH,600540,1.04,2250,2250
SH,603755,1.74,2247,2247
SZ,300956,2.5,2246,2299
SH,605069,2.32,2238,2238
SZ,002908,2.06,2237,2998
SZ,300703,0.37,2236,2426
SZ,002771,3.98,2236,2687
SZ,301332,3.43,2235,3896
SH,603937,1.04,2235,2235
SZ,301011,1.13,2234,2352
SH,603021,-2.64,2233,2233
SH,688113,1.61,2233,2233
SH,600239,-0.7,2232,2232
SZ,300849,5.31,2232,3036
SH,605258,3.05,2229,2229
SH,603700,0.18,2228,2228
SZ,002775,-1.02,2225,2472
SZ,300612,2.52,2224,2236
SH,603193,-1.32,2224,8707
SZ,300107,-1.07,2223,3602
SH,605003,1.76,2223,2223
SZ,001367,1.05,2222,2783
SZ,301588,3.49,2221,3598
SH,600423,-1.06,2220,2220
SZ,002702,2.33,2220,2690
SH,600753,0.63,2220,2220
SZ,301118,1.8,2219,2307
SZ,003023,2.03,2219,2224
SZ,300989,11.64,2219,2868
SZ,301258,1.47,2219,2283
SZ,002114,1.18,2215,2215
SZ,002767,2.16,2214,2550
SH,600833,-0.49,2213,2213
SH,600182,0,2210,4420
SZ,002723,2.5,2210,2316
SZ,300097,2.38,2209,2360
SZ,000955,1.99,2207,2207
SH,600281,0.47,2207,2207
SH,603117,-0.26,2205,2205
SH,603102,1.09,2203,2203
SH,688581,1.94,2203,4319
SZ,000548,-0.44,2202,2202
SH,600232,1.01,2199,2199
SZ,300732,0,2199,2201
SZ,301072,4.11,2195,3435
SZ,001228,1.1,2195,2854
SZ,301079,2.81,2194,3093
SZ,301220,0.39,2194,3178
SH,688178,7.6,2191,2191
SH,600533,0,2184,2184
SZ,002492,1.11,2180,2219
SZ,301317,8.13,2179,6561
SH,603536,1.23,2177,2194
SZ,002890,1.97,2175,2288
SZ,000586,2.71,2174,2199
SZ,300752,2.63,2174,3145
SH,688648,1.56,2171,4247
SZ,920510,2.85,2171,4254
SZ,300771,1.41,2171,2755
SH,600965,-0.37,2170,2170
SZ,002836,2.95,2168,2168
SZ,002991,-1.84,2168,4046
SH,603079,0.26,2166,2166
SZ,301596,-0.85,2165,5336
SZ,300940,2.08,2165,3061
SZ,300884,0.8,2165,2871
SZ,301628,7.06,2164,5851
SH,688737,3.25,2163,2163
SZ,300808,1.96,2162,2909
SZ,301528,4.97,2161,4192
SZ,301019,0.47,2158,2944
SH,603375,2.7,2158,3406
SZ,000752,1.74,2158,2158
SZ,300931,5.96,2156,2682
SZ,001393,1.61,2155,11183
SZ,300205,1.01,2155,2155
SZ,002633,3.45,2154,2162
SZ,301331,1.85,2150,2156
SZ,001259,3.93,2149,3327
SH,603381,0.47,2149,3587
SZ,002887,3.45,2148,3026
SZ,300546,1.21,2144,2982
SH,600148,-0.19,2144,2144
SH,605001,0.18,2141,2141
SZ,301387,6.88,2141,5384
SZ,002329,5.47,2137,2730
SZ,002234,-1.38,2137,2474
SZ,300565,1.3,2136,2337
SZ,920344,2.34,2136,2288
SZ,301089,2.57,2133,2984
SH,603151,0.16,2132,2132
SH,688517,2.03,2131,2131
SZ,300649,5.85,2131,2659
SZ,300947,0.36,2129,2130
SZ,002671,-0.51,2128,2168
SZ,001365,1.79,2128,19430
SH,600302,0.49,2128,2128
SZ,300922,5.05,2127,2710
SZ,002295,1.8,2126,2128
SZ,002799,0.91,2125,2125
SH,688727,4.16,2125,17672
SZ,920261,0.53,2125,3860
SH,603238,0.59,2125,2125
SZ,300484,1.19,2124,2645
SH,603326,1.53,2123,2123
SZ,920971,3.12,2122,2574
SH,603382,-0.48,2120,3328
SZ,002732,-0.94,2120,2131
SZ,002825,1.1,2120,2824
SZ,002614,0,2118,2994
SZ,301117,4.82,2117,3304
SZ,002076,2.53,2116,2252
SH,603321,0.49,2116,2142
SZ,002857,3.59,2115,2149
SZ,300375,0.76,2115,3034
SH,600892,9.88,2114,2115
SZ,300165,1.01,2111,2487
SH,603023,2.72,2110,2110
SZ,300980,2.34,2107,2959
SZ,300778,-0.28,2107,2108
SZ,301290,3.56,2105,2650
SZ,001390,0.11,2105,3544
SH,688623,-0.56,2105,5067
SH,603089,0.57,2103,2415
SH,600241,0.71,2101,2101
SZ,300786,3.99,2101,2641
SH,600439,-4.63,2094,2094
SZ,300774,1.79,2094,4194
SH,603959,0.71,2094,2094
SZ,002864,1.58,2092,2901
SZ,300673,2.04,2089,3220
SH,688355,3.44,2089,2089
SH,603578,2.12,2089,2710
SZ,300509,1.56,2088,2505
SZ,002666,0.24,2088,3286
SZ,001332,0.71,2087,4805
SZ,002942,-0.19,2087,2338
SH,603091,0.74,2085,6779
SZ,301428,3.53,2080,2948
SZ,300211,2.95,2080,2118
SZ,300719,0.35,2080,2944
SZ,002253,3.99,2078,2234
SH,688060,3.91,2078,2078
SZ,002848,1.78,2078,2099
SH,603176,0.9,2074,2134
SZ,000590,1.29,2073,2074
SZ,300960,-0.24,2072,2286
SZ,000953,0.89,2072,2072
SH,688272,2.91,2071,2071
SZ,300335,0.56,2071,2571
SH,688251,2.98,2069,2083
SH,603407,4.4,2069,23494
SZ,300844,1.59,2067,2144
SZ,300387,0.14,2066,2067
SH,603356,3.69,2063,2063
SZ,920060,2.79,2061,3305
SZ,000605,0,2060,2060
SZ,300013,0.82,2058,2060
SZ,300753,3.58,2058,2951
SH,600615,1.44,2057,2060
SZ,002918,0.73,2056,3925
SZ,000757,1.85,2056,2056
SH,688197,0.94,2055,4774
SZ,920017,1.45,2054,2076
SH,603183,1.47,2053,2053
SZ,000692,0,2051,2051
SZ,001230,1.36,2051,3502
SZ,920978,0.1,2051,3658
SH,603968,-0.29,2051,2051
SZ,300597,0.94,2049,2058
SZ,002656,4.2,2046,2123
SH,688132,1.82,2046,2046
SZ,300074,2.48,2045,2047
SH,603329,-0.99,2045,2478
SZ,300240,-0.34,2042,2088
SH,688613,0.74,2041,2041
SZ,300970,0.18,2041,2644
SZ,300710,4.2,2038,2718
SZ,300350,0,2037,2428
SZ,000952,2.25,2036,2036
SH,600371,0.29,2036,2036
SH,600802,0.45,2035,2035
SH,688203,2.03,2033,2033
SH,603377,-1.39,2031,2031
SZ,300599,1.89,2027,3861
SH,603900,0.85,2025,2027
SH,600287,-0.21,2022,2022
SZ,002687,0.41,2021,2468
SZ,300665,1.53,2021,2128
SH,688013,2.55,2021,2021
SZ,300176,-0.18,2018,2018
SZ,301371,1.01,2016,13465
SZ,002105,0.91,2016,2025
SH,603168,0.93,2015,2024
SH,688038,5.16,2014,2014
SH,600774,1.34,2014,2015
SZ,002133,0,2009,2021
SH,600128,0,2006,2046
SZ,002995,1.77,2006,3166
SH,600238,-1.09,2004,2017
SH,603982,1.03,2003,2154
SZ,002615,0.15,2003,3712
SH,600097,-0.35,2002,2002
SH,688755,1.83,2001,2866
SH,600159,0,2000,2000
SH,688156,3.87,1999,1999
SZ,002900,10.03,1998,3923
SH,603182,0.17,1996,1996
SH,603262,0.58,1995,7648
SZ,300780,3.11,1995,2721
SH,688811,3.89,1993,10851
SH,600807,0.8,1991,2238
SH,603385,0.58,1987,1987
SZ,920111,1.19,1984,4088
SZ,000633,0.98,1983,1983
SH,603282,2.92,1982,1982
SH,603880,3.32,1980,1980
SZ,300637,2.18,1979,1981
SZ,301103,-0.05,1978,2570
SZ,300295,-0.75,1977,2237
SZ,002893,-0.5,1977,2570
SZ,300112,2.84,1977,2396
SZ,920208,0.33,1975,2281
SH,603616,0.39,1975,1990
SZ,301299,2.32,1975,2676
SZ,301024,3.72,1975,2040
SH,600444,0.75,1972,1972
SZ,301212,1.16,1970,2269
SZ,300106,1.86,1970,1970
SH,688426,0.57,1970,1974
SZ,920247,0.7,1969,2715
SZ,301161,4,1968,3059
SZ,002963,9.97,1967,2404
SZ,301208,1.19,1966,3570
SZ,002622,1.74,1966,1966
SH,605180,0.26,1965,1965
SH,688118,4.72,1965,1965
SZ,002999,-0.68,1965,1988
SZ,300412,1.94,1965,2091
SZ,002998,-1.35,1964,2576
SH,600706,0.92,1961,1969
SZ,301052,4,1961,2420
SZ,920879,0.77,1960,2619
SZ,300817,1.1,1958,3412
SH,603285,2.48,1957,5026
SZ,002652,2.41,1956,1956
SZ,002800,1.15,1954,2013
SH,688096,3.47,1952,1952
SZ,300423,0.52,1949,2910
SZ,300659,1.38,1947,2679
SH,688716,-0.38,1943,3381
SZ,000985,0.07,1942,1942
SZ,300807,2.61,1940,2541
SZ,300912,2.18,1937,2566
SZ,300575,0.54,1936,2675
SZ,300902,5.3,1936,2820
SH,603825,3.52,1935,1935
SZ,001266,10.02,1935,3450
SH,600678,-0.71,1930,1930
SZ,300150,1.22,1929,2434
SZ,002486,0.86,1928,1937
SZ,002856,0.52,1925,2103
SH,600235,-0.89,1925,1925
SZ,920125,6.37,1925,6559
SH,605336,0.38,1924,1924
SH,603041,0.19,1923,1923
SZ,002742,2.23,1923,2511
SZ,300854,-0.23,1922,2357
SZ,920699,5.81,1920,4197
SZ,300615,20.04,1917,2416
SZ,002205,0.88,1914,1914
SZ,301318,1.48,1914,2779
SZ,000909,0.23,1913,1913
SH,603208,-0.17,1912,1912
SZ,002762,2.26,1911,3200
SH,688193,-0.64,1911,1911
SZ,002524,0.27,1910,1927
SZ,001360,2.63,1910,3105
SZ,300543,0.39,1909,2338
SZ,300650,2,1908,2704
SH,688420,2.08,1906,1906
SZ,002968,1.13,1902,2021
SZ,002909,1.42,1902,1950
SZ,001211,3.35,1901,2037
SZ,300305,-2.47,1900,2219
SZ,001260,1.1,1900,1900
SH,688395,4.63,1899,1899
SH,688721,3.8,1898,4737
SZ,300437,0.83,1897,2678
SZ,300743,1.71,1897,2251
SH,600491,-0.79,1897,1897
SH,600768,1.21,1895,1895
SZ,301335,-0.36,1895,2740
SH,603506,0.9,1895,1895
SH,603922,1.73,1894,1894
SZ,002873,0.89,1894,1928
SZ,300396,-0.56,1892,1895
SZ,001237,0.93,1892,8051
SZ,002598,-0.59,1891,2060
SZ,301198,5.14,1891,1969
SH,688026,2.98,1889,1889
SH,603718,-0.67,1889,1897
SZ,300966,0.37,1885,2835
SZ,301077,2.34,1885,3357
SH,600099,0.35,1884,1884
SZ,300897,0,1884,3018
SH,600051,0,1884,1884
SZ,000705,0.3,1884,2232
SZ,301557,3.23,1882,4695
SZ,002551,1.99,1882,2604
SZ,001255,1.46,1881,2119
SZ,300906,1.64,1881,2082
SZ,300081,0.65,1881,1881
SZ,000995,0.38,1881,1881
SH,688616,1.45,1880,1880
SH,603028,0.15,1878,1897
SZ,300916,1.77,1877,2906
SH,600303,0.73,1877,1894
SZ,301599,3.13,1876,14800
SZ,300254,2.1,1876,2122
SZ,002778,1.47,1875,1895
SZ,300644,1.43,1875,2352
SH,603177,2.11,1874,1874
SH,605177,0.67,1872,1889
SZ,920961,2.22,1870,2570
SZ,001234,0.89,1869,2218
SH,603214,1.12,1869,1869
SH,605122,1.12,1865,1865
SZ,301180,1.43,1865,4544
SZ,300967,-0.32,1863,2800
SZ,001356,-0.33,1863,5186
SH,600202,1.25,1859,1859
SZ,300883,0.72,1858,1945
SZ,002715,1.36,1855,1855
SH,688657,3.71,1854,2964
SH,603418,-0.03,1851,8642
SZ,001366,0.88,1851,1851
SH,600847,2.9,1850,1850
SZ,920339,0.08,1849,2693
SZ,002760,2.7,1846,1846
SH,603325,-0.32,1845,4319
SZ,002159,-1.1,1844,2362
SZ,300076,-0.68,1840,1840
SZ,300675,0.32,1839,1839
SH,600080,-0.19,1836,1836
SH,600149,0.42,1836,1836
SH,688189,1.97,1836,1836
SZ,002817,0.32,1836,1893
SZ,002535,0.82,1836,1972
SH,688004,3.43,1836,1836
SH,688092,0.82,1833,1833
SH,688051,3.01,1828,1828
SH,688670,2.56,1826,1826
SZ,920914,-0.04,1823,1824
SZ,002753,0.65,1822,2641
SZ,300941,1.17,1815,3002
SH,600107,-0.78,1814,1814
SH,600082,-0.34,1814,1848
SZ,300717,1.83,1813,1829
SZ,920189,1.81,1813,3021
SZ,002630,0,1809,1984
SZ,002696,-0.36,1808,1871
SH,603272,6.66,1808,1808
SZ,002529,2.06,1807,1807
SZ,300645,1.65,1807,1843
SH,603029,0.34,1807,1807
SZ,002717,-3.66,1804,1911
SZ,300651,0.75,1800,2458
SZ,000856,1.41,1798,1798
SZ,301010,1.34,1796,1796
SZ,301590,4.1,1795,4336
SH,600180,-0.59,1793,1793
SH,688288,2.81,1788,1788
SZ,300030,0.77,1783,2025
SZ,003017,1.13,1782,2160
SZ,003038,0.46,1781,2646
SZ,301030,-2.53,1781,1783
SZ,300642,2.13,1781,2098
SZ,002569,0.87,1780,1830
SH,603709,1.67,1779,1786
SZ,301556,2.46,1779,5147
SH,603879,0.41,1779,1779
SH,603092,-0.63,1776,20552
SH,688435,5.58,1771,2639
SH,605567,1.72,1770,1770
SZ,301138,1.18,1770,3097
SZ,000911,-0.44,1769,1769
SH,688393,1.67,1769,1769
SZ,301041,3.47,1764,2383
SZ,001285,-0.62,1764,7659
SZ,301056,2.56,1763,2673
SZ,003005,2.82,1760,3207
SZ,001268,4.13,1759,2811
SZ,300556,2.21,1758,1969
SZ,301062,0,1751,2756
SZ,002862,2.34,1746,2302
SZ,301231,3.33,1746,2252
SZ,301585,0.23,1744,2662
SZ,301159,10.16,1742,2542
SH,600448,0.73,1738,1738
SH,600165,0,1737,3830
SZ,300935,5.84,1736,2288
SZ,300707,-0.48,1736,2102
SZ,002780,0.15,1734,2194
SH,600272,0.28,1731,2842
SZ,002877,-0.13,1729,2559
SZ,002381,-0.36,1729,2210
SZ,300992,1.09,1729,2113
SH,603860,0.54,1726,1726
SH,688058,2.25,1725,1725
SH,688078,4.71,1718,1718
SZ,002209,0.83,1716,2223
SZ,002858,0.61,1714,2171
SZ,301057,2.17,1713,2473
SZ,301388,1.82,1712,2413
SZ,003027,2.07,1710,2132
SH,600137,0.34,1710,1710
SZ,300971,1.37,1709,2178
SH,603908,0.88,1708,1708
SZ,002198,0.3,1705,1705
SH,603120,1.12,1705,4066
SZ,003030,0.67,1704,2627
SH,603270,1.52,1702,5274
SZ,920015,4.17,1700,5760
SZ,000056,-2.07,1699,2223
SH,601026,-0.51,1697,10076
SZ,002360,2.56,1696,2093
SZ,920178,5.16,1695,5803
SH,688681,2.08,1695,1695
SZ,300787,1.06,1694,2702
SZ,300929,3.6,1694,1785
SH,603435,4.7,1693,21783
SZ,002743,0.78,1690,1693
SH,603717,1.57,1686,1686
SZ,000639,-1.26,1684,1684
SH,600778,0.74,1684,1685
SZ,300837,1.09,1683,2226
SZ,301586,1.18,1682,2638
SH,603022,0.36,1682,1682
SZ,000619,0.65,1681,2060
SZ,002629,2.43,1681,1977
SZ,300245,0.7,1680,1745
SZ,920476,1.12,1680,1774
SZ,002972,3.14,1679,3068
SZ,301063,0.46,1678,1812
SZ,002802,0.45,1666,2017
SZ,301538,2.56,1663,4176
SZ,300614,3.71,1661,1661
SH,688466,2.88,1660,1660
SZ,301141,3.3,1660,4625
SZ,300169,1.29,1660,1867
SH,600818,5.13,1659,2240
SZ,300876,3.98,1658,2223
SZ,000663,1.12,1657,1821
SZ,301361,0.79,1656,3420
SH,603402,-0.47,1652,6607
SH,603789,1.28,1651,1684
SZ,300195,1.15,1651,2229
SZ,301135,-1.91,1648,2118
SZ,300538,0.67,1648,2478
SH,603312,-0.05,1647,5174
SH,688296,2.82,1645,1645
SZ,300950,3.14,1644,2577
SZ,920509,3.06,1642,3134
SH,600119,-1.09,1640,1640
SZ,000929,1.5,1638,1638
SZ,002620,4.67,1631,1948
SZ,301360,4.43,1631,3342
SZ,300472,3.59,1631,1825
SH,600697,0.38,1630,1669
SZ,001386,-0.52,1626,18067
SZ,301667,-2.7,1625,7648
SZ,301548,4.54,1624,5384
SZ,002211,0.27,1622,1622
SH,603255,5.66,1620,3594
SZ,301509,4.89,1620,3439
SZ,002789,3.09,1619,1652
SZ,300610,0.93,1619,2074
SH,603257,3.72,1619,7804
SH,688509,0.48,1616,3234
SZ,301121,4.08,1615,3155
SZ,001222,-0.34,1611,2722
SZ,301336,0.07,1608,2078
SZ,301065,1.03,1605,1972
SZ,300313,1.63,1604,1949
SZ,300961,1.25,1598,1865
SZ,002495,-0.42,1596,2152
SH,603231,-0.06,1595,2874
SZ,301067,1.71,1593,2427
SZ,920839,0.58,1592,2887
SZ,300220,1.54,1592,1594
SZ,300616,-0.38,1589,2299
SZ,003042,-0.22,1588,1835
SZ,300937,0.49,1587,2341
SH,603400,6.99,1587,5687
SH,600493,0.52,1586,1586
SZ,301456,0.57,1585,3516
SH,688759,1.8,1585,9905
SZ,001209,1.66,1585,2169
SZ,002592,0.17,1580,1707
SZ,920106,-0.57,1579,2047
SZ,301618,2.6,1579,4141
SH,600561,0.36,1579,1579
SZ,920892,0.29,1578,1782
SZ,301595,3.79,1577,4182
SZ,000632,-2.02,1573,1573
SZ,301587,0.66,1573,3154
SZ,003028,1.6,1572,3204
SZ,300519,0.22,1570,2202
SZ,920087,-1.13,1563,1574
SZ,920088,2.5,1561,4222
SZ,300554,2.44,1558,2250
SZ,300995,1.58,1557,2362
SH,688781,6.19,1555,38080
SH,600796,-0.59,1554,4324
SZ,300462,-2.25,1554,2041
SZ,301395,7.02,1553,2963
SZ,002207,-0.82,1552,1559
SZ,002835,0.25,1552,2676
SH,600689,0,1551,2048
SH,688528,2.44,1551,1551
SZ,301680,1.55,1549,7632
SH,688565,1.27,1548,1548
SZ,002227,-0.31,1547,1559
SZ,002694,0.94,1545,1641
SZ,301022,2.37,1537,2276
SZ,300500,0.99,1534,1592
SZ,920010,7.71,1533,2064
SZ,002910,2.75,1533,1752
SZ,300514,1.27,1532,1912
SH,600692,-0.32,1528,2107
SZ,920174,0.59,1524,5924
SZ,002982,-0.92,1522,2377
SH,688450,6.58,1522,2053
SZ,300306,0.73,1521,2595
SZ,000677,0.57,1521,1521
SZ,002316,2.06,1520,1753
SZ,920953,2.55,1516,3244
SH,688021,4.31,1516,1516
SZ,300845,4.05,1515,2167
SZ,002566,-0.9,1514,2161
SZ,300625,0.43,1513,2609
SZ,001202,0.62,1508,2152
SZ,920238,0.49,1508,7398
SH,688793,1.43,1507,1507
SZ,301633,4.85,1507,3288
SH,603275,0.92,1505,5390
SZ,301581,2.12,1505,2846
SZ,002790,0.87,1504,2411
SH,688659,2.51,1504,1504
SZ,301023,0.49,1501,2705
SZ,301107,3.17,1500,2594
SZ,301636,0.15,1499,2568
SH,600243,0,1496,1496
SZ,300268,2.66,1496,1949
SH,603395,-1.83,1494,5975
SZ,301677,-2.19,1493,6965
SZ,920026,0.35,1492,1980
SZ,301098,4.32,1492,1789
SZ,301036,2.03,1485,2108
SZ,300977,1.95,1484,2382
SZ,301166,1.82,1482,2264
SH,600455,2.42,1482,1482
SZ,301390,1.27,1482,1813
SH,603082,1.4,1469,6035
SZ,300813,3.15,1468,2339
SZ,301227,10.85,1465,2606
SZ,301505,1.39,1460,1832
SH,688067,1.42,1459,1459
SZ,301687,1.83,1457,6867
SZ,001378,1.35,1457,2993
SZ,300314,0.5,1447,2900
SZ,301520,5.76,1447,4122
SH,600476,0,1446,1446
SZ,300621,0.14,1446,1486
SZ,301210,0.73,1445,3782
SZ,002513,2.26,1439,1870
SZ,301512,3.76,1439,2206
SZ,301555,2.9,1439,2747
SZ,301130,1.41,1439,1865
SZ,301129,1.28,1437,2894
SZ,003011,2.35,1436,1919
SZ,301518,1.16,1434,3552
SZ,301683,0.6,1434,6343
SZ,301320,0.88,1433,2284
SZ,301560,2.22,1433,2854
SZ,002144,-0.18,1433,1840
SZ,301167,2.11,1429,1514
SZ,002247,0,1429,1889
SZ,003008,1.1,1429,1912
SZ,300167,4.68,1427,1678
SZ,002581,2.59,1427,2349
SZ,002977,0.19,1426,2571
SZ,300605,5.13,1424,1861
SZ,000702,0.56,1424,1851
SZ,301276,1.39,1424,2553
SZ,300640,-1.52,1419,2000
SH,688022,-0.48,1419,1419
SZ,301278,0.51,1413,2466
SZ,301303,-0.06,1410,5641
SZ,301152,2.53,1410,2358
SZ,300892,1.21,1409,2182
SH,603062,1.82,1407,4100
SZ,300371,0,1407,2022
SZ,000010,-3,1406,1851
SZ,301203,1.75,1405,2564
SZ,002691,-0.7,1404,1421
SZ,301100,4.64,1399,3173
SZ,301508,0.04,1399,5374
SH,603248,0.41,1393,8961
SZ,300635,-0.25,1388,1614
SZ,300549,0.96,1381,1823
SZ,001226,3.73,1376,3028
SH,688805,4.94,1375,6873
SZ,920751,-0.35,1372,1434
SZ,920857,0.16,1369,1369
SZ,002200,2.64,1368,3153
SZ,000637,-0.52,1367,1950
SZ,300155,0.48,1367,2329
SZ,002591,1.33,1366,1834
SZ,001387,-0.08,1364,2143
SZ,001296,1.43,1364,2646
SZ,301009,0.33,1362,2452
SZ,300838,3.8,1362,1848
SZ,002809,1.26,1361,1924
SZ,300564,1.78,1361,1939
SZ,301355,2.1,1357,1894
SZ,002188,2.73,1356,1724
SZ,920371,-0.7,1356,1430
SZ,300928,1.57,1353,2020
SZ,301507,1.07,1353,4382
SZ,301601,-0.61,1352,2248
SZ,000610,-0.17,1342,1349
SZ,300670,2.76,1339,1889
SZ,002494,1.09,1333,1754
SZ,920682,-0.16,1332,2297
SZ,920200,0.27,1329,3043
SH,603391,8.22,1324,5296
SZ,300594,-0.06,1324,1337
SZ,301298,1.83,1323,1795
SZ,920837,0.42,1321,1475
SZ,001239,0.17,1318,2774
SZ,920533,0.56,1316,2354
SH,688806,8.18,1316,11877
SZ,001278,2.54,1310,1899
SZ,002883,-1.49,1306,1330
SZ,300994,1.18,1305,2608
SH,688592,4.03,1300,2728
SZ,300865,1.35,1299,2161
SZ,920207,5.54,1298,2125
SZ,920821,3.43,1296,2461
SZ,301131,2.01,1289,1799
SZ,920130,5.84,1289,2075
SZ,301126,1.52,1286,1916
SH,603293,0.99,1286,6564
SZ,920701,1.67,1282,1755
SZ,001277,0.18,1279,2134
SZ,001358,2.33,1277,3087
SZ,301288,2.9,1276,1764
SZ,300126,-0.48,1274,1839
SZ,920790,4.41,1274,1851
SZ,301559,5.05,1273,8484
SZ,301329,2.29,1271,3275
SH,688217,4.76,1266,1266
SZ,300828,1.63,1266,2496
SZ,301097,2.93,1264,2634
SH,688576,2.23,1261,2640
SZ,301233,1.81,1260,2297
SZ,301163,2.6,1254,1869
SZ,920046,2.86,1249,2259
SH,688089,0.81,1248,1248
SZ,002888,5.25,1246,2455
SZ,301515,3.71,1246,1844
SZ,301469,0,1245,2420
SZ,920523,1.12,1243,1554
SZ,920119,-0.12,1242,4719
SH,603207,0.67,1237,3641
SZ,301503,2.44,1236,2230
SH,600543,0,1236,1236
SZ,003003,0.38,1235,1852
SZ,301501,0.04,1231,4187
SZ,300430,0.64,1229,1292
SZ,301272,2.41,1227,1939
SH,688712,1.57,1225,13765
SH,603352,0.04,1225,6125
SZ,001326,8.6,1225,3733
SZ,920083,3.15,1222,2869
SH,603350,0.62,1219,3218
SZ,301591,3.26,1218,2981
SZ,301378,7.41,1217,2561
SZ,301295,7.18,1216,4169
SZ,300823,1.49,1211,1870
SZ,920225,-0.67,1209,1853
SH,603344,1.09,1205,4338
SZ,920237,0,1202,1225
SH,688790,1.59,1202,9435
SZ,301001,2.76,1200,1909
SZ,920425,0.49,1200,1457
SZ,300405,2.62,1199,1558
SZ,920274,0.27,1198,1198
SZ,920403,-2.32,1197,2012
SZ,920039,0.52,1195,1195
SZ,920284,2.84,1191,1861
SZ,002830,2.65,1188,2379
SZ,300517,0.32,1188,1886
SZ,301300,2.69,1187,1975
SZ,301584,0.5,1187,9306
SZ,301372,6.36,1184,1973
SZ,300535,2.89,1184,1561
SZ,920211,2.37,1183,3509
SH,600365,0.37,1171,1244
SZ,000820,1.81,1170,2547
SZ,920304,0.35,1165,1448
SH,688130,3.22,1161,2328
SH,603370,0.06,1159,5796
SZ,002514,4.5,1158,1505
SZ,920089,-0.18,1157,2031
SZ,300915,0.4,1152,2519
SZ,301083,2.99,1151,2392
SZ,920033,0.87,1149,1652
SZ,301502,5.69,1148,2778
SZ,920171,2.17,1148,1701
SZ,300713,1.26,1146,2036
SZ,300851,1.93,1146,2019
SZ,301632,-0.31,1146,6546
SZ,300899,1.49,1145,1783
SZ,001336,3.68,1143,1857
SZ,301157,3.44,1136,3301
SZ,301359,2.44,1133,1914
SZ,001373,2.27,1133,1855
SZ,301491,0.2,1132,5108
SZ,300930,1.39,1131,2400
SZ,920273,-0.35,1130,1698
SZ,920249,3.2,1127,3812
SH,688184,1.77,1126,1798
SZ,920099,1.26,1126,1820
SH,603276,1.16,1121,3084
SZ,001382,0.91,1119,7317
SZ,301446,1.98,1116,3651
SZ,301113,2.11,1112,1836
SZ,920981,5.69,1107,2202
SZ,301006,0.92,1103,1833
SZ,002872,1.39,1100,1628
SZ,920807,1.83,1098,1617
SZ,920489,2.51,1098,1726
SZ,300152,2.67,1098,1098
SZ,920566,0.72,1098,1411
SZ,920152,0.38,1096,1470
SH,688671,7.66,1092,1831
SZ,920396,-4.15,1088,1531
SZ,301516,3.62,1084,4337
SZ,920592,3.16,1083,1740
SZ,301539,0.56,1082,2133
SH,603004,0.55,1080,4319
SH,688651,3.5,1070,2333
SZ,300949,0.7,1067,1866
SZ,300886,1.17,1060,1686
SH,603334,-1.41,1058,4771
SZ,001379,1.09,1057,3142
SZ,920932,2.63,1053,1273
SZ,300804,0.37,1049,2822
SZ,300958,0.26,1046,1801
SZ,920001,0.69,1045,1782
SZ,920985,-0.83,1040,1467
SZ,300338,3.85,1039,1196
SH,688695,1.52,1035,1648
SZ,301418,1.83,1034,2575
SZ,920199,3.15,1032,1853
SZ,920184,1.32,1030,1517
SZ,920885,1.67,1027,1982
SZ,920642,1.08,1025,1063
SH,603359,-0.42,1022,1022
SZ,001312,-0.66,1021,4167
SZ,920429,1.02,1014,1112
SH,603729,0.27,1011,1011
SZ,920167,-0.7,1009,1698
SZ,920062,0.26,1006,1429
SH,688701,0.95,1003,1003
SH,603406,-0.64,1003,10940
SZ,920792,0.1,999,1627
SZ,920419,-1.05,996,1064
SZ,001279,-0.11,996,3982
SZ,920526,3.78,993,1568
SZ,920357,3.15,990,1638
SZ,920018,-2.65,989,2849
SZ,301513,1.74,989,4910
SZ,001231,1.2,987,1931
SZ,920924,11.03,987,1620
SZ,920270,-0.07,986,1269
SZ,301616,0.81,986,2776
SZ,920092,29.99,984,1889
SZ,920415,2.14,983,1276
SZ,920575,-4.92,979,1464
SZ,920124,0.55,977,1898
SZ,920690,2.17,977,1503
SZ,002719,-2.11,971,1045
SH,688816,0.26,967,5016
SZ,920651,4.58,965,1419
SZ,301577,2.56,953,2277
SZ,301192,0.26,949,1952
SZ,920098,-0.4,943,1385
SZ,301668,-0.96,943,4263
SH,603409,0.69,940,3275
SZ,920496,-0.76,940,1073
SZ,920100,0.35,939,3542
SH,603190,-0.73,933,2825
SZ,920169,3.68,931,1480
SZ,920436,0.58,923,983
SZ,301105,2.69,922,2326
SZ,920206,1.8,918,2387
SZ,920786,-1.03,915,1386
SZ,301386,2.69,909,2829
SZ,301459,2.95,902,3597
SZ,300904,0.1,901,2990
SZ,300417,2.28,900,1449
SZ,920223,0,900,1733
SZ,920028,-0.13,897,2270
SZ,920873,0.4,893,1143
SZ,920726,-1.29,890,1612
SZ,920020,-0.67,889,3597
SZ,920227,3.96,888,1951
SZ,920012,4.54,885,2262
SZ,920505,1.87,884,1590
SZ,920694,1.44,880,1852
SZ,301519,0.52,874,1857
SH,603205,0.28,874,3298
SZ,920770,-0.92,869,1381
SZ,920195,-0.48,865,1199
SZ,920541,0.63,865,1312
SZ,001225,0.22,864,2694
SZ,920220,0.14,863,2755
SZ,301037,4.04,858,1755
SZ,920670,2.23,856,1364
SH,688638,1.44,855,1809
SZ,920748,-0.59,853,1777
SH,688573,3.43,850,1562
SZ,301598,1.23,849,2849
SZ,920266,2.14,848,888
SZ,301399,1.44,847,2866
SZ,301170,1.13,847,2228
SZ,920161,3.62,846,3117
SZ,920156,-0.12,843,4045
SZ,920693,0.74,842,1671
SH,603376,0.34,838,10476
SZ,920275,-0.15,831,1004
SZ,920122,0.87,827,2040
SH,603073,2.79,824,1879
SZ,920926,0.1,823,907
SZ,301049,0.89,821,1807
SZ,920000,0.21,819,1304
SZ,920855,0.74,818,912
SZ,920027,-0.34,816,1167
SZ,920433,0.63,809,1223
SZ,001335,2.38,802,2942
SZ,301449,-0.58,801,3558
SH,603075,1.62,799,7581
SZ,920221,0.31,798,1533
SZ,920378,-0.55,793,1107
SZ,920519,0,793,892
SZ,920976,-0.82,792,1274
SZ,920556,-0.14,791,1092
SH,603273,-0.83,790,3038
SZ,920193,1,789,3486
SZ,001306,1.18,786,3190
SZ,920663,-0.23,785,1636
SZ,001396,1.05,785,3693
SZ,920006,1.36,781,1475
SZ,920260,0.38,778,815
SZ,920974,0.17,777,991
SZ,920685,9.6,772,1212
SZ,920299,0.96,764,1517
SZ,920689,-0.78,763,1477
SZ,920832,0,756,846
SZ,920058,-1.01,751,1526
SZ,920395,0.28,749,1088
SZ,920833,-0.22,749,990
SZ,920639,-0.94,740,1256
SZ,920263,1.13,737,1016
SZ,920078,2,735,2261
SZ,920943,2.1,732,1434
SZ,301552,0.81,731,2924
SZ,920242,-0.64,731,1306
SZ,920870,0.18,727,1475
SZ,920363,1.48,726,1276
SZ,301533,-0.26,725,2506
SZ,301429,0.24,723,1942
SZ,920768,0.75,723,1046
SH,603284,-0.45,722,2949
SZ,301314,4.37,720,2180
SZ,001325,-0.29,712,2848
SZ,920564,3.36,712,1547
SZ,920370,-0.36,711,814
SZ,920445,-1.8,704,966
SZ,920781,-3.46,703,903
SZ,920720,0.64,701,2509
SZ,301567,1.63,700,2374
SZ,920942,0.3,699,1033
SZ,001220,-0.68,699,2796
SZ,301353,1.06,698,2172
SZ,920181,2.77,692,2983
SZ,920123,0.28,690,1185
SZ,920163,1.53,684,1450
SZ,920706,-0.34,683,1355
SZ,920478,3.98,682,1122
SZ,920081,0.43,679,2884
SZ,920547,0.9,678,1394
SZ,920245,0.79,678,880
SZ,920925,-0.48,677,1207
SZ,920634,0.67,674,1063
SZ,920008,1.02,674,1261
SZ,920346,1.56,674,1211
SZ,920866,0,670,1058
SZ,300784,1.74,667,2232
SZ,920079,-0.66,664,6141
SZ,301575,-0.25,664,3304
SZ,301578,0.36,663,2332
SZ,920187,-0.74,662,1803
SZ,920964,-0.66,657,1162
SZ,920061,0.3,656,1179
SZ,920627,0.07,655,1322
SZ,920579,0.82,654,1899
SZ,920101,-0.41,652,2089
SZ,920608,0.15,651,840
SZ,920108,-0.21,649,1533
SZ,920065,4.38,646,3702
SZ,920765,0.08,643,1058
SZ,920422,0,640,855
SZ,920300,0.52,637,822
SZ,920876,3.18,637,1041
SZ,920175,-0.11,637,956
SZ,920527,1.34,633,817
SZ,920204,0.08,628,1184
SZ,920570,-0.32,625,1229
SZ,920553,0,619,948
SZ,920278,-0.15,615,1087
SZ,920118,0.31,610,1006
SZ,920014,1.47,600,1091
SZ,920578,1.38,598,1288
SZ,301287,0.88,587,2296
SZ,920176,4.12,586,4337
SZ,920471,0.73,585,919
SZ,920856,3.97,584,1046
SZ,920719,-0.63,581,728
SZ,920641,1.35,580,961
SZ,920086,-0.69,579,1770
SZ,920580,0.38,579,909
SZ,920675,0.83,578,1260
SZ,920469,0.54,575,784
SZ,920992,1.47,575,1135
SZ,920057,-0.39,573,892
SZ,920679,0.86,568,853
SZ,920455,-0.67,566,1033
SZ,920112,0.56,566,1930
SH,688121,2.58,563,649
SZ,920096,1.33,557,2372
SZ,920906,-0.05,556,1084
SZ,920075,2.28,553,1020
SZ,920810,-1.99,552,848
SZ,920090,-1.07,548,734
SZ,920665,0.95,547,1109
SZ,920146,0,546,679
SZ,920271,0.21,544,1230
SZ,920198,1.72,541,1239
SZ,920454,-1.61,537,1147
SZ,920117,1.15,535,2376
SZ,920896,0.25,535,1219
SZ,920005,1.85,532,2053
SZ,920262,0.52,526,1130
SZ,920834,0,519,992
SZ,920729,0.3,511,1801
SZ,920056,0.49,506,1340
SZ,920662,2.86,506,1639
SZ,920703,-0.51,506,1432
SZ,920149,-0.12,504,610
SZ,920030,0,501,796
SZ,920023,-1.05,500,609
SZ,920050,-0.96,499,1865
SZ,920508,1.17,499,938
SZ,920069,0.27,498,1783
SZ,920753,0.27,494,1230
SZ,920826,0.13,492,1106
SZ,920392,0.15,492,1047
SZ,920258,-13.09,492,5464
SZ,920160,0.47,491,2181
SZ,920212,0.96,487,1002
SZ,920080,0.95,486,1757
SZ,920230,0.59,484,1029
SZ,920267,3.68,482,842
SZ,920145,-0.3,477,689
SZ,920082,-0.11,474,1685
SZ,920407,-0.47,472,1159
SZ,920779,0.04,471,1882
SZ,920076,0.16,465,1478
SZ,920166,0.46,464,1469
SZ,920414,-0.6,459,652
SZ,920126,-0.47,458,1909
SZ,920950,0.31,455,935
SZ,002731,0.51,452,505
SZ,920718,1.78,452,881
SZ,920177,-0.32,452,1275
SZ,920351,-0.52,450,995
SZ,920168,0.31,450,1200
SZ,920656,1.02,448,1383
SZ,920091,0.73,441,1870
SZ,920158,0.37,440,1645
SZ,920016,0.47,436,981
SZ,920427,0.83,434,878
SZ,920128,1.48,434,1448
SZ,920188,0.7,428,1793
SZ,920136,0.25,426,1624
SZ,920180,1.8,423,1401
SZ,920110,0.12,421,1010
SZ,920055,0.29,419,1860
SZ,920970,-0.49,418,661
SZ,920036,5.96,413,1721
SZ,920957,1.31,396,995
SZ,920159,-0.46,396,2089
SZ,920072,1.56,386,2046
SZ,920007,-0.41,383,1601
SZ,920802,0.38,380,861
SZ,920895,0.86,370,727
SZ,920035,0.73,368,1624
SZ,920717,-0.83,367,951
SZ,920218,0.95,359,1594
SZ,920009,0.37,358,2754
SZ,920011,0.16,358,1591
SZ,920191,0.23,352,1563
SZ,920183,-0.06,333,1447
SZ,920066,0.42,331,1048
SZ,920121,-0.53,330,1827
SZ,920222,-0.83,327,2420
SZ,920003,0.12,324,1509
SZ,920022,-0.41,318,1153
SZ,301139,6.6,308,491
SZ,920132,-1.17,306,901
SZ,920504,0.3,288,731
SZ,920931,-0.5,278,907
SH,688496,-2.14,217,410
