SH,601288,-0.76,2059125,2257391
SH,601398,-0.65,2027484,2680175
SH,601857,1.4,1753616,1982117
SZ,300750,-0.13,1650611,1792644
SH,600519,-0.03,1635107,1635107
SH,601138,0.5,1361503,1361503
SH,601988,-0.34,1216117,1859166
SZ,300308,1.78,1078850,1136970
SH,600036,-0.4,800609,978782
SH,601628,-0.33,791711,1074624
SH,601088,0.25,726925,956070
SH,688256,-0.95,726922,726922
SH,601899,1.07,718385,927218
SH,688041,0.68,681124,681124
SH,600900,-0.35,676546,676546
SZ,000333,-0.49,584406,647559
SH,601318,-0.29,568608,965862
SZ,002371,0.47,540932,541364
SZ,300502,1.84,538873,599028
SH,601728,-0.94,484410,571005
SZ,002475,1.95,417456,440264
SH,601166,-0.69,388338,388338
SH,603993,2.36,364059,446071
SH,601658,-0.19,359738,595671
SH,600030,0,339969,436230
SH,600276,1.29,336684,350311
SZ,002415,-1.33,334253,338642
SH,600183,7.08,328625,330976
SZ,002594,-0.86,309158,808422
SH,600000,-0.74,307080,307080
SH,601998,-0.92,304907,416226
SZ,000858,-0.46,287737,287744
SZ,002384,4.54,271996,359361
SH,603986,5.45,271394,284894
SH,600150,0.86,264902,264902
SZ,300059,-1.09,264262,313121
SH,601319,-0.69,250969,312664
SH,688981,0.48,249445,1067992
SZ,300394,1.65,249241,249799
SH,601816,-0.38,247564,247564
SZ,002916,4.83,246711,252781
SH,688008,2.33,244075,260231
SH,601225,1,243635,243635
SH,601211,0.84,243079,317495
SH,600309,1.57,238385,238385
SZ,002463,4.43,235333,235523
SZ,300476,7.52,232703,264330
SH,688825,-1.22,231096,3432327
SZ,300408,-2.7,231033,245620
SZ,002938,5.82,229488,230155
SZ,000651,-0.19,221819,225008
SZ,000001,-0.79,216955,216958
SH,601601,-0.43,215824,303329
SH,600919,-0.76,213976,213976
SZ,000725,-0.66,209373,219302
SZ,002142,-0.71,207948,208079
SH,603288,-0.89,201377,211925
SH,688072,1.17,195055,200566
SH,600406,-0.9,191796,192361
SH,601668,-0.65,187595,187595
SH,600025,-0.4,180908,180908
SZ,300760,-0.47,180535,180690
SH,601328,-0.57,179900,609710
SZ,300433,3.27,178710,189824
SH,600989,0.38,172774,172774
SH,601066,-0.38,167913,200511
SH,600031,0.15,167708,181969
SH,688498,2.33,167625,169819
SH,600176,3.48,167601,168932
SZ,300274,-1.63,166611,217584
SH,601985,-0.44,165984,180793
SH,600887,-0.64,164586,165408
SH,600111,7.28,162533,162533
SZ,002352,-1,160194,175756
SZ,300124,1.45,155007,174126
SZ,003816,-0.75,154587,198460
SZ,002281,8.21,149324,157208
SZ,000338,1.19,147354,256874
SH,601872,1.57,146634,146634
SH,600809,-0.88,144602,144602
SH,600487,4.47,143931,144679
SH,601766,-0.83,143047,168749
SZ,002050,-0.43,142253,162177
SH,601688,-0.45,141751,175121
SH,601818,-0.64,141077,179620
SZ,000408,3.04,140307,140308
SZ,000063,0.26,140121,166419
SH,601100,-0.66,139982,139982
SH,601009,-0.43,138843,138843
SH,600690,-0.53,137567,206308
SH,601869,2.72,137013,279161
SZ,300604,-0.18,136073,179472
SH,600584,-0.08,135638,135638
SH,600999,1.11,135080,158277
SH,688082,0.9,134449,135909
SH,603256,2.35,133930,137714
SH,600050,-1.59,133569,134750
SH,601229,-0.53,131434,131434
SZ,301165,-1.78,130351,130351
SH,601600,1.46,128733,167261
SH,603019,0,128442,128447
SZ,000568,-0.58,127247,127319
SH,601898,-2.1,127213,184295
SZ,002714,0.08,125971,221683
SH,601336,0,125898,188327
SH,600188,-0.88,125665,211577
SZ,002493,2.36,125597,134358
SH,600346,2.01,125296,125296
SH,688506,-0.03,124630,124630
SH,600016,-0.56,124117,153238
SH,600489,1.47,123510,123510
SH,688120,1.5,123207,123207
SH,688111,-0.59,123191,123191
SZ,000776,0.1,122332,162131
SZ,300857,-0.89,120668,121289
SH,600018,-0.18,120650,120823
SH,688361,-0.9,120356,120356
SH,600104,-0.56,120126,120126
SH,600760,-0.97,119492,119719
SZ,301200,3.12,118089,135797
SH,600926,-0.3,116926,116926
SH,600160,-2.04,115927,115927
SH,688521,0,114197,114197
SZ,300014,-0.66,113588,116858
SH,601698,-0.4,113551,113551
SH,600522,2.35,112798,112798
SH,688525,2.17,112233,112233
SH,600660,-0.13,112107,146067
SZ,300442,-0.8,111656,111985
SZ,000977,-1.49,110951,111076
SH,600547,0.63,108975,138989
SH,600905,-0.78,107775,107775
SH,603501,-0.54,107613,112137
SH,601888,-0.87,107523,114424
SZ,000938,-1.1,107310,107310
SH,600089,0,107018,107018
SZ,301308,3.23,106591,159993
SH,605117,-0.09,106213,106213
SH,601169,-0.39,105926,105926
SZ,000988,1.94,105534,105588
SH,688347,-0.39,104816,446700
SZ,300033,-0.56,104171,178835
SH,600015,-1.02,103710,107267
SZ,000166,-0.43,101860,113181
SH,601995,-1.02,101008,166782
SH,600362,4.48,100276,167319
SH,600673,2.36,98841,99105
SH,601012,1.65,98136,98136
SZ,002736,-0.09,97374,103749
SZ,002028,-1.07,97008,124288
SZ,000100,-0.82,96166,99428
SH,601939,-0.98,96033,2618620
SH,688183,5.67,95770,95770
SH,600893,-1.16,94585,94602
SZ,000807,2.18,94466,94467
SZ,002230,-1.96,93774,102857
SZ,002602,-0.78,93456,101347
SH,600938,0.9,93408,1484836
SZ,000657,2.8,93384,146400
SZ,002001,0.92,93322,94446
SH,603228,10,93233,95064
SZ,002008,1.68,92611,99666
SZ,002156,-0.15,92352,92361
SH,688271,-0.22,91275,91275
SZ,002600,-0.54,91224,102884
SH,601390,-0.44,90848,109655
SZ,002080,4.37,90233,90233
SH,601881,-0.47,89674,135368
SZ,301217,9.09,89534,89534
SZ,000538,-0.48,89427,89998
SH,600795,-0.39,89178,89178
SH,600549,-1.68,87797,89699
SH,601127,-2.37,86814,97116
SZ,002648,1.54,86721,86776
SH,601689,-0.23,86284,86284
SZ,000301,1.01,86107,86144
SH,601727,-1.3,85660,105517
SH,600236,-1.63,85051,85051
SH,603893,-1.64,84431,84441
SH,601868,0,83990,114582
SZ,000895,-5.03,83487,83498
SH,600436,-0.45,81544,81544
SH,605499,-0.43,81365,88368
SH,603799,3.84,81148,81403
SH,688249,1.21,80645,89328
SZ,001289,-0.55,80469,133423
SZ,300498,-0.36,80269,89828
SH,688777,-3.26,79570,79973
SH,688396,1.4,78750,78750
SH,688200,-1.19,78373,78373
SH,688702,-1.51,77965,157473
SH,601825,-0.95,77620,79856
SZ,300757,1.3,77544,79949
SH,600118,0.31,77489,77489
SH,601991,-0.63,76980,114927
SZ,002311,-2.97,76350,76424
SH,600011,-1.13,76214,108788
SH,601838,-0.27,75953,75953
SH,688002,3.1,75437,75437
SH,601958,1.66,75019,75019
SZ,000630,2.44,74992,90246
SZ,000425,-1.06,74975,97554
SZ,002179,2.22,74297,74433
SZ,002241,-0.2,73578,83088
SH,600039,-1.16,73391,73391
SZ,002027,-1.16,73366,73366
SH,600674,-0.39,72875,72875
SH,688126,-0.96,72843,84708
SH,603195,-1.02,72655,72787
SH,600010,2.67,72345,104472
SZ,002202,4.09,71979,90389
SZ,300620,5.02,71541,72143
SH,601179,-0.85,71301,71301
SH,601800,-0.81,71158,98418
SH,600066,-0.7,71067,71067
SH,601186,-0.64,70860,83650
SZ,000708,-0.56,70761,70761
SH,601111,-0.81,70760,124595
SH,600703,3.43,70744,70744
SH,600585,-0.55,70401,93404
SZ,002466,0.47,69949,81207
SZ,300475,1.6,69769,72793
SZ,300015,-1.25,68591,80162
SZ,000426,2.66,68487,68504
SH,600988,-0.57,68320,78031
SH,600958,-0.1,67898,77235
SH,688629,-0.17,67641,68707
SH,600026,1.2,67641,96676
SZ,000703,2.33,66922,67259
SH,601360,-3.34,66706,66706
SH,600482,1.31,66686,66686
SZ,000975,3.18,66285,72834
SH,601231,0.69,66197,66197
SZ,000636,-1.88,66158,66158
SH,600023,-0.8,65971,65971
SZ,001309,2.91,65939,90638
SH,600415,-1.71,65912,65912
SH,688036,-0.55,65710,65710
SH,601018,-0.29,65561,65561
SZ,300661,2.16,65321,74411
SZ,002625,-1,65240,65241
SZ,000960,0.82,65110,65110
SH,688172,0.43,64984,77391
SZ,001965,-0.41,64418,64418
SZ,002428,8.12,64239,64247
SH,600233,-0.15,63926,63926
SH,603296,-1.53,63872,121266
SH,688585,-3.41,63844,63844
SH,688519,4.52,63821,63821
SZ,002460,0.46,63565,110035
SZ,000021,0.85,63360,63368
SH,601669,-0.2,62743,82686
SH,600115,-1.59,62652,81283
SH,601916,-1.01,62479,79647
SH,600048,-1.13,62366,62366
SZ,002128,-0.49,61980,86447
SZ,002837,2.97,61610,69452
SH,688017,0,61601,61601
SH,600875,-0.65,61405,93825
SZ,300759,8.79,61175,79150
SH,688037,0.23,61067,61067
SZ,001979,-1.71,60935,61940
SZ,002304,-1.38,60723,60725
SZ,002851,1.63,60615,72120
SZ,002595,-0.33,60606,61028
SZ,000933,2.28,60550,60588
SZ,000625,-1.21,60268,72265
SZ,002064,2.45,59969,60096
SH,603156,3.33,59876,59876
SZ,300285,-0.29,59135,69115
SZ,300223,2.29,59096,67781
SH,600009,-0.62,58980,59172
SH,688141,0,58857,58857
SZ,002709,-0.81,58746,79361
SH,600426,0.38,58594,58601
SH,600438,5.69,58571,58571
SZ,002185,2.09,58545,58559
SZ,300054,1.24,57869,74212
SH,688409,2.68,57791,57791
SH,601901,-0.42,57707,57707
SZ,002422,4.52,57697,70678
SH,688766,3.52,57697,57697
SZ,000768,-0.85,57333,57420
SH,601077,-0.14,57183,73480
SH,601233,3.08,57158,57263
SZ,300765,1.52,57041,57041
SH,601788,-0.4,56999,67271
SH,600221,-0.74,56985,57477
SZ,002532,2.16,56223,63367
SH,688019,0.73,56219,56219
SH,600105,0.18,56214,56214
SZ,002049,-0.64,55705,55712
SH,600580,-2,55296,55455
SZ,300666,4.27,55016,68664
SH,688313,2.48,55002,55002
SH,600219,1.27,54892,54892
SZ,300136,1.58,54802,64256
SH,600096,0.13,54799,54799
SZ,002558,-1.6,54717,54717
SH,600372,-1.13,54534,54534
SH,601877,-0.66,54197,54197
SZ,002920,-2.99,53994,54011
SH,688630,4.29,53941,59987
SH,600885,-2.04,53887,53887
SZ,002484,0.57,53708,55675
SH,601059,-0.47,53704,53704
SZ,300450,-0.22,53675,57627
SH,600803,0.12,53417,53825
SH,600879,-0.49,52690,52690
SH,600497,1.16,52622,52622
SH,600460,1.41,52585,52585
SH,600350,0.37,52455,52455
SH,600601,6.75,52087,53379
SH,603659,0.04,51482,51482
SZ,301269,-0.63,51391,51391
SZ,301526,3.95,51387,137976
SZ,300058,-3.77,51334,52992
SZ,000157,-0.27,51255,62702
SZ,300373,0.14,51048,51162
SH,600418,-3.83,50931,52567
SZ,300316,1.45,50913,54136
SZ,300548,1.14,50883,50986
SH,601377,-0.84,50607,50607
SZ,300418,-1.97,50574,55295
SZ,001872,-0.44,50534,54483
SH,688578,1.25,50445,50445
SH,688110,1.75,50369,50369
SZ,300803,-1.34,50364,50735
SH,600741,-0.49,50191,50191
SH,600895,-1.34,49961,49961
SZ,002436,3.52,49545,55477
SZ,301358,-0.62,49483,54882
SZ,000783,0.11,49439,49439
SH,688469,1.69,49306,70415
SH,600498,1.98,49008,52344
SH,688048,3.28,48756,48756
SH,601699,0.06,48610,48610
SH,600196,0.66,48535,61180
SH,688432,2.22,48374,48374
SH,601298,-0.1,48097,57901
SZ,300567,1.63,47996,59136
SZ,002074,-1,47535,49669
SH,601117,-0.89,47183,47318
SH,601618,-0.37,46774,54212
SZ,000066,-1.89,46609,46613
SH,688147,2.17,46483,46483
SH,600726,-1.75,45973,48630
SH,601607,0.06,45855,60965
SZ,002414,0,45847,57612
SZ,002636,5.38,45791,46024
SH,688223,0.23,45596,45596
SH,603129,0.65,45489,45489
SH,603629,2.66,45372,46127
SH,600377,0.25,45322,60050
SH,601021,-1.15,44866,44866
SH,601058,-0.65,44850,44850
SH,600930,-1.18,44692,173531
SH,688146,-0.06,44621,162948
SH,601198,-0.57,44478,44478
SH,688331,4.57,44345,70334
SH,688047,-1.38,44110,44110
SZ,301377,4.08,44039,188895
SZ,002812,-0.57,43919,52393
SZ,002203,2.86,43734,45308
SH,601208,3.45,43640,43640
SH,600985,-1.99,43550,43550
SH,603268,3.11,43289,189064
SH,601878,0,43177,43177
SH,688220,-0.52,43148,43148
SH,600027,-0.63,42945,54111
SH,603083,1.97,42939,57377
SH,688188,-1.09,42717,42717
SH,688187,0,42629,65284
SH,600570,-2.88,42607,42607
SH,688009,0,42588,52314
SH,688808,4.48,42237,224724
SH,600392,6.4,42226,42226
SH,600352,-1.14,42131,42131
SZ,300395,0.33,42080,43162
SH,600143,-1.41,41946,42559
SH,603260,1.03,41933,41933
SH,605376,-2.49,41783,41783
SH,688627,1.42,41690,41690
SZ,000999,-0.23,41418,41456
SH,600021,-0.8,41340,41340
SH,688303,3.37,41156,41156
SH,688728,-0.24,41087,41115
SH,600909,0.12,40746,40746
SH,600061,-0.77,40730,40730
SH,688099,-2.74,40643,40643
SH,600642,-0.83,40521,40523
SZ,300390,0.71,40309,49812
SH,600206,8.52,40228,40228
SH,601212,-0.17,40208,40208
SH,600995,-0.78,40206,40206
SH,603699,2.41,40204,41113
SH,600667,0.05,40116,40116
SZ,002236,-1.64,40027,54727
SH,603806,1.8,39940,39940
SH,601136,-0.87,39797,39797
SZ,300979,-0.95,39783,39783
SZ,002945,-0.46,39690,39690
SZ,000811,0.4,39596,40166
SH,600588,-3.58,39500,39500
SH,600968,-0.25,39441,39441
SH,688336,2.79,39326,39326
SH,600578,-0.16,39230,39230
SZ,002155,-0.19,39219,39223
SH,603379,-2.39,39174,39174
SZ,000893,0.06,39137,44549
SH,601108,-0.11,39101,39101
SH,601456,-0.55,39043,50671
SZ,002407,-0.05,38911,42939
SH,601216,-0.42,38899,38899
SZ,002294,2.51,38675,38684
SZ,000987,-0.51,38603,38632
SH,601777,-1.26,38520,38520
SZ,000559,-1.52,38513,38524
SZ,003031,1.03,38407,50928
SZ,002078,-0.49,38400,39473
SH,603650,0.26,38301,38393
SH,603087,0.01,38277,40785
SH,601238,-1.51,38248,52821
SH,601665,-0.47,38215,38215
SH,688295,-4.33,37872,37872
SZ,002195,-2.59,37795,38136
SZ,002738,0.28,37755,38730
SH,600600,-0.66,37726,72575
SZ,300919,0.64,37604,42938
SH,688433,3.47,37531,37531
SZ,002850,-0.1,37487,51196
SH,688472,0.78,37451,37451
SH,601577,-0.74,37272,37280
SZ,002138,0.02,37160,39098
SZ,002273,-0.54,37116,37783
SZ,000983,-2.39,36958,36958
SH,601126,0.27,36956,37315
SH,600901,-0.3,36943,36952
SZ,002653,2.58,36931,77050
SH,600141,-4.18,36845,36845
SZ,300346,0.45,36834,38808
SH,603392,-0.78,36629,36629
SZ,300001,0.6,36452,37306
SZ,000688,-0.41,36381,36382
SZ,002429,0.25,36330,36351
SH,600256,1.43,36243,36243
SZ,300037,-1.55,36235,49960
SZ,300972,-1.62,36142,39338
SH,600711,2.46,36098,36098
SH,601808,-0.32,36088,58166
SZ,001203,-0.28,36071,42344
SZ,000596,-2.15,36039,46623
SZ,002056,1.94,35913,35950
SZ,300017,2.92,35876,37835
SZ,002966,-0.6,35867,36481
SZ,300866,0.12,35503,67503
SH,601611,-1.99,35382,35382
SH,600298,0.02,35195,35633
SH,600869,1.41,35110,35110
SH,688322,0.36,35021,45143
SZ,002340,1.93,34923,35104
SZ,002444,0.13,34838,36288
SH,688300,5.97,34820,34820
SH,603298,0.49,34749,34749
SH,603929,-0.09,34603,34603
SZ,300672,12.04,34580,35692
SZ,300454,-4.82,34537,51753
SH,600177,0.39,34496,35416
SH,600157,-1.85,34472,34472
SH,688122,-0.98,34302,34302
SH,605589,2.43,34251,34270
SZ,000878,2.71,34162,41349
SZ,000423,-0.77,34126,34186
SZ,002432,2.52,34044,34089
SH,600085,-0.59,33848,33848
SH,605358,0.14,33622,33622
SH,600733,-0.17,33610,35401
SH,688775,-3.33,33587,51930
SH,688536,1.77,33569,34170
SZ,300782,-0.79,33520,42998
SH,600060,1.18,33492,33616
SZ,002517,-1,33475,37858
SH,603486,-0.25,33398,33703
SH,601598,0,33317,46342
SZ,302132,-1.82,33283,151748
SH,603369,-1.58,33227,33227
SH,600707,0.54,33114,33121
SH,688668,2.14,33003,33003
SH,603225,0.36,32970,33147
SH,601696,-0.24,32947,32947
SH,688027,-1.03,32844,42033
SZ,002032,-0.86,32755,32770
SH,601236,-0.7,32665,32665
SZ,002601,-0.96,32636,39149
SH,603308,-0.3,32540,32540
SZ,300751,-0.46,32512,47020
SZ,300251,-2.09,32333,34176
SZ,002126,-0.72,32291,34389
SH,688235,4.3,32282,432734
SZ,301236,-3.12,32104,42298
SZ,002252,-0.81,32019,32040
SZ,300832,-0.44,31922,36717
SZ,300748,4.29,31856,39035
SZ,300870,-2.39,31789,31793
SH,603568,0.06,31649,31649
SZ,000729,-0.54,31621,35514
SZ,301511,7.9,31619,53199
SZ,000728,-0.54,31463,31463
SH,600259,9.94,31433,31433
SZ,002378,-0.26,31432,31597
SZ,300207,-1.02,31399,33846
SH,600839,-1.72,31382,31390
SH,688025,4.15,31222,31222
SH,688676,-0.79,31178,31178
SH,688266,4.71,31103,31103
SZ,000002,-1.83,31094,38178
SZ,000876,-0.71,31050,31069
SH,601162,-1.36,31039,36367
SH,600801,0.35,30980,48004
SZ,002555,-1.45,30969,43161
SZ,002261,-2.03,30761,33818
SZ,000786,-1.83,30698,30930
SZ,000967,-2.55,30656,30669
SZ,000661,1.98,30626,31264
SZ,002131,-4.73,30562,35349
SZ,000800,-0.79,30460,30463
SH,600563,-1.55,30393,30393
SH,600348,-1.51,30375,30375
SZ,300489,8.28,30325,30437
SH,688213,2.04,30190,37543
SZ,000027,-0.62,30114,30114
SH,600562,-3.84,30103,30103
SH,600282,-1.6,30086,30086
SH,600871,0,30074,42085
SH,688362,0.78,29958,29958
SH,600332,-0.6,29889,34564
SH,603127,2.85,29867,35654
SZ,000060,1.97,29844,29845
SZ,002673,-0.88,29767,29767
SZ,002025,-0.89,29465,29475
SZ,002859,1.43,29460,31201
SZ,000958,-1.07,29447,100191
SH,600483,-1.02,29331,29331
SZ,002939,-0.84,29290,32800
SZ,300339,-2.65,29280,29985
SH,600699,-1.63,29211,32458
SZ,000629,0,29172,29174
SH,688568,-1.89,29139,29139
SH,600428,-0.91,29074,32625
SH,688385,0.94,28976,44250
SH,603198,-1.83,28960,28960
SH,688318,-1.94,28918,28918
SH,600398,-0.65,28913,28913
SH,600737,5.38,28896,28896
SH,688052,0.32,28846,32887
SH,600663,0.66,28780,45921
SH,688180,1.49,28747,38511
SZ,300347,2.06,28692,43611
SH,600517,-1.17,28649,28649
SZ,002240,0.77,28629,28704
SH,603766,-0.56,28606,28606
SH,688387,0,28598,48478
SH,603338,-0.5,28543,28543
SZ,301396,0.84,28482,43260
SH,601990,-0.73,28437,29565
SH,601933,-1.23,28382,28382
SZ,300558,9.22,28294,28384
SZ,002222,1.44,28281,28408
SH,688333,2.44,28255,28255
SH,688411,0.98,28222,38841
SZ,300628,-2.23,28135,49106
SH,600331,4.47,28001,36401
SH,601000,-0.41,27970,27970
SH,688169,1.8,27907,27907
SH,688102,3.47,27874,27955
SZ,000959,-1.05,27794,28926
SZ,300458,-1.01,27659,33754
SZ,002245,1.29,27650,29388
SZ,000737,2.48,27597,27599
SH,600079,0.39,27592,29184
SH,600777,-0.68,27565,29446
SH,603444,-0.39,27520,27520
SH,688167,1.3,27505,27505
SZ,002797,-1.05,27484,27484
SZ,002608,-0.67,27467,27467
SH,603823,-1.37,27430,27430
SH,600312,-1.21,27423,27423
SH,600369,-0.23,27378,27378
SZ,000962,0.76,27307,28625
SH,600499,-1.17,27291,27291
SZ,000981,-4.97,27208,28593
SH,688248,-0.43,27089,27089
SH,688297,-1.39,27081,27081
SH,600637,-1.82,27030,27030
SZ,300432,1.2,27017,27322
SH,600641,2.07,27016,27488
SH,603179,-2.74,26975,26975
SZ,000877,-1.29,26949,26949
SZ,002747,-1.11,26930,33312
SZ,000582,-0.55,26853,31338
SH,603061,0.15,26812,26812
SH,601799,-0.41,26788,26788
SH,603939,-1.81,26745,26745
SH,600536,-3.44,26693,29545
SZ,003022,0.5,26689,26711
SH,600330,-0.22,26642,26642
SH,600595,0.92,26492,26492
SH,688127,1.73,26477,26477
SZ,300570,-0.28,26423,31225
SH,600299,-1.49,26363,26363
SZ,002465,-0.64,26340,26382
SH,600515,-1.36,26335,32791
SZ,002487,-0.28,26272,30817
SZ,002180,-2.17,26199,27385
SH,688608,-3.32,26100,26100
SH,600732,0.16,26063,26186
SH,688065,0.11,26036,32191
SH,688018,-0.39,25918,25918
SZ,000739,5.17,25916,25926
SH,603688,0.44,25881,25881
SH,601615,-0.34,25872,25872
SH,688548,0.46,25803,49253
SH,600704,-0.99,25701,25701
SH,603920,1.08,25660,25660
SZ,000932,-0.52,25560,25560
SZ,300209,-0.86,25534,31917
SZ,002459,0.92,25528,25551
SZ,002015,-0.5,25437,25437
SH,600546,-2.94,25435,25435
SZ,300236,-0.68,25420,28599
SH,603067,1.14,25393,25393
SZ,002841,-2.65,25390,34050
SH,600521,2.92,25363,25363
SH,601069,-0.13,25338,26018
SZ,000951,-1.71,25320,25320
SZ,002456,-4.62,25280,26639
SH,600918,-0.89,25232,43788
SZ,002223,-0.88,25206,26816
SZ,001389,2.82,25185,78139
SH,600396,-1.43,25183,25183
SH,601918,0.1,25154,25154
SZ,300438,0.96,25135,31303
SZ,002152,-2.49,25119,25132
SH,600208,0,25099,25101
SH,603119,-0.98,25095,25095
SH,600862,-1.47,25075,25075
SZ,300814,4.41,25039,25039
SH,600998,0.2,25011,25011
SH,600153,-1.02,24994,24994
SH,688192,2.97,24906,25119
SZ,000547,0.06,24902,25048
SZ,300024,1.02,24777,24784
SH,601155,-1.52,24744,24744
SZ,300903,9.47,24741,30656
SH,600583,-0.17,24715,24715
SZ,002046,0.63,24696,24976
SH,603049,-0.64,24643,42675
SH,603345,-0.18,24596,27950
SH,601717,-0.68,24582,28459
SZ,000921,-1.07,24544,36796
SZ,000887,-1.21,24460,24500
SZ,001267,3.38,24415,31494
SZ,000830,-0.22,24412,24413
SH,600323,-1.12,24354,24354
SZ,000415,-0.65,24214,27769
SZ,300383,-1.24,24187,24232
SH,688195,3.29,24181,24181
SH,603160,-0.99,24105,24105
SH,600161,-0.56,24084,24084
SZ,000062,0.17,24064,24087
SH,600295,0.33,24063,34089
SZ,300255,1.24,24033,24070
SZ,000738,-0.64,23976,23976
SH,688475,-1.42,23964,23964
SH,605090,-0.34,23950,23974
SH,601399,-0.59,23949,23949
SH,600566,-3.87,23921,24002
SZ,001270,0.46,23909,24062
SZ,301018,0.89,23783,31473
SZ,301205,-0.03,23781,36940
SZ,920185,0.19,23766,24164
SH,600166,-1.31,23752,23752
SH,603596,-3.81,23743,23743
SH,688778,-0.44,23670,23670
SH,688820,0.46,23667,254977
SH,601928,-1.16,23617,23617
SZ,300677,1.69,23588,33170
SH,600100,-2.09,23452,23452
SZ,002430,-1.43,23451,23461
SH,688349,-0.72,23415,23820
SH,688403,-0.07,23397,23397
SH,600977,-0.55,23394,23394
SH,600246,-0.07,23252,23899
SZ,002244,-1.51,23246,26229
SH,600095,-1.08,23245,23245
SH,601866,-0.82,23208,31386
SH,601099,-1.44,23175,23175
SH,601118,1.5,23152,23152
SH,603663,-0.7,23151,23167
SZ,300811,0.44,23107,28152
SH,600535,-0.18,23096,23096
SH,601606,-2.41,23081,23081
SH,603678,-0.52,23074,23074
SH,688001,-0.76,22984,22984
SZ,000400,-1.04,22961,23041
SH,601228,-0.97,22860,22860
SZ,000733,-1.43,22823,22826
SH,605111,-0.59,22760,22760
SH,600388,0.96,22759,22759
SH,603730,-0.65,22732,22732
SZ,002603,1.29,22672,27517
SH,603605,-1.23,22642,22642
SZ,300496,-2.74,22599,28234
SH,689009,-2.87,22596,29574
SH,601567,-0.24,22596,22596
SZ,301536,1.19,22542,50783
SZ,002157,-0.68,22506,26733
SZ,002085,-0.74,22443,22443
SH,600353,2.19,22428,22428
SH,601128,-1.12,22400,22400
SH,603306,0.52,22356,22356
SH,600873,0.89,22350,22350
SH,600486,0.8,22347,22347
SH,601865,10.02,22337,27529
SH,600884,-3.25,22315,27307
SZ,002498,-1.89,22290,22290
SH,688425,-0.23,22187,22187
SZ,002271,-0.76,22170,27661
SH,601608,0,22165,22165
SZ,300738,-1.87,22160,22167
SH,688278,-0.54,22157,22157
SZ,002379,3.23,22125,253716
SZ,000155,0.08,22117,22117
SH,603881,-1.64,22051,22051
SH,601963,-1.18,22008,39231
SH,603565,-0.18,21988,21988
SZ,000750,-0.51,21968,24204
SH,600098,-0.47,21912,21912
SZ,000709,-0.92,21911,21915
SH,600390,-1.01,21906,21906
SH,688400,2.07,21891,22765
SZ,002396,-1.33,21685,21775
SH,600126,-2.72,21682,21682
SH,603728,-0.81,21673,21673
SH,603186,6.2,21646,21646
SH,601666,-1.78,21632,21632
SZ,002926,-0.35,21630,21630
SH,688205,1.38,21583,21583
SH,600550,-1.5,21583,21583
SZ,002364,0.18,21548,21759
SH,603588,0.86,21539,21539
SH,601106,-1.25,21533,21533
SH,688257,2.94,21533,21533
SZ,300083,8.11,21472,23957
SZ,000623,-0.32,21465,21550
SH,688819,-0.62,21464,21464
SH,688343,-1.61,21393,21393
SH,600685,-0.33,21382,36794
SZ,300474,-0.97,21368,27474
SZ,000598,0,21363,21366
SH,600598,-1.79,21297,21297
SH,601016,-1.67,21255,23037
SZ,300699,-1.25,21242,21499
SZ,000158,-3.25,21199,21342
SH,601677,0.71,21198,21198
SH,603077,-0.41,21108,21108
SZ,000034,-3.04,21050,25205
SH,603773,8.32,21034,21042
SZ,003035,-0.88,21023,21023
SH,600132,-1.29,21004,21004
SZ,002317,0.62,20998,23433
SZ,000564,-2.1,20982,25101
SZ,002895,0.29,20979,21201
SH,603005,-0.42,20974,20974
SZ,300073,-0.35,20973,22561
SH,600961,3.3,20945,29890
SZ,000603,0.32,20935,21665
SH,603290,1.22,20930,20930
SH,600329,0,20909,28393
SZ,002065,-3.48,20908,23047
SZ,300776,-0.15,20901,33247
SZ,002536,1.43,20900,22066
SZ,002423,-1.51,20898,20898
SH,600516,-0.57,20855,20855
SH,600008,-0.69,20847,20847
SZ,300896,-1.16,20731,30683
SH,600848,-0.45,20731,21845
SZ,002545,-1.44,20727,22816
SH,600765,-1.03,20695,20695
SZ,002468,0.57,20668,21431
SH,603337,-1.59,20638,21052
SH,688372,0.49,20618,20618
SZ,002007,-0.14,20613,23917
SH,603899,-1.01,20496,20496
SH,603737,-1.4,20479,20479
SH,601997,-0.88,20438,20438
SH,688114,-1.85,20358,20401
SZ,000009,5.33,20351,20376
SH,600170,-1.71,20349,20349
SZ,002624,-1.23,20343,21592
SZ,002335,-0.54,20333,23251
SZ,000519,0.21,20331,20331
SH,688502,1.58,20328,20328
SH,600970,-0.76,20319,20319
SZ,001896,1.45,20308,20308
SH,601858,-2.27,20300,20300
SH,603233,-0.49,20294,20294
SZ,002831,-2.67,20227,36486
SZ,300398,0.14,20206,20316
SZ,000683,-1.3,20165,22450
SZ,300762,-0.08,20151,20151
SZ,002299,-0.71,20119,20518
SZ,002948,-0.51,20112,33234
SZ,000825,-1.11,20108,20108
SH,603667,-0.64,20057,20985
SZ,300487,0.62,20006,33068
SZ,300003,0.16,20005,23356
SH,603516,-0.14,19955,19955
SZ,300821,-1.3,19833,19836
SH,688270,0.32,19831,19831
SZ,000029,-0.66,19831,22499
SH,600582,-0.82,19824,19824
SZ,300085,-2.49,19808,21468
SZ,300012,-1.28,19780,23257
SZ,002491,1.76,19776,20676
SH,601158,-0.23,19776,19776
SH,603816,-2.13,19761,19896
SZ,002130,-0.05,19751,24106
SH,688005,-0.96,19745,19745
SZ,300763,-0.61,19723,24329
SH,603876,2.76,19710,19710
SZ,000039,0.35,19631,45998
SH,603833,-2.47,19621,19621
SZ,300623,-0.22,19583,21235
SH,603115,-0.37,19476,19476
SH,603358,0.33,19473,19809
SZ,002497,0.66,19443,21150
SH,688123,1.58,19427,19427
SH,603236,-2.82,19390,19390
SZ,300088,-0.88,19287,19382
SZ,002461,-1.13,19278,19278
SZ,300142,0.33,19273,19544
SZ,002265,-0.52,19266,19266
SZ,301035,-0.98,19254,19282
SH,600967,-0.95,19247,19247
SH,601187,-0.94,19224,19266
SH,688097,-0.43,19206,19206
SH,601101,4.56,19152,19152
SH,600602,-1.75,19144,24372
SH,603530,-0.79,19103,19279
SZ,002500,-0.74,19098,19098
SH,688268,-1.17,19064,19064
SZ,002262,0.56,19045,21890
SH,603171,-5.55,19044,19066
SZ,002518,0.15,18978,19551
SZ,002318,-0.49,18880,19338
SZ,001337,-0.19,18866,18866
SH,688233,1,18853,18853
SZ,002683,1.4,18830,21467
SH,603618,2.72,18826,18826
SH,688208,-1.05,18826,18826
SZ,002149,0,18818,18821
SZ,000686,-0.49,18817,18817
SH,600339,0,18815,18815
SZ,000429,1.62,18794,30149
SH,688523,0.63,18794,18794
SZ,300456,-0.15,18784,23021
SH,600927,-1.96,18769,18769
SH,601098,-1.22,18750,18750
SZ,002120,-1.03,18692,19251
SH,600012,-0.11,18673,27372
SZ,002739,0,18634,18900
SH,688596,5.02,18629,18629
SZ,300843,-0.5,18594,18966
SH,603132,-1.08,18582,18582
SZ,002756,0,18580,25877
SH,600007,0.16,18574,18574
SH,603000,-3,18542,18542
SH,600131,-2.32,18513,18529
SZ,300257,0,18416,19167
SH,601139,-0.15,18411,18411
SH,600380,0.5,18404,18404
SH,600518,-0.74,18384,18392
SZ,300627,-1.05,18345,22152
SH,603950,-1.71,18331,18346
SZ,300747,-0.42,18321,19712
SZ,301171,-5.04,18309,22564
SH,600316,-2.1,18279,18279
SZ,000997,-3.09,18235,18337
SZ,002044,-2.08,18170,18358
SH,600114,2.83,18134,18575
SH,603658,-0.86,18131,18131
SZ,300122,-0.15,18075,30593
SZ,002670,-1.76,18068,21537
SH,601969,0.33,18048,18158
SH,688388,3.56,18042,18042
SZ,002389,-3.47,18011,18014
SH,600577,-0.97,18011,18011
SH,688281,-0.71,18008,18008
SZ,002270,-1.85,17987,17987
SH,600500,0,17977,17977
SH,688131,4.89,17976,17976
SH,601609,1.27,17961,17961
SZ,000969,0.64,17932,18090
SH,688700,3.48,17916,17916
SH,601636,0.17,17870,17870
SH,600606,-2.3,17849,17849
SZ,301297,0.03,17844,23454
SH,600629,-0.7,17799,17799
SH,688795,0.48,17797,276753
SH,600655,-0.86,17777,17783
SH,688503,0.18,17693,17693
SH,600226,1.54,17668,17668
SZ,000543,-0.63,17591,17591
SH,601975,0.54,17551,17551
SH,600038,-0.75,17546,21506
SZ,002552,10.01,17541,18468
SH,603529,-1.7,17528,17873
SZ,000937,-2.1,17524,18035
SH,605020,-1.38,17517,17792
SZ,300503,0.72,17515,22380
SH,600032,-1.08,17506,17506
SZ,300953,-1.28,17503,24351
SZ,000032,-1.43,17462,17462
SH,603638,-0.84,17455,17455
SZ,002192,0.48,17431,17467
SH,605198,2.39,17398,21492
SH,688692,-2.49,17340,26476
SZ,000591,-0.88,17331,17338
SH,600120,-0.97,17316,17316
SZ,000875,-1.14,17314,18789
SH,603871,-1.01,17292,17292
SZ,300170,-4.96,17278,18093
SZ,300102,0.27,17265,17348
SZ,002402,-1.26,17237,19447
SZ,001287,-0.25,17227,17227
SH,600664,9.97,17227,17227
SZ,000513,0.53,17209,26895
SH,601020,1.35,17203,17203
SH,688652,1.5,17195,23923
SH,600186,-0.82,17176,17211
SH,605196,0.71,17174,17296
SH,600754,-1.45,17124,20153
SZ,920438,-2.28,17106,17728
SH,688549,4.13,17090,42841
SZ,300888,-0.4,17074,17151
SZ,002145,-1.09,17053,17054
SH,603226,-0.67,17046,17046
SZ,000528,-0.23,17013,17036
SZ,300199,1.56,17012,20164
SZ,300724,-0.21,16972,20546
SH,603786,-1.61,16966,16966
SH,600956,-1.09,16953,32492
SH,688449,2.08,16947,26588
SH,600820,-0.73,16947,16947
SH,600110,2.63,16935,16935
SZ,000935,-2.07,16895,16895
SZ,002925,-0.29,16865,17802
SH,688392,5.56,16862,16862
SZ,300140,-1.26,16838,16859
SH,603733,0.39,16835,16835
SH,600552,1.2,16795,16795
SZ,300779,-1.98,16790,21974
SH,601333,-0.66,16787,21038
SZ,000970,2.38,16753,16753
SZ,300657,1.11,16707,17193
SH,600062,0.56,16705,16711
SZ,002237,0.36,16633,19948
SH,688582,-1.02,16604,16604
SH,601137,2.44,16563,16575
SZ,003021,-0.95,16484,21267
SH,600171,-0.76,16482,16482
SH,601369,-0.4,16448,16614
SZ,000766,-0.46,16432,16440
SH,688800,-2.71,16406,16406
SH,600179,-1.16,16376,17942
SZ,002958,-1.62,16373,16722
SH,603997,0.23,16361,16361
SH,601966,-1.05,16318,16318
SH,603858,0.26,16314,16314
SZ,300568,-2.38,16291,20156
SH,600739,-0.18,16289,16289
SH,601156,-0.74,16285,27369
SH,603002,2.21,16274,16274
SH,601519,-2.84,16271,16271
SZ,002957,0.54,16266,16316
SZ,000682,-1.13,16261,16263
SZ,002611,-0.05,16244,19696
SH,601326,-0.86,16223,19053
SZ,000898,-0.97,16154,19020
SZ,300660,-0.92,16144,16154
SZ,002913,4.9,16142,16773
SH,688390,0.02,16124,16124
SZ,300364,-3.2,16121,17783
SH,688772,-0.55,16118,16118
SZ,000050,-1.48,16100,16100
SH,688166,5.94,16081,16081
SZ,300413,-2.41,16051,29389
SZ,000506,4.85,16048,16053
SZ,300773,-4.34,16046,16962
SH,603355,-1.5,16038,16038
SH,688308,1.55,16037,16037
SZ,002171,0.71,16024,16116
SZ,300613,2.3,16011,16973
SH,688615,-2.7,16006,23181
SH,603938,1.19,16001,16001
SH,600763,-0.41,15986,15986
SH,600531,1.7,15950,15950
SH,600867,0.37,15943,15943
SH,688661,0.63,15897,15897
SH,688106,-0.89,15890,15890
SZ,300201,-0.12,15888,15973
SH,600528,-0.82,15884,15884
SH,601921,-0.82,15867,15867
SH,600435,-1.58,15865,15865
SZ,002312,-0.93,15843,15876
SZ,300260,-0.17,15763,22348
SH,600623,-1.51,15759,17804
SH,688520,0.77,15716,16598
SZ,300144,-1.29,15696,15862
SH,688150,3.17,15695,15695
SZ,001213,-0.55,15689,15689
SH,600459,0.15,15688,17001
SH,600750,-0.27,15677,15845
SZ,300676,-1.04,15668,15754
SH,600928,-0.83,15659,15733
SH,688690,1.68,15644,15644
SH,688380,-0.09,15642,15642
SZ,002326,-0.3,15627,17809
SZ,300735,-0.76,15626,16692
SZ,002176,-1.28,15604,15627
SH,688279,-0.65,15572,19160
SZ,300723,1.84,15564,16771
SZ,300002,-2.2,15549,16524
SH,601702,0.45,15517,15517
SH,688332,0.07,15493,15493
SH,600151,-1.81,15490,15490
SZ,002506,-1.48,15488,15503
SH,600172,2.73,15475,17393
SH,600267,9.98,15473,15473
SH,600888,0.91,15469,15469
SZ,000902,0,15428,16939
SH,600761,-0.56,15409,15409
SH,605296,-1.02,15394,15640
SH,688779,1.4,15337,15337
SH,600808,-0.38,15337,19791
SZ,002405,-3.26,15336,15430
SZ,001331,2.21,15335,21956
SH,603283,1.14,15324,15324
SZ,000723,-3.6,15251,15280
SH,688484,-1.08,15247,15247
SZ,000563,-0.99,15240,15240
SH,600959,-2.24,15202,15202
SH,600835,-1.25,15195,18977
SH,600511,0.11,15156,20666
SH,600877,-1.23,15097,15097
SH,600651,3.44,15092,15092
SH,688353,-0.42,15079,15079
SZ,000791,0.13,15059,25237
SH,688003,-0.53,15045,15045
SZ,002896,-2.86,15005,15005
SZ,002320,-1.31,15002,15002
SZ,000539,-0.83,15000,30819
SZ,301316,-2.56,14985,15458
SH,603317,-1.18,14975,14975
SH,688206,-0.02,14966,14966
SZ,301285,2.36,14961,14961
SZ,002827,9.99,14948,15005
SH,603662,-1.29,14929,14929
SZ,301550,-1.71,14881,24313
SZ,002158,-1.86,14865,14897
SH,600403,-3.11,14847,14847
SZ,300342,-0.55,14842,15063
SH,603826,0.99,14812,14812
SH,603063,-0.11,14805,14867
SH,603025,-1.4,14785,14885
SH,605289,2.04,14772,14793
SH,688531,0.35,14765,21302
SZ,000927,-1.2,14763,14763
SH,601568,-0.53,14737,14737
SH,688368,1.13,14725,24259
SH,600596,-0.17,14724,14724
SZ,301093,1.32,14716,15414
SZ,301319,-1.2,14713,19521
SZ,002969,-0.73,14708,14786
SZ,002768,0.87,14707,25454
SH,600452,-1.43,14705,14705
SH,600872,-0.98,14703,14766
SZ,000680,0.09,14685,16757
SZ,300602,0.05,14679,21458
SH,688100,-2.01,14667,14795
SZ,002410,-2.7,14665,15429
SZ,300655,-1.57,14658,14725
SH,601678,-1.64,14630,17248
SZ,000778,-1.05,14601,14862
SZ,300679,-0.31,14583,17235
SH,601019,-2.37,14567,14567
SZ,002773,0.76,14566,19541
SH,600201,0.53,14475,14475
SZ,300469,-1.76,14472,14480
SZ,301389,3.03,14453,14453
SH,600022,-1.45,14443,14443
SZ,002568,-1.65,14419,19708
SZ,000966,-1.65,14411,14411
SH,600744,-1.11,14380,14380
SH,600548,-0.47,14367,21267
SZ,002250,0.12,14355,14434
SH,688686,1.23,14352,14352
SH,688625,1.58,14344,14344
SH,688593,2.94,14324,14324
SZ,002290,1.21,14318,14363
SZ,301005,0.99,14245,14541
SH,600490,1.71,14207,15778
SH,601375,-0.71,14204,19129
SH,688158,-1.72,14194,15954
SZ,002508,-1.54,14190,14363
SH,601778,-2.3,14185,14185
SH,603203,1.35,14172,14336
SZ,300323,0.25,14145,19330
SZ,300319,-0.11,14140,14743
SZ,000422,-0.52,14131,14400
SZ,301611,0.82,14123,42009
SZ,002911,-0.79,14077,14423
SZ,001286,-0.09,14067,39075
SZ,300999,-0.91,14027,140148
SH,603505,-2.11,14022,14022
SZ,000088,-0.88,14012,23034
SZ,002408,0.79,14003,14470
SZ,002946,-2.13,13986,14150
SH,600621,-0.82,13961,13961
SH,600633,-2.9,13949,13949
SH,601827,-0.11,13944,13944
SZ,001248,-1.72,13907,174380
SH,600906,-1.2,13892,21222
SH,600475,-1.46,13889,14081
SH,600056,0.87,13877,13882
SH,603009,-1.22,13856,13856
SH,600361,-0.26,13848,13848
SZ,000581,-0.56,13838,16851
SH,600710,-1.3,13825,13825
SH,601965,-1.2,13818,13877
SH,603738,-1.83,13815,13815
SH,600320,-0.7,13804,21920
SH,603039,-8.65,13798,13798
SZ,300720,3.04,13794,14598
SZ,301128,1.14,13771,15655
SZ,002249,-1.06,13755,18206
SZ,000612,0.88,13734,13734
SH,600409,2.15,13728,13728
SZ,301219,6.17,13719,19222
SH,600779,-1.39,13704,13704
SH,688538,-0.82,13690,32866
SZ,000685,-0.35,13675,16101
SH,600816,-1.56,13673,24611
SZ,300957,-0.97,13671,13746
SH,600456,0.49,13664,13664
SH,600301,1.39,13657,31375
SH,603305,-0.75,13626,13626
SH,603456,1.78,13622,13622
SZ,002867,-1.09,13618,13699
SZ,300671,0.64,13589,13626
SZ,002906,-1.55,13587,13595
SH,688603,3.05,13583,13583
SZ,300455,-1.28,13577,13752
SH,688088,-2.75,13568,13568
SH,600366,3.26,13562,13562
SZ,001301,-0.79,13553,19000
SH,600783,-0.81,13540,13540
SH,688802,1.03,13529,292141
SZ,001696,-1.29,13514,17359
SH,601133,1.46,13513,13560
SZ,002226,1.59,13509,13510
SZ,000672,0.43,13504,13504
SZ,002534,1.88,13453,13626
SZ,300975,-0.39,13453,18783
SH,688055,0.25,13433,13433
SH,688401,0.38,13420,14255
SZ,002048,-1.03,13413,15383
SZ,000089,-0.75,13412,13412
SH,603078,1.7,13409,13409
SH,603868,-0.96,13403,13403
SZ,001339,-0.94,13397,27062
SH,600933,-1.08,13381,14049
SH,688006,-1.63,13371,13371
SH,688031,-3.62,13360,13360
SZ,300179,1.91,13340,17326
SZ,301275,-0.46,13337,18725
SH,688535,0.97,13335,14307
SH,605389,-0.15,13325,14066
SZ,002979,-1.12,13302,18871
SZ,000534,0.27,13302,13488
SH,688029,-0.07,13288,13288
SZ,002563,-1.3,13287,16218
SH,600258,-1.07,13265,13265
SZ,002010,-1.02,13263,13295
SH,688258,-3.83,13246,13246
SH,600675,-3.09,13241,13241
SZ,002645,4.91,13237,14656
SH,600064,-0.9,13220,13220
SZ,002153,-3.74,13150,22434
SH,600575,-0.87,13136,24224
SZ,002507,-1.03,13130,13166
SH,600057,-1.25,13120,17801
SZ,000799,-1.84,13097,13098
SZ,300184,-0.55,13087,14294
SZ,000711,7.86,13073,16212
SH,600155,-0.83,13016,13016
SZ,002975,1.63,12992,19687
SZ,300229,-4.92,12973,12982
SZ,000069,-2.58,12969,15111
SH,600167,-2.38,12966,12966
SH,688143,0.96,12933,13610
SZ,002151,-1.35,12890,15804
SH,603707,0.25,12861,12861
SZ,002167,-0.69,12853,13123
SH,600916,-1.15,12835,12835
SH,600764,-1.46,12834,12834
SZ,300436,1.13,12822,14936
SH,603882,-0.6,12819,12906
SH,600113,1.57,12816,13120
SZ,300100,-1.28,12802,13294
SZ,000620,-1.43,12801,16089
SZ,000785,-2.64,12770,13700
SZ,300457,-0.53,12767,12975
SH,600063,3.87,12766,12766
SH,600529,-0.46,12755,12755
SH,600271,-2.4,12729,12729
SZ,002372,0.46,12716,13771
SZ,002354,-3.57,12697,12922
SZ,300409,0.22,12678,14245
SH,605599,-1.98,12631,12631
SZ,300166,-1.55,12599,15840
SH,600821,-1.07,12591,12591
SH,688107,0.74,12591,12591
SH,603698,-0.46,12585,12585
SZ,002792,10,12564,19481
SH,600338,1.86,12543,12543
SH,603800,-0.3,12520,12520
SH,600285,-0.49,12508,12522
SH,688028,0.42,12506,12506
SH,600343,0.1,12496,12496
SH,688222,0.94,12489,12489
SZ,300296,-1.63,12485,14618
SZ,301095,0.66,12482,14448
SH,603515,-1.16,12475,12552
SZ,002643,-0.13,12451,12639
SZ,002936,-1.11,12442,16093
SZ,002901,-0.41,12431,17844
SH,600850,-3.05,12423,12423
SH,688260,-3.1,12420,12420
SH,603031,0.23,12384,14726
SH,600776,-2.04,12361,16240
SH,603888,-2.56,12358,12358
SZ,000762,0.04,12353,12354
SZ,002701,-0.2,12352,12364
SZ,002440,0.08,12350,14668
SZ,000815,-3.1,12334,12334
SH,600211,0.9,12329,12329
SZ,002755,0.84,12317,12317
SH,688059,0.6,12314,13157
SH,603556,-6.45,12312,12312
SH,600116,-1.07,12295,12295
SZ,002091,-0.51,12274,12468
SH,600717,-1.39,12271,12271
SZ,301029,-0.69,12264,17217
SZ,002929,-1.09,12256,16206
SH,688116,-0.08,12253,12253
SH,688046,7.56,12248,12248
SZ,000758,1.15,12234,12281
SZ,300835,2.83,12210,17422
SH,600827,-1.67,12210,13578
SZ,300034,-0.93,12173,12648
SZ,300459,-3.13,12163,13009
SH,601339,-0.48,12162,12162
SZ,000681,-2.8,12150,12589
SH,600702,-4.13,12143,12148
SH,603757,10,12127,12127
SZ,300593,-0.36,12121,14604
SH,601107,-0.88,12090,17095
SZ,002399,0,12085,14218
SZ,000567,-0.95,12042,12079
SH,688809,-0.84,12023,60116
SH,600589,-1.08,12020,12045
SZ,002096,1.57,12007,12007
SZ,002268,-4.11,12003,12008
SZ,002847,-1.49,11985,13280
SZ,000973,-0.87,11919,30285
SZ,300070,-1.13,11919,12576
SZ,301015,0.94,11899,11900
SZ,300133,-2.71,11882,13386
SZ,002183,-2.55,11868,11868
SH,605118,-0.88,11861,11931
SZ,000553,-1.26,11822,12651
SZ,301626,-2.52,11819,25983
SH,688559,1.23,11813,11813
SZ,002617,-0.62,11791,11990
SZ,000901,-0.93,11781,11781
SZ,002745,0.82,11779,16430
SZ,301150,3.5,11777,12555
SZ,920808,-0.94,11771,12088
SZ,300182,-4.22,11771,13879
SZ,001258,3.45,11769,11769
SZ,002607,-2.29,11752,13075
SZ,301666,0.87,11747,193244
SH,603267,-1.12,11744,11744
SH,603589,-1.64,11741,11741
SZ,002287,0.69,11739,11763
SZ,300682,-2.89,11736,12270
SH,601512,-0.88,11706,11706
SH,688383,4.41,11693,11693
SH,603389,-3.42,11692,11692
SH,688660,-2,11680,11680
SZ,002668,-0.64,11676,11676
SZ,002698,6.97,11666,14132
SZ,002779,-1.14,11656,12991
SZ,002597,0.54,11651,11673
SZ,002531,-1.94,11650,11716
SH,603991,0.17,11638,19849
SZ,300769,-0.72,11634,12947
SZ,300468,-7.41,11629,11648
SZ,301123,0.44,11624,16526
SH,601068,-0.65,11621,13561
SZ,002400,-2.88,11617,11733
SH,603297,-0.17,11613,11613
SH,601992,-2.1,11584,14842
SH,600986,-3.35,11557,11557
SZ,002416,-2.87,11554,11699
SZ,002092,-0.21,11538,11603
SZ,301039,-0.86,11532,14881
SZ,000839,-6.36,11524,11524
SH,688306,-1.25,11521,11521
SZ,002947,0.94,11519,14858
SH,600420,0,11507,11507
SH,600058,2.68,11502,11502
SZ,000801,-1.38,11501,11505
SZ,000156,-2.16,11491,12526
SH,600162,0,11472,11472
SZ,001280,1.88,11464,136479
SZ,002174,-0.67,11457,11464
SH,603118,-1.55,11455,11455
SZ,920116,1.15,11448,11448
SH,600461,-0.21,11442,11442
SZ,300726,-0.83,11440,21972
SH,600216,0.5,11436,11559
SH,688202,3.97,11427,11427
SH,600315,-1.73,11421,11421
SH,601222,-1.05,11410,11410
SZ,000990,1.82,11399,11399
SZ,002024,-0.8,11382,11396
SH,601619,0.65,11370,13603
SH,601952,-0.59,11369,11369
SH,600635,-2.48,11368,13876
SH,688382,3,11348,11348
SZ,300775,-1.29,11345,11685
SZ,300357,-0.03,11343,12273
SZ,000048,-0.87,11332,11352
SZ,002366,-4.37,11324,12735
SZ,301293,-0.28,11319,11319
SZ,300573,0.91,11316,14736
SH,603983,-0.31,11312,11312
SH,688020,12.64,11306,11306
SZ,002987,-4.03,11305,11601
SH,603927,-3.05,11302,11302
SZ,300428,0.26,11291,12971
SZ,300674,-3.59,11290,11307
SH,600268,-1.58,11282,11283
SH,688016,-0.22,11267,11267
SZ,002258,-1.53,11252,11270
SZ,000035,-2.01,11241,11606
SH,688321,1.66,11235,12203
SZ,300146,-1.08,11196,16900
SH,600859,-1.67,11182,11183
SZ,002051,-0.86,11173,11173
SH,600882,-0.98,11166,11166
SZ,003036,-1.37,11161,11162
SZ,003018,-0.42,11161,12316
SZ,002544,-1.67,11153,11154
SZ,002413,-1.03,11141,11346
SZ,300302,0.33,11131,14464
SZ,301071,2.24,11113,15117
SH,600864,-1.47,11110,11110
SH,603185,-0.9,11109,11175
SH,603989,-0.24,11106,11106
SZ,300224,1.96,11099,11140
SZ,300204,2.13,11074,13214
SH,603040,1,11055,11113
SZ,002083,-0.33,11019,11019
SZ,002654,4.83,11005,11006
SZ,300601,-0.15,10994,13638
SH,600619,-1.82,10993,14952
SZ,301047,2.22,10989,11178
SZ,300607,-0.84,10989,15530
SZ,300638,-3.3,10986,18624
SH,603393,0.43,10984,10984
SZ,300827,-1.09,10983,14006
SH,603601,-0.92,10978,10978
SH,688198,-0.04,10970,10970
SZ,000099,-1.66,10954,10954
SZ,002182,-0.93,10949,12546
SZ,300376,-2.88,10939,10943
SZ,300065,-1.18,10937,12014
SH,603281,-0.84,10922,10922
SZ,002217,-1.31,10919,11219
SH,603906,-1.16,10917,15340
SZ,000949,1.7,10916,10919
SZ,002539,2,10909,14807
SH,600612,-1.7,10909,17995
SZ,002011,-1.33,10902,11035
SZ,002838,-0.07,10894,12391
SH,603093,-0.99,10890,13676
SZ,002246,-0.64,10876,10876
SH,688063,-0.77,10867,10867
SZ,000767,-2.09,10863,11477
SZ,002139,-0.68,10850,12630
SH,603328,10.04,10833,10833
SH,688182,4.04,10828,10828
SH,600559,-1.73,10821,10821
SH,688508,5.42,10812,10812
SH,603992,-1.17,10806,10806
SZ,002807,-0.98,10787,10803
SH,600908,-1.27,10776,11829
SH,600572,0.24,10760,10789
SH,600006,-1.64,10740,10740
SZ,301486,1.02,10737,18968
SH,688105,6.03,10733,10733
SZ,002297,0,10729,10729
SZ,002373,-2.86,10718,12294
SH,688153,-1.22,10713,11025
SZ,000810,-1.72,10695,11076
SZ,300185,-1.06,10693,11221
SZ,002310,-2.01,10690,14578
SZ,300139,-0.69,10683,12527
SZ,000028,-0.48,10675,12428
SZ,002741,3.81,10673,11631
SZ,000998,-1.57,10673,11932
SH,603693,-1.8,10662,10662
SH,688090,3.39,10655,10655
SH,601801,-1.97,10651,10651
SZ,300315,-3.22,10649,11345
SZ,002839,-1.12,10647,10657
SZ,002583,-2.69,10647,15095
SH,603713,-1.02,10631,10631
SZ,002348,-0.75,10626,11679
SZ,000899,-0.72,10596,10596
SH,688319,-0.03,10581,10581
SH,601163,-0.67,10576,10576
SZ,300077,-0.84,10568,12654
SZ,000700,-1.36,10548,10548
SZ,301338,2.07,10540,14466
SZ,300777,-0.56,10536,10751
SH,688663,-0.73,10533,10533
SH,600248,-1.38,10524,10548
SH,601022,-0.85,10521,10521
SH,600395,-3.15,10518,10518
SZ,002897,0.44,10512,11051
SH,600367,3.59,10503,11128
SZ,301188,2.19,10501,10501
SH,600773,-1.07,10496,10496
SZ,002003,-1.43,10487,12198
SH,603220,-3.64,10486,10486
SH,603099,-0.64,10486,10486
SZ,002439,-1.97,10485,17432
SH,600326,1.99,10450,10450
SH,688698,-1.35,10440,10440
SZ,000555,-4.29,10409,10421
SZ,002276,-1.71,10383,10424
SH,600446,-3.49,10382,10382
SH,600480,-1.49,10373,10450
SZ,000690,-1.23,10372,10379
SZ,002254,-1.29,10368,10380
SH,603619,-0.12,10356,10356
SZ,002385,-1.31,10356,12857
SH,601900,-0.41,10354,10354
SZ,000061,-1.86,10335,11433
SH,603235,-0.45,10327,10327
SZ,002931,0.26,10311,11122
SZ,300353,-2.29,10310,11738
SZ,000828,-0.49,10302,10302
SZ,002655,1.69,10301,10321
SH,603218,-0.68,10300,10309
SZ,002081,-2.74,10286,10329
SZ,002565,-2.22,10239,10239
SZ,301267,-0.99,10239,13264
SZ,002204,-0.74,10236,10236
SH,600376,-3.41,10189,10189
SZ,300008,-1.11,10180,10679
SH,600391,-2.12,10171,10171
SZ,001399,-1.04,10170,174960
SH,688160,-1.53,10166,10166
SZ,002181,-4.37,10165,10403
SH,600648,-1.54,10149,12130
SH,600123,-1.71,10121,10121
SZ,300913,-0.72,10114,12128
SH,601882,-0.55,10111,10111
SZ,002984,-0.97,10102,14663
SZ,300009,0.12,10100,13716
SH,688275,-0.61,10091,10091
SH,605318,-0.6,10086,10086
SZ,300026,0.3,10084,10094
SH,603011,-1.11,10081,10081
SZ,301127,3.43,10072,10374
SH,600728,-2.67,10066,10066
SZ,300331,1.23,10060,11760
SH,688359,2.44,10057,10057
SH,601949,-2.21,10053,10053
SH,600993,-0.25,10052,10069
SZ,300618,8.76,10047,11419
SZ,300580,-2.74,10033,10664
SH,603052,0.47,10022,10022
SH,600383,-2.62,10022,10022
SZ,002842,0.95,10022,12213
SZ,002043,-1.89,10021,10297
SZ,000727,-2.2,10010,10010
SZ,002020,1.25,10005,11899
SZ,300328,0,9996,10046
SZ,002031,-1.5,9989,11481
SZ,002338,-1.29,9989,9989
SZ,301031,-1.23,9986,12702
SZ,000510,2.11,9979,10669
SH,601005,0,9976,11531
SH,600458,-0.68,9969,10923
SH,600360,0.1,9968,9968
SH,600787,-1.07,9961,9961
SZ,301087,-0.8,9960,12111
SZ,300951,-2.19,9959,11143
SH,600662,-1.79,9949,9979
SH,603303,2.15,9949,9949
SZ,300049,-1.1,9949,11243
SZ,002865,0.43,9927,13823
SZ,002978,0.45,9926,12687
SH,600345,0.78,9897,15419
SZ,002387,-1.24,9890,9903
SZ,300684,0.39,9889,14478
SZ,300863,1.71,9859,10263
SZ,300693,0.85,9859,11470
SH,600718,-2.24,9859,9859
SZ,000403,-0.18,9858,9960
SH,600163,-1.51,9858,9858
SZ,000795,2.2,9856,9856
SZ,002891,-1.31,9853,9853
SH,603533,-2.85,9853,9853
SH,603027,-1.85,9847,9847
SZ,002815,1.85,9846,15637
SZ,300304,-0.25,9835,10107
SH,688138,-0.37,9831,9831
SZ,002549,-1.99,9818,9860
SH,603300,-2.38,9816,9816
SH,688662,2.11,9815,9815
SZ,920045,2.82,9806,33164
SZ,002063,-2.97,9801,10612
SH,600363,-2.06,9793,9793
SZ,300377,-2.4,9777,10627
SH,600033,-0.83,9770,9770
SH,601038,-1.4,9754,14978
SZ,000917,-2.68,9752,9753
SZ,301183,1.1,9750,13301
SH,688378,0.55,9740,10567
SH,688068,0.77,9738,9738
SH,600759,0.86,9738,9750
SZ,002832,-2.37,9735,14268
SZ,300244,-1.11,9723,12118
SZ,301091,1.21,9723,9723
SZ,002100,1.28,9721,9721
SZ,002557,-1.37,9702,9733
SH,688584,-1.76,9691,18891
SH,603341,-0.95,9688,18933
SH,688726,-0.33,9683,17847
SZ,002169,-0.54,9681,9987
SH,600037,-1.69,9673,9673
SH,688032,-0.75,9670,9670
SH,688797,-1.28,9665,51414
SZ,000065,-1.4,9660,10534
SZ,002675,1.01,9649,10703
SZ,002705,-3,9643,9694
SZ,300007,-1.75,9631,11146
SH,603936,5.46,9626,9854
SH,605006,2.01,9621,9621
SH,600373,-2.32,9620,9620
SZ,300303,-0.27,9593,10229
SZ,300378,-3.67,9589,9662
SZ,300415,-2.21,9569,9896
SH,600094,-3.42,9568,10462
SH,601003,-4.84,9559,9826
SH,600072,-1.33,9555,13236
SZ,002922,0.32,9553,10708
SZ,300486,0.6,9550,9553
SH,600666,-2.55,9533,10483
SZ,300005,0.09,9528,9606
SZ,000410,-1.01,9520,12795
SZ,002361,0.51,9514,11184
SZ,300188,-7.55,9513,9557
SH,603538,3.03,9508,9593
SZ,002647,-3.3,9503,10580
SZ,301090,-1.51,9502,9512
SH,603360,-0.8,9499,9499
SH,601886,-0.23,9495,9495
SH,688543,-1.09,9493,9493
SH,688351,-0.19,9464,9464
SH,688209,-0.26,9461,9461
SZ,002937,1.22,9433,9458
SZ,301382,-2.67,9433,11398
SH,688231,3.29,9431,9431
SH,603599,-0.57,9430,9430
SZ,000600,-0.79,9429,15598
SH,601811,-0.99,9424,14683
SZ,000401,-1.37,9420,9509
SZ,300263,0.31,9414,9988
SH,601200,-0.7,9410,9410
SZ,300596,2.15,9410,9616
SH,600757,-0.25,9405,9406
SZ,000049,-1,9402,9404
SZ,002967,-1.66,9400,10938
SH,603323,-1.16,9392,9392
SZ,000552,-2.69,9389,13487
SZ,300118,-0.29,9370,11526
SH,600198,-1.23,9361,9373
SH,603327,-2.18,9357,9357
SZ,300113,-1.49,9356,12391
SH,603103,-2.44,9348,9348
SZ,001308,-1.12,9345,13504
SZ,000031,-2.67,9344,9344
SH,600210,0.16,9343,9343
SZ,000676,-1.06,9342,9348
SH,603100,-0.8,9341,9371
SZ,000923,1.09,9337,9706
SZ,002961,-1.4,9324,9324
SH,603883,-0.88,9319,9319
SH,605123,-2.49,9312,9312
SZ,301381,-2,9308,9317
SZ,002289,0.62,9306,9503
SZ,002541,-0.84,9293,12924
SH,603125,-0.21,9291,9291
SH,600328,-0.15,9282,9282
SH,600597,-1.45,9277,9277
SZ,300277,-2.25,9270,18366
SZ,300624,-3.34,9235,10427
SZ,300420,2.1,9232,9232
SZ,002173,3.59,9221,9669
SZ,002426,-2.16,9221,9221
SH,605255,-2.47,9211,9211
SZ,300480,5.22,9210,12621
SH,603583,-0.69,9197,9281
SH,688376,-1.11,9193,9193
SZ,000833,-0.58,9187,16242
SH,601311,-0.88,9186,9186
SZ,301078,-2.27,9184,9194
SH,605016,0.41,9169,9169
SZ,000420,-1.31,9168,9172
SH,688327,-3,9150,11398
SZ,000950,0,9146,9146
SZ,301177,-1.96,9140,9146
SH,600269,-1,9131,9131
SH,605179,5.03,9123,9123
SH,688227,-2.06,9111,9111
SZ,000516,-0.71,9106,9247
SH,603712,-2.15,9102,9102
SZ,002061,-1.4,9097,9251
SZ,001914,-0.91,9094,9094
SH,601528,-1.6,9093,9615
SZ,002170,-0.08,9088,11179
SH,603057,-1.2,9080,9149
SZ,301216,-0.35,9079,9672
SH,688371,-0.06,9075,9075
SZ,002511,-0.96,9070,9186
SH,688165,-0.96,9063,9063
SH,601860,-1.53,9057,9336
SZ,300483,1.86,9048,9054
SH,600649,-1.88,9045,9045
SZ,000536,-1.5,9035,9045
SZ,002345,-2.61,9028,9249
SZ,300382,-0.42,9012,9013
SH,688611,-1.88,9004,9004
SZ,002208,-1.57,9002,9005
SH,600740,-3.03,8993,8993
SH,688128,-1.01,8992,8992
SZ,002062,0.5,8986,9886
SZ,001227,-2.28,8983,12132
SZ,000006,-2.63,8977,8977
SH,600273,-0.72,8969,8969
SH,688262,-0.81,8964,8964
SZ,002993,0.16,8961,10374
SH,600133,0,8956,8956
SH,603690,-1.01,8942,8942
SH,603169,-2,8935,8935
SZ,300042,0.22,8929,8930
SH,688325,-0.5,8900,9364
SZ,000823,4.55,8894,8895
SZ,000656,-1.67,8877,12389
SZ,002283,-0.77,8875,10084
SH,603915,-0.43,8871,9023
SZ,300740,-0.49,8865,9539
SH,600481,-0.68,8855,8855
SZ,000848,-1.34,8848,8925
SZ,301345,-0.21,8832,27493
SH,688677,2.18,8827,8827
SH,688139,-1.09,8821,8821
SH,688190,-0.65,8819,8819
SH,600645,-0.15,8813,8816
SH,688289,-0.71,8812,8812
SZ,301363,0.36,8812,13436
SH,600929,-2.18,8807,8807
SZ,300855,2.59,8806,11890
SZ,300850,-1.11,8798,12112
SH,688076,0.84,8792,8792
SH,688552,-3.04,8789,8789
SZ,002368,-3.99,8788,8831
SH,600389,-1.87,8785,8785
SZ,002703,-8.31,8785,12331
SH,603319,-1.96,8777,8777
SH,603626,0.77,8767,8767
SH,688035,0.98,8762,8762
SZ,002115,-0.41,8761,9451
SZ,300363,3.76,8756,9603
SZ,002075,-2.67,8753,8753
SH,605319,1.41,8735,8784
SZ,300634,-4.5,8733,9074
SH,600185,-2.31,8728,8728
SH,600782,-1.76,8713,8820
SH,688456,1.23,8708,8708
SZ,300772,-1.1,8703,9812
SZ,301196,1.66,8699,13252
SZ,000930,-1.26,8688,8688
SH,688261,-0.55,8669,8708
SZ,301357,-1.41,8662,8662
SH,605298,-1.64,8661,8735
SZ,920186,0.82,8655,16548
SZ,002243,-1.77,8646,8692
SH,600508,-2.05,8641,8641
SZ,002458,-0.77,8639,12795
SZ,301606,-2.12,8639,21725
SH,600997,-2.51,8606,8606
SH,603508,-2.54,8594,8594
SH,600996,-3.49,8590,8590
SZ,300766,-2.67,8587,9470
SZ,002580,-0.67,8585,8614
SZ,002350,-1.27,8574,8764
SZ,002985,-1.18,8555,8578
SH,688239,-0.3,8549,8549
SZ,301176,15.5,8547,8808
SH,605305,0.2,8539,8539
SH,603809,-1.48,8531,8531
SZ,002099,0,8521,8531
SH,688083,-2.59,8520,8520
SH,600020,-0.78,8518,8518
SH,600973,0.81,8516,8516
SH,688161,-1.11,8512,8512
SZ,002019,0.6,8509,12286
SH,603995,2.36,8501,8501
SH,688507,-3.92,8484,15354
SZ,300725,4.31,8484,9785
SZ,002392,-0.67,8473,8714
SZ,002039,0.15,8461,8461
SZ,300130,-4.6,8445,11034
SZ,300181,0.07,8441,9819
SZ,002626,-0.28,8440,8442
SZ,301109,-0.58,8440,10669
SH,688486,-0.3,8431,8432
SZ,300145,0,8427,8468
SH,688612,-0.17,8425,13758
SZ,000980,-3.46,8421,8421
SZ,000761,-2.98,8418,9326
SZ,300497,1.92,8417,10019
SZ,300053,-0.53,8415,9011
SH,603013,-1.24,8411,8411
SZ,000550,-1.15,8404,13993
SH,688485,1.69,8401,8401
SZ,000829,-3.41,8398,8406
SH,603890,0.16,8396,8396
SH,600567,-0.74,8389,8389
SH,600478,-0.99,8385,8385
SH,603612,0,8383,8383
SH,603227,2.09,8381,8381
SZ,000751,0,8369,8369
SH,603919,-2.36,8360,8360
SH,600640,-2.66,8359,8359
SH,688586,-1.58,8349,8349
SZ,300101,-1.33,8348,8377
SH,603459,10,8346,79581
SH,600399,-0.93,8342,8342
SH,603219,1.09,8337,8337
SZ,002928,-2.09,8334,8334
SZ,000593,2.16,8320,8324
SH,688513,3.15,8315,8315
SZ,000712,-2.41,8312,8315
SH,600686,-2.02,8311,8311
SZ,002332,-0.23,8310,8349
SH,600266,-2.43,8303,8303
SZ,002579,2.01,8290,8705
SH,688783,-0.57,8287,124445
SH,688112,0.8,8281,8281
SZ,300529,-9.42,8270,12889
SH,605168,-0.9,8256,8256
SZ,002190,-1.91,8247,8247
SH,600017,-1.46,8243,8243
SH,601089,0.06,8237,8237
SH,601929,-3.66,8236,8236
SZ,001232,5.36,8235,103490
SZ,002004,0,8230,8652
SZ,000885,-0.3,8225,8225
SH,600812,0.63,8218,8218
SZ,002759,-1.67,8215,8223
SH,688739,-0.29,8204,8300
SZ,002639,-1.73,8193,9675
SH,603680,-1.41,8182,8182
SZ,002980,2.21,8182,15220
SZ,000719,-1.04,8173,12534
SZ,002488,-2.08,8170,8839
SZ,002674,-2.54,8168,8252
SH,688789,-1.85,8167,8167
SZ,002239,-0.78,8165,8784
SZ,300322,-3.58,8152,8515
SZ,003009,-0.51,8139,8140
SH,605222,-0.39,8134,8134
SZ,002292,-2.07,8133,11815
SZ,002585,-0.42,8132,10466
SZ,300072,-1.41,8090,8154
SH,601890,-0.7,8088,8088
SH,603496,-2.72,8085,8085
SZ,000922,-1.11,8078,9557
SH,688337,-0.88,8069,9491
SZ,002721,3.06,8058,8058
SH,600751,-2.18,8054,9075
SZ,002221,-2.29,8050,8684
SH,605116,0.51,8046,8046
SH,688091,0.26,8043,8068
SH,688758,2.47,8036,11224
SH,603163,-0.23,8035,8035
SH,600639,-1.24,8035,10607
SZ,300790,-1.06,8034,9144
SZ,000533,-3.21,8034,8103
SH,688277,-0.68,8032,8032
SH,603112,-1.17,8030,8110
SH,688605,-0.85,8025,14988
SZ,002251,-1.89,8023,9706
SZ,002706,-2.66,8010,9839
SZ,300035,-1.07,8009,9411
SZ,002718,-0.33,8007,11029
SH,600935,-1.29,7997,8196
SZ,002212,-6.92,7993,8079
SH,600055,-1.29,7987,7987
SH,603687,0.55,7986,7986
SZ,002216,-1.62,7970,11113
SZ,002017,-5.3,7965,7969
SZ,002346,0.59,7964,8968
SH,603033,-1.37,7948,8095
SZ,000869,0.69,7946,11475
SZ,300527,-0.88,7941,7941
SH,603399,-1.2,7941,7941
SH,688252,2.16,7923,7923
SZ,002941,-0.54,7918,7918
SH,688669,2.97,7916,7916
SZ,002267,-0.69,7907,7907
SZ,002277,-2.4,7905,7905
SZ,002125,-0.31,7894,7894
SZ,000860,-2.11,7885,7885
SH,688439,-0.87,7884,7884
SH,601828,-1.35,7875,9491
SH,603053,-0.77,7867,7867
SH,601595,-2.92,7866,7866
SZ,301228,-1.44,7859,7896
SZ,300910,-0.19,7847,11204
SZ,000566,3.42,7845,7849
SZ,002515,0.14,7845,8620
SZ,002960,-1.58,7804,8493
SH,603608,-3.92,7799,7799
SH,600502,-1.29,7793,7793
SZ,002023,1.82,7789,7861
SZ,002386,1.01,7782,7784
SH,605100,0.18,7770,7806
SZ,002516,-1.47,7770,7825
SZ,301086,1.96,7769,14016
SH,601718,-1.1,7763,7763
SH,600618,-1.42,7761,11969
SZ,301327,-1.54,7760,7760
SH,600075,-1.08,7753,7753
SH,603181,-0.44,7753,7753
SZ,002041,-3.6,7753,7753
SZ,002737,1.45,7744,7744
SZ,002761,-1.37,7735,9473
SZ,002097,-1.89,7734,7748
SZ,000859,-3.13,7732,7732
SZ,002342,-1.69,7723,7766
SZ,002079,-0.51,7722,8649
SH,603223,-0.9,7722,7722
SZ,300770,-1.33,7710,7710
SH,600746,0,7708,7708
SH,600545,-0.91,7706,7706
SH,688155,-0.5,7705,7705
SZ,002030,-1.43,7705,7705
SH,688416,0.96,7701,7701
SH,600962,-3.79,7696,7696
SZ,300416,0.46,7693,7745
SH,605333,-2.29,7685,7685
SH,600722,5.02,7681,7681
SH,605007,-1.21,7674,7693
SH,688480,1.28,7674,7674
SZ,300516,-1.73,7663,7663
SH,688050,-1.31,7662,7662
SH,600587,-0.7,7662,7662
SH,605488,-1.59,7656,8322
SZ,002446,1.8,7655,8266
SZ,002150,0.23,7654,7705
SZ,002036,-2.67,7652,7668
SZ,300641,-0.87,7652,7652
SH,601686,-1.14,7648,7648
SZ,002471,-1.03,7648,7788
SZ,301498,0.9,7633,17044
SZ,301080,11.49,7631,10088
SZ,002309,-1.85,7627,9534
SH,688381,-0.15,7618,7618
SZ,300499,0.11,7610,8559
SH,688622,-2.5,7596,7596
SH,688515,-0.76,7594,12194
SH,603043,-1.16,7593,7658
SH,600736,-1.78,7587,7587
SH,688326,-2.92,7576,8140
SH,600861,-1.61,7563,7563
SZ,002110,-1.88,7554,7554
SZ,000012,-1.02,7543,11714
SH,600335,-1.16,7541,7541
SH,603477,-1.19,7539,7730
SZ,300180,-3.07,7536,7749
SH,688305,-1.79,7516,7536
SH,600305,-1.15,7500,7512
SH,600846,-0.4,7497,7497
SH,600917,-0.82,7493,7493
SH,688087,-0.54,7476,7753
SH,688093,-0.03,7472,7472
SZ,300031,-0.41,7471,8890
SH,688011,3.18,7467,7492
SH,601908,0,7461,7461
SZ,301189,-0.81,7452,7721
SH,603045,1.48,7449,7449
SH,688628,0.23,7449,7449
SH,688798,-1.78,7443,12782
SZ,300576,-1.47,7437,11816
SH,600789,0,7436,7693
SZ,002588,-0.45,7427,9964
SZ,301326,12.03,7423,7488
SZ,002434,-2.07,7422,7429
SZ,301571,3.44,7417,11167
SH,603977,-0.9,7411,7411
SZ,300191,3.24,7410,10720
SH,603279,-1.07,7401,7401
SZ,002730,-1.15,7388,7730
SH,605008,-0.08,7383,7383
SZ,301369,-0.46,7383,13771
SZ,002106,0.29,7380,7390
SZ,002533,-0.69,7373,8374
SZ,300834,-4.71,7371,7437
SZ,300939,2.52,7369,7369
SZ,300168,-3.39,7369,7376
SZ,300595,-1.33,7367,9866
SH,603166,-0.85,7362,7419
SH,600866,0,7360,7360
SZ,300401,0.29,7360,7480
SZ,002215,-0.32,7345,9129
SH,601700,-10.05,7334,7334
SH,600251,-1.86,7327,7327
SH,603055,-1.07,7327,7354
SZ,000628,-3.04,7326,13425
SZ,301510,-1.19,7325,10612
SH,600117,-2.59,7324,7324
SZ,300482,-0.57,7320,7967
SH,688103,2.96,7317,7317
SZ,002275,-0.22,7315,7715
SH,688177,0.51,7313,7313
SH,688710,3.48,7309,11362
SH,603050,-1.24,7308,7308
SZ,002971,10.01,7306,9558
SH,605167,-3.69,7302,7302
SZ,002782,-0.39,7300,7388
SZ,300895,-2.28,7298,7437
SZ,000059,-0.43,7293,7293
SZ,000402,-2.78,7292,7293
SH,688678,1.17,7292,7292
SH,603985,-0.41,7283,7283
SH,600724,-1.36,7283,7284
SZ,301263,-0.74,7279,10202
SZ,003039,-1.58,7274,7274
SZ,300520,-2.74,7273,7526
SZ,003013,-0.65,7269,8321
SH,605128,0.48,7263,7263
SZ,002077,-0.7,7254,7254
SH,688049,-1.54,7248,7248
SH,688221,1.47,7248,7248
SH,600059,-1.11,7247,7247
SZ,000928,-1.16,7245,7245
SH,600657,-3.04,7244,7244
SH,600797,-3.95,7234,7234
SH,688108,-1.02,7226,7226
SH,600078,0.65,7215,7370
SZ,301232,1.2,7215,12136
SZ,300276,-1.86,7210,9555
SZ,300842,-0.06,7206,8108
SH,601226,-1.11,7206,7206
SZ,002121,-1.91,7199,8530
SZ,002034,-0.7,7199,7229
SH,601579,-2.33,7192,7192
SH,600611,-5.92,7191,10875
SZ,000498,-1.19,7189,7700
SZ,300098,-2.3,7185,8098
SZ,300861,-0.98,7184,11441
SZ,920982,1.52,7177,14889
SZ,002681,-2.34,7172,8202
SZ,300298,-0.98,7168,8910
SH,600125,-0.35,7167,7167
SZ,000503,-3.3,7158,7158
SH,603931,-1.64,7144,7144
SH,600449,5.96,7139,7139
SZ,000544,-0.67,7135,7135
SZ,002324,-1.39,7126,10211
SH,603416,-0.67,7120,8009
SH,600676,-0.85,7117,7117
SH,603211,0.31,7116,7116
SH,688418,-0.07,7115,7115
SZ,300337,-0.49,7114,8219
SH,600400,0.65,7103,7103
SH,688556,-1.03,7103,7103
SH,600590,-1.51,7103,7181
SH,688176,0,7101,7101
SZ,002006,-1.36,7095,7095
SH,603299,-0.54,7095,8679
SH,600510,-0.28,7090,7090
SH,688626,-0.31,7088,7088
SH,601388,0,7088,7088
SZ,000650,-0.18,7083,7448
SH,600708,-2.44,7076,7087
SH,601096,-2.92,7065,11503
SH,688290,1.05,7063,7063
SZ,002108,-1.37,7053,7056
SZ,000756,-1.18,7044,9837
SZ,301069,-1.36,7042,7477
SZ,002448,-0.97,7042,7137
SH,600557,1.14,7037,7037
SZ,001298,-0.05,7028,7461
SZ,002315,-2.86,7028,11024
SH,601330,-1.1,7023,10157
SZ,301248,0.26,7019,9605
SZ,000030,-0.93,7018,7223
SH,688328,0.38,7006,7006
SH,600730,3.11,7005,7005
SH,688179,-0.09,6998,6998
SH,600748,-2.56,6991,6991
SH,600955,-1,6985,6985
SZ,920029,-0.56,6983,7177
SZ,002733,-0.83,6983,7273
SZ,300768,-4.54,6975,10675
SH,600252,-0.44,6973,6973
SZ,002734,-0.61,6971,7637
SH,605011,-1.52,6966,6966
SZ,000595,-2.39,6957,6957
SH,688563,-1.24,6947,23030
SZ,300492,-2.09,6946,6946
SZ,300134,-5.62,6946,6946
SH,688488,2.1,6943,6943
SZ,300739,2.06,6917,8526
SH,605098,2.37,6913,6913
SZ,300348,-3.85,6910,7685
SZ,000813,0,6898,6899
SH,688312,-0.2,6897,6897
SZ,300852,2.68,6896,7143
SZ,002093,-3.24,6891,6891
SZ,300222,-0.65,6886,8260
SH,603778,-0.92,6885,7069
SZ,300080,-1.33,6885,6894
SZ,300540,-1.06,6874,7567
SH,600169,0,6866,6866
SZ,002935,-1.13,6866,7015
SZ,301215,-1.69,6863,6871
SH,600771,-0.84,6863,6863
SH,603128,-1.12,6859,6859
SZ,300174,-1.14,6856,6895
SZ,002881,-1.85,6849,11304
SZ,300171,-0.48,6848,9320
SZ,000601,-1.65,6844,6948
SH,688621,1.08,6844,6844
SH,600810,-1.55,6841,6903
SZ,002445,-3.33,6839,6868
SZ,301191,-0.29,6837,9068
SZ,300400,8.13,6836,6859
SZ,300986,-3.64,6835,6840
SH,600780,-0.82,6833,6833
SH,688550,-0.83,6831,6831
SZ,002284,-1.88,6831,6896
SH,688631,-2.12,6823,6823
SZ,300045,-1.41,6815,8747
SH,600925,-1.39,6810,29209
SH,688699,3.43,6807,6807
SH,603311,-1.29,6803,6803
SZ,300997,-0.97,6799,7495
SZ,002650,-2.06,6797,6797
SZ,301489,-0.44,6792,11351
SH,600654,-1.34,6790,8337
SZ,002796,2.09,6783,7518
SH,603866,-1.61,6783,6783
SZ,000755,-1.48,6779,6779
SZ,002219,-1.42,6773,7145
SH,688191,-1.89,6767,6767
SZ,002664,5.26,6763,6858
SH,603580,-3.62,6762,6762
SH,601015,-7.53,6761,6761
SZ,300685,-0.68,6759,6768
SH,605365,-1.89,6757,6757
SZ,300872,-3.95,6748,7805
SZ,000777,-2.05,6748,6748
SZ,300265,-1.49,6748,6752
SH,600468,-3.87,6744,6744
SH,600874,-0.89,6743,8606
SH,600987,-1.04,6737,6737
SZ,300341,-1.87,6726,6752
SZ,920394,-1.21,6723,6773
SH,600770,-1.51,6721,6721
SZ,300678,-3.02,6712,6832
SH,688518,0.26,6704,6704
SH,603367,0.68,6701,6701
SZ,000968,-0.56,6695,6695
SZ,000631,0,6693,6693
SH,603660,7.43,6692,6692
SZ,002256,-1.77,6688,6775
SZ,300153,-1.63,6685,6720
SZ,002537,-3.54,6685,6704
SZ,002242,-2.55,6680,6692
SZ,002955,-0.98,6674,8072
SZ,000589,0.93,6671,6715
SZ,301061,-1.11,6666,10034
SH,600828,-1.78,6666,6668
SH,600325,-4.34,6660,6660
SH,688478,3.35,6653,6653
SZ,002421,-3.48,6651,7040
SH,603567,9.94,6651,6657
SH,605598,-1.15,6647,6647
SZ,300868,-1.29,6644,10463
SZ,301392,3.46,6642,16282
SH,600158,-2.25,6640,6640
SZ,002014,0.27,6630,6737
SH,600195,-0.75,6627,6627
SH,688365,-4.06,6625,6625
SH,688293,5.15,6623,8038
SH,603071,-0.99,6617,6617
SZ,301291,-2.03,6615,12714
SZ,300109,-1.38,6614,7372
SZ,002785,-1,6612,7744
SH,603517,-1.17,6611,6611
SH,603466,-2.53,6609,6609
SH,600429,-1.33,6604,6624
SH,600713,0.59,6604,6698
SH,688788,-1.43,6602,6602
SZ,300252,-0.33,6588,8067
SZ,002104,-6.62,6585,7778
SH,603200,-0.81,6577,6577
SZ,002690,-0.65,6571,13366
SZ,002438,-3.04,6564,7106
SH,600488,2.56,6562,6562
SZ,300444,-1.68,6557,8408
SH,600422,-1.02,6555,6555
SH,600525,1.02,6554,6554
SZ,002437,9.86,6552,6957
SH,600894,-0.88,6551,6583
SZ,002052,-2.55,6549,7148
SZ,301286,-0.24,6543,16232
SZ,002810,-0.77,6543,7049
SZ,002163,-2.27,6541,6878
SZ,301050,-1.33,6531,7668
SZ,001314,-1.28,6529,7504
SZ,000058,-2.63,6529,8163
SZ,000597,1.09,6525,6607
SH,605178,1.03,6523,6523
SZ,002970,-3.47,6516,9483
SH,605366,-0.46,6515,6515
SH,688818,-0.59,6514,85700
SH,600496,-0.6,6508,6508
SZ,002631,3.93,6507,6538
SZ,300493,-2.35,6505,6581
SZ,002550,0.58,6504,8843
SH,688708,-1.8,6503,18246
SH,603990,2.9,6502,6502
SZ,002057,1.05,6501,6506
SZ,000008,-2.04,6492,6492
SZ,301209,-0.83,6490,7597
SH,603229,0.9,6485,6485
SZ,300343,-3.33,6483,6496
SH,688787,-3.12,6481,6481
SH,600966,-1.42,6470,6470
SZ,300137,1.16,6466,6546
SZ,002840,-1.81,6461,6506
SZ,000551,-1.25,6459,6461
SZ,300127,4.22,6447,9025
SH,600103,-2.67,6438,6521
SH,600310,-1.78,6434,6434
SH,688577,-2.05,6431,6431
SZ,300284,-2,6423,6769
SZ,300976,-0.79,6423,9985
SH,600682,-0.71,6414,7412
SH,603861,-1.61,6412,6557
SZ,301339,-1.75,6403,6481
SZ,002140,-1.08,6398,6408
SH,603277,-1.95,6396,6417
SZ,002042,-2.07,6395,6395
SH,603065,-3.22,6393,6393
SH,605188,-0.78,6382,6382
SZ,301137,-3.9,6382,6382
SZ,300324,-3.11,6378,6444
SZ,002470,-0.5,6374,6375
SZ,000989,1.44,6372,7858
SZ,001391,-1.4,6366,51155
SZ,300815,-1.2,6355,6489
SH,601500,-0.24,6348,6373
SZ,002885,-0.47,6342,7242
SZ,300598,-4.22,6338,6340
SZ,300435,-3.1,6330,6619
SH,600643,-2.2,6330,6341
SZ,301522,-1.12,6324,8497
SH,603969,-0.92,6319,6467
SH,603197,-1.34,6313,6399
SH,600683,-3.61,6311,6311
SZ,300996,-6.88,6300,7484
SH,600368,-0.5,6294,6294
SH,600604,-2.39,6291,8374
SZ,300731,-0.94,6289,6627
SH,688230,0.38,6282,6282
SH,600829,4.54,6274,6274
SZ,300358,-1.1,6273,6364
SH,688352,7.88,6273,20365
SZ,002943,1.16,6245,8824
SZ,000090,-2.33,6241,6241
SZ,301366,20,6239,11175
SH,600501,-1.94,6238,6238
SH,603155,0.07,6232,6232
SZ,300900,0.12,6217,7934
SZ,000722,-0.66,6215,7650
SH,603489,-0.81,6215,6215
SZ,003043,-0.9,6215,9519
SZ,300164,-1.1,6211,6267
SH,600313,-3.69,6201,6655
SZ,002009,-1.56,6196,7039
SH,605005,0.46,6195,6195
SZ,000572,-2.07,6191,6200
SH,688685,-2.38,6190,6190
SZ,300700,1.22,6184,6908
SZ,301678,-1.1,6183,10658
SH,603867,-1.23,6177,6229
SH,603213,-1.34,6175,6175
SH,688610,0.51,6171,10251
SH,688276,0.07,6168,6168
SZ,300983,-0.73,6164,6971
SH,603108,-2.76,6155,6155
SH,603368,-0.18,6149,6149
SH,603123,-6.44,6144,7524
SZ,000524,-1.81,6144,6146
SZ,000026,-1.39,6143,6837
SH,688079,-0.71,6142,6250
SZ,000908,2.2,6141,12282
SH,600975,-1.2,6136,6136
SZ,002302,-4.32,6135,6135
SZ,300909,-1.69,6129,8209
SH,688499,0.06,6125,6125
SZ,002127,-0.96,6124,7536
SZ,002527,-1.27,6119,7672
SH,600370,-0.64,6114,6114
SZ,002605,-1.78,6112,7545
SZ,300143,-0.8,6109,7141
SH,600203,-0.95,6108,6108
SH,603068,-3.33,6103,6103
SH,603336,-1.56,6099,6099
SZ,300360,-1.45,6093,6263
SH,603010,-1.1,6090,6242
SH,600255,0.6,6087,6087
SH,688095,-5.56,6086,6086
SH,603383,-2.55,6085,6085
SH,605056,0.2,6071,6161
SH,688232,-2.83,6069,6069
SZ,002213,0.14,6069,6975
SH,688799,3.18,6067,6067
SH,600897,-1.15,6062,6062
SZ,301182,1.27,6062,6647
SH,600841,-0.84,6060,8063
SZ,300226,-3.05,6060,6303
SZ,002519,-1.98,6057,6105
SH,600108,-2.5,6055,6055
SH,603363,-1.73,6053,7702
SZ,003006,-1.87,6043,6058
SZ,002067,0.22,6033,6652
SH,603776,0.14,6031,6031
SH,688069,0.05,6027,6027
SH,600617,-2.3,6019,6540
SZ,300221,2.36,6015,6168
SZ,920599,1.3,6009,7928
SH,688109,-0.06,6006,6006
SZ,002141,1.4,6001,6001
SZ,002606,-1.58,5996,6248
SZ,000913,-1.61,5992,6064
SZ,300256,-2.54,5990,6057
SZ,002123,-5.13,5988,6693
SH,688366,-0.86,5981,7053
SZ,300048,-1.48,5979,5990
SZ,300119,-0.71,5979,8328
SZ,301155,4.28,5978,10543
SZ,000779,-10,5972,5973
SZ,000957,-1.36,5965,5965
SZ,002965,-0.28,5962,8309
SZ,300985,1.43,5961,5961
SZ,300722,-1.27,5956,5956
SH,603708,-1.05,5956,5956
SZ,300820,-0.7,5950,11828
SH,603877,-2.23,5946,5954
SZ,001212,-1.35,5946,6873
SZ,002538,0.29,5945,5949
SZ,000915,0,5941,5945
SZ,002678,-2.23,5933,5936
SZ,301261,-1.23,5929,5979
SZ,300393,-0.79,5927,6756
SZ,300192,-1.28,5925,5995
SH,600983,-1.52,5925,5925
SZ,002068,-0.97,5924,5927
SH,603135,-1.56,5918,5962
SZ,300128,-1.71,5916,5924
SH,688598,0.35,5916,6032
SZ,301292,-1.34,5916,15471
SH,688526,-1.16,5915,5915
SH,605183,-1.09,5914,5954
SH,603595,4.65,5913,5913
SZ,300369,-11.8,5912,5934
SZ,301328,-2.14,5911,8179
SZ,002232,-2.81,5908,5908
SZ,002272,-0.95,5906,7016
SH,603269,0.51,5905,5905
SZ,300041,-0.9,5902,6064
SH,600106,-1.98,5901,5901
SH,600851,0.88,5898,9644
SH,688408,-0.18,5897,5897
SH,600586,-1.41,5896,5896
SZ,003010,-2.75,5896,8109
SZ,002210,-2.19,5895,5908
SZ,300129,0.37,5893,9093
SH,600644,-1.54,5893,5893
SZ,002029,-0.77,5889,6239
SZ,000025,-1.05,5888,6462
SZ,002635,0.13,5882,9810
SH,600855,-1.09,5878,5890
SZ,002382,0.17,5877,5935
SH,605018,-1.02,5876,5876
SZ,002452,-1.72,5868,7028
SZ,301638,-1.67,5865,74531
SZ,300706,0.72,5858,7901
SZ,300617,-2.08,5845,6971
SZ,300084,-1.11,5840,6805
SZ,300969,-0.89,5838,12240
SZ,000561,-1.3,5837,6497
SZ,000735,-1.73,5835,5838
SH,688185,1.35,5834,12602
SZ,300151,1.61,5829,8419
SH,603221,-2.93,5829,5829
SZ,301153,-3.98,5829,6249
SZ,000571,-1.91,5828,6008
SH,688219,-1.11,5815,5815
SZ,001330,-3.09,5814,6873
SZ,300756,0.53,5812,6679
SZ,000793,-1.35,5809,9579
SZ,300283,-4.79,5804,7594
SH,605277,-0.9,5799,5906
SH,688709,-0.56,5796,16647
SH,688717,-1.02,5794,9360
SZ,003040,1.69,5788,5843
SH,688510,1.41,5783,5783
SZ,301000,-1.75,5779,6122
SH,601968,-0.43,5779,5779
SZ,300467,-0.95,5777,6897
SH,600433,-2.64,5776,5776
SZ,000881,-1.07,5775,6041
SZ,300470,-0.6,5774,6084
SH,600691,-1.61,5773,5774
SH,600963,-1.79,5765,5765
SZ,002132,-0.71,5765,5774
SZ,300258,-1.26,5762,5915
SH,605555,-1.48,5760,5760
SZ,002992,2.59,5760,6669
SZ,300046,-0.48,5755,5755
SH,603507,-0.2,5737,5801
SZ,002752,-1,5736,5744
SZ,300709,0.34,5736,7145
SZ,002803,-3.54,5734,8824
SH,600375,-2.48,5734,6284
SH,600815,-1.51,5730,5730
SZ,300579,-4.26,5728,5937
SZ,300047,-3.38,5716,6352
SZ,003041,-2.37,5715,6015
SH,600054,-0.17,5713,8118
SH,688767,0.55,5712,5712
SZ,000036,-2.15,5710,5714
SZ,300063,-3.59,5708,6910
SH,600826,-1.86,5707,5707
SH,600592,-1.78,5706,5706
SZ,300079,-3.25,5703,6346
SZ,002860,-0.11,5700,5835
SH,603012,1.26,5696,5696
SZ,002390,0.68,5687,5734
SZ,300981,0,5683,6201
SZ,002793,3.56,5679,5688
SZ,002073,-0.87,5678,5737
SZ,002194,10.01,5671,7584
SZ,000948,-2.99,5666,5677
SZ,002206,-1.1,5665,6228
SH,688562,-2.13,5664,5664
SZ,300566,-0.86,5658,6542
SZ,300465,-6.17,5658,5658
SZ,001236,-2.22,5655,7518
SH,688334,-0.87,5653,5733
SZ,000912,-1.09,5645,5645
SZ,920368,2.1,5645,5933
SH,688553,0.45,5642,6960
SZ,301307,1.57,5640,10920
SZ,002997,-0.4,5635,5635
SZ,002218,-1.92,5634,5718
SZ,000042,0.71,5625,5631
SZ,300217,-0.87,5624,6695
SH,600982,-1.36,5622,5622
SZ,300159,-1.92,5619,10036
SZ,301607,-0.42,5618,8665
SZ,301099,0.6,5618,9231
SH,600742,-1.81,5618,5618
SH,600425,-0.84,5616,5616
SZ,002263,-1.96,5616,5616
SH,688733,0.5,5616,5616
SZ,301101,-1.72,5615,5830
SZ,000670,-2.02,5614,5719
SZ,300203,-0.86,5609,5614
SZ,002510,-1.58,5607,5664
SZ,300075,-4.3,5603,6752
SH,688135,0.33,5597,5597
SZ,300307,2.75,5595,5692
SZ,002956,-1.04,5594,5595
SZ,300626,-1.04,5593,5596
SH,688689,-0.02,5592,5592
SH,600477,-2.46,5591,5591
SZ,000697,-1.26,5591,11951
SH,688658,0.81,5589,5589
SZ,000900,-0.8,5585,5586
SH,688307,0.65,5582,5582
SH,603609,-0.63,5578,5578
SH,605288,-4.89,5570,5608
SZ,300708,-0.25,5569,7282
SH,603887,-2.83,5569,5569
SZ,301362,2.25,5568,19848
SZ,002649,-8.05,5567,6139
SH,688117,1.98,5559,5559
SZ,300592,-4.88,5557,6322
SH,600035,-0.57,5555,5555
SH,600223,-0.54,5550,5550
SH,688315,0.45,5535,5535
SH,605339,-1.13,5533,5533
SH,688173,-1.46,5533,5585
SZ,300212,-1.73,5532,5702
SZ,002298,-2.21,5531,6195
SH,688226,-1.31,5524,5737
SZ,301312,0.17,5519,10971
SZ,301070,5.5,5515,8204
SH,603855,-0.83,5513,5545
SZ,002951,-1.64,5511,5565
SH,688323,1.55,5505,5505
SH,600237,3.66,5490,5542
SZ,300990,0.48,5482,12071
SH,688151,-1.05,5481,5481
SZ,300581,-1.28,5479,5479
SH,600292,-1.41,5473,59362
SH,603366,-1.74,5472,5472
SH,688309,1.31,5472,5472
SZ,300905,0.28,5471,7014
SZ,002349,0.9,5471,5585
SZ,300525,-5.83,5470,6667
SH,688057,6.91,5468,5468
SH,600769,-1.14,5467,5467
SH,600694,-1.36,5462,5462
SH,688345,-0.53,5462,5488
SZ,300019,-1.19,5459,5822
SH,603686,-1.64,5450,5450
SH,688656,-0.35,5445,5445
SZ,300841,0.39,5441,5945
SZ,300066,1.3,5440,5668
SH,603901,-1.33,5439,5514
SZ,000501,-1.25,5432,5437
SH,688237,-0.25,5430,5430
SH,600881,-2.32,5430,5430
SH,688170,0.63,5428,5428
SZ,300278,-1.27,5426,5443
SZ,002164,-1.21,5426,6019
SH,688707,-1.38,5423,5423
SH,603098,-1.27,5415,5422
SH,600081,-0.8,5414,5414
SZ,000717,-1.75,5405,5405
SZ,300451,-3.79,5404,5484
SH,603897,-1.53,5400,5400
SZ,002255,-1.5,5397,7029
SZ,300197,-2.14,5397,5397
SZ,301306,-0.57,5396,7816
SZ,000411,-0.3,5389,5400
SZ,002882,-0.67,5385,9446
SH,603587,-0.77,5384,5384
SZ,000920,-1.38,5383,5383
SH,603194,-0.6,5381,13654
SZ,301301,-1.02,5375,19354
SH,600698,-1.66,5373,6914
SZ,002196,-1.42,5373,5455
SH,600278,-0.63,5370,5370
SZ,300825,-2.11,5368,5483
SH,688601,-0.11,5354,5354
SZ,300918,-1.3,5345,5345
SH,603610,-0.12,5341,5341
SZ,002134,2.52,5340,5343
SH,603682,-0.87,5339,5339
SZ,300293,-2.04,5337,5337
SH,601008,-0.91,5335,5335
SH,603153,-0.96,5334,5414
SZ,002787,1.22,5334,7147
SZ,301580,-0.74,5332,7892
SH,603668,0.67,5331,5331
SH,688776,-2.39,5327,5327
SZ,000557,-1.34,5321,5323
SZ,002279,-4.29,5314,5760
SH,603666,0.16,5311,5311
SZ,300057,0.63,5310,6413
SZ,000608,-0.41,5307,5339
SZ,002351,-0.67,5304,9051
SZ,002572,-2.27,5303,7839
SH,600191,-2.23,5300,5300
SZ,002685,-1.67,5300,5300
SH,603848,-1.71,5300,5300
SH,603499,3.05,5295,5295
SH,688505,0.4,5294,7722
SZ,002424,1.32,5287,6415
SZ,002833,-0.38,5284,7736
SH,688711,-0.56,5278,5278
SZ,001359,1.68,5276,21103
SZ,003012,-1.68,5276,5380
SZ,002577,-0.99,5271,5271
SH,600189,0.41,5271,5271
SZ,300925,-3.63,5271,6465
SH,600981,-2.48,5270,5270
SZ,300300,-2.22,5268,5268
SH,601177,-0.82,5268,5337
SH,600720,-1.13,5267,11978
SH,688225,-8.28,5264,5264
SZ,300039,2.5,5263,6004
SH,603685,-0.37,5258,6602
SZ,000404,-1.03,5258,5283
SH,603889,-0.7,5257,5297
SH,600603,-1.96,5256,5256
SZ,300792,-3.14,5252,5854
SH,600234,0.45,5250,5250
SZ,000531,-1.19,5249,6009
SZ,002191,0,5246,5288
SH,603380,-0.66,5245,5245
SZ,300147,4.73,5239,5270
SH,600868,-0.71,5239,5239
SZ,300926,-1.28,5239,7635
SZ,002777,-3.64,5238,5287
SZ,300093,-0.39,5232,12231
SZ,002988,-0.23,5223,5223
SZ,002697,-1.07,5223,6202
SH,603988,-2.28,5221,5221
SH,605228,-1.43,5215,5236
SZ,300531,-5.48,5207,5365
SH,605050,-0.56,5199,5199
SH,601518,-0.71,5199,5199
SZ,300959,-1.24,5198,7984
SZ,002695,0.59,5196,5685
SZ,300006,-0.8,5195,5195
SZ,000880,-0.03,5194,10613
SH,600825,-2.35,5193,5193
SZ,002303,-3.93,5192,8223
SZ,002657,-3.67,5190,5250
SZ,002060,-1.47,5189,12465
SZ,300689,-1.21,5188,5894
SZ,001323,-1.76,5182,7244
SH,601086,-0.88,5181,5181
SZ,301321,-0.13,5181,6544
SH,603131,-1.15,5178,5178
SH,600217,-1.57,5172,5172
SH,688575,-0.54,5171,5171
SZ,002915,-3.85,5165,6011
SZ,002229,-3.14,5163,5195
SH,600743,-0.44,5161,5161
SZ,002300,-1.64,5157,5157
SZ,300067,-2.99,5155,6349
SZ,300648,0.67,5151,6766
SZ,002358,-1.59,5151,5151
SZ,002870,0.03,5151,5275
SH,603170,-1.07,5148,5148
SZ,002419,-1.09,5147,5147
SH,603122,4.28,5143,5143
SH,600984,-1.91,5141,5141
SZ,300587,0.21,5137,6336
SZ,300633,-1.68,5135,8386
SH,688115,-0.86,5134,5134
SZ,000517,-2.82,5133,6559
SZ,002383,-1.97,5131,5131
SH,688101,-1.08,5130,5130
SZ,002713,-0.4,5128,9267
SZ,002489,-1.82,5127,5813
SH,600513,1.41,5127,5127
SZ,002567,-0.82,5125,5130
SZ,002824,-1.17,5125,7051
SH,601199,-0.35,5125,5125
SZ,300446,-1.29,5122,11591
SZ,000409,-2.9,5119,5875
SH,603727,1.28,5113,5113
SH,600784,-1.81,5108,5108
SZ,300528,-2.97,5101,5101
SZ,300443,-0.89,5101,6726
SZ,300036,-3.69,5100,5647
SH,603158,0.48,5099,5099
SZ,002376,-7.43,5093,5244
SH,600199,-4.79,5091,5091
SZ,002805,-1.71,5091,5114
SZ,301012,-1.81,5089,5089
SZ,300619,0.04,5086,6042
SH,688181,-1.26,5086,5086
SZ,301566,-0.57,5083,9632
SH,605009,-1.24,5079,5079
SH,603173,-1.05,5078,5078
SZ,002640,-3.8,5078,5110
SZ,301368,-2.24,5072,5072
SH,600889,1.32,5070,8118
SZ,300507,-1.79,5068,5236
SH,601002,-2.02,5068,5068
SH,605580,-0.92,5062,5062
SZ,300697,8.68,5061,6611
SZ,000796,-2.3,5057,6094
SH,600569,-1.67,5055,5055
SZ,300161,-2.73,5050,5146
SH,600300,-0.94,5045,5045
SH,600138,-1.4,5045,5045
SH,603843,0.42,5044,5044
SH,600279,-0.92,5044,5044
SZ,300488,0.23,5043,5943
SZ,000925,-0.65,5040,5080
SZ,002637,0.46,5040,5099
SH,605287,-3.27,5039,5039
SZ,000888,-1.33,5037,5037
SZ,003033,2.63,5034,5097
SZ,000652,-1.7,5031,5035
SH,603137,10,5031,5031
SZ,002122,0.8,5029,5064
SZ,000560,-3.58,5028,5064
SH,603353,-0.83,5022,5022
SZ,002530,-3.72,5019,5626
SZ,300711,6.15,5018,5665
SZ,301007,-1.86,5016,5083
SH,688073,7.5,5015,5015
SZ,920640,0.33,5001,5198
SZ,300158,0.6,4997,5001
SZ,301333,2.57,4997,5003
SZ,300287,-3.8,4996,5440
SH,601279,-0.93,4995,4995
SH,603110,-0.31,4990,4990
SH,600593,-1.26,4988,5052
SH,605377,-1.74,4988,4988
SH,688348,-0.74,4984,4984
SZ,000852,-1.31,4979,5008
SZ,002201,-0.47,4979,5389
SH,603217,5.1,4975,4975
SZ,000525,-1.96,4970,5824
SZ,301413,-2.14,4968,8321
SH,600939,-2.6,4965,4965
SZ,002638,-2.64,4964,5272
SZ,001313,-1.65,4964,4970
SZ,300695,-2.28,4964,4964
SH,600756,-3.4,4962,5353
SH,605299,-2.4,4961,4961
SZ,300856,-1.81,4961,5133
SH,688566,0.45,4959,4959
SH,688539,1.06,4958,4958
SH,688410,-0.08,4953,4953
SZ,002307,-2.55,4953,5012
SZ,301529,-2.25,4952,9225
SZ,002757,1.68,4950,5185
SH,600284,-1.15,4948,4948
SH,600336,-0.63,4948,4948
SH,601011,-3,4942,4942
SH,600610,-1.12,4940,7467
SZ,002301,-2.68,4940,4981
SZ,300569,-0.81,4935,4950
SH,603590,1.43,4935,4960
SH,603196,-0.8,4934,8717
SZ,301053,-0.06,4932,5311
SZ,301589,-2.22,4932,13228
SH,600979,-1.48,4929,5005
SH,688720,1.01,4927,7727
SZ,002045,1.98,4926,4933
SH,688207,-2.1,4918,4918
SZ,002047,-2.4,4912,4913
SH,600817,0,4903,4927
SZ,300878,1.01,4899,4921
SH,688683,1.74,4896,4896
SZ,002479,1.43,4894,4905
SZ,301256,-2.66,4891,4891
SZ,002166,-0.89,4889,4909
SZ,300227,1.42,4883,6375
SZ,002038,0.7,4881,5887
SZ,300233,0.69,4878,5063
SZ,301162,-1.22,4877,7516
SH,600121,-6.09,4874,4874
SZ,920576,-0.41,4871,4920
SZ,300406,-0.68,4858,6711
SH,688228,-2.95,4857,4857
SZ,002443,10.02,4857,4857
SZ,300783,-2.03,4849,6949
SH,600197,-1.34,4845,4845
SZ,002819,-2.99,4843,6103
SZ,300534,7.58,4842,4863
SH,603111,-0.16,4841,4983
SH,688655,6.36,4838,4838
SZ,002334,-1.78,4836,5396
SZ,300368,-3.68,4835,4835
SH,603777,-0.34,4829,4829
SH,688448,-2.53,4828,4828
SH,603511,0.92,4827,4875
SZ,300681,-1.36,4826,6400
SH,688282,-1.8,4825,4825
SZ,002154,-2.38,4825,5969
SH,600308,-1.23,4824,4824
SZ,002238,-2.11,4823,4823
SZ,300219,-0.57,4819,4828
SZ,300797,0.88,4813,4826
SH,600790,-0.9,4808,4808
SZ,301004,-1.91,4806,5148
SZ,002189,-1.96,4805,4806
SZ,002066,-0.09,4805,4886
SH,603976,-2.29,4803,4803
SZ,002559,0,4803,6117
SZ,002165,-1.48,4802,4853
SZ,300788,-2.31,4796,4796
SH,603286,-0.45,4795,4840
SH,688786,1.65,4794,4794
SZ,301379,0,4793,6082
SH,600814,-1.8,4793,4793
SH,688691,-0.22,4790,7878
SZ,301008,19.99,4789,5423
SZ,002940,0.62,4788,5213
SZ,300149,2.58,4787,5020
SZ,300785,-3.64,4786,7779
SZ,301265,1.4,4784,5941
SZ,001208,-1.56,4781,9575
SZ,300261,-1.35,4780,4884
SZ,300291,-3.92,4780,4841
SZ,002344,-1.31,4779,4784
SZ,301048,-1.42,4779,4779
SZ,001328,-0.8,4777,5086
SZ,002642,-3.08,4777,4777
SH,600084,-2.96,4776,4776
SH,603162,-2.41,4776,15549
SH,600073,-0.77,4773,4773
SH,600990,-1.82,4770,4770
SH,600231,-1.17,4765,4825
SZ,301349,0.31,4763,6032
SH,600207,-0.9,4760,4760
SH,601566,-1.77,4758,4758
SZ,300586,1.37,4758,6330
SZ,002892,-1.85,4756,7051
SZ,002662,-1.24,4755,4755
SH,605368,-1.18,4752,4752
SZ,002959,-0.9,4745,5289
SH,603097,0.52,4743,4854
SH,603598,-2.65,4739,4744
SH,688591,-1.92,4738,6761
SH,688667,-1.82,4737,4737
SZ,002291,-4.38,4737,5096
SZ,002033,-1.02,4737,4737
SZ,300518,-0.49,4735,4736
SZ,002632,-0.95,4733,5147
SZ,001322,-2.26,4729,5822
SH,688419,-0.26,4729,4729
SH,688377,-1.07,4727,4727
SZ,301629,-0.4,4722,10265
SH,600288,-2.34,4722,4722
SZ,300249,-1.01,4721,5785
SZ,002728,-0.2,4717,4830
SZ,300755,-1.64,4716,4718
SZ,300292,-2.3,4709,5662
SZ,002570,-1.57,4709,4709
SH,603106,-9.95,4706,4706
SH,600605,-0.86,4705,4705
SZ,002528,-1.09,4705,5370
SH,688580,0.04,4704,4704
SZ,300232,-1.66,4700,5768
SH,688320,-1.2,4694,4694
SZ,301268,-2.4,4691,5187
SH,601789,-2.26,4684,6570
SZ,002590,-2.06,4682,4910
SZ,300259,-2.4,4677,4678
SZ,002526,-1.85,4676,4707
SH,688609,-0.94,4675,4880
SZ,002749,-0.57,4665,4769
SZ,000753,-2.07,4660,4660
SZ,301179,-1.84,4655,7926
SH,688679,-2.64,4651,4651
SZ,301330,-2.4,4648,5630
SZ,002482,-2.35,4642,4651
SH,603187,1.59,4642,4691
SZ,300215,-2.2,4637,4637
SH,603408,-1.7,4637,4637
SZ,301603,1.04,4636,14837
SH,603365,-1.1,4635,4659
SH,688796,4.79,4633,53623
SH,688389,-0.36,4632,4632
SZ,000863,0,4630,4699
SZ,002455,-0.7,4626,5057
SH,600976,0.6,4625,4628
SH,600551,-2.14,4624,4624
SZ,000720,-6.35,4624,4624
SZ,000078,6.02,4620,4631
SZ,301391,-0.35,4620,4728
SZ,002375,-1.41,4619,4650
SZ,301365,-2.66,4617,6841
SZ,301367,-1.25,4617,5896
SZ,001317,-0.93,4615,4620
SZ,002111,-1.14,4614,5022
SZ,002501,-1.51,4610,4615
SZ,300490,-1.75,4609,4672
SH,688696,-1.34,4607,4607
SZ,000936,-0.75,4607,4607
SH,688665,-0.23,4606,4606
SZ,002235,-0.59,4606,4822
SZ,000417,-2.14,4604,4609
SZ,000993,-0.98,4602,4602
SZ,301045,-0.4,4595,7271
SZ,300727,-1,4593,5103
SH,600495,-1.29,4591,4591
SZ,301583,-1.09,4586,27587
SZ,301211,0.18,4585,4585
SH,600758,-5.44,4583,4587
SH,600088,-2.36,4578,4578
SZ,300016,2.26,4576,4735
SZ,002523,-1.51,4573,4590
SH,688330,-1.29,4572,4572
SZ,300964,6.99,4571,6229
SZ,300388,-1.02,4570,4570
SZ,002483,-0.38,4568,4574
SH,603070,-1.97,4567,4567
SZ,002481,-1.68,4562,5033
SZ,300688,-2.28,4560,5144
SH,603767,-1.39,4558,4558
SZ,002556,-2,4558,4563
SZ,002919,-1.53,4552,4586
SH,688085,-0.83,4551,4761
SH,603387,0,4549,4549
SH,603191,-1.84,4547,4547
SH,603711,-1.33,4546,4546
SZ,002401,-2.62,4545,4549
SH,603980,-0.88,4542,4542
SZ,300027,-5.34,4539,4911
SH,603758,9.97,4539,4539
SZ,002478,-0.62,4539,5657
SZ,300138,-1.2,4537,5503
SZ,001207,-0.63,4536,4699
SZ,300461,-1.84,4535,4937
SZ,000045,-2.06,4534,5025
SZ,002026,-0.67,4533,4533
SH,600523,-1.48,4529,4532
SH,600681,-1.16,4529,4532
SH,600715,-2.46,4523,6415
SZ,002573,-1.22,4522,4529
SH,603222,0.23,4521,4521
SH,600626,-1.71,4517,4517
SZ,002774,-0.67,4514,5394
SZ,301239,-0.77,4513,4753
SZ,002989,0.53,4505,4591
SZ,300737,-1.54,4498,5629
SZ,300547,-1.28,4491,5466
SH,688646,0.56,4489,6960
SH,603822,-0.81,4485,4485
SZ,300692,1.39,4484,4914
SH,603439,0.09,4483,4483
SH,605338,-1.15,4482,4482
SZ,301325,-1.13,4482,4482
SH,600379,3.12,4478,4478
SH,688218,-0.58,4477,4477
SZ,301230,1.81,4477,4978
SZ,002880,-1.68,4477,4477
SZ,000507,-0.39,4476,4562
SZ,002522,-1.58,4471,4475
SH,688119,-1.48,4466,4466
SH,603348,-1.58,4466,4466
SZ,300463,0.22,4464,5490
SZ,300871,0.05,4461,4461
SZ,300523,-2.33,4457,4457
SH,600101,-1.21,4454,4454
SZ,300123,-0.66,4453,4578
SH,688210,-0.17,4452,4452
SH,603683,-1.58,4451,4497
SZ,003004,-1.2,4448,5297
SH,601588,-2.33,4442,5623
SH,688379,-0.07,4442,4683
SZ,002161,3.45,4438,4439
SH,603206,-3.38,4435,4435
SH,688512,1.19,4434,6460
SZ,300196,1.01,4427,7326
SZ,300561,-1.54,4426,6024
SH,603032,-0.51,4425,4431
SZ,002727,-0.43,4424,6594
SZ,002884,-0.17,4424,5794
SZ,300267,-0.31,4424,6415
SZ,301055,-2.32,4421,4518
SH,603209,0.29,4421,4469
SZ,300397,-1.8,4420,5606
SZ,002627,-0.77,4419,4467
SH,601218,-0.21,4419,4419
SZ,300271,-4.29,4417,4514
SH,603916,-3.13,4413,4413
SZ,002907,1.08,4413,5487
SZ,000665,-2.75,4412,4412
SZ,300968,-2.72,4411,4411
SH,600283,-1,4408,4408
SH,600658,-3.66,4407,4407
SH,603060,-1.78,4406,4406
SZ,301075,-1.12,4406,4406
SH,603611,-0.51,4405,4405
SZ,000886,-1.74,4400,4450
SZ,000821,-0.81,4396,4528
SZ,300702,-0.56,4395,7269
SZ,002540,-0.57,4394,6388
SH,603726,0.76,4394,4416
SH,601065,-0.72,4390,4390
SH,600178,-1.56,4385,4385
SH,603803,-2.36,4385,4385
SH,603528,-2.96,4384,4384
SH,688267,-1.38,4380,4380
SH,603661,-0.18,4379,4379
SH,605208,-1.4,4378,4378
SZ,301487,-0.86,4370,7363
SZ,002454,-1.38,4369,4378
SZ,300767,-0.7,4368,5031
SZ,002707,-1.74,4368,4963
SZ,301458,0.43,4368,9915
SZ,301488,-4.37,4360,10640
SZ,002746,-0.48,4357,5284
SH,600071,-1.71,4356,4356
SZ,000558,-1.73,4356,4358
SH,603558,-1.39,4355,4355
SZ,002651,-1.52,4354,7958
SH,605300,-0.92,4353,4353
SZ,300917,-3.19,4352,4352
SZ,300326,-1.77,4350,4352
SH,600173,-2.04,4350,4350
SZ,000759,-1.62,4347,4392
SZ,300847,-8.58,4345,4345
SZ,002059,-1.77,4345,4475
SH,603165,0.65,4344,4344
SZ,002641,-1.78,4343,4707
SZ,002146,-1.76,4342,4826
SZ,000819,-1.32,4341,4382
SZ,300018,0.25,4339,5825
SZ,002124,-1.78,4339,4888
SH,600382,-1.57,4333,4333
SZ,920077,-1.43,4332,8413
SZ,002543,-1.05,4327,4863
SH,600714,-2.2,4326,4326
SZ,001283,0.1,4321,5419
SZ,300429,-2.17,4319,5743
SH,688196,-1.58,4318,4318
SZ,001338,-1.93,4315,4315
SZ,300663,-4.48,4314,4483
SH,603339,0,4314,4314
SH,603150,0.26,4313,4313
SZ,000521,-0.8,4306,5067
SZ,301058,-3.1,4303,4375
SZ,300491,-1.47,4301,4849
SZ,002393,0.21,4296,4412
SZ,300791,-1.35,4294,5141
SZ,000526,-0.97,4283,4297
SZ,300189,-5.28,4281,4946
SH,688010,-1.29,4279,4279
SH,603015,-0.83,4277,4277
SH,603018,-1.68,4276,4276
SZ,001288,-0.17,4275,6580
SZ,002902,-0.11,4270,5650
SZ,300286,-1.38,4270,5154
SH,600558,-1.65,4255,4255
SZ,002480,0.36,4253,4261
SZ,300210,-2.22,4247,4247
SZ,000718,-1.58,4244,5644
SH,600340,-0.9,4244,4244
SZ,002427,-1.14,4243,4247
SZ,002367,-1.47,4243,4260
SH,603869,-2.79,4241,4241
SH,605088,-0.84,4241,4273
SH,600222,-0.65,4240,4240
SH,603519,4.54,4235,4235
SH,600152,-0.86,4233,4233
SH,600168,-0.92,4232,4232
SH,688551,-0.25,4231,4231
SH,688639,-0.93,4229,4229
SZ,002765,-0.27,4225,4624
SZ,301235,-0.41,4224,5644
SH,603322,-2.04,4217,4217
SZ,300290,-0.74,4215,4216
SZ,300441,-1.6,4213,4337
SH,688350,-1.53,4211,4211
SZ,002264,-2.4,4211,4657
SH,603928,-1.27,4211,4211
SH,603016,-2.5,4209,4209
SH,688530,3.09,4208,9652
SH,600819,-1.65,4207,5206
SZ,002117,-3.36,4204,4205
SH,600227,2.49,4203,5556
SZ,301282,2.94,4203,5020
SH,688236,0.07,4202,5589
SH,600609,-2.41,4201,4201
SH,688719,-1.88,4199,5400
SH,603072,2.4,4196,8785
SZ,300532,-2.11,4196,4411
SH,603669,0,4196,4196
SH,605577,-1.66,4196,4196
SH,605086,-1.55,4193,4193
SZ,300733,-0.68,4190,5683
SH,688356,1.29,4190,4190
SH,603998,1.38,4189,4189
SZ,002788,1.39,4189,4262
SH,688291,-1.2,4184,4184
SH,603960,-1.66,4179,4179
SZ,920593,-0.61,4174,4897
SZ,002418,-2.12,4171,4171
SH,600650,-4.29,4167,5886
SZ,000016,0.77,4167,6285
SZ,300984,-0.64,4161,6457
SZ,002112,-2.93,4157,4665
SH,603912,-1.78,4154,4154
SZ,003026,0.14,4153,5395
SZ,002589,10.14,4151,4574
SZ,002490,-0.12,4150,6308
SZ,000011,-2.71,4149,4696
SH,603318,-2.47,4145,5009
SH,603069,-2.23,4143,4143
SZ,300859,-1.36,4142,4142
SZ,300541,-3.96,4132,4580
SZ,301252,-1.19,4131,5151
SH,603058,-1.08,4130,4130
SZ,300893,-0.29,4129,7786
SZ,002285,-3.23,4128,4165
SZ,300715,-0.89,4128,4987
SZ,300539,-1.7,4127,5078
SZ,000655,0.14,4126,4126
SZ,300745,-1.52,4123,4883
SZ,002586,-0.25,4122,4337
SZ,301160,-0.47,4116,6195
SZ,300793,-1.68,4115,4209
SZ,002876,0.04,4105,4792
SH,603088,1.3,4103,4707
SH,688311,-0.84,4103,4103
SZ,300228,-1.73,4102,4385
SH,605028,-1.41,4099,4099
SZ,300669,-2.8,4099,4328
SH,603716,3.3,4096,4096
SH,603697,-1.63,4093,4093
SZ,300121,-1.64,4088,4239
SH,600505,-0.87,4087,4087
SZ,301277,1.76,4085,4085
SH,603966,-0.5,4085,4090
SZ,300071,-3.99,4084,4164
SH,603167,-0.22,4082,4082
SH,688558,0.65,4081,4081
SZ,002380,-2.2,4081,6888
SZ,000518,0,4077,4077
SH,688186,-1.08,4076,4076
SZ,301370,-0.22,4075,4075
SZ,300557,0.85,4074,4095
SH,603271,-0.2,4072,8532
SH,600479,0.21,4072,4789
SZ,301168,-0.08,4071,5125
SZ,300963,-2.88,4067,5545
SH,603790,-0.18,4064,4064
SH,603081,0.63,4064,4064
SZ,002512,0.27,4060,4090
SZ,300632,-1.49,4059,5600
SZ,300705,0.37,4058,5488
SZ,002758,-0.37,4058,4062
SZ,300091,-0.79,4056,7048
SH,688653,-2.2,4053,5438
SZ,300061,-3.55,4050,4290
SZ,300403,-1.75,4049,5716
SZ,002406,-1.6,4047,4907
SH,688269,-1.71,4043,4043
SZ,002328,0.28,4041,5464
SZ,003019,-1.55,4038,4132
SZ,002843,-1.46,4033,4058
SZ,002553,-1.8,4033,5563
SZ,301115,0.15,4031,4959
SH,603636,-4.13,4028,4028
SH,688595,-1.19,4027,4027
SZ,002520,-1.91,4025,4209
SZ,920239,0,4024,4073
SH,688023,-5.58,4023,4023
SH,603085,-0.68,4023,4023
SZ,301187,-0.68,4020,4020
SH,600076,-2.28,4020,4020
SZ,300320,-0.83,4019,4978
SH,600261,-1.3,4019,4019
SZ,000678,-2.23,4017,4017
SZ,002560,-1.85,4015,4662
SZ,002321,-2.06,4014,4031
SH,600135,-1.88,4011,4011
SZ,002160,0.26,4010,4018
SZ,000782,0.4,4009,5211
SZ,300105,-2.62,4005,4008
SZ,920139,-1.08,4004,4145
SZ,300643,0.52,4004,4013
SZ,002644,0.64,4004,4004
SH,688633,-1.33,4003,4003
SZ,000599,-1.79,4002,11971
SH,605268,-1.62,3996,3996
SZ,300481,-1.35,3994,4019
SH,600857,1.02,3993,3993
SZ,002886,-0.51,3991,5025
SH,605055,-2.25,3991,3991
SH,603035,-1.17,3990,3990
SZ,300662,-3.13,3989,4001
SZ,000520,-0.5,3988,3988
SH,603933,0.21,3987,3987
SH,688571,-1.46,3983,3983
SH,603429,-1.55,3976,3976
SZ,002950,-0.1,3974,5858
SH,600127,0.32,3973,3973
SZ,300882,-1.51,3966,4262
SZ,001316,-0.82,3965,4250
SZ,300588,-0.96,3964,4293
SZ,300022,-1.59,3964,3964
SZ,300355,-1.35,3962,4652
SZ,300606,-0.96,3962,4658
SH,603121,-2.65,3961,3961
SH,600727,-1.95,3959,3959
SH,603679,-1.54,3959,3959
SH,688768,-1.17,3958,3991
SZ,300668,-1.97,3957,4778
SH,688807,0.82,3954,19770
SH,603178,-1.35,3953,3953
SZ,300421,-1.65,3952,5046
SH,688247,1.52,3949,3949
SZ,002772,-0.37,3943,3976
SH,600792,-3,3940,3940
SZ,301280,-0.27,3940,7587
SH,603421,-5.92,3933,3933
SH,603967,-0.52,3931,3931
SZ,000919,-0.31,3930,3931
SH,688215,5.05,3929,3929
SH,603324,-0.58,3921,4058
SZ,300571,-1.99,3918,4727
SZ,300004,-2.27,3917,3917
SH,603615,-0.54,3915,3915
SH,688133,-0.41,3914,3914
SZ,000096,-1.28,3913,4044
SZ,002040,-0.85,3913,3913
SH,688238,1,3910,3920
SZ,002449,-1.55,3909,3909
SZ,300590,-1.61,3907,5048
SH,688039,-2.99,3903,3903
SZ,000428,-3.27,3902,3902
SZ,301102,-2.73,3898,3898
SH,600725,-2.46,3895,3895
SH,603719,-1.6,3892,3892
SH,600729,-1.12,3890,8902
SH,603607,-1.13,3886,3886
SH,603520,0.23,3884,3884
SZ,920946,0,3884,3885
SZ,002177,-4.79,3881,4377
SH,603689,-0.66,3879,3896
SH,688459,-0.97,3878,3878
SH,600628,-1.31,3875,3875
SZ,300183,-2.78,3874,4830
SH,600798,-0.92,3873,3873
SZ,002693,-0.2,3871,3906
SH,603261,-0.98,3871,3871
SH,688211,-0.73,3871,3871
SH,605286,-2.16,3871,3871
SH,688489,-4.08,3870,3900
SH,601368,-1.34,3867,3867
SH,688168,-2.28,3865,3865
SZ,002612,-0.45,3865,6721
SH,603956,-3.13,3864,3864
SZ,301517,-1.19,3863,5989
SZ,002930,-1.86,3862,4081
SH,603676,-0.33,3860,3860
SZ,000882,-1.39,3857,3860
SH,603315,-2.34,3854,3854
SZ,300712,-1.66,3852,3869
SZ,301116,-1.6,3852,3852
SZ,002116,-1.4,3849,3896
SZ,002370,0.58,3847,3848
SZ,300332,-1.66,3835,4001
SZ,301376,-2.64,3834,7969
SZ,300349,-1.88,3834,4327
SZ,301169,-4.18,3834,3835
SH,603175,1.51,3833,36842
SZ,301186,0.06,3833,4077
SZ,000523,0,3830,5305
SH,603239,-1.25,3828,3828
SZ,300629,-1.44,3826,4438
SZ,300111,-0.66,3823,3823
SZ,300380,-3.28,3820,4152
SZ,000822,-1.15,3813,3813
SZ,002688,-1.34,3812,3924
SH,603113,-1.53,3801,3801
SH,600526,-1.13,3798,3866
SZ,000906,-0.54,3794,3839
SH,688298,-1.2,3792,3792
SZ,300907,-2,3789,3789
SZ,300318,-0.41,3788,3905
SZ,000816,-1.86,3786,3806
SZ,301003,-0.76,3786,4894
SZ,300248,-7.03,3784,4406
SH,603291,1.13,3784,3784
SZ,300177,-2.64,3783,4644
SZ,000850,-2.19,3783,3784
SH,603703,-1.4,3776,3776
SZ,300010,-2.57,3776,4691
SZ,002088,-1.83,3774,3800
SH,600067,-2.16,3771,3771
SH,688588,-3.96,3771,3771
SZ,300231,-3.52,3771,3771
SZ,002197,-2.48,3770,4337
SZ,300654,-4.37,3770,3914
SZ,300351,-0.96,3770,5565
SH,688136,0.81,3769,3769
SZ,000626,-0.12,3768,3790
SH,601113,-1.44,3765,4618
SH,688045,0.6,3765,3765
SH,600520,-0.78,3764,3764
SZ,300508,-0.23,3764,5000
SZ,002564,-2.22,3762,3762
SZ,002554,-1.39,3760,3761
SZ,300880,-2.22,3756,3756
SH,603138,-3.62,3754,3823
SZ,001380,-1.7,3754,4369
SH,603020,-1.18,3753,3753
SZ,301016,-3.03,3752,3913
SZ,002786,-1.8,3750,3762
SH,605058,1.2,3746,3746
SZ,301373,2.01,3744,9904
SH,605189,-3.25,3743,3743
SZ,300553,-2.13,3741,4882
SZ,002035,-0.82,3738,4052
SH,600337,1.17,3736,3736
SH,600960,-1.74,3736,3736
SZ,002322,-1.38,3735,3886
SZ,300055,-2.63,3727,4928
SH,688600,1.58,3725,3725
SZ,300125,16.22,3724,6872
SH,600527,-1.82,3723,3723
SZ,002986,-0.79,3722,4687
SZ,002037,10.01,3721,3721
SZ,002228,-1.59,3713,3725
SH,600794,-1.58,3708,3708
SH,605162,-1.75,3707,3707
SH,600568,-1.32,3705,4424
SH,600734,-1.15,3702,3703
SZ,001269,-0.25,3702,3702
SH,605369,-0.64,3701,3701
SH,603657,-2.87,3699,3699
SZ,300317,-2.18,3697,3703
SH,688590,-4.43,3696,4108
SZ,300758,-1.34,3691,4095
SZ,000797,-2.07,3691,3691
SZ,002584,-1.37,3687,4606
SH,688199,0.13,3686,3686
SZ,300434,2.38,3685,4327
SZ,002090,-1.9,3683,3705
SH,600805,-1.58,3682,3684
SZ,300299,-3.25,3682,3686
SH,600333,-1.3,3679,3679
SH,605337,-0.31,3675,3675
SZ,300901,-1.66,3670,3670
SH,601188,-1.39,3668,3668
SZ,002187,-1.5,3666,3666
SZ,300911,-2.27,3665,3922
SZ,920799,-3.93,3663,6381
SZ,301398,-2.32,3663,3758
SH,600800,-2.93,3662,3663
SZ,002562,-0.65,3661,5143
SH,688299,-1.23,3659,3659
SH,600824,-1.69,3657,3657
SZ,920809,-4.55,3654,4768
SZ,002669,-1.22,3654,3662
SH,603038,-0.94,3651,3651
SH,603316,0.29,3642,3721
SH,688148,0.28,3638,3638
SZ,002162,-1.48,3637,3642
SH,603926,-1.31,3636,3670
SZ,000532,-2.03,3635,3647
SH,688693,19.99,3633,6881
SH,600860,-2.03,3632,4478
SZ,301051,3.88,3629,4568
SZ,300096,-1.16,3629,3629
SZ,002305,-2.78,3624,3625
SH,600830,-1.59,3621,3621
SH,603126,-1.65,3620,3620
SZ,300068,-2.07,3620,3809
SZ,002469,-2.36,3620,3737
SH,605378,-1.42,3614,3614
SZ,300044,-1.93,3613,3858
SZ,002677,-2.08,3612,4232
SH,600576,-2.14,3612,5768
SZ,300194,1.08,3612,4438
SZ,300478,0.71,3611,3611
SZ,300471,-1.62,3609,4528
SH,600980,1.55,3605,3682
SZ,001238,-3,3604,3852
SZ,301085,-1.91,3602,5305
SZ,300200,-1.95,3599,3659
SZ,300809,-1.64,3599,6060
SZ,000505,-4.04,3598,4136
SZ,301201,-0.32,3596,5126
SZ,002628,-2.64,3596,3611
SH,688607,1.53,3591,3990
SZ,000903,-1.57,3591,3618
SH,603706,-0.46,3591,3591
SH,600506,-1.77,3587,3587
SZ,002676,-0.98,3585,3586
SH,600262,-3.64,3584,3584
SZ,300933,-2.52,3583,3583
SZ,300424,-2.16,3583,3585
SH,688075,-0.8,3582,3582
SZ,300639,-0.34,3580,3672
SZ,300943,0.04,3577,5464
SZ,301026,-0.57,3570,4944
SH,603639,-1.03,3569,3671
SH,688785,0.56,3566,17823
SH,603105,-0.82,3565,3565
SZ,301322,2.26,3564,5284
SH,688606,-0.12,3563,3563
SH,603139,-1.62,3562,3562
SZ,002457,-1.65,3559,3562
SH,603199,-0.7,3558,3558
SH,603232,-2.15,3557,3577
SH,603559,-6.13,3555,3555
SZ,300611,-1.39,3550,5053
SZ,000659,-1.07,3549,3549
SH,688212,-1,3547,3547
SH,688569,0.24,3546,3546
SZ,301630,1.67,3545,9462
SH,603551,-1.05,3544,3589
SZ,002609,-2.02,3542,4967
SZ,300414,-1.56,3540,3681
SZ,300402,-1.88,3540,3586
SZ,002095,-3.09,3539,3553
SZ,000407,-0.73,3538,3556
SZ,002412,1.43,3535,3573
SZ,002973,1.09,3529,4540
SZ,300559,-4.86,3528,4530
SZ,002016,-3.32,3528,3528
SZ,300736,-1.21,3527,3618
SH,688533,-1.15,3526,3526
SH,600581,-0.42,3526,3526
SH,603109,-0.52,3525,3525
SZ,002849,0.06,3523,3552
SZ,300120,-2.04,3523,3837
SZ,001257,0.51,3521,47202
SH,600579,-1.92,3514,3514
SZ,002356,-1.1,3514,3514
SZ,300894,-1.56,3511,4836
SZ,301096,0.91,3508,4612
SH,605388,-0.67,3507,3507
SZ,300494,-6.17,3505,4316
SZ,002107,0.82,3503,3538
SH,688033,-0.79,3502,3502
SH,688399,1.77,3502,3502
SZ,002225,-1.33,3500,4278
SH,600834,-0.4,3499,3499
SZ,301017,-1.45,3498,5484
SZ,002766,-7.89,3496,3508
SZ,300099,-1.63,3496,4431
SZ,301408,0.86,3494,6104
SH,603665,-1.61,3492,3492
SZ,300652,-1.21,3491,3890
SZ,001400,-1.27,3491,6343
SH,688157,-0.47,3490,3490
SH,603566,-0.48,3488,3488
SZ,300419,0.21,3483,3483
SH,601599,-1.63,3482,3482
SH,688813,5.59,3481,18517
SZ,301112,-0.65,3480,3480
SH,603798,0.15,3477,3477
SH,605186,-0.3,3476,3476
SH,603390,-1.87,3476,3481
SZ,300522,-1.99,3476,4260
SZ,920725,0.82,3474,7178
SZ,000726,-1,3471,4815
SZ,002791,3.92,3466,5634
SH,688398,-0.38,3464,3464
SZ,300213,-2.02,3462,3727
SH,605158,-0.72,3462,3462
SH,688302,1.92,3462,3462
SZ,000862,-2.47,3460,5058
SH,603569,-1.37,3458,3458
SH,603116,0.67,3457,3457
SH,603014,0.27,3455,14220
SZ,002783,-0.39,3454,3740
SZ,300962,-1.12,3453,3453
SZ,002462,-0.24,3451,3454
SZ,301421,-0.82,3448,8615
SZ,300190,-1.61,3446,3461
SZ,000889,-3.87,3445,3708
SZ,301246,-0.53,3444,8100
SZ,300533,-2.48,3444,4894
SZ,301613,7.04,3442,5902
SZ,002582,-0.69,3442,4477
SZ,300879,-0.74,3440,3463
SZ,301656,-0.34,3439,40617
SH,601033,-0.96,3437,12888
SZ,000716,-2.29,3436,3516
SZ,301609,-2.69,3436,5701
SZ,301500,2.27,3436,13382
SZ,001216,-0.2,3433,4082
SZ,301259,-1.04,3431,5350
SZ,000965,-2.82,3429,3429
SZ,300812,-0.56,3429,3779
SZ,002339,-1.91,3428,3609
SZ,301120,-1.42,3423,5657
SZ,300885,-1.48,3422,5085
SZ,300399,-3.23,3420,3420
SH,603813,-1.3,3415,3415
SH,688750,-0.33,3410,6771
SZ,300427,-1.45,3405,3443
SH,688098,-1.42,3404,3404
SZ,002927,-1.08,3403,3442
SH,603351,0.76,3402,3402
SZ,000509,-2.15,3402,3402
SH,688680,-0.25,3400,3400
SZ,002822,-1.54,3399,6201
SH,688286,-0.2,3395,3395
SZ,300840,-1.07,3395,4601
SZ,301479,-1.36,3394,5929
SZ,300453,0.11,3390,4918
SH,688163,0.55,3389,3389
SZ,000037,-0.69,3389,6028
SZ,300021,-2.01,3389,3967
SZ,300311,-12,3386,4244
SZ,301076,-3.05,3383,5061
SZ,300781,-3.55,3380,4580
SZ,300683,5.21,3376,3621
SH,688443,2.62,3375,8632
SH,688339,-1.36,3375,4147
SZ,002374,-0.95,3375,3375
SH,605566,-1.74,3374,3374
SH,603101,-2.7,3373,3373
SZ,300822,-3.46,3372,3636
SZ,002686,-1.82,3372,3652
SH,605068,-1.69,3370,3370
SH,688259,-0.71,3368,3368
SH,600539,0.34,3367,3367
SH,603396,-0.28,3365,3365
SZ,301175,-0.72,3364,7963
SH,603357,-1.47,3363,3363
SH,600156,-5.42,3362,3362
SH,688602,-1.36,3360,3360
SH,603309,-0.51,3359,3359
SZ,002571,1.81,3359,4413
SZ,002365,6.04,3358,4034
SZ,300078,-1.94,3351,3365
SZ,300551,-2.07,3350,3360
SH,600503,-2.33,3349,3349
SZ,301251,11.1,3345,8344
SZ,002369,-5.89,3341,3345
SZ,301110,-3.54,3340,4749
SZ,301289,-1.72,3340,3362
SZ,000926,-3.19,3335,3377
SH,688283,-1.61,3335,3335
SH,688053,-0.88,3333,3333
SH,601366,-1.69,3330,3330
SZ,000007,-2.13,3329,3329
SH,688522,-1.42,3328,8197
SZ,002667,4.3,3327,3664
SH,603811,0.69,3327,3327
SZ,002735,-0.92,3327,4379
SH,603095,-1.67,3327,3327
SH,603630,-1.33,3326,3326
SZ,300545,-0.99,3326,5160
SH,605077,0.27,3324,3364
SZ,002474,-5.7,3321,3907
SH,688636,-0.72,3320,3320
SZ,920819,0,3320,3359
SH,605398,-3.58,3319,3319
SZ,300729,-1.07,3319,3447
SZ,000868,-1.93,3316,3316
SZ,301033,-0.58,3316,3945
SH,605066,-1.78,3316,3316
SZ,300656,-0.86,3316,4270
SZ,300746,0.82,3315,3348
SZ,300069,-3.27,3312,3312
SH,600318,-2.41,3312,3312
SZ,000721,-2.56,3305,3702
SZ,301499,-1.68,3304,3304
SH,605399,-2.02,3303,3307
SH,600467,0.44,3302,3302
SZ,301315,-3.22,3300,3300
SH,603815,-2.37,3299,3299
SH,603648,-0.86,3298,3298
SH,603948,-1.01,3297,3297
SH,603007,-1.85,3295,4192
SZ,300749,2.7,3294,4294
SH,600638,-1.8,3293,3293
SZ,300473,-1.83,3290,3774
SH,605588,-0.76,3289,3297
SH,603051,-0.96,3284,3284
SH,603759,-2.06,3283,3283
SZ,002269,-2.77,3281,3518
SZ,300848,-0.37,3280,5545
SZ,300040,-1.85,3280,4079
SZ,002055,-2.12,3279,3337
SZ,300664,-1.3,3278,3403
SH,600229,-2.16,3277,3277
SZ,300241,-1.44,3276,3906
SH,688084,-0.22,3275,3275
SZ,301468,-0.9,3275,5682
SZ,300056,-4.81,3270,3273
SZ,300160,-1.14,3270,3316
SZ,300936,1.68,3268,5183
SZ,301682,-0.79,3267,15461
SZ,002912,-3.76,3267,3439
SZ,002362,-2.17,3265,3845
SZ,000701,-1.99,3265,3268
SZ,300370,-2.78,3263,3272
SZ,003000,-0.55,3262,4775
SZ,301302,-3.05,3262,3658
SH,600354,-3.73,3262,3262
SZ,002395,-1.53,3261,3261
SH,600843,-2.38,3261,4957
SH,688583,0,3260,9355
SZ,301199,-0.76,3259,3386
SZ,300407,-1.63,3259,4358
SH,688358,0.69,3256,3261
SH,601999,-1.82,3256,3256
SZ,000546,0,3254,3632
SZ,300385,-1.49,3253,3728
SH,605108,-1.87,3250,3250
SH,600218,-1.18,3250,3250
SZ,300132,-1.98,3247,3301
SZ,300050,-3.08,3245,3247
SH,600865,-1.7,3243,3243
SZ,000803,-1.66,3242,3287
SZ,300466,-1.89,3241,3867
SZ,002826,-3.35,3240,3344
SZ,000736,-3.12,3235,3235
SZ,000514,-3.03,3232,3232
SH,603898,-2.7,3230,3230
SZ,301193,-0.89,3227,4220
SZ,002094,-2.7,3224,3226
SH,600228,-0.25,3224,3229
SZ,300530,-1.36,3224,3224
SH,600822,-1.32,3221,4032
SZ,301310,-11.56,3220,10083
SZ,301213,-0.64,3219,4981
SZ,300225,-2.84,3219,3242
SH,603535,-2.16,3219,3219
SZ,920179,-1.52,3218,4012
SZ,301311,-3.24,3216,3216
SZ,300801,-1.25,3215,5131
SH,603656,-0.44,3214,3214
SH,600679,-1.67,3214,4631
SH,600853,-2.15,3213,3213
SH,600716,-2.27,3211,3211
SH,688216,0.4,3211,3457
SZ,301060,-0.21,3209,3569
SZ,300243,0.21,3207,4009
SH,600791,-2.06,3207,3211
SH,688373,0.62,3202,3202
SZ,000488,-1.04,3202,5559
SZ,301132,3.84,3201,5004
SZ,920037,-0.33,3200,5235
SH,603201,-1.78,3200,3228
SZ,002818,-1.01,3195,8016
SZ,002801,-0.96,3195,6336
SH,600280,-2.4,3193,3193
SZ,300504,-2.33,3193,3965
SZ,301257,2.96,3193,3349
SZ,301707,403.2,3192,48520
SH,600653,-1.19,3192,3192
SH,603278,-1.57,3192,3192
SZ,003032,2.47,3192,4515
SZ,002021,-1.47,3192,3192
SH,603987,-0.26,3189,3189
SZ,002646,-1.75,3188,3210
SZ,002845,0,3188,4173
SH,603655,10,3184,3184
SZ,001217,-0.81,3181,3213
SZ,301028,-0.3,3180,4902
SH,600130,-1.16,3180,3180
SH,600622,-3.19,3179,3179
SH,600293,-2.13,3179,3179
SH,603903,-0.39,3179,3179
SH,600749,-2.02,3178,3178
SZ,300110,0.37,3177,3180
SZ,002672,-1.67,3177,3879
SZ,002327,-0.3,3177,5395
SZ,001215,-1.61,3176,3185
SH,603817,-1.41,3175,3175
SH,688722,-1.38,3173,3173
SZ,300932,0.4,3173,4455
SZ,002485,-1.18,3172,3172
SH,603230,-1.53,3168,3168
SH,603958,-2.03,3168,3168
SH,603856,-1.05,3167,3167
SZ,002178,-2.83,3167,3169
SZ,002425,-9.94,3165,3291
SH,600053,-2.27,3165,3165
SZ,300193,-1.04,3162,3591
SZ,300578,-2.08,3162,3162
SZ,002199,-1.78,3161,3333
SZ,301226,-1.68,3161,3161
SH,688579,-2.94,3160,3160
SH,603500,-0.93,3156,3158
SZ,301551,-2.89,3156,8168
SZ,002137,1.02,3156,4597
SZ,000788,0.76,3153,3153
SZ,300948,-1.97,3151,3338
SH,603600,-0.3,3149,3149
SH,688171,-2.38,3148,3148
SH,600192,-2.99,3145,3145
SZ,000731,-1.37,3145,3145
SZ,002451,-2.44,3144,3155
SZ,300234,-0.32,3144,4599
SZ,301568,0.58,3143,6819
SZ,301223,-1.08,3142,3142
SZ,300608,-4.17,3141,3592
SZ,002394,0.93,3141,3146
SZ,920806,-3.14,3140,3140
SZ,300515,-1.2,3139,3202
SZ,003020,6.22,3138,4249
SZ,002548,-2,3137,3230
SH,603696,2.62,3135,3135
SH,688682,-1.87,3134,3134
SH,603999,-1.8,3128,3128
SH,600512,-2.47,3127,3127
SH,603210,-0.87,3127,4575
SZ,002441,-1.5,3125,4269
SZ,000607,-3.01,3124,3592
SH,600052,-2.88,3124,3124
SH,600327,-2.21,3123,3123
SH,688317,-1.13,3123,3123
SH,603788,-1.4,3123,3123
SZ,300721,-3.58,3123,3721
SH,603527,0.31,3122,3122
SH,688030,-3.77,3120,3120
SZ,000691,-0.51,3120,4679
SZ,300550,-2.61,3119,3122
SZ,300867,-1.08,3118,4421
SZ,301111,-0.5,3117,3117
SH,605138,-1.4,3117,3117
SZ,301073,-2.17,3117,3409
SH,603258,-3.22,3113,3132
SZ,300289,0,3112,3117
SZ,301136,-1.9,3112,3115
SZ,301696,-1.33,3111,41361
SH,603266,-0.94,3111,3111
SZ,301662,-0.72,3109,8089
SH,601616,-2.14,3107,3107
SH,605259,-0.93,3106,3106
SH,688162,-1.85,3105,3105
SH,600731,-0.86,3104,3174
SZ,300836,-3.06,3102,4531
SH,688618,-1.39,3099,3099
SZ,002296,-1.75,3099,3475
SZ,920047,0.12,3094,4712
SZ,300955,-2.31,3094,3094
SH,603637,0.31,3093,3093
SZ,301348,0.05,3093,4769
SZ,003002,0.24,3092,3382
SH,688458,-1.13,3087,3673
SH,603725,-3.43,3082,3082
SZ,000615,-1.76,3081,5952
SH,600712,4.77,3076,3110
SZ,301237,-2.07,3074,4222
SZ,000421,-0.92,3072,3073
SZ,301419,-0.15,3072,4647
SZ,001318,-0.63,3070,3070
SZ,301602,-1.46,3069,6305
SH,603819,1,3068,3068
SZ,002313,-2.61,3066,3066
SZ,002175,-2.03,3064,3064
SZ,300094,-1.76,3062,3125
SZ,300589,-1.35,3062,4932
SZ,300946,1.3,3061,6300
SZ,000890,-2.53,3058,3058
SZ,300310,-4.94,3056,3897
SZ,000576,-1.53,3054,3072
SZ,300609,-4.78,3051,3056
SZ,301218,-1.97,3051,4965
SZ,300157,-1.87,3047,3191
SZ,920418,0,3046,3154
SZ,002012,-0.45,3044,3044
SH,688159,-1.79,3044,3044
SZ,300560,2.26,3044,3740
SH,603048,0,3043,3043
SZ,003029,-7.99,3039,3342
SZ,000151,-2.17,3039,3463
SH,603192,-2.36,3039,3645
SZ,001221,-0.79,3038,15808
SH,688273,-0.9,3036,3036
SZ,000609,-1.03,3036,3121
SH,688081,-1.26,3033,3033
SZ,301270,-3.22,3032,3209
SH,600719,-1.7,3030,3030
SZ,002623,-1.25,3030,3037
SZ,300839,-2.27,3030,3083
SZ,301206,-1.14,3020,4690
SH,688077,3.86,3018,3018
SZ,300247,-1.31,3015,3015
SZ,301020,-2.09,3010,3010
SH,688229,-7.51,3010,3010
SZ,300563,-1.69,3009,4324
SH,600969,-1.56,3009,3009
SZ,300552,-5.67,3007,4744
SH,601956,-1.01,3002,3002
SZ,300051,-6.94,3002,3039
SH,688511,0.13,3001,3001
SZ,300927,-1.01,3000,3075
SZ,300698,-3.43,2999,3390
SZ,002724,-1.48,2998,4074
SH,600668,-0.94,2998,2998
SZ,300818,-0.27,2998,4627
SZ,002259,0.25,2994,2994
SZ,300238,-0.78,2993,2994
SZ,300062,-1.79,2993,4113
SZ,002889,-2.77,2987,4490
SZ,300826,-0.86,2986,3104
SZ,002829,-1.34,2985,4248
SH,688280,-0.86,2983,3382
SZ,300833,-1.47,2980,4640
SZ,300691,-1.53,2973,3624
SZ,300011,-1.34,2973,3549
SZ,300187,-1.48,2972,2989
SZ,301082,-4.96,2970,3204
SZ,300877,-1.66,2969,2969
SH,688370,-0.81,2967,2967
SZ,301068,0.96,2967,4179
SH,688015,-1.62,2966,2966
SH,603008,-0.24,2965,2965
SZ,300889,-0.53,2964,4460
SH,688071,-6.39,2963,2963
SZ,000802,-3.03,2962,2964
SH,600738,-2.01,2959,2962
SZ,000530,-1.78,2959,4157
SZ,300798,-1.21,2958,3595
SH,688335,-0.54,2956,2956
SH,688391,0.35,2955,2955
SZ,300600,-1.37,2951,2951
SZ,002286,-1.11,2950,3032
SZ,300542,-3.55,2949,3556
SZ,001256,1.17,2947,3930
SZ,002587,-1.59,2946,3619
SZ,300716,0.77,2944,2944
SH,688070,-2.88,2944,2944
SZ,002168,1.08,2941,2941
SZ,300032,-2.91,2940,2940
SZ,300603,-2.96,2935,3649
SH,688265,5.31,2935,2935
SZ,002282,-1.01,2934,3061
SH,600470,-1.57,2931,2931
SZ,000798,-1.71,2930,2931
SH,600530,-4.05,2929,2929
SZ,301448,-2.38,2925,4317
SH,603739,-0.59,2925,2925
SZ,300329,-1.18,2925,2934
SZ,002921,-0.9,2925,3392
SH,603949,-0.56,2920,2927
SH,688137,7.24,2919,2919
SH,600322,-2.21,2919,2919
SZ,300537,-1.53,2918,3985
SZ,300321,-0.29,2917,2921
SH,600265,2.14,2915,2915
SZ,001229,-1.27,2912,5664
SZ,301600,-0.74,2910,9430
SZ,002086,-1.59,2910,3604
SZ,300086,0,2908,3004
SZ,300869,-0.98,2906,4428
SZ,300875,-1.45,2906,3305
SZ,002899,-3.57,2904,2904
SZ,300982,-1.76,2899,3094
SZ,300908,-1.5,2898,3428
SZ,002798,0.36,2894,3290
SZ,301172,-3.11,2890,3907
SZ,002823,-0.97,2887,4331
SZ,002875,-2.99,2887,2887
SZ,002347,-1.34,2886,2953
SH,600684,-2.58,2885,3739
SZ,000710,-1.79,2883,3093
SH,603458,0.64,2881,2881
SZ,002903,-1.41,2880,4231
SZ,001311,-2.33,2878,6560
SZ,003015,-0.84,2878,3274
SZ,300052,-3.59,2878,2878
SZ,300386,-8.67,2876,4795
SZ,300831,-1.88,2876,4989
SZ,001223,9.99,2875,5381
SZ,002811,-2.11,2874,3132
SH,603722,-2.24,2873,2934
SZ,002692,-1.71,2871,2873
SH,603896,-0.74,2871,2871
SH,600838,-2.04,2870,2870
SZ,002878,-2.94,2869,3186
SZ,301133,-1.48,2868,3135
SZ,300404,1.31,2867,3873
SZ,000668,-1.1,2866,2866
SH,603808,-1.86,2866,2866
SZ,300860,-2.05,2866,4936
SH,600620,-1.87,2863,2863
SZ,002923,2.59,2860,3711
SZ,000068,-2.4,2859,2859
SH,605218,-2.03,2858,3261
SZ,300816,-3.42,2858,3918
SZ,002355,-8.32,2856,3088
SH,603310,-1.2,2856,5083
SZ,002996,-0.47,2856,4171
SZ,002521,-1.29,2855,3814
SH,605500,-0.57,2851,2851
SZ,002795,-1.19,2850,2897
SZ,301266,-0.42,2848,3002
SH,600594,2.83,2847,2847
SH,603001,-2.33,2847,2847
SZ,001210,-2.06,2846,4683
SZ,002725,-0.77,2843,2924
SZ,300266,-2.65,2842,2843
SZ,000910,-1.88,2840,2841
SZ,300890,-0.6,2840,3107
SZ,301066,-2.55,2839,2861
SH,688338,-0.84,2836,2836
SZ,301042,-2.34,2836,2975
SZ,301234,1.29,2835,4799
SZ,002981,-1.55,2834,3183
SZ,300511,-2.25,2834,3326
SZ,002578,2.49,2833,3088
SZ,001218,0,2833,3177
SH,688056,-0.58,2833,2833
SZ,300239,-1.02,2831,2849
SH,688255,-0.34,2826,2826
SH,688152,-4.54,2824,2824
SZ,301313,-2.46,2823,3718
SZ,002148,-3.39,2818,3492
SH,605169,-1.28,2817,2817
SZ,300410,0,2812,2812
SZ,001388,-1.35,2811,5253
SZ,002314,-1.86,2810,5686
SZ,301260,-1.86,2809,6612
SH,688687,0.12,2809,2809
SZ,002224,-1.41,2806,3139
SZ,002278,-1.87,2806,3039
SH,605089,-2.48,2806,2806
SH,601112,-0.83,2805,26715
SZ,300148,-4.17,2801,2900
SH,600665,-2.69,2800,2800
SH,600249,-0.38,2800,2800
SH,600212,-2.22,2799,3711
SH,600844,-1.72,2797,3456
SZ,002722,-0.78,2797,2797
SZ,301151,-2.92,2796,2799
SZ,002186,-1.61,2795,2796
SZ,000978,-1.31,2795,2795
SZ,300381,-0.5,2794,2804
SZ,300858,-0.82,2793,3760
SZ,002726,-2.37,2789,2790
SZ,002917,1.42,2788,3719
SH,600630,-2.08,2787,2787
SZ,000892,-2.96,2786,3845
SZ,301281,2.77,2786,4251
SZ,002403,-2.08,2784,3192
SZ,301305,-1.18,2784,5418
SZ,301158,-1,2784,2855
SH,688479,5.75,2783,6477
SZ,300501,-1.94,2783,2793
SZ,000897,-1.7,2782,2782
SZ,300242,-3.73,2779,2779
SZ,300510,-2.87,2779,2779
SZ,002323,-1.49,2778,2778
SZ,300830,-4.06,2778,3722
SZ,002357,-1.33,2774,2774
SZ,002689,-1.11,2774,2775
SZ,000695,-1.95,2773,2897
SZ,002248,-1.2,2771,2771
SZ,300154,0.34,2770,3952
SZ,301622,0.54,2770,4967
SZ,002866,-0.9,2769,4424
SH,603006,-1.62,2769,2769
SZ,301197,-2.33,2768,3068
SZ,301525,-1.39,2767,5283
SZ,001299,-2,2764,3070
SZ,002547,0.81,2762,2820
SZ,300887,-7.96,2760,4158
SZ,002331,-2.83,2754,2935
SZ,300447,-0.86,2754,4269
SH,600408,-4.87,2749,2749
SH,600735,-0.76,2748,2770
SZ,300345,-0.68,2748,3325
SZ,002846,-0.46,2747,4435
SH,603955,-2.31,2746,2746
SZ,301273,-3.87,2745,3577
SZ,301148,-1.39,2745,5431
SH,603878,-1.99,2744,2744
SH,688570,-0.87,2744,6313
SZ,002616,-1.47,2744,4013
SH,688285,-1.08,2743,2743
SZ,002476,-1.53,2742,2742
SH,603280,-1.43,2742,2742
SZ,920735,0.54,2741,3100
SZ,300945,-2.7,2740,3009
SH,688314,-0.64,2739,2739
SZ,000809,-0.89,2738,2738
SZ,003016,-1.61,2736,2801
SH,603970,-1.16,2736,2736
SH,600616,-1.67,2736,2736
SH,603838,-2.05,2736,2736
SZ,301439,-1.12,2736,5809
SH,688292,-4.9,2732,2732
SZ,002054,-1.38,2730,3428
SZ,301608,-1.85,2728,6079
SZ,300810,-1.59,2728,2825
SZ,300584,0.09,2727,3985
SZ,300175,-1.85,2726,2726
SH,603829,-2.06,2725,2725
SZ,000570,-1.99,2723,3458
SH,603037,-0.57,2723,2727
SH,603617,0.28,2723,2744
SH,600876,-2.12,2722,4442
SZ,002962,-1.13,2719,3792
SH,605166,-0.57,2719,2719
SZ,002561,-1.49,2719,2727
SZ,300389,-1.74,2714,4566
SH,603585,-0.88,2713,2759
SZ,300479,-3.43,2712,2713
SZ,002659,-2.78,2710,2710
SH,603042,-0.3,2706,2706
SZ,003007,-1.89,2705,4457
SZ,300795,-1.07,2702,4642
SZ,000159,-2.59,2701,2701
SZ,301255,-1.5,2700,3077
SZ,003025,-1.07,2699,3385
SZ,000504,-0.23,2699,2706
SH,603518,-1.12,2698,2708
SZ,002663,-2.46,2697,2723
SZ,300279,-1.77,2693,2705
SZ,920491,-0.72,2692,3280
SZ,300920,-1.29,2686,4044
SZ,000017,-1.29,2685,4197
SZ,300449,-2.92,2683,2683
SZ,300425,-0.5,2682,2688
SZ,300998,-1.14,2680,3414
SZ,300384,-1.69,2677,3879
SH,600419,-2.07,2676,2676
SZ,002953,-2.05,2675,4675
SZ,301393,4.52,2675,6571
SZ,300095,-1.51,2675,3321
SZ,000529,-1.67,2673,2738
SZ,300374,-1.08,2668,2668
SH,603161,-0.63,2667,2718
SZ,002404,-1.67,2660,3271
SZ,002816,-1.22,2660,2660
SZ,002976,0,2660,4252
SH,600405,-4.81,2660,2660
SH,688357,-1.65,2660,2660
SZ,002022,-0.95,2659,2659
SZ,301190,2.37,2659,3988
SH,603237,-1.05,2657,2744
SZ,301092,-0.79,2656,5863
SZ,300218,-1.44,2654,2662
SZ,002337,-1.95,2652,2655
SZ,300162,-0.5,2652,3251
SH,601798,-0.79,2648,2648
SZ,000698,-0.29,2648,2762
SH,688080,0.03,2647,2647
SZ,301149,-1.51,2646,4349
SH,603080,-1.05,2646,2646
SZ,300230,-0.7,2645,3415
SZ,301081,-4.53,2644,2753
SZ,301296,-1.42,2644,2644
SH,603159,-1.4,2643,2643
SZ,001369,-0.61,2643,14613
SZ,300942,-2.53,2641,2641
SZ,301631,-0.55,2640,7750
SH,605155,-0.9,2638,2690
SZ,002748,-0.08,2638,2638
SH,600538,1,2637,2637
SH,603202,-1.49,2634,8394
SZ,301202,-0.92,2634,4512
SZ,300631,0.28,2632,2706
SZ,300020,-0.86,2629,2726
SH,603633,-1.74,2629,2629
SH,600624,-2.26,2629,2629
SZ,002072,-2.98,2628,2629
SZ,002905,-1.95,2628,2830
SZ,002363,-1.85,2628,2635
SH,603036,-1.99,2627,2627
SZ,002863,-2,2626,2626
SZ,000419,-1.42,2626,2626
SH,600661,-1.81,2625,2625
SH,603066,-1.1,2624,2624
SZ,002853,-2.94,2623,3728
SH,601996,-2.08,2623,2623
SZ,300359,-2.58,2622,2622
SH,603215,-0.98,2621,3004
SH,600386,-2.1,2621,2621
SH,603189,-2.4,2617,2617
SZ,300615,-5.21,2615,3296
SH,603586,-0.14,2613,2613
SH,688367,-1.28,2613,2613
SH,600358,-1.7,2611,6014
SH,688500,-2.97,2610,2647
SZ,300653,-0.33,2606,2606
SZ,300477,-0.37,2606,2819
SZ,300301,-0.59,2606,2739
SH,603768,-2.13,2606,2606
SZ,300577,-2.59,2604,4394
SH,688066,-2.36,2604,2604
SZ,301535,-1.66,2603,6520
SH,603107,-1.31,2603,4024
SZ,002136,-0.81,2601,2608
SH,600671,-2.46,2599,2599
SH,603839,-0.73,2597,2597
SZ,300439,2.19,2596,3413
SZ,301181,-2.46,2596,3326
SZ,301222,0.21,2595,3416
SH,603030,-3.42,2594,2594
SH,688529,-3.31,2593,2593
SZ,300536,-0.44,2592,2593
SH,600537,-1.78,2592,2592
SZ,300272,-0.7,2592,3412
SZ,000972,-2.03,2592,2592
SZ,002658,-0.81,2589,4590
SH,600250,-2.12,2587,2587
SZ,000812,-3.11,2586,2587
SH,603895,-1.43,2583,2583
SZ,920019,4.12,2582,3240
SZ,300366,-1.41,2573,2947
SZ,300853,-0.9,2573,3846
SH,688589,-1.11,2572,2572
SZ,300585,-2.77,2572,2572
SH,603602,-3.21,2569,2569
SH,601010,-2.06,2568,2568
SZ,300789,-5.15,2567,2645
SZ,300141,-1.74,2567,2599
SH,603863,-2.56,2562,2562
SZ,300591,-1.74,2558,2961
SH,603628,-1.15,2556,2560
SZ,002453,-3.63,2555,3444
SH,603017,-1.9,2552,2552
SZ,920571,0.12,2549,4782
SZ,002769,-1.86,2548,2550
SZ,000019,-2.69,2547,7054
SH,603779,-2.16,2547,2547
SZ,300991,-0.46,2547,3980
SH,688619,-2.13,2546,2546
SZ,002952,-1.67,2546,3178
SZ,002613,-1.49,2545,3621
SZ,300097,-1.46,2538,2712
SZ,000153,-0.53,2538,2570
SH,688316,-3.4,2537,2537
SH,603677,-1.34,2529,2529
SZ,300025,-1.57,2528,2539
SH,601007,-1.36,2523,2523
SZ,300485,1.32,2522,4436
SH,605266,-0.36,2519,2519
SZ,300334,-0.7,2519,2519
SH,688129,-0.32,2518,2518
SZ,301221,-3.22,2515,3699
SZ,920190,-3.72,2515,2529
SH,603801,-2.02,2515,2515
SZ,002599,-3.02,2513,3287
SZ,002103,-1.66,2511,3457
SZ,000565,-1.85,2510,2510
SZ,002388,-1.19,2510,2533
SZ,300288,-2.68,2509,3305
SZ,001300,-2.55,2508,2508
SH,603886,-1.87,2508,2508
SH,600289,0.68,2507,2796
SH,688765,0,2504,12437
SH,600793,-2.27,2503,2503
SZ,300952,-1.97,2501,4066
SH,688727,-2.94,2491,20714
SZ,002813,-1.55,2490,2492
SZ,001282,-0.84,2489,3622
SZ,301046,-0.97,2489,3223
SZ,301337,-2.23,2487,2542
SZ,300562,-0.19,2486,3255
SH,603828,-1.41,2485,2485
SH,600257,-1.89,2483,2483
SZ,920002,-0.72,2483,3547
SZ,000826,1.75,2480,2480
SH,688369,-9.89,2476,2476
SZ,920402,-3.71,2475,3828
SH,600356,-0.47,2473,2729
SZ,000545,-1.17,2473,2477
SZ,300849,-0.65,2473,3365
SZ,301565,-2.81,2473,7728
SH,600381,-1.63,2472,2472
SZ,002869,-2.9,2471,2776
SZ,002172,-0.61,2471,2473
SZ,300647,-3.38,2470,2474
SZ,300555,-0.15,2467,2492
SZ,301669,-0.72,2464,14443
SH,688455,-1.4,2462,2462
SH,688310,-0.59,2458,2458
SZ,002682,-2.01,2458,2458
SZ,300921,0.33,2456,3895
SZ,001333,-1.78,2451,2451
SZ,301380,-3.67,2449,3075
SH,600858,-1.86,2448,2460
SZ,301043,-0.27,2445,2930
SZ,000707,-1.54,2445,2596
SH,603797,3.41,2445,2445
SZ,300269,-2.51,2444,2543
SZ,002871,-0.96,2443,4123
SZ,002868,-1.29,2441,3531
SZ,300103,-0.12,2440,2442
SZ,301531,1.74,2440,11435
SZ,300730,-3.58,2440,2845
SH,600992,-2.06,2439,2439
SH,603331,-2.18,2438,2438
SZ,301178,-0.83,2438,3304
SH,605199,1.33,2437,2437
SH,603488,-2.56,2435,2435
SZ,301002,-1.06,2435,3866
SH,688468,-1.61,2435,2435
SZ,300452,-0.32,2433,2872
SH,600560,-1.8,2431,2431
SZ,300824,-1.65,2431,2506
SZ,300264,-3.52,2426,2822
SZ,300667,-1.39,2425,2875
SZ,002442,-0.99,2423,2482
SZ,002391,-1.13,2423,3391
SZ,301125,-0.57,2420,2731
SH,603059,-0.53,2420,2424
SZ,300281,0.66,2420,2551
SZ,002861,-2.41,2419,3001
SH,603836,-0.9,2418,2481
SZ,301027,-0.24,2418,2933
SZ,300173,-3.23,2417,2417
SZ,301119,-2.51,2416,2988
SZ,301397,-1.61,2415,5281
SZ,301025,-2.67,2414,3487
SZ,300250,-3.76,2412,3275
SZ,002593,-1.59,2410,3457
SZ,301040,-1,2406,2550
SH,605033,-1.97,2404,2404
SH,603375,1.59,2403,3793
SZ,300701,-1.34,2403,2665
SZ,301592,-1.13,2401,7197
SZ,300460,-1.94,2401,2401
SZ,002330,-1.3,2401,2401
SZ,300354,-3.01,2400,4083
SZ,300978,-1.64,2400,3534
SZ,002398,-1.95,2399,2753
SH,603289,-1.56,2397,2397
SZ,301356,-1.91,2396,4085
SZ,301563,-0.07,2396,10598
SH,605258,1.15,2393,2393
SZ,003023,1.29,2393,2398
SZ,002058,0.3,2391,2397
SZ,000430,-1.37,2390,5222
SZ,300365,-3.1,2390,2801
SZ,301262,-3.16,2388,8157
SZ,000790,0.26,2385,2389
SH,605151,-1.49,2384,2384
SZ,000669,-0.84,2381,2381
SZ,000014,-2.66,2379,2379
SZ,002431,-0.74,2379,2379
SH,603086,-1.61,2378,2378
SZ,300993,-0.8,2377,3029
SH,600613,-0.79,2377,2649
SZ,002098,-1.91,2377,2377
SH,603136,-1.56,2377,2377
SZ,300092,-1.64,2376,3101
SZ,300690,-1.1,2376,3520
SZ,000752,1.58,2374,2374
SZ,002343,-3.08,2373,2373
SH,603917,-1.76,2371,2371
SZ,002806,-1.58,2370,2892
SH,603818,-1.98,2369,2369
SZ,300988,-1.54,2368,2878
SZ,002879,-4.1,2367,3333
SZ,002574,-2.39,2365,2365
SH,688560,-0.41,2363,2363
SZ,301106,-1.89,2362,2362
SZ,002729,-2.24,2362,2463
SZ,002855,-3.22,2361,2363
SZ,301279,-1.3,2359,3047
SZ,301225,-2.32,2359,7726
SZ,000635,-1.22,2355,2530
SZ,300796,-2.09,2355,2355
SZ,301108,-1.51,2351,4081
SZ,002496,-2.44,2351,3000
SZ,002660,-1.71,2349,2443
SH,603373,-2.42,2348,5558
SZ,002828,-2.58,2344,2344
SH,603332,-1.63,2341,2341
SZ,002184,-1.21,2339,3424
SZ,000715,-0.82,2334,2594
SH,600463,-2.13,2334,2334
SZ,300805,-3.22,2330,3429
SZ,300198,-1.29,2330,2342
SH,603909,-1.86,2328,2328
SZ,002890,2.2,2327,2448
SZ,301283,-0.07,2326,2959
SZ,002114,0.56,2322,2322
SH,603557,-0.26,2319,2319
SH,600319,-2.28,2319,2319
SZ,301528,-0.94,2315,4491
SZ,300658,-1.22,2314,3487
SZ,300898,-0.83,2313,2500
SZ,001219,-1.69,2313,2371
SZ,301665,-1.45,2313,9990
SH,600753,-1.07,2312,2312
SZ,300172,-1.11,2311,2991
SH,600831,-2.39,2311,2311
SZ,002932,-0.53,2310,3441
SZ,300583,0.65,2310,2354
SZ,300426,-3.5,2308,2599
SZ,920125,2.19,2307,7862
SZ,000554,-0.3,2307,3065
SH,600892,-10.03,2304,2305
SZ,300965,-1.77,2304,2556
SH,600359,-1.62,2304,2304
SZ,300891,-1.7,2304,2764
SH,603307,-1.36,2303,2340
SZ,301118,-1.26,2300,2391
SZ,300987,-2.63,2299,2299
SZ,000055,-1.44,2298,3651
SZ,301387,-0.19,2296,5774
SZ,300694,-0.08,2296,2299
SZ,002661,-1.19,2295,2409
SH,688026,6.38,2293,2294
SZ,301059,-1.41,2293,2566
SZ,301195,-1.68,2290,3450
SH,605003,-3.6,2290,2290
SZ,300340,-1.52,2289,2306
SH,688244,-5.59,2289,2289
SZ,300275,-2.76,2286,2593
SH,603787,-1.38,2285,2285
SH,603937,-1.61,2285,2285
SZ,300422,-2.2,2284,2360
SZ,300956,-2.77,2283,2337
SZ,300211,-2.16,2283,2325
SH,688178,-1.06,2283,2283
SZ,300235,-0.96,2281,2827
SH,688201,-1.77,2280,2280
SZ,002767,-1.06,2280,2627
SZ,002069,-1.52,2280,2283
SZ,002420,-0.7,2279,2316
SH,688597,0.74,2278,2278
SH,688718,-1.05,2276,2276
SH,688501,-1.57,2275,2275
SZ,300771,-2.42,2275,2887
SZ,301185,-2.84,2273,2515
SZ,002887,-2.87,2270,3198
SH,603188,-1.96,2269,2269
SZ,002908,-4.07,2269,3042
SZ,301628,0.86,2269,6135
SZ,002319,-4.57,2269,2269
SH,603378,-0.93,2267,2267
SZ,300786,-0.18,2262,2843
SH,600854,-1.8,2260,2260
SH,603721,-3.43,2259,2259
SH,603183,-0.65,2257,2257
SZ,001368,-2.05,2257,2362
SZ,301072,-0.26,2255,3527
SZ,300512,-1.41,2254,2848
SH,688113,-2.53,2251,2251
SZ,300411,-1.35,2250,2959
SH,603180,-2.33,2249,2249
SH,603096,-1.34,2247,2247
SZ,920971,-2.01,2247,2726
SZ,920510,1.27,2246,4398
SZ,300931,-1.19,2244,2792
SH,603407,-1.6,2244,25488
SZ,002963,-5.73,2243,2743
SZ,002084,-1.68,2243,2248
SZ,300829,-1.03,2243,3252
SZ,002377,-2.27,2242,2355
SZ,000573,-1.93,2241,2260
SZ,300800,-0.2,2240,2263
SH,605069,-2.66,2240,2240
SZ,001205,-1.17,2238,2527
SZ,301588,0.07,2237,3625
SZ,300649,1.59,2237,2791
SH,600239,-2.1,2232,2232
SZ,300752,-1.27,2232,3229
SZ,300464,-1.87,2230,2935
SZ,301258,-0.27,2229,2295
SZ,000955,-1.65,2229,2229
SH,600423,-1.4,2228,2228
SH,603755,-1.9,2228,2228
SH,603172,-1.58,2227,2227
SZ,000586,-2.26,2227,2254
SH,600187,-2.12,2227,2227
SZ,301088,-1.57,2226,2698
SZ,001367,0.22,2222,2783
SH,603700,-1.41,2222,2222
SH,600833,-0.59,2220,2220
SZ,003001,-3.19,2216,3383
SH,600182,-0.37,2215,4430
SH,600540,-2.8,2215,2215
SZ,300205,-1.52,2215,2215
SH,600302,-3.31,2214,2214
SZ,301079,-1.12,2213,3120
SZ,300546,-6.76,2213,3077
SZ,300513,-2.48,2210,2212
SZ,920261,1.92,2210,4015
SZ,002775,-2.8,2207,2452
SZ,300989,5.45,2206,2851
SH,600232,-1.46,2203,2203
SZ,002723,-2.25,2197,2303
SH,603091,0.95,2193,7132
SZ,002836,-2.65,2193,2193
SZ,002492,-1.95,2192,2232
SZ,001259,-1.38,2187,3385
SZ,300884,-2.3,2184,2897
SZ,002702,0,2184,2645
SZ,301019,-2.14,2183,2977
SZ,002763,-0.82,2183,2947
SZ,920060,2.45,2183,3500
SZ,300940,-2.11,2180,3081
SZ,001393,0.98,2179,11307
SZ,300165,0.78,2178,2567
SH,605336,2.86,2177,2177
SH,600533,-4.16,2174,2174
SZ,300612,-3.54,2173,2185
SZ,002900,10.04,2172,4264
SZ,000692,-4,2169,2169
SZ,300107,-1.41,2168,3512
SH,688272,-0.55,2168,2168
SH,603959,-0.22,2167,2167
SZ,002852,-2.44,2167,2607
SZ,300599,0.7,2166,4126
SZ,300732,-2.33,2165,2168
SH,603079,-0.25,2164,2164
SZ,001228,-1.08,2164,2815
SZ,920344,0.48,2164,2318
SZ,002742,10.13,2164,2825
SH,603117,-1.62,2163,2163
SZ,002633,-1.95,2163,2171
SH,601083,-0.62,2161,14404
SH,603285,-3.28,2160,5549
SZ,002234,-1.37,2158,2499
SZ,300703,-2.98,2157,2340
SZ,002825,-1.17,2156,2872
SH,688623,0.85,2155,5187
SZ,300808,-2.78,2152,2896
SZ,000548,-1.81,2152,2152
SZ,002762,7.51,2150,3600
SZ,301011,-2.58,2149,2263
SZ,002295,-0.22,2149,2150
SH,603377,-1.32,2147,2147
SZ,920961,0.54,2147,2950
SH,603536,-1.43,2146,2162
SZ,301290,-0.8,2145,2701
SZ,002998,0.63,2145,2814
SH,603193,-1.88,2142,8387
SH,603102,-1.9,2141,2141
SZ,301089,0.04,2141,2994
SH,688721,-1.09,2140,5180
SZ,301331,-0.28,2138,2143
SH,603578,-0.49,2135,2771
SZ,300916,3.77,2133,3302
SZ,300774,0.29,2133,4272
SZ,301220,-1.54,2131,3087
SZ,301596,-1.81,2131,5250
SZ,300780,-2.21,2127,2901
SH,688355,-1.2,2126,2126
SH,603151,-1.66,2124,2124
SH,688197,1.65,2124,4935
SH,688811,-0.55,2124,11564
SZ,301332,-3.02,2116,3688
SH,605001,-1.64,2114,2114
SH,688517,-1.08,2113,2113
SH,688251,-1.02,2111,2126
SZ,001365,-1.84,2110,19262
SH,603023,-2.32,2110,2110
SZ,300673,0.08,2108,3250
SZ,300980,-1.51,2108,2960
SZ,002076,-3.8,2105,2240
SZ,000757,0,2104,2104
SZ,002857,-1.73,2104,2137
SH,600148,-1.9,2103,2103
SZ,002671,-1.54,2101,2140
SH,603880,0.28,2098,2098
SZ,300922,-2.68,2098,2673
SH,600439,-2.62,2094,2094
SZ,002864,-0.32,2092,2901
SZ,000679,-2.48,2092,2092
SZ,001332,-0.09,2091,4812
SZ,300970,-2.34,2091,2709
SZ,001230,-0.88,2091,3570
SH,603381,-1.13,2089,3488
SZ,002253,-0.79,2089,2245
SZ,002991,-1.54,2089,3899
SH,600241,-2.6,2087,2087
SZ,301117,-3.16,2087,3257
SH,688156,0.63,2085,2085
SH,603321,-1.13,2085,2111
SZ,001390,-2.27,2083,3508
SH,603176,-1.52,2083,2143
SZ,002614,-1.25,2083,2944
SH,603238,-1.67,2082,2082
SZ,002942,-1.18,2080,2331
SH,688426,0.93,2076,2081
SZ,920699,-4.7,2076,4537
SH,600272,10.01,2075,3407
SZ,002732,-1.77,2075,2085
SZ,300375,-1.76,2072,2973
SH,603089,-1.47,2071,2379
SH,603326,-2.25,2071,2071
SZ,002799,-2.11,2067,2067
SZ,300753,2.39,2067,2965
SZ,300637,-1.99,2064,2066
SZ,300387,-0.96,2063,2064
SZ,300295,-0.23,2063,2334
SZ,300778,-1.83,2063,2063
SZ,300710,-2.7,2061,2749
SZ,300947,-2.84,2059,2060
SH,688060,-3.27,2059,2059
SZ,300665,-1.45,2058,2167
SH,688613,-0.06,2055,2055
SZ,002918,-1.73,2054,3921
SZ,000953,-0.17,2054,2054
SZ,300719,-1.54,2053,2906
SZ,920978,-0.97,2049,3655
SZ,000590,-0.8,2049,2050
SH,603356,-2.16,2048,2048
SZ,002666,-1.2,2048,3223
SZ,300960,-1.88,2047,2258
SH,603262,-4.1,2045,7840
SZ,920247,-3.99,2042,2815
SZ,300013,-2.65,2041,2044
SZ,300509,-0.83,2041,2448
SZ,002329,-2.48,2039,2605
SH,600615,-1.41,2039,2042
SZ,002687,-1.39,2038,2489
SZ,002679,-1.58,2037,2037
SH,600371,-1.82,2036,2036
SZ,920111,0.11,2036,4195
SZ,300335,-2.03,2032,2523
SH,603329,-1.88,2031,2461
SH,603968,-1.28,2028,2028
SZ,300966,0.11,2027,3048
SZ,300902,-2.69,2023,2947
SH,603825,-0.49,2022,2022
SZ,000605,-1.37,2021,2021
SZ,300396,5.55,2021,2023
SZ,301161,-1.05,2020,3140
SZ,300597,-2.99,2019,2028
SZ,920208,-0.31,2019,2332
SH,603900,-1.66,2019,2020
SZ,300112,0.36,2015,2442
SH,688132,-1.84,2014,2014
SZ,000952,-0.5,2012,2012
SH,688203,-2.26,2011,2011
SZ,301212,-1.64,2006,2311
SH,603182,0,2004,2004
SH,688013,-0.67,2003,2003
SH,688755,-0.23,2002,2868
SH,688038,-7.37,2000,2000
SZ,300350,-2.52,1999,2383
SZ,300240,-2.13,1998,2044
SH,600802,-2.23,1998,1998
SH,603616,-1.69,1994,2010
SH,600159,-3.22,1992,1992
SZ,300844,-2.32,1992,2066
SZ,300176,-1.71,1991,1991
SH,600774,-1.59,1990,1991
SZ,920879,0.92,1987,2655
SH,688096,-2.51,1987,1987
SH,688716,-2.23,1987,3457
SZ,002133,-1.89,1986,1997
SZ,301428,-3.21,1986,2814
SH,603922,-0.71,1986,1986
SZ,002656,-2.02,1984,2059
SH,605180,-1.67,1984,1984
SH,600287,-2.36,1983,1983
SH,600097,-1.43,1980,1980
SZ,300074,-2.95,1979,1981
SZ,002105,-1.98,1972,1981
SZ,002995,-3.3,1971,3111
SH,603168,-1.11,1971,1979
SZ,001266,-1.07,1970,3512
SZ,000633,-1.72,1968,1968
SZ,002615,-1.5,1967,3644
SH,603982,-1.85,1966,2114
SZ,000909,-1.31,1965,1965
SZ,300412,-1.63,1965,2091
SZ,002893,-1.11,1963,2552
SZ,000020,-2.16,1960,3064
SH,600807,-1.96,1960,2203
SH,603385,-1.9,1957,1957
SZ,300106,-2.52,1953,1953
SH,600128,-2.34,1952,1991
SZ,300817,-0.63,1952,3401
SZ,002999,-1.38,1944,1967
SZ,301103,-0.8,1941,2522
SZ,300935,-4.83,1941,2558
SH,603435,1.34,1940,24965
SH,688118,-3.83,1939,1939
SH,688193,-0.46,1939,1939
SZ,300897,-9.22,1937,3102
SZ,300305,-0.65,1935,2260
SZ,301077,-1.45,1934,3446
SH,600444,-0.67,1934,1934
SZ,301024,-2.56,1934,1998
SZ,000056,3.88,1934,2531
SH,600768,-1.22,1933,1933
SZ,002622,-1.28,1932,1932
SZ,001211,-0.66,1929,2067
SH,603041,-2.04,1927,1927
SZ,002652,-2.58,1925,1925
SZ,920189,1.98,1923,3204
SZ,301557,-0.42,1923,4796
SZ,300659,-4.42,1921,2643
SZ,002800,-2.25,1920,1978
SZ,000985,-1.45,1919,1919
SZ,301052,-3.23,1918,2367
SZ,300807,-2.11,1918,2512
SZ,300650,-1.56,1916,2716
SZ,301208,-3.49,1915,3479
SH,603810,-1.1,1915,1915
SH,688296,2.71,1912,1912
SH,600235,-0.72,1911,1911
SH,603282,-1.98,1911,1911
SZ,300854,-3.17,1910,2343
SZ,002524,-1.82,1910,1932
SH,603270,-0.03,1909,5916
SZ,301041,1.09,1906,2575
SZ,300881,-2,1906,3652
SZ,002205,-1.91,1901,1901
SH,600706,-1.44,1898,1905
SH,600491,0,1897,1897
SZ,002486,-2.52,1895,1904
SZ,300437,-1.7,1894,2673
SZ,301227,1.99,1894,3368
SZ,920914,3.21,1891,1893
SH,603208,-2.08,1891,1891
SH,600238,-1.39,1888,1900
SZ,300150,-1.92,1887,2381
SZ,300743,-0.79,1887,2239
SZ,002598,-1.19,1885,2053
SZ,001237,-1.21,1885,8021
SZ,300254,0,1885,2132
SZ,001255,-1.92,1883,2120
SZ,300423,-3.74,1879,2806
SZ,002909,-1.97,1879,1927
SZ,300883,-0.69,1878,1965
SZ,300575,-1.8,1877,2594
SH,688420,-1.38,1876,1876
SZ,300941,-6.99,1875,3102
SH,603028,-1.34,1873,1892
SZ,300644,-1.15,1873,2350
SZ,301198,-2.69,1873,1950
SZ,300967,-1.82,1872,2814
SZ,001360,0.2,1871,3042
SH,603506,-1.86,1870,1870
SH,605177,-1.31,1868,1886
SZ,000995,-2.4,1868,1868
SZ,000705,0.3,1867,2212
SH,600051,-1.14,1865,1865
SH,600099,-1.5,1858,1858
SZ,002968,-2.01,1857,1973
SZ,002569,-0.89,1857,1910
SH,603718,-1.03,1856,1864
SZ,002856,-3.03,1855,2026
SZ,920087,-3.08,1854,1867
SH,688616,-1.61,1853,1853
SZ,301180,-2.24,1851,4512
SH,605122,-2,1849,1849
SZ,002778,-1.44,1846,1866
SH,688670,1.22,1846,1846
SZ,301335,-1.22,1844,2666
SZ,000911,2.68,1841,1841
SH,688004,0.7,1839,1839
SH,688395,-2.29,1838,1838
SH,603214,-1.55,1837,1837
SH,600847,-1.95,1836,1836
SZ,001234,-1.7,1836,2179
SH,688051,-1.93,1834,1834
SZ,002551,-1.31,1834,2536
SZ,002715,-2.77,1833,1833
SH,600107,-1.35,1832,1832
SH,600202,-1.64,1832,1832
SZ,002760,-1.67,1830,1830
SZ,920178,3.8,1829,6264
SZ,300717,-2.59,1828,1845
SZ,301309,-2.1,1825,3029
SH,603177,-1.97,1821,1821
SH,603325,-0.66,1820,4259
SZ,001366,-2.24,1819,1819
SZ,002972,-0.73,1818,3321
SZ,002634,0.24,1818,1888
SZ,000702,-2.05,1816,1816
SZ,002696,-1.62,1812,1874
SH,688092,-1.3,1811,1811
SH,603879,0,1811,1811
SZ,301056,-2.27,1809,2743
SZ,002820,-2.16,1808,1808
SH,600080,-1.01,1807,1807
SZ,920021,-3.82,1805,2253
SZ,001356,-1.27,1802,5015
SH,603029,-0.53,1800,1800
SZ,301590,-3,1797,4340
SZ,001268,-2.35,1796,2869
SH,603120,-1.98,1796,4284
SH,600082,-2.74,1795,1829
SH,600149,-2.06,1794,1794
SZ,002159,-1.88,1793,2296
SZ,300992,-1.07,1792,2190
SH,688189,1.08,1790,1790
SH,603418,-1.02,1789,8352
SZ,002717,0.97,1787,1893
SH,600818,1.21,1787,2414
SZ,002535,-2.04,1784,1916
SZ,920405,-0.64,1784,2290
SZ,003030,-0.44,1784,2749
SZ,300675,-2.48,1783,1783
SH,600165,-2.01,1774,3910
SZ,003017,-1.88,1772,2148
SZ,301138,-1.18,1772,3101
SH,688288,-2.57,1771,1771
SZ,300030,-1.51,1767,2007
SZ,002630,-1.19,1766,1937
SZ,002529,-1.58,1765,1765
SZ,300645,-3.57,1765,1800
SH,603709,-2.07,1763,1769
SZ,301010,-2.15,1763,1763
SZ,920015,0.07,1761,5966
SZ,300642,-0.92,1757,2071
SZ,300651,-2.57,1756,2399
SZ,301360,2.36,1755,3597
SZ,000856,-1.77,1755,1755
SZ,301062,-2.29,1753,2760
SZ,300937,0,1747,2576
SZ,003038,-0.92,1746,2595
SZ,301556,-5.88,1744,5044
SH,600883,-1.33,1738,1738
SZ,301585,-0.69,1734,2648
SH,605567,-1.58,1734,1734
SZ,301231,-5.32,1731,2233
SZ,301067,-2.51,1730,2635
SZ,300923,-1.25,1729,1780
SZ,001206,-2.46,1727,2988
SZ,301548,1.55,1724,5718
SZ,003005,-2.36,1723,3140
SZ,301121,-1.79,1721,3287
SZ,300472,3.86,1719,1924
SH,603717,-2.46,1718,1718
SZ,300971,-0.79,1716,2187
SZ,300556,-2.58,1714,1921
SZ,300787,-0.56,1714,2733
SZ,920509,-0.33,1713,3270
SZ,002877,-1.51,1712,2534
SH,688058,-1.86,1712,1712
SZ,301520,4.26,1711,4877
SZ,002862,-2.7,1710,2254
SZ,002209,0.28,1710,2215
SH,600448,-2.86,1707,1707
SZ,301538,-1.23,1705,4281
SZ,300876,-1.82,1703,2284
SH,688435,-4.55,1701,2533
SH,603860,-1.12,1699,1699
SH,603092,-0.68,1699,19656
SZ,003027,-1.81,1699,2118
SZ,300929,-3.07,1699,1790
SZ,301057,-0.75,1698,2452
SZ,300837,-1.31,1698,2246
SZ,920339,-1.31,1698,2473
SZ,002381,-1.67,1697,2169
SZ,002198,-0.88,1695,1695
SZ,000639,-3.08,1695,1695
SZ,300707,-1.66,1693,2050
SZ,300538,0.58,1693,2545
SZ,300961,-2.61,1691,1973
SZ,300912,-0.65,1689,2238
SZ,002780,-1.66,1689,2138
SH,688681,-0.42,1688,1688
SZ,002360,-0.38,1683,2077
SZ,301388,-2.15,1683,2372
SZ,300195,-1.46,1682,2271
SZ,002629,1.31,1681,1977
SH,600137,-1.58,1680,1680
SZ,001233,0.89,1674,8255
SH,603908,-1.36,1673,1673
SZ,301063,-1.13,1672,1805
SH,688759,-0.33,1668,10427
SH,603022,-1.65,1662,1662
SZ,300614,-1.14,1661,1661
SZ,002802,-1.59,1660,2010
SZ,301030,-3.74,1659,1662
SH,603257,0.12,1658,7990
SZ,000619,-1.7,1656,2029
SZ,002858,-2.25,1655,2096
SH,603255,-0.03,1652,3665
SZ,002743,-2.3,1651,1654
SZ,920839,1.81,1650,2991
SZ,002211,-3.78,1648,1648
SH,600778,-1.3,1646,1648
SZ,301509,1.75,1646,3494
SH,601026,-1.39,1645,9766
SZ,301159,-4.04,1644,2399
SZ,301586,-1.14,1643,2576
SH,600180,-3.2,1641,1641
SZ,000663,-1.82,1639,1801
SZ,300245,-2.95,1639,1702
SH,688078,-1.83,1631,1631
SZ,300950,-0.65,1630,2554
SZ,301595,-1.31,1623,4304
SZ,300554,-0.23,1623,2344
SZ,301135,-1.76,1622,2084
SZ,000929,-1.9,1622,1622
SH,600119,-2.2,1618,1618
SZ,300169,-2,1617,1820
SZ,920106,-1.32,1616,2095
SH,603402,-1.4,1616,6462
SZ,920174,-1.99,1614,6275
SZ,301098,-1.41,1613,1935
SZ,300610,-0.6,1613,2066
SH,688466,-0.97,1612,1612
SZ,001386,-1.37,1612,17912
SZ,002592,-1.91,1609,1738
SH,603789,-3.43,1607,1639
SZ,002620,-1.73,1606,1918
SH,603231,-1.17,1605,2891
SZ,300313,-2.62,1604,1949
SZ,001378,-2.9,1604,3297
SH,603312,-1.31,1603,5038
SZ,301361,-2.52,1603,3311
SH,600697,-2.09,1597,1635
SZ,300462,-2.52,1597,2097
SH,688565,-1.65,1596,1596
SH,600243,-1.88,1593,1593
SZ,301667,-2.54,1590,7481
SZ,301065,-0.69,1588,1951
SZ,920026,-1.07,1585,2103
SZ,003028,-1.44,1584,3228
SZ,301618,-1.67,1581,4147
SH,688450,-1.15,1580,2132
SZ,003042,-1.98,1579,1825
SZ,002789,-2.78,1579,1611
SZ,300519,-1.77,1577,2211
SZ,301032,-0.59,1576,2378
SZ,001209,-1.43,1576,2157
SZ,301107,0.05,1575,2724
SH,600493,-2.35,1572,1572
SH,603400,-2.64,1571,5629
SZ,300616,-2.21,1571,2272
SZ,920892,-0.94,1569,1772
SZ,301336,-1.86,1562,2018
SZ,002495,-1.74,1561,2105
SZ,300995,-2.38,1560,2366
SZ,301456,-1.29,1560,3460
SZ,001222,-1.42,1559,2634
SZ,002949,-1.62,1557,2010
SZ,000632,-2.61,1555,1555
SZ,301687,-1.34,1552,7317
SH,600796,-0.98,1551,4316
SZ,300220,-1.62,1551,1553
SZ,002207,-1.15,1549,1557
SZ,002835,-1.61,1545,2665
SH,600689,-0.97,1543,2038
SH,688781,0.43,1543,37790
SH,688712,-0.99,1542,14103
SZ,301587,-1.22,1540,3088
SZ,002910,-1.52,1540,1760
SH,600561,-2.86,1539,1539
SZ,301395,-0.32,1538,2934
SZ,920038,-5.63,1537,4703
SH,688659,-1.84,1530,1530
SZ,300845,-2.56,1528,2186
SZ,002982,-1.58,1527,2385
SZ,301023,-1.56,1527,2752
SZ,301680,-2,1524,7508
SZ,001395,-1.01,1518,3310
SZ,002694,-2.3,1517,1610
SZ,001202,-1.66,1516,2164
SZ,002227,-1.43,1515,1526
SZ,301636,-2.73,1514,2594
SH,688021,-2.41,1511,1511
SZ,300306,-1.33,1508,2574
SZ,300514,-1.77,1506,1880
SH,603082,-0.55,1502,6170
SZ,301581,-0.97,1502,2841
SZ,300500,-1.96,1502,1559
SH,603275,-1.47,1498,5366
SH,600692,-2.48,1497,2065
SZ,300625,-1.48,1497,2581
SZ,002306,-1.59,1495,1600
SZ,920010,-1.14,1495,2012
SZ,002566,-0.45,1493,2131
SZ,301166,-0.4,1490,2275
SZ,920088,-1.07,1489,4027
SZ,301491,-2.5,1484,5005
SZ,301036,-1.86,1481,2102
SZ,003011,0.89,1475,1971
SZ,920238,-6.65,1475,7236
SZ,301633,-1.17,1473,3216
SZ,300268,-0.62,1472,1918
SH,688329,-0.87,1471,1471
SZ,002790,-2.41,1470,2357
SZ,300977,-2.01,1468,2358
SZ,301555,-1.23,1468,2802
SH,600455,-0.88,1467,1467
SZ,301210,-0.74,1466,3839
SH,600476,-2.14,1466,1466
SZ,920953,-3.43,1461,3125
SZ,000677,0,1460,1460
SZ,300813,-1.63,1457,2322
SZ,920751,1.92,1457,1522
SH,688067,-1.06,1451,1451
SH,603395,-0.35,1450,5801
SZ,002977,-1.44,1448,2610
SZ,300167,-2.15,1445,1699
SZ,301390,-1.86,1443,1765
SZ,002513,-2.34,1442,1874
SZ,301683,-1.44,1441,6375
SH,688793,-2.63,1441,1441
SZ,301518,-2.03,1439,3564
SZ,301512,-1.23,1437,2203
SZ,301505,-2.04,1435,1801
SZ,920821,0.77,1434,2723
SZ,002144,-1.6,1433,1840
SZ,301130,-0.6,1432,1857
SZ,300314,-0.49,1432,2868
SZ,301276,-0.74,1432,2567
SZ,301320,-1.25,1429,2277
SZ,002247,-2.63,1422,1880
SZ,301203,0.25,1420,2592
SZ,301558,-2.4,1420,5104
SZ,003008,-0.97,1420,1900
SZ,301167,-0.51,1418,1502
SH,688022,-0.48,1418,1418
SZ,300892,-0.44,1414,2190
SZ,000010,-1.9,1413,1770
SZ,920857,0.21,1409,1409
SZ,301100,-2.21,1404,3183
SZ,920200,-0.24,1402,3208
SZ,301560,-1.58,1401,2790
SZ,300371,-1.08,1394,2004
SZ,301129,-1.75,1393,2806
SH,603062,-1.64,1393,4058
SZ,001226,-1.53,1391,3061
SZ,300640,-3.36,1391,1959
SZ,301508,-3.93,1390,5340
SZ,002691,-3.05,1384,1401
SZ,001296,-0.98,1384,2685
SZ,920371,-1.38,1383,1459
SZ,301278,-1.82,1379,2407
SZ,300549,-1.08,1376,1816
SZ,301152,-1.51,1376,2301
SZ,301303,0.3,1373,5490
SH,603391,0.07,1372,5486
SZ,300635,-1.47,1365,1588
SZ,000637,-2.59,1364,1944
SZ,001326,0.02,1360,4144
SZ,002581,-1.16,1359,2237
SZ,300594,1.7,1359,1372
SH,688806,1.76,1358,12255
SZ,301355,-1.01,1355,1892
SZ,002591,-2.25,1354,1819
SZ,001387,-1.27,1349,2119
SZ,301507,0.41,1348,4368
SZ,920701,-4.06,1348,1845
SZ,300155,-1.67,1347,2295
SZ,002809,-2.21,1346,1903
SZ,300670,-1.15,1346,1898
SH,603248,-0.83,1346,8657
SH,688805,-1.27,1345,6724
SZ,300564,-3.33,1344,1915
SZ,301677,-2.34,1343,6266
SZ,002200,0,1339,3086
SZ,300928,-1.33,1338,1997
SZ,300838,-1.34,1334,1809
SZ,000610,-1.39,1328,1335
SZ,002883,-0.22,1326,1351
SZ,920837,-0.71,1325,1480
SZ,002188,-2.64,1325,1685
SZ,301601,-1.31,1322,2199
SZ,301298,-0.32,1320,1791
SZ,920533,-1.47,1319,2358
SZ,301009,-2.12,1319,2373
SZ,001239,-1.69,1316,2770
SZ,301295,2.32,1312,4499
SZ,301156,-0.97,1312,2042
SZ,301591,-0.36,1310,3206
SZ,002888,-1.51,1307,2575
SZ,920207,-3.16,1305,2137
SZ,920790,-3.45,1304,1894
SZ,300605,-2.92,1299,1698
SZ,920119,-0.23,1298,4934
SZ,301131,-0.17,1297,1810
SZ,300865,-1.78,1296,2158
SH,603293,-1.28,1288,6573
SZ,920284,0.63,1287,2011
SZ,301126,-0.1,1285,1914
SZ,301097,-1.43,1285,2677
SZ,001358,-1.52,1282,3098
SZ,301233,-0.24,1281,2335
SZ,300828,-1.16,1281,2526
SZ,920211,4.38,1277,3788
SZ,001278,-2.47,1277,1852
SZ,301329,-1.37,1274,3283
SZ,920046,1.02,1273,2303
SZ,920523,-0.94,1273,1591
SH,688089,-2.05,1268,1268
SZ,001277,-0.88,1267,2114
SZ,300994,-0.99,1266,2529
SH,603352,3.15,1263,6315
SZ,300126,-2.28,1260,1818
SZ,301288,-2.36,1254,1735
SZ,920274,-0.05,1253,1253
SH,603468,-17.03,1244,12820
SH,688217,0.41,1242,1242
SH,688130,-0.9,1241,2489
SH,600543,-0.76,1240,1240
SZ,003003,-0.93,1239,1859
SZ,301157,0.94,1237,3592
SH,688576,-1.86,1237,2588
SZ,920225,-2.02,1236,1895
SZ,920403,-6.59,1232,2072
SZ,301503,-1.05,1232,2222
SZ,301469,-1.07,1229,2387
SZ,301163,-1.48,1228,1831
SZ,920039,-0.74,1227,1227
SZ,301501,0.36,1223,4159
SH,603207,-0.43,1223,3599
SZ,920033,0.27,1222,1757
SZ,920505,11.59,1220,2196
SZ,001319,-0.77,1218,2713
SZ,301515,-1.09,1216,1800
SZ,002830,-2.67,1211,2426
SZ,301272,-1.35,1211,1914
SZ,920425,-0.74,1209,1469
SZ,920237,-1.14,1206,1229
SZ,301372,-1.8,1203,2004
SZ,300430,-2.52,1203,1264
SH,603370,0.06,1203,6015
SZ,301502,-1.67,1202,2908
SH,603004,-2.15,1201,4805
SH,603344,-1.71,1201,4322
SZ,300823,-2.41,1196,1848
SZ,300517,-2.66,1195,1898
SZ,920489,-2.07,1187,1865
SZ,301559,-1.56,1184,7896
SZ,301300,-1.2,1180,1977
SH,600365,-0.71,1175,1248
SZ,920273,-2.66,1175,1765
SZ,920304,-0.22,1175,1460
SZ,300535,-0.95,1171,1544
SZ,920089,0.96,1169,2053
SZ,300405,-1.65,1169,1519
SZ,920981,-4.04,1166,2319
SZ,301446,0.27,1165,3813
SH,603276,1.65,1164,3202
SZ,300930,-0.96,1160,2462
SZ,920171,-2.78,1156,1713
SZ,301378,-3.63,1156,2431
SH,688184,-0.75,1155,1845
SZ,301001,-2.75,1152,1832
SZ,301083,-1.32,1144,2376
SZ,920152,0.29,1144,1534
SZ,920249,-1.5,1137,3845
SZ,301359,-0.86,1136,1919
SZ,300899,-1.66,1133,1766
SZ,300851,-1.33,1129,1990
SZ,300915,-0.85,1128,2466
SZ,300713,-1.86,1127,2001
SZ,000820,0.8,1126,2450
SZ,001373,-1.1,1124,1840
SZ,301113,0,1119,1848
SZ,002872,-0.76,1113,1647
SZ,920566,0.92,1109,1426
SZ,920099,-1.18,1108,1792
SZ,001336,-1.98,1107,1799
SZ,920396,-2.3,1105,1556
SZ,301632,-1.88,1105,6312
SZ,301006,-0.82,1101,1830
SZ,920252,-0.54,1101,1657
SZ,920932,-3.51,1099,1327
SZ,300804,-2.42,1095,2947
SZ,920130,-1.74,1095,1763
SZ,002193,2.2,1094,1094
SZ,920885,-0.87,1092,2108
SZ,301418,-0.79,1092,2721
SZ,301516,-1.82,1089,4356
SZ,920592,-3.96,1081,1737
SH,688671,-2.24,1081,1811
SZ,920199,0.21,1079,1938
SZ,002514,-4.42,1075,1397
SH,688651,-5.15,1063,2316
SZ,300152,-2.6,1062,1062
SZ,300949,-1.97,1060,1854
SZ,920526,-1.46,1056,1668
SZ,920642,-1.86,1051,1090
SZ,300886,-1.54,1050,1670
SZ,920924,-7.58,1050,1723
SZ,301539,-1.96,1045,2060
SZ,920184,-2.25,1045,1540
SZ,920690,-3.67,1042,1603
SZ,001379,-0.95,1040,3090
SZ,920985,0.21,1040,1467
SZ,920357,0.74,1032,1707
SZ,920367,5.29,1029,1736
SH,603334,-1.87,1028,4638
SZ,301577,1.91,1024,2447
SH,688701,-0.9,1022,1022
SZ,920575,-2.5,1022,1528
SZ,920429,-0.98,1022,1120
SZ,300958,-1.14,1013,1744
SZ,920062,-1.16,1010,1434
SH,688695,-2.77,1010,1608
SZ,920167,0.19,1009,1699
SZ,001312,-0.95,1008,4114
SZ,300338,-0.68,1004,1156
SH,603729,-1.8,1003,1003
SZ,920792,-2.27,1002,1632
SZ,920419,-0.57,999,1067
SH,603359,-1.75,995,995
SZ,920092,-5.5,993,1906
SZ,301513,-0.72,990,4915
SZ,920193,20.23,989,4368
SZ,920270,-0.48,988,1272
SZ,920415,-2.66,985,1279
SZ,001279,-0.96,979,3915
SZ,001231,-0.82,977,1911
SZ,301616,-1.25,976,2749
SZ,920206,-0.52,975,2536
SZ,920098,-1.88,975,1432
SZ,920124,-0.23,973,1890
SH,688816,0.36,971,5036
SZ,920100,-1.94,964,3637
SZ,301399,10.03,954,3227
SZ,920169,-1.36,949,1508
SZ,002719,-1.5,949,1020
SZ,920651,-2.13,947,1393
SZ,920786,0.29,944,1430
SZ,920223,-0.93,943,1815
SZ,920436,-0.46,941,1002
SZ,920012,2.31,940,2402
SZ,301192,-0.72,937,1929
SH,603190,-1.27,932,2823
SZ,301173,-0.45,931,2653
SH,603409,-0.79,930,3243
SZ,920266,2.88,930,973
SZ,920161,0.04,928,3422
SZ,301459,-0.19,922,3679
SZ,920496,-1.24,918,1048
SZ,920028,-0.55,917,2321
SZ,301105,-2.26,913,2305
SZ,920726,-0.78,913,1654
SZ,001225,-2.95,912,2842
SZ,920748,-6.56,906,1888
SZ,920873,-0.92,896,1147
SZ,920694,0.92,889,1871
SZ,920220,-0.94,888,2836
SZ,300904,-2.03,886,2917
SZ,920275,-2.18,884,1068
SZ,920670,-2.28,883,1407
SZ,301386,-1.74,882,2745
SZ,920227,-3.11,880,1933
SZ,300417,-0.46,879,1416
SZ,920020,-0.43,879,3556
SZ,920541,-0.7,877,1331
SZ,920770,-0.18,877,1394
SZ,920156,-0.88,874,4194
SZ,301668,-2.78,872,3944
SZ,301519,-0.77,869,1846
SZ,920195,-0.72,869,1204
SH,603205,-1.12,865,3264
SZ,920693,-1.63,854,1697
SZ,920122,-1.8,851,2099
SZ,920433,1.42,847,1280
SZ,301037,-3.87,842,1723
SZ,920027,-0.25,841,1202
SZ,920926,-1.87,838,923
SZ,920943,-0.67,837,1641
SZ,301170,-0.85,836,2199
SH,688638,-1.61,836,1768
SZ,301598,-0.97,835,2802
SH,603376,0.19,829,10360
SH,688573,-1.38,828,1521
SZ,920663,-0.61,818,1705
SZ,920000,-2.86,818,1302
SZ,920855,-1.29,816,910
SZ,920078,2.71,814,2504
SZ,301049,-1.5,810,1783
SH,603075,-0.93,806,7646
SZ,001306,-1.64,802,3255
SH,603073,-1.68,797,1818
SZ,920061,4.62,793,1426
SZ,920976,-6.45,792,1274
SZ,920519,-0.98,791,890
SZ,920378,-0.83,790,1103
SZ,920556,-0.58,789,1089
SZ,001335,-2.25,785,2880
SZ,920974,-1.61,782,998
SZ,001396,-1.03,777,3655
SZ,920478,6.82,777,1277
SH,603273,-1.98,773,2971
SZ,920689,0.2,772,1494
SZ,301449,-2.37,768,3414
SZ,920260,-1.01,767,804
SZ,920058,0.04,765,1555
SZ,920832,-0.31,762,853
SZ,920634,4.97,762,1201
SZ,920263,3.5,758,1044
SZ,920833,-0.45,755,998
SZ,920395,-0.68,755,1096
SZ,920768,-0.7,753,1089
SZ,920299,-1.18,752,1491
SZ,920242,-0.27,741,1325
SZ,920870,-0.61,740,1502
SZ,920363,-1.31,738,1299
SH,603284,1.14,737,3009
SZ,920942,-0.83,733,1083
SZ,920639,-0.95,732,1242
SZ,301314,-1.08,729,2205
SZ,920720,0.92,728,2604
SZ,920685,-1.88,727,1140
SZ,920181,0.74,726,3130
SZ,301353,-1.6,725,2256
SZ,301533,-2.53,719,2487
SZ,920081,0.07,714,3031
SZ,301552,-0.34,713,2853
SZ,920564,-2.03,708,1540
SZ,301567,-1.44,707,2396
SZ,920445,-0.29,706,969
SZ,920475,2.89,701,1260
SZ,920781,-2.01,701,900
SZ,001325,-0.91,699,2797
SZ,920123,-0.45,697,1197
SZ,920370,-0.74,695,796
SZ,920925,-2.11,689,1228
SZ,920375,-1.68,689,1153
SZ,920346,-0.45,687,1234
SZ,920706,-1.77,685,1359
SZ,920245,-0.69,683,887
SZ,920547,0.11,682,1402
SZ,001220,-2.22,678,2712
SZ,920866,-3.25,677,1069
SZ,920008,-1.24,674,1261
SZ,920163,-0.71,673,1427
SZ,920627,-0.55,669,1349
SZ,920079,-1.85,666,6166
SZ,920101,0.18,666,2135
SZ,920579,-1.44,665,1933
SZ,920187,0.15,665,1812
SZ,300784,-0.72,665,2224
SZ,920117,-1.67,663,2949
SZ,920964,-1.74,663,1173
SZ,920175,0.6,660,991
SZ,920108,0.33,660,1557
SZ,301578,-5.48,658,2315
SZ,301575,-1.42,656,3268
SZ,920608,-1.3,653,843
SZ,920204,1.56,649,1224
SZ,920527,-0.92,646,833
SZ,920580,3.97,645,1013
SZ,920765,0.17,641,1055
SZ,920876,-2.27,641,1047
SZ,920422,0.21,640,855
SZ,920300,-0.82,637,822
SZ,920176,-3.38,637,4717
SZ,920570,-2.19,623,1226
SZ,920553,-0.59,617,945
SZ,920090,12.26,614,821
SZ,920278,0,613,1084
SZ,920118,-1.01,611,1008
SZ,920471,-0.43,599,940
SZ,920578,-2.25,598,1288
SZ,920065,-4.58,596,3417
SZ,920096,1.53,592,2521
SZ,920014,-0.89,591,1075
SZ,920469,-1.56,584,796
SZ,920086,0.09,581,1777
SZ,920719,-0.63,581,727
SZ,920856,-2.4,580,1041
SZ,920992,0.17,579,1143
SZ,920641,-0.85,576,955
SZ,920675,-0.54,575,1253
SZ,920112,0.86,575,1959
SZ,920679,-0.25,572,860
SZ,301287,-1.57,572,2240
SZ,920057,-0.8,569,885
SZ,920455,-0.84,564,1029
SZ,920665,-0.56,563,1140
SZ,920834,-0.1,561,1073
SZ,920198,-1.98,555,1270
SZ,920271,-0.82,552,1248
SZ,920906,-1.07,550,1072
SZ,920262,0,547,1176
SZ,920896,0.08,545,1242
SZ,920075,-1.08,544,1004
SZ,920146,0.4,544,676
SZ,920810,-0.68,542,832
SZ,920005,0.08,539,2079
SZ,920374,-2.4,539,1320
SZ,920454,-0.9,538,1149
SZ,920871,-1.48,527,952
SZ,920023,4.28,524,638
SZ,920662,-1.49,514,1665
SZ,920056,-0.59,513,1358
SZ,920729,-0.44,509,1796
SZ,920050,0.21,509,1902
SZ,920267,-1.31,508,888
SZ,920703,-0.2,507,1435
SZ,920826,-0.61,506,1126
SZ,920160,-1.15,500,2223
SZ,920753,-1.28,499,1243
SZ,920030,-0.44,499,794
SZ,920166,5.16,499,1581
SZ,920149,-1.87,495,599
SZ,920212,0.42,494,1016
SZ,920230,0.67,494,1051
SZ,920069,0.33,494,1771
SZ,920392,-0.79,492,1046
SZ,920080,-0.18,490,1770
SZ,920779,0.49,489,1955
SZ,920145,-1.08,488,705
SZ,920407,-0.64,486,1194
SZ,920258,-4.28,482,5356
SZ,920508,-2.08,479,900
SZ,920082,1.09,477,1695
SZ,920126,-0.56,469,1954
SH,688121,-8.69,468,540
SZ,920177,-1.09,465,1313
SZ,920136,-2.61,461,1756
SZ,920950,-0.07,457,938
SZ,920718,-0.7,453,884
SZ,920414,-1.22,450,640
SZ,920656,-0.28,448,1385
SZ,920091,-1.62,446,1890
SZ,920158,-0.71,444,1661
SZ,920168,-1,443,1182
SZ,920427,-1.14,437,886
SZ,920016,-0.23,435,979
SZ,920188,-0.68,430,1803
SZ,920180,0.25,422,1397
SZ,920055,-1.53,420,1869
SZ,920970,-1.63,419,663
SZ,920110,-1.67,418,1003
SZ,920159,-1.21,410,2162
SZ,920036,-3.55,407,1695
SZ,920072,2.85,407,2153
SZ,002731,-6.9,402,448
SZ,920957,0.32,396,996
SZ,920007,-1.62,391,1634
SZ,920218,-1.58,377,1677
SZ,920802,-1.32,377,854
SZ,920035,-1.48,376,1657
SZ,920009,-0.91,368,2827
SZ,920011,-0.45,361,1605
SZ,920191,-0.21,358,1589
SZ,920717,-0.36,356,923
SZ,920895,-2.13,355,698
SZ,920066,-0.94,331,1048
SZ,920121,-0.49,330,1830
SZ,920222,-4.52,329,2438
SZ,920003,-0.47,326,1516
SZ,920022,-1.07,320,1162
SZ,920132,-2.06,311,915
SZ,301139,8.87,308,492
SZ,920504,-0.98,290,734
SZ,920931,-0.81,278,906
SH,688496,-3.4,202,383
