market,code,chg_pct,vol_rank,amt_rank
SH,601288,0.31,2075087,2274889
SH,601398,0.66,2040964,2697995
SH,601857,0.47,1729327,1954664
SZ,300750,-4.24,1652911,1795142
SH,600519,0.16,1635794,1635794
SH,601138,3.56,1354756,1354756
SH,601988,1.05,1220332,1865609
SZ,300308,0.77,1059992,1117096
SH,600036,0.08,803909,982817
SH,601628,0.26,794417,1078298
SH,688256,2.75,733940,733940
SH,601088,2.26,725110,953684
SH,601899,1.17,710761,917379
SH,600900,-0.04,678993,678993
SH,688041,0.76,676498,676498
SZ,000333,-0.18,587355,650828
SH,601318,-0.96,570313,968758
SZ,002371,1.13,538394,538824
SZ,300502,-0.57,529127,588195
SH,601728,1.12,489067,576494
SH,600028,2.01,481342,614301
SZ,002475,0.05,409471,431843
SH,601166,0.65,391089,391089
SH,601658,0.2,360463,596872
SH,603993,-0.49,355677,435802
SH,603259,-3.25,352937,425782
SH,688012,1.0,340689,346346
SH,600030,-0.92,339969,436229
SZ,002415,-2.58,338776,343224
SH,600276,-2.67,332409,345864
SZ,002594,-1.51,311877,815533
SH,600000,0.32,309411,309411
SH,601998,0.0,307760,420120
SH,600183,3.63,306895,309090
SZ,000858,-1.35,289095,289102
SZ,300059,-1.72,267199,316602
SH,600150,-0.85,262644,262644
SZ,002384,-0.61,260184,343756
SH,603986,-0.11,257369,270171
SH,601319,-0.97,252744,314874
SH,601816,0.2,248542,248542
SH,688981,-1.04,248245,1062855
SZ,300394,3.89,245192,245741
SH,601225,4.14,241211,241211
SH,601211,-0.78,241054,314851
SH,688008,-1.72,238523,254311
SZ,300408,-0.93,237465,252458
SZ,002916,1.38,235335,241126
SH,600309,0.7,234691,234691
SH,688825,-4.31,233977,3475130
SZ,002463,1.38,225353,225535
SZ,000651,-0.05,222260,225456
SZ,000001,0.18,218701,218704
SZ,002938,2.98,216871,217500
SH,601601,-1.09,216782,304676
SZ,300476,5.84,216428,245843
SH,600919,1.29,215628,215628
SZ,000725,-0.17,210788,220784
SZ,002142,0.28,209466,209597
SH,603288,-1.14,203211,213855
SH,600406,-1.51,193557,194127
SH,601919,-0.19,192993,234671
SH,688072,0.61,192805,198251
SH,601668,-0.22,188834,188834
SH,600025,0.0,181653,181653
SZ,300760,-2.95,181407,181563
SH,601328,0.14,180942,613244
SZ,300433,-0.77,173044,183805
SH,600989,1.43,172113,172113
SZ,300274,-1.43,169389,221211
SH,601066,-0.31,168562,201286
SH,600031,0.71,167453,181693
SH,601985,0.11,166739,181615
SH,600887,-0.19,165656,166483
SH,688498,2.7,163815,165959
SH,600176,3.82,161961,163247
SZ,002352,-0.85,161826,177546
SZ,003816,-0.75,155767,199975
SZ,300124,-1.55,152789,171635
SH,600111,0.34,151507,151507
SZ,000792,0.88,150967,150968
SH,600809,-1.17,145907,145907
SZ,000338,-2.78,145618,253849
SH,601872,-1.22,144372,144372
SH,601766,-0.34,144263,170184
SZ,002050,-1.78,142880,162892
SH,601688,-1.42,142408,175933
SH,601818,-0.33,142004,180801
SH,601100,-0.55,140920,140920
SZ,000063,-0.12,139758,165988
SH,601009,0.45,139461,139461
SH,600690,-0.98,138316,207433
SZ,002281,2.3,137993,145279
SH,600487,3.2,137772,138487
SZ,300604,2.4,136332,176704
SZ,000408,0.25,136164,136166
SH,600584,10.0,135762,135762
SH,600050,-0.23,135737,136938
SH,600999,0.33,133596,156537
SH,601869,5.07,133380,271759
SH,688082,-0.47,133245,134692
SZ,301165,3.17,132723,132723
SH,601229,0.22,132144,132144
SH,603256,7.7,130850,134548
SH,601336,-1.39,130193,194753
SH,601898,6.45,129958,188273
SH,603019,-0.96,128456,128461
SZ,000568,-0.58,127996,128070
SH,601600,-1.64,126884,164859
SH,600188,9.98,126797,213483
SZ,002714,0.03,125872,221509
SH,600019,-0.17,125272,127425
SZ,000776,-0.8,125165,165886
SH,600016,0.0,124826,154114
SH,688506,4.16,124675,124675
SH,688111,-4.32,123937,123937
SH,600104,-0.83,123804,123804
SH,600346,1.34,122832,122832
SZ,002493,6.05,122702,131261
SZ,300857,-0.69,121768,122394
SH,600489,3.55,121716,121716
SH,688361,1.0,121457,121457
SH,688120,0.66,121390,121390
SH,600018,0.58,120882,121055
SH,600760,0.31,120680,120909
SH,600160,1.74,118356,118356
SH,600926,0.19,117288,117288
SZ,301200,3.03,114520,131694
SZ,300014,-3.01,114348,117640
SH,688521,0.93,114213,114213
SH,601698,0.67,114016,114016
SZ,000977,-0.53,112638,112764
SZ,300442,-1.6,112572,112903
SH,600660,-0.94,112267,146276
SH,600886,0.61,110918,119106
SH,600522,0.91,110204,110204
SH,688525,-0.06,109846,109846
SH,600905,-0.52,108633,108633
SZ,000938,2.71,108511,108511
SH,601888,-1.47,108479,115442
SH,600547,3.49,108288,138113
SH,603501,-1.3,108204,112753
SH,600089,-2.13,107018,107018
SH,601169,0.0,106349,106349
SH,605117,-0.31,106314,106314
SH,688347,2.22,105240,448507
SH,600015,0.44,104786,108380
SZ,300033,-1.38,104771,179865
SZ,000988,2.57,103523,103576
SZ,301308,0.39,103250,154979
SZ,000166,-2.16,102311,113681
SH,601995,-2.19,102060,168519
SZ,002353,-2.97,99903,148018
SZ,002028,-0.24,98070,125649
SH,601633,-1.57,97780,134459
SZ,002736,-1.55,97470,103851
SH,601939,1.51,96991,2644779
SZ,000100,-1.03,96970,100260
SH,600673,-1.2,96560,96817
SH,601012,-1.77,96544,96544
SH,601006,0.62,96136,96136
SH,600362,-0.81,95980,160151
SH,600893,0.59,95704,95721
SZ,002230,-1.11,95657,104922
SH,601168,-3.14,94676,94676
SZ,002602,-1.84,94204,102157
SH,600938,0.88,92570,1471527
SZ,002156,5.1,92503,92512
SZ,002001,2.18,92472,93585
SZ,000807,-0.6,92454,92455
SZ,002600,-1.77,91727,103452
SH,688271,-1.71,91481,91481
SH,601390,0.0,91254,110145
SZ,002008,0.42,91080,98018
SZ,000657,8.83,90840,142412
SZ,000617,0.56,90770,90770
SH,688183,0.62,90627,90627
SH,601881,-1.58,90108,136023
SZ,000538,-0.41,89869,90444
SH,600795,0.4,89534,89534
SH,600549,6.98,89304,91238
SH,601127,-2.96,88931,99484
SZ,000895,0.2,87921,87933
SH,600941,0.48,87071,2091731
SH,601727,-1.99,86795,106916
SH,601689,-0.9,86492,86492
SH,600236,-1.44,86469,86469
SZ,002080,5.55,86456,86456
SH,603893,2.01,85847,85858
SZ,002648,0.44,85407,85462
SZ,000301,2.46,85248,85284
SH,603228,10.0,84758,86423
SH,601868,-1.15,83990,114582
SH,688777,-1.96,82262,82679
SZ,301217,4.32,82072,82072
SH,600436,-0.76,81924,81924
SH,605499,-1.35,81723,88757
SZ,001289,-1.71,80923,134175
SZ,300498,-0.29,80566,90160
SH,688249,1.25,79681,88260
SH,688200,5.26,79326,79326
SH,688702,11.29,79170,159908
SZ,002311,1.26,78699,78774
SH,601825,-0.12,78370,80627
SH,603799,-1.48,78146,78392
SH,688396,0.55,77660,77660
SH,601991,-2.8,77475,115666
SH,600118,3.48,77252,77252
SH,600011,-1.54,77093,110043
SZ,300757,-0.86,76552,78926
SH,601838,0.45,76164,76164
SZ,000425,0.12,75784,98608
SH,600039,-0.81,74260,74260
SZ,002027,-2.65,74232,74232
SH,601958,1.11,73792,73792
SZ,002241,-1.14,73735,83265
SH,688126,1.49,73553,85534
SH,603195,-1.71,73410,73544
SZ,000630,-1.5,73209,88100
SH,688002,2.42,73169,73169
SH,600674,0.2,73167,73167
SZ,002179,-0.23,72683,72815
SH,601179,-2.64,71916,71916
SH,601800,-0.33,71743,99228
SH,600066,0.12,71576,71576
SH,601111,-0.97,71341,125619
SH,601186,-0.16,71320,84193
SZ,000708,-0.42,71164,71164
SH,600585,0.34,70798,93931
SH,600010,-0.88,70465,101758
SZ,002202,2.98,69826,87685
SH,600029,-1.15,69810,93866
SZ,002466,-1.24,69624,80829
SZ,300015,-1.69,69466,81185
SH,601360,0.41,69015,69015
SH,600988,1.13,68719,78486
SZ,300475,0.82,68670,71647
SH,600703,2.7,68399,68399
SZ,300620,5.63,68118,68691
SH,600958,-1.3,67972,77319
SH,688629,2.47,67761,68828
SZ,000636,0.83,67430,67430
SH,600415,-1.37,67063,67063
SH,600026,-2.29,66836,95527
SZ,000426,3.53,66712,66728
SH,600023,0.4,66507,66507
SH,688585,2.56,66102,66102
SH,688036,0.88,66077,66077
SZ,002625,-1.0,65908,65908
SH,600482,1.97,65824,65824
SH,601018,-0.29,65755,65755
SH,601231,6.01,65743,65743
SZ,000703,4.94,65401,65730
SH,603296,1.49,64869,123161
SH,688172,2.23,64708,77062
SZ,001965,-0.63,64689,64689
SZ,000960,1.68,64583,64583
SZ,000975,5.12,64241,70588
SZ,001309,0.52,64072,88072
SH,600233,-2.6,64029,64029
SZ,300661,2.13,63937,72834
SH,600115,-1.06,63673,82608
SZ,002460,-1.4,63274,109531
SH,601916,-0.34,63125,80471
SH,600048,2.33,63084,63084
SH,601669,-0.82,62874,82857
SZ,000021,3.13,62824,62833
SZ,002128,2.51,62293,86884
SZ,001979,1.6,61999,63022
SH,600875,-2.29,61812,94447
SH,688017,-1.32,61606,61606
SZ,002304,-0.99,61582,61583
SH,688519,2.97,61062,61062
SZ,000625,-2.38,61011,73157
SH,688037,1.01,60929,60929
SZ,002595,-0.68,60812,61236
SZ,002837,1.15,59835,67451
SZ,002851,4.12,59641,70961
SZ,002428,10.0,59413,59420
SH,600009,-0.62,59351,59545
SZ,300285,3.36,59314,69324
SZ,002709,0.51,59228,80013
SZ,000933,0.53,59200,59238
SH,688141,2.1,58857,58857
SH,601061,-2.2,58800,58800
SZ,002064,2.34,58532,58657
SH,600426,1.1,58373,58381
SH,601901,-1.26,57953,57953
SH,603156,2.02,57947,57947
SZ,000768,-0.14,57832,57920
SZ,300223,0.71,57772,66262
SH,600221,-1.47,57412,57908
SZ,002185,4.04,57348,57362
SH,601077,0.31,57271,73593
SH,601788,-1.15,57233,67548
SZ,300054,3.76,57161,73305
SH,600580,-1.71,56433,56595
SH,688409,5.85,56281,56281
SZ,300759,-0.9,56233,72756
SZ,300765,5.26,56183,56183
SH,600105,5.01,56111,56111
SZ,002049,-1.04,56067,56075
SH,688019,1.37,55810,55810
SH,688766,0.25,55734,55734
SZ,002920,-2.79,55664,55682
SZ,002558,-2.69,55610,55610
SH,601233,1.57,55448,55549
SH,600438,-3.75,55419,55419
SZ,002422,-0.91,55204,67624
SZ,000831,0.76,55172,55172
SH,600372,-1.3,55163,55163
SZ,002532,-0.45,55031,62025
SH,600885,-2.07,55016,55016
SH,600096,-0.5,54726,54726
SH,601877,-1.82,54562,54562
SH,600219,-1.67,54203,54203
SH,601059,-1.07,53963,53963
SZ,300136,2.24,53951,63259
SZ,300450,-1.93,53799,57760
SH,688313,3.61,53673,53673
SZ,002484,1.32,53404,55360
SH,600803,0.58,53355,53773
SZ,300058,-2.48,53351,55073
SH,600418,-4.9,52962,54663
SH,600879,0.94,52953,52953
SZ,300666,7.29,52762,65852
SH,600350,0.28,52261,52261
SH,600497,0.58,52016,52016
SH,600460,1.76,51852,51852
SH,600378,9.51,51762,62255
SH,688630,8.76,51724,57520
SZ,301269,1.67,51719,51719
SZ,300418,-1.15,51596,56413
SH,603659,-2.48,51460,51460
SZ,000157,-0.27,51396,62874
SZ,300803,-0.96,51054,51429
SH,601377,-1.66,51038,51038
SZ,300373,3.32,50977,51090
SZ,001872,0.46,50764,54731
SH,600895,-1.36,50642,50642
SH,600741,-0.56,50443,50443
SZ,300548,7.26,50309,50411
SZ,300316,-1.5,50185,53363
SH,688578,-0.36,49824,49824
SZ,301358,-1.15,49796,55229
SZ,002821,-4.15,49649,56498
SH,688110,1.8,49502,49502
SZ,301526,2.95,49434,132734
SZ,000783,-0.33,49383,49383
SH,603979,-0.36,48905,48905
SH,600601,9.96,48792,50002
SZ,000963,-0.36,48768,48788
SH,601699,10.03,48580,48580
SH,688469,-0.12,48484,69240
SH,600196,-0.83,48216,60778
SH,601298,-0.67,48151,57965
SH,600498,2.41,48054,51325
SZ,002074,-2.19,48020,50177
SZ,002436,3.34,47860,53590
SH,601117,1.03,47608,47745
SZ,000066,0.07,47512,47516
SH,688432,14.8,47323,47323
SZ,300567,1.96,47226,58187
SH,688048,3.4,47207,47207
SH,601618,-0.75,46952,54418
SH,600726,0.32,46795,49499
SH,688375,-1.49,46548,46548
SZ,002409,3.12,46188,69014
SZ,002414,-0.66,45847,57612
SH,601607,-0.18,45826,60928
SH,688147,1.52,45494,45494
SH,688223,-3.06,45493,45493
SH,601021,-0.96,45394,45394
SH,688729,2.82,45261,76519
SH,600930,-2.09,45228,175617
SH,600377,-0.42,45207,59898
SH,603129,-1.37,45194,45194
SH,601058,0.51,45145,45145
SH,601198,-1.28,44737,44737
SH,688047,-0.58,44731,44731
SH,688146,7.57,44651,163058
SH,600985,10.0,44438,44438
SH,603629,8.76,44195,44931
SZ,002812,-1.92,44174,52696
SH,600570,-0.69,43875,43875
SZ,002636,6.78,43451,43672
SH,688220,7.07,43377,43377
SH,600027,-0.64,43221,54459
SH,688187,-0.82,43219,66189
SH,688188,-1.02,43191,43191
SH,601878,-1.26,43176,43176
SH,605376,3.91,42855,42855
SH,600352,-1.21,42618,42618
SH,688009,-1.2,42587,52313
SH,600143,0.94,42552,43173
SZ,002203,-1.08,42517,44047
SH,688331,1.15,42408,67263
SZ,301377,2.87,42312,181491
SH,601208,6.18,42185,42185
SH,603083,2.17,42109,56268
SH,603268,4.12,41984,183369
SZ,300395,2.36,41941,43020
SH,688099,1.87,41794,41794
SH,600021,-1.07,41679,41679
SZ,000999,-1.38,41517,41555
SH,603260,-0.28,41507,41507
SH,688728,1.28,41190,41219
SH,688627,1.63,41107,41107
SH,688234,2.22,41080,46329
SH,600061,-1.68,41050,41050
SH,600588,1.18,40969,40969
SH,600642,-0.24,40863,40865
SH,601555,-0.12,40842,40842
SZ,002236,-0.93,40696,55642
SH,600909,0.0,40696,40696
SH,600995,-1.78,40525,40525
SH,688808,0.77,40425,215087
SH,600845,-2.27,40418,54128
SH,601212,-0.55,40281,40281
SZ,300979,0.76,40167,40168
SH,601136,-0.94,40152,40152
SH,603379,4.32,40138,40138
SH,600667,3.9,40094,40094
SZ,300390,-0.68,40026,49462
SZ,002945,-1.73,39879,39879
SH,688303,-2.46,39812,39812
SH,600392,-0.09,39683,39683
SH,688295,5.26,39591,39591
SH,600968,0.78,39542,39542
SZ,000811,2.13,39439,40006
SZ,002155,1.9,39297,39300
SH,600578,-2.0,39297,39297
SH,601456,-1.1,39261,50954
SH,603699,0.0,39256,40144
SH,603806,-1.31,39235,39235
SH,601108,-1.4,39146,39146
SZ,000893,-1.67,39112,44520
SZ,000559,-1.58,39109,39121
SH,601216,-0.64,39068,39068
SH,601777,-1.82,39017,39017
SZ,002407,10.0,38932,42962
SH,601238,-1.68,38838,53636
SZ,002195,-3.36,38805,39155
SZ,000987,-1.9,38803,38832
SZ,002078,-1.49,38594,38844
SH,600141,0.0,38455,38455
SH,601665,1.46,38399,38399
SH,603087,-3.13,38270,40779
SH,688336,-0.61,38259,38259
SH,603650,6.93,38202,38294
SZ,300115,-1.96,38059,38172
SZ,003031,2.88,38015,50409
SH,600600,-0.85,37980,73066
SZ,000983,3.25,37866,37866
SZ,002294,-1.46,37728,37736
SZ,002738,2.7,37648,38202
SH,601577,0.32,37553,37561
SZ,002850,-2.7,37529,51253
SZ,300919,-1.92,37365,42666
SZ,002273,0.66,37321,37992
SH,688472,-2.58,37160,37160
SZ,002138,-2.26,37152,39090
SH,600206,10.0,37070,37070
SH,600901,0.47,37058,37067
SH,603392,-2.57,36920,36920
SH,601126,0.2,36856,37214
SZ,000596,0.17,36835,47653
SZ,300037,0.48,36809,50751
SZ,300972,-1.15,36742,39991
SZ,300346,5.17,36669,38635
SZ,000688,2.29,36535,36535
SZ,300454,-1.53,36291,54380
SH,688433,10.06,36271,36271
SZ,002429,0.25,36239,36260
SZ,300001,-1.9,36235,37084
SH,601808,0.58,36206,58356
SZ,001203,-1.14,36175,42466
SH,601611,-5.67,36105,36105
SZ,002966,-0.48,36086,36704
SZ,002653,4.65,36002,75112
SZ,002129,-2.95,35831,35862
SH,600256,4.1,35731,35731
SZ,300866,-2.51,35459,67420
SH,600711,-1.04,35232,35232
SZ,002056,-1.19,35230,35267
SH,600298,-0.53,35186,35625
SH,600157,1.26,35126,35126
SH,688322,-0.06,34895,44982
SZ,300017,-1.67,34858,36761
SZ,002444,0.4,34791,36240
SH,688775,-2.45,34748,53725
SH,688122,-2.63,34646,34646
SH,603929,1.93,34638,34638
SH,600869,3.04,34621,34621
SH,603298,-3.05,34579,34579
SZ,000423,-0.74,34394,34454
SH,600177,0.79,34361,35276
SH,600060,-3.05,34324,34451
SZ,002340,-1.32,34262,34440
SH,600085,-1.0,34053,34053
SZ,302132,-0.21,33904,154580
SZ,002517,-2.61,33814,38242
SZ,300782,3.44,33788,43342
SH,603369,-1.35,33763,33763
SH,600733,-6.54,33670,35465
SH,605358,4.42,33575,33575
SH,603486,-2.52,33483,33790
SH,605589,1.59,33439,33457
SH,601598,1.57,33317,46342
SZ,000878,-1.01,33260,40258
SZ,002432,2.41,33206,33250
SH,688027,-2.1,33190,42476
SZ,301236,-1.43,33141,43664
SZ,002032,-0.46,33042,33057
SH,601696,-1.82,33030,33030
SZ,300251,-2.78,33026,34909
SH,688536,1.89,32985,33575
SZ,002601,-0.72,32954,39530
SH,600707,3.03,32934,32941
SH,601236,-1.27,32899,32899
SH,688300,8.82,32859,32859
SH,603225,2.29,32853,33029
SZ,300751,1.7,32664,47240
SH,603308,0.8,32641,32641
SZ,300870,4.73,32570,32574
SZ,002126,-0.68,32529,34643
SH,688599,-3.29,32397,32397
SH,688668,2.08,32310,32310
SZ,002252,-3.16,32282,32304
SH,600109,-1.02,32236,32236
SH,600839,-0.99,32212,32221
SZ,002131,-3.35,32084,37109
SH,603606,-2.29,32068,32068
SZ,300832,0.84,32065,36881
SZ,000729,0.72,31796,35710
SZ,300207,-2.22,31724,34196
SZ,000002,-0.61,31677,38894
SZ,000728,-1.09,31637,31637
SH,603568,0.19,31628,31628
SZ,002378,4.6,31515,31681
SH,601162,-2.4,31468,36870
SZ,000967,-1.06,31461,31475
SH,688676,-1.89,31430,31430
SZ,002555,-2.13,31429,43802
SZ,002261,-1.47,31403,34523
SH,600562,0.0,31307,31307
SZ,000876,-0.29,31275,31294
SZ,000786,-0.96,31272,31508
SH,688235,-4.13,30949,414874
SH,600563,-3.15,30874,30874
SH,600801,4.92,30872,47837
SH,600863,-1.46,30872,37060
SZ,300672,1.54,30862,31855
SH,600348,1.18,30844,30844
SZ,000800,-2.04,30706,30708
SH,600282,1.64,30578,30578
SZ,300748,-0.37,30544,37428
SZ,000027,-1.09,30304,30304
SZ,000883,-0.43,30194,32989
SZ,300339,-3.06,30080,30805
SH,600871,0.45,30074,42084
SH,600332,-0.47,30072,34775
SZ,002673,-1.03,30035,30035
SZ,000661,-2.34,30031,30656
SH,688025,1.36,29978,29978
SZ,000958,0.55,29770,101290
SH,601001,9.48,29758,29758
SZ,002025,-1.24,29733,29742
SH,688362,7.93,29726,29726
SH,688266,1.69,29705,29705
SH,688568,-0.7,29704,29704
SH,600699,-1.57,29699,33000
SH,688617,-2.45,29680,29680
SH,600483,-0.84,29636,29636
SH,688213,1.05,29584,36790
SZ,002939,-1.32,29541,33082
SH,603198,0.19,29504,29504
SH,688318,0.97,29492,29492
SH,600428,2.3,29343,32927
SZ,301511,1.9,29303,49303
SZ,002472,-1.46,29300,33268
SZ,000060,-1.79,29266,29267
SZ,000629,-0.95,29171,29173
SH,600398,-0.16,29104,29104
SZ,002859,3.75,29044,30761
SH,603127,-0.09,29038,34664
SH,600517,-1.36,28992,28992
SZ,300628,0.56,28780,50233
SH,603766,-3.84,28770,28770
SH,688052,-0.77,28753,32782
SH,601933,-2.72,28738,28738
SH,688385,0.43,28706,43838
SH,603338,-0.58,28689,28689
SH,688301,1.52,28661,28661
SH,601990,-1.31,28648,29785
SZ,000981,-5.05,28635,30092
SH,688387,3.88,28597,48477
SH,600259,1.83,28590,28590
SH,600663,2.6,28590,45618
SZ,002240,1.3,28409,28483
SH,688180,-1.7,28325,37946
SZ,301396,0.35,28244,42898
SZ,300347,-2.25,28114,42732
SZ,000959,-0.53,28092,29236
SH,601000,-0.21,28088,28088
SZ,300489,10.72,28006,28109
SH,688411,-0.7,27949,38465
SZ,300458,0.32,27943,34101
SZ,002222,2.3,27878,28003
SH,603823,10.0,27813,27813
SZ,002797,-1.05,27777,27777
SH,600312,-2.29,27762,27762
SH,600777,1.63,27756,29650
SH,603179,-2.22,27739,27739
SZ,002608,-1.08,27655,27655
SH,600536,-2.27,27646,30600
SH,603444,-2.16,27629,27629
SH,600499,-0.83,27617,27617
SH,688333,4.52,27583,27583
SH,600637,-1.8,27533,27533
SH,600079,0.74,27484,29069
SH,688297,-1.31,27465,27465
SH,600369,-1.43,27444,27444
SH,600737,-1.16,27420,27420
SH,688169,-2.41,27413,27413
SZ,000877,1.05,27304,27304
SZ,002245,1.19,27296,29012
SH,603939,-0.66,27242,27242
SZ,002747,1.58,27235,33689
SH,688248,-1.19,27207,27207
SH,688167,0.14,27152,27152
SZ,000962,4.32,27101,28409
SH,601880,-1.34,27067,34650
SZ,000582,-3.02,27003,31513
SH,688608,-1.89,27000,27000
SH,688102,4.22,26938,27017
SZ,000737,-1.74,26930,26932
SH,601799,-1.27,26902,26902
SH,600331,-0.75,26802,34842
SZ,002180,10.0,26784,27996
SH,603061,5.08,26772,26772
SH,600299,2.84,26763,26763
SH,600330,10.01,26703,26703
SH,600515,-1.36,26702,33247
SZ,300432,-2.83,26696,26997
SZ,003022,0.35,26555,26577
SZ,002465,0.66,26513,26555
SZ,002456,1.52,26507,27932
SZ,300570,4.22,26499,31316
SH,600641,7.0,26467,26928
SZ,002487,-1.88,26347,30905
SH,600595,-1.8,26251,26251
SH,600546,8.01,26208,26208
SZ,002841,2.04,26082,34980
SH,688127,2.49,26026,26026
SH,688018,0.3,26021,26021
SH,600732,-1.36,26020,26143
SH,688065,-1.11,26006,32155
SH,601615,-1.71,25961,25961
SH,600704,0.6,25959,25959
SZ,300558,3.02,25905,25988
SH,603688,2.28,25767,25767
SZ,000951,0.09,25764,25764
SZ,002152,0.19,25764,25777
SZ,300209,-6.22,25756,32195
SZ,000932,-2.34,25697,25697
SH,688548,6.94,25685,49028
SZ,300236,2.09,25595,28796
SZ,002015,-2.3,25567,25567
SH,600396,-1.03,25551,25551
SH,600918,-1.24,25460,44184
SH,600862,-1.24,25451,25451
SH,601918,4.14,25439,25439
SZ,002223,-2.1,25432,27056
SH,603920,2.18,25386,25386
SH,601069,6.0,25373,26054
SH,603119,-0.2,25345,25345
SZ,002459,-1.67,25296,25319
SH,600153,-1.02,25254,25254
SH,601155,1.83,25127,25127
SH,603067,-1.19,25106,25106
SH,600208,-1.01,25098,25101
SH,600998,0.81,24960,24960
SZ,300438,-3.46,24896,31005
SZ,000547,1.75,24885,25032
SH,600566,3.32,24885,24969
SZ,000921,-1.32,24812,37197
SH,603049,0.37,24804,42954
SZ,000887,1.07,24762,24802
SH,600583,-0.18,24759,24759
SH,601717,0.06,24751,28655
SH,603596,1.7,24685,24685
SH,600521,-1.2,24644,24644
SH,603345,-1.28,24642,28002
SZ,000739,-2.74,24641,24651
SH,600323,-0.43,24631,24631
SZ,002046,2.07,24541,24820
SZ,300024,-2.55,24526,24533
SZ,001389,0.28,24494,75997
SZ,300383,-2.57,24492,24537
SZ,000830,-1.15,24468,24470
SZ,000415,-1.31,24375,27954
SH,603160,-1.91,24347,24347
SH,688475,-1.31,24310,24310
SH,603885,-0.18,24271,24271
SH,600161,-2.23,24222,24222
SZ,002266,0.4,24212,26096
SH,688192,-1.11,24186,24393
SZ,000738,-0.11,24133,24133
SH,601399,-1.18,24093,24093
SH,600166,-2.25,24068,24068
SH,605090,1.46,24034,24059
SZ,000062,-1.2,24022,24045
SH,600295,-0.25,23983,33977
SZ,300814,6.37,23982,23982
SH,600100,-0.69,23954,23954
SH,689009,0.8,23951,31347
SH,601928,-1.88,23896,23896
SZ,001270,1.56,23798,23950
SZ,002430,0.75,23793,23803
SZ,301205,8.81,23790,36954
SH,688778,-1.55,23775,23775
SZ,300255,-2.67,23738,23776
SH,601606,-2.91,23653,23653
SZ,001267,10.01,23618,30465
SZ,002244,-0.81,23604,26633
SH,688349,-0.66,23586,23995
SZ,301018,-0.89,23573,31196
SH,688820,3.06,23559,253821
SH,600977,-0.79,23524,23524
SH,601099,-1.71,23516,23516
SH,600095,-1.79,23502,23502
SH,688403,8.66,23417,23417
SH,688195,3.42,23411,23411
SH,601866,-1.23,23402,31648
SH,603663,5.5,23317,23333
SH,600246,5.12,23270,23918
SZ,300496,-0.58,23238,29032
SZ,000400,-2.64,23204,23285
SH,603678,1.1,23198,23198
SZ,300677,0.57,23196,32619
SH,688001,2.04,23163,23163
SZ,000733,-1.55,23155,23158
SH,600535,-1.46,23141,23141
SH,601228,-0.65,23086,23086
SH,600884,-1.95,23067,28227
SH,603301,-0.51,23044,23044
SZ,300811,0.82,23006,28030
SH,603605,-1.7,22927,22927
SH,605111,5.43,22897,22897
SH,603730,0.47,22882,22882
SH,601118,0.38,22809,22809
SZ,002498,-5.79,22722,22722
SH,688425,-1.16,22667,22667
SZ,002157,-1.69,22662,26917
SH,601128,-0.16,22655,22655
SH,601567,-0.43,22651,22651
SZ,002085,-1.66,22613,22613
SZ,300903,20.0,22600,28004
SZ,300738,-2.92,22583,22590
SH,600388,0.62,22543,22543
SH,603881,-1.48,22421,22421
SZ,002603,-1.09,22382,27165
SZ,002271,-1.19,22342,27876
SH,600126,-1.49,22289,22289
SH,688278,-5.24,22278,22278
SZ,301536,3.93,22275,50184
SH,601963,-0.09,22272,39702
SH,603306,0.06,22240,22240
SH,600486,-0.92,22169,22169
SH,601608,-0.82,22165,22165
SH,600873,-0.38,22153,22153
SH,600390,-1.4,22130,22130
SZ,000709,-0.47,22117,22121
SZ,000155,-1.89,22098,22098
SZ,000750,-1.55,22083,24331
SH,603565,-1.41,22029,22029
SH,601666,9.99,22026,22026
SH,600098,-1.1,22016,22016
SZ,002396,1.11,21980,22071
SH,600353,4.38,21946,21946
SH,600550,-3.41,21914,21914
SZ,000158,-1.99,21913,22060
SH,603728,-0.59,21853,21853
SH,601106,-1.85,21807,21807
SH,688343,0.37,21745,21745
SZ,000034,-1.27,21712,25998
SZ,002926,-1.55,21708,21708
SH,600598,0.25,21687,21687
SZ,002065,-1.72,21664,23880
SH,601016,-2.45,21616,23429
SH,688819,-1.81,21600,21600
SZ,300474,-1.61,21579,27745
SZ,000623,-1.2,21536,21621
SZ,300699,-0.49,21512,21773
SZ,002364,-1.2,21509,21719
SH,600685,-1.95,21455,36920
SZ,300806,2.29,21449,29766
SH,688400,0.09,21447,22303
SZ,000564,-2.07,21434,25642
SZ,002379,0.11,21432,245766
SZ,000598,0.28,21362,21365
SH,603588,-0.78,21355,21355
SH,600745,-1.87,21350,21350
SH,688205,3.97,21290,21290
SH,600132,-1.79,21280,21280
SZ,002423,0.22,21220,21220
SZ,003035,-1.75,21212,21212
SH,603077,-1.23,21196,21196
SH,603005,2.54,21065,21065
SZ,300073,-2.35,21048,22642
SH,601677,-1.4,21048,21048
SZ,002545,0.05,21032,23151
SH,600008,-0.69,20994,20994
SZ,300896,-2.47,20976,31045
SH,600516,-0.95,20975,20975
SH,603337,-2.96,20974,21394
SH,600688,1.06,20960,30151
SZ,300776,4.01,20934,33301
SZ,002895,0.43,20918,21140
SH,688257,4.27,20917,20917
SH,600765,-0.59,20912,20912
SH,600329,-1.15,20908,28393
SZ,000603,7.38,20868,21596
SZ,002317,-0.44,20868,23288
SH,600848,-0.57,20827,21945
SZ,002831,4.08,20783,37490
SH,601858,3.63,20774,20774
SH,603737,-1.3,20771,20771
SH,688114,-3.74,20744,20788
SH,603899,-1.52,20706,20706
SH,600170,-0.85,20704,20704
SH,603290,0.02,20678,20678
SZ,002007,-1.35,20644,23953
SH,601997,-0.35,20620,20620
SZ,002536,-0.84,20605,21755
SZ,002624,-2.34,20598,21863
SZ,002468,-0.64,20549,21308
SH,688372,0.6,20517,20517
SH,600970,-0.13,20476,20476
SZ,002335,-1.93,20445,23379
SZ,000683,2.68,20432,22747
SH,603233,-1.92,20396,20396
SH,603186,8.96,20382,20382
SZ,000825,-1.65,20335,20335
SZ,300085,-2.07,20316,22018
SH,601865,-2.29,20302,25021
SZ,000519,-1.55,20289,20289
SH,600961,1.16,20276,28935
SZ,002299,-0.06,20265,20667
SZ,002948,0.17,20217,33408
SH,603816,-0.8,20193,20330
SH,603667,0.24,20188,21123
SZ,300398,3.58,20177,20287
SZ,300762,0.12,20170,20170
SH,603171,-0.64,20164,20187
SH,603833,-0.06,20120,20120
SZ,300821,3.27,20096,20100
SZ,300012,-1.62,20037,23559
SZ,002716,-1.71,20019,24335
SZ,001896,-2.74,20018,20018
SH,688502,1.62,20012,20012
SH,600582,-0.21,19989,19989
SH,603516,-0.49,19985,19985
SZ,300003,-2.32,19973,23319
SZ,000029,1.5,19964,22651
SH,603236,4.65,19954,19954
SH,688005,-3.33,19937,19937
SZ,300487,0.73,19882,32864
SZ,300083,2.62,19860,22159
SZ,300763,-2.22,19845,24479
SH,601158,-0.48,19824,19824
SH,688270,0.53,19767,19767
SZ,002130,-1.66,19761,24120
SZ,300623,0.91,19628,21284
SZ,000039,-2.07,19561,45836
SH,603115,3.03,19549,19549
SZ,002461,-0.34,19499,19499
SH,600602,-2.21,19487,24809
SZ,300088,3.71,19461,19557
SZ,301035,-2.7,19446,19475
SZ,002491,2.86,19435,20319
SH,600967,-1.72,19434,19434
SH,603773,10.0,19418,19425
SH,601187,-0.81,19408,19450
SH,603358,0.72,19408,19743
SZ,002265,-2.5,19369,19369
SZ,000009,-1.83,19320,19344
SZ,002497,-0.92,19316,21011
SH,688268,8.71,19292,19292
SH,688097,-0.25,19290,19290
SZ,301171,-1.51,19282,23763
SH,603530,-0.2,19257,19434
SZ,002500,-1.11,19241,19241
SZ,300142,-3.03,19209,19480
SH,603876,-5.71,19180,19180
SH,600927,-2.29,19145,19145
SH,688123,0.3,19125,19125
SH,603000,-1.03,19117,19117
SH,688561,3.05,19103,19103
SH,688208,-2.37,19026,19026
SH,601098,-1.67,18983,18983
SZ,002318,-2.16,18975,19435
SH,600131,-1.43,18955,18972
SZ,002518,-0.36,18949,19522
SZ,002262,-0.88,18939,21768
SZ,000686,-1.1,18910,18910
SZ,001337,4.02,18904,18904
SZ,002120,-1.47,18889,19453
SZ,000997,0.0,18818,18924
SZ,002149,1.29,18817,18820
SH,600339,0.3,18815,18815
SZ,300456,-0.1,18813,23057
SH,603132,4.74,18787,18787
SH,600012,-1.66,18696,27405
SZ,300843,-0.69,18688,19062
SH,688523,1.26,18675,18675
SH,600316,1.92,18673,18673
SH,688233,4.13,18665,18665
SZ,002389,2.6,18661,18664
SH,603950,-0.03,18651,18666
SZ,002739,0.56,18633,18900
SZ,002756,-0.12,18579,25876
SZ,002683,-2.35,18570,21170
SZ,002044,-2.84,18557,18749
SH,600007,-0.27,18544,18544
SZ,300627,-1.98,18542,22389
SH,600518,-2.19,18521,18530
SZ,000429,-0.07,18494,29668
SH,601139,-0.62,18439,18439
SZ,300257,-0.31,18415,19167
SZ,300747,-0.03,18399,19796
SZ,002670,-1.13,18392,21924
SH,688363,-2.56,18342,18342
SH,603618,1.11,18328,18328
SZ,002270,-2.85,18327,18327
SH,601101,10.03,18316,18316
SH,600380,-0.99,18312,18312
SH,603658,-1.99,18291,18291
SH,600606,0.0,18270,18270
SH,600577,-1.09,18189,18189
SZ,300170,4.1,18182,19039
SH,688281,-1.74,18137,18137
SH,600004,-0.78,18129,19741
SZ,300122,-2.66,18103,30640
SH,601969,-1.51,17988,18098
SH,600500,0.8,17977,17977
SH,600655,-0.86,17932,17938
SH,600629,0.13,17925,17925
SZ,000937,2.82,17901,18423
SH,601636,0.67,17840,17840
SZ,301297,0.12,17838,23446
SH,603529,-1.82,17832,18183
SZ,000969,-0.47,17817,17974
SH,688692,-1.72,17784,27154
SH,605020,2.14,17763,18042
SH,688596,6.23,17738,17738
SH,601609,-1.54,17735,17735
SZ,300953,-0.01,17732,24670
SZ,000032,-0.27,17717,17717
SH,688795,-1.2,17712,275436
SZ,000543,-1.64,17704,17704
SH,600032,-1.21,17698,17698
SH,600038,-0.9,17679,21669
SH,688503,10.75,17661,17661
SH,600114,-1.55,17634,18063
SH,603638,-1.19,17605,17605
SZ,000875,-2.06,17514,19006
SH,600410,-1.11,17511,17511
SZ,000591,-1.54,17487,17493
SH,600120,-1.16,17486,17486
SH,603871,-1.16,17469,17469
SZ,002402,-1.48,17458,19695
SH,601975,-1.84,17457,17457
SH,688388,0.57,17421,17421
SH,600226,1.92,17400,17400
SZ,300503,1.26,17389,22220
SH,600754,-0.52,17377,20451
SZ,002192,-0.9,17347,17383
SH,600186,1.04,17318,17353
SH,688700,3.15,17313,17313
SZ,001287,0.13,17272,17272
SZ,000935,-1.22,17253,17253
SH,603786,-1.61,17244,17244
SZ,002145,-1.95,17243,17244
SZ,300102,1.79,17219,17302
SH,603226,1.58,17163,17163
SZ,300888,-0.94,17143,17220
SH,600956,-1.75,17141,32851
SH,688131,-0.19,17137,17137
SZ,300779,-12.93,17131,22420
SZ,000513,-0.79,17118,26752
SH,600820,-0.73,17072,17072
SZ,300140,-0.36,17054,17075
SZ,000528,-0.95,17053,17077
SH,605196,2.47,17052,17173
SZ,300724,-1.17,17009,20591
SH,605198,2.28,16992,20990
SH,601020,-1.15,16973,16973
SH,688652,0.57,16940,23568
SZ,002925,-1.45,16916,17856
SH,601333,-0.66,16900,21179
SH,688800,9.97,16864,16864
SZ,300773,1.56,16776,17734
SH,688582,1.24,16776,16776
SH,603733,0.0,16770,16770
SZ,300199,0.63,16751,19855
SH,601519,-1.98,16748,16748
SH,600397,10.03,16720,16720
SZ,300568,-3.02,16690,20649
SZ,300364,-4.69,16655,18372
SZ,002958,-1.29,16645,17000
SZ,003021,-1.13,16643,21472
SH,600062,-1.11,16611,16617
SH,600171,-1.18,16610,16610
SH,688449,-1.41,16601,26045
SH,600552,2.87,16596,16596
SZ,002237,-0.57,16573,19876
SH,600179,-2.5,16569,18153
SZ,300657,-0.59,16524,17004
SH,601369,2.22,16516,16683
SZ,000766,-1.04,16509,16517
SH,600110,1.6,16501,16501
SH,601966,-1.14,16493,16493
SH,688615,-1.01,16451,23825
SZ,000682,-2.0,16449,16450
SZ,300413,-2.25,16449,30118
SH,688549,19.99,16412,41142
SH,601156,1.94,16407,27575
SH,601326,-0.29,16366,19220
SZ,000970,1.82,16363,16363
SZ,000050,-0.15,16343,16344
SH,603997,-2.51,16323,16323
SH,600739,-1.56,16319,16319
SZ,000898,-0.49,16312,19206
SZ,300660,-1.44,16295,16304
SH,603355,-2.17,16284,16284
SH,603858,-0.32,16271,16271
SZ,002611,-1.94,16254,19707
SH,688772,-4.04,16209,16209
SH,600623,3.47,16208,18312
SZ,002957,0.44,16177,16228
SH,601137,-1.18,16168,16180
SH,600435,-1.02,16121,16121
SH,688390,-0.67,16121,16121
SH,600763,-1.4,16053,16053
SH,688106,5.27,16034,16034
SH,600528,-0.55,16017,16017
SH,601921,-0.69,16000,16000
SZ,002312,-1.05,15993,16026
SH,688392,2.66,15973,15973
SZ,002552,9.99,15945,16788
SH,603002,3.85,15922,15922
SZ,002171,-1.2,15911,16002
SZ,300201,3.06,15907,15993
SZ,300144,-0.48,15902,16070
SZ,300002,-3.37,15900,16898
SH,600867,-1.82,15883,15883
SZ,002405,-2.18,15854,15951
SZ,300676,-3.5,15834,15921
SZ,000723,0.84,15822,15852
SH,603938,3.84,15813,15813
SZ,002176,-1.8,15807,15830
SH,688661,7.3,15796,15796
SH,688308,4.37,15792,15792
SZ,300260,4.57,15791,22388
SH,600928,-0.28,15791,15866
SZ,001213,0.0,15777,15777
SH,600151,6.08,15776,15776
SZ,300735,0.14,15746,16821
SZ,002506,-2.54,15721,15737
SH,600750,-1.26,15720,15889
SH,600531,0.93,15684,15684
SZ,002326,0.57,15675,17864
SH,688279,0.72,15675,19287
SH,600459,-0.53,15665,16975
SH,600664,-8.12,15665,15665
SH,688380,0.7,15658,15658
SZ,300613,0.54,15650,16591
SZ,000537,-1.94,15623,15623
SH,688520,-3.31,15595,16471
SH,603026,0.16,15593,15593
SZ,300131,1.08,15592,16979
SH,605296,0.84,15555,15802
SH,600959,-0.96,15552,15552
SH,600761,-2.68,15498,15498
SH,688332,1.45,15481,15481
SZ,002896,-0.39,15448,15448
SH,601702,-0.64,15447,15447
SZ,000902,-1.68,15427,16938
SH,688484,-0.88,15414,15414
SH,600808,-1.53,15396,19867
SZ,000563,-1.63,15393,15393
SZ,002913,5.13,15388,15988
SH,600835,-1.7,15388,19219
SH,688690,1.38,15385,15385
SZ,301316,-1.16,15379,15865
SH,600888,1.02,15328,15328
SH,600403,9.95,15325,15325
SZ,000506,5.51,15305,15310
SH,600877,-0.77,15286,15286
SZ,300723,0.66,15283,16468
SH,688150,2.83,15212,15212
SZ,002320,-1.16,15203,15203
SH,688166,-2.44,15178,15178
SH,603317,-3.78,15155,15155
SH,603283,2.43,15151,15151
SZ,002158,3.88,15147,15180
SH,688353,-0.37,15144,15144
SZ,301550,-0.3,15141,24738
SH,600511,-0.69,15139,20643
SZ,000539,-1.0,15127,31081
SH,688003,2.47,15126,15126
SH,603662,-0.72,15125,15125
SH,688779,-0.51,15125,15125
SH,603039,9.99,15105,15105
SZ,002410,-1.44,15073,15858
SH,600172,4.63,15064,16931
SZ,000791,-1.77,15039,25204
SZ,001331,4.56,15003,21481
SH,603025,-1.24,14996,15097
SH,688206,0.26,14970,14970
SH,688100,-1.38,14969,15099
SZ,000927,-1.2,14944,14944
SZ,300342,0.54,14925,15148
SH,601019,-1.52,14921,14921
SH,600452,-1.62,14919,14919
SZ,300655,4.08,14893,14961
SZ,301319,10.5,14892,19760
SH,601678,9.97,14875,17537
SH,600872,-2.33,14849,14912
SH,603063,-1.05,14823,14885
SZ,002969,1.73,14817,14895
SH,601568,0.27,14816,14816
SZ,000778,-2.07,14756,15020
SH,600596,0.64,14751,14751
SZ,300469,7.03,14732,14740
SH,688531,0.4,14713,21227
SZ,000680,-0.45,14671,16741
SZ,300602,0.77,14671,21446
SH,603826,-0.81,14667,14667
SZ,002568,-2.43,14662,20040
SH,600022,-0.72,14657,14657
SZ,000966,-1.86,14655,14655
SH,688545,5.82,14652,28944
SZ,300679,-0.46,14629,17290
SZ,301285,0.47,14615,14615
SH,600651,-2.35,14590,14590
SZ,002768,1.23,14580,25235
SH,688368,3.4,14560,23988
SH,600744,-2.85,14542,14542
SZ,301093,8.32,14524,15213
SH,601778,-0.26,14519,14519
SH,605289,3.47,14476,14496
SZ,002773,-1.64,14456,19393
SH,688158,-0.31,14443,16235
SH,600548,-0.71,14435,21368
SZ,002508,-1.72,14414,14589
SH,600201,-0.83,14398,14398
SH,600633,-0.61,14367,14367
SZ,300253,-0.77,14354,17037
SZ,002250,-1.72,14337,14415
SH,603505,2.04,14325,14325
SH,601375,-0.95,14307,19267
SZ,002946,-2.89,14292,14459
SZ,000422,-1.19,14205,14475
SZ,002911,-0.97,14190,14539
SH,688686,1.67,14176,14176
SZ,300999,-0.34,14157,141449
SZ,300319,3.42,14156,14760
SZ,001248,-2.77,14151,177443
SZ,002290,1.51,14147,14192
SH,603613,-1.55,14144,14144
SZ,000088,-0.89,14138,23241
SH,688625,1.08,14120,14120
SZ,300323,1.97,14109,19281
SZ,301005,3.54,14104,14398
SH,600475,-4.9,14096,14291
SZ,001286,1.36,14080,39112
SH,600621,-1.04,14078,14078
SH,603738,10.02,14073,14073
SH,600267,-0.75,14068,14068
SH,600906,-0.45,14062,21481
SH,603009,0.12,14028,14028
SZ,301389,1.69,14027,14027
SZ,301611,1.96,14008,41668
SH,600710,-1.2,14008,14008
SH,601965,-3.04,13987,14047
SH,603203,2.56,13982,14144
SH,600490,-0.14,13968,15512
SH,601827,0.0,13960,13960
SH,688088,-2.14,13952,13952
SZ,000581,-0.74,13917,16947
SH,688593,-4.27,13914,13914
SZ,002249,-1.32,13903,18403
SH,600320,-1.41,13902,22077
SH,600779,-1.18,13898,13898
SZ,002408,-0.59,13893,14356
SH,600816,-1.55,13891,25004
SH,600361,-1.06,13885,13885
SH,688031,-3.07,13864,13864
SZ,300957,-2.47,13805,13881
SH,688538,-1.23,13805,33142
SZ,002906,-1.46,13802,13810
SH,688258,-1.13,13775,13775
SZ,002867,-0.08,13769,13850
SH,600056,-1.39,13757,13762
SZ,300455,0.99,13754,13931
SH,603305,-1.25,13729,13729
SZ,000685,-1.43,13724,16159
SZ,001696,-1.09,13691,17587
SH,600675,0.0,13664,13664
SZ,001301,-2.31,13662,19153
SZ,002153,-0.35,13661,23307
SH,600783,1.21,13651,13651
SZ,300229,-3.22,13645,13654
SZ,301128,4.5,13615,15478
SZ,000612,-0.7,13614,13614
SH,600456,-2.2,13597,13597
SH,688006,0.67,13594,13594
SZ,002827,10.01,13590,13641
SZ,002048,-1.39,13554,15545
SH,600416,-1.82,13547,13547
SH,603868,-0.7,13534,13534
SH,600933,-1.5,13528,14203
SZ,001339,8.48,13525,27320
SZ,000089,-0.45,13514,13514
SZ,300975,4.37,13507,18858
SZ,300671,3.71,13503,13539
SH,600301,3.08,13469,30945
SZ,002563,-0.33,13463,16433
SZ,300718,-2.12,13463,20454
SZ,002979,0.62,13453,19085
SZ,000672,0.87,13445,13445
SH,600409,-0.61,13438,13438
SH,600258,-1.07,13410,13410
SZ,002010,-2.21,13400,13433
SZ,301275,-2.81,13400,18813
SH,688055,-1.71,13400,13400
SH,688802,-0.46,13390,289152
SZ,300720,12.4,13387,14167
SH,603456,-1.81,13384,13384
SH,688401,1.87,13370,14201
SH,605389,0.45,13346,14112
SZ,000799,-0.05,13343,13344
SH,600064,-1.03,13340,13340
SH,601133,2.75,13319,13365
SZ,000069,5.46,13314,15512
SH,688029,-1.52,13299,13299
SZ,002226,-1.38,13297,13297
SH,600057,-1.24,13287,18027
SH,600167,-0.84,13282,13282
SZ,002507,-1.87,13268,13304
SZ,000534,-1.35,13267,13452
SH,600575,-2.29,13252,24438
SH,688535,3.18,13206,14169
SZ,002534,5.12,13205,13374
SH,603078,10.01,13184,13184
SH,688603,6.99,13180,13180
SZ,002354,2.27,13168,13402
SH,603556,3.24,13163,13163
SZ,300184,-0.56,13160,14374
SH,600366,0.42,13133,13133
SH,600155,-1.33,13126,13126
SH,605099,-1.06,13123,13152
SZ,000785,-0.88,13118,14073
SZ,300179,3.77,13089,17000
SZ,002151,-0.47,13067,16021
SH,600271,0.28,13044,13044
SH,600764,-1.13,13025,13025
SZ,000620,-0.36,12987,16323
SH,600916,-2.52,12986,12986
SZ,300100,-1.69,12969,13467
SZ,002167,2.96,12943,13215
SZ,301219,-0.65,12921,18104
SH,603882,0.83,12897,12985
SH,605599,2.47,12887,12887
SH,688516,-0.22,12867,12867
SZ,300457,-1.94,12836,13045
SH,603707,-1.12,12828,12828
SH,688260,0.18,12818,12818
SH,600529,-0.72,12814,12814
SH,600850,-1.94,12814,12814
SH,688143,2.23,12810,13480
SZ,300166,-1.88,12798,16090
SZ,002975,10.0,12783,19370
SZ,000592,0.76,12754,12865
SZ,000815,-2.86,12730,12730
SH,600821,-2.56,12728,12728
SZ,300296,-0.9,12692,14861
SH,603888,-1.16,12684,12684
SZ,300436,-0.34,12678,14768
SH,600702,1.65,12667,12672
SZ,002372,-0.46,12657,13707
SZ,300409,-2.36,12650,14213
SH,603698,2.48,12644,12644
SH,603515,-0.58,12622,12700
SH,600776,1.93,12619,16579
SH,600113,-1.41,12618,12917
SZ,002645,2.88,12617,13970
SZ,002936,-1.1,12582,16274
SH,600285,-1.25,12570,12584
SZ,300468,6.42,12561,12581
SH,603800,8.3,12559,12559
SZ,300459,-2.3,12557,13430
SZ,002268,0.54,12518,12523
SZ,000681,-2.07,12501,12953
SH,688107,0.32,12498,12498
SH,600343,2.89,12483,12483
SZ,002901,-0.32,12482,17918
SZ,002643,0.29,12468,12657
SH,688028,4.43,12453,12453
SH,688567,-1.26,12453,12453
SH,600717,-1.15,12444,12444
SH,600116,-0.91,12428,12428
SH,600827,-1.28,12418,13809
SZ,301095,-0.15,12400,14354
SZ,002929,-0.95,12392,16386
SZ,002701,-1.43,12377,12389
SH,688222,0.1,12372,12372
SH,603031,0.67,12355,14692
SZ,301029,5.99,12349,17337
SZ,000762,-0.55,12348,12348
SZ,002440,-0.08,12340,14656
SZ,002091,-1.28,12338,12533
SH,600338,-0.66,12314,12314
SZ,000839,10.18,12308,12308
SZ,300182,-3.03,12290,14491
SH,600063,-0.5,12290,12290
SZ,300034,-1.05,12288,12767
SH,688116,-2.22,12264,12264
SH,688059,5.82,12240,13078
SH,601339,-3.32,12221,12221
SH,600211,-1.79,12219,12219
SZ,000070,0.64,12216,12383
SZ,002755,-1.28,12214,12214
SZ,300133,-3.55,12214,13761
SH,601107,-0.88,12197,17247
SH,600755,-0.87,12195,12227
SZ,002183,-1.26,12179,12179
SZ,002847,-1.32,12167,13482
SZ,300593,1.46,12166,14658
SZ,000567,0.0,12158,12196
SZ,301238,-0.84,12158,12158
SH,600589,-1.2,12153,12178
SH,688809,-1.06,12126,60633
SZ,301626,-0.37,12125,26657
SZ,000711,-1.55,12120,15030
SH,603389,2.49,12107,12107
SZ,000758,-1.45,12094,12141
SZ,300682,-0.68,12087,12636
SZ,002399,-0.21,12085,14218
SZ,300070,-1.13,12056,12720
SZ,002607,-7.66,12029,13383
SZ,000973,-0.48,12025,30555
SH,605507,-3.33,12024,12024
SZ,000553,2.61,11973,12813
SZ,300761,-0.84,11970,15902
SH,605118,1.0,11967,12037
SZ,002400,-2.81,11962,12081
SH,600986,-1.47,11958,11958
SH,603589,-0.6,11938,11938
SH,688660,-2.51,11920,11920
SZ,002416,-1.22,11896,12045
SZ,000901,-0.2,11893,11893
SZ,002531,-3.62,11882,11949
SH,603267,-1.51,11877,11877
SZ,300835,2.44,11874,16942
SZ,002617,-1.4,11866,12065
SZ,002366,-5.04,11842,13318
SH,601992,0.71,11834,15162
SZ,002096,0.53,11821,11821
SH,601512,0.51,11811,11811
SZ,002779,2.01,11792,13142
SZ,301015,-4.59,11788,11789
SZ,002987,-0.6,11781,12090
SZ,002668,2.55,11751,11751
SZ,000156,-2.26,11746,12803
SZ,300769,-0.21,11719,13042
SZ,300674,-1.13,11712,11729
SH,601068,-0.65,11697,13650
SZ,002745,2.71,11683,16296
SH,688559,-0.21,11669,11669
SH,688306,0.96,11668,11668
SZ,000801,-1.37,11663,11667
SH,603927,-1.34,11659,11659
SZ,002287,-0.87,11658,11682
SH,600635,-0.82,11658,14230
SZ,301666,1.35,11645,191586
SH,603118,2.64,11635,11635
SH,603297,2.79,11634,11634
SZ,301039,-2.08,11633,15011
SH,600315,-1.93,11622,11622
SH,603991,5.87,11618,19815
SZ,002597,-0.83,11588,11610
SZ,301123,7.05,11572,16452
SZ,002092,1.13,11564,11629
SZ,300726,1.89,11536,22156
SZ,002174,-3.6,11535,11542
SH,601222,-1.74,11532,11532
SH,600420,-1.27,11507,11507
SZ,300775,-0.96,11494,11838
SZ,002024,1.64,11474,11488
SZ,000035,-4.06,11472,11844
SH,600162,3.85,11472,11472
SH,600461,-0.22,11467,11467
SH,600268,-2.5,11464,11465
SH,601952,1.22,11437,11437
SZ,000048,2.03,11432,11452
SZ,002258,-2.19,11427,11446
SZ,002792,9.99,11421,17710
SZ,002947,1.7,11412,14719
SH,688046,1.83,11386,11386
SZ,301150,2.52,11378,12130
SH,600216,-1.32,11378,11501
SZ,001258,-9.9,11377,11377
SH,600859,-1.46,11373,11374
SZ,300638,0.47,11362,19262
SZ,301293,-2.56,11351,11351
SH,603983,-1.57,11348,11348
SZ,300357,-2.7,11347,12278
SZ,002544,-1.19,11343,11344
SZ,300146,-1.94,11318,17085
SZ,003036,10.0,11317,11317
SH,601619,-0.43,11297,13515
SH,688016,-1.64,11293,11293
SH,600882,-1.38,11277,11277
SH,600864,-1.45,11276,11276
SZ,002051,-3.06,11270,11271
SZ,300376,-1.43,11264,11268
SZ,300428,-1.56,11260,12936
SZ,002413,2.84,11257,11465
SZ,001280,-1.08,11252,133956
SZ,300573,-3.27,11214,14603
SH,603185,1.29,11210,11277
SZ,003018,3.03,11209,12369
SH,600058,2.96,11201,11201
SH,688383,6.09,11199,11199
SH,600619,-1.87,11198,15230
SZ,000990,0.46,11194,11194
SZ,000099,-1.37,11140,11140
SH,603989,2.5,11133,11133
SZ,300827,-2.15,11105,14162
SH,600612,0.11,11098,18309
SZ,000767,0.0,11095,11723
SZ,300302,0.94,11093,14416
SZ,300607,0.03,11083,15663
SH,603601,5.9,11080,11080
SZ,300065,0.84,11068,12157
SZ,002217,-2.56,11064,11368
SZ,002083,0.0,11056,11056
SZ,002182,-2.67,11052,12665
SH,688321,-0.91,11051,12003
SZ,002011,-1.33,11050,11185
SH,603906,0.1,11045,15521
SZ,002373,-1.72,11034,12657
SH,603757,1.2,11024,11024
SH,688382,-1.04,11018,11018
SH,603281,1.0,11015,11015
SH,600559,-0.74,11013,11013
SZ,300601,-2.0,11011,13660
SZ,300315,-2.48,11004,11723
SH,603093,-0.88,10999,13814
SH,688202,3.34,10990,10990
SH,688198,-1.17,10975,10975
SH,688063,-1.87,10952,10952
SZ,002246,-1.58,10947,10947
SH,603040,-1.17,10945,11002
SZ,002583,-1.27,10941,15512
SH,603393,1.57,10937,10937
SH,603992,0.41,10934,10934
SZ,002139,-2.21,10925,12717
SH,600006,-2.33,10920,10920
SH,600908,-1.09,10916,11982
SZ,002310,-2.75,10909,14878
SZ,002698,-1.52,10906,13211
SZ,002838,-1.63,10902,12400
SZ,002807,-0.25,10895,10911
SZ,300224,2.35,10886,10926
SZ,000810,-0.41,10883,11271
SH,603220,3.63,10882,10882
SZ,000555,0.81,10876,10889
SZ,301071,2.9,10869,14786
SH,601801,-0.72,10866,10866
SH,600395,4.12,10861,10861
SH,603693,-1.77,10858,10858
SH,688153,-0.42,10847,11162
SZ,000998,-0.36,10843,12122
SZ,300204,4.14,10842,12938
SZ,300185,-1.4,10808,11341
SZ,002839,-1.12,10769,10779
SH,600446,-2.31,10758,10758
SZ,300139,2.97,10757,12614
SZ,301047,-0.77,10750,10935
SH,603713,7.85,10741,10741
SZ,000949,0.47,10734,10736
SH,600572,-0.93,10734,10763
SZ,002297,4.82,10728,10728
SZ,000028,-0.97,10727,12489
SZ,002348,-2.23,10706,11768
SZ,002439,2.73,10695,17783
SZ,002539,-2.2,10695,14516
SZ,000700,3.1,10694,10694
SZ,000899,-1.17,10673,10673
SH,600248,-1.03,10672,10696
SZ,300077,1.84,10658,12762
SH,601163,0.38,10648,10648
SZ,002003,0.0,10640,12376
SH,603859,1.16,10632,11575
SZ,002181,-4.49,10630,10879
SZ,301486,2.89,10629,18777
SH,601022,-1.34,10613,10613
SH,688663,1.99,10611,10611
SH,600773,1.36,10610,10610
SZ,300777,-1.52,10596,10812
SH,688319,6.57,10585,10585
SH,688698,-0.79,10583,10583
SZ,002081,0.5,10576,10621
SH,600509,-1.91,10569,10569
SZ,002276,-1.59,10564,10606
SH,603099,0.39,10553,10553
SZ,300353,-1.51,10552,12015
SH,600376,-3.54,10550,10550
SZ,000061,-0.84,10532,11651
SH,600480,-2.58,10530,10608
SZ,002254,0.9,10504,10516
SZ,000690,-1.43,10502,10509
SZ,002654,-1.19,10497,10498
SZ,002385,-0.33,10494,13029
SZ,002565,4.44,10472,10472
SZ,301207,-1.86,10469,10475
SZ,002897,2.07,10466,11002
SH,600184,0.9,10424,10424
SH,688182,3.79,10408,10408
SH,601900,-0.42,10398,10398
SH,600391,2.17,10392,10392
SH,603235,0.42,10375,10375
SH,603218,-0.49,10371,10380
SH,603619,5.35,10370,10370
SZ,000828,-0.99,10353,10353
SH,600728,-2.22,10343,10343
SZ,301267,-2.39,10342,13398
SZ,301338,5.13,10326,14172
SH,688160,-2.64,10324,10324
SZ,300580,1.53,10316,10965
SZ,002204,-1.11,10313,10313
SH,600648,1.68,10308,12320
SH,688090,11.66,10305,10305
SH,600123,0.87,10297,10297
SZ,300008,-0.64,10295,10800
SH,600383,-0.44,10293,10293
SZ,300188,-0.82,10291,10339
SZ,002931,2.57,10284,11093
SZ,002741,4.36,10281,11204
SH,601949,-2.0,10281,10281
SZ,001399,-0.58,10277,176812
SZ,301188,2.29,10276,10276
SH,688508,4.97,10255,10255
SH,600326,9.94,10245,10245
SZ,000727,-0.88,10236,10236
SZ,002043,-1.33,10215,10496
SZ,002984,-1.45,10201,14808
SH,603011,1.63,10194,10194
SZ,300913,0.03,10187,12216
SZ,300951,1.92,10182,11393
SH,601882,0.21,10168,10168
SH,688275,0.51,10153,10153
SH,605318,6.31,10147,10147
SZ,002031,-1.49,10142,11656
SH,603533,-2.61,10142,10142
SH,600367,5.25,10138,10742
SH,600662,-1.55,10131,10161
SZ,002655,2.84,10129,10150
SH,688105,-1.01,10122,10122
SZ,002338,0.6,10120,10120
SZ,301031,0.02,10111,12861
SZ,002063,-1.72,10101,10937
SZ,300009,-1.09,10088,13699
SH,600718,-1.52,10085,10085
SH,600993,-0.85,10078,10095
SH,600787,-0.64,10069,10069
SZ,300049,-7.73,10060,11370
SH,603300,-1.57,10055,10055
SZ,300026,-1.18,10054,10063
SH,601003,-1.26,10046,10326
SZ,301087,-2.45,10040,12210
SH,600507,-1.14,10039,10039
SH,600458,-1.53,10038,10999
SH,688020,2.53,10036,10036
SZ,000837,0.61,10033,10190
SH,603027,-1.31,10033,10033
SZ,000917,-1.94,10021,10022
SZ,002549,3.28,10018,10061
SZ,300377,-0.55,10018,10889
SZ,002387,0.84,10015,10028
SH,600163,-0.94,10009,10009
SH,600363,-9.98,10000,10000
SZ,300328,0.62,9996,10045
SH,603124,8.49,9994,18769
SZ,002891,-1.96,9985,9985
SH,601005,-0.83,9976,11531
SH,603052,2.53,9975,9975
SZ,002832,-1.08,9973,14615
SZ,301021,7.14,9963,9974
SH,600360,2.67,9958,9958
SZ,300378,0.96,9955,10031
SZ,002705,5.85,9941,9994
SZ,300331,5.39,9938,11617
SZ,002842,7.0,9927,12098
SH,600971,4.56,9912,9912
SH,600094,1.08,9908,10834
SH,601038,0.07,9892,15191
SZ,002865,-0.18,9884,13764
SZ,002020,-1.3,9882,11753
SZ,002978,-1.04,9881,12630
SZ,000403,0.0,9877,9979
SH,688138,2.55,9868,9868
SH,688584,6.29,9866,19232
SZ,300304,1.41,9861,10133
SH,600033,-0.28,9852,9852
SZ,300684,2.01,9850,14421
SH,600373,-2.4,9849,9849
SH,603328,-0.7,9844,9844
SH,600037,-0.84,9839,9839
SZ,002557,-1.66,9838,9869
SZ,300244,-0.71,9833,12255
SZ,002647,-1.93,9828,10941
SH,600936,-4.7,9825,9825
SH,600345,1.13,9820,15300
SH,688359,5.3,9817,9817
SZ,300007,-1.37,9804,11345
SZ,000065,-0.97,9798,10685
SH,688797,3.66,9791,52087
SZ,300415,1.55,9786,10120
SH,600666,-0.51,9783,10757
SH,603341,-0.68,9781,19116
SZ,300693,-1.54,9775,11373
SZ,000510,-0.06,9772,10448
SH,688032,-1.15,9744,9744
SH,603303,2.46,9739,9739
SZ,301127,-0.67,9737,10030
SZ,002169,3.05,9733,10042
SH,688726,-0.63,9716,17907
SZ,300863,2.25,9693,10090
SZ,301382,-2.08,9692,11712
SH,688378,3.13,9686,10509
SH,600072,-0.78,9685,13415
SZ,002815,1.06,9667,15352
SH,688068,0.1,9664,9664
SH,600759,-0.85,9654,9667
SZ,000552,1.57,9649,13861
SZ,301090,-0.91,9649,9659
SZ,000795,0.0,9644,9644
SZ,301183,1.77,9644,13156
SH,688125,1.9,9641,9667
SZ,300303,-1.09,9619,10257
SZ,000410,-0.81,9618,12927
SH,688662,6.55,9612,9612
SZ,301091,1.39,9607,9607
SH,605060,0.05,9605,9671
SZ,000031,0.0,9601,9601
SH,688543,-0.49,9598,9598
SZ,002100,-0.28,9597,9597
SH,603103,-0.66,9582,9582
SZ,002703,0.43,9581,13450
SH,603360,-1.53,9576,9576
SH,603327,-0.54,9565,9565
SZ,002967,0.0,9559,11123
SZ,300624,-2.21,9554,10788
SZ,002675,0.08,9552,10596
SZ,000401,0.0,9551,9641
SH,605123,-5.26,9550,9550
SZ,002922,-1.67,9523,10674
SZ,300005,3.43,9519,9597
SH,601811,-1.96,9518,14830
SH,601886,0.24,9517,9517
SZ,000600,-1.47,9505,15724
SH,603323,-0.23,9503,9503
SZ,000049,-1.52,9498,9500
SZ,300113,-1.89,9498,12579
SZ,301381,-0.93,9498,9507
SZ,300486,-0.5,9492,9495
SH,688209,0.78,9486,9486
SH,603599,0.0,9485,9485
SZ,300277,-0.88,9483,18790
SH,688351,-0.98,9482,9482
SH,600198,0.41,9478,9490
SH,601200,-0.71,9477,9477
SZ,002361,2.54,9465,11127
SZ,002961,-1.0,9457,9457
SZ,001308,1.89,9452,13659
SH,605255,1.66,9445,9445
SZ,000676,-4.46,9442,9448
SH,688327,-1.65,9434,11751
SH,605006,4.19,9431,9431
SH,600757,-2.26,9428,9430
SZ,002426,1.09,9425,9425
SH,600556,-5.96,9418,9418
SH,603100,-1.81,9417,9447
SH,600597,-1.3,9414,9414
SH,603883,-1.35,9402,9402
SZ,301078,-2.11,9399,9408
SZ,300118,-1.27,9397,11559
SZ,300263,2.23,9384,9956
SZ,002541,-2.33,9372,13034
SH,600210,-1.28,9327,9327
SZ,301177,0.3,9324,9330
SZ,002937,3.68,9320,9344
SH,603125,1.72,9311,9311
SZ,300687,1.95,9310,11321
SH,688227,3.51,9303,9303
SH,603712,-0.9,9302,9302
SH,688376,2.75,9297,9297
SH,600328,-0.78,9296,9296
SZ,000420,-1.05,9291,9294
SH,600740,2.26,9274,9274
SZ,002345,0.38,9270,9498
SH,601311,-0.88,9267,9267
SZ,002293,-0.45,9265,9343
SH,603583,-0.9,9261,9346
SZ,002289,4.14,9248,9444
SZ,000833,0.1,9241,16338
SH,601528,-0.8,9241,9771
SZ,300618,-1.8,9237,10498
SZ,000923,-1.74,9236,9601
SH,603538,-0.65,9228,9310
SZ,002061,-0.84,9226,9383
SH,600269,-1.74,9224,9224
SZ,000006,0.59,9220,9220
SH,600649,-0.54,9219,9219
SZ,300596,0.02,9212,9414
SH,600307,-1.34,9207,9207
SH,601860,-0.38,9198,9482
SZ,001227,-0.46,9194,12416
SH,603057,-2.19,9191,9261
SZ,001914,-0.91,9177,9177
SH,688611,-2.51,9177,9177
SZ,000536,-0.3,9173,9183
SZ,000516,-2.12,9172,9313
SZ,002511,-1.36,9158,9275
SZ,002368,-1.47,9154,9198
SH,688165,0.23,9152,9152
SZ,000950,-0.56,9146,9146
SZ,002208,0.71,9146,9149
SZ,300634,0.19,9145,9502
SZ,300529,-2.68,9131,14231
SH,605016,-0.05,9131,9131
SH,688231,2.29,9130,9130
SH,603936,4.17,9128,9344
SH,603169,-1.55,9117,9117
SZ,301216,0.0,9111,9706
SZ,002170,-1.2,9095,11188
SH,688128,-1.49,9085,9085
SH,688371,4.28,9081,9081
SH,688552,0.52,9065,9065
SZ,300382,1.53,9050,9051
SZ,300420,2.66,9042,9042
SH,688262,0.04,9038,9038
SH,600273,-0.29,9034,9034
SH,603690,1.86,9034,9034
SZ,000656,-1.65,9028,12600
SH,688253,9.15,9024,9024
SH,600929,-1.79,9004,9004
SH,688697,-1.54,8995,8995
SZ,002075,0.0,8994,8994
SZ,000848,-1.33,8968,9047
SH,600133,0.72,8956,8956
SH,600389,1.66,8953,8953
SH,603319,5.39,8953,8953
SZ,002993,0.46,8946,10357
SZ,002283,-0.67,8945,10163
SH,688325,1.88,8945,9411
SZ,002062,0.0,8941,9836
SZ,002233,2.83,8941,8947
SH,600185,-1.66,8934,8934
SH,688139,-2.08,8918,8918
SH,600481,-0.69,8917,8917
SZ,000818,-1.1,8912,8936
SH,603915,-1.31,8910,9063
SZ,300740,1.91,8909,9586
SZ,300042,0.84,8908,8909
SH,600996,0.0,8902,8902
SZ,002173,-0.52,8901,9333
SZ,300850,-1.04,8897,12248
SZ,300483,3.64,8882,8888
SH,688190,1.34,8877,8877
SH,688289,-0.33,8876,8876
SH,600782,-1.4,8870,8978
SZ,300130,2.72,8852,11567
SZ,301345,2.51,8850,27553
SH,688507,2.77,8830,15982
SH,600997,-0.71,8828,8828
SZ,301606,-1.0,8827,22197
SH,600645,-0.42,8826,8830
SZ,300766,-1.64,8823,9730
SH,600508,2.71,8822,8822
SH,603508,-1.03,8818,8818
SH,605298,2.01,8805,8881
SZ,002053,-1.85,8802,8802
SZ,002243,-1.62,8802,8849
SZ,300772,-2.25,8800,9922
SZ,000930,-0.21,8799,8799
SZ,002115,-0.08,8798,9491
SZ,301357,-2.02,8786,8786
SZ,301363,-0.47,8780,13388
SZ,300480,4.96,8753,11995
SZ,300846,-2.32,8752,10604
SH,688083,-0.54,8746,8746
SZ,000980,-3.89,8723,8723
SH,688076,-1.15,8718,8718
SH,688261,0.59,8717,8756
SZ,002458,0.67,8707,12895
SH,603626,3.77,8700,8700
SZ,000829,-1.05,8694,8703
SZ,002350,1.43,8685,8877
SH,605179,-7.2,8685,8685
SZ,000761,-0.43,8677,9613
SH,688035,1.62,8676,8676
SZ,002119,3.63,8672,8672
SH,603809,-1.36,8659,8659
SZ,002985,-0.8,8657,8681
SZ,002580,-6.28,8644,8673
SH,688677,0.15,8638,8638
SH,605319,2.66,8613,8661
SH,688161,-1.28,8608,8608
SH,688456,5.67,8602,8602
SH,600640,-1.9,8588,8588
SZ,002212,10.01,8587,8680
SH,600020,-0.52,8584,8584
SZ,300855,-1.35,8583,11589
SH,688239,0.67,8575,8575
SZ,301013,-0.94,8566,10581
SH,603919,1.99,8562,8562
SZ,301196,4.86,8556,13035
SH,601929,-2.39,8549,8549
SZ,002392,-0.81,8531,8773
SH,605305,0.75,8522,8522
SZ,002099,-2.59,8520,8530
SZ,000712,-3.06,8518,8520
SH,603013,-1.53,8517,8517
SZ,002928,-1.62,8513,8513
SH,600266,-0.49,8510,8510
SZ,000823,1.56,8507,8507
SZ,000550,-1.97,8502,14156
SZ,301109,-1.16,8490,10731
SH,688586,-1.11,8483,8483
SH,600686,-1.74,8482,8482
SH,600478,-1.77,8469,8469
SZ,002626,-1.84,8464,8465
SZ,300101,-1.64,8461,8490
SZ,300053,-0.91,8460,9059
SZ,002019,-1.76,8458,12212
SH,688486,-0.48,8457,8457
SZ,300322,7.68,8456,8832
SH,600567,-0.74,8451,8451
SZ,002039,-0.85,8448,8448
SH,600973,-1.91,8447,8447
SH,688612,6.17,8440,13782
SZ,300363,-3.24,8439,9254
SZ,300181,-0.85,8434,9812
SZ,300145,-0.9,8426,8468
SH,600399,-0.93,8420,8420
SZ,002017,3.57,8411,8416
SH,600129,-3.17,8409,8409
SZ,002190,0.04,8408,8408
SH,603612,-1.75,8383,8383
SH,603890,2.46,8382,8382
SZ,002674,6.39,8381,8467
SZ,000751,1.17,8368,8368
SZ,300440,1.55,8368,8400
SH,600017,-1.09,8365,8365
SZ,002759,10.03,8355,8363
SZ,002488,-1.2,8345,9028
SZ,002639,-1.79,8337,9845
SH,688783,6.38,8335,125171
SH,605168,0.38,8331,8331
SZ,002332,-1.63,8329,8368
SH,688789,-2.8,8322,8322
SH,603496,0.0,8312,8312
SZ,002292,-1.81,8305,12066
SH,603995,1.65,8304,8304
SZ,000533,-4.57,8301,8372
SH,603680,-0.28,8299,8299
SH,600693,-2.45,8298,8307
SH,688485,1.8,8261,8261
SZ,000719,-0.8,8259,12667
SZ,300497,3.99,8258,9830
SZ,000885,-0.62,8250,8250
SH,603219,-1.48,8246,8246
SZ,002221,-1.23,8239,8889
SH,600751,-2.74,8234,9277
SH,601089,-1.61,8232,8232
SZ,002004,-1.13,8230,8652
SZ,002239,-1.18,8230,8854
SZ,002706,-3.64,8229,10108
SH,688739,-0.4,8228,8324
SH,688112,1.86,8216,8216
SH,603227,-0.13,8209,8209
SZ,300072,-1.12,8206,8271
SZ,003009,1.14,8181,8183
SZ,002251,-2.65,8178,9894
SZ,000922,-0.77,8170,9665
SZ,002585,-2.13,8167,10511
SH,605222,0.1,8167,8167
SH,600812,0.0,8166,8166
SH,601700,9.98,8153,8153
SH,601890,-0.82,8145,8145
SZ,000593,0.89,8144,8148
SH,688337,1.81,8141,9575
SH,600639,-0.21,8136,10741
SZ,300741,-1.42,8135,8135
SZ,300725,-1.79,8132,9380
SZ,002579,7.32,8126,8533
SH,603112,-0.13,8126,8207
SZ,300790,0.06,8121,9243
SH,603608,3.13,8118,8118
SH,601595,-0.99,8103,8103
SH,600935,0.0,8102,8303
SZ,002216,-1.0,8101,11297
SZ,002277,-0.17,8100,8100
SZ,300035,-2.12,8096,9513
SH,688605,3.28,8093,15117
SH,600055,-2.21,8092,8092
SZ,300938,2.2,8091,9322
SH,688277,-2.8,8088,8088
SH,688513,0.26,8060,8060
SH,603033,1.02,8059,8208
SZ,000860,-0.37,8055,8055
SH,603163,3.43,8054,8054
SZ,002041,4.58,8043,8043
SH,603399,-0.38,8037,8037
SZ,002718,2.08,8034,11066
SH,688091,-0.97,8022,8046
SZ,300527,2.47,8012,8012
SH,605116,-0.66,8005,8005
SZ,002980,3.8,8004,14968
SH,600962,5.68,8000,8000
SH,601828,-1.34,7983,9621
SZ,000859,3.24,7982,7983
SZ,301228,9.01,7975,8012
SZ,002267,-0.69,7962,7962
SZ,002941,-0.18,7961,7961
SH,688439,-1.8,7954,7954
SH,603687,2.41,7942,7942
SZ,002960,-0.73,7929,8630
SH,603053,0.11,7928,7928
SZ,002125,-1.33,7919,7919
SZ,002346,0.95,7916,8915
SH,600502,-0.86,7896,7896
SZ,000869,-0.86,7891,11396
SZ,002516,-2.0,7886,7942
SZ,002097,-0.27,7883,7898
SZ,301327,-1.97,7882,7882
SH,600618,0.48,7873,12142
SH,605333,-1.85,7865,7865
SZ,002036,-4.49,7863,7879
SZ,300910,-0.71,7863,11226
SZ,002342,1.86,7857,7900
SH,601718,-0.55,7849,7849
SZ,002761,-0.68,7842,9605
SH,688758,0.54,7842,10953
SH,600075,0.0,7838,7838
SZ,002515,2.89,7834,8607
SZ,002721,10.11,7818,7818
SZ,002030,0.36,7817,7817
SZ,002214,10.03,7817,9782
SZ,001232,-11.56,7816,98228
SZ,300770,-1.66,7814,7814
SH,688326,-2.07,7804,8385
SZ,300516,3.44,7799,7799
SH,603223,1.19,7792,7792
SH,688622,2.2,7792,7792
SH,603181,0.0,7788,7788
SH,605488,0.79,7779,8456
SH,600545,1.64,7777,7777
SZ,300180,0.89,7775,7995
SZ,002309,-2.42,7771,9714
SH,605007,1.68,7768,7787
SZ,300294,-2.65,7765,7765
SH,688050,-2.19,7764,7764
SZ,002079,0.53,7762,8694
SH,605100,6.89,7755,7792
SH,688252,5.74,7755,7755
SH,688155,-0.82,7744,7744
SH,601686,0.19,7736,7736
SZ,300834,0.35,7735,7804
SZ,002471,-0.52,7728,7870
SZ,300327,0.09,7725,7783
SH,600736,-0.89,7725,7725
SZ,300641,-0.34,7720,7720
SH,600587,-1.4,7716,7716
SH,600746,-0.15,7707,7707
SZ,002386,1.2,7704,7705
SZ,002110,-1.25,7700,7700
SH,600861,-0.15,7687,7687
SH,688669,6.43,7687,7687
SH,603043,-1.16,7683,7748
SZ,300416,0.53,7657,7709
SH,688305,2.68,7653,7673
SH,688515,2.55,7652,12288
SZ,002023,0.87,7649,7719
SH,600611,4.26,7644,11560
SZ,002150,-0.09,7636,7686
SZ,002737,-1.21,7632,7632
SH,600335,-1.35,7630,7630
SH,603477,0.07,7630,7823
SH,688381,3.56,7630,7630
SZ,300168,0.57,7627,7635
SH,688416,1.29,7627,7627
SZ,000012,-1.77,7621,11835
SZ,301086,3.04,7619,13746
SZ,300499,0.39,7602,8550
SH,600305,-1.29,7588,7600
SH,603459,4.84,7587,72345
SZ,000566,-4.57,7585,7589
SH,605167,-6.3,7582,7582
SZ,002434,-2.03,7579,7586
SH,688798,-1.17,7578,13015
SH,688480,0.93,7576,7576
SZ,301498,-2.02,7564,16891
SZ,000628,-0.98,7556,13848
SH,600917,-0.41,7555,7555
SZ,300576,5.92,7548,11993
SH,600797,-1.21,7531,7531
SH,600846,0.42,7528,7528
SZ,002446,7.26,7519,8119
SH,600117,0.87,7519,7519
SH,688087,0.62,7516,7795
SZ,301189,3.08,7513,7784
SZ,300031,-2.74,7502,8927
SZ,000402,0.8,7501,7502
SH,603279,-0.61,7481,7481
SH,603977,1.01,7479,7479
SZ,300520,-1.56,7478,7738
SH,688093,-1.7,7475,7475
SZ,002730,-0.74,7474,7820
SH,600657,0.0,7471,7471
SZ,300895,-0.77,7469,7611
SZ,300595,-2.1,7467,10000
SH,600251,2.45,7466,7466
SZ,002588,-0.8,7461,10009
SH,601908,-2.22,7461,7461
SH,688428,1.94,7461,48385
SH,605133,0.3,7453,7536
SH,600789,0.27,7435,7692
SH,688628,2.89,7432,7432
SH,603166,-2.11,7425,7483
SZ,002533,-2.21,7424,8432
SZ,301369,3.72,7417,13836
SZ,301510,-1.48,7414,10741
SH,603055,-0.71,7406,7433
SZ,000503,-1.05,7402,7403
SH,600903,0.16,7402,7402
SZ,301176,2.52,7400,7626
SH,603050,-1.56,7400,7400
SZ,003039,0.0,7391,7391
SH,605008,-0.09,7389,7389
SH,600724,1.59,7383,7385
SZ,002215,-0.65,7369,9158
SH,601579,-1.35,7364,7364
SZ,300482,-1.04,7362,8013
SH,688049,-0.71,7362,7362
SZ,300134,15.26,7360,7360
SH,600866,-1.34,7360,7360
SZ,002106,-0.48,7359,7368
SZ,300098,-1.04,7354,8289
SZ,300276,-2.11,7347,9737
SZ,002681,-1.47,7344,8398
SH,603045,1.19,7341,7341
SZ,002121,-2.07,7340,8697
SZ,300401,1.56,7338,7458
SZ,301263,-1.37,7333,10278
SZ,002275,0.08,7331,7732
SZ,000928,-1.16,7330,7331
SZ,002782,-0.13,7329,7417
SH,600059,-1.11,7328,7328
SZ,000059,1.1,7325,7325
SZ,003013,-0.11,7317,8376
SH,600722,-1.83,7313,7313
SH,603985,-0.06,7313,7313
SH,601015,7.19,7312,7312
SZ,002077,0.72,7306,7306
SZ,300768,2.66,7306,11183
SH,688108,-0.51,7301,7301
SH,601226,-0.16,7287,7287
SH,601096,-0.45,7278,11850
SZ,000498,-0.79,7275,7793
SH,688177,-1.84,7275,7275
SH,603931,5.08,7263,7263
SZ,300861,1.78,7256,11555
SH,600708,1.24,7254,7265
SZ,002034,-1.95,7249,7280
SZ,300298,-2.18,7239,8998
SH,688011,1.91,7236,7261
SZ,002315,-2.24,7235,11349
SZ,002324,-1.48,7227,10355
SH,605128,-2.62,7227,7227
SH,600590,-1.27,7212,7292
SZ,300842,0.65,7211,8113
SH,688678,4.2,7207,7207
SZ,002006,-0.43,7193,7193
SH,600125,0.0,7193,7193
SZ,300939,5.38,7188,7188
SZ,300348,0.51,7187,7993
SZ,000544,-0.54,7183,7183
SH,600676,-5.55,7178,7178
SZ,300191,7.1,7177,10384
SH,688556,-0.12,7177,7177
SH,600748,-1.02,7175,7175
SZ,301571,3.08,7170,10796
SH,600078,-1.9,7169,7323
SH,603416,-0.87,7168,8063
SZ,002108,-1.36,7152,7154
SZ,300337,0.7,7149,8260
SH,688221,1.38,7143,7143
SZ,301069,-0.18,7139,7581
SH,603299,-1.3,7133,8726
SZ,000756,4.54,7129,9955
SZ,301232,3.52,7129,11992
SZ,000595,-6.15,7127,7127
SZ,002093,-1.12,7123,7123
SH,688418,1.37,7120,7120
SZ,002448,0.25,7111,7208
SH,600510,2.07,7110,7110
SH,688626,-0.54,7110,7110
SH,688103,6.7,7106,7106
SH,601330,-1.24,7101,10271
SH,688176,0.08,7100,7100
SZ,000650,-1.11,7096,7461
SZ,300492,-4.98,7094,7094
SH,603211,1.95,7094,7094
SZ,300986,-3.67,7093,7098
SH,601388,-0.31,7087,7087
SZ,000030,-1.17,7084,7291
SZ,002445,0.34,7075,7106
SH,605011,-0.95,7073,7073
SH,688710,0.62,7063,10979
SH,600400,1.99,7057,7057
SH,600955,0.55,7056,7056
SZ,002104,10.01,7052,8330
SZ,002733,1.33,7041,7334
SH,688563,-1.67,7034,23321
SZ,001298,-0.29,7032,7465
SZ,300872,-1.42,7026,8127
SH,603580,-4.48,7017,7017
SH,600468,-4.3,7015,7015
SZ,002734,6.53,7014,7684
SH,600252,-0.45,7005,7005
SH,688179,0.31,7004,7004
SZ,301248,-0.51,7001,9580
SH,688290,11.4,6989,6989
SZ,301215,-1.49,6982,6990
SH,688328,4.84,6979,6979
SZ,002881,0.69,6978,11517
SZ,300080,-1.58,6978,6987
SZ,200596,0.82,6972,30711
SH,688631,-0.93,6971,6971
SZ,002284,-1.96,6963,7028
SH,600325,-1.56,6962,6962
SZ,000601,-0.75,6959,7065
SH,600557,-2.23,6958,6958
SH,600810,0.94,6949,7012
SH,603778,1.6,6949,7135
SZ,300540,19.99,6948,7649
SZ,002935,4.63,6944,7095
SZ,002650,3.81,6941,6941
SH,603128,-0.38,6937,6937
SZ,300174,0.84,6936,6974
SZ,300222,-0.93,6931,8315
SZ,002537,0.34,6930,6950
SZ,300678,-1.98,6921,7045
SH,600771,-1.6,6921,6921
SZ,300045,0.0,6913,8873
SH,688312,1.6,6911,6911
SH,600925,0.23,6906,29622
SH,688365,1.19,6905,6905
SZ,000813,-1.5,6898,6899
SH,688191,4.84,6897,6897
SH,603866,-0.23,6894,6894
SH,603311,3.76,6892,6892
SZ,002421,-2.55,6891,7294
SH,600780,-0.99,6890,6890
SZ,000777,-3.9,6889,6890
SH,688550,-0.25,6889,6889
SH,605365,-0.15,6887,6887
SH,600654,-0.34,6882,8450
SZ,000755,0.0,6881,6881
SZ,300171,-2.32,6881,9366
SZ,002219,0.0,6870,7249
SH,600169,0.49,6866,6866
SZ,300997,-3.23,6865,7568
SZ,002546,-4.68,6858,7139
SZ,301191,4.02,6857,9094
SZ,002242,-1.42,6855,6867
SZ,300341,-2.13,6854,6881
SZ,300265,-0.41,6850,6855
SZ,301080,-0.06,6844,9047
SH,600770,-1.13,6825,6825
SZ,301489,1.4,6822,11402
SZ,002256,-1.46,6808,6897
SH,600987,1.21,6808,6808
SZ,300685,-1.41,6805,6815
SH,600874,-0.36,6804,8684
SH,688488,4.39,6799,6799
SZ,300153,-1.16,6796,6832
SZ,002990,-0.14,6793,12888
SH,600158,-1.67,6793,6793
SH,600730,6.24,6793,6793
SH,600828,-1.01,6786,6789
SH,603466,0.18,6781,6781
SZ,300739,2.52,6777,8354
SH,688621,-0.69,6771,6771
SZ,002438,-5.56,6770,7328
SZ,300996,5.78,6766,8038
SH,605098,-4.02,6753,6753
SZ,301291,1.88,6752,12977
SZ,002970,0.56,6751,9825
SZ,301061,-1.71,6741,10147
SZ,002955,1.98,6740,8152
SH,600449,2.25,6737,6737
SZ,000968,0.43,6733,6733
SZ,300868,3.18,6731,10600
SH,605598,1.8,6724,6724
SZ,002135,0.94,6722,7183
SZ,002052,10.05,6721,7336
SZ,300852,3.24,6715,6956
SZ,000058,-1.45,6706,8384
SZ,300109,-0.84,6706,7476
SZ,300343,5.89,6706,6720
SZ,300369,7.37,6703,6728
SH,688788,-1.83,6698,6698
SH,600429,-1.54,6694,6714
SZ,000631,-0.68,6693,6693
SZ,002163,-0.72,6693,7038
SH,600775,-1.09,6691,9101
SH,603517,0.64,6690,6690
SH,688787,1.12,6690,6690
SH,688518,-1.06,6686,6686
SH,603071,0.0,6684,6684
SZ,002785,0.85,6679,7822
SH,600195,0.31,6678,6678
SZ,300444,-2.57,6669,8553
SZ,300493,-1.42,6661,6739
SH,603367,1.1,6655,6655
SZ,002796,4.81,6644,7364
SZ,002467,-0.41,6642,6684
SZ,002971,10.0,6641,8688
SZ,301137,-4.77,6641,6641
SZ,000779,5.86,6636,6637
SH,603200,-1.02,6631,6631
SZ,000008,0.83,6627,6627
SZ,301326,4.88,6625,6684
SH,600422,-0.79,6623,6623
SH,688708,-1.49,6623,18582
SZ,301050,-0.73,6619,7771
SZ,300598,-2.43,6618,6620
SZ,001314,2.34,6614,7602
SZ,002690,-1.87,6614,13453
SH,600103,-2.92,6614,6700
SZ,002014,0.0,6611,6719
SZ,300252,1.46,6610,8094
SH,600894,-0.51,6610,6642
SZ,000589,-1.15,6608,6652
SH,603065,1.68,6607,6607
SZ,002810,0.44,6594,7104
SZ,300324,0.52,6583,6651
SH,688699,7.94,6581,6581
SZ,002840,-0.84,6580,6625
SH,603123,10.05,6568,8043
SH,688577,0.93,6566,6566
SH,600713,0.59,6565,6658
SH,600966,-1.01,6563,6563
SZ,301286,2.52,6559,16272
SZ,300284,-0.91,6554,6907
SH,688818,0.49,6553,86220
SH,600310,0.0,6551,6551
SH,600683,3.39,6548,6548
SH,600496,-0.9,6547,6547
SZ,301209,-0.69,6545,7661
SH,605366,10.0,6545,6545
SZ,000551,-0.22,6541,6543
SZ,300435,3.08,6532,6830
SZ,002042,-0.78,6530,6530
SH,688062,-0.56,6527,12664
SH,603277,-0.74,6524,6545
SH,603861,-1.36,6517,6664
SH,600525,2.5,6488,6488
SZ,301339,-1.13,6478,6597
SZ,300976,3.03,6474,10065
SH,600643,-0.25,6472,6484
SZ,002140,0.66,6469,6478
SZ,002550,-0.72,6466,8792
SH,600682,-1.07,6460,7465
SZ,001391,-1.62,6457,51887
SH,605178,1.45,6457,6457
SZ,000597,-0.65,6454,6535
SH,600604,0.0,6446,8579
SH,688095,-2.82,6445,6445
SH,600313,5.5,6439,6910
SH,688478,3.79,6436,6436
SZ,002057,1.3,6433,6438
SZ,300815,-1.2,6433,6568
SH,605188,-1.09,6433,6433
SH,603229,-0.39,6426,6426
SZ,002664,-2.44,6425,6514
SZ,301392,3.87,6420,15737
SZ,002302,9.96,6412,6412
SZ,002470,-1.52,6407,6407
SH,603197,-0.2,6400,6487
SH,600488,5.59,6398,6398
SZ,301522,-2.03,6396,8593
SZ,300137,-0.58,6392,6471
SZ,000090,2.09,6390,6390
SH,601515,-0.6,6389,6389
SZ,000905,-1.37,6386,13279
SH,603969,1.49,6378,6527
SZ,002885,2.56,6372,7276
SH,601500,0.0,6363,6389
SH,600501,0.95,6361,6361
SZ,300731,2.36,6349,6690
SZ,300358,0.22,6343,6435
SH,688685,-3.18,6341,6341
SH,603108,-0.19,6330,6330
SH,600368,0.26,6325,6325
SZ,000572,-1.79,6322,6331
SZ,300400,9.49,6322,6343
SH,603990,8.26,6318,6318
SH,603068,4.89,6314,6314
SZ,002123,0.81,6311,7055
SH,688293,-1.54,6298,7644
SZ,002009,-1.06,6294,7151
SZ,000989,-0.44,6282,7746
SZ,300164,1.03,6281,6337
SZ,300819,1.92,6281,6954
SZ,003043,0.17,6271,9606
SH,603489,0.19,6266,6266
SZ,002631,6.19,6261,6290
SH,603213,1.52,6259,6259
SH,688230,-0.15,6258,6258
SZ,000524,-0.32,6257,6259
SZ,000722,0.15,6256,7701
SH,603867,2.4,6254,6307
SZ,301678,-0.07,6252,10777
SZ,300226,-1.28,6250,6501
SH,688232,-1.42,6246,6246
SH,603383,-0.88,6245,6245
SZ,300909,7.03,6234,8351
SZ,000026,0.06,6230,6934
SH,603660,4.21,6229,6229
SH,603155,3.26,6227,6227
SZ,002605,-2.02,6223,7683
SZ,300983,4.69,6210,7022
SH,600108,1.59,6210,6210
SH,600975,0.0,6210,6210
SZ,300900,1.0,6209,7924
SZ,002527,-0.76,6198,7771
SH,603336,3.46,6196,6196
SH,688079,2.48,6186,6294
SZ,300127,8.46,6185,8660
SZ,002127,-1.59,6183,7610
SZ,300360,-1.83,6183,6355
SZ,002519,-0.18,6180,6229
SZ,002943,5.69,6173,8722
SH,600203,2.26,6167,6167
SH,605005,1.79,6167,6167
SH,688276,-1.06,6163,6163
SH,600617,2.06,6161,6694
SH,603363,0.0,6160,7838
SH,603368,0.39,6160,6160
SZ,003006,-1.71,6158,6174
SZ,300143,-1.46,6158,7199
SH,603010,1.7,6158,6312
SH,600370,-3.77,6154,6154
SZ,300256,0.37,6146,6215
SH,688610,4.57,6139,10199
SH,600897,-0.41,6133,6133
SH,688499,-0.74,6121,6121
SZ,000541,-0.6,6115,7632
SH,600841,-2.17,6112,8132
SZ,300700,1.24,6109,6824
SZ,300283,11.15,6096,7976
SZ,002606,-1.57,6092,6348
SZ,000913,-2.17,6090,6164
SH,603877,0.23,6082,6089
SZ,002232,-0.53,6079,6079
SZ,301153,-1.03,6071,6508
SZ,300048,-1.65,6069,6080
SZ,002678,0.22,6068,6071
SZ,003010,1.13,6062,8339
SZ,002213,1.59,6060,6965
SH,605056,-0.73,6058,6149
SZ,300043,-1.42,6056,6059
SZ,002649,10.04,6055,6677
SH,600255,0.9,6050,6050
SH,603567,-2.42,6049,6055
SZ,000957,-0.68,6047,6047
SZ,301328,9.0,6041,8359
SZ,300722,-0.27,6033,6033
SH,688366,-1.96,6033,7114
SZ,300465,-0.51,6030,6030
SZ,001212,0.29,6027,6967
SZ,002210,-2.16,6027,6040
SH,688069,7.01,6024,6024
SZ,300119,-0.33,6022,8388
SH,603776,2.83,6022,6022
SZ,300128,-0.43,6020,6027
SH,600106,-0.88,6020,6020
SZ,002067,-1.53,6019,6636
SH,603708,-0.21,6019,6019
SH,600983,-0.38,6016,6016
SH,603135,2.03,6012,6057
SH,688109,2.81,6010,6010
SZ,000908,9.98,6008,12017
SH,603221,9.98,6005,6005
SZ,300192,-2.15,6002,6073
SZ,301261,-0.14,6002,6053
SH,600829,9.99,6001,6001
SZ,001330,-1.34,6000,7092
SZ,301292,1.03,5996,15682
SZ,300820,1.17,5992,11912
SZ,301182,-1.0,5985,6563
SH,600644,0.49,5985,5985
SH,688526,-0.39,5985,5985
SZ,300579,1.23,5983,6201
SZ,002068,0.49,5982,5985
SH,600586,-0.24,5981,5981
SH,605183,-0.68,5980,6020
SZ,002965,1.78,5979,8332
SZ,300393,-1.42,5974,6810
SZ,002452,0.26,5971,7152
SZ,300617,-2.41,5969,7120
SZ,301638,-3.05,5965,75802
SZ,002437,-2.74,5964,6332
SZ,002272,0.48,5962,7084
SZ,300041,-0.27,5956,6120
SZ,000025,-0.85,5950,6530
SZ,002803,2.04,5945,9149
SH,600855,0.24,5943,5955
SZ,000571,5.34,5942,6125
SZ,000915,-0.31,5941,5944
SZ,000735,-1.53,5938,5941
SH,605018,-0.94,5936,5936
SZ,002029,1.71,5935,6288
SH,600433,-1.17,5933,5933
SH,688620,5.44,5930,5930
SZ,002538,1.46,5928,5932
SZ,300063,-2.38,5920,7168
SZ,002141,1.78,5918,5918
SZ,300047,0.1,5917,6575
SZ,000561,0.0,5915,6583
SH,688408,-2.11,5908,5908
SZ,300084,10.58,5905,6881
SH,688598,3.76,5895,6011
SZ,300079,-0.86,5894,6559
SZ,300969,-0.71,5890,12351
SH,600230,0.78,5890,5890
SZ,000793,-1.34,5888,9710
SZ,002101,-1.0,5887,5892
SZ,301000,-1.08,5882,6231
SH,688219,-0.37,5880,5880
SH,688799,0.02,5880,5880
SH,600375,-1.47,5879,6444
SZ,300985,4.89,5877,5877
SZ,300221,3.08,5876,6026
SH,603269,8.28,5874,5874
SZ,002635,1.37,5873,9796
SZ,300129,0.86,5871,9059
SH,600963,-1.18,5870,5870
SZ,002382,-0.84,5867,5924
SH,600691,0.41,5867,5868
SZ,300214,-4.76,5857,5857
SH,605288,1.72,5857,5896
SZ,300075,-1.13,5855,7056
SZ,003041,-4.61,5854,6161
SH,688717,0.14,5854,9457
SH,605277,0.0,5852,5960
SH,688757,3.23,5851,13022
SH,605555,0.67,5847,5847
SH,600851,-1.12,5846,9559
SZ,300592,1.8,5842,6646
SZ,000948,-3.1,5841,5852
SZ,000881,-1.22,5838,6107
SZ,000036,-0.48,5836,5839
SZ,300258,-1.63,5835,5990
SZ,300467,-0.06,5833,6963
SH,688709,-0.42,5829,16742
SH,600815,-2.38,5819,5819
SZ,300706,4.89,5815,7844
SH,600826,-2.07,5815,5815
SH,688352,3.86,5815,18878
SZ,300470,-1.64,5809,6121
SH,600592,-0.21,5809,5809
SZ,300525,0.53,5808,7080
SZ,002132,1.97,5806,5816
SH,601968,-0.66,5804,5804
SZ,002752,-1.16,5794,5802
SZ,002082,-0.58,5792,6239
SH,688562,0.0,5788,5788
SZ,001236,-1.17,5784,7689
SZ,300046,-0.24,5783,5783
SZ,300756,6.32,5780,6643
SH,601116,-0.57,5778,5778
SH,688185,-1.78,5756,12433
SH,603507,0.25,5749,5813
SZ,002218,-1.19,5744,5830
SH,688225,9.71,5740,5740
SZ,300151,3.25,5736,8285
SZ,301155,0.96,5732,10110
SH,600477,-0.41,5732,5732
SH,603887,-1.45,5731,5731
SZ,000670,-2.54,5730,5837
SZ,002073,-1.4,5729,5787
SZ,300159,-1.27,5729,10233
SZ,002206,1.12,5728,6298
SZ,002263,0.0,5728,5728
SH,600054,-0.8,5723,8132
SH,600742,1.45,5721,5721
SZ,300709,3.44,5716,7120
SZ,301101,-2.06,5714,5932
SZ,000912,0.0,5707,5707
SZ,300566,2.69,5707,6599
SZ,002860,-0.66,5706,5842
SH,688334,-1.3,5703,5783
SH,688510,2.24,5702,5702
SH,600982,-0.78,5699,5699
SH,603333,6.01,5699,5699
SZ,002510,-1.56,5697,5755
SZ,003040,9.97,5692,5745
SZ,300981,-7.31,5682,6201
SH,688767,-0.76,5680,5680
SZ,300217,-2.35,5673,6754
SH,600425,1.15,5664,5664
SZ,000697,1.4,5662,12104
SZ,300203,-1.02,5658,5663
SZ,002997,-0.92,5657,5657
SZ,002298,-2.51,5656,6335
SZ,002956,-0.06,5653,5653
SZ,300626,3.87,5652,5655
SH,603595,2.75,5650,5650
SZ,002390,-0.34,5648,5695
SZ,301607,2.23,5642,8702
SZ,000900,-0.54,5630,5631
SZ,300212,-1.1,5630,5802
SH,603012,0.35,5624,5624
SZ,300451,-0.27,5618,5700
SH,688553,0.36,5617,6928
SH,601121,-0.43,5616,6909
SZ,002992,-0.69,5615,6500
SH,688173,2.09,5615,5668
SH,603609,0.16,5613,5613
SZ,002951,1.01,5603,5657
SZ,200625,-2.01,5597,33803
SH,688226,0.95,5597,5813
SH,605339,-0.45,5596,5596
SH,688689,3.96,5593,5593
SH,600035,-0.86,5587,5587
SH,688733,1.05,5587,5587
SZ,000042,1.2,5585,5591
SZ,301099,1.95,5584,9176
SZ,300708,-1.78,5583,7301
SH,600223,-0.72,5580,5580
SH,688135,2.66,5578,5578
SH,603130,-1.15,5573,5573
SH,603366,-0.72,5569,5569
SH,600881,-1.71,5559,5559
SH,603855,-0.96,5559,5592
SZ,301307,4.01,5553,10751
SZ,002279,-0.14,5552,6018
SH,600292,-2.17,5552,60219
SZ,300581,0.1,5550,5550
SH,688307,2.11,5545,5545
SH,688658,-1.99,5544,5544
SH,603686,-0.67,5541,5541
SH,688151,-0.62,5539,5539
SH,600694,0.0,5537,5537
SH,600769,1.79,5530,5530
SZ,300019,-1.25,5525,5892
SZ,300197,-1.59,5515,5515
SH,603901,0.73,5512,5588
SH,688315,-0.82,5510,5510
SZ,300531,2.79,5509,5676
SZ,301312,3.93,5509,10952
SZ,002376,10.08,5502,5665
SZ,000717,1.34,5501,5502
SZ,000501,-0.14,5500,5505
SH,688707,0.46,5499,5499
SZ,300278,-0.26,5496,5514
SZ,002164,1.33,5493,6093
SH,688345,2.6,5491,5517
SZ,300825,-0.61,5484,5602
SH,603098,-0.1,5484,5492
SH,603897,0.72,5484,5484
SZ,002793,-0.59,5483,5492
SZ,002255,-1.6,5480,7137
SZ,300696,1.08,5475,6032
SZ,300925,-0.57,5469,6709
SH,688656,-1.14,5465,5465
SH,600698,-1.05,5464,7031
SZ,000920,0.87,5458,5458
SH,600081,-0.8,5458,5458
SH,688776,-0.96,5458,5458
SZ,300905,0.54,5455,6994
SZ,300990,-0.01,5455,12012
SH,688117,0.98,5451,5451
SZ,002196,-0.36,5450,5533
SZ,300293,-0.68,5448,5448
SZ,301362,5.56,5446,19412
SZ,300307,-1.0,5445,5539
SH,688237,6.25,5444,5444
SZ,002777,0.3,5436,5486
SZ,301301,0.0,5431,19554
SZ,301306,1.91,5427,7861
SZ,002572,-1.65,5426,8022
SH,603587,-0.43,5426,5426
SZ,300792,-1.81,5423,6043
SZ,002349,-0.3,5422,5535
SZ,002882,-4.23,5421,9510
SH,600191,3.71,5421,5421
SH,688323,3.52,5420,5420
SZ,300841,-2.61,5419,5921
SZ,300918,0.94,5415,5415
SH,603194,-1.89,5414,13738
SZ,000411,0.74,5406,5416
SZ,002303,6.88,5404,8560
SH,600278,0.16,5404,5404
SH,600981,0.0,5404,5404
SH,688309,2.39,5400,5400
SZ,002708,-1.42,5399,5873
SZ,000557,-0.8,5394,5395
SH,688170,3.18,5394,5394
SH,603848,-0.15,5392,5392
SZ,002685,-1.11,5390,5391
SZ,002657,1.01,5388,5451
SZ,300300,0.12,5387,5388
SH,603153,0.0,5386,5467
SH,603682,3.54,5386,5386
SH,601008,-1.59,5384,5384
SZ,002915,10.03,5372,6252
SZ,301580,-0.04,5372,7951
SZ,300066,-0.19,5369,5595
SZ,003012,0.42,5366,5472
SH,600603,-1.72,5362,5362
SH,688601,2.37,5361,5361
SZ,300082,0.38,5351,5365
SH,600199,3.96,5347,5347
SH,603610,-0.2,5347,5347
SH,603988,10.02,5343,5343
SZ,002351,-1.06,5340,9113
SZ,002229,-1.82,5331,5363
SZ,000608,3.32,5329,5361
SH,600720,-1.49,5327,12115
SZ,002577,1.44,5324,5324
SH,600825,-0.97,5318,5318
SZ,300067,-1.39,5314,6545
SZ,000404,-1.41,5313,5338
SZ,000531,-2.34,5312,6081
SH,601177,-0.45,5311,5381
SH,688711,0.78,5308,5308
SZ,300926,-1.55,5307,7735
SZ,002833,0.39,5304,7766
SH,603666,4.71,5302,5302
SZ,300036,-0.83,5296,5863
SH,600237,-0.59,5296,5346
SH,603668,-1.78,5295,5295
SH,603889,-0.53,5294,5334
SH,605228,-0.09,5291,5312
SZ,000517,-0.93,5283,6749
SZ,002697,-0.65,5280,6269
SH,603380,0.92,5280,5280
SZ,002640,-1.73,5279,5312
SH,603685,2.83,5278,6627
SZ,300057,0.0,5276,6372
SH,600868,-0.71,5276,5276
SZ,001323,-2.36,5275,7374
SZ,000409,-0.45,5272,6051
SH,688505,-1.07,5272,7691
SZ,002787,1.97,5269,7060
SZ,002060,-0.88,5266,12652
SZ,300959,3.44,5264,8085
SZ,300528,0.93,5257,5257
SH,600217,0.0,5254,5254
SZ,300093,-2.24,5252,12279
SZ,300689,10.35,5252,5967
SZ,002274,1.08,5251,5333
SH,600189,-0.27,5249,5249
SZ,002191,-0.27,5246,5288
SZ,002300,-1.76,5243,5244
SH,600984,1.46,5241,5241
SH,603131,1.24,5238,5238
SZ,300006,-1.59,5236,5237
SH,601518,-0.72,5236,5236
SZ,002988,-0.85,5235,5235
SZ,002358,-1.75,5234,5234
SZ,002383,0.86,5234,5234
SZ,301323,3.28,5231,8132
SH,601086,-1.01,5228,5228
SH,605050,-0.38,5228,5228
SZ,301070,5.21,5227,7776
SH,603701,2.2,5227,5227
SH,600234,3.05,5226,5226
SH,603106,9.97,5226,5226
SZ,300633,-2.67,5223,8530
SZ,002489,-0.73,5222,5921
SZ,002424,-1.52,5218,6331
SZ,000560,0.0,5214,5252
SZ,002530,-2.34,5213,5843
SH,605287,0.84,5209,5209
SZ,002134,2.79,5208,5211
SZ,002419,-0.22,5204,5204
SH,603170,-0.91,5204,5204
SH,600784,0.39,5202,5202
SZ,301366,-3.03,5199,9311
SH,688575,-1.73,5199,5199
SZ,000880,0.35,5196,10617
SZ,300287,-0.76,5194,5654
SZ,300161,1.91,5192,5291
SH,600121,8.95,5190,5190
SZ,001359,-0.13,5188,20753
SZ,300446,-0.86,5188,11742
SZ,301321,-0.03,5188,6553
SZ,301368,-0.76,5188,5188
SZ,002824,4.23,5186,7135
SH,688101,0.19,5186,5186
SH,600743,-0.45,5184,5184
SZ,301012,-2.01,5183,5183
SZ,002805,1.59,5180,5203
SH,688115,2.74,5178,5178
SZ,000796,-0.26,5176,6238
SH,601002,1.12,5173,5173
SZ,002567,-0.55,5168,5173
SZ,002695,0.3,5165,5651
SZ,300507,-0.15,5161,5332
SZ,002194,10.03,5154,6894
SH,688181,2.57,5150,5150
SZ,002713,-2.2,5149,9304
SZ,002870,0.81,5149,5273
SZ,300443,-2.03,5146,6786
SH,601199,-2.65,5143,5143
SH,605009,-0.71,5143,5143
SH,600569,-1.1,5141,5141
SH,603499,1.34,5138,5138
SH,600756,-4.92,5136,5541
SZ,300039,0.9,5134,5857
SH,603173,-0.93,5132,5132
SZ,300587,3.62,5126,6322
SZ,000652,-0.85,5118,5122
SH,600138,-0.56,5117,5117
SZ,300648,3.94,5116,6720
SH,688057,3.98,5114,5114
SZ,301566,1.68,5112,9688
SZ,301007,16.89,5111,5179
SH,605580,0.94,5110,5110
SZ,000888,-0.41,5105,5105
SZ,002638,3.01,5099,5415
SH,600939,0.75,5098,5098
SH,601011,2.31,5095,5095
SH,600300,-0.94,5093,5093
SH,600279,-0.23,5091,5091
SZ,300619,-3.61,5084,6039
SH,605299,0.56,5083,5083
SZ,002307,0.65,5082,5144
SZ,300695,-1.84,5080,5080
SZ,301413,-1.51,5077,8504
SZ,002301,2.17,5076,5118
SH,605377,0.77,5076,5076
SH,603158,-2.45,5074,5074
SZ,000925,-0.4,5073,5113
SZ,000525,-0.87,5069,5942
SZ,301529,-0.19,5066,9438
SH,603353,0.61,5064,5064
SH,600513,2.49,5055,5055
SZ,300856,-1.61,5052,5227
SH,600593,0.49,5052,5117
SH,603727,-1.27,5048,5048
SZ,001313,0.0,5047,5054
SZ,000852,-1.12,5045,5075
SZ,301589,0.56,5044,13530
SH,601279,-0.63,5042,5042
SZ,002047,-0.3,5033,5033
SZ,300488,0.16,5031,5929
SH,600571,1.1,5030,5124
SZ,301256,2.95,5025,5025
SH,688207,2.37,5024,5024
SH,603843,3.01,5023,5023
SH,688348,-1.44,5021,5021
SZ,300368,0.32,5019,5019
SZ,002637,1.31,5017,5075
SH,600284,-0.39,5006,5006
SH,603110,3.28,5006,5006
SH,600889,0.15,5004,8012
SH,688228,-0.03,5004,5004
SH,600979,-1.23,5003,5081
SZ,002201,1.22,5002,5415
SZ,300147,4.82,5002,5032
SH,600610,-0.7,4996,7552
SZ,002819,-0.05,4992,6291
SZ,002122,2.45,4989,5023
SH,688007,-0.09,4982,4982
SH,600336,-0.95,4979,4979
SZ,300569,-0.81,4975,4990
SZ,300291,-2.19,4974,5039
SH,603196,4.22,4974,8788
SZ,300158,-0.4,4967,4971
SZ,300785,-0.73,4966,8073
SZ,300680,-1.66,4959,6444
SH,688410,-1.07,4957,4957
SZ,002291,-3.39,4954,5330
SH,688448,3.06,4953,4953
SZ,300783,-2.11,4949,7093
SZ,002154,2.2,4943,6114
SZ,000720,10.08,4938,4938
SZ,301162,-0.75,4937,7608
SH,688566,-1.29,4937,4937
SZ,301053,-1.23,4935,5314
SZ,002166,-0.3,4933,4953
SH,603122,10.04,4931,4931
SZ,002642,-0.67,4928,4928
SZ,002238,0.16,4927,4927
SZ,002334,-0.89,4924,5494
SH,688386,1.5,4923,5388
SH,600084,1.62,4921,4921
SH,603976,6.27,4916,4916
SH,688282,2.6,4914,4914
SH,600197,-0.38,4911,4911
SZ,300788,-1.71,4909,4909
SH,688539,0.73,4906,4906
SZ,003033,-1.86,4905,4966
SH,603212,-0.09,4904,4904
SH,600817,-0.75,4903,4926
SZ,002189,-0.21,4901,4902
SZ,301004,0.25,4899,5249
SH,603162,3.57,4893,15933
SZ,300681,0.86,4892,6488
SZ,300406,-1.11,4891,6758
SH,600308,-0.31,4884,4884
SH,600814,0.15,4880,4880
SH,688720,3.71,4877,7650
SZ,002165,0.15,4874,4926
SZ,301333,-1.56,4871,4877
SZ,002757,-1.43,4868,5099
SH,603598,-1.26,4868,4873
SH,603590,0.65,4865,4889
SH,600990,1.63,4858,4858
SZ,001208,-1.1,4857,9728
SH,600790,-1.19,4851,4851
SZ,300878,6.89,4849,4872
SH,603111,-0.52,4849,4991
SZ,301048,-0.11,4848,4848
SZ,002038,-0.7,4847,5845
SZ,300219,-0.44,4847,4856
SH,600758,9.88,4847,4851
SZ,300261,-1.53,4846,4951
SZ,002892,-2.22,4845,7185
SH,603777,-0.34,4845,4845
SZ,300233,-0.23,4844,5028
SH,601566,0.36,4844,4844
SZ,002344,0.8,4843,4848
SZ,001322,-0.48,4839,5957
SH,600288,2.31,4835,4835
SZ,002045,-0.69,4830,4837
SH,688591,-0.21,4830,6894
SZ,300087,3.68,4827,5068
SH,688667,3.47,4825,4825
SZ,002479,0.9,4824,4835
SH,600231,-0.58,4821,4882
SZ,300292,0.7,4820,5796
SH,603286,-0.29,4816,4862
SZ,001328,-1.97,4815,5127
SZ,002662,-0.31,4814,4815
SZ,300227,0.96,4814,6285
SH,688683,2.02,4811,4811
SH,600073,-0.39,4810,4810
SZ,002066,0.39,4809,4890
SH,605368,0.0,4809,4809
SZ,301268,-0.6,4807,5315
SZ,002559,0.74,4803,6116
SH,600207,-0.23,4803,4803
SH,688691,1.86,4801,7896
SZ,300506,6.18,4797,9309
SZ,300027,0.54,4795,5188
SZ,300755,-0.52,4794,4797
SZ,301379,3.35,4793,6082
SZ,002102,-0.44,4792,5570
SZ,300259,0.73,4792,4793
SH,601789,-1.12,4792,6722
SZ,002959,-0.15,4787,5337
SZ,002033,-0.46,4785,4786
SZ,002570,0.0,4784,4784
SH,603511,0.51,4782,4829
SZ,002590,-1.23,4781,5014
SZ,300232,-0.37,4780,5865
SZ,002632,0.48,4779,5196
SH,688377,-0.39,4778,4778
SH,688679,-4.53,4777,4777
SZ,300797,0.56,4771,4784
SZ,300249,-1.16,4769,5844
SZ,002526,0.0,4764,4795
SZ,301330,-1.61,4762,5768
SZ,000753,-0.41,4759,4759
SZ,300518,12.91,4759,4759
SZ,002528,-2.16,4757,5429
SZ,002940,0.43,4757,5180
SZ,002482,0.0,4754,4763
SZ,300847,11.14,4753,4753
SH,688320,1.09,4750,4750
SZ,301349,0.62,4748,6013
SH,600605,0.31,4746,4746
SZ,301365,3.91,4743,7028
SZ,301179,-0.2,4742,8076
SZ,300215,-0.94,4741,4741
SZ,301629,3.26,4741,10307
SH,688419,2.15,4741,4741
SH,603217,0.8,4733,4733
SZ,002728,2.61,4727,4840
SZ,300711,19.99,4727,5336
SH,600551,-0.71,4726,4726
SH,688609,0.43,4720,4927
SH,603097,2.19,4718,4828
SZ,301265,2.11,4717,5859
SH,603408,1.25,4717,4717
SH,688786,1.41,4716,4716
SZ,000417,0.17,4705,4710
SH,688580,-0.08,4702,4702
SZ,300586,1.04,4693,6244
SZ,002749,-0.46,4692,4796
SZ,300490,-1.32,4691,4756
SH,600088,-1.5,4688,4688
SH,603216,0.43,4687,4687
SH,603365,0.67,4687,4711
SZ,002375,-0.28,4685,4716
SZ,002501,-0.75,4681,4686
SZ,301367,4.24,4675,5971
SH,688696,-0.57,4670,4670
SZ,002111,-0.62,4667,5080
SZ,002401,-0.24,4667,4671
SZ,300149,-0.1,4666,4893
SZ,300688,0.48,4666,5264
SH,688073,-0.21,4665,4665
SH,603070,-0.68,4659,4659
SZ,001317,-0.84,4658,4663
SZ,002455,1.59,4658,5093
SZ,300697,-1.75,4657,6082
SZ,002556,0.61,4651,4656
SH,600495,0.52,4651,4651
SH,688389,-1.09,4649,4649
SZ,000993,-1.26,4648,4648
SZ,002523,-0.9,4643,4660
SZ,000936,-0.76,4642,4642
SZ,002481,-0.24,4640,5119
SZ,300727,1.38,4639,5155
SH,600715,-1.22,4637,6576
SZ,301391,1.59,4636,4745
SZ,301583,-4.95,4636,27893
SZ,002235,0.24,4633,4851
SH,603191,-1.4,4632,4632
SH,688330,-2.42,4632,4632
SZ,000045,1.5,4629,5131
SZ,000863,1.02,4629,4699
SZ,002919,0.0,4623,4657
SH,603767,-0.6,4623,4623
SZ,300461,2.6,4620,5030
SZ,300388,-0.59,4617,4617
SH,688665,0.35,4617,4617
SZ,300271,0.0,4615,4716
SZ,301045,4.45,4613,7300
SH,600351,-1.48,4608,4608
SH,603711,-0.53,4607,4607
SH,600523,-0.44,4598,4601
SH,600976,6.88,4597,4600
SH,600626,0.0,4596,4596
SZ,300138,-0.77,4592,5570
SH,603206,-3.22,4590,4590
SH,688085,-0.15,4589,4801
SZ,301603,1.84,4587,14683
SZ,002483,-1.52,4585,4591
SH,600681,0.29,4582,4585
SH,603980,0.45,4582,4582
SZ,002573,0.31,4578,4585
SZ,301211,1.01,4576,4576
SH,600658,1.49,4575,4575
SH,603137,-4.47,4573,4573
SH,603187,-0.58,4569,4617
SZ,300737,0.39,4568,5717
SZ,002478,-1.4,4567,5693
SZ,001207,0.39,4564,4728
SZ,300523,-0.91,4564,4564
SZ,002026,0.58,4563,4563
SZ,301488,-2.89,4559,11128
SH,603916,4.53,4556,4556
SZ,002880,-4.11,4554,4554
SZ,300547,1.63,4550,5537
SH,603387,0.79,4549,4549
SZ,301239,-0.87,4548,4790
SH,601588,-0.58,4548,5757
SH,688655,2.83,4548,4548
SZ,002774,4.06,4544,5430
SZ,002522,-0.4,4543,4547
SZ,000665,-0.5,4537,4537
SH,603348,-0.96,4537,4537
SZ,300968,-1.44,4534,4534
SZ,301325,-1.13,4534,4534
SH,605338,-0.73,4534,4534
SH,688119,0.75,4533,4533
SH,688635,0.12,4527,23885
SZ,301055,4.0,4526,4625
SH,603683,2.95,4522,4569
SH,603822,0.44,4521,4521
SZ,300189,9.21,4519,5222
SH,603528,0.47,4517,4517
SZ,300663,-4.01,4516,4693
SH,603222,0.47,4510,4510
SH,600101,-1.08,4508,4508
SH,688218,2.6,4504,4504
SZ,003004,2.15,4502,5362
SZ,300397,1.85,4502,5709
SZ,300534,9.48,4500,4519
SZ,300561,-0.37,4495,6119
SZ,300917,0.26,4495,4495
SZ,000507,-0.2,4493,4580
SH,603803,3.53,4491,4491
SH,603060,1.09,4486,4486
SZ,300123,2.5,4483,4608
SZ,002989,-0.44,4480,4566
SZ,000886,-1.08,4478,4528
SH,603439,2.69,4478,4478
SZ,300016,-0.87,4474,4630
SH,688646,6.03,4463,6920
SH,688210,1.56,4460,4460
SZ,300871,0.5,4459,4459
SH,603398,7.98,4457,4457
SZ,301075,0.2,4456,4456
SZ,002627,-0.62,4454,4502
SH,600178,-1.04,4454,4454
SZ,300463,-0.88,4453,5478
SH,600283,-0.87,4452,4452
SH,600880,-1.69,4448,4449
SH,603032,0.63,4448,4454
SZ,002707,-0.77,4446,5051
SH,688379,2.62,4445,4687
SZ,002727,-0.09,4443,6623
SZ,301058,5.09,4441,4515
SH,688267,0.46,4441,4441
SH,600173,0.48,4440,4441
SH,605208,3.14,4440,4440
SZ,300267,-0.64,4437,6435
SZ,000558,-0.58,4433,4434
SZ,000821,-1.48,4432,4565
SZ,002884,-0.12,4431,5805
SH,600071,0.51,4431,4431
SZ,002454,0.2,4430,4439
SZ,300326,4.75,4429,4431
SH,601218,-1.08,4428,4428
SH,603611,-0.41,4428,4428
SZ,002059,0.0,4423,4555
SH,600714,3.58,4423,4423
SZ,002641,0.26,4422,4793
SZ,300692,1.41,4422,4846
SH,601065,-0.15,4422,4422
SZ,002651,-0.51,4421,8081
SZ,002146,0.0,4420,4913
SZ,300702,0.05,4420,7311
SH,688796,-1.48,4420,51169
SZ,000759,-2.74,4419,4465
SZ,002540,-0.19,4419,6425
SZ,002124,-0.88,4417,4977
SH,603558,1.02,4416,4416
SZ,300429,2.32,4415,5870
SZ,002443,0.95,4414,4414
SZ,301487,-1.4,4408,7427
SH,603209,0.29,4407,4455
SH,600382,-0.47,4402,4402
SZ,001338,-0.11,4400,4400
SZ,000819,-0.17,4399,4441
SZ,300767,3.73,4399,5067
SZ,301230,-1.06,4397,4889
SH,605300,-0.82,4394,4394
SH,688196,1.17,4388,4388
SH,603661,-1.07,4387,4387
SZ,300196,2.54,4382,7252
SH,688512,7.14,4381,6384
SZ,002746,0.82,4378,5309
SZ,002543,-0.9,4373,4915
SZ,300802,1.55,4366,6130
SZ,002907,-0.46,4365,5428
SZ,300491,-0.89,4365,4921
SH,603869,5.18,4363,4363
SH,603726,0.43,4360,4382
SZ,000078,-1.78,4357,4367
SH,600650,0.27,4354,6150
SZ,300791,-0.88,4352,5212
SZ,002117,1.09,4350,4352
SZ,301458,0.82,4349,9872
SH,603018,-0.93,4349,4349
SZ,300210,-1.64,4343,4343
SH,600379,4.37,4342,4342
SZ,000521,-0.4,4341,5108
SH,688010,1.89,4335,4335
SZ,300286,-2.3,4330,5226
SH,603681,3.52,4329,4329
SZ,300018,-1.9,4328,5810
SH,600558,-0.21,4326,4326
SZ,000526,0.31,4325,4339
SH,603016,-1.02,4317,4317
SZ,001283,-1.65,4316,5414
SZ,002264,-1.04,4315,4772
SH,603165,-0.5,4315,4315
SH,603015,1.72,4313,4313
SH,603339,1.75,4313,4313
SZ,000718,0.0,4312,5735
SZ,002367,0.18,4306,4323
SH,600609,-0.9,4305,4305
SH,603322,0.11,4305,4305
SZ,300541,2.59,4303,4769
SH,603150,1.0,4302,4302
SZ,002427,0.0,4292,4296
SZ,002161,4.13,4289,4290
SZ,002393,-1.04,4287,4402
SZ,300532,-0.14,4286,4506
SZ,001288,7.27,4282,6592
SZ,002112,-4.56,4282,4806
SH,600340,0.0,4282,4282
SZ,300441,-0.87,4281,4407
SH,688719,1.84,4279,5503
SH,600819,-0.37,4277,5294
SH,605088,-1.57,4277,4309
SH,688350,1.05,4277,4277
SZ,002902,1.86,4275,5656
SZ,300964,5.46,4271,5821
SH,600168,0.23,4271,4271
SH,600152,0.62,4269,4269
SH,688639,-0.76,4269,4269
SH,600222,2.55,4267,4267
SZ,002285,0.0,4266,4304
SH,605577,-0.41,4266,4266
SH,603928,4.86,4265,4265
SZ,000011,-0.37,4264,4827
SZ,002418,1.63,4261,4261
SH,688023,1.21,4260,4260
SH,605086,-0.63,4259,4259
SZ,300071,-2.39,4254,4337
SH,603318,3.12,4250,5136
SH,603960,0.75,4250,4250
SZ,300290,5.9,4246,4247
SH,688551,2.15,4242,4242
SZ,301235,0.25,4241,5667
SZ,002480,-1.78,4237,4245
SH,603069,-0.74,4237,4237
SZ,002765,-0.14,4236,4636
SH,688291,-0.31,4235,4235
SH,603912,0.0,4230,4230
SZ,300733,1.48,4219,5722
SZ,300669,3.4,4217,4453
SH,688429,3.04,4204,4204
SH,603636,0.56,4201,4201
SZ,300061,-0.3,4199,4448
SH,688236,-1.15,4199,5584
SZ,300539,-0.41,4198,5166
SZ,300859,0.41,4198,4198
SH,603669,2.97,4195,4195
SZ,300963,-3.94,4188,5710
SZ,300984,0.09,4188,6499
SZ,300745,6.83,4186,4959
SZ,300793,0.45,4185,4281
SZ,301252,0.03,4181,5213
SH,603421,9.95,4180,4180
SZ,300228,0.13,4175,4462
SH,603058,0.5,4175,4175
SZ,002380,-0.47,4173,7043
SZ,300505,-2.49,4173,5277
SH,603386,3.32,4167,4167
SZ,300715,4.72,4165,5031
SH,603697,-0.21,4161,4161
SH,605028,-0.73,4158,4158
SZ,300121,-0.21,4156,4309
SZ,002490,2.13,4155,6316
SZ,003026,2.46,4147,5387
SH,688653,5.14,4144,5560
SZ,300893,-1.32,4142,7809
SH,688360,0.77,4140,4140
SH,688311,0.34,4137,4137
SZ,301160,1.03,4136,6225
SH,688356,0.06,4136,4136
SZ,000016,-1.15,4135,6236
SH,603978,2.35,4135,4135
SZ,002586,5.85,4132,4348
SZ,002788,0.56,4131,4203
SZ,300206,0.58,4131,7077
SH,603998,-0.42,4131,4131
SH,603758,1.93,4127,4127
SH,603918,0.71,4125,4125
SH,600505,-0.53,4123,4123
SZ,300403,-0.62,4121,5818
SZ,300632,3.21,4120,5685
SH,688186,-1.48,4120,4120
SZ,000655,0.58,4119,4119
SZ,300662,1.01,4118,4130
SH,600076,0.33,4114,4114
SZ,002406,0.44,4113,4987
SZ,300105,-0.62,4113,4116
SH,688269,1.32,4113,4113
SZ,000678,-0.89,4108,4108
SZ,002553,-1.41,4107,5665
SH,603966,-0.38,4105,4111
SZ,002520,0.7,4103,4291
SZ,002876,-0.25,4103,4790
SZ,003019,0.76,4101,4197
SH,600227,-0.62,4101,5420
SH,688061,0.06,4101,4101
SZ,002321,1.05,4099,4116
SH,603072,-0.89,4097,8578
SZ,002843,0.55,4093,4118
SZ,002560,-0.46,4091,4749
SH,603167,-0.68,4090,4090
SZ,300091,0.81,4088,7105
SH,600135,1.09,4088,4088
SZ,301370,0.12,4084,4084
SH,605055,2.65,4083,4083
SZ,301282,1.58,4082,4876
SH,688530,14.15,4082,9362
SH,603271,0.07,4080,8549
SZ,000518,1.8,4076,4077
SZ,002177,1.85,4076,4597
SH,688595,-0.63,4076,4076
SZ,000599,0.81,4075,12191
SZ,301168,-0.14,4074,5130
SZ,002758,-0.25,4073,4077
SZ,300246,0.0,4073,5096
SH,603790,-0.7,4072,4072
SH,600261,0.33,4071,4071
SZ,300248,-1.19,4069,4739
SH,603121,-0.41,4069,4069
SH,600479,-0.21,4063,4779
SH,600792,3.68,4062,4062
SH,605268,0.0,4061,4061
SH,688633,0.89,4057,4057
SH,688558,2.26,4055,4055
SZ,300320,-0.24,4052,5020
SH,603085,2.62,4050,4050
SH,603088,-1.49,4050,4647
SH,603519,-2.87,4050,4050
SZ,002512,-3.14,4049,4078
SZ,300481,0.22,4049,4074
SZ,301187,0.63,4048,4048
SZ,300705,-0.64,4043,5468
SH,688571,9.41,4042,4042
SZ,300557,1.1,4039,4060
SH,603081,5.64,4039,4039
SH,600727,1.46,4038,4038
SH,603429,-0.9,4038,4038
SH,603035,-0.45,4037,4037
SZ,300668,1.3,4036,4874
SH,688489,2.22,4035,4066
SZ,000428,-3.41,4034,4034
SZ,002005,-1.29,4029,4030
SZ,002328,2.02,4029,5448
SZ,300022,2.26,4027,4028
SZ,300882,-1.5,4026,4327
SZ,301115,2.62,4025,4951
SH,688039,-0.14,4023,4023
SH,603679,4.14,4021,4021
SZ,300421,-0.68,4018,5130
SZ,300355,-0.68,4016,4716
SZ,301277,-1.25,4014,4014
SZ,002886,1.48,4012,5050
SZ,000520,0.51,4007,4007
SZ,300004,0.24,4007,4007
SZ,301102,1.23,4007,4007
SH,603178,-3.91,4007,4007
SH,688768,0.07,4005,4038
SZ,300588,-0.79,4003,4334
SZ,301169,2.74,4001,4003
SZ,300606,4.1,4000,4703
SZ,002160,-0.51,3999,4007
SZ,001316,-0.37,3998,4285
SZ,300571,-1.59,3997,4823
SH,600725,0.93,3993,3993
SZ,000782,1.2,3992,5190
SZ,301008,2.1,3990,4519
SH,603956,1.16,3989,3989
SZ,300183,0.37,3984,4968
SZ,300643,-1.43,3983,3992
SZ,002644,0.78,3978,3978
SZ,002950,-0.64,3978,5864
SH,603933,0.79,3978,3978
SZ,300590,2.12,3971,5130
SZ,002449,0.0,3970,3970
SZ,000096,0.52,3964,4097
SH,603716,4.59,3964,3964
SH,600127,9.98,3959,3959
SZ,002772,1.43,3957,3991
SH,605286,0.04,3956,3956
SH,688168,3.21,3956,3956
SH,603719,-0.1,3955,3955
SH,600857,2.56,3952,3952
SH,603967,-0.96,3952,3952
SZ,301280,0.66,3950,7607
SZ,300380,0.36,3949,4292
SZ,002040,-0.73,3946,3946
SH,603315,0.16,3946,3946
SH,603324,2.63,3944,4082
SZ,300686,1.13,3943,3969
SZ,000919,0.16,3942,3943
SZ,300654,-10.56,3942,4093
SZ,301376,-1.12,3938,8186
SH,603615,2.52,3936,3936
SZ,002930,1.34,3935,4158
SH,603090,0.38,3935,3935
SH,600729,-1.02,3934,9002
SH,603607,-0.09,3930,3930
SH,688133,9.18,3930,3930
SH,688588,1.51,3927,3927
SH,600628,0.33,3926,3926
SH,688807,0.45,3921,19608
SH,601368,0.45,3920,3920
SZ,300712,-1.22,3917,3934
SH,688459,0.12,3916,3916
SZ,301116,-0.34,3915,3915
SZ,000882,-0.69,3911,3914
SZ,301517,1.7,3910,6061
SH,603261,-1.39,3910,3910
SZ,300231,-1.01,3909,3909
SH,600798,-0.31,3909,3909
SZ,300349,-1.4,3907,4409
SH,603689,0.0,3904,3922
SZ,002116,-0.28,3903,3951
SH,600469,-0.37,3902,4761
SH,688211,-0.23,3900,3900
SZ,300332,0.42,3899,4068
SH,603138,-0.22,3895,3966
SH,688247,0.82,3889,3889
SZ,300177,0.63,3886,4770
SZ,002612,2.42,3883,6751
SZ,300629,0.9,3882,4502
SZ,002693,-0.74,3879,3914
SH,603239,-2.05,3876,3876
SZ,300010,-3.72,3875,4815
SH,603520,-0.9,3875,3875
SH,603676,1.48,3872,3872
SH,688238,-0.99,3871,3881
SZ,301016,-4.84,3869,4035
SH,605189,-3.28,3868,3868
SH,688590,0.37,3868,4298
SZ,000850,1.23,3867,3869
SZ,002197,0.84,3866,4447
SZ,300907,2.18,3866,3866
SZ,002688,1.97,3864,3978
SH,603113,1.34,3860,3860
SZ,000816,0.37,3857,3877
SZ,000822,0.47,3857,3857
SH,600067,0.36,3854,3854
SZ,300111,0.0,3848,3848
SZ,002564,0.9,3847,3847
SZ,300311,19.93,3847,4823
SZ,002088,0.26,3845,3871
SZ,300880,-0.46,3842,3842
SH,600526,-0.45,3841,3910
SH,688298,0.11,3838,3838
SZ,300873,0.49,3831,5278
SZ,301186,1.23,3830,4074
SH,603703,1.32,3830,3830
SZ,000523,-0.34,3829,5304
SZ,300055,1.0,3828,5062
SZ,002370,0.79,3825,3825
SZ,300553,3.05,3823,4988
SH,601113,0.58,3820,4685
SZ,001380,-0.3,3819,4444
SZ,002786,0.0,3819,3831
SZ,000906,-0.91,3814,3860
SZ,301003,3.19,3814,4931
SZ,002554,0.0,3813,3814
SH,603657,7.77,3808,3808
SZ,300351,1.9,3806,5619
SZ,300299,0.0,3805,3810
SZ,300318,-0.62,3803,3921
SH,600960,0.25,3802,3802
SH,603020,0.1,3797,3797
SZ,002766,0.91,3796,3809
SH,600520,2.66,3794,3794
SH,600527,0.46,3792,3792
SZ,002322,0.65,3788,3940
SH,603559,4.08,3788,3788
SZ,300317,-2.56,3779,3785
SH,603175,-0.85,3776,36295
SZ,002228,0.32,3773,3785
SH,600800,1.19,3773,3774
SH,605162,-0.58,3773,3773
SZ,000626,2.88,3772,3794
SZ,300508,2.63,3772,5012
SZ,000797,0.0,3769,3769
SZ,002035,-0.62,3769,4085
SZ,002589,-0.36,3769,4153
SH,600794,0.32,3768,3768
SH,600568,-0.44,3755,4483
SZ,002090,-1.15,3754,3777
SZ,002986,1.64,3751,4724
SZ,000505,5.89,3750,4310
SZ,300911,-2.93,3750,4013
SZ,301398,-4.64,3750,3847
SH,600734,-1.15,3745,3746
SZ,300758,-0.19,3741,4150
SH,600805,0.0,3741,3743
SH,603291,1.38,3741,3741
SH,688045,2.89,3741,3741
SH,688215,8.55,3740,3740
SZ,002584,2.44,3738,4670
SH,688136,-1.12,3738,3738
SZ,300494,3.42,3736,4600
SZ,300901,0.0,3732,3732
SZ,002305,4.37,3728,3728
SH,600333,0.66,3727,3727
SZ,002596,0.62,3726,3729
SH,605369,0.71,3725,3725
SZ,002187,-0.56,3721,3721
SZ,300448,0.87,3720,3917
SH,600824,-0.56,3720,3720
SH,601188,-0.7,3720,3720
SH,600262,9.99,3719,3719
SZ,001238,1.35,3715,3971
SZ,001269,-0.16,3711,3711
SZ,000532,-0.18,3710,3722
SZ,300559,1.71,3708,4762
SZ,002469,1.2,3707,3828
SH,600860,1.21,3707,4571
SH,688299,0.16,3704,3704
SH,605058,1.93,3701,3701
SZ,301038,-0.36,3700,3700
SZ,002669,0.41,3699,3707
SZ,300068,-0.23,3696,3889
SZ,002628,6.06,3693,3709
SH,600337,0.0,3693,3693
SZ,300572,0.0,3692,4664
SZ,002162,0.25,3691,3697
SH,600576,-1.24,3691,5894
SZ,002677,0.45,3689,4322
SH,603038,1.86,3686,3686
SH,605337,-0.63,3686,3686
SZ,002562,-0.88,3685,5176
SZ,300044,-3.01,3684,3933
SH,603926,0.25,3684,3718
SH,600721,9.99,3683,3683
SH,603126,0.17,3681,3681
SH,600830,0.5,3680,3680
SH,688199,2.79,3680,3680
SZ,300933,-1.61,3676,3676
SZ,300096,-0.81,3672,3672
SZ,301085,-1.81,3672,5409
SZ,300200,0.23,3671,3732
SZ,301373,4.11,3670,9708
SZ,300471,-0.71,3668,4602
SH,605378,0.0,3666,3666
SH,688600,-0.8,3666,3666
SZ,300424,0.85,3662,3664
SZ,300809,-0.16,3658,6161
SZ,002095,0.21,3652,3666
SH,600506,1.25,3652,3652
SZ,002016,-1.1,3649,3649
SZ,000903,0.53,3648,3676
SZ,002333,2.05,3645,3691
SZ,301310,8.9,3641,11402
SH,603232,0.38,3636,3655
SH,603579,0.11,3631,3631
SH,603316,2.08,3630,3709
SH,688148,1.14,3627,3627
SZ,002676,-0.2,3621,3621
SH,603139,3.78,3620,3620
SZ,002457,-2.25,3619,3621
SZ,002609,0.64,3615,5070
SH,688075,-0.07,3611,3611
SZ,000713,1.73,3610,4693
SZ,301201,6.61,3608,5142
SZ,300402,1.09,3607,3654
SH,603706,0.95,3607,3607
SH,603639,0.19,3606,3709
SZ,300611,0.37,3600,5124
SZ,300434,-0.85,3599,4226
SZ,300120,1.49,3597,3917
SZ,300414,0.61,3596,3739
SH,603105,-1.51,3595,3595
SZ,300639,-0.7,3592,3685
SZ,301026,4.42,3591,4972
SZ,000659,0.72,3587,3587
SZ,300478,1.36,3586,3586
SZ,000889,5.1,3583,3857
SH,600579,0.69,3583,3583
SH,603199,0.06,3583,3583
SH,688212,-0.89,3583,3583
SH,603551,-0.11,3582,3627
SZ,300943,0.98,3575,5462
SZ,300194,-0.81,3573,4390
SZ,300736,2.21,3570,3662
SZ,300894,0.66,3567,4912
SH,688533,-0.87,3567,3567
SH,688606,0.56,3567,3567
SZ,000407,0.99,3564,3581
SZ,300099,-0.65,3554,4504
SH,600156,9.95,3554,3554
SZ,002356,0.37,3553,3553
SZ,002369,10.0,3550,3554
SH,600980,1.68,3550,3625
SZ,301017,-1.29,3549,5564
SH,603665,-0.18,3549,3549
SZ,000862,0.36,3548,5186
SZ,002225,-0.53,3547,4335
SZ,200725,0.39,3547,189666
SZ,300522,3.85,3546,4346
SH,688785,3.07,3545,17724
SH,603109,-0.88,3544,3544
SH,603390,0.7,3542,3548
SH,600581,0.0,3540,3540
SH,601599,-0.33,3539,3539
SH,688569,0.06,3537,3537
SH,688607,6.39,3537,3929
SZ,001400,4.38,3536,6425
SZ,300213,1.43,3534,3803
SZ,300399,1.13,3534,3535
SZ,300652,0.1,3534,3937
SZ,300533,-1.86,3531,5018
SZ,301609,-2.94,3531,5858
SH,605388,-1.51,3530,3530
SH,688033,-0.95,3530,3530
SZ,000965,0.32,3529,3529
SZ,002474,3.42,3522,4143
SZ,002849,4.14,3521,3550
SZ,000716,0.84,3516,3598
SZ,002425,10.09,3515,3654
SH,600834,0.41,3513,3513
SZ,000726,0.34,3506,4864
SH,603569,-0.17,3506,3506
SH,688157,-0.37,3506,3506
SH,603566,-1.55,3505,3505
SZ,300781,-2.0,3504,4749
SZ,001257,-0.35,3503,46963
SZ,300190,-1.07,3503,3517
SZ,301112,-0.72,3503,3503
SZ,002339,-1.08,3494,3679
SZ,300822,-5.4,3493,3766
SZ,301051,4.88,3493,4397
SZ,300962,-0.45,3492,3492
SZ,002973,10.01,3491,4491
SZ,301076,-0.74,3490,5220
SH,605158,1.19,3487,3487
SH,605186,3.01,3487,3487
SZ,301630,0.84,3486,9307
SH,603313,4.44,3486,3486
SZ,002412,0.0,3484,3522
SZ,301322,-0.25,3484,5166
SH,688398,0.34,3477,3477
SZ,000509,2.53,3476,3476
SZ,301096,0.82,3476,4570
SZ,301421,3.09,3476,8686
SZ,300419,6.54,3475,3475
SZ,002107,-1.14,3474,3509
SZ,300885,-0.67,3473,5161
SZ,301120,-3.21,3472,5738
SH,603798,3.52,3472,3472
SH,601033,-1.36,3470,13014
SZ,002783,0.53,3467,3754
SZ,002582,-0.98,3466,4508
SZ,301259,-0.17,3466,5406
SH,603101,0.82,3466,3466
SZ,300879,2.25,3465,3489
SZ,301408,2.3,3464,6052
SZ,301110,-1.09,3463,4924
SZ,301246,2.11,3462,8144
SH,603813,-0.18,3460,3460
SZ,002462,0.42,3459,3462
SZ,300021,1.02,3458,4048
SZ,300427,-2.0,3455,3493
SH,688098,0.48,3453,3453
SZ,002822,1.57,3452,6298
SZ,301656,-0.94,3451,40761
SZ,300812,0.62,3448,3800
SZ,300521,0.04,3447,3491
SZ,000926,1.39,3445,3488
SH,603014,0.83,3445,14182
SH,605398,0.33,3443,3443
SZ,001216,-1.2,3440,4090
SZ,002927,0.39,3440,3479
SZ,301479,-1.09,3440,6010
SH,688399,0.8,3440,3440
SZ,300622,-2.29,3436,5027
SZ,300056,3.0,3435,3438
SZ,002686,10.05,3434,3720
SH,603116,1.02,3434,3434
SH,605566,4.76,3433,3433
SZ,300840,1.15,3431,4651
SZ,200429,0.2,3428,20552
SH,600503,0.94,3428,3428
SH,605068,-3.69,3428,3428
SZ,300069,3.76,3424,3424
SH,688339,-1.24,3422,4204
SZ,300551,2.75,3421,3431
SH,688750,-1.21,3421,6794
SZ,300078,0.33,3418,3431
SZ,003037,1.06,3414,3414
SH,603357,0.16,3413,3413
SZ,000037,-0.4,3412,6069
SZ,301315,-0.26,3410,3410
SH,605303,-0.28,3410,3410
SH,688680,-1.74,3409,3409
SZ,002374,1.29,3407,3407
SH,688602,-1.06,3407,3407
SZ,000007,2.83,3402,3402
SH,688286,0.95,3401,3401
SZ,301289,-0.14,3399,3421
SH,688302,0.15,3396,3396
SZ,002912,-5.72,3395,3573
SH,600318,1.07,3394,3394
SH,688259,0.83,3392,3392
SZ,000721,0.91,3391,3799
SZ,301175,-0.18,3389,8021
SH,688283,1.46,3389,3389
SH,600354,8.08,3388,3388
SH,601366,0.0,3387,3387
SZ,300453,-1.47,3386,4912
SH,603095,1.47,3383,3383
SZ,002037,2.49,3382,3382
SZ,000868,-0.83,3381,3382
SZ,300270,-2.19,3381,3924
SH,603815,-1.97,3379,3379
SH,603309,-0.77,3376,3376
SH,603351,3.44,3376,3376
SH,605066,0.3,3376,3376
SH,688522,-1.01,3376,8315
SZ,002269,0.7,3374,3618
SH,603396,-0.85,3374,3374
SH,603630,-0.86,3371,3371
SH,605399,4.03,3371,3375
SH,688163,1.73,3371,3371
SZ,301302,-0.78,3364,3773
SH,688053,0.93,3363,3363
SZ,301499,0.04,3360,3360
SZ,300545,0.75,3359,5211
SZ,301500,-1.02,3359,13084
SZ,002735,0.94,3357,4420
SZ,300370,0.47,3357,3365
SH,603007,-2.03,3357,4271
SH,600539,1.81,3355,3355
SZ,300729,-0.1,3354,3484
SH,600638,-0.2,3353,3353
SZ,002826,10.0,3352,3460
SH,603759,0.55,3352,3352
SZ,300473,0.18,3351,3845
SZ,002055,1.81,3350,3409
SH,603577,-1.3,3350,3350
SH,600229,-0.2,3349,3349
SZ,300050,5.67,3348,3350
SZ,300656,1.78,3345,4307
SH,688636,1.21,3344,3344
SZ,300040,-2.56,3342,4156
SH,600843,0.56,3340,5077
SZ,000736,0.45,3339,3339
SZ,002362,-0.92,3338,3930
SZ,002791,0.2,3335,5421
SZ,301033,-1.2,3335,3968
SZ,000514,1.02,3332,3332
SZ,000701,1.42,3332,3334
SH,603948,0.94,3331,3331
SH,603648,0.88,3326,3326
SZ,301311,1.99,3324,3324
SZ,300241,-0.54,3323,3963
SZ,300664,0.0,3321,3448
SH,603898,3.27,3320,3320
SH,601999,0.33,3316,3316
SH,603051,2.4,3316,3316
SH,605136,0.36,3315,3315
SH,605588,3.09,3315,3323
SZ,002094,0.42,3314,3316
SH,605077,1.1,3314,3354
SZ,300225,2.78,3313,3337
SZ,300407,0.55,3313,4430
SZ,002395,0.16,3312,3312
SZ,300132,-1.66,3312,3368
SH,605108,0.31,3312,3312
SZ,300160,0.0,3307,3354
SZ,301468,2.39,3305,5734
SZ,003029,10.03,3303,3632
SZ,300466,0.0,3303,3941
SH,603811,-0.14,3303,3303
SZ,300385,0.53,3301,3784
SZ,002571,3.17,3299,4334
SH,600865,-0.23,3299,3299
SZ,000803,1.13,3296,3343
SH,688813,0.6,3296,17536
SZ,300848,0.77,3293,5566
SZ,301682,-1.4,3293,15586
SH,603535,-0.62,3290,3290
SZ,301617,-2.17,3289,8287
SH,688443,-2.05,3289,8411
SZ,300746,5.07,3288,3320
SH,600218,-0.53,3288,3288
SH,600467,0.45,3287,3287
SZ,000789,1.23,3285,3285
SH,600716,1.45,3285,3285
SZ,301199,-1.24,3284,3412
SH,600622,0.0,3284,3284
SH,600853,0.31,3284,3284
SH,688084,-1.21,3282,3282
SZ,002109,-0.39,3280,3280
SZ,003000,-0.56,3280,4802
SZ,300608,2.38,3278,3748
SH,600791,2.26,3274,3278
SH,600280,0.35,3272,3272
SZ,300504,2.6,3269,4059
SZ,300530,-4.18,3268,3268
SH,600679,0.11,3268,4710
SH,600822,-0.12,3264,4086
SH,688583,-4.62,3260,9356
SZ,002178,-0.65,3259,3261
SH,603201,-1.7,3258,3286
SZ,300801,-0.46,3256,5196
SZ,301193,0.34,3256,4258
SH,688579,0.74,3256,3256
SH,688229,3.28,3254,3254
SZ,000546,-1.27,3253,3631
SZ,301551,-2.09,3250,8412
SH,600293,0.36,3248,3248
SZ,002646,0.0,3245,3267
SH,600749,2.22,3243,3243
SH,603278,0.64,3243,3243
SH,600192,-5.78,3242,3242
SH,688030,3.51,3242,3242
SZ,301213,-2.67,3240,5013
SZ,002021,0.0,3239,3239
SZ,300721,6.85,3238,3859
SH,600053,0.27,3238,3238
SZ,000488,-2.05,3235,5618
SH,603958,2.72,3233,3233
SH,688358,0.35,3233,3238
SH,600228,0.52,3232,3237
SZ,002672,-0.56,3231,3945
SH,600653,0.0,3230,3230
SZ,001215,1.22,3228,3237
SZ,300352,1.61,3228,3668
SZ,300578,-0.85,3228,3229
SH,603656,-0.23,3228,3228
SZ,002818,0.0,3227,8098
SZ,002801,-1.49,3226,6397
SZ,300051,10.3,3225,3266
SH,688171,-0.33,3225,3225
SZ,002451,0.27,3223,3234
SZ,000607,-0.82,3221,3704
SH,603817,0.36,3220,3220
SZ,002199,1.38,3219,3393
SH,688722,-0.49,3218,3218
SH,600130,-0.69,3217,3217
SH,603230,-0.11,3217,3217
SH,603258,-0.82,3217,3236
SZ,301060,-0.33,3216,3576
SH,600052,-0.26,3216,3216
SZ,301226,2.32,3215,3215
SZ,301613,-2.17,3215,5513
SZ,300310,3.56,3214,4099
SZ,300936,2.26,3214,5097
SZ,300948,2.63,3214,3405
SZ,002485,10.07,3209,3209
SZ,300683,-1.57,3209,3441
SZ,300749,4.03,3207,4181
SZ,001217,-0.2,3206,3239
SH,600512,0.0,3206,3206
SZ,300609,3.49,3204,3209
SZ,300125,0.0,3203,5912
SZ,300550,-0.57,3202,3205
SZ,002548,0.0,3201,3296
SH,603856,-0.87,3201,3201
SZ,300243,2.21,3200,4000
SZ,300836,0.92,3200,4675
SZ,200550,-1.06,3199,8027
SH,603987,-0.41,3197,3197
SH,688216,4.51,3197,3443
SZ,300193,-0.13,3195,3629
SH,600327,0.28,3194,3194
SH,688682,1.03,3193,3193
SH,603725,3.25,3191,3191
SH,603903,2.21,3191,3191
SZ,301028,1.92,3190,4917
SZ,002667,10.04,3189,3512
SZ,000731,0.52,3188,3188
SZ,300552,-5.14,3188,5029
SZ,002845,0.71,3187,4173
SZ,002327,-0.31,3186,5411
SZ,301073,-0.33,3186,3484
SH,603500,0.1,3186,3188
SH,603999,-0.54,3185,3185
SH,688373,1.04,3182,3182
SZ,300515,-0.76,3177,3240
SZ,301223,0.18,3176,3176
SH,601616,-1.33,3175,3175
SZ,002441,-0.75,3172,4334
SZ,301136,0.26,3172,3175
SZ,300955,1.35,3167,3167
SH,603788,1.65,3167,3167
SZ,002365,1.25,3166,3804
SZ,300110,-0.74,3165,3168
SH,688071,-0.11,3165,3165
SH,688162,0.83,3164,3164
SH,605138,1.43,3161,3161
SZ,300932,-0.8,3159,4436
SH,603600,-0.1,3158,3158
SH,688317,-0.42,3158,3158
SH,603210,-1.02,3155,4615
SZ,002296,0.44,3154,3537
SZ,300234,-2.34,3154,4614
SZ,300867,-1.08,3152,4470
SZ,301696,-1.13,3152,41921
SZ,300386,19.96,3149,5250
SZ,002313,2.81,3148,3148
SH,688618,0.81,3142,3142
SH,603266,-0.38,3140,3140
SZ,301237,4.99,3139,4312
SH,688175,4.3,3138,3138
SZ,000890,0.67,3137,3137
SZ,000615,4.63,3136,6059
SZ,000691,-0.21,3135,4703
SH,605259,0.28,3135,3135
SZ,301270,-1.72,3133,3316
SZ,301111,3.05,3132,3132
SZ,301662,-1.83,3132,8147
SH,600731,-0.52,3130,3201
SZ,000788,-0.19,3128,3128
SZ,002175,-0.81,3128,3128
SZ,301082,-5.52,3125,3371
SZ,301568,3.43,3125,6779
SZ,002137,0.0,3124,4550
SH,688458,2.05,3122,3715
SZ,002933,1.37,3117,3133
SZ,300094,0.71,3117,3181
SZ,002355,2.02,3115,3369
SZ,003032,-6.65,3115,4406
SZ,301602,-1.39,3114,6399
SZ,300289,-0.35,3112,3117
SZ,301218,8.37,3112,5065
SH,603192,-1.5,3112,3733
SH,603527,1.76,3112,3112
SZ,002394,5.36,3111,3117
SZ,000151,1.1,3107,3540
SZ,300157,-2.97,3105,3252
SZ,300698,-0.61,3105,3510
SZ,300589,2.16,3103,5000
SZ,000421,-0.37,3101,3101
SZ,000576,1.85,3101,3120
SZ,300839,1.01,3100,3155
SZ,301257,-1.01,3100,3252
SH,688159,0.6,3099,3099
SZ,301348,0.56,3091,4766
SZ,001318,-0.82,3089,3089
SH,603330,5.42,3086,3283
SZ,002575,-0.75,3085,3255
SZ,003002,1.02,3084,3374
SH,600719,0.4,3083,3083
SH,603637,0.54,3083,3083
SZ,301132,3.3,3082,4818
SZ,301419,2.14,3076,4654
SZ,301020,1.65,3074,3074
SZ,002889,-0.41,3072,4618
SH,688081,-0.86,3072,3072
SZ,000931,0.49,3071,3080
SZ,002623,-0.44,3068,3075
SZ,000609,1.35,3067,3154
SH,688273,-1.23,3064,3064
SZ,001221,-1.63,3062,15936
SZ,300563,1.9,3060,4398
SZ,002012,1.55,3058,3058
SZ,300542,0.57,3057,3687
SH,600969,0.36,3056,3056
SZ,000802,-0.23,3055,3056
SZ,300247,-1.81,3055,3055
SH,603696,-3.49,3055,3055
SZ,301206,-0.85,3054,4744
SH,600530,-7.08,3053,3053
SZ,300135,0.61,3050,3050
SZ,300062,-2.49,3048,4189
SZ,002724,0.19,3043,4135
SH,603048,1.47,3043,3043
SH,603819,3.26,3037,3037
SH,601956,0.0,3033,3033
SZ,300927,-0.78,3031,3106
SH,688070,-0.61,3031,3031
SZ,300032,1.34,3027,3027
SH,688693,20.0,3027,5734
SZ,002829,-0.19,3026,4305
SH,600668,0.41,3026,3026
SZ,002542,-2.82,3025,3106
SZ,300603,-0.25,3025,3760
SZ,300833,2.93,3025,4709
SZ,300946,-0.47,3021,6218
SZ,300691,0.44,3019,3680
SZ,300877,3.97,3019,3019
SH,600738,0.25,3019,3022
SZ,300238,0.26,3017,3017
SZ,300187,-0.63,3016,3034
SH,688015,-0.62,3015,3015
SZ,300011,-0.17,3013,3596
SZ,000530,0.0,3012,4232
SZ,002899,4.41,3012,3012
SZ,300826,2.39,3012,3131
SZ,301251,20.01,3010,7510
SH,688280,-2.53,3008,3411
SZ,300818,0.28,3006,4640
SZ,300864,-0.11,3003,3003
SZ,300887,13.42,2998,4518
SH,688511,2.66,2997,2997
SZ,301448,-2.78,2996,4422
SZ,300798,-4.03,2994,3639
SZ,002587,1.08,2993,3678
SZ,300600,-0.1,2992,2992
SH,688370,-0.64,2991,2991
SZ,002259,1.79,2986,2986
SZ,300052,-3.55,2985,2985
SH,600322,0.75,2985,2985
SZ,002286,0.25,2983,3066
SZ,301172,1.01,2983,4032
SZ,000798,1.62,2981,2981
SZ,300889,3.25,2980,4483
SH,600470,-0.52,2978,2978
SZ,300560,3.65,2976,3657
SZ,002875,3.93,2975,2975
SZ,201872,-1.08,2975,41054
SH,603008,-1.34,2972,2972
SH,688335,1.36,2972,2972
SZ,300333,0.0,2969,2980
SZ,002282,0.0,2964,3092
SZ,300537,3.17,2963,4046
SH,600684,-0.29,2961,3838
SZ,300329,0.86,2960,2968
SZ,300816,2.03,2959,4056
SH,688152,1.5,2958,2958
SZ,002086,0.0,2957,3663
SZ,002878,-0.56,2955,3282
SZ,003020,0.98,2954,4000
SH,688557,0.15,2953,2953
SZ,002921,-0.3,2951,3423
SZ,300982,-0.52,2951,3150
SZ,001229,-5.48,2950,5737
SZ,300973,-2.39,2949,4213
SZ,300875,-0.56,2948,3353
SZ,001311,2.59,2947,6716
SH,688391,0.08,2944,2944
SH,603739,1.04,2942,2942
SZ,300908,0.0,2941,3480
SZ,301068,1.24,2938,4139
SH,603722,1.92,2938,3000
SZ,000710,-3.05,2936,3149
SZ,002811,0.78,2936,3199
SH,603949,0.87,2936,2943
SZ,300869,0.18,2935,4472
SH,600712,-3.88,2935,2968
SZ,301600,-1.91,2932,9501
SZ,300831,-2.52,2931,5084
SH,600838,-0.54,2930,2930
SZ,000068,1.04,2929,2929
SH,603335,2.24,2928,2928
SZ,300321,3.64,2926,2929
SZ,002347,0.34,2925,2992
SZ,300860,0.53,2925,5039
SZ,300148,1.7,2922,3026
SZ,002692,0.49,2921,2922
SZ,002903,4.74,2921,4291
SZ,300716,3.99,2921,2921
SH,603808,1.77,2920,2920
SZ,300266,1.08,2919,2921
SH,600620,0.47,2918,2918
SZ,002148,1.41,2917,3615
SH,605218,1.11,2917,3328
SZ,002823,-0.22,2915,4373
SH,603001,3.71,2915,2915
SZ,301066,-0.56,2913,2936
SZ,001256,2.25,2912,3884
SZ,301133,0.5,2911,3182
SZ,002168,-2.37,2909,2909
SZ,300086,0.46,2908,3003
SZ,001210,4.76,2905,4781
SH,688077,2.88,2905,2905
SZ,301042,5.6,2904,3046
SZ,003015,6.72,2902,3302
SZ,300511,0.95,2899,3402
SZ,000668,-0.1,2898,2898
SZ,300830,-0.23,2895,3879
SZ,000910,1.15,2894,2895
SZ,301313,-0.59,2894,3812
SH,603655,3.13,2894,2894
SZ,002521,-0.86,2892,3864
SH,603896,-0.41,2892,2892
SH,603310,1.29,2890,5145
SH,600408,3.61,2889,2889
SZ,300242,0.66,2887,2887
SZ,300163,1.61,2885,2995
SZ,002795,1.22,2884,2932
SZ,002798,1.45,2883,3278
SZ,301151,6.49,2880,2883
SZ,002981,-0.17,2879,3233
SZ,300862,0.0,2879,3509
SH,600665,9.9,2877,2877
SH,605089,3.32,2877,2877
SH,688292,2.54,2872,2872
SZ,000892,-1.22,2871,3963
SZ,002996,-0.32,2869,4190
SZ,300237,0.0,2869,2869
SH,605500,2.06,2867,2867
SZ,002725,1.68,2865,2946
SZ,002314,1.42,2864,5794
SH,600212,-2.18,2863,3795
SZ,301260,-1.13,2862,6737
SH,603458,1.85,2862,2862
SZ,300510,-1.14,2861,2861
SZ,300239,-0.41,2860,2879
SZ,301266,-0.85,2860,3015
SH,688338,0.56,2860,2860
SZ,002278,0.0,2859,3097
SZ,300890,-0.15,2857,3125
SZ,002726,2.94,2856,2858
SZ,301273,4.8,2855,3721
SH,600265,-0.18,2854,2854
SH,605169,0.6,2854,2854
SZ,001388,-2.69,2850,5325
SH,600215,0.16,2850,2850
SH,688056,-1.22,2849,2849
SZ,002224,1.15,2846,3184
SH,600630,0.45,2846,2846
SH,600844,-0.57,2846,3517
SZ,002403,1.92,2843,3259
SZ,002186,0.76,2840,2842
SZ,300501,0.69,2838,2848
SH,688255,0.78,2835,2835
SZ,002331,0.86,2834,3020
SZ,301197,1.44,2834,3141
SZ,001218,2.78,2833,3176
SZ,000978,-0.49,2832,2832
SZ,000897,-0.57,2830,2830
SZ,300404,0.0,2829,3822
SZ,000695,-1.01,2828,2954
SH,601112,-0.64,2828,26940
SH,605080,-0.4,2822,2833
SZ,001299,1.12,2820,3132
SZ,002323,-2.21,2820,2820
SZ,002722,-0.78,2819,2819
SZ,301305,-0.13,2817,5482
SH,600136,1.4,2817,2959
SZ,300858,-0.14,2816,3791
SZ,300945,-0.76,2816,3092
SH,603006,1.75,2814,2814
SZ,300410,2.68,2812,2812
SZ,301158,-0.2,2812,2884
SZ,002357,0.34,2811,2811
SH,600249,0.39,2810,2810
SH,603955,0.98,2810,2810
SZ,300381,-0.68,2808,2818
SZ,300479,1.57,2808,2809
SZ,301525,-0.73,2806,5358
SZ,002689,1.13,2805,2806
SH,688687,-1.14,2805,2805
SZ,002248,1.67,2804,2804
SH,603878,0.2,2800,2800
SZ,301234,-2.61,2799,4738
SZ,002866,-0.9,2794,4464
SH,600405,4.11,2794,2794
SH,603838,2.46,2793,2793
SZ,002659,-6.8,2787,2787
SZ,002923,-0.83,2787,3616
SH,688265,-0.56,2787,2787
SZ,002476,0.89,2784,2784
SZ,002616,-0.42,2784,4072
SZ,301148,-1.5,2783,5507
SH,600616,0.73,2783,2783
SH,603829,-0.53,2782,2782
SZ,003016,0.3,2781,2846
SH,600876,0.57,2781,4539
SH,603280,-0.12,2781,2781
SZ,301608,-2.67,2780,6194
SZ,000570,0.0,2778,3528
SZ,300447,0.73,2778,4306
SZ,300175,0.0,2777,2777
SZ,000159,0.35,2773,2773
SH,688285,0.82,2773,2773
SZ,300810,0.5,2772,2870
SZ,301081,3.7,2770,2884
SH,600735,1.4,2769,2791
SZ,002054,0.7,2768,3476
SH,600594,-0.84,2768,2768
SH,603970,0.19,2768,2768
SH,688570,-0.68,2768,6369
SZ,300345,0.7,2767,3348
SZ,301439,-0.66,2767,5875
SZ,002663,0.62,2765,2791
SZ,002578,1.26,2764,3013
SZ,300449,2.43,2764,2764
SZ,000809,2.13,2763,2763
SZ,300389,0.32,2762,4646
SZ,002561,0.3,2760,2768
SZ,002846,-0.75,2760,4456
SZ,300154,3.3,2760,3938
SH,600785,-0.23,2760,2760
SZ,300615,19.97,2758,3477
SZ,003007,-2.01,2757,4542
SH,688314,0.72,2757,2757
SZ,301622,-0.86,2755,4939
SZ,002962,1.39,2750,3835
SZ,002917,1.25,2748,3667
SH,688369,0.46,2747,2747
SZ,300279,0.18,2741,2753
SZ,301255,0.2,2741,3124
SZ,002547,-2.36,2739,2797
SH,603037,-0.1,2738,2742
SH,603585,0.3,2737,2783
SH,605166,1.16,2735,2735
SH,600419,-0.35,2732,2732
SZ,002953,0.0,2731,4773
SZ,300795,-5.08,2731,4692
SZ,003025,0.25,2728,3421
SH,603518,0.25,2728,2738
SZ,300584,-1.51,2724,3981
SZ,300384,-0.32,2722,3946
SZ,300920,4.82,2721,4097
SH,688137,-1.72,2721,2721
SZ,000017,-0.48,2719,4252
SZ,000529,1.06,2718,2784
SZ,300095,0.83,2716,3372
SH,603617,2.03,2714,2736
SH,603042,3.34,2713,2713
SZ,300998,4.52,2711,3453
SZ,301281,3.24,2710,4136
SZ,300942,3.08,2709,2709
SZ,002072,2.65,2708,2709
SZ,300789,2.7,2706,2789
SZ,000504,1.36,2705,2712
SZ,002404,0.85,2705,3326
SZ,002337,1.1,2704,2707
SH,688357,-1.17,2704,2704
SZ,002853,1.01,2702,3841
SZ,300374,-0.18,2697,2697
SZ,300425,0.25,2695,2701
SZ,002816,6.02,2693,2693
SZ,300218,3.58,2692,2701
SZ,300359,-5.56,2691,2691
SH,600624,2.33,2690,2690
SH,688500,0.06,2690,2728
SZ,301149,1.54,2686,4416
SH,603030,0.49,2686,2686
SH,603237,-1.74,2685,2773
SZ,002022,0.77,2684,2685
SH,603161,-2.29,2683,2735
SZ,301296,0.0,2682,2682
SH,603189,3.54,2682,2682
SH,688529,3.37,2682,2682
SH,603159,3.07,2681,2681
SZ,002905,0.92,2680,2886
SH,603036,1.72,2680,2680
SZ,002863,1.59,2679,2679
SH,601996,0.42,2678,2678
SZ,002363,0.47,2677,2684
SZ,301092,0.94,2677,5910
SH,600386,0.0,2677,2677
SH,603633,1.79,2676,2676
SZ,300577,2.23,2674,4511
SH,603080,0.85,2674,2674
SH,603202,-1.5,2674,8521
SH,600661,-4.11,2673,2673
SZ,000812,1.15,2669,2669
SH,601798,0.13,2669,2669
SH,688066,-2.6,2667,2667
SZ,300162,0.65,2665,3267
SZ,300230,0.0,2664,3439
SH,600671,-0.82,2664,2664
SZ,000419,0.2,2663,2663
SH,603768,1.18,2662,2662
SH,605155,0.35,2662,2714
SZ,301181,3.18,2661,3409
SZ,001369,-1.76,2659,14704
SZ,002976,1.35,2659,4252
SZ,301202,-0.45,2658,4554
SZ,000698,1.5,2655,2769
SZ,001324,1.8,2655,2655
SH,600358,1.15,2655,6118
SZ,301631,-0.99,2654,7794
SH,603602,3.98,2654,2654
SH,603066,0.33,2653,2653
SZ,300020,-1.14,2652,2749
SZ,300445,0.05,2652,4008
SZ,002453,1.62,2651,3574
SZ,301535,-7.26,2647,6630
SH,603215,0.64,2647,3034
SH,688367,0.2,2647,2647
SH,688080,1.55,2646,2646
SZ,000972,1.78,2645,2645
SZ,300585,4.67,2645,2645
SH,600250,0.12,2643,2643
SH,688246,-1.34,2641,2641
SZ,002748,2.33,2640,2640
SH,600537,-3.46,2639,2639
SH,603107,-1.63,2637,4078
SZ,000838,0.0,2634,2751
SH,688479,-0.69,2632,6124
SH,603863,-1.46,2629,2629
SH,688316,-4.13,2626,2626
SZ,300631,1.51,2624,2698
SZ,002136,-0.57,2622,2629
SZ,300301,-0.9,2622,2755
SH,601010,0.0,2622,2622
SH,603895,-1.42,2620,2620
SZ,000019,3.28,2617,7249
SH,603586,0.68,2617,2617
SZ,300477,-2.94,2616,2830
SH,603839,-0.44,2616,2616
SZ,300653,-0.95,2615,2615
SZ,001223,-2.65,2613,4891
SZ,002712,0.21,2612,2628
SZ,300141,-1.91,2612,2645
SZ,002658,-0.82,2610,4628
SZ,300272,0.36,2610,3436
SZ,300366,3.58,2610,2989
SH,600538,1.43,2610,2610
SZ,300536,0.11,2604,2604
SZ,300591,0.68,2603,3014
SH,603779,2.75,2603,2603
SH,603017,0.75,2601,2601
SH,688589,-1.43,2601,2601
SH,688619,2.26,2601,2601
SZ,301221,-0.31,2598,3822
SZ,301190,-0.27,2597,3895
SZ,002769,0.87,2596,2598
SZ,300853,0.19,2596,3880
SZ,002599,-1.26,2591,3389
SZ,002952,2.08,2589,3232
SZ,301222,-0.41,2589,3408
SH,603628,0.0,2585,2590
SZ,002613,0.0,2584,3675
SZ,300288,0.5,2578,3396
SZ,300097,8.66,2575,2752
SZ,001300,-0.66,2574,2574
SZ,300025,6.29,2568,2579
SH,603801,1.03,2567,2567
SH,688727,11.58,2566,21342
SH,603677,0.3,2563,2563
SH,600793,0.14,2561,2561
SH,600892,10.1,2561,2562
SZ,301393,-1.0,2559,6286
SZ,000565,0.51,2558,2558
SZ,300991,2.51,2558,3998
SH,601007,0.15,2558,2558
SZ,300647,0.54,2557,2560
SH,603886,0.66,2556,2556
SZ,002103,-2.23,2553,3515
SZ,000153,0.91,2551,2583
SZ,300952,-1.21,2551,4148
SZ,002869,0.75,2545,2858
SZ,301337,-0.95,2544,2600
SZ,301565,-4.83,2544,7952
SZ,301380,-2.9,2542,3192
SZ,002388,2.24,2540,2563
SZ,300439,-0.11,2540,3339
SZ,300334,2.56,2537,2537
SH,600257,1.94,2531,2531
SZ,300730,1.66,2530,2951
SZ,002813,-0.28,2529,2532
SH,605266,0.55,2528,2528
SH,688129,-0.1,2526,2526
SH,603828,0.24,2520,2520
SZ,300264,0.15,2514,2925
SZ,301046,0.78,2514,3255
SZ,300636,0.74,2512,2872
SH,600381,3.13,2512,2512
SZ,001282,-2.72,2510,3652
SZ,002682,0.0,2508,2508
SZ,002983,0.88,2508,4366
SZ,300269,0.63,2507,2609
SZ,300250,-2.03,2506,3402
SH,688765,-1.02,2503,12437
SZ,000545,-0.78,2502,2506
SH,603320,1.39,2501,2501
SH,603488,1.18,2499,2499
SZ,300173,2.72,2498,2498
SZ,001333,-0.61,2496,2496
SH,688455,1.78,2496,2496
SH,600858,0.84,2494,2506
SH,603331,3.09,2492,2492
SZ,300562,-1.39,2490,3261
SH,600289,-5.78,2490,2776
SH,600992,2.63,2490,2490
SZ,300849,8.04,2489,3387
SZ,300485,-0.66,2488,4378
SZ,002172,0.0,2486,2488
SH,600356,-0.24,2485,2741
SZ,000707,0.45,2483,2637
SZ,301669,-1.43,2482,14548
SZ,300582,1.36,2481,3343
SZ,301025,-1.1,2480,3582
SZ,002861,2.23,2479,3075
SZ,301119,0.43,2478,3064
SZ,300354,1.57,2475,4210
SH,600560,0.09,2475,2475
SH,688468,0.33,2474,2474
SZ,002868,1.01,2473,3577
SH,688310,9.3,2473,2473
SZ,002700,2.37,2472,2498
SZ,300824,0.26,2471,2548
SZ,300555,-0.16,2470,2496
SZ,002879,-5.31,2468,3475
SZ,002871,-0.66,2467,4163
SZ,300365,-0.82,2466,2891
SZ,301262,-2.6,2465,8423
SZ,301002,0.98,2461,3907
SZ,300667,0.56,2459,2916
SZ,301178,-2.35,2458,3332
SZ,301397,2.87,2454,5367
SZ,301043,4.0,2452,2938
SH,605033,-0.38,2452,2452
SZ,002391,0.38,2450,3429
SZ,002593,0.23,2449,3512
SZ,002343,-0.58,2448,2448
SZ,300460,2.59,2448,2448
SZ,002442,0.2,2447,2506
SZ,300921,-0.07,2447,3881
SH,603076,1.1,2447,2447
SZ,002398,1.24,2446,2808
SZ,000014,-0.3,2444,2444
SZ,300103,2.8,2443,2445
SZ,301356,3.05,2442,4164
SZ,300452,0.41,2441,2881
SZ,002855,1.02,2440,2442
SZ,300978,-0.35,2440,3592
SH,603836,0.81,2440,2504
SZ,000826,-4.47,2437,2437
SZ,300701,0.84,2435,2700
SH,603289,0.97,2435,2435
SZ,301125,1.17,2434,2746
SZ,002330,0.26,2432,2433
SH,603059,0.62,2432,2436
SZ,301040,0.27,2430,2576
SZ,301592,3.17,2429,7280
SH,688244,2.62,2424,2424
SZ,000430,-0.46,2423,5295
SZ,002098,1.5,2423,2423
SZ,002574,0.88,2423,2423
SZ,301027,-1.48,2423,2940
SH,600573,-0.51,2422,2422
SH,605151,1.07,2420,2420
SH,603086,0.72,2417,2417
SZ,002729,0.44,2416,2519
SH,603818,2.92,2416,2416
SZ,300092,-0.69,2415,3152
SZ,301225,1.33,2414,7910
SH,603136,0.45,2414,2414
SH,603917,1.11,2413,2413
SZ,001376,-1.14,2412,5194
SZ,002496,0.0,2409,3075
SZ,002806,1.99,2407,2938
SZ,300805,-1.18,2407,3544
SZ,301106,1.14,2407,2407
SH,603373,0.21,2406,5696
SZ,002828,-3.47,2405,2405
SZ,300796,1.37,2405,2405
SZ,300988,-0.27,2405,2922
SH,605199,3.8,2404,2404
SZ,300281,3.24,2403,2534
SZ,300690,-0.46,2402,3559
SZ,000669,-1.67,2401,2401
SZ,301531,-1.41,2398,11239
SZ,002431,-2.92,2397,2397
SZ,301563,0.11,2397,10606
SZ,301658,-1.76,2397,10148
SZ,300993,-0.8,2396,3053
SH,600613,1.21,2396,2670
SZ,300426,0.5,2392,2693
SZ,002660,3.11,2390,2485
SZ,301279,1.5,2390,3087
SZ,301108,2.99,2387,4144
SH,600463,0.89,2385,2385
SZ,000635,0.93,2384,2561
SZ,002058,-1.54,2384,2389
SZ,002963,10.01,2379,2909
SH,603332,1.38,2379,2379
SZ,000790,0.26,2378,2382
SZ,002319,5.78,2377,2377
SH,605003,7.14,2376,2376
SZ,300546,10.14,2373,3300
SH,688560,-0.08,2373,2373
SH,600319,3.55,2372,2372
SH,603909,0.89,2372,2372
SZ,002184,-0.51,2367,3466
SH,600831,-0.6,2367,2367
SZ,002908,-3.03,2365,3171
SH,603375,3.66,2365,3733
SH,605258,3.5,2365,2365
SH,603797,1.23,2364,2364
SZ,003023,3.74,2362,2367
SZ,300987,-0.66,2361,2361
SZ,300198,0.88,2360,2372
SZ,301122,-0.16,2356,3807
SZ,002576,-0.82,2354,2398
SZ,000715,0.41,2353,2615
SZ,001219,0.32,2352,2411
SZ,300275,0.7,2350,2667
SZ,300956,2.57,2348,2404
SZ,000554,1.4,2346,3117
SZ,300965,0.72,2346,2602
SZ,301665,0.0,2346,10138
SZ,300891,1.15,2344,2812
SZ,300658,1.63,2343,3530
SH,600359,2.16,2342,2342
SH,603721,-0.94,2340,2340
SZ,301185,0.0,2339,2588
SZ,002887,5.18,2337,3292
SZ,300172,-1.32,2337,3024
SH,600753,4.32,2337,2337
SZ,000752,0.34,2336,2336
SZ,301528,5.71,2336,4534
SZ,300422,2.03,2335,2413
SH,603307,0.8,2335,2373
SZ,300211,4.69,2334,2376
SZ,300898,-0.59,2332,2520
SZ,000055,0.58,2331,3704
SZ,300771,1.73,2331,2959
SZ,301118,3.97,2329,2421
SZ,301195,-0.15,2329,3509
SZ,301283,-0.51,2327,2961
SZ,301059,0.18,2325,2602
SH,603557,-0.27,2325,2325
SZ,300340,0.0,2324,2341
SZ,002661,0.0,2322,2438
SZ,002932,-0.07,2322,3459
SH,603937,2.49,2322,2322
SH,688201,1.95,2321,2321
SZ,001201,1.05,2320,2969
SH,603787,-0.3,2317,2317
SZ,002069,0.93,2315,2318
SH,603188,1.25,2314,2314
SH,688501,0.23,2311,2311
SZ,002114,0.56,2309,2309
SH,688113,2.08,2309,2309
SH,688178,0.85,2307,2307
SZ,001368,0.14,2304,2411
SZ,002767,2.43,2304,2655
SZ,300235,-4.14,2303,2854
SH,603180,1.22,2303,2303
SZ,301317,-0.41,2302,6933
SZ,301387,2.35,2301,5786
SH,600854,0.91,2301,2301
SH,605069,2.07,2301,2301
SH,688718,0.46,2300,2300
SZ,300694,1.53,2297,2300
SZ,300583,1.4,2295,2339
SZ,002377,1.15,2294,2409
SZ,002420,0.71,2294,2332
SH,600302,6.6,2290,2290
SZ,003001,-3.52,2289,3494
SH,603378,3.29,2288,2288
SZ,300512,1.58,2286,2889
SZ,000573,-2.7,2285,2304
SZ,002084,0.85,2281,2287
SZ,300411,-0.4,2281,3000
SZ,002397,0.0,2280,2632
SH,600239,1.43,2280,2280
SH,603407,1.41,2280,25904
SZ,000586,2.23,2278,2305
SH,600540,0.77,2278,2278
SH,603096,1.03,2278,2278
SZ,002890,4.91,2276,2395
SH,600187,0.71,2275,2275
SZ,300464,-0.16,2272,2990
SZ,300931,1.4,2271,2825
SH,603183,2.93,2271,2271
SH,603755,0.74,2271,2271
SZ,002775,1.56,2270,2523
SH,600533,3.35,2268,2268
SZ,000955,1.45,2266,2266
SZ,300513,0.28,2266,2267
SZ,300786,1.84,2266,2848
SZ,300829,-0.28,2266,3286
SZ,001205,-0.44,2264,2556
SH,603172,0.77,2263,2263
SZ,301088,0.17,2261,2741
SH,688597,1.36,2261,2261
SZ,300752,0.4,2260,3270
SZ,301072,-1.41,2260,3536
SH,600423,1.43,2260,2260
SZ,000692,10.13,2259,2259
SZ,002771,-0.54,2258,2714
SZ,002836,3.71,2253,2253
SZ,300612,-0.96,2253,2265
SH,603700,-2.42,2253,2253
SZ,300205,1.55,2249,2249
SZ,301628,1.06,2249,6082
SZ,002723,-2.21,2247,2356
SZ,300800,0.84,2244,2268
SZ,300565,3.58,2243,2454
SZ,301079,0.9,2238,3156
SZ,002492,1.63,2235,2276
SZ,300884,0.86,2235,2965
SZ,301258,1.54,2235,2300
SZ,301588,-1.17,2235,3623
SH,600232,1.49,2235,2235
SH,600833,2.46,2233,2233
SH,603285,10.0,2233,5737
SH,600281,1.17,2232,2232
SZ,301019,1.65,2230,3042
SZ,300940,1.29,2226,3148
SZ,300703,-0.22,2223,2411
SH,600182,-0.15,2223,4447
SH,688737,0.6,2222,2222
SZ,002852,0.65,2220,2672
SZ,001259,1.88,2217,3432
SZ,001367,0.28,2217,2777
SZ,300732,1.01,2217,2219
SZ,300808,0.7,2213,2979
SZ,002633,0.27,2206,2214
SZ,301011,-0.2,2205,2323
SZ,002763,-0.41,2201,2971
SZ,300649,2.27,2201,2747
SH,603117,1.1,2199,2199
SZ,300107,-0.31,2198,3562
SH,688581,-0.63,2197,4308
SZ,000548,0.46,2191,2191
SZ,001228,-1.47,2188,2845
SZ,002076,0.96,2188,2329
SZ,002234,1.11,2188,2533
SZ,002702,-1.24,2183,2645
SH,603193,-1.31,2183,8549
SH,688648,-0.66,2183,4271
SZ,301332,-1.44,2182,3803
SH,603102,1.04,2182,2182
SZ,002825,0.71,2181,2906
SH,688272,2.61,2179,2179
SH,603536,0.22,2176,2193
SZ,300780,4.71,2175,2967
SH,603377,6.36,2175,2175
SH,601083,-1.06,2174,14494
SH,603091,1.02,2172,7065
SH,603959,2.78,2172,2172
SZ,301596,-1.88,2170,5347
SH,603079,0.61,2170,2170
SH,603021,-2.31,2169,2169
SZ,301220,-0.61,2164,3135
SH,688721,2.91,2163,5237
SZ,301290,1.23,2162,2722
SZ,300165,1.18,2161,2546
SH,603023,0.0,2159,2159
SH,603151,1.45,2159,2159
SH,688038,6.91,2159,2159
SZ,001393,-2.24,2157,11197
SZ,300484,0.54,2157,2686
SZ,300922,-3.01,2155,2747
SH,688026,10.74,2155,2155
SZ,301117,1.03,2154,3363
SZ,002295,0.35,2153,2155
SH,600965,-0.38,2153,2153
SZ,300599,2.33,2151,4097
SH,688355,0.58,2151,2151
SH,600439,2.7,2150,2150
SZ,001365,-1.37,2149,19624
SH,605001,1.3,2149,2149
SH,603578,0.42,2146,2785
SZ,000679,3.26,2145,2145
SZ,301331,0.1,2144,2149
SH,600148,0.33,2143,2143
SH,600241,2.68,2142,2142
SZ,002857,0.73,2140,2175
SZ,300970,1.51,2140,2773
SZ,300980,1.21,2140,3005
SZ,301089,-0.21,2139,2992
SH,688517,-0.32,2136,2136
SH,688623,0.8,2136,5143
SH,688811,1.22,2135,11628
SZ,002671,1.31,2133,2173
SZ,300897,12.29,2133,3417
SZ,001390,0.96,2132,3590
SH,603262,5.69,2132,8176
SH,688251,0.66,2132,2147
SZ,002998,-0.25,2131,2795
SH,688060,4.74,2128,2128
SZ,300774,-0.38,2126,4259
SZ,002991,-0.96,2121,3960
SZ,300947,0.0,2119,2120
SH,603326,1.84,2119,2119
SZ,300710,1.1,2118,2825
SH,603238,1.19,2117,2117
SH,605336,10.01,2116,2116
SH,603176,1.1,2115,2176
SH,603381,-0.87,2113,3528
SZ,002732,1.05,2112,2122
SZ,002799,0.3,2112,2112
SH,603382,0.22,2112,3315
SZ,002848,0.24,2110,2132
SZ,001230,2.35,2109,3601
SZ,002614,0.21,2109,2981
SZ,300375,-0.25,2109,3026
SH,603321,0.66,2108,2135
SZ,300637,4.06,2106,2108
SZ,300673,-1.06,2106,3247
SZ,002253,-0.79,2105,2263
SZ,000757,3.13,2104,2104
SZ,002942,0.86,2104,2358
SH,603089,1.51,2102,2415
SZ,300778,0.1,2101,2101
SZ,002864,0.19,2099,2910
SZ,300013,-1.57,2097,2099
SH,603356,-0.51,2093,2093
SZ,001332,-0.29,2092,4816
SH,603880,-2.03,2092,2092
SZ,002329,-2.43,2091,2672
SZ,300989,-5.73,2091,2703
SZ,002918,1.35,2090,3990
SH,688197,-1.33,2089,4854
SZ,300665,0.1,2088,2199
SZ,300960,1.34,2086,2302
SZ,300719,0.17,2085,2951
SZ,300387,0.7,2083,2084
SZ,300597,2.4,2081,2090
SZ,300902,2.02,2079,3028
SZ,300335,-0.37,2074,2575
SH,600371,2.6,2074,2074
SZ,002666,0.49,2072,3262
SH,688156,2.24,2071,2071
SH,603329,1.93,2070,2508
SZ,002679,1.15,2069,2069
SZ,300295,3.01,2067,2339
SH,600615,0.55,2067,2071
SZ,002687,0.2,2066,2523
SZ,000590,1.29,2065,2066
SZ,300509,0.12,2058,2469
SH,600159,3.33,2058,2058
SZ,000953,0.72,2057,2057
SH,688203,1.2,2057,2057
SH,688426,1.38,2057,2062
SH,688613,0.2,2056,2056
SZ,300916,5.87,2055,3182
SH,603968,1.41,2055,2055
SH,603900,0.67,2052,2053
SZ,300350,0.69,2051,2444
SZ,301428,-1.04,2051,2907
SH,688132,1.43,2051,2051
SZ,000605,0.52,2048,2048
SH,600802,1.59,2043,2043
SZ,300240,0.9,2042,2088
SZ,301161,-0.34,2041,3174
SZ,301212,1.54,2040,2350
SZ,300074,0.27,2039,2041
SZ,300844,-0.44,2039,2115
SZ,300935,5.78,2039,2688
SZ,002995,-0.82,2038,3217
SH,688096,2.71,2038,2038
SZ,200581,-1.17,2037,11427
SH,688716,-0.14,2032,3536
SH,600287,2.42,2031,2031
SH,603825,3.75,2031,2031
SH,603616,2.52,2029,2044
SZ,002656,0.34,2025,2101
SZ,300176,0.77,2025,2025
SZ,002133,0.77,2024,2035
SZ,300966,2.76,2024,3044
SZ,000952,0.17,2022,2022
SH,600774,2.54,2022,2023
SZ,300753,-3.08,2018,2895
SH,605180,1.79,2017,2017
SZ,300941,9.55,2016,3335
SH,688013,0.65,2016,2016
SH,688118,0.05,2016,2016
SZ,002105,1.66,2011,2021
SZ,300659,3.21,2009,2765
SH,600097,1.58,2009,2009
SZ,300112,1.68,2007,2433
SH,688755,1.66,2007,2874
SZ,301299,-0.09,2004,2715
SH,603182,1.0,2004,2004
SZ,000020,1.28,2003,3131
SZ,300106,-0.42,2003,2003
SH,603982,0.17,2003,2154
SZ,000633,1.96,2002,2002
SZ,002762,2.16,1999,3349
SH,600807,1.6,1999,2246
SH,603922,4.3,1999,1999
SH,600128,0.87,1998,2038
SZ,002615,-0.9,1997,3700
SZ,300412,0.47,1997,2125
SH,603385,1.35,1994,1994
SH,603168,0.75,1992,2001
SZ,000909,2.02,1991,1991
SZ,001266,1.93,1991,3550
SZ,002893,0.62,1985,2581
SZ,301024,0.44,1985,2050
SH,600678,2.34,1985,1985
SZ,301208,0.77,1984,3604
SZ,301052,-0.16,1982,2446
SZ,301371,-1.09,1982,13221
SZ,002652,2.39,1976,1976
SZ,002900,-3.62,1973,3875
SZ,300854,3.84,1973,2420
SZ,002999,1.23,1971,1995
SH,603041,1.99,1967,1967
SZ,002742,0.27,1964,2565
SZ,002800,0.83,1964,2023
SZ,300817,-0.13,1964,3422
SZ,301077,2.44,1963,3496
SZ,300807,-1.02,1959,2566
SZ,002622,0.43,1957,1957
SZ,301103,-0.12,1957,2542
SH,600768,1.32,1956,1956
SZ,300423,0.17,1952,2915
SH,603282,0.69,1949,1949
SZ,300305,-3.04,1948,2274
SH,688193,-0.37,1948,1948
SZ,000985,2.39,1947,1947
SZ,300650,0.97,1947,2759
SH,600444,0.61,1947,1947
SZ,002524,0.53,1945,1968
SZ,002486,2.6,1944,1953
SZ,300881,0.59,1944,3726
SZ,001211,0.48,1942,2081
SZ,301318,0.05,1942,2820
SZ,002205,1.76,1938,1938
SH,688657,1.0,1937,3096
SZ,300543,1.98,1936,2371
SH,603810,1.91,1936,1936
SH,603208,0.83,1931,1931
SZ,301557,0.0,1930,4816
SZ,001260,1.95,1926,1926
SZ,300437,0.09,1926,2719
SH,600235,0.92,1925,1925
SH,600706,-0.66,1925,1933
SZ,300150,1.22,1924,2428
SZ,301198,0.17,1924,2004
SZ,301599,-1.29,1924,15183
SZ,001255,0.0,1920,2162
SZ,002909,1.61,1917,1965
SZ,300081,1.93,1916,1917
SZ,000995,-1.01,1914,1914
SZ,300396,1.15,1914,1917
SH,600238,-2.27,1914,1927
SH,603435,0.83,1914,24634
SZ,002856,2.39,1913,2089
SZ,300575,-0.36,1911,2641
SH,603270,6.84,1910,5918
SZ,001237,-0.87,1908,8120
SZ,002598,0.6,1908,2078
SZ,300967,0.73,1906,2866
SH,603506,1.0,1905,1905
SH,688420,0.14,1903,1903
SZ,300743,0.81,1902,2257
SH,603028,0.45,1898,1917
SH,600491,0.0,1896,1896
SZ,002968,0.34,1895,2013
SZ,300644,-0.05,1894,2377
SZ,301180,0.09,1894,4616
SZ,002873,1.28,1893,1928
SH,605177,0.18,1893,1911
SZ,300883,0.53,1891,1979
SH,600303,0.0,1890,1907
SZ,300906,-0.19,1887,2090
SH,600051,1.0,1887,1887
SH,605122,1.01,1887,1887
SH,600099,1.53,1886,1886
SH,600272,9.98,1886,3096
SZ,002715,1.41,1885,1885
SZ,301041,2.36,1885,2547
SZ,300254,0.36,1884,2132
SH,688616,0.67,1883,1883
SH,688395,-0.46,1880,1880
SZ,300717,2.45,1877,1894
SH,603718,0.0,1875,1884
SZ,002569,5.35,1873,1926
SZ,002778,0.66,1873,1893
SH,600847,-0.08,1873,1873
SH,688051,-1.1,1870,1870
SZ,001234,1.29,1868,2217
SZ,001360,-3.81,1867,3035
SZ,301335,-1.12,1866,2699
SH,603214,0.97,1866,1866
SZ,301309,2.63,1864,3094
SH,600202,1.46,1863,1863
SZ,000056,-1.44,1861,2436
SZ,002760,-0.23,1861,1861
SZ,301141,4.47,1861,5185
SH,688296,7.57,1861,1861
SZ,000705,0.76,1860,2205
SZ,001366,1.05,1860,1860
SH,603177,2.02,1858,1858
SZ,002551,0.0,1857,2570
SH,600107,-0.96,1857,1857
SZ,301227,9.17,1856,3302
SZ,000702,0.94,1854,1854
SZ,301556,3.97,1852,5359
SZ,301590,1.43,1852,4474
SZ,301056,5.62,1851,2806
SZ,002820,0.55,1847,1847
SH,600082,0.69,1845,1880
SZ,002696,1.47,1841,1905
SZ,001268,-0.61,1839,2938
SH,688092,-0.63,1835,1835
SZ,002753,1.47,1833,2657
SH,600149,1.26,1832,1832
SH,603120,1.6,1832,4370
SZ,002972,4.7,1831,3345
SH,603325,-0.54,1831,4287
SZ,300645,1.08,1830,1867
SZ,300675,0.97,1828,1828
SZ,301231,0.9,1828,2358
SZ,002159,-0.53,1827,2340
SH,688004,-1.13,1826,1826
SH,600080,-0.41,1825,1825
SZ,001356,-1.15,1824,5079
SH,688670,0.07,1823,1823
SZ,002817,0.64,1821,1878
SZ,002535,1.24,1820,1956
SH,688288,-0.44,1817,1817
SZ,002634,0.24,1813,1883
SZ,300992,3.71,1811,2213
SH,603879,-0.2,1811,1811
SH,600165,2.92,1810,3991
SH,603029,0.74,1809,1809
SH,603418,-2.06,1808,8439
SZ,003017,1.02,1805,2189
SZ,300651,-1.47,1802,2462
SZ,301010,0.42,1801,1801
SH,603709,0.91,1800,1807
SZ,300076,0.47,1797,1797
SZ,002529,1.17,1794,1794
SZ,301062,1.88,1794,2825
SZ,000911,1.36,1793,1793
SZ,300030,1.54,1793,2037
SZ,301138,0.0,1792,3138
SZ,003030,1.84,1791,2761
SZ,002630,-1.19,1787,1960
SH,603272,1.65,1787,1787
SZ,000856,0.77,1786,1786
SH,688435,0.47,1781,2654
SZ,301067,1.02,1774,2703
SZ,300642,0.7,1773,2090
SZ,001206,1.84,1770,3063
SZ,002717,-2.83,1770,1874
SH,688189,0.46,1770,1770
SH,688393,0.37,1766,1766
SH,600818,3.92,1765,2385
SZ,003005,-2.73,1764,3216
SZ,003038,-0.09,1762,2619
SH,605567,1.03,1762,1762
SH,600883,2.19,1761,1761
SH,603717,2.88,1761,1761
SZ,300556,-0.37,1759,1971
SZ,002862,-0.58,1757,2316
SH,600448,1.45,1757,1757
SZ,300929,1.08,1752,1847
SZ,301121,-1.66,1752,3347
SZ,300923,2.32,1750,1803
SZ,000639,5.88,1748,1748
SZ,300937,10.1,1746,2576
SZ,301585,-0.47,1746,2666
SH,688058,0.66,1744,1744
SZ,001285,-1.13,1739,7551
SZ,002877,0.56,1738,2572
SZ,300961,7.53,1736,2026
SZ,300876,0.79,1735,2326
SZ,003027,0.49,1730,2156
SZ,300971,0.64,1729,2205
SZ,002381,1.13,1726,2206
SZ,301538,0.51,1726,4334
SZ,300787,0.23,1723,2748
SZ,301030,-2.85,1723,1726
SZ,300707,0.0,1721,2085
SZ,300837,0.35,1720,2276
SZ,301388,-0.71,1719,2423
SZ,002780,0.31,1718,2174
SH,603860,0.7,1718,1718
SZ,301360,0.3,1714,3513
SZ,301159,-3.44,1713,2499
SZ,002211,2.86,1712,1712
SZ,301057,-0.8,1711,2470
SZ,002198,-0.59,1710,1710
SH,603092,-1.04,1710,19792
SZ,300195,-1.63,1707,2304
SH,600137,0.57,1707,1707
SZ,002209,0.37,1704,2208
SZ,300912,-3.13,1700,2252
SZ,301548,1.19,1697,5630
SH,603908,0.61,1696,1696
SH,600180,1.3,1695,1695
SH,688681,0.87,1695,1695
SZ,002858,-1.2,1693,2144
SZ,301063,0.92,1691,1826
SZ,002743,1.3,1690,1693
SH,603022,0.96,1690,1690
SZ,002360,0.39,1689,2085
SZ,300245,-0.86,1688,1754
SZ,002802,1.71,1686,2042
SZ,000619,1.3,1684,2064
SZ,300538,0.65,1682,2530
SZ,300614,1.26,1679,1679
SH,688759,1.17,1674,10463
SZ,000663,1.87,1669,1834
SH,600778,0.56,1668,1669
SH,601026,-2.09,1668,9904
SH,603789,2.24,1664,1697
SZ,301586,-0.22,1661,2606
SH,688078,0.31,1661,1661
SZ,001233,-2.0,1659,8182
SZ,002629,0.22,1659,1951
SZ,300472,-1.03,1655,1852
SH,603257,0.91,1655,7980
SH,600119,0.89,1654,1654
SZ,000929,0.45,1653,1653
SZ,001378,9.99,1652,3395
SH,603255,0.74,1652,3666
SZ,301135,0.31,1651,2122
SZ,300169,-1.26,1650,1857
SZ,300313,0.97,1647,2002
SZ,301361,-0.54,1645,3397
SZ,301595,-0.84,1644,4361
SZ,301520,1.93,1641,4677
SZ,002592,3.31,1640,1772
SZ,300950,-0.06,1640,2570
SZ,300462,5.79,1638,2151
SH,603402,-0.85,1638,6554
SZ,301098,1.31,1636,1962
SZ,001386,1.06,1634,18162
SZ,002620,-1.71,1634,1951
SZ,301667,-2.65,1631,7676
SH,600697,0.86,1631,1670
SH,688466,0.3,1628,1628
SZ,300554,2.39,1626,2349
SZ,002789,4.53,1624,1656
SH,603312,-0.93,1624,5105
SH,600243,3.35,1623,1623
SH,603231,1.53,1623,2925
SH,688565,5.04,1623,1623
SZ,300610,0.82,1622,2078
SZ,301509,-2.6,1617,3433
SH,603400,-0.96,1613,5782
SZ,003042,1.95,1611,1862
SH,600493,1.89,1610,1610
SZ,301618,-0.68,1607,4217
SZ,003028,1.07,1606,3275
SZ,300616,-0.96,1606,2323
SZ,300519,2.7,1605,2251
SH,688509,0.0,1604,3210
SZ,001209,0.6,1599,2188
SH,688450,3.03,1599,2156
SZ,300995,1.27,1598,2424
SZ,301065,0.27,1598,1964
SZ,000632,3.63,1596,1596
SZ,200869,-0.99,1595,5257
SZ,301336,0.33,1591,2056
SZ,002495,0.0,1589,2142
SZ,301032,1.02,1585,2392
SH,600561,2.2,1584,1584
SZ,002949,1.56,1583,2043
SZ,001222,-1.13,1581,2672
SZ,301456,-0.13,1580,3505
SZ,300220,0.1,1576,1578
SZ,301107,3.18,1574,2722
SZ,301687,1.39,1573,7416
SZ,002835,1.65,1570,2708
SH,688528,1.41,1570,1570
SZ,300845,2.92,1568,2243
SZ,002207,0.5,1567,1574
SH,600796,0.6,1566,4358
SZ,002910,1.56,1563,1787
SZ,301587,-0.98,1558,3126
SH,600689,0.69,1558,2058
SH,688659,3.18,1558,1558
SH,688712,-3.04,1557,14244
SZ,301636,2.08,1556,2666
SZ,301680,-2.59,1554,7662
SZ,002694,1.41,1552,1648
SZ,002982,0.34,1551,2424
SZ,301023,1.05,1550,2795
SZ,301229,-0.08,1550,2179
SH,688021,1.66,1548,1548
SZ,200012,-2.72,1546,4350
SZ,301395,1.17,1543,2943
SZ,001202,0.84,1542,2200
SZ,002227,0.32,1537,1548
SZ,002316,3.92,1536,1772
SH,688781,-2.54,1536,37630
SZ,301383,-0.18,1535,3549
SH,600692,1.52,1535,2117
SZ,001395,-1.17,1533,3344
SZ,300514,0.95,1533,1914
SZ,300500,1.44,1531,1590
SZ,301022,-1.64,1529,2264
SZ,300306,1.04,1528,2608
SZ,200539,0.0,1524,10028
SZ,301491,0.66,1522,5134
SH,603275,0.05,1520,5446
SZ,002306,1.08,1519,1626
SZ,300625,1.08,1519,2620
SZ,301581,-0.69,1516,2868
SH,603082,1.22,1510,6204
SZ,301036,1.13,1508,2142
SZ,002790,1.4,1506,2415
SZ,002566,0.31,1499,2141
SH,603468,114.72,1499,15454
SZ,300977,-0.13,1498,2406
SH,600476,4.03,1497,1497
SZ,301166,0.53,1495,2284
SZ,301633,1.71,1490,3253
SZ,301555,0.85,1486,2837
SH,688329,2.13,1483,1483
SZ,300268,0.82,1481,1930
SZ,300813,1.67,1481,2360
SH,600455,0.68,1479,1479
SH,688793,0.06,1479,1479
SZ,002513,2.61,1477,1919
SZ,301210,-0.62,1477,3867
SZ,300167,-3.47,1476,1736
SZ,301390,1.32,1470,1798
SZ,002977,-1.08,1469,2648
SZ,301518,-0.56,1469,3638
SH,688067,0.09,1466,1466
SZ,301505,0.63,1465,1838
SZ,003011,2.04,1462,1953
SZ,301683,-0.1,1462,6469
SZ,000677,-1.17,1460,1460
SZ,002247,2.71,1460,1931
SZ,002144,1.93,1456,1870
SZ,301512,0.2,1455,2230
SZ,301558,-1.04,1455,5230
SH,603395,-1.28,1455,5821
SZ,301320,0.72,1447,2306
SZ,301508,1.19,1446,5559
SZ,300621,2.0,1444,1483
SZ,301276,-0.15,1442,2586
SZ,301130,1.12,1441,1868
SZ,000010,0.0,1440,1804
SZ,300640,0.31,1439,2027
SZ,300314,0.2,1438,2882
SZ,301100,1.51,1435,3255
SZ,003008,0.33,1433,1918
SZ,002691,0.24,1427,1445
SZ,301167,0.52,1425,1509
SH,688022,0.62,1424,1424
SZ,301560,-0.26,1423,2834
SZ,300892,-2.18,1420,2200
SZ,301129,-0.14,1418,2855
SZ,301203,-1.64,1416,2585
SH,603062,0.13,1416,4125
SZ,001226,1.44,1412,3109
SZ,300371,0.8,1409,2026
SZ,301278,0.26,1404,2451
SZ,000637,2.95,1400,1996
SZ,001296,0.78,1397,2712
SZ,301152,-1.01,1396,2336
SZ,300549,1.25,1391,1836
SZ,300564,4.24,1389,1980
SZ,002591,1.64,1385,1861
SZ,300635,0.26,1385,1611
SZ,002809,1.76,1376,1946
SZ,301677,-7.83,1375,6417
SZ,002581,-0.58,1374,2262
SZ,300155,0.73,1370,2334
SH,603391,-0.54,1370,5482
SZ,301355,1.24,1369,1911
SZ,301303,-2.41,1368,5473
SZ,001387,0.86,1366,2146
SH,688805,-2.05,1362,6811
SZ,002188,0.19,1361,1730
SZ,300670,1.85,1361,1920
SZ,001326,3.51,1359,4143
SH,603248,-1.09,1357,8730
SZ,300928,-0.04,1355,2024
SZ,300838,1.06,1352,1833
SZ,000610,0.0,1347,1354
SZ,301009,0.45,1347,2424
SH,688592,1.21,1344,2822
SZ,301507,0.25,1342,4349
SZ,301601,0.7,1339,2228
SZ,001239,0.43,1338,2817
SZ,002200,-1.3,1338,3085
SZ,300605,-4.51,1338,1748
SZ,002494,1.53,1336,1758
SZ,300594,1.59,1335,1348
SH,688806,-2.06,1334,12043
SZ,002883,1.4,1329,1353
SZ,002888,2.55,1326,2614
SZ,301156,2.47,1324,2061
SZ,301298,0.74,1324,1796
SZ,300865,1.91,1319,2196
SZ,301591,2.22,1315,3218
SZ,001278,0.92,1309,1899
SH,603293,-0.83,1304,6658
SZ,301097,0.67,1303,2715
SZ,001358,-2.18,1301,3146
SZ,301131,0.79,1299,1813
SZ,300828,0.66,1295,2556
SH,688089,2.23,1294,1294
SZ,301329,0.72,1291,3329
SZ,300126,2.17,1289,1860
SZ,301126,0.65,1286,1916
SZ,301584,8.03,1286,10089
SZ,301233,1.78,1284,2341
SZ,301288,-0.42,1284,1776
SZ,301295,1.21,1282,4396
SZ,001277,1.15,1278,2132
SZ,300994,0.0,1278,2554
SH,688576,-0.91,1260,2637
SH,688130,2.87,1252,2512
SZ,003003,1.53,1250,1876
SH,600543,0.0,1249,1249
SZ,301163,-0.65,1246,1858
SZ,301503,0.93,1245,2246
SZ,002830,2.21,1244,2492
SZ,301469,0.37,1242,2413
SH,688217,-1.42,1237,1237
SZ,300430,-1.04,1234,1296
SZ,301515,1.34,1229,1820
SZ,300517,1.99,1228,1950
SH,603207,0.0,1228,3615
SZ,001319,0.78,1227,2734
SZ,301272,1.07,1227,1940
SH,603004,3.12,1227,4910
SZ,300823,1.33,1226,1894
SZ,301157,3.65,1225,3558
SZ,301372,0.54,1225,2041
SH,603352,-1.57,1224,6122
SZ,301502,1.05,1222,2958
SH,603344,0.13,1221,4398
SZ,301501,-3.01,1218,4144
SH,603350,-0.47,1213,3203
SZ,301559,-2.98,1203,8022
SH,603370,-2.55,1202,6011
SH,688790,-0.81,1202,9443
SZ,301378,-1.8,1199,2523
SZ,301300,0.99,1194,2000
SZ,300405,1.12,1188,1544
SZ,301001,-0.93,1184,1884
SH,600365,2.21,1183,1257
SZ,300535,-0.61,1182,1559
SZ,300930,0.81,1171,2486
SH,688184,4.13,1164,1858
SZ,301446,2.5,1161,3802
SZ,301083,0.52,1159,2408
SZ,300899,0.07,1152,1795
SZ,301717,0.0,1149,6720
SZ,300713,1.02,1147,2039
SZ,301359,1.0,1146,1936
SZ,300851,1.05,1144,2016
SH,603276,0.0,1144,3150
SZ,300915,-0.65,1137,2487
SZ,001373,0.74,1136,1860
SZ,001336,0.63,1129,1835
SZ,301632,-0.71,1126,6433
SZ,002514,-2.87,1124,1461
SZ,300804,5.7,1122,3020
SZ,002872,3.16,1121,1659
SH,688651,4.79,1120,2442
SZ,301113,1.43,1119,1847
SZ,000820,-8.74,1116,2431
SZ,301006,1.38,1110,1845
SZ,301516,0.38,1109,4437
SH,688671,-0.46,1105,1853
SZ,301418,3.49,1100,2742
SZ,300152,-0.65,1090,1090
SZ,001382,-1.83,1083,7086
SZ,300949,1.07,1081,1891
SZ,002193,4.34,1070,1070
SZ,300886,1.03,1066,1696
SZ,301539,-0.07,1065,2101
SZ,001379,-0.57,1049,3120
SH,603334,0.03,1048,4726
SH,688695,1.3,1038,1654
SH,688701,-0.78,1031,1031
SZ,300958,-0.27,1025,1764
SH,603729,0.45,1021,1021
SZ,001312,-0.45,1017,4153
SH,603359,0.44,1012,1012
SZ,300338,-3.67,1011,1163
SZ,301577,1.58,1004,2401
SZ,301513,-1.26,997,4951
SH,603406,-0.37,989,10800
SZ,001279,-0.84,988,3953
SZ,301616,0.06,988,2784
SZ,001231,0.94,985,1926
SH,688816,-2.03,967,5018
SZ,002719,1.19,963,1036
SZ,200726,-0.23,963,3482
SZ,301192,1.0,944,1942
SH,603190,0.24,944,2859
SZ,001225,-1.24,939,2928
SH,603409,0.0,938,3269
SZ,301173,0.26,935,2664
SZ,301105,2.99,934,2358
SZ,200028,-0.25,930,7254
SZ,301459,0.57,923,3685
SZ,300904,-0.29,904,2977
SZ,301386,0.15,898,2794
SZ,301668,-3.02,897,4056
SZ,300417,0.09,883,1422
SZ,301037,4.04,876,1792
SZ,301519,0.44,875,1860
SH,603205,0.57,874,3300
SZ,301399,1.02,866,2932
SH,688638,1.39,849,1797
SZ,301598,-0.23,843,2830
SZ,301170,0.77,842,2218
SH,688573,-0.88,839,1542
SH,603376,-2.27,827,10340
SZ,301049,0.63,822,1810
SZ,001306,-0.83,815,3309
SH,603075,1.21,813,7718
SH,603073,-0.5,811,1849
SZ,001335,-1.19,802,2946
SH,603273,0.21,788,3031
SZ,301449,-1.26,786,3496
SZ,001396,-0.43,784,3693
SZ,301533,2.77,738,2552
SZ,301314,1.08,736,2229
SZ,301353,3.44,736,2292
SZ,301429,0.73,728,1956
SH,603284,1.75,728,2975
SZ,301567,1.59,717,2431
SZ,301552,-2.36,715,2862
SZ,001325,-1.64,705,2822
SZ,301578,5.81,696,2449
SZ,001220,-0.73,693,2774
SZ,300784,1.25,669,2239
SZ,301575,0.44,665,3314
SZ,200037,0.0,651,1488
SZ,301707,0.0,634,9642
SZ,200016,0.0,616,1830
SZ,301287,0.77,581,2276
SZ,200541,-0.52,562,2933
SH,688828,0.0,552,8488
SZ,200055,0.0,528,1438
SH,688121,-7.66,512,591
SZ,200029,-0.25,481,4056
SZ,200706,0.0,444,1127
SZ,200553,0.0,433,6616
SZ,002731,-5.53,431,481
SZ,200512,-0.46,398,398
SZ,200488,-3.45,395,1647
SZ,200058,-0.64,384,1920
SZ,200530,0.0,383,1340
SZ,200017,0.0,367,1019
SZ,200761,0.0,360,3697
SZ,200521,-0.43,340,2368
SZ,200026,0.5,328,3286
SZ,200468,-0.92,323,694
SZ,200570,-1.02,292,1376
SZ,301139,-6.53,283,452
SZ,200020,0.0,243,676
SZ,200992,-2.23,241,465
SH,688496,-1.12,209,396
SZ,200045,0.51,194,1985
SZ,200011,-0.8,167,1478
SZ,200019,-0.31,165,3688
SZ,200025,0.0,150,1689
SZ,200030,-0.72,132,4763
SZ,200056,-5.45,126,614
SZ,200505,0.53,122,1366
SZ,000003,0.0,0,0
SZ,000004,0.0,0,0
SZ,000005,0.0,0,0
SZ,000013,0.0,0,0
SZ,000015,0.0,0,0
SZ,000018,0.0,0,0
SZ,000023,0.0,0,0
SZ,000024,0.0,0,0
SZ,000033,0.0,0,0
SZ,000038,0.0,0,0
SZ,000040,0.0,0,0
SZ,000046,0.0,0,0
SZ,000047,0.0,0,0
SZ,000150,0.0,0,0
SZ,000405,0.0,0,0
SZ,000406,0.0,0,0
SZ,000412,0.0,0,0
SZ,000413,0.0,0,0
SZ,000416,0.0,0,0
SZ,000418,0.0,0,0
SZ,000502,0.0,0,0
SZ,000508,0.0,0,0
SZ,000511,0.0,0,0
SZ,000515,0.0,0,0
SZ,000522,0.0,0,0
SZ,000527,0.0,0,0
SZ,000535,0.0,0,0
SZ,000540,0.0,0,0
SZ,000542,0.0,0,0
SZ,000549,0.0,0,0
SZ,000556,0.0,0,0
SZ,000562,0.0,0,0
SZ,000569,0.0,0,0
SZ,000578,0.0,0,0
SZ,000583,0.0,0,0
SZ,000584,0.0,0,0
SZ,000585,0.0,0,0
SZ,000587,0.0,0,0
SZ,000588,0.0,0,0
SZ,000594,0.0,0,0
SZ,000602,0.0,0,0
SZ,000606,0.0,0,0
SZ,000611,0.0,0,0
SZ,000613,0.0,0,0
SZ,000616,0.0,0,0
SZ,000618,0.0,0,0
SZ,000621,0.0,0,0
SZ,000622,0.0,0,0
SZ,000627,0.0,0,0
SZ,000638,0.0,0,0
SZ,000653,0.0,0,0
SZ,000658,0.0,0,0
SZ,000660,0.0,0,0
SZ,000662,0.0,0,0
SZ,000666,0.0,0,0
SZ,000667,0.0,0,0
SZ,000671,0.0,0,0
SZ,000673,0.0,0,0
SZ,000675,0.0,0,0
SZ,000687,0.0,0,0
SZ,000689,0.0,0,0
SZ,000693,0.0,0,0
SZ,000699,0.0,0,0
SZ,000730,0.0,0,0
SZ,000732,0.0,0,0
SZ,000748,0.0,0,0
SZ,000760,0.0,0,0
SZ,000763,0.0,0,0
SZ,000765,0.0,0,0
SZ,000769,0.0,0,0
SZ,000780,0.0,0,0
SZ,000787,0.0,0,0
SZ,000805,0.0,0,0
SZ,000806,0.0,0,0
SZ,000817,0.0,0,0
SZ,000827,0.0,0,0
SZ,000832,0.0,0,0
SZ,000835,0.0,0,0
SZ,000836,0.0,0,0
SZ,000851,0.0,0,0
SZ,000861,0.0,0,0
SZ,000866,0.0,0,0
SZ,000916,0.0,0,0
SZ,000918,0.0,0,0
SZ,000939,0.0,0,0
SZ,000956,0.0,0,0
SZ,000961,0.0,0,0
SZ,000971,0.0,0,0
SZ,000976,0.0,0,0
SZ,000979,0.0,0,0
SZ,000982,0.0,0,0
SZ,000996,0.0,0,0
SZ,002002,0.0,0,0
SZ,002013,0.0,0,0
SZ,002018,0.0,0,0
SZ,002070,0.0,0,0
SZ,002071,0.0,0,0
SZ,002087,0.0,0,0
SZ,002089,0.0,0,0
SZ,002113,0.0,0,0
SZ,002118,0.0,0,0
SZ,002143,0.0,0,0
SZ,002147,0.0,0,0
SZ,002220,0.0,0,0
SZ,002231,0.0,0,0
SZ,002260,0.0,0,0
SZ,002280,0.0,0,0
SZ,002288,0.0,0,0
SZ,002308,0.0,0,0
SZ,002325,0.0,0,0
SZ,002336,0.0,0,0
SZ,002341,0.0,0,0
SZ,002359,0.0,0,0
SZ,002411,0.0,0,0
SZ,002417,0.0,0,0
SZ,002433,0.0,0,0
SZ,002435,0.0,0,0
SZ,002447,0.0,0,0
SZ,002450,0.0,0,0
SZ,002464,0.0,0,0
SZ,002473,0.0,0,0
SZ,002477,0.0,0,0
SZ,002499,0.0,0,0
SZ,002502,0.0,0,0
SZ,002503,0.0,0,0
SZ,002504,0.0,0,0
SZ,002505,0.0,0,0
SZ,002509,0.0,0,0
SZ,002604,0.0,0,0
SZ,002610,0.0,0,0
SZ,002618,0.0,0,0
SZ,002619,0.0,0,0
SZ,002621,0.0,0,0
SZ,002665,0.0,0,0
SZ,002680,0.0,0,0
SZ,002684,0.0,0,0
SZ,002699,0.0,0,0
SZ,002711,0.0,0,0
SZ,002740,0.0,0,0
SZ,002750,0.0,0,0
SZ,002751,0.0,0,0
SZ,002770,0.0,0,0
SZ,002776,0.0,0,0
SZ,002781,0.0,0,0
SZ,002808,0.0,0,0
SZ,002898,0.0,0,0
SZ,200002,0.0,0,0
SZ,200003,0.0,0,0
SZ,200013,0.0,0,0
SZ,200015,0.0,0,0
SZ,200018,0.0,0,0
SZ,200024,0.0,0,0
SZ,200039,0.0,0,0
SZ,200041,0.0,0,0
SZ,200053,0.0,0,0
SZ,200054,0.0,0,0
SZ,200057,0.0,0,0
SZ,200152,0.0,0,0
SZ,200160,0.0,0,0
SZ,200168,0.0,0,0
SZ,200413,0.0,0,0
SZ,200418,0.0,0,0
SZ,200513,0.0,0,0
SZ,200613,0.0,0,0
SZ,200770,0.0,0,0
SZ,200771,0.0,0,0
SZ,200986,0.0,0,0
SZ,300023,0.0,0,0
SZ,300028,0.0,0,0
SZ,300029,0.0,0,0
SZ,300038,0.0,0,0
SZ,300064,0.0,0,0
SZ,300089,0.0,0,0
SZ,300090,0.0,0,0
SZ,300104,0.0,0,0
SZ,300108,0.0,0,0
SZ,300116,0.0,0,0
SZ,300117,0.0,0,0
SZ,300156,0.0,0,0
SZ,300178,0.0,0,0
SZ,300186,0.0,0,0
SZ,300202,0.0,0,0
SZ,300208,0.0,0,0
SZ,300216,0.0,0,0
SZ,300262,0.0,0,0
SZ,300273,0.0,0,0
SZ,300280,0.0,0,0
SZ,300282,0.0,0,0
SZ,300297,0.0,0,0
SZ,300309,0.0,0,0
SZ,300312,0.0,0,0
SZ,300325,0.0,0,0
SZ,300330,0.0,0,0
SZ,300336,0.0,0,0
SZ,300344,0.0,0,0
SZ,300356,0.0,0,0
SZ,300362,0.0,0,0
SZ,300367,0.0,0,0
SZ,300372,0.0,0,0
SZ,300379,0.0,0,0
SZ,300391,0.0,0,0
SZ,300392,0.0,0,0
SZ,300431,0.0,0,0
SZ,300495,0.0,0,0
SZ,300526,0.0,0,0
SZ,300630,0.0,0,0
SZ,300742,0.0,0,0
SZ,300799,0.0,0,0
SZ,301655,0.0,0,0
SZ,301688,0.0,0,0
SH,600001,0.0,0,0
SH,600002,0.0,0,0
SH,600003,0.0,0,0
SH,600005,0.0,0,0
SH,600065,0.0,0,0
SH,600068,0.0,0,0
SH,600069,0.0,0,0
SH,600070,0.0,0,0
SH,600074,0.0,0,0
SH,600077,0.0,0,0
SH,600083,0.0,0,0
SH,600086,0.0,0,0
SH,600087,0.0,0,0
SH,600090,0.0,0,0
SH,600091,0.0,0,0
SH,600092,0.0,0,0
SH,600093,0.0,0,0
SH,600102,0.0,0,0
SH,600112,0.0,0,0
SH,600122,0.0,0,0
SH,600139,0.0,0,0
SH,600145,0.0,0,0
SH,600146,0.0,0,0
SH,600175,0.0,0,0
SH,600181,0.0,0,0
SH,600190,0.0,0,0
SH,600193,0.0,0,0
SH,600200,0.0,0,0
SH,600205,0.0,0,0
SH,600209,0.0,0,0
SH,600213,0.0,0,0
SH,600220,0.0,0,0
SH,600225,0.0,0,0
SH,600240,0.0,0,0
SH,600242,0.0,0,0
SH,600247,0.0,0,0
SH,600253,0.0,0,0
SH,600260,0.0,0,0
SH,600263,0.0,0,0
SH,600270,0.0,0,0
SH,600275,0.0,0,0
SH,600277,0.0,0,0
SH,600286,0.0,0,0
SH,600290,0.0,0,0
SH,600291,0.0,0,0
SH,600296,0.0,0,0
SH,600297,0.0,0,0
SH,600306,0.0,0,0
SH,600311,0.0,0,0
SH,600317,0.0,0,0
SH,600321,0.0,0,0
SH,600355,0.0,0,0
SH,600357,0.0,0,0
SH,600385,0.0,0,0
SH,600387,0.0,0,0
SH,600393,0.0,0,0
SH,600401,0.0,0,0
SH,600421,0.0,0,0
SH,600432,0.0,0,0
SH,600462,0.0,0,0
SH,600466,0.0,0,0
SH,600472,0.0,0,0
SH,600485,0.0,0,0
SH,600532,0.0,0,0
SH,600553,0.0,0,0
SH,600555,0.0,0,0
SH,600565,0.0,0,0
SH,600591,0.0,0,0
SH,600599,0.0,0,0
SH,600607,0.0,0,0
SH,600608,0.0,0,0
SH,600614,0.0,0,0
SH,600625,0.0,0,0
SH,600627,0.0,0,0
SH,600631,0.0,0,0
SH,600632,0.0,0,0
SH,600634,0.0,0,0
SH,600636,0.0,0,0
SH,600646,0.0,0,0
SH,600647,0.0,0,0
SH,600652,0.0,0,0
SH,600656,0.0,0,0
SH,600659,0.0,0,0
SH,600669,0.0,0,0
SH,600670,0.0,0,0
SH,600672,0.0,0,0
SH,600677,0.0,0,0
SH,600680,0.0,0,0
SH,600687,0.0,0,0
SH,600695,0.0,0,0
SH,600696,0.0,0,0
SH,600700,0.0,0,0
SH,600701,0.0,0,0
SH,600705,0.0,0,0
SH,600709,0.0,0,0
SH,600723,0.0,0,0
SH,600747,0.0,0,0
SH,600752,0.0,0,0
SH,600762,0.0,0,0
SH,600766,0.0,0,0
SH,600767,0.0,0,0
SH,600772,0.0,0,0
SH,600781,0.0,0,0
SH,600786,0.0,0,0
SH,600788,0.0,0,0
SH,600799,0.0,0,0
SH,600804,0.0,0,0
SH,600806,0.0,0,0
SH,600811,0.0,0,0
SH,600813,0.0,0,0
SH,600823,0.0,0,0
SH,600832,0.0,0,0
SH,600836,0.0,0,0
SH,600837,0.0,0,0
SH,600840,0.0,0,0
SH,600842,0.0,0,0
SH,600849,0.0,0,0
SH,600852,0.0,0,0
SH,600856,0.0,0,0
SH,600870,0.0,0,0
SH,600878,0.0,0,0
SH,600890,0.0,0,0
SH,600891,0.0,0,0
SH,600896,0.0,0,0
SH,600898,0.0,0,0
SH,600899,0.0,0,0
SH,600978,0.0,0,0
SH,600991,0.0,0,0
SH,601028,0.0,0,0
SH,601258,0.0,0,0
SH,601268,0.0,0,0
SH,601299,0.0,0,0
SH,601558,0.0,0,0
SH,601989,0.0,0,0
SH,603003,0.0,0,0
SH,603056,0.0,0,0
SH,603133,0.0,0,0
SH,603157,0.0,0,0
SH,603388,0.0,0,0
SH,603555,0.0,0,0
SH,603603,0.0,0,0
SH,603963,0.0,0,0
SH,603996,0.0,0,0
SH,605081,0.0,0,0
SH,688086,0.0,0,0
SH,688287,0.0,0,0
SH,688555,0.0,0,0
SH,688826,0.0,0,5606
SH,688835,0.0,0,0
SH,688836,0.0,0,0
