market,code,chg_pct,vol_rank,amt_rank
SH,601288,0.14,2215555,2428882
SH,601398,0.13,2146113,2836994
SH,601857,1.29,1786001,2018721
SZ,300750,-0.8,1676853,1821144
SH,600519,0.64,1661983,1661983
SH,601988,0,1266701,1936497
SH,601138,-1.36,1130319,1130319
SZ,300308,-2.95,1024341,1079525
SH,600036,0.5,822270,1005263
SH,601628,-0.47,816074,1107694
SH,601088,0.76,748198,984050
SH,600900,0.45,711046,711046
SH,688256,-2.69,701118,701118
SH,601899,1.15,669970,864730
SH,688041,-0.17,658950,658950
SZ,000333,0.56,602199,667294
SH,601318,0.44,581400,987591
SZ,300502,-2.81,513374,570683
SZ,002371,-2.26,500601,501001
SH,600028,0.77,493660,630022
SH,601728,0.32,485962,572835
SZ,002475,-0.89,452616,477345
SH,601166,0.38,394899,394899
SH,601658,0.39,372793,617289
SH,600030,-0.06,346788,422089
SH,600276,-0.01,343701,357612
SH,603993,0.89,336121,411840
SZ,002594,0.66,332902,870510
SH,688012,-2.19,331719,337228
SZ,002415,-0.21,322584,326819
SH,601998,0.13,316321,431806
SH,603259,-0.67,310743,374879
SH,600000,0.22,309744,309744
SZ,000858,0.43,293015,293023
SZ,300059,0.4,266799,316128
SH,601319,-0.12,263038,327700
SH,600150,-0.22,260763,260763
SH,688981,-1.12,258783,1107940
SH,600183,-1.08,258057,259903
SH,601816,-0.19,250010,250010
SH,603986,0,243331,255435
SZ,002384,-2.61,242703,320660
SH,601225,0.97,241212,241212
SH,688008,0.61,238992,254812
SH,688825,-0.2,237941,3533986
SH,600309,0.97,235443,235443
SZ,000651,0.31,230710,234027
SH,601601,0.47,219589,308621
SZ,000001,0.18,219283,219287
SH,600919,0,213242,213242
SZ,300408,2.85,209400,222621
SH,603288,0,209301,220263
SZ,002916,-1.26,207421,212524
SZ,000725,-0.87,200178,209671
SZ,002463,-1.42,199472,199633
SH,688072,-1.04,196059,201598
SZ,300394,-1.22,195747,196185
SH,601919,0.19,195631,237877
SZ,002938,-1.16,192977,193537
SH,601668,0.22,192140,192140
SH,600406,0.21,192036,192602
SZ,300760,0.45,188457,188620
SH,601328,0.14,185114,627383
SH,600031,-0.09,172708,187394
SH,600887,0.37,172517,173378
SH,600989,0.9,172114,172114
SZ,300476,-1.52,171759,195102
SH,601066,0.35,168628,201364
SZ,002352,0.49,167537,183812
SZ,300433,-1.07,164149,174357
SZ,300274,-3.12,163849,213976
SZ,003816,0.25,160881,206540
SH,600809,-0.04,156326,156326
SH,600176,-0.04,152390,153600
SH,601766,0.49,150832,177933
SZ,300124,0.21,148813,167167
SH,688498,-2.43,147225,149151
SH,601688,-0.09,147158,181801
SZ,000792,0.51,146893,146894
SH,601818,0.96,145717,185529
SH,600690,0.44,144320,216436
SH,600111,-0.02,142217,142217
SH,601009,0.35,142181,142181
SH,600050,0.23,137288,138501
SZ,000063,-0.81,136134,161683
SH,601100,-1.39,136080,136080
SH,601229,0.53,133991,133991
SZ,300604,0.05,132715,172016
SH,601872,0.55,132261,132261
SH,688082,-0.24,132243,133679
SZ,002050,-0.77,131918,150394
SZ,000338,-2.59,131741,229657
SH,600019,0.49,131483,133742
SH,688506,-1.37,131203,131203
SH,601336,-0.23,131028,196001
SH,600999,-0.5,130553,152972
SZ,000568,0.43,130351,130425
SZ,002281,-2.02,129333,137274
SH,688120,-3.15,129137,129137
SH,601898,1.3,128403,186019
SH,601600,1.79,127940,166232
SZ,000776,-0.41,127468,168938
SZ,002714,-0.38,127054,223588
SH,600584,-1.13,126798,126798
SH,600016,0.28,126600,156303
SZ,000408,0.83,125920,125921
SH,600104,0.56,124494,124494
SH,600760,-0.01,124048,124283
SH,688361,-2.96,123218,123218
SH,600487,0.26,122388,123024
SH,600188,1.25,120717,203246
SH,600018,0.39,120650,120823
SH,600660,-0.14,118196,154001
SH,603256,-3.43,118139,121477
SH,600926,0.37,117869,117869
SH,688111,1.6,115771,115771
SH,601869,-0.19,114242,232766
SH,600886,0.46,113900,122309
SZ,002493,0.08,113644,121572
SH,601888,0.1,112150,119349
SZ,300014,-0.52,111835,115054
SH,600905,0.52,110920,110920
SH,603501,-1.71,108741,113314
SH,601169,0,108252,108252
SH,600489,2.71,108240,108240
SZ,000977,-2.11,107592,107713
SH,605117,-1.43,106824,106824
SH,688347,-3.33,106496,453859
SH,601698,-0.23,106074,106074
SH,600160,0.23,105830,105830
SZ,000166,0.21,105466,117187
SH,600015,0.89,105095,108699
SH,600089,-0.18,104138,104138
SH,601633,0.18,103566,142414
SH,601995,0.2,102879,169871
SH,601939,-0.08,101885,2778196
SZ,002028,-0.38,100789,129132
SH,688521,-0.32,100655,100655
SZ,000938,-5.75,100617,100618
SH,600547,1.5,100265,127879
SZ,300857,0.28,100089,100603
SH,600522,-0.6,99522,99522
SH,688525,-0.88,99024,99024
SZ,000988,-1.77,98971,99022
SZ,301200,0.43,98464,113230
SZ,300442,-0.96,98386,98676
SH,601006,0.41,98321,98321
SZ,002736,0,98143,104568
SZ,000100,-1.41,97775,101092
SZ,300033,-0.52,97682,167696
SH,601012,0.39,97454,97454
SH,605499,-0.06,96305,104594
SH,600938,1.3,95351,1515730
SH,600893,-0.41,94905,94922
SZ,002353,-1.92,94672,140268
SH,688271,0.13,94061,94061
SH,601390,0.22,93693,113089
SZ,000807,3.06,93460,93461
SZ,301308,-0.48,92447,138764
SZ,002602,0.22,92301,100094
SZ,000538,0.31,92281,92871
SZ,002001,-0.02,91986,93094
SZ,002156,-2.9,91487,91496
SH,601881,-0.07,91050,137445
SZ,000895,0.61,90866,90878
SH,601127,0.12,90427,101157
SZ,000617,1.13,90138,90138
SH,600362,1.05,89858,149936
SH,600795,0.6,89178,89178
SH,601168,1.11,88934,88934
SH,600236,3.02,88677,88677
SH,600941,0.12,87948,2112426
SZ,002230,-0.04,87708,96203
SZ,002600,-0.64,87479,98661
SH,601727,-1.42,86669,106761
SZ,002008,-1.46,85780,92314
SZ,002648,0.56,84768,84822
SH,603893,-1.94,84198,84209
SZ,300498,0.36,83480,93421
SH,600673,-1.06,83203,83425
SH,601868,0,83018,113255
SH,600436,-0.13,82172,82172
SZ,001289,0.06,82083,136098
SZ,000425,-0.1,80915,105284
SZ,002311,0.08,79758,79835
SH,600674,0.56,79456,79456
SH,600011,0.14,79293,113183
SZ,002027,0.37,79288,79288
SZ,000301,0.08,79168,79203
SH,601825,0.36,78464,80724
SH,688249,-1.75,78276,86704
SH,601838,-0.1,78242,78242
SH,601689,-1.22,78237,78237
SH,600039,0.68,77304,77304
SZ,000657,0.88,76998,120766
SH,601991,0.49,76856,114742
SH,603799,0.17,76203,76442
SH,688183,-3.07,75425,75425
SH,688036,-0.95,74896,74896
SZ,000708,0.41,74748,74748
SH,600549,1.08,74402,76014
SH,603195,-0.06,74257,74392
SZ,002241,-1.09,73704,83230
SZ,002080,0.64,73670,73670
SH,688396,-1.11,73609,73609
SH,601800,0.48,73385,101498
SH,600585,0.27,73145,97045
SH,601186,0.16,72931,86094
SH,603228,-1.54,72807,73135
SH,688200,-0.29,72155,72155
SZ,301217,0,72091,72091
SZ,001965,0.19,71892,71892
SH,600066,-0.21,71466,71466
SH,601111,-0.15,71109,125210
SZ,300015,0,70580,82487
SZ,002179,-0.79,70021,70148
SH,600029,-0.18,69676,93685
SH,601179,-0.72,69558,69558
SH,688702,-2.92,69243,139855
SZ,000630,0.81,69087,83139
SH,600958,-0.1,68869,78339
SH,600023,-0.18,68787,68787
SH,601958,0.85,68727,68727
SH,688126,-0.69,68694,79882
SH,600415,-1.18,68544,68544
SZ,002466,-0.19,67869,78791
SH,600118,-0.58,67816,67816
SH,688002,-1.35,67754,67754
SH,601018,0.29,67118,67118
SZ,002625,-0.54,66684,66684
SH,603296,-0.17,66683,126603
SZ,300757,-0.74,66062,68111
SH,688037,-2.86,65655,65655
SZ,300475,-0.16,65368,68201
SH,600988,2.09,64310,73451
SH,600482,-1.01,64055,64055
SH,601916,0.34,63772,81295
SZ,001979,-0.27,63241,64284
SH,600048,0.57,63084,63084
SH,601669,0,63005,83030
SH,600233,0.71,63002,63002
SH,600026,1.05,62358,89126
SH,600115,-0.26,62311,80841
SH,688629,0.38,62220,63200
SZ,000625,-0.12,62087,74446
SH,688777,-1.28,62086,62401
SH,688172,-1.72,62024,73865
SZ,000021,-2.61,61549,61558
SZ,002304,0.62,61371,61373
SH,601360,-0.56,61176,61176
SZ,002128,1.57,60926,84978
SH,600703,-0.48,60816,60816
SH,600009,0.49,60741,60939
SZ,002202,-0.21,60678,76197
SZ,002460,-0.05,60428,104604
SZ,000703,0.9,59850,60151
SH,600426,0.74,59803,59811
SZ,001309,1.58,59442,81708
SZ,000933,2.56,59358,59396
SZ,300661,-2.57,59053,67272
SZ,000426,2.63,58937,58951
SZ,000975,3.83,58817,64628
SH,601901,0.14,58366,58366
SH,601077,0.15,58244,74843
SH,601061,1.54,58163,58163
SZ,000768,-0.23,58110,58198
SZ,002837,-2.03,58015,65400
SH,600221,0,57841,58341
SH,601788,0.34,57546,67917
SH,600875,-0.34,57490,87842
SZ,000636,3.83,57075,57075
SZ,002595,0.02,56885,57281
SH,688019,-2.73,56377,56377
SH,601231,-1.09,55686,55686
SZ,002422,-0.69,55503,67990
SH,600350,0.7,55307,55307
SZ,002709,-0.53,55215,74591
SZ,002064,-0.61,55215,55332
SH,600803,0.34,55045,55476
SZ,002532,2.76,55032,62025
SH,600096,0.33,54671,54671
SZ,002185,-0.83,54591,54604
SH,600372,-0.08,54341,54341
SZ,002558,5.97,54337,54337
SZ,000157,0,53800,65815
SZ,000960,1.66,53526,53526
SZ,300765,0.18,53473,53473
SH,601877,0.16,53466,53466
SH,601059,0.06,53347,53347
SH,600219,1.09,53284,53284
SH,601233,0.49,53193,53290
SZ,300620,1.18,53122,53569
SZ,300223,0.79,52944,60724
SH,600741,0.36,52430,52430
SZ,300285,3.86,52415,61219
SH,601377,-0.48,52334,52334
SH,688017,0.36,52192,52192
SZ,300759,-1.39,52115,67428
SH,603659,-0.64,52061,52061
SZ,300450,-0.41,51882,55701
SH,600438,-0.16,51863,51863
SZ,300054,-0.64,51390,65918
SH,688585,-0.18,51223,51223
SZ,002920,-0.12,51154,51170
SZ,000963,-0.33,51100,51121
SZ,002484,1.42,51091,52962
SH,688766,1.33,51004,51004
SZ,000831,0,50970,50970
SZ,300136,0,50841,59612
SH,600885,-4.26,50343,50343
SH,688141,-1.86,50215,50215
SZ,001872,0.69,50189,54111
SH,600460,-1.06,49223,49223
SH,688519,-2.09,49103,49103
SZ,301358,-0.61,49070,54424
SZ,002074,-0.41,48924,51121
SZ,002851,-1.44,48869,61959
SH,600418,0.72,48769,50336
SH,600196,0.09,48768,61473
SZ,301269,-1.09,48766,48766
SZ,002821,-1.14,48577,55279
SZ,300803,-0.43,48476,48832
SH,601298,0.22,48475,58355
SH,600105,7.91,48451,48451
SZ,300666,-0.27,48433,60449
SH,601618,0.37,48381,56074
SH,600879,-0.6,48236,48236
SH,603156,1.02,47550,47550
SZ,000783,-0.11,47503,47503
SZ,300373,-0.12,47432,47537
SH,688110,-0.65,47246,47246
SZ,300316,-0.17,47242,50234
SH,600377,0.32,47071,62367
SH,601117,-0.25,47061,47196
SZ,002409,-3.18,46928,70118
SH,603979,2,46747,46747
SZ,002414,-1.72,46459,58381
SZ,002436,-0.7,46373,51925
SH,601607,-0.05,46273,61522
SH,600895,-4.71,46259,46259
SH,601699,0.06,46247,46247
SH,600497,0.77,46119,46119
SH,603129,-0.82,46119,46119
SH,600378,-0.38,46110,55457
SH,601058,0.29,45672,45672
SH,688009,-0.18,45605,56020
SH,688630,-1.35,45473,50569
SH,600930,0,45444,176451
SH,600580,-1.98,45234,45364
SH,601021,-0.06,45062,45062
SH,688469,-1.68,44493,63541
SZ,300567,-1.78,44375,54674
SH,688432,-1.85,44261,44261
SZ,000066,-1.21,44255,44258
SH,688375,0.22,44111,44111
SH,600726,0,44104,46653
SH,688729,1.74,44073,74510
SH,600352,-0.14,44018,44018
SH,600027,0.42,43959,55388
SH,688223,-0.22,43748,43748
SZ,300418,0.81,43640,47713
SZ,002428,-0.3,43603,43609
SZ,002812,-0.72,43574,51980
SH,688147,-1.94,43548,43548
SH,688048,-1.73,43494,43494
SH,601878,0.42,43360,43360
SH,688220,-3.15,43323,43323
SZ,301526,1.59,43087,115691
SZ,000893,2.38,42660,48559
SH,600642,0.23,42380,42383
SZ,300979,0.19,42210,42210
SZ,300548,-1.08,42195,42281
SZ,000999,-0.62,42083,42121
SH,688331,-0.93,41700,66140
SH,600985,0.85,41665,41665
SH,688047,-1.12,41504,41504
SH,600061,0.31,41498,41498
SH,600021,0.89,41453,41453
SH,600995,0.62,41260,41260
SZ,300058,0.68,41248,42580
SH,688627,-0.49,41238,41238
SH,688188,-0.42,41237,41237
SH,600578,3.03,41038,41038
SH,688187,-0.12,40778,62450
SH,688728,-1.63,40593,40621
SH,600968,3.1,40559,40559
SZ,002078,0.41,40494,40744
SH,688099,-2.06,40088,40088
SH,601238,-0.18,39577,54656
SH,600600,0.14,39456,75904
SZ,002945,1.67,39447,39447
SH,601216,-1.47,39406,39406
SH,601136,0.21,39387,39387
SH,601456,0.22,39262,50955
SZ,002636,-0.65,39258,39458
SH,603260,0,39036,39036
SZ,002236,-0.6,39023,53354
SH,605376,3.13,39005,39005
SH,603083,-2.3,38927,52015
SH,600909,0,38787,38787
SH,601665,0.16,38646,38646
SZ,002203,-1.74,38602,39991
SZ,300395,-0.55,38533,39524
SH,600143,0.27,38442,39003
SH,601108,0.24,38172,38172
SH,601577,0.53,38156,38165
SZ,300390,-1.03,37855,46780
SH,600901,0.31,37812,37821
SH,688303,-0.1,37799,37799
SH,600845,0.11,37773,50585
SZ,300972,-1.56,37709,41043
SZ,300919,0.24,37512,42834
SH,601808,2.11,37243,60027
SH,603392,-0.26,37135,37135
SH,601208,0.19,37043,37043
SZ,000596,-0.31,37027,47902
SH,603806,-0.48,37018,37018
SZ,000983,0,36901,36901
SZ,300866,-0.21,36818,70186
SZ,002966,0,36658,37285
SH,601212,1.02,36654,36654
SZ,002294,-0.75,36591,36599
SH,688336,-1.2,36566,36566
SH,688472,-0.29,36468,36468
SH,603379,0.54,36311,36311
SH,601777,-0.11,36304,36304
SZ,002850,-1.09,36129,49341
SZ,300115,-0.92,36092,36198
SZ,002155,1.23,36078,36082
SH,600392,0.15,36073,36073
SH,600060,-0.24,35911,36043
SZ,002273,-0.48,35714,36462
SH,603650,-1.68,35695,35781
SZ,000811,-1.95,35663,36176
SH,600085,0.27,35590,35590
SH,600177,0.13,35532,36479
SZ,000559,-0.55,35497,35507
SZ,301377,-0.98,35365,151689
SH,600256,1.1,35284,35284
SH,603629,0.85,35268,35855
SH,600157,0.63,35127,35127
SH,688295,0.52,35010,35010
SH,600733,0.87,35000,36866
SH,600667,-3.9,34971,34971
SZ,300001,-0.87,34926,35744
SH,603268,0.45,34908,145287
SH,600141,-0.47,34850,34850
SH,603486,0.02,34791,35109
SH,600298,1.27,34766,35200
SZ,002738,0.25,34722,35223
SH,603369,0.4,34574,34574
SZ,002129,-0.8,34540,34569
SH,688266,-0.84,34454,34454
SZ,002032,0.73,34418,34433
SZ,000423,-0.08,34330,34391
SZ,002444,-0.12,34253,35679
SZ,000688,-0.09,34248,34248
SZ,302132,-0.13,34197,155917
SZ,000786,-0.58,34196,34453
SZ,002407,-0.93,34186,37725
SZ,002653,-0.4,34172,71294
SH,688122,0.46,33984,33984
SZ,002252,0,33930,33952
SH,603606,0.22,33867,33867
SZ,002340,-0.29,33857,34033
SZ,002056,-0.61,33719,33754
SH,688775,-2.47,33717,52130
SZ,002429,-0.53,33571,33590
SZ,300037,-0.83,33463,46138
SZ,003031,-0.19,33454,44361
SH,600588,0.62,33452,33452
SH,601598,0.94,33317,46342
SZ,300346,-1.16,33265,35049
SH,601126,-0.56,33226,33549
SZ,002601,0,33133,39745
SH,688808,-3.97,33131,176279
SH,601236,0.43,33087,33087
SZ,300832,0.42,32783,37707
SH,603225,0.1,32770,32946
SZ,000661,0.44,32573,33251
SH,601696,0.17,32558,32558
SH,603699,-0.78,32509,33244
SZ,002517,2.82,32417,36661
SH,600109,0.69,32311,32311
SZ,300207,-1.56,32239,34751
SH,600499,0.9,32220,32220
SH,688536,-1.45,32081,32655
SZ,000729,-0.15,31997,35936
SZ,000728,0.55,31986,31986
SH,601162,0.54,31984,37475
SZ,000002,0,31872,39133
SH,688599,0.22,31718,31718
SH,601611,0,31706,31706
SZ,300251,-0.34,31667,33472
SH,603568,-0.18,31587,31587
SH,688433,0.3,31567,31567
SH,600863,-0.2,31525,37844
SH,600348,0.93,31457,31457
SZ,000878,1.09,31457,38075
SZ,000800,0.31,31444,31447
SH,600282,0.59,31380,31380
SH,688676,-0.18,31224,31224
SZ,002126,-1.43,31122,33145
SH,600869,0.65,31093,31093
SH,600839,-0.87,31059,31067
SZ,300458,-4.02,31054,37897
SZ,002432,-0.18,31024,31066
SZ,000876,-0.13,31005,31024
SH,600483,0.54,30971,30971
SH,688213,-0.32,30895,38420
SH,688617,-0.2,30859,30859
SH,600332,-0.17,30845,35670
SZ,000883,0.64,30778,33627
SH,688027,-0.63,30743,39344
SH,600563,0.63,30726,30726
SZ,000027,0.31,30685,30685
SH,603338,0.2,30685,30685
SZ,300751,-1.7,30684,44376
SZ,002555,0.57,30620,42674
SH,600871,2.73,30616,42843
SH,688235,-1.05,30576,409632
SH,605358,-0.09,30401,30401
SH,600801,-0.21,30255,46881
SZ,300782,-0.96,30189,38725
SZ,002673,0.45,30036,30036
SH,688608,-0.48,29971,29971
SZ,002261,-0.71,29879,32847
SZ,002939,0.36,29866,33445
SZ,300454,0.38,29840,44714
SH,603766,0.14,29838,29838
SH,600398,0.81,29825,29825
SH,605589,0,29802,29818
SH,600707,0,29742,29748
SH,603308,-0.72,29593,29593
SH,603198,0.14,29360,29360
SZ,000958,0,29232,99459
SZ,300017,-0.63,29174,31096
SH,600517,0.79,29107,29107
SH,601990,0.29,29030,30181
SZ,000959,-1.01,28912,30089
SZ,300870,0.78,28862,28865
SH,688169,0.04,28830,28830
SZ,000629,0.32,28707,28709
SH,601000,1.47,28681,28681
SH,688362,-2.38,28450,28450
SZ,300347,-1.11,28443,43232
SH,600699,-0.58,28179,31310
SH,601933,-0.62,28114,28114
SZ,000060,0.48,28068,28068
SH,688300,-0.48,27844,27844
SH,688052,-1.73,27839,31740
SZ,300339,0.03,27833,28504
SZ,300672,0.14,27811,28705
SH,600369,0.48,27777,27777
SZ,002608,0.55,27731,27731
SH,600079,0.22,27700,29298
SZ,002025,-0.1,27691,27700
SZ,301236,-0.44,27681,36470
SH,601880,0.67,27620,35358
SZ,300748,-0.23,27618,33619
SH,601001,0.67,27583,27583
SH,688025,-2.96,27540,27540
SH,603939,-0.03,27509,27509
SZ,300628,-0.98,27503,48004
SH,688668,0.01,27467,27467
SZ,002797,0,27442,27442
SH,600428,2.56,27387,30732
SH,688180,-1.1,27314,36591
SH,688322,-1.39,27277,35161
SH,603444,0.23,27181,27181
SH,688297,0.7,27108,27108
SZ,000932,0.51,26999,26999
SH,600312,0.66,26989,26989
SZ,000951,-0.76,26945,26945
SH,600595,3.07,26933,26933
SH,603127,-2.49,26891,32102
SH,601799,-0.26,26862,26862
SH,600536,-0.08,26862,29732
SH,600637,0,26862,26862
SH,688301,-0.78,26812,26812
SH,688065,0.37,26789,33122
SZ,002859,4.87,26765,28348
SH,688568,-0.35,26747,26747
SH,603179,-0.99,26747,26747
SZ,000877,0.27,26664,26664
SZ,002378,0.54,26651,26792
SH,600737,0.16,26522,26522
SH,600777,1.46,26483,28290
SH,600515,0,26427,32905
SZ,000582,-0.72,26378,30784
SZ,002240,-0.64,26374,26443
SZ,300432,-0.75,26358,26655
SH,600153,0.89,26270,26270
SH,600862,0.86,26134,26134
SH,600331,2.31,26132,33971
SZ,002223,-0.03,26102,27769
SZ,002244,0.11,26086,29434
SZ,301511,-1,26078,43877
SH,601155,0.26,26007,26007
SH,603345,-1.01,25913,29446
SH,600704,0.6,25856,25856
SH,688385,-0.55,25837,39456
SH,600998,-0.38,25717,25717
SH,600299,0.48,25716,25716
SH,601918,0.92,25698,25698
SH,600732,1.16,25663,25784
SH,600918,0.36,25597,44422
SH,688411,0.83,25530,35135
SZ,002245,-0.99,25529,27134
SH,601615,-0.08,25464,25464
SZ,000737,0.83,25464,25466
SH,600641,-0.68,25462,25906
SH,600323,-0.02,25431,25431
SZ,002487,-0.78,25287,29663
SH,600166,0.63,25257,25257
SH,600546,1.92,25237,25237
SZ,000967,0,25216,25228
SZ,003022,-0.46,25167,25189
SH,600583,2.34,25113,25113
SH,600095,-0.1,25046,25046
SH,600295,0.88,25011,35433
SH,603049,-0.01,24986,43270
SZ,300438,-0.75,24909,31021
SH,601928,0.31,24889,24889
SH,600161,-0.15,24796,24796
SH,601717,0.75,24721,28620
SH,600521,1.35,24690,24690
SH,600566,-0.36,24637,24721
SH,688387,-0.24,24564,41640
SZ,000830,0.47,24564,24566
SZ,002465,-0.29,24531,24570
SZ,002152,0,24499,24511
SZ,002459,0,24437,24459
SH,600208,0.35,24418,24421
SH,603605,0.67,24368,24368
SH,600663,2.52,24362,38871
SZ,000921,-0.44,24360,36519
SZ,002046,1.24,24314,24590
SH,688192,-1.23,24292,24500
SZ,000981,-0.77,24259,25494
SH,688248,-0.73,24243,24243
SH,603160,-1.11,24231,24231
SZ,000738,-0.04,24226,24226
SH,688318,-0.29,24196,24196
SH,688127,-0.14,24192,24192
SZ,300558,-0.73,24153,24230
SH,689009,1.64,24030,31450
SH,601399,0.6,24021,24021
SZ,002131,0.24,24005,27764
SH,600259,0.3,24001,24001
SZ,000415,0.23,23945,27459
SH,601866,0.82,23888,32364
SZ,002222,-3.19,23820,23926
SH,600396,0,23799,23799
SH,600884,-0.98,23746,29059
SH,603885,-0.17,23707,23707
SZ,002498,-0.96,23687,23687
SZ,002379,1.51,23671,271438
SH,601099,0.87,23653,23653
SZ,300383,-0.74,23595,23638
SZ,002747,-2.92,23589,29179
SZ,300236,-2.38,23568,26515
SH,603688,-0.15,23563,23563
SH,603920,-0.02,23556,23556
SH,688278,-0.02,23540,23540
SH,603061,0.12,23526,23526
SH,688548,-0.49,23515,44886
SH,600100,0.29,23452,23452
SZ,300024,-1.11,23447,23453
SH,688349,0.07,23383,23789
SZ,300677,0,23374,32869
SH,688475,-0.19,23357,23357
SZ,002456,-0.13,23356,24611
SZ,920185,-0.89,23352,23743
SH,601228,0.32,23313,23313
SH,600977,0.24,23281,23281
SH,603301,-0.11,23216,23216
SH,601606,-3.89,23197,23197
SH,603067,-2.44,23187,23187
SH,601128,0.32,23166,23166
SH,688778,-1.31,23074,23074
SH,600873,-0.11,23023,23023
SZ,000155,-1.34,23003,23003
SH,601963,-0.08,22964,40935
SZ,002015,-0.2,22954,22954
SH,603596,0.39,22890,22890
SH,605090,0.68,22849,22872
SZ,002430,0.04,22845,22854
SZ,002603,-0.77,22837,27717
SZ,300255,-0.39,22812,22848
SZ,002841,-1.96,22804,30582
SH,688425,0,22774,22774
SZ,000962,-0.34,22718,23815
SH,600388,0.39,22683,22683
SZ,300570,-1.67,22677,26799
SZ,002271,-0.24,22629,28234
SZ,000733,0.97,22596,22599
SH,688333,0.22,22588,22588
SZ,002157,0,22584,26825
SH,601567,-0.3,22582,22582
SH,600390,0.8,22535,22535
SH,600098,0.47,22508,22508
SZ,301536,-4.46,22501,50690
SZ,000547,-0.2,22486,22618
SH,600132,0.39,22398,22398
SH,600330,-0.37,22375,22375
SZ,000750,0.52,22315,24587
SZ,002180,-2.31,22309,23319
SZ,000062,-0.83,22309,22330
SZ,300814,-0.26,22292,22292
SZ,000709,0.94,22221,22225
SZ,000887,-0.75,22200,22236
SZ,002266,-0.42,22179,23904
SH,603663,0.95,22155,22170
SH,688018,-2.96,22124,22124
SH,603565,0.48,22051,22051
SZ,002085,0.29,22040,22040
SH,688820,-0.97,22035,237392
SH,688819,0,21979,21979
SH,605111,-0.65,21942,21942
SH,600550,0.42,21914,21914
SZ,002926,0.24,21893,21893
SH,603233,0.95,21820,21820
SZ,301018,-0.69,21780,28823
SH,600598,0.41,21777,21777
SH,600685,0.23,21768,37458
SZ,002545,1.58,21767,23961
SZ,001389,-2.2,21752,67489
SZ,000623,0.05,21739,21825
SZ,002536,-2.46,21727,22940
SH,600246,-1.53,21721,22325
SH,600008,0.68,21655,21655
SH,601016,0,21617,23429
SZ,300496,-1.16,21549,26923
SH,688102,-0.6,21518,21581
SH,603737,-1.17,21515,21515
SH,603899,0.3,21503,21503
SZ,000034,-0.42,21407,25632
SZ,300738,-0.99,21353,21359
SH,600126,0.64,21344,21344
SZ,300209,1.82,21317,26949
SZ,002423,0.44,21244,21244
SH,600012,-0.81,21202,31079
SZ,002895,0.4,21164,21388
SH,600745,-0.53,21159,21159
SH,601608,0.22,21158,21158
SZ,000564,0,21133,25281
SZ,000683,0.16,21122,23490
SH,600765,0.44,21083,21083
SH,603833,-2.14,21058,21058
SH,688343,-1.54,21048,21048
SZ,300699,0.08,21028,21283
SZ,300474,-0.28,21027,27035
SZ,003035,0.36,20985,20985
SH,603077,0.42,20931,20931
SH,603816,0.71,20887,21029
SH,600170,0,20882,20882
SH,600970,0.51,20870,20870
SZ,301396,-1.01,20869,31697
SZ,002007,-0.07,20849,24190
SH,603678,3.89,20849,20849
SH,601106,0,20848,20848
SZ,300073,-0.86,20846,22425
SH,600688,0.71,20814,29941
SH,601677,1.7,20813,20813
SH,601118,0.21,20798,20798
SH,603881,0.04,20793,20793
SH,600516,0.19,20774,20774
SH,603823,-9.98,20739,20739
SH,601997,0.18,20731,20731
SH,688403,-0.99,20716,20716
SZ,000825,0.55,20677,20677
SZ,002948,-0.16,20605,34049
SZ,002468,-0.06,20527,21462
SH,600582,0.61,20486,20486
SH,603876,-0.58,20481,20481
SZ,300489,-1.83,20369,20444
SZ,300003,-0.38,20368,23780
SH,688195,-0.36,20367,20367
SZ,000158,0.24,20262,20398
SH,601158,0.24,20256,20256
SH,601666,0.74,20249,20249
SH,688114,-0.01,20237,20280
SH,600848,0.12,20229,21315
SZ,001896,0.3,20140,20140
SZ,301035,-0.48,20138,20168
SH,603236,-1.06,20115,20115
SZ,002396,0.8,20094,20178
SZ,002065,-0.13,20094,22150
SZ,002364,-0.74,20042,20238
SZ,300012,-0.35,20023,23543
SZ,000039,-0.1,19999,46861
SZ,002299,0.12,19973,20369
SH,601187,0,19961,20005
SZ,002317,0.04,19954,22268
SZ,300811,-0.42,19913,24275
SH,603730,-1.48,19896,19896
SH,600353,0,19858,19858
SH,603290,0.28,19800,19800
SH,603306,-1.79,19770,19770
SH,688005,-0.6,19716,19716
SZ,300763,-0.71,19604,24182
SH,603728,-1.45,19570,19570
SZ,001270,0.05,19512,19637
SH,603588,0.63,19497,19497
SZ,000519,-0.2,19496,19496
SZ,002262,0.14,19470,22378
SH,600967,-0.43,19452,19452
SZ,002318,0.3,19443,19915
SZ,002670,0.34,19399,23124
SZ,002500,0.56,19385,19385
SZ,002461,0,19300,19300
SZ,002120,0.29,19284,19860
SZ,002624,1.35,19264,20447
SH,603530,-0.03,19215,19392
SZ,000429,0.14,19185,30777
SH,603005,-1.1,19109,19109
SZ,300085,1.1,19091,20690
SH,600007,-0.1,19078,19078
SH,600339,1.79,19039,19039
SZ,300142,-0.97,19036,19304
SH,688372,-1.61,19027,19027
SH,688257,-0.03,19017,19017
SZ,300776,0.11,19009,30238
SZ,002265,-0.48,18967,18967
SH,600927,0.31,18914,18914
SH,603516,0,18890,18890
SZ,000686,0.37,18887,18887
SZ,002335,-0.62,18882,21591
SZ,002130,-0.23,18856,23014
SZ,002497,-0.27,18818,20470
SH,688363,3.01,18785,18785
SZ,300806,-0.06,18778,26059
SZ,300627,-0.23,18760,22652
SH,603658,0.09,18720,18720
SZ,301205,-2.62,18715,29070
SH,601865,-0.09,18706,23054
SH,600380,0.2,18697,18697
SH,601139,0.15,18670,18670
SH,600004,0.51,18650,20309
SH,600131,0.26,18644,18682
SZ,002831,-0.6,18641,33625
SH,603337,0.45,18634,19009
SH,603358,7.56,18591,18912
SZ,002683,-0.1,18537,21132
SZ,002716,2.31,18533,22528
SH,600518,-0.73,18522,18531
SH,688400,-1.07,18506,19244
SZ,300623,-1.06,18486,20045
SH,603529,0.65,18468,18832
SH,688123,0.36,18372,18372
SH,600602,0.65,18317,23319
SZ,300398,0.59,18278,18378
SZ,002389,-0.42,18277,18280
SZ,300762,-0.16,18211,18211
SH,603667,-1.24,18182,19023
SZ,000937,0.63,18166,18696
SH,600606,0,18130,18130
SH,688281,0.08,18122,18122
SZ,002739,-0.33,18093,18351
SH,603871,0.84,18085,18085
SZ,002756,-0.57,18065,25160
SH,688097,-0.36,18027,18027
SH,688270,-1.44,17971,17971
SH,600038,0.45,17961,22014
SZ,000528,0,17888,17913
SZ,000997,0.8,17882,17982
SH,600032,0.81,17867,17867
SZ,300821,0.34,17865,17868
SH,601969,2.03,17831,17940
SH,600655,0.66,17815,17822
SZ,300122,-0.31,17806,30138
SH,600820,0.71,17796,17796
SZ,002518,0.03,17729,18264
SZ,000875,-0.37,17715,19225
SZ,300903,-0.64,17695,23298
SZ,000591,0.22,17682,17689
SZ,002270,-0.79,17682,17683
SH,600316,0.24,17670,17670
SZ,300888,0.13,17660,17740
SZ,002145,0,17624,17625
SH,600120,0.39,17623,17623
SH,603000,0.25,17614,17614
SH,603186,-0.09,17609,17609
SH,603638,0.4,17579,17579
SH,688268,-1.3,17573,17573
SZ,000513,-0.02,17561,27445
SH,688772,-0.25,17495,17495
SZ,002044,-0.87,17473,17653
SH,601609,-0.09,17390,17390
SH,600956,0.54,17376,33302
SZ,002491,-0.46,17365,18155
SH,601333,0.66,17352,21746
SH,688502,-4.97,17293,17293
SZ,300140,0.18,17272,17293
SZ,000935,0.36,17238,17238
SH,688233,0.79,17213,17213
SZ,300779,-1.59,17158,22456
SZ,300843,-1.46,17120,17463
SH,688561,-0.51,17104,17104
SH,601975,0.83,16990,16990
SH,603733,0.29,16966,16966
SH,600179,0.92,16917,18534
SZ,002958,0.32,16863,17222
SH,603950,-1.37,16857,16871
SZ,000603,1.12,16855,17442
SZ,300747,-0.61,16829,18106
SH,688795,-1.58,16791,261119
SZ,002192,-1.12,16791,16826
SH,603115,-0.86,16763,16763
SH,600500,-0.42,16757,16757
SZ,000009,-0.14,16718,16739
SH,601326,0.29,16699,19612
SZ,300456,-0.67,16699,20465
SZ,001337,1.92,16691,16691
SH,600062,-4.84,16684,16690
SZ,300257,-1.79,16678,17359
SH,603786,-0.09,16647,16647
SZ,000969,0,16620,16766
SH,601966,0.71,16611,16611
SH,603773,-0.74,16581,16587
SH,601101,1.5,16560,16560
SZ,002925,-0.65,16558,17478
SZ,300724,0.1,16552,20037
SH,600739,0.74,16532,16532
SZ,300088,-1.62,16529,16610
SH,600750,0.15,16519,16697
SH,600867,0,16511,16511
SH,601636,0,16509,16509
SH,603858,0.06,16493,16493
SZ,000898,0.49,16392,19301
SZ,000032,-0.73,16368,16368
SH,688652,-1.9,16368,22772
SH,688131,-1.62,16361,16361
SH,688700,-0.01,16346,16346
SH,605196,-1.42,16336,16530
SH,600761,0.66,16317,16317
SZ,002402,-0.49,16312,18403
SH,605020,-0.51,16290,16545
SH,600577,-0.12,16263,16263
SH,600528,0.41,16151,16151
SH,603618,1.08,16144,16144
SZ,920438,0,16111,16697
SH,601519,0.12,16092,16092
SH,601156,-0.05,16068,27004
SH,600763,0.11,16067,16067
SH,600928,0.55,16057,16133
SZ,300083,-1.36,16055,17914
SZ,000682,-0.16,16047,16049
SH,600171,-0.39,16043,16043
SH,688523,0.28,16035,16035
SH,600435,0,16016,16016
SH,601921,0.14,15956,15956
SZ,002237,1.14,15930,19104
SZ,300144,0.65,15928,16097
SH,601020,3.53,15883,15883
SZ,001287,-0.47,15874,15874
SZ,000050,-0.9,15857,15857
SZ,000902,0.65,15828,17378
SZ,000723,0.84,15823,15853
SZ,001213,0,15822,15822
SZ,000970,1.17,15817,15817
SH,600114,-0.46,15810,16195
SZ,301297,-0.79,15810,20781
SZ,002611,-1.24,15802,19160
SZ,000766,-0.05,15794,15802
SZ,002312,0.48,15786,15819
SZ,000537,0.52,15767,15767
SZ,002149,0.34,15767,15769
SZ,000563,0.33,15751,15751
SH,603355,0.59,15745,15745
SH,603997,1.4,15636,15636
SH,688388,-0.12,15620,15620
SZ,300773,0.53,15604,16495
SH,601019,0.4,15589,15589
SH,603317,-0.06,15559,15559
SZ,300199,1.11,15552,18433
SZ,300002,1.45,15530,16505
SH,601137,0.54,15516,15528
SH,600808,0.78,15516,20022
SH,601702,1.44,15497,15497
SZ,003021,-0.89,15485,19979
SZ,300676,-0.31,15481,15566
SH,688503,-0.08,15476,15476
SZ,300568,-0.07,15470,19139
SH,688390,-0.44,15441,15441
SH,600511,0.54,15438,21051
SH,600226,0.39,15437,15437
SZ,300953,-0.92,15411,21441
SZ,002508,0.24,15394,15582
SH,688392,-0.85,15377,15377
SH,600623,0.99,15365,17359
SZ,000791,1.54,15350,25724
SH,605296,0.2,15348,15592
SZ,002405,0.15,15312,15406
SH,600959,0,15302,15302
SH,603226,0.12,15286,15286
SH,603132,1.17,15286,15286
SH,600452,0.51,15258,15258
SH,600872,0.41,15250,15316
SZ,000927,0.8,15247,15247
SH,603171,-0.39,15241,15258
SH,688596,-4.47,15197,15197
SH,603026,-2.04,15142,15142
SZ,000966,0.7,15108,15108
SH,605198,-0.68,15085,18634
SH,688449,-1.03,15077,23653
SH,688520,-1.01,15070,15916
SZ,300102,-0.48,15003,15075
SH,600186,-0.11,14993,15023
SZ,000778,0.26,14951,15219
SZ,000680,0.53,14922,17027
SH,688106,-1.13,14900,14900
SH,600022,0.72,14871,14871
SZ,002773,0.05,14869,19947
SZ,002171,0.44,14863,14947
SH,688582,-0.47,14860,14860
SZ,300660,-0.42,14849,14857
SZ,002320,0.61,14846,14846
SH,600110,-1.38,14818,14818
SH,600552,-0.05,14793,14793
SZ,002506,-0.77,14786,14801
SZ,002568,-1.16,14754,20166
SH,600548,0,14727,21800
SH,601965,0.55,14726,14789
SZ,300503,-1.38,14719,18808
SH,603025,-0.07,14719,14818
SH,688279,-0.69,14632,18004
SH,600710,0.99,14623,14623
SH,601568,0.55,14618,14618
SZ,001248,-1.35,14608,178826
SH,603938,0.29,14582,14582
SZ,300657,-0.41,14580,15004
SH,688484,-0.89,14579,14645
SH,688353,-1.87,14559,14559
SZ,300170,0.96,14556,15242
SH,600410,-0.44,14550,14550
SZ,000539,0.71,14540,29874
SH,600744,0.56,14523,14523
SH,600629,-0.31,14522,14522
SZ,002911,0.53,14520,14877
SZ,300723,-1.02,14517,15642
SH,688779,0,14508,14508
SH,688380,-1.81,14465,14465
SH,600877,-0.32,14457,14457
SH,688166,-1.27,14429,14429
SH,601375,0.48,14376,19361
SZ,002946,-0.52,14335,14503
SZ,300735,-0.36,14330,15308
SH,603283,-0.01,14274,14274
SZ,300999,0.04,14261,142479
SZ,002957,-0.28,14260,14305
SH,600888,0.55,14257,14257
SH,688332,-1.3,14256,14256
SH,600151,0.4,14242,14242
SH,688100,0.24,14209,14333
SH,600531,1.21,14209,14209
SH,600320,0.47,14201,22551
SH,688150,-0.19,14198,14198
SH,600056,0,14176,14181
SZ,001286,0.19,14175,39375
SH,688690,-0.5,14174,14174
SZ,300957,0.99,14134,14212
SZ,300364,0.28,14133,15590
SZ,002410,0.45,14131,14867
SH,603002,-0.63,14119,14119
SH,600361,1.07,14109,14109
SH,600621,0.68,14099,14099
SH,688206,-0.76,14062,14062
SZ,000581,0.34,14028,17083
SZ,001301,-2.24,14021,19656
SZ,000088,0.68,14012,23034
SZ,301285,-0.85,14008,14008
SZ,002408,0.59,14003,14470
SZ,002250,-0.18,13962,14038
SH,600816,0.79,13946,25103
SZ,301550,-0.75,13943,22780
SZ,002176,-0.23,13921,13941
SH,688538,0.41,13920,33419
SH,600409,1.2,13914,13914
SH,600267,-0.67,13880,13880
SH,600459,0.83,13880,15041
SZ,000422,0,13879,14269
SH,601678,3.04,13833,16309
SH,600057,0.61,13831,18766
SZ,300260,-2.86,13830,19607
SH,600258,0.49,13812,13812
SH,600596,-0.19,13806,13806
SZ,300201,-0.57,13790,13864
SZ,300131,-1.11,13789,15016
SH,688029,0.64,13784,13784
SZ,002969,-4.25,13747,13819
SH,688368,-1.05,13743,22641
SH,600403,1.77,13723,13723
SZ,002507,0.42,13706,13743
SH,603613,0.53,13683,13683
SH,600779,0,13679,13679
SZ,000089,0.45,13679,13679
SH,600906,0,13659,20865
SH,603505,0.81,13652,13652
SH,688003,0.06,13635,13635
SH,603662,-0.36,13615,13615
SZ,301316,-0.51,13568,13997
SH,601827,0.25,13559,13559
SH,600651,0.37,13538,13538
SH,600064,0.51,13514,13514
SZ,002867,0.48,13500,13579
SH,601778,0.28,13477,13477
SZ,300679,-0.07,13468,15918
SH,600456,1.04,13464,13464
SH,600397,1.72,13463,13463
SH,603063,0.48,13451,13507
SH,600575,0.87,13446,24797
SH,688308,-1.75,13446,13446
SH,600416,0.33,13444,13444
SZ,002249,-0.27,13438,17787
SZ,002158,-2.39,13435,13464
SH,600675,0,13422,13422
SH,600633,0.38,13416,13416
SZ,300602,-0.67,13411,19605
SZ,002290,1.35,13410,13453
SZ,300655,-1.88,13379,13441
SZ,301171,1.95,13350,16453
SH,688531,-0.93,13337,19242
SZ,300671,-2.12,13311,13347
SZ,000612,1.27,13293,13293
SH,603868,0.16,13290,13290
SH,600167,0.69,13215,13215
SH,600490,1.69,13191,14649
SH,600933,0.45,13175,13833
SH,600529,0.61,13133,13133
SH,600764,-0.37,13111,13111
SH,605289,-0.68,13106,13125
SH,600285,-0.08,13092,13106
SH,600155,0,13082,13082
SZ,002010,0.42,13070,13102
SH,603456,0.27,13058,13058
SZ,002552,0.57,13049,13739
SZ,002906,-0.47,13042,13049
SH,688382,-2.33,13041,13041
SH,603707,-0.36,13038,13038
SZ,000534,-1.25,13011,13192
SZ,000785,-0.43,13002,13949
SZ,300253,0.29,12982,15409
SH,603826,-0.58,12981,12981
SH,688802,-0.97,12952,279686
SZ,300342,-0.44,12945,13138
SH,600201,1.04,12936,12936
SH,605099,-1.16,12891,12919
SZ,301389,-0.47,12854,12854
SZ,002048,-0.7,12804,14685
SH,600916,0.66,12802,12802
SZ,002153,0.63,12798,21834
SZ,002901,-0.17,12794,18366
SH,603009,-1.04,12782,12782
SZ,002372,-0.45,12767,13819
SZ,301275,-0.32,12756,17910
SH,603305,-0.53,12747,12747
SH,600717,0.69,12734,12734
SH,688055,0,12733,12733
SZ,301611,-1.4,12729,37862
SZ,002936,-0.54,12723,16457
SZ,001696,-1.92,12711,16328
SH,688088,1.44,12709,12709
SZ,300323,-0.73,12708,17366
SH,605507,-0.36,12698,12698
SZ,000672,-0.82,12689,12689
SZ,002701,0.2,12685,12696
SH,600827,1.15,12675,14095
SZ,002440,-1.82,12672,15050
SZ,002847,-1.23,12641,14007
SH,600821,0.16,12630,12630
SZ,002979,-1.69,12625,17910
SH,688593,-1.95,12623,12623
SZ,300613,-2.24,12617,13375
SH,600850,-0.05,12603,12603
SH,688686,-0.94,12590,12590
SH,688006,-0.28,12581,12581
SH,600271,-0.43,12563,12563
SH,600116,0.92,12544,12544
SH,603515,0,12534,12611
SH,688549,-2.87,12517,31377
SZ,002913,0.29,12492,12980
SH,688535,-1.16,12487,13398
SH,601107,0.35,12479,17645
SH,600755,0.34,12473,12505
SH,603118,-4.8,12470,12470
SZ,002091,0.52,12466,12664
SH,605599,0.56,12460,12460
SH,600063,1.35,12456,12456
SZ,002258,5.85,12443,12463
SH,603882,-1.41,12437,12522
SZ,300457,-0.04,12405,12607
SH,603203,-0.07,12397,12540
SZ,300455,0.23,12394,12554
SZ,002151,-0.31,12381,15180
SH,605389,0.37,12377,13088
SZ,002597,1.21,12366,12389
SZ,000620,-1.11,12333,15502
SH,600315,0.66,12329,12329
SZ,301093,0.03,12280,12862
SH,600211,-0.2,12277,12277
SH,688545,-1.63,12251,24199
SZ,301219,-0.1,12236,17143
SZ,002768,-0.97,12229,20942
SH,603556,2.32,12210,12210
SZ,301128,-0.83,12178,13845
SZ,300409,0.23,12170,13674
SZ,000506,3.07,12166,12170
SZ,301319,-0.06,12165,16141
SZ,300761,0.21,12162,16157
SZ,300070,0.57,12159,12830
SZ,300975,1.56,12154,16969
SH,600113,0.54,12145,12433
SH,688567,0,12135,12135
SZ,300296,-0.37,12114,14184
SH,688116,-0.2,12107,12107
SH,600366,0.73,12089,12089
SZ,300184,-0.77,12088,13203
SH,688516,0.05,12084,12084
SZ,002755,-0.75,12047,12048
SH,600461,0.64,12033,12033
SH,603888,0.31,12016,12016
SZ,300179,-0.76,12012,15601
SH,688661,0.16,12011,12011
SZ,300436,-1.26,11991,13968
SZ,002399,-0.92,11986,14101
SH,688401,-1.19,11974,12719
SZ,301015,-0.47,11956,11958
SZ,002268,-0.41,11952,11957
SZ,300034,-0.05,11943,12409
SZ,000973,-0.56,11909,30261
SZ,002167,1.42,11881,12131
SH,601339,-1.48,11877,11877
SH,603389,1.8,11876,11876
SZ,000069,0,11866,13825
SH,603800,-0.74,11858,11858
SZ,000567,1.33,11847,11884
SH,600338,1.01,11839,11839
SH,603589,0.51,11831,11831
SZ,300469,-1.34,11790,11796
SZ,002183,0,11790,11790
SZ,301039,-1.33,11779,15199
SH,600363,0.31,11773,11773
SZ,002096,1.17,11772,11772
SZ,002287,-0.43,11756,11780
SH,688107,2.7,11753,11753
SH,601992,0,11751,15056
SZ,300100,-0.46,11744,12182
SH,600776,0,11740,15424
SZ,002416,0.52,11725,11872
SZ,000758,0.51,11718,11763
SZ,920808,-1.54,11713,12040
SH,605118,-0.48,11669,11738
SH,603119,-0.8,11662,20806
SZ,000762,0,11656,11656
SH,601222,0.35,11655,11655
SZ,301005,-0.23,11637,11879
SH,603078,-1.43,11623,11623
SZ,300573,-0.13,11621,15133
SZ,002643,-0.45,11621,11797
SH,601512,0.13,11601,11601
SH,688809,-0.87,11597,57986
SZ,301238,-0.68,11579,11579
SZ,000156,0.44,11576,12618
SZ,002310,0.38,11569,15778
SH,601068,0.67,11569,13505
SH,688016,0.03,11568,11568
SH,600859,0.98,11542,11543
SH,600301,2.05,11537,26505
SZ,000035,0,11519,11892
SZ,301626,8.16,11496,25274
SH,601619,1.29,11492,13749
SZ,000801,-0.17,11491,11495
SZ,002668,0,11481,11481
SH,688603,1.81,11475,11475
SZ,000553,0.19,11473,12278
SZ,300357,-0.37,11464,12404
SZ,002645,0.18,11462,12690
SZ,002092,0.23,11461,11526
SZ,002531,-0.61,11453,11518
SH,600882,-1.18,11445,11445
SH,600216,-0.24,11436,11559
SH,688158,-0.13,11431,12849
SH,603983,-2.59,11429,11429
SZ,000681,0.18,11427,11840
SZ,300146,-0.09,11397,17204
SZ,301095,-2.22,11374,13166
SH,600612,0.9,11372,18759
SH,600864,0.55,11360,11360
SH,600783,1.06,11359,11359
SH,600702,0.18,11333,11338
SH,603738,-0.53,11318,11318
SH,603031,-0.29,11318,13458
SZ,002607,-1.91,11309,12581
SH,600006,0,11300,11300
SH,603698,-0.27,11299,11299
SH,603927,0.37,11269,11269
SZ,002745,0.38,11269,15717
SZ,300166,-0.87,11268,14166
SZ,002617,-0.82,11266,11455
SZ,300674,0.69,11248,11265
SZ,300229,0.08,11227,11235
SH,688222,-2.5,11227,11227
SH,688258,1.22,11213,11213
SH,603267,2.49,11205,11205
SH,688198,0.46,11196,11196
SH,601952,0.25,11189,11189
SZ,300428,-0.63,11183,12848
SZ,002174,0.18,11183,11189
SZ,002011,0,11167,11304
SH,603393,1.35,11158,11158
SH,600343,-1.23,11156,11156
SH,600908,0.54,11116,12202
SH,688321,-0.57,11113,12070
SZ,002003,0.37,11110,12923
SZ,001331,0.41,11108,15903
SH,600635,0.66,11102,13552
SZ,300468,0.62,11094,11112
SZ,300718,-1.68,11091,16851
SZ,300775,-0.61,11090,11422
SZ,002698,-1.86,11084,13426
SZ,001339,-0.34,11074,22434
SZ,301666,-0.68,11073,182164
SH,688660,-0.11,11067,11067
SZ,301293,-1.53,11066,11066
SZ,000990,0.15,11059,11059
SH,600559,0.5,11032,11032
SZ,002987,-0.36,11021,11310
SZ,301029,-0.68,11018,15469
SZ,002246,-1.07,11014,11014
SZ,300835,-0.29,11014,15714
SZ,002839,0.45,11014,11024
SZ,000592,-0.16,11012,11108
SZ,002024,-0.82,11011,11025
SZ,000711,0.87,11002,13643
SH,603693,0.82,11001,11001
SZ,000099,0.21,11000,11000
SZ,300601,-0.56,10994,13638
SH,600572,0,10988,11017
SH,688260,3.42,10985,10985
SZ,002043,-1.01,10974,11276
SZ,002807,0,10949,10966
SZ,000028,0.24,10948,12746
SZ,002400,0.32,10944,11053
SH,600248,1.37,10932,10956
SH,688559,-0.33,10926,10926
SH,601801,0.9,10925,10925
SZ,300682,-0.46,10922,11419
SZ,000767,-0.26,10921,11539
SZ,300133,-0.45,10900,12280
SZ,000998,0.24,10896,12182
SZ,002051,-1.76,10878,10879
SZ,000070,-0.3,10863,11011
SZ,300185,0,10847,11382
SZ,300726,3.42,10844,20827
SZ,001258,0,10836,10836
SH,688306,-0.67,10821,10821
SZ,002838,-0.88,10793,12276
SH,688663,-1.49,10764,10764
SH,688143,-0.82,10736,11298
SH,601022,0.24,10731,10731
SZ,000899,0.37,10723,10723
SH,688063,-0.6,10710,10710
SZ,300593,0,10667,12852
SZ,002366,-0.34,10658,11986
SZ,002947,-1.57,10653,13764
SZ,002544,-0.12,10643,10644
SZ,300315,0,10623,11318
SZ,300638,-1.42,10614,17994
SZ,300376,-0.43,10613,10617
SZ,002975,0.18,10601,16064
SZ,301150,-0.73,10598,11298
SH,600395,1.23,10583,10583
SH,603093,0.41,10579,13285
SZ,002373,0.26,10566,12120
SZ,000555,0.18,10565,10577
SH,688028,-0.26,10565,10565
SH,600986,0.28,10560,10560
SH,600993,0.57,10551,10569
SZ,300182,0.21,10551,12440
SZ,000061,0,10551,11672
SZ,001280,0.02,10530,125352
SH,600507,-0.21,10525,10525
SH,600058,-0.4,10515,10515
SH,600589,-0.13,10512,10534
SH,603235,-0.07,10507,10507
SZ,300777,0.12,10501,10716
SZ,002139,0.1,10497,12219
SH,600509,-0.38,10487,10487
SH,600480,-0.11,10482,10560
SZ,002539,-0.07,10482,14227
SZ,000839,-5.31,10466,10466
SZ,301267,-0.05,10466,13558
SZ,002534,1.04,10466,10600
SH,601038,-0.06,10456,16057
SH,603989,0.65,10440,10440
SH,603027,0.64,10433,10433
SZ,000828,0.3,10426,10426
SH,601163,0,10424,10424
SH,603906,-1.69,10421,14643
SZ,002583,0.25,10416,14767
SZ,002204,0.37,10410,10410
SH,601900,0.85,10407,10407
SH,603099,1.09,10396,10396
SZ,002385,0,10391,12900
SZ,002557,-0.52,10388,10421
SZ,300049,-1.23,10383,11734
SZ,301207,-0.51,10379,10386
SH,688202,-2.24,10372,10372
SH,603757,-1.08,10366,10366
SZ,001399,-0.82,10342,177923
SZ,000810,-0.52,10340,10708
SZ,002217,-0.69,10337,10621
SH,688153,-0.95,10329,10629
SH,688046,-0.94,10312,10312
SH,603619,4.6,10310,10310
SZ,002984,0.49,10302,14954
SZ,301087,-0.44,10295,12519
SH,600383,0.44,10293,10293
SZ,002413,-0.24,10247,10436
SZ,002541,0.29,10241,14242
SZ,300224,0,10237,10275
SZ,002891,0.6,10233,10233
SZ,300008,0,10230,10731
SH,601003,4.72,10226,10511
SH,603992,-0.25,10225,10225
SH,600163,0.37,10200,10200
SZ,000727,0,10192,10192
SZ,000815,-2.32,10186,10186
SZ,002182,-0.5,10178,11663
SH,600787,0.64,10178,10178
SH,603218,-0.09,10176,10185
SH,603281,-0.65,10170,10170
SZ,002929,-0.69,10164,13440
SH,603040,-0.83,10162,10215
SH,600123,0.15,10121,10121
SZ,300026,-0.58,10114,10124
SZ,300009,0.12,10113,13733
SZ,300302,0.4,10109,13137
SH,603991,-0.95,10109,17241
SH,688068,-1.51,10094,10094
SH,601949,0.57,10091,10091
SH,600662,0.23,10086,10116
SZ,002276,-0.59,10071,10111
SZ,002897,-0.74,10062,10578
SH,600446,0.76,10043,10043
SH,601882,0,10038,10038
SZ,300065,-0.45,10031,11018
SZ,002354,-0.31,10031,10209
SZ,300204,-1.24,10012,11947
SH,688031,0.44,10007,10007
SH,600728,1.08,10002,10002
SH,600033,0.55,9990,9990
SZ,002020,-0.64,9984,11874
SZ,002081,1.07,9969,10011
SZ,301123,-1.06,9964,14165
SH,600759,1.69,9945,9958
SH,603341,-0.66,9932,19498
SH,600373,0.68,9930,9930
SH,688383,0.77,9927,9927
SH,603297,-3.71,9921,9921
SH,603300,0.2,9916,9916
SZ,301071,-0.07,9914,13486
SH,600718,0.24,9895,9895
SH,601886,0.58,9857,9857
SZ,000949,-0.33,9856,9859
SZ,003036,-0.01,9853,9853
SH,688275,-0.78,9852,9852
SH,600072,0.66,9848,13641
SZ,002254,0.52,9833,9844
SH,600648,0.35,9830,11750
SH,600757,0.62,9817,9818
SH,688059,-0.15,9802,10473
SZ,002978,0.42,9790,12512
SH,601811,0.24,9788,15250
SZ,000552,0.38,9762,14022
SH,605016,3.2,9744,9744
SH,600458,0.27,9743,10675
SH,600269,0.98,9669,9669
SZ,002387,-3.74,9667,9680
SZ,000917,0.59,9667,9668
SH,603713,-0.4,9656,9656
SH,600597,0,9649,9649
SH,603323,0.46,9637,9637
SH,688698,-1.44,9631,9631
SZ,000048,0.33,9617,9634
SZ,000401,0.27,9604,9695
SZ,000403,0,9604,9704
SZ,002100,0,9598,9598
SZ,002063,0,9589,10382
SZ,002654,-0.43,9585,9586
SZ,001914,0.22,9578,9578
SZ,000600,0,9571,15832
SH,600376,0.54,9570,9570
SH,603883,0.4,9562,9562
SZ,000410,-0.2,9559,12848
SH,600184,0,9557,9557
SZ,301486,-0.93,9550,16870
SH,603599,0.87,9549,9549
SZ,301381,0.95,9539,9548
SZ,300607,-2.71,9538,13479
SH,600037,0.29,9534,9534
SZ,300377,0.88,9521,10349
SZ,000923,1,9513,9889
SH,688182,-0.7,9504,9504
SH,603039,-0.15,9500,9500
SH,601200,1,9491,9491
SH,688032,-0.22,9488,9488
SH,688797,1.87,9486,50463
SH,603185,-0.13,9472,9529
SZ,002061,0.28,9461,9621
SZ,000049,-0.88,9456,9458
SH,688543,0.03,9456,9456
SZ,300580,-2.52,9452,10046
SZ,002675,0,9448,10481
SZ,002779,-0.6,9444,10526
SZ,300684,-1.08,9433,13810
SH,600971,0.38,9432,9432
SH,600328,0.47,9428,9428
SH,688277,5.81,9422,9422
SH,600367,2.17,9414,9975
SZ,300353,-0.22,9413,10718
SZ,002345,1.69,9401,9631
SZ,002832,-0.57,9401,13777
SZ,301078,0.13,9399,9409
SH,601311,0.38,9397,9397
SH,603100,0.82,9387,9417
SH,605255,-7.64,9386,9386
SZ,300077,-1.18,9373,11223
SZ,002647,0.33,9371,10433
SZ,300913,-0.35,9367,11233
SH,688160,-1.03,9367,9367
SZ,002338,-2.29,9365,9365
SH,600360,-0.8,9353,9353
SZ,002181,0.61,9349,9567
SZ,000031,-0.45,9344,9344
SZ,300139,2.28,9344,10957
SH,601860,0.77,9341,9629
SZ,000795,-0.11,9332,9332
SH,603057,0.89,9332,9402
SZ,000516,0.48,9326,9471
SZ,002293,-0.52,9324,9402
SH,688351,-0.54,9323,9323
SH,688105,-0.65,9321,9321
SZ,002705,0.26,9312,9361
SZ,301090,-0.15,9311,9321
SH,600740,0.55,9300,9300
SZ,000950,0,9300,9300
SZ,000700,-1.35,9299,9299
SH,600649,0.54,9292,9292
SZ,300303,-0.98,9287,9903
SZ,002208,-2.77,9275,9278
SH,688359,0.04,9274,9274
SH,600391,-0.31,9273,9273
SZ,000837,-0.64,9268,9413
SZ,300529,0.17,9259,14431
SZ,000656,-0.8,9257,12918
SZ,002741,-0.41,9246,10075
SZ,002961,0.31,9243,9243
SH,603303,0.52,9238,9238
SZ,002865,-0.47,9232,12855
SZ,301188,1.62,9227,9227
SZ,002297,-0.61,9227,9227
SH,600273,0.43,9219,9219
SZ,002170,0.26,9214,11334
SZ,300693,-0.02,9208,10713
SZ,301031,-0.14,9201,11704
SH,603601,0.63,9196,9196
SZ,001227,0,9194,12417
SZ,300618,0.18,9194,10449
SH,600782,0.69,9185,9297
SH,603583,-0.32,9162,9247
SH,600307,0,9145,9145
SH,603533,1.02,9129,9129
SZ,002967,-0.29,9128,10627
SH,605123,0.17,9127,9127
SZ,300415,-0.14,9116,9427
SH,601528,0.2,9112,9634
SH,605318,-0.37,9110,9110
SZ,301338,-0.31,9106,12498
SH,603327,1.04,9106,9106
SH,688319,-0.17,9105,9105
SZ,002922,0.37,9093,10193
SZ,003018,-0.27,9093,10034
SZ,000065,0.11,9057,10790
SH,600185,0.21,9048,9048
SH,603328,-0.43,9046,9046
SH,688209,-1.36,9044,9044
SH,600198,-1.13,9036,9047
SZ,301183,-1.5,8993,12268
SZ,002565,0.47,8988,8989
SH,600133,3.06,8988,8988
SZ,300007,-0.55,8981,10393
SZ,002031,-1.67,8975,10315
SZ,002348,-0.09,8972,9862
SH,688138,-1.1,8972,8972
SZ,300304,0.1,8964,9212
SH,600389,2.36,8958,8958
SH,603690,-5.72,8942,8942
SZ,300188,-0.28,8932,8973
SH,603052,-0.82,8929,8929
SZ,002233,-0.12,8918,8924
SH,688128,0.5,8915,8915
SZ,300720,-3,8907,9426
SZ,000848,-0.89,8888,8966
SZ,301177,0.05,8876,8882
SH,603712,-0.08,8870,8870
SH,688139,0.36,8859,8859
SH,603103,0.14,8853,8853
SZ,000676,-1.94,8851,8856
SZ,002053,0.63,8848,8848
SH,603011,1.02,8845,8845
SZ,300277,-0.34,8841,17517
SZ,000510,0.83,8832,9443
SH,688726,0.22,8832,16278
SH,600929,0,8824,8824
SH,603169,0.75,8817,8817
SZ,000833,0.15,8815,15584
SZ,301109,0.36,8815,11142
SZ,000829,0.23,8808,8816
SZ,300113,-0.62,8801,11656
SH,688289,0,8801,8801
SZ,300951,0.33,8798,9844
SZ,002815,-0.6,8797,13971
SH,600162,2.28,8792,8792
SH,688378,0.36,8759,9503
SZ,301021,-0.68,8759,8769
SH,688584,-1.31,8758,17071
SH,600508,0.82,8752,8752
SH,603360,-0.79,8750,8750
SZ,002937,-0.6,8737,8760
SH,688376,-0.97,8725,8725
SH,603859,-0.93,8723,9497
SZ,000006,-0.76,8721,8721
SZ,002655,1.27,8718,8735
SH,603508,0.57,8716,8716
SH,600645,-0.36,8705,8709
SH,605060,-1.66,8697,8758
SZ,300596,-0.25,8695,8886
SH,600345,-0.14,8695,13547
SZ,300118,-0.84,8684,10682
SZ,002099,-1.82,8682,8693
SZ,002827,10,8680,8713
SZ,002931,-1.69,8672,9354
SZ,000930,0.21,8669,8670
SZ,301216,-0.61,8665,9231
SZ,000550,0.24,8658,14416
SH,688020,-0.28,8658,8658
SZ,002426,0,8643,8643
SZ,000761,0.43,8641,9573
SZ,002289,-0.78,8636,8820
SZ,002368,-0.13,8627,8669
SH,600129,-0.25,8613,8613
SZ,300382,-0.22,8610,8611
SH,600266,0.24,8594,8594
SZ,000536,-0.63,8593,8602
SZ,002019,-0.48,8585,12395
SH,688552,0.32,8580,8580
SH,600997,0.56,8574,8574
SH,605305,1.05,8569,8569
SZ,301357,-2.53,8568,8568
SZ,000719,0.23,8560,13128
SZ,002039,0.55,8555,8555
SH,603124,-0.34,8540,16038
SZ,300331,-1.25,8534,9976
SZ,301606,-1.44,8527,21443
SH,600478,-0.19,8503,8503
SZ,301127,-1.06,8494,8749
SH,688327,0.1,8491,10577
SH,600936,-1.54,8489,8489
SH,688076,-0.88,8484,8484
SH,605006,-0.07,8484,8484
SZ,300181,-1.25,8471,9854
SZ,002062,0.27,8447,9292
SH,605298,-0.32,8439,8511
SZ,300263,-0.45,8438,8953
SZ,300483,1.86,8432,8438
SH,600017,0,8427,8427
SZ,002216,-0.06,8424,11746
SZ,002985,0,8422,8446
SZ,002993,-0.24,8420,9747
SH,603612,0,8418,8418
SZ,301345,-1.04,8399,26146
SH,688090,-0.54,8398,8398
SZ,002626,-0.5,8392,8393
SH,600567,0,8389,8389
SH,600686,0.26,8382,8382
SH,600996,0.6,8378,8378
SH,603809,2.13,8375,8375
SH,603538,-0.91,8366,8440
SH,600693,1.37,8342,8351
SZ,002173,-3.21,8342,8746
SZ,002332,0,8339,8379
SH,603915,-0.77,8333,8475
SZ,002239,0,8329,8959
SZ,000980,0.61,8320,8320
SZ,002169,-0.62,8315,8578
SZ,300244,-1.3,8309,10356
SZ,002243,-0.13,8309,8353
SZ,002580,-1.33,8305,8333
SZ,300863,-0.77,8302,8642
SH,688611,-0.67,8298,8298
SZ,002392,-0.55,8288,8524
SH,688125,-0.32,8284,8306
SH,688261,-0.93,8267,8304
SH,688789,-0.66,8265,8265
SZ,301091,0,8262,8262
SH,600481,0,8257,8257
SH,688586,0.87,8254,8254
SZ,002004,0.69,8249,8672
SZ,301363,-2.1,8248,12576
SH,688165,-0.68,8244,8244
SZ,300328,-2.75,8238,8278
SH,600812,0,8236,8236
SZ,002842,1.19,8228,10028
SZ,000885,0.23,8219,8219
SH,603399,1.45,8217,8217
SH,600094,0.78,8207,8974
SZ,300855,1.16,8200,11071
SZ,002292,-0.36,8194,11904
SH,603125,0.1,8190,8190
SH,600502,0.42,8188,8188
SZ,002190,0.4,8186,8186
SH,601890,-0.11,8184,8184
SH,600666,-0.29,8182,8997
SH,601089,-0.34,8170,8170
SZ,300005,0.11,8169,8236
SZ,002928,-0.61,8168,8168
SH,603227,0.93,8166,8166
SZ,300772,-0.08,8165,9206
SZ,000818,-0.55,8162,8184
SZ,002458,-1.39,8156,12079
SZ,301047,-0.76,8155,8296
SZ,300072,0.29,8136,8201
SH,603890,-1.08,8132,8132
SH,603936,0,8132,8325
SH,688739,-0.04,8130,8225
SH,688190,-0.48,8120,8120
SH,688508,-2.33,8111,8111
SZ,300624,0.7,8108,9154
SH,600556,0.45,8099,8099
SZ,002221,0.54,8093,8732
SZ,002706,-0.55,8083,9928
SZ,002283,-0.61,8083,9184
SZ,300101,0.07,8077,8104
SZ,000860,0.28,8063,8063
SH,601929,0.43,8061,8061
SZ,002792,-0.57,8050,12483
SZ,300634,0.22,8047,8361
SH,688513,-1.78,8041,8041
SZ,300035,-0.42,8033,9438
SZ,300741,1.88,8025,8025
SH,688262,-0.57,8020,8020
SH,600639,0.11,8018,10584
SZ,301382,-1.59,8010,9679
SZ,002075,0.55,8007,8007
SH,600973,-0.33,7995,7995
SZ,002251,0.27,7986,9975
SH,601828,0,7983,9622
SZ,300910,-0.26,7979,11392
SZ,300042,-0.09,7971,7972
SH,603496,-2.34,7967,7967
SH,600935,0,7962,8160
SH,688662,-0.31,7961,7961
SH,688677,-0.2,7959,7959
SH,688050,0.32,7956,7956
SZ,002488,-0.91,7950,8601
SH,603043,1.44,7947,8015
SH,688035,-0.86,7937,7937
SH,688486,-1.02,7930,7931
SZ,000533,-4.61,7924,7993
SZ,300770,0.49,7915,7915
SZ,002737,-1.23,7913,7913
SZ,002115,-0.92,7910,8533
SZ,002639,0.42,7902,9332
SH,688239,-0.64,7889,7889
SZ,002761,0.41,7886,9658
SH,600075,0.66,7873,7873
SZ,300130,0,7871,10285
SH,688253,0.3,7868,7868
SZ,301327,0.18,7865,7865
SH,605116,-0.56,7860,7860
SH,603163,1,7850,7850
SH,603053,0.46,7840,7840
SH,603033,0.39,7837,7981
SZ,300145,-1.19,7834,7873
SH,600751,1,7822,8814
SZ,002309,-0.9,7820,9775
SH,600587,0,7820,7820
SH,603279,0.3,7816,7816
SZ,002277,-2.43,7807,7807
SH,601718,1.7,7806,7806
SZ,002703,0.3,7806,10957
SH,600618,0.48,7806,12038
SH,603319,-0.81,7797,7797
SH,605319,-0.83,7792,7835
SH,603220,-1.36,7791,9622
SZ,300740,0.62,7781,8384
SZ,002036,1.94,7779,7794
SH,603919,-0.19,7771,7771
SZ,000823,-0.52,7764,7764
SH,605333,-0.29,7763,7763
SH,600861,1.11,7761,7761
SH,605008,-0.57,7758,7758
SZ,002119,-1.37,7750,7750
SH,688439,-0.17,7742,7742
SH,688231,1.09,7740,7740
SH,688485,-1.97,7740,7740
SZ,003009,-0.46,7737,7738
SZ,002515,-0.56,7735,8499
SH,600335,1.17,7735,7735
SZ,002017,0.15,7727,7731
SZ,002759,3.56,7725,7731
SH,688083,-0.34,7709,7709
SZ,300486,-0.79,7708,7711
SZ,002718,0.04,7705,10612
SZ,300294,-0.19,7700,7700
SZ,300363,-0.69,7691,8434
SH,688622,-0.59,7686,7686
SZ,000012,0.51,7681,11926
SZ,002097,0,7669,7684
SH,605222,-0.37,7668,7668
SH,600305,0.29,7655,7666
SH,601686,0.58,7648,7648
SZ,002516,0.19,7638,7692
SZ,002125,-0.73,7636,7636
SH,600055,0,7628,7628
SZ,002588,0.34,7616,10217
SH,603055,0.47,7611,7639
SZ,000712,0.12,7605,7607
SZ,002110,0.97,7603,7603
SZ,300497,-0.99,7603,9049
SH,688091,0.24,7602,7625
SZ,300725,-1.62,7600,8765
SZ,002960,0.26,7591,8261
SH,601595,0.18,7588,7588
SZ,300480,-1.36,7586,10396
SZ,002941,-0.37,7582,7582
SH,600746,-0.3,7579,7579
SZ,002386,0.87,7574,7576
SH,688612,0.85,7573,12366
SH,603181,-0.15,7565,7565
SZ,002030,-1.27,7551,7551
SZ,300641,0.14,7536,7536
SZ,002585,7.88,7529,9690
SH,600917,-0.2,7524,7524
SH,688227,-0.3,7524,7524
SH,603680,-0.41,7516,7516
SZ,300766,-0.09,7510,8282
SH,601908,0.65,7509,7509
SZ,300846,-1.2,7495,9082
SZ,002361,-0.1,7483,8797
SZ,300595,0.27,7480,10018
SZ,300790,-0.54,7479,8511
SH,600846,1.53,7472,7472
SH,688428,-0.28,7462,48385
SH,603112,-0.63,7458,7532
SH,600789,0,7456,7714
SH,688326,0,7455,8010
SZ,002150,-1.13,7439,7488
SZ,002350,-0.35,7438,7603
SH,600722,7.07,7422,7422
SH,688669,3,7413,7413
SZ,301498,0.29,7410,16548
SH,603050,0.71,7401,7401
SZ,301228,1.26,7392,7427
SH,688456,1.73,7390,7390
SZ,000059,0,7389,7389
SZ,300527,-0.4,7361,7361
SZ,000928,0,7360,7360
SH,600736,0.16,7357,7357
SZ,300327,-0.63,7357,7411
SH,688155,-1.21,7355,7355
SZ,002275,-0.14,7354,7756
SH,688112,-1.55,7351,7351
SH,688087,1.21,7340,7612
SZ,002212,-4.69,7339,7419
SH,603459,-1.85,7336,69948
SZ,002034,0.28,7327,7358
SH,600117,0.9,7324,7324
SH,688049,-2.03,7322,7322
SH,600059,0.75,7320,7320
SZ,300834,1.6,7315,7380
SH,605007,-0.64,7294,7312
SZ,300416,-0.27,7294,7343
SZ,000402,0,7292,7293
SZ,301571,-2.71,7283,10967
SH,603995,0.25,7283,7283
SZ,000650,0,7283,7658
SH,688337,-0.7,7282,8566
SZ,300180,0,7279,7485
SZ,000498,0.4,7276,7793
SZ,301263,0.4,7275,10197
SH,603299,0.11,7274,8898
SH,600657,0.39,7272,7272
SH,688798,-0.71,7265,12477
SH,601579,0.73,7264,7264
SZ,002730,-0.56,7260,7596
SZ,002079,-0.66,7260,8131
SH,603223,0.49,7256,7256
SZ,301013,2.51,7254,8959
SZ,301061,-0.48,7248,10909
SH,600557,0.31,7247,7247
SZ,300482,-0.46,7221,7859
SH,600125,0.36,7220,7220
SH,600251,-0.1,7218,7218
SZ,002533,-0.34,7205,8294
SZ,300322,-0.66,7201,7522
SZ,003039,0.69,7200,7200
SH,601096,0.92,7196,11717
SZ,000544,0.27,7183,7183
SH,603626,-1.74,7163,7163
SZ,002434,-0.9,7160,7167
SH,600771,-0.19,7151,7151
SH,600903,0.99,7147,7147
SZ,000566,1.85,7145,7148
SZ,002980,-0.06,7145,13360
SH,605011,-0.1,7122,7122
SH,688605,-1.46,7120,13298
SZ,300298,0,7119,8848
SH,605168,0.15,7111,7111
SH,600724,-0.39,7109,7111
SZ,002108,-0.45,7103,7105
SH,601330,-0.13,7102,10272
SZ,000030,0.24,7101,7309
SH,688305,-0.49,7101,7120
SZ,301196,-0.49,7093,10805
SH,603219,-0.31,7090,7090
SH,688252,-0.96,7088,7088
SH,605100,-0.53,7066,7099
SH,605179,9.99,7062,7062
SH,688177,-0.4,7048,7048
SZ,000859,-0.12,7042,7042
SH,600252,0.45,7037,7037
SZ,920982,-0.14,7034,14591
SH,600797,-0.57,7028,7028
SZ,300098,-0.21,7015,7907
SH,688221,-1.41,7008,7008
SH,603608,-1.54,7004,7004
SH,600925,0.23,7002,30036
SZ,002448,-1.22,7001,7096
SZ,300687,1.51,6999,8511
SZ,300516,-0.49,6996,6996
SH,603977,-0.61,6995,6995
SZ,000503,-0.82,6991,6992
SZ,002471,-0.37,6989,7118
SH,688783,-2.36,6978,104781
SZ,002121,0,6974,8262
SH,601226,0.17,6973,6973
SH,600325,0.8,6963,6963
SZ,000628,-0.57,6963,12760
SH,603580,-8.22,6952,6952
SH,600780,0.66,6948,6948
SZ,002242,-0.43,6947,6959
SZ,000813,-0.29,6940,6941
SZ,002445,0.34,6933,6963
SZ,002342,-0.13,6931,6970
SZ,301215,0,6929,6937
SH,688515,-2.04,6928,11125
SH,688563,0,6925,22958
SZ,301086,-0.69,6913,12473
SZ,300168,0,6908,6915
SZ,301510,-0.51,6901,9888
SZ,300499,-1.5,6896,7756
SH,600810,0.16,6895,6958
SZ,002324,-0.55,6893,9878
SZ,002006,-0.37,6892,6892
SH,601388,1.29,6890,6890
SH,603128,0.19,6886,6886
SH,688381,-0.31,6885,6885
SH,688710,-2.56,6884,10700
SH,600545,0.26,6883,6883
SH,600676,-0.88,6870,6870
SZ,002284,-1.36,6868,6933
SH,600422,0.11,6866,6866
SH,603687,-0.15,6864,6864
SH,600874,0.18,6853,8747
SH,688416,1.65,6853,6853
SZ,000755,0,6852,6852
SH,688062,-0.96,6850,13290
SH,600955,-0.23,6842,6842
SZ,002681,-0.45,6842,7825
SZ,002219,-0.94,6838,7215
SZ,000601,1.72,6834,6938
SZ,002106,-1.21,6831,6839
SZ,300997,-3.88,6826,7525
SZ,301191,-0.6,6818,9043
SZ,000968,2.62,6811,6811
SZ,002093,0,6811,6811
SZ,002782,-0.63,6810,6892
SZ,300080,-0.26,6810,6819
SH,600708,0,6809,6820
SH,600987,0,6809,6809
SZ,002690,-0.12,6801,13833
SH,603866,0.24,6799,6799
SZ,301069,-0.18,6799,7219
SZ,300276,-0.45,6797,9009
SZ,920045,-2.56,6795,22980
SZ,300171,-0.81,6791,9244
SZ,300401,1.44,6786,6897
SH,688626,0.12,6776,6776
SZ,300520,-0.61,6773,7009
SZ,000756,-0.72,6770,9454
SH,688176,-1.32,6769,6769
SH,600169,-0.97,6766,6766
SH,688507,-0.87,6762,12237
SZ,003013,-1.8,6758,7736
SH,605133,-1.06,6751,6827
SH,688480,-0.41,6749,6749
SZ,300348,0.44,6742,7498
SH,600590,-0.61,6740,6814
SZ,300678,-0.55,6732,6852
SZ,000589,0,6732,6777
SZ,002881,-1.87,6732,11174
SH,605098,-0.1,6731,6731
SZ,301189,-1.38,6728,6971
SZ,300685,-0.16,6728,6737
SH,600429,-4.25,6724,6744
SZ,002546,-1.63,6722,6998
SZ,300031,0.05,6718,7994
SH,688708,-0.08,6710,18826
SZ,002023,0.44,6710,6771
SZ,002579,-0.42,6709,7045
SH,601015,1.55,6699,6699
SH,600654,-0.33,6697,8223
SZ,002537,0,6697,6715
SH,600748,0,6696,6696
SH,603071,0.42,6695,6695
SH,688628,0.55,6694,6694
SZ,300164,6.2,6689,6750
SZ,002077,-0.77,6686,6686
SH,605128,0.52,6685,6685
SZ,002315,0.4,6681,10479
SH,603166,-0.47,6676,6728
SZ,300861,-0.49,6674,10629
SZ,000631,-0.67,6670,6670
SH,688550,-0.8,6655,6655
SH,603045,0.97,6648,6648
SZ,002256,-0.59,6647,6734
SH,688556,0.25,6646,6646
SZ,300768,-1.74,6630,10147
SH,603416,-1.07,6628,7456
SH,600496,0.6,6627,6627
SH,605167,0.39,6624,6624
SZ,301369,-1.45,6619,12345
SH,603985,0.47,6617,6617
SZ,300337,0.43,6616,7644
SZ,300492,-3.14,6613,6613
SZ,000777,-0.11,6610,6610
SZ,301489,-0.44,6601,11033
SZ,300444,-0.37,6601,8465
SZ,300420,-1.98,6597,6598
SH,605365,-0.29,6591,6591
SZ,301176,-0.16,6580,6781
SZ,001391,-0.22,6579,52864
SH,688631,0.02,6576,6576
SZ,002733,-0.99,6555,6827
SH,600894,-0.37,6551,6583
SZ,300440,-0.12,6546,6571
SH,600195,-0.15,6546,6546
SZ,920394,-0.21,6541,6590
SH,688108,-0.94,6541,6541
SZ,002014,0.46,6539,6646
SZ,920029,0.06,6532,6713
SH,600828,0,6527,6530
SZ,002860,-2.16,6505,6659
SZ,001298,-0.86,6498,6899
SH,600713,-0.39,6488,6580
SH,600310,0,6478,6478
SZ,300341,0.24,6478,6504
SZ,002446,-0.77,6477,6994
SZ,002674,-0.04,6474,6541
SZ,300174,0.56,6469,6505
SZ,000597,-0.42,6468,6550
SH,688418,-0.46,6466,6466
SH,600682,0.18,6461,7465
SH,603277,0,6457,6499
SZ,300284,0.37,6454,6920
SZ,300045,-0.07,6449,8277
SZ,300576,-1.43,6438,10229
SZ,002550,-0.28,6438,8754
SH,600775,-0.51,6436,8755
SH,600770,-0.79,6435,6435
SZ,000058,0.62,6421,8027
SZ,002163,0.5,6420,6751
SZ,002346,-0.78,6419,7229
SH,605188,0.64,6413,6413
SZ,000008,-0.41,6410,6411
SH,603200,0.55,6405,6405
SZ,002141,-1.58,6404,6404
SZ,300895,-0.72,6397,6519
SZ,300191,3.7,6393,9248
SZ,300109,-0.71,6391,7124
SH,605488,-1.06,6386,6942
SH,603367,-0.41,6370,6370
SH,600611,0.99,6363,9622
SZ,002785,-0.38,6360,7449
SH,688621,-1.77,6356,6356
SZ,002214,0,6344,7938
SZ,301050,0.13,6341,7445
SZ,301080,-1.43,6332,8371
SH,601515,0,6332,6332
SH,600643,0.51,6330,6341
SH,600078,-0.41,6328,6464
SZ,300493,-1.57,6317,6391
SZ,000751,0.45,6316,7238
SZ,300153,-0.14,6316,6349
SH,600966,0.21,6310,6310
SZ,002955,-0.79,6308,7629
SZ,000905,0.24,6305,13110
SZ,301291,-1.14,6305,12119
SH,600525,0.21,6304,6304
SZ,002721,0.42,6303,6303
SH,603517,0.39,6290,6290
SH,688328,0.03,6283,6283
SZ,002470,0.53,6276,6276
SZ,002140,0.34,6264,6273
SZ,002935,-0.71,6264,6400
SH,601500,0,6253,6278
SH,600962,-0.62,6248,6248
SH,688011,0.61,6247,6269
SZ,002664,-0.57,6240,6327
SZ,301232,-0.03,6235,10498
SZ,002467,-0.21,6233,6272
SZ,301339,0.28,6228,6342
SZ,000989,-0.43,6227,7678
SH,603931,-1.85,6226,6226
SH,603383,2.4,6215,6215
SH,600368,0.26,6213,6213
SH,600468,-1.03,6189,6189
SZ,000551,-0.77,6188,6190
SH,600400,-1.09,6187,6187
SZ,300343,-0.33,6184,6197
SH,603969,-2.15,6174,6319
SZ,003006,0.49,6171,6187
SZ,002135,-0.33,6148,6570
SH,688488,-0.8,6148,6148
SH,688179,-0.05,6147,6147
SH,603368,-0.25,6145,6145
SZ,002127,0.33,6144,7561
SZ,000957,-0.47,6137,6137
SH,600897,-0.19,6133,6133
SZ,000090,-0.29,6128,6129
SZ,300360,-0.23,6123,6294
SH,603229,-0.53,6119,6119
SZ,000572,0,6109,6118
SZ,300265,-0.6,6108,6112
SZ,000593,2.16,6105,6107
SZ,300324,-0.82,6105,6167
SH,688518,-0.93,6099,6099
SZ,300598,0.18,6085,6086
SH,603311,2.83,6083,6083
SZ,300435,-0.23,6083,6360
SZ,000541,-0.19,6079,7587
SZ,002052,-0.22,6074,6629
SZ,002606,-1.76,6067,6323
SZ,300214,-3.32,6067,6067
SH,603211,-0.61,6067,6067
SH,688678,-1.3,6067,6067
SZ,300739,-0.29,6066,7477
SH,603213,-0.28,6064,6064
SH,688577,-0.32,6059,6059
SZ,000524,0.89,6050,6052
SZ,002437,0,6048,6422
SZ,002104,0,6045,7140
SH,600103,-0.35,6040,6117
SZ,300872,-0.13,6039,6985
SZ,002605,0.39,6037,7454
SH,688685,-0.67,6034,6034
SZ,300143,-0.54,6034,7054
SH,603567,0.63,6031,6036
SZ,002965,-3.52,6029,8402
SZ,300252,-0.36,6023,7376
SH,688276,0.14,6023,6023
SH,603708,0.75,6020,6020
SH,603197,0.25,6016,6098
SH,600881,-1.58,6012,6012
SH,600604,0,6010,7999
SZ,002057,-0.37,5996,6001
SH,600313,0,5995,6434
SH,605598,-0.23,5990,5990
SZ,000915,0.16,5986,5990
SH,688312,-1.89,5982,5982
SH,688366,-0.09,5981,7053
SZ,002650,-0.73,5978,5978
SZ,000595,-2.04,5978,5978
SH,688799,-1.1,5975,5975
SH,600983,-0.37,5971,5971
SZ,301638,-0.86,5968,75835
SZ,002298,2.96,5967,6683
SH,600617,-1.74,5966,6482
SZ,002840,-0.52,5959,6000
SZ,300868,-1.06,5950,9371
SZ,000735,1.77,5950,5953
SZ,002210,0,5948,5961
SH,603363,-0.35,5946,7565
SH,688526,0.95,5943,5943
SH,688293,-1.65,5943,7423
SH,600501,0.36,5938,5938
SH,600449,3.94,5934,5934
SH,688788,-0.39,5930,5930
SZ,002123,-0.11,5930,6629
SZ,300134,-0.25,5925,5925
SZ,300222,-0.53,5925,7267
SH,688237,-2.74,5922,5922
SH,688103,1.04,5906,5906
SH,603123,-0.76,5903,7229
SH,600108,0.33,5899,5899
SZ,000913,-0.17,5898,5970
SH,605183,0.28,5898,5937
SZ,001314,-1.03,5897,6778
SZ,300986,-0.76,5897,5901
SZ,301286,-1.1,5889,14608
SZ,920599,0,5886,7766
SH,603068,-2.43,5882,5882
SH,603867,0.96,5880,5929
SZ,002678,0.23,5878,5882
SZ,002082,1.67,5877,6331
SZ,301248,-0.47,5877,8042
SZ,000722,0.56,5876,7233
SH,603489,-0.59,5872,5872
SH,688191,-1.53,5871,5871
SZ,003010,0.27,5857,8056
SZ,002438,-0.71,5856,6339
SH,600375,0.5,5851,6412
SH,605178,-1.44,5849,5849
SZ,000026,-0.42,5844,6504
SZ,002101,0.57,5834,5839
SH,688478,-2.6,5828,5828
SH,688230,-1.28,5827,5827
SH,600586,0,5825,5825
SH,688818,-0.62,5825,76633
SZ,002519,0,5823,5869
SZ,300137,0,5820,5892
SZ,300043,0,5820,5823
SZ,300470,-0.16,5812,6124
SH,600433,0.3,5811,5811
SZ,300722,-0.7,5809,5809
SZ,002971,-0.57,5803,7591
SH,600841,-0.88,5799,7716
SH,600866,-0.21,5789,7659
SZ,300226,1.03,5788,6020
SZ,002970,-0.88,5787,8422
SZ,002009,-0.96,5785,6572
SH,600963,0.3,5782,5782
SZ,301137,0.47,5782,5782
SH,605288,-0.16,5781,5820
SZ,002382,-0.51,5777,5834
SH,600488,0.95,5776,5776
SH,600691,0.41,5773,5774
SH,688365,0.52,5772,5772
SZ,002302,0.22,5769,5769
SH,600106,-0.45,5768,5768
SZ,300256,0,5766,5830
SZ,002734,-0.37,5759,6310
SZ,003043,-1.18,5756,8816
SZ,300990,-1.39,5754,12668
SZ,002990,-0.63,5753,10914
SZ,002073,0.35,5749,5808
SH,600683,-1.14,5748,5748
SZ,300852,-0.29,5741,5947
SZ,001212,-0.74,5739,6634
SH,600855,0.41,5738,5749
SH,688219,-0.56,5738,5738
SH,603155,-0.78,5737,5737
SZ,002752,-0.83,5736,5744
SH,688499,-0.31,5733,5733
SH,600054,0.81,5728,8140
SZ,002390,0,5726,5773
SZ,000912,0.27,5723,5723
SZ,000881,-0.62,5721,5985
SZ,300815,0.27,5719,5839
SZ,301328,-1.85,5719,7913
SZ,001236,0.27,5716,7599
SH,688408,0.42,5715,5715
SZ,300358,-1.44,5709,5821
SZ,300540,-1.35,5708,6284
SH,603778,-0.21,5702,5855
SH,600851,-0.63,5699,9318
SZ,002067,-0.46,5698,6283
SZ,002885,-1.59,5692,6499
SZ,000900,0.27,5692,5692
SH,688334,0,5675,5755
SZ,000779,0.08,5675,5676
SZ,002232,0.07,5675,5675
SZ,300825,-0.67,5673,5795
SZ,301101,0.38,5670,5886
SH,600982,0.6,5666,5666
SH,601968,-0.21,5664,5664
SH,603010,-0.49,5662,5804
SH,600826,0.9,5656,5656
SH,688232,0.4,5654,5654
SH,600255,0.64,5653,5653
SZ,300579,0.32,5652,5859
SZ,300048,-0.39,5651,5662
SH,600230,0.44,5646,5646
SZ,300075,0,5644,6801
SH,600223,0.54,5642,5642
SH,600035,0,5635,5635
SZ,000948,0.14,5635,5646
SZ,002218,0,5634,5718
SZ,300819,0.51,5630,6234
SH,603466,-1.04,5627,5627
SZ,002206,-0.18,5623,6182
SH,603609,0.48,5623,5623
SZ,301678,-0.46,5621,9690
SH,688185,-0.8,5617,12132
SH,600644,-0.09,5615,5615
SH,600477,0,5614,5614
SZ,300079,-0.22,5613,6246
SZ,002421,-0.7,5609,5938
SZ,002132,-0.24,5597,5606
SZ,002272,-1.07,5591,6643
SZ,002510,-0.53,5587,5644
SZ,002572,-0.57,5583,8253
SZ,301583,-6.59,5581,33576
SZ,301292,-3.67,5580,14593
SZ,002527,-0.93,5580,6995
SH,600203,-0.31,5574,5574
SZ,002452,-1.09,5572,6675
SZ,001330,-0.2,5570,6584
SZ,000036,-0.99,5570,5573
SH,688717,-1.39,5566,8992
SZ,300467,-0.81,5566,6645
SZ,301153,-0.05,5563,5964
SZ,000025,-0.41,5562,6104
SH,600292,1.61,5561,55453
SH,688290,-2.22,5559,5559
SZ,000697,0.47,5551,11867
SZ,301209,-0.23,5546,6492
SH,603194,0.78,5544,14067
SH,600425,0.58,5536,5536
SH,601700,0,5534,5534
SH,605366,0,5533,5533
SH,688658,-0.31,5531,5531
SH,688787,-0.73,5530,5530
SZ,301392,-0.7,5529,13553
SH,600694,0.41,5527,5527
SH,601116,0.1,5526,5526
SZ,300041,-0.67,5526,5678
SZ,300985,0.82,5519,5519
SZ,300047,0.31,5515,6129
SH,600742,0,5513,5513
SH,688151,-0.36,5512,5512
SZ,002213,-0.33,5511,6334
SZ,000670,-1.18,5506,5609
SZ,300258,-0.4,5505,5652
SH,603889,-0.16,5502,5543
SZ,002956,-3.61,5494,5495
SZ,300129,0.39,5491,8472
SH,603587,0.26,5488,5488
SZ,300217,-0.44,5487,6533
SH,603135,-0.79,5483,5524
SH,688709,-1.19,5477,15730
SZ,300212,0.13,5476,5644
SZ,300900,-0.41,5475,6987
SH,605056,-0.94,5474,5555
SZ,300983,0.28,5474,6190
SH,603668,-0.08,5473,5473
SZ,300393,-0.68,5468,6233
SH,601121,0.74,5464,6722
SZ,002349,-0.44,5463,5577
SZ,300128,-0.93,5462,5469
SZ,300731,-0.17,5455,5748
SH,600081,0.72,5453,5453
SH,605018,-1.01,5453,5453
SH,603065,-9.96,5451,5451
SH,600698,0.31,5448,7010
SH,603366,0.15,5447,5447
SZ,002068,0.68,5446,5449
SH,605555,-0.17,5446,5446
SZ,002803,0.38,5442,8375
SH,688562,0,5440,5440
SH,603855,-0.24,5439,5471
SH,601008,0,5434,5434
SZ,002538,0.16,5434,5437
SZ,000501,0.28,5432,5437
SZ,002263,-1.02,5428,5428
SH,600730,0.11,5427,5427
SH,688610,-1.42,5426,9015
SH,688079,0,5422,5517
SZ,300046,-0.38,5405,5405
SZ,300981,7,5404,5897
SZ,000908,-0.15,5402,10804
SZ,300127,-0.12,5385,7539
SH,605339,-2.6,5380,5380
SZ,300369,-1.61,5379,5399
SZ,300969,-1.04,5378,11277
SZ,000042,0.12,5373,5378
SH,688767,4,5363,5363
SZ,000404,0,5362,5387
SH,600278,-0.15,5361,5361
SH,688309,1.83,5357,5357
SZ,002029,0,5357,5675
SZ,000717,0.45,5356,5357
SZ,003012,-0.2,5355,5461
SH,603776,-0.41,5351,5351
SZ,002697,0.86,5349,6351
SZ,300708,-0.66,5346,6990
SH,603153,0.46,5338,5418
SZ,300197,0,5337,5338
SZ,000557,-0.26,5336,5338
SZ,002882,10.03,5335,9359
SH,603887,0.34,5334,5334
SH,603333,-0.11,5333,5333
SZ,002351,0,5330,9096
SH,600592,-0.73,5330,5330
SZ,002279,0.45,5330,5777
SZ,300119,-0.12,5325,7417
SZ,000531,0.34,5322,6092
SZ,002943,-0.27,5322,7519
SZ,301301,0,5319,19153
SH,688598,-0.26,5317,5422
SH,688109,-0.89,5313,5313
SH,688069,0.06,5310,5310
SZ,002358,0.71,5309,5309
SH,603848,-0.07,5308,5308
SZ,300841,-0.1,5305,5797
SZ,300581,-0.51,5298,5298
SH,600720,0.19,5298,12047
SZ,002640,-0.86,5295,5329
SZ,301000,-0.55,5293,5606
SZ,000411,-0.2,5288,5298
SZ,300939,0.16,5284,5284
SZ,002255,-0.23,5282,6880
SH,600603,0.67,5280,5280
SZ,300203,-0.41,5273,5277
SH,688620,-3.02,5272,5272
SZ,000920,-0.88,5269,5270
SZ,301155,-0.32,5263,9283
SH,600829,0.22,5260,5260
SH,688510,-0.82,5258,5258
SH,601518,0,5256,5256
SZ,300909,-0.26,5255,7038
SH,603686,0.24,5247,5247
SZ,300465,0,5241,5241
SZ,002685,-0.56,5239,5240
SZ,300566,-0.38,5236,6055
SH,688707,-0.67,5235,5235
SH,688757,-0.47,5234,11648
SZ,002951,-0.68,5231,5281
SZ,002424,-0.86,5230,6345
SZ,300019,-0.34,5227,5574
SH,603098,0.41,5226,5233
SZ,300006,-1.19,5226,5227
SZ,001323,-2.2,5226,7305
SZ,300531,-0.11,5226,5384
SZ,301607,-0.54,5222,8054
SZ,002191,-0.79,5218,5260
SZ,000560,-0.44,5215,5253
SH,603727,3.01,5212,5212
SZ,002274,0,5205,5286
SZ,002577,-1.22,5204,5204
SZ,920368,-0.46,5202,5468
SH,601086,1.03,5201,5201
SZ,002300,-0.95,5201,5201
SZ,001328,0.12,5194,5530
SH,688575,0.89,5194,5194
SZ,002833,-2.36,5190,7599
SH,603130,0,5184,5184
SZ,300696,-0.14,5182,5708
SZ,000525,-0.42,5181,6072
SH,600981,0.87,5180,5180
SH,688553,-0.38,5176,6384
SZ,300400,0.61,5168,5185
SZ,300192,3.94,5165,5225
SH,601199,-0.17,5162,5162
SZ,300451,-0.28,5160,5236
SZ,002060,0.3,5157,12389
SZ,301099,0.18,5157,8473
SZ,300067,-6.61,5155,6349
SZ,300820,-1.4,5152,10241
SZ,300709,-0.68,5152,6417
SZ,300856,2.28,5149,5328
SZ,002164,-1.19,5148,5710
SZ,000652,0,5148,5151
SZ,300443,-0.27,5147,6787
SH,600300,0.32,5143,5143
SZ,301580,-0.71,5142,7610
SZ,300082,0,5142,5155
SH,603012,-0.37,5140,5140
SH,600138,0.57,5139,5139
SZ,002777,0.63,5129,5176
SH,600189,-0.27,5128,5128
SZ,002419,0.22,5124,5124
SH,688315,-0.56,5123,5123
SH,688505,-0.27,5116,7463
SH,688226,0.26,5112,5310
SZ,002567,-0.27,5111,5116
SZ,002489,0.38,5108,5791
SH,603173,0.06,5099,5099
SZ,300633,0.41,5096,8323
SZ,000888,0.62,5095,5095
SH,603897,-0.03,5095,5095
SZ,300057,-0.8,5094,6152
SZ,300626,0.6,5091,5094
SZ,300039,-0.71,5089,5805
SZ,300278,-0.54,5088,5104
SH,600868,0,5087,5087
SH,600569,0.57,5084,5084
SH,600769,-0.36,5081,5081
SZ,002631,-0.77,5079,5103
SH,688117,-0.42,5079,5079
SZ,300925,0,5079,6229
SZ,301004,0.51,5078,5440
SH,600237,0.25,5072,5120
SH,601177,-0.39,5070,5137
SZ,300307,0,5068,5156
SH,688173,-0.39,5060,5108
SZ,300221,-0.08,5059,5188
SH,600279,0.24,5056,5056
SH,603170,0.32,5052,5052
SZ,300084,0.56,5049,5883
SH,600825,-0.2,5047,5047
SZ,300446,0.15,5047,11421
SZ,300905,-0.51,5045,6468
SH,600743,-0.91,5044,5044
SZ,000409,0,5043,5787
SH,603685,-0.98,5037,6324
SZ,300151,-0.57,5036,7274
SH,605050,0.49,5032,5032
SH,688733,-0.27,5030,5030
SZ,002793,-2.72,5028,5036
SH,603269,0.17,5028,5028
SH,603380,-0.66,5020,5020
SZ,301012,-2.48,5013,5013
SZ,002383,0,5012,5012
SZ,003041,1.02,5009,5272
SZ,002708,-1.52,4996,5435
SH,600199,0.93,4993,4993
SZ,000796,0.54,4990,6014
SH,688345,-2.43,4988,5012
SZ,300261,-0.37,4988,5096
SZ,300293,-2.38,4982,4982
SH,600605,0.37,4978,4978
SH,600756,-3.33,4975,5367
SZ,002657,2.85,4975,5033
SZ,003040,0.65,4971,5017
SZ,300918,-0.19,4970,4970
SH,688101,-0.59,4970,4970
SZ,000852,0.58,4970,4999
SZ,300063,0.76,4968,6015
SZ,300528,-1.9,4967,4967
SH,605377,-0.1,4965,4965
SH,603221,9.98,4964,4964
SZ,300783,-1.27,4964,7114
SH,688699,-0.3,4963,4963
SZ,002196,-0.87,4962,5038
SH,603336,-0.48,4961,4961
SZ,300525,0.12,4958,6043
SZ,301312,-0.92,4956,9852
SH,600984,-0.75,4953,4953
SH,688135,-0.92,4951,4951
SZ,001313,-0.27,4950,4956
SZ,002988,-1.38,4949,4949
SZ,002870,-0.69,4942,5061
SH,600284,0.39,4939,4939
SZ,300569,-0.4,4935,4950
SZ,300792,0.13,4933,5497
SH,600939,0,4927,4927
SH,688689,-1.87,4927,4927
SZ,920493,-1.35,4925,6684
SH,601011,0,4923,4923
SZ,002749,0.22,4921,5031
SH,605228,-0.66,4919,4939
SZ,300036,0,4918,5445
SH,601279,0,4916,4916
SZ,300066,-0.8,4911,5117
SZ,300368,0.98,4909,4909
SZ,300158,-0.59,4908,4912
SZ,002376,0,4904,5050
SZ,003033,-0.79,4902,4963
SH,603353,2.31,4900,4900
SH,603901,-0.43,4897,5208
SZ,002695,2.13,4895,5355
SH,600979,0,4892,4968
SH,603590,-1.01,4891,4915
SH,603595,-2.04,4886,4886
SH,600817,0.22,4882,4906
SH,600593,1.07,4880,4943
SZ,300689,-0.05,4880,5544
SH,600231,1.78,4879,4940
SZ,002229,-1.29,4877,4907
SH,688348,-0.28,4876,4876
SZ,002301,-0.43,4875,4916
SZ,301053,-0.99,4872,5246
SZ,002307,-0.32,4871,4930
SZ,300756,-0.46,4869,5595
SZ,301323,0.28,4868,7567
SH,600073,0.58,4867,4867
SZ,002530,-0.28,4859,5447
SH,688679,0.52,4857,4857
SZ,002189,-0.74,4855,4856
SZ,301566,3.09,4853,9196
SH,603365,0.27,4844,4869
SH,688307,-0.32,4843,4843
SH,600308,-0.3,4839,4839
SH,601566,0.48,4838,4838
SZ,002047,0,4837,4837
SH,600889,-0.82,4836,7743
SH,603111,0.35,4833,4974
SH,600197,0,4831,4831
SZ,300507,0.16,4828,4988
SH,605368,0.3,4824,4824
SZ,002805,-0.28,4821,4842
SH,688566,0.34,4812,4812
SH,600814,0.15,4807,4807
SH,688352,-1.27,4807,15607
SZ,300283,0.15,4807,6505
SH,600610,0.3,4805,7263
SZ,300300,0,4801,4801
SZ,002528,-1.92,4799,5478
SZ,002642,0,4796,4796
SH,688711,-0.48,4795,4795
SZ,002344,0.27,4792,4797
SZ,300788,0,4788,4788
SZ,300406,-0.43,4782,6606
SZ,002787,0.1,4781,6405
SH,600234,0.5,4778,4778
SH,603131,-0.48,4777,4777
SH,688601,-1.37,4773,4773
SZ,301529,-1.25,4770,8887
SZ,002134,-0.66,4770,4773
SZ,001322,-0.15,4769,5871
SH,600084,-0.46,4765,4765
SH,603843,0.15,4764,4764
SH,600784,-0.13,4763,4763
SZ,002238,0.34,4759,4759
SZ,002033,0.93,4758,4759
SH,688410,2.41,4756,4756
SZ,002662,-0.3,4755,4755
SZ,002819,-0.64,4752,5989
SH,601789,0,4749,6662
SZ,002066,-0.04,4747,4827
SH,603499,-3.27,4745,4745
SZ,301306,-0.08,4744,6873
SZ,002165,-0.45,4744,4794
SZ,301321,-0.21,4743,5990
SZ,301048,0.23,4736,4736
SH,600790,0,4735,4735
SZ,002334,-0.15,4733,5281
SZ,300287,-0.27,4733,5153
SZ,002649,0.34,4731,5216
SZ,300996,9.82,4731,5620
SZ,002959,-0.46,4728,5270
SZ,300161,2.24,4727,4816
SH,603212,1.6,4721,4721
SZ,300233,-0.46,4719,4898
SH,688095,0.55,4714,4714
SZ,002713,-1.2,4712,8515
SH,688007,-0.57,4702,4702
SZ,002045,-1.29,4702,4708
SZ,002375,0.28,4698,4730
SH,603511,-0.59,4698,4745
SZ,002638,0,4694,4985
SZ,002824,0.1,4693,6457
SH,603187,-0.07,4692,4741
SZ,002122,-0.41,4691,4724
SH,605299,-0.6,4688,4688
SZ,300291,-0.19,4687,4747
SZ,000517,-0.52,4685,5986
SZ,300959,-1.72,4680,7188
SZ,002482,0,4680,4689
SH,600191,1.58,4680,4680
SH,688448,-0.05,4677,4677
SZ,002523,-0.29,4672,4689
SZ,002479,0.37,4669,4680
SH,600495,-0.51,4664,4664
SZ,002481,0,4663,5145
SZ,000993,1.6,4662,4662
SZ,002526,0,4658,4689
SZ,002892,-0.42,4655,6903
SZ,300681,-0.43,4653,6170
SH,688225,-1.68,4652,4652
SH,603196,-0.55,4652,8219
SZ,002038,-0.54,4651,5609
SH,688181,-0.78,4649,4649
SH,601002,-0.4,4648,4648
SZ,002111,0,4643,5054
SH,605580,0,4642,4642
SH,603408,-1.23,4641,4641
SZ,000753,0.65,4640,4640
SZ,000571,0.88,4640,4783
SH,605287,-0.71,4637,4637
SH,600681,0.58,4636,4639
SH,600571,0.4,4632,4719
SH,600551,0.44,4631,4631
SH,603660,0.87,4629,4629
SZ,920640,0.31,4627,4810
SH,688386,-0.28,4627,5065
SZ,300680,-0.67,4620,6003
SZ,301239,0.43,4619,4866
SH,603162,-0.81,4619,15063
SZ,300388,-0.28,4617,4617
SZ,300488,-0.79,4616,5440
SH,605338,0.68,4612,4612
SZ,002570,-0.22,4612,4612
SZ,002201,0.39,4611,4992
SZ,301333,-1.11,4611,4617
SZ,301162,0.03,4603,7094
SZ,001359,-1.41,4603,18410
SH,688389,0.94,4602,4602
SH,688170,0.32,4602,4602
SH,600990,-0.69,4600,4600
SH,603701,-0.27,4600,4600
SZ,301589,-0.4,4598,12333
SZ,300755,-0.53,4595,4597
SZ,301268,-0.23,4593,5079
SZ,300087,0,4593,4822
SZ,301070,0.13,4587,6824
SZ,002727,0.6,4581,6828
SZ,301362,0.87,4575,16306
SZ,002637,0.72,4571,4624
SZ,000759,-2.37,4570,4617
SH,600178,-1.2,4567,4567
SZ,300292,-0.72,4564,5488
SH,603191,0,4563,4563
SZ,000608,1.49,4562,4589
SZ,300138,0.44,4561,5531
SH,603610,-1.21,4561,4561
SH,688683,0.32,4557,4557
SZ,300215,0.5,4554,4554
SH,688591,-0.8,4553,6498
SZ,300259,-0.5,4550,4551
SH,688330,0.75,4540,4540
SZ,002632,-0.49,4538,4934
SZ,002915,-0.81,4537,5281
SH,688720,0.92,4534,7112
SZ,301368,-0.15,4534,4534
SZ,002478,0.64,4531,5648
SH,688282,0.49,4531,4531
SZ,000507,0,4530,4617
SZ,300797,0.08,4527,4539
SZ,000428,9.9,4524,4524
SH,600207,0,4521,4521
SZ,002590,-0.53,4519,4739
SH,600351,0.15,4519,4519
SZ,002154,0.26,4519,5589
SH,600626,0.29,4517,4517
SZ,002483,-0.77,4515,4521
SZ,301349,4.21,4514,5717
SH,688057,-0.29,4513,4513
SZ,001317,0.5,4510,4514
SH,603711,-0.08,4509,4509
SZ,002573,0,4507,4515
SH,600523,-0.08,4505,4508
SZ,300592,0.77,4505,5125
SH,603777,0.22,4501,4501
SH,688580,0.11,4490,4490
SZ,002757,1.14,4487,4701
SH,600088,0.09,4486,4486
SZ,301366,1.51,4486,8034
SZ,002880,0.36,4479,4479
SZ,001283,-1.2,4479,5618
SZ,002884,-0.42,4478,5866
SZ,000863,0,4478,4546
SZ,300695,-0.63,4476,4476
SZ,002556,0.21,4474,4478
SH,600382,2.55,4472,4472
SZ,301182,-0.24,4471,4903
SZ,002559,-0.55,4471,5693
SH,601588,-0.58,4469,5657
SH,600715,0.65,4465,6333
SH,603988,1.88,4462,4462
SH,688609,-0.66,4460,4656
SH,600101,0.12,4460,4460
SZ,000886,0.44,4459,4509
SZ,000936,0,4456,4457
SZ,002194,-0.9,4455,5958
SZ,300232,0,4455,5470
SH,603216,-0.24,4452,4452
SH,688085,-0.07,4449,4655
SH,603070,0.18,4447,4447
SZ,300490,-0.95,4440,4501
SZ,002707,0.98,4437,5041
SZ,300619,0.13,4435,5268
SH,688696,-0.38,4434,4434
SH,603387,-0.1,4427,4427
SZ,300441,2.61,4425,4556
SZ,000417,-1.04,4425,4430
SH,603110,3.06,4409,4409
SZ,300523,-0.41,4408,4408
SH,600227,2.07,4408,5826
SH,688691,-0.53,4403,7242
SZ,000819,1.18,4403,4445
SZ,000045,0.52,4401,4878
SZ,002501,0,4398,4402
SH,601065,0.15,4397,4397
SZ,301629,-0.49,4396,9556
SZ,300802,-1.58,4395,6170
SZ,002401,0.17,4393,4397
SZ,001208,-0.78,4389,8790
SH,688119,0.52,4388,4388
SZ,300027,-0.57,4385,4744
SZ,300463,0,4385,5394
SH,688786,0.51,4385,4385
SZ,300016,-0.37,4379,4531
SH,600283,0,4374,4374
SH,603980,-4.99,4372,4372
SH,601218,-1.3,4370,4370
SZ,002303,1.8,4370,6922
SZ,301487,-0.49,4370,7363
SZ,301330,-0.26,4368,5291
SZ,301379,0.15,4367,5541
SZ,002728,-0.45,4366,4471
SZ,002651,0.26,4365,7978
SZ,000720,0,4360,4360
SZ,002543,-0.14,4360,4900
SZ,001338,0.35,4360,4360
SH,603158,0.11,4353,4353
SZ,001207,0.34,4351,4508
SZ,002774,3.14,4351,5198
SZ,301211,-0.47,4347,4347
SZ,300249,-0.93,4347,5327
SH,605028,0.78,4346,4346
SH,600758,0.61,4345,4349
SZ,301265,-0.16,4344,5396
SZ,002522,-0.82,4344,4348
SH,688377,-0.15,4342,4342
SZ,002146,0,4342,4826
SH,600288,-0.89,4337,4337
SZ,000665,0,4332,4333
SZ,000078,-1.19,4332,4341
SZ,300737,-0.8,4329,5418
SH,600658,-0.25,4329,4329
SZ,300791,0.36,4327,5189
SH,688539,-0.38,4326,4326
SZ,301367,-0.13,4322,5520
SH,600173,0.65,4322,4322
SZ,002124,0,4319,4866
SH,603018,0.76,4317,4317
SZ,002455,0.46,4315,4718
SZ,920576,-1.27,4313,4356
SZ,301179,-0.21,4313,7344
SZ,300105,-1.17,4309,4312
SZ,002641,0.26,4309,4671
SZ,002026,-0.19,4308,4308
SZ,300688,5.53,4306,4857
SH,688073,-1.03,4304,4304
SZ,000558,0.3,4304,4306
SZ,300917,-0.3,4303,4303
SZ,000521,0,4297,5057
SZ,002059,0.46,4296,4424
SZ,002393,0.07,4293,4409
SH,603286,-0.37,4290,4330
SH,605300,0.32,4290,4290
SH,603060,-0.18,4285,4285
SH,603598,0.95,4284,4288
SZ,300267,-0.32,4281,6208
SH,603611,0.24,4281,4281
SZ,002919,0.31,4280,4311
SH,688667,-0.36,4278,4278
SH,603767,-0.35,4278,4278
SZ,301365,-1.6,4277,6338
SZ,002454,0.21,4273,4281
SZ,002746,0.33,4272,5180
SH,600609,0,4266,4266
SZ,002540,0.61,4265,6200
SH,603822,-0.88,4264,4264
SZ,300847,-1.36,4263,4263
SH,603528,0.33,4257,4257
SH,688665,-0.63,4254,4254
SH,600976,-0.24,4254,4257
SH,603209,0.76,4253,4300
SZ,300727,-0.52,4242,4714
SZ,300587,-0.24,4242,5232
SZ,300968,-2.83,4237,4237
SH,603697,-0.19,4234,4234
SH,600168,0,4232,4232
SH,605577,1.06,4231,4231
SZ,300561,-0.5,4231,5758
SZ,002907,-0.15,4228,5258
SH,603348,0.07,4223,4223
SZ,000718,-0.53,4221,5614
SH,600558,0.21,4219,4219
SZ,300702,-0.24,4219,6977
SZ,300149,-0.66,4214,4422
SH,688320,-1.54,4212,4212
SH,688196,0.21,4211,4211
SH,603790,-1.56,4210,4210
SZ,301413,-0.84,4209,7050
SZ,000821,-0.7,4208,4335
SZ,300692,0.24,4207,4611
SZ,300697,-6.19,4207,5495
SZ,002367,0.19,4203,4220
SH,688639,0.78,4202,4202
SH,688115,-2.14,4201,4201
SZ,300271,0.57,4194,4287
SZ,301058,-0.23,4190,4260
SH,600071,-0.32,4190,4190
SH,603666,-0.43,4189,4189
SZ,002112,-1.29,4188,4700
SZ,301325,0.1,4186,4186
SZ,300210,0.23,4184,4184
SZ,000526,4.12,4177,4191
SH,600819,0.57,4175,5167
SH,688210,-0.3,4172,4172
SZ,002490,4.06,4166,6333
SH,600880,0.26,4164,4166
SH,688356,-1.68,4164,4164
SZ,300785,0.86,4162,6765
SZ,300547,-1.76,4156,5058
SH,688419,0.11,4146,4146
SZ,002427,0,4145,4149
SZ,300461,-0.89,4145,4512
SZ,920077,-0.06,4142,8043
SZ,002117,0.38,4136,4137
SZ,300018,-0.78,4136,5552
SZ,002235,-0.39,4135,4329
SZ,300871,-0.33,4133,4133
SZ,300505,2.15,4130,5222
SZ,002285,0,4128,4165
SZ,300648,-0.47,4128,5422
SH,603916,-0.09,4123,4123
SZ,300663,-1.85,4120,4282
SH,603682,2.11,4120,4120
SZ,002264,0.8,4114,4549
SZ,300534,3.03,4111,4129
SH,603681,-0.62,4111,4111
SH,603726,-0.97,4110,4131
SH,688236,0.28,4107,5462
SZ,300643,-1.16,4106,4115
SH,688379,0.93,4098,4321
SZ,301391,-1,4098,4194
SH,603976,-1.23,4098,4098
SZ,300286,0.2,4097,4945
SZ,300123,0.73,4095,4210
SH,688267,1.01,4095,4095
SZ,300586,-0.25,4095,5448
SH,603439,-0.38,4095,4095
SZ,301055,-0.69,4093,4182
SZ,300532,-0.72,4093,4303
SH,603998,-0.1,4092,4092
SZ,300397,-0.68,4086,5182
SZ,300793,-0.35,4082,4175
SH,603122,-0.18,4080,4080
SZ,002758,0,4079,4083
SH,603318,1.14,4077,4925
SH,603271,-0.57,4075,8538
SH,603966,0.26,4074,4080
SH,600505,0.36,4061,4061
SH,688350,-0.97,4060,4060
SH,600152,-0.38,4058,4058
SH,603322,0.35,4058,4058
SZ,301007,-1.17,4057,4111
SZ,000016,-0.38,4055,6116
SZ,301458,0.55,4053,9200
SZ,002480,-0.18,4053,4061
SH,603016,0.04,4051,4051
SH,600340,-0.94,4049,4049
SH,603150,-0.83,4047,4047
SH,603165,-0.3,4047,4047
SH,603069,0.47,4045,4045
SZ,300091,2.07,4039,7020
SH,688207,-0.56,4035,4035
SH,600479,0,4030,4740
SH,603683,-1.47,4030,4071
SZ,300326,-0.17,4028,4030
SH,603206,-0.59,4026,4026
SH,605086,0,4025,4025
SH,688796,-7.22,4024,46576
SZ,301370,-0.11,4019,4019
SZ,000655,1.05,4019,4019
SH,600261,-0.32,4019,4019
SZ,002876,-0.47,4018,4691
SH,603072,0.44,4018,8412
SZ,003004,-0.28,4017,4784
SH,603097,0.62,4008,4102
SZ,301488,-1.03,4004,9773
SZ,002989,-0.43,4004,4081
SZ,300317,0.63,4004,4010
SH,603960,-0.83,4001,4001
SH,600729,0.63,4000,9153
SH,603803,-3.58,3998,3998
SH,603217,0.16,3995,3995
SZ,300541,0.1,3993,4425
SZ,300700,-1.51,3988,5654
SH,605268,0.67,3987,3987
SH,603035,-0.45,3986,3986
SH,603058,0.63,3985,3985
SZ,301045,-1.03,3981,6300
SZ,300705,0.56,3981,5383
SH,600650,0.39,3980,5621
SZ,300228,0,3979,4254
SH,603661,0,3977,3977
SZ,920239,-0.93,3975,4024
SH,603088,-0.54,3971,4557
SH,688635,0,3968,20934
SH,603758,0.33,3967,3967
SZ,300662,-0.34,3966,3977
SH,688719,0.87,3964,5098
SZ,300859,1.67,3963,3963
SZ,300355,0,3962,4652
SH,605088,-0.6,3962,3992
SZ,002950,1.21,3961,5839
SH,603429,-2.95,3960,3960
SZ,300654,1.45,3953,4104
SZ,002321,0,3950,3967
SH,603032,-1.1,3947,3953
SH,603015,-0.4,3945,3945
SH,688010,-1.08,3945,3945
SZ,002644,0,3937,3937
SZ,002161,-0.74,3935,3936
SZ,002040,0,3932,3932
SH,603689,0.27,3931,3949
SZ,002406,0.31,3926,4761
SZ,300963,-0.5,3926,5352
SZ,002520,-0.9,3924,4104
SZ,300882,1.59,3918,4210
SZ,300189,0.91,3917,4526
SH,603178,-0.41,3915,3915
SH,601368,0.23,3912,3912
SZ,002843,-1.32,3911,3935
SZ,301160,-1.08,3909,5883
SZ,300491,-1.93,3908,4406
SZ,300121,-0.65,3908,4052
SH,600628,0.5,3907,3907
SZ,002160,0.8,3906,3914
SZ,300893,-0.63,3906,7365
SH,603315,0,3905,3905
SH,688061,-0.31,3904,3904
SZ,000096,0.79,3903,4034
SZ,301282,-1.68,3902,4662
SZ,300429,-0.52,3902,5187
SH,603519,-0.19,3902,3902
SH,688186,0.43,3902,3902
SZ,920946,-0.32,3901,3902
SH,603869,-0.24,3899,3899
SZ,000520,0.79,3897,3897
SH,600135,0.57,3895,3895
SH,688459,-0.11,3888,3888
SZ,002418,0.29,3886,3886
SH,603222,-0.39,3886,3886
SZ,000882,0.71,3884,3887
SZ,920593,-1.02,3880,4568
SZ,002560,-0.32,3876,4500
SZ,301230,-1.23,3875,4308
SZ,000919,-0.31,3874,3875
SH,600798,0.31,3873,3873
SH,600379,-0.08,3870,3870
SH,600725,-3.67,3870,3870
SH,600714,0.98,3867,3867
SH,688595,0.11,3866,3866
SZ,001316,0.82,3865,4147
SH,603918,1.24,3863,3863
SZ,300712,-0.42,3860,3877
SZ,300878,-0.55,3860,3877
SZ,300061,0.65,3851,4079
SZ,002765,-0.3,3850,4213
SH,688633,-0.26,3848,3848
SZ,301116,0,3843,3843
SH,600222,-0.28,3843,3843
SZ,300227,-0.35,3843,5016
SZ,300506,0.58,3842,7456
SZ,002380,-1.02,3842,6485
SZ,001288,-1.16,3841,5912
SZ,300071,1.5,3838,3913
SZ,002005,-0.89,3837,3838
SH,600337,1.52,3837,3837
SZ,002449,-0.95,3835,3835
SH,603978,0,3831,3831
SH,603912,0,3831,3831
SH,603928,-2.34,3830,3830
SZ,002553,-0.19,3828,5280
SH,688218,0.49,3826,3826
SH,600568,0.44,3822,4564
SZ,301277,-0.7,3815,3815
SZ,002177,0.89,3813,4301
SH,600469,-0.18,3808,4646
SZ,000906,0.37,3808,3853
SH,603676,0.46,3808,3808
SH,600530,-0.19,3805,3805
SH,605208,-0.59,3804,3804
SZ,920522,-3.14,3802,4584
SZ,300004,0.76,3802,3802
SZ,300403,-0.66,3801,5367
SZ,002788,-0.19,3799,3866
SZ,300022,-0.25,3796,3796
SZ,002772,0.39,3794,3826
SZ,300332,1.3,3794,3959
SH,600526,0.23,3789,3857
SH,605286,0.49,3788,3788
SZ,003019,-0.44,3787,3918
SZ,000822,0.24,3786,3786
SH,605337,-0.5,3784,3784
SZ,000850,0,3783,3784
SZ,300984,-1,3782,5868
SH,603339,0.16,3781,3781
SH,603398,0.46,3781,3781
SH,605162,-2.39,3777,3777
SH,688269,-0.23,3777,3777
SZ,002035,0,3777,4094
SZ,002554,0.71,3774,3774
SZ,002902,-0.13,3773,4992
SH,603121,-0.88,3771,3771
SZ,300606,1.62,3767,4429
SZ,003026,-0.87,3766,4891
SH,603719,0.11,3765,3765
SZ,300745,0.69,3764,4459
SZ,301603,-1.99,3762,12041
SZ,300481,-0.68,3759,3782
SZ,920139,-0.47,3754,3886
SZ,300964,-0.09,3754,5115
SZ,300588,-1.02,3752,4063
SZ,300183,-1.07,3751,4677
SZ,000523,0,3750,5194
SZ,000599,0,3749,11214
SH,603520,-1.03,3744,3744
SH,601113,0.3,3743,4591
SZ,301102,0.66,3739,3739
SZ,300539,-0.74,3739,4601
SZ,002688,0,3737,3848
SZ,301168,-1.5,3736,4704
SH,601188,0,3734,3734
SH,603636,0.31,3732,3732
SH,600824,0.85,3731,3731
SZ,300421,-0.3,3731,4763
SH,600067,0,3730,3730
SZ,300669,-0.33,3728,3937
SZ,002589,-0.35,3728,4108
SZ,002564,-0.22,3728,3728
SH,688247,-0.47,3726,3726
SZ,002328,-0.75,3722,5032
SZ,300557,-0.7,3719,3738
SH,603090,-0.31,3718,3718
SH,688311,-1.15,3718,3718
SH,603386,0.09,3717,3717
SH,603113,0,3716,3716
SH,688211,-0.41,3714,3714
SZ,301252,0.4,3713,4630
SH,688298,-0.21,3705,3705
SH,605055,-0.58,3705,3705
SH,603607,-1.09,3704,3704
SZ,300349,-0.19,3701,4176
SZ,300318,-0.2,3701,3815
SZ,000816,0,3700,3719
SH,600960,-0.25,3698,3698
SH,600794,0,3696,3696
SH,688429,0,3696,3696
SZ,000678,-0.73,3695,3695
SZ,301235,0.7,3694,4951
SZ,300518,-0.1,3692,3693
SZ,002090,0.11,3691,3713
SH,600527,-0.46,3689,3689
SZ,002322,0.19,3686,3834
SH,603324,-1.49,3683,3683
SZ,000532,1.13,3683,3695
SH,603239,-0.36,3682,3682
SH,605388,10.07,3675,3675
SZ,301609,-1.41,3673,6095
SZ,300668,0.35,3672,4434
SH,603615,0.6,3671,3671
SZ,002886,-0.44,3669,4619
SH,603669,-0.95,3669,3669
SZ,300711,-0.33,3667,4139
SH,600576,0.18,3665,5853
SZ,002228,-0.32,3664,3677
SZ,002612,1.27,3664,6371
SH,688023,0.2,3664,3664
SZ,002088,0.42,3663,3688
SZ,300231,0,3660,3660
SZ,000797,0,3659,3660
SH,600734,-0.58,3659,3660
SZ,002512,-0.29,3655,3682
SZ,000518,-0.83,3655,3655
SH,688168,-1.39,3655,3655
SZ,001380,-0.12,3654,4252
SH,688360,-0.92,3650,3650
SZ,002930,-0.23,3649,3856
SZ,002187,0.58,3645,3645
SZ,002786,-0.53,3642,3653
SH,603933,-0.78,3640,3640
SZ,002162,0,3637,3642
SH,600830,0.13,3635,3635
SZ,300380,0.71,3632,3948
SZ,300177,-0.49,3632,4458
SH,603630,5.99,3626,3626
SH,688489,-0.36,3625,3653
SZ,300715,-0.59,3624,4378
SH,600805,0.24,3622,3625
SH,603716,1.39,3619,3619
SZ,300629,-1.18,3614,4191
SZ,300590,-0.78,3610,4664
SZ,300836,-1.39,3609,5272
SZ,301008,-1.16,3606,4083
SH,603081,0,3600,3600
SZ,002986,0.59,3592,4523
SH,603199,0.9,3588,3588
SH,600127,0.54,3588,3588
SH,603105,0.7,3585,3585
SZ,301112,-4.96,3584,3584
SH,688768,-0.43,3581,3611
SH,603421,-0.35,3581,3581
SH,600834,5.49,3580,3580
SZ,300758,0,3579,3971
SZ,301517,-0.45,3579,5547
SZ,300194,-0.26,3573,4390
SZ,300351,-0.72,3572,5274
SZ,300299,0.19,3571,3576
SZ,920809,0,3565,4643
SH,603559,2.3,3563,3563
SZ,002562,-0.22,3563,5006
SH,605189,-2.28,3562,3562
SH,688136,-0.55,3561,3561
SZ,002370,0,3557,3557
SH,603703,-0.34,3556,3556
SZ,300933,-3.98,3556,3556
SH,688238,-0.89,3554,3563
SZ,300111,-0.71,3553,3553
SZ,002333,0.19,3552,3597
SZ,300424,0.87,3552,3554
SZ,300055,-0.52,3550,4694
SZ,300873,-0.45,3549,4888
SH,603566,0.29,3547,3547
SH,688212,-0.41,3547,3547
SZ,002677,0,3546,4154
SZ,301003,-0.98,3546,4584
SH,688558,-0.47,3544,3544
SZ,300010,-3.61,3543,4402
SH,603639,0.1,3542,3643
SZ,301085,-0.35,3541,5215
SH,600860,0.25,3539,4363
SZ,300632,-0.73,3537,4880
SZ,300068,-0.71,3534,3719
SZ,300414,-1.48,3534,3674
SH,600506,1.51,3532,3532
SZ,002469,0.18,3532,3647
SZ,300733,1,3530,4787
SH,600579,-0.68,3529,3529
SH,603106,0.74,3529,3529
SH,603579,0.34,3528,3528
SH,688588,0.44,3526,3526
SH,603551,0.76,3525,3570
SH,603020,0.32,3523,3523
SH,600333,0.35,3520,3520
SZ,300611,-0.45,3519,5009
SZ,301398,-0.76,3515,3605
SH,688075,-0.42,3514,3514
SZ,000626,-0.13,3511,3531
SH,603706,-0.15,3507,3507
SH,603926,-0.12,3506,3539
SZ,300901,-0.6,3506,3506
SZ,920799,1.28,3506,6107
SH,603956,-0.8,3505,3505
SZ,000726,-0.33,3501,4856
SZ,002669,1.49,3499,3507
SH,605369,-0.43,3499,3499
SH,601033,0.41,3499,13122
SZ,000505,0,3497,4020
SZ,002596,0,3497,3500
SH,688033,-0.47,3497,3497
SH,600581,-0.43,3495,3495
SH,600520,-0.62,3495,3495
SZ,000713,0.35,3494,4542
SH,688653,-1.42,3490,4682
SZ,002693,-0.11,3489,3521
SZ,002676,0.21,3485,3485
SH,603175,-1.37,3479,33433
SH,603138,0.58,3475,3538
SZ,300907,0.56,3473,3473
SH,603569,-0.16,3470,3470
SZ,000782,-0.29,3470,4511
SH,688039,-0.59,3467,3467
SZ,001238,0.34,3467,3706
SZ,301310,-2.84,3466,10852
SH,688157,-0.15,3465,3465
SH,688299,-0.89,3463,3463
SZ,300453,-0.81,3462,5022
SZ,002197,-2.1,3460,3981
SH,603232,0.67,3460,3479
SH,688606,-0.63,3460,3460
SH,600857,-0.44,3459,3459
SH,601599,0,3458,3458
SZ,300571,-0.88,3458,4172
SH,603101,0.14,3457,3457
SH,688646,0,3456,5612
SZ,002609,-0.12,3455,4845
SH,605378,-0.96,3455,3455
SZ,301016,-0.67,3451,3599
SH,603309,-0.16,3450,3450
SH,603261,-0.15,3449,3449
SZ,300530,-1.61,3448,3448
SH,603291,0.25,3445,3445
SZ,001269,0.68,3442,3442
SZ,300880,-0.33,3438,3438
SZ,000407,0.26,3433,3450
SZ,002339,0,3432,3614
SZ,002016,0.47,3431,3431
SH,688569,0,3430,3430
SH,688533,0.29,3428,3428
SZ,002095,0.07,3426,3440
SH,688785,0.39,3425,17119
SH,605158,0.6,3421,3421
SZ,300200,-0.85,3421,3478
SZ,300402,0,3420,3465
SZ,300190,-0.27,3418,3432
SZ,002107,-0.98,3417,3452
SZ,300434,-1.18,3414,4009
SZ,002462,0.34,3410,3413
SZ,002356,0,3409,3409
SZ,300407,3.06,3407,4556
SZ,300096,-0.87,3406,3406
SH,600980,0.96,3401,3473
SZ,300427,-0.58,3400,3438
SZ,002628,-0.43,3400,3415
SZ,002305,0.51,3399,3399
SZ,301038,-0.71,3398,3398
SZ,000659,0,3394,3394
SZ,002457,-0.77,3393,3395
SH,688098,0.24,3392,3392
SZ,000716,-0.42,3392,3471
SZ,301656,0.18,3390,40040
SZ,002412,-1.44,3390,3427
SH,601366,0.57,3388,3388
SH,600800,-0.64,3385,3386
SZ,300736,0.22,3385,3472
SZ,300639,-1.64,3384,3472
SZ,300911,5.56,3384,3621
SZ,002584,-0.81,3382,4225
SZ,300809,-2.43,3377,5687
SZ,300533,3.54,3377,4799
SZ,301033,-3.27,3376,4017
SZ,001257,3.09,3376,45256
SZ,300099,-0.51,3368,4269
SZ,002225,0,3368,4115
SZ,300120,-0.46,3360,3659
SH,603390,0,3360,3365
SH,688148,-0.44,3357,3357
SZ,301175,2.08,3352,7933
SZ,300471,0,3350,4297
SZ,001216,0.81,3349,3982
SH,688133,0,3346,3346
SZ,002791,-0.06,3346,5439
SH,603665,-0.94,3346,3346
SZ,301115,-0.48,3345,4115
SZ,000903,0,3341,3367
SH,605068,9.99,3340,3340
SH,688199,-1.93,3339,3339
SZ,002783,-0.27,3338,3615
SH,688680,-0.63,3335,3335
SZ,300962,0.48,3334,3334
SH,603357,0.85,3330,3330
SZ,301186,-0.05,3329,3541
SZ,300448,0,3328,3504
SH,688590,-0.16,3325,3695
SZ,300729,0.6,3322,3450
SZ,002374,0,3321,3321
SH,688750,0.28,3314,6581
SH,688602,-0.61,3308,3308
SH,600262,0.14,3308,3308
SH,600318,0.31,3307,3307
SZ,000926,-0.46,3304,3345
SZ,000488,-0.5,3304,5736
SH,688045,-1.59,3304,3304
SH,603759,1.27,3302,3302
SZ,300021,-0.25,3301,3865
SZ,301169,1.51,3300,3302
SZ,300213,-0.32,3297,3548
SZ,301421,-5.51,3294,8232
SH,688302,-1.12,3291,3291
SH,605108,1.44,3289,3289
SH,600503,0.49,3285,3285
SZ,002818,0.73,3285,8241
SZ,300040,0.16,3280,4079
SH,600638,-0.19,3279,3279
SH,603679,1.15,3278,3278
SZ,003000,0.38,3278,4798
SH,605077,-0.26,3276,3315
SZ,300656,-0.88,3267,4206
SZ,300494,0.12,3266,4022
SH,603014,-0.61,3266,13443
SZ,003037,-0.36,3265,3265
SZ,300652,-0.46,3265,3638
SH,600229,0.61,3264,3264
SZ,300664,-0.21,3263,3388
SH,688522,0.53,3263,8036
SZ,301246,-0.09,3262,7672
SH,603811,-0.27,3258,3258
SZ,002766,-0.51,3257,3267
SH,600653,0,3250,3250
SH,603038,0.17,3248,3248
SZ,300559,-0.75,3248,4171
SH,600679,1.18,3248,4681
SZ,300370,0,3248,3256
SZ,300622,-1.45,3247,4750
SZ,920819,-0.73,3247,3285
SZ,300160,0.24,3247,3293
SZ,300132,-0.3,3247,3301
SH,605066,-0.3,3246,3246
SH,688399,-2.31,3242,3242
SZ,002927,-0.13,3242,3279
SH,603396,0.43,3242,3242
SH,600218,0.4,3241,3241
SH,605136,-3.22,3240,3240
SZ,301073,0.11,3239,3543
SH,600822,0.62,3237,4052
SZ,000736,-1.58,3235,3235
SZ,002269,0,3234,3467
SZ,300248,0.13,3231,3763
SZ,300399,0.12,3230,3231
SZ,000789,0.5,3230,3230
SZ,301289,-0.35,3228,3249
SZ,301479,-0.54,3227,5637
SH,600865,0.35,3224,3224
SZ,301373,0.05,3224,8576
SH,600853,0.32,3224,3224
SZ,301017,-0.55,3223,5054
SZ,000721,1.62,3223,3610
SZ,000731,0,3222,3222
SH,603817,0.71,3221,3221
SZ,002474,0.5,3221,3789
SZ,301110,0.06,3220,4578
SZ,001217,0.51,3219,3256
SZ,002199,4.11,3219,3394
SH,601999,0.34,3217,3217
SH,603815,0,3212,3212
SH,603648,0.23,3211,3211
SZ,300885,-0.4,3210,4769
SH,688398,-0.35,3209,3209
SZ,000701,0.42,3205,3208
SZ,301551,0.34,3201,8284
SZ,300848,-0.62,3199,5408
SZ,002327,0.15,3196,5428
SH,600843,-0.14,3195,4857
SZ,300078,0,3195,3208
SZ,301630,-0.34,3190,8516
SH,600539,-3.67,3190,3190
SH,603316,-0.97,3190,3259
SZ,002646,0.15,3188,3210
SZ,301682,1.81,3185,15073
SH,600327,0,3185,3185
SH,601616,8.12,3184,3184
SH,603898,0.57,3182,3182
SZ,000514,-0.25,3181,3181
SZ,300545,-1.51,3180,4933
SZ,002395,-0.07,3178,3178
SZ,300822,0.27,3176,3424
SZ,002822,1.02,3175,5792
SZ,000007,0,3173,3173
SH,603948,0.05,3173,3173
SZ,300553,-0.84,3173,4140
SH,603535,0.16,3173,3173
SH,603313,-1.23,3172,3172
SH,600467,0,3170,3170
SH,603788,0.07,3170,3170
SH,688583,-1.11,3170,9096
SZ,002094,0.66,3169,3171
SH,603987,-0.13,3167,3167
SZ,000889,-0.81,3166,3408
SZ,300110,-0.73,3166,3168
SH,600716,0.3,3164,3164
SZ,301096,-0.85,3163,4158
SH,605398,0.05,3162,3162
SH,603600,0.53,3159,3159
SH,600512,-0.49,3159,3159
SZ,300879,0,3156,3178
SZ,301315,0.36,3156,3156
SH,688259,-0.41,3156,3156
SZ,002178,0,3153,3155
SH,603230,0.45,3150,3150
SH,603007,0,3149,4007
SH,600280,1.09,3148,3148
SZ,301613,-0.39,3148,5397
SH,603139,0.16,3147,3147
SZ,000931,0.24,3147,3156
SZ,000037,0.11,3145,5594
SZ,002441,-0.12,3145,4296
SZ,300241,-1.12,3144,3748
SZ,300572,-0.45,3143,3971
SZ,300466,0,3142,3749
SZ,300157,3.37,3142,3291
SZ,300473,-0.56,3141,3603
SZ,002037,-3.41,3140,3140
SH,603656,0.06,3139,3139
SH,603095,-0.64,3135,3135
SZ,002571,1.06,3135,4119
SH,600622,0.48,3134,3134
SH,603856,-0.17,3134,3134
SZ,002801,-0.61,3134,6214
SH,603351,-0.42,3131,3131
SZ,002451,1.13,3131,3142
SH,605186,-0.77,3128,3128
SZ,301120,0.07,3127,5298
SZ,002296,0.22,3126,3506
SZ,920037,-0.51,3124,5110
SZ,300801,-2.39,3124,4985
SZ,300551,0.11,3123,3132
SZ,000509,-0.33,3123,3123
SH,603999,-0.36,3122,3122
SH,603210,0.07,3120,4565
SH,600749,1.4,3116,3116
SZ,002672,0.58,3114,3802
SH,603696,9.98,3112,3112
SH,600293,-0.36,3109,3109
SZ,002362,0.27,3108,3659
SZ,301499,-0.39,3107,3107
SZ,002055,-1.31,3107,3161
SZ,301408,-0.87,3098,5412
SZ,301223,0.12,3098,3098
SZ,301662,-0.78,3097,8057
SZ,002369,-2.49,3097,3101
SH,600053,0.14,3095,3095
SZ,301259,4.82,3094,4825
SH,688163,0.6,3094,3094
SH,603577,-0.32,3093,3093
SH,600052,0.55,3090,3090
SZ,000421,0.19,3090,3090
SH,688722,-0.64,3088,3088
SZ,000788,-0.37,3087,3087
SH,605399,-0.29,3086,3089
SH,603258,1.27,3084,3103
SZ,301199,-0.8,3083,3203
SZ,002735,0.09,3081,4056
SZ,300062,-0.29,3080,4233
SH,600969,1.09,3079,3079
SZ,300867,0.38,3078,4364
SH,603116,0,3077,3077
SZ,001318,-1.97,3075,3075
SH,688571,-0.27,3075,3075
SZ,301257,-0.96,3074,3224
SZ,002365,-1.25,3073,3692
SH,600354,0.17,3072,3072
SH,688813,1.25,3072,16341
SZ,000691,0.11,3071,4607
SZ,301060,-0.57,3069,3412
SZ,300683,-0.94,3067,3289
SH,600731,0.89,3066,3135
SZ,300781,1.12,3065,4154
SH,605259,0.34,3063,3063
SH,605566,-1.2,3059,3059
SZ,001221,0.23,3056,15900
SZ,001215,-0.59,3055,3063
SH,688283,-0.11,3055,3055
SZ,000607,0.29,3053,3511
SZ,920047,-0.28,3053,4649
SZ,301322,-1.14,3052,4525
SZ,300686,-0.5,3050,3070
SH,688530,-1.19,3049,6994
SZ,002548,-0.25,3049,3139
SZ,301500,0.76,3048,11873
SZ,300056,2.2,3047,3049
SZ,300069,-0.83,3047,3047
SZ,300515,-1.75,3047,3107
SZ,300242,10.34,3046,3046
SZ,002849,-0.63,3044,3069
SZ,002845,-0.56,3043,3983
SH,688286,-1.14,3041,3041
SZ,301206,-1.26,3041,4722
SZ,300247,-0.52,3039,3039
SH,605138,0.37,3039,3039
SZ,002686,10.04,3037,3290
SH,603798,0.34,3034,3034
SZ,301226,-0.42,3033,3033
SH,688053,0.2,3033,3033
SH,603813,1.87,3030,3030
SZ,300478,-0.65,3029,3029
SZ,002175,0,3026,3026
SZ,300522,0,3026,3708
SZ,000803,-0.29,3025,3068
SZ,002021,-1.16,3024,3025
SH,688175,12.09,3024,3024
SZ,000546,0.23,3024,3375
SH,688071,-1.51,3023,3023
SZ,300927,2.73,3018,3094
SZ,300289,0,3015,3019
SZ,002286,0,3013,3097
SH,688579,0.13,3012,3012
SZ,000668,0.99,3010,3010
SZ,300094,0.74,3007,3069
SH,688373,-0.64,3006,3006
SZ,300812,-0.81,3005,3312
SZ,301136,0.65,3002,3005
SH,688600,-1.54,3000,3000
SH,688358,-0.14,3000,3004
SH,688317,-0.24,3000,3000
SZ,301201,-0.21,2995,4269
SZ,920725,-2.24,2994,6186
SZ,300875,-1.32,2993,3403
SH,603266,-0.32,2991,2991
SZ,300125,-0.35,2991,5520
SH,688458,-0.55,2990,3558
SZ,300135,1.89,2986,2986
SH,600668,0,2985,2985
SH,688636,-0.4,2982,2982
SZ,300290,0.87,2980,2981
SZ,300943,-1.62,2975,4545
SZ,300504,-0.43,2975,3694
SH,605303,-0.85,2970,2970
SZ,002724,0,2969,4035
SZ,002889,-7.66,2965,4456
SZ,300894,2.54,2964,4082
SZ,301273,-1.38,2954,3848
SH,600684,0.58,2953,3827
SZ,002313,0,2950,2950
SZ,301028,-0.83,2950,4547
SZ,300609,-0.6,2949,2954
SZ,300908,-0.41,2948,3488
SZ,300352,-0.42,2948,3349
SZ,002829,-1.31,2946,4192
SH,600738,0.52,2944,2946
SZ,300050,-0.36,2940,2942
SZ,300187,0.44,2940,2957
SZ,300385,-1.16,2939,3368
SZ,300011,0.35,2937,3506
SZ,002826,-0.62,2935,3030
SZ,920806,-0.09,2935,2935
SZ,300589,-0.07,2933,4725
SZ,300578,-0.66,2932,2932
SH,688171,-1.13,2929,2929
SH,603527,0.43,2929,2929
SZ,300600,-0.19,2928,2928
SH,603278,0,2922,2922
SZ,300973,-0.07,2920,4171
SZ,301051,-0.53,2920,3675
SZ,300608,-0.61,2916,3334
SH,601956,0.43,2915,2915
SZ,000151,0,2913,3320
SH,688162,0.38,2911,2911
SH,605588,-1.08,2908,2915
SZ,301158,3.73,2907,2982
SH,603958,-0.66,2907,2907
SH,603896,0.21,2906,2906
SZ,000530,-0.2,2905,4081
SZ,301568,-0.35,2904,6299
SZ,301193,-0.43,2903,3796
SZ,300839,0.49,2903,2953
SZ,301302,0,2902,3254
SZ,300243,-2.03,2901,3626
SH,688370,0.76,2898,2898
SH,603051,-0.38,2898,2898
SZ,000576,-0.14,2898,2915
SZ,300310,-0.94,2897,3694
SH,603725,-3.25,2896,2896
SZ,300563,2.24,2895,4160
SZ,002933,0.08,2894,2909
SZ,002282,0,2894,3019
SZ,002394,0.34,2889,2894
SH,688682,-0.9,2886,2886
SZ,300864,0.44,2885,2885
SZ,002973,0,2884,3711
SZ,002186,2.96,2881,2882
SH,600192,0.31,2880,2880
SH,600470,0.18,2879,2879
SZ,000798,0.13,2879,2879
SH,600228,3.9,2879,2883
SH,603201,0.53,2878,2903
SZ,300798,-0.97,2876,3496
SZ,300932,1.46,2876,4038
SZ,003002,0.06,2874,3144
SZ,300238,-0.63,2874,2874
SH,688070,0.43,2873,2873
SH,603008,-0.5,2873,2873
SH,600130,0,2873,2873
SH,600838,0.7,2870,2870
SH,688273,-0.06,2870,2870
SZ,301270,-0.9,2870,3037
SZ,300869,-0.36,2869,4372
SZ,003029,-0.36,2869,3154
SH,600719,-0.27,2869,2869
SZ,002623,1.02,2866,2873
SZ,300982,0.27,2864,3057
SZ,300840,0.31,2863,3881
SH,600594,1.11,2863,2863
SZ,002168,-0.53,2862,2862
SZ,002086,0.56,2862,3546
SH,688607,0.03,2860,3177
SZ,301696,-2.47,2858,38001
SZ,000695,-0.91,2855,2983
SZ,301600,0.57,2851,9239
SH,688015,0.4,2851,2851
SZ,301535,-1.4,2851,7141
SH,603657,-0.08,2850,2850
SZ,002542,-1.21,2849,2926
SZ,002521,0,2846,3803
SZ,300698,-0.32,2845,3216
SH,600791,0.64,2845,2849
SH,688215,0.19,2843,2843
SZ,002996,0.49,2842,4151
SZ,300603,-0.51,2842,3532
SZ,300542,0.53,2840,3424
SH,688335,0.26,2839,2839
SZ,300419,0.39,2839,2839
SZ,300032,0.28,2835,2835
SZ,002575,0,2834,2990
SH,603739,0.09,2834,2834
SZ,000897,0,2830,2830
SZ,002485,-0.56,2829,2829
SZ,000890,1.35,2827,2827
SZ,920418,-0.38,2821,2922
SZ,300020,0,2821,2924
SZ,300946,-0.74,2820,5803
SZ,301237,0.6,2816,3868
SZ,001311,-0.68,2815,6414
SZ,002587,-0.55,2813,3456
SZ,300936,-0.86,2813,4460
SH,605169,0.81,2812,2812
SZ,300818,0.1,2810,4338
SH,603310,0,2809,5001
SH,600322,0,2808,2808
SH,600419,0.79,2808,2808
SZ,301448,-0.49,2807,4142
SZ,003020,0.12,2806,3800
SZ,301111,-1.06,2805,2805
SZ,002878,0.94,2800,3110
SZ,002137,-1.11,2799,4077
SZ,000068,0.72,2799,2799
SZ,002823,0.16,2797,4197
SZ,002314,0,2797,5659
SH,688338,-0.03,2797,2797
SZ,300510,-1.16,2796,2796
SZ,300266,0,2795,2797
SH,603161,-1.27,2794,2848
SZ,301213,-0.63,2794,4323
SZ,000615,0.33,2794,5398
SH,603808,0.39,2793,2793
SZ,300234,1.63,2793,4086
SH,603500,-0.58,2791,2792
SZ,300691,-0.46,2790,3401
SZ,002224,0.29,2790,3121
SH,688081,-0.47,2788,2788
SH,600620,0.25,2788,2788
SZ,300716,0,2786,2786
SZ,000910,0.79,2785,2786
SZ,300477,0.36,2785,3012
SH,603722,0.41,2784,2843
SZ,300311,-0.18,2784,3489
SZ,300239,0,2784,2802
SZ,301348,-1.15,2783,4306
SH,603949,-0.44,2783,2790
SZ,300508,-0.55,2779,3695
SH,688159,-0.49,2779,2779
SZ,000802,-4.66,2776,2778
SZ,002903,3.05,2775,4077
SZ,002726,-1.91,2775,2777
SZ,002148,-0.31,2773,3436
SZ,002616,0,2773,4056
SH,603192,-2.2,2771,3324
SZ,002798,1.13,2770,3149
SZ,300511,0.2,2768,3249
SZ,300877,-1.1,2767,2767
SZ,002278,0.52,2766,2996
SH,603903,-1.18,2765,2765
SZ,300721,-0.88,2763,3292
SH,603458,-1.09,2761,2761
SH,605080,0.77,2759,2770
SH,600136,0,2759,2898
SH,688391,-0.57,2758,2758
SH,688570,0.34,2757,6343
SZ,002323,-0.75,2757,2757
SZ,002692,0,2756,2758
SZ,301026,0.35,2754,3813
SH,688216,-1.21,2754,2965
SZ,300831,-1.05,2753,4774
SZ,002811,-0.19,2752,3000
SZ,300746,-0.96,2750,2777
SZ,002259,0,2746,2746
SZ,002981,-0.17,2745,3083
SZ,300890,-0.39,2741,2999
SZ,300237,-1.03,2740,2740
SH,600249,0.61,2739,2739
SZ,000570,0,2734,3472
SZ,000978,0.69,2734,2734
SZ,300329,-0.17,2733,2741
SZ,001299,0.42,2730,3032
SH,600265,-0.84,2730,2730
SZ,300550,1.07,2725,2728
SH,605218,0.23,2724,3108
SZ,301066,-0.42,2723,2744
SH,688280,-0.18,2722,3087
SZ,301439,0.68,2721,5778
SH,600408,0.75,2718,2718
SH,600844,-4.34,2715,3355
SH,603518,0.38,2715,2725
SZ,002725,-0.26,2714,2790
SZ,002347,-0.17,2714,2776
SH,688229,1.55,2712,2712
SZ,301218,-0.5,2712,4413
SH,603819,1.63,2711,2711
SZ,002722,0,2711,2711
SZ,002561,0.77,2710,2719
SH,603970,0.4,2710,2710
SH,600616,0.25,2709,2709
SH,688687,0.51,2709,2709
SH,600212,0,2709,3591
SH,603330,-0.29,2709,2882
SH,688557,0.55,2708,2708
SZ,003016,0.15,2708,2771
SZ,300086,-0.48,2706,2794
SZ,301468,-0.67,2704,4690
SZ,300270,0,2701,3134
SZ,300552,-0.59,2699,4258
SZ,300833,0.42,2698,4201
SH,600630,-0.46,2698,2698
SZ,300749,0.59,2698,3517
SH,605500,0.62,2698,2698
SH,601112,-0.93,2697,25688
SH,603237,-0.27,2695,2783
SH,601010,0,2695,2695
SH,603878,0.63,2694,2694
SZ,300858,-0.78,2693,3626
SH,600215,1.9,2691,2691
SZ,002923,-0.47,2689,3490
SH,600721,-0.98,2688,2688
SZ,300148,0,2687,2782
SZ,002547,9.95,2685,2741
SZ,301151,-0.55,2685,2687
SZ,300381,-0.52,2684,2694
SZ,300945,2.18,2683,2946
SZ,300051,0.69,2682,2716
SH,603655,-0.07,2681,2681
SZ,002689,-0.38,2680,2681
SZ,000529,0.43,2678,2744
SZ,301419,-0.62,2677,4050
SZ,002355,-0.45,2677,2895
SZ,002953,-0.82,2675,4675
SZ,000609,0,2675,2750
SZ,300321,-0.16,2674,2677
SH,600785,0.71,2672,2672
SZ,301020,-0.15,2672,2672
SZ,300445,0,2670,4036
SZ,002921,3.43,2670,3097
SZ,300175,0.18,2669,2669
SH,688285,0.42,2668,2668
SH,605089,0.36,2666,2666
SH,600876,0,2663,4345
SH,601798,0.54,2663,2663
SZ,300374,0.37,2660,2661
SZ,300537,-0.67,2659,3630
SH,603202,0.02,2659,8472
SH,688152,-0.1,2658,2658
SZ,002476,0.23,2656,2656
SZ,301266,-0.14,2656,2799
SZ,300816,-0.38,2656,3640
SZ,300425,0.26,2655,2661
SH,600289,1.96,2654,2960
SZ,000017,0.5,2654,4149
SZ,300301,-0.87,2654,2788
SZ,000710,-0.36,2653,2846
SZ,301234,-2.77,2651,4488
SZ,300359,-5.63,2647,2647
SZ,002331,-0.29,2646,2819
SZ,002899,-0.27,2646,2646
SH,603585,1.04,2643,2687
SH,603637,-0.35,2642,2642
SZ,001369,-0.46,2641,14601
SZ,300501,0.11,2639,2648
SH,600735,0.32,2638,2658
SH,688030,0.69,2637,2637
SH,603863,-0.68,2636,2636
SZ,301296,-0.31,2635,2635
SH,605166,0,2634,2634
SZ,300384,-0.24,2633,3815
SZ,002866,-0.61,2631,4204
SH,603829,-0.2,2630,2630
SZ,301132,0.11,2629,4109
SZ,300389,-0.32,2629,4422
SH,688077,-0.55,2628,2628
SH,600537,-0.88,2628,2628
SZ,300230,0.24,2626,3391
SZ,000419,0.63,2626,2626
SH,603048,0,2625,2625
SZ,000809,0.63,2623,2623
SZ,003025,0.09,2620,3285
SZ,002795,-0.65,2620,2663
SZ,002054,-1.15,2619,3288
SH,601007,1.82,2617,2617
SZ,001324,0,2615,2615
SZ,002404,0,2615,3215
SH,603955,0.47,2614,2614
SZ,300830,-0.12,2612,3500
SZ,002663,-0.64,2612,2637
SZ,300584,-1.2,2610,3815
SZ,920735,-0.6,2610,2951
SZ,300810,0,2607,2700
SH,600712,1.47,2607,2636
SZ,300447,0.23,2605,4038
SZ,301172,-0.53,2604,3521
SZ,300345,1.31,2604,3151
SH,603037,-0.3,2603,2607
SZ,301133,-1,2603,2845
SZ,002667,3.19,2600,2864
SZ,301260,-0.3,2600,6119
SZ,003015,-0.27,2599,2957
SZ,001218,-0.04,2597,2824
SH,603159,1.09,2597,2597
SZ,300141,-2.85,2595,2627
SZ,002022,-0.19,2592,2593
SZ,002875,-0.72,2589,2589
SZ,002248,0.12,2586,2586
SZ,002012,1.28,2586,2586
SH,603066,0,2586,2586
SZ,300479,0,2582,2583
SZ,002337,0.92,2581,2584
SZ,300860,0.21,2581,4446
SH,600386,0.31,2580,2580
SZ,301190,-0.54,2579,3868
SZ,002363,-0.31,2574,2581
SZ,300272,1.65,2573,3388
SZ,002863,-0.22,2572,2572
SH,600250,0.98,2571,2571
SH,603768,0.47,2570,2570
SH,603215,1.18,2569,2944
SZ,002905,0.41,2568,2766
SZ,000972,0.3,2568,2568
SH,603080,0,2568,2568
SZ,300095,-0.11,2567,3187
SZ,301305,-0.23,2565,4992
SZ,300279,-0.56,2561,2573
SZ,002403,1.53,2559,2933
SZ,300826,-0.08,2558,2659
SZ,002388,2.23,2556,2579
SZ,301148,0,2556,5057
SZ,301525,-0.95,2556,4879
SZ,002136,-0.24,2552,2559
SZ,300449,0.46,2552,2552
SZ,301608,-1.01,2550,5683
SZ,002846,0.41,2550,4116
SZ,920491,-0.85,2549,3107
SZ,002578,0.34,2549,2778
SZ,001229,-1.39,2544,4948
SZ,000159,0.38,2543,2543
SZ,001388,-1.78,2542,4750
SZ,000812,-0.29,2541,2541
SZ,002425,2.99,2540,2640
SZ,000698,-0.3,2538,2647
SZ,002659,2.17,2537,2537
SZ,300653,0,2536,2536
SZ,300887,0.14,2535,3820
SZ,301631,-1.3,2530,7428
SH,603030,1.05,2529,2529
SH,605266,0.12,2527,2527
SH,603628,0.32,2526,2530
SZ,300410,-0.57,2526,2526
SZ,301068,0.36,2522,3553
SH,601996,0.9,2522,2522
SZ,002748,-0.18,2520,2520
SZ,300218,0,2520,2528
SH,603801,-2.18,2519,2519
SZ,000019,0.17,2518,6973
SH,603107,0,2513,3886
SZ,002962,-0.24,2510,3500
SH,688255,-1.46,2507,2507
SH,600671,-0.47,2504,2504
SZ,000504,-0.25,2501,2508
SH,688357,0.28,2499,2499
SZ,300386,-0.09,2498,4164
SZ,002869,1.15,2497,2804
SZ,300948,-0.36,2496,2645
SH,688265,-0.89,2496,2496
SZ,301202,-0.05,2496,4276
SH,603839,0.63,2492,2492
SZ,002879,1.34,2492,3509
SZ,002613,0.31,2491,3544
SZ,300052,0.11,2490,2490
SH,600405,0.74,2488,2488
SZ,000153,-0.17,2482,2514
SZ,301565,-0.3,2481,7752
SZ,000892,-0.56,2481,3424
SZ,301588,2.21,2480,4019
SZ,920068,-0.13,2480,9362
SZ,002453,-0.23,2477,3339
SH,603886,0.1,2474,2474
SH,600358,1.24,2474,5699
SZ,300591,-1.25,2474,2864
SH,688292,0,2473,2473
SZ,300889,-0.75,2472,3720
SZ,002599,-0.16,2472,3233
SZ,301197,-0.34,2471,2739
SZ,300439,0.12,2470,3247
SZ,001300,-0.19,2469,2469
SZ,002103,0.32,2469,3398
SZ,002952,0.59,2468,3081
SH,603017,0.68,2466,2466
SH,603586,0,2466,2466
SH,688314,0.27,2464,2464
SZ,300162,-0.68,2464,3020
SH,600665,0.35,2463,2463
SZ,301393,-1.36,2461,6045
SZ,300942,0.17,2459,2459
SZ,301149,-0.13,2456,4036
SH,603036,-0.07,2456,2456
SZ,002072,-0.14,2455,2456
SZ,000545,0.4,2454,2457
SH,603335,-0.68,2453,2453
SH,600538,0,2453,2453
SH,600858,0.85,2453,2465
SH,688765,-1.55,2453,12184
SH,603633,-0.85,2450,2450
SZ,300998,-0.3,2448,3118
SZ,002769,0.15,2447,2449
SH,603677,0.08,2446,2446
SH,600439,0,2445,2445
SH,688589,-0.93,2440,2440
SH,600257,1.2,2440,2440
SH,603059,0,2439,2443
SZ,300577,0.65,2438,4113
SZ,300288,0.53,2437,3210
SZ,300795,-1.54,2436,4185
SZ,002813,-0.19,2432,2435
SH,688080,-0.29,2431,2431
SZ,301222,-0.43,2429,3198
SZ,300636,0,2428,2776
SZ,301042,-0.44,2426,2545
SH,600624,-0.55,2425,2425
SH,600573,0.31,2425,2425
SZ,000565,0,2424,2424
SZ,301380,-0.22,2423,3043
SH,688056,0.64,2421,2421
SZ,000707,0.23,2418,2567
SZ,301262,-0.49,2417,8257
SZ,301082,0.45,2416,2607
SH,603828,-0.48,2414,2414
SZ,301313,0.1,2412,3177
SZ,001256,-0.61,2412,3217
SZ,002172,-0.31,2410,2412
SH,603836,0.58,2410,2473
SZ,001376,-0.96,2408,5185
SZ,300555,1.33,2406,2430
SZ,300365,0.43,2405,2819
SZ,002391,0.58,2404,3365
SZ,000838,0.44,2403,2509
SZ,301081,0.47,2402,2501
SH,603617,-0.79,2402,2421
SZ,300631,0,2400,2468
SH,600356,1.65,2399,2646
SZ,300485,-0.44,2399,4219
SZ,003007,-0.23,2396,3947
SH,603136,1.26,2396,2396
SZ,002330,0.27,2395,2395
SZ,300824,0,2393,2467
SZ,300978,-0.23,2389,3517
SH,688137,-1.72,2388,2388
SZ,301669,-2.56,2388,13997
SH,688129,-0.49,2387,2387
SH,605155,-0.84,2386,2433
SZ,002593,-0.22,2382,3416
SZ,002868,-0.13,2382,3446
SH,603320,0.13,2380,2380
SZ,300452,-0.82,2380,2809
SZ,002431,0,2379,2379
SH,603042,-0.6,2378,2378
SZ,920571,-0.11,2378,4460
SZ,920402,-0.45,2377,3676
SH,600661,1.72,2375,2375
SZ,002712,0.46,2375,2389
SZ,301181,-0.24,2374,3042
SH,600560,0.47,2373,2373
SH,603895,0.09,2368,2368
SZ,920190,-1.97,2366,2379
SZ,300690,-0.18,2366,3505
SZ,301397,-1.07,2364,5169
SZ,002682,0.24,2362,2362
SZ,300154,-0.26,2361,3367
SH,603076,0,2360,2360
SZ,300092,-0.34,2357,3076
SZ,300250,-0.92,2357,3200
SZ,001210,0.4,2355,3875
SZ,300952,-0.24,2353,3827
SZ,300730,-0.17,2353,2744
SZ,300163,0.39,2351,2441
SZ,920019,0,2351,2950
SZ,001219,-0.47,2349,2408
SZ,002098,0,2348,2348
SZ,300560,0.08,2348,2886
SH,603289,0.13,2344,2344
SH,688455,-0.42,2344,2344
SZ,002983,-0.26,2344,4081
SZ,002855,-0.41,2339,2341
SZ,300269,0,2339,2434
SH,605033,1.76,2339,2339
SH,688468,0,2338,2338
SZ,301122,-0.22,2338,3779
SH,603331,-0.16,2337,2337
SZ,000554,2.52,2335,3103
SH,603086,1.13,2335,2335
SH,600613,-0.19,2334,2601
SZ,002398,0,2333,2677
SH,603189,-0.34,2332,2332
SZ,002816,0.04,2331,2331
SZ,002442,0.21,2330,2386
SZ,002700,0.89,2329,2354
SZ,300647,-0.38,2329,2332
SZ,000790,-0.26,2329,2333
SH,603557,-0.79,2325,2325
SZ,301281,0.65,2324,3548
SZ,301665,0.04,2324,10040
SH,600187,0,2324,2324
SH,603917,-0.08,2324,2324
SZ,300536,0.51,2323,2323
SZ,300988,-0.34,2321,2820
SZ,002871,-0.5,2321,3916
SZ,300993,0.1,2319,2955
SZ,301356,3.39,2319,3953
SH,603779,1.45,2318,2318
SZ,002574,0.46,2318,2318
SZ,300667,-0.29,2315,2744
SZ,300334,0.26,2314,2314
SH,688500,0.16,2312,2345
SZ,002729,-0.14,2311,2410
SZ,002976,0.16,2310,3694
SZ,000715,0.42,2310,2567
SH,603407,2.34,2308,26218
SZ,000669,-0.58,2307,2307
SZ,002184,-0.3,2305,3375
SZ,300920,-0.51,2302,3466
SZ,002343,0.83,2297,2297
SZ,300172,-0.22,2296,2971
SZ,300796,0,2293,2293
SZ,300366,-0.68,2292,2625
SZ,001333,-0.21,2290,2290
SZ,002932,0.07,2290,3411
SZ,300354,-1.22,2288,3892
SZ,301221,-0.38,2288,3365
SZ,001282,-0.78,2288,3328
SZ,301002,0.67,2288,3632
SH,600753,-0.59,2287,2287
SZ,301337,-0.12,2286,2337
SZ,000055,-0.58,2284,3630
SH,600793,-0.61,2284,2284
SZ,301025,-0.59,2284,3299
SZ,300585,3.98,2283,2283
SZ,300264,-0.15,2282,2654
SZ,003032,10.03,2279,3224
SZ,301092,-2.09,2278,5029
SZ,300460,-0.36,2277,2277
SH,688246,-0.29,2277,2277
SH,603838,-0.69,2275,2275
SH,600992,-0.63,2274,2274
SH,603332,0.57,2274,2274
SH,605199,0.53,2269,2269
SZ,002496,0.52,2268,2895
SZ,301658,-0.25,2268,9600
SH,688529,-0.43,2267,2267
SZ,002576,-0.63,2267,2310
SZ,000573,-0.55,2266,2285
SH,600463,-0.25,2265,2265
SH,688479,0.65,2264,5269
SZ,001201,-0.17,2264,2897
SZ,301059,0.27,2264,2533
SZ,300173,-0.31,2263,2263
SZ,301046,-0.05,2259,2925
SZ,002661,0.69,2258,2371
SZ,300898,-4.97,2255,2437
SH,603797,0,2255,2255
SH,688560,0.99,2253,2253
SZ,000635,0,2252,2420
SH,603909,0.7,2252,2252
SZ,300340,-0.11,2251,2267
SZ,300805,0.39,2249,3311
SZ,300281,0.71,2249,2371
SZ,300582,-0.77,2247,3027
SH,603193,-1.49,2247,8796
SH,603188,0.25,2246,2246
SZ,301283,0.24,2246,2857
SZ,301531,-0.09,2243,10514
SH,603700,0.63,2242,2242
SH,688693,-0.27,2241,4244
SH,688619,0.08,2240,2240
SZ,300562,0.37,2237,2929
SZ,002084,0.87,2237,2242
SH,688310,0.52,2233,2233
SZ,301119,0.05,2233,2761
SH,600359,0.69,2232,2232
SZ,300991,-0.44,2228,3482
SH,603787,0.41,2228,2228
SZ,002806,-0.22,2227,2718
SZ,002377,0,2225,2337
SH,603180,0,2224,2224
SZ,300891,0,2224,2668
SZ,000826,1.96,2223,2224
SZ,920002,-0.55,2222,3174
SH,605151,-0.17,2220,2220
SZ,002069,0.32,2216,2219
SH,600239,0,2216,2216
SZ,002397,0,2216,2557
SZ,301317,-0.65,2214,6666
SH,603488,0.13,2213,2213
SZ,301106,0.72,2213,2213
SH,600854,-0.22,2213,2213
SZ,001205,0.23,2213,2499
SZ,002660,0.47,2212,2300
SH,603378,0.78,2212,2212
SZ,001223,0.38,2208,4133
SH,688367,0.24,2207,2207
SZ,300422,0.71,2201,2274
SZ,300965,-1.78,2201,2441
SH,601083,0,2195,14636
SZ,301251,-0.74,2195,5476
SZ,300829,-1.05,2194,3182
SH,688648,5.56,2192,4287
SZ,300987,0.48,2191,2191
SH,603818,-0.92,2190,2190
SH,600182,-0.3,2188,4376
SZ,300921,0.22,2187,3469
SZ,301592,0.07,2186,6550
SH,603021,-0.43,2182,2182
SZ,002852,0.53,2181,2624
SZ,002890,0.67,2180,2293
SZ,300464,1.32,2177,2865
SZ,301195,0.24,2176,3277
SZ,300275,-0.11,2174,2467
SZ,001367,-0.44,2174,2723
SZ,300658,0.41,2173,3274
SZ,003001,-2.2,2173,3316
SZ,301072,1.22,2169,3393
SZ,002861,-0.34,2168,2690
SZ,001368,0.45,2167,2268
SZ,300546,-0.67,2167,3014
SZ,301563,-0.61,2166,9582
SZ,301043,-0.15,2165,2595
SZ,301279,-0.23,2165,2796
SZ,300107,0,2164,3506
SH,688727,-0.73,2163,17986
SZ,301108,-2.76,2161,3751
SZ,300411,-0.56,2161,2842
SH,688201,0,2160,2160
SZ,300583,0,2157,2199
SH,688623,-1.13,2157,5193
SH,600423,0.37,2156,2156
SH,688197,-0.67,2155,5007
SH,600831,0.66,2154,2154
SZ,301677,198.18,2147,10013
SZ,300205,-0.79,2146,2146
SH,600965,1.55,2145,2145
SZ,002763,0.28,2144,2894
SZ,300512,0.15,2138,2701
SH,600833,0,2137,2137
SZ,002420,0.57,2137,2172
SZ,920971,-0.86,2137,2592
SH,605003,-1.16,2136,2136
SZ,301088,0.35,2136,2589
SZ,300694,-0.19,2135,2138
SZ,300931,0,2133,2653
SH,600319,0.92,2132,2132
SZ,301225,-1.49,2132,6984
SZ,300426,0.57,2132,2401
SH,603373,-0.29,2131,5043
SZ,300752,-1.03,2129,3080
SZ,300235,-0.46,2129,2638
SH,605258,-0.16,2129,2129
SH,603117,1.14,2127,2127
SZ,002319,0,2126,2126
SZ,001228,-0.36,2125,2764
SZ,002887,1.03,2125,2993
SH,688581,-0.74,2124,4165
SZ,300800,0.67,2123,2145
SZ,300732,0.35,2121,2123
SZ,002908,0,2121,2843
SH,603937,0,2120,2120
SZ,002329,-1.21,2118,2705
SZ,300771,-1.05,2118,2688
SH,600302,-1.6,2118,2118
SZ,000548,0.47,2117,2117
SH,688718,0.25,2116,2116
SZ,000752,0.12,2115,2115
SZ,003023,1.62,2115,2119
SZ,300198,-0.47,2114,2125
SZ,300956,-0.09,2113,2163
SH,688178,0.61,2112,2112
SZ,301258,-4.92,2112,2173
SZ,301178,-0.57,2111,2861
SH,688113,-0.14,2109,2109
SH,600232,0.52,2108,2108
SZ,002702,2.23,2106,2551
SH,688501,0.06,2106,2106
SZ,002114,0.46,2105,2105
SZ,002492,0.19,2105,2142
SZ,001390,0.06,2104,3542
SZ,301040,-0.26,2101,2227
SH,603102,0.43,2101,2101
SZ,920261,-0.07,2099,3814
SZ,002723,-0.44,2099,2200
SZ,300808,-0.16,2099,2824
SH,688244,-0.35,2098,2098
SZ,300703,0.32,2098,2277
SZ,301011,0,2094,2206
SZ,301387,-0.68,2092,5260
SH,600533,0,2090,2090
SZ,000955,0.52,2089,2089
SH,600281,0,2088,2088
SZ,300103,0.46,2088,2090
SH,603755,-0.08,2087,2087
SZ,001365,0.06,2084,19026
SH,603721,-0.3,2083,2083
SH,688316,-0.17,2082,2082
SZ,920344,-0.21,2081,2229
SH,688597,2.48,2080,2080
SZ,301019,-0.61,2079,2835
SH,603536,1.17,2078,2094
SH,603151,1.68,2078,2078
SZ,301528,1.38,2077,4031
SZ,300940,-0.14,2077,2937
SZ,002234,-0.13,2077,2404
SZ,301125,-0.58,2076,2342
SH,603578,0.17,2076,2694
SZ,301220,0.23,2074,3005
SH,603183,0.24,2073,2073
SZ,301118,1.14,2073,2155
SH,603172,-0.69,2073,2073
SH,603091,0.49,2067,6720
SZ,001393,-0.01,2066,10724
SH,688737,0.17,2066,2066
SZ,300097,0.53,2066,2207
SZ,002614,0.21,2065,2919
SZ,301332,-0.12,2063,3596
SZ,300335,0.94,2063,2562
SH,603959,-0.46,2059,2059
SH,603381,0.49,2057,3433
SH,688066,0.39,2057,2057
SH,603375,-0.85,2056,3245
SZ,300612,0.18,2055,2066
SZ,301079,1.21,2054,2896
SZ,300484,0.08,2053,2556
SZ,002767,-0.75,2050,2361
SH,603377,-0.69,2046,2046
SH,605069,0.21,2045,2045
SH,603238,-0.08,2045,2045
SH,600241,-2.38,2042,2042
SZ,300649,0.26,2042,2548
SZ,300884,-0.46,2040,2706
SZ,002671,0.82,2040,2078
SZ,300375,-0.77,2040,2927
SZ,301628,-0.44,2039,5514
SZ,002848,0.74,2038,2059
SH,603079,0.37,2038,2038
SH,600148,0.28,2036,2036
SZ,002864,0,2036,2823
SZ,002076,1.04,2032,2163
SZ,002732,-0.68,2032,2042
SZ,300786,-0.63,2030,2552
SZ,301089,-0.7,2030,2840
SZ,002771,-0.67,2030,2440
SZ,300165,0,2027,2388
SZ,000586,0,2027,2050
SZ,300565,0,2026,2217
SZ,301290,-0.5,2026,2550
SH,605001,0,2023,2023
SZ,002295,0.5,2021,2022
SH,688517,0.75,2021,2021
SH,603023,0.28,2020,2020
SH,603262,-0.35,2020,7744
SZ,301331,-2.37,2020,2025
SZ,001332,0.27,2015,4639
SZ,300719,0,2015,2852
SZ,001259,1.27,2014,3116
SZ,002633,0.52,2013,2021
SH,600540,0,2012,2012
SZ,002825,-0.37,2009,2677
SH,603321,-0.16,2009,2034
SZ,002836,0,2007,2007
SZ,002799,0.32,2007,2007
SZ,000679,0.18,2007,2007
SZ,300853,-0.38,2006,2998
SZ,002687,-2.01,2005,2448
SZ,300778,0.1,2003,2004
SZ,000692,0.27,2003,2003
SZ,920017,-0.23,2003,2024
SZ,002998,0.54,2002,2626
SZ,300387,0.58,2000,2000
SZ,920060,-0.79,1999,3205
SZ,002942,0,1994,2234
SZ,300673,-0.39,1991,3069
SH,688369,-1.02,1990,1990
SZ,002679,0.72,1990,1990
SZ,300710,0.41,1988,2652
SZ,300960,-0.19,1988,2193
SZ,002857,-0.25,1988,2020
SZ,301371,0.08,1984,13263
SZ,920208,-0.39,1983,2291
SH,603089,-0.11,1983,2277
SZ,002666,0.25,1983,3120
SZ,300509,1.39,1982,2377
SZ,300774,0.52,1982,3969
SZ,300947,0.38,1981,1981
SZ,002918,-1.48,1979,3777
SH,688038,-1.38,1978,1978
SZ,000953,0.19,1973,1973
SH,603968,0.84,1969,1969
SH,600381,-0.88,1967,1967
SZ,300922,-0.69,1966,2506
SZ,300849,-0.99,1965,2673
SZ,000605,0.36,1961,1961
SZ,000909,2.05,1957,1957
SH,603382,0.12,1955,3069
SZ,300980,-1.09,1954,2743
SH,600615,0.81,1953,1956
SZ,300970,-0.18,1950,2526
SZ,000757,-0.53,1950,1950
SH,688355,0.7,1949,1949
SZ,300912,-0.65,1947,2579
SZ,300513,0.45,1945,2124
SH,603176,0.48,1944,2001
SH,603326,-0.97,1944,1944
SZ,300350,0,1943,2315
SZ,002893,0.21,1939,2520
SZ,002615,0,1937,3588
SZ,920189,-1.71,1935,3224
SZ,000590,0,1934,1935
SH,600159,0,1934,1934
SZ,920111,-0.53,1932,3981
SZ,002900,1.36,1927,3784
SH,600097,0.13,1925,1925
SZ,300780,-0.71,1924,2624
SH,603900,0.9,1923,1924
SH,600371,0.46,1922,1922
SH,600287,0.23,1922,1922
SZ,301212,1.13,1922,2214
SZ,300240,-0.37,1919,1962
SZ,300211,-0.15,1916,1951
SH,600802,0,1915,1915
SZ,920125,-0.84,1915,6526
SH,600807,-0.4,1912,2150
SZ,920978,-0.52,1912,3410
SZ,300295,0.18,1908,2160
SZ,300597,0,1908,1916
SH,688251,0.16,1907,1921
SZ,300844,1.24,1907,1978
SZ,002105,-0.37,1906,1915
SH,603616,0.81,1906,1921
SH,603182,0.43,1905,1905
SZ,920961,-0.86,1905,2618
SH,688132,0.72,1904,1904
SH,603168,-0.57,1904,1912
SZ,002999,0.54,1903,1926
SZ,000633,0,1902,1902
SH,688613,-0.21,1902,1902
SH,688272,0.44,1901,1901
SH,600128,0.39,1900,1938
SZ,000952,0.18,1899,1899
SH,688721,-2.19,1899,4739
SH,603982,0.18,1895,2037
SZ,300637,-2.29,1895,1897
SZ,001230,-0.28,1894,3234
SH,600774,0.63,1893,1894
SZ,301117,0,1893,2955
SZ,300074,-0.28,1891,1893
SZ,920247,-0.5,1891,2607
SZ,300575,0.37,1891,2613
SH,688060,0.06,1889,1889
SZ,300106,-3.55,1887,1887
SH,688156,0.86,1886,1886
SH,600491,-0.8,1882,1882
SZ,002656,0.74,1881,1952
SZ,000020,0.19,1880,2939
SH,603385,-0.79,1880,1880
SZ,002253,0.22,1877,2017
SH,605180,0.73,1876,1876
SH,603356,-0.77,1875,1875
SH,688811,-0.43,1874,10204
SH,600107,-1.51,1872,1872
SH,688203,-0.1,1871,1871
SH,600706,1.52,1870,1877
SH,603285,-0.98,1868,4798
SZ,920879,-0.23,1867,2495
SZ,002995,1.03,1866,2946
SZ,301208,1.22,1863,3384
SZ,301161,-0.94,1860,2891
SZ,000985,0.7,1859,1859
SH,688013,0.04,1858,1858
SZ,301299,0.66,1857,2516
SZ,301052,0.26,1857,2292
SZ,920510,-2.07,1857,3640
SZ,300906,1.18,1857,2056
SH,600444,0.24,1857,1857
SH,600678,-1.84,1857,1857
SH,688096,2.45,1856,1856
SH,688755,0.04,1854,2655
SH,603880,0.63,1853,1853
SH,605336,0.7,1852,1852
SZ,300807,0.17,1852,2426
SZ,301428,-0.25,1850,2622
SH,603922,2.08,1849,1849
SZ,002524,0.28,1849,1866
SZ,002622,-0.89,1848,1848
SZ,002486,0,1846,1855
SZ,300423,-0.17,1846,2756
SH,603208,-0.09,1845,1845
SH,600238,0,1843,1856
SH,603282,0.66,1843,1843
SH,600235,0.77,1841,1841
SH,600892,0,1840,1841
SH,603041,0.91,1837,1837
SH,603718,0.35,1837,1845
SZ,001237,-0.56,1832,7796
SZ,300412,0.26,1829,1946
SZ,300881,0.28,1829,3505
SZ,002873,0,1829,1863
SZ,002652,-0.55,1828,1828
SH,600051,1.03,1828,1828
SZ,300817,-0.06,1828,3185
SZ,002742,0.29,1823,2381
SZ,300659,0.31,1822,2508
SZ,301335,0.19,1820,2631
SH,603810,0.55,1819,1819
SZ,000705,-0.14,1819,2155
SH,603418,0.3,1818,8483
SZ,300967,-0.26,1817,2731
SZ,300897,-2.74,1816,2908
SZ,301077,1.23,1815,3233
SZ,300437,0.77,1814,2560
SZ,300150,0,1813,2288
SZ,920699,-1.97,1813,3962
SH,603325,0,1812,4240
SZ,000995,0.3,1806,1806
SZ,300665,0.36,1803,1898
SZ,002778,0.62,1801,1820
SZ,002205,0.31,1799,1799
SZ,002968,-0.11,1796,1908
SH,688426,0.13,1796,1800
SZ,002909,0.21,1795,1841
SZ,301024,-0.02,1794,1853
SZ,301599,-0.63,1794,14152
SH,603825,0.14,1794,1794
SZ,002569,-9.97,1794,1845
SH,603506,0.42,1793,1793
SZ,300902,0.21,1792,2611
SZ,920405,-0.81,1792,2301
SZ,920914,-1.25,1791,1792
SH,600303,0,1789,1805
SZ,001360,0.14,1788,2907
SH,603177,1.98,1787,1787
SZ,001356,0.12,1785,4968
SZ,300644,0.9,1785,2239
SZ,002753,0.17,1784,2585
SZ,301318,-0.25,1781,2586
SZ,300599,0.32,1781,3392
SH,600080,-1.03,1780,1780
SZ,002159,0.16,1779,2278
SH,603028,0.16,1779,1797
SZ,300916,-0.51,1778,2753
SH,600099,-0.36,1777,1777
SZ,001255,-0.21,1776,2000
SZ,920339,-1.17,1776,2587
SZ,301180,-0.54,1776,4328
SZ,300543,0.42,1774,2172
SZ,001260,-0.25,1773,1773
SZ,001266,-0.84,1771,3157
SZ,001234,0.36,1771,2102
SH,688616,0.71,1770,1770
SZ,002634,-0.73,1769,1837
SZ,300650,-0.47,1768,2506
SH,688189,-0.76,1768,1768
SH,600165,0.84,1766,3894
SH,603214,-0.22,1765,1765
SZ,301309,0.87,1764,2927
SZ,001211,0.37,1762,1888
SZ,300076,-0.47,1760,1760
SZ,002715,-0.69,1758,1758
SZ,300883,0.19,1756,1837
SZ,300743,0.07,1756,2084
SH,600202,0.22,1756,1756
SZ,002630,-0.6,1755,1925
SH,605122,-0.48,1753,1753
SZ,301596,-1.03,1752,4318
SH,688193,1.16,1751,1751
SZ,300396,0,1751,1753
SZ,300254,0.26,1751,1981
SZ,002820,0.11,1750,1750
SH,688716,-1.29,1749,3043
SZ,002760,0.37,1748,1748
SZ,002817,0,1746,1801
SZ,001206,-0.17,1745,3019
SZ,002762,0.61,1740,2914
SZ,002696,0.58,1738,1798
SH,688118,0.22,1738,1738
SZ,300941,0.21,1737,2873
SH,605177,-0.25,1737,1753
SZ,301557,-0.25,1736,4331
SZ,002717,0,1736,1838
SZ,300675,0,1735,1735
SZ,001366,0.37,1731,1731
SZ,002211,1.01,1730,1730
SH,688420,-1.15,1729,1729
SH,600847,-1.13,1728,1728
SZ,300966,0.36,1726,2595
SZ,003017,0.19,1721,2087
SZ,300651,0.24,1720,2350
SZ,300081,1.79,1717,1718
SZ,003030,-0.51,1716,2645
SH,688395,-0.29,1711,1711
SZ,301590,0.03,1709,4129
SZ,301198,0.48,1709,1780
SZ,301585,-1.06,1707,2606
SH,688026,-0.32,1706,1707
SH,603029,0.5,1706,1706
SZ,300717,-0.52,1706,1721
SZ,000056,-1.04,1699,2223
SH,688004,0.66,1698,1698
SH,688092,0,1697,1697
SZ,300030,0.16,1696,1926
SZ,002535,0.44,1694,1820
SH,600082,0,1694,1725
SZ,300929,-0.43,1692,1784
SH,603709,0.39,1690,1696
SZ,300992,-0.68,1689,2064
SZ,301138,0,1685,2950
SZ,920178,-1.82,1685,5770
SZ,002972,-0.39,1684,3078
SZ,000639,0,1684,1684
SH,603879,-0.2,1682,1682
SH,603270,-1.24,1680,5204
SH,601026,-0.12,1679,9964
SZ,000856,0.41,1678,1678
SZ,301056,0.32,1675,2540
SZ,301030,0.12,1675,1678
SZ,000911,-0.23,1673,1673
SZ,920476,-0.9,1672,1767
SZ,301041,-0.37,1669,2255
SZ,003038,0.69,1669,2480
SZ,002529,0,1669,1669
SH,605567,0.85,1668,1668
SH,688670,-0.43,1667,1667
SH,600272,-0.18,1662,2729
SZ,001285,-0.41,1662,7218
SZ,301010,-0.25,1661,1661
SZ,301520,-1.94,1661,4732
SZ,920015,-1.6,1661,5626
SZ,002780,-0.3,1658,2098
SZ,300645,0.17,1658,1691
SH,688051,-0.04,1656,1656
SZ,002381,0.19,1655,2116
SH,603435,0,1655,21296
SH,688657,-0.64,1652,2641
SZ,002877,-0.28,1652,2445
SH,600180,0,1652,1652
SZ,300642,0.17,1650,1944
SZ,301062,0.34,1649,2595
SH,603402,0.18,1644,6577
SH,688288,0.12,1640,1640
SZ,300305,0.2,1633,1907
SZ,300989,0.4,1632,2110
SZ,001268,0.29,1632,2607
SZ,001233,-0.2,1631,8043
SZ,301556,0.22,1631,4718
SH,600119,2.53,1629,1629
SH,600448,0.39,1625,1625
SZ,300876,-0.89,1618,2170
SH,600883,0.59,1615,1615
SZ,300971,-0.22,1614,2058
SZ,300556,0.27,1611,1805
SH,688393,0.17,1609,1609
SH,600137,0.79,1609,1609
SZ,002198,-0.62,1609,1609
SZ,001386,-0.19,1608,17864
SZ,300854,4.99,1607,1971
SZ,300707,-0.17,1605,1949
SH,603860,0.25,1604,1604
SZ,002858,0,1604,2031
SZ,300787,0.62,1604,2558
SZ,003027,-0.32,1598,1992
SH,603908,0.35,1597,1597
SZ,300538,-0.37,1597,2401
SZ,301057,1.18,1596,2304
SH,603400,-6.61,1595,5715
SH,688681,-0.71,1593,1593
SZ,300837,0.38,1593,2107
SZ,001222,0.36,1591,2688
SZ,000619,0.68,1588,1946
SZ,301361,0.5,1588,3278
SZ,301388,-0.08,1587,2237
SZ,920088,5.39,1584,4285
SH,603120,-0.47,1584,3779
SH,603717,1.68,1584,1584
SZ,301141,0.37,1582,4408
SZ,301586,0.54,1580,2478
SH,688759,-1.43,1578,9860
SZ,300245,-0.55,1577,1638
SZ,002592,-0.65,1576,1700
SH,603022,0.25,1574,1574
SZ,002743,0.28,1573,1576
SZ,002360,-0.61,1572,1941
SZ,002963,-1.07,1572,1922
SZ,002802,0.48,1572,1903
SZ,920892,0.19,1570,1773
SH,688296,0,1569,1569
SZ,300950,2.76,1569,2458
SZ,920839,-0.03,1569,2844
SZ,301063,0.56,1569,1694
SZ,300195,0,1566,2114
SZ,003005,0.74,1566,2853
SZ,002629,1.17,1565,1841
SZ,301548,-0.24,1563,5184
SH,603789,0,1563,1594
SH,600778,-1.37,1559,1561
SZ,920106,-0.24,1559,2021
SH,600697,0.91,1557,1594
SZ,300112,1.08,1556,1886
SH,603312,-0.28,1556,4890
SZ,301231,0,1556,2007
SH,603231,0.07,1555,2801
SZ,920021,-0.62,1552,1937
SZ,300923,0.64,1550,1596
SZ,000663,0.4,1547,1700
SZ,300472,-0.15,1545,1729
SZ,300313,0,1543,1875
SZ,301360,-0.84,1541,3158
SH,688509,0,1539,3080
SH,603272,-1.32,1539,1539
SZ,301509,-0.8,1538,3264
SZ,301121,-2.59,1535,2999
SH,688078,0.29,1535,1535
SZ,300519,-0.8,1535,2152
SZ,300169,-5.57,1533,1725
SZ,300610,1.2,1530,1960
SH,688058,1.61,1527,1527
SZ,300616,0.41,1526,2207
SZ,920174,-0.03,1525,5930
SH,600796,0.82,1523,4238
SZ,002566,0.46,1521,2171
SH,688565,1.7,1520,1520
SZ,300961,1.42,1518,1771
SZ,301135,0.67,1517,1949
SH,688466,0.98,1516,1516
SZ,301336,1.42,1516,1959
SH,688435,0.26,1514,2255
SZ,000632,2.2,1513,1513
SZ,301067,-0.83,1513,2304
SZ,002495,0,1513,2040
SZ,003042,0.33,1512,1747
SH,603255,0,1511,3353
SH,603395,0.22,1511,6045
SZ,002207,2.12,1507,1515
SZ,920087,-1.17,1506,1517
SZ,001209,0.45,1506,2061
SZ,300614,0.21,1503,1503
SZ,301065,0.46,1503,1847
SZ,301032,-0.2,1503,2267
SZ,002982,0.44,1499,2341
SZ,300937,-2.6,1498,2209
SZ,003028,-0.13,1497,3051
SZ,000929,0.37,1495,1495
SZ,301587,-1.21,1490,2989
SZ,002949,0.41,1490,1923
SZ,300995,0.62,1488,2258
SH,600493,0,1488,1488
SZ,301456,-0.27,1486,3297
SZ,301595,-0.4,1485,3937
SZ,920026,-1.09,1480,1964
SZ,301159,-0.06,1480,2160
SZ,301618,-0.31,1478,3877
SZ,301383,-0.56,1478,3418
SH,600689,0,1476,1950
SZ,301152,-0.33,1476,2470
SZ,002835,0.17,1475,2544
SZ,301680,-0.1,1475,7270
SZ,300220,-0.19,1472,1474
SZ,300554,0.81,1472,2125
SZ,002227,-0.49,1468,1479
SZ,301581,-0.56,1467,2775
SH,600561,0.98,1465,1465
SZ,300625,0.33,1461,2520
SZ,001395,-0.8,1457,3177
SZ,301022,-0.68,1456,2156
SZ,002790,0.72,1455,2332
SZ,301229,0.45,1447,2034
SZ,300306,0.11,1444,2464
SH,600692,0.71,1443,1991
SZ,301107,-0.22,1438,2487
SZ,001202,-0.15,1437,2050
SH,603275,-0.11,1436,5145
SH,600243,0.31,1435,1435
SZ,300514,0.68,1433,1788
SZ,300500,0,1426,1481
SZ,000677,-1.19,1426,1426
SZ,002910,-2.45,1422,1625
SZ,300268,-0.37,1416,1845
SZ,002789,0.78,1415,1443
SZ,301390,1.8,1411,1726
SZ,300892,-6.25,1411,2185
SZ,301023,-0.28,1410,2541
SZ,301636,-0.39,1408,2413
SZ,300167,2.32,1406,1653
SZ,300789,-0.47,1405,2369
SH,688781,-0.28,1404,34390
SH,600818,-0.33,1404,1897
SZ,002977,-2.26,1403,2529
SZ,002694,-1.51,1402,1488
SZ,301687,-0.54,1400,6599
SH,688793,0.24,1397,1397
SZ,002620,-0.44,1397,1669
SZ,300977,0.62,1395,2239
SH,688021,0.61,1394,1394
SZ,300935,-0.93,1393,1836
SZ,301036,-0.09,1392,1977
SZ,002316,-0.23,1390,1604
SZ,301166,-0.07,1390,2123
SZ,300314,-0.09,1389,2782
SZ,301633,-0.72,1388,3030
SH,688528,0.12,1383,1383
SZ,002306,-0.57,1382,1479
SZ,301203,0.48,1379,2517
SZ,301683,0.74,1376,6089
SZ,002581,-0.86,1375,2263
SZ,920238,-2.33,1374,6743
SZ,301100,1.04,1373,3115
SZ,300813,-0.76,1373,2189
SZ,300845,-0.82,1373,1964
SZ,001378,-0.48,1373,2822
SZ,301560,0.31,1372,2732
SZ,920751,-0.05,1371,1433
SZ,002247,0.47,1371,1812
SZ,920371,-0.27,1370,1444
SZ,301098,0.28,1368,1641
SZ,301303,-0.88,1366,5466
SZ,301508,0.04,1365,5245
SZ,301320,0.08,1364,2173
SZ,002144,0.2,1361,1748
SZ,301505,0,1361,1708
SZ,301555,-0.73,1361,2597
SZ,301518,-0.16,1356,3359
SH,600476,-0.58,1356,1356
SZ,301129,0.35,1350,2719
SZ,301512,-0.1,1350,2068
SZ,301130,0.13,1349,1749
SH,688806,-2.14,1349,12177
SZ,003008,0.52,1346,1801
SZ,000010,1.32,1345,1770
SH,688450,-0.28,1344,1813
SZ,001387,0.26,1341,2107
SZ,001226,-1.04,1340,2950
SH,600455,0.33,1340,1340
SZ,001358,-2.62,1339,3236
SZ,301210,-0.81,1338,3504
SZ,300621,0.3,1335,1371
SZ,003011,0.29,1332,1779
SZ,000637,1.39,1327,1892
SZ,301278,0.43,1327,2315
SH,603062,0.22,1326,3864
SH,688022,-0.25,1326,1326
SZ,301167,0.08,1326,1404
SZ,301507,0,1321,4279
SZ,001296,0.88,1321,2562
SH,688067,0.26,1320,1320
SH,688329,1.01,1315,1315
SZ,300371,0.11,1315,1889
SZ,000702,0.82,1315,1709
SH,603248,-0.64,1307,8409
SZ,920837,0.53,1305,1457
SZ,301667,0.05,1302,6128
SZ,300640,-0.16,1300,1832
SZ,300549,0.23,1300,1715
SZ,301009,0.58,1299,2338
SZ,002883,-0.46,1299,1323
SZ,301276,-0.49,1295,2322
SZ,301355,0,1294,1807
SZ,301227,1.98,1292,2298
SZ,300155,0.51,1291,2200
SH,688805,-1.47,1291,6456
SZ,002200,1.07,1290,2973
SZ,920953,0.98,1289,2758
SZ,920682,-0.17,1287,2219
SZ,002591,0.17,1285,1726
SZ,300928,0.38,1283,1916
SZ,920821,-0.72,1282,2435
SZ,000610,-0.17,1279,1286
SZ,300635,-0.27,1273,1480
SZ,920083,-2.04,1271,2984
SZ,300564,-0.26,1270,1810
SZ,301601,0.87,1269,2110
SZ,001239,0.27,1262,2657
SZ,300838,1.31,1258,1705
SZ,002691,0,1257,1272
SZ,920701,-3.31,1255,1718
SZ,300670,0.91,1252,1765
SZ,002494,-0.22,1250,1645
SZ,300605,9.3,1247,1630
SZ,920857,-2.2,1245,1245
SZ,920790,1.92,1241,1803
SZ,920533,-0.69,1240,2218
SH,603293,-0.27,1238,6315
SZ,920200,-2.58,1233,2823
SZ,920046,2.13,1233,2230
SZ,300865,0.52,1228,2044
SZ,301298,0.18,1226,1663
SZ,300994,0.48,1224,2445
SZ,920523,-0.97,1223,1529
SZ,001277,0.49,1221,2038
SZ,002188,0,1220,1550
SZ,300828,-0.2,1217,2401
SZ,301097,-0.12,1214,2529
SZ,301131,1.31,1211,1690
SZ,001278,0.64,1211,1756
SZ,301501,-0.42,1208,4109
SZ,920225,-0.6,1208,1852
SZ,920211,-1.86,1206,3578
SZ,301126,0.34,1205,1795
SZ,301233,0.13,1203,2193
SH,688712,-1.36,1203,13511
SZ,002888,0.63,1199,2362
SZ,920119,-0.5,1199,4556
SH,603207,0,1199,3527
SZ,920274,-1.66,1196,1196
SZ,301329,0.06,1192,3072
SZ,300594,-0.52,1192,1204
SH,600543,0.82,1191,1191
SH,688089,-0.97,1190,1190
SZ,920207,-0.7,1188,1945
SZ,300126,0.36,1188,1714
SZ,920237,-1.69,1188,1211
SH,688592,0.05,1174,2463
SH,688576,-1.35,1173,2456
SZ,920304,-0.8,1172,1456
SZ,301591,-0.29,1172,2867
SZ,301288,0.2,1172,1620
SH,603350,0.04,1171,3092
SZ,301503,0.3,1171,2111
SH,603344,-0.22,1168,4204
SZ,003003,0.1,1164,1746
SZ,920425,-0.7,1160,1409
SH,603391,0.04,1158,4634
SZ,300823,0,1157,1788
SZ,301163,0.76,1157,1725
SZ,920039,-0.12,1155,1155
SZ,920273,-1.34,1153,1732
SZ,301295,0.13,1153,3952
SZ,920033,-0.56,1150,1654
SZ,001319,-0.76,1149,2559
SZ,920089,-0.09,1148,2015
SZ,301469,0.73,1148,2230
SZ,301515,0.06,1147,1698
SH,600365,0.37,1145,1217
SZ,301272,-0.09,1144,1808
SZ,301395,0.34,1141,2176
SZ,920099,-3.11,1139,1842
SZ,301502,0.86,1133,2742
SH,603276,1.77,1131,3113
SZ,301372,-0.46,1126,1875
SZ,300430,0,1125,1182
SH,688217,-0.19,1124,1124
SH,603370,-0.64,1123,5616
SZ,301584,-0.51,1123,8809
SZ,300517,1.02,1122,1782
SH,688790,-0.81,1118,8781
SH,603352,-0.07,1114,5571
SZ,002830,0.33,1114,2231
SZ,001382,-1.88,1114,7284
SZ,920171,-0.48,1109,1644
SZ,301300,0.36,1109,1846
SH,688130,-0.96,1108,2222
SZ,920489,-3.21,1095,1721
SZ,300915,0.32,1093,2391
SZ,301516,-1.2,1093,4371
SZ,920249,-0.45,1091,3689
SZ,301632,0.88,1090,6228
SZ,300713,-0.15,1086,1930
SZ,920152,-0.67,1085,1456
SZ,300405,0.2,1085,1410
SZ,301491,0.16,1083,4889
SZ,300851,0.55,1080,1902
SZ,920566,-0.71,1079,1387
SZ,920252,-2.22,1078,1622
SZ,301359,-0.32,1072,1811
SZ,301446,-0.61,1072,3508
SZ,301083,0.32,1071,2225
SZ,920981,-1.51,1068,2124
SZ,300535,0.3,1068,1408
SZ,920592,0.09,1061,1705
SZ,301378,0.61,1061,2231
SZ,001326,-0.49,1055,3216
SZ,001373,0.36,1054,1725
SZ,002872,-0.6,1053,1558
SZ,001336,0.74,1051,1707
SZ,002514,-3.07,1047,1361
SZ,300899,0.28,1044,1626
SZ,300152,-1.35,1034,1034
SZ,300804,1.71,1032,2778
SH,603334,1.6,1028,4635
SZ,301006,1.07,1028,1708
SZ,301539,0.67,1022,2016
SZ,301113,1.14,1021,1686
SZ,920985,0.22,1018,1436
SH,688184,-1.32,1016,1622
SZ,300949,2.2,1016,1777
SZ,300958,0.45,1014,1746
SZ,300886,0.19,1014,1612
SZ,920001,-1.72,1006,1742
SZ,002193,0,1002,1002
SZ,920429,-0.55,1002,1099
SZ,001312,-0.1,1000,4081
SZ,001379,-0.06,998,2966
SZ,920642,-0.89,996,1033
SZ,920062,0.4,995,1413
SZ,920885,-0.43,993,1917
SZ,301157,-0.4,993,2884
SH,603406,0.26,989,10792
SZ,920167,-1.04,986,1659
SZ,920792,-0.09,985,1604
SZ,920199,-2.94,985,1768
SZ,920419,-0.48,982,1050
SH,688651,0.82,978,2132
SZ,920184,-0.26,978,1441
SZ,301418,-0.14,978,2435
SH,603359,-0.9,972,972
SZ,920270,1.44,971,1250
SZ,920932,-0.97,965,1166
SZ,920526,-0.8,964,1523
SZ,300338,-2.49,955,1099
SH,603729,-0.18,955,955
SZ,001279,0.38,953,3813
SZ,920690,-6.94,952,1465
SZ,000820,9.97,950,2069
SZ,920786,-3.63,950,1438
SZ,301513,-0.62,948,4703
SZ,920357,-1.11,944,1562
SZ,920124,-0.64,943,1832
SZ,301616,0,942,2654
SZ,002719,1.05,937,1008
SZ,920415,-0.34,932,1210
SZ,301577,0.22,931,2225
SZ,001231,0.83,927,1812
SZ,920018,-1.82,926,2665
SZ,920651,-0.97,924,1360
SZ,920206,-1.8,923,2400
SZ,920098,-1.06,921,1352
SH,688695,0,919,1465
SZ,920436,0.88,919,979
SH,688701,0.44,918,918
SZ,920496,-0.77,918,1048
SH,688816,-0.1,910,4717
SH,603409,-0.58,902,3143
SH,603190,0.26,897,2716
SZ,301105,-0.63,893,2254
SZ,920223,0.18,890,1714
SZ,920028,-0.93,889,2248
SZ,301173,-0.48,883,2516
SZ,301192,0.45,881,1813
SZ,920726,-0.87,878,1592
SZ,920169,-0.86,870,1382
SZ,920161,-0.24,869,3201
SZ,920100,-1.02,868,3273
SZ,920012,-0.83,864,2209
SZ,920367,0.05,861,1453
SZ,920924,-1.41,860,1411
SZ,301386,0.16,860,2674
SZ,920020,-0.51,857,3466
SZ,920694,0.44,852,1794
SH,603205,-0.23,851,3212
SZ,300904,-0.25,851,2823
SZ,920195,-0.32,851,1178
SZ,920505,-0.29,850,1530
SZ,920926,-1.58,844,930
SZ,920130,0.68,843,1358
SZ,920156,-1.34,843,4044
SZ,920541,0,840,1275
SZ,001225,0.53,839,2616
SZ,920770,-0.09,834,1326
SZ,920220,-1.17,834,2662
SZ,920873,-0.42,825,1057
SZ,920670,0,824,1312
SZ,920266,-1.69,822,861
SZ,301399,0.13,822,2781
SZ,920275,-0.63,819,990
SZ,301519,0.19,813,1726
SZ,920193,-3.61,811,3585
SZ,920122,-1.62,811,2003
SZ,301598,-0.27,811,2721
SZ,920227,0,810,1780
SZ,920027,-0.61,808,1155
SZ,301170,0.33,805,2119
SZ,920855,0,800,892
SZ,301459,-0.57,798,3185
SH,688573,-0.79,795,1460
SZ,920433,-0.2,792,1198
SZ,920748,0.09,791,1647
SZ,920519,-0.19,790,888
SZ,920378,0,785,1096
SZ,301049,0,777,1710
SZ,301668,2.45,774,3499
SZ,920221,-0.47,771,1482
SH,688638,0,770,1630
SH,603376,0.04,770,9624
SZ,301037,0.36,767,1568
SZ,001335,0.17,766,2811
SZ,920299,1.51,763,1514
SZ,920556,-0.9,759,1047
SH,603075,-0.1,756,7372
SZ,920006,-1.61,755,1427
SZ,920974,-0.5,754,962
SH,603073,0.82,754,1718
SZ,920260,-0.64,752,788
SH,603273,-0.07,741,2831
SZ,920058,-1.87,736,1494
SH,603284,-0.76,734,2997
SZ,920832,-0.66,733,821
SZ,920000,-0.62,733,1166
SZ,001306,-0.33,732,2973
SZ,920689,-0.97,730,1412
SZ,920575,2.11,727,1087
SZ,920078,-0.36,725,2232
SZ,920395,0,725,1053
SZ,001396,0.22,724,3408
SZ,920639,-0.64,722,1226
SZ,920263,0.29,720,992
SZ,920065,-21.25,720,4124
SZ,920685,17.14,717,1126
SZ,301552,-2.1,717,2866
SZ,920833,-0.71,716,947
SZ,920092,-0.93,713,1369
SZ,920976,-1.04,709,1141
SZ,920079,-2.3,706,6528
SZ,920363,-1.18,704,1239
SZ,920870,-1.29,704,1430
SZ,920242,-0.73,703,1257
SZ,301533,0.12,698,2411
SZ,920768,0.15,695,1005
SZ,920943,-1.39,693,1357
SZ,920370,-0.37,690,790
SZ,301429,0.58,688,1849
SZ,920163,-1.13,687,1456
SZ,001325,-0.45,685,2739
SZ,920181,-1.43,680,2933
SZ,920081,-1.28,680,2887
SZ,920245,0.48,672,873
SZ,920123,-2.3,671,1177
SZ,301567,0,671,2274
SZ,920564,-1.15,670,1457
SZ,920720,-0.87,668,2389
SZ,920375,-0.93,667,1117
SZ,920925,-1.38,667,1189
SZ,920008,0.88,666,1246
SZ,920634,2.43,666,1050
SZ,301449,-0.54,665,2957
SZ,920547,-1.28,663,1364
SZ,920706,-1.55,663,1315
SZ,301578,-0.44,662,2329
SZ,920346,0.34,659,1184
SZ,920108,0.45,658,1553
SZ,001220,-0.09,658,2686
SZ,920101,0.66,657,2107
SZ,920187,-1.78,657,1792
SZ,920478,-0.4,657,1080
SZ,301314,0.34,655,1983
SZ,301353,0,650,2022
SZ,920061,-0.53,647,1163
SZ,920627,-2.53,647,1304
SZ,920781,-0.73,646,830
SZ,920445,-0.65,646,886
SZ,920866,-0.34,646,1020
SZ,920765,-0.97,642,1056
SZ,300784,0.29,641,2144
SZ,301575,-0.48,638,3174
SZ,920964,-0.45,637,1126
SZ,920579,-0.62,633,1837
SZ,920608,-1.2,629,812
SZ,920300,0,621,802
SZ,920175,-0.37,618,928
SZ,920527,-0.44,618,797
SZ,920475,-1.52,614,1105
SZ,920204,0,611,1152
SZ,920570,-1.55,610,1200
SZ,920422,-0.75,607,811
SZ,920176,-6.16,604,4471
SZ,920553,-0.15,603,924
SZ,920876,-1.72,601,983
SZ,920278,-1.13,599,1059
SZ,920118,-2.29,599,988
SZ,920112,-0.05,579,1972
SZ,920580,-1.21,576,905
SZ,920471,-0.64,571,896
SZ,920086,-0.86,564,1724
SZ,920719,-0.78,564,706
SZ,920057,0,563,876
SZ,920856,-1.84,562,1008
SZ,920578,-0.81,559,1205
SZ,301287,0.43,555,2172
SZ,920675,-0.27,554,1207
SZ,920992,-1.81,554,1093
SZ,920679,-1.53,548,824
SZ,920455,-0.7,548,999
SZ,920469,-3.64,546,744
SZ,920641,-0.81,546,904
SZ,920096,-0.99,545,2323
SZ,920906,-0.3,540,1053
SZ,920665,0.6,538,1089
SZ,920117,-3.79,537,2386
SZ,920271,-0.65,527,1190
SZ,920454,0.28,524,1119
SZ,920005,-1.88,524,2022
SZ,920146,-0.82,521,648
SZ,920075,-0.26,521,961
SZ,920896,0.34,519,1182
SZ,920198,-1.34,515,1180
SZ,920262,-1.62,512,1101
SZ,920090,-0.86,509,682
SZ,920834,-0.85,507,970
SH,688121,0.4,505,582
SZ,920662,-1.53,502,1628
SZ,920374,-0.13,499,1224
SZ,920703,-0.1,498,1409
SZ,920729,0,495,1746
SZ,920810,0,494,759
SZ,920069,-1.17,493,1766
SZ,920160,-0.4,493,2192
SZ,920753,0.94,492,1224
SZ,920149,-0.25,492,594
SZ,920056,-0.93,490,1298
SZ,920030,-0.91,487,774
SZ,920826,-2.26,485,1090
SZ,920508,-0.06,485,911
SZ,920212,0,484,994
SZ,920392,-0.21,483,1027
SZ,920050,0,482,1802
SZ,920871,-0.86,480,866
SZ,920023,-2.72,478,583
SZ,920267,-3.73,476,831
SZ,920080,-0.48,471,1702
SZ,920076,0.47,468,1487
SZ,920082,0.87,465,1654
SZ,920230,0.1,464,986
SZ,920407,-0.96,461,1133
SZ,920779,-3.19,461,1842
SZ,920145,-0.41,460,664
SZ,920126,-1.05,458,1907
SZ,920177,0,452,1276
SZ,920166,-0.88,449,1424
SZ,920718,-2.33,447,872
SZ,920950,-0.55,445,913
SZ,920414,0.9,442,629
SZ,920168,-0.82,440,1173
SZ,920351,0.37,437,965
SZ,920656,-0.95,436,1347
SZ,920091,-0.55,436,1847
SZ,920158,0.49,435,1627
SZ,920110,0.49,430,1034
SZ,920188,-0.45,429,1797
SZ,920055,-0.88,425,1890
SZ,002731,-1.59,423,471
SZ,920427,-1.19,420,851
SZ,920016,-1.04,418,940
SZ,920128,-1.03,417,1392
SZ,920180,0.35,413,1367
SZ,920970,-0.84,410,648
SZ,920159,0.18,403,2126
SZ,920957,-0.85,394,989
SZ,920007,0.22,384,1608
SZ,920072,-4.3,376,1992
SZ,920036,-0.89,375,1562
SZ,920802,-0.86,369,836
SZ,920035,-0.64,362,1597
SZ,920717,-0.85,357,924
SZ,920218,-1.98,353,1571
SZ,920191,-0.67,350,1556
SZ,920009,-1.3,349,2685
SZ,920011,-1.67,348,1548
SZ,920895,0.17,331,652
SZ,920183,0.24,329,1431
SZ,920003,-0.89,323,1501
SZ,920222,-3.24,317,2345
SZ,920022,-0.2,313,1137
SZ,920132,-0.58,309,909
SZ,920504,-0.99,288,729
SZ,920931,0,277,903
SZ,301139,-6.41,267,426
SH,688496,-8.64,226,428
