market,code,chg_pct,vol_rank,amt_rank
SH,601288,-0.13,2199593,2411383
SH,601398,-0.62,2140721,2829866
SH,601857,-0.35,1787620,2020552
SH,600519,0.4,1695036,1695036
SZ,300750,-0.34,1678046,1822439
SH,601988,-0.82,1266701,1936497
SH,601138,-0.04,1111666,1111666
SZ,300308,0.38,1004939,1059078
SH,600036,1.89,832790,1018125
SH,601628,-2.7,800665,1086778
SH,601088,-3.67,725771,954552
SH,600900,-0.37,709089,709089
SH,601899,-1.26,670176,864996
SH,688256,-7.4,643385,643385
SH,688041,-5.29,609720,609720
SZ,000333,-1.7,592673,656727
SH,601318,1.13,591847,1005336
SH,601728,2.54,501488,591136
SH,600028,0.38,500293,638487
SZ,300502,-0.75,492918,547943
SZ,002371,-6.17,467355,467728
SH,601166,0.79,403152,403152
SZ,002475,-6.41,394016,415543
SH,601658,-0.76,372793,617289
SZ,002415,1.35,345199,349731
SH,600030,-0.62,343988,418680
SH,600276,-1.6,339427,353165
SZ,002594,-0.98,330601,864493
SH,601998,0.64,320805,437927
SH,600000,1.05,320069,320069
SH,603259,-0.36,316456,381772
SZ,000858,-0.04,302603,302610
SH,688012,-8.89,295285,300188
SZ,300059,-0.83,267066,316444
SH,600150,-0.3,263924,263924
SH,601319,-0.67,259844,323720
SH,601816,1.56,254903,254903
SH,601211,-0.37,246858,322432
SH,600183,-3.67,245395,247151
SH,688825,0.8,244965,3638320
SH,601225,-1.64,236461,236461
SH,600309,0.99,235568,235568
SH,688981,-5.34,234669,1004696
SH,603986,-9.66,228624,239997
SZ,002384,-4.4,227246,300237
SZ,000651,-2.95,226678,229938
SH,601601,1.76,225407,316798
SZ,000001,-0.33,224911,224915
SH,688008,-6.45,219406,233928
SH,600919,-1.34,214160,214160
SZ,300408,2.32,213663,227153
SZ,002142,1.22,212964,213098
SH,603288,-1.19,211192,222252
SZ,002916,-1.63,201404,206359
SH,600406,2.92,200685,201276
SZ,300394,5.88,197074,197516
SH,601919,0.38,197012,239557
SH,601668,1.28,196685,196685
SZ,002463,-2.12,195242,195400
SZ,000725,-1.8,191336,200410
SZ,300760,-1.17,190202,190365
SH,600025,0.1,188733,188733
SH,601328,0.56,188243,637987
SZ,002938,-0.59,187200,187744
SH,600031,-1.99,170674,185187
SH,601985,-0.43,170327,185523
SH,600887,-0.21,170188,171038
SH,600989,-1.36,168447,168447
SZ,002352,0.11,168113,184444
SH,688072,-10.86,167544,172277
SH,601066,-0.73,166159,198416
SZ,300274,0.38,164722,215116
SZ,300476,-0.6,163729,185982
SZ,003816,0.24,162848,209065
SZ,300433,0.03,156993,166755
SZ,300124,0.45,155104,174234
SH,600809,-2.48,151361,151361
SH,601766,0.97,151319,178507
SH,601818,0.95,148502,189074
SH,601100,1.64,147799,147799
SZ,000792,0.33,145041,145042
SH,600111,0.91,144820,144820
SH,601009,0,143788,143788
SH,600690,-0.98,143570,215310
SH,601688,-0.09,143212,176927
SZ,000338,2.11,141455,246592
SZ,002050,1.97,141256,161041
SH,600050,1.12,139767,141003
SH,601872,1.43,137509,137509
SZ,000063,0.68,137100,162832
SH,601229,1.27,135981,135981
SH,600176,-9.98,135272,136347
SZ,000568,-0.67,132851,132927
SH,600999,0.4,131073,153581
SH,601336,-0.5,131007,195970
SH,600019,-0.48,130626,132871
SH,600104,-0.52,129437,129437
SH,600016,0.83,129437,159806
SZ,002714,-0.45,128202,225609
SH,688111,1.71,127232,127232
SZ,000408,-0.97,125245,125246
SH,601600,-1.03,125036,162458
SH,601898,-1.44,124467,180318
SZ,000776,-1.86,123749,164009
SZ,002281,-3.03,123242,129749
SH,600018,-0.18,122743,122918
SH,600760,-0.22,122633,122866
SH,603019,0.14,122282,122287
SH,600346,2.27,120369,120369
SH,688082,-8.16,119196,120490
SZ,301165,-9.31,119159,119159
SH,688506,-3.35,118908,118908
SH,600487,-0.18,116597,117203
SH,600660,-2.92,116073,151235
SZ,300014,0.04,114666,117967
SH,600188,-4.74,114637,193009
SZ,002493,-1.04,114205,122171
SH,688120,-10.65,113941,113941
SH,600886,-0.06,113602,121988
SH,601888,-0.09,113146,120408
SH,600905,1.28,112921,112921
SZ,300604,-11.68,112226,145459
SH,601169,0.38,110789,110789
SH,600584,-6.52,109906,109906
SH,600489,-1.77,109549,109549
SH,601698,2.5,109200,109200
SH,600089,2.05,107978,107978
SH,600015,0.57,107864,111564
SH,688361,-11.61,107837,107837
SH,600160,0.76,107504,107504
SH,601869,-3.23,106741,217482
SH,603501,-0.87,106099,110560
SZ,000166,-0.2,105466,117187
SZ,000977,0.01,105348,105466
SH,601633,-0.64,103877,142842
SZ,300442,-0.13,103344,103648
SH,605117,-1.08,103030,103030
SH,601995,-0.41,102821,169775
SH,603256,-9.75,101723,104597
SZ,300033,-1.67,101277,173867
SH,601012,2.23,100637,100637
SH,601939,-3.68,100254,2733724
SH,600547,-2.01,99867,127372
SH,601006,0.8,99513,99513
SZ,002736,0.29,99489,106002
SZ,300857,-5.79,98988,99497
SH,688525,-7.95,98091,98091
SH,688521,-4.07,97363,97363
SH,600522,-0.2,97133,97133
SZ,002028,0.6,96171,123216
SH,688271,1,96163,96163
SH,600893,3.23,95518,95535
SH,600938,-1.11,95381,1516206
SZ,000938,-4.69,95097,95098
SZ,301200,-4.02,95083,109342
SZ,000100,-0.41,94757,97972
SH,601127,-2.45,94553,105773
SZ,002602,2.51,94340,102305
SH,601390,0.43,94100,113580
SZ,000988,-1.81,94097,94145
SZ,002230,1.54,93884,102977
SZ,000538,-1.05,92724,93317
SZ,002001,1.53,92533,93647
SH,600795,0.79,91318,91318
SZ,000617,0.28,91276,91276
SH,601881,-0.31,91195,137664
SZ,301308,-7.46,90491,135828
SZ,000895,0.46,90451,90462
SZ,002353,-3.15,90139,133552
SZ,002600,0.56,89783,101259
SH,601168,-2.02,89744,89744
SH,688347,-7.68,89542,381605
SZ,000807,-3.15,89403,89404
SH,600941,1.63,89374,2146686
SH,600362,-0.87,89028,148551
SH,601727,1.59,88436,108936
SH,605499,-4.57,87659,95204
SH,600236,2.5,87416,87416
SH,600673,1.8,86655,86886
SH,601868,1.54,85612,116794
SZ,002648,-0.27,85239,85294
SH,601689,3.04,83538,83538
SZ,001289,-0.11,83192,137937
SZ,300498,-0.91,83004,92889
SH,600436,-1.61,82763,82763
SH,601825,2.21,82308,84678
SZ,002311,-0.25,81594,81672
SZ,000301,2.97,80093,80128
SH,600011,1.25,80063,114282
SH,688183,1.08,80007,80007
SZ,002156,-8.56,78710,78718
SZ,000425,-2.56,78575,102239
SH,601838,-0.37,78114,78114
SH,603893,-2.04,77876,77886
SZ,002008,-3.8,77772,83696
SZ,002027,-4.62,77410,77410
SH,601991,4.74,76732,114557
SH,600674,-0.75,76483,76483
SH,600039,-2.76,76347,76347
SH,603195,1.39,76165,76304
SH,601800,0.32,74440,102958
SZ,000708,-1.93,74142,74143
SH,601186,0,73736,87045
SH,688777,0.39,73587,73960
SH,688036,-1.22,73307,73307
SH,603228,2.61,73251,74689
SZ,002241,0.74,73201,82661
SH,600585,-1.5,72708,96465
SH,601111,-0.31,72505,127669
SH,600549,-1.22,72211,73775
SZ,300015,-0.1,72172,84347
SZ,002179,0.03,71383,71513
SH,601179,4.2,71250,71250
SH,600066,-0.08,71222,71222
SH,600029,0,70754,95135
SH,600118,3.71,70441,70441
SH,600010,0.45,70153,101306
SH,688249,-6.3,70065,77609
SZ,000657,-2.96,69824,109464
SZ,000630,0.48,69532,83675
SH,600415,-1.16,69367,69367
SH,688396,-4.24,69054,69054
SH,600958,0.44,68943,78424
SH,601018,1.15,68479,68479
SH,601958,0.95,68372,68372
SZ,001965,-0.68,68223,68223
SZ,002080,-6.5,67679,67679
SZ,002466,0.86,67500,78363
SH,600023,-1.17,67178,67178
SZ,300757,-1.38,66620,68686
SH,688126,-0.2,66590,77437
SH,601360,1.82,66496,66496
SH,601916,0.99,65926,84042
SH,688702,-5.81,65440,132176
SH,600233,1.06,65262,65262
SH,600026,0.89,65152,93120
SH,688200,-9.51,64912,64912
SH,688002,-2.67,64860,64860
SZ,000625,-0.5,64732,77618
SH,600988,-1.66,64726,73926
SZ,301217,-5.56,64680,64680
SZ,002202,4.46,64613,81139
SH,601669,1.02,64573,85097
SZ,002304,-0.57,64248,64250
SH,600115,0.27,63844,82829
SH,600048,-0.56,62845,62845
SZ,001979,1.44,62531,63563
SZ,000703,1.68,62207,62521
SH,600482,0.82,61197,61197
SZ,002460,1.33,61009,105610
SZ,002595,1.4,60951,61376
SH,600703,-0.24,60916,60916
SH,600009,-0.6,60840,61038
SH,600875,6.77,60658,92684
SZ,300475,-7.6,60620,63247
SZ,002128,-0.03,60455,84321
SZ,000636,4.76,59818,59818
SH,688585,-5.92,59754,59754
SH,601077,-0.29,59570,76546
SH,603296,-8.39,59455,112881
SZ,000768,0.9,59138,59227
SH,600426,-0.87,58731,58739
SH,600221,0,58698,59205
SH,688629,-7.65,58698,59623
SH,601788,0.07,57858,68286
SH,600438,10.02,57851,57851
SZ,000975,-2.26,57656,63352
SZ,000960,2.17,57327,57327
SZ,000933,-2.44,57156,57192
SH,601061,-1.93,57085,57085
SH,688017,2.05,56810,56810
SZ,300661,-1.79,56568,64441
SZ,002920,1.49,55981,55999
SZ,002558,0.14,55724,55724
SH,601877,2.7,55658,55658
SZ,000426,-1.47,55617,55631
SH,600803,1.63,55568,56003
SH,600372,1.23,55551,55551
SH,600418,-3.45,55386,57166
SH,688172,-7.8,55334,65899
SH,600885,0.42,55187,55187
SZ,000021,-6.38,54859,54867
SH,600350,-0.25,54727,54727
SZ,002064,-0.08,54323,54439
SZ,002709,0.45,54173,73184
SZ,002049,-1.48,54002,54009
SH,601059,0.48,53996,53996
SH,600219,-0.41,53973,53973
SH,600096,-0.96,53924,53924
SZ,002422,-4.76,53724,65811
SH,603156,9.99,53688,53688
SZ,000157,-0.65,53376,65296
SH,601233,0.09,53240,53337
SZ,300450,0.12,52849,56739
SH,600580,6.94,52788,52940
SH,600741,-0.82,52714,52714
SH,688037,-10.97,52697,52697
SZ,002837,-2.03,52544,59232
SH,601377,0,52161,52161
SZ,300620,2.77,52136,52575
SZ,000831,2.09,51809,51809
SZ,300759,-1.57,51434,66546
SZ,300058,3,51404,53063
SH,603659,0.59,51332,51332
SZ,001872,0.36,51156,55153
SZ,300223,-5.65,50447,57861
SH,688019,-6.92,50260,50260
SZ,300285,-5.21,50196,58626
SZ,000963,-1.95,50031,50052
SZ,300803,-0.33,49717,50082
SH,600879,3.16,49621,49621
SZ,002185,-4.19,49242,49253
SH,601618,1.1,49095,56902
SH,600196,-0.29,49064,61847
SZ,300418,-3.46,49011,53586
SZ,002074,-1.32,48924,51121
SH,601298,0.33,48906,58874
SZ,300316,1.68,48339,51399
SH,688578,-4,48033,48033
SZ,301358,-0.81,48015,53255
SZ,301269,-0.09,47835,47835
SH,688141,-6.99,47788,47788
SH,601117,-0.25,47609,47745
SZ,000783,0,47559,47559
SH,600895,-4.75,47421,47421
SH,603129,0.47,47221,47221
SH,688766,-10.58,47188,47188
SZ,300054,-7.78,47065,60370
SH,600377,1.48,46995,62267
SH,601607,-0.35,46859,62300
SZ,300136,-1.35,46789,54861
SZ,002821,-3.44,46726,53172
SH,688223,4.84,46726,46726
SH,600930,2.12,46625,181040
SH,600497,0.98,46573,46573
SH,601058,-0.91,46132,46132
SH,600460,-2.4,45895,45895
SH,600105,-2.61,45614,45614
SH,601021,0.26,45600,45600
SH,688469,-0.63,45491,64966
SH,688409,-10.11,45414,45414
SZ,002851,-7.58,45402,57547
SH,688375,4.99,45357,45357
SH,601198,0.58,44963,44963
SH,603979,-3.88,44508,44508
SZ,000066,0.29,44448,44452
SZ,002428,1.45,44354,44360
SZ,002484,-8.05,44289,45911
SH,688009,0,44053,54114
SH,601699,-2.57,44004,44004
SZ,002812,1.71,44001,52491
SH,601878,0.63,43954,43954
SH,600570,0.92,43800,43800
SH,688313,7.55,43770,43770
SZ,000999,1.47,43546,43586
SH,600726,3.57,43432,45942
SZ,300373,-4.6,43398,43495
SH,688187,5.56,43367,66415
SZ,002414,1.19,43366,54495
SH,688110,-4.65,43083,43083
SH,688047,0.72,42959,42959
SH,600352,-1.04,42749,42749
SH,688188,-0.64,42190,42190
SH,600061,0.92,42073,42073
SH,600995,1.86,41900,41900
SH,600498,-0.44,41887,44738
SH,600021,2.42,41820,41820
SH,688303,7.89,41711,41711
SH,688048,3.97,41674,41674
SH,600642,-0.93,41451,41453
SZ,300666,-7.94,41404,51676
SH,603260,4.23,41330,41330
SZ,002203,1.58,41279,42764
SZ,300548,-0.17,41263,41346
SZ,000893,-2.09,41215,46914
SH,600143,1.1,41182,41784
SH,601238,0.91,41127,56798
SZ,300979,-0.81,41113,41113
SH,601136,2.73,41082,41082
SH,601555,1.6,40992,40992
SH,600378,-4.98,40607,48839
SZ,002945,1.91,40284,40284
SZ,002078,-0.4,40272,40521
SH,600968,1.54,40254,40254
SH,601216,0.63,40249,40249
SZ,002236,0.48,40171,54924
SH,600985,-1.64,40022,40022
SH,688630,-6.8,39929,44404
SH,600845,0.54,39885,53414
SZ,002436,-4.5,39876,44650
SH,600600,0.32,39839,76640
SH,601456,0.89,39787,51637
SH,601108,1.43,39472,39472
SH,600578,2.26,39431,39431
SZ,000987,0,39405,39435
SZ,301526,-12.43,39337,105622
SH,601665,-0.15,39138,39138
SH,601577,1.89,39041,39049
SH,688099,-5.33,39030,39030
SH,603392,0.82,39007,39007
SH,603806,1.91,39001,39001
SH,601777,3,38791,38791
SH,688472,1.14,38654,38654
SZ,002409,-9.62,38513,57544
SH,600909,0.13,38435,38435
SH,688220,-2.01,38400,38400
SH,688331,-4.61,38376,60868
SZ,002195,0.44,38356,38702
SH,600588,0.99,38236,38236
SZ,300567,-12.01,38153,47009
SZ,000596,-1.7,38135,49334
SH,603087,-1.34,38046,40540
SZ,000559,1.87,37916,37928
SH,600601,-1.19,37866,38806
SZ,002850,-1.26,37739,51540
SZ,300972,-5.02,37624,40951
SH,688729,-7.67,37605,63574
SZ,000983,1.85,37582,37582
SH,688146,-2.62,37547,137118
SZ,002966,0.47,37493,38135
SH,603083,4.41,37477,50078
SH,601212,1.4,37468,37468
SZ,300115,-0.06,37408,37519
SH,688728,-3.54,37397,37422
SH,601808,-0.23,37302,60122
SH,600901,-1.67,37233,37242
SH,603699,7.39,37111,37950
SH,688147,-7.51,37083,37083
SZ,300919,-0.41,37073,42332
SZ,300001,2.25,37009,37876
SZ,002294,-0.41,36937,36945
SH,600392,1.79,36932,36932
SH,603379,0.15,36867,36867
SH,600298,2,36652,37109
SZ,002129,2.49,36560,36590
SZ,300390,0.11,36497,45101
SZ,300395,-2.2,36473,37411
SH,600733,-0.49,36209,38139
SH,603298,-2.13,36007,36007
SH,600060,1.91,36002,36135
SH,688336,-1.98,35840,35840
SH,600085,-0.75,35823,35823
SZ,002155,-0.86,35703,35707
SH,688122,3.89,35589,35589
SZ,000423,1.52,35416,35478
SH,603369,-1.45,35260,35260
SZ,001203,4.09,35248,41378
SH,688234,-5.46,35198,39695
SH,688627,-9.17,35196,35196
SH,600177,-0.75,35082,36017
SH,688295,0.88,35037,35037
SH,601611,10.05,34991,34991
SH,603268,-1.82,34941,152604
SH,603486,0.41,34929,35248
SH,603606,2.89,34922,34922
SH,600157,1.27,34908,34908
SH,600256,0,34836,34836
SH,600141,0.17,34754,34754
SZ,002252,1.74,34720,34743
SZ,002444,0.33,34448,35882
SZ,002636,-6.97,34246,34420
SH,605376,-4.01,34215,34215
SZ,002340,0.6,34212,34390
SZ,002738,1.83,34082,34574
SH,601598,0.92,34039,47347
SH,688775,2.55,33989,52551
SH,600667,-5.74,33967,33967
SZ,002517,4.54,33947,38392
SZ,302132,-1.02,33945,154768
SH,603629,-2.39,33803,34366
SZ,000688,1.97,33715,33715
SZ,002429,0.27,33706,33726
SH,601236,0.84,33697,33697
SZ,002273,-2.64,33534,34237
SH,688432,-8.15,33508,33508
SH,688599,5.31,33475,33475
SZ,300037,-2.61,33332,45957
SZ,002601,1.89,33173,39793
SZ,002138,0.93,33106,34833
SZ,300454,-4.02,33086,49578
SH,601696,0.42,33003,33003
SZ,301377,-4.65,32999,141542
SH,603568,4.97,32898,32898
SH,601208,-5.17,32881,32881
SH,603225,0.61,32804,32980
SZ,300832,0.27,32790,37715
SZ,300251,-1,32777,34646
SZ,300017,-1.27,32776,34565
SZ,000729,0.85,32700,36726
SZ,002056,-3.36,32647,32681
SH,688027,5.31,32604,41726
SH,600109,0.46,32533,32533
SZ,000002,0,32455,39849
SZ,002407,-4.44,32406,35761
SH,600711,-1.49,32390,32390
SZ,000728,0.54,32205,32205
SZ,000800,0.46,32133,32136
SH,600863,-0.19,32112,38549
SH,601162,0.54,32070,37576
SZ,300207,-1.77,32068,34566
SH,688322,6.45,31998,41246
SZ,002555,1.05,31938,44510
SZ,000878,0.57,31878,38585
SZ,000811,-7.84,31827,32285
SZ,000876,1,31815,31835
SZ,002653,-5.07,31783,66310
SH,601126,1.32,31749,32058
SH,688617,-2.03,31527,31527
SZ,000661,-2.71,31490,32145
SH,603650,-5.69,31405,31481
SZ,000027,1.69,31399,31399
SH,688808,-0.83,31381,166963
SH,600348,0.46,31241,31241
SZ,000883,2.12,31232,34123
SH,600332,-0.39,31197,36076
SZ,003031,-3.63,31039,41159
SH,600282,-0.39,30887,30887
SZ,300346,-3.03,30759,32408
SH,600563,-0.47,30650,30650
SZ,002673,1.33,30617,30617
SH,600398,1.11,30594,30594
SH,600562,1.74,30575,30575
SH,600483,1.1,30554,30554
SH,600499,-3.39,30551,30551
SH,600871,0.9,30481,42653
SH,603766,0.61,30392,30392
SH,688676,2.64,30346,30346
SZ,000958,2.36,30309,103122
SH,603198,-2.95,30176,30176
SZ,002432,-5.38,30136,30176
SZ,002126,-1.55,30088,32044
SZ,002939,0.36,30082,33687
SZ,002261,1.16,30062,33049
SZ,002131,10.09,30035,34739
SZ,300782,-1.4,30015,38501
SH,600517,2.54,29965,29965
SH,688536,-1.98,29647,30178
SH,603338,-1.16,29525,29525
SZ,300748,2.03,29516,35930
SZ,300339,0.45,29482,30192
SH,600869,-0.07,29473,29473
SH,603308,1.1,29416,29416
SH,601000,2.06,29333,29333
SH,688213,-1.48,29329,36473
SH,600699,1.99,29323,32582
SH,603929,-7.51,29320,29320
SH,601990,1.17,29284,30445
SZ,301236,-3.23,29142,38395
SZ,000959,0.51,29136,30322
SZ,002472,0.99,29046,32980
SH,601933,-0.9,29006,29006
SZ,000629,1.3,28986,28988
SH,688169,-0.25,28815,28815
SH,688235,-2.62,28796,385786
SH,688433,-1.29,28671,28671
SZ,300628,1.39,28628,49967
SH,688608,-2.51,28604,28604
SH,601880,2.65,28540,36536
SZ,002608,1.75,28487,28487
SH,600801,-4.83,28471,44116
SH,688266,-12,28438,28438
SZ,300347,0.16,28363,43112
SH,603179,2.72,28318,28318
SH,600312,5.48,28224,28224
SH,688568,4.18,28218,28218
SH,600206,-5.95,28173,28173
SZ,300751,-1.88,28164,40731
SZ,000060,0.48,28157,28157
SH,600369,1.2,28109,28109
SZ,002797,1.52,28030,28030
SH,600637,1.34,28005,28005
SH,603444,-0.57,27886,27886
SH,605589,-3.39,27881,27897
SZ,002025,0.05,27868,27877
SH,601799,-1.7,27854,27854
SH,600707,-0.63,27804,27810
SH,605358,-2.95,27799,27799
SZ,000582,3.79,27780,32420
SH,600536,-0.14,27739,30703
SH,688297,0.71,27709,27709
SH,600428,-0.08,27632,31006
SH,603939,0.09,27582,27582
SH,600515,2.39,27528,34276
SH,688411,1.43,27439,37763
SH,688180,-1.93,27437,36755
SH,688318,3.09,27430,27430
SH,600663,8.09,27391,43705
SH,600079,1.55,27314,28890
SZ,000877,0.26,27304,27304
SZ,000932,0.76,27136,27136
SH,601001,-1.94,26997,26997
SH,688065,1.49,26946,33316
SZ,002378,1.44,26938,27080
SH,600777,0.72,26865,28698
SH,600737,1.8,26586,26586
SZ,002223,0.43,26573,28270
SH,600153,1.78,26502,26502
SZ,300432,0.19,26459,26758
SZ,000951,-2.62,26419,26419
SH,600732,1.46,26400,26525
SH,600862,1.01,26356,26356
SH,600299,1.43,26301,26301
SZ,300458,-3.72,26291,32085
SH,600704,0.6,26218,26218
SH,601615,3.95,26211,26211
SZ,002240,1.96,26164,26232
SH,688385,-0.3,26160,39950
SZ,300870,-3.14,26117,26120
SZ,002459,4.93,26057,26081
SH,600918,1.06,26008,45135
SH,688052,-2.66,25977,29617
SH,688301,-1.67,25903,25903
SZ,300672,-4.96,25886,26719
SZ,000981,2.26,25876,27193
SH,600331,1.43,25867,33628
SH,603127,-1,25812,30813
SH,688248,9.02,25795,25795
SZ,002487,3.7,25786,30247
SZ,003022,2.77,25741,25763
SH,688668,-2.88,25736,25736
SZ,000737,0.6,25711,25714
SH,600259,5.54,25680,25680
SH,600161,0.94,25607,25607
SZ,002152,0.29,25492,25504
SH,603345,-3.41,25464,28936
SZ,002465,2.7,25448,25488
SZ,000921,0.55,25440,38139
SH,600323,0.74,25431,25431
SH,688025,-3.92,25385,25385
SZ,002015,3.65,25373,25373
SZ,002245,-0.56,25368,26964
SH,601928,-0.69,25322,25322
SH,603049,0.82,25320,43847
SH,601717,1.42,25261,29245
SH,600583,-0.16,25246,25246
SH,600521,0.36,25124,25124
SH,601155,-1.15,25060,25060
SZ,002244,-2.9,24846,28034
SH,600208,1.74,24843,24846
SH,600166,-0.62,24781,24781
SH,688387,3.55,24726,41914
SH,601918,-2.54,24714,24714
SH,689009,-0.65,24699,32326
SZ,000830,2.61,24697,24699
SH,601399,2.7,24670,24670
SH,600566,-0.03,24647,24730
SH,600295,-2.19,24635,34901
SZ,000415,0.22,24592,28201
SH,688349,2.89,24495,24920
SH,600546,-2.44,24424,24424
SZ,000738,2.48,24423,24423
SZ,002456,1.94,24418,25730
SZ,300024,1.43,24401,24408
SH,603596,3.87,24362,24362
SH,603160,-0.22,24362,24362
SH,603885,1.26,24315,24315
SH,601866,1.21,24276,32890
SZ,002498,6.59,24219,24219
SH,688300,-6.79,24152,24152
SZ,002747,3.63,24114,29828
SH,600100,1.13,24089,24089
SZ,300383,-0.73,24080,24124
SZ,300438,-0.46,24076,29984
SH,603605,-0.9,24048,24048
SH,688475,2.8,24035,24035
SH,601099,1.73,23993,23993
SH,688278,0.62,23965,23965
SH,601228,1.93,23916,23916
SZ,002841,1.37,23883,32030
SZ,000400,3.51,23876,24039
SZ,920185,-0.46,23867,24266
SZ,300558,-1.83,23817,23893
SZ,301511,-4.41,23740,39944
SH,600535,-1.42,23739,23739
SZ,002859,-8.27,23690,25091
SH,601606,-3.64,23682,23682
SH,688362,-10.05,23657,23657
SH,603067,0.32,23603,23603
SH,601567,1.15,23551,23551
SH,601128,0.31,23531,23531
SH,603301,-2.25,23469,23469
SZ,000739,0.05,23426,23435
SH,601963,0.53,23351,41624
SH,688778,0.26,23322,23322
SH,688425,1.63,23307,23307
SH,600977,-0.15,23300,23300
SZ,002180,0.47,23261,24314
SZ,300677,-1.12,23225,32659
SZ,002157,1.71,23207,27565
SH,600884,-0.78,23177,28362
SZ,002085,2.73,23165,23165
SH,600095,-7.1,23159,23159
SZ,000547,2.75,23138,23274
SH,688167,1.2,23105,23105
SZ,300255,0.76,23078,23114
SZ,002271,1.43,23070,28784
SZ,002603,-0.94,23029,27951
SH,600873,0.86,22995,22995
SZ,000062,1.01,22988,23010
SH,603119,6.21,22981,22981
SZ,002222,0.1,22977,23080
SZ,002266,2.82,22954,24739
SH,603565,1.39,22954,22954
SZ,000709,3.74,22945,22948
SH,600486,0.04,22909,22909
SH,605090,1.69,22863,22886
SH,600132,1.48,22848,22848
SH,600396,10,22842,22842
SZ,002430,1.48,22815,22825
SH,688127,-5.3,22787,22787
SH,603920,0.22,22764,22764
SZ,000887,0.35,22752,22788
SZ,000733,0.1,22723,22726
SZ,300570,3.7,22721,26851
SH,688333,1.57,22684,22684
SH,600388,0.11,22670,22670
SH,600390,0.4,22670,22670
SZ,000155,0.08,22652,22652
SH,601069,0.04,22588,23194
SZ,300496,1.16,22573,28202
SZ,300236,-4.09,22546,25365
SH,600550,2.94,22540,22540
SH,688102,4.1,22539,22604
SH,688192,-4.53,22475,22668
SH,601106,5.83,22425,22425
SZ,000750,0.52,22373,24651
SH,688819,1.15,22212,22212
SH,603688,-2.49,22171,22171
SH,601118,4.23,22167,22167
SZ,002926,0.36,22129,22129
SH,601608,2.99,22073,22073
SH,600598,0.49,22061,22061
SZ,000598,0.41,22049,22052
SH,601016,3.11,22040,23887
SH,600008,1.69,22022,22022
SZ,300738,-0.12,21993,22000
SH,600126,-0.91,21918,21918
SH,600685,-0.18,21891,37670
SZ,000564,2.11,21888,26184
SZ,002046,-2.1,21870,22118
SZ,000623,-0.1,21858,21945
SH,603881,4.32,21836,21836
SH,600641,-9.99,21786,22166
SZ,002065,3.04,21693,23913
SH,603337,7.63,21670,22104
SZ,300896,-2.82,21653,32048
SZ,300699,1.7,21644,21906
SH,603899,0.94,21631,21631
SZ,003035,2.7,21591,21591
SZ,002007,2.01,21573,25030
SZ,002423,0.86,21543,21543
SH,600848,0.33,21521,22677
SZ,300474,0.61,21511,27657
SH,601997,1.73,21498,21498
SZ,000962,-2.63,21496,22533
SH,600329,-1.11,21470,29156
SH,600765,1.39,21455,21455
SH,603823,10,21435,21435
SH,603816,4.25,21433,21580
SH,603728,3.48,21430,21430
SH,600170,1.69,21415,21415
SZ,000158,1.2,21373,21517
SZ,001389,-1.27,21330,66179
SH,600970,1.88,21289,21289
SH,600516,1.93,21257,21257
SZ,002379,-10,21239,243552
SH,603077,1.27,21196,21196
SH,603233,-1.26,21194,21194
SZ,301205,14.43,21179,32898
SH,603061,-7.63,21164,21164
SH,601865,10.02,21082,25983
SZ,300073,0.19,21079,22675
SZ,002468,2.06,21068,22028
SH,603737,1.58,21063,21063
SH,600688,1.06,21034,30257
SH,601677,0.18,20974,20974
SH,600745,-1.14,20891,20891
SZ,301396,-5.86,20802,31594
SZ,002948,0.85,20781,34340
SZ,300209,0,20727,25909
SZ,001270,9.32,20724,20857
SH,688114,0.06,20720,20763
SZ,002299,1.61,20704,21115
SH,600582,1.22,20652,20652
SH,601187,0.64,20646,20691
SH,603833,-3.15,20528,20528
SZ,301035,-0.52,20484,20514
SZ,300003,-0.76,20478,23909
SZ,002461,2.55,20451,20451
SH,601158,0.95,20448,20448
SZ,002317,2.1,20388,22753
SZ,300012,-0.96,20381,23963
SZ,000683,2.01,20365,22673
SH,600330,-0.83,20315,20315
SZ,000009,0.13,20299,20324
SZ,000034,-0.82,20295,24300
SZ,002318,5.41,20273,20765
SH,688548,-6.95,20232,38619
SH,688820,-4.87,20212,217758
SZ,002545,-4.58,20207,22244
SH,688005,1.14,20202,20202
SH,688195,2.92,20139,20139
SZ,000039,0.92,20137,47185
SH,601098,1.18,19972,19972
SZ,000519,-0.55,19928,19928
SZ,002265,-0.92,19865,19865
SH,688400,1.38,19810,20600
SH,600967,0.26,19792,19792
SH,688001,-3.07,19735,19735
SH,600246,-2.51,19717,20265
SZ,002262,0.81,19691,22632
SH,600012,-0.7,19675,28841
SH,600927,2.26,19668,19668
SZ,301536,-7.11,19659,44289
SZ,002120,0.87,19650,20236
SH,603667,3.47,19647,20556
SZ,002500,1.11,19636,19636
SZ,300763,2.33,19633,24218
SZ,002130,2.46,19624,23952
SH,601666,-0.62,19607,19607
SH,688343,-4.17,19602,19602
SH,603658,3.2,19526,19526
SZ,300085,0.77,19502,21136
SZ,300489,-0.05,19469,19541
SZ,300142,0.16,19462,19736
SZ,002335,2.58,19423,22210
SZ,301018,-2.82,19390,25661
SH,603588,0.79,19360,19360
SH,688208,-1.52,19355,19355
SZ,000997,1.92,19292,19401
SH,600131,2.62,19218,19236
SH,600339,1.18,19206,19206
SZ,002683,2.75,19204,21892
SH,603290,-0.59,19160,19160
SZ,000686,0.86,19145,19145
SH,601139,1.22,19073,19073
SZ,000429,0.48,19068,30588
SZ,002364,-3.71,19065,19251
SH,600007,-1.45,19058,19058
SZ,002497,2.4,19020,20688
SH,600602,0.4,19004,24194
SZ,300811,-2.23,18943,23092
SH,600518,0.74,18937,18946
SH,600004,0.88,18934,20618
SH,603663,-5.6,18869,18881
SH,688363,-2.14,18867,18867
SZ,300762,3.23,18839,18839
SZ,002396,-4.59,18829,18907
SH,600380,0,18752,18752
SH,603000,0.71,18741,18741
SH,603529,1.52,18740,19109
SH,688205,1.73,18728,18728
SZ,002831,-0.26,18727,33780
SH,603171,1.05,18712,18733
SZ,300779,3.68,18696,24468
SZ,001896,1.75,18660,18660
SZ,300122,1.15,18655,31574
SZ,002716,0.38,18626,22641
SZ,002270,1.71,18623,18624
SZ,000875,2.2,18617,20204
SH,600316,3.39,18616,18616
SH,600655,2.58,18555,18561
SH,600606,1.54,18552,18552
SH,603516,-0.13,18520,18520
SH,603236,1.48,18516,18516
SH,688281,0.39,18477,18477
SH,603005,-2.54,18456,18456
SZ,000543,1.88,18430,18430
SZ,300814,-3.89,18427,18427
SZ,002389,-0.31,18326,18329
SZ,002044,-1.04,18325,18514
SZ,000029,1.14,18252,20709
SH,601969,1.43,18245,18357
SH,600038,1.41,18235,22350
SH,603306,-4.57,18198,18198
SH,688561,-1.4,18182,18182
SH,600032,3,18179,18179
SH,688270,4.53,18169,18169
SH,600577,4.77,18122,18122
SH,603530,0.5,18095,18261
SH,600820,1.77,18079,18079
SH,688403,-8.23,18015,18015
SH,603871,0.92,17962,17962
SH,600754,1.64,17949,21123
SZ,002739,-0.91,17926,18182
SZ,000591,1.32,17917,17923
SZ,300888,0.59,17904,17985
SH,600956,2.14,17892,34292
SZ,300806,-6.02,17874,24804
SH,600120,0.38,17828,17828
SZ,000528,-0.33,17806,17831
SZ,001267,-1.94,17794,22954
SZ,002670,-9.58,17759,21170
SZ,300623,-0.76,17734,19229
SZ,000513,-0.28,17635,27561
SZ,002958,2.21,17624,18000
SH,603786,2.83,17600,17600
SH,688097,-1.42,17562,17562
SZ,300140,1.43,17550,17572
SH,688372,-4.72,17528,17528
SH,601333,0.65,17522,21959
SH,600353,-4.42,17513,17513
SH,601975,2.75,17504,17504
SZ,002518,1.08,17491,18020
SZ,300487,-3.59,17391,28746
SH,601966,2.07,17343,17343
SH,603638,0.51,17341,17341
SZ,300821,0.77,17253,17256
SH,600961,1.01,17239,24601
SH,601609,1.22,17217,17217
SZ,002536,-8.6,17214,18175
SH,601858,10.01,17201,17201
SH,601636,2.3,17131,17131
SZ,000603,1.02,17108,17705
SH,601326,1.41,17080,20059
SZ,300398,-4.34,17065,17158
SZ,300776,-3.99,17049,27120
SH,688795,-1.3,17017,264631
SH,600179,0.69,16994,18619
SZ,300747,2.17,16975,18263
SH,688523,6.92,16967,16967
SH,600062,0.31,16944,16950
SH,688257,-6.21,16925,16925
SZ,000898,3.41,16870,19863
SZ,300724,2.45,16854,20403
SH,603858,1.33,16841,16841
SZ,300456,0.32,16830,20626
SH,603132,6.97,16822,16822
SH,600114,2.87,16778,17186
SZ,300088,1.2,16777,16860
SZ,002402,1.89,16762,18911
SZ,000766,2.36,16760,16769
SH,603358,-3.59,16711,17000
SZ,300257,1.51,16688,17369
SZ,002611,4.01,16676,20219
SH,600739,0.55,16654,16654
SH,600528,2.47,16617,16617
SH,600750,-0.1,16576,16754
SH,605196,-0.14,16560,16678
SH,688772,-0.74,16551,16551
SH,600500,0.66,16542,16542
SH,600761,1.7,16540,16540
SZ,001337,-1.81,16535,16535
SH,601921,1.5,16533,16533
SH,601519,-1.3,16510,16510
SH,600928,1.63,16499,16578
SZ,000682,2.67,16489,16491
SH,600763,-0.32,16442,16442
SH,600867,0.24,16432,16432
SH,601369,0.21,16414,16580
SH,688123,-8.37,16397,16397
SZ,000723,3.32,16394,16425
SH,600435,1.98,16349,16349
SZ,300144,0.48,16342,16514
SZ,002491,-0.49,16341,17085
SZ,000935,0.94,16338,16338
SH,600171,0.04,16319,16319
SH,603355,1.9,16302,16302
SH,603733,1.68,16296,16296
SZ,300660,3.81,16295,16305
SZ,300773,-0.99,16293,17223
SH,601101,-4.06,16272,16272
SH,601020,1.64,16268,16268
SZ,000537,1.55,16199,16199
SZ,301171,5.77,16186,19947
SH,601156,0.29,16171,27179
SZ,002312,0.94,16125,16159
SZ,002405,2.4,16113,16212
SZ,001213,0.84,16089,16089
SZ,001287,1.68,16087,16087
SZ,000563,1.29,16058,16058
SH,600808,2.67,16053,20715
SH,688131,-3.14,16050,16050
SZ,300102,5.93,16029,16106
SZ,002192,0.47,16016,16049
SZ,300953,1.54,16008,22272
SZ,000032,-2.94,15967,15967
SZ,300568,-0.89,15965,19752
SZ,002925,-0.17,15959,16846
SZ,300170,-3.59,15947,16699
SH,688502,-4.87,15946,15946
SZ,300002,0.58,15938,16937
SZ,000050,1.08,15930,15930
SZ,300083,2.5,15921,17764
SH,601019,1.46,15902,15902
SZ,300676,-0.02,15872,15959
SZ,002237,-0.74,15870,19033
SH,603618,2.41,15853,15853
SH,605020,0.25,15847,16096
SZ,000902,-0.99,15839,17391
SH,600959,1.28,15802,15802
SH,601702,0.89,15797,15797
SH,603950,-3.9,15747,15759
SH,603317,-2.43,15708,15708
SH,600623,1.7,15702,17740
SH,600511,0.21,15693,21398
SH,600835,1.35,15687,19592
SZ,002506,5.51,15663,15679
SH,603115,-7.53,15661,15661
SH,601137,2.22,15654,15666
SZ,000927,2.38,15610,15610
SH,603226,-2.43,15606,15606
SZ,000970,6.12,15598,15598
SH,688268,-3.79,15581,15581
SH,600872,-0.58,15566,15633
SZ,300503,1.64,15558,19881
SH,600410,2.98,15515,15515
SZ,002320,2.98,15472,15472
SH,603186,-8.87,15428,15428
SH,688615,-0.77,15426,22340
SZ,002410,4.26,15387,16189
SZ,000778,2.07,15379,15655
SH,688390,1.64,15375,15375
SZ,002176,9.99,15349,15371
SZ,002171,2.37,15331,15418
SZ,000791,1.54,15330,25691
SH,600452,1.32,15304,15304
SZ,300843,-6.88,15289,15595
SZ,000966,2.57,15282,15282
SZ,002568,-2.9,15242,20832
SZ,300199,-3.07,15239,18062
SZ,301297,-2.69,15234,20024
SH,605296,-1.3,15208,15450
SH,688779,3.28,15183,15183
SH,688582,0.19,15178,15178
SH,603025,1.33,15174,15276
SH,688100,3.87,15165,15296
SZ,300657,1.25,15156,15597
SH,688388,-0.64,15112,15112
SH,600664,1.7,15086,15086
SH,600022,1.44,15085,15085
SH,688520,-0.2,15043,15888
SZ,002946,-3.17,15024,15200
SZ,002508,0.88,15012,15195
SH,600548,0.23,15001,22206
SH,601965,2.04,14976,15040
SZ,000680,0.35,14948,17057
SH,600186,2.71,14939,14970
SH,601568,2.17,14936,14936
SZ,920438,-3.75,14915,15457
SZ,002773,0.7,14896,19984
SZ,002326,0.44,14880,16958
SH,603026,-0.1,14837,14837
SZ,300613,20.01,14825,15716
SZ,000539,3.94,14821,30452
SH,600226,-0.39,14812,14812
SZ,002911,2.81,14812,15176
SH,688279,1.68,14804,18215
SH,600151,2.08,14801,14801
SH,600744,5.05,14787,14787
SZ,300723,-0.95,14655,15791
SH,603773,-5.38,14624,14629
SH,600710,-0.08,14596,14596
SH,601375,1.44,14583,19639
SZ,300735,2.89,14573,15567
SH,603662,2.53,14550,14550
SH,600475,-3.55,14549,14751
SH,688484,-0.9,14499,14499
SZ,300903,-6.32,14491,19079
SZ,000088,2.23,14486,23814
SZ,300999,-1.14,14467,144540
SH,600320,0.69,14432,22919
SH,600877,0.33,14410,14410
SZ,300957,-1.23,14396,14474
SH,688700,-6.05,14383,14383
SZ,301550,-3.3,14376,23488
SH,688233,-9.82,14348,14348
SH,600651,3.44,14340,14340
SZ,300201,6.17,14332,14409
SH,600816,2.34,14329,25792
SH,600056,0.21,14325,14331
SH,600201,1.82,14266,14266
SZ,000581,0.11,14235,17334
SH,600531,0.77,14221,14221
SH,600621,1.36,14195,14195
SH,688503,-3.83,14193,14193
SH,600361,1.6,14184,14184
SZ,002249,2.84,14183,18774
SZ,000422,1.14,14174,14443
SH,688353,0.88,14152,14152
SH,600888,1.22,14149,14149
SZ,002408,1.58,14141,14612
SZ,001301,-1.6,14131,19810
SH,600596,1.36,14130,14130
SH,601827,0.24,14128,14128
SH,600409,2.7,14120,14120
SZ,001248,0.83,14119,172843
SH,600258,1.04,14114,14114
SZ,301316,-0.62,14112,14558
SH,601778,5.28,14110,14110
SZ,002896,9.99,14102,14102
SH,688538,1.24,14093,33833
SH,600459,1.31,14093,15272
SZ,002969,3.87,14085,14160
SZ,002867,1.01,14082,14165
SH,600779,-1.46,14074,14074
SH,600633,1.47,14050,14050
SZ,000089,1.18,14048,14048
SZ,002507,0.08,14040,14078
SZ,300253,-0.25,14039,16664
SH,600675,2.65,14027,14027
SH,600552,-1.39,13999,13999
SZ,002563,1.93,13971,17054
SH,688206,0.38,13936,13936
SH,688652,-10.27,13908,19350
SH,603305,5.43,13903,13903
SZ,000685,0.63,13899,16365
SH,600416,2.84,13887,13887
SZ,001286,-1.8,13878,38550
SZ,301275,-0.7,13876,19481
SH,600575,2.29,13874,25585
SH,688380,-1.83,13861,13861
SH,600057,-1.18,13852,18794
SH,603868,-0.27,13826,13826
SH,600906,1.25,13808,21093
SZ,002010,3.31,13759,13793
SH,600064,0.51,13756,13756
SH,600933,3.09,13754,14441
SH,600456,1.8,13750,13750
SZ,300131,4.03,13737,14960
SZ,000506,1.65,13708,13712
SZ,002226,4.02,13695,13695
SH,603505,1.43,13694,13694
SZ,300342,6.1,13691,13894
SH,688029,0,13690,13690
SH,688106,-1.76,13658,13658
SH,603009,0.77,13644,13644
SZ,002906,2.4,13629,13637
SH,600167,2.91,13622,13622
SH,688800,-2.95,13600,13600
SH,600267,-0.85,13550,13550
SZ,002250,0.33,13541,13615
SZ,002153,-0.69,13534,23089
SH,688088,1.05,13531,13531
SH,688392,-7.82,13510,13510
SZ,001696,6.77,13505,17347
SH,600764,1.88,13502,13502
SH,600155,1.5,13480,13480
SZ,000785,1.76,13408,14384
SZ,002372,3.88,13385,14488
SH,688690,-2.46,13370,13370
SH,600529,0.65,13332,13332
SH,605099,1.07,13329,13358
SH,603002,-4.62,13314,13314
SZ,002957,-6.08,13301,13343
SH,600490,0.45,13291,14760
SZ,002158,-2.42,13286,13315
SZ,300455,5.34,13272,13444
SH,600403,-0.35,13269,13269
SZ,300679,1.04,13263,15676
SH,600916,2.33,13255,13255
SZ,000799,-2.59,13243,13244
SH,603707,1.11,13216,13216
SZ,300469,-1.2,13205,13211
SZ,000612,-0.17,13198,13198
SH,600271,1.57,13155,13155
SH,603826,2.8,13151,13151
SZ,002936,1.63,13145,17002
SH,600850,2.42,13133,13133
SH,600285,0.78,13131,13146
SH,603515,2.48,13125,13205
SH,600827,0.74,13044,14505
SH,603938,-4.42,13036,13036
SH,603063,-0.17,12998,13052
SH,603456,1.24,12996,12996
SH,600717,1.13,12965,12965
SZ,300655,-1.69,12964,13024
SH,600116,1.95,12964,12964
SH,603283,-4.56,12952,12952
SZ,002768,6.62,12945,22169
SH,688158,2.6,12940,14544
SH,603556,-1.4,12939,12939
SZ,300100,3.77,12922,13404
SZ,300457,-1.82,12919,13129
SZ,002151,2.6,12912,15831
SZ,301285,-4.99,12888,12888
SZ,002091,0.88,12851,13054
SH,605599,-2.53,12841,12841
SH,600821,1.24,12827,12827
SH,601107,-1.32,12825,18134
SH,688150,-6.66,12785,12785
SH,688006,1.15,12774,12774
SZ,002847,0.63,12767,14147
SH,688055,0.26,12767,12767
SH,688567,2.26,12734,12734
SH,688308,-3,12704,12704
SZ,300718,0.31,12700,19295
SH,603882,-0.71,12681,12767
SZ,300409,0.11,12657,14221
SZ,300459,0.26,12656,13536
SH,600755,0.34,12622,12655
SH,605507,-0.73,12612,12612
SH,601678,-1.9,12607,14863
SH,688596,-12.84,12597,12597
SH,603888,1.99,12580,12580
SZ,300296,1.31,12577,14726
SH,600211,0.88,12577,12577
SH,600783,5.04,12565,12565
SH,600397,0.63,12563,12563
SZ,000069,3.41,12555,14629
SZ,000534,1.05,12543,12718
SZ,300260,-4.4,12535,17772
SZ,002979,-1.94,12532,17777
SZ,300070,2.25,12503,13192
SH,688686,-1.76,12475,12475
SH,688003,-6.97,12466,12466
SZ,002913,3.47,12465,12951
SZ,002440,-4,12454,14792
SZ,300602,-2.2,12445,18191
SH,688625,-4.91,12443,12443
SZ,002268,0.96,12434,12439
SH,605289,-4.89,12428,12445
SZ,000672,-3.02,12428,12428
SH,600702,-3.5,12422,12427
SH,603589,-0.37,12417,12417
SZ,002755,2.38,12391,12391
SZ,002416,1.1,12386,12542
SZ,000620,0.38,12380,15560
SZ,300229,1,12380,12388
SH,600315,0,12369,12369
SZ,002290,-2.28,12366,12406
SZ,300323,0.19,12364,16895
SH,688802,-3.17,12357,266843
SZ,002901,-0.82,12356,17737
SH,605389,0.56,12351,13059
SH,688531,-5.69,12316,17768
SH,600172,-1.43,12293,13816
SZ,301219,-0.06,12288,17216
SH,600366,2.01,12287,12287
SH,601339,2.38,12266,12266
SZ,300034,2.9,12265,12743
SH,600113,1.71,12261,12551
SZ,301039,0.96,12258,15818
SH,688516,2.72,12254,12254
SZ,001331,9.99,12237,17520
SH,600776,3.06,12227,16064
SZ,000681,0.67,12225,12666
SZ,000156,2.71,12222,13323
SZ,300184,0.61,12214,13341
SH,603039,5.99,12201,12201
SZ,300166,1.66,12182,15316
SZ,002183,1.74,12180,12180
SZ,000567,1.3,12178,12216
SH,688593,-5.38,12168,12168
SZ,300319,1.28,12156,12675
SZ,002531,6.58,12150,12219
SZ,301005,4.47,12133,12385
SH,600363,4.59,12129,12129
SZ,002399,0.21,12110,14247
SZ,002096,1.88,12107,12107
SZ,300436,-0.19,12100,14095
SZ,000762,4.23,12072,12073
SZ,300682,5.23,12046,12594
SZ,002287,0.52,12041,12066
SH,601222,2.08,12023,12023
SZ,300761,-1.04,12022,15970
SH,600338,2.34,11976,11976
SH,600420,0.9,11963,11963
SZ,002552,-7.41,11958,12590
SZ,002597,0.29,11958,11980
SZ,000758,0.84,11956,12002
SZ,000592,7.03,11950,12054
SZ,301389,-3.78,11938,11938
SH,688368,-10.21,11938,19667
SH,601512,-0.24,11931,11931
SZ,000801,1.82,11927,11932
SH,600063,0,11918,11918
SH,601992,0.7,11918,15269
SZ,002258,-6.47,11883,11903
SZ,000035,1.99,11866,12251
SH,600461,-0.95,11866,11866
SZ,002987,2.54,11853,12163
SZ,301015,0.89,11851,11853
SH,601068,1.54,11851,13834
SH,600859,0.57,11845,11846
SZ,000711,2.69,11835,14676
SZ,001258,2.59,11816,11816
SH,603927,1.28,11809,11809
SZ,002092,3.85,11796,11862
SZ,301238,1.2,11792,11792
SZ,300133,1.43,11782,13274
SH,688260,-2.02,11766,11766
SH,688661,-4.69,11765,11765
SH,600635,2.32,11755,14349
SZ,000553,0.94,11713,12534
SZ,300674,0.18,11712,11730
SZ,300573,0.45,11709,15247
SH,600986,0.64,11706,11706
SZ,300468,-0.84,11698,11717
SZ,002607,0,11697,13013
SH,688660,1.74,11693,11693
SZ,002534,2.24,11687,11837
SH,601619,3.67,11687,13982
SZ,000973,0.08,11686,29696
SZ,002400,-0.43,11686,11802
SZ,002366,9.93,11676,13131
SH,603698,1.49,11674,11674
SH,600216,1.32,11674,11799
SH,600589,6.91,11665,11690
SZ,002643,0.86,11630,11806
SH,603203,-3.87,11627,11762
SZ,000815,10.01,11611,11611
SH,600268,2.33,11607,11608
SZ,000901,2.97,11606,11606
SZ,002617,0.82,11566,11761
SH,688016,0.33,11557,11557
SZ,300146,-1.24,11554,17441
SH,601952,2.2,11548,11548
SH,605118,0.25,11538,11606
SH,688306,1.95,11534,11534
SZ,300182,0,11523,13586
SH,600343,3.15,11507,11507
SH,600864,0.91,11506,11506
SH,603267,0.69,11501,11501
SZ,000099,2.49,11497,11497
SZ,300775,1.69,11489,11833
SZ,301128,0.11,11484,13055
SH,600006,0.7,11480,11480
SH,601133,-8.6,11468,11508
SH,600559,-0.15,11462,11462
SH,600301,1.17,11459,26327
SH,603031,-2.77,11453,13619
SH,688198,1.08,11440,11440
SH,600612,-0.27,11400,18806
SH,688258,-7.34,11395,11395
SH,600882,-2.77,11384,11384
SZ,002807,1.45,11382,11399
SZ,002024,1.65,11382,11396
SZ,301611,-8.23,11379,33847
SZ,002051,1.87,11369,11369
SZ,301029,1.46,11362,15952
SZ,300357,-0.79,11357,12289
SZ,301093,-4.21,11348,11886
SH,688031,3.54,11341,11341
SZ,300376,4.06,11335,11339
SZ,002839,1.31,11331,11342
SZ,002174,2.21,11330,11336
SZ,002139,2.92,11321,13179
SZ,300827,4.6,11315,14429
SZ,300593,5.23,11315,13633
SZ,300601,-0.07,11291,14006
SZ,002698,-0.21,11286,13672
SH,603983,-1.94,11272,11272
SH,688545,-7.23,11263,22248
SZ,002167,2.7,11244,11481
SZ,000998,1.79,11238,12564
SH,600248,3.06,11228,11253
SZ,002373,2.39,11214,12863
SZ,300185,3.19,11193,11745
SZ,300315,0.46,11183,11913
SZ,301319,-5.77,11168,14819
SZ,920808,0.95,11168,11468
SH,603738,-3.37,11156,11156
SZ,002246,2.94,11145,11145
SH,603393,1.7,11145,11145
SH,603693,3.05,11135,11135
SZ,000028,0.67,11127,12955
SZ,002544,3.75,11105,11106
SZ,001280,2.32,11096,132095
SZ,000070,2.13,11095,11246
SH,600572,0.69,11064,11093
SZ,002310,0.8,11042,15058
SZ,300671,-8.02,11030,11060
SZ,301095,-3.41,11028,12766
SZ,000767,3.28,11008,11631
SH,688107,-2.02,11007,11007
SZ,002668,-4.24,11004,11004
SZ,300049,3.75,10997,12429
SH,688559,3.6,10986,10986
SH,688535,-7.77,10972,11773
SZ,301293,-1.58,10969,10969
SZ,002583,3.77,10954,15531
SH,600480,1.58,10943,11024
SH,601022,0.6,10940,10940
SH,688549,-4.96,10938,27418
SZ,000990,-0.46,10923,10923
SZ,300638,-0.52,10922,18516
SH,688063,2.21,10916,10916
SZ,300975,-3.35,10899,15217
SZ,000690,1.42,10894,10901
SH,600619,-3.55,10891,14812
SZ,002645,0.38,10890,12057
SH,603093,2.3,10871,13653
SH,688382,-7.03,10862,10862
SZ,002043,2.05,10861,11160
SH,600993,0.76,10844,10863
SH,603185,-0.8,10830,10895
SZ,002539,0.83,10820,14686
SH,688809,-5.39,10811,54053
SZ,002984,2.57,10809,15689
SZ,002385,2.3,10806,13416
SZ,301626,-8.76,10801,23746
SZ,000899,1.75,10791,10791
SZ,300769,0.21,10783,12000
SZ,000555,-0.71,10779,10792
SZ,002276,3.28,10776,10819
SZ,300179,-2.56,10756,13969
SH,603099,0.56,10739,10739
SZ,301267,0.73,10738,13910
SH,600446,2.71,10712,10712
SZ,002204,2.22,10680,10680
SZ,301207,0.62,10680,10686
SH,603992,4.6,10677,10677
SH,600728,2.88,10663,10663
SZ,001339,-1.98,10659,21532
SH,600509,1.84,10652,10652
SZ,300777,1.11,10639,10856
SH,600395,0.2,10626,10626
SH,601900,0.17,10619,10619
SZ,002929,2.19,10616,14038
SH,601949,2.96,10605,10605
SH,688222,-4.19,10598,10598
SZ,000810,1.06,10595,10973
SZ,000828,0.39,10593,10593
SH,603027,0.51,10579,10579
SH,600507,0.66,10571,10571
SH,603235,0.33,10542,10542
SH,603906,0.27,10522,14786
SZ,002838,-2.9,10520,11965
SH,600383,0.87,10519,10519
SH,600662,1.76,10519,10550
SZ,002745,-2.94,10513,14664
SH,600058,2.19,10505,10505
SZ,002827,10,10505,10544
SH,603281,1.66,10497,10497
SZ,002413,2.4,10493,10687
SZ,300008,1.92,10477,10990
SH,603118,-8.47,10455,10455
SZ,301087,0.67,10448,12705
SH,600376,0.75,10447,10447
SH,600787,1.91,10416,10416
SZ,300224,0.72,10404,10442
SZ,002083,-1.07,10394,10394
SZ,300065,2.99,10392,11415
SH,600123,0.86,10386,10386
SZ,002891,-3.05,10384,10384
SH,603078,-3.88,10377,10377
SH,600373,-0.12,10375,10375
SZ,002947,-0.6,10349,13372
SZ,000727,1.79,10327,10327
SH,603300,1.57,10316,10316
SZ,920116,2.92,10314,10314
SZ,300009,1.33,10297,13984
SH,600163,1.5,10295,10295
SZ,002541,1.62,10291,14311
SH,603040,0.73,10270,10324
SH,688153,1.07,10262,10560
SH,601038,1.89,10259,15754
SH,688698,0.13,10257,10257
SZ,002557,-0.48,10252,10284
SZ,002439,0.57,10251,17044
SH,600718,1.18,10230,10230
SH,601005,0.82,10226,11819
SH,601003,-3.15,10226,10511
SZ,300026,0.89,10205,10214
SZ,300607,1.41,10199,14414
SH,601882,2.09,10195,10195
SH,688160,2.09,10188,10188
SZ,002182,1.12,10187,11673
SZ,002779,6.97,10181,11347
SZ,002081,3.22,10180,10223
SZ,000917,2.13,10177,10178
SZ,301666,-4.95,10156,167071
SH,688603,-2.94,10135,10135
SH,688143,-2,10133,10663
SH,600033,1.1,10127,10127
SH,600773,2.71,10106,10106
SH,600037,2.55,10090,10090
SZ,000949,2.18,10088,10091
SH,600162,-3.13,10067,10067
SZ,002063,2.53,10049,10880
SH,600648,0.8,10047,12008
SZ,300726,-1.48,10044,19291
SH,600072,1.87,10043,13911
SH,601811,0.79,10041,15645
SZ,000403,2.21,10028,10131
SH,600757,0.37,9987,9988
SZ,300580,0.81,9986,10614
SH,603859,1.19,9954,10837
SH,688032,2.08,9948,9948
SH,603323,1.59,9947,9947
SZ,300835,-4.17,9942,14186
SZ,002031,5.92,9932,11415
SH,603297,1.73,9914,9914
SZ,002832,-2.07,9911,14524
SH,688663,1.78,9906,9906
SZ,000837,1.55,9903,10058
SZ,002100,-0.4,9898,9898
SZ,002020,0.22,9897,11770
SZ,002181,1.63,9893,10124
SH,603800,-5.72,9892,9892
SZ,002254,1.93,9884,9895
SZ,300204,-0.95,9872,11780
SH,600597,0.85,9870,9870
SH,688028,-3.16,9868,9868
SH,688068,-1.46,9852,9852
SH,603883,1.33,9850,9850
SH,603599,1.03,9840,9840
SH,600458,1.35,9822,10761
SZ,000410,1.01,9816,13192
SH,603619,-2.38,9811,9811
SH,600269,1.45,9809,9809
SZ,000700,4.72,9786,9786
SH,601200,1.97,9774,9774
SZ,000031,3.17,9773,9773
SZ,000065,-1.39,9766,10650
SZ,300377,-0.06,9763,10612
SZ,000401,1.37,9762,9854
SZ,000552,1.16,9762,14022
SH,600936,9.98,9759,9759
SH,603991,-2.58,9738,16609
SH,600759,-0.83,9738,9750
SZ,301090,1.07,9738,9748
SZ,002387,0.72,9737,9750
SH,603601,6.77,9733,9733
SH,603100,3.09,9714,9745
SZ,301150,-3.14,9705,10345
SZ,300302,-2.98,9703,12609
SZ,001399,-0.96,9688,166664
SH,601528,2.96,9687,10242
SZ,002654,2.96,9686,9687
SZ,300913,3.51,9682,11610
SZ,301078,1.32,9677,9687
SH,600971,2.03,9672,9672
SH,688046,-2.52,9656,9656
SZ,002975,-4.25,9652,14625
SH,600210,0.32,9646,9646
SZ,002647,-2.15,9645,10738
SZ,000048,-3.13,9644,9660
SZ,002061,2.77,9643,9806
SH,600391,5.31,9630,9630
SZ,300529,1.02,9628,15006
SH,601860,1.88,9625,9922
SZ,001914,1,9620,9620
SZ,002675,0.94,9619,10670
SH,605123,3.9,9610,9610
SZ,000676,1.87,9606,9612
SH,600328,2.19,9590,9590
SZ,002705,0.34,9587,9637
SH,603583,1.75,9575,9663
SZ,001227,2.71,9574,12929
SZ,300113,4.28,9554,12654
SZ,000049,1.64,9536,9539
SH,600184,1.43,9533,9533
SH,600326,0.72,9524,9524
SH,688543,0.29,9523,9523
SZ,002961,1.27,9515,9515
SZ,300007,2.07,9501,10996
SH,603341,-2.02,9501,18651
SZ,000795,1.07,9499,9499
SH,603757,-2.33,9495,9495
SH,603713,1.45,9481,9481
SH,601311,0,9479,9479
SZ,002565,5.92,9476,9476
SZ,000600,1.76,9473,15670
SH,600649,1.61,9467,9467
SH,600307,2.72,9458,9458
SZ,000950,0.91,9455,9455
SZ,002511,0,9450,9570
SH,603328,0,9445,9445
SZ,000420,1.86,9439,9442
SZ,000516,0.47,9437,9582
SZ,300415,-2.61,9415,9737
SH,603533,-3.63,9414,9414
SH,603057,1.92,9406,9477
SZ,002338,-1.94,9403,9403
SZ,000848,3.22,9394,9476
SH,688351,0.66,9379,9379
SH,600782,0.34,9374,9488
SH,603103,1.93,9373,9373
SH,603327,-0.98,9367,9367
SH,603712,2.45,9364,9364
SZ,300118,6.43,9361,11514
SZ,300303,0.57,9354,9974
SH,603989,-3.77,9347,9347
SH,688275,-1.62,9333,9333
SZ,000656,1.65,9332,13024
SZ,300693,2.06,9327,10851
SH,600740,0.55,9326,9326
SZ,002865,3.55,9321,12980
SH,600094,5.54,9313,10183
SZ,002931,2.32,9306,10038
SZ,300188,-0.27,9299,9343
SH,600273,1,9284,9284
SZ,300077,1.24,9282,11114
SH,688202,-5.71,9274,9274
SZ,300850,5.08,9264,12754
SZ,002170,0.86,9246,11373
SH,688726,1.58,9215,16983
SH,603011,9.99,9196,9196
SZ,300277,3.45,9193,18214
SH,600198,0.71,9192,9203
SH,688128,1.88,9190,9190
SZ,002897,-4.13,9190,9661
SZ,301123,-3.4,9176,13046
SZ,301486,0.94,9171,16202
SZ,300618,-1.14,9153,10403
SH,603169,0.14,9144,9144
SH,688139,2.2,9131,9131
SH,688319,4.41,9126,9126
SZ,000923,-1.08,9123,9484
SZ,300720,-2.47,9123,9654
SH,600997,0.88,9114,9114
SH,688327,2.25,9108,11346
SZ,002293,-1.52,9108,9184
SH,688289,1.75,9102,9102
SZ,002368,-0.53,9099,9143
SZ,002549,2.1,9098,9137
SZ,002348,3.18,9090,9991
SH,603360,2.31,9089,9089
SZ,301071,-3.03,9074,12343
SH,600389,-0.42,9065,9065
SZ,301177,0.18,9064,9070
SZ,002053,2.5,9060,9060
SZ,301091,3.56,9053,9053
SZ,300378,-0.41,9050,9119
SH,688383,-5.31,9047,9047
SZ,002297,1.94,9026,9026
SZ,002075,9.89,9017,9017
SZ,002922,0.89,9010,10100
SZ,000930,2.32,9003,9004
SZ,301031,0.22,8993,11440
SZ,000980,3.49,8976,8976
SH,605016,-2.68,8971,8971
SZ,002345,-5.04,8967,9187
SH,603303,-1.1,8962,8962
SH,688611,9.84,8958,8958
SZ,000536,2.21,8952,8962
SZ,002426,1.94,8949,8949
SH,688105,-0.68,8944,8944
SZ,000761,2.55,8937,9901
SZ,002243,4.36,8935,8983
SZ,002233,1.47,8929,8935
SH,603013,1.86,8924,8924
SH,603508,1.04,8922,8922
SZ,001308,5.47,8921,12892
SH,603809,2.32,8918,8918
SH,600133,0.84,8914,8914
SZ,000006,1.07,8896,8896
SZ,002099,0.92,8893,8903
SZ,300772,8.06,8891,10024
SH,605255,-1.07,8880,8880
SZ,000550,0.53,8866,14761
SH,603915,2.82,8858,9010
SH,600020,2.34,8855,8855
SH,600645,0.8,8850,8854
SZ,300244,-3.33,8846,11025
SZ,000833,2.74,8838,15625
SH,603052,1.14,8835,8835
SZ,002792,10.02,8831,13693
SZ,002815,1.88,8828,14020
SH,600929,0.56,8824,8824
SZ,301188,-0.71,8815,8815
SH,600996,4.74,8815,8815
SH,600481,5.17,8814,8814
SH,600478,2.56,8808,8808
SH,688552,2.35,8802,8802
SZ,003036,-9.85,8796,8796
SZ,301109,-0.34,8790,11111
SH,600508,1.28,8782,8782
SZ,000818,6.38,8781,8804
SZ,301345,-1.07,8767,27293
SH,600345,0.93,8763,13653
SZ,000829,1.54,8756,8765
SZ,002626,1.41,8752,8753
SZ,301216,1.78,8741,9312
SH,605298,5.28,8726,8801
SH,688165,1.15,8724,8724
SH,600266,1.2,8718,8718
SH,600640,1.1,8715,8715
SZ,002019,0.58,8703,12565
SH,600129,0,8701,8701
SZ,300181,0.07,8700,10121
SZ,002741,-3.01,8699,9480
SZ,002039,0.89,8692,8692
SH,688161,0.84,8688,8688
SZ,000719,1.72,8686,13322
SZ,002985,2.62,8684,8708
SZ,002062,2.66,8683,9552
SH,600017,1.44,8673,8673
SZ,301357,-4.3,8663,8663
SZ,300486,5.47,8648,8651
SH,600399,4.29,8638,8638
SZ,300634,-1.33,8638,8975
SZ,002283,2.62,8634,9811
SZ,300855,5.94,8622,11640
SH,688789,3.02,8622,8622
SZ,300596,1.86,8617,8806
SH,603612,1.29,8607,8607
SH,688209,-4.65,8606,8606
SH,600556,1.71,8605,8605
SH,600686,-1.79,8605,8605
SZ,002169,4.52,8603,8876
SZ,002928,1.36,8603,8603
SH,603538,3.28,8602,8678
SH,600666,2.69,8582,9437
SH,600567,1.49,8578,8578
SZ,002239,2.34,8557,9205
SZ,002332,1.4,8556,8596
SH,605318,-7.19,8556,8556
SH,688378,-0.36,8542,9268
SZ,002703,0,8539,11986
SZ,300483,-0.66,8524,8530
SH,688190,5.01,8520,8520
SH,688586,2.67,8515,8515
SZ,002004,2.03,8513,8949
SZ,002292,1.33,8510,12362
SZ,000885,2.4,8508,8508
SZ,002706,2.99,8495,10434
SH,603227,2.59,8488,8488
SZ,002221,3.2,8488,9157
SZ,002458,0.8,8485,12566
SH,688697,2.87,8484,8484
SZ,002580,-3.74,8477,8506
SH,688076,0.49,8465,8465
SH,600055,6,8451,8451
SH,688138,-2.82,8443,8443
SZ,300101,3.18,8439,8467
SZ,002488,0.77,8437,9128
SZ,300263,2.13,8429,8942
SZ,002392,1.39,8427,8667
SH,688797,-7.64,8414,44759
SH,600973,3.38,8393,8393
SZ,002115,0.09,8388,9049
SH,601890,1.63,8385,8385
SZ,301183,-0.57,8383,11437
SH,600639,1.34,8375,11056
SZ,000860,0.8,8375,8375
SZ,301382,5.7,8369,10113
SZ,301338,-1.55,8369,11486
SH,605060,-2.77,8363,8421
SZ,301606,-4.89,8360,21023
SH,603919,-1.07,8344,8344
SH,601929,2.14,8341,8341
SZ,002267,1.63,8341,8341
SH,600812,0.83,8338,8338
SZ,301047,3.27,8336,8479
SH,688739,1.05,8315,8412
SZ,002251,0.81,8312,10056
SZ,301363,1.14,8311,12672
SH,601089,1.11,8304,8304
SH,688584,1.47,8291,16161
SH,605305,-0.04,8288,8288
SH,688325,-0.96,8279,8711
SZ,300846,4.25,8278,10030
SZ,300766,-2.19,8276,9127
SZ,300130,-3.14,8275,10813
SZ,300740,0.54,8275,8903
SH,600502,0.84,8274,8274
SZ,002639,5.12,8265,9760
SZ,300072,1.43,8253,8318
SZ,002190,0.52,8251,8251
SZ,002216,-1.27,8247,11500
SZ,300005,1.95,8231,8298
SH,600367,-5.29,8230,8719
SZ,300863,-1.32,8224,8561
SZ,300741,0.3,8222,8222
SH,600751,3.24,8208,9249
SZ,300035,1.22,8208,9644
SH,605333,1.26,8204,8204
SH,603220,3.18,8164,10084
SZ,002361,10.03,8163,9596
SH,688231,8.22,8162,8162
SZ,300331,-5.57,8161,9540
SZ,300145,0.95,8159,8199
SH,605116,2.77,8148,8148
SZ,002655,-2.05,8143,8159
SH,600693,-0.73,8142,8150
SH,600935,1.31,8137,8340
SZ,002761,1.62,8135,9963
SH,601828,1.81,8128,9796
SH,688083,-0.39,8128,8128
SH,603690,-2.25,8123,8123
SH,688050,0.38,8121,8121
SZ,300770,0.59,8106,8106
SH,601595,1.29,8103,8103
SZ,300053,3.23,8103,8676
SZ,300382,0.73,8091,8092
SH,603680,3.51,8080,8080
SH,605179,3.98,8076,8076
SH,688020,-5.1,8075,8075
SH,605319,1.85,8070,8115
SZ,000869,-0.66,8069,11653
SZ,002993,-1.65,8057,9327
SZ,002937,-1.15,8056,8077
SH,688262,0.5,8054,8054
SH,603053,1.46,8053,8053
SZ,300294,2.24,8053,8053
SH,688239,3.66,8053,8053
SZ,300910,0.1,8035,11472
SH,603125,-0.09,8032,8032
SH,603043,0.64,8021,8089
SZ,002110,1.23,8016,8016
SZ,000510,-2.14,8013,8567
SZ,002941,4.37,8013,8013
SZ,002173,-2.65,8005,8393
SZ,002960,2.74,7998,8704
SH,688376,-4.67,7989,7989
SH,688227,1.99,7982,7982
SZ,300687,5.41,7980,9704
SZ,002737,1.04,7977,7977
SZ,002516,3.21,7974,8031
SZ,000712,0,7972,7974
SH,688439,1.14,7966,7966
SH,600587,1.08,7959,7959
SH,600618,1.63,7956,12269
SH,688508,-7.73,7952,7952
SH,600335,1.71,7943,7943
SH,688622,4.79,7939,7939
SZ,002842,-0.02,7933,9668
SH,600075,1.75,7924,7924
SH,605006,-4.33,7922,7922
SZ,300951,-4.01,7919,8861
SH,688261,-0.19,7911,7946
SZ,002125,1.62,7894,7894
SH,600861,1.31,7892,7892
SH,688359,-8.52,7887,7887
SH,600305,0.85,7886,7898
SH,601686,2.5,7885,7885
SZ,002041,2.17,7885,7885
SH,688486,0.09,7880,7880
SH,688513,-0.26,7866,7866
SH,688125,-4.05,7852,7873
SH,601718,0,7850,7850
SZ,002289,-1.4,7846,8012
SZ,000922,2.11,7846,9282
SZ,000533,9.99,7842,7910
SZ,002309,1.56,7820,9775
SZ,301498,-1.95,7818,17457
SZ,920186,-3.11,7814,14939
SH,605222,3.44,7812,7812
SZ,301228,-8.63,7807,7843
SH,600746,1.83,7801,7801
SH,603181,1.61,7789,7789
SH,603279,0.52,7781,7781
SZ,000012,1.02,7778,12079
SH,603124,-6.17,7769,14591
SZ,003009,2.43,7768,7770
SH,605007,4.34,7764,7783
SH,688091,3.75,7763,7787
SH,603112,-0.2,7757,7835
SH,688090,-2.49,7754,7754
SZ,300363,0.64,7750,8499
SH,688677,-5.61,7744,7744
SZ,300595,0.96,7741,10367
SH,688326,1.05,7734,8310
SZ,301021,-4.64,7730,7738
SH,601908,3.9,7727,7727
SZ,300790,1.2,7722,8788
SZ,002533,4.64,7721,8771
SZ,002030,0.92,7719,7719
SH,603055,1.05,7717,7746
SZ,300527,0.8,7717,7717
SH,603033,2.14,7715,7857
SZ,002212,0.61,7713,7796
SH,603319,3.04,7712,7712
SZ,300180,2.51,7707,7925
SH,603936,-1.04,7703,7886
SZ,002588,0.11,7702,10332
SZ,300641,1.74,7694,7694
SH,688253,-1.74,7692,7692
SH,600917,0.61,7680,7680
SH,603608,6.48,7680,7680
SH,603496,1.74,7663,7663
SZ,002585,-5.04,7662,9861
SZ,002471,10.04,7661,7802
SZ,002434,3.2,7619,7626
SH,600657,3.49,7615,7615
SH,600736,2.48,7610,7610
SZ,002386,0.34,7600,7602
SZ,300482,1.26,7595,8266
SZ,000928,1.15,7589,7589
SH,603399,-4.87,7582,7582
SZ,002215,1.08,7572,9410
SZ,000498,2.35,7566,8104
SZ,301013,1.14,7560,9338
SH,688612,-1.43,7555,12337
SZ,003039,2.61,7540,7540
SH,600059,1.1,7538,7538
SH,600789,1.22,7537,7797
SH,603219,2.36,7534,7534
SZ,000402,1.2,7531,7532
SH,688035,-2.33,7530,7530
SZ,000823,0.4,7526,7526
SH,603890,-2.37,7525,7525
SZ,002350,1.65,7523,7690
SZ,002150,3.55,7521,7571
SH,605008,-1.6,7500,7500
SH,688155,1.73,7476,7476
SZ,002681,9.93,7470,8543
SZ,002034,1.11,7466,7497
SZ,002275,0.75,7460,7868
SH,603995,1.18,7458,7458
SH,600117,0.44,7454,7454
SH,603050,1.26,7449,7449
SH,605488,9.99,7446,8094
SH,605168,2.08,7442,7442
SH,600676,9.05,7436,7436
SZ,000859,0.12,7427,7428
SH,688662,-2.08,7427,7427
SZ,002759,1.86,7424,7430
SH,600724,2.6,7413,7414
SH,601096,3.92,7410,12065
SZ,000059,0,7405,7405
SH,600797,2.27,7398,7398
SZ,300298,0.8,7383,9177
SZ,002121,3.77,7383,8747
SH,600125,1.07,7376,7376
SH,603477,-0.88,7376,7562
SZ,000503,-2.45,7373,7374
SZ,000628,4.58,7372,13510
SH,600903,2.59,7368,7368
SH,603626,2,7358,7358
SZ,301263,-1.45,7355,10309
SH,603299,0,7345,8984
SH,605167,10.01,7343,7343
SH,601226,3.78,7334,7334
SH,688093,0.38,7329,7329
SZ,300725,-1.27,7328,8452
SH,600722,0.28,7327,7327
SZ,000566,-3.57,7327,7330
SH,601579,1.26,7326,7326
SZ,300168,0.99,7325,7333
SZ,000650,1.29,7323,7700
SZ,000030,2.1,7319,7533
SH,688798,0.34,7315,12563
SZ,002718,-2.42,7315,10075
SH,600251,1.29,7304,7304
SZ,000751,1.57,7303,7303
SZ,000544,0.67,7300,7300
SH,601330,1.37,7300,10558
SZ,002342,4.51,7294,7334
SZ,002108,1.84,7284,7287
SH,603223,-0.57,7277,7277
SZ,002079,1.13,7276,8149
SH,600557,-0.3,7269,7269
SZ,300416,1.12,7269,7318
SZ,300492,0.53,7265,7265
SH,600771,-0.53,7259,7259
SZ,301510,0.46,7258,10515
SH,688305,1.14,7256,7275
SZ,002036,1.18,7251,7266
SH,600846,0.43,7247,7247
SH,605128,0.26,7241,7241
SH,600325,3.14,7238,7238
SZ,300098,0.64,7231,8150
SZ,300276,3.48,7231,9583
SZ,002119,-5.63,7224,7224
SZ,300480,2.3,7219,9892
SH,688563,3.2,7218,23928
SH,688177,1.81,7213,7213
SH,688485,-5.95,7208,7208
SZ,300080,4.05,7203,7213
SZ,300520,2.12,7202,7453
SZ,300327,0,7201,7254
SH,688507,-0.99,7198,13028
SZ,002324,1.65,7181,10289
SH,605011,1.76,7178,7178
SZ,300895,8.13,7168,7305
SZ,300497,-3.46,7168,8532
SH,688371,-2.68,7166,7166
SH,600252,2.74,7164,7164
SH,603416,2.97,7160,8054
SZ,920982,-3.01,7154,14842
SZ,002093,2.16,7153,7153
SZ,300834,0.05,7144,7208
SH,603977,1.14,7138,7138
SZ,002315,0.86,7130,11184
SZ,002006,2.31,7126,7126
SH,688112,-2.33,7123,7123
SH,600780,2.31,7120,7120
SZ,300322,2.28,7117,7434
SH,688480,3.47,7113,7113
SH,603128,1.31,7108,7108
SZ,002730,3.32,7101,7430
SZ,300516,2.14,7091,7091
SH,603866,2.08,7071,7071
SZ,000777,7.21,7066,7066
SZ,000813,2.12,7066,7067
SZ,300348,0.21,7042,7831
SZ,002515,-2.28,7041,7736
SZ,300440,9.3,7039,7066
SZ,002023,2.46,7033,7097
SZ,000755,1.7,7028,7028
SH,688252,-0.05,7027,7027
SH,600962,9.98,7019,7019
SZ,002242,1.66,7015,7027
SH,600590,3.49,7010,7087
SH,600955,1.11,6991,6991
SZ,002445,2.79,6981,7011
SZ,002546,5.19,6979,7265
SH,688049,-2.34,6979,6979
SH,688605,-4.19,6977,13031
SZ,301069,2.25,6973,7405
SH,600748,1.89,6972,6972
SH,605100,0.1,6961,6994
SH,601388,1.94,6956,6956
SZ,300341,1.2,6952,6980
SH,600874,0.89,6952,8873
SH,600422,1.21,6949,6949
SZ,920029,0.15,6945,7137
SZ,002106,0.1,6929,6938
SZ,300997,-3.83,6925,7634
SZ,000058,5.71,6923,8655
SZ,002537,1.03,6919,6938
SZ,301061,-2.83,6917,10412
SH,600810,0.79,6917,6980
SH,600158,0.98,6908,6908
SZ,003013,-0.68,6906,7907
SZ,002690,0.44,6897,14027
SZ,300171,0.49,6887,9374
SH,600545,0.79,6883,6883
SH,688337,-4.45,6883,8095
SH,688631,1.25,6879,6879
SH,605365,3.95,6878,6878
SZ,300685,1.09,6872,6881
SH,603687,-0.07,6870,6870
SZ,300031,0.98,6869,8174
SH,600169,0.98,6866,6866
SZ,300337,3.88,6865,7932
SZ,300499,0.92,6858,7714
SH,603985,2.1,6851,6851
SZ,000601,1.87,6844,6948
SH,600429,0.22,6844,6865
SZ,002346,1.87,6842,7705
SZ,920045,7,6841,23137
SZ,002219,0.48,6838,7215
SZ,000756,1.11,6830,9538
SH,688556,1.99,6829,6829
SH,605098,-2.19,6824,6824
SH,600195,2.14,6821,6821
SZ,002448,0.34,6821,6914
SH,688758,3.21,6816,9520
SH,600708,-0.96,6809,6820
SZ,002256,3.05,6808,6897
SH,688428,-5.73,6804,44122
SZ,000589,0.69,6794,6839
SZ,300768,-0.79,6794,10398
SH,600987,-0.59,6788,6788
SH,688108,3.31,6788,6788
SZ,000595,9.96,6786,6786
SZ,000631,1.03,6785,6785
SZ,300222,5.16,6782,8135
SH,603071,0.58,6774,6774
SH,600894,1.26,6770,6803
SZ,300444,3.55,6770,8682
SZ,001298,1.53,6767,7184
SH,600468,10.09,6766,6766
SZ,000968,0.43,6763,6763
SH,688669,-4.89,6762,6762
SZ,300284,2.14,6760,7249
SH,600828,1.83,6752,6755
SH,600966,2.64,6751,6751
SZ,300861,1.27,6750,10749
SH,605133,2.88,6748,6824
SH,601015,1.54,6740,6740
SZ,300401,1.21,6738,6848
SH,600496,2.74,6727,6727
SH,603163,-8.16,6725,6725
SH,688708,0.47,6722,18858
SH,688011,8.16,6714,6737
SZ,301571,0.32,6707,10098
SZ,301196,-1.81,6706,10216
SH,688621,4.65,6699,6699
SH,600510,3.02,6698,6698
SZ,002014,0.45,6684,6793
SZ,002077,0.26,6680,6680
SZ,000593,9.99,6671,6674
SZ,301137,16.53,6663,6663
SZ,002163,4.15,6661,7005
SH,688626,-2.77,6658,6658
SZ,001391,0.46,6655,53475
SH,600682,1.6,6647,7681
SH,603277,0.74,6640,6683
SZ,300045,3.29,6640,8522
SH,600643,1.46,6632,6644
SZ,002881,3.16,6627,10938
SH,600713,1.18,6617,6711
SZ,300109,3.57,6614,7372
SZ,000008,2.53,6601,6601
SH,688456,-3.61,6600,6600
SZ,002650,-1.48,6598,6598
SZ,002446,2.91,6587,7113
SH,600611,2.18,6582,9953
SH,600525,1.42,6581,6581
SZ,301189,2.13,6580,6817
SZ,301522,3.3,6579,8839
SH,603367,3.12,6579,6579
SZ,300842,-0.21,6571,7393
SZ,002550,2.5,6551,8907
SZ,002438,10,6550,7090
SH,600775,-0.4,6544,8901
SH,600310,2.06,6522,6522
SZ,301050,2.62,6520,7655
SH,603517,-0.45,6515,6515
SZ,000905,2.69,6513,13541
SZ,920394,2.59,6510,6558
SZ,002467,1.49,6506,6547
SZ,300265,6.75,6505,6509
SZ,002733,2.62,6503,6774
SZ,002721,0.41,6489,6489
SH,600400,1.8,6485,6485
SZ,000597,0.44,6482,6564
SZ,002042,1.87,6480,6480
SH,601500,1.24,6474,6500
SZ,002140,1.78,6469,6478
SZ,300493,-0.46,6464,6540
SZ,002135,-0.63,6462,6905
SZ,301339,-2.06,6462,6580
SZ,002840,5.46,6461,6506
SH,600103,4.66,6460,6543
SZ,300153,1,6459,6493
SZ,002935,1.9,6455,6595
SZ,003006,2.45,6454,6470
SZ,000090,2.68,6446,6446
SH,688416,-4.65,6446,6446
SH,688176,-0.87,6443,6443
SZ,301291,2.74,6436,12371
SZ,002810,2.89,6433,6931
SZ,300324,0.8,6430,6496
SZ,300815,7.86,6430,6565
SZ,002605,2.37,6426,7934
SZ,002674,-3.5,6425,6490
SH,605598,6.97,6416,6416
SH,601515,1.22,6408,6408
SZ,300164,-7.95,6404,6461
SZ,300598,1.03,6395,6397
SH,600078,0.94,6394,6531
SH,603861,2.72,6391,6535
SH,603778,9.96,6390,6561
SH,688221,-3.66,6387,6387
SZ,002980,-4.86,6384,11938
SZ,002214,3.01,6382,7986
SH,688628,-3.54,6380,6380
SH,603580,-7.83,6370,6370
SZ,000913,2,6366,6443
SZ,000989,1.33,6365,7849
SH,603197,4.04,6364,6451
SH,600604,3.91,6362,8467
SH,600368,1.8,6358,6358
SH,688095,3.79,6356,6356
SH,688381,-6.74,6356,6356
SZ,000572,2.11,6356,6365
SZ,002785,1.74,6352,7440
SZ,300360,2.92,6349,6525
SZ,002470,2.12,6341,6342
SZ,300576,-0.51,6337,10068
SH,603459,-6.19,6332,60376
SH,688518,0.49,6332,6332
SZ,002421,10.1,6331,6701
SZ,002127,2.26,6323,7782
SH,688515,-7.04,6310,10133
SH,603045,-0.55,6308,6308
SH,600449,0.84,6307,6307
SH,688710,-2.53,6294,9784
SH,603383,-0.93,6293,6293
SH,605188,-0.47,6291,6291
SH,688678,2.56,6288,6288
SH,603368,0.38,6288,6288
SH,603229,2.02,6285,6285
SZ,002104,2.04,6285,7424
SZ,000524,1.85,6278,6280
SH,688365,0.62,6275,6275
SH,603969,3.08,6267,6414
SZ,301176,-0.09,6259,6450
SH,600313,2.48,6255,6713
SZ,002579,-1.19,6254,6567
SZ,002606,-0.46,6253,6516
SZ,300939,14.51,6252,6252
SZ,000541,1.2,6251,7802
SH,603211,5.94,6249,6249
SZ,300343,0.34,6248,6261
SH,600897,0.67,6246,6246
SZ,300986,-4.73,6242,6247
SH,688276,1.21,6242,6242
SH,600730,4.02,6230,6230
SZ,300048,2.99,6228,6239
SZ,301153,4.05,6220,6669
SH,688232,2.77,6217,6217
SH,600975,1.22,6211,6211
SH,603708,1.25,6198,6198
SZ,000957,0.77,6196,6196
SH,600370,-2.52,6195,6195
SH,688366,0.47,6186,7295
SH,600841,1.54,6185,8230
SH,600501,4.56,6182,6182
SH,688062,-6.44,6177,11986
SZ,300174,0,6175,6210
SZ,300134,2.94,6171,6171
SZ,300226,2.01,6170,6418
SZ,002057,1.99,6170,6174
SZ,000025,3.09,6167,6768
SH,603213,0,6166,6166
SZ,000551,2.75,6163,6166
SZ,300252,2.13,6163,7547
SH,688550,-2.36,6161,6161
SZ,300143,-0.12,6159,7200
SZ,000779,3.68,6158,6159
SH,688685,-10.24,6156,6156
SZ,300191,-3.73,6143,8886
SH,600106,5.72,6140,6140
SZ,000735,1.33,6134,6138
SH,603108,1.3,6131,6131
SH,688408,3.52,6127,6127
SH,688179,3.43,6107,6107
SZ,301638,1.12,6106,77583
SH,603877,-3.12,6101,6109
SZ,000915,0.23,6100,6104
SH,605183,1.79,6100,6141
SH,603363,1.07,6096,7756
SZ,002955,-1.41,6094,7371
SH,600108,3.64,6094,6094
SZ,301232,3.92,6093,10259
SZ,002970,1.35,6092,8865
SH,600963,2.67,6081,6081
SH,603336,2.15,6075,6075
SZ,002067,2.02,6073,6696
SZ,002437,1.4,6069,6444
SH,688418,1.35,6069,6069
SH,600586,0.71,6066,6066
SH,688526,-0.22,6060,6060
SZ,002009,3.39,6054,6878
SZ,002210,2.24,6054,6068
SZ,001314,4.01,6049,6952
SH,600983,-1.24,6047,6047
SH,603311,0.63,6043,6043
SZ,301369,-2.52,6032,11252
SZ,300470,2.76,6029,6352
SH,603466,-0.77,6026,6026
SZ,002123,1.21,6024,6733
SZ,000793,-1.3,6022,9930
SZ,300722,1.07,6019,6019
SZ,920599,-1.31,6019,7942
SZ,002052,-0.56,6011,6561
SZ,002678,1.84,6000,6004
SH,688788,-5.15,5996,5996
SZ,301191,-7.01,5991,7947
SZ,300358,0.83,5991,6078
SH,600375,0.49,5982,6557
SH,688290,5.96,5977,5977
SH,605056,10.03,5974,6063
SH,688103,2.35,5968,5968
SZ,002382,2.75,5967,6025
SH,688818,4.56,5959,78405
SZ,002232,2.53,5957,5957
SZ,300043,0.63,5957,5960
SZ,000881,2.97,5956,6230
SH,600644,10.05,5951,5951
SH,600617,3.72,5948,6463
SZ,000561,1.73,5946,6618
SH,600433,2.11,5933,5933
SZ,002527,2.28,5929,7433
SZ,300256,1.54,5923,5989
SZ,002073,0.86,5922,5982
SZ,002302,1.3,5920,5920
SZ,300852,4.26,5913,6125
SZ,300435,-0.42,5913,6183
SH,603867,0.81,5910,5959
SH,688787,-2.88,5907,5907
SH,605288,10,5903,5942
SZ,002298,0.34,5901,6609
SZ,300075,0.44,5897,7106
SH,600683,5.43,5897,5897
SZ,300739,-0.3,5896,7267
SZ,300079,1.32,5895,6560
SZ,001236,1.7,5890,7830
SH,603123,-0.43,5890,7213
SH,600855,3.37,5883,5894
SZ,301489,-5.09,5881,9829
SZ,301286,2.5,5879,14584
SZ,300137,3.36,5873,5945
SZ,002734,0.15,5872,6433
SZ,300579,1.71,5871,6086
SH,600691,0.82,5868,5869
SH,600203,4,5865,5865
SH,688219,1.33,5864,5864
SH,600054,1.06,5862,8330
SZ,000948,-4.55,5861,5872
SH,603931,-1.86,5851,5851
SZ,002029,5.65,5849,6197
SZ,300047,1.39,5842,6492
SZ,300258,3.54,5830,5985
SZ,002538,4.92,5826,5830
SZ,300214,7.1,5821,5821
SH,688499,0.61,5808,5808
SH,603065,8.62,5807,5807
SZ,300393,4.12,5802,6614
SH,688334,1.47,5800,5882
SH,600255,2.56,5798,5798
SH,600826,0,5793,5793
SZ,001330,2.26,5791,6845
SZ,002390,0.33,5783,5832
SZ,000900,1.33,5783,5783
SZ,300119,1.82,5782,8054
SH,600477,1.66,5779,5779
SH,600982,1.77,5778,5778
SH,688185,0.64,5777,12478
SZ,000912,2.22,5770,5770
SZ,300617,2.49,5767,6879
SZ,002752,0.68,5765,5774
SZ,002882,3.27,5760,10104
SZ,002452,2.77,5759,6898
SH,601968,-0.43,5754,5754
SH,600851,-1.01,5751,9403
SH,600592,4.88,5750,5750
SZ,301678,1.42,5749,9910
SH,600035,1.13,5748,5748
SH,688312,-2.21,5747,5747
SH,600230,0.65,5746,5746
SH,603010,1.82,5742,5885
SH,600866,0,5739,7593
SH,603130,9.99,5737,5737
SZ,300996,-7.51,5737,6816
SH,601116,1.26,5734,5734
SZ,301000,3.83,5731,6071
SZ,002218,3.77,5731,5816
SZ,300159,9.89,5730,10233
SZ,300129,3.78,5728,8838
SZ,002803,10,5728,8815
SZ,301080,-6.75,5722,7564
SH,600488,1.55,5721,5721
SZ,300212,-0.96,5721,5896
SH,605178,-2.64,5720,5720
SZ,002510,1.25,5718,5776
SZ,000026,-4.21,5716,6362
SH,605555,2.97,5712,5712
SH,603567,-1.45,5712,5717
SZ,300465,2.55,5711,5711
SH,603660,7.07,5709,5709
SH,688562,2.81,5708,5708
SZ,301248,-3.34,5704,7805
SZ,300900,5.36,5703,7279
SH,688799,1.57,5701,5701
SZ,300041,1.36,5695,5852
SH,600881,0,5689,5689
SZ,300981,-2.15,5687,6206
SH,603609,0.32,5686,5686
SZ,002572,0.93,5681,8398
SH,600425,2.31,5681,5681
SH,600815,9.97,5677,5677
SH,600742,0.92,5677,5677
SH,600694,1.84,5674,5674
SH,688230,-4.05,5666,5666
SZ,002206,0,5665,6228
SH,688510,4.76,5661,5661
SZ,301261,2.35,5648,5696
SZ,300063,-0.98,5645,6834
SH,603194,1.48,5638,14308
SZ,002082,1.12,5633,6068
SH,603855,2.38,5630,5663
SH,605277,0.61,5627,5731
SH,603366,1.17,5626,5626
SZ,002990,0.27,5624,10670
SZ,002068,0.13,5623,5625
SZ,300128,1.64,5618,5625
SZ,300969,0.97,5614,11771
SZ,000501,0.83,5609,5614
SH,605018,3.66,5594,5594
SZ,301292,1.88,5592,14624
SZ,000670,-2.88,5589,5693
SZ,300217,-0.21,5586,6651
SH,600292,0.71,5583,60553
SH,603587,1.46,5583,5583
SH,600081,1.2,5580,5580
SZ,300700,12.07,5576,6229
SZ,300525,-3.52,5568,6787
SH,688293,-1.08,5563,6948
SZ,002796,0.33,5558,6160
SH,603155,-0.24,5550,5550
SH,688488,-4.69,5546,5546
SH,601008,2.05,5546,5546
SH,603887,3.6,5545,5545
SZ,002351,2.21,5539,9451
SZ,002255,4.58,5538,7212
SZ,002885,0.3,5538,6323
SH,601121,1.76,5536,6811
SZ,002349,0.74,5528,5643
SZ,000717,1.33,5526,5526
SH,603098,2.2,5517,5525
SZ,920368,2.53,5517,5799
SZ,002956,-2.96,5513,5513
SZ,300708,1.87,5505,7198
SH,605339,2.21,5503,5503
SZ,300841,0,5500,6010
SH,688709,-0.35,5499,15794
SZ,301301,1.72,5499,19800
SZ,300192,-3.59,5493,5557
SH,603153,1.27,5491,5574
SZ,003012,2.11,5491,5600
SH,600278,1.43,5490,5490
SZ,300581,0.71,5490,5490
SH,603668,-0.9,5488,5488
SZ,300926,0.16,5486,7996
SZ,300197,1.65,5486,5486
SH,688658,-0.72,5486,5486
SH,688151,-0.55,5484,5484
SZ,300976,-5.15,5484,8526
SZ,300278,4.01,5483,5500
SZ,300127,1.84,5482,7675
SZ,300451,0.56,5481,5561
SZ,002695,9.96,5478,5993
SH,603686,3.78,5475,5475
SZ,300019,2.84,5474,5838
SZ,002279,-0.28,5473,5932
SH,603507,-1.14,5473,5534
SZ,300819,-1.61,5469,6055
SZ,301209,3.34,5468,6401
SZ,000557,1.35,5467,5469
SZ,000404,0.9,5459,5484
SH,688328,-7.41,5457,5457
SZ,301155,4.29,5457,9624
SH,688553,2.87,5455,6728
SZ,301326,-4.1,5452,5500
SH,605366,0.57,5448,5448
SH,600698,0.31,5448,7010
SZ,300731,2.11,5445,5737
SZ,000697,1.22,5440,11629
SZ,300046,0.61,5438,5438
SH,603068,-2.76,5437,5437
SZ,001212,-1.35,5435,6282
SZ,000531,1.88,5431,6217
SZ,002132,1.04,5429,5438
SH,688109,3.2,5424,5424
SZ,000411,1.26,5423,5434
SH,688767,-4.92,5419,5419
SH,600720,1.32,5419,12322
SZ,003041,4.21,5418,5702
SZ,300307,0.88,5414,5508
SH,603848,4.19,5408,5408
SH,603889,-1.7,5408,5448
SZ,002272,0.53,5408,6425
SZ,300925,0.06,5407,6632
SZ,002697,0.43,5406,6419
SH,600981,3.43,5404,5404
SZ,000042,0.12,5399,5405
SZ,001323,-2.36,5394,7540
SH,601518,1.79,5388,5388
SH,600603,3.62,5386,5386
SH,688707,1.83,5382,5382
SZ,300203,1.44,5380,5385
SH,603776,1.38,5377,5377
SH,600829,0.11,5364,5364
SH,600756,1.29,5361,5783
SZ,002060,3.31,5360,12878
SZ,002635,2.34,5356,8932
SH,600217,4.53,5354,5354
SZ,002196,3.4,5353,5435
SH,688315,1.1,5352,5352
SH,688478,-4.93,5352,5352
SZ,300633,1.63,5351,8739
SH,688776,5.4,5350,5350
SZ,002951,0.91,5347,5399
SZ,300467,1.16,5347,6383
SZ,002164,1,5340,5923
SZ,002358,3.05,5337,5337
SH,688575,1.85,5337,5337
SZ,920493,-1.9,5333,7238
SZ,300036,3.99,5332,5903
SZ,301182,19.99,5329,5843
SZ,002685,1.54,5320,5321
SZ,002419,1.97,5318,5318
SZ,000409,2.39,5314,6099
SZ,300443,2.05,5309,7001
SZ,300868,-5.2,5309,8361
SH,601177,2.17,5296,5366
SZ,300066,7.07,5290,5512
SZ,002141,-8.56,5289,5289
SZ,002191,0.53,5288,5331
SZ,000908,0.5,5287,10575
SZ,002860,-7.84,5287,5412
SH,600189,1.1,5278,5278
SH,600868,2.58,5277,5277
SH,603333,2.91,5277,5277
SH,600825,2.02,5277,5277
SZ,003043,-3.1,5272,8075
SH,600138,1.11,5270,5270
SZ,300531,-0.7,5266,5426
SZ,002424,-0.64,5264,6387
SZ,000560,0,5261,5300
SZ,000525,1.5,5259,6164
SH,600569,1.67,5257,5257
SH,600300,0.93,5256,5256
SZ,002833,0.9,5255,7693
SZ,002274,1.45,5252,5333
SZ,000571,10.07,5250,5412
SZ,300918,2.88,5249,5249
SH,601199,-0.17,5247,5247
SH,688656,2.6,5246,5246
SZ,002300,4.16,5244,5244
SZ,300909,0.35,5243,7023
SH,688069,0.94,5241,5241
SZ,002567,1.67,5240,5245
SH,605009,0.95,5239,5239
SZ,002640,0.9,5233,5266
SH,603170,-1.64,5232,5232
SH,688079,-0.14,5232,5323
SZ,300696,1.87,5230,5761
SH,601086,-0.75,5228,5228
SZ,300300,6.52,5228,5228
SZ,300540,-0.54,5224,5751
SH,603897,3.22,5221,5221
SZ,002229,2.62,5213,5245
SZ,002971,-2.61,5212,6818
SZ,300221,3.01,5212,5344
SZ,000888,0.82,5211,5211
SZ,000652,1.13,5206,5210
SZ,002708,2.97,5203,5660
SH,688505,0.55,5201,7588
SZ,300983,0.06,5199,5879
SZ,002965,-5.98,5198,7245
SZ,300006,1.03,5195,5195
SZ,300446,1.98,5185,11734
SH,600199,0.38,5183,5183
SH,603173,2.18,5179,5179
SZ,300792,-1.09,5178,5770
SH,600279,2.83,5175,5175
SZ,300067,-2.64,5174,6372
SZ,002213,-3.05,5170,5942
SZ,300082,0.66,5169,5182
SZ,300293,-1.6,5168,5168
SZ,301004,0.96,5167,5535
SH,603012,-0.98,5166,5166
SZ,300093,0.49,5162,12069
SZ,002657,-2.9,5153,5213
SZ,000796,1.57,5150,6207
SH,688309,1,5142,5142
SZ,002383,1.46,5138,5138
SH,601279,2.86,5138,5138
SZ,002943,0.7,5137,7258
SZ,300783,0.55,5135,7359
SZ,002631,1.89,5134,5158
SH,600284,2.52,5133,5133
SZ,003040,0.81,5126,5174
SZ,300084,1.97,5124,5971
SZ,300566,3.91,5118,5918
SH,603610,10.02,5118,5118
SH,688348,2.12,5117,5117
SZ,002988,1.09,5116,5116
SZ,000920,0.93,5109,5109
SH,688598,-0.78,5108,5208
SZ,300856,-0.44,5098,5275
SZ,300057,0.82,5094,6152
SH,600743,0.93,5091,5091
SZ,301366,7.1,5085,9106
SH,600784,3.01,5081,5081
SZ,300569,1.84,5078,5093
SH,688101,0.2,5076,5076
SZ,001313,0.69,5069,5075
SH,600939,2.7,5061,5061
SH,600979,3.3,5054,5132
SZ,002793,0.65,5050,5057
SH,600593,3.49,5043,5107
SH,603727,0,5040,5040
SZ,300287,0.79,5036,5483
SH,688173,0.99,5035,5083
SZ,002307,1.98,5034,5095
SZ,000517,2.54,5034,6432
SH,600610,3.05,5032,7606
SH,603901,0.76,5027,5347
SH,688226,0.49,5027,5222
SZ,002530,0.7,5026,5634
SZ,002376,0,5022,5171
SZ,300709,2.82,5020,6253
SZ,000880,1.8,5017,10251
SH,688117,0,5017,5017
SH,600197,-0.08,5016,5016
SH,603685,-2.42,5014,6296
SH,600817,1.39,5014,5039
SZ,002577,-1.32,5013,5013
SZ,002992,1.94,5010,5800
SZ,002166,1.95,5008,5028
SZ,300039,-0.72,5006,5711
SH,600336,2.12,5004,5004
SZ,000608,10,5002,5032
SZ,300507,1.74,4999,5164
SH,603595,-0.08,4998,4998
SZ,001328,-2.55,4995,5318
SH,600191,4.46,4995,4995
SH,603682,10,4990,4990
SH,603131,3.06,4986,4986
SH,605228,0.97,4986,5006
SH,603990,-9.97,4985,4985
SH,605377,1.7,4982,4982
SZ,301368,4.91,4979,4979
SH,600308,0.92,4975,4975
SH,600237,-0.99,4966,5012
SH,600231,1.74,4964,5026
SZ,300905,0.06,4962,6360
SH,603843,-3.26,4960,4960
SH,688733,-1.81,4958,4958
SH,600790,3.68,4954,4954
SH,600984,-2.95,4953,4953
SZ,300400,-2,4952,4969
SH,600073,0.76,4951,4951
SZ,300695,7.24,4950,4950
SZ,300151,-1.53,4948,7146
SH,600814,0.6,4947,4947
SZ,301580,-1.75,4946,7321
SH,600889,1.05,4942,7913
SZ,002649,0.44,4940,5447
SZ,002334,2.91,4939,5511
SZ,300158,1.01,4938,4942
SZ,002238,1.99,4936,4936
SH,688679,3.65,4934,4934
SZ,002154,6.63,4931,6100
SZ,002892,3.58,4931,7311
SZ,300788,-2.4,4931,4931
SH,601566,2.14,4930,4930
SZ,002819,1.52,4928,6211
SZ,300680,3.62,4928,6403
SZ,002870,-0.12,4920,5039
SH,603701,3.98,4919,4919
SZ,301162,3.68,4917,7577
SH,603111,1.73,4917,5060
SH,600769,-0.97,4916,4916
SZ,002642,0.54,4916,4916
SH,688566,0.33,4913,4913
SZ,001322,0.64,4910,6045
SZ,002344,1.32,4907,4912
SH,605368,1.33,4902,4902
SZ,300161,-0.9,4898,4991
SH,688225,0.33,4896,4896
SZ,002528,0,4894,5586
SZ,301328,-5.25,4893,6771
SZ,300528,-2.88,4889,4889
SZ,002713,0.11,4886,8829
SH,688620,-4.44,4876,4876
SH,688699,-3.69,4876,4876
SZ,002662,1.56,4875,4875
SH,688352,-4.45,4870,15809
SZ,002301,2.42,4868,4909
SZ,301012,2.36,4867,4867
SZ,002047,4.56,4867,4867
SZ,000925,1.97,4866,4904
SZ,301306,2.27,4865,7047
SZ,301392,-5.46,4865,11924
SH,688757,-2.39,4864,10825
SZ,301048,2.47,4859,4859
SH,600513,-1.78,4856,4856
SZ,300261,-0.18,4856,4961
SZ,300756,-0.46,4852,5576
SZ,300825,-5.56,4850,4954
SH,603269,0.63,4846,4846
SZ,300755,0.52,4845,4847
SZ,002959,0.29,4840,5395
SH,688610,-5.55,4839,8039
SH,603511,2.12,4839,4887
SH,600571,1.15,4838,4929
SZ,300291,0.78,4835,4898
SH,688601,2.44,4833,4833
SZ,300233,1.4,4830,5013
SH,601002,4.12,4829,4829
SZ,300820,-1.36,4829,9599
SZ,002033,1.15,4824,4825
SZ,002637,7.02,4822,4878
SZ,000753,3.62,4819,4819
SH,605299,2.78,4819,4819
SH,688345,-5.23,4818,4841
SZ,002749,-0.66,4817,4925
SH,601789,1.14,4815,6753
SH,600551,1.43,4814,4814
SZ,002038,0.53,4813,5805
SZ,920640,1.45,4808,4997
SH,605287,-1.08,4808,4808
SZ,002189,0.33,4800,4801
SH,688135,-2.04,4797,4797
SZ,301589,1.34,4796,12866
SZ,002102,-0.87,4792,5570
SH,605580,2.58,4791,4791
SZ,002479,3.54,4790,4801
SZ,300706,-3.92,4790,6461
SZ,301099,-2.88,4790,7871
SH,688410,1.04,4788,4788
SH,603212,1.77,4786,4786
SH,603365,-1.02,4779,4804
SZ,300488,4.06,4778,5631
SZ,002045,1.67,4775,4781
SZ,002590,3.1,4771,5004
SZ,301268,3.05,4771,5275
SH,603380,0.47,4768,4768
SZ,301529,-1.18,4765,8877
SH,688711,-0.85,4764,4764
SH,603666,4.6,4762,4762
SH,688007,0.39,4762,4762
SH,600495,2.34,4760,4760
SZ,300785,1.86,4760,7737
SZ,300626,-1.85,4758,4761
SZ,301607,-2.9,4757,7338
SZ,301053,-3.16,4756,5121
SZ,002482,0.79,4755,4764
SH,600084,-1.62,4753,4753
SZ,002375,1.42,4752,4784
SZ,002165,2.83,4751,4801
SH,600990,2.02,4745,4745
SZ,300215,3.43,4742,4742
SH,603598,3.1,4741,4747
SZ,002570,0.46,4741,4741
SH,603353,-1.13,4738,4738
SH,688389,1.19,4735,4735
SZ,300368,-1.86,4729,4729
SZ,002915,1.8,4727,5502
SH,600351,5.56,4726,4726
SH,603590,0.27,4721,4745
SZ,002111,1.15,4721,5139
SZ,002638,-0.56,4721,5014
SZ,002201,2.22,4720,5109
SZ,300027,2.79,4719,5105
SH,688307,-1.39,4718,4718
SZ,300797,3.34,4718,4731
SH,600681,1.73,4716,4720
SZ,300587,4.43,4716,5816
SH,603408,-0.18,4713,4713
SZ,000993,1.98,4708,4708
SZ,002481,0,4707,5194
SH,603187,-0.88,4703,4753
SH,603499,1.09,4702,4702
SZ,002523,2.15,4700,4717
SZ,300990,-7.22,4698,10345
SZ,300292,2.43,4698,5649
SH,600715,2.5,4694,6658
SH,688377,7.38,4688,4688
SZ,002757,1.84,4688,4910
SZ,920576,8.52,4687,4734
SZ,300219,0.15,4685,4694
SH,600207,4.37,4684,4684
SZ,300663,-4.32,4678,4861
SZ,001208,9.98,4673,9358
SZ,002805,-0.82,4667,4688
SH,600121,1.59,4667,4667
SZ,300087,0.98,4665,4898
SZ,002556,2.04,4661,4665
SZ,000936,2.14,4660,4660
SH,603711,-0.78,4657,4657
SH,600088,2.18,4657,4657
SZ,002483,1.35,4656,4663
SZ,300490,3.86,4652,4716
SZ,002727,1.46,4652,6934
SZ,003033,1.53,4652,4710
SZ,300688,-2.63,4649,5244
SZ,002401,2.12,4642,4646
SZ,300283,-2.16,4642,6282
SH,603767,3.73,4639,4639
SZ,301256,2.33,4637,4637
SZ,002573,1.86,4635,4642
SH,600523,1.87,4634,4637
SH,603191,2.71,4633,4633
SH,688330,1.13,4633,4633
SH,688696,1.58,4633,4633
SH,603070,3.59,4632,4632
SH,600605,-0.3,4629,4629
SH,688282,2.24,4627,4627
SZ,002478,3.23,4625,5765
SZ,301583,0.27,4625,27821
SZ,002632,1.26,4618,5022
SZ,301307,-7.82,4612,8929
SH,600626,0,4609,4609
SH,600101,3.07,4602,4602
SH,601588,2.37,4602,5825
SZ,002066,-0.84,4597,4675
SZ,300138,-0.85,4597,5575
SZ,300232,1.96,4596,5644
SZ,301239,-0.6,4592,4837
SZ,001317,0.83,4590,4595
SZ,300959,-1.62,4589,7048
SH,688591,0.22,4589,6549
SZ,002880,1.56,4588,4588
SZ,002026,5.91,4581,4582
SZ,001207,1.43,4577,4741
SH,688323,0.35,4575,4575
SH,688237,-2.46,4575,4575
SZ,002134,0.33,4574,4577
SH,603158,0.98,4574,4574
SZ,000886,1.74,4566,4618
SZ,002194,1.82,4562,6102
SZ,002940,1.15,4561,4967
SZ,301179,4.18,4557,7761
SZ,301312,-3.16,4554,9053
SZ,300259,1.81,4550,4551
SZ,002291,1.36,4546,4891
SZ,301330,-0.71,4545,5505
SH,603162,-1.09,4543,14806
SZ,002707,1.35,4541,5159
SH,603348,0.28,4538,4538
SZ,300463,1.54,4537,5581
SZ,000665,2.31,4537,4537
SH,688689,-4.56,4536,4536
SH,688683,-4.05,4528,4528
SZ,300619,3.89,4527,5377
SZ,002543,2.09,4525,5086
SH,600288,3.6,4525,4525
SZ,002787,-6.31,4525,6063
SZ,301070,-2.1,4523,6729
SH,603777,2.19,4521,4521
SZ,002651,2.3,4518,8257
SZ,002522,1.42,4516,4520
SH,601218,2.19,4516,4516
SH,603611,3.73,4513,4513
SH,603387,-0.1,4509,4509
SH,600178,0.31,4506,4506
SZ,002540,4.79,4506,6550
SZ,300791,1.86,4504,5399
SZ,002627,0.16,4503,4552
SH,688228,0.98,4503,4503
SH,688539,3.11,4501,4501
SZ,002559,1.48,4501,5732
SZ,002146,1.77,4498,5000
SZ,301362,-1.77,4496,16025
SZ,002884,1.29,4495,5887
SZ,300249,2.39,4493,5506
SH,601065,1.3,4493,4493
SH,603196,-1.14,4491,7934
SH,688665,3.89,4490,4490
SH,688580,-0.52,4487,4487
SH,600283,1.39,4487,4487
SZ,301323,-5.55,4485,6972
SH,600234,-3.76,4484,4484
SZ,300271,-4.07,4480,4579
SZ,002919,5.15,4476,4508
SZ,001338,1.71,4475,4475
SZ,300648,4.2,4473,5875
SZ,000417,0.35,4472,4477
SZ,000819,1.67,4469,4512
SZ,002112,3.96,4468,5015
SZ,002235,0.5,4467,4677
SZ,000863,2.13,4467,4534
SZ,002728,0.91,4467,4574
SZ,300123,7.42,4463,4588
SZ,000558,1.47,4459,4461
SZ,002124,1.8,4457,5022
SZ,002641,2.61,4457,4830
SZ,301566,-4.04,4456,8444
SH,688119,2.33,4455,4455
SH,603980,-0.29,4454,4454
SZ,300147,-3,4450,4477
SZ,000045,1.14,4447,4928
SH,605300,0.31,4444,4444
SZ,002059,1.8,4443,4576
SH,600558,2.91,4443,4443
SH,688448,-3.05,4443,4443
SH,600658,0.76,4441,4441
SH,688181,-3.74,4441,4441
SH,688609,-5.12,4440,4635
SH,603018,1.69,4440,4440
SZ,301413,2.79,4440,7436
SZ,002454,3.9,4439,4448
SZ,002501,0,4433,4438
SH,603217,10.03,4430,4430
SH,603060,2.23,4430,4430
SZ,300917,1.63,4423,4423
SH,600609,2.73,4422,4422
SH,603988,-3.38,4422,4422
SZ,002455,3.41,4414,4826
SZ,300737,1.84,4409,5518
SZ,300016,0.38,4407,4560
SZ,002746,1.14,4407,5344
SH,603216,-1.83,4405,4405
SZ,300689,0.58,4401,5001
SH,600758,2.46,4398,4402
SH,603110,2.58,4397,4397
SH,603209,1.71,4395,4443
SH,603165,3.08,4394,4394
SZ,000521,0.8,4394,5170
SZ,001359,-5.05,4389,17554
SH,688115,3.75,4386,4386
SH,688667,0.01,4386,4386
SZ,000720,2.95,4385,4385
SH,688320,-0.23,4382,4382
SZ,300697,1.07,4382,5724
SZ,301487,0.56,4381,7381
SH,600976,1.28,4378,4381
SH,603286,-0.81,4376,4418
SH,603558,-1.15,4372,4372
SH,605577,1.34,4364,4364
SZ,301367,0.29,4364,5574
SZ,301391,3.14,4361,4464
SH,688196,1.93,4361,4361
SZ,000078,3.75,4358,4368
SZ,300441,-0.28,4357,4485
SH,603528,0.16,4356,4356
SZ,301325,2.3,4354,4354
SZ,000821,2.13,4353,4485
SH,603822,3.17,4352,4352
SZ,301211,1.46,4343,4343
SZ,002303,-1.96,4341,6876
SH,600168,1.86,4341,4341
SH,600880,0.25,4339,4341
SZ,300267,1.33,4338,6291
SH,600173,0.81,4336,4336
SZ,000718,1.6,4335,5766
SZ,300149,1.9,4328,4541
SZ,002907,0.94,4325,5379
SZ,002393,1.12,4323,4439
SH,688207,1.09,4320,4320
SZ,002824,-0.3,4318,5940
SH,600819,2.82,4317,5343
SH,600382,-3.86,4312,4312
SZ,300727,1.53,4302,4781
SZ,002367,1.69,4299,4316
SZ,300286,2.84,4295,5184
SH,688796,4.53,4293,49691
SH,603122,4.76,4291,4291
SH,688639,0.88,4289,4289
SZ,300532,0,4286,4507
SZ,301321,-4.21,4285,5412
SH,603439,3.11,4281,4281
SH,603106,10.04,4279,4279
SZ,301058,1.21,4277,4349
SH,688170,-5.43,4274,4274
SH,605088,5.04,4273,4306
SZ,002117,0.62,4272,4274
SZ,300210,0.8,4271,4271
SH,688057,2.8,4261,4261
SZ,300847,0.14,4260,4260
SZ,920077,1.08,4257,8266
SZ,002264,0,4257,4708
SZ,002443,2.25,4253,4253
SZ,002285,2.38,4247,4285
SZ,300461,-0.19,4246,4622
SZ,301365,-5.89,4245,6290
SH,603697,-0.39,4238,4238
SH,688691,-3.08,4236,6966
SZ,300506,0.17,4232,8211
SZ,300963,9.2,4232,5770
SZ,300702,1.31,4231,6998
SH,688073,-1.47,4229,4229
SH,603206,3.59,4227,4227
SH,603960,0.06,4227,4227
SZ,300018,0.35,4227,5674
SZ,300071,-1.53,4226,4309
SZ,002480,4.17,4222,4230
SZ,300871,0.87,4217,4217
SZ,300227,1.76,4217,5505
SH,603016,3.87,4215,4215
SZ,300878,2.6,4214,4234
SH,688236,2.38,4211,5600
SZ,300397,1.28,4208,5337
SZ,002427,1.67,4204,4208
SH,600505,3.59,4203,4203
SZ,000011,0.5,4201,4756
SZ,300893,5.62,4197,7913
SH,603069,3.75,4196,4196
SH,603097,2.98,4188,4286
SZ,300793,2,4182,4277
SZ,002512,2.43,4159,4189
SZ,300968,2.44,4159,4159
SH,603015,1.48,4155,4155
SZ,002765,3.57,4153,4545
SH,600227,-0.6,4152,5488
SH,603167,1.03,4152,4152
SZ,300692,0.75,4151,4549
SZ,300586,2.65,4148,5519
SH,688267,1.06,4148,4148
SZ,002758,1.14,4146,4150
SZ,301349,-0.9,4144,5248
SH,603035,2.08,4143,4143
SH,605028,-3.74,4142,4142
SH,603222,10.06,4138,4138
SH,603976,-1.94,4134,4134
SH,688186,3.73,4132,4132
SH,600340,0,4127,4127
SH,603966,1.53,4126,4132
SH,600261,1.64,4125,4125
SZ,300541,0.57,4125,4571
SZ,301370,1.04,4122,4122
SH,600479,0.72,4122,4848
SZ,301265,-0.29,4120,5117
SZ,301488,0.69,4120,10054
SZ,300228,2.5,4119,4403
SZ,300326,0,4114,4116
SZ,000655,1.62,4114,4114
SH,603758,2.6,4106,4106
SH,688210,-1.51,4106,4106
SZ,000016,0.78,4103,6188
SZ,920593,1.89,4102,4828
SZ,002406,1.8,4095,4966
SH,603072,1.25,4090,8563
SZ,300705,0.36,4088,5528
SZ,300505,-0.52,4084,5165
SH,605268,2.09,4084,4084
SH,600729,-0.04,4083,9342
SH,605086,1.34,4079,4079
SZ,300061,0.77,4075,4316
SH,603683,0.86,4073,4115
SZ,003004,6.11,4070,4847
SZ,300189,3.61,4068,4700
SZ,002902,10,4064,5377
SH,688429,5.18,4064,4064
SH,603918,-2.19,4064,4064
SH,600152,2.54,4063,4063
SH,600650,0.58,4062,5737
SZ,301629,-6.17,4061,8828
SH,600222,4.76,4061,4061
SZ,002161,1.1,4060,4061
SZ,000678,4.5,4058,4058
SZ,001288,5.16,4057,6244
SZ,300091,0.4,4056,7048
SZ,300320,1.83,4053,5020
SZ,000096,2.59,4051,4187
SZ,920239,-1.18,4049,4098
SH,603967,1.65,4049,4049
SZ,300547,-0.21,4047,4926
SZ,301187,2.99,4046,4046
SH,603178,-0.69,4043,4043
SZ,301379,-3.49,4041,5128
SZ,002520,2.36,4039,4224
SZ,300206,1.62,4037,6915
SZ,300121,0.64,4036,4185
SZ,002788,3.63,4036,4107
SZ,002321,1.6,4035,4052
SZ,300561,-4.11,4035,5493
SZ,300539,6.44,4033,4963
SH,605208,2.17,4032,4032
SZ,002005,3.6,4030,4031
SH,603088,0.22,4028,4622
SH,603803,3.16,4028,4028
SZ,300403,2.39,4027,5686
SZ,300882,3.28,4027,4327
SH,688023,-0.39,4025,4025
SH,603339,1.88,4023,4023
SH,603869,1.99,4016,4016
SZ,301116,0.68,4014,4014
SH,603689,1.06,4010,4028
SZ,002560,4.11,4009,4654
SH,600076,-1.64,4007,4007
SH,600135,3.13,4006,4006
SH,603032,-0.34,4003,4009
SZ,002418,2.62,4000,4000
SZ,002950,0.98,4000,5896
SZ,301075,0.22,3994,3994
SZ,000599,3.6,3994,11947
SZ,301230,0.41,3994,4440
SZ,002040,1.48,3991,3991
SZ,300662,0.94,3989,4001
SZ,002160,2.38,3989,3997
SH,603636,2.08,3987,3987
SZ,002490,-1.46,3987,6061
SZ,002644,1.04,3983,3983
SZ,300105,2.66,3979,3982
SZ,300802,-3.85,3978,5585
SH,688269,3.22,3975,3975
SH,603661,2.07,3975,3975
SH,688768,4.43,3974,4007
SZ,000428,-7.35,3974,3974
SH,603726,-1.77,3973,3993
SH,603681,0.91,3973,3973
SH,600628,0.82,3972,3972
SH,688360,5.39,3969,3969
SZ,002116,1.56,3964,4013
SZ,300712,2.07,3961,3978
SH,603322,0.4,3955,3955
SZ,000906,2.92,3955,4003
SZ,000919,1.11,3954,3955
SH,603150,-1.02,3954,3954
SH,603429,2.31,3949,3949
SZ,300183,2.5,3948,4922
SZ,300733,4.73,3948,5354
SH,688419,1.95,3947,3947
SH,601368,0.68,3947,3947
SH,600469,1.88,3946,4815
SH,600798,1.55,3945,3945
SH,688459,0.86,3941,3941
SZ,002449,1.76,3940,3940
SZ,000882,1.41,3939,3942
SZ,300654,-0.97,3935,4086
SZ,002177,1.75,3935,4438
SH,688633,-1.78,3935,3935
SZ,300421,3.02,3934,5022
SH,600526,2.04,3929,3999
SH,600727,1.92,3927,3927
SH,603121,3.39,3927,3927
SH,603318,1.79,3925,4742
SZ,002774,-6,3925,4690
SH,688655,-3.09,3923,3923
SH,603271,-0.04,3922,8217
SH,600792,1.44,3918,3918
SH,603719,3.36,3916,3916
SH,603519,-4.1,3915,3915
SZ,300491,1.6,3912,4410
SZ,300429,1.08,3910,5199
SZ,920522,-3.84,3910,4714
SZ,000523,2.08,3909,5415
SH,603956,3.95,3904,3904
SH,603239,3,3904,3904
SH,688291,1.42,3895,3895
SZ,301055,-1.12,3888,3973
SZ,300588,1.34,3887,4209
SZ,000822,2.84,3885,3885
SH,688720,-6.89,3884,6091
SH,600725,2.61,3882,3882
SZ,300767,1.83,3879,4468
SZ,002035,2.27,3879,4204
SZ,002090,2.42,3878,3902
SZ,300711,3.79,3878,4378
SZ,002876,-2.32,3875,4524
SH,603669,0.93,3875,3875
SZ,001316,2.02,3875,4153
SZ,002989,-1,3874,3948
SH,603261,10,3870,3870
SZ,920139,-2.74,3869,4005
SH,688635,3.75,3869,20408
SZ,301160,2.74,3867,5820
SH,603520,1.85,3867,3867
SH,603790,-3.85,3864,3864
SH,688595,0.53,3862,3862
SH,603912,0.99,3861,3861
SZ,002772,1.46,3861,3894
SH,603978,3.16,3857,3857
SZ,300196,-1.75,3856,6382
SH,603398,-1.43,3855,3855
SH,688311,3.87,3852,3852
SZ,300481,0.91,3852,3876
SH,688211,1.28,3852,3852
SZ,001380,0.73,3847,4477
SZ,000520,2.7,3846,3846
SH,600527,3.74,3845,3845
SH,603676,0.34,3842,3842
SH,601113,2.05,3842,4712
SZ,300984,-3.84,3842,5962
SZ,002088,4.12,3840,3867
SZ,300534,-7.42,3839,3856
SZ,301458,-2.15,3836,8707
SH,605286,3.77,3835,3835
SZ,002328,2.91,3830,5179
SH,688061,-0.08,3828,3828
SH,600067,2.61,3827,3827
SH,600805,4.9,3826,3829
SZ,300177,1.45,3826,4696
SH,601188,1.74,3825,3825
SH,688350,-3.08,3823,3823
SZ,300349,1.77,3823,4314
SH,600568,-0.42,3822,4564
SZ,002564,2.06,3822,3822
SH,600960,2.55,3821,3821
SZ,300022,-1.27,3820,3820
SH,600794,2.25,3816,3816
SZ,000816,3.52,3815,3835
SH,605189,0.25,3814,3814
SZ,301252,0.83,3813,4755
SZ,301102,-0.2,3812,3812
SZ,002688,0.59,3812,3924
SZ,300318,1.26,3812,3929
SH,688218,1.52,3810,3810
SZ,002228,1.94,3809,3822
SZ,300231,0.23,3807,3807
SH,688298,-0.04,3806,3806
SZ,000850,1.77,3802,3803
SH,688010,-2.98,3800,3800
SZ,002589,1.09,3796,4183
SH,600714,-0.14,3795,3795
SH,688558,4.09,3795,3795
SH,600824,1.12,3794,3794
SZ,002322,0.56,3792,3944
SZ,002843,0,3788,3811
SZ,002554,1.07,3787,3788
SZ,300557,1.76,3787,3806
SZ,300643,-1.37,3785,3793
SH,688356,-3.89,3785,3785
SZ,003019,-1.21,3784,3872
SZ,300317,-0.21,3780,3786
SZ,000518,1.66,3778,3778
SZ,300880,7.86,3776,3776
SH,603315,2.43,3774,3774
SH,688588,1.79,3771,3771
SZ,002187,1.7,3771,3771
SZ,002930,2.35,3771,3985
SH,688719,-0.91,3770,4848
SZ,300629,2.66,3770,4372
SZ,300004,1.68,3768,3768
SZ,002786,2.97,3765,3777
SH,603085,1.28,3765,3765
SH,603081,2.06,3760,3760
SH,605055,3.39,3758,3758
SZ,301603,-1.05,3754,12016
SZ,000797,1.7,3754,3754
SZ,301038,7.27,3752,3752
SZ,002586,0,3752,3948
SZ,300669,1.38,3747,3956
SZ,002612,-0.53,3743,6508
SZ,301008,0.47,3735,4230
SH,605162,1.32,3733,3733
SZ,001269,2,3731,3731
SH,688489,-0.17,3729,3758
SZ,300290,13.2,3729,3730
SH,600576,-0.34,3718,5937
SZ,002562,2.01,3718,5223
SH,605337,-1.34,3718,3718
SZ,300055,3.53,3715,4912
SH,603126,2.53,3712,3712
SH,603615,2.2,3710,3710
SZ,300010,1.36,3709,4609
SH,600337,4.45,3707,3707
SZ,300111,2.49,3707,3707
SZ,300044,0,3706,3957
SZ,300590,0.39,3703,4784
SH,600734,1.19,3702,3703
SZ,002469,2.26,3701,3822
SH,603679,7.88,3699,3699
SH,603138,2.64,3694,3761
SH,600379,1.27,3692,3692
SH,603421,3.1,3691,3691
SZ,002986,2.86,3688,4645
SH,603105,2.5,3685,3685
SZ,301609,3.1,3684,6113
SZ,301517,3.34,3683,5709
SZ,000532,0.56,3679,3692
SH,603058,0.34,3678,3678
SH,603703,3.63,3677,3677
SH,600830,0.75,3675,3675
SZ,001238,3.69,3673,3927
SZ,003026,0.43,3672,4769
SH,688039,-2.29,3670,3670
SZ,002886,0.69,3667,4617
SH,600860,3.13,3663,4517
SZ,002197,2.08,3663,4215
SZ,002370,1.24,3661,3661
SZ,301235,-1.61,3660,4890
SZ,301282,-1.98,3652,4362
SZ,300758,2.63,3651,4051
SH,603199,-0.68,3651,3651
SZ,002162,1.53,3646,3651
SH,603706,1.58,3646,3646
SH,688646,4.35,3644,5650
SH,603566,1.15,3637,3637
SZ,300068,1.67,3637,3827
SH,688212,-0.94,3635,3635
SH,603607,-0.24,3633,3633
SH,600127,1.98,3632,3632
SZ,002676,3.07,3629,3629
SH,605378,1.68,3627,3627
SZ,002457,4.51,3626,3628
SH,688238,1.45,3626,3635
SH,688512,-1.32,3625,5282
SH,603716,1.01,3624,3624
SZ,002596,2.93,3623,3626
SZ,300194,0.81,3622,4450
SH,603639,0.19,3620,3724
SZ,300639,3.24,3617,3711
SZ,920799,-0.39,3614,6295
SH,603232,0.77,3613,3632
SH,605369,1.55,3612,3612
SH,603551,0,3605,3651
SZ,300448,3.89,3605,3795
SH,600581,0.86,3602,3602
SH,688590,-2.58,3601,4002
SH,600333,2.43,3599,3599
SZ,300571,1.83,3599,4342
SZ,000505,1.97,3598,4136
SZ,000713,1.91,3598,4678
SH,603579,3,3595,3595
SZ,300351,0.66,3593,5305
SZ,300964,-2.98,3590,4892
SH,688136,0.4,3585,3585
SH,688606,1.28,3584,3584
SZ,002693,1.51,3584,3616
SZ,000626,2.45,3581,3602
SZ,301398,-0.63,3581,3674
SH,603090,0.53,3579,3579
SH,688533,1.64,3579,3579
SH,688299,6.5,3578,3578
SH,603291,3.17,3576,3576
SZ,920809,0.13,3574,4655
SH,603109,2.46,3573,3573
SH,600800,4.21,3573,3574
SZ,002016,3.52,3568,3568
SZ,300402,3.46,3567,3613
SH,688551,-4.6,3566,3566
SZ,300424,1.76,3565,3567
SH,601599,1.66,3563,3563
SZ,002677,1.89,3563,4173
SH,600857,5.59,3560,3560
SZ,000726,0.83,3560,4938
SZ,002333,-0.36,3559,3604
SH,688033,1.61,3559,3559
SH,600834,2.19,3556,3556
SZ,002609,0.91,3556,4987
SZ,301280,-1.07,3556,6848
SZ,000407,2.78,3556,3573
SH,603569,2.43,3555,3555
SZ,300611,0.25,3552,5055
SZ,301085,0.84,3551,5230
SZ,300200,1.33,3548,3607
SH,688075,0,3548,3548
SH,601033,1.23,3547,13302
SH,688247,-5.32,3545,3545
SH,600506,0.42,3545,3545
SZ,301017,3.87,3544,5557
SZ,300559,-6.55,3544,4550
SZ,300096,4.3,3543,3543
SZ,301016,3.51,3542,3694
SZ,000965,1.59,3540,3540
SZ,002339,3.5,3538,3725
SZ,300632,0.63,3537,4880
SH,688807,-0.43,3536,17682
SH,603926,-0.45,3530,3562
SZ,000782,1.67,3528,4586
SZ,300453,0.51,3523,5111
SZ,000862,1.08,3523,5150
SH,603928,-2.53,3523,3523
SH,603020,0.97,3520,3520
SH,605388,-5.63,3519,3519
SH,600579,0.14,3514,3514
SZ,301376,0.28,3513,7301
SZ,300099,2.03,3502,4438
SZ,300745,0.65,3501,4147
SZ,300809,2.38,3501,5895
SZ,300471,2.58,3501,4490
SZ,300213,3.26,3496,3762
SH,605158,1.94,3493,3493
SZ,002305,2.03,3486,3486
SZ,300414,1.28,3483,3622
SZ,002462,0.67,3480,3483
SZ,000716,0.85,3480,3561
SZ,301045,-8.87,3479,5505
SZ,300530,-3.1,3479,3479
SZ,002356,1.92,3475,3475
SZ,002107,0.5,3474,3509
SZ,301175,1.64,3470,8213
SZ,300622,-0.68,3463,5066
SH,688653,1.02,3462,4644
SZ,300715,0,3461,4181
SZ,300518,-2.24,3461,3462
SZ,000868,1.38,3457,3457
SZ,000903,3.45,3456,3483
SH,603390,2.08,3451,3457
SH,603665,1.41,3450,3450
SZ,002582,-1.75,3449,4486
SZ,002669,0.09,3448,3456
SZ,300190,-0.26,3446,3461
SH,603324,-2.66,3445,3445
SZ,002783,0.95,3445,3730
SZ,301656,0.06,3443,40665
SH,688680,1.97,3442,3442
SZ,300911,-6.03,3441,3682
SH,603101,2.67,3439,3439
SZ,002584,1.66,3438,4295
SZ,300494,1.17,3438,4233
SZ,300962,1.88,3437,3437
SH,603357,2,3436,3436
SZ,300427,3.17,3436,3473
SZ,000659,1.91,3433,3433
SZ,300652,3.77,3426,3818
SH,601366,1.42,3426,3426
SZ,300668,-9.02,3425,4136
SZ,300533,1.58,3425,4868
SZ,300021,2.08,3424,4008
SZ,300399,0.52,3422,3422
SH,688098,-0.94,3421,3421
SZ,301112,0.26,3417,3417
SZ,000037,10.04,3416,6076
SH,688148,0.45,3413,3413
SZ,300729,1.07,3408,3539
SH,605058,1.88,3407,3407
SZ,300901,-8.15,3403,3403
SZ,001216,1.84,3401,4044
SZ,002628,1.12,3400,3415
SZ,300434,0.4,3397,3989
SH,688339,2.48,3393,4168
SZ,300606,-4.05,3393,3989
SZ,300120,2.06,3391,3693
SH,603396,3.25,3391,3391
SZ,300885,3.52,3389,5035
SH,603759,1.95,3385,3385
SH,600318,0.76,3384,3384
SZ,301033,-2.57,3384,4026
SZ,301115,-0.25,3381,4159
SZ,003037,3.3,3379,3379
SH,688750,1.68,3377,6706
SZ,002766,0,3376,3388
SH,600229,1.19,3376,3376
SH,603175,0.3,3375,32436
SH,600262,1.07,3375,3375
SH,688157,-2.85,3373,3373
SZ,003000,0.83,3373,4937
SZ,000488,0,3371,5853
SZ,300248,0.12,3371,3925
SZ,301289,2.55,3367,3388
SH,603038,3.9,3367,3367
SZ,301120,8.06,3365,5701
SZ,002412,0,3360,3397
SH,688602,1.25,3360,3360
SZ,002109,1.94,3357,3357
SZ,000721,-1.49,3356,3759
SH,688398,6.51,3351,3351
SH,600503,1.46,3349,3349
SH,603577,10.03,3347,3347
SH,603559,-1.76,3347,3347
SH,605108,0.78,3346,3346
SH,603014,2.39,3346,13773
SH,600218,2.13,3345,3345
SZ,300132,3.79,3343,3399
SH,605066,2.78,3341,3341
SH,688168,-1.58,3340,3340
SH,605398,1.58,3339,3339
SZ,300160,1.62,3338,3386
SH,603630,-0.12,3338,3338
SZ,002791,1.05,3337,5425
SZ,300664,1.1,3336,3463
SH,605077,1.18,3336,3376
SH,600822,2.06,3336,4176
SH,600853,2.49,3335,3335
SH,600053,4.48,3334,3334
SH,600520,0.19,3333,3333
SZ,920819,0.36,3332,3371
SH,600679,1.57,3330,4799
SZ,301003,0.27,3330,4305
SH,688199,1.33,3328,3328
SZ,300879,2.1,3325,3348
SZ,000514,3.14,3324,3324
SH,600716,6.93,3323,3323
SH,601999,1.34,3322,3322
SH,688522,1.26,3321,8180
SZ,002646,1.31,3321,3344
SZ,002374,1.32,3321,3321
SH,600638,1.44,3320,3320
SZ,301551,0.33,3320,8592
SZ,300078,0.68,3318,3331
SZ,002927,3.73,3315,3352
SZ,002822,1.64,3314,6045
SH,603309,-1.21,3313,3313
SZ,300466,2.22,3313,3952
SZ,300781,-0.9,3312,4489
SH,688399,1.87,3312,3312
SZ,300370,1.92,3310,3319
SZ,000736,0.91,3310,3310
SH,603648,1.67,3309,3309
SZ,002094,2.35,3307,3309
SZ,301076,5.09,3307,4947
SH,603535,2.05,3306,3306
SZ,002269,0.71,3305,3543
SZ,000926,0,3304,3345
SH,600467,2.73,3302,3302
SZ,300508,4.62,3301,4387
SZ,300040,1.11,3301,4105
SH,688443,3.51,3298,8434
SZ,300822,3.16,3297,3555
SZ,300572,3.96,3287,4152
SZ,002037,3.66,3286,3286
SZ,000701,1.86,3285,3288
SZ,001257,-0.36,3284,44026
SZ,301408,1.41,3283,5736
SZ,002395,2.77,3283,3283
SZ,301315,0.51,3282,3282
SZ,300894,-3.2,3282,4520
SZ,301110,-1.6,3281,4665
SZ,000803,6.58,3278,3325
SZ,300736,-2.8,3274,3358
SZ,300873,-2.84,3273,4508
SH,603817,2.14,3272,3272
SZ,000731,1.88,3271,3271
SH,688071,-0.35,3269,3269
SH,603811,0.14,3267,3267
SH,603116,6.58,3267,3267
SH,600865,0.81,3266,3266
SZ,002801,1.26,3262,6469
SZ,002178,1.78,3260,3262
SH,605136,0.62,3256,3256
SH,603856,2.4,3255,3255
SZ,002818,-0.08,3255,8166
SZ,301246,1.97,3254,7652
SZ,000509,3.41,3252,3252
SH,600653,0.6,3250,3250
SZ,001217,3.67,3250,3282
SH,688045,-1.83,3242,3242
SH,688133,-0.65,3241,3241
SZ,002327,0.15,3240,5504
SZ,300848,0.95,3240,5477
SZ,301186,2.46,3239,3445
SH,600512,1.49,3238,3238
SH,603230,1.66,3238,3238
SZ,000889,1.09,3236,3483
SZ,301199,2.04,3234,3360
SZ,002362,1.17,3232,3806
SZ,300385,7.86,3229,3701
SH,603987,0.96,3228,3228
SH,603351,2.59,3223,3223
SZ,301479,0.87,3222,5628
SZ,300798,8.77,3221,3916
SH,603999,1.08,3220,3220
SZ,301223,4.71,3219,3219
SZ,300110,1.49,3213,3216
SH,603600,2.21,3212,3212
SZ,301096,2.19,3211,4222
SZ,920037,0.1,3210,5250
SH,688302,-1.06,3209,3209
SH,600354,3.05,3209,3209
SZ,002441,1.64,3208,4384
SH,603948,1.81,3208,3208
SH,603258,-0.29,3207,3226
SH,688084,6.51,3207,3207
SZ,300056,1.59,3205,3207
SH,600280,2.53,3204,3204
SH,600327,0.84,3203,3203
SZ,301613,3.05,3201,5488
SH,688259,-1.2,3199,3199
SH,603316,-4.19,3198,3267
SH,603007,2.45,3197,4068
SH,603210,1.03,3192,4670
SH,600052,1.34,3191,3191
SH,603798,9.99,3190,3190
SH,688571,2.73,3190,3190
SH,603095,2.24,3190,3190
SH,600192,10.06,3189,3189
SZ,300407,8.08,3189,4265
SZ,300193,1.6,3187,3619
SZ,002735,4.98,3187,4195
SZ,002672,2.62,3186,3891
SZ,300241,1.15,3186,3798
SH,605186,-1.51,3181,3181
SH,688283,3.69,3180,3180
SH,600293,1.86,3179,3179
SZ,002055,2.29,3178,3234
SZ,000607,2.28,3177,3654
SH,603656,0.52,3176,3176
SH,688722,1.43,3171,3171
SH,600749,1.09,3171,3171
SZ,002451,3,3171,3182
SZ,300478,6.88,3168,3168
SH,605138,2.33,3167,3167
SH,603313,0.36,3167,3167
SH,605068,-9.99,3166,3166
SZ,000007,-0.97,3163,3163
SZ,300521,3.69,3160,3200
SZ,301602,0.87,3159,6489
SZ,300867,1.35,3158,4478
SH,600731,0.34,3158,3229
SH,603278,6.82,3158,3158
SH,688053,1.9,3157,3157
SH,603898,1.06,3155,3155
SZ,300473,0.96,3155,3619
SZ,000421,2.04,3153,3154
SZ,301060,-0.22,3151,3505
SH,605399,2.12,3148,3151
SZ,300551,-0.74,3147,3156
SZ,301322,2.03,3146,4665
SZ,301136,3.91,3145,3148
SH,605259,0.28,3144,3144
SZ,301259,-2.07,3143,4902
SZ,001215,3.44,3143,3151
SZ,001400,0.92,3141,5707
SZ,000788,1.35,3141,3141
SZ,300545,1.31,3141,4872
SZ,301682,-2.92,3139,14856
SZ,300515,2.03,3139,3202
SH,688358,0.07,3134,3138
SH,603788,0.93,3134,3134
SZ,002021,1.16,3132,3132
SH,688583,1.04,3129,8980
SZ,000546,2.98,3128,3492
SZ,300683,-0.65,3125,3351
SH,688636,1.3,3123,3123
SZ,300746,3.79,3123,3154
SZ,300419,9.01,3115,3115
SZ,002369,2.23,3114,3118
SH,688317,1.67,3113,3113
SZ,002548,1.04,3113,3205
SZ,002296,1.7,3109,3487
SH,600539,-5.78,3107,3107
SZ,300094,3.31,3107,3170
SZ,002623,8.34,3101,3108
SZ,300352,4.74,3101,3523
SZ,002686,-4.19,3100,3358
SH,603051,4.81,3099,3099
SZ,002912,0.53,3098,3261
SZ,300812,0.75,3098,3414
SZ,300062,3.06,3089,4246
SZ,300125,4.65,3089,5700
SZ,301206,1.07,3088,4795
SZ,300247,1.32,3088,3088
SH,605566,3.4,3085,3085
SZ,301500,1.42,3083,12007
SZ,300801,0.67,3081,4917
SZ,300578,2.24,3080,3081
SZ,300608,2.12,3080,3522
SH,605303,2.3,3080,3080
SZ,301302,2.55,3079,3452
SZ,002365,0.56,3076,3695
SZ,300157,-1.16,3076,3222
SZ,300840,0.58,3072,4164
SH,603696,-2.82,3072,3072
SH,600969,1.72,3071,3071
SH,603266,1.85,3071,3071
SZ,301662,1.38,3070,7985
SZ,001318,-0.08,3070,3070
SZ,001221,0.03,3069,15972
SZ,301073,-1.92,3069,3356
SZ,000151,3.75,3067,3495
SZ,301617,-1.59,3061,7714
SZ,002724,1.32,3060,4158
SZ,300686,4.51,3060,3081
SH,600668,1.65,3060,3060
SZ,300656,-4.87,3058,3938
SZ,300289,1.08,3058,3063
SZ,002845,1.41,3055,3999
SH,603192,10.01,3050,3658
SZ,300310,1.15,3049,3888
SH,600719,5.77,3039,3039
SH,688162,2.45,3038,3038
SZ,920806,-2.12,3037,3037
SH,600738,1.01,3035,3038
SH,688171,0.82,3035,3035
SZ,300973,-1.57,3034,4333
SZ,002726,2.76,3034,3035
SH,688015,4.42,3030,3030
SH,688280,9.4,3030,3435
SZ,300069,4.78,3028,3028
SZ,002175,0.42,3026,3026
SZ,301201,0.36,3022,4307
SH,600791,2.3,3021,3025
SZ,301213,-1.57,3021,4674
SH,601956,2.97,3021,3021
SZ,300504,2.22,3021,3751
SZ,301226,0.69,3019,3019
SZ,000931,3.08,3019,3028
SZ,301696,-1.56,3017,40113
SZ,300050,1.47,3017,3018
SZ,300225,2.73,3016,3038
SH,603008,1.99,3016,3016
SH,600156,1.76,3016,3016
SZ,300927,1.42,3016,3091
SZ,300135,0.93,3014,3014
SZ,300011,2.59,3013,3597
SH,603958,2.31,3012,3012
SH,688600,-1.01,3011,3011
SZ,301193,2.71,3006,3931
SH,688682,2.79,3004,3004
SH,600684,1.73,3004,3893
SZ,300589,1.27,3001,4834
SZ,003002,3.27,2999,3280
SZ,300600,2.31,2998,2998
SZ,300234,4.06,2996,4383
SZ,000890,6.09,2995,2995
SZ,000576,2.22,2993,3011
SZ,002313,0.63,2991,2991
SZ,300946,1.96,2991,6156
SH,603657,2.65,2990,2990
SZ,002889,-1.81,2990,4494
SZ,002933,2.4,2989,3004
SZ,000530,2.68,2989,4199
SZ,300836,-4.51,2987,4363
SZ,002575,0.59,2986,3150
SZ,301630,-5.09,2985,7967
SZ,300542,1.18,2983,3598
SZ,002826,0.19,2982,3078
SZ,002849,0.07,2979,3003
SZ,002282,1.9,2974,3103
SZ,300955,-3.27,2974,2974
SZ,300522,0.8,2973,3644
SZ,002086,3.87,2973,3683
SZ,300908,-1.1,2973,3517
SH,688163,-4.71,2972,2972
SZ,300943,1.46,2970,4537
SZ,300839,4.59,2968,3020
SZ,300311,1.66,2966,3718
SZ,300187,1.32,2965,2983
SZ,301051,3.06,2965,3732
SZ,300875,-3.53,2962,3368
SH,603896,0.81,2962,2962
SH,603527,2.08,2961,2961
SZ,000798,1.76,2960,2960
SH,688286,-2.01,2958,2958
SZ,002394,2.58,2957,2962
SZ,300932,6.07,2956,4150
SZ,300603,2.46,2954,3672
SZ,300869,1.73,2954,4500
SZ,002286,0.76,2954,3036
SH,688229,3.33,2953,2953
SZ,003029,1.21,2950,3243
SZ,300550,5.84,2948,2951
SH,600838,0.68,2946,2946
SZ,301310,-8.19,2943,9214
SH,688370,1.18,2938,2938
SH,688070,2.47,2937,2937
SZ,920418,-0.1,2936,3040
SZ,300864,2.1,2935,2935
SZ,300238,2.22,2935,2935
SZ,000802,5.67,2934,2935
SZ,002137,1.09,2930,4268
SZ,002829,3.19,2927,4165
SZ,002521,2.65,2926,3909
SH,600228,-9.16,2925,2929
SZ,000615,2.93,2924,5648
SZ,300032,3.12,2924,2924
SH,600620,4.17,2918,2918
SZ,300982,2.8,2918,3115
SH,600130,2.91,2918,2918
SZ,301421,-6.53,2917,7289
SZ,920047,-1.39,2916,4440
SZ,301257,-0.38,2916,3058
SH,603739,2.31,2915,2915
SH,603808,2.04,2910,2910
SZ,000068,4.71,2909,2909
SZ,300698,1.83,2909,3288
SZ,002878,1.23,2909,3230
SZ,002692,3.85,2907,2908
SH,603201,0.26,2906,2931
SZ,300266,3.31,2904,2906
SH,688273,0.14,2904,2904
SZ,002347,4.45,2896,2963
SZ,301082,20,2896,3124
SZ,000897,2.29,2895,2895
SZ,301373,-3.65,2890,7686
SH,600470,2.4,2890,2890
SZ,300243,1.02,2890,3612
SH,603500,2.72,2887,2889
SZ,300510,2.94,2886,2886
SZ,301600,-0.41,2883,9341
SZ,301266,7.27,2881,3037
SZ,300051,3.98,2881,2917
SH,688215,2.51,2880,2880
SZ,000910,2.33,2878,2879
SZ,002186,0.86,2878,2879
SZ,300511,2.33,2877,3377
SZ,002587,1.5,2877,3534
SZ,920725,1.34,2876,5941
SZ,002259,1.87,2874,2874
SH,688458,-1.72,2874,3420
SZ,300563,1.3,2868,4122
SZ,002278,3.36,2867,3105
SZ,002996,1.13,2865,4184
SH,605169,2.43,2863,2863
SZ,301608,8.07,2862,6376
SZ,301260,7.5,2854,6719
SH,603949,0.59,2850,2858
SZ,301026,2.12,2849,3944
SH,603725,-0.2,2847,2847
SH,600212,3.68,2847,3774
SZ,003020,0.12,2847,3855
SH,600215,2.98,2846,2846
SH,603310,0.76,2846,5066
SH,688813,-4.43,2845,15136
SZ,002485,-0.37,2845,2845
SZ,301111,1.31,2843,2843
SZ,002811,-0.48,2843,3098
SZ,300239,1.05,2843,2861
SZ,002323,3.08,2841,2842
SH,688618,-0.38,2840,2840
SZ,300609,-3.65,2840,2844
SZ,301020,6.13,2839,2839
SZ,300086,2.55,2838,2931
SZ,002012,9.98,2834,2834
SZ,300877,0.47,2832,2832
SH,603819,1.01,2830,2830
SZ,002224,1.45,2830,3166
SZ,002899,3.23,2830,2830
SH,600616,1.44,2830,2830
SZ,002547,2.4,2828,2888
SH,603903,1.1,2826,2826
SZ,002722,2.75,2826,2826
SH,688391,0.53,2825,2825
SZ,301066,0.17,2823,2845
SH,603330,0.14,2823,3003
SZ,002616,1.69,2820,4124
SH,603970,2.24,2820,2820
SZ,000691,-5.92,2819,4228
SH,688030,-0.94,2819,2819
SH,605080,1.88,2817,2828
SZ,000978,2.04,2813,2813
SH,601112,1.79,2812,26784
SZ,300237,1.56,2812,2812
SZ,300831,3.11,2810,4874
SZ,300148,2.07,2809,2909
SH,600630,3.12,2808,2808
SZ,000695,0.32,2808,2934
SZ,000570,1.81,2806,3564
SH,688335,2.32,2802,2802
SZ,002561,1.65,2802,2811
SZ,301448,-0.07,2801,4134
SH,603280,3.86,2801,2801
SH,600594,0.28,2800,2800
SH,688081,0.11,2800,2800
SH,600844,3.03,2797,3456
SH,603878,5.06,2795,2795
SZ,300381,1.92,2794,2804
SH,600249,1.6,2794,2794
SH,600876,3.52,2793,4558
SZ,301270,-4.02,2793,2956
SZ,920179,2.36,2793,3482
SH,688570,1.16,2793,6426
SH,600265,0.51,2791,2791
SZ,300890,1.51,2790,3053
SZ,002981,0,2790,3134
SH,688557,0.05,2790,2790
SH,688152,0.88,2789,2789
SH,688687,2.45,2786,2786
SZ,001299,2.28,2786,3095
SZ,003016,2.26,2786,2851
SH,605218,3.81,2784,3176
SZ,002168,0.85,2784,2784
SH,603518,2.66,2784,2794
SH,600419,1.85,2780,2780
SH,603048,6.11,2779,2779
SH,600136,1.42,2779,2918
SZ,000159,8.04,2778,2778
SH,605500,1.98,2776,2776
SZ,002667,5.01,2775,3057
SH,688285,2.93,2773,2773
SZ,300830,0.98,2771,3712
SZ,002331,3.14,2770,2952
SZ,301535,-1.14,2768,6932
SH,603655,4.82,2768,2768
SH,688607,-9.87,2765,3072
SH,600721,2.28,2765,2765
SZ,300329,1.95,2763,2772
SZ,002355,2.05,2763,2988
SH,605089,2.4,2763,2763
SH,603202,0.96,2760,8794
SZ,300945,1.05,2759,3030
SH,688338,0.5,2758,2758
SZ,003032,9.99,2757,3900
SZ,300270,1.83,2755,3198
SZ,002689,1.54,2753,2754
SZ,002659,-0.42,2752,2752
SZ,000668,-3.14,2752,2752
SZ,000710,-1.75,2752,2952
SH,600408,2.63,2749,2749
SZ,301622,3.66,2745,4921
SZ,300020,-4.78,2744,2845
SZ,300826,8.04,2744,2853
SZ,300818,1.69,2743,4235
SZ,300552,0.64,2742,4327
SZ,002476,2.75,2742,2742
SZ,000529,2.34,2741,2808
SH,603237,1.62,2741,2830
SZ,300721,0.05,2741,3266
SZ,002403,1.1,2740,3141
SZ,002953,2.63,2740,4788
SZ,301237,1.36,2739,3762
SH,603722,-3.76,2739,2797
SZ,002054,3.94,2738,3437
SH,603585,1.81,2738,2784
SZ,301525,2.92,2735,5221
SH,600537,4.05,2734,2734
SZ,002663,3.9,2731,2757
SZ,002866,0.8,2731,4363
SH,688314,9.64,2730,2730
SZ,301439,1.5,2730,5798
SZ,300833,0.9,2730,4250
SZ,300716,-2,2730,2730
SZ,300384,1.06,2729,3956
SZ,002795,3.97,2728,2774
SZ,300501,1.44,2728,2737
SZ,300425,2.56,2723,2729
SZ,300242,-5.08,2722,2722
SZ,300374,1.93,2722,2722
SZ,300447,3.05,2722,4219
SZ,300389,2.31,2721,4577
SZ,301273,-0.41,2720,3544
SH,605166,2.49,2719,2719
SH,603829,4.81,2718,2718
SZ,300359,-2.71,2717,2717
SZ,002917,1.66,2712,3619
SZ,300810,0.89,2712,2808
SZ,002248,0.8,2712,2712
SH,600785,2.51,2710,2710
SZ,300479,0.44,2710,2711
SZ,301172,1.34,2709,3662
SZ,301296,1.6,2708,2708
SZ,002923,1.35,2707,3513
SH,688511,-1.45,2707,2707
SZ,002725,1.97,2706,2783
SZ,300936,-1.1,2704,4289
SZ,301158,-3.84,2704,2773
SH,688255,1.69,2704,2704
SH,600661,6.8,2702,2702
SZ,000419,2.26,2702,2702
SZ,000892,2.98,2701,3728
SH,600712,-3.83,2699,2729
SZ,000809,3.15,2697,2697
SZ,920735,0.21,2695,3047
SH,601798,1.2,2694,2694
SZ,002404,1.55,2688,3304
SZ,301305,-1.13,2687,5229
SZ,002798,-1.88,2687,3055
SZ,301419,0.52,2686,4064
SZ,001369,0.94,2684,14842
SH,688077,1.91,2683,2683
SZ,002875,1.45,2683,2683
SZ,301068,10.73,2682,3777
SZ,002863,3,2680,2680
SH,603768,2.36,2679,2679
SZ,300175,0,2679,2679
SH,603458,3.31,2679,2679
SZ,002363,2.71,2677,2685
SH,600386,1.84,2677,2677
SH,603107,-2.3,2677,4139
SZ,300230,0.95,2677,3456
SH,603037,1.93,2675,2679
SZ,000017,-0.16,2667,4170
SZ,300477,0,2666,2884
SZ,001218,2.49,2665,2898
SZ,002846,-6.65,2661,4297
SH,688216,-0.27,2661,2866
SZ,300749,0.66,2660,3467
SZ,003025,1.12,2658,3334
SZ,001324,0.26,2657,2657
SZ,301255,3.12,2655,3025
SH,603066,2.38,2654,2654
SH,603161,0,2653,2704
SH,603001,3.12,2650,2650
SZ,920491,2.05,2650,3229
SH,600624,4,2649,2649
SH,600250,1.07,2649,2649
SZ,300279,3.03,2649,2661
SZ,002022,1.18,2649,2649
SZ,300584,1.93,2648,3870
SZ,301132,1.38,2648,4139
SZ,000812,1.45,2646,2647
SH,603955,0.41,2644,2644
SZ,002578,3.72,2644,2882
SZ,002425,1.77,2641,2746
SZ,300860,-0.36,2638,4544
SZ,300345,4.77,2638,3192
SH,688357,1.89,2638,2638
SZ,000609,-0.87,2637,2711
SH,601996,5.38,2634,2634
SZ,301151,1.96,2634,2636
SH,688529,13.48,2634,2634
SH,603617,10.02,2634,2655
SH,600735,0.98,2634,2654
SZ,300218,2.61,2632,2641
SZ,301565,4.63,2632,8224
SZ,300301,-0.88,2630,2763
SZ,300404,0.66,2630,3553
SH,603036,10,2629,2629
SZ,003015,2.01,2629,2991
SZ,300653,2.24,2628,2628
SZ,300095,1.35,2627,3262
SH,603080,2.26,2625,2625
SZ,300052,1.42,2624,2624
SZ,301133,-1.41,2622,2865
SZ,002658,1.53,2621,4647
SZ,300272,0.71,2619,3449
SH,605266,1.08,2615,2615
SH,603586,3.33,2613,2613
SZ,300163,8.13,2612,2711
SZ,301218,-10.34,2609,4246
SZ,000698,1.53,2609,2721
SZ,301568,-6.28,2608,5659
SZ,002905,1.36,2607,2807
SZ,300445,2.15,2606,3938
SZ,300537,-0.22,2606,3558
SZ,000972,3.06,2599,2599
SZ,300141,1.59,2597,2630
SZ,300887,1.56,2597,3913
SH,688292,-0.11,2595,2595
SH,603801,2.75,2593,2593
SZ,000565,6.98,2593,2593
SZ,301234,-2.1,2591,4386
SH,603839,1.06,2589,2589
SZ,300816,-0.35,2589,3548
SZ,300889,2.61,2588,3894
SZ,301149,4.25,2585,4248
SZ,300942,2.41,2584,2584
SH,600289,0.22,2581,2878
SZ,001229,10,2580,5017
SZ,000826,4.62,2580,2580
SH,603335,2.21,2577,2577
SZ,002103,0.91,2577,3548
SH,688246,7.21,2577,2577
SZ,301197,4,2574,2853
SZ,300410,2.49,2573,2573
SZ,000019,0.98,2572,7123
SZ,002599,1.14,2571,3363
SZ,300449,0.76,2571,2571
SZ,002921,-5.56,2569,2979
SH,603030,2.63,2568,2568
SZ,300439,1.62,2567,3374
SZ,003007,4.77,2565,4225
SZ,301148,1.23,2563,5071
SZ,002769,3.15,2563,2565
SZ,002072,1.46,2562,2563
SH,603633,3.99,2561,2561
SH,603863,0.08,2560,2560
SH,603017,3,2558,2558
SH,603886,2.21,2556,2556
SH,600405,2.71,2555,2555
SZ,300386,-0.38,2550,4252
SH,688066,19.95,2549,2549
SZ,000504,2.25,2547,2554
SZ,300288,0.92,2545,3352
SZ,002613,2.5,2538,3610
SZ,002453,1.94,2537,3420
SZ,002962,1.59,2535,3535
SZ,001388,2.07,2535,4736
SZ,000153,1.1,2533,2565
SZ,001256,6.23,2533,3378
SZ,301081,5.23,2530,2634
SZ,300631,2.97,2529,2601
SH,688080,1.06,2529,2529
SH,600671,2.27,2528,2528
SH,600665,2.82,2523,2523
SZ,301221,7.46,2521,3708
SH,603677,2.51,2519,2519
SZ,301631,-1.34,2518,7391
SH,605155,2.36,2517,2566
SH,600858,1.89,2515,2528
SH,600356,2.81,2512,2771
SZ,300636,1.64,2509,2868
SH,600793,10.01,2508,2508
SZ,300952,5.9,2507,4076
SZ,000707,2.71,2506,2660
SZ,002748,0.77,2506,2506
SZ,002712,-1.48,2504,2520
SZ,002813,1.26,2504,2507
SH,600257,0.97,2502,2502
SZ,300321,-2.11,2502,2505
SZ,002172,3.15,2502,2504
SZ,300162,1.25,2501,3067
SZ,001300,3.12,2501,2501
SZ,002853,2.64,2499,3552
SH,600358,0.41,2499,5758
SZ,002903,-1.17,2499,3671
SH,603159,0.96,2496,2496
SH,688369,-1.63,2493,2493
SZ,920068,0,2492,9408
SZ,002869,2.13,2492,2799
SH,600538,1.93,2490,2490
SZ,000545,1.61,2483,2487
SZ,300824,2.89,2481,2559
SH,688589,-0.17,2481,2481
SZ,301262,-1.3,2481,8473
SZ,300154,3.83,2480,3538
SH,688129,4.52,2479,2479
SZ,002330,1.04,2477,2478
SH,688468,3.18,2475,2475
SZ,301281,3.32,2474,3776
SH,600560,3.17,2474,2474
SH,600573,1.85,2473,2473
SH,688137,0.34,2472,2472
SZ,002952,2.12,2470,3083
SH,603602,2.4,2468,2468
SZ,000014,1.6,2464,2464
SZ,300795,-13.92,2462,4229
SZ,001210,6.46,2462,4050
SZ,300365,1.69,2461,2885
SZ,301190,-1.7,2461,3692
SZ,002391,0.95,2460,3443
SH,603042,3.61,2457,2457
SZ,920571,0.48,2455,4604
SZ,301202,-0.41,2453,4202
SZ,002879,10.03,2452,3453
SZ,300585,1.42,2452,2452
SZ,002682,4.06,2452,2452
SH,603136,1.91,2450,2450
SH,603838,4.37,2448,2448
SZ,920002,-1.36,2447,3495
SZ,300978,1.19,2446,3601
SZ,002593,2.11,2444,3505
SH,603086,3.5,2444,2444
SZ,300452,1.24,2441,2881
SZ,002398,2.78,2441,2801
SH,605033,-5.29,2440,2440
SZ,001376,0.97,2440,5254
SH,603779,0.14,2437,2437
SH,603076,2.02,2436,2436
SZ,300485,1.02,2434,4282
SZ,002431,1.5,2433,2433
SZ,301658,3.53,2431,10289
SZ,301222,2.15,2428,3197
SZ,300690,2.5,2427,3596
SH,603836,1.75,2427,2490
SH,688765,-0.29,2425,12048
SZ,002058,10,2424,2430
SZ,000430,3.65,2423,5295
SZ,300591,-2.25,2422,2803
SH,688479,7.58,2420,5631
SZ,003001,9.98,2420,3693
SZ,301181,1.68,2417,3097
SZ,300555,0.08,2417,2442
SZ,300560,2.62,2416,2968
SH,603895,-2.56,2415,2415
SH,688500,-0.36,2414,2448
SH,603828,-2.4,2414,2414
SZ,002098,2.28,2413,2413
SZ,301380,-2.57,2412,3030
SZ,002816,-0.73,2412,2412
SZ,002700,2.62,2407,2432
SH,603289,2.5,2403,2403
SZ,002574,1.79,2402,2402
SZ,300269,2.47,2402,2500
SH,603320,3.21,2400,2400
SZ,002442,2.52,2399,2456
SZ,001282,1.68,2398,3488
SZ,920019,0.07,2397,3009
SZ,301025,-2.69,2395,3459
SZ,300796,2.63,2394,2394
SZ,300998,1.05,2394,3049
SZ,300730,0.78,2392,2790
SH,600613,1.63,2392,2665
SZ,001333,3.43,2391,2391
SH,603189,1.26,2391,2391
SZ,002855,2,2391,2393
SH,688056,2.96,2390,2390
SH,603331,3.6,2388,2388
SZ,002343,1.82,2387,2387
SZ,301337,1.47,2386,2439
SZ,300920,2.33,2385,3591
SH,603059,-1.2,2385,2389
SZ,002576,2.94,2383,2429
SZ,001219,0.56,2377,2437
SH,600992,3.85,2377,2377
SZ,300647,1.56,2375,2378
SZ,002388,0.86,2374,2395
SH,603787,5.74,2373,2373
SZ,000790,1.06,2372,2376
SZ,300172,2.03,2369,3065
SZ,300334,3.7,2368,2368
SZ,002868,2.47,2367,3424
SZ,300667,2.47,2365,2804
SH,603797,4.33,2364,2364
SZ,300354,1.32,2364,4021
SZ,300805,-0.6,2362,3476
SZ,002661,0.79,2359,2477
SZ,300582,4.01,2357,3176
SZ,002983,0.55,2356,4101
SZ,000635,4.05,2355,2530
SZ,300536,3.61,2355,2355
SZ,301119,3.25,2354,2911
SZ,002184,2.19,2353,3445
SH,688560,4.19,2353,2353
SZ,000055,2.05,2352,3737
SH,600463,3.16,2349,2349
SH,603909,2.39,2349,2349
SH,688455,0.29,2347,2347
SZ,301665,-0.74,2345,10130
SZ,000715,1.47,2344,2605
SH,603818,4.28,2341,2341
SZ,300264,0.64,2341,2723
SZ,300025,5.96,2341,2351
SZ,920190,0.51,2340,2353
SZ,920402,1.9,2339,3617
SH,603917,0.97,2338,2338
SH,605151,2.48,2337,2337
SZ,002660,4.13,2336,2429
SZ,301040,10.2,2336,2475
SZ,002729,1.91,2335,2435
SZ,301669,1.42,2332,13670
SZ,300987,0.75,2330,2330
SZ,300275,4.13,2329,2643
SH,605199,1.39,2329,2329
SZ,300281,3.17,2328,2455
SZ,300701,1.99,2327,2581
SZ,002828,-6.91,2325,2325
SZ,000554,1.41,2325,3089
SZ,000669,2.1,2320,2320
SH,600359,3.05,2320,2320
SZ,002976,-2.6,2317,3703
SZ,301283,2.01,2316,2946
SZ,002496,2.08,2315,2955
SH,603307,3.74,2315,2352
SZ,301125,9.11,2315,2612
SZ,002932,1.44,2313,3446
SZ,301185,0.18,2313,2559
SH,603332,2.2,2311,2311
SZ,000573,3.69,2310,2330
SZ,300988,2.37,2310,2807
SZ,300898,0.1,2309,2495
SZ,301178,6.03,2309,3129
SZ,301002,5.23,2306,3662
SZ,300340,2.43,2305,2323
SH,600831,1.89,2303,2303
SZ,301059,-0.26,2303,2577
SZ,300829,0.96,2303,3339
SZ,300921,3.04,2302,3651
SZ,002069,2.21,2301,2304
SZ,300853,6.27,2301,3439
SZ,001201,0.88,2300,2944
SZ,300426,2.68,2300,2590
SZ,300411,4.2,2300,3025
SH,603021,4.82,2297,2297
SH,600854,2.08,2296,2296
SZ,301027,1.39,2294,2783
SH,603180,1.36,2294,2294
SH,600187,0,2292,2292
SH,603188,2.56,2286,2286
SZ,301108,-0.97,2285,3968
SH,688501,8.38,2282,2282
SZ,300460,-0.72,2280,2280
SZ,300891,2.71,2278,2732
SZ,301195,1.53,2276,3427
SZ,300562,-0.43,2275,2979
SH,688244,1.96,2275,2275
SZ,002397,2.03,2274,2625
SH,603096,2.65,2273,2273
SZ,300235,1.82,2273,2817
SZ,001205,2.79,2273,2566
SH,603721,1.22,2272,2272
SZ,002775,-1.25,2271,2523
SZ,002420,4.28,2270,2307
SH,688619,-0.23,2268,2268
SZ,301106,3.59,2267,2267
SZ,300512,5.11,2267,2865
SZ,300583,2.87,2267,2311
SZ,300991,1.28,2266,3541
SZ,301393,-2.62,2264,5561
SZ,001368,3.61,2263,2369
SZ,300422,2.58,2263,2338
SZ,301279,2.73,2263,2922
SZ,301397,-1.88,2261,4943
SZ,002377,2.37,2260,2373
SH,603378,3.54,2254,2254
SZ,002861,3.02,2254,2796
SH,600319,5.06,2253,2253
SH,603488,1.85,2251,2251
SZ,002871,-2.32,2251,3798
SZ,301122,-0.59,2248,3633
SZ,300198,0,2247,2259
SZ,301046,1.47,2247,2910
SZ,002763,2.64,2247,3033
SH,603193,-0.99,2247,8796
SZ,002852,1.95,2246,2704
SZ,300965,2.6,2245,2490
SZ,300658,3.46,2244,3381
SZ,002084,-0.28,2243,2248
SZ,301043,2.57,2241,2685
SZ,300107,3.2,2241,3630
SH,601083,0.52,2238,14921
SZ,301092,1.72,2237,4939
SH,600423,3.32,2236,2236
SZ,002319,5.34,2233,2233
SH,600239,0.72,2232,2232
SZ,300513,3.8,2229,2230
SZ,301088,1.98,2228,2701
SH,600540,10.06,2227,2227
SH,603557,-1.92,2219,2219
SH,600381,6.78,2219,2219
SZ,300800,3.38,2219,2242
SH,600833,2.58,2215,2215
SZ,002991,1.7,2215,4134
SH,688316,1.16,2214,2214
SH,603755,3.6,2213,2213
SH,600182,0.93,2210,4420
SH,603700,-0.08,2210,2210
SZ,000548,2.55,2207,2207
SH,603117,3.66,2205,2205
SH,603937,2.83,2202,2202
SZ,301011,1.7,2199,2315
SH,688113,2.25,2193,2193
SZ,300732,2.42,2191,2194
SZ,002806,1.45,2190,2673
SZ,001367,1.69,2189,2742
SZ,301220,5.73,2188,3169
SH,605003,3.01,2187,2187
SZ,301258,5.32,2187,2250
SH,600753,1.93,2186,2186
SZ,301596,19.99,2184,5382
SH,600533,3.48,2184,2184
SZ,300694,2.34,2183,2186
SZ,002114,3.05,2183,2183
SH,603102,1.85,2182,2182
SH,600281,3.67,2181,2181
SH,688310,1.22,2181,2181
SZ,300956,2.98,2180,2232
SZ,301356,0.12,2179,3715
SH,600965,1.14,2178,2178
SH,600232,3.29,2177,2177
SZ,300464,0.82,2177,2865
SH,603172,3.76,2174,2174
SZ,301118,1.48,2174,2259
SZ,301592,0.48,2174,6514
SZ,002908,0,2172,2912
SH,605069,2.81,2168,2168
SZ,300612,-0.66,2168,2179
SZ,002234,2.13,2167,2509
SZ,301531,0.3,2167,10156
SZ,002702,-5.97,2165,2623
SZ,001228,0.37,2164,2815
SH,688581,0.11,2162,4239
SZ,002723,2.41,2159,2263
SZ,301332,0.99,2158,3762
SZ,300103,3.19,2158,2160
SH,605258,3.03,2158,2158
SZ,000955,2.83,2153,2154
SZ,002492,3.44,2152,2191
SZ,003023,1.89,2152,2156
SZ,300884,3.79,2151,2853
SH,603079,4.21,2151,2151
SH,600148,3.33,2150,2150
SZ,301563,-1.66,2146,9494
SH,603536,-0.66,2146,2162
SZ,301019,2,2145,2926
SH,688718,-0.15,2144,2144
SZ,002771,3.19,2143,2576
SZ,301588,-2.98,2141,3470
SH,605001,4.21,2137,2137
SH,603381,3.23,2136,3566
SZ,002732,1.34,2134,2145
SZ,002890,1.38,2131,2242
SH,688648,1.32,2129,4164
SZ,002671,4.61,2128,2168
SH,603151,2.99,2127,2127
SZ,301079,4.07,2125,2996
SZ,001393,2.62,2124,11023
SZ,301251,-0.24,2123,5297
SH,688693,-2.16,2122,4019
SH,688623,-0.17,2121,5105
SZ,300940,2.05,2120,2997
SZ,300546,-0.94,2117,2944
SZ,300752,0.96,2116,3061
SZ,000752,-0.73,2115,2115
SZ,300947,3.78,2115,2116
SZ,002836,3.96,2115,2115
SH,688597,4.49,2114,2114
SZ,002614,1.05,2114,2988
SZ,301331,2.39,2112,2118
SZ,920261,-1.26,2112,3837
SZ,300808,4.72,2112,2842
SZ,000586,3.66,2111,2136
SH,603382,0.88,2110,3311
SZ,300849,5.92,2109,2870
SH,603321,3.9,2109,2135
SZ,300778,2.37,2107,2108
SZ,300565,4.06,2104,2302
SZ,300375,1.8,2104,3018
SH,600302,-2.55,2104,2104
SZ,001390,0.23,2102,3540
SH,603238,2.25,2102,2102
SH,603373,2.65,2098,4965
SZ,920510,5.48,2097,4109
SZ,002295,3.72,2096,2098
SH,688737,3.18,2096,2096
SZ,301072,6.52,2095,3278
SH,603326,3.63,2094,2094
SZ,300484,1.62,2093,2606
SZ,002942,3.93,2092,2345
SZ,002825,2.64,2092,2787
SZ,920344,-0.85,2091,2240
SZ,001365,0.86,2086,19042
SH,603375,-2.26,2086,3292
SH,600241,3.81,2084,2084
SZ,002799,1.72,2083,2083
SZ,301089,1.86,2078,2907
SZ,002666,3.49,2078,3270
SH,603089,3.35,2076,2385
SH,688517,2.43,2074,2074
SZ,300960,3.69,2071,2285
SZ,002887,0.85,2070,2916
SZ,001332,2.5,2070,4764
SZ,300165,3.14,2069,2438
SZ,002633,4.61,2067,2075
SZ,300387,2.14,2066,2067
SZ,300719,1.95,2065,2924
SZ,002679,3.42,2065,2065
SZ,300774,3.91,2061,4129
SZ,300509,3.99,2061,2472
SZ,001259,5.05,2057,3183
SZ,000605,4.67,2056,2056
SZ,002864,0.77,2056,2850
SZ,300335,1.33,2055,2552
SH,603091,0.02,2053,6677
SH,603377,0.35,2053,2053
SZ,300673,-0.22,2052,3163
SH,603176,4.23,2050,2110
SH,603959,2.45,2049,2049
SZ,301528,-1.79,2048,3973
SZ,300980,1.96,2047,2875
SZ,000692,3.5,2046,2046
SH,603968,4.06,2045,2045
SZ,002848,1.23,2045,2066
SH,688727,-1.19,2044,17002
SZ,000953,2.76,2043,2043
SZ,920978,2.85,2043,3644
SZ,002076,1.55,2043,2174
SH,688197,-1.11,2042,4744
SH,603329,3.24,2041,2473
SZ,002857,1.86,2039,2072
SZ,002918,3.82,2039,3892
SZ,300240,3.13,2038,2084
SH,688178,0.97,2037,2037
SH,603023,2.24,2037,2037
SZ,300970,3.04,2037,2639
SH,603578,0.36,2036,2643
SZ,000679,1.42,2035,2035
SZ,000590,3.28,2035,2036
SZ,300350,2.62,2032,2422
SZ,300844,5.11,2032,2108
SH,600371,2.36,2030,2030
SH,600802,4.98,2030,2030
SH,600615,3.33,2030,2033
SH,688613,4.52,2029,2029
SH,603183,-0.23,2028,2028
SZ,300931,0.39,2027,2522
SZ,300597,3.18,2027,2036
SH,600287,3.8,2027,2027
SH,600238,9.9,2026,2039
SZ,300922,-0.49,2026,2582
SZ,300649,8.16,2025,2527
SZ,301317,-1.84,2024,6096
SZ,301290,0.79,2022,2545
SZ,002329,2.99,2020,2580
SZ,000757,1.61,2019,2019
SZ,920017,-0.47,2019,2041
SH,688355,1.69,2018,2018
SH,600128,4.21,2016,2056
SZ,300786,0.44,2016,2534
SH,688272,5.41,2016,2016
SZ,300176,2.16,2014,2014
SZ,001230,5.35,2014,3438
SZ,301628,-0.69,2011,5438
SZ,301117,5.66,2010,3138
SH,688251,4.14,2010,2024
SZ,300211,1.05,2009,2045
SH,603900,3.17,2008,2010
SH,688132,2.25,2008,2008
SZ,301387,-2.6,2006,5043
SZ,301428,2.53,2005,2842
SZ,002687,1.89,2005,2448
SH,600097,2.72,2005,2005
SZ,300013,3.16,2002,2005
SZ,002133,3.59,2002,2013
SH,600159,3.43,2000,2000
SZ,300295,2.84,1999,2262
SZ,920060,-0.6,1999,3205
SH,603356,4.9,1999,1999
SZ,002105,3.79,1997,2007
SZ,002615,3.28,1997,3700
SH,688060,4.25,1995,1995
SZ,002998,3.22,1994,2615
SH,688203,4.57,1992,1992
SZ,300074,3.13,1990,1992
SH,603168,2.69,1989,1998
SZ,301371,-0.3,1988,13283
SH,603182,2.81,1988,1988
SZ,002893,1.56,1985,2581
SH,603982,3.19,1980,2129
SZ,920208,-3.68,1979,2285
SZ,300753,-1.95,1978,2837
SH,688013,4.02,1976,1976
SH,600807,2.87,1975,2220
SZ,002999,3.23,1975,1999
SZ,000952,3.42,1975,1975
SZ,300665,10.1,1973,2077
SZ,300989,3.42,1971,2548
SZ,301103,2.86,1970,2560
SZ,300599,10.35,1965,3742
SH,688755,4.5,1964,2813
SZ,920111,0.15,1963,4045
SH,688426,3.68,1962,1966
SZ,000020,3.05,1960,3064
SZ,000633,3.88,1960,1960
SZ,002995,0.4,1959,3093
SZ,920247,0.92,1958,2700
SH,600444,3.56,1958,1958
SZ,300710,1.86,1957,2611
SH,603616,3.04,1952,1967
SH,605180,3.13,1950,1950
SZ,920879,0.08,1950,2605
SZ,300305,20,1948,2275
SZ,002656,3.66,1943,2016
SZ,301208,0.76,1939,3522
SH,688716,6.25,1938,3373
SH,600706,1.6,1938,1946
SZ,301212,1.67,1936,2230
SZ,301299,-0.5,1932,2618
SH,600678,2.41,1930,1930
SZ,300637,2.49,1930,1932
SZ,300423,3.95,1929,2881
SZ,300817,5.26,1929,3362
SH,688156,4.19,1929,1929
SZ,300854,9.44,1929,2366
SZ,300780,2.93,1928,2630
SZ,300412,3.52,1928,2051
SZ,000985,3.27,1926,1926
SZ,002800,3.91,1926,1984
SH,603282,4.13,1924,1924
SH,600892,1.47,1924,1925
SZ,002622,1.78,1924,1924
SZ,300112,12.67,1922,2330
SH,688811,4.82,1922,10465
SH,603041,4.48,1921,1921
SH,688038,1.98,1919,1919
SZ,300106,1.45,1919,1919
SZ,300659,0.9,1919,2640
SZ,300575,-1.76,1918,2651
SH,603208,4.11,1915,1915
SH,603285,7.64,1913,4912
SZ,002486,2.64,1912,1921
SZ,000909,0,1908,1908
SH,603880,2.96,1908,1908
SZ,300150,2.75,1906,2405
SZ,002652,4.79,1905,1905
SZ,301024,6.29,1905,1967
SH,603718,2.45,1902,1910
SZ,301335,0.8,1900,2748
SH,605336,0.58,1900,1900
SZ,002205,3.97,1899,1899
SZ,300912,-3.57,1899,2516
SZ,300396,4.34,1898,1901
SH,600491,0,1897,1897
SZ,002598,1.69,1897,2066
SZ,300543,1.61,1897,2322
SZ,002524,1.37,1895,1912
SZ,002968,3.26,1889,2007
SH,603810,4.11,1885,1885
SZ,301161,1.24,1884,2928
SZ,300807,-3.37,1883,2467
SZ,301318,1.05,1883,2734
SH,688096,2.55,1882,1882
SZ,002742,2.57,1881,2456
SH,600051,3.07,1881,1881
SZ,001260,4.08,1879,1879
SZ,300437,2.76,1878,2651
SZ,301052,-2.45,1877,2316
SZ,300881,2.35,1876,3595
SH,603506,3.52,1876,1876
SH,600099,2.76,1876,1876
SZ,300966,7.75,1875,2820
SZ,001237,1.43,1873,7972
SZ,000705,1.53,1872,2219
SH,688118,-0.83,1872,1872
SZ,300743,3.6,1870,2220
SH,688420,5.22,1870,1870
SH,603825,2.64,1870,1870
SZ,002873,1.56,1870,1904
SH,600768,2.72,1868,1868
SZ,000995,-0.27,1868,1868
SZ,300897,0,1868,2993
SH,603028,3.3,1867,1886
SZ,002159,1.43,1867,2390
SZ,300967,1.84,1864,2802
SZ,002909,3.38,1864,1911
SZ,001356,2.33,1861,5180
SH,603922,2.78,1858,1858
SH,603325,2.57,1858,4348
SH,600303,1.48,1856,1873
SZ,300906,2.23,1856,2055
SZ,002717,5.88,1856,1966
SH,603214,3.16,1855,1855
SH,688616,2.68,1855,1855
SZ,001360,0.27,1853,3013
SZ,920699,5.81,1852,4048
SH,605177,4.03,1850,1868
SH,603418,0.99,1850,8636
SZ,300076,1.4,1849,1849
SZ,002634,0.24,1849,1920
SZ,001234,2.28,1846,2191
SZ,001255,2.8,1844,2077
SZ,300081,8.16,1844,1845
SH,600080,2.28,1844,1844
SH,605122,3.38,1842,1842
SZ,301077,1.69,1842,3281
SZ,300644,2.91,1841,2310
SH,688026,3.64,1838,1839
SZ,001366,3.72,1838,1838
SZ,920405,1.23,1837,2358
SH,600202,3.46,1836,1836
SZ,300916,2.5,1836,2842
SZ,002551,2.04,1834,2536
SZ,300254,2.94,1832,2073
SZ,920339,-1.13,1832,2669
SZ,001211,4.08,1832,1963
SZ,300675,4.26,1832,1832
SZ,002778,3.85,1832,1851
SH,603177,2.4,1832,1832
SZ,920914,-1.65,1829,1830
SZ,300883,2.98,1829,1913
SZ,300902,-0.13,1828,2663
SZ,920961,-2.7,1827,2511
SZ,002762,1.77,1826,3059
SZ,002715,3.36,1826,1826
SZ,301180,2.96,1825,4448
SH,600107,-0.77,1825,1825
SH,600149,3.9,1825,1825
SZ,002817,2.45,1821,1878
SZ,301599,1.06,1818,14342
SZ,301557,7.88,1816,4528
SH,600082,0.7,1814,1848
SZ,002535,5.65,1814,1948
SZ,002753,2,1810,2624
SZ,002630,3.07,1809,1984
SH,688395,3.57,1807,1807
SZ,301030,2.17,1807,1809
SZ,002820,1.7,1806,1806
SZ,002696,3.65,1805,1867
SZ,002900,-2.26,1805,3543
SZ,301198,4.92,1800,1874
SH,600847,3.25,1800,1800
SH,688189,3.13,1798,1798
SH,688092,3.03,1798,1798
SH,603029,3.71,1796,1796
SZ,920125,-7.02,1791,6103
SH,603092,4.1,1790,20712
SZ,002963,9.98,1788,2186
SZ,300941,-0.34,1786,2955
SZ,300651,2.43,1784,2437
SH,688657,2.55,1777,2840
SZ,301010,4.25,1776,1776
SZ,002569,-1.24,1775,1826
SZ,000856,3.31,1773,1773
SZ,003038,4.24,1773,2634
SZ,920021,-1.23,1772,2212
SZ,001285,3.07,1771,7690
SZ,300645,-0.15,1769,1805
SH,688670,3.09,1769,1769
SZ,300030,2.2,1767,2007
SZ,002529,4.3,1765,1765
SZ,920189,-2.06,1765,2941
SH,603879,-1.59,1764,1764
SH,688004,-4.12,1764,1764
SZ,003017,2.62,1761,2135
SH,688051,3.03,1761,1761
SZ,301309,0.07,1760,2922
SZ,000911,5.02,1757,1757
SZ,001266,0.5,1757,3131
SZ,301138,2.85,1754,3070
SH,603709,2.67,1753,1760
SH,605567,3.19,1746,1746
SZ,300642,2.76,1741,2051
SZ,301585,0.79,1740,2657
SZ,301062,2.76,1740,2738
SH,600180,0,1739,1739
SH,688288,5.14,1737,1737
SH,688393,3.63,1737,1737
SZ,002381,3.86,1733,2214
SZ,301556,-0.88,1732,5010
SZ,002780,3.92,1730,2189
SH,600165,1.29,1730,3813
SZ,002877,2.71,1729,2559
SZ,000056,0,1726,2259
SH,600448,3.79,1726,1726
SZ,301590,1.29,1722,4161
SH,600272,2.67,1720,2824
SZ,301056,2.73,1719,2607
SH,600883,4.6,1719,1719
SH,603860,4.59,1718,1718
SZ,001206,1.97,1717,2971
SZ,300992,3.34,1714,2095
SZ,003005,1.89,1712,3119
SZ,300556,2.2,1710,1916
SZ,300707,4.02,1710,2071
SZ,002862,-1.26,1705,2247
SZ,002858,2.12,1704,2158
SH,600137,3.73,1702,1702
SZ,002209,2.47,1702,2205
SZ,000639,0.64,1695,1695
SZ,001233,2.02,1691,8341
SZ,301231,-2.15,1691,2181
SZ,001268,4.25,1691,2701
SZ,003030,-1.59,1690,2604
SZ,301041,1.57,1688,2281
SH,603908,3.3,1688,1688
SZ,301057,6.17,1686,2434
SH,601026,1.2,1684,9997
SZ,301388,5.03,1683,2373
SH,688058,2.87,1683,1683
SZ,300971,3.17,1683,2145
SZ,300787,0.82,1682,2683
SH,603120,-0.84,1681,4009
SZ,301063,5.72,1680,1814
SZ,002743,6.04,1677,1680
SH,603270,0.47,1677,5197
SH,603022,4.49,1674,1674
SZ,300837,3.96,1668,2207
SZ,003027,3.18,1667,2078
SZ,000619,3.35,1667,2043
SZ,300245,1.43,1662,1727
SZ,920476,-1.38,1662,1756
SZ,301586,4.29,1660,2604
SZ,002802,3.94,1660,2010
SH,600778,3.9,1659,1660
SH,603402,0.15,1657,6628
SZ,301135,7.54,1656,2129
SH,603717,2.15,1651,1651
SH,688681,3.35,1649,1649
SZ,002360,4.34,1644,2029
SH,603312,1.86,1643,5163
SZ,300935,7.71,1641,2164
SZ,300169,-1.26,1641,1847
SH,688078,2.36,1641,1641
SZ,301667,3.74,1637,7705
SZ,920015,-1.39,1637,5547
SZ,000663,4.5,1636,1798
SZ,301361,3.76,1634,3374
SZ,001386,0.8,1632,18139
SZ,002629,4.65,1630,1917
SZ,300195,2.98,1629,2199
SZ,300538,-0.51,1627,2447
SZ,300929,-3.92,1626,1714
SZ,002972,-1.94,1624,2967
SZ,920178,2.37,1623,5557
SH,600697,2.15,1622,1661
SZ,002211,2.19,1617,1617
SZ,000929,2.47,1616,1616
SZ,001222,0.7,1616,2730
SZ,301538,2.22,1613,4051
SH,688466,3.78,1611,1611
SZ,000632,2.06,1611,1611
SH,603435,-0.26,1610,20708
SH,603272,4.44,1609,1609
SZ,301141,2.29,1608,4481
SH,603789,4.39,1607,1639
SZ,301336,3.1,1605,2074
SZ,300610,3.2,1603,2053
SH,688509,1.71,1601,3203
SH,688296,-0.72,1599,1599
SH,603231,1.83,1597,2878
SZ,300876,3,1597,2141
SZ,300615,20.02,1597,2013
SZ,300614,4.74,1596,1596
SZ,002495,3.14,1596,2152
SZ,003042,3.69,1593,1841
SZ,920839,-1.72,1590,2883
SZ,301065,3.83,1590,1954
SZ,300950,2.47,1589,2491
SZ,300462,-0.34,1589,2086
SZ,920087,1.68,1585,1596
SZ,920509,-0.83,1583,3022
SZ,300616,3.56,1582,2288
SZ,300313,1.91,1579,1918
SH,600818,9.95,1578,2131
SH,600493,4.69,1578,1578
SZ,301456,5.99,1577,3498
SZ,301159,1.99,1576,2299
SZ,002592,-2.91,1574,1701
SZ,300472,-1.83,1574,1762
SZ,920892,-1.13,1573,1777
SH,603257,1.06,1568,7556
SZ,300961,4.03,1568,1830
SZ,300937,0.96,1566,2310
SZ,300220,3.7,1566,1568
SZ,301677,-17.2,1562,7287
SZ,301360,0.26,1561,3200
SZ,300789,-3.52,1561,2631
SZ,301067,2.47,1559,2375
SZ,002620,10.04,1558,1861
SH,600796,2.04,1557,4333
SH,688759,0.89,1556,9725
SZ,300519,1.04,1554,2179
SH,600561,4.2,1553,1553
SZ,301548,3.72,1552,5145
SZ,001209,1.13,1551,2123
SZ,301587,5.29,1549,3107
SH,600689,3.14,1548,2044
SZ,002835,2.88,1545,2665
SZ,301121,0,1545,3018
SZ,003028,2.49,1544,3148
SZ,920088,-7.58,1543,4174
SZ,301509,1.15,1543,3275
SZ,002789,2.93,1541,1572
SZ,301229,5.31,1537,2161
SZ,002227,2.46,1537,1549
SZ,301618,1.27,1537,4030
SZ,300995,5.16,1534,2327
SH,603255,-1.12,1533,3401
SZ,002207,0.51,1531,1538
SZ,002982,1.47,1530,2390
SZ,301680,0.32,1526,7518
SZ,002566,1.39,1523,2174
SH,603395,1.3,1521,6084
SH,688528,7.23,1520,1520
SZ,300554,1.53,1520,2195
SZ,300500,3.78,1518,1576
SH,688565,3.89,1518,1518
SZ,300514,4.07,1518,1894
SZ,002694,6.03,1517,1610
SZ,001395,2.68,1514,3303
SZ,000677,5.42,1512,1512
SZ,920174,-0.43,1511,5874
SZ,301383,1.91,1510,3491
SZ,920238,6.19,1506,7390
SH,600243,2.7,1501,1501
SZ,002910,3.06,1499,1713
SZ,920026,0.35,1496,1984
SZ,301022,1.37,1494,2212
SZ,002316,4.78,1493,1722
SZ,001202,3.48,1492,2129
SZ,002790,2.14,1491,2390
SZ,301023,4.16,1491,2688
SZ,301636,4.24,1487,2548
SH,603275,1.91,1486,5322
SZ,920953,-6.04,1479,3164
SH,688793,3.82,1477,1477
SZ,301581,1.25,1475,2790
SZ,300845,5.03,1471,2104
SH,688781,4.2,1468,35950
SH,603400,-5.93,1464,5245
SH,688021,5.41,1458,1458
SZ,301558,0.76,1457,5238
SZ,300977,2.74,1456,2338
SZ,301390,2.31,1455,1780
SZ,002306,5.29,1455,1557
SZ,301166,2.5,1455,2221
SZ,301036,2.59,1452,2061
SZ,300640,3.8,1446,2037
SH,600455,4.09,1445,1445
SZ,301107,1.85,1445,2500
SH,603082,-2.54,1443,5928
SH,600476,1.82,1440,1440
SZ,300314,2.25,1439,2883
SZ,002144,3.36,1438,1847
SZ,301210,3.27,1437,3761
SZ,301505,3.82,1436,1802
SZ,301098,4.2,1436,1722
SH,688067,6.46,1435,1435
SZ,300268,2.29,1435,1869
SZ,301633,2,1434,3131
SZ,300621,3.51,1434,1473
SZ,301395,15.16,1431,2730
SZ,002977,1.08,1430,2577
SZ,002247,3.74,1429,1889
SZ,001378,2.61,1428,2935
SZ,300813,3.82,1427,2275
SZ,920010,-2.38,1423,1916
SZ,301683,-1.12,1423,6297
SZ,000010,3.16,1423,1874
SH,688022,2.28,1421,1421
SZ,301687,3.38,1419,6688
SZ,301320,2.99,1418,2261
SZ,301518,2.99,1417,3510
SH,688450,2.8,1417,1911
SZ,301129,2.95,1414,2848
SZ,301130,4.17,1414,1833
SZ,003008,3.77,1411,1889
SZ,300371,4.92,1404,2018
SZ,301278,3.37,1402,2447
SZ,002513,2.32,1402,1822
SZ,003011,2.82,1402,1873
SZ,301167,3.19,1401,1484
SZ,301508,1.02,1399,5374
SZ,002691,4.52,1398,1414
SZ,301276,7.03,1398,2506
SZ,002581,1.75,1395,2296
SZ,301555,2.27,1394,2660
SZ,301560,2.24,1392,2772
SZ,301303,0.59,1388,5552
SZ,300892,-2.66,1386,2147
SZ,920751,-1.99,1384,1446
SZ,301512,2.05,1384,2121
SH,603248,3.81,1384,8901
SZ,301203,2.34,1381,2521
SH,603062,3.16,1381,4024
SZ,300635,6.11,1380,1605
SZ,300167,0.26,1374,1615
SZ,301520,-8.7,1370,3905
SZ,300549,3.67,1369,1807
SZ,920371,-0.13,1368,1442
SH,688329,5.98,1367,1367
SZ,000637,3.02,1367,1950
SZ,301152,-6.68,1366,2285
SZ,301009,1.46,1361,2449
SZ,300155,3.51,1361,2318
SZ,002591,4.33,1346,1807
SZ,001296,1.51,1345,2610
SZ,000610,1.24,1345,1352
SZ,002809,4.22,1344,1900
SZ,300564,2.51,1340,1910
SZ,301507,0.83,1338,4336
SZ,920857,-4.53,1338,1338
SZ,920682,2.08,1332,2297
SZ,301355,1.49,1332,1859
SZ,301100,1.42,1329,3014
SZ,300928,2.65,1329,1984
SZ,001226,1.96,1321,2908
SZ,300605,-5.08,1319,1724
SZ,002883,1.42,1319,1343
SZ,920837,-0.81,1316,1469
SZ,920533,0.33,1316,2352
SZ,002188,3.86,1315,1672
SZ,001239,3.6,1313,2765
SZ,300594,9.33,1312,1325
SZ,301227,3.57,1310,2329
SZ,300838,4.55,1308,1774
SZ,002494,2.94,1305,1717
SH,688805,-0.6,1305,6523
SZ,300670,3.94,1303,1838
SZ,301298,4.24,1303,1767
SZ,300994,3.74,1294,2585
SZ,301156,4.57,1287,2010
SZ,001278,4.17,1280,1856
SZ,300865,3.93,1277,2126
SZ,001277,2.94,1276,2129
SZ,920701,-3.26,1276,1747
SZ,300126,5.03,1274,1839
SH,603293,0,1270,6481
SZ,301131,3.43,1263,1763
SZ,301126,1.67,1261,1879
SH,688592,3.9,1254,2633
SH,688089,2.64,1245,1245
SZ,920119,0.52,1244,4728
SZ,301288,4.19,1244,1720
SZ,301329,1.9,1241,3198
SH,600543,2.93,1240,1240
SZ,300828,0.41,1239,2443
SZ,001358,-0.03,1238,2993
SZ,301469,3.16,1234,2398
SZ,301233,3.09,1234,2249
SZ,920207,-3.9,1232,2016
SZ,301501,1.04,1231,4184
SZ,920523,-1.23,1229,1536
SH,688576,2.48,1228,2570
SZ,301097,2.08,1228,2558
SH,603207,1.03,1227,3610
SZ,920403,-0.15,1225,2060
SZ,003003,3.79,1225,1838
SZ,920130,4.7,1225,1972
SH,603352,0.22,1224,6120
SZ,920790,-1.95,1223,1777
SZ,301163,4.41,1219,1817
SZ,920046,5.32,1217,2201
SZ,920225,4.56,1216,1864
SZ,300430,5.18,1214,1275
SH,603350,1.71,1210,3194
SZ,301559,1.36,1210,8064
SZ,301503,1.35,1209,2181
SZ,301515,3.12,1207,1786
SH,688806,-5.17,1206,10883
SH,603391,5.09,1203,4813
SZ,920237,-1.14,1203,1226
SH,688712,0.53,1202,13507
SH,688217,4.02,1200,1200
SZ,920425,0.49,1196,1453
SZ,301272,3.46,1194,1887
SZ,920083,2.12,1192,2799
SH,603344,1.75,1191,4289
SZ,920039,-2.52,1187,1187
SZ,300823,2.95,1185,1830
SZ,301584,-0.4,1179,9247
SH,688790,4.49,1179,9256
SZ,300517,3.1,1176,1868
SZ,002888,0.19,1175,2315
SZ,301591,1.35,1173,2871
SH,600365,0.74,1166,1239
SZ,300405,5.13,1166,1516
SZ,301001,0.52,1164,1851
SZ,920211,1.84,1163,3449
SZ,920284,-4.83,1161,1814
SZ,920089,-0.28,1158,2033
SZ,301300,4.07,1157,1925
SH,603370,1.47,1156,5779
SZ,002830,2.14,1153,2309
SZ,000820,9.94,1149,2502
SZ,300535,4.89,1148,1514
SZ,920273,-1.59,1141,1714
SZ,920033,-1.07,1140,1639
SZ,001326,5.61,1139,3471
SZ,300915,-4.18,1132,2477
SZ,300713,3.95,1130,2008
SZ,301491,-1.93,1127,5085
SZ,301378,-6.33,1127,2371
SZ,920171,-2.34,1126,1669
SZ,301295,4.11,1125,3859
SZ,300899,5.38,1123,1750
SH,688130,1.2,1123,2252
SZ,920396,17.4,1122,1579
SZ,920099,-2.68,1116,1804
SZ,301372,3.13,1114,1856
SZ,300930,1.86,1111,2358
SZ,301083,2.94,1109,2303
SH,603276,0.27,1105,3040
SZ,001373,2.89,1104,1808
SH,688184,3.59,1103,1762
SZ,301157,4.41,1100,3196
SZ,001336,4.21,1099,1786
SZ,920252,-1.76,1096,1650
SZ,301359,1.38,1096,1852
SZ,301006,3.49,1094,1818
SZ,920566,-0.3,1091,1403
SZ,920152,0.38,1089,1461
SZ,301446,1.91,1088,3560
SZ,920249,-0.9,1087,3677
SZ,920807,0.46,1080,1590
SZ,002872,1.41,1079,1596
SZ,301113,3.72,1079,1780
SZ,301502,0,1078,2608
SH,603004,0.94,1074,4296
SZ,301539,2.51,1073,2116
SZ,920489,-0.55,1071,1683
SH,603334,3.07,1068,4817
SZ,300152,2.05,1062,1062
SZ,300949,3.21,1056,1848
SZ,920592,-1.49,1054,1693
SZ,920985,1.7,1051,1482
SZ,920575,18.47,1048,1568
SZ,920981,0.52,1047,2082
SZ,002514,3.85,1047,1361
SZ,300958,2.14,1044,1798
SZ,300886,3.08,1044,1660
SZ,001379,3.55,1042,3096
SZ,920001,1.32,1040,1775
SZ,301516,0.34,1039,4154
SH,688651,3.33,1037,2260
SZ,920932,0,1036,1252
SZ,300804,-2.98,1036,2787
SZ,002193,2.61,1029,1029
SZ,001312,1.01,1025,4184
SZ,920018,7.36,1023,2945
SZ,920184,-0.86,1019,1502
SH,603359,3.17,1017,1017
SZ,301418,1.92,1016,2531
SH,688671,4.18,1016,1702
SZ,920642,-0.19,1015,1052
SH,688695,4.17,1013,1614
SZ,920885,0.62,1010,1949
SH,603406,0.7,1009,11004
SZ,920167,-0.31,1008,1697
SZ,920429,-1.66,1004,1102
SZ,920419,-3.61,1004,1072
SZ,920199,-1.99,1004,1802
SZ,920062,1.62,1000,1421
SZ,920792,0.51,998,1626
SZ,300338,3.64,997,1147
SH,603729,2.95,996,996
SZ,001279,1.59,994,3976
SZ,002719,1.16,992,1067
SZ,920270,-3.55,990,1274
SH,688701,6.38,986,986
SZ,301616,2.35,978,2754
SZ,001231,2.3,973,1903
SZ,920124,-0.85,973,1889
SZ,301513,1.26,970,4815
SH,688816,0.08,967,5013
SZ,920415,-1.65,963,1251
SZ,920526,-0.26,961,1518
SZ,920357,-0.71,959,1587
SZ,920496,3.46,953,1088
SZ,920098,-0.28,947,1391
SZ,920690,-5.85,946,1455
SZ,301668,-0.04,945,4271
SZ,301192,6.57,942,1938
SH,603409,2.24,934,3256
SH,603190,4.11,933,2825
SZ,301173,1.85,931,2653
SZ,920100,1.92,931,3512
SZ,920651,-2.69,928,1365
SZ,301577,2.11,922,2202
SZ,920786,-4.02,921,1394
SZ,920436,-1.14,918,978
SZ,920169,2.29,908,1443
SZ,920028,2.58,903,2285
SZ,920223,-0.62,902,1736
SZ,920924,-1.21,896,1471
SZ,920206,-0.3,895,2325
SZ,300904,4.92,893,2962
SZ,301105,0.04,891,2249
SZ,920873,4.21,890,1140
SZ,920020,1.85,889,3597
SZ,301386,2.98,886,2757
SZ,920726,-1.79,884,1602
SZ,920770,3.87,879,1396
SZ,300417,6.59,879,1414
SZ,301459,3.85,874,3486
SH,603205,1.84,870,3282
SZ,920195,-0.15,870,1205
SZ,920694,0.29,867,1825
SZ,920220,1.98,863,2756
SZ,920541,-0.3,860,1305
SZ,001225,-3.83,858,2675
SZ,920227,-3.41,856,1880
SZ,920748,4.01,851,1773
SZ,920012,-1.64,849,2170
SZ,920156,0.57,841,4032
SZ,920693,-0.77,840,1668
SZ,301170,2.7,838,2206
SZ,301598,2.43,837,2810
SH,688638,4.64,836,1770
SZ,920275,-1.85,835,1009
SH,603376,0.81,834,10420
SZ,301399,1.88,831,2812
SZ,920266,0.29,831,869
SZ,920926,-2.64,824,908
SZ,301037,4.68,822,1681
SH,688573,3.91,820,1505
SZ,920161,-1.5,819,3018
SZ,920027,0.53,818,1170
SZ,920000,-2.73,818,1302
SZ,920122,-0.94,818,2018
SZ,920367,-0.96,816,1377
SZ,920855,-0.48,814,907
SZ,301049,1.95,807,1777
SH,603073,5.18,806,1836
SZ,920433,-0.2,801,1211
SZ,920221,-2.48,798,1533
SZ,920378,-0.96,797,1114
SZ,301449,-3.5,797,3544
SZ,920556,1.34,791,1092
SZ,920519,-1.18,789,887
SZ,920976,-6.29,788,1267
SZ,920663,-1.36,787,1640
SH,603075,1.04,783,7432
SZ,001335,2.1,782,2869
SZ,920974,0.83,777,991
SZ,001396,4.59,776,3652
SZ,920193,3.64,776,3428
SZ,920006,-3.95,776,1465
SZ,001306,2.94,775,3147
SZ,920689,3.67,772,1494
SZ,920260,-0.76,769,806
SZ,920092,-3.8,759,1457
SZ,920299,2.21,756,1500
SZ,920832,-0.64,753,844
SZ,920833,0.46,751,994
SZ,920395,-0.41,748,1086
SZ,920058,-3.42,746,1516
SZ,920639,1.46,745,1264
SZ,920242,1.6,738,1319
SZ,920263,1.28,732,1008
SZ,920781,11.17,731,938
SZ,301533,2.56,728,2517
SH,603284,0.31,725,2960
SZ,301429,3.79,724,1945
SZ,920078,1.25,724,2227
SZ,920870,-1.16,723,1469
SZ,920445,8.25,723,991
SZ,920943,3.95,722,1415
SZ,301552,-1.55,722,2889
SZ,920768,-0.58,720,1041
SZ,920363,-0.38,715,1258
SZ,001325,1.34,711,2844
SZ,920370,-0.36,711,814
SZ,920685,-7.88,708,1111
SZ,920375,2.51,705,1180
SZ,001220,3.15,702,2809
SZ,920720,0.75,699,2501
SZ,920942,-2.09,695,1026
SZ,301314,5.76,690,2089
SZ,920564,-1.12,689,1498
SZ,301353,3.7,687,2138
SZ,301567,2.18,687,2328
SZ,920925,-3.65,684,1219
SZ,920706,1.99,683,1355
SZ,920181,2.61,677,2920
SZ,920547,-1.76,672,1382
SZ,920634,-0.95,670,1056
SZ,920245,-0.78,669,869
SZ,920008,-2.18,668,1250
SZ,920346,-0.86,667,1199
SZ,920079,-0.59,666,6157
SZ,920187,-1.12,665,1813
SZ,920866,-0.16,664,1049
SZ,301575,1.49,663,3300
SZ,920478,-0.09,659,1083
SZ,301578,0.05,658,2316
SZ,920627,-0.2,658,1327
SZ,920061,1.21,657,1182
SZ,920101,-0.58,657,2104
SZ,920163,-6.32,656,1391
SZ,920964,0,656,1160
SZ,300784,2.13,654,2188
SZ,920608,-0.21,650,840
SZ,920108,-1.21,650,1534
SZ,920579,0.55,649,1887
SZ,920765,-2.94,643,1059
SZ,920300,1.7,636,821
SZ,920175,0.25,633,951
SZ,920422,0,632,844
SZ,920475,0.81,631,1134
SZ,920204,-0.7,630,1189
SZ,920527,-1.81,629,811
SZ,920570,0.7,624,1229
SZ,920278,-0.63,616,1089
SZ,920553,0.77,615,943
SZ,920065,-2.28,611,3502
SZ,920118,0.57,609,1004
SZ,920578,1.82,594,1280
SZ,920014,0.34,593,1077
SZ,920471,-0.62,583,915
SZ,920719,-0.37,582,729
SZ,920086,-1.02,578,1768
SZ,920675,0.55,577,1257
SZ,301287,2.36,577,2257
SZ,920580,-1.31,574,901
SZ,920469,2.03,573,781
SZ,920057,-0.19,572,890
SZ,920641,0.56,570,944
SZ,920112,-1.44,568,1936
SZ,920810,5.57,568,873
SZ,920992,-0.68,568,1120
SZ,920455,0,564,1029
SZ,920679,-1.55,562,844
SZ,920906,1.38,562,1095
SZ,920090,6.53,558,748
SZ,920856,-2.95,556,997
SZ,920146,0.8,547,680
SZ,920096,1.87,546,2325
SZ,920454,1.47,545,1165
SZ,920665,0.24,544,1102
SZ,920075,-3.25,542,1000
SH,688121,-3.25,541,624
SZ,920271,0,540,1219
SZ,920896,1,538,1226
SZ,920176,2.33,537,3973
SZ,920262,-1.7,531,1141
SZ,920198,-1.95,528,1210
SZ,920117,0.54,527,2344
SZ,920005,-0.44,524,2023
SZ,920374,-0.46,522,1280
SZ,920834,-0.11,521,996
SZ,920703,-0.61,510,1445
SZ,920729,-0.29,509,1796
SZ,920050,2.76,505,1888
SZ,920056,0.43,502,1328
SZ,920149,-1.12,500,605
SZ,920023,2.2,500,609
SZ,920069,-0.17,498,1783
SZ,920871,0.38,496,894
SZ,920662,-4.57,495,1604
SZ,920508,-0.5,493,928
SZ,920753,0,492,1224
SZ,920826,-2.23,492,1104
SZ,920080,1.49,484,1748
SZ,920212,-1.26,483,993
SZ,920082,-1.87,478,1699
SZ,920145,0.2,478,690
SZ,920779,-4.34,476,1902
SZ,920407,0.57,474,1165
SZ,920076,0,463,1473
SZ,920414,2.1,463,658
SZ,920267,-5.35,461,805
SZ,920166,-0.3,461,1459
SZ,002731,0,452,505
SZ,920351,-1.21,452,998
SZ,920950,-0.62,451,926
SZ,920177,-0.03,451,1272
SZ,920718,-1.02,448,874
SZ,920168,-0.61,448,1196
SZ,920656,-0.93,443,1369
SZ,920158,-1.43,440,1645
SZ,920091,1.58,438,1855
SZ,920016,0.16,432,972
SZ,920427,-2.77,428,866
SZ,920128,0.86,426,1425
SZ,920136,-0.04,426,1622
SZ,920188,-0.18,426,1784
SZ,920110,-0.14,423,1016
SZ,920970,-0.65,420,664
SZ,920055,-1.26,416,1850
SZ,920180,0.09,415,1374
SZ,920159,-1.51,402,2122
SZ,920957,-1.7,392,986
SZ,920036,-0.26,389,1619
SZ,920007,-1.13,386,1615
SZ,920802,0.57,383,867
SZ,920072,0.58,379,2007
SZ,920717,-2.01,366,947
SZ,920035,-1.1,365,1609
SZ,920895,0.08,362,711
SZ,920009,-0.07,357,2750
SZ,920011,0.26,357,1586
SZ,920218,0.42,351,1559
SZ,920191,-0.67,350,1556
SZ,920183,-0.09,332,1445
SZ,920121,0.25,331,1841
SZ,920066,0.36,331,1046
SZ,920003,-1.24,323,1505
SZ,920222,11.6,323,2390
SZ,920022,0.26,319,1158
SZ,920132,-0.23,310,914
SZ,301139,19.94,289,461
SZ,920504,-1.52,286,726
SZ,920931,-0.3,280,914
SH,688496,4.55,219,414
