market,code,chg_pct,vol_rank,amt_rank
SH,601288,0,2221940,2435882
SH,601398,-0.12,2146113,2836994
SH,601857,-0.26,1792477,2026042
SZ,300750,-0.52,1656320,1798843
SH,600519,-0.37,1643857,1643857
SH,601988,0,1285670,1965496
SH,601138,-0.14,1150759,1150759
SZ,300308,1.97,1027682,1032585
SH,601628,-0.26,834815,1133132
SH,600036,0.66,822063,1005011
SH,601088,0.04,749683,986002
SH,688256,2.3,725050,725050
SH,600900,0.14,712270,712270
SZ,000333,0.82,592358,656389
SH,601318,-0.71,573618,974372
SZ,002371,-0.33,516699,517112
SZ,300502,1.16,516272,573904
SH,601728,0.16,489844,577410
SZ,002475,0.38,441922,466066
SH,601166,0.32,394899,394899
SH,601658,0.19,377870,625695
SH,688012,0.49,362623,368645
SH,600030,-0.17,341430,415568
SH,600276,0.02,340001,353763
SZ,002415,0.36,328102,332410
SH,601998,0.77,319174,435702
SH,603259,1.86,309927,373895
SH,600000,0.54,307746,307746
SZ,000858,0.44,291618,291625
SH,688981,-0.79,271141,1160845
SH,600183,-3.11,264931,266826
SH,601319,-0.39,264458,329469
SZ,300059,0.51,260656,308849
SH,600150,2,257075,257075
SH,601211,-0.57,254687,332658
SH,601816,0,248542,248542
SH,603986,-5.15,247656,259975
SH,601225,0.9,238691,238691
SH,688008,0.18,235833,251443
SH,600309,0.16,232657,232657
SZ,000651,0.61,226678,229938
SZ,000001,0.36,218119,218123
SH,601601,0.06,217125,305157
SH,600919,0.86,214160,214160
SH,688825,0.64,212994,3163466
SZ,002142,0.57,211182,211315
SH,603288,0.54,206910,217746
SH,688072,0.19,201097,206777
SZ,000725,1.43,200178,209671
SZ,002916,-5.58,199662,204575
SZ,300394,0.3,198206,198650
SZ,002463,-2.78,197665,197825
SH,601919,0.71,195129,237267
SH,601668,0.43,192553,192553
SZ,002938,-2.23,189673,190223
SH,600406,0.34,189313,189871
SH,600025,0.4,186497,186497
SH,601328,0.28,185896,630034
SZ,300760,0.94,184072,184230
SZ,300476,-0.78,180410,204930
SH,600989,1.66,171014,171014
SZ,300274,-4.59,169739,221668
SH,600887,1.17,169244,170089
SH,600031,0.51,167793,182061
SH,601985,0,167117,182027
SZ,300433,-0.94,166684,177049
SZ,002352,0.4,166625,182811
SH,601066,0.75,166484,198804
SZ,003816,0.5,158914,204015
SH,600809,0.68,155070,155070
SH,688498,0,150666,152637
SH,600176,0,149292,150478
SH,601818,0.31,148038,188483
SH,601688,-0.49,146062,180447
SH,601766,-0.16,145724,171906
SZ,300124,1.07,142932,160561
SH,601009,0.79,141934,141934
SH,600111,0,140951,140951
SH,601100,-0.22,138855,138855
SH,600050,0,137597,138814
SH,688082,-0.55,136249,137728
SZ,000063,0.24,135731,161205
SH,603019,0.34,135201,135207
SH,601229,0.96,134418,134418
SZ,002281,-0.92,134122,142357
SZ,002050,0.73,132287,150815
SZ,000338,0.46,130403,227324
SZ,002714,0.71,129842,228495
SH,601872,-0.73,129758,129758
SH,688506,2.01,129308,129308
SH,600999,0.06,129291,151493
SZ,000568,0.76,128953,129027
SH,603256,-1.65,128599,132232
SH,600019,0.5,128485,130693
SH,688120,-0.23,127738,127738
SH,688361,-2.14,127119,127119
SH,601898,1.02,126847,183765
SH,600016,0.56,126600,156303
SH,601600,2.14,126224,164002
SZ,301165,-2.2,125674,125674
SZ,000776,-0.04,125638,166513
SZ,000408,0.24,124884,124886
SH,600487,0.98,123909,124553
SH,600760,0.55,123651,123886
SH,600104,1.13,122999,122999
SH,600018,0.39,120418,120590
SH,600188,1.26,119525,201239
SH,601869,-4.06,117838,240092
SH,600926,0.62,117144,117144
SZ,000977,-1.41,115469,115598
SH,600346,0.31,115441,115441
SZ,000938,-3.92,113974,113974
SH,688347,-0.52,113966,485695
SZ,300014,-0.54,113609,116880
SH,600660,0.6,113489,147868
SH,600886,0.4,113005,121348
SH,688111,0.49,112486,112486
SH,603501,0.72,111577,116269
SH,601888,1.91,110452,117541
SH,600015,0.99,110019,113792
SZ,002493,0.43,110002,117676
SH,600905,0.26,109777,109777
SH,688521,-0.02,107997,107997
SH,601169,0.2,107829,107829
SH,601698,0.72,106328,106328
SH,605117,-0.99,104876,104876
SZ,000166,0.43,104339,115935
SH,600489,-0.13,103296,103296
SH,600160,-0.56,103184,103184
SH,601633,0.73,102944,141559
SZ,300857,-1.01,102747,103275
SH,600089,0.4,102723,102723
SH,601939,0.19,102268,2788660
SH,601995,0.66,102178,168713
SH,600522,-0.22,102013,102013
SZ,301200,0.01,100501,115572
SZ,000988,-0.9,100157,100208
SH,688525,0.57,99510,99510
SZ,000100,-0.19,98580,101924
SZ,002028,0,98505,126206
SZ,002156,-6.51,97876,97885
SH,601006,0.2,97527,97527
SH,600938,2.55,96039,1526662
SH,600547,-0.1,96036,122486
SZ,002353,1.9,95709,141804
SH,605499,3.33,94413,102538
SZ,300033,0.62,94390,162043
SZ,301308,0,93005,139602
SH,601390,0.44,92880,112108
SH,600893,0.67,92773,92789
SH,688271,0.71,92116,92116
SZ,000538,0.29,91448,92032
SZ,000807,1.8,90374,90375
SH,601127,2.99,89695,100338
SZ,002008,-0.53,89607,96433
SH,601881,0.41,89601,135259
SZ,000895,0.43,89411,89423
SZ,002001,0.86,89405,90482
SH,600362,0.35,88613,147859
SZ,000617,1.31,88115,88115
SH,601168,-0.15,87694,87694
SZ,002230,0.58,87686,96179
SH,600941,0.24,87189,2094211
SH,600795,0.41,86859,86859
SZ,002600,0.17,86759,97849
SZ,002602,0.8,85776,93018
SH,601727,-1.6,85029,104740
SZ,300498,1.35,84729,94818
SH,600673,-0.66,84044,84268
SH,603893,-0.46,83978,83989
SZ,002648,0.85,83657,83711
SH,600436,0.72,82648,82648
SH,688249,-0.21,82111,90952
SZ,001289,-0.18,81528,135178
SZ,002311,1.14,80386,80464
SH,601689,0.44,79593,79593
SH,600236,1.61,79533,79533
SZ,000425,0.8,79475,103410
SH,600674,0.31,79359,79359
SH,601825,0.72,78933,81206
SH,600011,-0.13,78634,112241
SH,601838,0.49,78369,78369
SZ,002027,0.56,77699,77699
SZ,000657,-1.05,77593,121700
SZ,000301,1.47,77384,77418
SH,600039,1.03,76782,76782
SH,688036,0.91,76208,76208
SZ,002080,-3.73,75516,75516
SH,688183,-0.49,74479,74479
SH,688396,-0.08,74406,74406
SH,601991,0,73633,109930
SZ,000708,0.83,73385,73386
SH,600066,0.61,73171,73171
SZ,301217,0.31,72895,72895
SH,600549,-0.27,72817,74394
SZ,002241,1.14,72697,82093
SH,601800,0.98,72447,100201
SH,603195,0.37,72295,72426
SH,601186,0.64,72240,85280
SH,688200,0.97,72077,72077
SH,600585,0.67,71912,95409
SZ,001965,0.48,71688,71688
SH,688702,-2.2,71658,144734
SH,600023,0.19,71603,71603
SH,688126,-0.5,71536,83187
SH,601111,0,70876,124800
SZ,300015,1.39,69546,81278
SH,600118,1.14,69294,69294
SH,600029,-0.18,69137,92961
SZ,002179,-0.08,68931,69056
SH,600010,0.46,68274,98593
SZ,000630,0,67749,81530
SH,600958,0.22,67748,77065
SH,601179,-2.22,67354,67354
SH,688002,0.66,67265,67265
SH,603296,-0.17,67090,127376
SH,601018,0.29,66534,66534
SZ,300757,0.86,66244,68299
SZ,002625,0.46,65973,65973
SH,688172,-1.52,65632,78162
SZ,002466,-0.24,65419,75947
SH,601958,0.3,65274,65274
SH,688037,-2.72,65245,65245
SH,600415,0.42,65145,65145
SZ,300475,-1.82,65062,67882
SH,688629,0.6,63907,64914
SH,601916,1.03,63556,81021
SH,600482,0.55,62717,62717
SH,600233,0,62488,62488
SH,601669,0.21,62482,82341
SH,688777,-0.17,62307,62623
SH,600988,0.24,62197,71037
SZ,001979,0.72,61999,63022
SH,600115,0.28,61971,80399
SH,600026,1.65,61363,87704
SZ,000625,1.23,61177,73356
SZ,002304,0.5,60738,60740
SH,600048,0.6,60690,60690
SZ,000021,-2.9,60463,60472
SZ,002202,-0.32,60308,75733
SZ,002837,-3.62,60061,67706
SH,600703,-0.82,59968,59968
SH,600009,0.54,59947,60143
SZ,002128,1.34,59290,82695
SZ,002460,-0.62,59023,102172
SZ,001309,-1.22,58916,80984
SZ,300661,2.53,58602,66758
SZ,002422,-0.3,58528,71697
SH,600426,1.48,58291,58299
SH,601077,0.46,58244,74843
SZ,000703,-0.06,58139,58432
SZ,000768,0.72,57972,58059
SZ,002185,-0.33,57847,57861
SH,601901,0.57,57707,57707
SH,601061,2.09,57526,57526
SZ,000933,1.51,57268,57305
SH,601788,0.21,56530,66718
SH,688019,-1.97,56418,56418
SH,600875,0,56313,86044
SZ,002595,1.1,56159,56550
SZ,000975,0.59,55688,61190
SZ,000426,-0.05,55440,55453
SH,600350,0.35,55404,55404
SH,601231,-0.42,55208,55208
SZ,002709,-2.24,55003,74306
SZ,300759,2.57,54941,71085
SZ,002064,-0.08,54323,54439
SH,688017,1.01,54266,54266
SZ,002049,-0.18,53707,53714
SZ,000157,0.53,53588,65556
SH,600096,-0.06,53559,53559
SH,688409,-3.84,53281,53281
SZ,300223,-0.82,53150,60961
SZ,000636,6.21,53072,53072
SZ,002532,1.33,53061,59803
SH,688578,1.33,53055,53055
SZ,300620,-0.33,52868,53312
SZ,300765,-3.64,52644,52644
SH,601377,0.33,52420,52420
SH,601059,0.37,52407,52407
SH,688141,0.02,51832,51832
SH,600219,0.89,51791,51791
SH,600885,0.3,51659,51659
SH,688519,2.26,51505,51505
SH,688585,2.05,51279,51279
SZ,300054,-3.24,51271,65765
SZ,002821,2.38,51076,58122
SZ,300450,-0.84,51071,54831
SZ,000963,0.66,51013,51034
SZ,000960,0.26,51008,51008
SH,601233,1.04,50865,50958
SH,603659,-1.08,50817,50817
SH,600438,0.45,50602,50602
SZ,002920,0.78,50421,50436
SZ,002851,-7.61,50091,63508
SH,600460,-0.82,49789,49789
SZ,000831,-0.1,49591,49591
SH,600895,2.93,49481,49481
SZ,300285,2.27,49257,57530
SZ,001872,0.28,49222,53068
SZ,301269,0.25,49101,49101
SH,688147,-1.82,49010,49010
SH,600879,1.3,48929,48929
SH,688432,-3.07,48462,48462
SZ,300666,-2.01,48316,60302
SH,600196,0.75,48280,60859
SZ,301358,0.06,48237,53500
SZ,002409,-9.07,48199,72017
SH,601298,0.22,48097,57901
SH,688110,0.94,47334,47334
SZ,300316,-0.22,47255,50247
SH,600418,2.91,47109,48623
SZ,002074,0.26,47083,49197
SZ,002558,0.77,46982,46982
SH,600377,0.41,46919,62166
SZ,300567,-1.38,46881,57762
SH,603129,1.26,46694,46694
SH,688766,1.25,46674,46674
SZ,002414,-0.21,46663,58637
SH,601117,0.39,46574,46708
SZ,000783,0.72,46563,46563
SZ,002436,-4.53,46555,52129
SZ,000066,-0.34,46190,46193
SH,688048,-0.75,46164,46164
SH,601607,0.24,45994,61151
SH,603156,-1,45862,45862
SH,688729,1.12,45769,77377
SH,600580,1.14,45763,45895
SH,601058,0.36,45705,45705
SH,600105,-1.57,45585,45585
SZ,300373,-0.85,45578,45679
SZ,002428,-2.08,45484,45490
SH,688313,0.01,45294,45294
SH,603979,1.53,45250,45250
SH,600930,0.24,45121,175200
SH,600378,-0.91,45048,54180
SZ,300803,0.58,45001,45332
SH,688009,0.19,44916,55173
SH,600497,0.11,44910,44910
SZ,300418,1.12,44698,48870
SH,601699,0.68,44333,44333
SH,600498,-1.21,44252,47264
SH,688627,-1.45,43880,43880
SH,600726,-4.1,43581,46100
SH,601198,0.52,43476,43476
SH,688220,-1.04,43294,43294
SZ,300548,-0.54,43207,43295
SH,600027,0.65,43037,54227
SH,601878,0.21,42994,42994
SH,688331,0.94,42967,68149
SH,600352,3.29,42944,42944
SH,688223,0.72,42823,42823
SZ,002812,-0.51,42817,51078
SH,688469,-0.67,42791,61110
SH,688375,-0.48,42430,42430
SH,688047,-0.56,41864,41864
SZ,000999,0.48,41750,41789
SH,600642,0.36,41500,41502
SZ,301526,2.04,41373,111090
SZ,300058,0.85,41283,42616
SZ,002636,-1.25,40996,41205
SH,600570,1.27,40884,40884
SH,600061,0.63,40794,40794
SZ,000893,-1.04,40590,46203
SH,600601,-1.01,40494,41498
SH,688099,0.13,40385,40385
SH,688188,0.36,40308,40308
SH,600995,0.56,40238,40238
SH,603083,-6.77,40181,53691
SZ,002078,0,40133,40381
SH,688728,-0.18,40047,40075
SH,600021,-0.13,39986,39986
SH,688146,-0.28,39867,145588
SH,600985,1.17,39591,39591
SZ,002236,0.67,39406,53877
SH,688187,0.22,39405,60347
SZ,300395,0.76,39302,40313
SH,601216,0.87,39237,39237
SH,688234,-0.27,39215,44226
SH,601555,0.38,39054,39054
SH,601208,-1.07,38912,38912
SH,601238,1.35,38912,53739
SH,600600,0.55,38818,74676
SZ,002195,1.17,38805,39156
SH,601665,0.96,38708,38708
SH,601456,0.34,38693,50216
SH,600968,1.88,38526,38526
SH,601136,0.65,38239,38239
SH,603650,-3.88,38227,38320
SZ,000987,0.53,38101,38130
SH,688336,0.71,38045,38045
SZ,002203,2.26,37982,39349
SH,600845,1.48,37965,50842
SH,603260,-0.36,37937,37937
SH,600143,0.49,37810,38362
SH,601577,0.86,37754,37762
SH,600901,0.93,37580,37589
SH,600909,0.4,37430,37430
SZ,301377,1.49,37404,160437
SZ,300390,-1.13,37371,46181
SH,601108,0.5,37197,37197
SZ,002294,1.46,37182,37190
SZ,300866,1.82,37079,70685
SZ,300919,0.37,36972,42217
SH,688303,0.17,36898,36898
SH,600667,-4.13,36832,36832
SZ,000596,-0.52,36762,47558
SZ,300972,-1.36,36695,39940
SH,603087,1.07,36627,39027
SZ,002850,0.49,36240,49493
SH,600578,0,36218,36218
SH,600060,0.91,36197,36330
SH,601808,1.5,36118,58213
SH,603806,-0.57,36027,36027
SH,603298,1.7,35941,35941
SZ,002945,1.84,35910,35910
SZ,000983,0.48,35879,35879
SZ,002966,0.49,35867,36481
SH,603929,3.19,35778,35778
SH,603629,-4.5,35668,36262
SH,605376,-0.35,35578,35578
SZ,002273,-0.07,35523,36268
SH,601212,0.21,35469,35469
SH,601777,1.82,35355,35355
SZ,000811,-7.69,35301,35809
SH,600085,0.78,35233,35233
SH,600206,-4.59,35132,35132
SH,688472,0.63,35083,35083
SH,600177,1.17,35037,35970
SH,600392,-0.64,35004,35004
SH,603379,-0.63,34980,34980
SH,688808,-2.2,34908,185731
SZ,300115,0.35,34856,34959
SH,603268,1.25,34824,144937
SZ,002155,-0.17,34797,34800
SZ,002653,0.67,34752,72503
SH,600256,2.65,34645,34645
SZ,300001,0,34576,35385
SH,600141,-0.13,34502,34502
SH,688295,0.08,34353,34353
SZ,002129,-0.57,34338,34366
SH,600157,0.64,34254,34254
SZ,001203,-0.86,34216,40167
SZ,003031,0,34108,45227
SZ,002056,0.19,34077,34112
SH,603369,0.89,34000,34000
SZ,002444,0.17,33874,35285
SZ,002429,-0.26,33752,33771
SZ,302132,0.97,33693,153619
SZ,000786,1.27,33689,33943
SZ,002032,1.45,33650,33666
SZ,000423,1.19,33608,33668
SH,603486,0.05,33312,33617
SH,600588,1.68,33111,33111
SH,600298,1.85,33103,33516
SZ,300832,1.7,33097,38068
SH,601126,-0.44,33078,33399
SZ,002601,0,33014,39602
SZ,002340,0,32994,33165
SZ,300458,3,32967,40232
SH,600711,0.38,32946,32946
SH,603606,1.84,32926,32926
SZ,000688,-0.21,32791,32791
SH,688775,-1.02,32677,50522
SH,688122,0.04,32535,32535
SH,601236,0.58,32524,32524
SZ,300751,-0.47,32295,46705
SZ,000661,0.78,32049,32717
SH,603568,1.04,31874,31874
SH,603225,0.9,31836,32007
SZ,300037,-1.03,31806,43854
SZ,300251,1.24,31667,33472
SZ,002138,-0.37,31410,33478
SZ,000729,1.13,31395,35260
SH,601162,0.83,31297,36669
SH,600869,-2.28,31293,31293
SH,600109,0.6,31273,31273
SH,601696,0.72,31253,31253
SH,603699,1.11,31198,31903
SZ,000728,0.56,31157,31157
SZ,000876,0.58,31050,31069
SZ,002126,0.23,31043,33060
SH,600839,0.9,31013,31021
SZ,002432,-0.62,30992,31033
SZ,000800,0.8,30952,30955
SH,600282,1.01,30887,30887
SH,688676,0.03,30884,30884
SH,601611,-0.09,30862,30862
SZ,300782,0,30835,39553
SZ,300207,0.06,30834,33236
SH,605358,-0.56,30826,30826
SH,688617,2.23,30824,30824
SH,688433,0.67,30749,30749
SZ,300454,3.9,30672,45961
SH,600332,0.41,30634,35426
SZ,000878,0.39,30615,37057
SZ,002261,0.38,30612,33654
SH,688362,-1.44,30579,30579
SH,600348,0.83,30556,30556
SH,688599,0.15,30547,30547
SH,600483,1.01,30470,30470
SH,600707,-1.39,30423,30430
SH,600863,0,30415,36512
SZ,300017,0.47,30345,32344
SH,605589,-0.79,30292,30309
SZ,000027,0.63,30162,30162
SZ,000883,0.65,30065,32848
SH,603338,1.74,29986,29986
SH,600562,0.84,29978,29978
SH,688213,-0.1,29828,37093
SH,600871,1.85,29803,41706
SH,600499,2.58,29784,29784
SH,688027,-0.64,29784,38116
SH,603198,-0.15,29504,29504
SH,600733,1.72,29500,33810
SZ,002939,0.49,29398,32921
SH,600398,1.33,29297,29297
SZ,002673,0.46,29276,29276
SH,603308,0.14,29240,29240
SH,600563,-1,29219,29219
SH,603766,0.07,29201,29201
SZ,000958,0.19,29124,99092
SZ,300870,3.85,29101,29105
SH,688300,1.41,29083,29083
SZ,000959,0,28987,30167
SZ,002517,0.59,28827,32602
SH,688608,0.07,28777,28777
SH,603127,0.11,28636,34185
SH,600517,0.4,28592,28592
SZ,300672,-0.27,28572,29491
SH,601990,0.45,28522,29653
SH,600801,-0.41,28457,44095
SZ,000629,0.66,28429,28430
SZ,002025,1.36,28349,28358
SH,600699,0.5,28011,31124
SZ,300347,2.83,27995,42552
SH,688668,-0.61,27961,27961
SH,688322,-0.68,27959,36040
SZ,300628,0.37,27939,48764
SH,601933,1.29,27935,27935
SZ,301236,0.74,27932,36801
SH,601001,0.85,27834,27834
SH,688052,1.48,27820,31718
SZ,300339,1.1,27771,28440
SH,688025,-0.29,27676,27676
SH,601000,0.43,27674,27674
SH,688180,0.9,27621,37002
SH,688169,1.11,27544,27544
SZ,000060,0.16,27446,27446
SZ,300748,0.25,27415,33372
SH,600079,0.91,27391,28972
SH,601799,1.91,27377,27377
SH,603939,0.45,27364,27364
SH,603179,0.39,27247,27247
SZ,002608,0.56,27127,27127
SH,601880,0.68,27067,34650
SZ,002797,0.31,27021,27021
SH,600369,0.5,26979,26979
SZ,301511,-0.79,26925,45301
SZ,002472,0.93,26919,30566
SH,600536,1.53,26879,29750
SH,688301,-0.73,26806,26806
SZ,000582,0.98,26766,31237
SH,600637,-0.49,26727,26727
SH,688297,0.9,26514,26514
SH,688568,0.34,26481,26481
SH,688411,5.32,26455,36409
SZ,002378,-0.08,26424,26563
SH,600777,1.22,26420,28222
SH,600515,1.06,26243,32676
SH,600641,-1.9,26225,26683
SH,600737,1.16,26222,26222
SH,688065,1.59,26106,32278
SH,601155,0.7,26052,26052
SZ,000877,0.83,26024,26024
SZ,000951,1,26022,26022
SZ,000932,1.07,25971,25971
SZ,300432,-0.51,25868,26159
SH,600153,0.79,25835,25835
SH,600312,0.37,25754,25754
SH,688385,-1.21,25745,39316
SH,603345,0.81,25619,29113
SH,600998,1.2,25616,25616
SZ,002240,-1.54,25589,25656
SZ,002223,0.93,25583,27217
SH,600299,0.61,25408,25408
SZ,002245,-1.55,25400,26998
SH,600704,0.41,25390,25390
SH,600595,1.28,25330,25330
SH,601918,0.72,25258,25258
SH,600918,0.36,25232,43788
SH,603444,0.65,25227,25227
SH,600732,0.25,25221,25340
SH,600331,2.73,25197,32756
SH,600862,0.56,25131,25131
SZ,000737,0,24988,24990
SZ,002487,-1.36,24928,29241
SH,600583,2.18,24892,24892
SZ,003022,0.27,24887,24908
SZ,002222,-8.96,24887,24998
SH,600095,0,24761,24761
SH,601928,1.15,24686,24686
SZ,000967,-0.67,24679,24690
SH,688192,-0.18,24675,24886
SZ,002046,-1.31,24648,24928
SH,603049,0.47,24623,42640
SH,688167,-1.42,24570,24570
SZ,002244,0.11,24570,27723
SH,688387,1.76,24544,41606
SZ,300438,-0.87,24537,30558
SH,600566,0.91,24518,24601
SH,688548,-1.08,24503,46773
SZ,300558,0.5,24501,24579
SH,600295,0.49,24497,34705
SH,600161,0.81,24460,24460
SH,603688,1.03,24419,24419
SH,600323,0.54,24403,24403
SH,688127,0.07,24354,24354
SZ,002747,2.5,24333,30099
SZ,002152,1.34,24325,24337
SH,600546,1.07,24285,24285
SH,600166,0.66,24227,24227
SH,600521,0.62,24166,24166
SZ,000981,1.2,24164,25394
SH,600208,1.07,24163,24165
SH,601606,-0.56,24160,24160
SZ,002465,0.31,24085,24123
SZ,000738,1.16,24068,24068
SZ,002459,0.83,24007,24029
SH,601717,0.78,23981,27763
SZ,300570,-0.21,23972,28330
SH,603061,-0.71,23956,23956
SH,603067,5.15,23927,23927
SH,603605,0.25,23921,23921
SZ,000921,0.31,23916,35854
SZ,000830,0.24,23859,23861
SH,603885,0.09,23859,23859
SH,600535,1.21,23784,23784
SZ,002131,0.25,23712,27426
SH,688248,0.48,23644,23644
SH,688278,0.52,23630,23630
SH,601866,0.41,23596,31969
SH,601399,0.62,23516,23516
SH,600259,-0.83,23510,23510
SZ,301536,5.65,23495,52929
SZ,300255,0.12,23464,23500
SH,600246,-0.87,23441,24093
SZ,300024,0.54,23368,23375
SH,603920,-1.24,23347,23347
SH,688318,0.4,23332,23332
SH,603160,0.18,23322,23322
SH,600100,0.87,23318,23318
SH,600663,0.14,23257,37109
SH,600396,-4.75,23254,23254
SH,600873,0.98,23219,23219
SZ,002841,0.05,23174,31079
SH,600884,0,23141,28365
SH,601228,0.66,23086,23086
SH,688018,-0.45,23073,23073
SZ,000962,-0.38,23066,24179
SH,603823,-9.99,23042,23042
SZ,002603,0.78,23029,27951
SH,601128,0.96,22984,22984
SZ,000155,-1.73,22966,22966
SZ,000739,1.38,22951,22960
SH,600977,1.49,22927,22927
SZ,002015,0.21,22905,22905
SZ,300814,-1.03,22905,22905
SH,601963,0.27,22903,40826
SH,601099,0.6,22903,22903
SZ,000415,0.95,22812,26161
SH,688349,0.48,22804,23199
SH,688333,-0.6,22771,22771
SZ,002180,0.3,22771,23802
SZ,300236,-2.29,22752,25597
SZ,300383,0.32,22752,22793
SH,688778,1.12,22726,22726
SZ,920185,-0.72,22725,23105
SH,603301,0.33,22714,22714
SH,689009,0.93,22652,29647
SH,605090,1.2,22637,22660
SH,600486,1.52,22626,22626
SH,603663,0.34,22612,22627
SZ,000547,0.21,22566,22698
SZ,301396,-0.51,22527,34214
SH,603596,1.87,22513,22513
SZ,002157,0.7,22506,26733
SZ,300677,5.19,22480,31611
SZ,002536,-8.35,22435,23687
SH,688343,-0.52,22425,22425
SH,600330,-1.93,22424,22424
SH,688425,0.72,22401,22401
SZ,000062,-0.08,22350,22372
SZ,002379,1.55,22318,255931
SZ,002430,0.18,22219,22228
SH,600098,0.64,22157,22157
SZ,301018,-0.7,22094,29239
SH,600390,0.61,22086,22086
SH,688403,-1.02,22037,22037
SZ,000034,0.43,22027,26374
SZ,000887,0.36,21989,22025
SZ,002271,0.26,21978,27422
SZ,000750,0.53,21910,24140
SH,600132,1.28,21905,21905
SZ,001389,-4.86,21851,67796
SH,603565,0.48,21820,21820
SH,688001,-1.71,21782,21782
SH,600012,-2.19,21750,31882
SZ,002266,0.45,21743,23435
SZ,000733,0.46,21726,21729
SZ,000598,0.83,21721,21724
SZ,000709,0.96,21704,21708
SZ,300896,0,21608,31981
SZ,300496,0.95,21564,26941
SH,601567,0.92,21514,21514
SH,603233,0.27,21513,21513
SZ,002085,0.5,21509,21509
SH,600598,1.17,21492,21492
SH,600745,-0.23,21401,21401
SH,601016,0.85,21375,23167
SZ,000623,0.56,21322,21407
SH,600685,1.45,21308,36666
SH,688819,0.46,21270,21270
SH,688102,0.44,21261,21323
SZ,002545,-0.84,21213,23351
SH,600388,0.18,21210,21210
SH,600008,0.35,21141,21141
SZ,002498,-2.9,21125,21125
SH,603899,0.79,21100,21100
SZ,002396,-1.72,21086,21174
SH,688195,0.53,21055,21055
SZ,000683,0.32,21022,23379
SZ,000564,2.21,20982,25101
SZ,002895,-0.53,20979,21201
SH,603737,0.68,20948,20948
SZ,002423,0.55,20921,20921
SH,600765,0.75,20834,20834
SZ,300738,-0.74,20821,20827
SH,605111,-1.27,20758,20758
SH,600126,0.82,20736,20736
SH,600329,0.33,20727,28147
SH,600170,0.43,20704,20704
SH,603881,0.33,20698,20698
SZ,300699,0.48,20683,20933
SH,601997,0.53,20658,20658
SH,601608,0.22,20654,20654
SZ,002007,0.77,20566,23862
SH,600688,1.45,20521,29519
SH,600970,1.16,20503,20503
SZ,003035,0.19,20492,20492
SZ,300073,-0.21,20482,22033
SZ,300474,0.28,20450,26293
SH,600550,-0.53,20441,20441
SH,600353,-1.39,20438,20438
SH,600516,0.6,20412,20412
SH,603077,0.43,20401,20401
SH,601069,0.39,20396,20944
SZ,002948,0.52,20394,33700
SH,601106,0.34,20368,20368
SZ,000158,0.95,20341,20478
SH,601118,0.42,20327,20327
SZ,002468,0.29,20322,21248
SZ,300003,-0.61,20305,23706
SZ,001896,-1.62,20262,20262
SZ,002317,0.38,20251,22600
SH,600582,1.03,20238,20238
SZ,002065,1.32,20152,22214
SZ,300489,-1.61,20117,20190
SH,688114,1.15,20034,20076
SZ,301035,0.7,19992,20022
SH,601158,-0.23,19968,19968
SH,600848,0.85,19941,21012
SH,603816,0.16,19940,20076
SH,603876,-0.78,19933,19933
SZ,300811,0,19893,24251
SH,601677,1.52,19868,19868
SH,603236,0.55,19821,19821
SH,601187,0.4,19803,19846
SH,603833,1.15,19791,19791
SH,603728,0.38,19767,19767
SZ,300209,-0.4,19664,24860
SH,603730,-1.5,19617,19617
SZ,001270,-0.34,19589,19715
SZ,300776,-0.55,19541,31085
SZ,002299,0.82,19498,19884
SH,688372,-2.11,19460,19460
SH,603678,0.39,19417,19417
SH,688257,-0.41,19412,19412
SH,603290,-0.48,19397,19397
SH,688205,-0.24,19379,19379
SZ,300012,0.67,19322,22718
SZ,300763,-1.05,19270,23770
SZ,000429,-1.59,19250,30881
SZ,300806,2.08,19230,26686
SZ,002120,1.04,19227,19802
SZ,000519,0.15,19203,19203
SH,688502,-7.25,19196,19196
SZ,002265,0.81,19194,19194
SZ,000039,0.97,19194,44974
SH,600967,-0.08,19179,19179
SH,603588,-0.07,19147,19147
SH,601666,1.04,19138,19138
SH,688005,0.3,19059,19059
SH,603005,-2.43,19050,19050
SZ,300142,0.58,19036,19304
SH,603516,0,19024,19024
SH,600007,0.32,19017,19017
SH,688400,-0.56,19000,19758
SZ,002318,0.3,18966,19426
SZ,002461,0.94,18924,18924
SZ,002500,0.57,18918,18918
SZ,002262,0.52,18904,21728
SZ,001267,-0.22,18877,24351
SH,600339,2.74,18871,18871
SZ,002335,-0.41,18855,21561
SZ,002670,0.87,18782,22389
SZ,300623,-0.84,18739,20319
SH,600602,0.87,18736,23852
SH,603667,0.49,18713,19579
SH,600380,0.69,18642,18642
SZ,002831,0.93,18563,33484
SZ,300487,-0.16,18555,30670
SH,601098,0.98,18553,18553
SZ,000686,0.51,18536,18536
SH,600518,0,18522,18531
SH,603530,-0.24,18496,18667
SH,600131,1.05,18465,18503
SH,601139,0.95,18411,18411
SZ,300398,-1.75,18403,18503
SH,603658,0.81,18388,18388
SH,688097,-0.55,18380,18380
SH,688123,-0.84,18377,18377
SH,603950,-2.87,18367,18381
SH,600004,0.65,18366,19999
SH,603186,-3.81,18349,18349
SZ,002624,0.6,18332,19458
SZ,002497,-0.79,18320,19928
SZ,300903,-4.01,18307,24103
SZ,002739,1.38,18301,18563
SH,688270,0.88,18273,18273
SZ,300627,0.87,18266,22057
SH,688268,-2.42,18232,18232
SZ,300843,-2.61,18220,18584
SH,600927,0.56,18189,18189
SH,601865,0.21,18136,22351
SZ,301205,-0.35,18107,28127
SZ,300762,0.56,18085,18085
SH,688363,0.81,18058,18058
SH,603337,1.45,18027,18389
SZ,300821,-1.83,17889,17892
SZ,002389,0.33,17883,17886
SZ,000875,5.31,17882,19406
SZ,300122,0.8,17849,30210
SZ,002130,-0.12,17801,21726
SH,603358,2.67,17760,18066
SZ,002518,-0.87,17746,18282
SH,600606,0,17708,17708
SH,600038,1.69,17687,21678
SZ,002491,-3.09,17671,18475
SZ,000528,1.52,17664,17688
SH,688208,0.73,17639,17639
SZ,000543,0.52,17614,17614
SZ,002716,0.4,17604,21399
SH,603000,1.73,17592,17592
SH,600820,1.27,17575,17575
SH,600655,1.35,17543,17549
SZ,002044,1.35,17512,17692
SH,688281,0.72,17500,17500
SH,603773,-0.81,17493,17500
SZ,002270,-0.35,17467,17467
SZ,002756,-0.45,17465,24324
SH,600032,0.42,17434,17434
SH,688561,3.32,17425,17425
SH,600754,1.48,17396,20473
SZ,002145,0.44,17396,17396
SZ,000513,0.29,17385,27170
SH,600316,-0.03,17340,17340
SZ,000591,0.45,17331,17338
SZ,300257,-1.35,17309,18015
SZ,920438,-2.33,17304,17933
SZ,300888,0.95,17277,17355
SZ,000997,1.84,17268,17364
SZ,300779,-1.28,17265,22595
SH,688233,-1.55,17203,17203
SH,601969,1.16,17200,17305
SH,603871,0.56,17182,17182
SH,600062,0.61,17151,17157
SH,600120,0.6,17145,17145
SH,603638,0.83,17068,17068
SH,688652,-1.06,17057,23732
SZ,000029,0.95,17049,19343
SH,603733,0.24,17048,17048
SH,600956,0.55,17047,32672
SZ,000935,0.68,17025,17025
SH,688795,-0.26,16981,264062
SZ,300140,0.37,16962,16983
SH,601333,0.67,16957,21251
SZ,300747,-0.02,16834,18112
SH,600500,0.21,16829,16829
SZ,002958,1.32,16699,17056
SH,601609,0.63,16699,16699
SH,600961,0.32,16690,23818
SH,601975,0.85,16662,16662
SZ,300456,-2.37,16651,20407
SH,601326,0.87,16509,19388
SH,688772,-0.2,16494,16494
SH,603858,0.13,16493,16493
SZ,300088,-0.44,16479,16560
SH,603618,-0.49,16455,16455
SZ,002192,-1.69,16379,16413
SH,600179,0.48,16299,17857
SH,603226,0.53,16278,16278
SH,600867,0.61,16256,16256
SH,688700,-1.39,16230,16230
SZ,000009,0.16,16229,16249
SZ,000969,-0.18,16224,16367
SH,688523,0.15,16218,16218
SH,688392,-0.5,16182,16182
SZ,002402,0.2,16173,18246
SH,688692,0.93,16168,24686
SH,600739,0.95,16167,16167
SH,603786,0.5,16166,16166
SH,601636,-1.08,16154,16154
SH,601156,0.18,16115,27084
SZ,300724,-0.06,16112,19504
SZ,000603,0.33,16101,16663
SZ,000898,1,16074,18926
SZ,000032,-0.41,16034,17122
SZ,002149,-0.08,16026,16028
SZ,001337,-0.59,16023,16023
SH,605020,-1.05,15983,16234
SH,600750,0.36,15960,16131
SZ,300953,0.46,15956,22199
SZ,001287,-1.36,15882,15882
SZ,301297,-2.46,15873,20864
SZ,002925,-2.9,15871,16753
SZ,000970,1.56,15853,15853
SZ,300144,1.49,15825,15992
SH,601921,1.14,15822,15822
SH,600528,0.28,15817,15817
SZ,300413,1.38,15816,28959
SH,600226,-1.66,15764,15764
SH,605196,0.42,15735,15922
SH,600171,-0.57,15717,15717
SH,688503,-0.6,15708,15708
SZ,001213,0.57,15689,15689
SZ,000682,0.69,15658,15660
SH,601369,-0.32,15646,15804
SH,600577,0.28,15636,15636
SH,601519,0.9,15615,15615
SH,600761,0.98,15605,15605
SH,601101,0.56,15566,15566
SZ,300083,-1.5,15563,17365
SH,605296,0.37,15560,15808
SZ,000766,0.44,15553,15561
SZ,003021,0.7,15539,20049
SH,688388,-0.79,15534,15534
SH,601019,1.22,15527,15527
SH,688390,-1.44,15526,15526
SZ,002312,0.61,15523,15555
SZ,000050,0.63,15516,15516
SZ,000723,0.57,15515,15544
SH,600114,0.24,15508,15886
SZ,000537,0.53,15500,15500
SH,688131,3.27,15491,15491
SH,600435,0.2,15487,15487
SZ,000902,0.67,15473,16989
SZ,000563,1,15444,15444
SZ,300676,0.32,15443,15528
SZ,300773,1.02,15306,16179
SH,688800,-1.4,15302,15302
SZ,300199,0.2,15298,18133
SH,600110,-0.89,15287,15287
SH,600959,0.66,15252,15252
SH,600186,-0.46,15243,15274
SZ,002237,-0.22,15238,18275
SH,600511,0.96,15195,20719
SZ,002611,0,15190,18418
SH,688449,-0.91,15188,23828
SZ,300503,-0.15,15187,19406
SH,688520,0.35,15164,16015
SH,603171,1.14,15128,15144
SH,605198,2.59,15123,18681
SZ,002508,0.12,15086,15270
SZ,002405,1.11,15077,15169
SH,601020,0.71,15071,15071
SH,601137,0.18,15020,15032
SZ,000927,0.81,15005,15005
SZ,300260,-6.77,14989,21251
SZ,300102,-0.05,14985,15057
SH,603355,2.07,14983,14983
SH,600808,1.21,14979,19329
SZ,000791,1.18,14962,25075
SH,688279,-0.08,14954,18400
SH,600629,-3.27,14936,14936
SH,600410,0.74,14934,14934
SZ,000966,0.23,14899,14899
SH,600872,1.05,14888,14952
SH,603997,0.86,14885,14885
SH,688166,-1.23,14874,14874
SZ,000778,1.06,14873,15139
SH,603938,-1.44,14842,14842
SH,603317,1.16,14827,14827
SH,603132,0.2,14807,14807
SZ,002326,-1.12,14804,16939
SH,688150,-1.38,14794,14794
SH,600835,-0.75,14791,18474
SH,601702,0.68,14788,14788
SH,600623,0.25,14783,16702
SH,603002,-1.87,14766,14766
SH,600552,-2.49,14764,14764
SZ,002773,0.8,14752,19790
SH,688106,-1.95,14750,14750
SZ,300002,1.02,14716,15639
SZ,301550,1.2,14677,23981
SZ,300657,-0.37,14674,15100
SH,603026,-2.49,14635,14635
SZ,300660,0.24,14605,14613
SH,600548,0.47,14573,21572
SZ,301285,0.3,14558,14558
SH,603283,-1.45,14545,14545
SZ,001248,-4.12,14534,177916
SZ,002320,0.78,14510,14510
SZ,300131,-0.84,14508,15799
SZ,300723,0.44,14508,15633
SZ,002506,0.4,14494,14509
SZ,002171,-0.21,14459,14542
SZ,300568,-0.07,14454,17883
SH,600022,0.75,14443,14443
SZ,000680,2.05,14396,16427
SH,688380,-0.1,14377,14377
SZ,300170,1.12,14367,15044
SH,688582,-0.44,14366,14366
SH,688484,-0.05,14361,14426
SZ,002969,3.97,14326,14401
SZ,002911,1.62,14318,14669
SH,601965,0.99,14307,14368
SH,601133,0.26,14248,14297
SH,600744,-4.75,14238,14238
SH,603025,0.31,14231,14327
SH,688368,-0.35,14220,23428
SH,688353,-1.03,14203,14203
SZ,300999,0.62,14185,141720
SZ,000539,0.18,14157,29087
SZ,300735,-0.26,14088,15050
SZ,002946,1.97,14088,14253
SH,600267,1.79,14081,14081
SH,688596,-1.58,14071,14071
SH,600877,-0.74,14067,14067
SH,688332,0.92,14063,14063
SZ,300679,-0.25,14047,16602
SZ,002250,1.1,14042,14119
SH,600056,0.43,14041,14046
SH,688206,-0.79,14032,14032
SH,601375,0.49,14031,18897
SZ,002568,3.37,14030,19176
SZ,001286,0.19,14013,38925
SZ,300364,0.71,13975,15415
SZ,300957,1.32,13953,14030
SZ,000088,0.68,13948,22930
SZ,002410,1.02,13943,14669
SH,688779,-0.4,13929,13929
SH,688003,0.49,13917,13917
SH,601858,0.8,13905,13905
SH,600320,0.48,13903,22078
SH,600710,0.95,13852,13852
SH,600397,0.58,13830,13830
SH,600258,1.81,13824,13824
SH,600664,-4.52,13801,13801
SZ,300671,-1.64,13801,13841
SH,600172,0.28,13784,15576
SH,600621,0.54,13781,13781
SH,603118,1.1,13777,13777
SH,600151,0.1,13769,13769
SZ,002408,1.21,13755,14214
SZ,301316,-0.89,13752,14187
SH,688802,-1.33,13748,296874
SH,600531,-0.08,13737,13737
SH,600888,0,13729,13729
SZ,002158,-1.6,13729,13758
SH,600816,1.62,13728,24710
SZ,300602,-0.05,13724,20062
SH,688308,-0.2,13695,13695
SH,688100,0.65,13688,13807
SH,688531,0,13682,19739
SH,603613,1.07,13647,13647
SH,688538,0,13633,32728
SH,688690,0.21,13621,13621
SH,605289,-1.01,13617,13636
SH,603662,0.77,13567,13567
SH,600361,0.83,13550,13550
SH,600057,0.78,13539,18368
SZ,000685,0.46,13538,15940
SZ,000422,0.31,13530,13910
SH,600779,0.36,13528,13528
SH,600651,0.37,13488,13488
SZ,002176,-0.37,13477,13497
SZ,002507,1.04,13476,13512
SH,600906,0,13468,20573
SZ,301611,-1.27,13459,40034
SH,603009,0.21,13457,13457
SH,601827,0.63,13426,13426
SH,600459,-0.33,13424,14547
SZ,300201,-1.76,13389,13461
SH,601678,0.62,13363,15755
SH,600596,0,13348,13348
SH,600403,-2.44,13341,13341
SH,603505,-0.62,13315,13315
SH,688029,0.68,13307,13307
SZ,002867,0.57,13305,13384
SH,600409,0.31,13253,13253
SZ,002290,0.79,13247,13289
SH,603063,-0.34,13243,13298
SH,600675,0.92,13241,13241
SZ,301171,0.73,13230,16304
SZ,300655,-5.38,13189,13249
SH,688382,0.53,13186,13186
SH,600064,0.66,13185,13185
SZ,002249,0.86,13177,17442
SZ,002552,-2.23,13167,13863
SZ,300342,-0.44,13117,13312
SH,601778,0,13105,13105
SH,600416,0.68,13090,13090
SH,688549,-1.45,13083,32796
SH,688535,-1.19,13061,14014
SH,600529,0.36,13060,13060
SZ,301389,-1.15,13050,13050
SH,600633,0.78,13048,13048
SH,603868,0.27,13038,13038
SH,600764,0.44,12990,12990
SH,688593,1.22,12982,12982
SZ,002048,0.33,12974,14880
SH,600167,0.7,12943,12943
SH,688615,0.77,12942,18743
SH,605099,2.12,12927,12955
SZ,300253,1.31,12908,15321
SZ,002153,0.88,12894,21997
SZ,000785,1.83,12886,13824
SH,600456,0.6,12886,12886
SH,688545,-2.19,12867,25416
SH,600575,0.61,12864,23722
SH,603800,-0.97,12844,12844
SH,600490,1.58,12832,14251
SH,603389,4.81,12830,12830
SH,603826,0.27,12819,12819
SZ,001696,-0.13,12809,16454
SZ,300323,-0.91,12803,17496
SH,600155,0.87,12794,12794
SZ,002010,1.31,12794,12825
SH,603203,-1.52,12788,12936
SH,600821,0.93,12788,12788
SH,600285,0.36,12774,12788
SZ,002913,-1.08,12749,13247
SZ,000612,1.42,12733,12733
SZ,002936,1.12,12723,16457
SZ,301093,-0.88,12681,13282
SH,600933,1.1,12675,13308
SH,603456,0.77,12670,12670
SZ,002901,0.92,12658,18171
SH,600916,0.4,12650,12650
SZ,000799,0.54,12632,12633
SZ,300613,-0.65,12628,13387
SH,603707,0.51,12618,12618
SZ,002847,1.43,12611,13974
SZ,301275,1.9,12603,17694
SZ,300469,3.19,12599,12606
SH,600850,0.98,12595,12595
SZ,000534,0.4,12584,12759
SZ,002226,0.42,12582,12582
SZ,002701,1.24,12557,12568
SZ,300319,-0.13,12556,13092
SH,603305,1.02,12539,12539
SH,688055,-0.26,12500,12500
SH,603515,0.48,12468,12545
SH,603983,-4.45,12455,12455
SZ,002372,1.32,12443,13469
SZ,301128,-0.68,12409,14107
SH,600116,0.31,12391,12391
SH,605599,0.76,12390,12390
SH,600717,0.71,12386,12386
SZ,000672,-1.31,12340,12340
SZ,301319,-1.55,12338,16371
SH,600201,-0.08,12337,12337
SH,600827,1.19,12322,13702
SH,688006,-0.48,12309,12309
SH,688088,0.72,12308,12308
SH,600755,0.52,12303,12334
SZ,000620,-0.74,12287,15443
SZ,300179,-0.44,12285,15956
SZ,300455,0.64,12245,12403
SH,688401,-1.58,12245,13006
SH,603882,0.23,12244,12327
SZ,301015,0.17,12240,12242
SZ,002151,0.51,12235,15001
SZ,002896,1.25,12230,12230
SH,605507,0.71,12228,12228
SZ,002268,2.78,12205,12211
SZ,300457,0.47,12195,12394
SZ,002091,0.66,12162,12354
SH,605389,-1.04,12147,12844
SH,603078,-1.92,12140,12140
SH,688661,-1.06,12131,12131
SH,601339,0.87,12117,12117
SZ,920808,-0.42,12102,12440
SZ,300459,1.1,12097,12938
SZ,002768,-1.82,12053,20641
SZ,300436,-0.84,12051,14038
SH,600475,0.63,12050,12217
SH,601107,0.91,12046,17033
SZ,001331,-1.95,12036,17233
SH,600315,1.02,12019,12019
SZ,002755,0,11973,11973
SH,603119,-0.01,11956,21331
SZ,002399,0.52,11948,14057
SZ,301095,2.1,11940,13821
SH,600366,0.93,11936,11936
SH,603888,1.13,11935,11935
SZ,300184,-0.78,11920,13019
SZ,300296,0.59,11905,13940
SZ,300070,0.58,11884,12540
SZ,300409,0.53,11870,13337
SH,600113,0.84,11866,12147
SZ,301219,0.25,11861,16619
SH,688116,0.84,11828,11828
SZ,002310,1.13,11789,16078
SH,600461,0.66,11776,11776
SZ,301005,-0.55,11772,12017
SZ,300761,0.98,11767,15632
SH,688158,0.42,11755,13213
SZ,000069,1.19,11728,13664
SH,603589,0.67,11723,11723
SZ,300100,0.38,11710,12147
SH,688567,0.74,11708,11708
SH,603738,-1.49,11654,11654
SH,688603,-0.42,11643,11643
SZ,002287,0.64,11642,11665
SZ,000973,-0.65,11638,29573
SZ,002183,0.67,11635,11635
SH,688516,-0.64,11634,11634
SZ,002167,-0.38,11631,11876
SZ,000506,-0.07,11609,11613
SZ,002668,1.91,11589,11589
SH,600776,1.25,11587,15223
SH,601512,0.26,11586,11586
SH,601992,0,11584,14842
SZ,002645,-0.11,11584,12826
SH,600420,0.23,11574,11574
SZ,301666,-0.55,11566,190278
SZ,301293,-7.12,11560,11560
SZ,300034,0.6,11560,12010
SZ,000839,10.11,11524,11524
SZ,002643,-1.08,11512,11687
SH,603031,-1.87,11507,13683
SH,601222,0.54,11492,11492
SZ,300166,0.08,11476,14428
SZ,000156,1.05,11474,12507
SH,688107,-1.34,11460,11460
SH,688222,1.2,11459,11459
SZ,002096,0.77,11437,11437
SH,603698,-0.6,11433,11433
SH,688809,-1.24,11423,57115
SH,688258,-0.96,11416,11416
SZ,000801,0.81,11409,11413
SH,600363,-0.7,11407,11407
SZ,301238,-0.37,11403,11403
SZ,000758,0.7,11401,11445
SH,688028,0.27,11397,11397
SZ,002258,1.49,11396,11414
SH,600338,0.08,11391,11391
SZ,001339,-1.34,11386,23067
SZ,301039,1.29,11373,14674
SZ,002416,1.53,11370,11513
SH,601068,1.14,11365,13266
SZ,000681,0.24,11359,11770
SZ,002092,1.38,11332,11396
SH,600216,0.76,11331,11453
SZ,300146,2.33,11330,17103
SZ,300357,0.95,11319,12247
SH,603927,2.56,11310,11310
SH,600343,1.26,11303,11303
SH,688016,0.83,11269,11269
SZ,000553,0,11212,11999
SZ,300229,1.74,11210,11217
SZ,002531,-2.17,11203,11266
SZ,002597,0.77,11192,11213
SH,600702,0.12,11187,11191
SZ,300674,1.92,11178,11195
SH,601619,2.91,11176,13370
SZ,002745,-1.21,11173,15584
SZ,000035,1.47,11172,11534
SZ,000762,0,11171,11172
SH,600006,1.64,11160,11160
SH,600612,0.95,11150,18393
SZ,000567,1.06,11146,11180
SH,601952,0.88,11107,11107
SH,688321,0.11,11096,12052
SH,600864,0.76,11089,11089
SH,600882,1.25,11084,11084
SZ,000901,0.43,11071,11071
SZ,000070,-0.99,11052,11202
SZ,002987,0.93,11032,11320
SH,600783,0.88,11031,11031
SH,688143,-0.91,11026,11603
SH,600908,1.47,11016,12093
SZ,002011,0.78,10976,11110
SZ,000592,-0.16,10973,11069
SZ,300573,0.73,10973,14289
SZ,002617,-0.5,10965,11150
SH,600635,1.8,10957,13375
SH,600268,-0.27,10927,10931
SZ,002807,1.25,10922,10938
SZ,002607,4.23,10921,12150
SZ,002024,0,10919,10932
SH,603556,0.63,10917,10917
SZ,300601,0.5,10913,13537
SH,600572,0.47,10912,10941
SH,688198,0.19,10910,10910
SZ,300468,1.93,10903,10921
SZ,300428,0.44,10891,12512
SZ,002174,-0.71,10870,10876
SH,600559,0.34,10867,10867
SZ,002839,1.14,10867,10877
SZ,300775,0.94,10851,11176
SZ,301029,0.67,10846,15227
SZ,301626,-0.42,10840,23831
SZ,001258,-9.99,10836,10836
SH,600301,0.03,10829,24879
SZ,002003,0.09,10814,12578
SZ,000099,0.51,10806,10806
SZ,002698,-0.69,10797,13079
SZ,002838,0.27,10789,12271
SH,688660,-4.02,10787,10787
SZ,002975,-1.55,10777,16330
SZ,300133,1.57,10767,12130
SZ,000028,0.64,10764,12532
SZ,002051,-0.67,10743,10744
SZ,002400,1.63,10737,10844
SZ,000990,-0.1,10731,10731
SZ,002246,0.36,10728,10728
SZ,300682,1.76,10726,11214
SH,603693,0.59,10724,10724
SZ,000998,0.49,10712,11976
SZ,000815,-2.64,10707,10707
SH,603297,-4.97,10696,10696
SZ,300769,-0.92,10685,11891
SH,603393,2.15,10653,10653
SZ,300835,-0.85,10652,15198
SH,688663,1.89,10651,10651
SH,688202,0.99,10638,10638
SH,600248,1.06,10635,10659
SZ,000767,0.27,10630,11231
SZ,002929,-0.58,10627,14053
SZ,300185,0,10616,11140
SH,601801,1.12,10612,10612
SZ,002947,-0.38,10607,13705
SH,600589,-0.82,10601,10623
SH,601022,0.25,10587,10587
SH,688559,-0.34,10579,10579
SH,603991,-1.44,10565,18020
SZ,002439,6.54,10565,17565
SH,603906,0.16,10556,14833
SZ,001399,-1.04,10540,181331
SZ,000690,-0.2,10524,10531
SH,600509,-1.79,10514,10514
SH,688063,-0.34,10509,10509
SZ,301150,-1.5,10492,11184
SH,603989,-0.14,10488,10488
SZ,003036,0.31,10468,10469
SZ,300827,-0.12,10464,13344
SZ,002373,0.8,10456,11994
SZ,002366,-1.73,10455,11757
SZ,002544,0.59,10452,10453
SH,603757,-1.08,10450,10450
SZ,300204,1.05,10443,12462
SZ,000555,0.09,10438,10451
SZ,300182,2.44,10438,12307
SH,603235,-0.07,10437,10437
SH,600993,0.87,10422,10440
SZ,300638,0,10418,17662
SZ,002583,1.63,10403,14749
SH,688068,0.53,10398,10398
SZ,300315,0.74,10395,11074
SZ,001280,-0.24,10372,123470
SH,603267,-0.39,10371,10371
SH,600619,-3.87,10362,14093
SZ,002043,-0.07,10361,10646
SZ,301071,-0.92,10359,14091
SZ,002385,0.34,10356,12857
SZ,301123,-0.61,10355,14721
SZ,300049,-0.97,10346,11692
SZ,301267,1.08,10336,13390
SZ,300376,-0.21,10334,10337
SZ,000828,0.71,10322,10322
SZ,002083,0.93,10318,10318
SZ,300726,0.63,10314,19809
SH,601038,0.93,10310,15832
SZ,301207,0.47,10271,10278
SH,688306,0.48,10268,10268
SZ,002897,-1.55,10263,10789
SZ,301087,0.27,10260,12477
SZ,300302,-0.78,10249,13319
SZ,000899,0.1,10245,10245
SH,688383,0.08,10242,10242
SZ,002539,-0.42,10242,13901
SZ,300026,0.59,10235,10244
SZ,002413,0.25,10234,10423
SZ,002139,0.53,10229,11907
SH,603099,1.79,10224,10224
SH,603040,0.79,10221,10274
SZ,002534,-0.63,10218,10349
SH,601163,0.63,10208,10208
SZ,002204,0.96,10198,10198
SZ,002984,0.85,10195,14798
SZ,002217,0,10191,10471
SH,605255,1.67,10187,10187
SZ,300593,-0.3,10180,12266
SH,601900,1.05,10178,10178
SH,600395,1.07,10175,10175
SZ,000810,-0.1,10173,10536
SH,600058,-0.1,10162,10162
SH,603093,0.36,10158,12757
SZ,300065,-0.12,10156,11155
SH,603341,0.45,10153,19932
SH,603992,0.18,10137,10137
SZ,300777,-0.03,10131,10338
SZ,002354,0,10128,10308
SZ,002891,-0.84,10114,10114
SZ,300008,0.82,10081,10576
SH,600163,0.57,10067,10067
SZ,000727,0.91,10056,10056
SH,688153,0.5,10044,10336
SZ,002557,0.71,10040,10072
SZ,300009,0.74,10027,13616
SZ,920116,0.04,10023,10023
SH,600383,0.45,10022,10022
SH,600718,1.09,9990,9990
SH,600787,0.66,9982,9982
SH,603713,0.05,9975,9975
SH,603218,0.41,9970,9979
SH,600507,0.94,9970,9970
SH,601882,1.38,9960,9960
SZ,300607,0.99,9953,14066
SZ,300224,0.66,9950,9986
SZ,002541,0.75,9948,13835
SH,603619,2.38,9945,9945
SH,603027,1.36,9941,9941
SZ,002276,1.96,9940,9979
SH,600773,-0.37,9935,9935
SH,688698,2.01,9922,9922
SZ,002020,0.51,9904,11779
SH,600759,1.27,9903,9916
SH,601005,0,9893,11435
SH,600662,0.23,9881,9910
SH,688059,-0.82,9876,10552
SH,603281,-0.25,9854,9854
SH,600446,1.45,9846,9846
SH,603300,1.44,9836,9836
SZ,002832,-0.38,9833,14410
SZ,301486,-0.85,9830,17366
SH,600033,0.85,9825,9825
SH,688275,0.45,9823,9823
SH,600373,0.97,9809,9809
SZ,300720,-2.79,9797,10367
SH,601949,1.18,9767,9767
SZ,002182,0.18,9754,11177
SH,600728,2.01,9746,9746
SZ,002254,-0.25,9739,9750
SZ,002208,-4.63,9733,9736
SZ,002173,1.49,9722,10194
SZ,002081,0.27,9704,9745
SZ,300580,-0.04,9698,10308
SH,600648,0.24,9694,11586
SH,600757,0.88,9684,9685
SH,601886,0.35,9676,9676
SH,600184,-1.18,9650,9650
SH,601811,1,9637,15016
SH,688359,-0.58,9619,9619
SZ,002338,-7.35,9610,9610
SZ,002647,-1.14,9605,10693
SZ,002978,0.23,9594,12262
SH,688160,-0.27,9578,9578
SZ,000552,1.18,9575,13754
SZ,003018,-1.91,9574,10564
SZ,002100,0.43,9570,9570
SZ,000048,-0.32,9565,9581
SZ,002654,-0.95,9560,9560
SZ,002063,0.75,9536,10324
SH,688319,1.16,9535,9535
SZ,300684,-1.41,9529,13951
SH,688182,0.25,9528,9528
SH,600360,-1.67,9526,9526
SH,603323,1.18,9525,9525
SZ,000917,1.36,9511,9512
SH,601200,0.86,9504,9504
SZ,000700,-0.09,9501,9501
SZ,002297,-0.47,9491,9491
SZ,000949,0,9475,9477
SZ,300077,-0.7,9469,11338
SH,603883,1.22,9463,9463
SZ,000410,0.21,9461,12716
SZ,001914,0.67,9452,9452
SZ,002293,-0.17,9448,9527
SH,600072,0.58,9447,13086
SZ,301183,-0.86,9443,12883
SZ,000049,0.04,9421,9424
SH,600458,-0.17,9413,10313
SH,600269,1,9412,9412
SH,600037,0.75,9408,9408
SZ,000656,0,9408,13130
SZ,000403,0.5,9407,9504
SH,600597,1.19,9401,9401
SZ,002779,0.18,9385,10460
SZ,002675,0.48,9382,10406
SH,605318,-0.51,9378,9378
SH,603599,0.98,9376,9376
SZ,000600,0.7,9374,15508
SZ,300913,0.31,9365,11230
SH,603039,1.67,9365,9365
SZ,301338,-1.05,9346,12827
SZ,000923,0.13,9343,9713
SH,688105,0.67,9342,9342
SH,688797,-0.72,9342,49693
SZ,301188,-1.79,9340,9340
SZ,002387,-2.61,9318,9331
SH,600210,0.99,9313,9313
SH,603327,-0.77,9305,9305
SZ,000031,0.93,9301,9301
SZ,002741,-1.31,9289,10122
SH,603601,0.12,9287,9287
SZ,002865,-0.73,9285,12930
SH,603185,0,9282,9338
SH,600367,-0.2,9279,9831
SZ,002061,1.42,9279,9436
SH,688584,-2.27,9273,18075
SZ,002705,1.15,9272,9320
SH,601860,1.16,9270,9555
SH,603690,-6.95,9264,9264
SH,603052,-1.49,9254,9254
SH,688138,-1.76,9249,9249
SH,688209,-1.42,9244,9244
SH,688032,0.07,9243,9243
SH,600326,6.27,9238,9238
SZ,300353,0.41,9235,10515
SZ,001227,1.4,9194,12417
SH,600971,0.39,9192,9192
SZ,300377,0.83,9189,9988
SZ,000795,0.49,9187,9187
SZ,000950,0.37,9180,9180
SZ,301021,-2.55,9179,9189
SH,600649,0.83,9166,9166
SZ,301381,-0.87,9166,9174
SH,688543,0.49,9165,9165
SH,601311,0.51,9162,9162
SZ,002181,0.25,9156,9370
SZ,000676,-2.41,9153,9159
SZ,002565,-0.79,9147,9148
SH,688508,4.54,9140,9140
SZ,002549,-5.77,9139,9179
SZ,301090,0.81,9134,9144
SZ,300693,0.18,9133,10626
SZ,002937,-2.48,9131,9155
SH,600740,1.14,9121,9121
SZ,000837,0.22,9117,9259
SH,603100,1.02,9100,9129
SZ,300007,-0.73,9100,10531
SH,688351,0.26,9097,9097
SZ,000420,0.82,9095,9098
SH,600328,0.32,9091,9091
SH,600307,0.69,9082,9082
SZ,300529,0.91,9080,14151
SZ,301078,1.27,9071,9080
SZ,002345,0.38,9063,9285
SZ,300303,-1.86,9048,9648
SZ,301127,-0.92,9038,9309
SH,600391,0.59,9029,9029
SH,603583,0.77,9021,9104
SH,603533,1.88,9019,9019
SH,601528,1.04,9019,9536
SH,600185,1.7,9010,9010
SZ,300139,-0.87,8991,10544
SZ,002031,0.64,8975,10315
SZ,002348,-0.59,8972,9862
SH,601003,1.16,8970,9220
SH,605123,1.13,8967,8967
SZ,002922,-0.24,8961,10045
SH,600273,0.15,8956,8956
SH,600198,0,8944,8956
SZ,300188,2.35,8940,8982
SZ,002170,0.27,8938,10995
SZ,002967,0.62,8936,10404
SH,603538,-0.89,8915,8994
SH,688090,-0.08,8901,8901
SZ,300304,-0.75,8896,9141
SH,603303,0.16,8890,8890
SZ,300618,0.52,8886,10099
SZ,002961,0.81,8885,8885
SH,688260,0.3,8878,8878
SZ,301031,-0.4,8856,11266
SZ,000065,0.33,8843,10534
SZ,002655,-0.73,8842,8859
SH,600782,1.08,8839,8947
SZ,300382,-2.08,8817,8818
SZ,000510,-0.33,8814,9423
SH,688325,-1.25,8810,9271
SH,603103,2.89,8803,8803
SZ,002289,-1.92,8801,8988
SH,603124,-2.22,8792,16510
SH,603859,0,8790,9569
SZ,000848,2.48,8777,8854
SZ,300331,-1.34,8765,10246
SH,688378,-0.67,8761,9505
SH,603011,-1.76,8756,8756
SZ,300277,0.18,8741,17320
SH,603712,0.18,8716,8716
SZ,301177,0.37,8712,8718
SH,688128,0.47,8705,8705
SZ,301357,-0.04,8697,8697
SH,603328,-0.33,8696,8696
SZ,000829,0.35,8695,8703
SH,600929,1.15,8693,8693
SH,603360,-1.35,8687,8687
SZ,301109,0.51,8678,10969
SZ,920186,-0.99,8665,16566
SZ,000833,0.21,8661,15312
SH,600936,1.37,8656,8656
SZ,002053,0.75,8655,8655
SH,600645,0.54,8654,8657
SH,688020,-1.08,8652,8652
SH,688289,0.4,8644,8644
SZ,002368,0.87,8640,8682
SZ,300850,-2.07,8639,11893
SH,688376,-2.69,8637,8637
SH,600129,0.9,8630,8630
SH,600162,-1.48,8629,8629
SH,605006,0.15,8601,8601
SH,688139,0.56,8599,8599
SZ,300951,3.84,8593,9615
SH,603508,0.94,8567,8567
SZ,002233,0.69,8566,8571
SZ,301216,-0.12,8561,9121
SH,605060,-0.49,8542,8601
SZ,000536,0,8538,8547
SH,605016,-0.58,8535,8535
SZ,002993,-0.63,8524,9868
SZ,000930,1.32,8521,8521
SZ,301345,1.01,8517,26515
SZ,301363,-3.94,8514,12982
SZ,300863,-2.15,8513,8862
SH,600389,1.86,8510,8510
SZ,300118,-0.42,8508,10465
SH,603057,1.18,8508,8572
SZ,000006,-2.01,8505,8505
SH,688726,-0.27,8504,15674
SZ,300596,-0.62,8504,8691
SH,600020,0.27,8495,8495
SZ,000761,0.88,8492,9408
SH,688076,0.49,8491,8491
SZ,300113,0.18,8485,11238
SZ,000550,0.86,8472,14105
SZ,300181,0.57,8471,9854
SH,600266,0.49,8469,8469
SH,688552,0,8465,8465
SH,688327,1,8449,10525
SH,600133,1.15,8445,8445
SZ,002019,0.4,8442,12188
SZ,300263,-0.79,8429,8942
SZ,000719,0.72,8426,12923
SH,605298,-0.65,8409,8481
SH,600017,0,8366,8366
SH,688513,0.3,8357,8357
SH,600997,1.15,8352,8352
SZ,002216,1.22,8342,11632
SZ,002426,-0.4,8336,8336
SH,600567,0,8326,8326
SH,688125,-1.17,8324,8346
SZ,002332,0.72,8320,8359
SZ,002039,1.09,8312,8312
SZ,002985,0.88,8307,8330
SH,688161,0.73,8292,8292
SH,688371,-3.92,8290,8290
SZ,002792,-1.32,8283,12844
SH,600996,0.91,8279,8279
SH,688611,0.04,8271,8271
SH,600478,-0.19,8266,8266
SZ,002626,0.89,8251,8252
SZ,002062,0.41,8244,9069
SH,603013,0.56,8233,8233
SZ,002243,0.74,8224,8268
SH,600812,0.63,8218,8218
SH,603890,-1.07,8217,8217
SZ,002169,-0.63,8216,8477
SH,603125,-0.87,8210,8210
SZ,001308,0.24,8205,11857
SZ,002392,0.86,8184,8417
SH,600666,0.31,8182,8997
SZ,301047,0.97,8179,8320
SH,600640,1.08,8177,8177
SZ,300005,-1.05,8169,8236
SZ,301382,-1.33,8166,9867
SH,688165,0.84,8155,8155
SH,603936,-1.81,8151,8344
SZ,300483,6.97,8147,8153
SZ,002190,-0.03,8147,8147
SZ,301091,0.52,8136,8136
SZ,000885,0.48,8135,8135
SZ,300244,0.25,8129,10131
SZ,002842,-0.65,8124,9900
SH,603612,0.56,8119,8119
SZ,002004,0.7,8117,8533
SH,605305,0.5,8116,8116
SH,601089,0.78,8107,8107
SZ,002292,0.51,8102,11770
SH,688035,-1.6,8099,8099
SH,601890,0.6,8097,8097
SH,600686,2.26,8095,8095
SZ,000818,0.08,8089,8111
SH,600502,0.86,8085,8085
SZ,002267,1.11,8085,8085
SH,600693,8.01,8081,8090
SZ,002119,-2.22,8072,8072
SZ,301606,-0.03,8072,20297
SH,600481,0,8071,8071
SH,688261,-1.11,8068,8104
SZ,000980,0,8068,8068
SZ,002928,-0.62,8066,8066
SZ,002515,-6.5,8066,8862
SZ,300624,0.97,8057,9096
SH,688739,0.67,8047,8142
SZ,002115,-0.36,8045,8678
SH,688789,1,8038,8038
SH,601929,1.32,8027,8027
SH,688662,-1.45,8026,8026
SZ,300072,0.58,8020,8083
SZ,300634,0.98,8017,8329
SH,600399,1.25,8007,8007
SH,688586,1.71,8000,8000
SZ,300772,-0.6,7984,9002
SH,688262,-0.58,7983,7983
SH,688190,-0.39,7980,7980
SZ,300480,0.2,7978,10933
SZ,002759,0.06,7975,7982
SH,688677,0.44,7971,7971
SH,603496,-0.15,7967,7967
SH,603809,0.58,7960,7960
SZ,300363,1.2,7959,8728
SZ,002706,-0.1,7946,9760
SH,600973,0.17,7940,7940
SH,688697,-2.43,7933,7933
SH,600935,0.44,7927,8124
SZ,002251,1.38,7921,9894
SZ,002221,1.5,7918,8543
SZ,002718,-0.39,7914,10901
SZ,002737,0,7913,7913
SH,601828,0.46,7911,9535
SH,600094,1.09,7910,8649
SZ,300938,-2.29,7908,9111
SH,600639,0.22,7907,10438
SZ,300042,-0.54,7901,7902
SH,603227,0.68,7898,7898
SZ,002458,1.36,7895,11693
SZ,000869,0.81,7892,11397
SZ,002827,10,7891,7921
SH,603220,-0.75,7891,9746
SH,688253,0.7,7883,7883
SH,688227,-0.26,7879,7879
SH,605319,1.12,7868,7912
SZ,002488,0.71,7867,8511
SH,688239,1.13,7856,7856
SZ,301327,0.47,7845,7845
SZ,300101,0.36,7844,7871
SZ,003009,0.85,7819,7821
SH,688486,-0.51,7818,7819
SZ,300486,-0.6,7790,7792
SH,688050,0.68,7786,7786
SH,603319,-0.21,7783,7783
SZ,300855,0.45,7781,10505
SZ,300130,1.13,7776,10160
SZ,000533,-1.81,7774,7841
SH,603163,10.01,7772,7772
SH,600075,0.66,7770,7770
SZ,002075,0.85,7766,7766
SZ,300035,0.15,7759,9116
SZ,300145,-0.72,7758,7796
SH,688231,-0.2,7753,7753
SZ,300770,0.8,7751,7751
SH,688622,0.73,7751,7751
SH,605116,0.47,7750,7750
SZ,300741,0.72,7742,7742
SZ,002309,-4.74,7724,9655
SH,600751,1.01,7720,8698
SH,605008,-0.16,7719,7719
SH,603053,0.58,7716,7716
SZ,300725,1.33,7703,8885
SZ,002212,10,7701,7784
SZ,300053,-0.16,7699,8244
SZ,002350,-0.06,7698,7869
SZ,301571,1.19,7687,11575
SH,603033,0.26,7685,7827
SH,688669,0.83,7671,7671
SZ,002761,0.57,7670,9393
SZ,002639,-0.59,7665,9051
SZ,300910,0.63,7665,10944
SZ,300846,-0.48,7662,9284
SZ,002017,1.07,7651,7656
SZ,000823,-0.46,7639,7639
SH,603279,0.38,7631,7631
SH,605333,1.11,7624,7624
SH,600861,0.75,7620,7620
SH,603112,0.14,7607,7684
SZ,300766,1.48,7603,8384
SH,603477,0.4,7600,7792
SZ,002516,0.78,7595,7648
SH,688485,2.66,7590,7590
SH,601718,0,7588,7588
SZ,300497,-4.87,7585,9028
SH,688091,0.46,7577,7600
SZ,002361,-0.73,7572,8902
SH,600335,1.8,7571,7571
SZ,300740,2.32,7569,8156
SH,603919,0.47,7568,7568
SH,688083,1.9,7554,7554
SH,601595,1.32,7552,7552
SZ,002097,0.86,7551,7565
SZ,300328,-0.35,7551,7588
SZ,002150,-0.93,7547,7596
SH,600305,0.88,7544,7556
SZ,002703,0.31,7542,10587
SH,600917,0.84,7540,7540
SZ,300294,1.01,7528,7528
SZ,002980,-2.29,7526,14073
SZ,300378,1.38,7525,7582
SZ,000012,0.52,7524,11683
SH,600618,1.01,7521,11599
SH,688428,1.1,7514,48721
SH,688112,-0.81,7507,7507
SH,601686,0.4,7500,7500
SZ,002941,1.48,7495,7495
SZ,000712,0.36,7488,7491
SZ,002277,0.94,7487,7487
SH,605222,-0.43,7482,7482
SZ,300790,-0.84,7479,8511
SZ,002960,0.52,7475,8135
SZ,002730,-0.27,7474,7821
SZ,002041,0.71,7471,7471
SZ,002588,0.58,7462,10010
SH,603680,0,7461,7461
SZ,301196,-0.46,7457,11360
SZ,002580,-2.71,7445,7471
SH,603580,8.03,7439,7439
SH,603608,1.57,7430,7430
SH,600846,-1.64,7428,7428
SH,600789,0.41,7416,7672
SZ,002110,0.99,7409,7409
SZ,002386,0.35,7405,7406
SZ,301191,-1.17,7400,9815
SH,603055,0.48,7398,7425
SH,603181,-0.15,7394,7394
SZ,002125,-0.25,7378,7378
SZ,002275,0.76,7370,7774
SH,600746,1.12,7369,7369
SZ,000922,-0.18,7367,8715
SH,688456,-0.8,7365,7365
SH,688783,-3.68,7362,110555
SH,688337,-0.57,7362,8660
SZ,301498,0.47,7360,16435
SZ,000059,0.88,7357,7357
SH,605100,0.32,7351,7386
SH,688605,-0.66,7338,13705
SZ,300641,0.79,7331,7331
SZ,300595,1.11,7327,9812
SZ,300527,-0.27,7311,7311
SH,688049,-0.7,7304,7304
SH,688221,0.15,7301,7301
SH,600736,0.96,7299,7299
SZ,300834,-0.98,7292,7357
SZ,301228,0.21,7281,7315
SH,688326,0.79,7280,7822
SZ,301263,0.76,7279,10202
SZ,300322,-0.23,7272,7595
SZ,000928,0.4,7259,7259
SH,605168,1.3,7242,7242
SH,688612,0.25,7241,11825
SH,603626,0.69,7241,7241
SZ,000566,-4.28,7236,7239
SH,603050,-0.05,7227,7227
SZ,000650,0.56,7216,7588
SH,688155,0.09,7213,7213
SH,600059,0.64,7210,7210
SH,688710,2.62,7210,11208
SZ,002034,0.29,7209,7239
SH,600557,0.87,7202,7202
SH,603223,0.49,7199,7199
SZ,300180,1.2,7193,7396
SH,688626,-2.29,7190,7190
SZ,300482,3.28,7182,7817
SH,600125,0.73,7180,7180
SZ,300327,-0.04,7177,7230
SH,603299,0.66,7173,8774
SZ,000402,0.42,7173,7173
SH,600117,0,7161,7161
SZ,000859,-5.32,7158,7159
SZ,301086,-1.77,7150,12901
SZ,000498,0.61,7145,7654
SZ,002215,0.57,7143,8878
SZ,000503,1.67,7138,7139
SZ,002079,-1.22,7138,7995
SH,603995,0.41,7138,7138
SZ,002434,1.3,7134,7141
SH,603219,-0.3,7130,7130
SH,600251,0.22,7117,7117
SH,603399,-3.33,7116,7116
SH,688798,-0.8,7109,12209
SH,600657,1.22,7101,7101
SZ,000544,0.69,7096,7096
SZ,002448,0.41,7088,7184
SH,601330,0.14,7072,10229
SH,605007,0.34,7066,7084
SH,600797,0.44,7059,7059
SZ,003039,0.97,7058,7058
SZ,002533,0.09,7046,8110
SZ,300516,0,7046,7046
SH,600771,0.7,7044,7044
SZ,000628,-0.53,7044,12908
SH,688177,0,7035,7035
SZ,000030,1.2,7035,7240
SH,688507,-1.92,7031,12725
SH,600903,0.83,7030,7030
SZ,300298,0.84,7029,8737
SH,601579,1.88,7019,7019
SH,688305,0.23,7010,7028
SH,600724,0.41,7008,7009
SZ,300416,0.22,7006,7054
SH,600252,0.92,7005,7005
SZ,002108,-0.22,7004,7007
SZ,920045,-0.39,6989,23635
SH,688093,-0.91,6982,6982
SZ,300168,1.46,6980,6987
SZ,301189,-1.46,6979,7231
SZ,300768,1.1,6975,10675
SZ,002219,0.47,6969,7353
SZ,002342,-0.4,6960,6998
SH,605011,-0.51,6954,6954
SZ,300499,-1.26,6948,7814
SZ,300842,1.72,6948,7818
SH,688381,0,6947,6947
SZ,300520,0.08,6943,7184
SH,600422,0.66,6941,6941
SH,600925,0.47,6938,29760
SH,688515,-1.54,6924,11118
SZ,000813,0.3,6919,6920
SH,601096,0.96,6917,11262
SH,603687,-0.86,6903,6903
SZ,002471,-0.77,6882,7008
SZ,300098,0.9,6876,7751
SH,688416,0.97,6873,6873
SH,688176,0.42,6872,6872
SH,603459,-1.86,6869,65494
SZ,920982,-0.3,6869,14250
SZ,301013,-0.84,6866,8480
SH,605128,0.74,6864,6864
SH,688480,-0.11,6863,6863
SH,603128,0.58,6859,6859
SZ,301510,0.29,6859,9828
SH,600722,8.86,6858,6858
SH,600810,0.16,6852,6914
SZ,301061,2.23,6849,10309
SH,600545,-1.53,6848,6848
SZ,002242,-0.43,6848,6860
SZ,002445,0,6839,6868
SH,688062,0.85,6838,13268
SZ,300687,0.38,6829,8532
SH,600748,0,6825,6825
SZ,002585,-1.15,6819,8777
SZ,300678,-1.13,6817,6938
SH,688550,-1.49,6816,6816
SZ,000755,0.87,6808,6808
SZ,002881,0.19,6808,11300
SZ,300171,1.51,6803,9259
SZ,300895,0.02,6801,6930
SZ,002782,-0.56,6795,6877
SH,688087,-0.15,6787,7038
SZ,002093,1.51,6780,6780
SZ,002121,0.21,6776,8028
SZ,000756,-0.14,6775,9461
SZ,002579,-1.52,6773,7113
SZ,301215,0.79,6771,6778
SZ,002324,0,6769,9700
SZ,002674,-5.97,6767,6836
SH,600708,0.66,6765,6775
SZ,300420,-3.34,6765,6765
SH,601226,0.34,6764,6764
SZ,002239,0.8,6760,8858
SH,603977,0.09,6759,6759
SZ,300440,-1.28,6757,6783
SH,688252,0.3,6753,6753
SH,605133,0.04,6748,6824
SH,600987,0.46,6748,6748
SZ,003013,-0.99,6746,7722
SZ,002077,-0.93,6744,6744
SH,600325,1.66,6743,6743
SH,600874,-0.35,6743,8606
SZ,002006,0.15,6742,6742
SH,688563,0.32,6735,22329
SZ,000968,5.14,6724,6724
SH,600654,0.69,6721,8252
SZ,002106,-0.09,6711,6719
SH,688628,-0.34,6706,6706
SZ,000589,0.7,6701,6746
SZ,301069,-0.69,6692,7106
SH,601388,0.33,6692,6692
SZ,002690,0.65,6680,13586
SZ,300080,0,6679,6688
SH,605098,-0.47,6677,6677
SZ,300348,1.44,6676,7425
SH,600955,0.25,6672,6672
SH,603985,0.2,6670,6670
SH,605167,-0.52,6670,6670
SH,600158,1.02,6669,6669
SH,600169,-0.49,6666,6666
SZ,000601,-0.15,6656,6759
SZ,000631,0.7,6647,6647
SH,688418,0.61,6647,6647
SZ,002284,0.44,6641,6704
SZ,002315,0.56,6639,10413
SH,600370,0,6637,6637
SH,603045,0.37,6633,6633
SZ,301080,0.21,6632,8768
SH,603071,0.42,6628,6628
SZ,002256,0.92,6627,6714
SH,603866,0.98,6623,6623
SZ,300685,0.71,6619,6628
SZ,002860,-2.67,6618,6775
SZ,002537,1.07,6615,6633
SZ,301232,-1.1,6609,11128
SH,688708,0.41,6608,18538
SZ,300276,0.97,6607,8757
SZ,002546,-0.23,6594,6864
SZ,002681,0.72,6591,7538
SH,603931,-2.87,6589,6589
SZ,920394,-0.32,6588,6637
SZ,002965,-5.17,6585,9177
SH,688108,-0.24,6583,6583
SH,601015,0.94,6577,6577
SZ,002014,0.74,6575,6682
SH,600590,-0.37,6571,6644
SZ,002023,0.56,6571,6631
SH,688328,0.51,6567,6567
SZ,300109,-0.85,6557,7309
SH,600195,0.31,6556,6556
SZ,300164,3.98,6555,6614
SZ,002733,-0.61,6555,6827
SZ,301176,-1.88,6554,6754
SZ,300401,-1.12,6550,6658
SZ,001391,0.94,6548,52620
SH,603416,0.45,6546,7364
SH,688621,1.39,6542,6542
SZ,300861,0.13,6539,10414
SH,600775,-6.08,6530,8883
SH,600429,2.35,6529,6549
SH,688488,0.19,6526,6526
SH,603166,0.1,6522,6573
SZ,300576,-3.39,6492,10314
SZ,002346,-1.18,6489,7308
SH,688556,-0.88,6488,6488
SZ,000777,-0.52,6483,6484
SZ,300031,0.16,6482,7713
SH,600894,0.79,6475,6507
SH,600713,0.4,6475,6567
SZ,300191,3.29,6459,9344
SH,688631,0.69,6457,6457
SZ,000597,0.22,6454,6535
SZ,000008,0.85,6438,6438
SH,605488,-0.37,6433,6993
SH,600496,0,6428,6428
SZ,001298,-0.81,6421,6816
SH,605179,10.03,6420,6420
SZ,002955,0.37,6419,7764
SZ,002785,-0.41,6407,7503
SZ,300174,-0.89,6400,6436
SH,605288,0.18,6400,6443
SH,603367,0.57,6397,6397
SH,600682,1.1,6391,7385
SZ,300341,-0.15,6385,6411
SZ,002446,0.27,6375,6884
SH,600828,1.94,6371,6374
SZ,300284,1.12,6360,6819
SH,603211,-0.12,6352,6352
SZ,300997,7.27,6349,6999
SH,600310,0.23,6347,6347
SZ,002214,0,6344,7938
SH,603567,-1.88,6341,6347
SZ,002550,0.6,6335,8613
SZ,000989,0.55,6324,7798
SH,603277,0.29,6317,6358
SZ,300868,-0.99,6316,9947
SZ,300045,-0.07,6315,8105
SZ,000905,0.59,6313,13125
SZ,920029,0.29,6311,6486
SH,601515,0.31,6293,6293
SH,688678,-1.44,6292,6292
SH,600770,0.21,6292,6292
SZ,300444,0.4,6287,8062
SH,688011,-0.65,6280,6301
SZ,002163,0.64,6276,6599
SH,600611,-0.24,6269,9480
SH,600525,0.42,6264,6264
SZ,002467,0.88,6260,6299
SH,605178,1.23,6260,6260
SH,600966,-0.42,6256,6256
SH,603877,0.45,6256,6264
SH,603065,-7.03,6255,6255
SZ,002810,-0.61,6236,6719
SZ,301248,0.36,6231,8526
SZ,301291,0.45,6228,11971
SZ,000058,0.8,6224,7781
SZ,002721,0.43,6223,6223
SZ,300990,-2.78,6222,13699
SH,601500,0.77,6221,6246
SZ,301050,1.1,6219,7301
SZ,300153,-0.3,6211,6243
SZ,002935,0.13,6210,6345
SZ,300492,3.02,6205,6205
SH,600643,1.04,6202,6213
SZ,300493,0.16,6201,6273
SH,600962,0.04,6191,6191
SZ,000593,0.52,6187,6190
SZ,002140,0.57,6186,6195
SZ,301339,0.56,6182,6295
SZ,300369,10.55,6179,6201
SZ,002650,1.09,6177,6178
SZ,002470,1.08,6177,6178
SH,600078,-0.52,6175,6308
SZ,002042,0.55,6173,6173
SZ,001314,-0.35,6171,7093
SH,688191,-1.04,6153,6153
SH,600368,0.53,6149,6149
SH,603213,0.15,6144,6144
SZ,300976,-0.81,6137,9542
SH,688577,0.33,6137,6137
SZ,301522,0.59,6135,8244
SH,688237,0.28,6134,6134
SZ,000751,-0.22,6133,7028
SZ,300739,-1.02,6129,7555
SZ,300137,-1.94,6127,6203
SZ,301392,-4.35,6127,15019
SH,603861,-1.69,6126,6265
SH,603383,0.34,6120,6120
SZ,300143,-0.4,6117,7151
SZ,003043,-1.37,6114,9365
SZ,000551,-1.4,6110,6112
SZ,300343,-0.51,6109,6122
SH,603368,0.46,6109,6109
SZ,300265,-1.05,6108,6112
SZ,002127,0.99,6104,7512
SZ,002664,0.8,6099,6184
SZ,002135,0,6096,6515
SZ,002990,-2.03,6094,11561
SH,688179,-1.63,6093,6093
SZ,300324,0.56,6088,6150
SH,600897,0.48,6087,6087
SH,688312,0.17,6084,6084
SH,600468,-2.77,6080,6080
SH,603229,0,6078,6078
SZ,000090,0.31,6072,6073
SZ,000595,-1.47,6069,6069
SZ,300598,1.45,6052,6054
SZ,003006,0.21,6051,6067
SZ,002437,0,6048,6422
SZ,300872,0.85,6044,6990
SZ,000957,1.6,6042,6042
SH,600400,-1.49,6026,6026
SH,688788,0.04,6022,6022
SZ,002104,0.5,6021,7112
SZ,300435,-0.48,6020,6295
SZ,002052,-0.45,6018,6569
SH,600103,1.12,6018,6095
SH,688799,0.2,6016,6016
SZ,301328,-0.84,6015,8323
SH,688276,1.04,6015,6015
SH,688103,-1.93,6014,6014
SZ,300360,0.67,6013,6181
SH,605598,-0.55,6012,6012
SH,688518,-0.39,6007,6007
SZ,002796,-0.82,6007,6657
SZ,000541,0.21,6005,7495
SZ,002382,5.82,5987,6046
SH,603200,0.24,5986,5986
SH,600604,0.47,5982,7962
SZ,301638,-1.52,5973,75898
SH,603197,-0.1,5969,6051
SH,600313,0.18,5952,6388
SZ,000948,8.6,5946,5958
SH,603363,0.73,5946,7565
SH,603708,1.2,5943,5943
SZ,002840,1.36,5943,5984
SZ,000524,2.07,5936,5938
SZ,002123,0.24,5930,6629
SZ,000572,0.84,5929,5937
SH,688818,0.43,5925,77953
SZ,301286,-1.07,5921,14688
SH,688366,0.69,5917,6977
SH,603990,1.52,5913,5913
SH,605005,0.75,5903,5903
SZ,000915,0.52,5897,5900
SZ,002210,0,5895,5908
SH,600983,1.05,5894,5894
SZ,301326,-1.14,5889,5941
SZ,002885,2.56,5884,6719
SH,603311,0.12,5883,5883
SH,603969,-0.42,5876,6014
SZ,002082,3.09,5872,6325
SH,605188,1.31,5870,5870
SZ,002057,0,5868,5873
SZ,000793,0,5862,9667
SH,600501,1.03,5857,5857
SZ,000722,0.32,5853,7205
SZ,300222,-0.21,5842,7165
SH,600617,-10.1,5842,6347
SZ,300134,0.4,5841,5841
SH,603778,0.55,5831,5987
SH,600488,1.71,5831,5831
SZ,300986,0.3,5828,5832
SH,603489,0.12,5828,5828
SH,688526,0.48,5827,5827
SZ,300540,-1.7,5813,6400
SZ,002970,-0.23,5813,8459
SZ,002971,-1.68,5812,7604
SZ,300722,0.57,5812,5812
SZ,002272,-1.03,5812,6905
SZ,002678,1.18,5810,5814
SH,603123,-1.43,5805,7109
SZ,002009,0.68,5803,6593
SH,600683,0.51,5800,5800
SZ,300985,-1.88,5795,5795
SH,600433,1.53,5793,5793
SZ,000735,0.6,5789,5792
SZ,000913,1,5789,5859
SZ,002606,-0.57,5785,6028
SH,605183,0,5782,5821
SZ,000026,-0.24,5782,6435
SZ,300470,0.45,5782,6092
SH,688610,-1.19,5779,9601
SH,688365,1.34,5778,5778
SH,603155,-1.86,5769,5769
SZ,002734,0.53,5768,6319
SH,603867,-0.66,5765,5813
SH,600866,0.88,5764,7626
SZ,002141,-2.61,5764,5764
SZ,300819,0.54,5762,6380
SZ,002752,0.85,5756,5764
SZ,002605,0.47,5750,7099
SH,688478,-0.75,5745,5745
SH,688230,-0.13,5744,5744
SZ,003010,-0.38,5742,7898
SZ,002101,1.29,5741,5747
SH,600586,0,5740,5740
SZ,300852,-0.55,5740,5946
SH,688499,0.35,5737,5737
SZ,000881,0.79,5730,5994
SZ,301678,-0.26,5728,9874
SH,600841,0.37,5726,7619
SH,603108,1.07,5726,5726
SZ,002438,-0.07,5725,6197
SH,603466,-0.2,5722,5722
SZ,002519,0,5722,5767
SH,600826,-0.49,5721,5721
SH,600375,0.51,5719,6268
SH,600963,0.93,5712,5712
SH,603507,-0.03,5711,5775
SZ,300825,-1.74,5707,5830
SH,605018,1.51,5707,5707
SZ,002390,0.68,5706,5754
SZ,002302,0.67,5706,5706
SH,600106,1.42,5702,5702
SZ,002067,0.24,5698,6283
SZ,300579,1.91,5697,5905
SH,600054,0.82,5692,8089
SZ,002232,1.31,5691,5691
SZ,300617,-1.1,5681,6776
SZ,920599,-0.17,5676,7488
SZ,300079,1.14,5664,6303
SZ,300900,0.05,5660,7223
SH,688787,-0.43,5659,5659
SH,600449,0,5657,5657
SH,600851,-0.12,5655,9246
SH,688232,1.97,5654,5654
SZ,300256,0,5653,5716
SZ,002510,1.44,5647,5705
SZ,000561,0.55,5643,6281
SZ,002073,1.09,5638,5696
SZ,300226,1.05,5637,5863
SZ,300969,0.14,5635,11815
SZ,300358,0.63,5631,5742
SZ,300048,0.2,5629,5639
SH,600855,0.5,5626,5637
SZ,002132,-0.49,5625,5634
SZ,301307,-4.2,5616,10873
SZ,000900,0.27,5616,5616
SH,688290,0.55,5615,5615
SZ,002421,0,5609,5938
SZ,300075,1.21,5608,6758
SH,600691,0.43,5606,5607
SH,600035,0,5603,5603
SH,600223,1.29,5601,5601
SZ,300731,-0.91,5601,5902
SH,688185,-0.05,5601,12098
SH,688408,-0.42,5599,5599
SZ,301137,-1.84,5596,5596
SZ,001236,1.23,5595,7437
SZ,002206,0,5591,6147
SH,688151,0.68,5584,5584
SZ,000912,0.85,5582,5582
SH,688219,0.2,5567,5567
SH,688717,0.25,5565,8990
SZ,301153,1.58,5560,5961
SZ,300043,1.13,5559,5562
SZ,001330,1.92,5558,6570
SZ,300815,-9.93,5555,5672
SH,600982,0.61,5555,5555
SH,603587,0.51,5554,5554
SH,603668,-0.08,5554,5554
SZ,300467,-0.48,5551,6627
SH,688334,0.17,5550,5629
SH,600477,0.43,5544,5544
SH,603609,0.49,5542,5542
SH,688079,-1.5,5535,5632
SH,605366,-1.23,5533,5533
SH,688620,-0.83,5527,5527
SH,600255,0,5527,5527
SZ,002218,-1.23,5523,5605
SZ,000025,-0.41,5522,6061
SZ,002527,0.68,5522,6922
SZ,000036,0,5514,5517
SZ,000697,-0.34,5512,11783
SZ,000908,-0.15,5507,11015
SH,605277,-0.54,5497,5599
SZ,002213,-1.14,5495,6315
SH,688658,0.91,5495,5495
SZ,300047,0.95,5492,6103
SH,688709,-1.86,5484,15749
SZ,002349,0.6,5479,5593
SH,600203,-0.95,5479,5479
SH,601700,0,5477,5477
SZ,300983,-0.82,5477,6193
SZ,002452,-0.18,5474,6557
SH,601968,0.7,5473,5473
SH,688767,-0.75,5470,5470
SZ,000779,0.77,5466,5466
SZ,002279,6.18,5465,5923
SZ,002943,-1.12,5458,7712
SH,600425,0.89,5456,5456
SH,600694,0.7,5451,5451
SZ,301261,-0.03,5442,5489
SH,600742,0.69,5439,5439
SZ,301101,1.12,5439,5646
SZ,301209,-3.32,5439,6366
SH,601116,1.85,5438,5438
SZ,300212,0.26,5434,5601
SZ,002538,0.16,5434,5437
SH,603135,-0.57,5433,5474
SZ,000670,-1.79,5431,5532
SZ,300128,-1.17,5423,5430
SH,600292,0.41,5421,54052
SZ,300258,0.11,5420,5564
SH,688685,1.49,5419,5419
SH,603889,0.88,5417,5458
SZ,002263,0.35,5410,5410
SH,601008,0.93,5409,5409
SH,601121,-0.43,5408,6653
SZ,300041,-0.99,5406,5555
SH,688562,0.9,5404,5404
SH,600230,-0.07,5402,5402
SH,600829,0.65,5399,5399
SZ,301583,-0.08,5394,32447
SH,600698,0.62,5390,6935
SH,603194,1.19,5389,13674
SZ,002956,3.92,5385,5385
SH,603855,-0.24,5379,5410
SH,600081,0.41,5375,5375
SH,603366,0,5374,5374
SH,605555,0.45,5373,5373
SZ,002068,-1.34,5365,5368
SH,603776,1.87,5357,5357
SZ,300393,-0.35,5353,6102
SH,605056,0.99,5353,5433
SZ,300006,0.2,5353,5353
SZ,002298,1.51,5346,5987
SZ,300939,-1.69,5342,5342
SZ,002640,0.88,5342,5375
SZ,000501,0.72,5340,5344
SZ,002572,0.74,5335,7887
SZ,002803,-0.38,5335,8210
SZ,300820,-1.05,5333,10601
SH,600730,0.66,5333,5333
SH,688796,-0.69,5329,61685
SH,603068,-2.79,5328,5328
SH,603333,0.47,5326,5326
SZ,300465,0,5325,5325
SZ,300046,0.04,5324,5324
SZ,300566,-3.13,5320,6152
SZ,000411,0.64,5310,5321
SH,600278,0.33,5309,5309
SZ,000557,0.83,5307,5308
SZ,000920,-1.74,5303,5303
SZ,300706,-1.99,5293,7139
SZ,002697,1.54,5291,6283
SZ,300119,0.83,5288,7366
SZ,300708,0,5288,6915
SZ,300203,-0.24,5286,5291
SH,600644,0.55,5286,5286
SZ,000717,0.93,5283,5284
SZ,300197,0,5278,5278
SZ,300293,-8.01,5276,5276
SZ,301301,0.71,5276,18997
SZ,002191,0.53,5274,5317
SH,603887,0.81,5274,5274
SZ,301000,0.31,5272,5584
SZ,300581,0.31,5270,5270
SH,600815,-1.97,5269,5269
SH,600592,0.3,5266,5266
SZ,002424,0.66,5264,6387
SZ,301580,1.38,5262,7788
SZ,300127,0.4,5260,7365
SH,688757,-1.45,5259,11704
SZ,000404,0.93,5258,5283
SZ,002029,0.38,5257,5570
SZ,300909,-0.62,5255,7038
SH,688598,-0.68,5252,5355
SZ,301607,1.44,5243,8087
SZ,301292,-2.42,5241,13706
SZ,000042,0.25,5240,5246
SH,603153,0.62,5237,5316
SH,688309,-0.59,5233,5233
SZ,003012,1.77,5230,5334
SH,688553,0.29,5226,6447
SZ,002635,-0.29,5225,8714
SZ,300528,2.19,5224,5224
SZ,000531,0.53,5222,5978
SZ,300159,0.35,5214,9312
SZ,301099,-1.19,5213,8566
SH,603012,2.03,5211,5211
SZ,300039,-1.21,5208,5941
SH,600720,0.58,5207,11840
SZ,002351,0.81,5205,8882
SH,688510,-0.04,5204,5204
SH,688109,-0.01,5200,5200
SH,603848,1.33,5199,5199
SH,601518,0,5199,5199
SZ,300696,0.62,5198,5726
SH,603269,1.95,5188,5188
SZ,001328,0.66,5180,5515
SZ,301312,-1.14,5179,10295
SH,603098,0.73,5178,5185
SZ,920493,7.69,5177,7026
SZ,300451,0.89,5175,5252
SH,688117,0.64,5174,5174
SZ,301529,-0.39,5170,9631
SH,688707,0.4,5169,5169
SZ,002685,0.39,5169,5169
SH,603686,0.57,5164,5164
SH,605339,2.62,5155,5155
SH,600199,4.82,5151,5151
SZ,002951,0,5150,5200
SH,603336,0.12,5150,5150
SZ,000560,0.46,5145,5182
SZ,300443,-0.23,5144,6784
SZ,002255,-0.48,5142,6697
SH,600217,0.98,5139,5139
SZ,000652,0.57,5133,5137
SZ,300626,-0.65,5129,5132
SZ,300709,-0.95,5128,6387
SH,600138,1.14,5125,5125
SH,601199,0.55,5116,5116
SZ,002358,-0.17,5114,5114
SZ,002274,-0.36,5111,5190
SZ,300019,-0.06,5105,5445
SZ,000525,0.44,5103,5981
SH,688575,0.9,5102,5102
SZ,300905,-0.56,5097,6534
SZ,002567,0.56,5097,5102
SH,600605,0,5095,5095
SH,600743,-0.45,5091,5091
SH,600981,0.89,5090,5090
SZ,300067,-3.37,5089,6268
SH,688505,0,5088,7422
SZ,002300,-0.41,5085,5085
SZ,300217,0,5077,6045
SH,600769,-0.43,5077,5077
SH,688699,-1.8,5076,5076
SZ,300925,1.89,5075,6225
SZ,920368,-0.34,5075,5334
SZ,002577,0.84,5072,5072
SZ,002631,1.11,5071,5095
SH,600603,0.94,5068,5068
SH,600868,0,5068,5068
SH,603595,-0.45,5067,5067
SZ,002419,0.45,5067,5067
SZ,300151,-0.42,5066,7317
SH,600984,1.51,5066,5066
SZ,000888,0.95,5064,5064
SH,600189,1.29,5064,5064
SZ,300261,-1.09,5063,5173
SH,603897,0.37,5060,5060
SH,605050,0.49,5056,5056
SZ,300756,0.27,5055,5809
SZ,002870,0.56,5054,5176
SZ,002708,3.38,5053,5497
SH,600756,1.3,5053,5451
SZ,300981,19.98,5050,5511
SH,603173,0.67,5050,5050
SH,688656,0.35,5047,5047
SH,688135,-0.36,5047,5047
SH,600300,0.32,5045,5045
SZ,003040,2.8,5039,5086
SH,688776,0.85,5037,5037
SH,688315,0.67,5036,5036
SZ,000409,0.35,5031,5774
SZ,300291,15.6,5031,5096
SZ,300633,0.52,5028,8212
SH,688733,0.44,5026,5026
SZ,301012,-0.22,5022,5022
SZ,300221,-2.5,5022,5150
SZ,300926,0.78,5021,7318
SH,605009,0.21,5019,5019
SH,603130,-0.13,5017,5017
SZ,002196,2.09,5011,5088
SH,688173,-0.72,5010,5058
SH,600825,1.27,5005,5005
SZ,300057,0,4994,6031
SZ,002489,0.38,4993,5661
SH,603685,-2.01,4992,6268
SZ,002383,1.05,4990,4990
SZ,300278,0.85,4989,5005
SZ,002642,3.86,4988,4988
SH,601177,0.65,4982,5047
SH,605228,0,4981,5001
SZ,002164,0.39,4980,5524
SH,688307,-2.76,4974,4974
SH,600279,1.45,4973,4973
SH,605377,-1.53,4971,4971
SH,600234,0.64,4967,4967
SZ,003033,-1.26,4963,5025
SZ,301155,-0.58,4957,8743
SH,603727,4.15,4953,4953
SZ,300082,-1.34,4952,4965
SZ,300525,1.9,4952,6036
SZ,000796,1.92,4950,5966
SH,603590,0.32,4949,4974
SH,688689,-1.43,4949,4949
SH,600569,0,4941,4941
SZ,301323,-0.46,4936,7673
SZ,002988,0.71,4931,4931
SZ,002047,0,4928,4928
SZ,300446,0.38,4927,11151
SZ,300307,0.48,4926,5011
SZ,001313,0.72,4922,4928
SZ,001323,1.28,4921,6879
SZ,002102,0,4920,5719
SZ,000852,0.58,4913,4941
SH,603170,0.82,4912,4912
SZ,002787,-2.26,4912,6581
SZ,002229,0.2,4912,4942
SH,688352,-0.88,4910,15940
SH,600939,0.78,4908,4908
SZ,300792,0.61,4905,5466
SZ,002301,0.15,4904,4945
SZ,001359,-0.83,4902,19608
SZ,003041,-0.38,4900,5157
SZ,300158,0.41,4898,4902
SZ,300569,0.21,4894,4909
SZ,002376,0.65,4888,5034
SZ,002749,1.24,4888,4997
SZ,300093,-0.93,4887,11426
SH,600889,0.08,4887,7825
SZ,300063,1.04,4887,5917
SZ,002833,1.09,4885,7153
SH,688225,3.13,4884,4884
SZ,300192,1.42,4882,4940
SZ,301306,-0.49,4879,7068
SZ,300856,0.38,4878,5047
SH,600237,-1.26,4872,4918
SZ,300084,-0.18,4870,5674
SH,601279,1.32,4868,4868
SZ,300959,-0.73,4865,7472
SH,600593,2.14,4861,4923
SZ,301004,-0.1,4860,5207
SZ,002189,-1,4860,4861
SZ,002530,0.43,4859,5447
SH,688601,1.31,4853,4853
SH,603353,0.96,4850,4850
SH,600197,0.99,4850,4850
SZ,300918,0.1,4849,4849
SH,688679,-1.41,4844,4844
SH,600284,0.6,4842,4842
SZ,002528,1.1,4841,5526
SZ,300036,1.02,4838,5356
SZ,300368,1.67,4835,4835
SH,688711,0.36,4834,4834
SH,601011,0.4,4827,4827
SH,688101,0,4827,4827
SZ,300783,1.23,4826,6917
SH,603610,0.15,4822,4822
SZ,002066,0,4821,4903
SZ,300592,-6.78,4818,5481
SZ,002819,-0.63,4817,6070
SH,603901,0.45,4816,5122
SH,600073,1.58,4811,4811
SZ,002657,1.13,4810,4866
SH,600308,0.32,4808,4808
SZ,002166,0.46,4808,4828
SZ,002307,0.68,4806,4864
SH,600979,0,4805,4879
SH,603365,0.33,4805,4830
SH,688345,1,4803,4826
SZ,002134,-1.06,4802,4805
SZ,000880,0.14,4799,9806
SH,605368,1.21,4795,4795
SH,688448,-0.78,4789,4789
SH,688095,1.97,4778,4778
SH,688566,0,4776,4776
SH,603111,0.18,4774,4914
SZ,300507,0.49,4774,4932
SZ,300287,1.4,4772,5196
SZ,300066,-0.2,4771,4971
SZ,300283,-1.28,4766,6451
SH,600231,1.2,4765,4825
SZ,300406,0.54,4760,6576
SH,688348,0.1,4760,4760
SH,601789,0.92,4760,6677
SZ,301053,-1.19,4759,5125
SH,688386,-0.39,4758,5209
SH,600784,0,4757,4757
SZ,002344,1.09,4754,4759
SH,600084,1.44,4753,4753
SH,601086,1.42,4749,4749
SH,600814,0.47,4734,4734
SZ,002824,-1.31,4734,6513
SH,603196,1.37,4733,8361
SH,600336,-0.16,4732,4732
SH,688323,-0.07,4731,4731
SZ,002033,1.41,4731,4731
SZ,002122,0.85,4731,4764
SH,688007,0.19,4729,4729
SZ,001322,0.67,4729,5822
SZ,002238,1.2,4727,4727
SH,688181,-1.73,4727,4727
SZ,002649,1.15,4725,5211
SH,600495,0.51,4724,4724
SH,603131,-0.06,4720,4720
SZ,301070,-1.37,4718,7019
SH,600610,0.45,4713,7124
SZ,002165,-1.51,4707,4757
SH,603660,0,4698,4698
SH,688170,-0.78,4693,4693
SH,600790,1.27,4691,4691
SH,601566,0.74,4689,4689
SZ,300300,-0.41,4688,4688
SZ,002038,0.18,4686,5650
SH,605287,2.26,4684,4684
SZ,002959,0.78,4682,5219
SZ,002662,0.32,4680,4680
SZ,301333,1.53,4678,4684
SZ,300233,0.64,4678,4856
SZ,300663,13.39,4678,4861
SH,605299,-0.25,4676,4676
SZ,002713,0.57,4675,8448
SH,688580,-0.24,4672,4672
SZ,002805,-1.75,4667,4688
SZ,301566,1.71,4659,8828
SH,688720,-2.08,4659,7307
SH,603187,0.5,4657,4706
SZ,300488,-0.16,4657,5488
SH,603701,-0.33,4655,4655
SZ,002638,0.29,4653,4942
SZ,002334,0.48,4645,5200
SZ,002375,0.58,4645,4677
SZ,002479,0.37,4643,4654
SZ,000517,0.54,4635,5922
SZ,300680,0.05,4634,6021
SH,600191,0.95,4631,4631
SZ,301048,0.58,4629,4629
SZ,002481,0.73,4629,5108
SH,605580,-0.11,4626,4626
SZ,000571,-2.23,4623,4766
SZ,000925,-1.84,4618,4653
SZ,000993,0.4,4612,4612
SH,603980,4.77,4609,4609
SZ,002482,0,4605,4614
SH,600551,0.74,4597,4597
SH,600571,0.7,4596,4682
SZ,002695,-0.54,4593,5025
SZ,000608,-0.8,4592,4619
SH,688683,-1.03,4591,4591
SH,601002,0,4591,4591
SZ,000759,1.6,4590,4637
SZ,002523,0.31,4588,4604
SZ,002526,0.39,4587,4617
SZ,300788,1.77,4585,4585
SH,688410,0.2,4582,4582
SZ,301182,-1.08,4582,5024
SZ,002892,0.33,4575,6784
SZ,002111,0.21,4575,4980
SH,603511,0.18,4573,4619
SZ,300259,-1.73,4573,4574
SH,603162,0,4573,14912
SZ,301362,-1.17,4572,16296
SZ,301368,0.08,4571,4571
SH,600681,0.89,4569,4572
SZ,300087,-0.19,4557,4784
SZ,301629,-1.53,4554,9899
SZ,300161,-0.5,4545,4632
SH,600121,0.54,4545,4545
SZ,001317,2.76,4544,4549
SZ,300388,0.15,4543,4543
SZ,300755,1.59,4528,4531
SH,603216,1.4,4527,4527
SZ,002201,-0.91,4527,4900
SZ,002570,1.7,4525,4525
SH,600513,0.13,4524,4524
SH,688282,-0.05,4523,4523
SZ,920640,-0.62,4523,4701
SH,603212,-0.28,4519,4519
SH,688057,0.8,4515,4515
SZ,300027,1.73,4514,4883
SH,603221,9.98,4513,4513
SH,605338,1.62,4513,4513
SZ,002940,-0.93,4513,4914
SH,603499,1.14,4512,4512
SZ,002483,0.39,4506,4512
SH,600351,0.31,4505,4505
SZ,002915,-1,4500,5237
SH,688389,0.19,4499,4499
SZ,002727,0.79,4499,6705
SZ,301379,-2.46,4496,5705
SZ,000507,0.4,4494,4580
SH,688609,-0.76,4490,4687
SZ,300105,-1.13,4490,4493
SZ,002045,3.63,4488,4494
SZ,300292,0.5,4486,5394
SZ,002559,-1.21,4486,5713
SZ,301239,1.45,4483,4722
SZ,002556,1.05,4474,4478
SH,688691,-0.86,4468,7349
SZ,002884,0.25,4467,5852
SZ,301268,-0.07,4466,4938
SH,603286,0.9,4466,4509
SH,688377,0,4461,4461
SH,600523,0.09,4461,4464
SH,605028,1.31,4458,4458
SH,603387,1.97,4453,4453
SZ,002632,-0.25,4452,4841
SH,600088,1.08,4450,4450
SZ,300249,-0.24,4448,5451
SH,601218,-1.28,4448,4448
SH,603429,3.92,4448,4448
SZ,002637,0.74,4445,4497
SZ,002590,0.22,4445,4661
SH,600207,0,4444,4444
SH,601588,0.6,4442,5623
SZ,300215,-0.16,4442,4442
SZ,300138,1.92,4441,5387
SZ,301256,-0.85,4440,4440
SH,603408,0.51,4440,4440
SZ,002707,1.79,4437,5041
SZ,300016,0.51,4435,4590
SZ,000886,0.44,4430,4479
SZ,300797,-0.5,4428,4440
SZ,002154,1.08,4424,5473
SZ,301211,-0.46,4422,4422
SZ,002882,0.34,4422,7758
SZ,300697,-1.68,4422,5776
SH,603191,0.6,4422,4422
SZ,301366,-1.04,4421,7918
SZ,301330,-0.9,4421,5354
SH,688591,-0.3,4418,6305
SZ,002757,1.16,4417,4627
SH,688085,0.96,4414,4618
SH,600101,0,4410,4410
SH,600715,1.32,4408,6252
SZ,002401,1.02,4408,4412
SH,600178,0.32,4404,4404
SZ,000936,0.61,4403,4403
SH,600626,0.6,4398,4398
SH,603558,-0.69,4396,4396
SH,688667,-0.57,4395,4395
SH,688330,-0.12,4390,4390
SZ,002194,-0.11,4388,5869
SZ,301055,-1.43,4388,4483
SZ,002880,0.52,4386,4386
SZ,301367,-0.35,4386,5601
SZ,300219,-2.35,4381,4389
SZ,002478,0,4380,5459
SH,688115,-0.41,4378,4378
SH,603711,2.22,4376,4376
SZ,300463,0.68,4375,5382
SZ,301265,-0.65,4374,5432
SZ,000863,0.27,4374,4439
SH,600288,1.11,4372,4372
SH,603070,-0.17,4371,4371
SZ,000417,-0.87,4370,4375
SZ,000045,-4.11,4365,4837
SH,603822,1.41,4363,4363
SZ,300149,0.88,4361,4576
SH,603137,-6.62,4354,4354
SZ,300847,0.68,4351,4351
SH,688786,-1.21,4349,4349
SH,603158,-0.88,4348,4348
SH,600382,1.62,4347,4347
SZ,300490,-0.62,4345,4405
SH,603803,-3.03,4342,4342
SZ,920576,0.32,4335,4379
SZ,301349,-1.62,4335,5490
SH,600283,0.13,4335,4335
SH,603726,-1.67,4329,4351
SZ,300547,-0.73,4327,5266
SH,688210,-1.51,4327,4327
SZ,002303,-2.39,4322,6845
SH,601065,0.3,4319,4319
SZ,300802,-5.44,4318,6062
SZ,002774,-0.57,4317,5158
SZ,002059,1.62,4316,4445
SH,688696,0.36,4313,4313
SZ,300968,-0.85,4312,4312
SZ,300692,1.45,4310,4723
SH,688119,0.52,4309,4309
SZ,002543,0.62,4307,4841
SZ,001283,0.1,4307,5401
SH,688073,1.48,4306,4306
SZ,000078,-1.79,4305,4315
SZ,000558,1.52,4304,4306
SH,600173,0.66,4301,4301
SZ,002651,1.33,4298,7854
SZ,300523,0.33,4292,4292
SZ,002501,0,4291,4296
SZ,002522,-0.62,4290,4293
SZ,301487,0.13,4288,7225
SZ,001338,0.71,4285,4285
SH,600658,0.26,4284,4284
SH,688356,0.03,4283,4283
SZ,002124,-0.45,4280,4822
SH,688267,-1.1,4278,4278
SZ,301179,0.11,4277,7283
SZ,002291,1.23,4276,4601
SH,603110,0.81,4276,4276
SZ,300643,-1.32,4275,4284
SH,688419,-0.2,4269,4269
SH,688665,1.91,4269,4269
SZ,300267,0.67,4267,6188
SH,688539,-0.51,4267,4267
SH,600758,0.31,4266,4270
SH,603988,2.66,4264,4264
SZ,002146,0,4264,4739
SZ,002627,1.33,4259,4305
SZ,300737,-0.2,4258,5329
SZ,300461,-0.13,4253,4630
SH,603060,0.57,4253,4253
SZ,000720,-1.16,4247,4247
SZ,000521,0.21,4245,4995
SZ,000718,0,4244,5644
SZ,002746,0.17,4244,5146
SZ,301413,-0.42,4243,7106
SZ,002026,0.52,4242,4242
SZ,300702,0.3,4238,7008
SZ,300871,0.29,4237,4237
SZ,301365,-2.35,4237,6277
SZ,001207,0.07,4234,4386
SZ,000819,0.87,4231,4271
SH,600976,0.73,4231,4234
SZ,002641,0,4230,4585
SZ,300534,-1.74,4229,4247
SH,603598,0.58,4224,4229
SZ,300917,0.48,4223,4223
SH,603528,0.84,4221,4221
SZ,002393,0.5,4221,4344
SH,603018,0.39,4219,4219
SZ,300727,0.04,4216,4685
SH,603767,0.74,4216,4216
SH,603790,0.59,4216,4216
SZ,002540,0.2,4214,6126
SH,600609,0.62,4214,4214
SZ,002907,0.32,4211,5237
SH,688379,-0.35,4209,4437
SZ,002919,0,4204,4234
SZ,000821,-0.28,4202,4329
SZ,300271,0.57,4202,4295
SH,603666,0,4201,4201
SH,688228,0.94,4199,4199
SH,603611,0.43,4196,4196
SZ,300791,0.93,4196,5032
SH,605300,0.44,4194,4194
SZ,002454,1.27,4194,4202
SZ,300441,-0.44,4181,4305
SZ,300648,-1.06,4177,5486
SZ,301058,0.62,4175,4245
SH,603683,-2.28,4174,4217
SH,600168,0,4172,4172
SZ,002455,-0.62,4170,4559
SH,688218,-0.99,4167,4167
SH,605577,1.85,4164,4164
SH,600558,0.22,4156,4156
SH,600880,2.43,4154,4155
SH,603122,0.39,4148,4148
SZ,002264,1.59,4146,4585
SZ,300210,-0.34,4145,4145
SH,600071,-0.13,4142,4142
SZ,300688,0.07,4140,4670
SH,603976,-1.54,4139,4139
SH,603348,0.23,4135,4135
SH,603439,-0.48,4131,4131
SZ,300785,1.17,4131,6715
SH,603209,0.63,4131,4176
SH,688320,-0.39,4129,4129
SZ,300147,-0.15,4128,4153
SZ,300654,-1.34,4126,4284
SZ,002367,0.39,4124,4140
SZ,301045,-1.51,4124,6525
SZ,300561,0,4120,5607
SZ,300123,1.22,4115,4230
SH,688061,-1.12,4113,4113
SH,688010,-3.72,4104,4104
SZ,000016,0.39,4103,6188
SH,603697,1.05,4102,4102
SH,603682,0.93,4101,4101
SH,688196,0.5,4099,4099
SZ,002443,0,4097,4097
SH,603150,-0.45,4094,4094
SZ,301325,-0.2,4094,4094
SH,603681,-0.51,4092,4092
SZ,002117,0.51,4089,4090
SZ,301391,0,4085,4181
SZ,002490,1.07,4085,6016
SZ,002758,1.16,4079,4083
SH,600227,3.91,4076,5387
SZ,002843,-0.66,4073,4098
SH,688639,0.74,4072,4072
SH,688635,0.07,4071,21478
SZ,002285,0.98,4069,4105
SZ,300506,2.41,4063,7884
SZ,300532,0.3,4063,4272
SZ,000526,1.18,4058,4071
SZ,300586,-1.55,4058,5398
SZ,301007,-0.18,4056,4110
SH,603222,-0.76,4054,4054
SH,600340,0,4049,4049
SH,603167,0.12,4044,4044
SH,603998,0.88,4044,4044
SZ,300397,0,4041,5125
SH,688207,0.45,4040,4040
SH,688655,-1,4039,4039
SZ,301230,1.02,4035,4486
SZ,002427,0.99,4027,4030
SZ,301370,0.71,4019,4019
SZ,920077,0,4018,7803
SH,600479,0.31,4018,4725
SH,600819,0.79,4017,4972
SH,688719,-0.52,4014,5162
SZ,002989,-0.33,4014,4091
SZ,300286,0.36,4012,4843
SH,603916,0.63,4010,4010
SH,600337,-0.35,4009,4009
SZ,300541,1.18,4008,4442
SH,600076,-0.66,4007,4007
SH,603016,-0.62,4005,4005
SZ,300793,-0.08,4004,4095
SH,603165,0.16,4003,4003
SH,603206,0.38,3998,3998
SZ,301488,0.14,3994,9749
SH,603918,4.8,3987,3987
SH,688236,0.36,3980,5293
SZ,300587,0.53,3979,4907
SH,600261,0.34,3978,3978
SZ,002644,0.52,3978,3978
SH,603318,2,3976,4803
SH,603069,1.13,3975,3975
SZ,301458,-0.55,3974,9021
SH,603928,-5.04,3973,3973
SH,600725,0.94,3969,3969
SH,603966,0.53,3965,3971
SZ,300196,-0.85,3965,6562
SZ,000428,5.99,3964,3964
SZ,300091,-0.4,3958,6878
SZ,300317,-1.84,3954,3960
SH,688551,-0.65,3952,3952
SZ,002321,0.54,3950,3967
SZ,301160,-0.33,3949,5943
SZ,300984,-0.8,3949,6128
SH,600729,1.79,3948,9034
SH,600152,-0.79,3947,3947
SH,605086,0.87,3944,3944
SZ,300326,0,3942,3944
SH,600650,1,3941,5566
SZ,300206,2.74,3939,6747
SH,603035,0.75,3938,3938
SZ,300859,0.99,3937,3937
SH,600505,0,3934,3934
SH,603398,-0.32,3924,3924
SZ,000655,0.76,3923,3923
SZ,300071,3.23,3923,4000
SH,600379,0.42,3923,3923
SZ,002950,3.17,3918,5775
SZ,002040,0.88,3918,3918
SZ,300705,0.57,3918,5298
SH,603960,0.95,3917,3917
SZ,002876,-0.93,3917,4573
SH,605088,0.36,3915,3945
SH,603032,-0.76,3915,3921
SH,605208,0.68,3913,3913
SH,603072,0.49,3912,8190
SZ,002520,0.18,3910,4089
SZ,301075,1.22,3910,3910
SZ,300878,-0.65,3909,3927
SZ,000520,0.78,3907,3907
SZ,300246,2.38,3906,4887
SZ,300491,0.28,3902,4399
SH,603217,0.27,3902,3902
SH,605162,-4.54,3901,3901
SH,603088,-0.21,3901,4476
SZ,300228,0.29,3901,4170
SZ,300355,0,3894,4572
SH,601368,0.68,3894,3894
SH,603967,0.54,3890,3890
SH,603661,0.47,3888,3888
SH,600222,0.29,3888,3888
SH,603015,0.42,3885,3885
SZ,300662,1.28,3883,3895
SZ,002161,-0.75,3883,3884
SZ,002112,0.41,3874,4347
SH,603689,0.41,3874,3891
SZ,002005,0,3872,3873
SH,603097,-0.8,3871,3962
SH,688168,0.17,3870,3870
SH,600727,0.41,3869,3869
SZ,300320,0.5,3868,4792
SH,605268,0,3868,3868
SH,603758,0,3868,3868
SZ,002160,0.54,3865,3873
SZ,920593,0,3862,4547
SH,600628,1.02,3862,3862
SH,603869,-0.62,3860,3860
SZ,002406,0.63,3854,4673
SZ,002418,0,3852,3852
SH,600798,0.95,3849,3849
SZ,002380,1.35,3848,6494
SZ,301235,1.03,3848,5157
SZ,000096,1.07,3847,3976
SZ,301282,-1.88,3846,4594
SZ,300121,-0.66,3843,3985
SH,603912,0.28,3842,3842
SH,600135,-0.42,3840,3840
SZ,300712,0.34,3839,3856
SH,688459,0.13,3835,3835
SZ,301277,0.1,3835,3835
SZ,920946,-0.32,3833,3834
SZ,300429,-2.23,3831,5093
SH,603090,-0.07,3830,3830
SZ,000882,1.45,3829,3832
SZ,002586,-0.27,3828,4028
SZ,002116,1.02,3821,3890
SZ,300189,0.23,3820,4413
SH,600792,1.18,3818,3818
SH,603315,-0.49,3816,3816
SH,600714,0.46,3815,3815
SH,688247,0.6,3813,3813
SZ,301168,-0.24,3813,4800
SZ,003019,0.82,3807,3939
SZ,002788,0.5,3807,3874
SZ,300539,0.75,3807,4684
SZ,301603,-0.78,3805,12177
SZ,300061,0.33,3801,4026
SZ,300964,-0.87,3799,5177
SZ,300893,0.07,3796,7157
SZ,002560,-0.49,3794,4404
SZ,002177,2,3793,4278
SZ,000850,0.5,3792,3794
SH,688186,-0.8,3792,3792
SZ,002449,0.16,3791,3791
SZ,300700,-1.61,3791,5562
SZ,300022,0.26,3791,3791
SH,603324,-2.13,3789,3789
SH,688023,3.43,3785,3785
SZ,002765,0.47,3784,4141
SZ,002902,-0.83,3782,5003
SZ,300836,0.97,3781,5523
SZ,002554,1.8,3774,3774
SZ,300963,-1.4,3771,5141
SZ,003026,-1.95,3767,4893
SH,600530,1.25,3766,3766
SZ,000906,1.32,3766,3811
SZ,300606,0.13,3766,4427
SZ,300227,-0.47,3765,4915
SH,688291,0.52,3762,3762
SZ,300669,0.98,3761,3972
SZ,001316,0.68,3760,4034
SZ,300421,0,3759,4799
SZ,920239,-0.75,3758,3804
SH,600469,0.59,3757,4584
SZ,300745,-1.81,3756,4448
SZ,002589,1.1,3755,4138
SZ,300183,1.4,3755,4682
SH,688311,0.28,3754,3754
SZ,300403,0.57,3754,5300
SZ,002035,0.84,3754,4069
SZ,301116,0.24,3753,3753
SZ,300557,-1.06,3751,3770
SZ,300332,1.99,3745,3908
SZ,000816,2.36,3743,3762
SZ,300318,1.07,3740,3856
SZ,002553,-0.06,3738,5156
SH,688633,0.05,3737,3737
SH,603978,-2.52,3736,3736
SZ,920139,0.7,3736,3867
SZ,300882,-0.13,3734,4013
SZ,000822,0.72,3733,3733
SH,603676,0.71,3729,3729
SH,688298,1.54,3728,3728
SZ,301252,-0.46,3724,4644
SZ,000523,1.81,3724,5158
SH,600568,0,3722,4444
SH,688595,-0.61,3722,3722
SH,600526,0.24,3719,3786
SH,603121,0,3717,3717
SZ,300481,-1.07,3716,3739
SZ,002688,0.61,3715,3824
SH,605286,0.45,3714,3714
SH,603636,2.07,3714,3714
SH,603386,-1.63,3714,3714
SZ,300044,0.39,3713,3964
SZ,002772,1.63,3709,3740
SZ,000599,0.44,3708,11092
SH,603520,-0.11,3705,3705
SH,603519,-1.41,3702,3702
SH,603081,2.22,3701,3701
SZ,301102,1.11,3695,3695
SZ,002328,0.47,3687,4986
SH,605055,0.36,3683,3683
SZ,300004,-0.64,3682,3682
SZ,300588,-0.33,3681,3986
SH,600824,1.16,3679,3679
SH,603669,-0.76,3676,3676
SZ,002886,-0.84,3674,4624
SH,600794,0.66,3672,3672
SZ,000678,0.38,3672,3672
SH,600527,0.95,3671,3671
SH,688211,0.25,3668,3668
SH,603339,1.02,3667,3667
SZ,002162,0.76,3665,3670
SZ,301376,0,3664,7615
SZ,002564,-0.69,3659,3659
SZ,300505,-0.99,3658,4626
SZ,300767,-0.64,3651,4205
SH,688360,-0.49,3650,3650
SH,603607,2.15,3647,3647
SZ,300231,1.11,3647,3647
SH,600576,0.91,3645,5821
SZ,300715,-0.93,3643,4401
SZ,002228,0.33,3640,3652
SH,603113,0.47,3640,3640
SH,603239,0.37,3638,3638
SH,603085,0.55,3637,3637
SZ,002786,0.41,3637,3648
SZ,300711,0.41,3634,4103
SZ,000518,0.28,3634,3634
SZ,002512,0,3634,3660
SH,600067,0.38,3632,3632
SZ,301280,-0.99,3629,6989
SH,688429,-0.21,3628,3628
SZ,000797,0.87,3628,3628
SH,605189,-2.11,3626,3626
SZ,002197,1.95,3626,4172
SZ,300901,-0.91,3622,3622
SZ,002088,2,3618,3642
SZ,300873,-1.52,3617,4982
SH,600734,1.22,3615,3616
SH,603615,-0.12,3613,3613
SH,688238,1.09,3613,3622
SZ,301187,0.5,3612,3612
SH,600520,-1.93,3612,3612
SZ,300349,0.31,3612,4076
SZ,300629,-0.53,3612,4189
SH,688489,2.1,3608,3636
SH,603933,-0.51,3603,3603
SZ,301008,0.06,3600,4077
SH,600830,0.51,3598,3598
SZ,301003,1.49,3592,4644
SZ,301517,-0.13,3591,5567
SH,603716,-3.22,3590,3590
SH,603178,0.33,3586,3586
SH,600960,1.07,3583,3583
SZ,300177,0.85,3583,4398
SZ,001380,-0.31,3582,4168
SH,688136,0.11,3581,3581
SZ,301609,-1.5,3576,5934
SH,688512,-0.62,3574,5207
SZ,002986,0.34,3571,4497
SH,603199,1.83,3568,3568
SH,603926,1.98,3566,3600
SZ,300111,0,3566,3566
SZ,300299,1.37,3564,3569
SZ,002370,0,3564,3564
SZ,300194,0.27,3564,4378
SZ,300632,-1.46,3563,4916
SZ,002677,1.1,3563,4173
SH,600857,-0.12,3562,3562
SZ,002412,2.14,3560,3598
SZ,002930,0.61,3558,3760
SZ,300590,-0.09,3557,4595
SH,600805,0.48,3554,3557
SZ,002187,2.01,3554,3554
SZ,301085,-1.06,3548,5226
SZ,300380,1.13,3547,3856
SH,603020,2.5,3546,3546
SZ,300351,-0.29,3546,5235
SZ,300424,0.73,3542,3544
SZ,000532,0.49,3539,3550
SH,600127,0,3536,3536
SH,688768,0.15,3536,3565
SH,603579,0.29,3528,3528
SZ,300907,-1.2,3527,3527
SZ,002090,-0.22,3524,3545
SZ,300611,0.38,3524,5015
SZ,002562,0.23,3523,4948
SH,603719,3.03,3522,3522
SH,600333,0.52,3520,3520
SH,688033,0.48,3519,3519
SZ,002333,0.76,3519,3564
SH,603703,-0.58,3519,3519
SH,688212,0.42,3516,3516
SZ,300571,-1.06,3515,4242
SH,603639,0.49,3508,3608
SZ,002693,0.95,3506,3537
SH,603566,0.3,3506,3506
SZ,920809,0.13,3505,4565
SH,603126,-0.51,3504,3504
SH,688075,0.29,3504,3504
SH,605337,1.35,3503,3503
SZ,300733,-0.74,3500,4747
SH,688039,0.25,3498,3498
SH,603106,1.05,3498,3498
SZ,000659,-1.8,3497,3497
SH,603421,-0.55,3496,3496
SZ,301310,-1.94,3495,10944
SH,603105,0,3490,3490
SH,603261,1.65,3489,3489
SZ,300434,0.49,3486,4094
SZ,002596,0.33,3485,3489
SZ,300068,0.49,3483,3665
SH,603706,0.55,3483,3483
SZ,000626,0.29,3481,3501
SZ,300414,-1.59,3480,3619
SH,600579,-0.55,3480,3480
SZ,300809,-7.66,3480,5859
SH,688646,0,3479,5650
SZ,000505,0.92,3478,3998
SZ,301398,-0.3,3475,3565
SZ,300096,0.75,3474,3474
SH,603138,0.75,3472,3535
SZ,000726,0.51,3471,4815
SZ,300055,0.37,3468,4585
SZ,000713,0.53,3463,4502
SH,603232,-1.05,3463,3481
SH,688785,-2.59,3462,17305
SZ,300758,-1.42,3461,3839
SH,688606,0.41,3461,3461
SH,603175,-0.77,3461,33258
SZ,300453,0.52,3455,5012
SH,600860,0,3455,4259
SH,600539,-6.12,3455,3455
SZ,300639,-1.07,3454,3543
SZ,002676,0.84,3449,3449
SH,603101,1.66,3448,3448
SH,601599,1.02,3447,3447
SZ,002107,1.17,3446,3481
SH,688588,0.68,3444,3444
SZ,000965,0.98,3440,3440
SH,600506,0.51,3440,3440
SZ,000782,0,3438,4470
SZ,002609,0.54,3437,4819
SZ,301421,-9.67,3435,8583
SH,600581,0,3434,3434
SZ,301016,0,3433,3580
SZ,002095,1.04,3431,3445
SH,603569,0.71,3428,3428
SH,601033,0.49,3425,12843
SZ,000407,1.03,3424,3441
SZ,001238,0.21,3414,3649
SH,603630,0.4,3412,3412
SH,688157,-0.48,3409,3409
SZ,301115,-0.64,3406,4190
SH,688045,-0.22,3406,3406
SH,603109,1.12,3402,3402
SZ,301038,-0.06,3402,3402
SH,603551,0.45,3400,3443
SZ,300478,-1.17,3400,3400
SH,605378,0,3398,3398
SZ,002356,1.17,3396,3396
SH,688653,-0.08,3395,4555
SZ,300880,0.4,3390,3390
SZ,300553,-1.28,3389,4422
SH,603309,0.78,3389,3389
SZ,002339,-0.41,3380,3559
SH,688569,-0.73,3377,3377
SZ,002628,-0.21,3377,3392
SH,688098,0.61,3375,3375
SZ,002462,0.52,3375,3378
SZ,002016,0.72,3374,3374
SH,688533,0.2,3369,3369
SH,603665,-0.32,3368,3368
SH,688299,-0.25,3362,3362
SZ,300200,-1.6,3362,3418
SZ,002669,-1.15,3360,3368
SH,600834,0.72,3356,3356
SZ,001269,-0.16,3350,3350
SZ,002582,1.46,3349,4356
SH,688399,0.41,3349,3349
SH,600800,0.33,3340,3341
SH,605158,-0.14,3340,3340
SZ,002612,-1.86,3339,5805
SZ,920799,0.18,3338,5814
SZ,002457,-0.19,3336,3338
SZ,300402,-0.21,3335,3379
SZ,000868,1.72,3335,3335
SH,603291,0.51,3331,3331
SH,688302,1.14,3326,3326
SZ,301169,0.13,3325,3326
SZ,000903,0.58,3322,3347
SZ,301373,-0.31,3321,8833
SH,605058,-0.55,3320,3320
SZ,000926,1.93,3319,3361
SZ,300736,-0.66,3317,3403
SZ,300099,-0.34,3316,4202
SZ,001216,0.37,3313,3939
SZ,000716,0.9,3311,3388
SZ,002225,0.29,3311,4046
SZ,300933,0.67,3310,3310
SZ,002374,0,3310,3310
SH,600980,0.46,3308,3378
SH,688133,0.5,3305,3305
SH,603390,0,3304,3309
SZ,002584,-3.41,3302,4126
SH,688590,1.47,3302,3670
SH,601366,0.88,3302,3302
SZ,301112,5.05,3301,3301
SZ,002305,0,3295,3295
SZ,002783,0.14,3292,3565
SH,688443,0,3292,8419
SZ,300120,-0.31,3291,3584
SH,603316,-0.94,3290,3361
SH,688199,-1.53,3289,3289
SZ,300652,-0.53,3284,3659
SZ,300471,0,3281,4208
SZ,300427,2.35,3280,3316
SZ,300962,0.89,3279,3279
SZ,300448,0.39,3277,3450
SZ,300021,0.54,3275,3834
SH,688680,-0.35,3272,3272
SH,688750,0.57,3270,6494
SZ,000488,0.52,3270,5677
SZ,301257,1.54,3269,3429
SZ,301186,-0.78,3268,3476
SH,688339,-0.11,3266,4012
SH,688398,0.05,3264,3264
SH,603357,0.17,3262,3262
SZ,301033,-1.71,3258,3876
SH,605108,1.7,3258,3258
SH,605186,1.18,3256,3256
SZ,002109,0.39,3254,3254
SH,603648,3.7,3254,3254
SZ,301630,-0.68,3254,8684
SH,600318,0.79,3251,3251
SZ,003000,0.96,3250,4757
SZ,301246,0.05,3248,7640
SZ,300213,0.51,3247,3495
SH,603014,-0.46,3241,13343
SH,688530,-1.7,3241,7432
SZ,300729,0.2,3240,3365
SH,603313,1.07,3235,3235
SH,688148,-0.62,3234,3234
SH,600262,0.15,3234,3234
SZ,301175,0.58,3234,7654
SZ,002818,0.74,3231,8106
SH,603811,0.28,3230,3230
SZ,003037,0.37,3229,3229
SZ,001257,-0.58,3228,43273
SZ,301096,0.28,3224,4238
SZ,300248,1.42,3223,3754
SH,605066,0.16,3221,3221
SH,603725,-0.65,3219,3219
SZ,300559,0.68,3217,4131
SZ,002474,-0.15,3215,3783
SZ,300407,1.47,3215,4299
SH,603759,0.58,3214,3214
SZ,002766,1.35,3214,3224
SZ,301017,0.24,3213,5038
SZ,300664,0.23,3213,3335
SZ,002269,1.48,3211,3442
SZ,301322,0.36,3211,4760
SH,688163,0.78,3207,3207
SH,600229,0.62,3204,3204
SH,603038,0.08,3203,3203
SZ,300040,-2.51,3203,3983
SZ,300943,4.81,3197,4884
SZ,300521,0.46,3197,3237
SZ,300160,0.24,3193,3239
SH,600822,0.88,3193,3998
SH,600653,0,3192,3192
SZ,000721,1.63,3192,3575
SH,688583,0.05,3190,9153
SZ,301479,-1.05,3188,5569
SZ,920819,0,3187,3224
SH,600679,0.87,3186,4591
SH,603396,-0.38,3185,3185
SH,600218,0.41,3184,3184
SZ,300572,0.23,3183,4021
SH,600853,0.64,3183,3183
SZ,300801,-1.35,3182,5078
SZ,300885,0,3182,4727
SZ,002327,0.78,3182,5403
SH,603139,-0.02,3179,3179
SZ,002646,0.6,3179,3200
SZ,301289,0.22,3178,3198
SH,603815,0.2,3175,3175
SH,688602,0,3173,3173
SZ,002889,2.35,3173,4770
SZ,301311,0.53,3173,3173
SZ,300069,-2.01,3172,3172
SZ,000007,1.56,3167,3167
SH,688522,0.55,3165,7794
SZ,300683,0.66,3164,3393
SZ,301073,2.42,3163,3459
SH,601999,0.7,3162,3162
SZ,002055,0,3160,3216
SH,600327,0.85,3159,3159
SZ,000701,0.21,3158,3161
SZ,000889,-1.08,3158,3399
SZ,000731,0,3156,3156
SZ,000514,1.08,3156,3156
SZ,300110,0.38,3154,3157
SH,603817,1.1,3153,3153
SH,600638,2.41,3151,3151
SZ,002395,0.43,3151,3151
SZ,300399,0.82,3149,3150
SH,603351,0.17,3149,3149
SZ,301110,-1.39,3144,4469
SH,600467,0.47,3141,3141
SZ,002927,-0.48,3141,3176
SH,605303,-0.81,3139,3139
SZ,301315,1.45,3138,3138
SZ,002365,-1.98,3137,3769
SH,603948,0.47,3136,3136
SH,605398,0.57,3136,3136
SZ,002571,-0.18,3135,4119
SZ,301408,0.15,3134,5476
SH,603559,-1,3134,3134
SZ,002178,0.69,3132,3133
SZ,301613,0.35,3130,5367
SZ,300551,-1.06,3130,3139
SZ,300686,-1.62,3128,3148
SH,603987,0.42,3127,3127
SH,605077,0.38,3126,3164
SZ,000789,0.51,3126,3126
SH,600843,0.76,3125,4750
SZ,300533,1.05,3125,4441
SZ,000931,0.48,3124,3133
SH,603898,0.19,3122,3122
SZ,002441,0.26,3121,4264
SZ,300157,2.64,3120,3268
SH,603999,1.88,3116,3116
SH,603788,-0.49,3112,3112
SH,600512,-0.5,3111,3111
SH,603230,1.27,3111,3111
SH,603656,-0.17,3110,3110
SZ,301551,1.05,3110,8048
SH,603095,-0.07,3110,3110
SZ,300822,1.13,3107,3349
SH,605388,2.38,3105,3105
SH,600622,1.47,3104,3104
SZ,300473,-0.66,3104,3560
SH,600749,1.56,3103,3103
SZ,002791,1.93,3102,5043
SH,603535,1.68,3101,3101
SZ,002801,0.49,3100,6147
SZ,300879,0.59,3100,3121
SZ,300515,-2.28,3099,3160
SZ,001400,0.18,3098,5630
SH,600354,0.51,3098,3098
SZ,300466,0.44,3097,3695
SH,688636,2.95,3096,3096
SH,603856,-0.26,3094,3094
SH,603007,-0.21,3093,3936
SZ,300911,-1.57,3093,3309
SH,600280,2.24,3092,3092
SZ,920047,1.78,3091,4707
SZ,001217,0.21,3088,3123
SZ,000788,0,3087,3087
SZ,301617,0.34,3087,7778
SZ,002094,1.36,3086,3088
SZ,301223,1.2,3086,3086
SZ,300545,-2.23,3082,4781
SH,688259,0.88,3082,3082
SZ,301076,-0.29,3081,4609
SZ,300193,0,3078,3496
SH,603600,0.87,3076,3076
SZ,300622,1.29,3075,4498
SZ,920725,0.52,3072,6347
SZ,301499,-0.17,3072,3072
SZ,300241,-1.53,3071,3662
SZ,300656,-0.25,3071,3955
SH,603116,0.38,3071,3071
SZ,300290,-1.63,3070,3071
SZ,000509,0,3069,3069
SH,688171,-1.53,3069,3069
SH,603210,0.69,3067,4486
SZ,002548,0.53,3065,3155
SZ,002296,1.15,3063,3436
SZ,300522,-3.79,3063,3753
SZ,301060,0.35,3061,3404
SZ,002672,0.9,3059,3736
SZ,002362,0.41,3058,3601
SZ,000037,-1.19,3057,5437
SH,688283,0.12,3052,3052
SH,603813,0.14,3052,3052
SH,605136,0.26,3051,3051
SZ,300812,-0.91,3050,3361
SZ,300225,-0.61,3049,3071
SH,688813,0.33,3049,16219
SH,688286,-1.18,3048,3048
SZ,300247,0.53,3047,3047
SZ,301201,-0.49,3046,4341
SZ,000421,0.76,3044,3044
SZ,300875,8.76,3042,3459
SZ,301199,0.24,3040,3159
SZ,002822,-0.34,3036,5538
SZ,300781,1.29,3034,4113
SH,688722,0.15,3032,3032
SH,600052,0.84,3031,3031
SH,605068,9.75,3030,3030
SZ,300062,-0.29,3030,4164
SH,605566,0.04,3028,3028
SH,600293,-0.37,3028,3028
SZ,000607,1.48,3027,3481
SH,605399,-0.4,3026,3030
SH,688458,-1.27,3026,3600
SH,600716,0,3023,3023
SZ,301568,-0.26,3021,6554
SZ,300289,0.91,3020,3025
SZ,301259,-0.04,3019,4707
SZ,300867,-0.05,3018,4280
SZ,002451,-0.14,3017,3027
SH,600969,-0.48,3016,3016
SZ,002175,-0.83,3013,3013
SZ,002912,0.49,3011,3169
SH,688053,1.35,3010,3010
SZ,301602,0.63,3009,6181
SZ,301662,-1.59,3007,7823
SZ,001215,0.58,3007,3015
SH,688373,-0.21,3006,3006
SH,600053,-0.13,3004,3004
SZ,000736,0.5,3003,3003
SH,688600,-0.75,3003,3003
SZ,000803,0.77,3002,3045
SH,688579,1.49,2996,2996
SH,600156,1.36,2996,2996
SZ,300608,0,2995,3425
SZ,300504,-0.93,2994,3718
SH,605259,-0.05,2994,2994
SZ,002735,-0.56,2993,3940
SZ,002845,-0.57,2993,3918
SZ,002037,1.15,2990,2990
SH,600731,0.36,2990,3057
SZ,002829,-0.04,2990,4254
SZ,002849,0.22,2983,3007
SH,605138,0.19,2978,2978
SZ,301500,0.15,2978,11598
SZ,301682,-0.34,2974,14071
SH,688317,0.71,2973,2973
SH,688358,0.19,2973,2977
SZ,301206,1.02,2973,4617
SH,688071,0.57,2972,2972
SZ,920037,-0.02,2969,4857
SZ,300609,-0.15,2966,2970
SZ,300385,0.3,2962,3395
SH,688273,0.1,2957,2957
SH,688571,-0.28,2956,2956
SZ,301302,-0.13,2956,3315
SH,603266,0.54,2955,2955
SH,600668,0.56,2952,2952
SZ,300094,0.75,2952,3012
SH,603657,-0.04,2950,2950
SZ,920179,-0.09,2946,3673
SZ,002826,0.19,2943,3037
SZ,300530,0.77,2942,2942
SZ,000691,0.44,2942,4413
SZ,301158,1.24,2942,3017
SH,603958,-1.82,2942,2942
SH,603798,0.53,2941,2941
SZ,300135,1.59,2940,2940
SZ,300020,1.86,2936,3044
SZ,920806,0.51,2935,2935
SZ,300352,1.32,2935,3335
SH,688618,-1,2925,2925
SZ,300600,2.58,2925,2925
SZ,301226,-2.24,2925,2925
SZ,300050,0.37,2924,2926
SH,605588,-1.59,2923,2930
SZ,300238,0.92,2919,2919
SH,688682,0.28,2919,2919
SH,600594,2.48,2918,2918
SH,600791,0.47,2913,2917
SZ,300589,0.98,2912,4691
SZ,001318,2.08,2911,2911
SH,688084,-0.09,2911,2911
SH,600684,0,2910,3772
SZ,000546,0,2905,3243
SZ,002021,-0.4,2905,2905
SZ,301193,0.57,2905,3799
SZ,301273,-4.33,2901,3780
SZ,300908,1.64,2900,3431
SZ,002313,-0.38,2894,2894
SH,603051,-0.1,2893,2893
SZ,301051,-1.07,2893,3641
SH,600719,0.28,2893,2893
SZ,300798,1.86,2893,3516
SZ,301234,-7.39,2892,4896
SH,603161,7.14,2892,2947
SH,600738,1.6,2891,2893
SZ,300243,0.62,2890,3612
SZ,301696,0.7,2888,38401
SH,603278,0,2888,2888
SH,603896,0.62,2886,2886
SZ,300011,0.18,2886,3446
SH,601616,-0.28,2885,2885
SZ,000576,0.45,2885,2902
SH,688607,0.22,2883,3203
SZ,000151,0.97,2882,3284
SZ,300927,0.39,2876,2948
SZ,300187,0.67,2876,2892
SH,601956,0.22,2872,2872
SZ,002933,0.53,2871,2886
SH,603008,0.65,2869,2869
SZ,002286,4.72,2869,2949
SZ,002282,0.71,2868,2992
SH,603903,0.18,2867,2867
SZ,301028,-1.03,2867,4420
SH,603201,0.2,2863,2888
SZ,300056,0.27,2862,2864
SZ,300419,-0.25,2861,2861
SZ,300936,-0.49,2858,4532
SZ,300946,-0.41,2857,5880
SZ,000530,0,2857,4014
SH,603527,-0.21,2856,2856
SH,688216,-0.8,2856,3075
SZ,301600,1.17,2856,9252
SZ,002521,0.44,2855,3814
SZ,301535,0.66,2854,7149
SZ,300839,0.7,2852,2902
SZ,000798,0.65,2850,2850
SZ,300603,0.13,2849,3542
SZ,002542,1.25,2849,2926
SZ,300869,1.22,2848,4339
SZ,301111,-1.1,2848,2848
SZ,301448,0.4,2847,4201
SZ,003029,1.06,2846,3129
SZ,003020,-0.7,2843,3850
SH,600130,-1.03,2843,2843
SZ,002168,0.28,2839,2839
SZ,300542,1.87,2837,3421
SH,688162,-0.38,2833,2833
SZ,002086,1.13,2831,3507
SZ,000695,0.08,2830,2957
SH,600838,2.32,2830,2830
SH,688335,-0.25,2825,2825
SH,603739,0.81,2821,2821
SZ,300894,0.21,2820,3896
SZ,002485,0,2818,2818
SH,688081,-0.06,2816,2816
SH,603192,0,2815,3376
SZ,000897,1.16,2814,2814
SZ,002996,0.99,2810,4104
SZ,002186,1.22,2807,2808
SZ,300508,-0.51,2807,3732
SZ,300818,0.77,2804,4329
SZ,300125,-0.5,2803,5174
SZ,300840,-0.43,2801,3797
SZ,300716,0,2800,2800
SZ,300721,-1.45,2799,3335
SZ,300982,0.07,2798,2987
SZ,301213,0.63,2797,4328
SZ,002623,0.35,2795,2801
SH,603258,0.96,2795,2811
SH,688070,0.57,2794,2794
SH,603310,0.56,2794,4973
SZ,300698,0.26,2793,3157
SZ,301237,-2.15,2791,3833
SH,688015,0.2,2789,2789
SZ,003002,0.39,2788,3050
SH,600721,2.55,2788,2788
SZ,300932,-0.9,2787,3912
SZ,300321,-0.87,2785,2788
SZ,300864,-0.05,2782,2782
SZ,002575,-0.2,2781,2935
SH,688338,0,2781,2781
SZ,002137,-1.26,2779,4048
SZ,300311,0.39,2778,3483
SH,603330,-2.83,2778,2955
SZ,000802,2.65,2776,2778
SZ,002587,0,2775,3410
SZ,301218,0.84,2775,4517
SH,688215,-0.8,2773,2773
SZ,002314,0.49,2770,5605
SZ,002878,1.47,2769,3076
SH,688175,-1.43,2767,2767
SZ,002224,1.18,2766,3094
SZ,301270,0.93,2766,2927
SZ,000890,-0.44,2764,2765
SZ,300266,1.71,2764,2766
SH,688159,-0.99,2764,2764
SH,600322,0.81,2764,2764
SZ,301348,-1.32,2761,4272
SZ,300404,0.52,2761,3730
SZ,000068,1.11,2758,2758
SZ,000910,1,2758,2759
SZ,002323,0,2757,2757
SZ,002394,0.35,2756,2761
SH,603722,-0.71,2755,2813
SZ,300032,0.29,2755,2755
SH,600470,-0.37,2754,2754
SZ,300691,-1.02,2753,3355
SZ,301468,-0.31,2750,4770
SZ,000615,-0.33,2748,5309
SH,603949,0,2747,2754
SZ,920418,-0.27,2746,2844
SZ,001229,-0.9,2742,5333
SZ,002823,0.16,2740,4111
SZ,300563,-0.45,2739,3936
SZ,000978,1.04,2739,2739
SZ,300086,-0.31,2737,2826
SZ,300511,1.21,2735,3211
SZ,002616,0.43,2732,3995
SH,603500,-0.35,2731,2732
SZ,000668,0.76,2730,2730
SH,600265,0.05,2727,2727
SZ,002278,0.4,2727,2953
SH,600620,0.25,2726,2726
SZ,002923,-0.18,2725,3536
SZ,300329,0.28,2723,2731
SZ,002981,-0.61,2722,3058
SZ,002725,-0.81,2721,2798
SH,600136,0,2720,2857
SZ,002692,0.26,2720,2722
SZ,002686,0.19,2718,2944
SH,605080,0.16,2717,2728
SH,603808,0.4,2717,2717
SH,688391,0.04,2716,2716
SZ,002148,0.5,2715,3364
SZ,000570,0.41,2706,3437
SZ,300831,-0.19,2705,4691
SZ,002199,-3.77,2704,2851
SH,600249,0.41,2701,2701
SZ,300816,-0.91,2697,3697
SZ,300237,-0.52,2696,2696
SZ,001299,0.95,2696,2994
SZ,300175,0.53,2693,2693
SZ,300749,-0.4,2691,3508
SZ,300890,-0.27,2691,2944
SZ,002953,-0.2,2689,4700
SZ,300550,0,2686,2689
SZ,002331,1.37,2686,2862
SZ,002259,0.56,2686,2686
SZ,301419,-1.05,2685,4062
SH,688152,2.25,2684,2684
SZ,002722,0.33,2684,2684
SH,688570,-1.24,2684,6175
SH,600630,0.48,2681,2681
SH,605218,-0.07,2677,3055
SZ,300301,-0.28,2677,2813
SH,603637,0.99,2676,2676
SZ,301172,0.34,2675,3617
SZ,300877,2.44,2672,2672
SH,603970,0.4,2672,2672
SZ,300858,0.59,2672,3597
SH,600212,0,2672,3542
SZ,300148,1.55,2670,2766
SH,603518,0.65,2670,2680
SH,688557,0.22,2667,2667
SH,603458,1.52,2666,2666
SH,688687,0.71,2665,2665
SZ,300381,0.54,2665,2675
SZ,002561,0.94,2665,2673
SZ,003016,0.31,2663,2725
SZ,002899,0.22,2662,2662
SH,601112,-2.93,2659,25322
SZ,300552,-0.04,2659,4194
SH,600408,0.76,2658,2658
SH,605500,0.63,2656,2656
SZ,002798,-0.18,2656,3020
SH,600616,0.76,2656,2656
SZ,002347,0.37,2654,2715
SZ,002355,0.47,2652,2868
SH,688511,-0.29,2647,2647
SH,688229,0,2647,2647
SZ,001311,-0.12,2646,6031
SZ,000710,0.75,2646,2839
SZ,301066,0.27,2646,2666
SZ,000609,-0.43,2646,2720
SZ,300833,-0.05,2643,4115
SH,600735,-0.15,2638,2658
SZ,002357,1.33,2636,2636
SZ,000809,1.59,2631,2631
SH,603696,2.19,2630,2630
SZ,002689,-0.39,2628,2629
SZ,000529,1.1,2627,2691
SZ,300051,-1.1,2627,2660
SZ,300830,0.78,2626,3518
SZ,301020,-0.21,2625,2625
SH,600712,5.18,2623,2652
SH,601010,0.69,2623,2623
SZ,301296,0.49,2622,2623
SZ,300384,-0.32,2622,3799
SZ,300425,0.79,2621,2627
SH,688077,0.22,2617,2617
SZ,300477,-1.11,2616,2830
SZ,001324,0,2614,2614
SZ,002476,0.71,2613,2613
SZ,920491,0,2613,3184
SH,600785,3.25,2612,2612
SZ,300584,-0.58,2612,3817
SZ,002663,1.32,2612,2637
SH,603237,0.66,2612,2697
SH,600876,0.92,2611,4261
SZ,300374,0.47,2611,2612
SZ,300746,-1.34,2611,2637
SZ,002795,-0.65,2611,2655
SH,603878,0.65,2609,2609
SZ,301132,-1.21,2606,4074
SH,603280,0.38,2606,2606
SZ,300501,-1.04,2606,2615
SH,603202,0.58,2605,8301
SH,603655,0.41,2604,2604
SZ,300234,-0.38,2604,3809
SZ,300810,0.44,2603,2695
SH,600844,0.64,2600,3212
SZ,002726,1.06,2598,2600
SZ,002022,0.6,2597,2598
SZ,300945,0.74,2595,2849
SH,688285,0.15,2593,2593
SH,601798,-0.26,2592,2592
SZ,002917,0.4,2590,3455
SZ,301266,0.16,2589,2729
SZ,300230,0.74,2589,3342
SZ,300479,1.47,2588,2589
SH,603585,0.53,2586,2630
SH,600215,0.71,2586,2586
SZ,001388,-2.35,2585,4830
SZ,000972,0.6,2584,2584
SZ,920735,0.98,2583,2920
SZ,000419,1.28,2582,2582
SZ,001369,0,2581,14269
SZ,002404,0.53,2578,3170
SZ,300447,0.24,2577,3994
SZ,301631,3.14,2576,7564
SZ,002905,2.5,2575,2773
SH,600228,2.31,2575,2579
SZ,301439,1.66,2575,5467
SZ,300389,-0.16,2574,4330
SH,600538,2.29,2574,2574
SH,603006,1.2,2573,2573
SZ,301393,-0.25,2573,6319
SH,603863,1.13,2572,2572
SZ,300860,0.3,2571,4429
SH,688030,0.42,2570,2570
SH,601007,1.7,2570,2570
SH,603829,-0.06,2569,2569
SZ,002875,0.33,2568,2568
SZ,300270,1.44,2568,2980
SZ,002012,-0.35,2567,2567
SZ,300826,0.95,2566,2668
SZ,002388,-3.97,2566,2589
SH,603159,-0.21,2565,2565
SZ,002903,4.75,2564,3767
SH,603955,0.21,2564,2564
SH,600419,1.12,2562,2562
SZ,002866,-0.2,2561,4091
SZ,003015,-0.66,2559,2912
SZ,301525,0.19,2558,4883
SZ,002054,1.37,2558,3211
SH,600537,0,2557,2557
SH,605166,-0.36,2556,2556
SZ,300948,-1.25,2555,2707
SZ,003025,-0.43,2554,3203
SH,688765,-3.81,2554,12684
SZ,301260,0.08,2552,6008
SZ,002136,-0.07,2550,2557
SZ,301133,0.04,2549,2786
SZ,002363,1.16,2549,2556
SH,603066,0.7,2548,2548
SH,603080,0.5,2546,2546
SZ,300095,0.13,2545,3159
SZ,301305,0.34,2543,4948
SH,600250,1.88,2540,2540
SZ,300359,8.67,2540,2540
SZ,002658,0,2539,4501
SH,605089,0.77,2538,2538
SZ,300591,1.54,2537,2937
SZ,002921,-0.64,2537,2942
SZ,301608,0.73,2536,5651
SZ,002863,0.24,2536,2536
SZ,001218,0.76,2534,2755
SZ,002853,-0.19,2533,3600
SZ,300889,-0.39,2529,3806
SH,688265,1.03,2528,2528
SZ,300279,-0.18,2527,2538
SZ,301202,-0.49,2527,4329
SH,600386,0.64,2524,2524
SZ,301622,0.44,2524,4525
SZ,000504,0.92,2521,2528
SZ,300887,-0.84,2521,3798
SH,603768,0.95,2520,2520
SZ,002248,-0.35,2518,2518
SZ,300653,0.58,2518,2518
SZ,301190,-2.54,2517,3775
SZ,301281,-0.1,2515,3839
SZ,002578,1.04,2515,2741
SZ,000698,0,2514,2622
SZ,300333,1.62,2514,2523
SZ,300445,-0.99,2512,3796
SZ,000812,0.61,2510,2511
SZ,300272,0.75,2508,3302
SZ,000838,-0.41,2508,2619
SH,600671,0,2507,2507
SZ,300560,-0.44,2507,3081
SZ,000159,0.77,2504,2504
SZ,002072,-0.28,2503,2504
SH,688255,-0.47,2503,2503
SZ,301148,-0.76,2502,4950
SZ,000019,0.67,2501,6927
SZ,300141,-2.28,2500,2532
SZ,300218,0.26,2500,2508
SZ,002599,1.17,2497,3265
SZ,300410,-0.72,2496,2496
SH,600289,0.46,2496,2783
SZ,301042,0.48,2495,2618
SZ,000892,10.03,2495,3443
SZ,002846,0.21,2495,4028
SZ,002403,0.48,2493,2858
SZ,002659,4.26,2489,2489
SH,601996,0.91,2488,2488
SZ,301068,-0.03,2487,3503
SH,603215,0.45,2486,2850
SH,603628,0.44,2485,2489
SH,603037,0.65,2483,2487
SZ,002962,-1.07,2481,3459
SZ,300386,1.33,2480,4134
SZ,920068,-0.2,2478,9355
SZ,301255,-0.26,2477,2822
SH,605266,0.69,2476,2476
SZ,301380,0.43,2473,3106
SH,603107,0.09,2470,3819
SZ,000153,0.56,2469,2500
SZ,301313,-0.69,2463,3243
SZ,300052,0.32,2461,2461
SH,688314,-1.56,2459,2459
SH,688357,-0.07,2458,2458
SZ,300998,0.22,2457,3130
SZ,300439,0.84,2456,3228
SZ,301222,-0.38,2453,3229
SZ,002613,0.32,2453,3489
SH,603036,0.93,2451,2451
SH,603030,0.54,2449,2449
SZ,301122,-1.27,2448,3957
SZ,300449,0.48,2447,2447
SZ,300577,-0.91,2447,4128
SH,603839,0.64,2446,2446
SH,603828,0,2443,2443
SZ,301197,-0.61,2443,2707
SH,603819,-2.43,2441,2441
SH,600358,0.42,2439,5618
SZ,001300,0.1,2435,2435
SH,600439,0.94,2434,2434
SZ,300485,0.23,2431,4277
SH,688137,1.7,2431,2431
SZ,002425,1.93,2429,2526
SZ,301149,0,2428,3991
SH,688056,-0.18,2428,2428
SZ,300636,0.61,2428,2776
SH,600624,0.28,2425,2425
SZ,301588,-0.98,2425,3930
SZ,002453,-1.22,2423,3266
SZ,300288,0.85,2422,3190
SH,600405,0.25,2421,2421
SZ,301669,-2.53,2421,14189
SZ,002748,0.2,2419,2419
SZ,002952,-0.15,2418,3019
SZ,002103,0.65,2418,3329
SH,603586,0.41,2417,2417
SH,600257,0.4,2416,2416
SH,603633,-0.34,2416,2416
SZ,003007,0.18,2415,3978
SH,603886,0.3,2414,2414
SH,603017,0,2414,2414
SZ,301565,-0.1,2412,7536
SZ,002868,-0.08,2410,3500
SZ,002769,0.47,2410,2412
SZ,002879,-7.03,2410,3393
SZ,300162,-0.55,2409,2953
SZ,000545,-0.4,2404,2408
SZ,920190,0.08,2404,2417
SH,600665,1.09,2402,2402
SZ,300942,1.19,2402,2402
SH,600858,1.31,2401,2413
SH,603677,-0.07,2400,2400
SZ,301092,-3.21,2399,5295
SH,603335,-0.7,2398,2398
SZ,002547,1.4,2397,2448
SZ,002431,2.31,2397,2397
SZ,001256,-0.03,2391,3189
SH,688479,1.47,2388,5557
SH,603557,0,2388,2388
SH,600573,1.06,2388,2388
SH,688080,-0.6,2387,2387
SZ,300536,0.74,2381,2381
SZ,300365,0.43,2380,2789
SH,603617,-0.15,2378,2397
SZ,300452,0.67,2378,2806
SH,603189,-0.22,2377,2377
SZ,300154,-0.25,2376,3390
SZ,001376,-0.44,2376,5116
SZ,000565,0.18,2372,2372
SZ,301397,-0.69,2368,5178
SH,603801,1.11,2367,2367
SZ,920402,0,2366,3659
SH,603836,0.47,2365,2427
SH,603136,1.74,2364,2364
SZ,002330,1.09,2363,2363
SZ,000707,0.7,2363,2508
SZ,002391,0.39,2362,3306
SH,688589,-0.05,2360,2360
SZ,300978,0.74,2360,3475
SZ,301082,-0.11,2359,2545
SZ,301081,-1.12,2357,2454
SZ,920571,-0.37,2357,4421
SZ,300730,0.35,2355,2747
SH,603917,-1.19,2354,2354
SH,605155,-0.39,2354,2410
SZ,001210,-0.22,2354,3873
SH,603895,-0.54,2352,2352
SH,603331,0.52,2351,2351
SH,603602,0.79,2350,2350
SZ,002593,0.24,2349,3368
SZ,300920,-0.43,2346,3532
SZ,300952,0.13,2346,3815
SZ,002871,-0.31,2345,3957
SZ,300824,0.82,2342,2415
SZ,002712,1.41,2342,2357
SZ,301181,-0.93,2341,3000
SH,688500,0.55,2341,2374
SZ,300250,-2.61,2341,3178
SH,688455,0.43,2341,2341
SZ,000014,-0.09,2341,2341
SH,603042,-0.87,2340,2340
SZ,300555,-1.41,2340,2364
SZ,002682,1.46,2339,2339
SH,600613,0.62,2339,2606
SZ,000430,1.12,2338,5109
SZ,002667,2.07,2338,2575
SH,600661,1.88,2335,2335
SZ,300631,-0.35,2335,2401
SZ,301027,-0.92,2329,2825
SH,600560,0.29,2328,2328
SZ,000669,0.29,2327,2327
SH,603320,0.06,2327,2327
SZ,002700,-0.17,2325,2349
SZ,300163,2.62,2324,2413
SZ,002813,0.21,2323,2326
SZ,002983,-0.05,2321,4041
SZ,002098,0.62,2320,2320
SZ,301262,2.76,2317,7915
SH,600753,-0.19,2317,2317
SZ,000790,0.27,2316,2320
SZ,300690,0.44,2313,3428
SZ,301002,-0.97,2312,3672
SH,605033,0.83,2312,2312
SZ,002976,-0.67,2308,3690
SH,688468,0.52,2306,2306
SH,603059,0.13,2305,2309
SH,603779,0.14,2301,2301
SZ,002442,0,2300,2356
SZ,920019,0,2300,2887
SH,600992,2.29,2299,2299
SZ,002398,0.52,2297,2636
SZ,920002,1.14,2296,3280
SZ,001219,0.92,2296,2353
SZ,300366,0.93,2292,2625
SH,600187,0,2292,2292
SZ,301317,-1.16,2288,6891
SZ,000554,2.75,2285,3037
SZ,002816,-0.73,2282,2282
SZ,301221,1.03,2282,3356
SH,603838,0.56,2282,2282
SZ,300092,0.18,2281,2978
SH,603076,-0.25,2280,2280
SH,688246,0.61,2280,2280
SZ,300993,0.32,2278,2903
SZ,300264,1.32,2278,2650
SZ,300988,-0.7,2278,2767
SH,603289,-0.38,2277,2277
SZ,002574,0.94,2276,2276
SZ,301665,0.14,2275,9828
SZ,300334,-0.78,2274,2275
SZ,000715,1.52,2271,2524
SZ,000055,1.2,2271,3608
SZ,300269,-1.81,2271,2363
SH,600356,0.66,2270,2504
SZ,300172,0.46,2270,2937
SZ,001282,0.2,2268,3299
SZ,300991,-0.92,2267,3542
SZ,300805,0.51,2266,3336
SH,600793,-2.8,2264,2264
SZ,002932,0,2263,3372
SH,688693,-0.37,2262,4284
SZ,300460,0.12,2260,2260
SZ,300647,-0.39,2260,2264
SZ,002855,0,2260,2262
SZ,002184,-0.1,2259,3308
SZ,002576,1.09,2259,2301
SZ,300562,3.13,2259,2957
SZ,301658,0.13,2258,9559
SZ,001201,0.63,2256,2887
SZ,300354,0,2255,3836
SZ,301072,-0.49,2255,3527
SZ,300667,-1.35,2255,2673
SZ,001333,-0.05,2254,2254
SZ,000573,1.42,2253,2272
SZ,301337,-0.31,2251,2301
SH,688197,-0.47,2247,5222
SZ,301046,0.23,2246,2908
SZ,002496,0.53,2244,2864
SH,688129,0.11,2243,2243
SZ,002729,-0.77,2242,2338
SZ,002775,-0.51,2242,2491
SZ,300173,0.66,2241,2241
SH,605199,0.72,2237,2237
SH,600463,0.54,2232,2232
SH,688619,-0.65,2231,2231
SZ,301119,0.69,2230,2758
SH,688529,0,2228,2228
SH,688727,-1.8,2223,18490
SH,603332,0.39,2222,2222
SZ,002661,1.41,2221,2332
SH,603378,0.39,2220,2220
SZ,301025,2.43,2220,3206
SH,603818,0.62,2218,2218
SZ,301185,0.76,2217,2453
SH,688310,0.67,2217,2217
SH,600359,1.22,2217,2217
SZ,000635,0,2216,2381
SZ,301258,6.42,2215,2280
SH,688560,0.27,2214,2214
SZ,301225,-0.99,2212,7246
SH,603488,0.4,2210,2210
SZ,300752,-2.36,2209,3196
SH,603797,0,2208,2208
SZ,002377,1.2,2207,2318
SZ,300898,2.34,2205,2383
SZ,300582,-0.69,2205,2970
SZ,301059,0.38,2204,2466
SZ,301283,-0.36,2204,2803
SH,603700,0.27,2204,2204
SZ,002397,0.59,2203,2542
SH,603787,0.95,2202,2202
SZ,002069,1.31,2202,2204
SZ,300281,1.09,2201,2321
SZ,301592,0.88,2201,6596
SH,603188,0.52,2201,2201
SZ,002084,1.49,2198,2203
SZ,300546,0.87,2197,3055
SZ,002890,0.52,2196,2310
SZ,300340,0.38,2196,2212
SZ,301531,0.8,2195,10286
SH,603180,1.21,2194,2194
SZ,002861,0.21,2192,2720
SZ,301108,3.11,2189,3801
SH,600854,0.48,2187,2187
SH,600182,0.31,2186,4372
SZ,300931,-1.05,2186,2719
SH,688623,0.84,2184,5259
SH,600239,1.49,2184,2184
SZ,001223,1.13,2182,4084
SH,605151,0.43,2180,2180
SH,603909,1.21,2179,2179
SH,688367,-0.79,2179,2179
SZ,300921,-0.14,2179,3456
SZ,002058,-0.38,2178,2183
SZ,300658,0.41,2178,3281
SZ,300987,1.21,2174,2174
SZ,300891,0.46,2171,2604
SZ,301356,0.53,2170,3700
SZ,002806,-0.31,2169,2647
SH,603193,0,2168,8488
SZ,300965,-1.15,2165,2402
SZ,300422,0.48,2165,2237
SZ,300701,-0.11,2165,2413
SZ,300275,0.63,2164,2455
SH,603021,0,2163,2163
SZ,301563,-0.84,2162,9566
SZ,002852,1.07,2161,2600
SZ,300649,-0.58,2157,2692
SZ,300025,0,2153,2162
SZ,301387,0,2153,5414
SZ,001368,1.07,2152,2252
SZ,301106,-0.58,2152,2152
SZ,001367,0.23,2151,2694
SZ,002660,-0.15,2151,2236
SZ,301178,-0.28,2149,2913
SZ,300205,0.61,2142,2142
SZ,002319,-1.05,2141,2141
SH,600423,1.13,2141,2141
SZ,300583,0.44,2137,2178
SZ,301195,0.37,2135,3216
SH,605003,0.88,2134,2134
SZ,002908,1.22,2131,2856
SH,603307,0.37,2130,2165
SZ,300411,0.88,2130,2801
SH,600833,0.42,2124,2124
SZ,300829,-0.06,2121,3075
SZ,002492,-0.36,2120,2159
SZ,300694,-0.3,2120,2123
SH,688316,1.91,2119,2119
SH,601083,0.65,2116,14106
SZ,301088,0.72,2115,2564
SZ,001205,0.32,2114,2388
SZ,002687,-3.57,2112,2579
SH,688581,0.08,2112,4141
SZ,301040,-0.21,2111,2237
SH,688244,2.27,2110,2110
SZ,301290,2.28,2108,2654
SZ,300107,-0.65,2105,3410
SZ,002329,0,2105,2689
SH,688201,0.76,2103,2103
SZ,300585,0.08,2100,2100
SZ,300512,0.15,2099,2652
SH,600831,0.68,2097,2097
SZ,002420,0.19,2096,2130
SH,605258,-0.57,2095,2095
SZ,001390,0.51,2094,3526
SZ,920344,0.88,2094,2243
SZ,002723,-0.44,2093,2194
SZ,002763,1.32,2092,2824
SZ,000752,0.13,2092,2092
SH,603117,1.45,2091,2091
SH,603578,1.85,2090,2713
SZ,301528,1.99,2090,4056
SZ,300235,1.58,2090,2590
SH,603959,1.91,2089,2089
SH,603375,-1.32,2085,3291
SZ,300464,-1.17,2085,2743
SH,603151,0.83,2084,2084
SZ,300198,0,2083,2094
SZ,000548,0.48,2082,2082
SZ,002991,0.7,2080,3882
SH,603937,-0.29,2078,2078
SZ,300800,0.91,2078,2100
SH,603373,0.52,2077,4915
SZ,920261,0.47,2075,3770
SH,600319,0.75,2074,2074
SZ,002887,0.21,2072,2919
SH,600232,0.71,2072,2072
SZ,300612,1.79,2071,2082
SZ,003032,9.97,2071,2930
SZ,301125,-0.5,2071,2336
SZ,002234,0.59,2071,2397
SZ,300732,0.72,2069,2071
SZ,300103,-0.3,2069,2071
SZ,300097,-0.77,2068,2210
SH,603091,1.69,2068,6724
SZ,001393,0.02,2068,10731
SZ,301011,1.3,2064,2173
SH,600965,1.2,2063,2063
SZ,301019,0.21,2063,2813
SH,603102,0.94,2061,2061
SZ,002614,1.08,2061,2913
SZ,001365,0.76,2060,18811
SZ,300884,-0.91,2060,2732
SH,688718,-0.58,2059,2059
SH,600533,0.51,2058,2058
SH,603023,0.82,2054,2054
SH,603755,0.77,2053,2053
SZ,301089,-0.21,2052,2870
SZ,002114,0.48,2050,2050
SZ,301331,-0.04,2050,2055
SZ,300703,0.9,2048,2222
SZ,920971,-1.51,2048,2485
SZ,003023,-0.4,2048,2052
SZ,300335,-0.36,2048,2542
SZ,002771,0.09,2047,2461
SZ,000955,0.8,2046,2046
SZ,002864,0.58,2045,2835
SZ,300808,-0.11,2044,2750
SZ,301332,0.65,2042,3559
SZ,300940,0,2041,2885
SZ,300375,0.52,2040,2927
SZ,301220,0,2039,2954
SH,688501,-0.05,2039,2039
SH,603377,-0.69,2038,2038
SH,688737,0.12,2037,2037
SH,603407,-0.66,2037,23135
SZ,001259,-0.18,2031,3144
SH,600302,0.69,2031,2031
SH,603183,0,2028,2028
SZ,300853,-1.28,2028,3032
SH,688066,0.39,2028,2028
SH,603536,1.2,2025,2041
SZ,300771,1.32,2025,2570
SH,603262,0.31,2022,7752
SH,600281,0.26,2022,2022
SH,688648,-0.64,2019,3949
SZ,002767,0,2018,2325
SZ,300484,0.08,2015,2509
SZ,300165,-0.2,2014,2374
SH,603172,0,2014,2014
SZ,002918,1.95,2011,3839
SH,603238,0.71,2011,2011
SZ,001332,0.13,2009,4624
SZ,301079,0.08,2008,2831
SH,600381,2.7,2008,2008
SH,605069,0.32,2007,2007
SH,603381,-0.34,2006,3348
SZ,002702,2.34,2005,2429
SZ,301118,-0.46,2004,2083
SZ,002732,1.75,2004,2014
SH,603079,0.38,2004,2004
SZ,002900,-4.23,2003,3932
SH,600241,0,2001,2001
SZ,300786,-2.42,2000,2514
SZ,301628,-0.43,1999,5404
SZ,002836,1.17,1995,1995
SZ,000826,0.72,1995,1995
SH,600148,0.36,1993,1993
SH,688038,0,1991,1991
SZ,002295,0.63,1991,1992
SZ,002076,0.53,1991,2118
SZ,002799,0.81,1991,1991
SZ,002671,0.28,1991,2027
SZ,300719,0.73,1990,2817
SZ,002825,0.91,1989,2650
SZ,000692,0.54,1987,1987
SZ,002633,-0.14,1986,1994
SH,603321,0.35,1985,2010
SZ,003001,-1.8,1983,3027
SZ,300565,-0.45,1983,2170
SH,600540,0.89,1982,1982
SZ,300710,-0.07,1982,2644
SZ,002848,2.22,1982,2002
SH,605001,0.2,1980,1980
SZ,002569,-1.04,1980,2036
SH,688517,-0.06,1980,1980
SZ,000909,1.8,1978,1978
SH,688721,-3.69,1978,4938
SZ,002998,0.83,1975,2590
SZ,002942,0.57,1975,2212
SZ,300912,0,1968,2607
SZ,300780,-0.64,1968,2684
SZ,920060,-0.8,1968,3155
SZ,000953,0.94,1966,1966
SZ,000679,0.73,1960,1960
SH,688597,0,1959,1959
SZ,300387,0.59,1959,1960
SZ,300922,-0.38,1956,2493
SZ,002666,0.52,1953,3073
SH,688369,1.44,1949,1949
SZ,300778,1.92,1949,1949
SZ,300960,0.54,1945,2145
SZ,300849,-0.05,1943,2643
SZ,002679,0.49,1943,1943
SH,603089,-0.24,1939,2228
SZ,920208,0,1937,2237
SZ,000590,0.12,1936,1937
SZ,301520,-2.94,1936,5518
SH,603285,-1.14,1934,4966
SZ,300350,0.99,1933,2304
SZ,001230,1.04,1929,3294
SZ,300637,-6.58,1927,1930
SZ,300513,0.6,1925,2102
SZ,301117,-0.23,1924,3004
SZ,300013,0,1924,1926
SZ,002893,1.07,1922,2499
SZ,920189,1.57,1922,3203
SH,603329,0.32,1921,2328
SZ,300947,0.87,1920,1921
SZ,301371,1.19,1919,12831
SH,688355,0,1916,1916
SZ,300774,0,1916,3838
SZ,002615,0.79,1915,3549
SH,603968,0.54,1914,1914
SZ,300509,0.78,1913,2294
SH,688156,0.8,1913,1913
SH,603382,0.42,1912,3002
SH,603176,0.24,1912,1967
SZ,000605,0.93,1911,1911
SZ,002133,1.22,1909,1920
SZ,000952,0.73,1909,1909
SH,600159,0.88,1909,1909
SH,600615,0.24,1908,1911
SZ,000757,0.28,1907,1907
SH,603326,0.84,1905,1905
SH,600107,0,1901,1901
SZ,300240,1.16,1900,1943
SZ,301161,-0.96,1899,2952
SH,600097,0.64,1899,1899
SZ,300673,1.81,1898,2926
SH,688251,-0.15,1897,1910
SH,600807,0.42,1897,2132
SH,688272,0.16,1895,1895
SZ,300176,0.62,1894,1894
SH,600371,0.62,1893,1893
SH,603900,1.28,1892,1893
SZ,300597,0.72,1891,1900
SZ,300074,1.18,1891,1893
SH,600287,0.93,1891,1891
SH,688132,0.32,1889,1889
SZ,920510,2.19,1886,3697
SH,603356,-0.9,1883,1883
SH,600491,0,1882,1882
SZ,920961,0.06,1882,2585
SH,688613,0.51,1881,1881
SZ,920978,-0.58,1880,3354
SZ,002857,0.55,1879,1909
SH,603168,0.4,1877,1886
SZ,300106,3.14,1877,1877
SH,603880,2.37,1876,1876
SZ,301212,0.2,1875,2160
SZ,000633,0.41,1872,1872
SZ,003030,0.43,1871,2884
SZ,300970,-0.25,1870,2423
SZ,002105,0.59,1870,1879
SH,600802,0.74,1870,1870
SH,603182,0.53,1869,1869
SZ,300211,0,1868,1903
SZ,301428,-0.18,1867,2645
SZ,300844,1.32,1866,1936
SH,600774,0.96,1864,1865
SH,600128,0.67,1863,1900
SH,603616,0.41,1860,1874
SZ,002995,-2.88,1853,2924
SH,600706,2.39,1852,1859
SH,688811,-0.09,1852,10084
SZ,301103,0.46,1850,2404
SZ,920247,-0.58,1849,2548
SZ,002253,0.69,1848,1986
SH,603982,0.74,1847,1986
SZ,000020,0.1,1846,2885
SZ,920879,0.9,1846,2467
SZ,001237,-0.27,1845,7854
SZ,920111,-0.32,1845,3801
SH,688096,0.9,1842,1842
SZ,002656,0.75,1840,1910
SZ,002524,0.56,1839,1855
SZ,000985,0.85,1838,1838
SH,688004,4.75,1836,1836
SH,603385,1.69,1835,1835
SH,600892,1.23,1835,1835
SZ,301208,1.09,1832,3328
SZ,002598,0,1831,1994
SH,605180,-0.63,1830,1830
SH,688013,-0.26,1830,1830
SH,600238,0.49,1826,1838
SZ,300897,-6.92,1823,2920
SH,600678,0.77,1822,1822
SZ,000705,1.57,1821,2158
SH,600444,0.32,1820,1820
SZ,300412,0.26,1820,1936
SH,688203,0.11,1818,1818
SZ,002652,0,1818,1818
SH,688060,-0.02,1817,1817
SH,603718,0.36,1817,1825
SZ,002873,0.4,1817,1850
SZ,301299,0.27,1815,2459
SZ,300807,-0.16,1815,2377
SH,603282,0.82,1813,1813
SH,603825,-0.13,1809,1809
SZ,300881,0.22,1807,3463
SZ,300967,0,1807,2716
SZ,002622,0.94,1806,1806
SH,688189,0.76,1803,1803
SZ,002778,1.04,1803,1823
SZ,300295,-0.45,1803,2040
SH,600235,0.59,1802,1802
SZ,001266,-0.6,1801,3210
SZ,301335,1.14,1797,2598
SZ,002856,3.57,1797,1962
SH,600080,1.05,1795,1795
SH,600303,-2.2,1795,1812
SH,603418,0.67,1795,8379
SZ,002742,1.18,1792,2340
SZ,000995,0,1792,1792
SZ,002800,0.41,1790,1844
SZ,301596,-0.23,1790,4410
SZ,300906,-0.63,1789,1981
SZ,301599,-1.47,1789,14113
SH,600051,1.41,1788,1788
SH,603041,0,1786,1786
SZ,300150,0.26,1785,2253
SZ,002551,1.39,1785,2469
SZ,300902,-0.82,1785,2600
SH,603810,0.19,1784,1784
SZ,301077,0.32,1783,3177
SZ,300665,-0.23,1781,1875
SZ,300599,0.42,1781,3392
SZ,920125,-2.16,1780,6065
SH,603325,0.1,1778,4162
SZ,920914,-1.64,1778,1779
SZ,002634,-0.24,1778,1847
SZ,920405,-0.17,1776,2280
SZ,301052,1.28,1776,2191
SH,605336,-1.11,1775,1775
SZ,301318,0.32,1775,2577
SZ,300817,-0.27,1775,3093
SH,603922,-0.09,1774,1774
SZ,001356,0.6,1774,4939
SH,688426,0.89,1773,1777
SZ,002205,0.32,1769,1769
SZ,002753,0.17,1769,2564
SZ,300437,0.39,1769,2496
SZ,002159,0.63,1768,2264
SH,600165,0,1766,3894
SZ,920015,-2.12,1765,5981
SZ,002909,0,1765,1810
SH,603028,0.65,1765,1783
SH,603208,0,1762,1762
SZ,001360,0.14,1762,2864
SH,600768,-0.07,1761,1761
SH,688716,0.52,1761,3064
SZ,002968,1.23,1759,1869
SH,600099,0.38,1753,1753
SZ,300650,0.19,1751,2482
SZ,001260,0.66,1750,1750
SZ,300644,0.51,1750,2196
SZ,001255,0.49,1750,1971
SZ,001211,-0.2,1749,1874
SZ,002211,-2.87,1747,1747
SH,603506,0.87,1741,1741
SZ,002817,1.52,1740,1795
SZ,002972,-1.21,1740,3178
SZ,300254,-0.9,1739,1968
SZ,301024,-0.2,1739,1796
SZ,300543,0.43,1739,2129
SZ,001234,0.64,1736,2061
SZ,300076,0.25,1734,1734
SH,688118,0.38,1734,1734
SZ,920178,-0.33,1733,5936
SZ,301180,-0.65,1732,4220
SZ,300396,0.63,1732,1734
SZ,301309,0.53,1731,2872
SH,688420,1.03,1730,1730
SH,603177,0.36,1730,1730
SH,688616,0.84,1729,1729
SZ,002715,-0.55,1729,1729
SZ,001206,0.25,1725,2984
SH,603214,0.97,1723,1723
SZ,300941,1.53,1723,2850
SH,600847,3.4,1723,1723
SZ,002630,-0.61,1722,1889
SH,600149,0.67,1722,1722
SH,605122,0.3,1722,1722
SH,688193,-0.08,1721,1721
SZ,300743,0.15,1720,2041
SZ,300966,-0.12,1719,2585
SZ,002717,0,1719,1820
SZ,000056,0.53,1717,2247
SH,688026,0.99,1716,1717
SZ,002760,0.51,1715,1715
SH,603402,2.07,1708,6833
SZ,002762,1.76,1708,2861
SZ,301590,-0.92,1707,4123
SH,600202,0,1706,1706
SZ,002820,0.95,1705,1705
SZ,300717,-0.53,1702,1717
SZ,300675,0.43,1701,1701
SZ,301585,0.65,1700,2596
SZ,300883,0.19,1700,1778
SH,603092,-0.7,1699,19660
SZ,001366,0.28,1698,1698
SZ,300929,-0.72,1697,1789
SZ,300651,0.18,1693,2313
SZ,003017,0.69,1693,2052
SZ,301030,2.45,1692,1694
SZ,002696,0.8,1691,1750
SZ,920476,-0.09,1684,1779
SH,601026,0.33,1682,9983
SZ,300030,0.82,1680,1908
SH,603879,0.43,1678,1678
SZ,301138,1.2,1676,2933
SH,603029,0.51,1675,1675
SZ,301041,-0.97,1674,2262
SH,688670,1.34,1673,1673
SH,688395,0.05,1672,1672
SH,603270,-0.83,1667,5164
SZ,002535,1.36,1664,1788
SH,603435,-0.63,1663,21397
SZ,001285,0.48,1658,7200
SZ,000911,-1.18,1657,1657
SZ,301198,0.1,1657,1725
SH,688092,0.6,1656,1656
SH,600082,-0.37,1656,1686
SZ,300642,0.92,1655,1951
SZ,001268,-1.18,1652,2639
SZ,002209,0.1,1648,2135
SZ,920339,0.37,1648,2400
SZ,001233,1.39,1648,8125
SZ,002780,0.08,1648,2085
SZ,301056,0.32,1646,2494
SH,688657,0.62,1645,2629
SZ,002529,0.8,1643,1643
SH,688051,-0.18,1642,1642
SZ,300645,1.2,1640,1673
SZ,000856,0.56,1639,1639
SZ,300081,0.74,1639,1639
SZ,002877,0.29,1638,2423
SZ,002381,0.4,1636,2091
SH,603120,-2.04,1633,3896
SH,688296,0.6,1631,1631
SZ,003038,0.91,1628,2420
SZ,300989,0.91,1628,2107
SZ,920088,5.09,1627,4401
SH,688288,1.24,1627,1627
SZ,002198,0.95,1624,1624
SH,603400,4.55,1623,5816
SH,605567,1.12,1622,1622
SH,603709,0.1,1620,1626
SZ,000639,-0.65,1619,1619
SZ,301010,0.2,1618,1618
SZ,002862,0.64,1618,2132
SH,688759,-3.78,1607,10045
SZ,301121,-0.74,1606,3138
SZ,301062,0,1599,2517
SZ,301556,0.74,1599,4625
SH,600180,0,1597,1597
SZ,001386,0.07,1597,17745
SZ,300538,-0.97,1597,2401
SH,600119,1.16,1596,1596
SH,688393,1.19,1594,1594
SZ,300556,1.38,1594,1786
SH,600448,0.8,1593,1593
SZ,300992,0.1,1593,1946
SZ,003027,0.4,1590,1982
SH,600883,1.21,1584,1584
SZ,002858,1.42,1582,2003
SZ,300305,-0.6,1582,1847
SZ,301538,1.57,1579,3966
SH,603257,-1.07,1577,7598
SH,603860,0.94,1575,1575
SH,603789,0.67,1573,1605
SZ,301057,-0.45,1573,2270
SZ,300245,1.52,1571,1632
SZ,002360,-0.81,1569,1937
SZ,301388,-0.08,1567,2209
SZ,000619,1.16,1566,1919
SZ,301548,-0.27,1562,5181
SH,600137,1.2,1562,1562
SZ,920021,1.45,1562,1950
SZ,001222,0.73,1561,2636
SZ,002802,0.97,1560,1889
SH,603908,0.48,1559,1559
SZ,300854,-0.43,1558,1911
SZ,300519,-1.08,1557,2184
SZ,002963,-2.53,1557,1904
SZ,301509,0.85,1556,3304
SZ,300837,-0.09,1556,2058
SH,603272,1.15,1554,1554
SZ,301586,0.48,1552,2434
SH,600778,1.22,1550,1551
SZ,301141,-0.28,1549,4318
SZ,301360,-1.48,1548,3173
SZ,300787,0.9,1547,2467
SZ,301063,1.01,1544,1668
SZ,002629,1.67,1543,1815
SZ,300876,1.27,1541,2066
SZ,301231,2.44,1541,1988
SZ,003005,1.08,1540,2807
SH,603022,0.92,1540,1540
SH,603717,1.73,1538,1538
SZ,301067,-1.38,1537,2341
SZ,002592,0.52,1537,1657
SZ,920892,-0.09,1534,1732
SZ,301361,-0.28,1532,3164
SZ,002977,-3.72,1532,2762
SZ,000663,1.01,1532,1683
SZ,300313,-0.63,1531,1861
SH,603231,0.42,1531,2759
SH,600697,1.76,1530,1567
SZ,300112,0.94,1530,1854
SZ,300195,0.41,1529,2063
SZ,300937,0,1528,2253
SZ,920839,-0.25,1526,2766
SH,688078,0.82,1524,1524
SZ,300923,1.27,1523,1569
SH,688681,1.11,1522,1522
SZ,002743,1.16,1521,1523
SH,603312,0,1521,4779
SH,688565,2.22,1520,1520
SH,688435,-0.62,1515,2257
SH,688058,0.66,1511,1511
SZ,300472,0.33,1508,1687
SZ,002495,1.41,1499,2021
SZ,002566,0.62,1497,2138
SH,603395,1.01,1497,5988
SH,603082,-4.17,1496,6143
SZ,920106,-0.16,1495,1937
SH,688509,0.52,1493,2988
SZ,301065,0.58,1493,1834
SZ,300462,0.84,1491,1957
SZ,301587,0.35,1490,2989
SZ,001209,0.65,1488,2036
SH,600796,0.63,1486,4134
SZ,301032,0.54,1485,2240
SZ,300995,0.25,1482,2248
SZ,301618,-0.25,1482,3886
SZ,002982,0.26,1480,2312
SZ,920174,-0.07,1479,5750
SZ,300610,0.45,1479,1894
SZ,300616,0.42,1478,2137
SH,688466,0.75,1476,1476
SZ,301159,0.54,1475,2153
SZ,300950,0.33,1474,2309
SZ,003042,0.76,1473,1703
SZ,301135,0,1472,1892
SZ,003028,-0.33,1469,2995
SZ,000929,0.64,1466,1466
SH,600493,0.75,1463,1463
SZ,002949,0.73,1463,1888
SZ,920087,-0.44,1462,1472
SZ,300614,0.55,1462,1462
SZ,301022,2.26,1461,2163
SZ,002835,1.77,1460,2518
SZ,001395,0.29,1457,3178
SZ,300961,0.1,1457,1700
SZ,301456,-0.04,1457,3232
SZ,301107,0.17,1456,2518
SH,600689,0.84,1454,1919
SZ,000632,4,1452,1452
SZ,920026,0.06,1450,1924
SZ,920010,0.97,1449,1958
SZ,301383,-0.23,1448,3347
SH,603255,-0.16,1445,3205
SZ,300554,-1.13,1443,2084
SZ,301633,0,1441,3146
SZ,300220,1.38,1439,1441
SZ,002790,1.28,1439,2307
SZ,002227,-0.67,1439,1450
SZ,002207,3.39,1432,1439
SZ,301152,-0.29,1430,2393
SZ,300306,0.33,1425,2431
SH,600561,1.42,1422,1422
SZ,301229,0.92,1420,1996
SZ,301336,-0.05,1419,1833
SZ,301581,-0.11,1419,2683
SZ,300789,1.34,1417,2389
SZ,300625,0.81,1417,2444
SH,600692,0.73,1415,1952
SH,600818,0.34,1413,1909
SZ,002910,1.35,1413,1615
SZ,301687,-0.25,1413,6660
SZ,300845,-0.19,1412,2019
SH,603275,-0.25,1412,5057
SH,688793,1.41,1409,1409
SZ,000677,0.62,1408,1408
SZ,301558,0.95,1398,5025
SZ,002620,0.45,1397,1669
SH,688781,-0.43,1395,34150
SZ,301636,-0.1,1394,2388
SZ,300500,0.61,1393,1446
SZ,301166,0.73,1392,2127
SZ,002306,0,1390,1487
SZ,301023,0.41,1389,2504
SZ,002694,0.52,1387,1473
SZ,300813,0.88,1387,2211
SZ,300314,0.52,1380,2765
SZ,001221,0.26,1372,15244
SZ,300977,1.26,1371,2201
SZ,920083,-1.76,1370,3216
SZ,002581,1.19,1367,2250
SZ,920751,0.73,1366,1428
SZ,301555,-0.73,1366,2607
SZ,300892,2.12,1365,2115
SZ,300268,0.49,1364,1777
SZ,002316,0.5,1363,1572
SZ,001378,0.06,1363,2801
SZ,300169,0.67,1361,1531
SZ,301036,0.1,1361,1932
SZ,301098,1.44,1361,1632
SH,600243,0.65,1360,1360
SH,688450,-0.53,1357,1830
SZ,301505,1.43,1357,1702
SZ,301390,0.04,1354,1656
SZ,301683,-0.25,1352,5983
SZ,300935,-0.03,1352,1782
SZ,301100,-0.06,1352,3067
SH,688021,0.86,1349,1349
SZ,301508,0.61,1349,5184
SZ,301130,0.53,1349,1748
SH,600476,-1.06,1347,1347
SZ,301203,0.36,1346,2457
SH,688528,0.5,1344,1344
SH,688806,0.8,1342,12112
SZ,301320,0,1341,2137
SZ,002144,0.31,1341,1722
SZ,920238,-2.39,1340,6574
SZ,301560,0.18,1336,2661
SZ,002513,0,1335,1735
SH,688659,0.48,1334,1334
SZ,002247,0.49,1332,1761
SZ,003008,1.36,1331,1782
SZ,301210,-0.91,1329,3481
SZ,301512,-0.79,1328,2035
SZ,301303,-0.22,1327,5306
SZ,003011,0.76,1326,1771
SZ,301518,-0.3,1325,3280
SZ,301276,-0.21,1320,2366
SH,600455,1.05,1317,1317
SZ,301129,0.83,1316,2649
SZ,300167,1.09,1310,1540
SZ,000010,0.67,1310,1724
SH,603062,0.48,1309,3815
SZ,301507,0.51,1309,4239
SZ,001358,4.53,1307,3159
SZ,001226,0.39,1304,2869
SH,688022,0,1303,1303
SZ,300640,0.68,1302,1835
SZ,000637,1.13,1302,1856
SZ,301278,0.44,1301,2271
SZ,301667,-0.28,1299,6113
SZ,920371,-0.29,1295,1366
SZ,300371,0.87,1292,1857
SZ,000702,0.83,1291,1678
SH,688067,0.85,1289,1289
SZ,000610,1.86,1288,1295
SZ,002883,0.12,1288,1312
SZ,301167,1.17,1284,1361
SZ,001296,0,1284,2491
SZ,300621,1.61,1280,1315
SH,688805,0.08,1280,6399
SZ,300549,0.4,1278,1687
SZ,001387,-0.17,1278,2008
SH,603248,-0.55,1273,8188
SZ,300155,0.52,1272,2166
SZ,301355,0.78,1267,1770
SZ,920953,-1.21,1264,2705
SZ,002591,0.18,1263,1696
SZ,920682,0,1262,2177
SH,688329,0.31,1261,1261
SZ,920837,-0.1,1261,1408
SZ,301227,-0.11,1261,2243
SZ,002809,0.68,1259,1780
SZ,002200,0.94,1259,2901
SZ,001239,0.09,1257,2647
SZ,301009,0.97,1257,2262
SZ,920857,-1.67,1255,1255
SZ,002691,0.27,1250,1265
SZ,300564,1.28,1250,1781
SZ,300928,0.78,1246,1861
SZ,300635,0.49,1245,1448
SH,688712,-0.73,1240,13936
SZ,301601,0.75,1240,2062
SZ,002494,0.94,1236,1626
SZ,920533,-0.05,1230,2199
SZ,920821,-0.4,1226,2329
SH,603293,0.09,1221,6232
SZ,301097,-0.18,1217,2535
SZ,300670,-0.17,1216,1715
SZ,920211,0.84,1211,3592
SZ,300838,0.51,1209,1639
SH,688089,-9.8,1207,1207
SZ,301156,0.19,1205,1881
SZ,301298,0.91,1204,1634
SZ,300828,-0.27,1201,2370
SZ,300865,0.48,1200,1998
SZ,301126,0.46,1195,1781
SZ,001277,0,1195,1994
SZ,001278,0.72,1195,1734
SZ,002188,1.09,1192,1514
SZ,300994,0.89,1190,2377
SH,603207,0.23,1185,3488
SZ,920523,-0.13,1184,1480
SH,603391,-0.03,1184,4736
SZ,300594,0.08,1181,1193
SZ,920119,-0.08,1179,4479
SZ,002888,-0.18,1176,2318
SZ,301295,3.2,1174,4025
SZ,920701,-2,1173,1607
SZ,920225,-1.25,1172,1797
SZ,301501,-0.4,1172,3984
SH,688576,-0.18,1172,2453
SZ,920304,0.47,1169,1453
SH,600543,-0.81,1169,1169
SZ,301233,0.44,1168,2128
SZ,301131,-0.19,1161,1621
SZ,301591,-1.55,1160,2838
SZ,300126,0.36,1159,1672
SH,688592,-0.13,1157,2429
SH,603344,-0.32,1155,4159
SZ,920237,0.32,1155,1177
SZ,920046,-2.35,1155,2089
SZ,301503,0.15,1152,2078
SH,603350,0.35,1152,3040
SZ,920274,0,1151,1151
SZ,301288,0.96,1147,1587
SZ,301559,0.16,1146,7638
SZ,920403,0.46,1143,1923
SZ,003003,0.41,1143,1714
SZ,301515,0.96,1142,1690
SZ,920425,0.44,1141,1386
SZ,920039,0,1138,1138
SZ,301502,-0.79,1135,2747
SZ,301584,-0.08,1133,8885
SZ,300605,1.13,1132,1480
SH,600365,0,1132,1203
SZ,301163,0.68,1132,1688
SZ,920089,-0.48,1130,1984
SZ,001319,0.51,1128,2514
SZ,301469,0.16,1127,2190
SZ,300430,0.7,1125,1182
SZ,301272,0.97,1123,1775
SZ,300823,-0.14,1123,1734
SZ,920790,0.68,1122,1630
SZ,301395,-0.22,1118,2132
SH,603276,0.07,1116,3063
SZ,301516,-1.29,1115,4460
SZ,920033,-0.43,1115,1604
SZ,920489,-2.87,1113,1749
SH,603370,-0.05,1111,5555
SZ,002830,-0.07,1108,2218
SH,688790,-0.05,1107,8695
SZ,920284,-1.72,1107,1730
SH,603352,0.08,1106,5528
SZ,920171,1.68,1105,1638
SZ,001326,-0.45,1100,3352
SH,688217,1.39,1098,1098
SH,688130,-0.05,1091,2188
SZ,301300,0.62,1091,1815
SZ,920152,-1.48,1086,1457
SZ,301001,0.85,1080,1718
SZ,920273,-1,1079,1623
SZ,300517,0,1079,1714
SZ,300713,-0.07,1071,1903
SZ,301632,0.9,1071,6119
SZ,920249,-0.34,1071,3622
SZ,001382,-0.34,1066,6971
SZ,920199,-6.85,1066,1914
SZ,920566,0,1065,1369
SZ,920807,-0.34,1064,1566
SZ,301378,0.74,1062,2233
SZ,301491,-0.63,1059,4781
SZ,920099,-3.95,1059,1712
SZ,002872,0.41,1057,1565
SZ,300405,0.42,1057,1374
SZ,920981,-1.46,1057,2101
SZ,300930,0.36,1057,2242
SZ,300851,0.71,1056,1861
SH,603004,-1.09,1056,4223
SZ,301083,0.16,1055,2191
SZ,300535,0.62,1049,1383
SZ,301359,0.2,1045,1765
SZ,001373,1.47,1041,1705
SZ,300152,0,1034,1034
SZ,920252,-0.32,1032,1552
SZ,920592,0.94,1028,1652
SZ,300886,0.14,1025,1630
SZ,001336,0.82,1024,1664
SZ,300899,0.44,1023,1594
SZ,301446,-1.83,1013,3391
SZ,300804,-0.53,1012,2724
SZ,301539,1.66,1011,1994
SZ,300958,0.45,1005,1730
SZ,301113,0.29,1003,1655
SZ,301006,0.85,1000,1662
SZ,001312,0,997,4069
SH,603334,0.19,997,4496
SZ,301157,-0.49,996,2894
SZ,920985,0.22,994,1402
SZ,002193,0.8,992,992
SZ,002514,1.13,992,1289
SZ,001379,0.34,990,2942
SH,688651,2.68,990,2157
SZ,920001,-1.05,990,1715
SZ,920642,-0.09,983,1019
SZ,300949,1.91,981,1717
SZ,920429,0.94,980,1074
SH,603406,0.34,975,10636
SZ,920062,0.14,971,1379
SZ,920885,-0.17,970,1872
SZ,920167,-0.46,968,1629
SH,603359,0.46,968,968
SZ,301418,-0.41,967,2410
SZ,300338,2.22,966,1111
SZ,920932,1.47,963,1163
SZ,920184,-0.18,961,1416
SH,603729,0.97,957,957
SZ,920526,-0.04,953,1504
SZ,920367,-2.7,949,1601
SZ,920690,-6.41,948,1458
SZ,920270,1.66,944,1216
SZ,920396,-0.26,943,1327
SZ,920124,0.57,942,1829
SZ,001279,0.21,940,3760
SZ,301513,-1.05,938,4654
SH,688671,-1.81,934,1565
SZ,920419,-0.4,932,996
SZ,301577,-0.87,930,2224
SZ,920651,-2.05,926,1362
SZ,920357,-1,925,1530
SZ,301616,-0.08,924,2602
SZ,920415,0.59,920,1194
SZ,920098,-0.17,915,1343
SZ,002719,0.71,915,984
SZ,001231,0.4,904,1768
SZ,920436,0.6,901,960
SH,688816,-0.27,897,4652
SH,688695,0.66,896,1427
SH,688701,0,886,886
SH,603409,0,884,3080
SZ,920223,0.47,882,1699
SZ,920028,-0.21,880,2227
SZ,920100,1.78,877,3309
SZ,920496,-0.16,877,1002
SZ,301173,0,873,2488
SH,603190,0.13,873,2643
SZ,920161,-0.75,872,3212
SZ,920924,0.84,867,1424
SZ,301192,1.1,861,1772
SZ,301105,-0.08,858,2166
SZ,920786,2.81,857,1298
SZ,920169,-1.05,853,1356
SH,603205,1.18,852,3214
SZ,920156,-0.95,847,4062
SZ,920220,0.02,844,2695
SZ,301386,0.11,843,2622
SZ,920670,4.47,840,1339
SZ,920195,0,838,1161
SZ,920693,-2.51,837,1662
SZ,920266,-1.25,837,875
SZ,001225,-1.04,835,2603
SZ,920726,0.47,834,1512
SZ,920541,0.76,834,1266
SZ,920926,-1.69,833,918
SZ,920130,-0.67,831,1338
SZ,920694,0.23,824,1742
SZ,920193,-1.56,820,3622
SZ,920065,113.91,819,4691
SZ,920770,-0.39,809,1286
SZ,301399,-0.06,809,2736
SZ,920227,0.55,808,1775
SZ,920122,-1.27,808,1993
SZ,920275,-0.32,802,969
SZ,301459,1.12,802,3198
SZ,300417,2.69,799,1286
SZ,920027,0,798,1141
SZ,301519,0.29,796,1691
SZ,301598,-0.48,792,2659
SZ,920873,-0.44,788,1009
SZ,301170,0.44,788,2073
SZ,920748,1.19,785,1635
SZ,920433,-0.85,779,1177
SZ,920519,-0.09,777,874
SZ,920855,-0.16,777,866
SZ,920378,-0.42,776,1084
SZ,920221,1.55,770,1478
SH,603075,0.71,766,7469
SH,688573,0,764,1403
SZ,920079,-1.97,758,7015
SZ,920006,-0.68,758,1431
SH,603376,0.64,757,9464
SZ,920663,0,755,1575
SZ,301049,0.86,751,1653
SZ,301037,0.09,751,1535
SZ,920556,0.16,748,1033
SZ,001335,-0.57,748,2745
SH,688638,0.21,748,1583
SZ,920974,-0.16,744,948
SH,603073,0.21,740,1688
SZ,301668,0.1,736,3329
SZ,920260,-0.53,733,767
SH,603273,0.46,730,2793
SZ,920000,-1.01,730,1162
SZ,920832,0.51,730,817
SZ,920058,0,726,1475
SZ,920078,0.05,726,2233
SZ,001306,-0.4,721,2927
SZ,920689,-0.46,718,1389
SZ,920092,0.23,714,1371
SZ,920639,0.67,714,1212
SZ,001396,0,714,3358
SH,603284,0.03,711,2904
SZ,920299,0.77,709,1407
SZ,920395,0,704,1022
SZ,920833,-0.6,704,931
SZ,920703,0,702,1387
SZ,920263,-0.28,700,965
SZ,920242,0.84,694,1240
SZ,920363,-0.29,694,1220
SZ,920163,-2.38,694,1470
SZ,301552,-0.52,691,2764
SZ,920575,0.55,689,1031
SZ,301533,0.12,689,2382
SZ,920942,3.43,686,1013
SZ,920081,-1.2,682,2897
SZ,920768,-0.46,682,987
SZ,920370,-0.37,680,778
SZ,920181,-0.31,677,2918
SZ,001325,0.17,677,2706
SZ,920564,0.73,676,1470
SZ,301429,0.79,676,1815
SZ,920375,0.41,667,1117
SZ,920720,0.56,667,2387
SZ,301449,0.22,667,2963
SZ,920706,-0.06,664,1318
SZ,920478,1.54,662,1089
SZ,920925,0.25,662,1180
SZ,301578,-0.26,661,2325
SZ,301567,-0.21,660,2236
SZ,001220,0.84,649,2649
SZ,920245,0,648,842
SZ,301314,-0.33,648,1960
SZ,920547,0,647,1331
SZ,920765,0.49,644,1060
SZ,920101,1.1,642,2058
SZ,301353,1.88,641,1994
SZ,920187,0.73,641,1746
SZ,920634,-1.31,637,1004
SZ,920627,0,634,1280
SZ,920061,-0.11,634,1140
SZ,920781,0.57,633,813
SZ,920445,0.17,633,868
SZ,920108,-0.79,633,1493
SZ,920008,0.87,630,1178
SZ,920866,-0.17,629,993
SZ,920964,-0.22,628,1110
SZ,920579,0,628,1823
SZ,301575,0.66,627,3123
SZ,300784,0.46,621,2076
SZ,920176,-28.11,620,4589
SZ,920608,-0.61,617,797
SZ,920300,-0.64,613,791
SZ,920175,0.13,612,919
SZ,920118,1.19,610,1007
SZ,920570,-0.41,609,1200
SZ,920014,0.89,607,1103
SZ,920527,0.08,603,778
SZ,920876,-0.38,602,985
SZ,920475,-1.1,602,1082
SZ,920204,-0.16,600,1131
SZ,920278,-0.15,600,1061
SZ,920553,-0.15,589,902
SZ,920422,0.34,588,786
SZ,920117,-2.99,562,2498
SZ,920471,-1.21,557,874
SZ,920086,-0.72,556,1699
SZ,920578,-0.31,556,1197
SZ,920469,1.9,554,755
SZ,920719,-0.79,554,694
SZ,920112,0,553,1886
SZ,301287,1,552,2163
SZ,920057,1.07,551,857
SZ,920992,-0.79,547,1080
SZ,920856,-2.27,547,980
SZ,920675,0,544,1186
SZ,920679,0,542,815
SZ,920455,0,535,976
SZ,920271,0.78,525,1187
SZ,920665,-0.84,521,1056
SZ,920906,-2.49,521,1014
SZ,920146,1.27,519,645
SZ,920198,-0.4,518,1186
SZ,920069,4.32,514,1841
SZ,920090,0.88,514,688
SZ,920896,1.05,513,1170
SZ,920454,-0.09,510,1088
SZ,920075,0,508,937
SZ,920262,0.54,501,1078
SZ,920005,-0.16,501,1935
SZ,920160,1.19,498,2215
SZ,920834,-0.24,497,950
SZ,920753,1.74,496,1234
SZ,920729,0.63,491,1733
SZ,920374,-0.84,489,1198
SZ,920056,0.06,484,1283
SZ,920662,-2.39,482,1564
SZ,920050,1.29,482,1802
SH,688121,-0.41,480,554
SZ,920149,0.26,480,581
SZ,920508,0.6,480,903
SZ,920810,0,478,735
SZ,920030,-0.92,478,760
SZ,920212,0,471,969
SZ,920023,0.57,470,573
SZ,920871,-1.18,470,849
SZ,920392,-1.05,470,999
SZ,920407,0,467,1147
SZ,920080,-0.33,466,1682
SZ,920826,1.09,464,1043
SZ,920267,-0.11,462,807
SZ,920126,-0.28,460,1915
SZ,920076,0.41,455,1445
SZ,920145,-0.1,452,653
SZ,920230,-0.72,452,961
SZ,920082,0.64,451,1606
SZ,920166,0,448,1421
SZ,920177,-0.73,445,1257
SZ,920136,-0.46,442,1684
SZ,920718,-0.72,442,861
SZ,920168,-0.82,438,1170
SZ,920656,-0.14,434,1341
SZ,920950,-0.07,432,886
SZ,920091,-1.02,431,1826
SZ,920158,0.75,429,1603
SZ,920351,-0.27,427,944
SZ,920055,-0.53,424,1885
SZ,920414,-0.91,423,602
SZ,920188,-0.83,420,1759
SZ,920427,0.12,415,841
SZ,920128,-0.4,413,1379
SZ,920016,0.33,412,927
SZ,920779,0.05,409,1635
SZ,920970,0.34,409,646
SZ,002731,-0.55,406,453
SZ,920180,-0.52,400,1325
SZ,920110,-1.89,393,944
SZ,920159,0.56,388,2048
SZ,920957,-1.2,384,965
SZ,920036,1.61,379,1578
SZ,920007,0.15,366,1530
SZ,920802,0.3,363,823
SZ,920035,-0.3,359,1582
SZ,920218,-0.87,355,1578
SZ,920717,-3.37,355,919
SZ,920011,0.64,353,1571
SZ,920009,-2.92,347,2668
SZ,920191,0.12,345,1533
SZ,920066,-0.72,323,1023
SZ,920121,-0.17,322,1788
SZ,920895,-0.88,320,630
SZ,920183,-0.1,320,1393
SZ,920003,-0.42,316,1470
SZ,920222,-5.33,313,2322
SZ,920022,-0.43,304,1102
SZ,920132,0.98,301,886
SH,688496,16.82,297,563
SZ,920504,-0.35,280,710
SZ,920931,-1.06,265,866
SZ,301139,6.73,254,405
SZ,920305,-24.55,35,57
