market,code,chg_pct,vol_rank,amt_rank
SH,601288,2.09,2030393,2225892
SH,601398,2.46,2024788,2676611
SH,601857,3.34,1551214,1753341
SZ,300750,3.22,1532490,1665548
SH,600519,0.59,1515261,1515261
SH,601138,-5.09,1247995,1247995
SH,601988,1.9,1243517,1901053
SZ,300308,-0.53,1207703,1213465
SH,688256,-1.93,862552,862552
SH,688041,-3.05,795365,795365
SH,601628,0.05,779633,1058231
SH,600036,1.3,770697,942213
SH,601088,3.95,703013,924621
SH,600900,1.46,695876,695876
SZ,300502,-2.8,637582,708756
SH,601899,-1.32,563459,727256
SZ,002371,-4.86,552555,552997
SZ,000333,1.75,551758,611892
SH,601318,-0.07,527034,895242
SH,600028,2.31,461445,588907
SH,601728,0.89,441713,520676
SZ,002475,-5.25,431227,454787
SH,688012,-6.18,384068,390445
SH,601166,0.63,369080,369080
SH,603986,-9.99,368205,386521
SH,601658,2.02,365540,605279
SH,600276,-0.08,355310,369692
SH,600030,-1.26,341430,415568
SZ,002384,-2.23,328392,433871
SH,688981,0.14,326429,1397552
SH,600183,-9.99,321941,326595
SH,600000,1.1,305081,305081
SZ,002594,-3.29,303440,793470
SZ,002415,-3.01,302240,306198
SH,601998,2.38,298385,407323
SH,603259,-2.76,296522,357723
SH,603993,-2.96,296485,363275
SH,688008,-5.93,288641,307746
SZ,000858,-1.39,282031,282038
SZ,300394,-5.08,280064,280691
SZ,300059,-1.28,266131,315336
SZ,002916,-7.3,262513,268972
SH,600150,-7.52,257753,257753
SH,601319,-0.27,249904,311337
SH,601211,0,246993,322609
SZ,000725,-9.87,241911,253383
SH,688072,2.48,241035,247845
SZ,002463,-4.05,238794,238987
SZ,300476,0.29,236025,268104
SH,601225,4.67,232583,232583
SH,601816,0.21,228483,228483
SZ,002938,-2.45,221955,222599
SZ,000651,1.36,214088,217167
SZ,002142,5.05,212832,212966
SH,600309,-2.33,210055,210055
SZ,300408,-13,206651,219698
SH,600919,1.35,206085,206085
SZ,000001,0.77,204341,204344
SH,601601,-0.19,202339,284377
SH,600176,-9.99,199096,200677
SZ,300433,-8.79,197794,210094
SH,688498,-2.03,193690,196225
SH,601668,0.87,191313,191313
SH,603288,1.9,191062,201069
SH,688082,1.81,190960,193034
SH,600025,1.77,182398,182398
SH,600584,-1.15,178834,178834
SH,601919,1.07,177424,215739
SH,601328,2.27,176250,597339
SH,600406,-1.4,174018,174530
SH,601066,-1.82,173759,207492
SZ,300760,-1.54,168833,168978
SZ,002281,-7.68,168197,178340
SH,601985,-1,166551,181410
SH,688525,-12.27,160705,160705
SZ,000063,-1.64,160541,190672
SH,688120,-0.83,159244,159244
SZ,300604,-7.88,158833,205869
SH,600031,-0.89,158386,171855
SH,600887,0.88,157978,158767
SZ,000988,-2.61,154697,154777
SH,601869,-8.48,154327,314438
SH,603019,-2.36,153548,153554
SZ,002050,-3.69,153263,175053
SZ,002352,-0.11,152593,168437
SZ,003816,0,151834,194925
SH,600989,1.72,151581,151581
SH,600999,-0.87,151260,177235
SZ,301308,-10.41,148353,222678
SZ,300124,-3.66,147270,165435
SH,601688,-1.72,144893,179003
SH,601818,0.65,142933,181983
SH,601100,-4.25,142502,142502
SH,688521,-7.59,141892,141892
SH,600111,-7.75,141747,141747
SH,688347,-6.21,141440,602783
SH,600522,-9.99,141023,141023
SH,601698,-1.72,136490,136490
SH,688361,-8.3,135734,135734
SH,601009,1.88,134021,134021
SH,600809,-0.67,133647,133647
SH,601766,-0.72,132830,156696
SZ,000338,-3.94,131162,229374
SH,600050,0,130160,131311
SZ,000792,-3.18,130119,130120
SZ,301200,-9.04,129953,149441
SH,601229,1.8,128876,128876
SH,601336,-2.18,128463,192164
SZ,300857,-6.01,127182,127836
SZ,300442,-5.5,127168,127542
SZ,002714,1.26,126693,222953
SH,600690,-0.73,126311,189428
SZ,000776,-2.43,125284,166043
SH,688506,-3.35,124044,124044
SH,603501,-0.97,123331,128517
SZ,000977,-6.16,123214,123352
SH,601872,-3.93,119988,119988
SH,600016,0.6,119153,147109
SZ,001309,-9.99,118846,163324
SH,600018,0.79,118558,118728
SH,600019,0,117349,119366
SH,601898,0.71,116780,169181
SH,600104,-1.77,114263,114263
SZ,301165,-1.06,114148,114148
SH,600673,2.07,113819,114122
SH,600160,-3.4,113227,113227
SZ,000568,-1.69,113051,113116
SZ,002008,-9.99,112195,120742
SH,600926,1.85,111780,111780
SZ,002080,-6.18,111595,111595
SH,600760,-2.52,111286,111498
SZ,002156,2.82,110698,110709
SZ,300014,-5.71,109427,112577
SH,600118,2.38,108978,108978
SH,601600,-2.39,107607,139813
SH,605117,0.38,107359,107359
SH,600188,-0.98,107185,180463
SH,600905,-0.52,106346,106346
SZ,000408,-2.57,105916,105917
SH,600346,-4.93,105657,105657
SH,600015,0.74,105095,108699
SZ,000938,-4.57,104822,104822
SH,688111,-3.46,104700,104700
SH,601169,1.02,104658,104658
SH,600886,1.82,104209,111903
SH,601995,-2.51,103084,170209
SH,688396,-1.95,103003,103003
SH,688249,-5.87,102267,113278
SZ,002493,-0.72,101505,108585
SH,600660,-0.29,101431,132157
SZ,000166,-0.21,101410,112680
SH,688126,-2.46,100895,117328
SZ,000657,-7.35,100557,157702
SZ,301217,-8.91,99739,99739
SH,601888,-3.33,99518,105905
SZ,002600,-10.02,98204,110757
SH,688200,-3.49,97744,97744
SZ,300475,-19.99,97568,101797
SH,601939,3.05,97184,2650012
SH,600089,-4.38,96913,96913
SZ,000100,-6.24,96568,99844
SZ,002028,3.94,96330,123420
SZ,002736,-0.59,96028,102315
SH,600489,-3.19,95444,95444
SZ,002353,-8.83,95246,141118
SZ,002602,-0.84,94612,102600
SZ,300033,-4.96,94495,162224
SH,601689,-5.8,93895,93895
SH,688183,-8.96,93785,93785
SH,601881,-0.53,93223,140726
SH,688629,-0.15,92973,94438
SH,601633,0,92743,127531
SH,601006,-0.63,92362,92362
SH,603893,3.84,91692,91703
SH,600549,-7,91542,93525
SZ,002230,-3.01,91491,100383
SH,688271,-0.18,89660,89660
SH,601012,-3.71,88360,88360
SZ,000538,1.8,88115,88678
SH,688766,-16.06,87743,87743
SH,600547,-3.92,86674,110546
SH,601390,-0.69,86377,104258
SH,688172,-8.05,86322,102803
SH,600938,2.1,85933,1366011
SZ,002001,-2.12,85305,86332
SH,601127,-9.99,83949,93910
SH,601727,-3.07,83389,102720
SH,600362,-6.52,83197,138821
SH,600795,0.87,83114,83114
SZ,000617,-3.68,82426,82426
SH,600941,1.22,82224,1974951
SZ,000021,-9.85,82171,82182
SZ,000895,0.98,81755,81766
SH,605499,-0.47,81751,88787
SH,601868,-2.34,80748,110158
SZ,300498,1.27,80329,89895
SZ,300223,-13.59,80118,91891
SZ,002185,-4.81,80043,80061
SZ,000807,-0.81,79623,79624
SH,688702,3.52,79573,160720
SH,688409,-1.76,78203,78203
SZ,300757,-1.63,78195,80620
SH,600703,-7.72,77978,77978
SZ,001289,-1.59,77696,128825
SH,688037,-0.57,76818,76818
SH,688777,-8.71,76083,76468
SZ,002837,-9.25,75435,85037
SZ,000301,-9.07,75402,75434
SH,600436,6.11,74932,74932
SH,600236,-0.2,74646,74646
SH,603799,-5.02,74409,74643
SZ,002648,-2.81,74197,74245
SZ,002311,0,74190,74262
SH,601991,-9.93,74129,110670
SH,600011,-1.45,74125,105805
SH,688036,-6.05,74079,74079
SZ,002179,-9.81,73920,74055
SH,601825,2.35,73496,75612
SH,600674,2.73,73460,73460
SH,601168,1.18,73396,73396
SZ,000425,-3.43,73265,95329
SH,600039,-0.35,73130,73130
SZ,300136,-11.16,72849,85417
SZ,002851,-1.91,72715,92318
SH,600023,0,72407,72407
SH,688048,-8.51,71859,71859
SH,601958,-0.84,71663,71663
SH,600879,-7.16,71331,71331
SH,600482,-5.13,71110,71110
SH,601186,0,70975,83786
SZ,300661,-6.46,69873,78663
SH,600460,-5.85,69725,69725
SH,688017,-6.41,69482,69482
SH,601800,-0.5,69282,95823
SZ,002202,-8.62,68716,86292
SZ,002027,-1.24,68600,68600
SZ,002241,-3.4,68576,77440
SZ,002049,-6.03,68513,68523
SH,600585,-0.69,67955,90035
SH,688019,-4.59,67884,67884
SZ,002466,-4.53,67337,78174
SH,600958,-1.2,67300,76555
SZ,300620,-6.68,67049,67613
SH,603195,-1,66768,66890
SH,601231,-8.22,66556,66556
SH,600105,-8.41,65658,65658
SZ,000708,1.41,65512,65512
SZ,300015,-1.43,65488,76535
SZ,301269,6.76,65453,65453
SZ,001965,0.31,65437,65437
SZ,000630,-3.76,65409,78714
SH,600498,-10,65082,69511
SH,600010,-5.06,64516,93166
SH,600066,2.29,64315,64315
SZ,002484,-9.63,64276,66630
SH,603228,-6.51,64266,64585
SH,601018,0.61,64199,64199
SH,601179,-7.37,63715,63715
SH,603296,-4.05,63440,120447
SH,688313,-5.27,63206,63206
SZ,002636,-9.99,63001,63321
SH,688141,-8.45,62928,62928
SZ,000636,-9.99,62490,62490
SZ,300373,-3.08,62346,62485
SH,601360,-1.87,62226,62226
SH,688147,-3.99,61964,61964
SZ,002460,-4.74,61869,107099
SH,600875,-4.25,60975,93168
SZ,002625,-5.25,60953,60953
SH,600115,-2.72,60609,78632
SH,688432,-14.48,60515,60515
SH,688234,-1.29,60129,67813
SH,601669,-1.28,60129,79240
SZ,002409,-8.94,60083,89774
SH,688375,-11.07,59894,59894
SH,601916,0.73,59678,76077
SZ,300054,-3.77,59424,76223
SZ,000066,-5.49,59286,59290
SZ,002428,-9.99,58923,58931
SH,688630,-4.08,58758,64484
SZ,002436,-5.97,58698,65726
SH,601901,-0.13,58695,58695
SH,600026,-2.91,58607,83764
SH,600378,-9.99,58476,70331
SH,601077,4.6,58244,74843
SZ,002422,1.66,58178,71267
SH,601788,-0.79,58054,68516
SH,600233,0.3,57471,57471
SZ,000625,-2.94,57044,68399
SZ,000960,-5.92,56422,56422
SZ,002709,-6.9,56271,76018
SH,688729,-12.1,56206,95021
SZ,300418,-3.35,56133,61373
SH,600221,-2.23,56128,56612
SZ,300548,-7.34,55999,60579
SH,600048,-2.9,55902,55902
SH,688047,-5.51,55731,55731
SH,600415,-1.86,54726,54726
SH,603156,-5.21,54709,54709
SZ,000768,-3.89,54668,54750
SZ,300285,-13.61,54643,63821
SH,600372,-2.67,54534,54534
SH,688585,-5.74,54365,54365
SZ,000426,-7.35,54268,54281
SH,600988,-1.33,53911,61573
SZ,002558,-4.08,53881,53881
SH,600885,0.29,53856,53856
SZ,002128,-0.99,53260,70173
SH,601059,-1.14,53185,53185
SH,600895,-2.49,53105,53105
SZ,300450,-6.06,53098,57007
SZ,001979,-4.67,53090,56891
SZ,300316,-9.06,52945,56297
SZ,300765,-2.83,52813,52813
SH,688578,-4.63,52754,52754
SZ,002821,0.01,52445,59680
SH,601377,-1.45,52420,52420
SZ,000933,-1.91,51781,51817
SZ,000963,-0.87,51048,51069
SH,603083,-6.99,51025,68182
SH,688469,-3.54,51009,72846
SH,601877,-2.5,50888,50888
SH,600601,-7.58,50794,52054
SH,688220,2.27,50593,50593
SZ,300395,-4.33,50573,51873
SH,600196,1.36,50356,63476
SH,601061,-3.65,50323,50323
SH,600741,-0.05,50286,50286
SZ,000703,-4.14,50039,50292
SH,601208,-9.55,49893,49893
SH,600426,-2.62,49877,49884
SH,603659,-5.56,49809,49809
SZ,000157,-3.43,49558,60626
SZ,002920,-6.76,49496,49511
SH,600418,-8.18,49468,51057
SZ,000975,-2.39,49329,54203
SH,600803,2.97,49025,49409
SH,603650,-3.72,48949,49077
SZ,001872,3.36,48900,52721
SH,600580,-6.8,48847,48988
SH,600096,-2.19,48619,48619
SZ,000783,0.57,48609,48609
SZ,002064,-3.25,48430,48534
SH,600438,-5.45,48351,48351
SH,605376,-7.86,48140,48140
SZ,300759,-0.26,48068,62192
SZ,000831,-5.68,47861,47861
SZ,300803,-3.2,47640,47991
SZ,300751,-7.64,47553,68772
SH,600667,-10.01,47541,47541
SZ,301526,-10.85,47286,126965
SZ,301358,-2.16,47220,52373
SH,688331,-1.14,47149,74782
SZ,000811,-10,47080,47758
SZ,002414,-5.39,47071,59150
SH,600009,-0.95,46287,56286
SZ,300346,-5.31,46129,48602
SZ,002532,-0.08,45833,51657
SH,600206,-9.99,45714,45714
SH,601233,-6.91,45665,45748
SH,601607,1.18,45520,60520
SH,688336,-3.63,45504,45600
SH,600377,-0.74,45398,60151
SH,600219,-3.18,45361,45361
SH,688668,-2.72,45060,45060
SZ,003031,-6.95,44952,59607
SH,600497,-6.51,44809,44809
SH,601117,-0.53,44747,44884
SH,603929,-2.67,44556,44556
SZ,300058,-7.23,44552,45991
SH,605358,-5.56,44525,44525
SH,600909,-6.35,44364,44364
SH,601298,1.48,44323,53357
SH,603260,-8.06,44321,44321
SH,688362,-8.83,44269,44269
SH,601198,-0.79,44188,44188
SH,601021,-2.12,44074,44074
SZ,002812,-3.44,43527,51965
SH,600642,0,43408,43410
SH,601878,-0.83,43405,43405
SZ,300390,-1.76,43388,53617
SZ,300672,-14.67,43321,44714
SZ,301377,-6.18,43304,185744
SH,601699,-2.62,43196,43196
SZ,002429,-7.47,43117,43142
SH,600726,-7.25,42983,45467
SZ,002074,-2.71,42845,44769
SH,688009,-0.79,42674,52420
SH,688187,-3.54,42672,66186
SH,600845,-0.29,42553,56987
SH,601058,4.02,42548,42548
SH,601126,-5.53,42517,42930
SH,605589,-4.27,42414,42438
SZ,002129,-1.68,42337,42372
SH,688223,-6.6,42105,42105
SH,600027,0.44,41655,52485
SH,688099,-3.01,41608,41608
SH,600061,-0.45,41369,41369
SH,688295,-7.8,41211,41211
SH,603979,1.12,41158,41158
SH,600392,-3.98,40876,40876
SH,688627,-6.56,40626,52768
SZ,000999,2.82,40620,40657
SH,603129,4.85,40556,40556
SZ,002273,-4,40413,41260
SZ,300115,-0.63,40299,40418
SZ,002126,-7.24,40195,42807
SZ,002236,-2.94,40123,54858
SH,688300,-9.48,40033,40033
SZ,002407,-9.99,39904,44034
SH,688536,-5.43,39635,40344
SH,601108,-0.11,39565,39565
SZ,300782,-6.84,39535,50714
SH,601555,-0.99,39352,39352
SH,600570,-2.57,39331,39331
SZ,002294,-5.35,39166,39175
SZ,002056,-9.97,39131,39171
SH,600352,0.76,39073,39073
SH,600707,-9.28,38890,38898
SZ,301511,-11.16,38774,65238
SH,600143,-3.28,38758,39324
SH,603629,-8.01,38688,39332
SH,601456,-0.44,38649,50160
SZ,002850,-8.39,38492,52570
SZ,000987,-5.31,38402,38431
SZ,300870,-8.05,38393,38397
SH,688266,0.01,38388,38388
SH,601136,-1.19,38212,38212
SH,688188,-7.32,38147,38147
SH,600021,-3.7,38039,38039
SH,600600,0.24,38030,73162
SH,603268,1.96,37975,158052
SH,600246,1.01,37808,38860
SH,688387,-16.01,37734,63965
SH,600141,-7.89,37663,37663
SH,600578,-4.57,37624,37624
SZ,002261,2.21,37581,41314
SH,601665,2.87,37538,37538
SH,600995,-2.16,37457,37457
SH,603379,-1.15,37441,37441
SZ,000559,-6.56,37220,37231
SH,600985,-1.21,37167,37167
SH,688025,-5.59,37149,37149
SZ,300037,-6.49,37104,51159
SZ,002138,-9.62,36993,39429
SZ,002078,1.15,36800,37028
SH,601577,2.23,36789,36797
SZ,001203,-2.59,36763,43156
SH,600641,-7.48,36760,37401
SZ,300570,-9.82,36676,43343
SH,603087,-1.72,36655,39016
SH,601216,-0.45,36537,36537
SH,688808,-9.39,36448,193925
SZ,002738,-1.48,36294,36818
SH,600968,2.59,36289,36289
SH,601238,-5.58,36180,49966
SZ,002653,-2.79,36174,75471
SH,688433,2.63,36068,36068
SH,688385,-9.99,35923,54860
SH,688146,-15.97,35808,130765
SH,603392,-1.63,35744,35744
SH,600060,1.04,35404,35534
SZ,300979,0.66,35360,35360
SH,688322,-5.65,35351,45569
SZ,000688,-4.08,35315,35315
SH,603806,-4.98,35296,35296
SH,600901,2.01,35206,35215
SZ,300972,-0.39,35067,38168
SZ,002025,-2.75,34993,35005
SZ,002155,-6.39,34750,34753
SZ,000983,0,34744,34744
SH,600177,1.05,34631,35554
SZ,300017,-2.96,34443,36712
SH,688167,-6.23,34420,34420
SH,688122,-6.9,34309,34309
SZ,300919,-2.84,34302,39167
SZ,002945,-3.49,34290,34290
SZ,002966,6.01,34109,34692
SH,603308,-6.98,34075,34075
SH,688027,-5.17,34043,43567
SH,600839,7.91,34012,34022
SH,688472,-7.8,33954,33954
SH,601212,-7.28,33914,33914
SH,688052,-5.11,33889,38667
SH,603699,-4.8,33775,34539
SH,601808,0.8,33690,54301
SH,601777,-4.48,33637,33637
SH,600085,3.25,33532,33532
SZ,002222,-7.63,33487,33637
SH,688775,-6.92,33457,51729
SH,688303,-5.68,33422,33422
SZ,002195,-6.14,33414,33716
SH,688676,-6.7,33376,33376
SH,603568,1.94,33308,33308
SH,603688,-6.22,33270,33270
SH,603606,0.85,33256,33256
SH,600256,-0.56,33238,33238
SZ,300251,-6.11,33221,35115
SH,600157,-1.93,33163,33163
SZ,300866,1.4,33034,62604
SZ,301396,-10.82,32828,49860
SH,688820,-1.24,32775,353107
SH,603298,0.16,32758,32758
SH,601162,2.15,32672,38281
SZ,002340,-2.28,32436,32604
SZ,002444,-5.55,32361,33708
SH,688102,-9.95,32321,32415
SZ,301236,-1.69,32308,42567
SZ,300458,-0.86,32308,39428
SH,601236,-0.57,32196,32196
SZ,000596,-1.49,32112,41543
SZ,302132,-4.18,32064,146190
SZ,000893,-0.47,32034,36463
SZ,300001,-3.16,31986,32873
SZ,002378,-2.36,31934,32102
SH,688502,-1.16,31933,31933
SH,600588,-3.4,31915,31915
SH,601696,-2.7,31891,31891
SH,600298,1.78,31869,32267
SH,600353,-9.21,31752,31752
SZ,002601,-0.43,31663,37981
SZ,300489,-10.59,31609,31725
SZ,000876,-1.67,31590,31609
SH,688248,-4.76,31567,31567
SZ,002472,-3.27,31531,35802
SZ,000728,-0.4,31506,31506
SH,688213,-2.51,31335,38967
SH,688127,-2.4,31331,31331
SH,688403,-11.34,31274,31274
SZ,002859,-7.08,31198,33043
SH,603179,-6.18,31196,31196
SH,600109,-1.51,31162,31162
SZ,301018,-7.92,31133,41201
SZ,000423,3.76,31009,31064
SH,600711,-6.79,30937,30937
SZ,300454,-3.8,30816,46177
SZ,002252,1.97,30767,30788
SH,600863,-1.25,30742,36904
SH,600332,2.68,30733,35540
SZ,001270,-9.99,30653,30849
SZ,002245,-0.98,30445,32360
SH,688548,0.96,30427,58080
SH,603369,-1.96,30372,30372
SH,600348,0.36,30339,30339
SH,600563,-6.28,30287,30287
SZ,002517,-5.25,30282,34247
SZ,002465,-10,30280,30328
SH,688301,-8.27,30241,30241
SZ,300748,-6.79,30217,36783
SZ,300832,1.49,30214,34752
SH,603663,-3.67,30192,30213
SH,688343,-3.65,30185,30185
SZ,002747,-9.99,30123,37260
SH,688235,-2.69,29983,401694
SZ,002046,-10,29944,30284
SH,688608,6.88,29926,29926
SZ,000800,-1.13,29869,29872
SZ,000062,-9.73,29717,29746
SZ,000962,-9.36,29652,31083
SZ,000002,-2.24,29539,36269
SZ,000786,1.22,29533,29755
SH,688123,-9.16,29445,29445
SH,605090,10.01,29435,29493
SZ,002240,-5.53,29405,29482
SH,600483,2.13,29358,29358
SH,688018,0.96,29289,29289
SZ,000883,0.89,29288,31999
SZ,002456,-6.85,29261,30834
SH,603486,-1.31,29241,29509
SZ,002555,-4.21,29160,40639
SZ,000878,-4.58,29133,35262
SZ,300814,-7.21,29092,29092
SH,688617,0.31,29087,29087
SZ,002673,-0.14,29052,29052
SZ,002364,-7.25,29010,29294
SZ,300339,-4.34,28922,29619
SH,600282,0,28606,28606
SZ,300207,-4.03,28468,30686
SH,603225,-3.06,28465,28618
SH,688599,-6.46,28439,28439
SH,688180,-1.35,28426,38080
SH,603920,-5.76,28355,28355
SZ,000027,-1.15,28306,28306
SZ,000958,-1.86,28209,95979
SH,601990,0,28056,29170
SH,600699,-6.72,28053,31170
SH,688001,-7.62,28044,28044
SH,605111,-8.05,28006,28006
SH,601001,-2.1,27984,27984
SH,603290,-5.66,27968,27968
SZ,000629,-2.58,27964,27966
SZ,000729,2.58,27932,31370
SZ,000967,-7.14,27902,27915
SZ,000661,0.03,27781,28360
SH,688333,-8.92,27742,27742
SH,603306,-6.16,27658,27658
SH,601598,1.13,27644,38451
SH,600871,-2.85,27636,38672
SH,600499,-0.27,27598,27598
SZ,300623,-3.22,27586,29913
SH,600777,4.35,27502,29378
SH,600862,0.41,27457,27457
SH,688411,-4.97,27375,37675
SZ,300438,4.19,27358,34071
SH,600745,2.98,27337,27337
SZ,000060,-5.38,27268,27269
SZ,300558,-1.3,27261,27348
SH,600398,1.25,27232,27232
SH,600369,0,27178,27178
SH,688297,-4.32,27176,27176
SH,688268,8.9,27145,27145
SH,601933,-4.99,27132,27132
SH,603127,-0.57,27086,32199
SH,688257,-7.56,27032,27032
SZ,002797,-0.76,27021,27021
SH,603005,-5.93,26974,26974
SZ,002536,-6.42,26915,28417
SZ,002430,5.66,26854,26866
SZ,002487,-8.04,26808,31446
SH,688195,-7.27,26781,26781
SH,603823,-2.8,26772,26772
SH,600079,0,26743,28286
SH,600517,-1.05,26648,26648
SH,600259,-5.68,26599,26599
SZ,300432,-5.74,26595,26895
SH,600330,-9.99,26531,26531
SH,600536,7.23,26525,29358
SZ,300903,-5.65,26366,34713
SH,601880,0.7,26331,33708
SZ,002841,-3.75,26318,35295
SH,688233,-10.71,26305,26305
SZ,300811,-7.23,26278,32033
SZ,300776,-6.83,26228,41721
SZ,000887,-3.57,26209,26251
SZ,300347,-2.32,26154,39754
SH,688270,-9.07,26055,26055
SZ,000547,-10.01,25982,26135
SZ,300821,-19.72,25963,25968
SH,603160,-4.88,25927,25927
SZ,003022,-6.68,25888,25910
SZ,001389,-3.37,25799,80044
SZ,002432,-5.77,25776,25811
SZ,300762,-9.72,25753,25753
SZ,000959,1.47,25708,26755
SH,603198,-0.58,25696,25696
SH,688169,-1.06,25654,25654
SZ,000877,-1.63,25598,25598
SH,603338,-1.07,25545,25545
SH,600998,1,25515,25515
SH,603678,-9.98,25448,25448
SH,601608,9.92,25371,25371
SZ,002608,-1.75,25351,25351
SH,688205,-6.5,25265,25265
SZ,001267,-4.39,25243,32562
SH,600918,5.33,25232,43788
SH,603186,-9.99,25231,25231
SH,600521,-0.05,25199,25199
SH,688065,-3.78,25173,31124
SZ,002152,-1.55,25094,25107
SH,603939,2.88,25084,25084
SH,600733,-6.62,25055,28716
SH,600737,-4.71,25025,25025
SH,600801,8.37,25009,38752
SH,600704,0.84,24977,24977
SH,603766,2.45,24930,24930
SH,601000,0.96,24889,24889
SH,600562,-6.18,24825,24825
SZ,002131,-8.02,24824,28712
SZ,300398,-6.62,24747,24882
SH,603444,-4.68,24731,24731
SZ,002223,0.69,24688,26265
SH,600515,-4.26,24683,30734
SH,688318,-4.32,24651,24651
SH,600153,-1.04,24617,24617
SZ,300487,-1.57,24521,40532
SZ,300806,-6.7,24443,35017
SZ,300628,-2.2,24440,42657
SH,603773,-8.14,24380,24388
SZ,000981,-6.56,24354,25594
SH,603345,1.78,24332,27650
SZ,000932,1.14,24258,24258
SZ,300474,-6.37,24214,31132
SH,601918,-0.73,24196,24196
SH,600428,9.68,24111,27055
SH,600299,-1.13,24053,24053
SZ,000733,-7.95,24042,24045
SH,600166,-4.41,23990,23990
SZ,920185,-5.72,23956,24357
SH,600208,-3.43,23907,23910
SH,600161,0.08,23906,23906
SZ,000951,-4.03,23906,23906
SH,688778,-4.7,23877,23877
SZ,300257,-8.08,23867,24841
SZ,300024,-6.66,23853,23860
SZ,300383,1.61,23828,23872
SZ,002266,-6.13,23680,25522
SH,600732,-5.62,23663,23775
SH,601928,1.53,23591,23591
SZ,002468,-0.36,23572,24646
SH,601155,-3.5,23571,23571
SH,688523,-5.35,23558,23558
SH,600546,0.85,23552,23552
SH,601615,-8.52,23520,23520
SZ,000582,-2.77,23402,27310
SH,688392,-0.82,23401,23401
SZ,002491,-10,23376,24440
SH,603728,-7.59,23361,23361
SZ,000032,-5.43,23328,24911
SH,600977,-10,23319,23319
SZ,002459,-7.48,23280,23300
SH,600873,2.98,23275,23275
SH,600323,2.26,23262,23262
SH,600595,-2.52,23206,23206
SH,600583,0.96,23168,23168
SZ,000034,-7.96,23148,27716
SZ,300255,-4.32,23124,23160
SH,688400,-8.12,23113,24029
SH,688652,-8.18,23060,32083
SH,601099,-0.58,23039,23039
SH,603301,-0.44,22931,22931
SZ,002157,-1,22896,27195
SZ,300260,-4.5,22893,32457
SZ,002015,-5.23,22889,22889
SZ,002317,1.62,22864,25515
SH,600295,-0.42,22719,32186
SH,688278,-0.24,22679,22679
SZ,002603,6.19,22672,27517
SZ,000737,-4.56,22664,22666
SH,688206,10.07,22663,22663
SH,600312,1.15,22633,22633
SZ,000921,-0.76,22577,34054
SH,600566,2.46,22552,22629
SH,601866,-0.42,22528,30522
SH,600226,-7.79,22516,22516
SH,600100,-3.58,22480,22480
SH,603881,2.65,22405,22405
SH,601228,0.34,22332,22332
SZ,002335,-6.25,22325,25529
SH,688380,-3.9,22324,22324
SH,688097,-8.24,22317,22399
SZ,000738,-5.78,22253,22253
SH,603605,-2.71,22234,22234
SH,688503,-8.64,22122,22122
SZ,000415,-2.14,22111,25357
SH,601399,-4.96,22073,22073
SH,600884,2.21,22058,27038
SH,688332,-9.94,22027,22027
SH,688114,-6.2,22025,22071
SH,603730,-5.96,22002,22002
SZ,000519,-9.98,21961,21961
SH,601717,-0.41,21960,25424
SH,603283,-5.57,21952,21952
SH,603618,-9.99,21910,21910
SZ,002244,-1.97,21840,24643
SH,600329,3.64,21776,29572
SH,603667,-3.32,21771,22778
SZ,000830,-2.72,21746,21747
SZ,002926,-0.11,21735,21735
SH,603885,-2.71,21690,21690
SH,688795,2.01,21615,336127
SZ,002180,-3.98,21601,22579
SH,688425,-1.69,21601,21601
SH,688349,-3.83,21582,21956
SZ,000750,-0.26,21504,23693
SZ,002396,3.02,21435,21524
SH,600535,1.85,21423,21423
SH,688192,-0.7,21414,21598
SZ,002085,-4.91,21318,21318
SZ,001287,-9.59,21315,21315
SZ,002518,-7.99,21312,21956
SH,600098,0.33,21175,21175
SZ,000739,1.28,21110,21118
SH,603565,1.31,21106,21106
SH,688279,-1.13,21090,25949
SH,688368,-5.71,21083,34752
SH,603236,-3.99,21066,21066
SH,603950,-9.11,21045,21062
SH,600500,-9.14,21027,21027
SH,689009,-1.36,20971,27300
SH,600390,-1.88,20961,20961
SH,601069,-5.17,20947,21509
SH,600598,-1.25,20923,20923
SZ,000623,-0.56,20894,20976
SH,603596,-9.78,20852,20852
SZ,301536,-5.79,20808,46878
SH,688800,-8.86,20804,20804
SZ,300142,0.38,20802,21095
SH,688475,-4.85,20790,20790
SZ,300073,-4.26,20770,22343
SH,600663,-0.14,20764,33131
SZ,300677,-3.1,20752,29182
SZ,301611,-2.74,20752,61725
SH,603115,-9.53,20749,20749
SZ,300496,-6.33,20733,25902
SH,600095,-2.94,20701,20701
SH,600008,0.36,20700,20700
SZ,300738,0.82,20683,20689
SZ,000158,-2.68,20675,20814
SH,600688,-2.75,20667,29730
SH,688449,-9.8,20627,32361
SH,603233,2.38,20579,20579
SZ,300843,-10.25,20563,20974
SZ,001896,-6.27,20476,20476
SH,688150,-6.99,20420,20420
SH,688582,-11.51,20404,20404
SH,688661,-4.34,20395,20395
SH,688819,-3.62,20365,20365
SZ,002402,-5.46,20364,22974
SZ,002065,-2.22,20355,22438
SZ,000598,1.49,20348,20381
SH,688535,-10.2,20335,21818
SZ,002007,0.94,20330,23588
SH,600388,0.63,20308,20308
SH,603588,-9.98,20305,20305
SH,601963,1.84,20280,36149
SZ,002271,-7.9,20274,25296
SZ,000709,-1,20257,20261
SH,688388,-8.83,20220,20220
SH,600516,-2.51,20210,20210
SH,600331,-6.85,20137,26178
SH,603516,-7.05,20124,20124
SH,601636,-3.94,20119,20119
SH,601118,-5.05,20071,20071
SZ,300503,-9.15,20044,25638
SZ,301205,-9.53,20042,31132
SH,600110,-9.97,20024,20024
SZ,002552,-9.98,20013,21071
SH,688106,8.67,20007,20007
SZ,000029,-0.83,20000,22692
SZ,000400,-2.7,19971,20108
SZ,003035,-4.35,19962,19962
SZ,300953,-9.23,19936,27737
SH,600765,-3.31,19903,19903
SZ,002423,-1.7,19861,19861
SZ,002149,-9.99,19858,19861
SZ,300763,-3.61,19855,24576
SH,601106,-5.55,19819,19819
SH,600170,-2.18,19816,19816
SH,603899,0.84,19809,19809
SH,600007,-0.09,19743,19743
SH,600186,1.01,19734,19774
SH,688700,-8.73,19721,19721
SH,603530,-4.55,19693,19888
SH,601016,-5.22,19685,21335
SH,600582,2.37,19658,19658
SH,600012,1.44,19652,28807
SH,601158,0.74,19632,19632
SH,600486,-2.18,19632,19632
SZ,000564,-4.4,19623,23475
SZ,000155,-2.65,19588,19588
SZ,002739,-9.96,19550,19830
SH,603833,-0.89,19523,19523
SH,688545,-3.67,19484,38488
SH,603737,-4.55,19470,19470
SH,601997,0.95,19451,19451
SH,603002,-9.99,19393,19393
SZ,002299,0.82,19376,19760
SH,601187,3.67,19329,19371
SZ,002831,-6.49,19320,34849
SZ,000825,-0.58,19310,19310
SZ,002497,-2.56,19306,21000
SZ,002290,-5.39,19296,19368
SZ,300747,-9.58,19240,20701
SZ,000935,-5.54,19239,19239
SH,600126,-4.52,19216,19216
SH,600171,-4.2,19205,19205
SZ,002948,1.68,19161,31663
SH,600114,-5.12,19145,19611
SZ,300003,-1.62,19105,22305
SH,601567,-2.57,19097,19097
SH,600316,-6.95,19090,19090
SH,600961,-4.33,19073,27219
SZ,300102,-13.71,19070,19161
SZ,002498,-5.75,19063,19063
SZ,300085,-6.16,19026,20620
SH,600550,-5.22,19005,19005
SZ,300088,-10.34,18940,19033
SZ,300131,-3.91,18928,20612
SH,601133,-0.05,18904,18970
SH,601606,-6.84,18902,18902
SH,600552,-9.66,18883,18883
SZ,002500,-0.74,18882,18882
SH,688596,-5.71,18866,18866
SZ,000686,-1.09,18864,18864
SH,603876,-3.42,18846,18846
SZ,002120,-0.44,18833,19396
SZ,002130,-6.97,18799,22944
SZ,300568,-11.54,18781,23236
SZ,300012,-3.09,18764,22062
SZ,300655,-4.88,18763,18848
SH,688308,-11.44,18700,18700
SZ,002192,1.41,18695,18734
SH,600602,1.22,18671,23770
SH,601677,-1.95,18637,18637
SH,601666,-1.57,18496,18496
SH,688531,-10.17,18439,26603
SZ,301285,-13.39,18435,18435
SZ,300209,0.08,18423,23290
SH,603063,-6.26,18392,18468
SZ,002683,-3.59,18384,20958
SH,603938,-9.03,18374,18374
SH,688005,-3.89,18330,18333
SZ,002670,-2.41,18311,21828
SH,600927,-2.54,18276,18276
SZ,301005,-13.68,18257,18637
SZ,000970,-3.28,18248,18248
SH,688772,-10.86,18201,18201
SH,688484,-3.88,18197,18197
SH,600848,-1.42,18194,19171
SZ,300679,-11.03,18184,21492
SH,688359,-4.03,18184,18184
SZ,300627,-4.63,18082,21842
SZ,002379,10.03,18068,207195
SZ,300671,-7.08,18048,18101
SH,603816,-0.53,18046,18253
SH,600877,-9.97,18045,18045
SZ,002545,-3.56,18015,19830
SH,688802,6.75,17986,388377
SZ,002756,-4.05,17922,24960
SH,603658,1.53,17857,17857
SZ,000683,-3.08,17813,19811
SZ,002158,-9.64,17784,17822
SZ,300896,-3.05,17728,26238
SH,603358,-6.79,17709,18015
SH,603203,-8.11,17704,18039
SH,600339,0,17699,17699
SZ,300065,-6.42,17697,19438
SH,688131,-5.33,17696,17696
SZ,920438,-9.88,17686,18329
SZ,002262,0.35,17684,20326
SH,601609,-4.48,17667,17667
SH,600004,-0.26,17656,19226
SZ,301095,-2.46,17622,20399
SZ,002461,2.18,17618,17618
SH,601865,-4.82,17603,21695
SZ,000672,-7.67,17585,17585
SZ,002957,-6.1,17576,17631
SH,605020,-1.23,17567,17843
SH,601098,-0.4,17565,17565
SH,688561,-0.76,17527,17527
SZ,000429,-0.43,17517,28100
SZ,300199,-7.62,17511,20756
SZ,000543,0.78,17478,17478
SH,600967,-6.03,17460,17460
SH,688692,-2.87,17450,26644
SH,601139,3.41,17433,17433
SZ,301389,-8.7,17362,17362
SZ,002171,-8.89,17348,17447
SZ,300657,-7.3,17344,17848
SZ,000050,-8.25,17318,17318
SH,600062,0.6,17307,17313
SH,605289,-9.22,17300,17324
SH,688686,-6.5,17300,17300
SH,600606,-3.14,17287,17287
SZ,002318,-3.76,17280,17687
SZ,000513,0.56,17277,27001
SZ,002716,-6.8,17181,20863
SH,600397,-7.9,17176,17176
SH,600179,-1.32,17149,18788
SH,600410,-5.61,17138,17138
SH,600577,-8.1,17127,17127
SZ,002389,-5.58,17115,17118
SZ,300083,-13.81,17115,19096
SZ,300342,-12.19,17112,17367
SH,600820,0.93,17104,17104
SZ,300724,-7.75,17099,20699
SH,600396,-9.99,17098,17098
SH,603226,-5.59,17064,17064
SH,688003,-9.2,17063,17063
SH,600131,-2.32,17054,17089
SZ,300735,-2.13,17012,18173
SH,688281,-10.43,16985,16985
SH,600835,-2.04,16969,21193
SH,603800,-3.33,16964,16964
SZ,301550,-8.7,16958,27707
SZ,002265,-6.39,16921,16921
SZ,002895,-1.25,16902,17081
SH,603529,-1.86,16866,17199
SZ,300122,-2.04,16859,28534
SH,603337,-4.43,16841,16936
SH,688390,-5.76,16839,16839
SZ,300323,-10.59,16830,22998
SZ,002044,-6.25,16814,16988
SZ,301035,-0.08,16800,16826
SZ,003021,-6.71,16778,21646
SH,600655,-0.91,16765,16771
SH,603000,-3.55,16751,16751
SZ,002611,-3.86,16706,20256
SH,601137,-4.95,16701,16713
SH,688258,1.48,16684,16684
SH,601333,0.68,16674,20896
SZ,300005,-9.42,16672,16808
SH,688549,-3.54,16672,41792
SZ,301128,-10.41,16671,18952
SH,600120,0.83,16667,16667
SH,603858,1.1,16515,16515
SH,688625,-9.92,16489,16489
SH,600038,-3.02,16483,20202
SZ,300723,-1.2,16462,17738
SH,688363,-3.82,16454,16454
SH,600888,-9.95,16432,16432
SZ,301319,-9.14,16399,21759
SZ,301316,-4.52,16323,16838
SZ,000682,0.83,16302,16303
SH,600956,1.02,16296,31232
SZ,300602,-11.58,16252,23757
SZ,000937,1.42,16240,16714
SH,600360,0.66,16229,16229
SH,688603,-7.3,16188,16188
SZ,002145,-1.61,16178,16178
SH,603738,-10,16173,16173
SZ,000591,-3.03,16160,16166
SH,600629,10.04,16132,16132
SH,688520,-3.15,16117,17021
SH,688208,-4.3,16064,16064
SZ,002208,2.93,16061,16066
SH,603786,-3.93,16061,16061
SZ,300319,-8.62,16038,16722
SZ,300179,-11.24,16014,20799
SZ,300888,-0.42,15989,16061
SZ,002270,-1.91,15988,15989
SH,688401,-1.56,15986,15986
SH,600867,0.62,15982,15982
SZ,000875,-3.24,15943,17302
SH,600343,-9.98,15923,15923
SH,601369,3.09,15919,16080
SH,688107,-8.17,15894,15894
SH,603031,6.02,15889,18894
SZ,001331,-9.99,15875,22730
SZ,003036,-7.51,15851,15851
SZ,300660,-5.63,15830,15840
SH,601975,-1.73,15820,15820
SZ,300720,-9.49,15796,16717
SZ,301297,-6.75,15795,32238
SH,601326,1.53,15795,18550
SH,601156,1.46,15775,26512
SZ,000528,-1.89,15767,15789
SZ,000997,-4.15,15766,15855
SH,600754,-3.92,15729,18511
SH,600435,-8.77,15713,15713
SH,603171,-4.53,15700,15717
SZ,301626,-4.71,15693,34499
SZ,301123,-9.51,15666,22272
SZ,000620,-7.7,15650,19671
SH,603009,-4.1,15624,15993
SZ,002773,1.97,15624,20960
SZ,300975,-11.05,15623,21812
SH,601020,-8.4,15620,15620
SH,605296,4.54,15612,15816
SZ,001696,-6.01,15599,20038
SH,601966,0.47,15586,15586
SH,600032,-2.55,15582,15582
SH,600750,4.97,15532,15700
SZ,000009,-2.42,15508,15527
SZ,002925,-5.72,15506,16367
SH,601921,0.43,15489,15489
SZ,300364,-5.28,15480,17076
SZ,300184,-12.65,15465,16891
SZ,002958,1.79,15448,15778
SH,600928,1.75,15438,15511
SZ,301093,-8.35,15433,16164
SH,601969,-1.63,15405,15499
SH,601101,0.95,15379,15379
SZ,001213,0.29,15378,15378
SH,603119,-5.09,15340,27369
SZ,920808,-2.37,15332,15760
SH,688143,-19.99,15331,16134
SH,605198,-3.99,15326,18932
SH,603733,-1.02,15323,15323
SH,600459,-6.36,15308,16589
SH,603871,-0.61,15294,15294
SH,600596,-10,15291,15291
SZ,300170,-2.34,15291,16012
SH,603026,-4.32,15286,15286
SZ,300676,1.46,15285,15369
SH,600739,-0.68,15269,15269
SZ,002975,-7.99,15266,23132
SZ,002048,-6.72,15254,17489
SZ,000766,-4.54,15215,15222
SZ,002913,-7.48,15166,15954
SH,600763,-1.45,15136,15136
SZ,300002,-2.73,15123,16072
SH,600366,-9.96,15090,15090
SH,600528,-0.14,15084,15084
SH,600511,1.3,15057,20530
SZ,300144,-2.17,15051,15210
SZ,000898,-1.04,15040,17708
SH,600906,-0.55,15040,22975
SZ,300413,-4.16,15029,27518
SH,600531,-7.85,15019,15019
SZ,002312,-2.68,15014,15045
SH,603997,3.87,15013,15013
SZ,000539,-2.97,14975,30767
SZ,002643,-7.47,14959,15186
SZ,001337,-6.06,14944,14944
SH,600548,0.69,14916,22079
SH,600623,-3.04,14914,16850
SH,601519,-6.6,14899,14899
SZ,920116,-7.09,14875,14875
SZ,002897,-2.12,14861,15623
SZ,002326,-8.29,14830,16976
SH,688690,-8.42,14828,14828
SZ,002405,-5.84,14794,14884
SZ,002237,-3.42,14785,17732
SZ,000563,0.7,14779,14779
SZ,300455,-9.82,14761,14951
SH,600930,-2.55,14728,190217
SZ,300773,-4.47,14689,15527
SH,688319,-18.38,14684,14684
SH,603355,-9.72,14679,14679
SH,688006,-6.44,14633,14633
SH,688158,-4.32,14583,16392
SZ,003018,-4.94,14576,16084
SH,600621,2.31,14566,14566
SZ,002506,-7.77,14553,14567
SH,601019,1.16,14546,14546
SH,600151,-10.02,14543,14543
SH,688615,-6.38,14525,21035
SZ,301171,-7.09,14504,17875
SH,603389,-4.78,14504,14504
SH,600959,-3.32,14502,14502
SZ,001339,-7.8,14482,29338
SZ,002534,0.06,14460,14646
SH,605389,-7.93,14455,15285
SH,688383,-7.37,14438,14438
SH,600761,-0.91,14385,14385
SZ,001399,-9.98,14351,243237
SH,688516,-8.85,14344,14344
SH,603025,-4.43,14308,14405
SZ,000723,-3.55,14284,14311
SZ,002617,-9.94,14270,14510
SH,600808,-2.44,14263,18405
SZ,300613,-4.77,14260,15117
SH,601702,-1.1,14259,14259
SH,603317,-3.17,14242,14242
SZ,000537,-2.94,14226,14226
SH,601858,-3.84,14197,14197
SH,688059,-9.27,14187,15158
SZ,000927,-0.42,14158,14158
SZ,000778,-0.26,14133,14386
SH,688371,-6.49,14130,14130
SZ,301666,-5.47,14093,231849
SZ,000603,-6.54,14081,14572
SZ,002508,-0.45,14078,14250
SH,688090,-3.7,14042,14042
SH,603826,-4.83,14034,14034
SH,688029,2.16,14032,14032
SH,688222,-2.42,14024,14024
SZ,002408,3.88,14003,14470
SH,688809,-1.09,13992,69962
SH,600056,2.86,13982,13986
SH,600872,1.74,13963,14022
SH,603757,-3.51,13954,13954
SH,688138,1.16,13949,13949
SH,600022,0.78,13909,13909
SH,601375,0,13894,18711
SZ,000581,-0.62,13885,16909
SH,688353,-7.12,13883,13883
SZ,000070,-9.99,13879,14068
SZ,002645,-7.98,13870,15356
SZ,002176,-5.99,13869,13889
SH,603991,-3.97,13868,23653
SH,688020,-12.96,13845,13845
SZ,300835,-2.29,13844,19753
SH,600363,-9.99,13842,13842
SH,688779,-4.13,13833,13833
SZ,000685,-1.15,13825,16277
SZ,002896,-7.41,13821,13821
SZ,002654,-7.93,13820,13821
SZ,002979,-6.08,13810,19591
SH,600452,-1.31,13783,13783
SH,688559,-9.66,13768,13768
SH,603989,-9.99,13746,13746
SZ,002320,-3.75,13728,13728
SH,688088,-4.38,13716,13716
SH,601568,0.29,13704,13704
SH,601778,-7.06,13701,13701
SH,688382,5.44,13696,13696
SH,688100,-3.24,13644,13762
SZ,000902,-0.57,13633,14969
SH,688262,-7.81,13628,13628
SH,688055,-12.62,13600,13600
SZ,301150,-9.59,13554,14449
SZ,300469,-8.67,13549,13556
SH,600651,-4.59,13513,13513
SZ,301071,-6.9,13471,18326
SZ,300436,-0.01,13449,15667
SH,688153,-3.18,13424,14114
SZ,002167,-9.96,13422,13704
SH,688538,-7.16,13403,32176
SZ,002768,-8.98,13379,22913
SH,600267,5.2,13372,13372
SH,600783,-9.96,13369,13369
SZ,000422,-4.45,13361,13736
SZ,300077,-7.84,13354,15990
SH,600416,-2.68,13326,13326
SH,603505,-5.26,13324,13324
SZ,301486,-8.14,13305,23504
SZ,000088,-0.46,13284,21838
SZ,000534,-9.23,13277,13462
SZ,300100,-6.38,13257,13751
SZ,002568,0.58,13253,18114
SZ,301021,-8.94,13251,13266
SZ,000966,0.53,13228,13228
SH,601827,4.49,13225,13225
SH,688182,-11.46,13212,13212
SH,600320,-2.67,13208,20974
SZ,300999,-0.32,13203,131907
SZ,300166,-8.99,13188,16580
SZ,002838,-6.3,13187,14998
SH,600201,-2.78,13163,13163
SZ,300331,-8.88,13155,15377
SZ,002947,-6.2,13148,16987
SZ,002901,1.65,13123,18838
SZ,002969,-9.87,13058,13127
SZ,300957,-2.32,13043,13115
SH,603868,-1.18,13042,13042
SZ,002354,-6.08,13038,13270
SZ,002867,1.85,13035,13113
SZ,002815,-7.35,13017,20672
SZ,002531,-3.69,13008,13081
SZ,002151,-9.99,12997,15934
SH,603456,-0.19,12996,12996
SZ,001301,2.21,12980,18220
SH,600816,-2.86,12962,23331
SZ,002410,-2.13,12953,13629
SZ,000680,-3.33,12950,14776
SH,600933,-4.82,12940,13586
SH,603305,-7.28,12932,12932
SZ,300684,-9.11,12924,18947
SZ,002507,1.91,12923,12959
SZ,000089,1.12,12920,12920
SZ,000700,-9.98,12898,12898
SZ,000901,-9.97,12883,12883
SH,603515,1.33,12871,12975
SH,688166,-5.31,12869,12869
SZ,300726,-11.11,12856,24690
SZ,002929,-3.52,12846,16981
SZ,000810,-9.96,12839,13296
SH,605118,-6.59,12838,12914
SZ,002911,1.71,12835,13151
SH,600633,-3.88,12833,12833
SH,600675,-0.92,12818,12818
SH,600710,-1.5,12806,12806
SZ,301029,-4.34,12803,17580
SH,600361,-0.57,12803,12803
SZ,300253,-3.22,12797,15189
SH,600064,0.96,12787,12787
SH,600456,-3.8,12776,12776
SH,600285,3.73,12763,12777
SH,600167,0.53,12762,12762
SH,603267,-9.99,12733,12733
SH,603613,-3.61,12645,12645
SH,600821,4.91,12611,12611
SH,600301,-7.64,12558,28851
SH,605099,-2.88,12530,12557
SH,601965,-2.1,12520,12573
SZ,002937,-5.25,12481,12514
SH,600211,1.81,12480,12480
SZ,301338,-6.27,12473,17118
SZ,301219,-4.83,12452,17446
SH,600755,-2.01,12430,12462
SH,600475,-1.26,12418,12590
SH,600113,-8.85,12405,12698
SZ,002297,-9.98,12396,12396
SZ,000612,3.8,12387,12387
SH,600764,-4.7,12365,12365
SZ,000799,-4.1,12356,12357
SZ,002010,-2.39,12353,12383
SZ,002250,-3.9,12333,12400
SH,603297,-7.88,12326,12326
SZ,000553,-1.9,12322,13187
SH,603707,1.74,12311,12311
SZ,002745,-9.96,12301,17157
SZ,000506,-3.85,12268,12272
SZ,300034,-4.25,12250,12727
SH,600827,0.79,12242,13613
SZ,002563,0,12227,14925
SH,600258,-2.84,12193,12193
SZ,000711,-4.11,12192,15119
SZ,300863,-10.42,12182,12681
SZ,002906,-5.64,12182,12189
SH,688031,-6.99,12174,12174
SH,600367,-8.2,12171,12895
SH,600575,-1.56,12164,22432
SZ,300761,2.8,12162,16157
SZ,300769,-5.75,12157,13530
SZ,002655,-9.13,12157,12181
SZ,002268,-6.31,12146,12152
SZ,300779,-5.49,12128,15873
SZ,301015,0.61,12119,12121
SZ,002549,7.23,12109,12162
SH,688797,-6.86,12105,64394
SH,600529,0.39,12098,12098
SZ,301275,-4.23,12092,16976
SZ,002399,1.47,12073,14203
SH,600850,-4.57,12072,12072
SZ,000681,-3.56,12062,12498
SZ,300409,-5.84,12059,13721
SH,600057,0.17,12053,16353
SH,600271,-5.24,12044,12044
SZ,000048,-5.63,12036,12057
SZ,002936,1.18,12020,15547
SH,603052,-8.04,12005,12005
SZ,002946,1.36,12004,12144
SH,688378,-2.94,11983,13001
SZ,300607,-7.98,11978,16928
SZ,002993,-9.97,11975,13863
SZ,002153,-3.61,11934,20360
SH,603882,5.28,11927,12008
SH,603690,-6.53,11926,11926
SZ,002338,-9.89,11878,11878
SZ,002287,3.74,11870,11894
SH,600717,1.49,11865,11865
SZ,301238,-6.89,11865,11865
SZ,002226,-0.21,11841,11841
SZ,002701,0.65,11841,11852
SZ,301183,-9.35,11828,16135
SH,600461,2.45,11827,11827
SZ,300457,-5.47,11821,12013
SZ,002289,-0.01,11806,12057
SH,600420,1.27,11802,11802
SH,603983,-0.4,11801,11801
SH,600315,-0.78,11791,11791
SZ,000785,-3.32,11783,12641
SH,600345,-9.99,11782,18356
SH,688209,-1.76,11782,11782
SZ,300070,-0.28,11781,12431
SH,600155,-0.55,11776,11776
SH,605507,-0.19,11774,11774
SZ,300718,-8.6,11772,17885
SH,603040,-6.02,11770,11832
SZ,002183,-7,11712,11713
SZ,300382,-9.33,11709,11710
SZ,002741,-9.82,11695,12756
SH,600916,-2.66,11642,11642
SZ,300296,-4.73,11628,13614
SZ,002668,2.29,11622,11622
SH,605196,-5.42,11614,11752
SH,603906,-6.94,11609,16313
SZ,300263,-8.73,11609,12317
SH,600409,2,11602,11602
SZ,002174,-7.05,11594,11601
SH,600589,-9.98,11591,11616
SZ,002091,-0.95,11585,11768
SH,601512,-2.64,11571,11571
SH,600063,-7.9,11566,11566
SH,600776,-6.92,11558,15185
SZ,002544,-10.01,11554,11555
SZ,300357,0.97,11546,12493
SH,603118,3.03,11518,11518
SH,688376,-11.83,11515,11515
SH,600184,-9.97,11515,11515
SH,688035,-8.61,11503,11503
SZ,301031,-5.91,11485,14610
SH,601107,2.31,11484,16238
SH,603931,-0.77,11481,11481
SZ,000762,-6.29,11463,11463
SH,688416,-8.99,11460,11460
SH,600338,-5.5,11446,11446
SZ,002254,-5.76,11382,11467
SH,603888,-4.19,11376,11376
SZ,300229,-5.02,11376,11383
SH,603713,-3.78,11348,11348
SH,601992,-2.85,11334,14522
SZ,301369,-6.68,11330,21134
SH,688275,-7.83,11319,11319
SZ,002597,1.84,11317,11338
SZ,002119,-6.44,11315,11315
SZ,000069,-2.95,11314,13182
SZ,000973,-3.86,11300,28712
SH,600490,-4.05,11298,12547
SH,600216,0.25,11283,11405
SH,688068,-2.17,11278,11278
SH,688202,-3.51,11278,11278
SZ,002865,-9.98,11255,15672
SH,688306,-9.3,11251,11251
SZ,002413,-9.97,11218,11425
SH,688662,-9.93,11215,11215
SH,603163,-2.49,11211,11211
SH,688198,-5.35,11196,11196
SZ,300573,0.49,11193,14575
SZ,000801,-6.45,11186,11190
SZ,002372,-4.88,11164,12084
SH,688261,3.86,11161,11205
SZ,301196,-9.17,11160,17001
SH,601339,2.2,11127,11127
SH,688321,-1.86,11101,12057
SH,600403,-5.49,11093,11093
SZ,300777,-7.7,11092,11318
SH,688698,-5.24,11091,11091
SZ,000567,-4.85,11068,11102
SH,600773,-4.66,11067,11067
SZ,300304,-10.49,11066,11372
SH,688567,-4.73,11060,11060
SH,688063,-4.69,11041,11041
SZ,300042,-12.94,11041,11042
SH,603303,-6.72,11032,11032
SH,601222,-0.73,11023,11023
SZ,000990,3.66,11022,11022
SZ,300459,-5.62,11012,11778
SZ,002258,2.53,11004,11022
SH,600116,0.17,10995,10995
SH,688016,-1.03,10986,10986
SH,600759,5.16,10981,10995
SH,600058,-10.01,10976,10976
SH,603589,-1.65,10964,10964
SH,603011,-9.99,10946,10946
SH,600702,-4.7,10941,10946
SZ,000758,-4.33,10925,10967
SZ,002024,-2.47,10919,10932
SZ,300593,-11.43,10914,13150
SZ,301188,-10.81,10910,10910
SH,603601,-9.98,10909,10909
SH,600612,1.12,10909,17995
SZ,002416,0.56,10905,11042
SH,605599,1.01,10904,10904
SZ,000592,-6.86,10897,10992
SZ,002096,-0.22,10891,10891
SH,601952,2.07,10886,10886
SZ,002847,-0.83,10883,12058
SH,603538,4.53,10876,10973
SZ,002647,-8.06,10874,12105
SZ,000156,-2.28,10862,11840
SH,688508,-8.04,10858,10858
SZ,300145,-8.38,10854,10907
SH,600744,-4.12,10846,10846
SZ,300775,-8.3,10845,11170
SZ,301127,-8.04,10837,11163
SH,603927,0.08,10812,10812
SH,600864,-1.13,10798,10798
SH,603341,-4.68,10776,21154
SH,603556,-3.22,10776,10776
SZ,300353,0.66,10763,12255
SZ,300204,-2.06,10756,11328
SZ,000028,1.14,10754,12520
SZ,300224,-5.77,10729,10768
SH,603124,-7.74,10726,20142
SH,688381,4.62,10712,10712
SZ,920186,-5,10709,20475
SZ,300601,0.34,10706,13280
SH,688125,-15.31,10675,10704
SZ,002387,-5.44,10658,10672
SZ,002807,2.07,10652,10668
SZ,002565,-9.95,10642,10642
SZ,002011,-1.56,10639,10790
SH,603992,-7.04,10633,10633
SH,601068,-3.03,10622,12400
SZ,002931,-9.98,10622,11533
SH,688605,-3.77,10618,19833
SH,600908,2.51,10616,11654
SH,600572,1.7,10608,10636
SH,605060,-9.99,10580,10653
SH,600859,-1.35,10564,10565
SZ,300303,-9.75,10563,11264
SZ,002217,-9.93,10555,10845
SH,605318,-7.58,10547,10547
SH,600198,-3.56,10546,10559
SZ,300913,-5.93,10542,12642
SH,688660,-8.13,10533,10533
SZ,002079,-4.84,10493,11756
SZ,002077,-5.68,10493,10493
SZ,301392,-5.83,10489,25710
SH,600248,1.07,10487,10510
SH,603281,-9.2,10476,10476
SZ,002792,-9.99,10459,16218
SH,600619,-4.46,10457,14222
SZ,000998,1.53,10450,11682
SZ,300009,3.04,10432,14168
SH,688663,-9.53,10425,10425
SH,600635,-0.91,10425,12725
SH,600268,-4.64,10419,10423
SZ,002182,-6.3,10412,11931
SZ,002139,-1.01,10411,12119
SZ,000099,-3.72,10403,10403
SH,601678,-6.42,10401,12262
SH,603319,-2.38,10395,10395
SZ,300185,-1.81,10347,10857
SZ,300146,-0.85,10344,15614
SH,600993,3.31,10336,10354
SH,688456,-8.58,10329,10329
SH,688231,-12.36,10326,10326
SZ,000510,-9.99,10318,11032
SZ,300693,-5.3,10311,11996
SZ,001280,-4.58,10286,122457
SH,603608,-7.13,10286,10286
SH,605123,-9.99,10284,10284
SH,600006,-2.65,10260,10260
SZ,002385,-1.32,10252,12728
SH,688486,-5.83,10247,10248
SH,600559,0,10245,10245
SZ,300674,-1.08,10243,10258
SZ,002839,2.2,10208,10217
SH,603093,-2.04,10182,12787
SZ,301207,0.24,10181,10187
SH,600882,3.3,10179,10179
SZ,002051,-7.36,10167,10168
SH,688112,-7.74,10162,10162
SH,601163,-1.77,10160,10160
SH,600480,-4.88,10154,10230
SZ,000035,-4.14,10154,10483
SZ,002092,1.03,10148,10205
SZ,002583,-3.99,10146,14385
SZ,300468,-4.57,10146,10162
SZ,002169,1.6,10143,10465
SZ,002020,-2.15,10143,12063
SZ,300580,-6.53,10123,10760
SH,688227,-4.34,10111,10111
SZ,002400,-5.48,10098,10199
SZ,003009,1.09,10095,10097
SH,600458,-7.91,10092,11066
SH,605006,-7.81,10092,10092
SZ,300428,-4.89,10085,11586
SZ,300244,-1.75,10079,12562
SH,688260,-15.09,10074,10074
SH,601022,-0.12,10063,10063
SZ,300687,0.95,10056,12563
SZ,000727,-4.71,10056,10056
SH,603859,-10,10055,10055
SZ,300026,5.68,10054,10064
SZ,300486,-0.42,10046,10049
SH,603890,-1.95,10040,10040
SZ,002698,-4.79,10037,12158
SH,688160,-8.41,10035,10035
SZ,002557,0.45,10030,10061
SZ,300007,-7.61,10013,11588
SZ,000061,-1.23,10012,11076
SZ,000828,0.84,10000,10000
SH,603235,-0.3,9999,9999
SZ,002081,-7.34,9995,10037
SH,603328,-8.07,9994,9994
SZ,002607,-5.25,9978,11101
SZ,002922,-7.86,9975,11182
SZ,920045,-6.78,9975,33736
SZ,300053,-9.23,9971,10676
SZ,002842,5.01,9965,12145
SZ,301039,-1.57,9964,12856
SZ,300277,-6.53,9951,19716
SH,688669,-5.7,9941,9941
SH,601900,-0.08,9922,9922
SH,603693,-5.11,9922,9922
SZ,300315,-4.4,9912,10560
SH,688046,-5.06,9910,9910
SZ,002759,-6.16,9909,9917
SZ,002031,-5.65,9893,11371
SH,688677,-5.82,9886,9886
SZ,002541,0.97,9849,13697
SZ,300049,-2.58,9841,11122
SH,603125,-9.32,9838,9838
SH,688351,-4.65,9831,9831
SZ,300596,-3.48,9826,10041
SZ,301216,-1.89,9825,10467
SZ,000837,-9.04,9822,9976
SZ,301013,-6.81,9822,12131
SZ,301293,-5.48,9821,9821
SZ,301267,0.67,9779,12667
SH,600986,-6.13,9772,9772
SZ,300682,-6.32,9767,10211
SZ,002204,-2.87,9753,9753
SH,600509,-4.44,9744,9744
SH,688726,-10.7,9734,17940
SH,600129,6.45,9733,9733
SH,603360,-7.26,9732,9732
SZ,002246,-0.72,9729,9729
SH,601005,-0.84,9727,11243
SZ,300008,-5.59,9719,10195
SH,600395,-1.73,9703,9703
SZ,000690,-1.54,9698,9704
SH,603393,2.61,9678,9678
SH,600269,1.97,9669,9669
SZ,000823,-9.96,9668,9668
SZ,002730,-0.59,9665,10113
SH,603218,-2.18,9662,9670
SZ,002984,-0.36,9659,14021
SZ,301363,-7.44,9658,14725
SZ,002181,-6.58,9644,9869
SZ,000767,-4.6,9640,10185
SH,600507,2.97,9623,9623
SH,688328,-13.86,9618,9618
SH,603039,-7.59,9617,9617
SH,600383,-4.9,9616,9616
SZ,002439,-1.41,9610,15978
SH,688515,-5.94,9596,15409
SH,600787,0.45,9592,9592
SZ,002675,0.55,9590,10637
SZ,301232,-14.32,9585,16140
SH,688327,-5.11,9584,11939
SH,688165,-8.21,9559,9559
SH,603027,2.13,9555,9555
SH,600033,1.75,9551,9551
SH,688550,3.1,9545,9545
SZ,301489,-10.93,9543,15506
SZ,301086,-11.26,9539,18316
SH,603185,-5.33,9513,9570
SZ,002342,-10.02,9509,9562
SZ,300480,-9.38,9491,13006
SZ,002967,-6.11,9489,11047
SZ,002987,-3.39,9484,9754
SH,603099,-0.62,9483,9483
SZ,000555,-4.03,9483,9494
SH,605178,-5.77,9480,9480
SH,600210,0.81,9480,9480
SH,688611,-8.12,9466,9466
SZ,002718,-3.31,9453,13020
SH,605016,-2.29,9446,9446
SZ,300499,-9.83,9445,10623
SH,688325,-6.64,9438,9756
SZ,002348,-5,9424,10358
SZ,002440,1.74,9416,11184
SH,688032,-4.33,9412,9412
SH,688507,-8.17,9404,17019
SZ,002674,4.35,9403,9499
SZ,002276,-4.3,9396,9433
SH,688783,-1.04,9381,204555
SH,600718,-1.99,9380,9380
SZ,002965,-4.17,9380,13073
SH,600664,10.09,9344,9344
SZ,000656,-6.1,9332,13024
SZ,300827,-3.32,9331,13422
SZ,000839,-3.63,9329,9329
SZ,002579,-9.97,9317,9784
SH,600662,-1.44,9312,9339
SH,603211,-9.38,9309,9309
SZ,000899,-1.13,9298,9298
SH,605255,-1.86,9292,9292
SH,601882,-7,9281,9281
SZ,300576,-8.28,9276,14739
SH,600648,-0.48,9273,11083
SZ,300638,-3.47,9272,15719
SZ,002361,-9.97,9271,10899
SZ,002978,-2.02,9262,11838
SZ,301191,3.18,9259,12281
SH,688337,-8.75,9259,10890
SZ,002366,-5.11,9252,10405
SH,601200,0.59,9249,9249
SH,688105,-0.99,9244,9244
SZ,300118,-9.19,9240,11366
SZ,000815,-5.6,9233,9233
SZ,002061,1.14,9227,9494
SH,600446,-3.73,9215,9215
SH,603323,2.48,9192,9192
SZ,300842,-8.75,9190,10340
SH,688610,-0.73,9186,15261
SH,688543,-8.25,9185,9185
SZ,300868,-11.84,9184,14549
SH,600391,-9.99,9178,9178
SH,600373,0.29,9176,9176
SZ,301087,-2.85,9172,11153
SZ,300790,-7.97,9160,10425
SZ,300327,-6.31,9149,9217
SH,601811,1.4,9146,14251
SZ,300377,-5.09,9127,9921
SH,601949,-0.61,9120,9120
SH,603712,-7.95,9102,9102
SZ,301090,-2.97,9090,9100
SZ,301606,-4.23,9090,22857
SZ,000401,-1.14,9078,9171
SZ,002100,2.95,9065,9065
SH,600757,0.81,9065,9066
SH,688818,-12.39,9055,119136
SH,603045,-6.26,9045,9045
SZ,000950,1.93,9043,9043
SH,688221,-11.57,9042,9042
SZ,000795,-6.02,9042,9042
SZ,002063,-1.53,9040,9788
SZ,002705,-0.44,9029,9077
SZ,300900,-14.81,9018,11510
SZ,000917,-6.46,9015,9016
SZ,300363,-1.4,8999,9869
SH,688076,-0.48,8998,8998
SZ,000006,-5.92,8991,8991
SZ,000049,-2.13,8987,8989
SH,601860,1.61,8986,9262
SH,688239,-15.06,8982,8982
SH,600163,-1.86,8982,8982
SZ,002310,-5.11,8974,12239
SZ,000516,-0.72,8974,9112
SH,603065,10.03,8966,8966
SH,600597,2.04,8960,8960
SZ,000031,-4.12,8958,8958
SZ,300415,-4.67,8953,9259
SH,688103,-8.82,8950,8950
SZ,001914,-0.34,8946,8946
SZ,000552,0.42,8942,12844
SZ,002293,-0.45,8933,9008
SH,605133,-6.47,8918,9018
SZ,002233,1.74,8918,8924
SH,601311,0,8916,8916
SH,688083,-6.11,8900,8900
SZ,002706,-4.41,8897,10928
SZ,002511,0.72,8893,9043
SH,600728,-2.79,8893,8893
SH,688128,-3.67,8891,8891
SZ,002043,0,8891,9136
SH,603915,-4.51,8884,9036
SH,601003,1.47,8867,9114
SH,603223,-8.44,8865,8865
SZ,300420,-4.9,8863,8864
SH,688798,-5.61,8840,15181
SZ,002539,-2.83,8827,11981
SZ,000420,-5.02,8824,8827
SZ,300322,-9.85,8822,9215
SH,600649,-1.39,8816,8816
SZ,002515,-4.76,8804,9673
SH,688135,-11.23,8800,8800
SZ,002980,-9.99,8791,16438
SH,603057,-4.38,8788,8854
SZ,000536,-6.75,8759,8768
SZ,300113,-5.48,8755,11596
SZ,300855,-6.06,8754,11818
SH,603103,-7.52,8727,8727
SZ,002272,-9.97,8722,10362
SH,688289,0.4,8720,8720
SH,603883,0.7,8720,8720
SZ,300618,-3.37,8717,9907
SH,688439,-6.19,8714,8714
SH,600481,-8.25,8711,8711
SH,600545,-9.97,8707,8707
SH,603619,-1.66,8697,8697
SH,603985,-7.75,8694,8694
SH,688552,-8.57,8691,8691
SZ,001227,1.48,8688,11733
SH,605168,-8.13,8679,8679
SH,603626,-8.04,8678,8678
SZ,002115,6.12,8672,9355
SH,600376,-8.19,8667,8667
SH,601528,2.41,8666,9163
SH,600328,-1,8666,8666
SZ,000403,-0.21,8654,8744
SZ,301326,-19.99,8648,8724
SH,601886,-2.79,8645,8645
SZ,001308,-6.67,8644,12491
SZ,000818,-7.72,8642,8666
SH,603599,0.21,8638,8638
SH,600037,-2.35,8629,8629
SZ,300440,-8.01,8628,8662
SZ,002961,-4.68,8628,8628
SZ,002283,-7.52,8624,9799
SZ,000410,-4.99,8613,11576
SZ,300137,-4.68,8613,8719
SH,688478,-6.55,8611,8611
SZ,300739,-11.69,8600,9359
SZ,301382,-11.28,8596,10387
SH,688179,-8.4,8594,8594
SH,603100,-5.13,8594,8621
SH,600971,1.85,8592,8592
SH,688312,-8.66,8592,8592
SH,688678,0.76,8582,8582
SH,600307,-2.83,8581,8581
SH,603583,-4.54,8574,8653
SZ,002368,-4.28,8571,8613
SH,688161,-2.94,8568,8568
SZ,002626,2.34,8544,8545
SH,600740,-0.29,8532,8532
SH,688190,-5.76,8525,8525
SZ,301510,-7.25,8523,12212
SZ,002083,-3.22,8520,8520
SH,600123,1.94,8515,8515
SH,688139,-1.53,8507,8507
SZ,300181,4.68,8495,9883
SH,605298,-7.5,8491,8564
SH,688091,-4.26,8489,8489
SZ,300846,-4.49,8486,10282
SH,603220,-5.23,8481,10475
SZ,002150,-4.4,8464,8520
SZ,301177,-5.27,8460,8466
SH,688789,-4.08,8452,8452
SZ,300045,-7.5,8452,10848
SZ,002019,1.62,8450,12200
SZ,300540,-9.18,8437,9288
SZ,000550,-0.05,8435,14044
SZ,000949,-7.61,8431,8434
SH,601038,-2.69,8429,12944
SZ,000600,-3.73,8426,13939
SH,600273,-2.12,8419,8419
SH,688176,14.92,8417,8417
SZ,002053,-2.65,8415,8415
SH,600770,-2.26,8411,8411
SZ,301047,0.33,8407,8551
SH,688788,-8.34,8406,8406
SH,600567,-2.2,8389,8389
SH,605305,-7.43,8386,8386
SH,603010,-2.64,8385,8594
SZ,000065,-3.69,8375,9977
SH,688252,-7.66,8373,8373
SZ,300624,-6.24,8368,9448
SZ,301345,-7.44,8364,26039
SZ,002099,-1.33,8359,8369
SH,600666,-8.98,8357,9189
SZ,300188,-3.83,8350,8388
SZ,301248,-5.81,8338,11410
SH,600020,1.92,8338,8338
SZ,000923,0.91,8332,8662
SZ,300139,-6.64,8328,9765
SH,600326,-4.97,8325,8325
SZ,300529,1.18,8321,12969
SZ,300861,-10.15,8319,13249
SZ,000930,0.22,8316,8317
SZ,300378,-9.56,8306,8369
SZ,002458,-2.82,8301,12294
SH,600508,2.12,8297,8297
SH,603508,-1.08,8285,8285
SH,605116,0.79,8274,8274
SH,603112,-3.12,8270,8353
SZ,002985,-5.23,8267,8290
SH,688418,-12.4,8264,8264
SH,600133,-2.51,8242,8242
SZ,301078,-2.97,8237,8245
SH,603033,-2.04,8232,8383
SH,600639,2.76,8230,10865
SZ,002345,-5.66,8230,8432
SZ,300634,-3.95,8225,8546
SZ,002332,1.21,8221,8260
SZ,000848,2.52,8221,8293
SH,688757,-10.98,8220,18294
SH,600266,-2.93,8220,8220
SZ,002170,-2.51,8218,10130
SH,600782,0.38,8210,8310
SZ,003043,-6.48,8210,12606
SZ,301607,-2.69,8206,12657
SZ,300416,-12.45,8195,8254
SH,600997,2.99,8193,8193
SZ,301307,-19.99,8184,15843
SH,688556,-8.79,8183,8183
SH,688598,-9.68,8182,8342
SH,605598,-9.99,8180,8180
SZ,301379,5.34,8163,10368
SH,600185,-3.34,8162,8162
SH,605319,-5.05,8161,8206
SH,688230,-6.63,8158,8158
SH,603683,-7.33,8145,8229
SZ,000551,-9.96,8136,8139
SZ,002585,-8.2,8132,10466
SH,603809,-3.06,8126,8126
SZ,000761,-2.22,8121,8997
SZ,002832,0.77,8119,11899
SH,688191,-7.55,8105,8105
SH,600812,2.39,8098,8098
SH,688079,-10.46,8096,8239
SZ,001298,-7.23,8095,8594
SH,688586,-7.83,8095,8095
SH,600973,-5.89,8091,8091
SH,688050,0.63,8090,8090
SH,600017,1.15,8089,8089
SZ,002935,-9.97,8086,8262
SH,600389,1.46,8083,8083
SH,688739,-1.25,8072,8167
SH,603327,-5.84,8071,8071
SH,600996,-0.14,8054,8054
SH,605222,-6.69,8052,8052
SZ,002733,-6.47,8041,8376
SH,603496,-2.4,8037,8037
SH,603155,-10,8037,8037
SH,603533,-5.27,8036,8036
SZ,002446,-9.97,8028,8669
SH,688093,-6.43,8025,8025
SZ,002990,-1.38,8024,15224
SH,600094,-4.79,8016,8765
SH,600955,-0.2,7997,7997
SZ,002039,-0.73,7991,7991
SH,603013,-4.72,7984,7984
SZ,300985,-7.19,7979,7979
SH,600640,-3.62,7979,7979
SH,688305,-10.25,7976,8018
SZ,002346,-6.78,7972,8977
SZ,000922,-7.06,7966,9424
SZ,002392,-6.64,7964,8191
SH,603219,-4.37,7961,7961
SZ,002292,1.03,7960,11563
SZ,002350,1.76,7958,8135
SH,603687,-4.73,7953,7953
SH,603477,-0.5,7942,8143
SH,688428,-1.53,7939,51810
SZ,301091,-6.11,7930,7930
SZ,002004,1.94,7929,8335
SZ,301306,-19.1,7909,11456
SH,688697,-12.3,7888,7888
SH,688155,-6.25,7873,7873
SZ,002960,-3.09,7872,8567
SZ,301328,-3.29,7854,10867
SZ,000885,-0.48,7840,7840
SZ,002928,-5.1,7836,7836
SZ,000829,-3.65,7824,7832
SH,688277,-9.05,7822,7822
SZ,002267,2.33,7818,7818
SZ,300725,0.68,7813,9011
SZ,002216,1.39,7806,10884
SH,605100,-7.98,7803,7840
SZ,301189,-8.39,7785,8066
SH,603995,-2.18,7785,7785
SZ,002062,-8.35,7772,8550
SH,688691,-0.98,7767,12774
SH,603169,-6,7759,7759
SH,688612,-6.22,7758,12877
SZ,002639,-6.58,7757,9161
SZ,002782,-8.38,7756,7903
SZ,301381,5.47,7753,7760
SZ,002971,-9.97,7752,10142
SZ,002580,-6.79,7749,7775
SH,600399,-5.07,7731,7731
SH,603612,-3.05,7731,7731
SZ,002681,-1.19,7721,8830
SH,600935,-1.78,7716,7908
SZ,002023,-10.02,7712,7712
SZ,300741,-2.02,7711,7711
SZ,301286,-6.87,7705,19113
SZ,301678,-6.69,7702,13276
SZ,002277,-5.63,7696,7696
SZ,301228,-13.05,7694,7730
SZ,002516,0.19,7682,7737
SZ,000012,-6.23,7661,11896
SZ,002190,-6.23,7659,7659
SZ,000719,1.15,7659,11746
SZ,002221,-1.12,7655,8259
SH,605167,-6.47,7654,7654
SH,603053,1.29,7653,7653
SH,603399,-7.94,7648,7648
SH,605488,-7.38,7644,8362
SZ,300174,-9.2,7642,7685
SH,603050,-1.45,7639,7639
SH,603055,2.74,7638,7665
SH,603181,-6.48,7635,7635
SH,601718,-1.68,7632,7632
SH,688733,-7.99,7627,7627
SH,603416,-4.13,7621,8572
SZ,300852,-11.5,7613,7886
SH,601890,-5.47,7608,7608
SZ,002434,-3.32,7606,7613
SZ,300328,-8.12,7606,7643
SH,688253,2.93,7604,7604
SH,600686,-7.25,7601,7601
SZ,301327,-4.19,7594,7594
SH,600502,-1.99,7587,7587
SH,688622,-5.04,7582,7582
SH,600478,-3.59,7578,7578
SH,600556,-6.04,7574,7574
SH,688577,-3.22,7571,7571
SZ,301176,-9.97,7560,7791
SH,688049,-3.59,7557,7557
SH,603227,-0.83,7555,7555
SH,600736,-5.87,7552,7552
SZ,300976,-9.69,7541,11724
SH,601929,-7.68,7538,7538
SZ,002324,-7.34,7538,10801
SH,688108,-7,7536,7536
SZ,002737,2.79,7522,7522
SH,600724,-4.23,7514,7515
SH,600917,0.63,7509,7509
SH,605008,-1.93,7506,7506
SH,600055,-1.83,7502,7502
SH,600929,-1.5,7495,7495
SH,688720,-9.01,7493,11752
SZ,002017,-5.55,7489,7493
SZ,002943,-8.97,7488,10580
SZ,300072,-5.58,7484,7543
SZ,000860,0.2,7470,7470
SH,605333,-3.24,7466,7466
SZ,002106,-9.01,7465,7475
SZ,301571,-7.46,7444,11209
SH,601828,-3.28,7442,8969
SH,688177,-3.64,7441,7441
SZ,300130,-5.03,7437,9718
SZ,300294,0.27,7433,7433
SH,603043,0,7424,7488
SH,603680,-4.53,7422,7422
SH,688709,-8.97,7420,21309
SZ,000712,-3.26,7417,7419
SZ,300516,-11.9,7416,7416
SZ,300772,-6.59,7411,8356
SZ,000628,-8.24,7399,13559
SZ,002275,1.22,7398,7803
SH,601686,-0.19,7397,7397
SH,603977,-7.24,7393,7393
SH,600335,0.2,7393,7393
SH,688787,-4.5,7389,7389
SZ,300910,-1.56,7383,10541
SH,600288,2.18,7382,7382
SH,688307,-9.35,7375,7375
SZ,300035,-4.53,7368,8657
SH,688518,-7.96,7366,7366
SH,600557,4.84,7360,7360
SZ,002885,-9.03,7353,8396
SH,600936,-4.34,7353,7353
SZ,000869,-0.85,7350,10614
SZ,002075,-1.46,7349,7349
SZ,300527,-5.73,7341,7341
SH,600771,5.34,7337,7337
SZ,300641,-4.18,7337,7337
SH,600587,0.58,7334,7334
SH,603919,-1.22,7330,7330
SH,688699,-8.82,7312,7312
SZ,300770,-1.1,7307,7307
SH,688062,-0.43,7306,14175
SH,600305,1.69,7302,7313
SZ,002097,-4.62,7294,7307
SZ,002703,-7.64,7290,10234
SZ,301312,-7.28,7286,14484
SZ,300834,-4.89,7283,7332
SZ,301263,-4.76,7275,10197
SH,603135,-9.97,7271,7326
SZ,300435,-4.12,7271,7602
SZ,001314,-4.63,7264,8330
SH,601595,-5.69,7261,7261
SZ,002215,1.81,7258,9022
SZ,002068,-10.02,7254,7258
SZ,301099,-15.5,7252,11846
SZ,300766,-5.9,7241,7986
SZ,300031,-9.51,7228,8601
SH,688326,-6.65,7228,7766
SH,605366,-9.3,7226,7226
SZ,002006,-6.01,7225,7225
SZ,002041,0.12,7225,7225
SH,600162,-8.29,7223,7223
SZ,301069,-7.18,7221,7668
SZ,000756,0.77,7219,10081
SH,600618,-4.08,7213,11125
SZ,002386,-1.94,7210,7211
SZ,300337,-9.8,7192,8310
SZ,000593,-9.87,7191,7194
SZ,002121,-4.67,7185,8513
SZ,300276,-3.68,7178,9513
SZ,002761,-4.46,7172,8784
SH,600676,1.31,7169,7169
SZ,002251,-4.57,7168,8953
SZ,000859,-7.18,7167,7168
SZ,300969,-8.6,7166,15025
SH,688352,-11.04,7160,23270
SZ,300482,-1.24,7152,7784
SZ,000650,2.09,7150,7518
SH,603299,0.88,7149,8746
SH,688480,-10.72,7149,7149
SH,600203,-5.34,7140,7140
SZ,000498,1.03,7131,7638
SH,600590,-8.44,7128,7207
SZ,002631,-7.32,7118,7152
SZ,300400,-4.03,7114,7138
SZ,300595,-0.74,7106,9517
SZ,000402,-4.43,7083,7084
SZ,002796,-7.18,7082,7849
SZ,300151,-11.75,7079,10224
SH,600751,-3.16,7076,7973
SZ,300252,-11.15,7074,8662
SZ,002030,-1.36,7073,7073
SZ,002471,-9.78,7053,7186
SH,600789,0.72,7052,7295
SZ,300850,-5.45,7035,9685
SZ,300895,-2.48,7033,7167
SZ,920394,-7.82,7028,7080
SH,600059,0.65,7019,7019
SZ,002970,-5.7,7014,10208
SH,688626,-7.66,7014,7014
SZ,002034,-3.74,7008,7037
SH,605007,-1.59,7005,7022
SH,688689,-8.79,7003,7003
SH,601908,-4.6,7002,7002
SZ,002125,-5.52,6994,6994
SH,603279,-1.45,6986,6986
SZ,301357,-7.73,6980,6980
SZ,002110,-1.7,6971,6971
SZ,300153,-8.48,6965,7002
SH,605128,-4.35,6964,6964
SZ,002173,-5.91,6957,7294
SH,688087,3.04,6947,7238
SZ,301583,3.92,6943,41767
SH,603459,-3.57,6940,66172
SH,600903,-3.71,6937,6937
SZ,300520,-7.79,6934,7175
SH,600683,-9.56,6934,6934
SH,600117,-2.28,6933,6933
SH,600125,0.57,6932,6932
SZ,002588,-0.85,6929,9296
SH,600075,-1.93,6917,6917
SZ,000928,-1.42,6915,6915
SH,600708,-6.62,6898,6909
SZ,300740,-4.94,6877,7465
SH,688386,-1.68,6876,7526
SZ,301629,-0.52,6874,14943
SH,688173,-8.03,6871,6936
SZ,002605,-0.63,6859,8468
SH,600925,-0.46,6858,29416
SZ,000813,1.24,6856,6858
SZ,002132,-9.92,6856,6868
SZ,001359,-3.54,6848,27393
SZ,002881,-0.23,6846,11364
SH,603128,0.58,6846,6846
SZ,000059,5.42,6845,6846
SH,601579,-3.31,6832,6832
SZ,301050,-6.31,6815,8002
SZ,300689,-9,6813,7783
SZ,300222,-6.64,6805,8346
SZ,301182,-12.1,6805,7462
SH,601330,-1,6795,9828
SZ,002941,-2.09,6794,6794
SZ,301321,-3.62,6786,8570
SZ,002082,-2.76,6786,7310
SZ,300685,-0.1,6779,6788
SZ,301529,-4.56,6777,12625
SH,601226,-5.65,6776,6776
SZ,002785,-4,6767,7925
SH,688799,-4.64,6766,6766
SZ,301498,-3.57,6754,15082
SH,600693,-4.89,6752,6759
SZ,300483,-0.5,6750,6755
SH,600846,-4.59,6741,6741
SH,600510,-5.35,6739,6739
SZ,003039,-1.35,6737,6737
SH,600861,-0.15,6737,7105
SH,688181,-4.27,6732,6732
SZ,300939,-1.74,6732,6732
SH,603229,0,6717,6717
SZ,300109,-7.74,6712,7482
SH,600251,-1.36,6705,6705
SZ,300041,-18.32,6696,6881
SH,688711,-5.76,6688,6688
SH,688601,-11.42,6685,6685
SH,603595,-3.87,6680,6680
SZ,300168,-2.92,6678,6685
SH,603861,-3.13,6676,6827
SH,603311,-7.84,6676,6676
SH,600657,-2.08,6673,6673
SH,688708,-6.95,6662,18690
SH,601096,-2.16,6654,10834
SH,605288,-6.92,6651,6696
SZ,300493,-4.99,6647,6724
SH,605228,-2.72,6642,6668
SZ,301215,-2.7,6638,6646
SH,688758,4.9,6638,9270
SZ,300265,-10.29,6636,6640
SZ,000793,-0.39,6635,10941
SH,600422,5.8,6631,6631
SZ,000920,10.04,6631,6631
SH,688631,-8.77,6627,6627
SH,600488,8.6,6617,6617
SZ,300046,-4.66,6616,6616
SH,600962,2.44,6616,6616
SZ,300180,-3.73,6611,6798
SZ,002650,-1.64,6609,6609
SZ,002803,-2.62,6609,9962
SH,600169,-1.97,6600,6600
SH,603166,-5.23,6599,6650
SZ,300171,0.34,6594,8976
SH,600713,0.39,6591,6685
SZ,300298,1.24,6590,8191
SZ,300098,-5.1,6583,7420
SZ,000601,-2.48,6581,6673
SH,605365,-5.27,6571,6571
SH,603269,-9.95,6561,6561
SZ,002108,-2.92,6559,6561
SH,600780,-1.54,6558,6558
SH,600400,-7.13,6553,6553
SH,603778,-9.97,6551,6726
SH,600325,-3.63,6550,6550
SZ,000030,-1.5,6550,6742
SZ,301261,-4.89,6549,6605
SZ,002212,-2.93,6546,6617
SH,600874,-0.36,6546,8355
SH,605011,0.12,6542,6542
SZ,002284,-5.69,6538,6600
SH,688685,-8.31,6536,6536
SZ,002036,-8.42,6533,6547
SH,600748,-4.31,6530,6530
SZ,002734,-3.95,6528,7152
SZ,300259,6.2,6524,6526
SH,603867,-4.54,6518,6572
SZ,002256,-6.09,6506,6592
SZ,301522,-6.62,6506,8743
SZ,002533,-3.12,6504,7486
SZ,000589,-0.7,6501,6544
SH,600078,-9.66,6500,6640
SZ,000597,2.22,6496,6578
SH,600525,-3.71,6488,6488
SZ,002014,1.13,6485,6590
SH,600987,-0.3,6482,6482
SH,600252,3.05,6464,6464
SZ,000676,-3.74,6459,6463
SZ,920029,-5.8,6458,6637
SZ,300909,-10.7,6457,8649
SH,600975,-0.18,6448,6448
SZ,300221,-3.02,6441,6675
SZ,002546,4.42,6434,6697
SH,603213,0,6433,6433
SH,688620,-1.85,6425,6425
SH,605098,0.94,6424,6424
SZ,002219,-1,6413,6766
SZ,000026,-9.97,6413,7137
SZ,002134,-4.98,6410,6414
SZ,002810,-3.91,6406,6937
SH,603071,0.61,6405,6405
SH,600826,-3.32,6399,6399
SZ,002123,2.42,6391,7144
SZ,300598,4.21,6390,6392
SH,603200,-6.49,6384,6384
SZ,300492,-5.26,6379,6379
SZ,000631,-3.14,6371,6371
SH,600851,-1.7,6371,10417
SZ,001212,-6.24,6368,7361
SZ,003013,3.33,6367,7289
SH,688226,-8.68,6366,6612
SZ,002437,-3.18,6363,6757
SH,600797,-4.47,6360,6360
SZ,002239,-2.06,6357,8331
SZ,002448,-3.26,6357,6443
SH,688499,-9.1,6349,6349
SZ,000751,-7.01,6344,7270
SZ,300815,-3.95,6344,6477
SH,688717,-3.99,6342,10245
SZ,301080,-1.31,6333,8372
SH,600894,-0.39,6332,6396
SZ,300566,-9.14,6324,7313
SZ,300873,-9.08,6316,8701
SZ,002956,-5.38,6313,6313
SZ,300019,-14.91,6307,6726
SH,603866,2.34,6303,6303
SH,688365,-7.84,6298,6298
SZ,300553,-5.95,6297,8216
SZ,301061,-2.19,6288,9465
SH,688635,-9.43,6287,33167
SZ,300678,-3.95,6287,6399
SZ,300872,-6.81,6284,7268
SZ,300951,-7.75,6277,7023
SZ,300080,-3.45,6267,6276
SH,688323,-16.87,6264,6264
SZ,002827,-0.73,6262,6286
SZ,920982,-4.51,6260,12986
SZ,301209,-3.86,6258,7326
SH,603466,-9.39,6252,6252
SZ,300986,-8.58,6248,6252
SZ,002824,-9.99,6247,8595
SH,600195,0.33,6239,6239
SZ,002635,-9.15,6238,10403
SZ,301070,-15.84,6234,9274
SH,600682,-2,6228,7196
SZ,000989,9.93,6227,7678
SZ,000566,-3.02,6224,6227
SZ,000777,-4.69,6215,6215
SZ,000503,-0.93,6208,6208
SZ,300324,-8.78,6207,6271
SZ,002093,-4.63,6206,6206
SH,688553,-3.16,6206,7655
SH,603367,0.15,6203,6203
SH,688117,-3.62,6203,6203
SZ,001391,-1.68,6199,49812
SZ,300341,-4.52,6195,6219
SZ,002057,-9.96,6192,6197
SH,600769,-6.29,6191,6191
SZ,002213,-9.27,6185,7108
SH,600429,0,6185,6204
SZ,000968,2.24,6182,6182
SZ,300617,-7.05,6179,7371
SH,603277,-2.49,6177,6217
SZ,002690,-0.83,6177,12563
SH,600496,-3.72,6169,6169
SZ,002135,-6.18,6169,6593
SH,603517,0.59,6157,6157
SZ,002163,-6.8,6155,6472
SH,688636,-13.77,6148,6148
SH,600746,-0.18,6143,6143
SH,603363,-2.71,6139,7811
SH,688170,-5.18,6132,6132
SH,603969,-6.12,6117,6275
SH,600841,-7.56,6112,8133
SZ,300348,-3.35,6099,6783
SH,600966,-6.93,6096,6096
SH,600501,-9.92,6092,6092
SH,605005,-2.56,6091,6091
SH,603368,0.33,6089,6089
SH,600810,-3.25,6085,6140
SZ,002009,-7.72,6083,6910
SZ,002214,-3.12,6081,7609
SH,600643,-1.28,6075,6086
SH,600897,-0.74,6071,6071
SZ,001258,-2.68,6067,6067
SZ,002787,-10,6066,8127
SZ,300709,-14.37,6064,7558
SZ,002140,-2.93,6059,6068
SH,688658,-3.5,6057,6057
SZ,300043,-16.02,6056,6059
SZ,000090,-0.3,6054,6054
SH,601388,-3.16,6053,6053
SZ,002101,2.01,6046,6052
SH,601515,0.96,6043,6043
SZ,002992,-3.8,6042,6994
SZ,002467,-5.34,6041,6079
SH,688276,-0.67,6039,6039
SH,605208,-2.96,6038,6038
SH,600828,-4.12,6025,6027
SZ,300592,-6.5,6025,6854
SZ,000541,-1.8,6017,7510
SZ,002470,-5.17,6013,6013
SZ,002519,-10.02,6013,6060
SZ,002840,-3.94,6007,6048
SH,600158,-4.27,6007,6007
SH,688101,5.73,6006,6006
SH,601015,-3.28,6005,6005
SZ,002042,-4.33,6003,6003
SZ,300745,-11.97,6003,7110
SH,688366,-0.09,6002,7078
SZ,301000,-6.74,6000,6355
SH,601500,-0.78,6000,6024
SH,603286,-3.85,5998,6088
SH,600237,-9.93,5996,6053
SZ,000595,-6.73,5989,5989
SH,688488,-0.69,5984,5984
SZ,000524,-9.62,5976,5978
SH,688290,-7.18,5975,5975
SZ,002805,-2.89,5975,6002
SZ,002438,-5.13,5974,6466
SZ,300212,-7.06,5972,6155
SH,688526,-0.53,5957,5957
SH,600103,-6.91,5951,6028
SH,603877,-1.08,5946,5969
SH,600368,2.22,5940,5940
SZ,300547,-6.97,5935,7223
SZ,002315,-4.19,5934,9308
SZ,000908,-0.14,5930,11859
SZ,300128,-9.85,5929,5937
SZ,300905,-5.87,5922,7592
SH,600604,0,5911,7868
SZ,300129,-13.65,5908,9115
SZ,300249,-6.61,5907,7239
SZ,000036,2.68,5907,5910
SH,600449,-2.36,5906,5906
SZ,300722,-8.48,5903,5903
SZ,300284,-3.64,5901,6327
SH,600775,-6.49,5892,8014
SH,688591,0.32,5885,8399
SZ,000058,-2.44,5879,7350
SH,605555,-2.64,5872,5872
SH,603609,-0.61,5868,5868
SH,600586,-3.72,5854,5854
SZ,300959,-9.78,5845,8976
SH,605277,-5.02,5841,5948
SZ,300134,-5.69,5841,5841
SH,603068,-1.5,5838,5838
SH,688219,-7.58,5826,5826
SH,688510,-9.85,5825,5825
SZ,300258,-5.71,5824,5979
SH,600855,-9.98,5817,5829
SH,600654,-5.98,5817,7223
SZ,002752,-3.39,5814,5822
SZ,920599,-4.37,5813,7669
SH,688656,-5.53,5803,5803
SZ,301042,-8.92,5803,6087
SZ,002721,-3.95,5797,5797
SH,603668,-4.01,5796,5796
SH,688168,-9.92,5791,5791
SZ,301265,-8.87,5790,7183
SH,688786,-8.43,5782,5782
SH,600106,-6.44,5781,5781
SZ,002309,-6.97,5775,7218
SH,605018,-6.39,5772,5772
SZ,002421,-8.56,5770,6107
SZ,301291,-4.7,5767,11084
SH,603928,-9.99,5765,5765
SH,605056,-3.44,5752,5838
SZ,300446,-7.39,5749,13011
SZ,300283,-9,5747,7778
SH,688232,-3.14,5744,5744
SZ,000533,-5.83,5739,5789
SZ,002104,-4.86,5739,6779
SH,603990,-7.15,5739,5739
SZ,300343,-5.77,5736,5748
SZ,000915,-0.11,5735,5739
SH,688563,-3.72,5732,22050
SZ,920576,-14.17,5730,5787
SZ,301339,-2.51,5721,5825
SH,600234,-8.13,5720,5720
SH,600730,-5.79,5720,5720
SZ,300214,20,5718,5718
SZ,300681,-6.67,5710,7572
SZ,300191,-1.55,5709,8259
SH,688010,-12.33,5703,5703
SH,605183,-3.41,5700,5738
SZ,002038,4.86,5699,6873
SH,603197,-3.7,5695,5772
SH,603708,-1.1,5694,5694
SZ,002997,-5.88,5683,5683
SH,688011,-9.09,5679,5698
SZ,300393,-9.16,5678,6472
SZ,300586,-9.76,5677,7553
SH,688185,-3.23,5675,12258
SH,600310,-2.51,5672,5672
SH,603489,-5.25,5666,5666
SZ,300429,-8.24,5665,7531
SH,603398,-3.75,5663,5663
SZ,300226,-4.65,5644,5871
SH,688562,-7.4,5644,5644
SZ,002232,-3.82,5638,5638
SH,600035,0.57,5635,5635
SZ,300360,-2.08,5633,5790
SZ,003006,-4.08,5627,5641
SZ,002047,-7.24,5625,5625
SZ,300369,5.3,5622,5642
SZ,002955,-9.98,5621,6799
SZ,002860,0.12,5621,5754
SH,603507,-0.15,5615,5677
SZ,300467,-4.95,5614,6702
SH,600611,-3.22,5612,8487
SZ,000735,-2.59,5605,5608
SZ,002301,-5.69,5586,5633
SH,600313,-1.7,5584,5993
SZ,000572,-4.75,5584,5592
SZ,001330,-9.76,5582,6598
SZ,002527,-8.41,5580,6995
SZ,002452,-3.66,5578,6681
SH,688408,-7.24,5575,5575
SZ,002606,-3.42,5572,5809
SZ,002989,-10,5565,5671
SH,603131,-9.97,5562,5562
SZ,301366,-7.97,5558,9955
SZ,920368,-8.25,5557,5841
SH,603108,-2.12,5556,5556
SZ,003041,-7.04,5552,5844
SH,688207,-5.55,5547,5547
SZ,002127,-1.41,5545,6825
SZ,300164,7.22,5541,5590
SH,603324,-7.99,5537,5537
SH,600889,-4.18,5535,8863
SH,688109,-7.53,5531,5531
SH,600375,-5.02,5529,6060
SZ,300219,2.89,5526,5536
SZ,000900,1.11,5525,5525
SZ,300470,-2.73,5522,5825
SH,600054,-1.18,5518,7841
SZ,002390,2.88,5513,5559
SH,603848,-4.39,5513,5513
SZ,300127,-6.82,5507,7710
SZ,300918,-12.12,5502,5502
SH,688621,-4.83,5500,5500
SZ,000697,-6.54,5499,11755
SZ,002102,2.85,5497,6263
SH,688667,-7.64,5488,5488
SZ,002843,-5.87,5487,5521
SH,605287,-9.98,5475,5475
SH,603726,-9.34,5474,5502
SZ,002210,-5.06,5470,5482
SH,688334,-2.87,5466,5543
SZ,002349,2.13,5463,5577
SZ,300518,-3.1,5463,5464
SH,603685,-8.86,5462,6857
SZ,000417,-9.89,5461,5467
SZ,300841,-3.72,5458,5965
SZ,002678,-5.84,5457,5460
SH,603897,-5.7,5456,5456
SH,605377,-3.25,5455,5455
SH,600983,-1.38,5449,5449
SH,605088,-5.99,5448,5490
SH,688210,-7.56,5444,5444
SZ,301045,-16.03,5443,8614
SZ,300203,-3.87,5443,5448
SZ,301362,-6.44,5440,19392
SZ,300997,-2.4,5437,5994
SZ,300708,-3.66,5437,7179
SH,603590,7.55,5433,5460
SH,603855,-2.11,5432,5464
SH,603666,-7.77,5430,5430
SZ,300256,-6.91,5429,5490
SH,688505,-1.54,5429,7919
SZ,300057,-6.57,5426,6553
SZ,000561,-7.77,5426,6039
SH,600605,-0.75,5423,5423
SH,603353,-6.29,5421,5421
SZ,002052,-2.71,5419,5914
SH,600468,-5.13,5417,5417
SZ,002559,-8.98,5408,6887
SH,603660,-9.89,5406,5406
SH,688566,2.68,5400,5400
SH,600223,-1.29,5398,5398
SH,600592,-7.14,5398,5398
SZ,003033,-4.85,5394,5461
SZ,002695,-0.37,5391,5898
SH,688379,-8.98,5391,5684
SZ,002206,-2.66,5391,5926
SH,605580,-6.13,5390,5390
SH,601199,-1.19,5387,5387
SH,603137,10.02,5384,5384
SZ,000913,0,5383,5448
SZ,002713,-6.83,5381,9723
SZ,002685,-8.24,5380,5381
SZ,301638,-3.62,5380,68362
SZ,300159,-8.17,5380,9608
SZ,301137,-8.53,5371,5371
SZ,300579,-1.57,5358,5554
SH,603383,-3.76,5346,5346
SZ,000957,-2.79,5342,5342
SH,603153,-1.55,5338,5418
SZ,300983,-4.35,5335,6032
SH,600881,10,5333,5333
SH,601968,0.72,5333,5333
SH,600694,0.21,5330,5330
SZ,300048,-1.25,5323,5333
SH,688315,-2.58,5323,5323
SH,600433,-5.87,5321,5321
SH,600722,-2.73,5320,5320
SZ,300825,-8.12,5310,5424
SH,600477,-5.85,5308,5308
SZ,300626,-7.58,5303,5306
SH,688595,-9.11,5298,5298
SH,688719,-9.88,5298,6814
SH,688580,-4.82,5297,5297
SZ,300084,-2.25,5293,6168
SZ,000670,-9.55,5292,5439
SH,688551,-10.6,5291,5291
SZ,300507,-5.53,5285,5460
SZ,000925,-6.52,5282,5323
SH,600425,-1.19,5279,5279
SH,603776,-3.63,5275,5275
SH,688448,-10.63,5274,5274
SZ,300119,1.48,5271,7343
SZ,002067,-3.42,5270,5811
SZ,300695,-7.48,5269,5269
SH,603194,0.6,5267,13365
SZ,003004,-7.71,5266,6271
SZ,002196,-9.86,5265,5345
SH,688293,-4.45,5262,6572
SZ,301153,-3.29,5255,5634
SZ,002708,-9.99,5254,5717
SZ,301566,-9.45,5254,9956
SZ,300161,-6.13,5249,5349
SZ,000411,-0.1,5243,5253
SZ,300075,-2.58,5242,6317
SH,688007,-2.97,5240,5240
SZ,002951,-9.98,5239,5289
SZ,301301,0.12,5226,18818
SH,688095,-6.14,5226,5226
SH,600742,-2.76,5224,5224
SZ,002073,-1.52,5222,5276
SZ,920640,-9.05,5220,5425
SH,688707,-5.17,5220,5220
SZ,300197,-7.84,5219,5219
SZ,002424,0.44,5218,6331
SZ,300307,-2.92,5217,5308
SZ,301349,-8.64,5214,6603
SZ,300680,-10.94,5211,6771
SZ,000880,-5.08,5210,10645
SH,603098,-3.58,5205,5220
SZ,002029,-2.24,5203,5513
SH,600963,-3.57,5202,5202
SH,688767,-6.31,5201,5201
SZ,300047,-4.72,5200,5778
SH,688061,-11.39,5198,5198
SH,601116,-4.61,5197,5197
SZ,000948,0.3,5191,5201
SZ,002191,-1.59,5190,5232
SZ,300079,-4.7,5190,5775
SZ,300217,-5.85,5189,6178
SZ,000025,-0.96,5189,5694
SH,600230,-4.49,5187,5187
SZ,000501,-1.74,5186,5191
SH,601177,-6.86,5179,5247
SZ,300451,-0.58,5175,5252
SH,603701,-8.08,5170,5170
SZ,002235,7.49,5165,5407
SZ,000912,-2.36,5159,5159
SZ,003026,-8.2,5158,6700
SH,688807,-7.37,5157,25786
SZ,300984,-5.25,5157,8002
SZ,000042,-0.25,5153,5159
SH,603173,-3.06,5150,5150
SH,605179,-1.6,5149,5149
SH,603887,-5.83,5147,5147
SH,603901,-6.12,5147,5473
SH,688151,-2.98,5143,5143
SH,688575,-1.2,5142,5142
SZ,000404,-1.71,5140,5164
SH,603366,-4.23,5138,5138
SH,688530,-4.07,5134,11774
SZ,000557,-1.39,5132,5133
SH,600691,-3.99,5131,5132
SH,603933,10.02,5128,5128
SH,600189,1.27,5128,5128
SZ,002510,-4.84,5125,5177
SH,688069,-7.06,5123,5123
SZ,002382,-2.09,5119,5169
SZ,001236,-3.42,5117,6803
SZ,003012,-1.09,5117,5218
SZ,002274,-5.37,5111,5190
SZ,002567,-1.1,5111,5116
SZ,300528,-13.76,5108,5108
SH,603499,-5.63,5105,5105
SH,601121,-0.61,5104,6279
SZ,300581,-8.66,5100,5100
SZ,002255,-5.43,5097,6639
SZ,001313,-9.99,5097,5103
SH,600292,-4.28,5091,50767
SH,603012,-4.71,5088,5088
SH,601518,0.37,5086,5086
SZ,000531,-1.23,5085,5821
SZ,002657,-7.74,5079,5138
SZ,301323,-8.33,5078,7894
SH,688311,-10.52,5075,5075
SH,600982,-2.36,5074,5074
SZ,002489,-3.63,5070,5748
SH,603686,-5.13,5064,5064
SH,688665,-10.16,5060,5060
SH,600255,-7.58,5057,5057
SZ,002263,-7.23,5053,5053
SH,688218,-7.18,5048,5048
SZ,002164,-7.15,5042,5593
SH,603123,-5.26,5042,6174
SH,603158,-9.27,5040,5040
SZ,300140,-1.97,5039,15309
SH,603150,-9.99,5039,5039
SZ,301211,3.52,5036,5036
SZ,001323,-0.36,5036,7040
SH,600603,-4.03,5033,5033
SZ,300278,-6.29,5032,5048
SZ,002988,-5.17,5031,5031
SZ,002572,0.39,5029,7435
SZ,300756,-6.85,5028,5778
SZ,002697,-0.67,5028,5970
SH,688683,-7.87,5028,5028
SZ,300619,-6.77,5026,5969
SZ,002728,4.71,5018,5138
SH,600720,-0.59,5015,11404
SH,600084,3.24,5012,5012
SZ,300792,-5.48,5012,5587
SH,600520,-9.62,5011,5011
SZ,000779,1.6,5006,5006
SH,605009,-1.22,5004,5004
SH,605339,-0.75,5002,5002
SZ,301458,-9.28,5002,11355
SH,600081,-2.47,4999,4999
SZ,000717,-2.36,4993,4993
SZ,002538,-4.25,4990,4993
SH,603196,-3.43,4989,8813
SZ,300063,-6.34,4987,6038
SH,600784,-0.93,4986,4986
SZ,300531,-0.67,4980,5131
SZ,300590,-7.2,4974,6425
SZ,002334,-3.83,4969,5562
SH,601700,-2.45,4965,4965
SZ,002638,-5.4,4964,5272
SZ,300878,4.33,4964,4987
SZ,002793,-0.64,4963,4970
SZ,000722,-2.9,4957,6102
SZ,003010,-3.52,4950,6809
SH,688282,-13.5,4950,4950
SZ,301053,-3.16,4945,5326
SZ,300066,-4.98,4941,5148
SH,600981,-3.07,4933,4933
SZ,300006,-3.7,4931,4931
SH,603111,-0.33,4925,5069
SZ,301256,-8.22,4925,4925
SZ,002060,0.32,4923,11826
SZ,002189,-5.08,4920,4921
SZ,300700,-11.7,4917,7214
SH,600593,-0.59,4916,4979
SZ,301333,-2.91,4911,4917
SZ,002577,-5.35,4909,4909
SZ,002419,-2.04,4907,4907
SZ,300633,-0.41,4906,8012
SZ,301603,-6.55,4903,15693
SZ,002632,-4.26,4894,5322
SZ,301230,-3.03,4891,5436
SZ,300964,-8.88,4887,6659
SZ,002383,-7.55,4886,4886
SH,603339,-2.82,4886,4886
SH,600138,-1.45,4886,4886
SZ,300727,-10.88,4881,5424
SH,605299,-4.99,4880,4880
SH,603130,-8.07,4878,4878
SZ,300147,-19.18,4871,4900
SH,600617,-1.43,4865,5286
SH,600513,10.01,4864,4864
SZ,300082,-7.83,4864,4876
SZ,301252,-9.12,4862,6063
SZ,300491,-3.97,4862,5481
SH,600825,-5.29,4859,4859
SZ,002201,-9.52,4858,5259
SZ,002915,-8.41,4857,5653
SZ,000652,-1.18,4856,4860
SH,600308,-0.3,4854,4854
SZ,300926,-4.73,4851,7071
SZ,300192,-6.07,4850,4908
SH,688345,-6.77,4848,4880
SZ,300925,-3.4,4848,5946
SH,688410,5.15,4846,4846
SZ,300233,-1.12,4845,5029
SH,603669,10.03,4844,4844
SH,688653,-6.19,4838,6490
SH,600300,0.67,4835,4835
SH,603889,-1.9,4833,4869
SH,603610,-6.67,4832,4832
SZ,300158,-0.6,4829,4833
SZ,002772,2.12,4828,4868
SH,601011,-4.9,4827,4827
SZ,002940,-3.9,4826,5255
SZ,920077,-5.06,4826,9350
SZ,301055,-14.87,4820,4925
SZ,300506,-0.14,4820,9352
SZ,001208,-5.49,4816,9645
SZ,002218,-6.96,4815,4887
SZ,002351,-1.48,4815,8215
SZ,002777,-3.79,4814,4858
SZ,920493,-6.66,4812,6531
SZ,301413,-8.53,4812,8059
SH,603333,-2.26,4811,4811
SH,688609,-7.22,4810,5021
SH,603661,-9.26,4808,4808
SH,603222,-7.38,4805,4805
SH,688377,-7.21,4805,4805
SZ,000571,-7.8,4803,4951
SH,603511,0.25,4803,4876
SZ,300461,-6.37,4800,5226
SH,688320,-10.27,4798,4798
SZ,301292,-7.76,4796,12543
SZ,000888,-1.61,4795,4795
SH,600939,-1.17,4794,4794
SZ,002141,-9.89,4793,4793
SZ,000863,-3.28,4792,4864
SH,603212,-5.02,4786,4786
SH,600743,-4.66,4786,4786
SZ,300668,-15.47,4785,5778
SH,688228,-7.21,4783,4783
SZ,301589,-6.3,4782,12827
SH,600817,-0.76,4779,4805
SZ,301155,-5.43,4779,8428
SZ,002757,-5.88,4778,5005
SZ,002907,0.28,4775,5938
SZ,002443,-2.43,4765,4779
SZ,300406,-0.17,4757,6573
SH,688348,-4.9,4756,4756
SH,603777,-8.84,4756,4756
SZ,300737,-8.52,4755,5951
SZ,300036,-5.06,4753,5263
SZ,001322,-2.25,4753,5851
SZ,301368,-7.39,4749,4749
SH,600756,5.32,4748,5122
SZ,002376,-0.32,4746,4888
SZ,301179,-1.47,4745,8080
SH,603020,-9.97,4744,4744
SZ,002358,-3.94,4742,4742
SH,600569,-1.78,4739,4739
SZ,002880,-1.22,4738,4738
SH,600279,1.01,4736,4736
SZ,300943,-15.47,4734,7232
SH,600073,0.6,4726,4726
SH,600829,-0.11,4726,4726
SZ,002457,-10.02,4726,4729
SZ,002307,-3,4724,4781
SH,603822,-0.96,4716,4716
SH,603843,3.85,4715,4715
SZ,002637,-4.96,4715,4770
SH,601279,-2.29,4710,4710
SZ,000521,-1.81,4709,5541
SH,600217,-2.4,4708,4708
SZ,300196,-7.56,4706,7788
SZ,002833,-4.22,4705,6894
SH,688309,-8.78,4702,4702
SH,688115,-8.38,4701,4701
SZ,000796,-5.1,4698,5661
SH,603090,-3.31,4689,4689
SH,600336,-3.44,4684,4684
SZ,000409,-4.45,4682,5374
SH,605368,1.71,4681,4681
SZ,301075,-7.75,4678,4678
SZ,300018,-4.88,4678,6280
SZ,301268,-4.71,4675,5169
SZ,300907,-5.68,4674,4674
SH,601566,-1.68,4672,4672
SH,603170,-0.16,4668,4668
SH,600990,-9.91,4667,4703
SH,600284,-2.23,4667,4667
SH,603711,-0.34,4665,4665
SH,688237,-2.47,4663,4663
SZ,002528,0.23,4663,5322
SH,688073,-3.31,4661,4661
SH,600790,-2.74,4661,4661
SZ,300397,-8.56,4657,5906
SZ,002279,1.74,4654,5044
SH,600814,-1.24,4646,4646
SH,600698,-5.08,4642,5974
SH,603032,-6.86,4641,4648
SH,603439,-4.08,4640,4699
SZ,300039,12.69,4640,5293
SZ,300856,-3.16,4639,4800
SZ,002642,2.49,4638,4638
SZ,002819,-5.97,4636,5842
SZ,002229,-6.18,4636,4664
SH,688286,-11.44,4634,4634
SZ,000560,-4.34,4630,4664
SH,601002,9.98,4629,4629
SZ,000852,-2.59,4628,4655
SZ,002166,-1.25,4624,4642
SZ,300292,-7.58,4620,5555
SH,600979,-1.58,4619,4693
SH,605050,-2.49,4618,4618
SZ,301391,-6.25,4615,4723
SH,688291,-9.14,4606,4606
SH,603803,-5.49,4597,4597
SH,600868,-4.34,4594,4594
SZ,002122,-6.09,4592,4623
SH,688119,-6.84,4590,4590
SH,600197,-0.91,4590,4590
SH,603336,-1.04,4590,4590
SZ,300797,-6.23,4588,4600
SZ,300525,-2.35,4588,5592
SZ,002919,-8.86,4587,4620
SZ,300783,-0.23,4585,6572
SH,603110,-1.76,4584,4584
SZ,300388,-1.31,4583,4583
SH,688696,1.63,4581,4581
SH,600207,-8.88,4575,4575
SH,600523,-0.52,4574,4577
SH,688512,-8.08,4573,6663
SZ,003040,-4.29,4573,4616
SH,600681,0.89,4569,4572
SH,605338,1.33,4569,4569
SZ,300569,-4.06,4568,4582
SZ,002066,-2.46,4567,4644
SH,688057,-8,4565,4565
SH,603916,-6.22,4556,4621
SZ,300767,-6.35,4556,5247
SZ,300755,-4.7,4553,4556
SH,688356,-3.5,4553,4553
SH,603567,1.26,4547,4554
SZ,300443,-4.72,4545,5993
SH,688785,-10.51,4544,24168
SZ,002501,-2.28,4539,4544
SZ,002344,-2.47,4536,4540
SH,603322,-7.36,4534,4534
SZ,002902,-6.92,4533,5997
SZ,300121,-9.76,4522,4688
SZ,300300,-6.73,4521,4521
SH,688389,0.38,4521,4521
SZ,300016,-1.82,4520,4677
SH,603187,-1.16,4512,4560
SH,600231,-3.63,4510,4567
SZ,002367,-6.58,4505,4523
SH,688655,-10.94,4501,4501
SZ,300490,-6.53,4499,4561
SH,600337,0,4498,4498
SH,603386,-9.98,4497,4497
SZ,000608,-0.16,4495,4522
SZ,300267,-3.94,4495,6518
SZ,301162,-6.3,4494,6926
SZ,002482,-4.75,4492,4501
SZ,002033,-2.26,4489,4489
SZ,301373,-7.8,4489,11938
SZ,002481,0.25,4484,4947
SZ,300871,-1.71,4484,4484
SH,688813,-12.28,4483,23848
SZ,300465,-5.87,4477,4477
SZ,301048,-3.55,4475,4475
SZ,002959,-0.52,4466,4979
SH,600379,-8.52,4464,4464
SH,601086,-2.89,4462,4462
SH,600551,-0.29,4462,4462
SZ,301280,-7,4462,8592
SZ,002124,-2.15,4457,5022
SZ,301488,-8.37,4455,10873
SH,603681,-2.79,4455,4455
SZ,002490,7.03,4453,6558
SH,688045,-11.59,4449,4449
SZ,301160,-6.97,4442,6603
SH,600644,-3.14,4442,4442
SZ,300481,-9.45,4441,4468
SH,600857,-1.97,4439,4439
SZ,300632,-7.03,4437,6122
SZ,000525,-1.71,4436,5199
SZ,300715,-6.7,4435,5357
SZ,301487,-5.95,4433,7469
SH,603727,-3.67,4426,4426
SH,603316,-9.99,4424,4424
SZ,300215,-6.19,4420,4420
SH,603313,6.61,4416,4416
SH,600351,1.92,4415,4415
SZ,000821,-5.67,4414,4547
SZ,301330,-6.3,4413,5345
SH,603191,-7.21,4412,4412
SZ,301568,-0.92,4409,9565
SH,688330,-3.78,4404,4404
SZ,002298,-7.23,4401,4929
SZ,002026,-5.48,4401,4401
SH,603408,-1,4395,4395
SH,600088,-3.48,4395,4395
SZ,002375,-2.07,4392,4422
SZ,001283,-5.09,4386,5501
SZ,002876,-6.71,4385,5119
SH,603697,-0.48,4384,4384
SH,688485,-5.32,4380,7417
SZ,301115,-10.5,4377,5190
SZ,002526,-4.25,4375,4404
SZ,301007,-6.19,4372,4430
SH,603070,-5.04,4371,4371
SH,603216,-3.67,4367,4367
SZ,301421,-9.29,4365,10908
SZ,301012,-6.29,4363,4363
SH,600340,-3.44,4361,4361
SH,603978,-9.98,4355,4355
SZ,002749,0.38,4355,4452
SZ,300697,-5.46,4352,5685
SZ,300463,-1,4351,5351
SZ,000936,-4.09,4350,4350
SH,600984,-9.65,4349,4349
SZ,301398,0.48,4349,4461
SZ,002300,-5.63,4348,4348
SZ,002483,-1.79,4347,4353
SH,601065,-0.58,4345,4345
SH,688211,-7.76,4344,4344
SZ,002520,-9.96,4341,4539
SZ,301235,-8.13,4340,6158
SH,600658,-3.71,4340,4340
SZ,300087,0,4340,4557
SZ,300712,1.18,4338,4357
SZ,002573,-0.96,4338,4345
SH,600495,-1.36,4337,4337
SH,603016,-5.08,4337,4337
SZ,002111,-4.2,4335,4719
SZ,002522,-7.87,4335,4339
SZ,002238,-3.73,4334,4334
SH,603898,-5.49,4332,4332
SZ,300669,-4.77,4331,4573
SZ,002154,-0.26,4330,5356
SH,600283,-8.63,4330,4330
SH,600815,-7.21,4329,4329
SZ,001316,-7.8,4327,4643
SZ,300557,-9.36,4326,4348
SZ,301517,-12.66,4325,6704
SH,603365,-0.71,4324,4347
SZ,001400,-9.99,4323,7855
SZ,920593,-6.49,4323,5089
SZ,002640,-4.77,4320,4347
SZ,001207,-4.77,4316,4471
SH,603209,-0.29,4308,4355
SZ,300588,-1.8,4306,4662
SZ,002556,-0.86,4302,4307
SH,603815,2.36,4302,4302
SZ,000993,-4.17,4300,4300
SZ,300788,-4.43,4297,4297
SZ,300291,-8.32,4296,4352
SZ,301325,-7.35,4294,4294
SH,603060,-1.65,4293,4293
SH,600976,1.41,4292,4295
SZ,301365,-3.77,4292,6359
SH,603998,5.17,4290,4290
SZ,002137,-9.97,4290,6249
SH,600610,-4.71,4288,6481
SH,688796,-1.25,4285,49597
SZ,300067,-5.37,4283,5275
SH,605055,-2.69,4281,4281
SH,600571,-4.78,4275,4355
SZ,002649,-3.62,4269,4708
SH,688199,-8.93,4268,4268
SH,688085,-1.77,4267,4464
SH,688679,-2.55,4267,4267
SH,688175,-11.53,4267,4267
SH,603767,-6.36,4265,4265
SZ,300069,-1.1,4265,4265
SZ,002884,-3.33,4263,5583
SZ,002774,-4.96,4258,5087
SZ,300791,2.61,4258,5106
SZ,001338,-1.27,4255,4255
SZ,002194,-7.13,4251,5685
SZ,920139,-5.87,4247,4404
SH,600101,-2.26,4246,4246
SH,603611,-3.22,4245,4245
SZ,000753,-4.24,4244,4244
SH,603598,-5.34,4243,4248
SZ,002543,-1.07,4241,4766
SZ,002882,-2.65,4240,7437
SZ,300523,-6.75,4239,4239
SH,601789,-3.93,4239,5945
SZ,300702,-2.6,4238,7008
SZ,002401,-2.3,4237,4241
SH,605186,-5.02,4234,4234
SH,688238,-1.63,4232,4284
SZ,300027,-3.5,4232,4578
SH,601588,-3.63,4229,5354
SH,603085,-2.82,4229,4229
SH,603261,-2.33,4229,4229
SZ,300785,-5.85,4224,6866
SZ,002570,-2.73,4223,4223
SZ,301367,-4.39,4219,5388
SH,603018,-2.45,4219,4219
SH,603790,0.36,4216,4216
SZ,002303,-3.74,4216,6677
SH,600071,-6.31,4215,4215
SH,603165,-2.03,4212,4212
SZ,000517,-3.97,4211,5381
SH,600715,-5.76,4208,5968
SZ,301004,-2.67,4204,4504
SZ,002693,-2.1,4204,4242
SZ,002479,0.21,4203,4213
SH,603682,2.19,4191,4191
SH,688558,-7.83,4190,4190
SZ,301239,-1.03,4189,4412
SH,603122,-1.67,4188,4188
SH,688136,-3.26,4187,4187
SH,688236,-2.02,4185,5566
SZ,000665,-4.16,4185,4185
SH,688039,-8.13,4182,4182
SZ,001328,-2.34,4174,4444
SH,603387,-0.59,4174,4174
SZ,300321,-0.14,4173,4178
SZ,300539,-11.18,4168,5129
SH,603162,-2.36,4168,13591
SH,600121,-3.38,4167,4167
SZ,300286,-3.92,4164,5026
SH,688196,-4.88,4160,4160
SZ,002765,-5.28,4159,4552
SH,603966,-4.07,4158,4163
SZ,301277,7.4,4156,4156
SH,603636,-9.93,4155,4155
SZ,000045,-5.5,4154,4604
SH,600152,-7.2,4153,4153
SH,600382,-3.07,4153,4153
SZ,301310,16.1,4152,13000
SZ,300478,-6.39,4150,4150
SZ,300561,1.06,4149,5647
SZ,300643,2.75,4147,4157
SZ,002146,-4.49,4146,4609
SH,600168,-0.23,4142,4142
SH,600191,-3.49,4141,4141
SZ,002059,-2.54,4139,4262
SZ,300228,-4.01,4136,4421
SZ,300692,-1.46,4135,4532
SZ,002045,-4.03,4134,4140
SZ,002380,-8.81,4132,6974
SH,688633,-6.98,4129,4129
SZ,300522,-10.18,4128,5059
SH,600199,-2.93,4124,4124
SZ,002455,-7.14,4117,4501
SZ,300505,-9.41,4117,5206
SH,600714,-8.92,4115,4115
SZ,000520,-6.44,4109,4109
SH,603348,-3.46,4107,4107
SH,600178,-1.11,4105,4105
SZ,300261,-3.11,4101,4190
SH,688269,1.98,4099,4099
SH,603206,-4.81,4099,4099
SZ,301201,2.3,4095,5837
SH,603520,-3.1,4095,4095
SZ,301096,-2.81,4094,5382
SH,603015,-4.52,4091,4091
SH,603217,-2.95,4089,4089
SH,600076,-5.58,4087,4087
SH,603072,-3.53,4087,8557
SZ,000718,-1.64,4084,5432
SH,688163,-2.85,4079,4079
SH,605268,-1.9,4075,4075
SZ,002370,0.37,4071,4071
SZ,002454,-3.72,4071,4079
SZ,000886,-2.79,4068,4114
SZ,002727,2.27,4067,6061
SZ,002523,-3.67,4065,4080
SH,688350,-3.43,4064,4064
SZ,300656,-8.41,4063,5231
SH,688360,-7.44,4062,4062
SH,605086,-4.38,4061,4061
SH,688247,0.45,4057,4057
SH,688186,-4.74,4053,4053
SH,603607,-3.64,4052,4052
SH,688489,-2.97,4049,4080
SZ,000759,-7.35,4046,4087
SZ,000819,-2.03,4045,4083
SH,600880,-5.12,4044,4045
SH,600479,1.15,4043,4755
SH,603665,-5.42,4041,4041
SZ,002560,-6.99,4041,4691
SZ,002651,-5.55,4037,7379
SZ,300105,-4.27,4036,4039
SH,688267,-2.74,4036,4036
SZ,920946,-2.77,4033,4034
SZ,301169,-11.37,4031,4033
SZ,002707,-4.11,4022,4570
SH,600222,-2.96,4022,4022
SH,603315,-5.63,4021,4021
SZ,002328,-4.08,4018,5433
SH,605300,0.23,4017,4017
SZ,002746,6.39,4017,4871
SH,603758,-4.88,4011,4011
SZ,002291,-4.74,4007,4311
SZ,301058,-1.63,4006,4073
SZ,300441,-4.75,4006,4124
SH,605286,-4.74,4005,4005
SH,603271,-3.92,4002,8383
SH,605577,-1.09,4000,4000
SH,600530,-3.36,3999,3999
SZ,000558,-5.19,3995,3997
SZ,002117,-4.5,3995,3996
SZ,002165,-4.51,3994,4037
SZ,300004,-11.01,3994,3994
SZ,301186,1.85,3983,4236
SH,600609,-3.47,3979,3979
SH,605588,-7.88,3977,3987
SZ,300403,-6.98,3976,5614
SH,603519,1.36,3974,3974
SZ,002449,-6.13,3971,3971
SZ,002285,-3.82,3970,4006
SZ,300421,-10.11,3968,5066
SH,603869,-4.96,3968,3968
SH,600135,-6.63,3967,3967
SZ,300571,-8.38,3965,4784
SZ,301322,-8.76,3965,5879
SZ,002540,-2.93,3965,5780
SH,603167,0.84,3960,3960
SH,603960,-6.55,3957,3957
SZ,300044,-3.82,3956,4224
SH,603038,-0.67,3952,3952
SZ,300936,-15.05,3952,6266
SZ,300320,-3.43,3951,4894
SZ,002321,-1.05,3950,3967
SH,603558,-1.02,3947,3947
SZ,300210,-7.17,3946,3946
SZ,301370,-1.4,3944,3944
SZ,300138,0.92,3943,4783
SZ,000782,-0.12,3940,5122
SZ,300434,-3.75,3938,4624
SZ,301116,-2,3938,3938
SZ,301348,-7.23,3934,6086
SH,603980,-3.64,3932,3932
SZ,300332,9.26,3932,4103
SZ,300721,0.57,3926,4678
SH,603318,10.04,3925,4742
SZ,002845,0.77,3924,5136
SZ,000518,-6.15,3923,3923
SH,600568,-4.46,3922,4683
SZ,920239,-4.42,3920,3967
SZ,300981,-1.18,3918,4276
SZ,300200,-6.47,3917,3982
SH,688033,0.87,3913,3913
SH,600758,-3.57,3909,3913
SH,603528,-7.05,3904,3904
SH,600261,-1.01,3898,3898
SZ,300123,-1.99,3897,4006
SZ,300880,-0.49,3895,3895
SH,600173,-5.43,3894,3895
SH,688298,0.05,3893,3893
SZ,300120,-6.93,3893,4239
SH,603976,-5.48,3892,3892
SH,601218,-4.29,3886,3886
SZ,300859,-3.83,3883,3883
SZ,000720,-7.75,3883,3883
SZ,920047,-3.7,3881,5911
SZ,300705,0.77,3881,5248
SZ,002055,-2.38,3879,3947
SH,603903,-4.58,3878,3878
SZ,301282,-13.92,3872,4626
SH,688259,-8.4,3870,3870
SH,603967,0.45,3869,3869
SZ,002758,-1.18,3866,3870
SH,603703,-8.27,3863,3863
SZ,001317,0.87,3862,3866
SH,688398,-11.12,3860,3860
SH,600819,-9.1,3859,4776
SH,603429,-4.54,3855,3855
SZ,002788,-1.84,3853,3920
SZ,002225,-6.01,3851,4707
SZ,002627,-3.49,3847,3888
SH,603139,-5.77,3843,3843
SH,603035,-2.86,3839,3839
SH,603676,0.68,3838,3838
SZ,000919,0.65,3836,3837
SH,688459,-1.95,3835,3835
SZ,300893,-4.37,3833,7227
SH,603069,-3.8,3830,3830
SZ,300793,-4.89,3829,3916
SZ,300836,-12.21,3826,5588
SZ,300847,-3.22,3819,3819
SZ,002418,-7.68,3818,3818
SH,603689,1.11,3816,3833
SZ,300022,0.39,3815,3816
SZ,002480,-1.96,3815,3823
SZ,002553,-5.75,3815,5262
SZ,002669,-6.93,3814,3823
SZ,300541,-3.9,3814,4227
SZ,002112,-6.06,3813,4280
SH,603912,-6.51,3804,3804
SZ,300368,-7.22,3803,3803
SZ,300061,-5.27,3795,4020
SZ,002644,3.05,3794,3794
SZ,300882,-6.49,3792,4076
SZ,300917,-5.43,3792,3792
SH,600576,-1.19,3791,6053
SZ,300271,-5.16,3789,3873
SH,688053,-6.11,3789,3789
SZ,002554,-5.95,3787,3788
SZ,920179,-6.18,3781,4747
SZ,002264,-2.69,3778,4153
SH,600729,1.45,3775,8637
SH,603088,-7.7,3774,4331
SH,600650,-3,3773,5329
SZ,300963,-7.27,3771,5141
SH,600628,-0.5,3765,3765
SZ,300096,-3.09,3763,3763
SZ,002986,0.65,3761,4736
SH,603926,-4.45,3760,3795
SH,688429,-4.46,3760,3760
SZ,300190,-0.99,3758,3773
SH,603121,-4.72,3754,3754
SH,605058,-8.36,3753,3753
SZ,002584,-8.55,3752,4688
SZ,300996,0.9,3751,4457
SH,605399,-10,3751,3755
SH,605369,-4.43,3751,3751
SZ,301051,-19.41,3749,4719
SH,603725,-9.96,3744,3744
SH,688212,-0.56,3740,3740
SZ,301479,-8.46,3735,6524
SH,688098,-0.65,3733,3733
SH,688302,-2.37,3731,3731
SZ,301168,-2.63,3725,4690
SZ,002088,-3.91,3724,3751
SZ,300711,-6.25,3719,4198
SH,600505,-2.38,3719,3719
SZ,002040,-1.15,3718,3733
SH,601368,-2.31,3717,3717
SH,688299,-7.77,3713,3713
SZ,002950,-1.92,3712,5471
SZ,920725,-14.87,3711,7667
SZ,000906,0.76,3703,3747
SH,603138,-5.3,3702,3770
SZ,300688,-4.98,3702,4176
SZ,300533,-10.55,3698,5255
SH,601188,0,3694,3694
SZ,002116,-0.73,3694,3762
SH,688157,-4.04,3692,3692
SH,688216,-6.88,3690,3973
SZ,000096,-0.54,3688,3812
SZ,300758,-7.31,3687,4091
SZ,002406,-5.98,3686,4469
SH,688023,-4.49,3684,3684
SZ,300812,-9.2,3682,4057
SZ,000655,-1.89,3679,3679
SH,603615,-9.99,3678,3678
SZ,300532,-3.33,3677,3865
SZ,300355,-3.57,3675,4315
SZ,301092,9.62,3674,8111
SH,600067,-3.99,3674,3674
SH,600725,-6.57,3673,3673
SZ,301003,-6.92,3671,4746
SZ,000882,-0.73,3665,3668
SH,605303,0.58,3663,3663
SZ,300068,-6.93,3662,3854
SH,688391,-7.63,3661,3661
SZ,300809,-5.47,3659,6161
SZ,301016,-6.51,3659,3816
SH,600734,-2.88,3659,3660
SH,600526,-1.63,3658,3724
SZ,000016,-8.02,3656,5514
SZ,920799,-4.78,3650,6358
SZ,000678,-6.25,3649,3649
SZ,002688,-0.6,3648,3755
SH,603421,-6.04,3646,3646
SZ,300473,-4.67,3646,4182
SZ,300349,-3.98,3645,4114
SZ,300802,-11.52,3645,5318
SH,600798,-1.62,3644,3644
SZ,300652,-6.01,3626,4040
SH,600727,0.73,3626,3626
SH,600824,-1.14,3626,3626
SZ,301376,-0.47,3625,7534
SZ,300189,-3.75,3625,4188
SZ,002161,-7.01,3624,3625
SZ,002589,0.38,3619,3987
SZ,300686,-7.36,3614,3638
SZ,002930,-6.81,3614,3819
SZ,301237,-8.09,3613,4962
SH,688075,-2.06,3609,3609
SZ,300911,-5.21,3607,3859
SZ,002107,0.64,3605,3642
SZ,301038,-15.12,3605,3605
SZ,300654,-1.53,3604,3742
SZ,002512,-7.83,3601,3627
SH,688768,-8.3,3600,3630
SH,688511,-11.35,3600,3600
SH,688600,-6.53,3598,3598
SZ,300318,-0.21,3598,3709
SH,688571,-8.41,3597,3597
SZ,300508,-7.14,3595,4781
SZ,000850,1.33,3594,3595
SZ,002035,-0.42,3590,3891
SZ,300587,-6.05,3589,4427
SH,688722,-12.61,3586,3586
SZ,002228,-3.26,3580,3592
SZ,300606,-13.05,3578,4207
SH,603178,-9.82,3577,3577
SH,603097,-4.95,3577,3661
SZ,301696,-5.05,3575,47541
SH,603988,-6.22,3575,3575
SH,688358,-4.17,3572,3577
SH,603949,-10,3571,3580
SH,603081,-2.86,3570,3570
SH,688646,-9.04,3568,5795
SH,600127,2.02,3568,3568
SZ,002786,-4.86,3567,3578
SH,605566,-7.04,3567,3567
SZ,002160,-4.41,3566,3573
SH,600539,-9.99,3560,3560
SZ,300055,-4.9,3557,4703
SZ,300885,-10.35,3554,5281
SH,603175,-3.53,3554,34154
SZ,002356,-3.89,3553,3553
SH,600794,-1.65,3552,3552
SZ,301102,-4.16,3548,3548
SH,603566,0.29,3547,3547
SH,603719,-0.99,3546,3546
SZ,300194,1.39,3544,4354
SZ,300183,-5.72,3543,4418
SZ,301187,-3.67,3541,3541
SZ,300351,-9.24,3540,5227
SH,603051,-4.32,3538,3538
SH,688283,-12.42,3536,3536
SH,603126,-3.33,3535,3535
SZ,301656,-4.97,3533,41723
SZ,300380,-3.71,3532,3839
SZ,001380,-4.58,3531,4109
SH,600792,-3.63,3530,3530
SH,603813,-3.96,3529,3529
SH,603706,0.27,3528,3528
SH,600830,-3.71,3526,3526
SZ,300550,-7.5,3523,3526
SH,600805,-2.12,3520,3523
SZ,000797,-2.6,3518,3518
SZ,000822,-2.23,3518,3518
SZ,300177,-6.89,3517,4316
SZ,000523,-1.48,3512,4864
SZ,001238,-9.5,3508,3750
SZ,002628,-10.05,3505,3521
SH,688081,-11.41,3501,3501
SZ,300111,-6.2,3501,3501
SH,601113,-2.15,3500,4293
SZ,002927,-8.37,3498,3538
SH,688522,-7.08,3495,8608
SH,688148,-8.78,3495,3495
SZ,000007,-9.18,3492,3492
SH,688588,-3.95,3492,3492
SZ,300537,-9.55,3491,4780
SH,603639,0.39,3491,3591
SZ,300955,-0.85,3489,3489
SZ,301617,-5.93,3481,8770
SZ,301112,-8.96,3480,3480
SH,603551,-0.42,3480,3524
SH,600960,-6.14,3479,3479
SZ,002564,-6.46,3479,3479
SZ,003020,9.98,3474,4704
SZ,301251,-11.56,3473,8663
SH,688443,-1.97,3470,8874
SZ,301132,-10.72,3469,5423
SZ,300968,-5.08,3468,3468
SH,603579,-3.19,3468,3468
SZ,000532,-4.17,3466,3478
SZ,301500,-8.47,3466,13521
SH,600527,-4.75,3464,3464
SH,688569,-2.6,3463,3463
SH,603058,-6.28,3458,3459
SZ,300736,-8.51,3453,3543
SH,688682,-11.07,3450,3450
SH,603199,-0.05,3450,3450
SH,600581,-0.87,3449,3449
SH,603559,-2.15,3447,3447
SH,600626,-3.11,3446,4108
SH,603856,-6.71,3444,3444
SZ,002469,-2.31,3444,3556
SH,600860,-5.48,3441,4243
SH,603309,-0.24,3441,3441
SZ,300021,-5.05,3441,4028
SZ,001269,-9.64,3440,3440
SH,603113,-2.87,3436,3436
SH,688607,-9.25,3435,3816
SZ,301133,-12.68,3434,3753
SZ,002322,-1,3430,3568
SH,603116,0,3428,3428
SZ,000599,-4.33,3422,10237
SZ,002177,-5.4,3422,3859
SH,603390,-3.83,3421,3432
SH,688339,-8.28,3420,4202
SZ,002676,-4.8,3420,3420
SZ,000691,-7.11,3417,5125
SZ,001229,-2.58,3417,6645
SZ,002090,-4.44,3416,3437
SZ,301076,-9.01,3414,5106
SH,603648,-0.1,3414,3414
SZ,301151,-12.09,3411,3414
SZ,301682,-10.4,3409,16133
SZ,300611,-4.68,3407,4848
SZ,300424,-8.91,3406,3408
SH,600791,-8.72,3406,3410
SZ,000609,-0.25,3405,3501
SH,688590,-4.79,3404,3783
SH,688750,-3.43,3403,6757
SH,688533,-3.68,3400,3400
SZ,301111,-6.63,3398,3398
SH,605378,-3.69,3398,3398
SZ,300010,-4.22,3393,4216
SH,603007,-7.21,3392,4316
SH,603918,-3.92,3392,3392
SH,603351,-2.86,3391,3391
SH,688458,-5.23,3388,4032
SZ,300962,0.79,3387,3387
SZ,002175,-4.67,3383,3383
SZ,301008,-10.54,3382,3831
SH,688273,-11.52,3375,3375
SH,600800,-5.29,3374,3375
SZ,300504,-6.87,3370,4185
SZ,000816,-4.48,3368,3386
SH,688680,-7.47,3368,3368
SZ,002849,2.81,3366,3393
SZ,001288,-4.84,3366,5180
SZ,000713,-0.53,3365,4374
SH,603948,-9.99,3364,3364
SH,603109,-3,3362,3362
SZ,300453,-0.1,3361,4876
SZ,300933,-6.68,3359,3359
SZ,301419,-11.28,3358,5081
SZ,300234,-1,3357,4911
SH,600053,-4.45,3347,3347
SZ,002305,-3.97,3347,3347
SH,603569,1.09,3343,3343
SH,600333,-1.78,3337,3337
SZ,003037,-10.01,3337,3337
SH,603291,-4.24,3335,3335
SZ,300839,0.09,3334,3395
SZ,300521,-5.8,3333,3375
SH,603679,-0.68,3332,3332
SZ,300816,-5.11,3331,4566
SZ,000659,-5.81,3330,3330
SZ,301289,-4.76,3328,3349
SZ,300099,-9.05,3327,4217
SZ,000505,-1.49,3326,3824
SH,600506,-5.12,3325,3325
SZ,300246,4.25,3323,4157
SH,601599,-2.38,3319,3319
SZ,300448,-6.51,3316,3491
SH,603014,-2.84,3316,13648
SZ,001216,-3.15,3315,3941
SZ,300662,-3.48,3314,3324
SZ,001257,-3.81,3314,44430
SZ,300471,-3.61,3314,4250
SH,603811,-1.08,3313,3313
SZ,301281,-7.41,3312,5055
SZ,300399,-8.15,3311,3312
SZ,301199,-7.84,3310,3439
SH,688084,-10.29,3309,3309
SH,605337,-0.69,3308,3308
SH,688373,-2.88,3307,3307
SZ,301613,-2.78,3306,5667
SZ,000526,-1.81,3304,3357
SZ,000488,-2.49,3304,5736
SH,688215,-5.23,3302,3302
SH,601366,0,3302,3302
SZ,000965,-2.61,3296,3296
SZ,002822,-5.8,3292,6006
SZ,920809,-8.21,3289,4283
SZ,000011,-2.94,3285,3719
SH,603232,-5.2,3284,3324
SZ,000903,-6.03,3284,3309
SZ,000726,0.18,3283,4554
SH,688606,-2.12,3281,3281
SZ,002462,0,3279,3282
SZ,301017,-1.08,3278,5139
SZ,300639,-1.33,3277,3336
SZ,000407,-0.79,3275,3292
SZ,300609,-5.82,3275,3280
SZ,300402,-5.07,3274,3317
SH,603106,-8.17,3274,3274
SH,688056,-6.49,3272,3272
SZ,300749,-11.56,3271,4263
SH,605398,-3.82,3267,3267
SZ,002187,-2.91,3266,3266
SZ,300840,-13.82,3265,4426
SH,600470,-10.05,3265,3265
SZ,301588,-19.82,3260,5282
SZ,300299,-6.7,3260,3265
SZ,002548,-3.33,3258,3354
SZ,002609,-3.13,3258,4568
SZ,301408,-2.53,3254,5684
SH,603105,-3.12,3250,3250
SH,603095,-5.76,3249,3249
SZ,300801,-8.72,3248,5183
SZ,300225,-5.74,3248,3271
SH,688727,-4.85,3246,26995
SH,688229,-4.5,3243,3243
SH,600843,-6.1,3242,4928
SH,603958,-5.43,3242,3242
SZ,300559,0.68,3242,4163
SZ,002109,-2.3,3242,3242
SZ,300877,-10.05,3239,3239
SH,688159,-8.59,3235,3235
SH,601033,1.13,3235,12132
SZ,301259,-12.69,3230,5037
SH,600262,-4.61,3230,3230
SZ,002735,-10,3230,4252
SH,603722,-9.95,3228,3296
SZ,300733,-6.52,3222,4371
SZ,300241,-10.06,3222,3841
SZ,000716,-0.67,3221,3283
SZ,300494,-6.25,3219,3963
SZ,300501,-4.75,3219,3230
SH,600834,-0.29,3218,3218
SZ,300243,-6.74,3214,4017
SH,605028,-5.68,3211,3211
SZ,000509,-6.84,3209,3209
SZ,300213,-5.06,3208,3453
SH,603396,-6.64,3207,3207
SZ,002903,-10,3202,4704
SH,603266,-3.29,3202,3202
SZ,300822,-2.88,3202,3452
SZ,301315,-4.23,3201,3201
SZ,000731,0.52,3200,3200
SH,603278,-6.86,3199,3199
SZ,301060,2.78,3198,3557
SZ,300889,-2.58,3194,4805
SH,603357,-8.66,3189,3189
SH,688133,-4.33,3188,3188
SZ,300160,-3.01,3186,3231
SZ,003000,2.48,3185,4662
SZ,002016,-2.71,3180,3180
SZ,002162,-3.61,3178,3182
SH,603500,-6.27,3176,3178
SZ,300894,-12.4,3176,4388
SZ,002395,-4.74,3175,3176
SH,600289,-2.76,3175,3540
SH,605162,-5.29,3166,3166
SZ,300110,-0.36,3166,3168
SZ,300352,-5.33,3165,3596
SZ,300729,-0.92,3164,3286
SH,603987,0.14,3162,3162
SH,605138,-2.89,3161,3161
SH,601999,-3.2,3157,3157
SZ,301662,-8.64,3157,8212
SZ,300270,-8.61,3155,3661
SZ,301120,-7.07,3151,5339
SZ,002095,-4.06,3146,3159
SH,600853,-0.95,3142,3142
SH,600503,-4.84,3140,3140
SZ,920819,-5.46,3138,3175
SH,600980,-4.26,3138,3204
SZ,301193,-4.48,3137,4102
SZ,002333,-3.28,3133,3172
SZ,300414,-7.15,3132,3257
SZ,300780,-15.46,3131,4271
SH,603759,-4.63,3131,3131
SZ,300563,-6.82,3130,4499
SH,603101,-3.19,3128,3128
SH,605158,-4.22,3125,3125
SH,688721,1.8,3124,7798
SZ,000626,-3.87,3123,3141
SZ,002818,0.19,3118,7821
SZ,002801,-4.46,3117,6182
SZ,000931,-2.34,3117,3125
SZ,002921,-9.98,3115,3613
SH,600156,-7.74,3112,3112
SZ,300193,-3.75,3112,3534
SZ,000788,-0.18,3111,3111
SZ,002791,-5.79,3111,5057
SZ,301175,0.81,3103,7345
SH,603716,-4.31,3102,3102
SZ,000868,-2.93,3100,3100
SZ,002269,-4.34,3094,3317
SH,600749,-8.21,3094,3094
SH,600227,-5.46,3092,4087
SZ,300370,-4.8,3092,3099
SH,600716,-1.48,3089,3089
SZ,300466,-4.03,3088,3684
SH,603230,-2.23,3086,3086
SZ,002596,-5.6,3084,3087
SH,688070,-8.66,3084,3084
SH,600218,-2.87,3084,3084
SZ,301046,-10.73,3083,3992
SZ,301302,-8.3,3083,3457
SZ,300664,-2.51,3082,3200
SH,600865,-3.18,3081,3081
SZ,300560,-12.79,3081,3786
SZ,000514,-3.43,3080,3080
SZ,300162,-14.84,3079,3776
SH,603656,-1.05,3077,3077
SZ,300867,-4.91,3076,4361
SZ,301109,1.06,3075,10534
SZ,300187,-4.95,3075,3093
SH,605077,-2.65,3072,3109
SH,603895,-5.54,3071,3071
SH,605189,-7.79,3068,3068
SH,603798,-8.97,3067,3067
SZ,000428,-3.21,3067,3067
SZ,301223,-0.8,3067,3067
SH,603577,-3.31,3066,3066
SH,688335,-7.95,3066,3066
SZ,300239,-1.32,3061,3081
SZ,002374,-6.3,3060,3060
SH,600679,-0.99,3059,4408
SZ,002327,1.47,3059,5195
SZ,300848,-6.06,3055,5165
SZ,000789,-1.02,3054,3054
SZ,300864,-3.48,3052,3052
SH,603817,-0.18,3050,3050
SZ,002339,-4.92,3049,3211
SZ,000668,-6.74,3043,3043
SZ,300078,-6.18,3039,3052
SH,600653,-2.49,3036,3036
SZ,002646,-1.08,3036,3057
SH,603527,-6.44,3033,3033
SH,600512,-2.54,3032,3032
SH,600052,-3.48,3031,3031
SH,600318,-2.79,3030,3030
SZ,301218,1.74,3024,4922
SZ,000546,-5.23,3024,3375
SZ,002412,1.17,3022,3054
SZ,300345,-7.88,3021,3657
SZ,000926,-3.51,3021,3058
SH,603210,-2.47,3020,4418
SH,688579,-4.18,3020,3020
SZ,002485,-4.3,3019,3019
SZ,301317,-6.7,3019,9092
SZ,301206,-0.21,3017,4686
SZ,301528,-9.71,3016,5853
SH,603535,-2.79,3014,3014
SZ,301551,-5.05,3014,7800
SH,601010,-3.54,3012,3012
SH,600467,-1.43,3010,3010
SZ,300683,-4.93,3008,3225
SZ,002571,-3.16,3007,3951
SH,605259,-2.12,3006,3006
SZ,301311,-4.56,3005,3005
SZ,002362,-6.57,3004,3537
SZ,300551,-6.04,3001,3010
SZ,300781,-6.31,3001,4067
SH,600327,0.59,2999,2999
SH,605108,-1.61,2998,2998
SZ,301033,-4.98,2994,3562
SH,688338,-4.07,2993,2993
SZ,300511,0,2992,3512
SZ,002296,-4.11,2990,3354
SZ,002178,-4.32,2989,2991
SZ,920402,-1.7,2988,4622
SZ,300879,-4.55,2987,3008
SZ,301393,2.18,2987,7336
SZ,300248,-4.94,2986,3477
SZ,002826,-3.22,2985,3081
SH,603600,-1.84,2984,2984
SH,688162,-6.56,2981,2981
SZ,300238,-3.18,2977,2978
SZ,920418,-7.51,2974,3079
SZ,300050,1.3,2968,2969
SZ,301136,-6.89,2966,2969
SZ,002829,4.05,2963,4216
SZ,300578,-8.1,2963,2964
SZ,300932,-4.22,2962,4159
SH,603637,-8.4,2962,2962
SZ,301213,-10.14,2960,4580
SZ,000701,-5.33,2958,2961
SZ,301002,-7.2,2954,4690
SZ,002672,-4.39,2951,3603
SZ,002582,-3.15,2950,3837
SH,600638,-2.22,2949,2949
SZ,002441,-2.75,2949,4030
SH,603739,-1.68,2948,2948
SH,600405,4.34,2948,2948
SH,603788,-2.86,2947,2947
SH,603008,-1.47,2946,2946
SZ,300998,-2.9,2946,3753
SZ,000421,-0.96,2946,2947
SH,600719,-6.54,2945,2945
SZ,300698,-5.54,2945,3329
SZ,002474,-3.96,2940,3459
SH,600293,-9.31,2935,2935
SZ,300427,-9.32,2933,2965
SH,688618,-5.82,2931,2934
SZ,002811,-6.31,2930,3194
SZ,002976,-9.75,2928,4680
SZ,002933,-5.39,2927,2942
SH,600622,-3.93,2924,2924
SZ,002286,-2.7,2924,3006
SZ,300831,-7.79,2924,5072
SH,603657,-5.91,2923,2923
SZ,002094,-3.41,2921,2922
SH,600668,-1.38,2919,2919
SZ,002923,6,2919,3788
SZ,003002,-5.16,2916,3190
SH,688583,-8.75,2916,8367
SZ,300931,-8.18,2915,3626
SH,688687,1.67,2913,2913
SH,605388,-2.6,2912,2912
SZ,301073,-4.48,2912,3185
SZ,300622,-4.02,2911,4259
SH,603630,-3.5,2910,2910
SH,688015,-4.21,2909,2909
SZ,300649,-8.93,2908,3628
SH,688557,-7.1,2907,2907
SH,688589,-7.05,2907,2907
SH,688317,-2.29,2907,2907
SZ,301602,0.07,2906,5971
SZ,920806,-4.72,2905,2905
SZ,002323,-4.19,2905,2906
SZ,300663,-4.82,2905,3019
SH,603330,-8.8,2904,3089
SZ,300786,-17.02,2903,3649
SZ,300289,-3.6,2900,2905
SH,600280,-5.5,2900,2900
SH,688077,-10.68,2899,2899
SZ,001311,-9.1,2898,6604
SH,688370,-3.99,2896,2896
SZ,301387,-8.08,2894,7239
SZ,300317,-5.92,2893,2897
SH,603655,-9.37,2890,2890
SZ,301202,-4.11,2888,4947
SZ,301313,-9.89,2888,3803
SZ,300247,-3.22,2887,2887
SH,600322,-8.09,2886,2886
SZ,002899,-4.21,2885,2885
SH,600731,-3.79,2882,2946
SZ,002766,-5.87,2879,2889
SH,605136,-0.95,2879,2879
SZ,002861,-9.35,2879,3571
SH,605218,-8.27,2878,3283
SZ,000862,-2.54,2876,4204
SZ,002623,-8,2876,2882
SZ,300125,-5.45,2876,5307
SH,600130,-7.48,2873,2873
SH,600992,10.05,2872,2872
SZ,002587,-8.01,2871,3528
SZ,002686,3.2,2870,3109
SZ,000910,-2.41,2867,2868
SZ,000890,-7.44,2865,2865
SZ,002369,-5.59,2865,2869
SZ,002912,-4.38,2865,3015
SZ,300691,-8.46,2863,3490
SZ,000530,-5.53,2863,4022
SZ,002853,-0.35,2860,4064
SZ,002197,-6.29,2857,3287
SZ,300311,-2.92,2854,3577
SH,600537,-6.22,2853,2853
SH,603006,-10.01,2853,2853
SZ,300920,-1.04,2852,4294
SZ,300301,-0.54,2851,2996
SZ,002451,-4.69,2850,2860
SZ,000615,-2.83,2850,5505
SZ,300973,-2.15,2848,4068
SZ,300051,-6.5,2847,2883
SZ,300410,-8.49,2845,2845
SZ,002983,-8.14,2845,4953
SZ,301631,-8.05,2845,8351
SH,603221,-2.56,2844,2871
SZ,300982,-5.77,2843,3034
SH,603066,-4.45,2839,2839
SZ,920491,-7.01,2838,3458
SH,603819,-4.11,2835,2835
SZ,300890,-6.88,2834,3101
SZ,002823,-6.16,2830,4246
SZ,002871,-4.57,2829,4773
SH,601956,-5,2828,2828
SZ,300833,-3.05,2828,4402
SZ,002394,-4.88,2827,2832
SZ,001318,-1.76,2827,2827
SZ,301305,-7.03,2824,5497
SH,600738,-1.84,2822,2825
SZ,300908,-0.69,2821,3338
SZ,300927,-5.6,2820,2890
SZ,002037,-4.11,2816,2816
SZ,000576,-8.97,2815,2832
SH,688066,-7.28,2815,2815
SZ,001256,-5.01,2814,3754
SZ,002889,-1.66,2811,4226
SH,603896,2.38,2811,2811
SZ,301525,-11.06,2811,5366
SZ,301020,-5.6,2809,2809
SZ,300608,-6.47,2809,3212
SZ,300094,-3.78,2808,2866
SZ,000892,-5.94,2808,3875
SZ,002313,-6.59,2808,2808
SH,600265,-2.51,2808,2808
SZ,002168,0,2807,2807
SZ,301222,-10.04,2805,3692
SZ,002282,-2.79,2803,2924
SH,603310,-2.95,2802,4987
SZ,002612,-1.25,2797,4862
SZ,002962,-7.21,2795,3897
SZ,000736,-4.34,2794,2794
SZ,002403,-4.17,2793,3202
SZ,300135,-3.18,2792,2792
SZ,000721,-2.67,2792,3128
SZ,002816,-3.68,2790,2790
SZ,000607,-3.95,2788,3206
SZ,300052,-5.83,2786,2786
SZ,301161,-10.26,2785,4330
SZ,300946,-7.51,2777,5715
SH,603335,-8.85,2774,2774
SZ,300132,-4.2,2774,2821
SH,600630,-4.81,2770,2770
SZ,300056,-6.61,2770,2772
SH,601616,-3.85,2766,2766
SZ,300858,-3.41,2764,3721
SH,605089,0.81,2759,2759
SZ,300237,-2.04,2754,2754
SZ,300552,-6.59,2753,4344
SZ,003025,-6.53,2751,3450
SZ,003029,-4.16,2749,3022
SZ,301081,-7.2,2745,2858
SH,603375,-5.42,2744,4332
SZ,300218,-2,2742,2751
SZ,300264,-5.12,2741,3188
SH,603886,-7.22,2741,2741
SZ,000151,-4.7,2741,3123
SZ,300869,-1.79,2738,4171
SZ,300381,-2.21,2737,2747
SH,600192,-7.05,2734,2734
SH,600302,-2.94,2733,2733
SZ,300329,-1.18,2733,2741
SZ,300157,-2.55,2733,2865
SZ,002331,-3.55,2731,2900
SZ,001217,-3.13,2730,2761
SZ,301068,-8.68,2730,3845
SH,603258,-5.03,2730,2746
SH,601112,-3.14,2726,26767
SH,688137,-0.09,2724,2724
SH,600838,-3.81,2722,2722
SH,688570,-2.55,2721,6261
SH,603080,-1.53,2720,2720
SZ,300534,20,2718,2730
SH,603808,-1.7,2717,2717
SZ,001300,-5.74,2716,2716
SZ,000037,-4.63,2715,4828
SH,688265,-3.78,2714,2714
SZ,001299,-3.8,2713,3013
SZ,001259,-4.69,2710,4195
SZ,920068,-6.69,2708,10221
SZ,002667,1.69,2707,2981
SZ,300032,-6.64,2707,2707
SH,600785,-9.98,2704,2704
SZ,300445,-4.13,2703,4085
SZ,002021,-8.12,2702,2702
SZ,001218,-3.65,2700,2977
SZ,301148,-7.4,2698,5339
SZ,300310,-6.01,2696,3438
SZ,300530,-4.96,2696,2696
SH,600228,-4.84,2696,2700
SZ,003015,-5.94,2696,3064
SZ,301072,-2.96,2696,4218
SZ,300980,-10.33,2696,3784
SZ,002521,-4.02,2695,3601
SZ,002012,-5.72,2694,2694
SZ,300404,-0.52,2692,3638
SH,688455,-6.09,2690,2690
SH,688292,-7.2,2689,2689
SZ,300266,-5.45,2687,2688
SZ,300290,-1.4,2686,2687
SH,603829,-5.68,2686,2686
SZ,002616,-1.5,2685,3927
SZ,300095,-7.34,2684,3333
SH,605080,-3.91,2684,2694
SH,603201,4.4,2682,2705
SH,600136,-2.12,2681,2816
SZ,002689,-2.64,2680,2681
SZ,301592,-8.14,2678,8024
SZ,300589,-8.48,2677,4313
SZ,002996,-3.3,2677,3910
SH,600969,-2.68,2675,2675
SH,603970,-0.79,2675,2675
SH,600620,-2.5,2671,2671
SZ,301563,-9.76,2669,11806
SH,688152,-4.37,2667,2667
SZ,300600,-8.57,2666,2666
SZ,002575,-6.36,2665,2811
SZ,300603,-6.06,2662,3309
SH,603677,10.03,2662,2662
SZ,300334,-4.54,2661,2661
SZ,300040,-5.85,2659,3307
SZ,001324,-0.92,2658,2658
SZ,300086,-3.51,2657,2744
SZ,002725,-7.45,2656,2732
SZ,301225,-4.9,2656,8700
SZ,002148,-6.94,2656,3291
SZ,301026,-6.37,2655,3676
SZ,920190,4.58,2654,2669
SZ,300860,-4.25,2653,4570
SZ,300667,-6.21,2653,3145
SZ,300584,-6.09,2653,3877
SZ,301266,-6.18,2653,2797
SZ,000897,-2.95,2652,2652
SZ,002357,-5.57,2652,2652
SH,600594,1.81,2651,2651
SZ,002476,-4.19,2650,2650
SZ,002314,-3.4,2650,5361
SZ,003007,-5.92,2649,4364
SZ,300991,-8.86,2649,4140
SZ,002199,-4.17,2649,2792
SZ,301043,-4.04,2647,3172
SZ,301608,-6.91,2642,5887
SZ,300447,-7.01,2641,4094
SZ,301296,-3.73,2640,2640
SZ,300163,-8.1,2639,2740
SH,603518,-1.78,2639,2649
SZ,300826,-4.22,2637,2741
SH,603159,2.56,2636,2636
SZ,301066,-3.33,2634,2655
SZ,002278,-3.92,2634,2852
SH,600735,-1.74,2634,2654
SH,603280,-3.87,2631,2631
SZ,000798,-2.03,2630,2631
SH,688071,-7.97,2629,2629
SZ,000068,-4.03,2627,2627
SZ,002259,-3.85,2626,2626
SH,603696,-3.78,2625,2625
SH,603838,-4.08,2624,2624
SZ,300485,-1.53,2623,4614
SH,601996,4.93,2623,2623
SZ,002828,-3.18,2623,2623
SZ,002224,-2.98,2621,2932
SZ,300242,-7.6,2621,2621
SZ,000695,-5.59,2620,2737
SH,688285,-2.78,2619,2619
SZ,002547,-6.31,2618,2673
SH,600793,-9.97,2618,2618
SZ,301260,-6.86,2616,6158
SZ,002561,-1.7,2615,2623
SZ,002347,-6.18,2615,2675
SZ,002722,-2.8,2615,2615
SZ,301255,-6.85,2615,2979
SZ,300862,-8.43,2614,3187
SH,688080,-6.74,2614,2614
SZ,300810,-8.72,2612,2705
SZ,000570,-3.28,2612,3317
SZ,000529,-0.42,2610,2674
SH,600215,-4.98,2609,2609
SZ,300389,-6.75,2605,4381
SZ,002878,-4.16,2604,2892
SZ,300716,-7.02,2604,2604
SH,603215,-4,2597,2976
SZ,301622,-5.25,2597,4656
SH,600753,0.63,2596,2596
SZ,300631,-4.34,2595,2668
SH,600721,-0.87,2592,2592
SZ,300354,-8.73,2590,4405
SZ,300460,-6.86,2589,2589
SZ,001365,-9.99,2588,23625
SZ,002748,-3.91,2587,2587
SH,600354,-1,2586,2586
SH,688479,-18.73,2585,6016
SZ,300952,-8.07,2585,4204
SZ,001210,-4.76,2584,4252
SZ,002806,-5.59,2584,3153
SZ,002186,-1.97,2583,2584
SH,688255,-9.4,2581,2581
SH,605169,0.44,2577,2577
SZ,002692,-5.02,2577,2578
SZ,300279,-6.86,2576,2587
SH,600671,9.99,2573,2573
SZ,000159,-3.42,2572,2572
SH,688314,-1.34,2571,2571
SZ,301149,-5.61,2571,4226
SH,600212,-3.77,2571,3408
SZ,000504,-3.09,2570,2577
SH,603189,-5.16,2569,2569
SH,600538,-7.01,2569,2569
SZ,300419,-4.24,2567,2567
SZ,000889,-4.52,2566,2762
SZ,002054,-4.83,2565,3221
SZ,002723,-5.82,2562,2685
SZ,300425,-2.58,2560,2565
SZ,002981,3.03,2559,2875
SZ,301279,-7.54,2558,3303
SH,600249,-1.47,2558,2558
SZ,300407,-5.18,2557,3419
SZ,002404,-2.42,2556,3142
SH,605068,-4.48,2553,2553
SH,605500,-3.89,2553,2553
SZ,300653,-2.06,2552,2552
SH,600876,-6.38,2552,4165
SH,688178,-6.99,2551,2551
SH,603828,-1.14,2551,2551
SZ,920510,2.3,2550,4998
SH,600386,-2.76,2548,2548
SZ,002072,-6.47,2547,2548
SH,603917,-3.85,2542,2542
SH,605166,-4.94,2540,2540
SZ,003016,-1.89,2539,2599
SZ,300730,-3.98,2539,2961
SZ,301158,-5.44,2539,2603
SH,688129,-6.3,2538,2538
SZ,300230,-2.65,2538,3277
SZ,301600,-4.92,2538,8223
SH,603557,-5.12,2537,2537
SZ,002795,-9.45,2537,2579
SZ,002248,-6.66,2537,2537
SZ,000826,-5.31,2537,2537
SZ,300154,-6.83,2534,3614
SZ,002365,-1.23,2534,3044
SZ,300384,-1.87,2534,3672
SZ,000419,-0.42,2533,2533
SZ,300148,-4.59,2532,2622
SZ,000669,1.92,2531,2531
SZ,301356,-15.41,2530,4314
SZ,002917,-4.04,2530,3375
SZ,300515,-4.05,2528,2578
SH,600684,-3.57,2526,3274
SZ,002868,-3.19,2525,3668
SH,688280,-5.63,2525,2863
SH,600665,-4.88,2523,2523
SZ,300555,-1.99,2522,2548
SZ,301119,-9.31,2521,3117
SZ,301172,-4.31,2516,4393
SH,688197,-4.35,2515,5845
SZ,002798,-5.99,2511,2855
SZ,002022,0.21,2510,2510
SZ,000017,-5,2508,3921
SZ,300439,1.42,2508,3297
SZ,002863,-2.78,2506,2506
SH,603048,-5.58,2506,2506
SZ,002337,-4.47,2505,2508
SH,600712,-3.92,2505,2533
SH,688718,-3.92,2504,2504
SH,603202,-1.8,2502,7973
SZ,300269,-8.45,2502,2604
SH,603037,-4.27,2502,2505
SH,688030,-8.73,2502,2502
SZ,000710,-3.06,2501,2683
SZ,002952,-5.13,2500,3121
SZ,002363,-3.98,2499,2506
SH,688367,-3.83,2498,2498
SZ,301270,1.03,2497,2642
SH,603285,-3.88,2494,6405
SZ,001388,10,2493,4658
SH,603017,-8.6,2491,2491
SZ,300510,-5.32,2491,2491
SZ,300875,-6.52,2490,2831
SZ,300479,-4.95,2489,2491
SZ,301439,-5.09,2488,5284
SZ,300798,-4.8,2487,3023
SZ,002355,-5.4,2485,2687
SH,688246,-7.37,2485,2485
SZ,920699,-5.45,2484,5429
SH,603378,-0.85,2482,2482
SH,688357,-2.85,2481,2481
SZ,300175,-2.76,2481,2481
SZ,002578,-4.94,2480,2703
SZ,920015,9.54,2480,8402
SZ,002658,-5.07,2478,4393
SH,603458,-6.89,2477,2477
SH,603192,1.95,2474,2968
SZ,000545,-6.33,2473,2477
SZ,000153,-1.81,2473,2505
SH,603036,-6.53,2472,2472
SH,688811,-7.76,2470,13450
SH,603585,-2.55,2470,2511
SZ,002846,-3.94,2469,3986
SZ,000802,-9.68,2469,2470
SZ,002866,-6.25,2468,3943
SZ,300449,-8.18,2467,2467
SH,605069,-9.89,2466,2466
SZ,000809,-2.28,2466,2466
SZ,300830,-6.27,2464,3301
SH,603030,-6.96,2463,2463
SH,688272,-9.44,2462,2462
SZ,301669,-11.5,2461,14424
SH,600624,-2.42,2459,2459
SH,603107,-1.9,2459,3802
SZ,000978,-2.41,2458,2458
SH,603955,-4.98,2457,2457
SZ,000019,0,2456,6800
SZ,300945,-4.36,2454,2694
SZ,002905,-6.15,2450,2638
SZ,300818,-3.52,2449,3780
SZ,300272,-2.94,2448,3222
SH,603863,-8.07,2444,2444
SH,603586,-3.33,2443,2443
SH,688316,-6.41,2442,2442
SZ,301665,0.82,2442,10548
SZ,300942,-2.42,2439,2439
SZ,002058,-5.91,2434,2440
SZ,920019,-6.37,2433,3053
SZ,301181,-4.68,2430,3114
SZ,002613,-5.7,2429,3456
SH,603628,-3.56,2428,2436
SZ,300921,-8.05,2420,3838
SZ,300062,-4.16,2420,3326
SZ,301197,-8.01,2420,2682
SZ,300887,-6.43,2419,3646
SZ,000565,-4.61,2419,2419
SZ,301565,-9,2418,7556
SH,603059,-2.1,2418,2422
SH,605266,0.58,2417,2417
SZ,301531,-9.88,2417,11327
SH,600408,-3.6,2416,2416
SZ,300281,-3.94,2416,2547
SZ,000838,3.62,2413,2520
SZ,000698,-1.91,2412,2516
SH,603289,-1.67,2409,2409
SZ,300366,-5.01,2408,2758
SZ,002875,-2.5,2408,2812
SZ,301019,6.08,2407,3282
SZ,300582,-7.33,2406,3242
SZ,301337,-9.78,2405,2458
SH,601798,-2.3,2404,2404
SZ,001223,-7.95,2398,4488
SH,600250,-3.03,2396,2396
SZ,920971,-6.73,2395,2905
SZ,002953,-3.29,2394,4183
SZ,002136,-6.83,2393,2400
SZ,920961,-5.34,2391,3285
SH,601007,-1.6,2391,2391
SH,688529,-5.26,2390,2390
SZ,300849,-8.79,2388,3249
SZ,001369,-4.47,2388,13202
SZ,300536,-9.24,2387,2387
SH,603320,-4.01,2385,2385
SZ,001333,-1.99,2383,2383
SZ,920002,-9.2,2383,3404
SH,688156,-9.07,2381,2381
SZ,300333,-7.53,2380,2389
SH,688310,-7.53,2379,2379
SH,605151,-4.01,2378,2378
SZ,301106,-6.73,2375,2375
SH,603617,-6.11,2374,2393
SZ,300636,-3.14,2373,2713
SZ,002663,-6.7,2373,2395
SZ,002084,-3.15,2372,2377
SZ,301059,-8.15,2371,2654
SH,603076,-5.11,2371,2371
SZ,002972,3.77,2370,4330
SZ,002453,-4.83,2368,3193
SZ,000812,-2.18,2367,2367
SH,600439,-3.68,2366,2366
SH,603602,-6.14,2364,2364
SH,603021,5.43,2361,2361
SZ,300746,4.97,2361,2384
SZ,301221,-6.38,2357,3466
SH,600858,-0.86,2355,2366
SH,600419,-3.48,2354,2354
SZ,920189,-8.27,2351,3917
SH,688468,-2.49,2350,2350
SH,603801,-1.63,2350,2350
SH,603161,-3.6,2346,2391
SZ,300386,-8.95,2345,3909
SH,600356,-1.37,2342,2584
SH,603488,-9.98,2342,2342
SZ,001201,-1.18,2339,2993
SZ,002377,-2.54,2338,2456
SZ,300020,-4.38,2338,2424
SH,603042,-8.58,2332,2332
SZ,002769,-3.69,2331,2333
SZ,002729,-6.4,2330,2430
SZ,000573,-0.26,2329,2349
SH,605199,0.52,2329,2329
SZ,300694,-5.03,2328,2331
SZ,002659,-2.01,2321,2321
SZ,300752,-12.67,2321,3358
SZ,300577,-3.6,2316,3907
SZ,002391,-1.95,2316,3241
SH,688355,-11.04,2315,2315
SZ,002496,-5.76,2315,2955
SH,600560,-3.53,2315,2315
SZ,000707,-1.17,2313,2456
SH,605033,-1.66,2309,2309
SZ,002431,-3.75,2307,2307
SZ,002397,-4.55,2306,2662
SZ,002869,-5.48,2304,2588
SZ,300658,-6.36,2303,3471
SZ,301658,-4.82,2303,9748
SH,688765,-2.08,2302,17782
SH,600613,1.48,2301,2564
SZ,002330,-1.08,2299,2300
SH,603578,-4.7,2298,2982
SZ,002661,0,2297,2409
SZ,301178,-9.54,2296,3112
SZ,001367,-0.1,2295,2875
SZ,000430,-10.02,2294,5012
SZ,301040,-1.65,2290,2427
SZ,000715,-1.46,2286,2540
SZ,920571,-5.27,2286,4288
SZ,002442,-5.09,2286,2341
SZ,300173,-4.88,2285,2285
SZ,002682,-5.57,2283,2283
SZ,300824,-1.09,2282,2353
SZ,301079,-10.92,2282,3231
SZ,300717,-7.09,2280,2301
SZ,002700,-2.78,2280,2304
SH,603136,-1.62,2280,2280
SZ,300477,-1.7,2279,2466
SZ,300235,-6.1,2279,2825
SH,603836,-0.23,2279,2338
SZ,000790,-0.8,2279,2283
SZ,300647,-7.07,2279,2282
SZ,300690,-5.77,2277,3396
SZ,301273,2.14,2276,2966
SZ,301118,-7.23,2275,2359
SH,600187,-4.72,2275,2275
SH,603307,-2.41,2272,2309
SZ,002098,-2,2266,2266
SZ,002687,-6.31,2265,2766
SZ,300978,-3.77,2265,3335
SZ,002103,-2.82,2263,3115
SH,603768,-3.74,2258,2258
SZ,002712,-3.24,2256,2270
SZ,001219,-0.74,2253,2311
SH,603700,-2.33,2250,2250
SH,688619,-12.09,2249,2249
SZ,002963,-6.01,2248,2749
SZ,301027,-5.25,2248,2727
SZ,301082,-4.4,2244,2421
SZ,300988,-6.54,2243,2726
SZ,301262,-3.66,2241,7656
SH,600182,-2.22,2241,4481
SH,603407,-8.96,2237,25411
SZ,300092,-6.73,2237,2920
SH,603922,0.81,2236,2236
SZ,300141,-7.57,2236,2264
SZ,301628,-8.72,2235,6044
SZ,301590,-7.91,2233,5394
SH,603755,-2.32,2232,2232
SH,605155,-3.15,2231,2284
SH,600573,-0.55,2230,2230
SH,600463,-3.5,2229,2229
SZ,002172,-2.01,2227,2228
SZ,300701,-4.99,2225,2525
SH,688623,-5.2,2222,5350
SZ,300796,-2.37,2221,2221
SH,605258,-6.99,2220,2220
SH,688716,-9.74,2220,3863
SZ,002932,-0.55,2220,3306
SZ,301195,-6.42,2219,3341
SH,603839,-1.37,2218,2218
SH,600239,-4.16,2216,2216
SH,688597,-3.93,2215,2215
SH,688201,-4.5,2214,2214
SZ,001368,-3.02,2213,2317
SZ,300993,-4.08,2213,2819
SZ,000955,-3.51,2212,2213
SZ,002890,-3.78,2212,2327
SZ,300808,-5.14,2210,2974
SH,600319,-5.31,2210,2210
SZ,300103,-6.19,2209,2211
SZ,002593,-3.66,2208,3167
SZ,920111,-11.6,2207,4548
SZ,002855,-5.48,2204,2205
SZ,002574,-2.79,2202,2202
SZ,002398,-2.9,2201,2526
SH,603091,-1.7,2200,7154
SH,600107,-3.01,2200,2200
SH,603818,-7.24,2197,2197
SZ,000586,-6.42,2197,2223
SZ,301220,-5.43,2196,3181
SZ,002767,-7.35,2195,2529
SZ,301088,-3.23,2188,2653
SZ,920344,-5.73,2187,2342
SZ,300359,-4.95,2185,2185
SH,688560,-3.97,2184,2184
SH,603373,2.05,2183,5168
SH,603959,-3.67,2182,2182
SH,603180,-1.38,2181,2181
SZ,300365,-5.53,2180,2555
SH,688113,-6.25,2179,2179
SZ,002848,-4.56,2179,2201
SZ,001266,-7.39,2175,3878
SZ,001268,-9.99,2174,3472
SZ,002069,-2.23,2173,2176
SZ,001205,-2.02,2171,2452
SZ,000752,5.24,2171,2171
SZ,300172,-1.65,2170,2808
SH,603332,-1.85,2170,2170
SZ,300583,-1.43,2169,2210
SZ,301122,1.64,2163,3495
SH,688657,0.78,2161,3454
SZ,001393,-6.13,2160,11213
SZ,301185,0.45,2159,2389
SZ,300211,-5.48,2158,2197
SZ,300966,-6.63,2157,3243
SH,600359,-0.87,2156,2156
SZ,002726,3.8,2155,2156
SZ,300422,-6.07,2155,2226
SZ,300025,-2.74,2153,2162
SH,688517,-7.56,2153,2153
SH,688581,-2.11,2152,4201
SZ,301212,-4.68,2152,2479
SZ,301535,-4.58,2151,5388
SZ,920060,-7.64,2151,3448
SH,605003,-5.32,2149,2149
SZ,002633,-4.38,2149,2157
SZ,002234,-0.82,2149,2488
SZ,000014,-3.58,2147,2147
SZ,301283,-1.87,2146,2730
SZ,002343,-4.02,2146,2146
SZ,300198,-4.12,2145,2156
SH,600833,-0.09,2144,2144
SZ,002319,-8.74,2141,2141
SZ,002576,-5.09,2140,2181
SZ,002887,-4.82,2140,3014
SH,603188,-3.59,2138,2138
SH,603172,-3.31,2137,2137
SZ,300250,-6.34,2136,2901
SH,688501,-5.38,2135,2135
SZ,300800,-3.89,2135,2157
SZ,002184,-4.92,2134,3125
SZ,300898,-1.84,2133,2305
SH,688096,-1.29,2132,2132
SH,603787,-2.52,2131,2131
SH,688648,-6.46,2130,4167
SH,600854,-2.37,2130,2130
SZ,002771,-7.57,2129,2559
SZ,000055,-3.36,2129,3383
SZ,000635,-3.97,2124,2282
SZ,300965,-7.29,2124,2356
SH,603937,-9.2,2120,2120
SZ,300970,-3.5,2120,2747
SH,688251,-6.39,2118,2133
SZ,002329,0,2118,2705
SH,688450,-19.98,2117,2855
SZ,300512,-3.54,2115,2672
SZ,300987,-3.7,2115,2115
SZ,002852,-0.39,2112,2542
SZ,301117,-10.19,2111,3295
SZ,002763,-0.28,2110,2849
SZ,300484,-8.32,2104,2621
SZ,300013,-2.57,2103,2105
SH,603096,-0.72,2101,2101
SH,603079,-1.85,2100,2100
SZ,001228,-2.29,2099,2730
SZ,000554,-1.51,2098,2788
SZ,300956,-6.2,2096,2146
SH,605001,-3.26,2094,2094
SH,600678,-5.65,2094,2094
SH,600257,-2.46,2093,2093
SZ,002660,-5.56,2092,2175
SZ,301331,0.79,2092,2097
SZ,300884,-5.85,2090,2772
SZ,002856,-6.11,2089,2281
SH,603120,10,2088,4980
SZ,002076,-6.97,2085,2218
SZ,300732,-4.08,2084,2086
SZ,001390,-4.4,2083,3508
SH,600232,-4.66,2083,2083
SZ,300097,-9.19,2079,2222
SZ,300340,-5.7,2078,2094
SZ,300591,-7.91,2078,2406
SZ,001206,-3.13,2077,3594
SH,603331,-5.78,2074,2074
SZ,300081,-5.5,2074,2074
SZ,002420,-4.48,2068,2102
SZ,002836,-3.33,2067,2067
SZ,300275,-5.81,2066,2344
SZ,300940,-6.28,2065,2919
SZ,300710,-5.75,2062,2751
SH,600831,-7.34,2062,2062
SH,688369,-7.05,2061,2061
SH,603377,0,2060,2060
SZ,300426,-7.86,2060,2319
SH,603272,-10,2059,2059
SZ,002615,-7.71,2057,3812
SZ,001376,-4.75,2057,4429
SZ,000548,-1.43,2057,2057
SZ,301089,-0.38,2055,2875
SZ,002388,-9.57,2055,2073
SZ,920261,-3.66,2055,3741
SZ,300805,-4.55,2053,3022
SZ,002492,-2.81,2053,2090
SZ,002671,-4.11,2051,2089
SH,603356,-5.63,2051,2051
SZ,300464,-7.96,2049,2696
SZ,301557,-7.08,2049,5111
SH,600661,-2.45,2049,2049
SH,688613,-6.14,2048,2048
SZ,300881,-2.37,2048,3925
SZ,301380,-5.43,2048,2571
SZ,301290,-4.09,2045,2574
SZ,300565,-7.14,2045,2237
SH,603270,-6.92,2043,6330
SH,603102,-1.56,2043,2043
SZ,920879,-3.13,2043,2730
SZ,002991,-0.33,2042,3812
SZ,300411,-5.43,2040,2683
SZ,920178,-5.29,2039,6981
SZ,002599,-3.39,2038,2727
SZ,300703,-3.31,2035,2208
SZ,300673,-5.3,2031,3131
SZ,301011,-3.34,2028,2136
SZ,300165,-5.29,2027,2388
SH,603721,-5.28,2027,2027
SH,603117,-3.14,2025,2025
SH,603329,-1,2025,2453
SH,603183,-8.32,2023,2023
SZ,002295,-3.34,2021,2022
SZ,002825,-3.66,2020,2691
SZ,300922,-8.04,2019,2574
SZ,001332,-5.79,2019,4647
SZ,920017,-2.94,2019,2041
SH,600844,-3.15,2016,2490
SZ,300891,-6.64,2014,2416
SZ,002702,-3.08,2014,2440
SZ,000679,-5.51,2014,2014
SZ,301125,-9.48,2013,2271
SZ,301077,-5.13,2009,3582
SH,688737,-5.4,2005,2005
SZ,301332,-2.7,2000,3485
SH,688755,-0.11,1999,2863
SZ,002114,-4.62,1999,1999
SZ,301371,-1.11,1998,13361
SH,600533,-4.03,1995,1995
SZ,301599,-7.99,1994,15736
SZ,000692,-3.6,1993,1993
SZ,301428,-8.59,1991,2821
SH,600148,-4.61,1988,1988
SH,601083,-0.09,1988,13252
SZ,002908,-4.77,1986,2662
SH,600615,-6.17,1985,1988
SZ,301108,0.03,1981,3439
SH,603381,-5.49,1977,3300
SZ,002569,-2.74,1977,2033
SZ,002614,-1.74,1977,2794
SZ,300106,-3.5,1974,1974
SZ,300912,-8.63,1973,2614
SH,603616,-9.99,1971,1986
SH,603880,-4.07,1968,1968
SZ,002732,-1.56,1965,1975
SH,600165,-1.1,1964,4331
SH,603321,-2.89,1964,1989
SH,603089,-1.79,1963,2255
SZ,301041,-10.05,1962,2651
SZ,003023,-2.3,1959,1964
SH,603238,-2.64,1958,1958
SH,603326,-2.53,1957,1957
SZ,002942,-2.55,1956,2192
SZ,920978,-5.04,1956,3489
SZ,920208,-4.18,1953,2255
SH,600241,0.45,1951,1951
SZ,920125,-14.97,1948,6637
SZ,300387,-3.57,1948,1948
SZ,300650,-10.49,1945,2757
SZ,300665,-5.6,1942,2045
SZ,920247,-6.46,1942,2677
SH,600423,-0.81,1941,1941
SH,600281,-5.03,1939,1939
SZ,300637,-6.23,1939,1941
SZ,301618,-5.42,1939,5085
SZ,001237,-6.02,1938,8247
SH,603182,-0.33,1935,1935
SH,603176,-3.67,1935,1991
SZ,300107,-3.46,1935,3135
SZ,300883,-2.98,1934,2024
SH,688038,-6.57,1934,1934
SH,603151,-5.12,1934,1934
SZ,300612,-5.59,1933,1943
SH,600238,-5.02,1932,1945
SZ,300989,-5.87,1931,2500
SH,688060,-4.8,1931,1931
SZ,300509,-3.45,1930,2315
SZ,003030,10.02,1929,2974
SH,688013,-2.89,1927,1927
SZ,002253,-3.15,1927,2071
SZ,301360,-11.56,1927,3948
SH,603536,-1.1,1927,1941
SZ,300205,-4.67,1927,1927
SZ,002598,-1.17,1925,2097
SZ,300719,-6.28,1925,2725
SZ,300513,-4.95,1925,2102
SZ,300916,-4.22,1924,2980
SZ,300412,-1.66,1923,2046
SH,603023,-5.74,1920,1920
SZ,300844,-4.72,1917,1989
SZ,920405,-4.59,1916,2442
SZ,300960,-4.49,1915,2113
SZ,300778,-1.15,1914,1914
SZ,002715,-4.07,1913,1913
SZ,002857,-5.77,1908,1939
SZ,300967,-3.4,1908,2868
SZ,001211,-4.52,1908,2044
SH,600371,-2.39,1905,1905
SH,603193,-1.28,1904,7457
SH,688026,-3.06,1904,1905
SZ,300771,-4.27,1904,2417
SH,600097,-2.22,1903,1903
SH,688132,-5.58,1903,1903
SZ,002666,-2.05,1903,2994
SH,600287,-3.96,1900,1900
SZ,300817,-5.66,1896,3305
SH,600540,-3.54,1895,1895
SH,603900,-3.48,1895,1897
SH,688193,-2.65,1893,1893
SH,600774,-1.82,1893,1894
SZ,000953,-2.26,1893,1893
SZ,002799,-2.95,1891,1891
SZ,000605,-2.89,1890,1890
SZ,301548,-12.56,1890,6267
SZ,002486,-0.85,1887,1896
SZ,002133,-1.99,1886,1897
SH,600128,-2.04,1885,1923
SH,600491,9.82,1882,1882
SH,688203,-5.01,1881,1881
SZ,300774,-6.48,1881,3945
SZ,301103,-2.09,1874,2435
SH,605180,-3.89,1874,1874
SZ,002918,-7.01,1872,3573
SZ,002998,-2.94,1872,2455
SH,603041,-2,1872,1872
SZ,000633,0.21,1872,1872
SZ,000056,-1.42,1871,2448
SH,600768,-8.08,1870,1870
SH,600802,-4.44,1870,1870
SH,603385,-2.18,1869,1869
SZ,301024,-3.82,1869,1930
SH,603382,-3.34,1869,2933
SZ,002656,-4.55,1868,1938
SZ,000757,-3.84,1865,1865
SH,603968,-2.45,1863,1863
SZ,001230,-3.8,1862,3179
SZ,300176,-2.82,1859,1859
SZ,001360,-5.11,1858,3021
SZ,300597,-5.25,1856,1864
SZ,920509,-7.25,1856,3543
SZ,300644,-7.55,1856,2329
SZ,002873,0.78,1855,1889
SZ,002893,-3.98,1853,2410
SZ,002634,-2.55,1853,1925
SZ,000909,-3.63,1852,1852
SZ,002742,-4.33,1850,2415
SH,600807,-3.28,1849,2079
SH,603255,-7.66,1849,4101
SZ,300807,-7.48,1849,2422
SZ,301198,-5.15,1848,1925
SZ,002679,-2.84,1848,1848
SZ,301138,-8.45,1848,3234
SZ,002999,-2.71,1845,1867
SZ,300240,-2.11,1842,1884
SH,688426,-4.14,1842,1846
SH,603982,-4.06,1840,1979
SH,688189,4.98,1839,1839
SZ,301299,-4.78,1835,2487
SH,600444,-3.69,1832,1832
SZ,300074,-4.3,1831,1833
SH,603718,-1.73,1830,1838
SH,603168,-1.4,1829,1837
SZ,300350,-3.96,1825,2175
SH,605336,-3.39,1825,1825
SZ,002524,-5.55,1823,1840
SZ,300076,-2.92,1823,1823
SZ,300335,-2.86,1821,2261
SZ,002630,0.6,1819,1996
SZ,300254,-2.3,1818,2061
SH,600159,-6,1818,1818
SH,603177,2.89,1817,1817
SH,603282,-2.57,1816,1816
SZ,002205,-5.23,1816,1816
SZ,301180,-6.42,1815,4424
SH,605177,-2.67,1813,1830
SH,688118,-6.63,1811,1811
SZ,301538,-6.51,1810,4546
SH,603506,-0.61,1810,1810
SH,600051,-1.01,1809,1809
SZ,300854,-8.36,1808,2223
SH,603208,-3.92,1808,1808
SZ,301056,-4.02,1804,2735
SH,603325,1.86,1801,4215
SZ,300961,-12.75,1797,2097
SZ,301276,-1.65,1796,3221
SZ,300992,-9.96,1795,2194
SH,603810,-3.37,1794,1794
SZ,003017,-3.66,1790,2170
SH,600892,-5.03,1790,1790
SH,688395,-2.54,1789,1789
SZ,001255,-5.2,1786,2012
SZ,002105,-2.77,1786,1795
SZ,002775,-5.24,1783,1981
SH,603257,-1.48,1782,8586
SZ,002800,-6,1782,1835
SH,600847,-6.36,1781,1781
SH,600235,-2.49,1781,1781
SH,600080,0,1780,1780
SH,603717,-5.25,1779,1779
SH,603418,-2.2,1778,8300
SH,688420,-4.14,1775,1775
SZ,300599,-3.67,1773,3377
SH,688616,-3.69,1772,1772
SZ,002995,-6.25,1768,2791
SZ,300743,-3.4,1767,2097
SZ,001234,-3.58,1767,2097
SH,688781,-3.82,1765,43230
SH,605122,-4.82,1765,1765
SH,603028,-5.76,1765,1783
SZ,300575,-0.58,1763,2436
SH,688092,-3.13,1760,1760
SH,688602,-8.75,1757,3516
SH,688759,4.65,1755,14802
SH,600099,-3.95,1755,1755
SH,688089,-2.79,1752,1752
SZ,002968,-2.6,1751,1860
SH,603435,-7.41,1746,22467
SZ,300423,-6.75,1746,2607
SZ,000705,-0.47,1745,2068
SZ,002909,-4.57,1742,1786
SZ,301520,17.88,1742,4962
SZ,300437,-4.92,1741,2457
SZ,301052,-4.94,1739,2146
SZ,002622,-4.16,1739,1739
SZ,920021,-7.62,1738,2169
SZ,002817,-1.95,1737,1792
SZ,300659,-4.86,1737,2390
SZ,002696,-3.52,1735,1794
SZ,300150,-4.09,1734,2188
SH,600272,-0.18,1723,2829
SZ,001366,-4.1,1722,1722
SZ,301585,1.2,1722,2630
SZ,002198,-1.16,1720,1720
SH,603825,-2.99,1718,1718
SZ,002879,-4.49,1715,2416
SZ,300929,8.49,1715,1808
SH,600706,-3.71,1710,1717
SZ,003038,-4.75,1707,2536
SZ,002760,-4.46,1706,1706
SZ,000995,-3.6,1705,1705
SZ,300396,-3.53,1704,1707
SZ,002159,-2.68,1703,2181
SZ,002820,-2.07,1701,1701
SH,603214,-2.3,1701,1701
SZ,002753,-3.03,1701,2465
SZ,301030,-8.08,1700,1702
SZ,002360,0.58,1699,2097
SZ,002551,-3.46,1699,2350
SZ,301335,-2.03,1698,2455
SZ,300675,-2.84,1697,1697
SZ,300543,-6.21,1696,2077
SH,688051,-2.62,1691,1691
SZ,301309,-6.5,1689,2803
SH,600082,-4.65,1687,1719
SZ,301121,-10,1684,3289
SZ,920339,-2.45,1681,2449
SH,600149,-4.73,1680,1680
SZ,300642,-2.78,1680,1980
SH,600202,-4.36,1679,1679
SZ,301687,-8.11,1677,7907
SH,603029,-3.55,1677,1677
SZ,300556,-6.43,1672,1873
SZ,002529,-5.01,1672,1672
SH,603789,-5.15,1672,1705
SZ,300651,-4.78,1665,2275
SH,688288,-5.65,1663,1663
SH,688393,-3.62,1663,1663
SZ,300971,-4.9,1661,2118
SZ,300538,-7.53,1661,2498
SZ,301203,-2.64,1660,3030
SH,603092,-5.65,1659,19200
SZ,301509,-4.75,1656,3516
SZ,002743,-3.78,1656,1658
SZ,301057,-4.48,1654,2387
SZ,003001,1.69,1653,2522
SZ,300030,-1.61,1652,1877
SZ,001378,-4.43,1651,3394
SZ,002717,-5.87,1650,1747
SZ,301010,-3.22,1648,1648
SZ,001356,-2.14,1647,4838
SZ,920476,-2.99,1645,1738
SZ,300295,-2.77,1642,1858
SH,603709,-3.38,1641,1647
SZ,920839,-5.83,1640,2973
SZ,002910,-9.95,1639,1873
SZ,300897,-4.75,1638,2624
SZ,002877,-4.34,1638,2423
SZ,300813,-2.35,1634,2603
SZ,300837,-5.5,1633,2160
SZ,001395,9.64,1632,3560
SZ,003027,-3.59,1631,2033
SZ,300753,-4.76,1630,2338
SZ,301595,-7.08,1627,4315
SZ,001285,-4.15,1627,7063
SZ,300554,-11.14,1626,2348
SZ,000911,-5.35,1625,1625
SZ,301555,-10.91,1625,3101
SH,605567,-2.28,1624,1624
SH,603312,-4.43,1621,5094
SZ,301556,-5.41,1617,4677
SZ,300941,-5.08,1617,2674
SH,600883,-2.97,1615,1615
SZ,301159,1.47,1614,2355
SZ,300876,-4.82,1610,2159
SZ,300245,-6.03,1610,1614
SZ,001202,-2.95,1609,2295
SZ,001233,2.65,1608,7932
SZ,301231,-4.05,1607,2073
SZ,301210,-10.43,1605,4201
SZ,300645,-3.68,1602,1634
SZ,301586,-5.01,1602,2512
SZ,301141,-5.16,1600,4459
SZ,920914,-7.21,1600,1601
SZ,000856,-4.73,1598,1598
SZ,301388,-3.72,1595,2248
SH,600119,-3.53,1593,1593
SZ,300845,-7.44,1590,2274
SZ,301683,-9.8,1589,7031
SH,688130,-4.07,1589,3187
SH,688435,-6.3,1588,2366
SH,603860,-2.65,1584,1584
SZ,002780,-3.72,1583,2004
SZ,300313,-4.63,1583,1923
SZ,002620,-4.93,1580,1887
SZ,301107,-9.8,1579,2731
SZ,002207,0,1578,1585
SH,603231,-2.42,1577,2841
SZ,002592,-3.68,1576,1700
SH,600137,-3.4,1572,1572
SZ,002789,-1.66,1571,1603
SZ,920892,-3.96,1570,1773
SH,603908,-3.76,1570,1570
SZ,002629,-5.03,1569,1845
SZ,002900,-0.7,1568,3078
SZ,002982,-0.9,1566,2446
SZ,002209,-1.66,1564,2045
SH,600448,-4.61,1562,1562
SH,600493,-2.2,1561,1561
SH,603022,-2.98,1560,1560
SZ,300195,-6.74,1560,2106
SZ,000619,-2.04,1552,1901
SH,688329,-2.23,1551,1551
SZ,003005,-3.71,1545,2816
SZ,301098,-7.29,1544,1852
SH,600180,0.71,1543,1543
SZ,300923,-4.48,1543,1589
SZ,301063,-2.85,1542,1665
SH,688058,-4.59,1541,1541
SZ,002211,-5.56,1540,1540
SZ,301227,-19.25,1540,2738
SH,688078,-3.9,1539,1539
SH,688790,-4.92,1539,12082
SH,600778,-2.36,1537,1539
SZ,002802,-3.01,1537,1861
SZ,300167,-3.76,1537,1807
SZ,301361,-5.46,1528,3156
SZ,920037,-8.24,1528,4726
SZ,920026,-7.84,1526,2025
SZ,300707,-4.92,1523,1850
SZ,300995,-5.67,1522,2309
SZ,000639,1.44,1522,1522
SZ,002977,-5.3,1521,2741
SZ,003028,-3.4,1521,3120
SZ,000663,-3.87,1519,1670
SZ,300610,-2.85,1518,1945
SZ,300519,6.49,1518,2128
SZ,920751,-5.48,1517,1585
SH,603879,-5.37,1516,1516
SZ,920087,-3.34,1514,1525
SZ,000929,-6.95,1514,1514
SZ,301135,-5.24,1514,1946
SZ,920174,-6.73,1513,5939
SZ,301336,-1.48,1512,1954
SZ,001209,-3.49,1511,2068
SZ,301229,-3.38,1510,2123
SZ,001386,-2.08,1509,16765
SZ,301062,-4.19,1506,2370
SZ,300616,-5.45,1506,2178
SZ,002858,-4.84,1505,1906
SZ,920106,-6.09,1505,1950
SZ,002306,-3.13,1503,1609
SH,688466,-3.9,1502,1502
SZ,301065,-3.96,1502,1846
SZ,301303,-5.16,1499,5997
SH,600697,-2.22,1496,1532
SZ,002949,-2.08,1496,1931
SZ,301032,-5.83,1495,2255
SZ,301383,-6.13,1489,3445
SH,688659,-8.09,1488,1488
SZ,000632,-5.33,1485,1485
SZ,001222,-2.37,1484,2506
SH,601026,-4.44,1480,8783
SZ,003042,-4,1476,1705
SZ,000010,-3.97,1475,1943
SH,603275,-5.59,1472,5271
SH,688681,-4.09,1471,1471
SH,600796,-1.45,1470,4090
SZ,301502,-8.31,1466,3548
SH,600689,-3.31,1464,1934
SH,688509,-4.75,1462,2926
SZ,301130,-0.43,1461,1893
SZ,301591,-8.97,1459,3570
SZ,002694,-5.13,1459,1549
SZ,002581,10,1455,2395
SZ,301152,-5.57,1454,2433
SZ,300564,4.22,1453,2071
SZ,301560,-7.07,1451,2890
SZ,300220,-4.94,1451,1453
SH,600243,-3.78,1448,1448
SZ,300500,-3.67,1448,1503
SZ,301587,-4.46,1443,2894
SZ,301022,-6.36,1442,2135
SZ,301295,-1.77,1441,4941
SH,688021,-4.79,1440,1440
SZ,002566,1.64,1439,2055
SZ,301023,-10.71,1427,2573
SZ,300514,-3.46,1426,1780
SH,603082,-6.43,1421,5805
SH,688528,-5.37,1420,1420
SZ,003032,-4.22,1417,2004
SZ,301395,-0.88,1416,2700
SZ,300625,-3.73,1416,2441
SZ,300306,-3.64,1415,2415
SZ,300935,-7.59,1414,1864
SZ,002835,-3.88,1414,2439
SH,688592,-8.52,1413,2965
SZ,001239,-2.89,1412,2974
SZ,002790,-2.34,1410,2261
SZ,301390,-7.76,1409,1724
SZ,301636,-7.25,1408,2413
SZ,920010,-0.11,1407,1902
SZ,300268,-3.48,1407,1833
SZ,301036,-4.09,1401,1989
SZ,300795,-4.38,1401,2406
SZ,300640,1.77,1397,1969
SH,688805,-2.45,1393,6967
SZ,920790,1.23,1389,2018
SZ,300615,-6.4,1385,1747
SZ,000677,-2.43,1382,1382
SZ,300112,-5.07,1376,1667
SZ,002144,-7.23,1375,1766
SZ,002830,-9.8,1374,2751
SZ,920088,6.87,1373,3712
SH,600476,-5.22,1372,1372
SH,603400,-4.39,1369,4890
SZ,300462,-4.88,1368,1796
SH,600455,-2.48,1367,1367
SZ,300977,-4.81,1367,2195
SZ,300169,-4.02,1364,1535
SH,600692,-3.08,1362,1878
SH,688067,-2.29,1359,1359
SH,688004,-4.93,1356,1356
SZ,301097,1.23,1353,2820
SZ,300928,-4.06,1353,2019
SZ,301320,-4.43,1352,2155
SZ,300314,-0.41,1350,2704
SZ,920207,-1.15,1349,2209
SH,600818,-0.87,1347,1819
SZ,001296,-2.56,1345,2610
SZ,300828,-8.28,1345,2653
SH,603062,-6.88,1343,3912
SH,688022,-5.32,1342,1342
SH,688296,-4.28,1341,1348
SZ,300670,-7.44,1339,1889
SZ,301456,-5.59,1339,3284
SZ,300371,-3.82,1337,1922
SH,603391,2.86,1335,5341
SZ,002591,-3.39,1334,1792
SZ,920533,-7.07,1333,2384
SZ,001387,-4.89,1333,2094
SZ,002247,-4.6,1332,1761
SH,688712,-4.52,1331,14954
SH,688793,-3.42,1330,1330
SZ,003011,-7.28,1329,1776
SZ,003008,-2.39,1328,1777
SZ,000702,-2.15,1328,1726
SZ,301507,-0.32,1327,4300
SH,603248,-5.01,1327,8538
SZ,300789,-5.99,1324,2231
SH,603395,-1.3,1322,5288
SZ,920981,-5.26,1319,2623
SZ,920371,-2.86,1319,1391
SZ,002513,-6.55,1318,1713
SZ,002316,-6.07,1315,1517
SH,688565,-5.38,1313,1313
SZ,920489,-4.36,1311,2061
SH,688576,-3.97,1310,2742
SZ,001221,-2.51,1307,14524
SZ,301355,-2.7,1305,1822
SZ,301508,-3.6,1302,5003
SZ,920953,1.12,1302,2785
SZ,002883,-1.74,1294,1318
SZ,300549,-4.85,1285,1696
SZ,920857,-2.35,1285,1285
SZ,301129,-5.14,1283,2630
SH,603293,-6.23,1282,6540
SH,603207,0.99,1281,3769
SZ,301167,-3.73,1278,1354
SZ,002494,-3.89,1270,1671
SH,603004,-4.97,1269,5078
SZ,000637,-2.24,1269,1809
SZ,300155,-4.47,1265,2155
SZ,000610,-4.62,1262,1269
SZ,300621,-4,1262,1296
SZ,300838,-3.27,1260,1708
SZ,002888,-9.03,1259,2482
SZ,001319,-5.38,1259,2805
SZ,920837,-3.55,1258,1396
SZ,301601,-2.99,1258,2092
SZ,920682,-4.94,1258,2169
SZ,300937,-1.06,1254,1850
SZ,301156,-2.1,1251,1953
SH,603350,-5.11,1250,3300
SZ,301100,-2.83,1246,2825
SZ,002809,-3.81,1242,1756
SZ,301518,-5.13,1242,3381
SZ,920099,-4.3,1240,2005
SH,603344,-5.65,1235,4445
SZ,001278,-3.65,1234,1790
SZ,001326,-4.56,1233,3759
SZ,301233,-6.28,1232,2245
SZ,301009,-2.03,1231,2216
SZ,920523,-4.88,1230,1538
SZ,300865,-5.39,1228,2044
SZ,002200,-1.25,1227,2829
SZ,301288,-4.73,1225,1694
SZ,301298,-3.49,1222,1659
SZ,920119,-5.52,1220,4636
SZ,300594,-5.37,1217,1228
SZ,301126,-2.33,1210,1803
SZ,920200,-5.31,1208,2764
SH,600543,-4.56,1207,1207
SZ,002188,-3.49,1207,1534
SZ,300635,-5.82,1205,1402
SZ,300994,-0.85,1204,2405
SZ,920171,-4.29,1204,1784
SZ,300892,-3.66,1202,1862
SZ,301157,-1.08,1200,3486
SZ,001277,-2.43,1200,2002
SZ,920526,-4.21,1199,1894
SZ,301163,-3.44,1195,1782
SH,688217,-3.29,1195,1195
SZ,301131,-4.08,1194,1667
SZ,301469,-2.96,1190,2312
SZ,920225,-7.74,1183,1814
SZ,301505,-3.57,1180,1726
SZ,920425,-5.91,1177,1430
SZ,920237,-5.25,1176,1198
SZ,920807,-12.82,1175,1730
SZ,920274,-5.06,1174,1174
SZ,300823,-5.07,1173,1813
SZ,300430,-3.42,1169,1229
SZ,002514,3.94,1169,1519
SZ,003003,-2.45,1169,1753
SZ,301418,-7.28,1164,2900
SZ,920821,-10.17,1163,2210
SZ,301272,-5.15,1163,1838
SZ,300126,-4.32,1163,1678
SZ,301329,-6.93,1158,3288
SZ,300517,-8.05,1151,1828
SH,688671,-7.46,1150,1927
SZ,301584,4.19,1149,9016
SZ,301515,-1.46,1140,1738
SH,603276,-2.96,1138,3123
SZ,920039,-2.63,1134,1134
SZ,920152,-7.38,1132,1518
SZ,920033,-4.06,1131,1627
SZ,301300,-3.58,1130,1881
SZ,301633,-2.84,1130,2467
SZ,300915,-1.79,1129,2470
SZ,920642,-7.69,1126,1167
SZ,300930,-4.78,1123,2383
SZ,920367,8.83,1117,1886
SH,600365,-0.37,1115,1185
SZ,920304,-5.23,1111,1380
SH,603370,-6.45,1110,5549
SZ,300605,-5.59,1108,1448
SZ,920566,-0.79,1108,1424
SZ,301559,-5.19,1100,7332
SZ,300899,-3.97,1097,1709
SZ,920089,-3.81,1094,1921
SH,603352,-3.8,1087,5544
SZ,920012,-8.01,1083,2767
SZ,301083,-3.44,1080,2243
SZ,920284,-9.44,1079,1686
SZ,300405,-3.71,1077,1399
SZ,001373,-6.66,1075,1759
SZ,300535,-3.42,1074,1416
SZ,920252,-7.41,1073,1615
SZ,300851,-3.46,1071,1886
SZ,301113,-4.28,1071,1767
SZ,301491,-2.62,1069,4826
SZ,301359,-3.85,1063,1795
SZ,300152,-5.69,1062,1062
SZ,920001,-8.99,1058,1833
SZ,301577,-8.9,1057,2527
SZ,301632,-3.34,1056,6031
SZ,301513,-7.62,1054,5231
SZ,920046,-6.23,1050,1900
SZ,002193,-5.41,1049,1049
SZ,001336,-3.5,1045,1702
SZ,920193,4.13,1036,4578
SZ,920403,-0.18,1034,1738
SZ,001279,-4.08,1031,4125
SZ,920592,-4.87,1028,1652
SZ,920429,-4.72,1028,1128
SZ,300713,-5.92,1027,1887
SZ,301378,-5.72,1027,2160
SH,603359,-3.35,1026,1026
SZ,301006,-4.6,1024,1702
SH,688184,-7.53,1023,1633
SZ,920701,-5.29,1021,1398
SH,688816,-5.79,1019,5282
SZ,002872,-3.68,1010,1495
SZ,301446,-6.19,1006,3369
SH,603262,1.82,1006,10056
SZ,920161,-7.77,1005,3706
SZ,920062,-5.73,1004,1427
SZ,001379,-4.78,1003,2982
SZ,920100,-5.81,1001,3776
SZ,001312,-3.09,1001,4086
SZ,301539,-5.19,1000,1971
SZ,920932,-7.07,996,1203
SZ,300886,-5.38,995,1582
SZ,920985,-4.23,991,1399
SZ,300338,-2.4,990,1139
SZ,920792,-1.11,990,1612
SZ,920167,-8.29,990,1666
SZ,300958,-1.53,988,1701
SZ,300949,-4.16,982,1718
SZ,920357,-9.17,978,1617
SZ,920943,19.03,976,1912
SH,688651,-7.55,975,2267
SZ,301512,-6.97,975,2096
SZ,920184,-4.04,975,1437
SZ,301616,-5.35,973,2741
SH,603334,-4.85,973,4387
SZ,920028,-5.14,969,2452
SZ,920169,-7.8,960,1526
SH,603190,-3.57,953,2888
SH,603729,-5.66,951,951
SZ,920124,-4.45,951,1847
SZ,920396,-6.62,946,1332
SZ,920223,-7.28,946,1821
SZ,920924,-4.99,945,1550
SH,688695,-4.37,945,1505
SZ,920078,-9.74,942,2898
SZ,301499,-4.51,942,3766
SH,603409,-3.26,940,3275
SZ,920270,-7.91,936,1204
SZ,001382,-2.83,925,6052
SZ,920726,-3.09,925,1677
SZ,920220,-7.09,923,2946
SH,603406,-2.55,921,10052
SZ,001231,-3.94,920,1799
SZ,920156,-7.4,917,4396
SZ,920098,-5.58,916,1346
SZ,920415,-6.1,915,1187
SH,603075,-1.94,913,8911
SZ,920505,-9.06,910,1636
SZ,002719,-3.94,906,975
SZ,301173,-3.03,905,2579
SZ,920020,-1.51,902,3651
SZ,920419,-3.61,901,963
SZ,920436,-4.52,899,956
SZ,920275,-4.64,893,1079
SZ,301192,-2.63,888,1826
SZ,300804,-0.52,878,2361
SZ,301386,-3.87,870,2706
SH,603205,-2.15,860,3245
SZ,301399,-5.16,852,2883
SZ,920496,-5.49,847,967
SZ,920266,10.19,846,885
SZ,920199,-5.9,846,1519
SZ,301503,-2.72,844,2078
SZ,920227,-5.34,840,1847
SZ,920122,-8.25,839,2070
SZ,920541,-6.05,838,1271
SZ,301459,-5.33,837,3339
SZ,301598,-4.41,836,2805
SZ,920195,-3.27,835,1157
SZ,920181,-5.92,829,3576
SZ,920873,-4.98,821,1051
SZ,300904,-3.73,819,2718
SZ,001335,-2.1,819,3006
SZ,300417,-4.85,818,1317
SZ,920221,-4.43,812,1559
SZ,920670,-7.12,807,1286
SZ,920694,-4.22,807,1705
SZ,301170,-2.97,803,2113
SZ,920690,-5.1,802,1233
SH,688573,-6.55,796,1461
SZ,920478,4.86,795,1308
SZ,920433,4.45,794,1200
SZ,001225,-6.49,790,2462
SZ,001306,-6.92,789,3200
SZ,920748,-6.38,788,1641
SZ,920770,-4.84,787,1251
SZ,920211,-2.18,786,4694
SZ,920926,-4.4,782,862
SZ,920663,-5.22,777,1620
SZ,920018,-4.46,774,2228
SZ,920027,-3.16,771,1102
SZ,301037,-2.5,767,1568
SZ,920083,1.25,763,3392
SZ,920378,-2.55,763,1065
SZ,920833,-4.02,763,1009
SZ,301049,-2.03,762,1678
SZ,920519,-5.51,761,856
SZ,920870,-5.49,760,1544
SH,603376,-2.94,757,9460
SZ,920556,-4.99,756,1042
SH,688638,-4,754,1597
SZ,920974,-3.29,753,960
SH,603073,-2.82,753,1716
SZ,001396,-6.62,749,3522
SZ,920832,-2.57,748,838
SZ,920855,-6.62,746,832
SZ,301668,-1.53,745,3368
SZ,920689,-6.03,738,1428
SH,603273,-3.31,734,2805
SZ,920260,-3.25,734,768
SZ,920651,-5.66,731,1075
SZ,920130,-4.84,731,1176
SZ,920363,-6.42,728,1281
SZ,920092,-7.35,725,1392
SZ,920720,-3.73,725,2593
SZ,301314,-5.55,723,2188
SZ,920564,-7.54,723,1572
SZ,920768,-5.2,723,1046
SZ,920395,-5.43,710,1035
SZ,920703,-4.68,698,1379
SZ,920639,-3.92,696,1181
SZ,920942,-5.34,696,1028
SZ,920081,-13.52,695,2952
SZ,301449,-4.98,693,3078
SZ,301567,-5.91,692,2347
SZ,920263,-6.53,689,949
SZ,301429,-2.99,683,1835
SZ,920299,-6.06,682,1353
SZ,920706,-5.82,678,1345
SZ,920175,-6.85,678,1017
SZ,920547,-1.87,670,1379
SZ,920976,-5.42,668,1075
SZ,920242,-5.39,665,1188
SZ,301552,-3.94,662,2648
SZ,920245,-5.6,662,859
SZ,001325,-4.14,661,2644
SH,603284,-3.45,660,2696
SZ,301353,-2.93,659,2051
SZ,301533,-4.13,659,2279
SZ,920527,-11.07,658,848
SZ,920187,-4.01,657,1792
SZ,920445,-3.56,656,922
SZ,920000,-2.31,655,1043
SZ,300784,-3.06,652,2182
SZ,920163,5.39,652,1383
SZ,920578,-7.38,649,1399
SZ,920579,-6.12,649,1884
SZ,920346,-4.83,649,1173
SZ,920575,-6,646,966
SZ,920008,-3.99,646,1208
SZ,920370,-5.01,645,739
SZ,920375,-1.38,644,1078
SZ,920964,-5.02,641,1134
SZ,920719,-2.7,641,802
SZ,920096,-6.37,640,2726
SZ,920061,-10.48,635,1141
SZ,920101,-4.23,634,2031
SZ,920475,-4.33,632,1137
SZ,920300,-4.13,631,815
SZ,920627,-7.28,631,1273
SZ,920108,-4.74,630,1486
SZ,301575,-4.36,630,3134
SZ,920634,-6.7,620,978
SZ,001220,-2.73,619,2527
SZ,920781,-5.86,617,793
SZ,920876,-6.53,611,999
SZ,920204,-3.85,610,1151
SZ,920123,-5.07,606,1063
SZ,920608,-4.24,597,771
SZ,301578,-4.38,597,2100
SZ,920422,-2.7,593,793
SZ,002731,-10.13,590,658
SZ,920685,-3.43,590,925
SZ,920662,-4.86,585,1897
SZ,920570,-5.87,583,1147
SZ,920471,-5.92,581,911
SZ,920553,-3.64,577,911
SZ,920469,-5.66,568,774
SZ,920665,-5.76,565,1147
SZ,920675,-6.66,564,1229
SZ,920992,-4.98,560,1106
SZ,920086,-5.85,559,1748
SH,688121,-12.45,555,640
SZ,920014,-5.92,553,1005
SZ,920058,-6.94,550,1118
SZ,920765,-3.42,550,905
SZ,920206,-3.06,550,2759
SZ,920455,-5.52,549,1001
SZ,920146,-1.93,548,682
SZ,920906,-5.03,547,1066
SZ,920641,-6.21,547,906
SZ,920580,-6.56,545,856
SZ,920005,-3.48,542,2092
SZ,920679,-5.33,541,813
SZ,920057,-3.54,538,837
SZ,301287,-2.98,536,2099
SZ,920118,-2.95,533,880
SZ,920271,-3.97,530,1198
SZ,920896,-5.1,520,1184
SZ,920090,1.75,518,694
SZ,920834,-6.76,510,974
SZ,920075,-5.16,505,939
SZ,920069,-1.98,503,1802
SZ,920056,-4.74,501,1327
SZ,920080,-4.91,497,1796
SZ,920810,-2.44,496,762
SZ,920230,-2.43,491,1045
SZ,920729,-2.49,484,1706
SZ,920871,-4.9,483,871
SZ,920198,-7.8,483,1105
SZ,920374,-8.28,483,1183
SZ,920392,-3.25,481,1024
SZ,920160,-4.32,479,2127
SZ,920030,-4.92,477,758
SZ,920753,-5.57,476,1184
SZ,920826,-3.44,472,1061
SZ,920136,-12.76,468,1782
SZ,920145,-7.98,467,674
SZ,920149,-5.63,466,563
SZ,920076,-2.64,461,1465
SZ,920212,-5.5,460,946
SZ,920050,-3.89,459,1717
SZ,920262,-4.88,457,984
SZ,920166,-5.72,453,1437
SZ,920126,-3.06,452,1881
SZ,920856,-4.83,448,804
SZ,920035,-5.47,448,1977
SZ,920407,-5.7,447,1099
SZ,920023,-1.79,441,537
SZ,920427,-9.93,438,888
SZ,920128,-5.84,438,1463
SZ,920656,-1.95,438,1352
SZ,920082,-6.25,437,1555
SZ,920177,-4.45,437,1234
SZ,920414,-5.94,435,618
SZ,920158,-4.92,433,1617
SZ,920950,-4.34,432,886
SZ,920188,-3.16,430,1803
SZ,920267,-13.28,427,747
SZ,920351,-4.62,427,944
SZ,920278,-2.37,425,1002
SZ,920508,-5.97,421,792
SZ,920168,-4.18,419,1118
SZ,920016,-3.73,415,932
SZ,920779,-6.29,411,1644
SZ,920180,-6.22,408,1351
SZ,920970,-5.71,404,639
SZ,920802,-1.6,398,902
SZ,920036,-7.06,395,1645
SZ,920110,-4.8,386,927
SZ,920159,-3.87,375,1978
SZ,920007,-2.13,370,1549
SZ,920072,-9.51,356,1885
SZ,920011,-5.49,355,1578
SZ,920218,-0.05,353,1569
SZ,920957,-7.16,348,876
SZ,920191,-3.94,339,1508
SZ,920895,-4.84,327,643
SZ,920003,-4.59,323,1504
SZ,920121,-4.26,323,1794
SZ,920066,-6.09,321,1015
SZ,920022,-4.21,321,1164
SZ,920183,-5.77,310,1348
SZ,920132,-3.18,288,848
SZ,920504,-2.48,281,712
SZ,920717,-6.29,277,717
SZ,920222,-7.07,276,2044
SZ,920931,-4.88,263,859
SZ,301139,-7.05,231,368
SH,688496,-3.25,212,401
SZ,000004,10.87,64,68
SZ,920305,28.57,58,95
SZ,002808,4.76,41,59
SZ,002898,8.57,38,67
