market,code,chg_pct,vol_rank,amt_rank
SH,601288,1.01,2234709,2449881
SH,601398,1.64,2178467,2879763
SH,601857,2.02,1798954,2033363
SZ,300750,0.92,1706162,1852975
SH,600519,2.36,1690335,1690335
SH,601988,0.83,1277239,1952607
SH,601138,-6.5,1071383,1071383
SZ,300308,-11.14,937888,988414
SH,600036,0.83,824951,1008542
SH,601628,0.08,820655,1113912
SH,601088,1.24,751826,988821
SH,600900,1.56,718876,718876
SH,688256,-5.96,677576,677576
SH,601899,1.4,671618,866857
SH,688041,-4.2,632290,632290
SZ,000333,0.47,601649,666684
SH,601318,1.33,586517,996282
SH,600028,1.55,497450,634859
SZ,002371,-3.15,496011,496408
SH,601728,1.6,492172,580155
SZ,300502,-12.93,459944,511288
SZ,002475,-6.97,424854,448066
SH,601166,1.56,399555,399555
SH,601658,1.37,376419,623293
SH,600030,-0.48,345327,420311
SH,600276,-0.27,342808,356683
SZ,002594,0.95,333843,872972
SH,603993,-0.62,331058,405636
SH,688012,-2.79,329694,335168
SZ,002415,-0.8,320684,324895
SH,601998,0.9,318767,435145
SH,600000,1.4,313408,313408
SZ,000858,4.58,305126,305133
SH,603259,-2.48,305079,368046
SZ,300059,0.65,267467,316919
SH,601319,1.21,266588,332122
SH,600150,-0.8,259258,259258
SH,601211,-0.1,255227,333363
SH,688981,-4.81,249125,1066591
SH,600183,-6.54,243804,245548
SH,601225,1.18,241696,241696
SH,603986,-3.13,235704,247428
SZ,000651,0.55,231262,234587
SH,688825,-3.35,230421,3422295
SH,688008,-3.25,229789,244999
SZ,002384,-9.99,224307,296354
SH,601601,2.51,224038,314874
SZ,000001,1.33,221806,221810
SH,603288,2.92,215418,226700
SH,600919,0.77,214894,214894
SZ,002142,1.22,213228,213362
SH,601919,0.32,195882,238183
SH,601668,0.86,193379,193379
SH,688072,-2.55,193057,198510
SZ,300760,2.83,192940,193106
SZ,002916,-8.17,192901,197647
SZ,300408,-5.44,192515,204670
SH,600406,-0.16,191315,191879
SH,600025,0.9,187988,187988
SZ,002463,-7.21,187762,187914
SH,601328,1.55,187722,636219
SZ,002938,-8.74,178188,178705
SZ,300394,-10.31,177734,178132
SH,600989,1.85,173727,173727
SH,600887,0.81,173272,174137
SH,601985,0.78,170516,185729
SZ,002352,0.89,168209,184549
SH,601066,-0.07,167913,200511
SZ,300274,-2.2,165420,216029
SH,600809,4.77,163878,163878
SZ,300476,-6.86,162440,184518
SZ,003816,0.98,162061,208055
SZ,300433,-5.11,157440,167231
SH,601766,1.3,152049,179368
SZ,300124,2.29,151898,170633
SH,600176,-1.81,149689,150878
SH,601818,1.61,146646,186710
SZ,000792,0.29,146575,146577
SH,601688,-1.08,145697,179996
SH,601009,1.66,144036,144036
SH,600111,-0.98,140843,140843
SH,600050,0.68,137907,139127
SH,601100,-1.12,136455,136455
SH,601872,3.07,135572,135572
SZ,000063,-1.28,135489,160918
SH,601229,1.39,135128,135128
SZ,000568,3.39,134190,134267
SH,600019,1.64,132982,135267
SH,688506,-0.29,132636,132636
SH,688498,-12.54,131973,133700
SZ,002050,-0.99,131623,150058
SH,601336,0.08,131445,196625
SZ,002714,2.6,130859,230285
SH,600999,-1.06,129811,152102
SH,601898,2.17,129501,187610
SH,600016,1.69,128373,158492
SH,601600,1.89,128072,166403
SZ,000338,-5.41,127924,223004
SH,688082,-3.61,127780,129167
SZ,300604,-4.34,126881,164454
SZ,000776,-0.96,126760,167999
SH,600104,2.23,126563,126563
SZ,000408,0.89,125998,126000
SH,600188,3.9,123877,208566
SH,600018,0.97,121348,121521
SH,603019,-4.5,121038,121044
SH,600926,1.48,119174,119174
SH,688361,-6.25,119039,119039
SZ,002281,-9.93,118897,126197
SH,600346,1.38,118890,118890
SH,600660,0.12,118517,154419
SH,688111,3.64,118096,118096
SH,600487,-4.29,116818,117425
SZ,002493,2.71,116632,124768
SH,601888,2.96,115352,122756
SZ,301165,-1.99,114593,114593
SZ,300014,1.92,114581,117880
SH,600886,1.05,114571,123029
SH,603256,-8.31,112165,115335
SH,600905,0.52,110920,110920
SH,601169,0.78,109098,109098
SH,601869,-5.35,108330,220720
SH,600160,2.2,107909,107909
SH,600489,2.39,107901,107901
SH,603501,-3.19,107112,111616
SH,600015,2.36,106633,110290
SZ,000166,0,105241,116937
SH,601698,-1.14,105103,105103
SH,601633,1.38,104810,144125
SH,600089,0,104340,104340
SZ,000977,-5.81,103529,103645
SH,601939,1.51,103516,2822668
SH,601995,-0.3,102353,169002
SH,600547,3.59,102325,130507
SH,688525,-0.16,99750,99750
SH,601006,1.42,99314,99314
SH,601012,2.11,99121,99121
SZ,002736,0.39,98527,104978
SH,688347,-10.62,98459,419609
SH,605499,2.03,98333,106797
SZ,300033,0.1,98300,168757
SZ,002028,-3.87,97259,124609
SH,600938,2.86,96816,1539020
SH,601127,6.72,96391,107829
SZ,000938,-9.98,96098,96099
SH,688271,2.01,95825,95825
SH,600522,-4.42,95699,95699
SZ,000100,-3.64,95562,98804
SZ,300442,-4.14,95228,95509
SH,601390,1.09,94506,114071
SZ,000988,-6.61,94087,94135
SH,688521,-7.21,93692,93692
SZ,000807,3.29,93669,93670
SZ,000538,1.66,93522,94120
SZ,300857,-7.06,92747,93224
SZ,002001,0.66,92624,93739
SZ,000895,2.49,92564,92576
SZ,301200,-6.96,91214,104892
SZ,301308,-1.82,91207,136903
SH,601881,-0.15,90977,137336
SZ,000617,1.99,90897,90897
SH,601168,1.68,89434,89434
SH,600795,0.8,89356,89356
SH,600362,-0.22,88717,148032
SH,600941,0.82,88562,2127171
SZ,002230,0.72,88387,96948
SZ,002600,-0.15,87911,99148
SZ,002353,-9.58,87278,129313
SH,600236,1.01,86943,86943
SZ,300498,2.07,84907,95018
SZ,002156,-9.93,84871,84879
SZ,002648,0.44,84667,84721
SH,600436,2.54,84374,84374
SH,601868,0.39,83342,113697
SZ,001289,0.55,82486,136767
SZ,002311,2.16,81412,81490
SH,600673,-3.67,81012,81228
SZ,002027,2.38,80876,80876
SZ,000425,-0.66,80465,104698
SZ,002008,-7.62,80423,86548
SH,600674,0.99,79797,79797
SH,601825,1.8,79589,81881
SZ,000301,0.58,79565,79599
SH,601838,1.35,79386,79386
SH,600011,0.14,79293,113183
SH,600039,1.47,77912,77912
SH,601689,-2.23,77438,77438
SH,603893,-9.99,77284,77294
SH,603195,2.37,76075,76214
SH,603799,-0.59,75618,75855
SZ,000708,1.29,75404,75405
SH,688036,-0.68,75103,75103
SH,601991,-3.07,74129,110670
SH,688249,-6.97,74120,82101
SH,601800,1.28,73971,102309
SH,600585,1.09,73742,97837
SH,601186,0.63,73276,86502
SH,600066,1.85,72949,72949
SZ,002241,-2.1,72949,82377
SZ,001965,1.04,72504,72504
SZ,300015,2.71,72490,84719
SZ,000657,-5.53,72102,113087
SH,688396,-3.47,71856,71856
SH,601111,0.82,71807,126439
SH,688183,-7.75,71782,71782
SZ,002080,-2.67,71236,71236
SH,600549,-3.56,70984,72521
SH,600415,1.42,70354,70354
SH,600029,0.39,70080,94229
SH,688200,-3.47,69850,69850
SH,600010,0.91,69526,100402
SZ,002179,-1.56,69476,69602
SH,603228,-6.71,68987,69298
SH,600958,-0.21,68794,78254
SH,600023,-0.38,68653,68653
SZ,000630,-0.32,68307,82200
SH,601179,-2.84,68072,68072
SZ,002466,-0.84,67426,78277
SH,601018,0.58,67312,67312
SZ,002625,0.22,67201,67202
SH,601958,-1.65,67017,67017
SZ,301217,-7.07,66984,66984
SH,688126,-3.89,66477,77304
SH,600026,6.7,65841,94105
SH,688702,-8.13,65526,132348
SH,601916,1.69,64633,82394
SZ,000625,3.86,64567,77420
SZ,002304,5.38,64278,64280
SH,600048,2.29,64162,64162
SZ,001979,0.98,64039,65096
SH,600233,2.35,64029,64029
SH,600988,1.51,63944,73033
SH,688002,-6.96,63900,63900
SH,601669,0.41,63266,83375
SH,600115,0.54,62822,81504
SH,603296,-5.96,62818,119264
SH,688777,-0.73,62433,62749
SH,601360,0.91,62086,62086
SZ,300475,-5.25,62037,64726
SH,600482,-4.37,61878,61878
SZ,002202,1.05,61451,77169
SZ,300757,-8.1,61166,63063
SH,688037,-9.77,60980,60980
SH,600426,2.64,60931,60939
SZ,002128,1.42,60836,84853
SZ,002460,0.2,60585,104877
SH,600703,-2.28,59719,59719
SZ,000933,3.18,59718,59756
SZ,001309,1.9,59630,81966
SH,601077,2.13,59393,76319
SZ,000975,4.63,59271,65127
SZ,000768,0.24,58388,58476
SH,601901,0.14,58366,58366
SH,600221,0.74,58270,58773
SZ,000021,-7.94,58181,58189
SH,688172,-8.2,57936,68997
SH,688629,-6.65,57855,58766
SH,601061,0.77,57722,57722
SH,601788,0.48,57624,68009
SZ,000426,0.15,57517,57531
SZ,002595,0.3,57046,57443
SZ,002064,1.52,56403,56523
SH,600875,-2.3,56358,86113
SH,600803,2.3,56120,56560
SZ,300661,-8.8,55275,62968
SZ,002532,3.14,55237,62257
SH,600096,1.27,55182,55182
SZ,002709,-1.1,54898,74163
SH,600372,0.27,54534,54534
SH,688585,6.19,54494,54494
SZ,002049,-0.34,54491,54498
SZ,002422,-2.8,54321,66542
SH,601877,1.53,54197,54197
SH,600350,-1.31,54196,54196
SH,688019,-6.96,53929,53929
SZ,000157,0.13,53871,65902
SZ,002837,-9.29,53719,60557
SH,600438,3.12,53574,53574
SH,600219,1.31,53399,53399
SH,600418,10.01,53268,54979
SH,601059,-0.29,53153,53153
SH,601233,0.31,53098,53194
SH,600741,1.51,53029,53029
SH,601231,-5.89,52987,52987
SH,601377,0,52593,52593
SZ,002920,2.4,52449,52466
SH,688578,-1.69,52331,52331
SZ,300450,0.15,52178,56019
SH,603659,-0.52,52125,52125
SH,688409,-4.47,51667,51667
SZ,000963,0.75,51661,51683
SH,600885,-2.05,51504,51504
SZ,000960,-2.27,51453,51453
SZ,300223,-2.59,51160,58678
SZ,300765,-4.41,51015,51015
SZ,300285,0.95,50947,59504
SZ,001872,1.34,50511,54458
SZ,000831,-1.24,50334,50334
SZ,300054,-3.48,49919,64030
SZ,002074,1.56,49896,52137
SZ,301358,0.37,49559,54967
SH,600196,0.43,48937,61687
SH,601298,0.33,48529,58420
SH,688766,-3.64,48497,48497
SH,688017,-6.89,48417,48417
SZ,300803,-0.61,48385,48741
SH,601618,0.37,48381,56074
SZ,300620,-8.08,48254,48660
SZ,300136,-5.82,47878,56138
SZ,301269,-3.12,47764,47764
SH,688519,-4.79,47749,47749
SZ,000783,-0.34,47393,47393
SH,600879,-2.37,47378,47378
SH,601117,0.39,47365,47501
SH,600460,-5.17,47176,47176
SH,688141,-7.8,47176,47176
SH,601058,3.39,47086,47086
SH,600105,4.72,47018,47018
SH,603129,0.52,46749,46749
SH,603156,-0.71,46731,46731
SZ,002821,-5.01,46678,53118
SZ,300316,-1.66,46540,49487
SZ,002484,-7.74,46472,48174
SH,601607,0.36,46468,61781
SH,601699,0.06,46247,46247
SH,601021,2,45991,45991
SZ,002851,-7.26,45982,58298
SH,603979,0.14,45892,45892
SH,688009,0.38,45864,56338
SZ,002414,-3.01,45847,57612
SH,688110,-4.55,45392,45392
SH,600930,-0.23,45336,176034
SH,600580,-2.05,45202,45333
SZ,300666,-7.01,45161,56364
SZ,300373,-4.9,45160,45261
SH,600497,-1.86,44910,44910
SH,688469,-0.77,44904,64128
SH,688223,2.11,44775,44775
SZ,002812,0.9,44289,52834
SH,601198,-0.43,44188,44188
SH,600027,0.63,44051,55504
SZ,300418,1.09,43757,47842
SH,600378,-5.48,43750,52619
SZ,301526,2.88,43634,117161
SH,600352,-1.24,43530,43530
SZ,300979,3.27,43505,43506
SH,601878,0.64,43451,43451
SH,688375,-1.28,43449,43449
SZ,000893,4.17,43407,49409
SZ,000066,-3.23,43351,43355
SZ,000999,1.53,42997,43037
SZ,300058,3.48,42396,43765
SH,600570,1.78,42153,42153
SZ,300567,-6.72,42143,51924
SH,600726,-4.74,42011,44439
SH,600642,-1.26,41744,41746
SH,600061,0.77,41690,41690
SH,600498,-5.31,41607,44439
SZ,002428,-5.05,41527,41532
SH,688047,-1.28,41435,41435
SH,688188,-0.04,41395,41395
SH,688630,-10.82,41104,45711
SH,688729,-5.44,40961,69249
SH,600985,-0.9,40938,40938
SZ,002078,1.38,40883,41136
SH,600600,3.56,40803,78496
SH,600021,-1.16,40607,40607
SH,688187,-0.69,40543,62091
SH,601238,2.05,40463,55880
SH,688331,-4.03,40394,64068
SZ,002945,3.55,40176,40176
SH,688146,-8.02,40157,146647
SZ,300972,4.72,40116,43664
SH,601555,0,40097,40097
SH,688147,-9.82,40046,40046
SH,600968,1.03,39746,39746
SH,601136,0.97,39688,39688
SH,600578,-0.66,39565,39565
SH,688220,-11.72,39488,39488
SH,688432,-12.52,39447,39447
SZ,000596,5.81,39303,50846
SH,603260,0.61,39273,39273
SH,601456,0.22,39262,50955
SH,688313,-9.82,39124,39124
SH,688303,3.34,39107,39107
SZ,000987,0.39,39054,39083
SH,688048,-11.89,38998,38998
SH,688627,-5.91,38992,38992
SH,688728,-5.66,38930,38957
SH,601665,0.8,38892,38892
SZ,002236,-1.15,38808,53060
SH,688099,-5.22,38793,38793
SZ,300548,-9.26,38706,38785
SH,688472,5.78,38690,38690
SH,603392,3.23,38438,38438
SH,600143,0.07,38363,38923
SH,601777,4.98,38158,38158
SH,600909,-1.67,38134,38134
SH,600845,1.02,38114,51042
SH,601108,-0.11,38032,38032
SZ,002195,1.2,38019,38362
SZ,300919,1.22,37878,43251
SH,600601,-5.62,37741,38677
SH,600901,-0.14,37638,37647
SH,603806,1.05,37592,37592
SH,601808,2.92,37539,60504
SH,600733,7.67,37358,39349
SZ,300866,1.06,37288,71084
SZ,000983,0.92,37242,37242
SZ,002636,-6,37143,37332
SZ,002966,1.32,37142,37777
SZ,002294,0.7,37126,37135
SH,688234,-4.47,37101,41842
SZ,300115,1.83,37096,37206
SZ,300390,-3.08,37069,45808
SZ,300395,-4.38,37047,38000
SZ,002203,-6.13,36876,38204
SH,603379,1.32,36592,36592
SH,603298,-0.2,36570,36570
SH,600085,1.85,36152,36152
SH,601212,-0.4,36135,36135
SH,688336,-2.56,36064,36064
SH,605376,-4.96,35941,35941
SH,603083,-9.99,35862,47920
SH,600060,-0.42,35846,35978
SZ,002155,0.53,35828,35832
SZ,000559,0,35696,35706
SH,603369,3.48,35634,35634
SH,600177,-0.24,35397,36340
SH,600392,-2.08,35267,35267
SH,600141,0.62,35235,35235
SZ,002032,2.83,35137,35153
SZ,002129,0.81,35106,35135
SH,600256,0.55,35092,35092
SZ,000423,1.95,35033,35095
SZ,002850,-4.12,35024,47832
SH,600588,4.83,34853,34853
SH,688295,-0.04,34812,34812
SZ,300001,-1.28,34782,35596
SZ,302132,1.47,34748,158428
SH,603268,-0.15,34696,144403
SH,600157,-0.62,34690,34690
SZ,000786,0.74,34652,34913
SZ,002444,0.4,34436,35870
SZ,001203,-1.48,34425,40412
SH,601208,-7.09,34346,34346
SZ,002407,-0.58,34305,37856
SZ,002738,-0.98,34295,34790
SH,688122,1.33,34276,34276
SZ,002252,0.97,34259,34282
SH,603606,1,34131,34131
SZ,002340,0,33958,34135
SZ,002273,-5.38,33957,34668
SH,603650,-6.85,33821,33902
SZ,301377,-5.42,33776,144875
SH,601598,2.19,33730,46916
SZ,300832,3.08,33651,38705
SH,688775,-2.71,33634,52002
SH,603699,2.52,33593,34353
SZ,300037,-0.91,33436,46100
SZ,000688,-2.62,33383,33383
SZ,002056,-1.71,33346,33380
SH,600667,-8.67,33235,33235
SH,601236,0.85,33228,33228
SZ,002653,-3.46,33120,69099
SZ,000811,-9.11,33060,33536
SH,688266,-4.91,33038,33038
SH,603629,-5.63,32999,33548
SZ,000002,3.35,32940,40445
SZ,002601,-0.65,32915,39483
SH,603225,-0.04,32720,32896
SZ,002429,-3.07,32711,32730
SZ,300207,-0.51,32582,35120
SZ,000661,0.21,32497,33173
SZ,000729,1.25,32449,36444
SH,601696,-0.16,32447,32447
SH,600711,-3.06,32173,32173
SH,600109,0.23,32163,32163
SH,688599,1.55,32140,32140
SZ,002517,1.8,32096,36298
SZ,300346,-5.14,31927,33639
SZ,000728,0.27,31899,31899
SH,601162,0.27,31898,37374
SZ,300251,0.09,31806,33619
SH,603568,0.26,31731,31731
SZ,000800,1.1,31690,31693
SH,601611,-0.18,31645,31645
SZ,000876,1.74,31590,31609
SH,688617,1.45,31371,31371
SH,603929,-8.83,31362,31362
SH,600839,0,31336,31344
SH,601126,-6.29,31312,31616
SZ,003031,-6.65,31291,41492
SH,600348,0.35,31277,31277
SH,600282,0.2,31257,31257
SH,600332,0.86,31169,36044
SZ,000878,0.13,31156,37712
SH,603198,6.11,31112,31112
SZ,002138,-5.53,30835,32866
SZ,002555,0.99,30747,42851
SH,603338,0.26,30705,30705
SH,600562,-0.51,30686,30686
SZ,000883,0.21,30648,33486
SH,600483,-0.62,30609,30609
SH,600206,-9.3,30603,30603
SZ,300454,2.93,30597,45849
SZ,000027,0,30590,30590
SH,688027,-1.59,30447,38965
SH,600801,0.35,30430,47152
SH,688536,-6.9,30305,30847
SH,603766,1.24,30167,30167
SH,688808,-12.75,30102,160160
SZ,002673,0.45,30036,30036
SH,688213,-3.11,30031,37346
SH,688433,-4.61,30017,30017
SH,688235,-2.93,29995,401848
SZ,002126,-5,29993,31942
SH,600398,1.3,29969,29969
SH,688676,-4.41,29900,29900
SZ,002939,0.36,29866,33445
SH,600563,-2.18,29864,29864
SZ,002432,-4.63,29642,29682
SH,601933,4.42,29542,29542
SZ,300782,-3.43,29436,37759
SZ,000959,0.77,29434,30632
SH,688169,1.91,29367,29367
SZ,002261,-2.47,29352,32268
SZ,000958,0.18,29286,99642
SH,600517,1.19,29221,29221
SZ,300017,-0.79,29128,31046
SH,601990,0.29,29030,30181
SH,688608,-4.03,28900,28900
SZ,300751,-7.72,28802,41654
SZ,300347,-0.6,28590,43456
SH,601000,1.05,28563,28563
SZ,000629,-0.31,28522,28523
SH,605589,-4.39,28491,28506
SH,600707,-4.33,28450,28456
SH,600699,-0.09,28318,31465
SH,605358,-6.94,28317,28317
SH,603308,-5.37,28208,28208
SH,603939,1.76,28006,28006
SZ,301236,0.28,27885,36739
SZ,300748,0.61,27855,33908
SZ,000060,-0.47,27801,27802
SH,600079,0.56,27793,29396
SH,603444,2.42,27775,27775
SZ,300458,-14.23,27748,33863
SH,601001,0.86,27633,27633
SH,601880,0.67,27620,35358
SZ,002608,0.14,27618,27618
SH,600369,-0.23,27577,27577
SZ,300628,-0.77,27561,48105
SZ,000951,1.25,27495,27495
SH,601799,2.02,27477,27477
SZ,002797,0,27442,27442
SH,600637,1.63,27299,27299
SH,603345,3.97,27218,30929
SZ,000932,1.28,27205,27205
SH,688180,-1.63,27169,36396
SH,600428,1.65,27143,30458
SH,600536,0.94,27140,30040
SH,688297,0.78,27128,27128
SZ,000877,1.87,27091,27091
SH,600515,2.43,27069,33705
SH,600595,3.53,27053,27053
SH,600737,0.81,26693,26693
SZ,000582,0.41,26680,31136
SH,688065,-0.03,26678,32985
SZ,300870,-6.88,26665,26668
SH,688362,-8.76,26593,26593
SH,600153,2.12,26589,26589
SZ,002244,2.01,26583,29994
SZ,300432,-0.18,26510,26809
SH,688052,-6.45,26501,30214
SH,600732,4.07,26400,26525
SZ,002223,1.01,26375,28059
SH,601155,1.65,26368,26368
SH,600777,0.98,26356,28154
SZ,002472,-2.92,26306,29869
SH,603179,-2.79,26261,26261
SZ,002025,-5.31,26247,26256
SH,600862,1.24,26231,26231
SH,601918,2.95,26216,26216
SH,688300,-6.53,26151,26151
SZ,002378,-1.79,26030,26167
SH,688322,-6,26002,33518
SZ,300672,-6.47,25970,26806
SH,603127,-5.86,25962,30993
SH,600299,0.96,25839,25839
SZ,002240,-2.78,25808,25875
SH,600998,-0.38,25717,25717
SH,688301,-4.86,25709,25709
SH,601606,6.42,25688,25688
SH,601615,0.71,25668,25668
SH,688411,1.31,25653,35305
SH,600918,0.54,25643,44501
SZ,002487,0.47,25609,30040
SH,688025,-9.82,25592,25592
SH,603049,1.78,25436,44048
SH,600663,7.04,25435,40583
SH,600331,-0.47,25420,33046
SH,600323,-0.12,25406,25406
SZ,002131,5.87,25351,29322
SH,600161,1.99,25330,25330
SZ,002859,-0.8,25318,26815
SH,688385,-2.81,25249,38558
SH,688668,-8.09,25240,25240
SH,600295,1.75,25228,35740
SZ,000737,-0.29,25178,25180
SH,603605,3.73,25109,25109
SH,600166,0,25098,25098
SZ,003022,-0.83,25074,25095
SH,601928,0.92,25042,25042
SH,600583,1.8,24981,24981
SH,600546,0.88,24979,24979
SZ,002459,2.17,24966,24988
SH,601717,1.7,24952,28888
SH,600095,-0.67,24904,24904
SZ,002379,6.19,24762,283948
SZ,000921,1.09,24738,37087
SH,600521,1.41,24705,24705
SZ,300438,-1.79,24646,30694
SZ,000981,0.78,24640,25893
SH,689009,4.11,24614,32215
SZ,301511,-6.7,24576,41349
SH,600566,-0.62,24573,24656
SZ,002245,-4.79,24549,26093
SZ,000830,0.16,24488,24490
SH,603160,-0.16,24464,24464
SZ,002465,-0.69,24432,24471
SH,688318,0.07,24286,24286
SZ,000738,0.16,24278,24278
SZ,000967,-3.72,24276,24287
SH,600208,-0.34,24248,24250
SZ,920185,1.66,23956,24357
SZ,000415,0.23,23945,27459
SH,601866,0.82,23888,32364
SH,688387,-3.1,23858,40444
SH,688192,-3.03,23849,24054
SH,688248,-2.39,23836,23836
SH,600486,4.88,23786,23786
SZ,300383,0,23775,23818
SH,601399,-0.59,23733,23733
SH,688278,0.78,23732,23732
SH,603885,-0.17,23707,23707
SH,600884,-1.37,23655,28946
SH,601099,0.58,23584,23584
SH,601567,4.03,23565,23565
SZ,000155,0.79,23502,23502
SZ,002498,-1.8,23487,23487
SH,603596,2.99,23482,23482
SH,688778,0.41,23478,23478
SH,600641,-8.48,23461,23870
SZ,002456,0.28,23456,24716
SH,600100,0,23385,23385
SH,601128,1.26,23385,23385
SH,603301,0.53,23369,23369
SH,688127,-3.56,23363,23363
SH,600259,-2.56,23315,23315
SH,601228,0.32,23313,23313
SZ,300558,-4.25,23297,23372
SH,688475,-0.46,23294,23294
SZ,000400,1.68,23279,23438
SH,601963,1.06,23229,41406
SZ,000739,-2.94,23217,23227
SZ,002271,1.43,23012,28712
SH,600396,-3.33,23004,23004
SH,600873,-0.23,22995,22995
SH,603920,-2.44,22987,22987
SH,600388,1.69,22975,22975
SH,600132,2.97,22974,22974
SZ,300236,-4.9,22958,25829
SH,688425,0.47,22881,22881
SZ,300896,7.2,22872,33851
SZ,002046,-4.98,22819,23078
SZ,002157,1.03,22818,27103
SZ,002603,-1.13,22754,27617
SZ,002430,-0.59,22698,22708
SZ,300255,-1.39,22583,22618
SH,600098,0.78,22578,22578
SZ,002015,-1.9,22564,22564
SZ,002841,-3.31,22491,30163
SH,600390,0.6,22490,22490
SH,603688,-4.76,22474,22474
SH,603061,-4.35,22473,22473
SZ,002222,-8.82,22434,22534
SZ,002085,1.74,22358,22358
SH,601069,4.32,22268,22866
SZ,002266,-0.21,22227,23956
SZ,000709,0.94,22221,22225
SH,600598,2.46,22221,22221
SZ,000733,-0.76,22208,22211
SZ,000750,0,22199,24459
SH,688819,0.93,22183,22183
SZ,000547,-1.61,22168,22299
SZ,000887,-1.05,22134,22170
SH,605090,-2.54,22115,22138
SZ,002180,-3.27,22091,23091
SH,688333,-2.07,22069,22069
SZ,002747,-9.33,22033,27253
SH,603233,1.74,21991,21991
SH,603565,0.19,21988,21988
SH,603737,0.98,21984,21984
SZ,000062,-2.54,21922,21943
SZ,002926,0.12,21866,21866
SH,600329,0.94,21810,29618
SH,603833,1.22,21783,21783
SH,688167,-8.03,21768,21768
SH,600685,0.23,21768,37458
SZ,000623,0.16,21763,21849
SZ,000598,-0.54,21751,21753
SH,688018,-4.7,21727,21727
SH,688548,-8.06,21725,41469
SH,603899,0.9,21631,21631
SZ,300496,-0.96,21594,26978
SZ,000564,2.14,21586,25823
SH,600008,0.34,21581,21581
SH,600550,-1.42,21509,21509
SH,603067,-10,21389,21389
SZ,002423,1.09,21382,21382
SZ,000683,0.95,21289,23676
SH,601016,-1.95,21194,22971
SH,603816,2.16,21188,21333
SH,688102,-2.15,21184,21245
SH,600126,-0.15,21175,21175
SZ,300699,0.74,21168,21424
SH,600765,0.81,21160,21160
SZ,300738,-1.91,21156,21162
SH,601118,1.86,21140,21140
SZ,300073,0.53,21139,22741
SH,601608,0,21112,21112
SZ,300474,0.02,21092,27119
SH,600012,-1.35,21086,30908
SZ,002895,-0.16,21045,21267
SZ,002007,0.75,21023,24391
SH,600970,1.14,21001,21001
SH,600745,-1.43,20968,20968
SZ,300570,-9.1,20962,24773
SH,601997,1.24,20950,20950
SZ,000962,-8.13,20942,21953
SH,601106,0.33,20916,20916
SH,600688,1.06,20887,30046
SH,600170,0,20882,20882
SH,688820,-6.35,20836,224483
SZ,301035,2.84,20811,20842
SH,600330,-7.4,20796,20796
SZ,000825,1.11,20791,20791
SH,601677,1.46,20763,20763
SH,603077,-0.41,20755,20755
SZ,002948,0.51,20746,34282
SH,603823,-9.98,20739,20739
SH,600516,0,20734,20734
SZ,003035,-0.9,20720,20720
SH,603876,0.36,20676,20676
SZ,002468,0.5,20644,21584
SH,603663,-6.07,20613,20627
SZ,300003,0,20447,23872
SH,600582,0.2,20403,20403
SH,600848,0.95,20396,21492
SH,600246,-7.62,20379,20945
SH,601158,0.71,20352,20352
SZ,000158,0.63,20341,20478
SZ,000034,-5.4,20337,24351
SZ,000039,1.49,20321,47616
SZ,300012,0.93,20281,23846
SH,688001,-6.86,20273,20273
SZ,002299,1.53,20253,20655
SH,603881,-2.69,20224,20224
SH,601666,0.49,20199,20199
SZ,002065,0.14,20152,22214
SH,601187,0.92,20145,20189
SZ,301536,-14.49,20140,45372
SH,688114,-0.83,20071,20114
SZ,002536,-9.99,20050,21169
SZ,001389,-9.91,20038,62171
SH,688005,0.68,19974,19974
SZ,300814,-10.84,19928,19928
SH,600967,1.66,19860,19860
SZ,002670,2.18,19756,23550
SZ,301018,-9.96,19747,26132
SZ,002364,-2.7,19645,19837
SH,603730,-2.76,19638,19638
SZ,000519,0.29,19593,19593
SZ,002461,1.49,19588,19588
SZ,002318,1.03,19586,20061
SZ,300763,-0.98,19550,24115
SH,603678,-2.83,19498,19498
SH,688363,6.84,19484,19484
SZ,002130,2.91,19452,23742
SZ,002317,-2.59,19429,21682
SH,688343,-9.14,19422,19422
SZ,002120,0.88,19396,19975
SZ,002265,1.57,19359,19359
SZ,002500,0.37,19349,19349
SH,688403,-7.54,19346,19346
SH,603290,-2.14,19321,19321
SZ,002624,1.25,19246,20428
SH,601865,2.34,19162,23616
SH,603728,-3.55,19151,19151
SZ,301396,-9.16,19150,29086
SH,600927,1.38,19117,19117
SH,601098,2.11,19109,19109
SH,600007,0,19098,19098
SZ,300142,-0.73,19083,19352
SZ,000429,-0.4,19081,30609
SH,688208,3.09,19027,19027
SH,603588,-1.96,18995,18995
SH,603236,-6.85,18939,18939
SH,603658,1.25,18937,18937
SH,603337,1.81,18887,19266
SZ,300085,0,18882,20464
SZ,300627,0.38,18878,22795
SH,600339,0.9,18871,18871
SZ,000997,6.36,18869,18975
SZ,000686,0.25,18864,18864
SZ,002683,1.65,18864,21505
SH,688195,-7.78,18851,18851
SH,600518,0.74,18798,18807
SZ,001896,-6.45,18782,18782
SH,600131,0.96,18776,18814
SH,601139,0.62,18756,18756
SH,600004,1.02,18744,20412
SH,603530,-2.5,18740,18913
SH,600380,0.39,18734,18734
SZ,002497,-0.72,18734,20377
SZ,001270,-4.01,18717,18837
SH,603529,1.94,18706,19074
SZ,002396,-6.18,18701,18778
SZ,300489,-9.93,18690,18758
SZ,300811,-6.79,18639,22722
SZ,002335,-2.42,18539,21199
SH,603306,-8.04,18511,18511
SZ,002270,3.67,18480,18480
SZ,000009,10,18419,18441
SZ,002389,0,18356,18359
SH,603005,-5.05,18346,18346
SH,603516,-3.14,18294,18294
SH,603871,1.91,18277,18277
SZ,002831,-2.69,18248,32917
SH,600353,-8.17,18234,18234
SZ,000937,0.84,18204,18735
SZ,000543,1.14,18135,18135
SZ,002739,-0.22,18113,18372
SZ,300888,2.47,18072,18154
SH,600038,0.97,18055,22129
SH,600655,1.76,18010,18016
SZ,000528,0.57,17989,18014
SH,688400,-4.03,17952,18668
SH,601969,2.71,17950,18059
SH,688281,-0.94,17935,17935
SH,600602,-1.47,17930,22826
SZ,000875,0.75,17915,19442
SZ,000029,-0.19,17913,20324
SH,603667,-2.99,17860,18686
SH,603000,1.64,17857,17857
SH,600754,2.44,17849,21006
SH,600820,0.89,17827,17827
SZ,300806,-5.21,17810,24716
SH,688123,-2.77,17797,17797
SH,600316,0.85,17777,17777
SZ,300398,-2.24,17762,17859
SH,688372,-8.21,17750,17750
SZ,300762,-2.81,17727,17727
SH,688205,-8.72,17704,17704
SH,600120,0.78,17692,17692
SZ,300487,-3.23,17690,29240
SZ,000513,0.68,17686,27641
SZ,002044,0.22,17666,17849
SZ,300776,-7.02,17653,28081
SZ,000591,0,17643,17650
SZ,002145,0,17624,17625
SH,688257,-7.63,17571,17571
SZ,300623,-6.15,17534,19013
SH,600032,-1.21,17506,17506
SH,600956,1.09,17470,33482
SH,688097,-3.45,17468,17468
SH,688561,0.91,17350,17350
SH,601975,2.78,17317,17317
SH,688270,-5.08,17306,17306
SZ,300140,0.36,17303,17324
SH,603638,-1.2,17297,17297
SZ,301205,-10.19,17260,26810
SZ,002958,2.59,17243,17611
SH,688502,-5.37,17221,17221
SZ,002518,-3.31,17135,17653
SH,688772,-2.59,17086,17086
SH,600179,1.84,17071,18703
SZ,300821,-4.3,17037,17040
SH,600062,-2.89,17027,17033
SH,601609,-2.37,16993,16993
SZ,001267,-7.29,16991,21917
SH,603733,0.1,16933,16933
SH,603786,1.55,16922,16922
SZ,300779,-2.96,16920,22144
SZ,001337,3,16867,16867
SH,603171,10,16832,16851
SH,601966,1.86,16801,16801
SH,603358,-2.82,16795,17085
SH,601326,0.86,16794,19724
SZ,002491,-4.64,16635,17392
SZ,300724,0.5,16618,20117
SZ,002192,-2.19,16609,16644
SH,688268,-6.77,16597,16597
SH,600961,-2.59,16592,23678
SH,600739,1.02,16578,16578
SH,600500,-1.48,16578,16578
SH,603858,0.38,16546,16546
SH,605196,-0.2,16538,16734
SZ,300257,-2.74,16516,17190
SH,603186,-6.32,16510,16510
SH,688692,-0.62,16479,25162
SZ,000898,0.98,16472,19394
SH,601101,0.88,16459,16459
SH,688795,-3.7,16430,255493
SZ,300413,2.49,16419,30062
SH,600750,-0.49,16412,16589
SH,600763,2.03,16375,16375
SH,600867,-0.82,16373,16373
SH,600577,0.53,16371,16371
SH,601636,-0.89,16361,16361
SZ,000603,-1.87,16355,16925
SH,600761,0.82,16344,16344
SH,603950,-4.63,16300,16314
SH,601519,1.24,16271,16271
SZ,000969,-2.12,16266,16409
SZ,300144,2.61,16238,16410
SZ,002925,-2.67,16222,17123
SH,688233,-5.09,16208,16208
SZ,300088,-3.69,16181,16260
SH,601369,0.32,16175,16339
SH,601702,5.69,16146,16146
SH,600928,1.11,16145,16222
SZ,002402,-1.59,16132,18200
SH,600528,0.28,16128,16128
SZ,300456,-4.08,16125,19762
SZ,300747,-4.77,16124,17348
SZ,300568,4.06,16110,19931
SH,603997,4.46,16107,16107
SZ,300903,-9.59,16101,21199
SH,600435,0.28,16061,16061
SZ,002611,0.31,16053,19464
SZ,000682,-0.24,16034,16035
SH,605020,-2.14,16023,16275
SZ,002312,1.8,15994,16027
SZ,920438,-0.74,15990,16571
SH,600171,-0.83,15972,15972
SZ,000766,1.04,15968,15976
SZ,001213,0.84,15956,15956
SZ,300843,-8.19,15950,16269
SH,603317,2.32,15931,15931
SZ,000902,1.31,15930,17491
SH,603115,-5.94,15904,15904
SZ,300773,2.45,15902,16810
SZ,000723,1.12,15867,15897
SZ,000563,0.98,15853,15853
SZ,000032,-3.97,15834,15834
SH,688131,-4.91,15813,15813
SZ,002237,0.15,15775,18919
SZ,000050,-1.51,15759,15759
SZ,000537,0.39,15747,15747
SH,603355,0.59,15745,15745
SH,601019,1.21,15714,15714
SH,600808,1.94,15695,20253
SZ,002149,-0.24,15674,15677
SH,601020,2.14,15670,15670
SH,688523,-2.03,15665,15665
SH,605296,2.1,15638,15887
SZ,300676,0.48,15606,15691
SH,688652,-6.51,15598,21702
SZ,001287,-2.47,15555,15555
SH,600114,-2.09,15551,15930
SH,600872,2.39,15551,15618
SZ,002405,1.39,15501,15595
SZ,002508,0.73,15469,15658
SH,600511,0.65,15455,21073
SH,600959,0.98,15452,15452
SH,688700,-5.68,15418,15418
SH,603773,-7.74,15413,15418
SH,600623,1.23,15402,17401
SZ,300199,0.05,15388,18239
SZ,300083,-5.49,15384,17165
SZ,300002,0.48,15382,16347
SZ,301297,-3.64,15356,20184
SZ,003021,-1.74,15353,19808
SH,600835,2.76,15324,19139
SH,601137,-0.76,15314,15326
SH,603618,-4.1,15314,15314
SH,603132,1.29,15306,15306
SZ,000927,0.8,15247,15247
SH,688390,-1.7,15246,15246
SZ,002946,5.79,15245,15423
SH,605198,0.27,15231,18815
SH,601858,0.21,15209,15209
SZ,000970,-2.87,15184,15184
SH,688520,-0.34,15173,16024
SH,603026,-1.93,15158,15158
SZ,000791,0.26,15156,25399
SH,600452,-0.19,15150,15150
SZ,300170,4.76,15102,15814
SZ,002326,-1.37,15099,17207
SZ,002320,2.27,15092,15092
SZ,002568,1.07,15090,20624
SZ,000778,1.04,15068,15338
SZ,300953,-3.67,14984,20847
SH,600022,1.45,14978,14978
SH,603025,1.43,14941,15041
SH,600226,-2.89,14931,14931
SZ,000680,0.53,14922,17027
SZ,000966,-0.69,14899,14899
SH,601965,1.57,14876,14939
SZ,002773,0,14862,19938
SH,603226,-2.67,14860,14860
SH,688503,-4.08,14856,14856
SH,600548,0.47,14795,21902
SZ,300660,-0.81,14790,14799
SH,688596,-7.03,14790,14790
SZ,002506,-0.77,14786,14801
SZ,002171,-0.1,14782,14866
SH,688779,1.86,14778,14778
SH,688353,-0.58,14751,14751
SZ,300102,-2.36,14719,14790
SZ,002911,1.84,14710,15072
SZ,300957,4.46,14619,14699
SH,601568,0.55,14618,14618
SZ,300999,2.25,14576,145624
SH,600186,-2.97,14564,14593
SH,688582,-2.52,14555,14555
SH,688449,-4.94,14481,22719
SH,600710,0,14479,14479
SH,688392,-6.73,14466,14466
SZ,300723,-1.53,14441,15561
SZ,002410,2.57,14429,15181
SH,688100,1.65,14409,14534
SH,688279,-2.35,14389,17705
SH,601375,0.48,14376,19361
SH,688484,-2.52,14340,14405
SH,600320,1.41,14333,22761
SH,600151,1.01,14328,14328
SZ,001248,-3.36,14311,175184
SH,600779,4.53,14298,14298
SH,600877,-1.7,14256,14256
SH,600110,-5.19,14246,14246
SH,600056,0.21,14206,14211
SH,600403,5.14,14178,14178
SZ,000581,1.19,14147,17228
SH,688166,-3.24,14142,14142
SZ,001286,-0.09,14135,39263
SH,600552,-4.52,14131,14131
SH,600621,0.91,14131,14131
SZ,001301,-1.64,14107,19777
SZ,000088,1.36,14106,23190
SZ,000539,-2.29,14106,28982
SZ,300503,-5.53,14099,18016
SH,600258,2.52,14092,14092
SZ,000422,1.52,14091,14487
SZ,300657,-3.77,14088,14498
SZ,300735,-2.1,14080,15041
SH,600888,-0.98,14040,14040
SH,688615,7.6,14039,20331
SH,600057,1.98,14020,19021
SZ,002563,3.25,14015,17107
SZ,002408,0.59,14003,14470
SH,688538,0.83,13978,33557
SZ,002507,2.36,13970,14009
SZ,002250,-0.25,13953,14029
SZ,300364,-1.02,13948,15386
SH,600816,0.79,13946,25103
SZ,002176,-0.11,13938,13958
SH,600664,3.17,13927,13927
SH,600596,0.59,13914,13914
SH,603613,2.12,13899,13899
SH,688690,-2.54,13883,13883
SZ,000685,0.54,13862,16321
SH,688029,1.17,13856,13856
SH,688380,-6.08,13837,13837
SH,600744,-4.21,13832,13832
SZ,000089,1.36,13802,13802
SH,603938,-5.17,13786,13786
SZ,002867,2.49,13769,13851
SH,600906,0.47,13723,20963
SH,603868,3.15,13687,13687
SH,600267,-2.1,13679,13679
SH,600459,-0.65,13675,14819
SH,600409,-0.59,13666,13666
SH,600675,1.8,13664,13664
SH,603283,-4.29,13664,13664
SH,601827,0.87,13643,13643
SH,600651,1.12,13638,13638
SH,600416,1.76,13636,13636
SH,600064,1.42,13635,13635
SH,603505,0.19,13568,13568
SZ,002249,0.41,13531,17910
SH,600456,1.4,13512,13512
SH,603002,-5.18,13473,13473
SH,688206,-4.92,13473,13473
SH,600633,0.76,13467,13467
SZ,000799,6.1,13457,13459
SZ,002969,-6.53,13419,13490
SH,600575,0.58,13408,24725
SH,688332,-7.28,13392,13392
SH,688150,-5.96,13377,13377
SZ,002957,-6.52,13368,13410
SZ,300201,-3.83,13339,13410
SZ,002906,1.6,13315,13322
SH,601778,-1.1,13291,13291
SZ,301316,-2.69,13271,13690
SH,600285,1.04,13239,13253
SZ,301171,1.07,13235,16310
SH,603662,-3.2,13227,13227
SH,600933,0.82,13224,13885
SH,600167,0.69,13215,13215
SZ,002153,3.9,13214,22543
SH,600529,1.17,13206,13206
SZ,002158,-4.14,13195,13224
SZ,000612,0.45,13186,13186
SH,603707,0.74,13184,13184
SH,600155,0.68,13171,13171
SZ,002226,1.84,13165,13165
SH,601678,-1.97,13159,15514
SZ,002010,1.06,13152,13184
SH,600490,1.38,13151,14605
SZ,300253,1.43,13131,15585
SH,605099,0.58,13120,13149
SZ,000785,0.44,13118,14073
SZ,300260,-7.97,13102,18576
SZ,300655,-4.1,13077,13136
SZ,301285,-7.86,13018,13018
SH,600201,1.47,12991,12991
SZ,000506,9.99,12983,12988
SZ,301275,1.41,12979,18222
SH,688368,-6.57,12976,21377
SZ,300131,-7.09,12955,14108
SZ,002901,0.97,12941,18577
SZ,002847,1.07,12936,14333
SZ,002936,1.1,12934,16729
SZ,002258,9.99,12930,12951
SZ,300457,4.14,12925,13136
SH,603826,-1.03,12921,12921
SH,603305,0.63,12898,12898
SZ,002440,-0.14,12889,15309
SH,605599,3.89,12872,12872
SH,600827,2.56,12852,14291
SH,688088,2.53,12845,12845
SH,688003,-5.78,12838,12838
SH,688625,-5.82,12830,12830
SH,688382,-3.94,12826,12826
SH,600717,1.37,12820,12820
SH,605507,0.49,12807,12807
SZ,300679,-5.14,12785,15111
SH,688802,-2.25,12785,276069
SH,600271,1.17,12766,12766
SH,600850,1.17,12758,12758
SH,601107,2.43,12739,18012
SH,600397,-3.8,12731,12731
SH,601133,-7.25,12722,12766
SZ,002701,0.4,12710,12722
SZ,002290,-3.95,12708,12748
SZ,002091,2.33,12691,12892
SZ,300602,-6.02,12689,18549
SH,603515,1.18,12682,12760
SZ,001696,-2.6,12622,16214
SH,688308,-7.79,12620,12620
SZ,000534,-4.22,12619,12795
SH,600315,3.02,12618,12618
SH,688006,-0.37,12568,12568
SH,688055,-1.3,12567,12567
SH,600755,1.03,12558,12591
SH,603882,-0.46,12557,12642
SH,688567,3.22,12527,12527
SH,688593,-2.85,12508,12508
SH,605289,-5.24,12504,12522
SH,600211,1.57,12496,12496
SZ,300342,-3.98,12484,12670
SH,603589,5.95,12471,12471
SZ,002597,1.9,12451,12475
SH,600702,10.01,12445,12450
SH,603556,4.16,12429,12429
SH,688116,2.33,12414,12414
SZ,300455,0.17,12387,12547
SZ,002151,-0.42,12368,15164
SH,603009,-4.31,12359,12359
SZ,300409,1.72,12351,13877
SH,688531,-8.49,12319,17773
SZ,300761,1.21,12283,16317
SZ,000620,-1.86,12240,15384
SH,600821,-2.95,12237,12237
SH,688686,-3.74,12235,12235
SZ,000672,-4.38,12234,12234
SZ,301389,-5.43,12213,12213
SZ,000069,2.91,12211,14227
SZ,002552,-5.93,12205,12850
SZ,300671,-10.44,12178,12212
SZ,300613,-5.64,12177,12909
SZ,301219,-0.61,12173,17055
SZ,300459,0.54,12163,13009
SZ,300296,0,12160,14238
SZ,300070,0.57,12159,12830
SZ,002268,1.27,12155,12160
SH,600063,-1.34,12125,12125
SZ,002416,3.78,12104,12256
SH,600113,0.17,12100,12387
SZ,002399,0,12098,14233
SZ,000973,0.97,12093,30728
SH,603983,2.97,12082,12082
SZ,300323,-5.65,12079,16506
SZ,000567,3.17,12061,12099
SH,603888,0.68,12061,12061
SZ,301611,-6.87,12023,35761
SH,601512,3.75,12021,12021
SZ,300436,-1.06,12015,13996
SZ,300034,0.39,11997,12464
SH,600461,0.32,11994,11994
SZ,301015,-0.25,11983,11984
SH,600882,3.34,11969,11969
SZ,301039,0.24,11968,15443
SH,601339,-0.74,11967,11967
SZ,002755,-1.6,11945,11945
SZ,002096,2.56,11933,11933
SH,601992,1.42,11918,15269
SZ,002287,0.92,11916,11940
SZ,002913,-4.33,11915,12380
SZ,300319,-6.04,11901,12408
SH,688660,7.34,11893,11893
SH,688545,-4.61,11879,23465
SH,605389,-3.7,11874,12556
SZ,002979,-7.64,11861,16826
SH,600366,-1.27,11848,11848
SZ,002896,-3.05,11840,11840
SZ,000801,2.74,11826,11830
SH,688516,-2.1,11822,11822
SZ,300100,0.14,11816,12257
SZ,002183,0.22,11816,11816
SZ,002768,-4.32,11815,20234
SH,603203,-4.85,11803,11940
SH,688401,-2.67,11794,12528
SH,603118,-9.97,11793,11793
SH,600420,0.8,11762,11762
SZ,300184,-3.44,11762,12846
SH,600859,2.65,11733,11734
SH,600776,-0.07,11730,15411
SZ,000758,0.51,11718,11763
SZ,000156,1.62,11712,12767
SH,600338,-0.07,11711,11711
SH,601222,0.7,11696,11696
SH,600363,-0.34,11696,11696
SZ,000553,2.09,11691,12511
SZ,000762,0.22,11682,11682
SH,601068,1.56,11672,13625
SH,600612,3.55,11670,19251
SH,688549,-9.55,11657,29221
SZ,301238,-0.12,11645,11645
SZ,002607,0.96,11641,12952
SZ,301093,-5.19,11637,12189
SZ,000035,1,11635,12012
SZ,300573,-0.04,11632,15147
SZ,000681,1.66,11596,12015
SZ,300229,3.35,11594,11602
SH,600783,3.11,11590,11590
SH,688016,0,11563,11563
SH,603927,2.81,11543,11543
SZ,002668,0.47,11535,11535
SZ,300146,1.08,11532,17407
SH,600216,0.41,11512,11636
SZ,300357,0,11507,12451
SZ,300468,4.23,11492,11510
SH,600559,4.58,11480,11480
SH,600006,1.59,11480,11480
SZ,002092,0.23,11461,11526
SH,688809,-2.04,11461,57304
SZ,002643,-2,11440,11614
SZ,301005,-1.95,11437,11675
SH,600619,7.97,11435,15553
SH,605118,-2.61,11420,11487
SZ,002531,-0.92,11418,11482
SZ,002698,1.05,11413,13825
SZ,300674,1.95,11389,11406
SZ,001258,5,11377,11377
SH,603119,-3.28,11370,20286
SH,688198,1.84,11350,11350
SZ,301319,-6.83,11340,15047
SZ,301626,6.68,11339,24929
SH,600864,0.37,11339,11339
SZ,920808,-4.8,11326,11642
SZ,002987,2.29,11315,11612
SH,601952,1.36,11313,11313
SH,601619,-0.42,11297,13516
SH,600908,2.17,11296,12400
SZ,002617,-0.65,11285,11474
SH,600268,-0.17,11282,11283
SZ,002011,0.95,11273,11411
SZ,300975,-5.83,11268,15732
SZ,300428,0,11255,12930
SZ,300718,-0.34,11243,17081
SH,603698,-0.84,11234,11234
SZ,002003,1.39,11223,13054
SZ,000099,2.12,11210,11210
SZ,002839,2.23,11209,11220
SZ,300601,1.3,11201,13895
SZ,000901,-0.13,11199,11199
SH,688158,-2.17,11198,12586
SH,688258,1.02,11190,11190
SH,603393,1.58,11183,11183
SZ,002043,0.8,11176,11484
SH,688260,5.07,11160,11160
SZ,300179,-7.87,11152,14484
SZ,002174,-0.17,11144,11150
SH,601801,2.89,11141,11141
SZ,002310,-3.43,11129,15178
SZ,002807,1.48,11112,11128
SZ,002167,-5.24,11100,11333
SZ,300682,1.13,11097,11602
SH,688107,-3.07,11092,11092
SH,600301,-1.89,11091,25480
SZ,300166,-2.46,11086,13938
SZ,002400,1.58,11082,11192
SH,600635,0.44,11078,13522
SZ,000990,0.31,11076,11076
SZ,301095,-4.79,11075,12820
SZ,000592,0.35,11069,11166
SH,603078,-6.14,11068,11068
SZ,301293,-1.58,11059,11059
SZ,000998,1.69,11054,12358
SH,603031,-2.87,11026,13111
SZ,002051,-0.54,11013,11014
SZ,002645,-3.74,11013,12193
SZ,002024,-0.82,11011,11025
SZ,000028,0.77,11006,12814
SH,600343,-2.7,10990,10990
SH,603389,-5.96,10970,10970
SH,600248,1.72,10969,10993
SZ,002083,-2.52,10962,10962
SZ,002534,5.82,10961,11101
SZ,002246,-1.57,10959,10959
SH,688222,-4.83,10959,10959
SH,600572,-0.45,10937,10966
SZ,300133,-0.29,10916,12299
SZ,301029,-1.62,10914,15322
SH,603267,-0.22,10907,10907
SZ,002891,7.22,10906,10906
SZ,300185,0.35,10885,11422
SZ,000555,3.14,10877,10890
SH,601022,1.22,10835,10835
SZ,002745,-3.5,10832,15109
SH,603693,-0.73,10831,10831
SH,688321,-3.24,10815,11747
SZ,001331,-2.26,10810,15478
SH,688661,-9.84,10810,10810
SH,688306,-0.78,10809,10809
SH,688559,-1.44,10805,10805
SZ,300315,1.67,10801,11507
SH,603800,-9.65,10793,10793
SZ,000690,-2.54,10785,10792
SZ,300769,-1.42,10780,11998
SH,603027,3.98,10779,10779
SH,603738,-5.31,10774,10774
SH,600986,2.26,10769,10769
SZ,300827,1.11,10765,13728
SH,688063,-0.33,10739,10739
SH,601003,9.97,10738,11037
SH,603093,1.62,10707,13446
SZ,300376,0.44,10706,10710
SZ,002373,1.57,10704,12278
SH,688603,-5.27,10675,10675
SZ,301267,1.92,10673,13826
SH,600058,1.02,10666,10666
SH,600993,1.64,10663,10682
SZ,300777,1.52,10648,10865
SZ,000711,-2.39,10644,13200
SZ,002544,-0.12,10643,10644
SH,600480,1.27,10628,10707
SZ,300182,0.86,10619,12520
SZ,002539,1.19,10615,14408
SZ,002366,-0.86,10603,11924
SZ,002557,1.45,10595,10628
SH,600507,0.44,10594,10594
SH,601163,1.61,10592,10592
SZ,301666,-5.1,10580,174050
SZ,000767,-3.45,10571,11169
SZ,002385,1.67,10564,13115
SH,603235,0.46,10564,10564
SH,600395,1.03,10561,10561
SZ,002139,0.72,10561,12294
SH,603099,2.6,10551,10551
SZ,002984,2.86,10545,15306
SZ,000899,-1.45,10528,10528
SH,601900,1.97,10522,10522
SZ,000070,-3.53,10512,10655
SZ,002583,0.99,10493,14876
SZ,002838,-3.74,10482,11922
SZ,000828,0.8,10478,10478
SZ,001339,-5.73,10475,21221
SH,600383,2.2,10474,10474
SZ,002204,0.93,10468,10468
SZ,000839,-5.31,10466,10466
SH,603218,2.73,10464,10474
SZ,301207,0.23,10457,10464
SZ,001280,-0.78,10444,124339
SH,601038,-0.2,10441,16034
SH,603185,10.02,10437,10499
SZ,300049,-0.77,10432,11790
SH,603906,-1.9,10399,14612
SZ,300638,-3.44,10397,17626
SH,600509,-1.43,10377,10377
SZ,301087,0.17,10359,12597
SH,600589,-1.68,10349,10371
SZ,002217,-0.69,10337,10621
SH,603281,0.86,10326,10326
SH,600446,3.49,10316,10316
SZ,002276,1.79,10313,10353
SZ,000810,-0.84,10306,10674
SZ,300726,-1.77,10299,19781
SH,603992,0.17,10270,10270
SH,600662,2.04,10268,10298
SZ,300224,0.18,10256,10294
SZ,300008,0.16,10246,10748
SZ,300835,-7.24,10246,14619
SZ,000727,0.44,10237,10237
SH,601949,1.9,10224,10224
SH,600787,1.07,10221,10221
SZ,002182,-0.24,10204,11693
SH,600163,0.19,10181,10181
SH,603300,2.83,10176,10176
SZ,300026,0,10174,10184
SZ,300009,0.73,10174,13817
SH,600373,3.14,10173,10173
SH,600123,0.58,10165,10165
SH,688031,1.82,10145,10145
SZ,002413,-1.25,10143,10330
SH,601005,0.83,10143,11723
SH,688153,-2.8,10136,10431
SH,600773,-1.29,10134,10134
SH,601882,0.83,10122,10122
SZ,300593,-5.14,10117,12190
SZ,301150,-5.57,10081,10747
SZ,001399,-3.38,10075,173331
SH,603619,2.06,10060,10060
SH,600728,1.29,10023,10023
SZ,002020,-0.42,10005,11899
SZ,002439,-0.43,10004,16633
SZ,300204,-1.47,9990,11920
SH,600033,0.55,9990,9990
SH,688068,-2.64,9978,9978
SH,688143,-7.85,9975,10497
SZ,002947,-7.83,9975,12887
SZ,002354,-0.96,9966,10143
SH,600072,1.66,9945,13776
SH,600718,0.73,9942,9942
SH,601886,1.27,9925,9925
SZ,920116,-0.95,9925,9925
SH,601811,1.62,9923,15460
SH,603327,9.98,9911,9911
SH,600759,1.27,9903,9916
SH,600757,1.24,9878,9879
SH,603599,4.33,9876,9876
SH,603297,-4.36,9854,9854
SH,603040,-3.92,9846,9897
SH,688202,-7.22,9844,9844
SZ,300065,-2.34,9840,10809
SH,603039,3.39,9838,9838
SZ,000917,2.21,9823,9824
SH,688032,3.26,9820,9820
SH,603989,-5.37,9814,9814
SZ,000815,-5.92,9810,9810
SZ,000403,2.06,9802,9903
SH,600597,1.57,9801,9801
SZ,301381,3.65,9795,9804
SZ,000949,-1,9790,9792
SZ,300302,-2.81,9785,12715
SZ,002081,-0.79,9784,9825
SZ,002387,-2.63,9779,9792
SH,600269,1.95,9762,9762
SH,600326,5.14,9755,9755
SZ,002929,-4.79,9743,12884
SZ,002975,-7.95,9740,14759
SH,603323,1.39,9725,9725
SZ,000552,0,9724,13968
SZ,001914,1.65,9715,9715
SZ,002100,1.14,9707,9707
SH,603883,1.83,9699,9699
SH,688275,-2.35,9696,9696
SH,600037,1.9,9687,9687
SH,688028,-8.55,9686,9686
SH,603991,-5.09,9686,16520
SZ,000401,1.1,9683,9775
SH,600458,-0.35,9683,10609
SZ,300377,2.49,9673,10514
SZ,002063,0.74,9660,10458
SZ,000410,0.82,9658,12980
SZ,002338,0.73,9655,9655
SH,688046,-7.44,9635,9635
SH,600376,0.54,9570,9570
SZ,000031,1.83,9558,9558
SH,600210,0.64,9540,9540
SH,603757,-9.01,9534,9534
SH,603713,-1.69,9532,9532
SH,688663,-12.81,9527,9527
SH,601200,1.29,9518,9518
SH,600971,1.28,9516,9516
SH,688698,-2.78,9500,9500
SH,688543,0.48,9498,9498
SZ,300529,2.72,9495,14798
SZ,000049,-0.47,9494,9497
SH,601311,1.38,9491,9491
SH,600328,1.09,9487,9487
SZ,002061,0.55,9487,9648
SH,601860,2.3,9483,9775
SH,688797,1.77,9478,50417
SZ,002675,0.24,9471,10505
SH,600162,9.89,9446,9446
SZ,002345,2.16,9444,9676
SZ,301090,1.26,9443,9453
SZ,300580,-2.67,9438,10031
SH,603100,1.26,9428,9458
SZ,002293,0.53,9423,9502
SZ,000923,-0.06,9412,9784
SZ,002654,-2.36,9399,9400
SH,600307,2.74,9395,9395
SH,600649,1.63,9392,9392
SZ,300353,-0.45,9392,10693
SZ,002961,1.92,9391,9391
SH,688351,0.15,9388,9388
SZ,000795,0.48,9388,9388
SZ,000600,-2.04,9374,15508
SZ,000516,0.95,9370,9515
SH,605016,-0.84,9362,9362
SH,603341,-6.41,9357,18369
SH,601528,2.86,9353,9889
SH,600740,1.11,9352,9352
SH,600389,6.79,9345,9345
SZ,002779,-1.67,9343,10413
SH,688383,-5.18,9339,9339
SZ,002511,2.22,9336,9455
SZ,000837,0,9329,9474
SH,603057,0.8,9324,9394
SZ,002897,-8.03,9323,9801
SZ,001227,1.38,9321,12587
SH,600782,2.07,9311,9425
SZ,002647,-0.32,9310,10365
SZ,301071,-6.25,9300,12651
SH,600273,1.29,9297,9297
SZ,002170,1.12,9293,11431
SZ,300415,1.79,9293,9610
SZ,000420,0.8,9291,9295
SH,688059,-5.41,9286,9922
SH,603583,1,9285,9370
SH,600391,-0.24,9280,9280
SZ,003036,-5.92,9271,9271
SZ,002181,-0.23,9269,9486
SZ,000656,-0.8,9257,12918
SH,600184,-3.28,9242,9242
SH,688277,3.77,9240,9240
SZ,002967,0.72,9221,10735
SZ,300850,3.55,9219,12692
SZ,300618,0.36,9210,10468
SZ,300303,-2.11,9181,9790
SZ,301357,4.36,9175,9175
SH,605255,-9.73,9174,9174
SZ,300077,-3.33,9169,10979
SZ,300607,-6.5,9166,12955
SH,603328,0.88,9166,9166
SH,605123,0.57,9163,9163
SH,600185,1.46,9161,9161
SZ,000848,2.14,9161,9241
SZ,301123,-9.07,9157,13018
SH,688726,3.79,9147,16858
SH,688160,-3.41,9142,9142
SZ,301031,-1.05,9117,11597
SH,688105,-2.86,9114,9114
SZ,002031,-0.2,9109,10469
SZ,000065,0.65,9106,10848
SZ,000048,-5.13,9093,9109
SH,688182,-5.13,9080,9080
SZ,300007,0.47,9074,10501
SH,603533,0.19,9054,9054
SZ,300188,0.96,9043,9085
SZ,301177,1.89,9040,9046
SH,603169,3.28,9040,9040
SZ,300913,-3.85,9039,10839
SZ,002865,-2.57,9037,12584
SH,600198,-1.13,9036,9047
SZ,300693,-1.97,9028,10504
SH,603103,1.94,9012,9012
SZ,300684,-5.57,9005,13184
SH,603712,1.39,9002,9002
SZ,002233,0.79,9000,9006
SH,688128,1.23,8980,8980
SH,603601,-1.74,8979,8979
SH,600360,-4.88,8969,8969
SZ,002208,-6.05,8962,8965
SZ,000700,-5.15,8941,8941
SH,600929,1.12,8922,8922
SZ,002549,-2.27,8918,8956
SH,688139,0.93,8909,8909
SH,603303,-3.1,8905,8905
SZ,002741,-4.2,8893,9691
SZ,301109,1.14,8884,11229
SZ,000676,-1.66,8876,8882
SH,600133,1.71,8871,8871
SH,688289,0.66,8859,8859
SH,600686,5.92,8856,8856
SZ,002297,-4.62,8854,8854
SZ,002565,-1.17,8840,8840
SZ,002053,0.52,8839,8839
SZ,000829,0.58,8838,8847
SZ,000006,0.46,8829,8829
SZ,002922,-2.69,8814,9880
SZ,002099,-0.36,8812,8822
SH,600508,1.4,8803,8803
SZ,300277,-0.94,8787,17411
SZ,300118,0.32,8786,10807
SZ,000930,1.5,8781,8781
SH,600645,0.48,8780,8783
SZ,301486,-8.97,8775,15501
SH,603508,1.23,8773,8773
SZ,002348,-2.4,8764,9633
SH,603360,-0.63,8764,8764
SH,600367,-4.99,8754,9275
SZ,000761,1.72,8752,9696
SH,688209,-4.72,8736,8736
SZ,300113,-1.37,8735,11569
SZ,300181,1.76,8730,10156
SH,603013,1.48,8716,8716
SZ,002426,0.79,8711,8711
SZ,002368,0.72,8702,8744
SH,688138,-4.12,8698,8698
SH,600266,1.45,8697,8697
SZ,301188,-4.26,8692,8692
SZ,002827,10,8680,8713
SZ,002019,0.59,8678,12529
SH,600020,1.05,8675,8675
SZ,300304,-3.23,8665,8904
SH,688359,-6.59,8658,8658
SZ,300596,-0.69,8657,8847
SH,600936,0.39,8656,8656
SH,688319,-5.1,8655,8655
SZ,000833,-1.79,8643,15280
SH,688552,1.03,8640,8640
SH,600997,1.3,8638,8638
SH,605318,-5.57,8635,8635
SH,600478,1.19,8622,8622
SZ,002626,2.17,8617,8618
SZ,000536,-0.63,8593,8602
SZ,000719,0.55,8586,13169
SZ,301216,-1.61,8578,9138
SZ,002216,1.57,8562,11939
SZ,002703,10.02,8562,12019
SH,600693,3.8,8542,8551
SZ,002815,-3.5,8541,13563
SH,603690,-10,8536,8536
SH,605305,0.6,8531,8531
SH,688076,-0.36,8529,8529
SH,603052,-5.33,8523,8523
SH,603612,1.24,8523,8523
SH,600094,4.44,8505,9300
SZ,002985,0.94,8502,8525
SH,603011,-2.98,8494,8494
SH,600640,2.19,8493,8493
SH,600017,0.73,8489,8489
SZ,003018,-6.92,8487,9365
SH,600345,-2.64,8477,13208
SZ,000980,2.44,8471,8471
SZ,300328,0,8471,8513
SZ,300951,-3.51,8460,9466
SH,600567,0.75,8452,8452
SH,688327,-0.38,8449,10525
SZ,002931,-4.33,8439,9103
SH,688161,0.52,8436,8436
SZ,001308,0.29,8429,12181
SZ,002239,1.18,8427,9065
SH,603915,0.31,8425,8569
SH,688789,1.1,8413,8413
SH,688325,-0.84,8411,8851
SH,600996,0.9,8403,8403
SH,603538,-0.51,8399,8474
SH,603809,2.36,8393,8393
SZ,002173,-2.72,8384,8790
SZ,002243,0.72,8381,8426
SZ,002332,0.47,8379,8418
SH,688378,-3.99,8378,9090
SZ,300483,0.98,8359,8365
SZ,300772,2.22,8354,9419
SZ,300331,-3.38,8350,9761
SZ,002062,-0.92,8345,9181
SH,600481,1,8339,8339
SZ,301338,-8.79,8331,11434
SZ,301183,-8.83,8324,11355
SH,603227,2.78,8316,8316
SZ,000860,3.41,8315,8315
SZ,300244,-1.24,8314,10362
SH,605298,-1.88,8307,8378
SH,600399,1.94,8303,8303
SZ,002392,-0.41,8300,8536
SZ,002928,0.93,8296,8296
SH,600812,0.63,8287,8287
SZ,300382,-4.05,8279,8280
SH,688584,-6.72,8277,16134
SZ,000885,0.94,8276,8276
SZ,002004,0.92,8268,8692
SZ,300741,4.85,8259,8259
SZ,301363,-1.97,8259,12592
SH,601890,0.7,8251,8251
SZ,002190,1.19,8251,8251
SZ,002221,2.36,8239,8889
SH,688586,0.68,8238,8238
SZ,920186,-4.3,8237,15749
SZ,301021,-6.72,8226,8235
SZ,002169,-1.8,8216,8477
SH,605060,-7.12,8215,8272
SZ,002458,-0.69,8214,12165
SH,601089,0.12,8208,8208
SZ,002267,1.23,8207,8207
SH,688050,3.46,8206,8206
SH,600502,0.63,8205,8205
SZ,300263,-3.33,8194,8694
SZ,002292,-0.36,8194,11904
SH,600556,1.57,8189,8189
SZ,301127,-4.72,8180,8426
SH,688739,0.56,8179,8275
SH,605006,-3.69,8177,8177
SZ,300035,1.3,8173,9603
SH,600639,2.02,8171,10786
SZ,000818,-0.55,8162,8184
SZ,300072,0.57,8160,8224
SH,688376,-7.39,8160,8160
SZ,300130,3.64,8158,10660
SZ,300634,1.57,8156,8474
SZ,300855,0.54,8150,11004
SZ,301047,-0.91,8143,8283
SH,688020,-6.23,8141,8141
SZ,301498,10.12,8137,18169
SH,688165,-2.06,8129,8129
SZ,300720,-11.54,8123,8596
SZ,300101,0.56,8116,8144
SZ,000869,2.12,8115,11719
SZ,300910,1.27,8102,11568
SZ,002706,-0.33,8101,9951
SZ,002075,1.65,8095,8095
SH,688190,-0.8,8094,8094
SZ,002993,-4.11,8093,9369
SZ,300863,-3.35,8086,8417
SZ,002251,1.35,8072,10083
SZ,002761,2.75,8070,9884
SH,688697,-1.71,8061,8061
SH,601828,0.9,8056,9709
SZ,002937,-8.49,8044,8065
SH,603043,2.66,8043,8112
SZ,300378,6.81,8034,8095
SZ,002488,0.11,8032,8690
SZ,002737,0.22,8030,8030
SH,601929,0,8027,8027
SH,603125,-1.92,8024,8024
SH,603124,-6.45,8017,15055
SZ,002289,-7.93,8013,8183
SZ,002655,-7.09,7998,8014
SH,600935,0.44,7997,8196
SH,600973,-0.33,7995,7995
SH,605333,2.56,7986,7986
SH,688611,-4.51,7978,7978
SZ,301345,-6.03,7975,24827
SZ,000510,-9.27,7947,8496
SZ,301327,1.16,7941,7941
SZ,300005,-2.78,7933,7998
SH,600861,3.24,7926,7926
SH,600751,2.33,7925,8930
SH,688261,-5.07,7922,7957
SZ,002639,0.59,7916,9347
SH,600618,1.83,7911,12200
SZ,002115,-0.92,7910,8533
SH,603399,-2.39,7905,7905
SH,605116,0,7904,7904
SH,603053,1.25,7902,7902
SZ,300740,2.17,7900,8513
SH,688513,-3.61,7891,7891
SZ,002842,-3.06,7882,9606
SH,600075,0.66,7873,7873
SH,603279,0.96,7867,7867
SH,688125,-5.35,7865,7886
SZ,002277,-1.73,7863,7863
SH,605319,0.04,7861,7905
SH,600587,0.47,7856,7856
SZ,002017,1.58,7837,7842
SZ,300145,-1.19,7834,7873
SZ,002283,-3.69,7832,8899
SZ,300294,1.5,7831,7831
SZ,002792,-3.29,7831,12143
SH,600335,2.33,7824,7824
SH,605008,0.25,7823,7823
SZ,002110,3.87,7822,7822
SH,688083,1.1,7821,7821
SZ,002036,2.35,7810,7826
SH,601718,1.7,7806,7806
SZ,301382,-4.11,7805,9430
SH,600746,2.61,7801,7801
SZ,300053,-0.57,7797,8349
SH,600055,2.12,7790,7790
SH,600305,1.88,7776,7788
SH,688508,-6.54,7761,7761
SZ,002941,1.92,7757,7757
SH,688239,-2.32,7755,7755
SZ,002309,-1.82,7748,9685
SH,603580,2.28,7748,7748
SZ,002097,0.98,7744,7759
SH,688439,-0.2,7740,7740
SZ,000012,1.28,7739,12018
SH,601595,2.07,7731,7731
SH,603890,-5.97,7730,7730
SH,603055,1.99,7726,7754
SZ,000922,1.86,7726,9140
SZ,002125,0.41,7724,7724
SH,603936,-5.03,7722,7906
SZ,002588,1.7,7719,10356
SH,688262,-4.45,7708,7708
SH,603496,-5.56,7704,7704
SH,603181,1.63,7700,7700
SH,603033,-1.42,7695,7837
SZ,000712,1.3,7694,7697
SZ,002585,10.04,7679,9884
SH,601686,0.97,7678,7678
SH,603477,1.28,7677,7871
SH,688090,-9.14,7671,7671
SZ,300042,-3.91,7667,7667
SZ,300486,-1.34,7665,7668
SH,603220,-2.96,7665,9467
SZ,002041,1.99,7656,7656
SH,688035,-4.64,7634,7634
SZ,003009,-1.81,7632,7633
SZ,002759,2.22,7624,7631
SZ,300595,2.15,7621,10206
SH,603680,0.83,7610,7610
SZ,002516,-0.18,7609,7663
SZ,002960,0.38,7601,8272
SH,603319,-3.31,7600,7600
SH,688485,-3.87,7590,7590
SZ,000566,8.13,7586,7590
SZ,000533,-8.73,7582,7647
SZ,002030,-0.91,7579,7579
SH,688622,-2,7576,7576
SH,688326,1.6,7576,8140
SH,688091,-0.13,7573,7596
SZ,002215,2.85,7572,9410
SH,600917,0.41,7571,7571
SZ,300641,0.56,7568,7568
SH,605222,-1.76,7560,7560
SH,688486,-5.68,7557,7557
SZ,002386,0.52,7548,7550
SZ,300363,-2.55,7547,8277
SZ,002212,-2.26,7526,7607
SZ,300766,0.05,7520,8294
SZ,300497,-2.11,7517,8947
SH,601579,4.06,7504,7504
SZ,000859,6.35,7499,7499
SH,603112,-0.13,7495,7570
SH,601908,0.32,7485,7485
SH,688093,1.99,7481,7481
SH,688231,-2.33,7478,7478
SH,600789,0,7456,7714
SH,600117,2.69,7454,7454
SZ,920982,5.76,7450,15456
SZ,300997,4.89,7450,8212
SH,600059,2.51,7447,7447
SH,600846,1.19,7447,7447
SZ,002119,-5.29,7442,7442
SH,688253,-5.18,7438,7438
SZ,000059,0.65,7437,7437
SH,688612,-0.95,7437,12144
SZ,300482,2.37,7427,8084
SZ,000823,-4.87,7425,7425
SZ,300846,-2.24,7416,8986
SZ,002275,0.68,7415,7821
SZ,000928,0.58,7403,7403
SZ,300180,1.65,7399,7608
SH,688662,-7.49,7387,7387
SZ,300527,-0.13,7382,7382
SZ,002718,-4.27,7372,10154
SZ,002515,-5.23,7371,8099
SZ,301061,1.14,7367,11089
SH,688155,-1.08,7365,7365
SH,603050,0.22,7365,7365
SH,600657,1.57,7358,7358
SZ,000402,0.82,7352,7353
SH,605007,0.13,7351,7369
SZ,300725,-4.92,7344,8471
SZ,002361,-2.04,7338,8626
SZ,301228,0.47,7335,7369
SZ,300790,-2.8,7309,8318
SZ,000498,0.8,7305,7824
SZ,003039,1.99,7293,7293
SH,600251,0.86,7288,7288
SZ,000650,0,7283,7658
SZ,002533,0.62,7276,8374
SH,603299,0.11,7274,8898
SH,600771,1.37,7264,7264
SZ,002150,-3.47,7263,7311
SH,688087,0.1,7260,7529
SH,600125,0.91,7259,7259
SZ,002434,0.36,7252,7259
SH,688677,-9.14,7245,7245
SZ,300416,-0.96,7243,7293
SZ,300298,1.64,7235,8993
SH,688428,-3.42,7227,46864
SZ,000544,0.82,7222,7222
SZ,002108,0.92,7202,7204
SH,600724,0.81,7196,7197
SZ,301263,-0.69,7195,10084
SZ,002079,-1.65,7187,8049
SH,601096,0.69,7180,11690
SZ,002350,-3.83,7178,7338
SH,600557,-0.7,7173,7173
SH,688798,-1.97,7173,12319
SH,688371,-7.68,7169,7169
SH,688305,0.31,7159,7178
SZ,000030,0.94,7151,7361
SZ,300327,-3.51,7143,7196
SH,601330,0.42,7141,10329
SZ,300938,-4.28,7130,8215
SZ,000503,0.97,7119,7119
SH,603223,-1.46,7115,7115
SH,688227,-5.8,7109,7109
SH,688112,-5.12,7085,7085
SH,600252,0.91,7069,7069
SH,605179,9.99,7062,7062
SH,688177,-0.22,7060,7060
SZ,002121,1.21,7058,8363
SH,600903,-0.32,7054,7054
SZ,002242,0.87,7038,7050
SZ,300480,-8.53,7035,9641
SH,600925,0.69,7034,30173
SH,601226,1,7031,7031
SZ,300098,0,7030,7924
SZ,301215,1.15,7009,7017
SH,603866,3.3,7007,7007
SH,603163,-9.99,6995,6995
SZ,300168,1.25,6994,7001
SH,603128,1.71,6990,6990
SH,600676,0.74,6983,6983
SH,603977,-0.78,6983,6983
SH,605100,-1.73,6980,7013
SH,603219,-1.96,6973,6973
SZ,300687,1.12,6973,8479
SH,688669,-3.21,6966,6966
SZ,300492,2.02,6965,6965
SH,688563,0.57,6964,23088
SH,600429,-0.84,6964,6985
SZ,002284,0,6963,7029
SZ,000813,0,6961,6962
SH,688252,-2.85,6953,6953
SH,603687,1.04,6947,6947
SH,605168,-2.19,6944,6944
SH,603626,-4.78,6942,6942
SH,600422,1.1,6934,6934
SH,603608,-2.56,6932,6932
SZ,002324,0,6932,9933
SH,688758,-4.23,6930,9679
SZ,002730,-5.16,6924,7245
SZ,002006,0.08,6924,6924
SZ,002093,1.63,6922,6922
SZ,300322,-4.55,6919,7227
SZ,300516,-1.64,6915,6915
SH,600955,0.8,6914,6914
SZ,300348,2.94,6910,7685
SH,600810,0.31,6906,6969
SH,600780,0,6902,6902
SZ,300341,6.78,6901,6928
SZ,301571,-7.85,6899,10387
SH,600708,1.31,6898,6909
SZ,000755,0.64,6896,6896
SH,688605,-4.7,6886,12861
SZ,300080,0.82,6885,6894
SH,600874,0.54,6878,8779
SZ,300520,0.7,6864,7102
SZ,002445,-0.67,6862,6892
SZ,002690,0.76,6862,13957
SZ,300171,0.08,6853,9328
SZ,002342,-1.37,6845,6883
SZ,002106,-1.01,6845,6853
SH,600158,0.99,6841,6841
SH,600987,0.45,6839,6839
SH,688456,-5.94,6832,6832
SZ,300678,0.86,6829,6950
SZ,002448,-3.68,6827,6920
SH,601388,0.32,6824,6824
SH,603459,-8.73,6822,65049
SZ,301510,-1.76,6814,9764
SH,600748,1.65,6806,6806
SZ,002219,-1.41,6805,7180
SZ,300685,0.92,6802,6811
SZ,002537,1.57,6802,6821
SH,600169,-0.48,6800,6800
SZ,301069,-0.18,6799,7219
SH,605098,0.88,6797,6797
SZ,000589,0.92,6794,6839
SZ,300276,-0.61,6787,8995
SZ,002681,-1.36,6779,7753
SH,605128,1.94,6779,6779
SZ,000968,2.04,6773,6773
SZ,000756,-0.72,6770,9454
SZ,000628,-3.5,6757,12383
SH,688049,-9.62,6754,6754
SZ,000631,0.34,6739,6739
SH,688221,-5.21,6739,6739
SZ,002546,-1.4,6738,7014
SH,688062,-2.62,6735,13067
SZ,920029,3.12,6732,6918
SH,688626,-0.56,6730,6730
SH,603071,0.92,6729,6729
SZ,301013,-5.13,6712,8291
SH,601015,1.55,6699,6699
SH,688783,-6.35,6693,100501
SZ,301196,-6.11,6692,10194
SH,600496,1.51,6687,6687
SZ,002674,3.12,6679,6747
SH,600654,-0.68,6674,8195
SZ,002023,-0.1,6674,6734
SZ,003013,-3.03,6673,7639
SH,688176,-2.83,6666,6666
SH,688631,1.37,6665,6665
SH,600894,1.28,6661,6693
SH,688708,-0.82,6660,18686
SZ,002014,2.31,6660,6768
SH,600195,1.56,6658,6658
SZ,300031,-0.88,6654,7919
SH,603416,-0.76,6649,7480
SH,600828,1.86,6648,6651
SH,688515,-6.04,6645,10670
SH,605365,0.46,6642,6642
SH,600590,-2.23,6630,6704
SH,603166,-1.33,6619,6670
SZ,000777,0,6618,6618
SZ,001391,0.23,6609,53109
SZ,300861,-1.5,6606,10521
SZ,000601,-1.71,6603,6704
SZ,300164,4.81,6602,6661
SZ,300842,-3.61,6601,7427
SH,600545,-3.9,6597,6597
SH,688556,-0.49,6596,6596
SZ,002782,-3.78,6594,6674
SZ,002077,-2.14,6593,6593
SH,603277,2.08,6591,6634
SH,688480,-2.75,6591,6591
SZ,300401,-1.51,6588,6696
SZ,002980,-7.92,6583,12309
SZ,300337,-0.1,6581,7603
SH,605188,3.27,6580,6580
SZ,300768,-2.48,6579,10069
SZ,300499,-6.08,6576,7396
SH,600510,1.11,6553,6553
SH,605167,-0.69,6552,6552
SH,600775,1.25,6550,8910
SH,688108,-1.13,6528,6528
SH,688710,-7.6,6527,10146
SZ,002256,-2.4,6526,6612
SH,600713,0.2,6526,6619
SZ,300284,1.47,6525,6996
SH,688507,-4.45,6517,11795
SH,603877,2.13,6514,6522
SH,605133,-4.58,6511,6584
SZ,002650,8.09,6509,6510
SZ,000058,2.01,6509,8138
SZ,002163,1.89,6509,6844
SH,688550,-3.01,6507,6507
SH,603200,1.93,6493,6493
SH,600682,0.36,6472,7479
SZ,000597,-0.42,6468,6550
SZ,000008,0.42,6465,6465
SZ,001298,-1.42,6462,6860
SZ,920045,-7.38,6459,21843
SH,600611,2.48,6456,9764
SZ,300045,-0.23,6438,8264
SH,688416,-4.6,6431,6431
SZ,002446,-1.55,6426,6939
SZ,301189,-6.01,6412,6644
SH,600643,1.77,6409,6420
SZ,002721,2.12,6409,6409
SH,601515,1.22,6408,6408
SH,603517,2.22,6405,6405
SZ,002810,1.23,6404,6900
SH,600770,-1.39,6396,6396
SZ,002550,-1.01,6391,8690
SZ,301086,-8.3,6384,11518
SH,603367,-0.34,6375,6375
SH,600078,0.31,6374,6511
SZ,002579,-5.44,6371,6690
SH,688628,-4.29,6371,6371
SZ,301050,0.57,6368,7477
SZ,301191,-7.17,6368,8446
SH,601500,1.77,6364,6389
SZ,300191,3.19,6362,9203
SZ,003006,3.56,6360,6376
SH,603985,-3.54,6353,6353
SZ,002140,1.7,6349,6358
SH,603045,-3.57,6348,6348
SZ,002733,-4.11,6348,6612
SH,600310,-2.03,6347,6347
SZ,002346,-2.05,6337,7136
SZ,002881,-7.79,6326,10500
SZ,002860,-4.85,6326,6476
SZ,300440,-3.55,6322,6346
SZ,301522,0.35,6317,8490
SH,600525,0.42,6317,6317
SZ,301291,-0.96,6317,12141
SZ,300493,-1.73,6307,6381
SZ,000572,3.23,6306,6315
SH,605488,-2.34,6303,6852
SZ,002214,-0.67,6301,7884
SZ,000905,0.12,6298,13094
SZ,000989,0.67,6296,7763
SZ,002606,1.77,6286,6551
SH,688685,3.46,6285,6285
SH,688621,-2.88,6284,6284
SZ,000957,1.83,6279,6279
SZ,300576,-3.88,6278,9975
SH,600368,1.3,6278,6278
SZ,300174,-2.41,6277,6312
SZ,002467,0.22,6260,6299
SZ,002785,-2.02,6256,7327
SZ,301369,-6.9,6253,11663
SZ,002135,1.18,6242,6671
SZ,002042,-0.26,6242,6242
SZ,002935,-1.17,6235,6370
SZ,300153,-1.5,6230,6262
SZ,300420,-7.45,6229,6229
SH,688381,-9.84,6227,6227
SZ,300895,-3.38,6226,6344
SZ,002664,-0.89,6220,6307
SZ,301176,-5.66,6218,6408
SZ,000913,5.02,6205,6280
SH,603861,-0.58,6200,6340
SH,688011,-0.17,6199,6220
SZ,000524,3.35,6197,6199
SH,603368,0.58,6196,6196
SZ,300598,2,6195,6197
SH,600897,0.75,6191,6191
SZ,000948,10.03,6191,6203
SZ,000751,-1.56,6189,7093
SH,600962,-1.57,6188,6188
SZ,000090,0.61,6185,6185
SZ,300360,0.73,6183,6355
SZ,000541,1.41,6177,7710
SZ,002605,2.64,6173,7621
SZ,301080,-4.04,6164,8149
SH,600400,-1.46,6164,6164
SZ,002127,0.65,6164,7586
SH,688418,-5.24,6156,6156
SZ,300324,0,6156,6219
SH,688366,2.72,6150,7252
SH,603229,-0.12,6144,6144
SH,688276,2.13,6143,6143
SZ,301489,-7.48,6134,10252
SZ,002840,2.39,6134,6177
SZ,300343,-1.19,6131,6143
SH,688518,-0.49,6127,6127
SZ,000026,4.22,6117,6809
SH,600975,0.82,6111,6111
SZ,000915,2.19,6107,6111
SH,600983,1.79,6101,6101
SH,603213,0.29,6099,6099
SZ,002955,-4.24,6089,7364
SZ,300872,0.63,6086,7039
SH,603708,1.71,6077,6077
SH,600313,1.26,6071,6515
SZ,002437,0,6048,6422
SH,603969,-4.17,6046,6188
SZ,000551,-3.18,6037,6040
SH,603197,0.6,6037,6119
SZ,002052,-0.9,6032,6584
SH,603363,1.08,6032,7674
SZ,003010,3.17,6027,8290
SH,600103,-0.72,6018,6095
SZ,300143,-0.81,6017,7034
SZ,002057,-0.12,6011,6016
SH,605005,0.81,6011,6011
SH,603931,-5.27,6009,6009
SZ,920599,1.91,5998,7914
SZ,300435,-1.68,5994,6268
SZ,000735,2.36,5985,5988
SH,688577,-1.58,5982,5982
SZ,002101,2.97,5973,5979
SH,605183,1.33,5960,5999
SH,688526,1.19,5957,5957
SH,603123,0.11,5955,7292
SH,600375,2.26,5953,6525
SH,600617,-2.04,5948,6463
SZ,002210,0,5948,5961
SH,600501,0.51,5947,5947
SZ,002123,0.12,5944,6645
SH,603489,0.6,5943,5943
SH,600586,1.95,5939,5939
SH,688179,-3.52,5933,5933
SZ,002678,1.16,5933,5936
SH,603311,0.28,5932,5932
SZ,300265,-3.49,5930,5934
SZ,300986,-0.28,5926,5930
SH,600108,0.66,5919,5919
SZ,301232,-5.11,5918,9965
SH,688488,-4.61,5912,5912
SZ,300134,-0.51,5910,5910
SZ,300252,-2.39,5900,7225
SZ,300214,-5.99,5900,5900
SH,688788,-0.91,5899,5899
SH,605598,-1.81,5896,5896
SZ,002438,-0.15,5889,6375
SH,688293,-2.63,5884,7349
SZ,002141,-9.67,5877,5877
SZ,301638,-2.4,5875,74658
SH,600963,1.83,5870,5870
SZ,300470,0.81,5869,6184
SZ,002298,1.25,5868,6572
SZ,300222,-1.49,5867,7196
SH,688328,-6.61,5866,5866
SZ,002073,2.3,5861,5921
SH,600433,0.91,5846,5846
SZ,002302,1.54,5845,5845
SZ,300226,1.99,5843,6077
SH,688103,-0.06,5841,5841
SH,688678,-5.1,5833,5833
SZ,002572,3.83,5831,8619
SZ,000561,1.62,5830,6489
SZ,000595,-4.65,5819,5819
SH,600881,-4.75,5818,5818
SZ,002082,0.59,5815,6264
SH,688365,1.26,5815,5815
SH,600866,0.22,5814,7693
SZ,300722,-0.65,5812,5812
SZ,300256,0.78,5810,5875
SH,600841,-0.7,5810,7730
SZ,300739,-4.52,5808,7159
SH,600106,0.23,5808,5808
SZ,002382,0,5807,5864
SZ,301137,0.85,5803,5803
SZ,300815,1.71,5801,5923
SZ,002519,-0.37,5800,5846
SH,600449,1.59,5800,5800
SZ,001236,1.73,5799,7710
SH,688408,1.89,5799,5799
SH,600691,0.83,5796,5797
SZ,000722,-0.86,5793,7131
SH,600851,0.9,5788,9463
SZ,002734,0.08,5785,6338
SH,600054,1.81,5785,8220
SH,688232,2.69,5783,5783
SH,688219,0.19,5782,5782
SZ,000779,1.97,5782,5782
SH,603108,0.63,5780,5780
SZ,000881,0.31,5775,6041
SH,600826,2.97,5772,5772
SZ,301101,2.16,5771,5991
SH,603990,-2.57,5769,5769
SZ,002232,1.59,5761,5761
SH,603867,-1.1,5759,5807
SZ,000025,3.09,5758,6319
SZ,301292,-0.65,5755,15050
SZ,300075,1.83,5747,6926
SZ,002009,-1.63,5746,6528
SZ,300043,-1.27,5745,5748
SZ,002390,0.34,5745,5793
SZ,300358,-0.84,5744,5857
SZ,000912,0.55,5739,5739
SZ,002752,-0.83,5736,5744
SZ,300579,1.66,5728,5937
SZ,301153,2.86,5726,6139
SZ,000900,0.8,5722,5722
SH,600855,0.08,5719,5730
SH,688499,-0.61,5717,5717
SH,688334,0.72,5716,5797
SH,600730,5.41,5714,5714
SH,688191,-4.17,5714,5714
SZ,301286,-4.16,5706,14156
SH,688799,-5.56,5705,5705
SH,603507,0.79,5695,5758
SZ,300976,-8.22,5691,8848
SH,600477,1.26,5685,5685
SZ,300212,3.83,5679,5853
SZ,002510,1.07,5677,5736
SH,603778,-0.66,5676,5828
SZ,300048,0,5674,5684
SH,688185,0.14,5671,12248
SH,600035,0.57,5668,5668
SH,600683,-2.54,5667,5667
SZ,300079,0.68,5664,6303
SH,603211,-7.25,5662,5662
SH,688312,-7.18,5659,5659
SZ,300981,11.98,5655,6171
SH,600488,-1.33,5645,5645
SH,688230,-4.37,5645,5645
SZ,002206,0.19,5644,6205
SH,601116,2.18,5641,5641
SZ,300047,2.4,5630,6256
SH,688818,-3.95,5629,74062
SH,603194,2.27,5626,14276
SZ,002965,-9.98,5625,7839
SZ,300868,-6.54,5621,8852
SH,603010,-1.29,5616,5757
SZ,002527,-0.46,5606,7028
SZ,001314,-5.93,5606,6443
SH,600230,-0.28,5605,5605
SH,600742,1.62,5603,5603
SZ,001212,-3.18,5598,6471
SH,600203,0.11,5598,5598
SZ,002970,-4.17,5595,8143
SZ,002421,-1.05,5589,5916
SZ,301248,-5.35,5588,7647
SH,600982,-0.78,5588,5588
SZ,002452,-0.82,5588,6693
SH,600694,1.51,5587,5587
SH,600425,1.46,5584,5584
SH,600255,-0.63,5581,5581
SZ,002218,-0.98,5578,5661
SH,688151,0.75,5574,5574
SZ,300617,-2.96,5574,6648
SH,603466,-1.98,5574,5574
SZ,300119,4.51,5572,7761
SH,603366,2.39,5569,5569
SH,603065,-8.09,5564,5564
SZ,000501,2.7,5562,5568
SZ,300258,0.52,5556,5704
SH,605277,-0.67,5555,5657
SH,603587,1.38,5550,5550
SZ,300129,1.45,5548,8560
SH,600292,1.28,5544,55278
SZ,000036,-1.49,5542,5545
SH,688717,-1.85,5541,8950
SH,603889,0.51,5540,5581
SH,600698,1.99,5539,7128
SH,601700,0,5534,5534
SZ,301583,-7.4,5533,33285
SH,603855,1.42,5530,5562
SZ,002997,0.76,5526,5526
SH,688767,7.15,5525,5525
SZ,002349,0.59,5520,5635
SZ,300852,-4.19,5516,5715
SH,605339,-0.14,5516,5516
SH,605555,1.06,5514,5514
SZ,300217,0,5512,6562
SZ,001330,-1.45,5500,6501
SZ,002132,-1.99,5499,5508
SH,605178,-7.37,5497,5497
SZ,002279,3.6,5497,5958
SH,603155,-4.98,5495,5495
SZ,002796,-5.36,5495,6090
SH,688787,-1.4,5493,5493
SZ,301678,-2.75,5492,9467
SZ,003012,2.33,5491,5600
SZ,001323,2.74,5490,7675
SH,603068,-8.93,5490,5490
SH,600081,1.33,5486,5486
SH,688658,-1.13,5486,5486
SZ,300825,-4.06,5480,5597
SZ,300393,-0.51,5477,6244
SH,688478,-8.48,5477,5477
SH,603668,-0.08,5473,5473
SH,601008,0.68,5471,5471
SZ,002538,0.79,5468,5471
SZ,300467,-2.6,5466,6525
SH,601121,0.74,5464,6722
SZ,002971,-6.42,5461,7144
SH,605056,-1.3,5454,5535
SZ,000717,2.27,5453,5454
SH,688562,0.15,5448,5448
SZ,300819,-2.76,5447,6031
SH,603153,2.51,5447,5529
SZ,000697,-1.41,5447,11643
SH,600815,0.66,5446,5446
SZ,002029,1.49,5436,5760
SZ,002068,0.41,5431,5434
SH,600278,1.12,5430,5430
SZ,002263,-1.02,5428,5428
SH,601086,5.43,5428,5428
SZ,000042,1.11,5426,5432
SZ,002697,2.16,5417,6433
SZ,300540,-6.39,5416,5963
SZ,002990,-6.45,5416,10275
SH,600644,-3.8,5407,5407
SZ,300841,1.72,5402,5903
SH,603135,-2.27,5401,5442
SZ,301209,-2.91,5397,6317
SZ,000557,0.82,5394,5396
SZ,003043,-7.49,5388,8253
SZ,002885,-6.84,5388,6153
SZ,920368,2.99,5383,5658
SZ,301301,1.17,5381,19376
SZ,000670,-3.42,5381,5482
SH,600592,0.15,5378,5378
SZ,301326,-5.68,5378,5425
SH,688709,-2.99,5377,15444
SZ,000404,0.26,5376,5401
SZ,300708,-0.12,5375,7028
SZ,300293,5.31,5374,5374
SH,605018,-2.46,5373,5373
SZ,002351,0.78,5372,9167
SZ,300128,-2.58,5372,5378
SH,605288,-7.29,5368,5404
SZ,300127,-0.5,5364,7510
SZ,300581,0.72,5364,5364
SZ,300926,3.69,5361,7814
SH,600720,1.34,5358,12184
SH,603776,-0.36,5354,5354
SZ,300900,-2.65,5351,6830
SH,688109,-0.18,5351,5351
SZ,301328,-8.17,5351,7403
SZ,002803,-1.31,5350,8233
SZ,002191,1.6,5344,5387
SZ,002882,10.03,5335,9359
SZ,002255,0.72,5333,6946
SH,605366,-3.62,5333,5333
SH,603170,5.88,5332,5332
SZ,000411,0.53,5327,5338
SH,603098,2.28,5323,5330
SZ,000531,0.34,5322,6092
SZ,002657,10.01,5321,5383
SH,603887,0,5316,5316
SZ,000525,1.92,5303,6216
SZ,002213,-4.1,5302,6094
SZ,002272,-6.2,5302,6299
SZ,300465,1.1,5298,5298
SZ,300046,-2.39,5296,5296
SZ,300203,0,5295,5300
SZ,300985,-3.29,5293,5293
SH,600829,0.77,5289,5289
SH,600569,4.55,5285,5285
SZ,000560,0.89,5285,5323
SZ,300197,-1.1,5278,5278
SZ,002424,0,5276,6401
SH,601518,0.36,5275,5275
SH,600603,0.45,5268,5268
SH,688707,-0.09,5265,5265
SZ,300039,2.68,5263,6004
SZ,002358,-0.17,5262,5262
SZ,300983,-3.6,5261,5950
SH,603848,-0.97,5259,5259
SH,603333,-1.5,5258,5258
SH,688598,-1.48,5252,5355
SH,688510,-1.07,5245,5245
SZ,300969,-3.5,5244,10996
SZ,300443,1.6,5244,6915
SZ,300261,4.71,5242,5356
SH,688575,1.78,5240,5240
SZ,001328,1,5240,5578
SZ,300082,1.85,5237,5250
SZ,300856,4.02,5236,5418
SH,688095,11.67,5236,5236
SZ,002833,-1.53,5234,7663
SZ,002640,-2.02,5233,5266
SZ,300990,-10.33,5232,11519
SZ,002685,-0.75,5229,5230
SZ,300019,-0.34,5227,5574
SH,600981,1.75,5225,5225
SZ,300451,0.88,5221,5298
SH,600138,2.12,5219,5219
SH,600756,1.39,5218,5629
SZ,002951,-0.98,5215,5265
SZ,002274,0.18,5214,5295
SZ,002777,2.3,5214,5262
SZ,300531,-0.35,5213,5372
SZ,000908,-3.73,5208,10417
SZ,300925,2.55,5208,6388
SH,600189,1.25,5207,5207
SH,605009,2.41,5206,5206
SH,601199,0.54,5200,5200
SZ,300939,-1.45,5198,5198
SZ,002567,1.4,5197,5202
SH,688237,-14.7,5193,5193
SZ,002419,1.56,5193,5193
SZ,301261,-3.28,5191,5235
SH,600300,1.26,5191,5191
SZ,000888,2.5,5190,5190
SZ,002060,0.91,5189,12465
SZ,002635,-4.44,5178,8635
SZ,000652,0.57,5177,5181
SH,688315,0.4,5173,5173
SH,600217,1.3,5172,5172
SZ,300996,20.03,5170,6143
SZ,300006,-2.39,5163,5163
SH,688553,-0.67,5160,6365
SZ,300159,-1.4,5159,9213
SZ,002300,-1.92,5150,5150
SH,603012,-0.24,5146,5146
SZ,002489,1.13,5146,5835
SZ,002749,4.77,5144,5259
SZ,300731,-5.96,5138,5414
SZ,301004,1.62,5134,5500
SZ,002164,-1.46,5134,5694
SH,603130,-0.97,5133,5133
SH,688610,-6.75,5133,8528
SZ,300525,3.61,5130,6254
SZ,300192,3.21,5128,5189
SZ,000920,-3.55,5128,5128
SH,688656,0.57,5123,5123
SH,603173,0.53,5123,5123
SZ,300696,-1.28,5123,5644
SZ,002196,2.24,5119,5197
SZ,300278,0,5116,5132
SH,688079,-5.66,5115,5204
SH,688309,-2.78,5114,5114
SH,600199,3.32,5111,5111
SZ,300909,-3,5110,6845
SH,600825,1.03,5110,5110
SZ,003041,3.01,5108,5376
SZ,300783,1.56,5107,7319
SH,688505,-0.54,5102,7443
SH,603336,2.32,5101,5101
SZ,300307,0.62,5099,5188
SH,688776,-0.2,5095,5095
SH,600279,0.94,5092,5092
SZ,000409,0.94,5090,5841
SZ,920493,1.91,5088,6906
SZ,002577,-3.61,5077,5078
SZ,002992,-1.39,5076,5876
SH,601177,-0.31,5074,5141
SZ,300057,-1.28,5069,6122
SH,600868,-0.36,5068,5068
SZ,002631,-1.08,5063,5087
SZ,002988,0.8,5059,5059
SZ,002383,0.89,5057,5057
SZ,300446,0.22,5051,11430
SZ,002793,-2.3,5050,5057
SZ,301392,-9.37,5046,12370
SH,603660,9.96,5046,5046
SH,600743,-0.91,5044,5044
SH,605050,0.69,5042,5042
SZ,002943,-5.58,5039,7119
SZ,300063,2.16,5037,6099
SZ,003040,1.94,5034,5082
SZ,300905,-0.73,5034,6454
SZ,300036,2.35,5034,5573
SH,600984,0.5,5016,5016
SH,603897,-1.65,5012,5012
SH,603727,-0.94,5012,5012
SH,688069,-5.57,5011,5011
SZ,300528,-1.24,5000,5000
SZ,301607,-4.76,5000,7712
SH,601279,1.61,4995,4995
SH,688117,-2.11,4993,4993
SZ,300569,0.62,4986,5001
SZ,001313,0.42,4985,4991
SZ,301580,-3.75,4985,7377
SH,688348,1.85,4981,4981
SZ,000852,0.77,4979,5008
SH,688620,-8.43,4978,4978
SH,688345,-2.63,4978,5002
SH,688101,-0.45,4977,4977
SH,603685,-2.17,4976,6248
SZ,300918,-0.09,4975,4975
SZ,300792,0.95,4973,5542
SH,603901,0.99,4968,5283
SH,600284,0.99,4968,4968
SH,600939,0.77,4965,4965
SH,600605,0.12,4965,4965
SZ,300820,-5,4964,9868
SZ,300400,-3.33,4964,4981
SH,603221,9.98,4964,4964
SZ,301307,-8.24,4962,9605
SH,605377,-0.55,4943,4943
SH,601011,0.39,4942,4942
SZ,002530,1.43,4942,5540
SH,600073,2.13,4942,4942
SZ,002229,0,4941,4972
SZ,002376,0.64,4935,5082
SH,600231,2.96,4935,4997
SH,600237,-2.46,4934,4981
SZ,002708,-2.74,4934,5368
SH,603843,3.68,4932,4932
SH,688226,-3.29,4931,5122
SZ,301053,0.07,4925,5303
SH,688733,-2.41,4922,4922
SZ,300066,-0.59,4921,5127
SZ,300706,-5.89,4919,6634
SZ,300221,-2.91,4916,5041
SH,603365,1.73,4915,4940
SZ,300158,-0.59,4908,4912
SH,605228,-0.95,4905,4925
SH,600817,0.65,4903,4927
SZ,002642,2.21,4902,4902
SH,600336,2.85,4900,4900
SH,600308,0.94,4899,4899
SZ,300755,6.04,4899,4902
SH,688757,-6.85,4898,10902
SH,600593,1.41,4897,4960
SZ,002166,0.3,4897,4917
SH,600814,1.99,4896,4896
SH,600769,-4.03,4893,4893
SZ,301012,-4.82,4892,4892
SZ,301099,-4.95,4892,8039
SH,600084,2.11,4888,4888
SZ,300093,-0.04,4887,11426
SZ,002307,0,4887,4946
SH,600979,-0.24,4880,4955
SZ,002102,-0.86,4878,5669
SH,600610,1.78,4876,7370
SZ,002189,-0.31,4876,4877
SH,601566,1.19,4873,4873
SZ,002870,-2.17,4868,4986
SZ,000880,-0.92,4861,9931
SZ,300084,-3.27,4855,5658
SZ,300151,-4.21,4852,7008
SH,605368,0.74,4845,4845
SH,600784,1.56,4844,4844
SZ,300507,0.48,4844,5004
SZ,002344,1.34,4843,4848
SH,603408,3.05,4843,4843
SZ,300406,0.8,4841,6688
SH,603111,0.35,4833,4974
SZ,001322,1.15,4832,5948
SZ,300300,0.56,4828,4828
SZ,002238,1.69,4823,4823
SZ,002959,1.35,4815,5367
SH,603187,2.28,4802,4853
SH,603131,0,4801,4801
SZ,002528,-1.92,4799,5478
SH,688566,0,4796,4796
SH,603137,9.99,4795,4795
SH,600790,1.24,4793,4793
SZ,300368,-1.4,4792,4792
SZ,002033,1.63,4791,4792
SH,603595,-4,4788,4788
SZ,300788,-0.03,4786,4786
SZ,002819,0.05,4786,6031
SZ,002662,0.31,4785,4785
SZ,002805,-1.03,4784,4806
SH,600513,9.97,4784,4784
SH,605338,4.39,4782,4782
SH,600889,-2.02,4777,7649
SZ,002695,-0.31,4777,5227
SZ,300756,-2.42,4773,5485
SZ,301048,0.9,4768,4768
SH,688135,-4.61,4767,4767
SH,600571,3.27,4765,4854
SZ,300287,0.28,4759,5181
SZ,002649,0.91,4758,5246
SH,603590,-3.74,4756,4780
SH,688352,-2.32,4756,15441
SZ,002482,1.6,4755,4764
SZ,002713,-0.32,4754,8591
SZ,002570,2.8,4752,4752
SH,688699,-4.57,4750,4750
SZ,002334,0.16,4748,5298
SH,603212,2.17,4747,4747
SH,600551,2.94,4746,4746
SZ,002481,1.68,4741,5231
SH,603988,8.22,4739,4739
SH,688679,-2.01,4734,4734
SH,603511,0.17,4734,4781
SZ,002892,1.18,4731,7014
SZ,002047,-2.18,4730,4731
SH,601789,-0.45,4728,6631
SZ,002375,0.85,4725,4757
SZ,002301,-3.51,4724,4764
SZ,301323,-2.74,4721,7338
SZ,300233,-0.61,4711,4891
SH,688007,-0.38,4711,4711
SZ,000517,0,4710,6018
SH,688689,-6.25,4707,4707
SZ,300161,1.73,4703,4793
SH,600495,0.26,4700,4700
SZ,002526,0.76,4693,4724
SZ,003033,-5.04,4692,4750
SH,600121,1.85,4691,4691
SH,603353,-2.05,4690,4690
SZ,300138,3.25,4688,5686
SH,603269,-6.62,4687,4687
SH,688410,0.87,4685,4685
SZ,002165,-1.82,4678,4728
SH,603711,3.66,4678,4678
SZ,002523,-0.29,4672,4689
SZ,002122,-0.83,4671,4704
SH,600191,1.37,4670,4670
SZ,002045,-2.11,4662,4669
SH,600990,0.64,4662,4662
SZ,002066,-1.84,4662,4740
SZ,002038,-0.35,4660,5620
SZ,300388,0.59,4658,4658
SZ,301239,1.27,4658,4906
SZ,002638,-0.85,4653,4942
SZ,002111,0.21,4653,5065
SZ,000925,0,4651,4687
SZ,000753,0.86,4650,4650
SZ,300626,-8.13,4649,4651
SH,688225,-1.77,4648,4648
SZ,002479,-0.18,4643,4654
SH,603348,9.99,4642,4642
SZ,301268,0.79,4640,5131
SH,603196,-0.8,4640,8198
SH,601002,-0.6,4639,4639
SH,603701,0.51,4637,4637
SZ,000993,1,4634,4634
SH,688711,-3.9,4630,4630
SZ,301312,-7.5,4627,9198
SH,605287,-0.95,4626,4626
SH,688389,1.41,4623,4623
SH,605299,-1.98,4623,4623
SH,600681,0.29,4622,4626
SZ,300291,-1.57,4621,4681
SZ,002134,-3.75,4621,4624
SZ,920640,0.16,4620,4802
SH,688696,3.79,4620,4620
SH,688601,-4.6,4616,4616
SH,600715,3.87,4608,6536
SZ,300680,-0.96,4607,5985
SH,603499,-6.12,4605,4605
SZ,301162,0.05,4604,7096
SZ,300087,0.2,4602,4831
SZ,002727,0.86,4593,6846
SZ,002637,1.13,4589,4643
SH,603162,-1.53,4585,14953
SH,605580,-1.26,4584,4584
SZ,000571,-0.34,4583,4724
SZ,301566,-2.68,4581,8680
SH,600178,-1,4576,4576
SH,688307,-5.82,4576,4576
SZ,002201,-0.38,4575,4952
SZ,300283,-4.73,4572,6187
SH,600626,1.47,4570,4570
SZ,002915,-0.18,4566,5314
SZ,000507,0.8,4566,4654
SZ,002880,2.29,4565,4565
SZ,300681,-2.31,4565,6054
SZ,300797,0.84,4561,4574
SH,603610,-1.21,4561,4561
SH,600234,-4.08,4560,4560
SZ,002483,0.19,4559,4565
SH,688330,1.12,4557,4557
SZ,002632,-0.12,4555,4953
SZ,301306,-4.06,4555,6598
SZ,002573,0.94,4550,4557
SH,601588,1.18,4549,5758
SZ,301368,0.11,4546,4546
SH,688181,-3.14,4539,4539
SH,600523,0.63,4537,4540
SZ,300215,0,4532,4532
SH,603191,-0.71,4530,4530
SZ,002556,1.46,4530,4534
SZ,300219,-1.07,4530,4538
SZ,000428,9.9,4524,4524
SZ,300959,-5.06,4521,6944
SH,600382,3.66,4521,4521
SZ,002627,5.55,4517,4566
SZ,000819,3.78,4517,4560
SH,601218,1.97,4516,4516
SZ,300259,-1.25,4515,4516
SZ,300523,2,4515,4515
SZ,002884,0.36,4514,5912
SH,603777,0.45,4511,4511
SH,600207,-0.23,4510,4510
SZ,000886,1.54,4508,4558
SZ,301256,0,4507,4507
SZ,000417,0.7,4503,4508
SZ,002478,0,4503,5612
SZ,000936,0.8,4491,4492
SH,603070,1.17,4491,4491
SZ,300488,-3.48,4491,5293
SZ,300663,6.91,4489,4665
SZ,001317,0.02,4489,4493
SH,600351,-0.6,4484,4484
SH,603387,1.14,4483,4483
SZ,002707,1.97,4481,5090
SH,688085,0.55,4477,4684
SZ,002194,-0.44,4475,5986
SZ,002401,2.03,4475,4479
SZ,300689,-8.35,4475,5084
SH,688323,-5.53,4473,4473
SZ,301529,-7.45,4471,8329
SZ,300441,3.63,4469,4601
SZ,002787,-6.43,4468,5987
SZ,300232,0.2,4464,5481
SZ,002651,2.47,4462,8154
SH,603980,-3.08,4460,4460
SZ,301333,-4.35,4459,4465
SZ,300688,9.24,4457,5028
SZ,002824,-4.96,4456,6130
SH,688683,-2.01,4451,4451
SH,600101,-0.11,4449,4449
SH,601065,1.32,4448,4448
SH,688282,-1.35,4447,4447
SH,600227,2.96,4446,5877
SZ,001283,-1.95,4445,5575
SZ,300695,-1.42,4440,4440
SZ,300490,-0.95,4440,4501
SZ,002543,1.67,4439,4990
SZ,300027,0.58,4437,4800
SZ,002501,0.81,4433,4438
SZ,301330,1.2,4432,5368
SZ,002940,-0.66,4428,4821
SZ,300463,0.9,4424,5442
SH,688386,-4.75,4420,4838
SZ,300791,2.51,4420,5300
SZ,300917,2.39,4419,4419
SH,603110,3.25,4417,4417
SZ,301321,-7.13,4414,5574
SZ,000526,9.99,4413,4427
SZ,000045,0.73,4410,4888
SZ,001338,1.5,4410,4410
SH,605300,3.08,4408,4408
SH,688448,-5.99,4399,4399
SZ,000608,-2.15,4398,4424
SH,688170,-4.11,4398,4398
SZ,000863,-1.81,4397,4463
SZ,000558,2.4,4394,4396
SH,688580,-2.02,4394,4394
SH,600283,0.38,4391,4391
SZ,002559,-2.34,4390,5591
SH,688119,0.52,4388,4388
SZ,001207,1.15,4386,4544
SH,600658,1.03,4385,4385
SH,600173,2.12,4385,4385
SZ,002146,0.9,4381,4870
SZ,300619,-1.11,4380,5203
SH,603558,0.31,4379,4379
SZ,002124,1.37,4378,4933
SZ,000665,1.05,4378,4378
SZ,301366,-0.94,4377,7839
SZ,301367,1.11,4376,5589
SZ,002059,2.3,4375,4505
SH,603018,2.1,4374,4374
SZ,300505,8.17,4373,5530
SZ,301487,-0.49,4370,7363
SZ,002728,-0.45,4366,4471
SZ,002522,-0.4,4362,4366
SH,688057,-3.89,4350,4350
SH,603598,2.48,4348,4353
SH,603209,2.97,4347,4394
SZ,300016,-1.14,4346,4496
SZ,300737,-0.6,4338,5429
SH,688196,3.21,4337,4337
SH,603060,0.94,4333,4333
SZ,000521,0.81,4332,5098
SZ,300147,5.27,4332,4358
SH,600609,1.53,4331,4331
SZ,002026,0.31,4330,4330
SZ,920576,-0.93,4328,4371
SH,603611,1.33,4328,4328
SZ,002641,0.53,4321,4683
SZ,301362,-4.75,4320,15397
SZ,300534,8.25,4319,4338
SH,600758,0,4319,4323
SH,603767,0.58,4318,4318
SZ,001359,-7.62,4313,17250
SZ,002393,0.49,4311,4427
SH,603822,0.2,4311,4311
SZ,000720,-1.14,4310,4310
SH,603697,1.51,4307,4307
SH,603528,1.5,4306,4306
SZ,300587,1.24,4305,5310
SH,605028,-0.18,4304,4304
SZ,301179,-0.43,4303,7328
SH,688639,3.18,4302,4302
SZ,000011,4.48,4301,4869
SZ,001208,-2.8,4300,8611
SZ,300592,-3.84,4299,4890
SZ,301211,-1.62,4297,4297
SH,600288,-1.89,4294,4294
SH,605577,2.55,4293,4293
SZ,002303,0,4293,6799
SZ,300847,-0.74,4289,4289
SZ,002455,-0.14,4289,4689
SZ,300702,1.34,4286,7088
SH,600819,3.23,4286,5304
SH,603158,-1.46,4284,4284
SH,688377,-1.49,4284,4284
SH,688539,-1.36,4284,4284
SZ,000078,-2.39,4279,4289
SZ,002540,0.81,4274,6213
SH,600976,0.14,4271,4274
SZ,000718,0.54,4267,5675
SH,600168,0.7,4262,4262
SZ,300785,3.17,4257,6920
SZ,300267,-0.98,4253,6167
SZ,002112,0.19,4251,4771
SH,600558,0.85,4246,4246
SZ,301182,-5.33,4243,4653
SZ,300271,1.71,4242,4335
SZ,002907,0.08,4238,5270
SZ,300968,-2.93,4233,4233
SZ,000821,-0.13,4233,4360
SZ,301058,0.73,4231,4302
SZ,300249,-3.57,4231,5185
SH,600071,0.47,4224,4224
SZ,002367,0.57,4219,4236
SZ,301365,-2.96,4218,6250
SH,688665,-1.5,4217,4217
SH,688691,-4.85,4212,6928
SZ,301325,0.48,4202,4202
SH,600880,1.05,4197,4198
SZ,300802,-6.06,4195,5889
SZ,002919,-1.79,4190,4221
SZ,301349,-3.34,4187,5302
SH,688228,0.93,4185,4185
SZ,002117,1.4,4178,4179
SZ,301629,-5.49,4175,9076
SZ,300561,-1.8,4175,5683
SZ,300727,-2.12,4174,4639
SH,688320,-2.5,4171,4171
SZ,002285,0.96,4168,4205
SZ,301070,-9.04,4166,6198
SZ,002427,0.48,4165,4168
SH,688667,-3.02,4163,4163
SZ,002235,0.27,4163,4358
SH,688236,1.62,4162,5535
SZ,301265,-4.36,4161,5169
SH,688720,-7.4,4160,6524
SZ,300149,-2,4157,4362
SH,688073,-4.44,4156,4156
SZ,920077,0.07,4148,8055
SH,688786,-4.97,4145,4145
SZ,300532,0.44,4141,4354
SH,688267,2.14,4141,4141
SH,603916,0.31,4140,4140
SZ,002264,1.44,4140,4578
SH,603682,2.58,4139,4139
SZ,002443,0.51,4138,4138
SZ,300210,-1.03,4130,4130
SH,600340,0.95,4127,4127
SZ,300871,-0.48,4126,4126
SZ,000016,1.18,4119,6212
SH,603167,0.8,4119,4119
SH,603790,-3.7,4118,4118
SH,603286,-4.36,4118,4157
SZ,300662,3.45,4117,4129
SH,603666,-2.29,4111,4111
SZ,300692,-2.07,4110,4504
SZ,300648,-0.92,4109,5397
SH,603069,2.04,4108,4108
SZ,002758,0.64,4105,4109
SZ,301413,-3.32,4104,6873
SZ,002490,2.44,4101,6234
SZ,301370,1.75,4094,4094
SZ,300793,-0.08,4093,4186
SH,603122,0.1,4092,4092
SZ,301379,-6.16,4091,5192
SH,603165,0.77,4090,4090
SZ,301391,-1.2,4089,4185
SH,600729,2.81,4086,9351
SH,603519,4.5,4085,4085
SZ,300123,0.49,4085,4200
SH,603035,1.92,4081,4081
SZ,300705,3.08,4081,5518
SZ,300018,-2.17,4077,5474
SH,688356,-3.74,4077,4077
SZ,300397,-1.08,4069,5161
SH,688796,-6.17,4069,47103
SZ,300286,-0.5,4068,4910
SH,600479,0.93,4068,4784
SH,603439,-1.07,4067,4067
SH,603271,-0.89,4062,8510
SH,603966,-0.12,4059,4064
SH,600261,0.66,4059,4059
SH,600650,2.27,4054,5726
SH,688210,-3.18,4052,4052
SZ,300227,4.97,4048,5284
SZ,002480,-0.56,4038,4046
SH,603016,-0.28,4037,4037
SH,600505,-0.35,4032,4032
SH,600152,-1.03,4032,4032
SH,603217,1.04,4031,4031
SH,603726,-2.88,4030,4051
SZ,300326,-0.17,4028,4030
SZ,300541,0.97,4028,4464
SZ,000655,1.2,4024,4024
SZ,300461,-3.76,4024,4381
SH,605086,-0.08,4021,4021
SZ,300859,3.1,4019,4019
SH,603072,0.41,4017,8409
SZ,920239,0.04,4015,4064
SH,605268,1.33,4013,4013
SZ,300071,6,4008,4087
SH,603967,1.05,4007,4007
SZ,300091,1.24,4007,6963
SZ,301488,-1.1,4002,9766
SZ,002950,2.2,4000,5896
SH,603758,0.99,3993,3993
SH,600076,3.13,3993,3993
SH,603960,-1.03,3993,3993
SZ,002321,1.08,3993,4010
SH,603976,-3.77,3993,3993
SH,688115,-7.01,3992,3992
SZ,002876,-1.17,3990,4658
SZ,300355,0.69,3990,4684
SZ,300547,-5.76,3987,4852
SH,603097,-0.05,3981,4074
SZ,301116,3.5,3978,3978
SH,603015,0.31,3973,3973
SZ,300586,-3.25,3972,5284
SH,603178,0.96,3969,3969
SZ,300105,-8.97,3969,3972
SZ,300228,-0.27,3968,4242
SZ,300206,1.65,3966,6794
SZ,002161,0,3964,3965
SH,605088,-0.6,3962,3992
SZ,300893,0.77,3961,7469
SH,600628,1.83,3959,3959
SZ,002040,0.62,3957,3957
SZ,002406,1.08,3957,4798
SH,603689,0.8,3952,3970
SH,603032,-1.04,3950,3956
SH,603683,-3.44,3949,3990
SZ,300963,-0.08,3943,5375
SH,688186,1.44,3941,3941
SH,603088,-1.31,3941,4521
SZ,300121,0.11,3938,4083
SH,603322,-2.64,3937,3937
SH,603150,-3.63,3932,3932
SH,601368,0.68,3929,3929
SZ,920946,0.22,3922,3923
SZ,300320,0.12,3921,4858
SZ,002612,8.3,3919,6814
SZ,301007,-4.56,3918,3970
SZ,300189,0.91,3917,4526
SZ,300643,-5.77,3914,3923
SH,603918,2.58,3914,3914
SH,605337,2.87,3913,3913
SZ,000882,1.42,3912,3914
SH,600798,1.25,3909,3909
SH,603869,0,3909,3909
SZ,300196,-0.62,3908,6468
SH,600792,0.57,3907,3907
SH,688207,-3.76,3905,3905
SZ,002116,1,3898,3946
SH,600530,2.24,3898,3898
SH,688459,0.12,3898,3898
SZ,002160,0.53,3896,3904
SH,600727,0.55,3896,3896
SZ,002553,1.47,3892,5368
SZ,002765,0.77,3891,4258
SH,603661,-2.16,3891,3891
SH,600568,2.19,3889,4643
SZ,300882,0.83,3888,4179
SZ,920522,-0.96,3888,4687
SZ,000919,0,3886,3887
SZ,920593,-0.9,3885,4574
SZ,300654,-0.44,3879,4027
SH,600135,0.14,3879,3879
SH,603429,-5.13,3871,3871
SZ,002090,4.97,3870,3894
SH,688633,0.31,3870,3870
SZ,002989,-3.78,3870,3944
SH,688379,-4.69,3869,4079
SZ,300061,0.98,3864,4092
SZ,301055,-6.29,3862,3947
SH,688269,2,3862,3862
SH,603222,-1.07,3859,3859
SZ,301458,-4.25,3859,8760
SH,600469,1.15,3859,4708
SZ,300712,-0.47,3858,3875
SZ,000523,2.83,3856,5341
SZ,002005,-0.44,3854,3855
SZ,002449,-0.47,3853,3853
SZ,002788,1.2,3853,3920
SH,688010,-3.57,3845,3845
SZ,002418,-0.87,3841,3841
SZ,002177,1.61,3840,4331
SH,603676,1.26,3838,3838
SH,600526,1.39,3833,3901
SZ,300429,-2.44,3827,5087
SZ,002035,1.24,3824,4145
SH,688655,-5.68,3822,3822
SH,605189,4.84,3821,3821
SZ,300246,-2.53,3820,4779
SZ,300767,1.53,3819,4399
SH,603719,1.48,3817,3817
SZ,301277,-0.7,3815,3815
SH,688595,-1.26,3813,3813
SH,603315,-2.37,3812,3812
SH,688419,-7.96,3811,3811
SZ,002586,-0.84,3806,4005
SZ,300022,0,3806,3806
SZ,300403,-0.66,3801,5367
SH,603912,-0.84,3799,3799
SZ,002772,0.49,3798,3830
SZ,000599,1.31,3798,11360
SZ,002688,1.6,3797,3909
SZ,000520,-1.82,3795,3795
SZ,300700,-6.28,3795,5380
SZ,000850,0.25,3792,3794
SH,688429,2.6,3792,3792
SZ,001316,-1.09,3791,4068
SH,603339,0.41,3791,3791
SZ,301160,-4.14,3789,5702
SZ,002380,-2.41,3788,6393
SZ,301102,1.97,3788,3788
SZ,000822,0.24,3786,3786
SZ,301230,-3.52,3786,4209
SH,600824,2.28,3784,3784
SZ,300878,-2.52,3783,3801
SH,603978,-1.31,3781,3781
SZ,002564,1.15,3779,3779
SH,603636,1.56,3778,3778
SH,603121,-0.7,3778,3778
SZ,300332,0.87,3778,3942
SZ,301045,-6.12,3777,5976
SH,603928,-3.73,3775,3775
SZ,920139,0,3773,3905
SZ,300183,-0.58,3770,4700
SH,601113,0.89,3765,4618
SZ,300317,-5.41,3763,3769
SH,600714,-1.8,3761,3761
SZ,301075,-3.16,3759,3759
SZ,300318,1.28,3756,3872
SH,688298,1.14,3756,3756
SZ,001288,-3.39,3754,5779
SH,688247,0.24,3754,3754
SZ,300481,-0.83,3754,3777
SH,603113,0.91,3750,3750
SH,605286,-0.52,3750,3750
SH,605208,-2.15,3745,3745
SH,600794,1.3,3744,3744
SZ,002187,3.29,3743,3743
SZ,002589,0,3742,4123
SZ,301187,3.09,3740,3740
SH,603520,-1.15,3740,3740
SH,688719,-4.83,3740,4809
SZ,002228,1.64,3737,3749
SZ,000678,0.37,3737,3737
SZ,002843,-5.73,3735,3758
SH,688061,-4.62,3735,3735
SH,600725,-7.05,3734,3734
SZ,002554,-0.35,3734,3734
SH,603239,1.03,3733,3733
SZ,300349,0.6,3730,4210
SH,600067,0,3730,3730
SZ,300380,3.39,3729,4053
SZ,002322,1.34,3728,3878
SZ,000816,0.78,3728,3748
SH,600960,0.51,3726,3726
SZ,300491,-6.55,3724,4198
SH,600527,0.47,3723,3723
SZ,000797,1.72,3722,3723
SZ,300588,-1.86,3720,4029
SH,688212,4.27,3714,3714
SH,688635,-6.42,3713,19589
SZ,300539,-1.44,3713,4568
SZ,300506,-2.87,3710,7199
SZ,001380,1.4,3710,4317
SZ,301168,-2.2,3710,4670
SH,688551,-4.85,3709,3709
SH,600379,-4.34,3705,3705
SH,600576,1.26,3705,5916
SZ,002328,-1.21,3704,5009
SZ,301282,-6.71,3703,4423
SH,603933,0.85,3701,3701
SH,688211,-0.8,3699,3699
SH,603398,-1.72,3699,3699
SZ,300004,-2.03,3696,3696
SZ,300421,-1.28,3694,4716
SH,605162,-4.57,3693,3693
SZ,003019,-2.96,3691,3819
SH,603058,-6.8,3691,3691
SH,603669,-0.37,3690,3690
SZ,000532,1.32,3690,3702
SH,688023,0.89,3690,3690
SZ,300177,1,3686,4525
SH,603085,0,3685,3685
SH,688291,-2.89,3685,3685
SZ,300044,-0.76,3684,3934
SH,605388,10.07,3675,3675
SZ,300669,-1.79,3674,3879
SZ,300711,-0.19,3672,4145
SZ,301252,-0.76,3670,4576
SH,688311,-2.46,3668,3668
SH,603607,-2.13,3665,3665
SH,603615,0.4,3664,3664
SZ,002088,0.42,3663,3688
SH,688360,-0.63,3661,3661
SH,600734,-0.58,3659,3660
SH,688489,0.56,3658,3687
SH,605055,-1.88,3656,3656
SH,600805,1.18,3656,3659
SZ,002162,0.51,3655,3660
SZ,003004,-9.31,3654,4351
SH,600830,0.63,3653,3653
SH,600337,-3.41,3650,3650
SZ,002582,2.42,3642,4737
SH,688512,-3.85,3638,5301
SH,603639,2.79,3637,3741
SH,603126,1.54,3632,3632
SZ,002930,-0.7,3632,3838
SZ,002786,-0.8,3632,3643
SZ,002902,-3.94,3629,4801
SZ,300557,-3.12,3629,3647
SH,688218,-4.76,3626,3626
SH,605378,3.9,3625,3625
SH,603199,1.93,3625,3625
SZ,000518,-1.67,3624,3624
SZ,301603,-5.64,3622,11593
SH,603386,-2.45,3622,3622
SZ,003026,-4.67,3621,4704
SZ,300194,0.81,3612,4438
SZ,301376,-4.45,3608,7498
SZ,002986,1.01,3607,4542
SZ,300590,-0.87,3607,4659
SZ,300629,-1.41,3605,4181
SZ,002562,0.91,3604,5063
SH,603081,0,3600,3600
SZ,002886,-2.37,3598,4530
SZ,002370,1.05,3594,3594
SH,688588,2.33,3592,3592
SZ,300964,-4.41,3591,4894
SZ,300111,0.36,3591,3591
SZ,300984,-6.03,3589,5570
SH,600860,1.64,3588,4424
SH,600127,0.54,3588,3588
SZ,001269,4.9,3587,3587
SH,603090,-3.85,3586,3586
SZ,300299,0.58,3585,3590
SH,603105,0.7,3585,3585
SZ,301280,-4.42,3583,6899
SZ,002469,1.6,3582,3699
SH,603566,1.27,3582,3582
SZ,300606,-3.48,3577,4206
SZ,300745,-4.33,3576,4236
SH,603559,2.53,3571,3571
SH,603106,1.78,3566,3566
SZ,300010,-3.16,3560,4423
SZ,002333,0.38,3559,3604
SH,600581,1.31,3556,3556
SH,603421,-1.08,3554,3554
SZ,300351,-1.23,3554,5246
SH,603551,1.52,3552,3597
SZ,300933,-4.13,3551,3551
SH,605369,1,3550,3550
SZ,301609,-4.76,3549,5888
SZ,000505,1.45,3548,4078
SH,603716,-0.62,3547,3547
SZ,300733,1.51,3547,4811
SZ,000626,0.86,3546,3567
SH,688606,1.8,3545,3545
SH,603579,0.8,3545,3545
SZ,300424,0.66,3545,3547
SZ,920809,-0.64,3542,4613
SH,688157,2,3540,3540
SZ,000713,1.59,3537,4598
SZ,300911,10.32,3537,3784
SZ,300068,-0.71,3534,3719
SH,688039,1.17,3529,3529
SH,688136,-1.46,3529,3529
SH,688768,-1.93,3527,3557
SZ,301008,-3.32,3527,3994
SZ,002095,2.94,3524,3538
SH,603324,-5.8,3522,3522
SH,688238,-1.8,3522,3531
SZ,000726,0.17,3518,4881
SZ,000965,1.28,3518,3518
SZ,000862,-2.26,3517,5141
SZ,300901,-0.33,3516,3516
SH,600579,-1.1,3514,3514
SH,688033,0,3514,3514
SH,603569,1.04,3512,3512
SH,600506,0.93,3512,3512
SZ,300715,-3.68,3511,4242
SH,603706,-0.04,3511,3511
SZ,300453,0.52,3509,5090
SH,688558,-1.47,3509,3509
SZ,002596,0.33,3508,3512
SH,603232,2.02,3507,3525
SH,601033,0.62,3506,13149
SH,601599,1.34,3505,3505
SZ,301398,-1.04,3505,3595
SZ,002609,1.19,3501,4909
SZ,002677,-1.39,3497,4096
SZ,300611,-1.12,3496,4975
SZ,920799,0.97,3495,6088
SZ,301235,-4.73,3495,4684
SZ,300414,-2.61,3493,3632
SH,688168,-5.76,3492,3492
SZ,002693,-0.11,3489,3521
SZ,000721,10.02,3489,3908
SH,600834,2.67,3485,3485
SZ,002676,0.21,3485,3485
SZ,300518,-5.76,3483,3484
SH,688533,1.79,3480,3480
SH,603020,-0.95,3478,3478
SZ,300533,6.52,3474,4937
SH,603309,0.51,3473,3473
SZ,000716,1.94,3473,3554
SH,603109,0.42,3471,3471
SZ,002016,1.66,3471,3471
SH,603956,-1.76,3471,3471
SZ,301112,-8,3469,3469
SZ,300402,1.28,3464,3509
SH,603138,0.17,3460,3523
SH,603101,0.14,3457,3457
SZ,002107,0,3451,3486
SH,688569,0.61,3451,3451
SH,603291,0.37,3449,3449
SZ,000868,1.94,3448,3448
SZ,301656,1.87,3447,40713
SZ,002669,-0.08,3445,3453
SZ,300836,-5.88,3445,5032
SZ,002339,0.28,3442,3624
SZ,301016,-0.92,3442,3590
SZ,300407,4.08,3440,4601
SH,688807,-7.59,3433,17166
SZ,300200,-0.6,3430,3487
SZ,300873,-3.8,3429,4724
SH,605158,0.75,3427,3427
SH,688590,2.87,3426,3808
SH,688299,-1.96,3426,3426
SZ,301310,-3.99,3425,10724
SZ,002462,0.77,3425,3428
SZ,300880,-0.73,3425,3425
SZ,000407,0,3424,3441
SH,688653,-3.39,3420,4589
SH,603390,1.78,3419,3425
SH,600800,0.33,3418,3419
SH,600980,1.35,3414,3486
SZ,300096,-0.62,3414,3414
SZ,002783,1.93,3412,3695
SZ,301038,-0.32,3411,3411
SZ,002356,0,3409,3409
SH,601366,1.14,3407,3407
SZ,300632,-4.4,3406,4700
SZ,300639,-1.09,3403,3491
SZ,300190,-0.82,3399,3413
SZ,003000,3.96,3395,4969
SZ,002791,1.37,3394,5517
SZ,300668,-7.27,3393,4097
SZ,300530,-3.23,3391,3391
SH,603926,-3.47,3389,3420
SH,688148,0.45,3388,3388
SH,688646,-1.99,3387,5500
SZ,002225,0.56,3387,4138
SZ,300099,0,3385,4291
SH,600638,2.87,3380,3380
SZ,300448,1.54,3380,3558
SZ,300434,-2.27,3377,3965
SZ,002457,-1.26,3376,3378
SZ,300809,-2.47,3376,5684
SZ,301033,-3.33,3374,4014
SH,603175,-4.36,3373,32419
SZ,301003,-5.82,3372,4359
SH,605108,3.93,3370,3370
SZ,002628,-1.31,3369,3384
SZ,000659,-0.75,3369,3369
SZ,301175,2.46,3364,7963
SZ,002305,-0.5,3364,3364
SH,688680,0,3356,3356
SZ,000488,1.02,3355,5824
SZ,000782,-3.63,3354,4360
SH,603357,1.53,3352,3352
SZ,300736,-0.77,3351,3438
SH,688098,-0.96,3351,3351
SH,688602,0.62,3350,3350
SZ,300729,1.39,3348,3478
SZ,000736,1.82,3347,3347
SZ,001216,0.74,3347,3979
SZ,300213,1.17,3346,3602
SZ,300962,0.8,3345,3345
SZ,002584,-1.91,3345,4178
SZ,920819,2.22,3344,3383
SZ,002197,-5.43,3343,3846
SZ,002374,0.65,3342,3342
SH,600520,-5.04,3340,3340
SH,605068,9.99,3340,3340
SZ,300471,-0.32,3339,4283
SZ,000926,0.47,3335,3377
SZ,301085,-6.16,3334,4912
SZ,300571,-4.43,3334,4023
SZ,002766,1.83,3334,3345
SH,600857,-4.06,3333,3333
SH,600318,1.09,3333,3333
SZ,300907,-3.6,3329,3329
SZ,002818,1.92,3323,8338
SZ,000903,-0.56,3322,3347
SH,603759,1.84,3320,3320
SZ,300290,12.34,3319,3320
SZ,002412,-3.61,3316,3351
SH,603665,-1.84,3315,3315
SZ,001217,3.38,3311,3349
SH,603535,4.52,3311,3311
SH,600229,2.04,3310,3310
SH,605058,-2.15,3309,3309
SH,688750,0.07,3307,6568
SZ,300494,1.34,3306,4071
SZ,301073,2.09,3303,3613
SH,600503,0.98,3301,3301
SZ,300427,-3.52,3300,3336
SH,688785,-3.32,3298,16485
SZ,301115,-1.9,3297,4056
SH,600865,2.58,3296,3296
SH,688339,-0.99,3293,4046
SZ,002646,3.44,3293,3315
SZ,002109,0.78,3293,3293
SZ,300664,0.67,3292,3418
SZ,300120,-2.65,3286,3578
SZ,300248,1.77,3285,3825
SH,605077,-0.08,3282,3321
SZ,301110,1.9,3279,4662
SZ,300894,13.43,3279,4516
SH,688302,-1.51,3278,3278
SZ,003037,0,3277,3277
SH,603811,0.28,3276,3276
SH,603396,1.5,3276,3276
SZ,001257,0.04,3276,43916
SZ,301017,1.04,3275,5135
SH,603014,-0.36,3274,13477
SZ,300622,-0.65,3273,4788
SH,600218,1.35,3271,3271
SH,600653,0.6,3270,3270
SZ,300160,0.94,3270,3316
SH,600822,1.6,3268,4092
SH,600679,1.71,3265,4705
SH,688443,-1.33,3265,8349
SZ,300370,0.48,3263,3272
SH,688199,-4.16,3263,3263
SZ,300132,0.16,3262,3316
SZ,000789,1.49,3261,3261
SZ,300559,-0.37,3261,4187
SZ,300652,-0.61,3260,3632
SZ,000701,2.09,3259,3261
SH,601999,1.55,3256,3256
SZ,001221,6.78,3255,16940
SH,603261,-5.76,3255,3255
SZ,300078,1.74,3251,3264
SH,605066,-0.14,3251,3251
SZ,002327,1.85,3250,5520
SH,688522,0.11,3249,8002
SH,601616,10.14,3244,3244
SH,605136,-3.1,3244,3244
SZ,301289,0.1,3243,3264
SZ,301551,1.5,3238,8380
SZ,301311,0.67,3238,3238
SZ,002474,0.99,3236,3808
SH,603648,0.9,3233,3233
SZ,000514,1.32,3232,3232
SH,603813,8.65,3231,3231
SH,603815,0.58,3231,3231
SZ,301186,-3.07,3229,3434
SH,600467,1.84,3229,3229
SH,603817,0.89,3227,3227
SZ,002094,2.41,3224,3226
SZ,301246,-1.29,3223,7580
SZ,300848,0,3220,5443
SZ,000731,-0.16,3216,3216
SH,600843,0.44,3214,4885
SZ,301315,2.04,3208,3208
SH,688133,-4.12,3208,3208
SH,600512,1,3207,3207
SH,603788,1.2,3205,3205
SH,605398,1.39,3204,3204
SH,600327,0.56,3203,3203
SH,603038,-1.23,3203,3203
SZ,300110,0.37,3201,3204
SH,688045,-4.85,3194,3194
SZ,300822,0.82,3193,3442
SH,603600,1.58,3192,3192
SZ,002927,-1.69,3191,3227
SZ,002395,0.34,3191,3192
SH,603313,-0.7,3190,3190
SZ,002037,-1.92,3189,3189
SZ,002822,1.36,3185,5811
SH,603999,1.65,3185,3185
SZ,002178,0.9,3182,3183
SZ,301682,1.66,3181,15050
SH,603987,0.28,3180,3180
SH,600622,1.92,3179,3179
SH,603230,1.35,3178,3178
SZ,300466,1.14,3178,3792
SH,688398,-1.34,3177,3177
SH,603948,0,3172,3172
SH,600280,1.81,3171,3171
SH,603656,0.99,3169,3169
SH,603210,1.57,3167,4633
SZ,300040,-3.31,3166,3938
SZ,300885,-1.8,3165,4702
SH,600716,0.3,3164,3164
SZ,301613,0.08,3163,5423
SH,603679,-2.4,3163,3163
SZ,000931,0.72,3162,3171
SZ,002889,-1.55,3161,4751
SZ,002441,0.38,3161,4318
SZ,300545,-2.29,3155,4894
SH,603856,0.36,3151,3151
SH,600731,3.57,3147,3218
SZ,002801,-0.25,3145,6237
SZ,300572,-0.56,3140,3966
SH,600749,2.14,3139,3139
SH,603351,-0.21,3138,3138
SZ,920037,-0.11,3137,5131
SZ,301408,0.22,3132,5472
SZ,001318,-0.17,3132,3132
SZ,002672,1.17,3132,3824
SH,603139,-0.44,3128,3128
SZ,002365,0.47,3127,3757
SZ,300241,-1.69,3125,3727
SZ,002369,-1.59,3125,3130
SH,603898,-1.22,3125,3125
SH,603095,-0.97,3125,3125
SH,600354,1.89,3125,3125
SZ,002362,0.74,3122,3677
SZ,300193,0.13,3116,3539
SH,688259,-1.72,3114,3114
SH,603696,9.98,3112,3112
SZ,300551,-0.32,3109,3118
SH,600293,-0.36,3109,3109
SZ,002296,-0.32,3109,3487
SZ,300781,2.56,3108,4213
SZ,000421,0.74,3107,3108
SH,603116,0.94,3106,3106
SZ,301223,0.37,3105,3105
SZ,000788,0.19,3105,3105
SZ,002451,0.28,3105,3116
SZ,300801,-3.03,3103,4952
SZ,301199,-0.16,3103,3224
SZ,301602,0.88,3102,6374
SZ,000509,-1.02,3101,3101
SZ,300056,4.01,3101,3103
SH,603007,-1.54,3100,3945
SH,605399,0.1,3098,3101
SZ,300473,-1.94,3098,3553
SZ,000007,-2.5,3094,3094
SH,605259,1.24,3091,3091
SZ,001215,0.54,3090,3098
SZ,000607,1.45,3089,3552
SZ,002055,-1.88,3089,3143
SZ,301120,-1.19,3087,5231
SZ,301060,0,3087,3432
SZ,301096,-3.32,3084,4055
SH,603316,-4.26,3084,3151
SH,688722,-0.78,3084,3084
SH,600052,0.27,3081,3081
SZ,000037,-1.93,3081,5479
SZ,000889,-3.53,3079,3314
SZ,002571,-0.76,3079,4045
SH,605138,1.65,3078,3078
SH,603258,0.95,3075,3093
SZ,301206,-0.2,3073,4773
SZ,000803,1.21,3071,3115
SZ,301499,-1.54,3071,3071
SZ,300867,0.13,3070,4353
SH,600053,-0.69,3069,3069
SZ,002548,0.26,3065,3155
SZ,300094,2.59,3062,3125
SZ,300515,-1.29,3061,3121
SH,603577,-1.52,3056,3056
SZ,300247,0,3055,3055
SZ,301662,-2.15,3055,7946
SZ,300973,4.46,3053,4361
SZ,301169,-6.1,3052,3054
SZ,301226,0.14,3051,3051
SH,688571,-1.09,3050,3050
SZ,002021,-0.38,3048,3048
SZ,000691,-0.73,3045,4568
SZ,300656,-7.61,3045,3920
SZ,002735,-1.1,3044,4008
SZ,300062,-1.47,3043,4183
SZ,301630,-4.99,3042,8119
SZ,301259,3,3040,4741
SZ,301076,-1.38,3039,4545
SZ,000546,0.69,3038,3391
SH,688399,-8.48,3037,3037
SZ,002686,10.04,3037,3290
SZ,301617,-2.45,3037,7651
SZ,920047,-0.81,3037,4624
SZ,300289,0.72,3036,3041
SZ,300683,-1.96,3036,3255
SZ,300798,4.47,3035,3689
SZ,300385,2.05,3035,3478
SZ,300521,-3.29,3031,3069
SZ,002912,1.08,3030,3190
SZ,300927,3.12,3030,3105
SZ,920806,3.07,3028,3028
SH,688579,0.66,3028,3028
SH,688053,0.03,3028,3028
SZ,301500,0.1,3028,11794
SH,600969,-0.72,3023,3023
SZ,301136,1.29,3021,3025
SH,688071,-1.56,3021,3021
SH,605186,-4.17,3021,3021
SH,688317,0.44,3020,3020
SZ,300875,-0.42,3020,3434
SH,688373,-0.21,3019,3019
SZ,002175,-0.41,3013,3013
SH,600539,-9.02,3013,3013
SH,600738,2.86,3012,3015
SZ,300908,1.71,3011,3562
SH,600668,0.83,3010,3010
SZ,301257,-3.14,3006,3153
SH,605566,-3.09,3000,3000
SZ,300578,1.61,2999,3000
SZ,002724,0.96,2998,4074
SZ,301373,-6.98,2998,7973
SZ,002286,-0.6,2994,3078
SH,688163,-2.73,2991,2991
SZ,301201,-0.35,2990,4262
SH,688283,-2.22,2990,2990
SZ,002849,-2.49,2987,3012
SZ,300135,1.89,2986,2986
SH,603266,-0.52,2985,2985
SZ,002845,-2.52,2983,3904
SZ,300242,7.82,2976,2976
SH,688286,-3.48,2969,2969
SZ,002394,3.03,2966,2972
SZ,300686,-3.28,2964,2984
SH,600684,0.87,2962,3838
SZ,300352,0,2961,3364
SH,603798,-2.11,2959,2959
SH,688600,-3,2956,2956
SZ,300553,-7.65,2955,3856
SH,603051,1.56,2955,2955
SH,688084,-0.78,2952,2952
SZ,300589,0.56,2951,4755
SZ,300812,-2.63,2950,3251
SZ,002313,-0.12,2946,2947
SZ,300225,-3.25,2946,2967
SZ,300125,-1.91,2944,5433
SZ,301535,1.76,2943,7370
SZ,300011,0.52,2942,3512
SZ,301028,-1.17,2940,4532
SH,600156,-1.21,2935,2935
SZ,301270,1.24,2932,3103
SZ,300542,3.77,2931,3535
SH,603896,1.03,2930,2930
SZ,000530,0.62,2929,4115
SH,601956,0.86,2928,2928
SZ,300187,0,2927,2944
SZ,001400,-3.36,2927,5318
SH,688636,-2.25,2927,2927
SZ,000151,0.42,2925,3334
SH,603201,2.17,2925,2950
SH,600838,2.53,2922,2922
SZ,300522,-3.47,2920,3579
SZ,002282,0.87,2919,3045
SZ,300600,-0.49,2919,2919
SZ,000798,1.4,2916,2916
SZ,000576,0.45,2915,2933
SH,603808,4.71,2914,2914
SZ,002933,0.65,2910,2926
SZ,300609,-1.97,2908,2913
SH,688171,-1.88,2907,2907
SH,600470,1.09,2905,2905
SZ,003029,0.86,2904,3193
SH,688162,0.14,2904,2904
SH,688458,-3.48,2902,3453
SZ,300869,0.73,2901,4420
SH,603527,-0.64,2897,2897
SZ,002186,3.51,2896,2897
SH,603278,-0.93,2895,2895
SZ,300069,-5.93,2890,2890
SZ,300864,0.55,2888,2888
SZ,000695,0.15,2886,3015
SZ,301193,-1.06,2884,3772
SH,688530,-6.59,2883,6611
SH,688273,0.35,2882,2882
SZ,301322,-6.69,2881,4271
SH,688370,0.05,2878,2878
SH,603008,-0.5,2873,2873
SH,600192,0,2871,2871
SH,605303,-4.19,2870,2870
SZ,300238,-0.81,2869,2869
SH,603739,1.25,2867,2867
SZ,002623,1.02,2866,2873
SZ,000897,1.14,2863,2863
SZ,002086,0.56,2862,3546
SZ,300839,-0.97,2860,2910
SH,688280,4.77,2858,3240
SZ,301273,-4.59,2858,3723
SH,688070,-0.14,2856,2856
SZ,300946,0.45,2854,5874
SH,688015,0.47,2853,2853
SH,600719,-0.83,2852,2852
SZ,301302,-1.71,2852,3198
SZ,300982,-0.19,2850,3042
SZ,002973,-1.2,2849,3666
SH,688618,-3.06,2849,2849
SZ,300050,-3.5,2848,2850
SZ,300698,-0.24,2847,3219
SZ,002168,-1.08,2847,2847
SZ,002521,0,2846,3803
SH,605588,-3.22,2845,2852
SZ,002829,-4.78,2842,4044
SZ,000802,-2.45,2841,2842
SZ,000615,1.99,2841,5488
SZ,920418,0.22,2839,2939
SZ,002996,0.32,2837,4144
SZ,000668,-4.87,2836,2836
SZ,002485,-0.37,2834,2834
SZ,002542,-1.82,2832,2908
SZ,300603,-0.91,2831,3519
SZ,300563,-0.03,2830,4067
SZ,300020,0.27,2829,2932
SH,600712,10.06,2828,2859
SH,688813,-6.79,2828,15042
SZ,300032,0,2827,2827
SH,603310,0.62,2827,5032
SZ,300266,1.11,2827,2828
SZ,300716,1.44,2826,2826
SZ,001311,-0.3,2825,6438
SH,603657,-0.99,2824,2824
SZ,002314,0.96,2824,5713
SH,600419,1.36,2824,2824
SZ,002587,-0.18,2823,3469
SH,600620,1.48,2822,2822
SZ,301600,-0.56,2819,9134
SZ,301066,3.07,2818,2840
SZ,000910,1.98,2818,2819
SZ,002878,1.53,2817,3128
SZ,002575,-0.61,2816,2972
SZ,300311,0.96,2816,3530
SH,600594,-0.54,2816,2816
SZ,002726,-0.47,2816,2818
SH,605169,0.91,2815,2815
SH,600130,-2.08,2813,2813
SZ,301051,-4.3,2809,3536
SZ,000068,1.09,2809,2809
SH,600322,0,2808,2808
SZ,300840,-1.66,2807,3804
SZ,002224,0.87,2806,3139
SZ,301448,-0.59,2804,4138
SZ,002811,1.64,2803,3055
SH,688175,3.86,2802,2802
SZ,300932,-1.23,2799,3930
SH,603949,0.08,2798,2805
SH,603500,-0.35,2797,2799
SZ,300510,-1.16,2796,2796
SZ,002846,10.04,2794,4511
SH,688215,-1.55,2794,2794
SZ,301158,-0.33,2793,2865
SH,600791,-1.27,2791,2794
SZ,300478,-8.47,2791,2791
SZ,002798,1.89,2790,3173
SZ,300239,0.21,2790,2808
SZ,920725,-8.93,2789,5762
SH,605080,1.85,2789,2800
SZ,002137,-1.53,2787,4060
SH,688338,-0.52,2783,2783
SH,688335,-1.72,2783,2783
SZ,003020,-0.77,2781,3766
SZ,000978,2.41,2781,2781
SZ,300419,-1.68,2780,2780
SZ,002823,-0.46,2780,4170
SZ,002616,0.21,2779,4064
SZ,300818,-1,2779,4289
SZ,920179,-3.5,2777,3462
SH,600616,2.72,2776,2776
SZ,300552,2.19,2775,4378
SZ,301696,-5.35,2774,36881
SZ,300329,1.29,2774,2782
SH,603518,2.54,2773,2784
SZ,002148,-0.31,2773,3436
SZ,301213,-1.48,2771,4286
SZ,300943,-8.42,2770,4231
SH,603722,-0.09,2770,2828
SH,603970,2.59,2769,2769
SZ,300858,1.95,2768,3726
SH,600265,0.47,2766,2766
SZ,300691,-1.33,2766,3371
SH,600844,-2.6,2764,3416
SZ,002561,2.77,2764,2773
SH,688570,0.55,2763,6356
SH,603903,-1.27,2763,2763
SZ,300086,1.46,2759,2849
SH,600249,1.21,2756,2756
SZ,002722,1.56,2753,2753
SH,688607,-3.74,2752,3057
SZ,300234,0.13,2752,4025
SZ,300877,-1.66,2752,2752
SZ,000570,0.61,2751,3493
SH,688229,2.99,2751,2751
SH,603202,3.46,2750,8763
SZ,300890,-0.11,2749,3007
SZ,003016,1.67,2749,2813
SZ,301111,-3.04,2749,2749
SZ,300359,-2.02,2749,2749
SZ,301348,-2.41,2748,4250
SH,603725,-8.24,2747,2747
SH,601112,0.74,2743,26123
SH,600136,-0.69,2740,2878
SZ,300237,-1.03,2740,2740
SZ,002347,0.73,2738,2801
SZ,300746,-1.44,2736,2763
SZ,002981,-0.52,2736,3073
SZ,002323,-1.52,2735,2736
SZ,002667,8.54,2735,3012
SZ,000890,-1.94,2735,2735
SZ,301026,-0.4,2733,3785
SH,603878,2.1,2733,2733
SZ,002355,1.61,2732,2955
SH,600215,3.29,2728,2728
SH,688391,-1.82,2723,2723
SH,600630,0.47,2723,2723
SZ,300833,1.24,2720,4235
SZ,300148,1.21,2719,2816
SH,603585,3.93,2719,2765
SH,605089,2.34,2719,2719
SZ,001299,0,2718,3020
SH,600408,0.75,2718,2718
SZ,002866,2.67,2718,4343
SZ,301237,-2.9,2718,3733
SZ,002259,-1.09,2716,2716
SH,600212,0.2,2714,3598
SH,605500,1.24,2714,2714
SH,603237,0.42,2714,2803
SZ,300945,3.36,2714,2980
SZ,300508,-2.89,2714,3608
SZ,300381,0.53,2713,2723
SH,603161,-4.17,2712,2764
SH,603955,4.12,2709,2709
SH,603192,-4.66,2702,3240
SZ,300550,0.19,2702,2704
SZ,000529,1.28,2701,2767
SH,603330,-0.59,2701,2873
SZ,300721,-3.22,2698,3215
SH,688159,-3.48,2696,2696
SH,601010,0,2695,2695
SH,600876,1.19,2695,4397
SH,688687,-0.05,2694,2694
SH,688557,0,2694,2694
SZ,300831,-3.17,2693,4672
SZ,300175,1.06,2693,2693
SH,600721,-0.84,2692,2692
SZ,002689,0,2691,2692
SZ,300374,1.39,2688,2688
SZ,002547,9.95,2685,2741
SZ,301439,-0.67,2685,5700
SH,605218,-1.24,2684,3062
SH,688081,-4.22,2683,2683
SZ,301266,0.87,2683,2828
SH,688152,0.77,2681,2681
SH,688030,2.2,2677,2677
SH,688285,0.71,2675,2675
SZ,301020,-0.04,2675,2675
SZ,301296,1.13,2674,2674
SH,601798,0.94,2673,2673
SZ,000812,4.75,2669,2670
SZ,300425,0.77,2668,2674
SZ,300051,0.14,2667,2701
SH,603819,0,2667,2667
SZ,002725,-2,2666,2742
SZ,002923,-1.33,2666,3459
SH,603280,1.28,2666,2666
SZ,000419,2.08,2664,2664
SZ,300384,0.92,2663,3860
SZ,301305,3.53,2662,5180
SZ,002476,0.46,2662,2662
SZ,300301,-0.58,2662,2797
SZ,300830,1.68,2660,3563
SZ,003025,1.47,2656,3331
SZ,002054,0.14,2654,3331
SH,605166,0.72,2653,2653
SZ,301234,-2.77,2651,4488
SH,600250,3.93,2646,2646
SZ,002663,0.65,2646,2671
SH,603655,-1.37,2646,2646
SH,600289,1.52,2643,2947
SZ,002917,0.4,2642,3525
SH,600537,-0.44,2640,2640
SZ,002404,0.87,2638,3243
SZ,920735,0.39,2636,2981
SH,601007,2.58,2636,2636
SZ,002357,-1.51,2636,2636
SH,603458,-5.58,2636,2636
SZ,301468,-3.21,2635,4570
SZ,300936,-7.14,2634,4177
SZ,300230,0.48,2633,3399
SH,603863,-0.84,2632,2632
SH,603006,-0.28,2626,2626
SH,688216,-5.78,2626,2828
SZ,002331,-1.05,2626,2798
SZ,301151,-2.8,2624,2626
SZ,002022,0.99,2623,2623
SH,603829,-0.48,2623,2623
SZ,000609,-1.95,2622,2696
SH,603048,-0.1,2622,2622
SZ,301218,-3.82,2621,4266
SH,688077,-0.9,2619,2619
SZ,002899,-1.27,2619,2619
SZ,002248,1.31,2617,2617
SZ,301190,0.88,2616,3924
SZ,300389,-0.91,2613,4396
SZ,301260,0.16,2612,6148
SZ,300501,-0.94,2611,2620
SZ,300479,1.14,2611,2613
SZ,301622,0.87,2610,4680
SH,603037,-0.09,2608,2612
SH,600735,-0.8,2608,2628
SZ,001218,0.37,2608,2835
SH,603001,0.78,2606,2606
SZ,002921,0.95,2606,3023
SZ,002403,3.42,2606,2987
SH,603768,1.86,2606,2606
SZ,002875,-0.15,2604,2604
SZ,002425,5.6,2604,2707
SZ,300404,-3.69,2604,3518
SZ,300749,-2.92,2603,3394
SZ,300860,0.98,2601,4479
SH,603066,0.57,2601,2601
SH,603637,-1.97,2599,2599
SZ,000809,-0.31,2598,2598
SZ,002795,-1.47,2598,2641
SZ,301525,0.67,2598,4959
SZ,300447,-0.3,2591,4016
SZ,002863,0.47,2590,2590
SZ,002905,1.23,2589,2789
SZ,301172,-1.11,2589,3500
SZ,300584,-2.01,2589,3784
SZ,001324,-0.99,2589,2589
SZ,300810,-0.78,2587,2679
SZ,002363,0.16,2586,2593
SZ,300141,-3.33,2582,2615
SZ,002337,0.92,2581,2584
SZ,301419,-4.19,2581,3905
SZ,300537,-3.67,2578,3520
SH,688511,-3.78,2577,2577
SZ,000972,0.6,2576,2576
SZ,003015,-1.22,2574,2929
SZ,300653,1.42,2572,2572
SZ,300816,-3.54,2572,3525
SZ,301608,-0.29,2569,5724
SH,603080,0,2568,2568
SZ,002903,-4.66,2567,3772
SZ,300270,-5.01,2565,2977
SZ,002658,-0.41,2564,4546
SZ,000698,0.62,2561,2672
SH,603215,0.88,2561,2936
SH,605266,1.47,2561,2561
SH,603801,-0.66,2558,2558
SZ,002578,0.68,2558,2788
SZ,301132,-2.62,2557,3997
SZ,300445,-4.25,2557,3864
SZ,300279,-0.75,2556,2568
SZ,002659,2.89,2555,2555
SZ,300095,-0.61,2554,3171
SZ,000159,0.76,2552,2552
SZ,300218,1.12,2548,2556
SH,603628,1.19,2548,2552
SZ,000019,1.32,2547,7054
SH,603107,1.3,2546,3937
SZ,300887,0.43,2543,3831
SZ,300321,-5.09,2542,2545
SH,603030,1.58,2542,2542
SZ,300449,0,2540,2540
SZ,300386,1.4,2535,4226
SH,603839,2.34,2535,2535
SZ,301148,-0.82,2534,5015
SZ,300826,-1.02,2534,2634
SZ,301255,0.11,2532,2885
SH,605033,10,2528,2528
SZ,002813,3.54,2523,2526
SZ,002748,-0.09,2522,2522
SZ,301133,-4.13,2521,2755
SZ,002136,-1.58,2518,2524
SZ,300345,-2.05,2518,3046
SZ,002103,2.21,2515,3462
SH,688265,-0.14,2515,2515
SZ,000014,4,2515,2515
SZ,300052,1.05,2514,2514
SH,600405,1.74,2513,2513
SH,601996,0.45,2511,2511
SZ,301262,3.22,2507,8565
SH,688357,0.52,2505,2505
SZ,000153,0.74,2505,2537
SZ,300942,1.98,2503,2503
SZ,300439,1.42,2502,3290
SH,603586,1.43,2502,2502
SZ,300410,-1.58,2500,2500
SH,600671,-0.62,2500,2500
SZ,301631,-2.57,2498,7332
SZ,301565,0.26,2495,7796
SZ,002613,0.31,2491,3544
SH,603886,0.78,2491,2491
SZ,920068,0.28,2491,9401
SZ,002599,0.5,2488,3255
SZ,301068,-1.03,2487,3503
SZ,001388,-4,2485,4643
SH,600665,1.06,2480,2480
SH,600858,1.91,2479,2491
SZ,002962,-1.49,2479,3456
SH,688292,0.19,2478,2478
SH,603159,-3.53,2478,2478
SH,600573,2.48,2478,2478
SZ,920491,-3.86,2472,3012
SZ,300288,1.9,2471,3254
SZ,002769,1.07,2469,2471
SZ,301197,-0.43,2469,2736
SH,600439,0.93,2468,2468
SH,603076,4.55,2467,2467
SZ,001300,-0.29,2467,2467
SZ,301149,0.28,2466,4053
SZ,000504,-1.7,2465,2472
SZ,300636,1.51,2465,2818
SH,603633,-0.34,2463,2463
SZ,300577,1.64,2462,4154
SH,688129,2.56,2460,2460
SZ,300591,-1.95,2457,2844
SH,688255,-3.44,2456,2456
SZ,000707,1.83,2456,2608
SH,603017,0.23,2455,2455
SH,688589,-0.34,2455,2455
SH,603836,2.44,2455,2519
SH,600358,0.41,2454,5653
SZ,000545,0.4,2454,2457
SH,600538,0,2453,2453
SZ,000892,-1.7,2452,3384
SH,688314,-0.22,2452,2452
SZ,002869,-0.76,2449,2751
SZ,002391,2.33,2446,3423
SZ,300889,-1.81,2446,3680
SZ,000565,0.89,2445,2445
SH,688080,0.24,2445,2445
SZ,300824,2.12,2443,2519
SH,600356,3.42,2441,2692
SH,603677,-0.15,2440,2440
SZ,300250,2.58,2440,3313
SH,600624,0,2439,2439
SH,600661,4.42,2439,2439
SH,603059,-0.07,2437,2441
SZ,002072,-0.89,2437,2438
SH,603335,-1.38,2436,2436
SZ,002330,1.86,2433,2433
SH,688765,-2.42,2431,12076
SH,688137,0.03,2431,2431
SH,605155,1.01,2431,2479
SZ,301202,-2.73,2429,4162
SZ,002712,2.75,2429,2444
SZ,002172,0.32,2425,2427
SH,603828,0,2425,2426
SZ,002952,-1.22,2424,3025
SH,603036,-1.41,2423,2423
SZ,300978,1.08,2420,3563
SZ,301082,0.45,2416,2607
SZ,301042,-0.86,2416,2535
SH,603136,2.05,2415,2415
SZ,300452,0.41,2409,2844
SZ,300162,-2.89,2409,2953
SZ,920571,1.12,2407,4515
SH,603617,-0.63,2405,2425
SZ,002593,0.7,2405,3449
SZ,300998,-2.05,2405,3063
SH,603602,1.76,2403,2403
SZ,301380,-1.05,2403,3017
SZ,300631,0,2400,2468
SZ,002853,-4.01,2396,3406
SZ,002682,1.67,2396,2396
SZ,300365,0,2395,2807
SZ,001219,1.37,2393,2453
SZ,000838,0,2392,2498
SZ,003007,-0.44,2391,3939
SZ,300092,1.06,2390,3120
SZ,300485,-1.01,2385,4195
SZ,002098,1.52,2384,2384
SZ,002431,0,2379,2379
SZ,002398,1.8,2375,2726
SZ,301393,-4.84,2374,5832
SH,600560,0.47,2373,2373
SZ,920019,0.93,2372,2977
SZ,002855,0.94,2371,2373
SZ,301222,-2.83,2371,3121
SH,603086,2.64,2370,2370
SH,688468,1.2,2367,2367
SZ,301081,-1.02,2366,2463
SZ,301665,1.79,2365,10215
SZ,301181,-0.68,2363,3028
SZ,000430,1.43,2360,5157
SH,603320,-0.74,2359,2359
SZ,300163,0.58,2356,2446
SZ,002868,-1.21,2356,3408
SZ,300730,-0.08,2355,2747
SH,600613,0.61,2353,2622
SZ,002661,4.95,2353,2471
SZ,002879,-4.34,2352,3312
SZ,301025,2.29,2350,3395
SZ,300993,1.36,2348,2992
SZ,002574,1.6,2344,2344
SH,603289,0.13,2344,2344
SZ,002816,0.6,2344,2344
SZ,301658,3.04,2343,9918
SZ,300647,0.2,2343,2346
SZ,001229,-9.25,2342,4554
SH,603895,-1.09,2340,2340
SZ,002442,0.63,2340,2396
SH,603193,2.58,2340,9160
SH,688529,2.73,2339,2339
SZ,001256,-3.6,2339,3120
SZ,301313,-2.99,2338,3079
SH,688455,-0.7,2337,2337
SZ,300952,-0.93,2337,3801
SZ,300829,5.37,2337,3389
SZ,920402,-2.16,2336,3613
SZ,000790,0,2335,2339
SZ,000715,1.48,2334,2594
SZ,300154,-1.45,2332,3327
SH,603917,0.26,2332,2332
SH,603042,-2.61,2330,2330
SZ,300796,1.57,2329,2329
SH,603189,-0.45,2329,2329
SZ,300898,-1.92,2327,2515
SZ,002343,1.87,2321,2321
SH,605199,2.84,2321,2321
SZ,000669,0,2320,2320
SZ,002983,-1.41,2317,4034
SZ,001210,-1.3,2315,3809
SH,688056,-3.78,2314,2314
SZ,000554,1.58,2314,3075
SZ,301221,0.7,2313,3402
SZ,300269,-1.11,2313,2407
SZ,000055,0.59,2311,3673
SZ,001205,4.68,2311,2609
SH,600463,1.72,2310,2310
SZ,300585,5.22,2310,2310
SZ,920002,3.35,2309,3299
SZ,001333,0.61,2309,2309
SH,600793,0.38,2307,2307
SZ,300172,0.23,2306,2984
SZ,002576,0.99,2304,2348
SZ,002976,-0.15,2303,3682
SZ,002388,-7.88,2303,2324
SZ,301669,-6.04,2303,13498
SZ,001282,-0.19,2302,3348
SZ,300560,-1.9,2302,2828
SH,688500,-0.28,2301,2334
SH,603331,-1.72,2301,2301
SH,603779,0.58,2298,2298
SH,603909,2.68,2297,2297
SZ,301397,-3.94,2296,5020
SZ,001201,1.15,2294,2936
SH,603332,1.44,2293,2293
SH,603838,-0.13,2288,2288
SZ,300354,-1.32,2286,3888
SZ,300667,-1.63,2284,2707
SH,603797,1.28,2283,2283
SH,603180,2.64,2283,2283
SZ,300988,-2.01,2282,2773
SZ,002932,-0.26,2282,3399
SH,603557,-2.65,2282,2282
SZ,300334,-1.17,2280,2281
SZ,002496,1.05,2280,2910
SZ,300340,1.09,2278,2295
SZ,301281,-1.37,2278,3476
SZ,300460,-0.36,2277,2277
SH,600187,-2.07,2275,2275
SZ,002729,-1.73,2274,2371
SZ,920190,-5.84,2272,2285
SZ,002700,-1.59,2272,2296
SZ,301122,-3.09,2271,3670
SZ,300173,0,2270,2270
SH,600359,2.41,2270,2270
SZ,300920,-2,2268,3414
SZ,000635,0.65,2267,2436
SZ,002702,10.02,2266,2745
SZ,301059,0.37,2266,2536
SZ,301337,-1.1,2264,2314
SZ,300965,1.01,2263,2510
SH,688560,1.44,2263,2263
SZ,301283,0.94,2261,2877
SH,600992,-1.27,2260,2260
SZ,000573,-0.82,2260,2279
SZ,300805,0.77,2258,3323
SH,688246,-1.13,2258,2258
SH,603787,1.56,2253,2253
SZ,300264,-1.45,2252,2620
SZ,300281,0.71,2249,2371
SH,688619,0.25,2244,2244
SZ,301027,-2.21,2243,2721
SZ,301185,2.28,2241,2479
SH,603188,0,2241,2241
SZ,002871,-3.96,2240,3780
SH,601083,2.03,2240,14934
SH,603700,0.54,2240,2240
SH,600753,-2.69,2239,2239
SZ,300891,0.6,2238,2684
SZ,002069,1.29,2237,2240
SH,600854,0.7,2234,2234
SZ,301092,-4.31,2226,4915
SH,603307,2.88,2225,2260
SZ,002377,0,2225,2337
SZ,300987,1.91,2223,2223
SZ,300582,-1.85,2222,2994
SH,688479,-1.22,2222,5170
SZ,301119,-0.52,2220,2745
SH,603096,2.13,2218,2218
SZ,300422,1.42,2217,2290
SH,600239,0,2216,2216
SZ,300536,-4.18,2214,2214
SZ,301588,-8.76,2214,3587
SZ,301108,-0.49,2211,3839
SH,605151,-0.59,2211,2211
SH,603818,0,2211,2211
SZ,002397,-0.28,2209,2550
SZ,002660,0.31,2209,2297
SZ,002852,1.71,2206,2655
SZ,300562,-1.04,2205,2887
SH,600182,0.15,2198,4396
SH,600831,2.66,2197,2197
SH,603488,-0.65,2196,2196
SZ,301677,204.88,2195,10238
SZ,002991,3.47,2191,4089
SH,688310,-1.4,2190,2190
SZ,301046,-3.27,2186,2831
SZ,300411,0.57,2185,2874
SZ,300107,0.96,2185,3540
SZ,301002,-3.84,2185,3469
SH,688367,-0.83,2184,2184
SZ,300583,1.21,2184,2225
SH,600319,3.3,2183,2183
SH,603378,-0.58,2182,2182
SH,603536,6.09,2179,2196
SZ,301195,0.32,2177,3279
SZ,001367,-0.27,2177,2727
SZ,301106,-0.9,2177,2177
SZ,002058,-1.86,2177,2182
SZ,002763,1.7,2174,2935
SZ,300025,0,2174,2183
SZ,001223,-1.23,2173,4066
SZ,300991,-3,2171,3393
SH,600833,1.46,2168,2168
SZ,300235,1.33,2167,2686
SZ,301531,-3.5,2167,10156
SZ,000826,-0.64,2166,2167
SH,603021,-1.16,2166,2166
SZ,300426,2.08,2164,2437
SH,688201,0.15,2163,2163
SZ,301088,1.59,2162,2621
SZ,300771,0.97,2161,2743
SZ,300546,-1.1,2158,3001
SZ,300512,1.06,2157,2726
SH,600423,0.37,2156,2156
SZ,001368,-0.04,2156,2257
SH,688581,0.75,2156,4228
SZ,920971,0,2155,2615
SZ,002775,-3.12,2155,2394
SH,600965,1.94,2153,2153
SZ,300703,2.86,2152,2334
SH,603117,2.28,2151,2151
SZ,300658,-0.6,2151,3241
SZ,002890,-0.66,2151,2263
SZ,001228,0.82,2151,2797
SH,605003,-0.5,2151,2151
SH,603755,2.79,2147,2147
SZ,300800,1.67,2144,2166
SZ,002329,0,2144,2739
SZ,301043,-1.22,2142,2567
SZ,300921,-1.84,2142,3397
SZ,301356,-4.51,2141,3650
SH,603407,-5.12,2140,24305
SH,688244,1.58,2139,2139
SZ,301258,-3.8,2137,2199
SZ,002806,-4.36,2135,2605
SZ,301011,1.89,2134,2247
SZ,002861,-1.92,2134,2647
SZ,301279,-1.67,2134,2755
SH,603172,2.17,2133,2133
SH,688623,-2.27,2132,5133
SZ,300732,0.88,2132,2134
SH,600533,2.01,2132,2132
SZ,920261,1.45,2131,3872
SZ,000752,0.87,2131,2131
SZ,002732,4.06,2129,2140
SZ,002420,0,2125,2159
SZ,003023,1.97,2122,2127
SZ,301592,-2.82,2122,6360
SZ,301019,1.46,2122,2894
SH,600302,-1.44,2121,2121
SH,688501,0.65,2118,2118
SZ,001390,0.73,2118,3566
SZ,300205,-2.18,2116,2116
SZ,301040,0.4,2116,2242
SH,600281,1.23,2114,2114
SZ,003001,-4.88,2113,3226
SH,600232,0.7,2112,2112
SZ,300103,1.53,2110,2112
SZ,002234,1.45,2110,2443
SZ,300956,-0.29,2109,2159
SZ,002492,0.38,2109,2147
SH,603937,-0.58,2108,2108
SH,603721,0.87,2107,2107
SH,688113,-0.26,2106,2106
SZ,002723,-0.14,2105,2207
SZ,300198,-0.96,2104,2115
SZ,002319,-1.07,2103,2103
SZ,301563,-3.56,2102,9297
SH,603578,1.39,2101,2727
SH,688648,1.14,2100,4107
SZ,002114,0.15,2099,2099
SZ,300694,-1.92,2098,2101
SH,603091,2.03,2098,6823
SZ,000955,0.78,2094,2094
SZ,301251,-5.32,2094,5223
SZ,301072,-2.31,2093,3274
SH,688693,-6.98,2090,3958
SH,688727,-4.08,2090,17380
SZ,301220,0.9,2089,3025
SZ,002614,1.28,2087,2950
SZ,920344,0.05,2087,2235
SH,603151,2.1,2086,2086
SH,603373,-2.43,2085,4935
SZ,001393,0.79,2083,10811
SZ,300612,1.51,2082,2093
SH,605258,-2.42,2080,2080
SZ,300752,-3.31,2080,3009
SH,603079,2.42,2079,2079
SZ,301332,0.64,2079,3623
SZ,002887,-1.13,2079,2928
SH,603238,1.56,2079,2079
SH,688316,-0.33,2078,2078
SH,600148,2.3,2077,2077
SH,688369,3.27,2076,2076
SH,603381,1.39,2075,3464
SZ,300808,-1.52,2070,2786
SH,688718,-1.97,2069,2069
SZ,300884,0.93,2069,2744
SZ,301178,-2.61,2067,2802
SZ,300940,-0.67,2066,2921
SZ,301118,0.67,2064,2145
SH,688197,-4.89,2064,4795
SZ,300464,-3.96,2063,2715
SZ,301317,-7.63,2058,6198
SZ,301125,-1.51,2057,2320
SH,688737,-0.34,2055,2055
SZ,001365,-1.43,2053,18743
SH,688178,-2.38,2049,2049
SH,600381,3.25,2049,2049
SZ,300484,-0.23,2046,2548
SZ,002836,1.95,2046,2046
SZ,002671,1.09,2046,2084
SH,603377,-0.69,2046,2046
SZ,300947,3.52,2043,2043
SH,600241,-2.38,2042,2042
SZ,002771,-0.16,2040,2452
SZ,300575,8.27,2040,2819
SZ,301089,-0.52,2034,2845
SH,603183,-1.67,2033,2033
SZ,002825,0.76,2032,2708
SZ,301225,-6.11,2032,6657
SZ,301331,-1.83,2031,2036
SH,688597,0,2030,2030
SH,600540,0.87,2029,2029
SZ,002942,1.74,2029,2273
SH,603321,0.68,2026,2051
SZ,300778,1.22,2026,2026
SZ,002799,1.28,2026,2026
SZ,300387,1.89,2026,2026
SH,603959,-2.12,2025,2025
SZ,300295,6.24,2024,2291
SH,603262,-0.2,2023,7756
SH,688066,-1.28,2022,2022
SZ,002864,-0.67,2022,2804
SZ,002076,0.52,2022,2152
SZ,002295,0.5,2021,2022
SZ,920017,0.55,2019,2041
SZ,301371,1.84,2019,13497
SZ,002767,-2.32,2017,2324
SZ,300719,0,2015,2852
SZ,002666,1.77,2013,3168
SZ,300753,-2.92,2012,2885
SH,603023,-0.27,2009,2009
SZ,300335,-1.68,2009,2495
SH,603375,-3.16,2008,3170
SZ,920208,0.81,2008,2319
SZ,000679,0.18,2007,2007
SZ,300565,-1,2006,2195
SZ,001332,-0.22,2005,4616
SZ,002857,0.58,2005,2037
SH,688517,-0.06,2004,2004
SZ,002679,1.43,2004,2004
SZ,002998,0.54,2002,2626
SZ,300960,0.46,2001,2208
SH,605069,-1.96,2001,2001
SH,603089,0.73,1999,2297
SH,603329,2.11,1998,2420
SZ,002633,-0.44,1994,2001
SZ,000586,-1.69,1992,2016
SH,603382,1.95,1991,3125
SZ,300509,1.64,1987,2383
SH,603326,1.14,1985,1985
SZ,301387,-5.77,1985,4991
SZ,301290,-2.57,1984,2497
SZ,000953,0.56,1981,1981
SZ,301628,-3.37,1979,5352
SZ,000605,1.26,1978,1978
SZ,000692,-1.06,1977,1977
SZ,300931,-7.32,1977,2458
SZ,300165,-2.48,1977,2329
SZ,300922,-0.18,1976,2519
SZ,000757,0.82,1976,1976
SZ,300786,-3.29,1976,2484
SZ,300774,0.21,1975,3957
SZ,002918,-1.7,1975,3769
SZ,300849,-0.55,1974,2685
SH,603968,0.94,1971,1971
SZ,002848,-2.69,1969,1989
SH,600615,1.4,1964,1967
SH,688355,1.47,1963,1963
SH,600706,6.48,1961,1969
SZ,300970,0.31,1960,2539
SZ,002687,-4.23,1959,2393
SH,600159,1.29,1959,1959
SH,603176,1.19,1958,2015
SZ,300649,-3.85,1958,2443
SZ,300350,0.73,1957,2332
SH,600097,1.63,1954,1954
SZ,300513,0.89,1954,2133
SH,600371,1.99,1951,1951
SZ,000590,0.87,1951,1952
SZ,002133,1.2,1948,1959
SZ,002893,0.63,1947,2531
SZ,300176,1.01,1944,1944
SZ,300240,0.94,1944,1988
SH,600287,1.37,1944,1944
SH,603900,1.98,1943,1945
SZ,920978,1.1,1943,3466
SZ,002615,0.31,1943,3600
SH,688132,2.74,1942,1942
SZ,300853,-3.7,1939,2898
SH,688038,-3.53,1935,1935
SH,600128,2.22,1935,1973
SZ,002900,1.69,1933,3796
SZ,002105,0.95,1932,1941
SH,603182,1.73,1930,1930
SZ,300710,-2.51,1930,2575
SZ,300013,-0.85,1930,1932
SZ,300597,1.14,1929,1938
SH,600807,0.41,1928,2167
SZ,920879,2.97,1927,2575
SZ,920111,-0.8,1927,3970
SZ,300844,2.29,1926,1998
SH,603385,1.61,1926,1926
SH,603168,0.39,1922,1930
SZ,301528,-6.24,1921,3728
SH,688613,0.79,1921,1921
SZ,002999,1.45,1920,1943
SZ,002253,2.47,1919,2062
SZ,300106,-1.93,1919,1919
SZ,000633,0.61,1914,1914
SZ,301212,0.69,1913,2204
SZ,300980,-3.18,1913,2685
SZ,000952,0.91,1913,1913
SH,688251,0.42,1912,1926
SH,688096,5.55,1912,1912
SH,603982,1.08,1912,2056
SH,605180,2.45,1908,1908
SZ,920961,-0.75,1907,2621
SZ,301103,1.56,1904,2473
SZ,300807,2.92,1903,2493
SZ,001259,-4.34,1902,2944
SZ,300637,-1.92,1902,1904
SZ,002995,2.92,1901,3001
SZ,301052,2.6,1901,2345
SH,688060,0.67,1900,1900
SZ,300912,-3.06,1900,2517
SZ,000909,-0.9,1900,1900
SZ,301335,4.57,1900,2746
SZ,920247,-0.06,1899,2618
SH,603616,0.41,1898,1913
SH,688203,1.3,1897,1897
SH,600491,0,1897,1897
SH,603356,0.28,1895,1895
SZ,920189,-4.04,1889,3148
SH,600444,1.98,1889,1889
SH,688013,1.66,1888,1888
SZ,002656,1.1,1888,1959
SZ,301299,2.23,1887,2556
SZ,000020,0.48,1886,2948
SZ,002622,0.9,1882,1882
SH,688272,-0.79,1877,1877
SH,600238,1.69,1875,1887
SH,600892,1.82,1874,1874
SH,603208,1.43,1873,1873
SZ,001230,-1.5,1871,3194
SZ,301208,1.62,1871,3397
SH,688755,0.82,1868,2676
SZ,301428,0.6,1866,2644
SZ,300659,2.71,1866,2567
SH,600107,-1.88,1865,1865
SZ,000985,0.91,1863,1863
SZ,000995,3.45,1863,1863
SZ,002486,0.89,1862,1871
SH,600678,-1.65,1860,1860
SZ,002742,2.31,1860,2429
SH,603282,1.24,1853,1853
SZ,300780,-4.37,1853,2527
SZ,300423,0.18,1853,2766
SH,600235,1.15,1848,1848
SH,603041,1.41,1846,1846
SZ,300897,-1.23,1844,2953
SH,600303,3.03,1843,1859
SH,603810,1.83,1842,1842
SH,603880,0,1841,1841
SZ,300412,0.77,1839,1956
SZ,000705,0.93,1838,2178
SH,603718,0.35,1837,1845
SH,688156,-1.82,1836,1836
SH,603418,1.28,1835,8566
SZ,300437,1.93,1835,2589
SZ,300906,-0.03,1835,2031
SZ,002598,0,1834,1997
SZ,002873,0.26,1834,1867
SZ,002652,-0.27,1833,1833
SH,600051,1.2,1831,1831
SZ,300817,0.07,1830,3189
SH,603506,2.42,1829,1829
SZ,300881,0.25,1828,3504
SZ,301161,-2.62,1828,2842
SZ,300150,0.77,1827,2305
SH,605336,-0.69,1827,1827
SZ,300967,0.21,1826,2744
SH,688721,-6,1825,4555
SH,688426,1.75,1825,1829
SH,603325,0.7,1824,4270
SH,603400,6.58,1820,6523
SZ,002205,1.35,1818,1818
SZ,300902,1.61,1817,2647
SZ,002968,1.07,1817,1930
SZ,001234,2.9,1816,2156
SZ,002909,1.27,1814,1860
SZ,002159,2.1,1814,2323
SZ,920125,-6.13,1813,6178
SZ,002778,1.03,1808,1828
SH,688616,2.76,1806,1806
SH,600099,1.23,1806,1806
SZ,002753,1.33,1804,2615
SH,600768,0.22,1804,1804
SZ,002551,1.37,1803,2494
SZ,920914,-0.65,1802,1803
SZ,001260,1.23,1800,1800
SZ,301318,0.78,1799,2613
SH,603214,1.57,1797,1797
SZ,300665,0,1796,1891
SZ,001356,0.71,1795,4997
SZ,920339,-0.16,1794,2614
SZ,300543,1.56,1794,2197
SZ,002569,-9.97,1794,1845
SH,603028,0.96,1793,1811
SZ,001255,0.69,1793,2019
SZ,920405,-0.93,1790,2298
SZ,002820,2.41,1790,1790
SZ,301077,-0.2,1789,3187
SH,603825,-0.13,1789,1789
SH,600080,-0.61,1788,1788
SH,688004,5.94,1787,1787
SZ,300743,1.74,1785,2118
SH,603285,-5.4,1785,4584
SZ,001360,-0.34,1779,2893
SZ,002634,-0.24,1778,1847
SH,605122,0.88,1777,1777
SZ,301599,-1.6,1776,14014
SZ,301024,-1.05,1775,1834
SH,688118,2.21,1772,1772
SZ,300916,-0.88,1771,2742
SZ,300396,1.09,1770,1773
SZ,300644,0,1769,2219
SH,603177,0.93,1768,1768
SZ,300076,0,1768,1768
SH,688420,1.06,1768,1768
SZ,300941,1.93,1766,2922
SH,688189,-0.91,1765,1765
SZ,002817,1,1763,1819
SH,600202,0.66,1763,1763
SZ,301309,0.8,1762,2925
SZ,300650,-0.95,1760,2494
SZ,301180,-1.64,1756,4280
SZ,001366,1.86,1756,1756
SH,605177,0.85,1756,1772
SZ,003030,1.74,1755,2705
SZ,002630,-0.6,1755,1925
SH,600165,0,1752,3862
SZ,002696,1.35,1752,1812
SZ,002762,1.1,1748,2928
SZ,001211,-0.47,1747,1872
SZ,920510,-7.91,1747,3422
SH,600149,0.22,1745,1745
SZ,002760,0.06,1743,1743
SZ,920699,-5.77,1742,3808
SZ,001206,-0.36,1742,3014
SH,603029,2.57,1741,1741
SZ,300599,-2,1739,3313
SH,688026,1.56,1739,1739
SH,600847,-0.52,1738,1738
SZ,002717,0,1736,1838
SH,688395,0.76,1729,1729
SH,688716,-2.44,1729,3008
SH,603879,2.56,1728,1728
SZ,300651,0.48,1724,2355
SZ,002535,2.21,1724,1852
SZ,301596,-2.99,1718,4233
SZ,301585,-0.58,1715,2619
SZ,003017,-0.18,1714,2078
SZ,002856,-5.13,1714,1871
SZ,300030,0.96,1710,1942
SH,688092,0.54,1706,1706
SZ,301198,0.29,1706,1776
SZ,002862,2.87,1704,2246
SZ,300645,2.86,1702,1737
SH,605567,2.9,1702,1702
SH,688051,2.61,1700,1700
SZ,000056,-1.04,1699,2223
SZ,002780,2.12,1698,2150
SZ,301056,1.69,1698,2574
SZ,001285,1.67,1697,7369
SH,688670,1.32,1696,1696
SZ,000856,1.49,1696,1696
SZ,002529,1.56,1695,1695
SH,601026,0.79,1694,10056
SZ,300081,0.36,1693,1693
SZ,301138,0.41,1692,2962
SZ,300717,-1.36,1692,1707
SZ,002209,0.47,1691,2191
SZ,301010,1.49,1690,1690
SZ,300929,-0.65,1689,1780
SZ,301062,2.68,1687,2656
SH,603709,0.19,1687,1693
SH,603402,2.73,1686,6744
SZ,003038,1.58,1684,2502
SZ,301590,-1.74,1679,4055
SH,688657,0.93,1679,2683
SH,600272,0.77,1678,2755
SZ,000911,-0.23,1673,1673
SZ,300966,-2.93,1669,2510
SZ,300992,-1.87,1669,2039
SZ,002381,0.97,1668,2132
SZ,001233,2.01,1667,8222
SH,600448,2.72,1663,1663
SZ,920476,-1.47,1663,1756
SH,600082,-1.86,1662,1693
SZ,002877,0,1657,2452
SH,688288,1.16,1657,1657
SZ,300854,8.19,1656,2032
SZ,301556,1.72,1655,4788
SZ,301030,-1.08,1655,1658
SZ,300642,0.42,1654,1949
SZ,002211,-3.53,1652,1652
SH,603270,-2.9,1651,5116
SZ,300169,1.49,1647,1854
SZ,300787,2.96,1641,2617
SH,600180,-0.65,1641,1641
SZ,002198,1.25,1639,1639
SH,603908,2.98,1639,1639
SH,600883,2.06,1638,1638
SZ,001386,1.6,1637,18187
SZ,301557,-5.99,1637,4082
SZ,300305,0.2,1633,1907
SZ,300989,0.4,1632,2110
SZ,001222,2.85,1631,2755
SH,688393,1.46,1630,1630
SZ,000639,-3.2,1630,1630
SZ,301520,-3.81,1629,4642
SZ,002858,1.56,1629,2063
SZ,300876,-0.27,1628,2183
SH,600137,1.77,1625,1625
SZ,301041,-3.05,1624,2194
SH,603435,-1.87,1624,20897
SZ,300707,0.98,1624,1972
SH,603860,1.46,1624,1624
SH,603255,7.19,1620,3594
SZ,300556,0.81,1620,1815
SZ,300971,0,1618,2063
SZ,003027,0.65,1614,2012
SH,688681,0.46,1612,1612
SH,600119,1.38,1611,1611
SZ,000619,2.05,1609,1972
SZ,300923,4.26,1606,1654
SH,600778,1.57,1606,1607
SZ,300837,1.1,1604,2122
SZ,920106,2.54,1603,2078
SZ,920015,-5.04,1602,5429
SZ,920021,2.54,1602,1999
SH,603022,1.91,1600,1600
SZ,920178,-6.87,1598,5473
SZ,002592,0.66,1597,1723
SZ,300950,4.56,1596,2501
SZ,920839,1.62,1595,2891
SZ,301063,2.17,1594,1721
SZ,301586,1.35,1593,2498
SZ,001268,-2.31,1590,2539
SZ,301388,0.05,1590,2241
SZ,300538,-0.97,1587,2387
SH,600697,2.72,1585,1623
SZ,920892,1.06,1584,1789
SZ,002802,1.24,1584,1918
SZ,300245,-0.18,1583,1644
SH,603312,1.4,1583,4973
SH,603231,1.85,1582,2851
SZ,002743,0.83,1582,1584
SZ,300472,2.23,1581,1770
SZ,920088,5.09,1580,4272
SH,688435,4.53,1578,2351
SH,688296,0.48,1577,1577
SZ,301141,0,1576,4392
SH,603120,-0.99,1576,3759
SZ,003005,1.39,1576,2872
SZ,920509,-2.08,1574,3004
SZ,300195,0.4,1572,2123
SZ,301361,-0.99,1564,3229
SZ,300462,-1.21,1563,2051
SZ,002360,-1.22,1562,1929
SZ,301667,20,1562,7350
SZ,000663,1.19,1559,1714
SH,688078,1.81,1558,1558
SZ,002629,0.7,1558,1832
SH,688058,3.43,1555,1555
SZ,920087,1.94,1554,1564
SZ,300112,0.77,1551,1880
SH,688466,3.17,1549,1549
SZ,300610,2.41,1548,1983
SZ,002495,2.29,1547,2086
SZ,300313,0.26,1547,1880
SH,688509,0.5,1547,3095
SZ,003042,2.62,1546,1787
SH,603789,-1.32,1542,1573
SZ,301538,-1.47,1542,3871
SH,688759,-3.72,1541,9631
SZ,920174,0.84,1539,5982
SZ,002963,-3.24,1537,1879
SZ,300616,1.02,1535,2220
SH,603257,-1.4,1535,7398
SZ,301231,-1.34,1535,1980
SZ,301509,-0.98,1535,3258
SZ,002566,1.38,1534,2191
SZ,000929,2.87,1532,1533
SH,600796,1.44,1532,4264
SZ,301360,-1.5,1531,3138
SH,603082,2.53,1530,6283
SH,603395,1.42,1529,6118
SZ,000632,2.83,1522,1522
SZ,301065,1.67,1521,1869
SZ,301121,-3.55,1520,2970
SZ,300614,1.07,1516,1516
SZ,301135,0.54,1515,1947
SZ,301548,-3.4,1514,5020
SZ,002982,1.39,1513,2363
SZ,301032,0.42,1512,2281
SZ,300892,0.47,1512,2342
SZ,300961,0.91,1510,1762
SZ,003028,0.47,1506,3070
SZ,300220,2.05,1506,1507
SZ,301680,1.93,1506,7419
SZ,301456,0.92,1504,3337
SZ,002949,1.33,1504,1941
SZ,300937,-2.35,1502,2215
SH,600493,0.91,1501,1501
SZ,301336,0.19,1497,1935
SH,600689,1.24,1495,1974
SH,688565,0,1494,1494
SZ,301587,-1.16,1491,2991
SZ,920026,-0.45,1490,1976
SZ,002835,1.12,1489,2568
SZ,301159,0.36,1487,2169
SZ,301383,0,1486,3437
SZ,001395,0.85,1481,3230
SZ,301595,-0.7,1480,3925
SH,600561,1.96,1479,1479
SZ,300995,-0.24,1476,2238
SZ,300935,4.88,1475,1944
SZ,300625,1,1471,2536
SH,603272,-5.84,1468,1468
SZ,301022,0.14,1468,2174
SH,600692,2.31,1466,2023
SZ,002790,1.44,1465,2348
SZ,002227,-0.82,1463,1474
SZ,920010,1.32,1461,1974
SZ,301067,-4.3,1460,2224
SZ,300306,0.98,1456,2485
SZ,301229,0.99,1454,2045
SZ,301618,-1.94,1454,3814
SZ,300500,1.88,1453,1508
SZ,300514,1.8,1449,1808
SZ,300554,-1.07,1444,2086
SZ,301581,-2.14,1444,2731
SZ,301390,3.96,1441,1763
SZ,301636,1.82,1440,2467
SZ,000677,-0.59,1434,1434
SZ,301683,4.89,1433,6340
SZ,002910,-1.75,1432,1637
SZ,001202,-0.56,1431,2042
SZ,002977,-0.45,1429,2575
SZ,301558,1.72,1429,5135
SH,603275,-0.74,1427,5112
SH,688793,2.13,1424,1424
SZ,300268,0,1421,1852
SH,600818,0.68,1418,1916
SZ,002694,-0.5,1416,1503
SZ,301107,-1.99,1412,2443
SZ,301036,1.31,1412,2005
SH,688659,0.92,1410,1410
SH,688528,2.07,1410,1410
SH,688021,1.6,1408,1408
SZ,301166,0.85,1403,2143
SZ,920371,2.13,1403,1479
SZ,002316,0.49,1401,1616
SZ,301633,0.02,1398,3052
SZ,300314,0.41,1396,2796
SZ,300813,0.82,1396,2224
SZ,301023,-1.34,1395,2514
SZ,301687,-0.94,1394,6572
SZ,300977,0.41,1392,2235
SZ,002306,0,1390,1487
SZ,002620,-1.12,1388,1657
SZ,002789,-1.33,1385,1413
SZ,002247,1.42,1384,1829
SZ,002513,1.92,1382,1795
SZ,301560,0.98,1381,2751
SZ,300167,0.52,1381,1624
SZ,002144,1.52,1379,1771
SZ,001378,-0.05,1379,2834
SZ,300789,-2.59,1376,2319
SZ,301518,1.08,1373,3401
SZ,920953,7.46,1372,2935
SZ,300605,20.04,1370,1790
SZ,301203,-0.31,1368,2497
SZ,301505,0.47,1368,1716
SZ,301320,0.34,1367,2179
SZ,300621,2.59,1365,1402
SZ,002581,-1.72,1363,2243
SZ,301303,-1.25,1361,5445
SH,688022,2.38,1361,1361
SZ,301100,0.13,1361,3087
SH,600476,-0.23,1361,1361
SH,688781,-3.41,1360,33310
SZ,003008,1.57,1360,1820
SH,600455,1.73,1359,1359
SZ,301129,0.8,1356,2731
SZ,300845,-2.17,1354,1937
SZ,301210,0.27,1353,3542
SZ,301130,0.39,1353,1753
SH,688067,2.53,1350,1350
SH,603062,1.82,1348,3926
SZ,301278,1.91,1346,2349
SZ,301167,1.52,1345,1425
SZ,301098,-1.55,1343,1611
SZ,003011,0.98,1341,1792
SZ,301555,-2.21,1341,2559
SZ,301512,-0.78,1340,2054
SZ,001387,0.17,1340,2105
SZ,000702,2.66,1339,1740
SH,603248,1.68,1338,8607
SZ,000010,0.66,1336,1759
SZ,000637,1.95,1334,1903
SZ,301507,0.67,1330,4307
SZ,301009,2.92,1329,2392
SZ,300371,0.96,1326,1906
SZ,920837,2.11,1325,1480
SH,688450,-1.91,1322,1783
SH,688329,1.48,1322,1322
SZ,000610,2.94,1319,1326
SZ,001296,0.65,1318,2557
SZ,301355,1.84,1318,1840
SZ,002883,0.59,1312,1337
SZ,300640,0.51,1309,1844
SZ,300549,0.94,1309,1727
SZ,001226,-3.6,1306,2874
SZ,300155,1.54,1305,2222
SH,688805,-0.99,1298,6488
SZ,920238,-7.85,1296,6362
SZ,002591,1.05,1296,1741
SZ,300928,1.26,1295,1933
SZ,920701,-0.38,1293,1770
SZ,920682,0.18,1292,2227
SZ,002691,2.67,1290,1306
SZ,301276,-0.93,1289,2312
SZ,002200,0.77,1286,2964
SZ,301601,2.22,1286,2138
SZ,920857,0.99,1286,1286
SZ,002809,0.27,1285,1816
SZ,300635,-0.08,1275,1483
SZ,300564,0.09,1275,1816
SZ,002494,1.14,1268,1668
SZ,301227,0,1267,2253
SZ,001239,0.54,1265,2664
SH,603293,1.95,1265,6456
SH,688806,-9.09,1253,11311
SZ,920533,0.23,1252,2239
SZ,920523,1.38,1252,1565
SZ,300838,0.74,1250,1696
SZ,920403,2.84,1248,2099
SZ,002188,2.11,1246,1583
SZ,001277,2.06,1240,2069
SZ,300670,0,1240,1749
SZ,301156,1.05,1239,1935
SZ,301298,1.06,1237,1678
SZ,300994,1.25,1233,2464
SZ,301126,2.64,1233,1836
SZ,920790,1.12,1231,1789
SZ,920821,-4.73,1230,2337
SZ,920200,-3,1228,2811
SH,603352,10,1227,6134
SZ,300865,0.28,1225,2039
SZ,301501,0.79,1223,4159
SZ,001278,1.49,1221,1771
SZ,301131,2.1,1220,1703
SZ,920284,-1.19,1220,1906
SZ,920237,0.69,1217,1240
SZ,920207,1.32,1212,1985
SZ,920274,-0.39,1212,1212
SZ,920119,0.33,1209,4594
SH,603207,0.77,1208,3554
SH,600543,1.63,1201,1201
SZ,300828,-1.58,1201,2368
SH,688712,-1.66,1199,13469
SZ,300126,1.25,1199,1730
SH,688576,0.65,1197,2506
SH,688089,-0.41,1197,1197
SZ,920273,2,1192,1791
SZ,301097,-1.92,1192,2483
SZ,300594,-0.98,1187,1198
SZ,301288,1.47,1186,1641
SZ,920046,-1.84,1185,2143
SZ,920225,-2.58,1184,1815
SZ,301233,-1.5,1184,2157
SZ,002888,-0.74,1182,2330
SZ,301559,1.16,1182,7878
SZ,920304,0,1182,1468
SH,603350,0.72,1179,3113
SZ,003003,1.32,1178,1767
SZ,920083,-9.28,1177,2764
SH,688592,0.24,1176,2468
SZ,301329,-1.32,1176,3030
SZ,301503,0.59,1174,2117
SZ,920039,1.06,1169,1169
SZ,001319,0.99,1169,2605
SZ,301632,7.93,1166,6663
SZ,920425,-0.2,1166,1416
SH,603344,-0.59,1163,4188
SZ,301515,1.36,1162,1720
SZ,301163,0.86,1158,1727
SZ,301469,1.54,1157,2248
SZ,920089,0.68,1157,2031
SZ,920099,-1.82,1154,1867
SZ,920033,-0.2,1154,1660
SZ,301395,1.34,1152,2198
SH,603391,-0.62,1151,4603
SZ,300823,-0.58,1151,1777
SZ,301272,0.45,1150,1818
SH,600365,0.75,1149,1221
SZ,300430,2.08,1149,1207
SZ,301591,-2.99,1140,2790
SZ,301584,0.86,1139,8931
SH,688217,0.79,1136,1136
SZ,300517,1.48,1127,1790
SH,603370,-0.36,1126,5632
SZ,301001,2.29,1123,1786
SH,603276,0.95,1122,3088
SZ,920171,0.67,1122,1663
SZ,301300,1.46,1121,1866
SZ,300915,2.53,1117,2444
SZ,301378,5.53,1113,2341
SZ,920211,-9.54,1112,3298
SZ,301372,-1.74,1112,1851
SZ,920252,0.56,1109,1668
SH,688790,-1.68,1108,8704
SZ,301491,2.17,1105,4987
SZ,920152,0.83,1102,1478
SZ,920489,-2.83,1099,1728
SZ,300405,1.21,1096,1425
SZ,920566,0.83,1095,1409
SZ,920690,6.73,1093,1681
SZ,300851,1.56,1090,1921
SZ,920249,-0.67,1088,3681
SZ,300713,-0.15,1086,1930
SZ,300535,1.98,1086,1432
SH,688130,-2.95,1086,2177
SZ,301502,-3.39,1085,2626
SZ,001382,-4.54,1084,7086
SZ,301359,0.33,1079,1823
SZ,301446,-0.28,1075,3519
SZ,301295,-6.78,1073,3679
SZ,301083,0.48,1073,2229
SZ,920419,8.42,1070,1144
SZ,920807,-0.56,1069,1573
SZ,002872,0.41,1064,1574
SZ,300899,2.08,1063,1656
SZ,001373,1.12,1062,1738
SZ,300930,-2.42,1061,2251
SZ,301516,-4.5,1056,4225
SZ,920592,-0.65,1053,1692
SZ,001336,0.86,1052,1709
SZ,920429,3.04,1039,1139
SZ,001326,-2.14,1038,3162
SZ,301539,2.14,1037,2045
SZ,301006,1.9,1036,1722
SH,603334,2.39,1036,4671
SH,603004,-1.5,1035,4138
SZ,300152,-1.35,1034,1034
SZ,301113,2.13,1031,1702
SH,688184,-0.09,1029,1643
SZ,920786,3.92,1024,1551
SZ,920985,0.86,1024,1445
SZ,300949,2.85,1022,1788
SZ,300958,0.9,1019,1754
SZ,001312,1.37,1015,4142
SZ,300886,0.14,1013,1611
SZ,001279,6.53,1012,4046
SZ,920001,-1.2,1011,1752
SZ,920642,0.6,1011,1048
SZ,001379,0.61,1005,2986
SZ,002514,-7.17,1003,1303
SZ,002193,-0.25,1000,1000
SZ,920199,-1.56,999,1793
SZ,920184,1.82,998,1471
SZ,920062,0.54,996,1415
SZ,920885,-0.26,995,1920
SZ,920167,-0.38,992,1670
SZ,920651,5.51,985,1449
SZ,920792,-0.2,984,1602
SH,688651,1.11,981,2138
SZ,920270,2.29,979,1261
SZ,920932,0.45,979,1183
SH,603359,-0.44,977,977
SH,688671,1.47,973,1630
SZ,300338,-1.42,966,1111
SZ,920396,1.08,964,1357
SZ,301513,0.72,961,4767
SZ,920124,1.05,960,1864
SH,603729,0.19,959,959
SZ,920526,-1.44,958,1513
SZ,301418,-2.21,957,2385
SZ,002719,2.97,955,1027
SZ,301616,1.06,952,2682
SZ,000820,9.97,950,2069
SZ,920415,1.04,945,1227
SZ,001231,2.55,942,1843
SZ,920098,0.83,939,1378
SZ,920436,2.64,935,996
SH,688701,0.88,922,922
SZ,001225,10,919,2863
SZ,920496,-0.77,918,1048
SH,688816,0.76,918,4758
SH,603409,0.83,915,3188
SZ,920018,-3.04,914,2632
SZ,301173,2.19,907,2583
SZ,301668,20,906,4099
SZ,920223,1.93,906,1744
SH,603190,0.9,903,2734
SZ,301192,2.36,898,1848
SZ,920726,1.32,898,1627
SZ,920206,-4.62,897,2331
SZ,301577,-3.82,893,2135
SZ,301105,-0.83,891,2249
SZ,920028,-1.15,887,2244
SZ,920169,0.98,886,1408
SZ,920130,4.45,875,1409
SZ,920924,0.3,875,1436
SZ,920694,2.95,873,1839
SZ,920367,1.37,873,1472
SZ,920195,2.16,872,1208
SZ,300904,2.07,871,2889
SZ,920100,-0.99,868,3274
SZ,920020,0.52,866,3502
SZ,920926,0.56,863,951
SZ,920505,0.84,860,1547
SH,603205,0.48,857,3235
SZ,920012,-2.47,850,2172
SZ,920873,2.46,849,1088
SZ,920693,0,849,1687
SZ,920541,0.96,848,1288
SZ,920770,1.47,848,1347
SH,603376,10.02,847,10584
SZ,920275,2.08,842,1017
SZ,300417,1.02,830,1336
SZ,920266,-0.98,828,867
SZ,920161,-4.91,828,3052
SZ,920670,0.49,828,1319
SZ,920122,-0.13,824,2033
SZ,301519,1.5,823,1749
SZ,920156,-3.95,821,3937
SZ,920027,0.35,816,1167
SZ,301399,-0.86,814,2753
SZ,301598,-0.08,812,2726
SZ,301170,0.71,808,2127
SZ,920220,-4.27,808,2579
SZ,920855,0.84,806,899
SZ,920748,2.01,806,1678
SZ,920058,6.7,800,1625
SZ,920433,0.64,799,1208
SZ,301459,-0.48,799,3188
SZ,920685,30,796,1249
SZ,920378,0.99,793,1107
SZ,920519,0.1,792,891
SH,688638,2.58,790,1672
SZ,301037,3.29,789,1614
SZ,301049,1.54,789,1736
SZ,920006,2.49,787,1486
SZ,920000,6.64,786,1251
SZ,301449,17.13,784,3483
SZ,920193,-6.9,784,3462
SZ,920092,8.72,783,1502
SZ,920663,0.91,779,1624
SZ,920221,0.08,776,1490
SZ,920556,1.06,774,1068
SZ,001335,0.63,770,2824
SZ,920974,0.68,763,973
SH,603075,0.76,762,7436
SH,603073,1.57,759,1731
SZ,920260,0.13,758,794
SH,603273,1.74,754,2883
SZ,920832,1.01,746,835
SH,603284,0.6,744,3038
SZ,001396,2.86,743,3498
SZ,920395,2.46,743,1079
SZ,920299,-1.38,741,1471
SZ,920689,0.26,739,1430
SZ,001306,0.4,738,2995
SZ,920575,3.17,734,1098
SZ,920639,0.82,733,1244
SZ,920833,1.44,731,968
SZ,920263,0.86,724,997
SZ,920942,4.58,719,1062
SZ,920065,-21.36,719,4118
SZ,920078,-1.44,717,2208
SZ,920242,1.04,716,1279
SZ,920870,0.09,714,1450
SZ,301552,-2.74,712,2848
SZ,920768,2.48,711,1028
SZ,920976,-0.85,711,1143
SZ,001325,2.62,706,2823
SZ,920163,1.4,705,1494
SZ,301533,1.02,704,2433
SZ,920123,2.41,704,1234
SZ,920370,1.52,703,805
SZ,920943,-0.73,697,1366
SZ,301429,1.41,694,1864
SZ,920547,2.3,687,1414
SZ,920008,4.02,687,1285
SZ,920564,1.02,685,1489
SZ,920720,1.54,684,2448
SZ,920079,-6.35,676,6257
SZ,920925,-0.4,673,1201
SZ,920375,0,673,1127
SZ,920245,0.16,670,870
SZ,001220,1.72,670,2735
SZ,920445,2.66,667,916
SZ,920187,-0.34,667,1818
SZ,920081,-3.22,667,2831
SZ,920706,-1.12,665,1321
SZ,301567,-0.81,665,2255
SZ,920866,2.46,664,1049
SZ,920101,1.55,663,2125
SZ,920478,0.41,662,1089
SZ,920346,0.34,659,1184
SZ,920181,-4.58,659,2840
SZ,301578,-1.03,658,2316
SZ,301353,1.13,657,2045
SZ,920627,-0.98,657,1325
SZ,920108,0.22,657,1550
SZ,920634,0.81,655,1033
SZ,301575,2.17,655,3259
SZ,920781,0,651,836
SZ,920765,-0.07,647,1066
SZ,920964,1.15,647,1144
SZ,300784,1.21,647,2163
SZ,920608,1.14,644,831
SZ,920061,-1.32,642,1154
SZ,920579,0.63,641,1861
SZ,301314,-2.23,639,1933
SZ,920475,1.53,633,1139
SZ,920175,1.28,629,944
SZ,920527,0.75,625,806
SZ,920300,0.43,624,805
SZ,920422,1.52,621,830
SZ,920570,0.25,621,1222
SZ,920204,0.9,616,1163
SZ,920278,1.3,614,1085
SZ,920118,-0.45,610,1006
SZ,920876,-0.44,609,996
SZ,920553,0.62,608,931
SZ,920176,-8.03,592,4382
SZ,920471,1.66,584,917
SZ,920580,-0.46,580,912
SZ,920086,1.78,579,1770
SZ,920112,-0.65,575,1960
SZ,920719,1.05,574,719
SZ,920057,1.24,570,886
SZ,920992,0.61,568,1120
SZ,920675,1.85,566,1233
SZ,301287,2.22,565,2211
SZ,920679,0.33,559,839
SZ,920641,1.32,557,923
SZ,920578,-1.56,555,1196
SZ,920469,-2.73,551,751
SZ,920906,0.31,544,1059
SZ,920665,0.6,538,1089
SZ,920271,1.09,536,1211
SZ,920262,2.89,536,1152
SZ,920075,2.22,534,985
SZ,920005,-0.11,533,2058
SZ,920096,-3.49,532,2265
SZ,920146,1.03,531,660
SZ,920454,0.66,526,1124
SZ,920896,1.46,524,1195
SZ,920198,0,522,1196
SH,688121,3.23,519,598
SZ,920117,-7.09,518,2304
SZ,920834,0.61,515,984
SZ,920826,3.27,513,1152
SZ,920662,0.21,511,1656
SZ,920090,-0.57,511,684
SZ,920810,3.16,509,783
SZ,920729,2.35,507,1787
SZ,920703,1.28,504,1429
SZ,920374,0.42,502,1231
SZ,920069,0.47,502,1796
SZ,920030,1.6,499,794
SZ,920160,0.46,498,2211
SZ,920056,0.37,497,1315
SZ,920149,0.51,495,599
SZ,920871,2.14,494,892
SZ,920779,2.99,490,1960
SZ,920753,0.47,490,1219
SZ,920267,-1.37,487,851
SZ,920392,0.15,485,1031
SZ,920050,0.04,482,1802
SZ,920212,-0.74,480,987
SZ,920023,-3.27,476,579
SZ,920508,-1.9,476,895
SZ,920080,0,473,1710
SZ,920407,-0.18,465,1142
SZ,920076,-0.31,464,1475
SZ,920230,0.1,464,986
SZ,920145,0.32,463,669
SZ,920718,-0.09,458,892
SZ,920126,-1.15,457,1905
SZ,920166,0.21,454,1440
SZ,920950,0.48,449,922
SZ,920351,2.47,446,985
SZ,920414,1.53,445,633
SZ,920168,0.45,445,1188
SZ,920656,1.03,445,1374
SZ,920177,-1.96,443,1250
SZ,920158,2.1,442,1653
SZ,920016,4.21,440,990
SZ,920091,-2.17,429,1817
SZ,920188,-0.45,429,1797
SZ,920055,-0.49,427,1898
SZ,920110,-0.33,427,1025
SZ,920427,-0.35,424,858
SZ,920136,-3.62,423,1612
SZ,920128,-0.11,421,1405
SZ,002731,-2.13,420,469
SZ,920970,1.02,418,660
SZ,920180,0.69,414,1371
SZ,920159,0.07,402,2124
SZ,920957,0.43,399,1002
SZ,920007,1.44,389,1627
SZ,920802,1.46,378,856
SZ,920036,-0.71,376,1565
SZ,920072,-4.59,375,1985
SZ,920035,-0.34,363,1602
SZ,920717,0.37,361,936
SZ,920009,0.09,354,2723
SZ,920218,-2.39,352,1564
SZ,920191,-0.33,351,1561
SZ,920011,-1.09,350,1557
SZ,920895,2,337,664
SZ,920066,0.97,331,1048
SZ,920121,0.73,329,1830
SZ,920003,-0.17,325,1512
SZ,920183,-1.05,325,1413
SZ,920022,1.48,319,1156
SZ,920222,-9.88,295,2184
SZ,920504,1.18,294,745
SZ,920931,0.94,279,911
SZ,301139,-7.48,264,421
SH,688496,-11.53,219,414
