market,code,chg_pct,vol_rank,amt_rank
SH,601288,-2.11,2065510,2264390
SH,601398,-1.95,2024788,2676611
SZ,300750,2.46,1724481,1872870
SH,601857,-2.02,1722851,1947343
SH,600519,-1.51,1635357,1635357
SH,601138,9.99,1308123,1308123
SH,601988,-1.54,1207686,1846277
SZ,300308,-6.95,1055453,1112312
SH,600036,-0.91,802879,981556
SH,601628,1.04,792335,1075472
SH,688256,6.9,724158,724158
SH,601088,-0.34,709115,932646
SH,601899,5.79,700049,903552
SH,600900,-2.04,678259,678259
SH,688041,5.2,673314,673314
SZ,000333,0.08,586588,649980
SH,601318,0.13,575644,977813
SZ,300502,-4.45,536829,596756
SZ,002371,6.59,530969,531393
SH,600028,-2.34,471867,602209
SZ,002475,0.56,408666,430993
SH,601166,-1.18,388127,388127
SH,603259,4,363572,438612
SH,601658,-1.19,359738,595671
SH,603993,6.31,356201,436444
SZ,002415,-0.48,347732,352298
SH,600030,0.46,342526,416902
SH,600276,0.09,341085,354891
SH,688012,12.62,337165,342764
SZ,002594,-0.67,315643,825380
SH,600000,-1.59,308079,308079
SH,601998,-2.44,307761,420121
SH,600183,9.79,297176,299302
SZ,000858,-1.93,292627,292634
SZ,300059,1.2,270938,321032
SH,600150,1.91,264450,264450
SZ,002384,5.9,262916,347364
SH,603986,7.44,255698,268417
SH,601319,0.28,254519,317086
SH,688981,3.49,250605,1072958
SH,601816,-1.74,247564,247564
SH,688825,-0.88,245461,3645677
SZ,300408,7.33,242794,258124
SH,601211,0.06,242539,316790
SH,688008,4.11,242232,258266
SZ,300394,1.23,233568,234091
SH,600309,0.96,232751,232751
SZ,002916,5.1,232344,238061
SH,601225,-0.12,231614,231614
SZ,002463,3.83,223142,223322
SZ,000651,-0.9,221709,224896
SH,601601,0.82,219315,308236
SZ,000001,-1.91,217731,217734
SH,600919,1.13,212692,212692
SZ,002938,3.04,211926,212541
SZ,000725,5.33,209727,219673
SZ,002142,0.19,208278,208409
SH,603288,-1.17,205131,215874
SZ,300476,16.71,203771,231465
SH,600406,-1.79,196360,196939
SH,601919,0.33,193496,235282
SH,688072,10.79,189331,194679
SH,601668,-1.5,188834,188834
SZ,300760,0.06,187004,187165
SH,600025,-1.9,181653,181653
SZ,300433,6.25,173989,184809
SZ,300274,1.28,170977,223285
SH,600989,-0.08,169181,169181
SH,601066,0.46,168693,201441
SH,600887,-0.03,165908,166737
SH,600031,0.2,165844,179946
SZ,002352,-1.35,163074,178915
SH,688498,-1.75,158763,160841
SZ,003816,-1.71,157341,201995
SZ,300124,0.17,154766,173855
SH,600111,2.87,150495,150495
SZ,000338,5.27,149435,260503
SZ,000792,2.28,149433,149434
SH,600809,-0.85,147372,147372
SH,601872,7.63,145826,145826
SH,601766,-1.32,144750,170758
SH,601688,0.77,144308,178281
SZ,002050,0.59,143840,163986
SH,601818,-1.91,142469,181393
SH,601100,-0.88,141255,141255
SZ,000063,0.87,139638,165845
SH,600690,-1.15,139005,208465
SH,601009,-1.31,138719,138719
SH,600050,-1.56,136358,137563
SZ,000408,6.59,135333,135335
SH,600487,9.37,134901,135602
SZ,002281,-0.57,134714,141827
SZ,300604,11.08,133655,173234
SH,600999,0.85,132854,155668
SH,688082,8.12,132654,134094
SH,601229,-1.48,131860,131860
SH,601336,1.28,131570,196812
SH,688111,1.65,129450,129450
SH,603019,3.3,129290,129296
SZ,000568,-1.94,128806,128880
SZ,301165,7.49,128792,128792
SH,601600,1.67,128601,167089
SH,601869,10,126940,258638
SZ,000776,2.06,125992,166982
SZ,002714,0.63,125512,220875
SH,600019,-1.34,125487,127643
SH,600104,-1.08,124839,124839
SH,600016,-1.39,124472,153676
SH,600584,5.75,123774,123774
SZ,300857,4.5,122611,123241
SH,601898,-1.47,121996,176738
SH,603256,10,121499,124932
SH,600346,2.26,121143,121143
SH,600760,-1.31,120228,120456
SH,600018,-0.38,120186,120357
SH,688120,6.09,120100,120100
SH,688361,7.2,120007,120007
SH,688506,0.4,118908,118908
SZ,300014,1.13,117370,120748
SH,600489,8.09,116626,116626
SH,600160,3.72,115792,115792
SZ,300442,2.74,114307,114643
SH,601698,0.71,113171,113171
SZ,000977,3.93,113019,113146
SH,600660,-0.99,112888,147085
SH,688521,3.53,112756,112756
SZ,301200,5.94,111497,128218
SH,600886,-1.32,110545,118707
SH,688525,6.89,109644,109644
SH,601888,-1.17,109632,116668
SH,603501,3.14,109484,114086
SH,600905,-1.54,109205,109205
SH,600522,6.85,109180,109180
SH,600089,0.05,108079,108079
SH,601169,-1.17,106561,106561
SH,605117,1.09,106162,106162
SZ,000938,7.98,105994,105995
SZ,300033,3.4,105854,181725
SZ,000166,-0.63,104565,116185
SH,600015,-1.44,104479,108062
SH,601995,1.05,103932,171609
SH,688347,7.09,103462,440931
SZ,002353,4.58,102495,151858
SZ,301308,8.08,102369,153656
SZ,000988,-0.5,100639,100691
SH,601633,-0.8,99149,136341
SZ,002736,-0.18,98912,105388
SZ,002028,3.39,98199,125814
SH,601012,-0.91,98136,98136
SH,600673,1.06,97521,97780
SZ,000100,1.47,97373,100676
SH,600362,5.91,96707,161363
SH,601168,6.2,96702,96702
SZ,002230,1.52,96687,106052
SZ,002602,-0.34,95631,103706
SH,601006,-1.83,95342,95342
SH,600893,-0.63,94479,94495
SH,688271,-1.19,93171,93171
SZ,002600,1.82,92807,104670
SZ,000807,2.5,92489,92490
SH,600938,-2.94,91584,1455842
SH,601127,0.07,91346,102185
SH,601881,-0.15,91195,137664
SH,601390,-0.87,91051,109900
SH,688183,5.42,90761,90761
SZ,002008,7.21,90516,97411
SZ,002001,-1.29,90255,91342
SZ,000538,-1.61,90171,90748
SZ,000617,-0.27,90138,90138
SH,600795,-0.98,89178,89178
SZ,002156,4.84,88452,88461
SH,601727,0.57,88436,108936
SZ,000895,-1.13,87402,87413
SH,600236,-0.17,87179,87179
SH,601689,0.46,86857,86857
SH,600941,-0.36,86720,2083274
SH,601868,-0.37,84963,115909
SH,603893,6.05,84887,84898
SZ,002648,-0.31,84566,84620
SH,688777,6.51,83758,84183
SZ,000657,10,83472,130860
SZ,000301,2.2,82935,82971
SH,600549,8.08,82933,84729
SH,605499,-3.27,82677,89793
SZ,001289,-0.9,82234,136349
SH,600436,-0.96,82148,82148
SZ,002080,10.01,81909,81909
SZ,300498,0.59,80626,90227
SH,601991,0.95,79211,118258
SH,688249,7.51,79039,87549
SH,603799,2.38,78808,79055
SZ,301217,10.14,78674,78674
SH,601825,-2.44,78370,80628
SH,600011,-1.24,78304,111770
SZ,002311,-1.25,77740,77815
SZ,300757,5.98,77187,79580
SH,688396,7.28,77156,77156
SH,603228,-1.95,77011,78524
SZ,002027,-0.93,76110,76110
SH,601838,-0.99,75826,75826
SZ,000425,-0.46,75605,98374
SH,688200,8.42,75087,75087
SH,600039,-0.91,74956,74956
SH,600118,2.02,74603,74603
SZ,002241,2.42,74459,84082
SH,603195,-1.26,74383,74518
SH,601958,4.97,74341,74341
SZ,000630,4.73,73989,89039
SH,600674,-2.46,73070,73070
SZ,002179,1.05,72893,73026
SH,601179,-1.03,72890,72890
SH,601800,-0.96,71978,99553
SH,601111,1.15,71924,126644
SH,688126,6,71763,83452
SH,601186,-0.79,71320,84193
SZ,000708,-1.39,71316,71316
SH,688002,7.04,71292,71292
SH,600066,1.1,71178,71178
SH,688702,3.55,71047,143500
SH,600010,1.35,70779,102211
SH,600029,0.97,70485,94773
SZ,300015,-1,70421,82301
SH,600585,-0.66,70321,93298
SZ,002466,1.39,70023,81292
SH,600958,-0.1,68794,78254
SH,601360,1.03,68666,68666
SH,600026,5.88,68291,97606
SZ,300475,6.55,68185,71140
SZ,000636,8.08,67940,67940
SH,600415,-0.47,67667,67667
SZ,002202,3.08,67573,84856
SH,600988,7.44,67488,77081
SZ,002625,-0.31,66361,66361
SH,688629,3.71,66337,67382
SH,600023,-0.59,66239,66239
SH,600703,4.41,66154,66154
SH,601018,-0.86,66145,66145
SH,688036,-1.46,65594,65594
SZ,001965,-2.14,65029,65029
SH,600233,1.29,64508,64508
SH,600482,1.43,64237,64237
SH,600115,2.17,64184,83271
SZ,000426,8.59,64156,64171
SH,603296,4.44,63848,121220
SZ,002460,1.9,63807,110454
SZ,001309,5.96,63685,87540
SZ,300620,1.33,63683,64219
SH,688172,6.76,63630,75778
SH,688585,0.17,63570,63570
SH,601916,-1.33,63556,81021
SH,601669,-0.6,63528,83719
SZ,000960,5.72,63217,63217
SH,600875,0.65,62899,96108
SZ,300661,2.26,62495,71193
SZ,000625,-1.04,62335,74743
SZ,000703,3.93,62321,62635
SH,688017,3.95,62129,62129
SZ,002304,-1.61,62124,62126
SH,601231,10,62017,62017
SH,600048,0,61169,61169
SZ,000021,5.91,60920,60928
SZ,002595,0.5,60801,61225
SZ,000975,6.74,60760,66762
SZ,001979,0.29,60669,61670
SZ,002128,1.28,60455,84321
SH,688037,8.57,60403,60403
SH,601061,4.82,59731,59731
SH,600009,-0.81,59699,59894
SH,688519,7.02,59411,59411
SZ,002837,5.77,59100,66623
SH,601901,0,58695,58695
SZ,000933,1.6,58662,58699
SZ,002709,4.39,58459,78974
SH,600221,0,58270,58773
SZ,000768,-1.04,57777,57864
SH,601788,-0.8,57624,68009
SH,600426,-0.56,57466,57474
SH,688141,10.8,57384,57384
SH,600438,-0.77,57355,57355
SZ,300223,7.67,57325,65749
SZ,300285,11.32,57187,66792
SZ,002558,0.2,57017,57017
SZ,002064,5.61,56898,57020
SH,601077,-1.22,56653,72798
SZ,002049,2.5,56649,56657
SZ,002920,2.22,56637,56655
SZ,300759,-0.17,56588,73216
SH,688766,12.28,56060,56060
SH,600885,-0.73,55775,55775
SH,600372,0.52,55647,55647
SZ,002422,1.14,55542,68038
SH,600580,-0.21,55436,55596
SZ,300054,6.32,55435,71091
SH,600418,1.36,55430,57211
SH,601877,-0.42,55379,55379
SZ,002532,1.98,55114,62118
SZ,002185,6.76,55090,55102
SH,688019,5.89,55050,55050
SH,600219,1.27,54892,54892
SZ,300058,-0.05,54638,56402
SZ,000831,4.64,54589,54589
SH,601059,0.36,54482,54482
SZ,300450,1.72,54455,58464
SH,601233,3.38,54427,54527
SZ,002428,10,54013,54020
SZ,002851,9.13,53792,68183
SH,688409,13.16,53593,53593
SH,600105,6.01,53144,53144
SH,600803,-1.92,53141,53557
SZ,300765,1.1,53051,53051
SZ,002484,8.55,52822,54757
SH,603659,1.28,52554,52554
SZ,300136,6.73,52450,61499
SZ,300418,1.3,52032,56888
SZ,002821,1.14,51821,58970
SH,601377,-0.32,51730,51730
SH,688313,0.4,51594,51594
SZ,000157,-0.67,51538,63048
SZ,300803,2.18,51436,51814
SH,600497,6.25,51412,51412
SH,600895,6.41,51184,51184
SH,600460,4.88,50821,50821
SZ,301269,3.23,50793,50793
SH,600741,-0.67,50664,50664
SZ,300316,2.8,50642,53848
SZ,001872,-1.48,50373,54309
SZ,301358,3.59,50102,55569
SH,688578,1.59,49658,49658
SZ,000783,1.36,49494,49494
SZ,300373,4.97,49394,49504
SZ,300666,11.2,49196,61401
SH,603979,10,49080,49080
SZ,000963,-2.1,48892,48912
SZ,002074,0.18,48715,50903
SH,600196,-1.2,48535,61180
SH,688110,7.55,48423,48423
SH,601298,0.34,48367,58225
SH,688469,3.27,48191,68822
SH,688630,6.81,47840,53202
SZ,301526,13.41,47749,128210
SH,601618,-0.74,47309,54833
SZ,000066,2.45,47254,47258
SH,688375,1.56,47222,47222
SH,600378,6.1,47193,56760
SH,601117,-0.12,47000,47135
SZ,300548,-0.27,46826,46921
SH,600498,6.76,46783,49967
SZ,300567,12.4,46579,57390
SH,600726,4.71,46571,49263
SH,688223,-0.65,46418,46418
SZ,002436,6.33,46373,51925
SH,600930,-1.14,46088,178954
SZ,002414,4.88,46051,57868
SH,601607,-0.83,45994,61151
SH,601021,2.1,45718,45718
SH,603129,-1.32,45508,45508
SH,688048,-3.18,45426,45426
SH,600377,-0.57,45360,60100
SH,601198,0.21,45254,45254
SZ,002409,9.51,45167,67487
SH,688147,10.44,44988,44988
SH,688047,2.02,44888,44888
SH,601058,0,44883,44883
SZ,002812,2.1,44832,53482
SH,600601,8.01,44414,45515
SH,688729,10.18,44283,74864
SH,601699,-0.26,43974,43974
SH,601878,-0.3,43680,43680
SH,688188,1.9,43593,43593
SH,688187,0.46,43558,66708
SH,600027,-1.25,43498,54808
SZ,002203,1.88,43137,44689
SZ,000999,-1.7,42083,42121
SH,600021,-0.19,41990,41990
SH,688432,19.41,41848,41848
SH,600143,0.57,41841,42452
SH,600061,-0.3,41690,41690
SH,688331,5.15,41672,66095
SZ,301377,11.75,41507,178035
SH,603260,-0.33,41460,41460
SH,600845,1.74,41273,55272
SH,605376,10,41241,41241
SH,600995,-1.06,41197,41197
SH,603083,0.4,41140,54972
SH,688099,1.09,41104,41104
SZ,002236,0.06,40984,56035
SZ,300395,6.34,40906,41958
SH,600642,0.24,40863,40866
SH,601555,0.37,40843,40843
SH,688303,-0.61,40815,40815
SZ,002636,10.01,40692,40899
SH,600909,4.39,40646,40646
SH,603629,10,40635,41312
SH,688627,7.03,40600,40600
SH,688146,10.59,40577,148182
SH,688728,4.21,40515,40543
SH,601136,-0.93,40426,40426
SH,600588,3.95,40423,40423
SH,603268,10,40322,176106
SH,601212,5.63,40282,40282
SZ,002945,-1.77,40257,40257
SH,600985,0.61,40076,40076
SH,688234,7.7,40010,45123
SZ,300390,5.12,39886,49288
SH,600578,-0.33,39833,39833
SZ,002195,0.85,39816,40176
SZ,300979,-0.34,39736,39736
SH,601208,10.01,39730,39730
SH,603806,-0.25,39653,39653
SH,601456,0.11,39612,51409
SH,601777,0.81,39605,39605
SH,601108,0,39565,39565
SZ,000893,0.62,39535,45001
SZ,000987,0.25,39455,39485
SH,601238,-1.1,39429,54452
SH,600392,4.9,39421,39421
SZ,000559,1.62,39408,39420
SH,688808,4.68,39364,209437
SH,600968,-1.52,39339,39339
SH,601216,-1.05,39321,39321
SZ,002078,-0.41,39244,39487
SH,603699,2.48,39158,40043
SH,600667,7.7,38631,38631
SZ,000811,10.01,38617,39173
SH,601611,5.28,38457,38457
SZ,002155,6.73,38422,38426
SZ,300115,1,38345,38458
SH,603379,1.88,38332,38332
SH,688336,2.74,38323,38323
SZ,002850,0.72,38292,52296
SZ,002138,5.63,38233,40227
SH,600600,-1.6,38151,73394
SZ,002294,-0.08,37951,37960
SZ,300919,0.95,37905,43283
SH,603392,-1.99,37831,37831
SH,601665,-0.64,37723,37723
SH,601577,-1.26,37473,37481
SH,688295,4.18,37431,37431
SZ,300001,-0.98,36999,37865
SH,600901,1.27,36885,36894
SZ,002273,4.21,36884,37547
SZ,002129,0.88,36841,36873
SZ,003031,7.72,36751,48732
SZ,300972,-1.26,36750,40000
SZ,300454,4.08,36720,55024
SZ,000983,0,36674,36674
SZ,300037,5.33,36612,50480
SH,601126,5.32,36609,36965
SZ,000596,-2.04,36598,47347
SZ,002738,4.29,36496,37034
SZ,001203,1.49,36462,42804
SZ,002966,-0.59,36263,36883
SZ,300866,-1.47,36196,69002
SZ,002429,2.44,36059,36080
SH,601808,-2.16,35970,57975
SH,600733,0.34,35967,37885
SH,603650,8.09,35738,35824
SH,688122,2.33,35667,35667
SZ,002056,5.94,35653,35690
SH,603298,0.37,35627,35627
SH,688775,1.11,35553,54969
SZ,000688,2.75,35433,35434
SZ,300017,1.49,35379,37310
SZ,002407,4.46,35340,38999
SH,600060,-0.69,35248,35378
SH,600298,-3.33,35220,35660
SH,688322,2.47,34845,44916
SZ,300346,7.4,34840,36707
SH,600157,-0.62,34690,34690
SZ,002444,2.89,34666,36109
SZ,000423,-0.63,34649,34711
SZ,002340,0.89,34567,34747
SZ,002517,-1.55,34551,39076
SH,600256,-0.36,34325,34325
SH,600085,-3.02,34273,34273
SH,603486,-0.44,34212,34525
SH,600177,-1.29,34181,35092
SH,603929,9.12,34142,34142
SZ,002653,3.86,34075,71092
SH,603369,-1.04,34050,34050
SZ,302132,-0.28,33887,154500
SZ,300251,-0.32,33859,35790
SH,600206,10,33701,33701
SH,601696,0.5,33530,33530
SH,688027,2.62,33500,42872
SZ,000878,3.79,33481,40525
SZ,301236,11.08,33479,44109
SH,688599,0,33475,33475
SH,600869,6.36,33423,33423
SZ,002252,-3.06,33337,33359
SZ,002601,0.91,33133,39745
SZ,002032,-1.58,33107,33122
SH,605589,7.57,32949,32967
SH,688433,8.44,32897,32897
SZ,002131,3.31,32845,37990
SH,601598,-0.3,32802,45625
SZ,002126,3.64,32633,34754
SZ,300782,0.64,32632,41859
SH,603606,-3.67,32629,32629
SZ,002432,3.91,32536,32580
SH,600109,-0.22,32496,32496
SH,603308,5.1,32452,32452
SH,688536,2.38,32388,32967
SH,600839,-0.27,32305,32314
SZ,300207,0.75,32205,34714
SH,603225,2.01,32136,32309
SH,605358,8.56,32108,32108
SH,601162,-0.52,32070,37576
SZ,300751,6.68,32067,46376
SH,600563,2.09,32049,32049
SZ,002555,-0.19,31969,44554
SZ,000728,-0.4,31943,31943
SH,600707,6.97,31930,31937
SH,688676,2.83,31927,31927
SZ,002261,1.31,31793,34952
SZ,000967,4.07,31764,31778
SZ,300832,-0.99,31711,36473
SZ,000002,0,31677,38894
SH,688668,3.61,31573,31573
SH,603568,-1.27,31526,31526
SZ,000786,-1,31492,31730
SH,688235,4.25,31420,421183
SZ,000729,-1.33,31420,35288
SZ,000800,-1.23,31346,31349
SH,600863,-1.43,31199,37452
SH,600562,0.92,31183,31183
SZ,000876,0,31140,31159
SZ,300870,10.13,31041,31045
SZ,300339,3.15,31022,31769
SZ,000661,-0.62,30642,31281
SZ,000027,-1.22,30638,30638
SZ,300748,2.46,30613,37511
SH,600348,0.24,30447,30447
SZ,002673,-0.14,30393,30393
SH,688617,-0.91,30290,30290
SZ,300672,7.35,30213,31185
SZ,000981,10.07,30157,31692
SH,600332,-2.05,30142,34857
SH,688300,12.07,30087,30087
SZ,002025,4.18,30010,30020
SZ,002378,7.04,29986,30144
SH,600871,-1.33,29939,41895
SH,600282,-0.2,29901,29901
SH,600483,-1,29887,29887
SZ,002939,-0.23,29866,33445
SH,688568,1.48,29826,29826
SH,603766,0.9,29797,29797
SZ,000060,3.57,29667,29667
SZ,002472,1.7,29570,33575
SZ,000958,-1.25,29501,100375
SH,600517,-0.57,29450,29450
SH,600801,2,29370,45509
SH,603198,-1.04,29368,29368
SZ,000629,1.28,29358,29359
SH,600398,-0.48,29297,29297
SH,688213,0.36,29190,36300
SH,688318,6.31,29098,29098
SH,601933,-0.3,29096,29096
SH,688266,2.41,29086,29086
SH,603127,4.17,29001,34620
SH,601990,-0.43,28987,30137
SH,688052,5.39,28917,32969
SZ,300347,-1.35,28692,43611
SZ,301511,11.22,28629,48169
SH,688180,1.8,28617,38337
SH,603338,-0.64,28599,28599
SH,688385,4.45,28588,43657
SH,600428,0.95,28585,32076
SZ,300628,-0.9,28519,49777
SH,600312,-1.32,28278,28278
SH,600536,1.06,28246,31263
SH,603444,-0.36,28172,28172
SH,603179,0.15,28168,28168
SZ,000959,0,28167,29314
SH,688411,0.88,28161,38757
SH,601000,-0.83,28148,28148
SH,688301,3.49,28128,28128
SZ,002797,0,28030,28030
SH,600637,-0.59,28005,28005
SZ,002859,8.97,28003,29659
SZ,300458,3.71,27984,34151
SH,688169,-1.27,27964,27964
SH,600259,5.48,27954,27954
SH,600369,-0.47,27843,27843
SH,688297,-0.01,27817,27817
SZ,000582,2.06,27802,32445
SZ,002240,3.4,27771,27843
SH,601880,-1.31,27620,35358
SH,600737,0.78,27613,27613
SH,600663,-0.67,27612,44058
SH,688387,4.27,27549,46700
SH,688608,0.7,27441,27441
SH,600499,-9.05,27329,27329
SH,688248,2.31,27303,27303
SZ,300209,9.19,27287,34109
SZ,300432,0.25,27271,27578
SZ,002222,10,27251,27373
SZ,000737,3.32,27235,27237
SH,603939,0.09,27230,27230
SH,600777,0.95,27183,29038
SH,600079,0.34,27175,28743
SH,601799,0.11,27174,27174
SH,601001,0.25,27131,27131
SH,688362,7.47,27071,27071
SH,600331,1.37,26985,35080
SH,600515,-1.33,26977,33590
SZ,000877,-1.3,26878,26878
SZ,002245,2.02,26830,28518
SZ,002747,5.94,26774,33118
SZ,002487,1.52,26625,31232
SH,600595,-1.33,26612,26612
SZ,000932,-0.76,26383,26383
SH,601615,0.09,26346,26346
SZ,003022,0.2,26342,26364
SH,600732,0.73,26295,26419
SH,688065,-1.69,26287,32501
SH,688333,9.49,26277,26277
SZ,002465,0.76,26191,26233
SZ,002456,1.68,26076,27478
SZ,002015,-0.36,26038,26038
SZ,000962,9.99,25979,27233
SZ,002223,-0.96,25951,27608
SH,600299,-0.46,25870,25870
SH,600704,0.2,25856,25856
SH,688018,4.61,25839,25839
SH,600918,-0.52,25734,44659
SZ,002459,-0.12,25727,25750
SH,600862,-0.8,25716,25716
SH,688102,4.63,25701,25775
SH,600396,6.6,25699,25699
SZ,000951,0.69,25624,25624
SZ,002152,-0.18,25616,25629
SH,600153,-0.22,25603,25603
SZ,300438,5.06,25596,31877
SH,603061,10,25479,25479
SZ,002841,5.81,25452,34134
SZ,300489,8.22,25387,25480
SH,600208,2.05,25354,25357
SH,688127,3.17,25336,25336
SH,603067,1.7,25310,25310
SH,603823,10,25286,25286
SH,603119,2.61,25274,25274
SZ,300383,-0.84,25084,25130
SZ,000739,-2.07,25082,25092
SH,603688,6.53,25080,25080
SZ,300236,5.59,25064,28198
SZ,000921,1.16,25043,37544
SZ,300558,1.75,24973,25053
SH,603345,-1.03,24904,28300
SH,600521,-2.4,24899,24899
SH,600583,-0.7,24804,24804
SH,600641,9.18,24801,25234
SH,603920,4.02,24781,24781
SH,600323,-1.06,24778,24778
SH,603160,0.87,24767,24767
SZ,000415,2.46,24753,28387
SH,603049,-1.14,24704,42780
SH,600161,-2.26,24697,24697
SH,601717,0.13,24690,28584
SH,600998,-3.35,24658,24658
SZ,000830,0.94,24602,24604
SH,600166,0.65,24544,24544
SZ,300024,-0.62,24527,24533
SH,688475,0.03,24515,24515
SH,601155,0.74,24496,24496
SZ,000887,1.36,24421,24460
SH,688192,5.31,24412,24621
SZ,001389,4.94,24411,75737
SH,603885,1.81,24336,24336
SH,601928,-2.04,24329,24329
SH,600330,8.77,24311,24311
SZ,000547,1.53,24298,24441
SZ,000062,2.88,24294,24317
SH,600546,-0.56,24265,24265
SZ,300255,2.52,24253,24291
SH,603596,1.05,24209,24209
SH,601606,-0.35,24175,24175
SH,601399,-0.58,24165,24165
SZ,002046,4.43,24123,24397
SH,600295,-1.2,24102,34145
SH,688548,7.6,24068,45941
SZ,000738,-0.32,24068,24068
SZ,002266,2.05,24068,25940
SH,600100,-0.68,24055,24055
SH,688778,2.04,23988,23988
SH,600566,-1.24,23930,24011
SZ,002498,-2.7,23886,23886
SH,600095,0,23846,23846
SH,689009,-0.76,23799,31148
SH,601866,0,23791,32232
SH,601099,-0.28,23789,23789
SH,600977,-0.77,23730,23730
SH,601069,5.24,23715,24351
SH,688349,-0.84,23696,24107
SZ,002244,0.82,23687,26727
SZ,000400,-2.21,23651,23734
SZ,002430,1.65,23539,23549
SZ,000733,2.39,23521,23524
SH,600535,-0.81,23485,23485
SZ,002180,0.76,23479,24542
SH,600884,0.71,23434,28677
SH,688278,-0.48,23381,23381
SZ,001270,7.43,23360,23509
SH,601228,-0.31,23313,23313
SZ,300496,2.22,23305,29116
SZ,300738,3.01,23273,23280
SH,603605,-0.4,23264,23264
SH,603301,0.9,23110,23110
SZ,002157,0.34,22974,27288
SZ,300677,4.06,22917,32227
SZ,002085,-0.08,22910,22910
SH,688820,4.8,22891,246613
SH,688425,-0.45,22881,22881
SH,603678,7.75,22875,22875
SZ,300811,6.42,22702,27659
SH,601128,-1.1,22692,22692
SH,601567,-0.18,22680,22680
SH,603881,0.19,22663,22663
SZ,002271,1.03,22591,28187
SZ,002603,-2.37,22561,27383
SH,601118,0.38,22553,22553
SH,603730,6.28,22539,22539
SZ,300814,8.23,22531,22531
SH,688195,5.11,22519,22519
SH,688001,5.21,22470,22470
SH,600390,0,22445,22445
SZ,000750,0.26,22431,24714
SH,600126,-0.59,22425,22425
SZ,000155,0.17,22412,22412
SH,603565,0.66,22366,22366
SH,600388,1.79,22340,22340
SH,600550,-1.05,22319,22319
SH,600486,-0.44,22319,22319
SH,601608,0.41,22302,22302
SZ,000158,0.57,22278,22429
SH,600873,-0.74,22266,22266
SH,603306,10,22228,22228
SH,600098,-1.85,22227,22227
SZ,000709,-0.45,22221,22225
SH,601963,-1.96,22212,39593
SH,603663,10.01,22101,22116
SH,600246,6.08,22099,22714
SH,601106,-0.61,22082,22082
SZ,000034,4.26,22044,26395
SH,601016,-0.53,22040,23887
SH,688819,-0.43,21989,21989
SZ,002065,-0.52,21984,24233
SZ,301205,-1.84,21941,34082
SZ,300474,0.41,21872,28122
SH,600685,0.53,21817,37543
SH,603728,0.42,21799,21799
SZ,000623,0,21787,21873
SH,600745,-0.05,21783,21783
SZ,002396,10,21738,21828
SZ,002364,3.62,21727,21940
SH,605111,5.64,21709,21709
SH,688343,6.19,21652,21652
SH,600598,-1.05,21599,21599
SZ,000564,-0.68,21586,25823
SH,600132,-2.72,21580,21580
SZ,300699,0.38,21578,21840
SH,688114,3.33,21555,21601
SH,688403,8.45,21540,21540
SZ,300896,0.38,21539,31878
SZ,003035,-0.69,21515,21515
SH,603337,0.22,21488,21919
SZ,001267,10.01,21470,27695
SH,603077,1.67,21461,21461
SZ,002379,-1.96,21443,245897
SZ,301536,5.39,21426,48270
SZ,300073,0.57,21413,23035
SH,603588,6.71,21325,21325
SZ,000598,-1.23,21303,21306
SH,688400,3.03,21296,22146
SH,601677,0.59,21260,21260
SZ,002423,-0.85,21152,21152
SH,600008,-1.7,21141,21141
SH,600516,0,21136,21136
SH,600329,-1.47,21124,28686
SZ,002624,0.09,21092,22387
SH,603899,-0.94,21054,21054
SH,600353,9.5,21019,21019
SZ,002545,4.04,20976,23090
SH,600170,-0.83,20971,20971
SZ,002007,-1.4,20928,24282
SZ,300806,9.38,20920,29031
SH,600848,-1.68,20899,22021
SZ,002317,1.11,20868,23288
SZ,002335,1.52,20755,23734
SH,603233,-1.98,20750,20750
SZ,002895,3.19,20739,20958
SH,601865,-1.97,20702,25514
SZ,000825,-0.26,20677,20677
SH,600688,-1.04,20667,29730
SH,601997,-1.21,20658,20658
SZ,002468,-2.29,20653,21416
SZ,300085,3.5,20643,22372
SH,603290,3.93,20607,20607
SZ,001896,4.41,20598,20598
SZ,000519,2.01,20540,20540
SH,600970,-1.13,20476,20476
SH,603005,3.02,20465,20465
SH,688205,1.81,20451,20451
SH,688005,0.99,20424,20424
SH,688372,7.95,20411,20411
SZ,300003,-0.14,20384,23799
SH,603876,1.53,20323,20323
SH,603816,-1.42,20315,20454
SZ,300012,0,20309,23879
SH,603171,3.5,20278,20301
SZ,002299,0.24,20265,20667
SZ,300763,1.21,20212,24932
SZ,002716,5.85,20182,24533
SZ,002948,0.35,20147,33292
SZ,300776,6.99,20096,31966
SH,601858,6.14,20087,20087
SZ,002831,2.56,20055,36176
SH,603833,-0.38,20053,20053
SZ,300762,3.5,20051,20051
SH,600582,-1.42,20031,20031
SH,601666,1.12,20027,20027
SH,601158,-0.7,20016,20016
SZ,002130,-0.45,20014,24428
SZ,000039,0.93,19976,46807
SH,603667,0.17,19973,20897
SH,688257,9.26,19952,19952
SH,603516,3.66,19924,19924
SZ,301035,-0.06,19901,19931
SZ,000683,-0.16,19798,22041
SZ,300142,1.46,19746,20024
SZ,300487,0.93,19716,32590
SZ,002265,-1.23,19710,19710
SH,688270,4.35,19699,19699
SH,688502,14.22,19689,19689
SH,600967,-0.25,19656,19656
SZ,000009,-3.53,19655,19679
SZ,002461,-1.22,19588,19588
SH,601187,-1.71,19566,19609
SH,600927,0.52,19552,19552
SZ,000029,1.58,19536,22165
SZ,301171,3.35,19503,24036
SZ,300398,6.95,19463,19569
SZ,000603,10,19435,20113
SZ,002318,-1.35,19424,19895
SZ,300623,3.73,19422,21060
SZ,002500,-0.36,19421,19421
SZ,300821,7.01,19413,19416
SH,601098,-1.45,19397,19397
SZ,002497,1.56,19359,21057
SH,603000,1.04,19272,19272
SH,600131,-0.67,19206,19224
SH,688097,5.46,19143,19143
SZ,000686,0,19122,19122
SZ,002120,-0.87,19115,19686
SZ,002262,-1.45,19081,21931
SH,603358,4.27,19071,19400
SZ,002044,1.23,19061,19258
SH,603236,1.88,19044,19044
SH,688123,6.19,18983,18983
SH,600012,-2.33,18941,27765
SH,600518,-2.13,18937,18946
SZ,002683,0.28,18910,21558
SZ,002518,4.11,18904,19475
SZ,002491,10,18894,19754
SZ,300627,0.07,18858,22771
SZ,300843,4.26,18835,19211
SZ,002270,1.79,18829,18830
SZ,300456,2.95,18790,23028
SH,688363,-0.17,18776,18776
SZ,000997,-1.42,18748,18854
SZ,300088,7.26,18716,18808
SH,603186,10,18707,18707
SH,600339,-1.75,18704,18704
SH,603658,-3.06,18588,18588
SZ,002149,6.37,18588,18591
SH,600007,-0.9,18564,18564
SZ,300122,-0.75,18542,31383
SZ,002756,2.22,18533,25812
SZ,002670,2.52,18522,22079
SZ,002739,0.91,18509,18774
SZ,000429,-0.97,18507,29689
SH,601139,-0.91,18497,18497
SH,603950,8.23,18477,18492
SH,600380,-0.97,18459,18459
SH,688523,2.07,18428,18428
SH,688281,-0.47,18382,18382
SZ,300747,3.45,18327,19718
SH,600316,-0.92,18279,18279
SH,600606,-0.75,18270,18270
SH,600577,0.25,18256,18256
SH,600004,-1.4,18247,19871
SZ,001337,9.99,18173,18173
SH,603529,0.05,18155,18512
SH,601969,0.22,18147,18257
SH,603618,9.98,18128,18128
SH,688692,1.78,18110,27652
SZ,002389,-0.69,18080,18083
SH,600655,0,18049,18055
SZ,000543,-1.23,17999,17999
SH,601609,1.96,17961,17961
SH,688795,2.84,17924,278731
SH,600629,10.04,17902,17902
SZ,000969,1.48,17870,18027
SH,688233,15.13,17853,17853
SZ,000875,-0.92,17848,19370
SH,600032,-1.06,17843,17843
SH,600038,-0.7,17814,21834
SZ,301297,2.37,17796,23391
SH,600500,4.65,17762,17762
SH,601636,0.33,17752,17752
SH,600114,2.09,17746,18178
SH,601975,2.43,17739,17739
SH,603638,1.36,17728,17728
SZ,300953,6.62,17670,24583
SZ,300903,13.96,17659,23250
SH,603773,10,17653,17659
SH,603132,5.49,17653,17653
SH,688268,7.72,17646,17646
SZ,000591,-0.87,17643,17650
SZ,000032,4.24,17632,17632
SH,603871,-0.53,17620,17620
SZ,002402,2.97,17597,19853
SH,600120,-0.76,17589,17589
SH,600410,2.56,17566,17566
SZ,300364,3.43,17514,19320
SZ,002145,-1.07,17510,17511
SZ,300170,4.03,17457,18280
SH,603786,0.91,17455,17455
SH,600754,-0.3,17441,20526
SH,600956,-1.84,17423,33392
SZ,000937,-1.27,17411,17919
SH,605020,5.98,17391,17664
SZ,002192,4.47,17382,17418
SZ,000935,2.71,17368,17368
SH,688388,5.35,17276,17276
SZ,300888,-0.69,17219,17297
SZ,000528,-0.46,17216,17240
SZ,000513,-1.68,17215,26904
SZ,001287,2.81,17212,17212
SH,600820,-2.14,17198,17198
SZ,300724,0.68,17154,20765
SH,600186,4.02,17122,17157
SZ,300140,-0.89,17117,17138
SH,601020,3.22,17088,17088
SZ,300503,3.73,17088,21835
SH,601519,1.54,17067,17067
SH,688131,-1.31,17044,17044
SH,600226,7.1,17043,17043
SH,601333,-0.98,16957,21251
SZ,300568,3.7,16932,20948
SH,600179,0.92,16917,18534
SZ,920438,4.24,16867,17480
SH,688449,8.14,16836,26413
SZ,300102,1.88,16835,16916
SH,600171,1.37,16816,16816
SH,600062,-0.79,16788,16794
SZ,300413,-1.43,16787,30736
SH,688772,0,16778,16778
SH,603733,1.23,16778,16778
SH,600664,3.1,16748,16748
SH,688652,7.96,16744,23297
SH,603226,1.53,16722,16722
SH,688596,20,16698,16698
SH,603997,1,16667,16667
SH,688700,7.07,16666,16666
SZ,003021,0.56,16663,21499
SH,601966,-1.29,16655,16655
SZ,000766,-2.64,16654,16662
SH,605196,1.11,16641,16760
SZ,000682,-1.34,16610,16612
SZ,002237,3.96,16598,19905
SZ,300199,4.61,16573,19643
SZ,300657,2.05,16566,17048
SZ,002611,-0.53,16565,20085
SH,600739,-0.17,16563,16563
SH,601101,3.05,16560,16560
SH,688615,5.07,16536,23947
SH,688582,2.14,16528,16528
SH,603858,-1,16493,16493
SH,603355,0.49,16462,16462
SH,605198,7.32,16457,20329
SZ,300002,1.14,16437,17469
SZ,300773,0.19,16427,17365
SZ,300676,1.08,16396,16486
SZ,000898,0,16392,19301
SH,601326,-1.42,16366,19221
SZ,000050,1.98,16344,16344
SZ,300660,-0.2,16330,16340
SH,600763,-0.51,16241,16241
SH,600435,-0.36,16212,16212
SH,600110,5.9,16189,16189
SH,688390,2.39,16168,16168
SH,688520,3.39,16161,17068
SH,601921,-1.21,16156,16156
SZ,002405,-0.86,16137,16235
SZ,002957,10.01,16107,16157
SH,600528,-1.35,16106,16106
SH,600867,-1.78,16099,16099
SH,600552,6.43,16096,16096
SH,601369,-1.45,16073,16235
SZ,002506,1.48,16072,16088
SH,601156,-0.17,16058,26988
SZ,002171,3.23,15992,16083
SZ,000970,0.54,15975,15975
SZ,300144,-0.79,15954,16123
SZ,002176,1.19,15944,15967
SZ,002312,0,15937,15970
SH,600761,-0.05,15899,15899
SZ,000537,-1.01,15891,15891
SH,600750,-2.76,15884,16055
SH,688503,6.07,15814,15814
SH,600928,-1.1,15747,15822
SZ,001213,-0.83,15733,15733
SZ,300735,0.63,15724,16797
SH,603317,-0.93,15708,15708
SZ,000723,-2.18,15691,15721
SZ,000902,0.81,15656,17190
SZ,000563,-0.64,15649,15649
SH,600808,-0.37,15636,20176
SH,600623,0.36,15609,17634
SH,600959,-1.26,15602,15602
SH,600459,7.71,15597,16902
SH,600835,0.1,15574,19451
SH,688392,8.32,15570,15570
SZ,002326,2.08,15537,17707
SH,688380,5.81,15534,15534
SH,688484,3.52,15522,15522
SH,603026,2.04,15512,15512
SH,601702,-0.82,15507,15507
SZ,301316,3.05,15486,15975
SH,688166,1.46,15471,15471
SZ,300613,0.16,15468,16398
SH,688279,5.87,15451,19011
SH,600531,5.11,15430,15430
SZ,300131,-0.73,15415,16787
SZ,300201,2.82,15396,15479
SH,600877,2.29,15357,15357
SH,603002,7.91,15310,15310
SZ,002320,0.15,15293,15293
SH,688332,5.2,15278,15278
SH,688800,6.35,15273,15273
SZ,000791,-0.12,15272,25594
SZ,002410,0.1,15262,16057
SZ,000539,1.36,15230,31292
SH,603938,6.39,15221,15221
SH,688106,6.88,15210,15210
SH,600511,-1.88,15200,20726
SZ,002896,1.52,15185,15185
SH,603662,1.49,15145,15145
SH,600872,-1.05,15127,15192
SH,688779,0.26,15125,15125
SH,688353,5.78,15122,15122
SH,600452,-0.9,15120,15120
SH,603025,-0.5,15118,15220
SH,688100,-1.17,15101,15232
SZ,300723,1.09,15099,16270
SH,688690,1.74,15087,15087
SZ,000927,-1.18,15065,15065
SH,600888,3.3,15065,15065
SZ,000778,-0.76,14990,15258
SH,688308,8.08,14925,14925
SH,603063,7.96,14921,14983
SH,600397,7.96,14909,14909
SZ,000966,-1.6,14899,14899
SH,688206,4.82,14896,14896
SH,600744,0.41,14868,14868
SZ,002568,-0.7,14838,20280
SH,600651,2.25,14817,14817
SH,600151,-0.38,14787,14787
SH,603826,10.01,14787,14787
SH,688150,5.15,14782,14782
SH,601568,-0.26,14777,14777
SZ,300342,3.22,14775,14995
SH,600475,0.58,14747,14951
SH,688003,6.77,14724,14724
SZ,300679,5.41,14716,17392
SZ,000680,0.63,14685,16757
SH,688661,2.92,14662,14662
SZ,002946,-0.16,14658,14830
SH,600022,-1.43,14657,14657
SH,600596,1.79,14603,14603
SH,688531,5.64,14584,21040
SZ,002250,2.01,14561,14641
SH,600201,-1.79,14554,14554
SZ,002913,6.25,14539,15106
SZ,300602,5.32,14523,21229
SH,601778,1.04,14520,14520
SZ,002158,2.14,14518,14550
SZ,001248,2.55,14512,181973
SZ,002552,10.01,14497,15263
SH,601375,0,14480,19500
SH,600548,-1.51,14470,21420
SZ,000506,5.13,14469,14474
SZ,301285,7.15,14461,14461
SH,688593,4.73,14457,14457
SH,600633,0.18,14431,14431
SZ,300253,0.52,14429,17126
SH,688158,-0.05,14419,16208
SZ,002969,1.7,14402,14478
SH,600172,10,14397,16181
SZ,002768,6.16,14353,24843
SH,601965,-0.54,14347,14408
SZ,300655,5.63,14299,14364
SH,603613,-0.19,14288,14288
SZ,000422,0.3,14248,14519
SH,688088,2.28,14238,14238
SZ,000088,-0.87,14233,23398
SZ,001331,5.73,14232,20376
SH,600621,-0.06,14205,14205
SZ,300999,-0.94,14196,141829
SZ,002911,-2.43,14191,14540
SH,688031,12.16,14168,14168
SH,600267,-1.22,14163,14163
SH,600710,0,14152,14152
SH,600816,-0.38,14110,25399
SZ,300957,-0.88,14109,14186
SH,600906,1.22,14105,21547
SH,688368,5.98,14068,23177
SH,600320,-1.16,14035,22288
SZ,300229,1.64,14030,14039
SZ,002906,2.77,14007,14015
SZ,000581,-0.22,14004,17054
SZ,002249,-0.39,13997,18527
SH,600779,0.56,13996,13996
SH,605289,4.47,13995,14014
SH,688538,-0.4,13978,33557
SH,603505,1.47,13972,13972
SH,601827,-0.7,13961,13961
SZ,001301,0.06,13951,19558
SH,600490,4.48,13948,15490
SH,688686,6.36,13945,13945
SH,688625,5.17,13939,13939
SH,603009,0.52,13935,13935
SZ,002290,3.68,13924,13969
SZ,002408,-0.77,13921,14385
SH,600056,-1.89,13907,13912
SH,688545,14.97,13884,27425
SZ,001286,0.1,13878,38550
SZ,000685,0.09,13862,16321
SH,688258,13.88,13837,13837
SH,600456,0.14,13832,13832
SH,603305,-0.82,13822,13822
SH,600403,1.4,13819,13819
SZ,001696,0,13790,17714
SZ,300323,5.26,13789,18843
SZ,002867,0.16,13769,13851
SZ,301389,7.02,13750,13750
SZ,301275,-1.23,13713,19253
SH,603039,7.4,13705,13705
SZ,300469,-0.01,13693,13700
SZ,300319,6.14,13688,14272
SH,688549,20.01,13678,34288
SZ,002010,-0.59,13676,13710
SH,600933,0.36,13675,14358
SZ,002048,1.1,13675,15684
SZ,301611,8.99,13667,40653
SH,600675,-0.43,13664,13664
SZ,000612,0.7,13663,13663
SZ,002153,-0.22,13646,23280
SH,603203,7.09,13643,13801
SZ,300455,0.05,13613,13788
SZ,000089,-0.74,13597,13597
SH,603868,-0.66,13578,13578
SH,603456,-2.15,13570,13570
SH,600258,-0.81,13533,13533
SH,688802,4.88,13526,292073
SH,600064,0.13,13514,13514
SH,688055,3.05,13500,13500
SZ,301005,3.43,13488,13768
SZ,002507,-1.59,13487,13524
SH,600409,-1.5,13480,13480
SH,688029,-0.27,13478,13478
SZ,002226,-0.96,13457,13457
SH,601678,1.86,13445,15851
SH,688006,3.53,13444,13444
SH,600057,-0.76,13434,18226
SZ,000534,3.4,13433,13620
SZ,301319,5.19,13425,17811
SZ,002563,-0.97,13397,16353
SZ,000672,3.61,13349,13349
SZ,002979,5.48,13336,18918
SH,600167,-1.66,13328,13328
SH,600783,4.92,13324,13324
SZ,301093,8.8,13285,13915
SZ,300718,1.7,13274,20168
SZ,000799,-0.11,13246,13247
SH,605099,0.77,13212,13241
SZ,300184,3.64,13192,14409
SZ,000785,-1.29,13176,14135
SH,600916,1.95,13171,13171
SH,605389,2.02,13171,13927
SH,600764,-1.43,13140,13140
SZ,300100,0.26,13117,13606
SH,600301,5.4,13059,30003
SZ,000815,2.23,13057,13057
SZ,002151,0.1,13054,16005
SH,600850,0.06,13035,13035
SH,600366,3.22,13035,13035
SH,688401,2.65,13030,13840
SZ,002607,9.81,13027,14493
SZ,300671,7.68,13026,13062
SZ,300457,0,12989,13200
SZ,300166,0,12980,16318
SH,688260,8.11,12973,12973
SZ,300975,11.41,12971,18109
SH,603707,-1.46,12958,12958
SH,600271,-1.26,12952,12952
SZ,301219,2.95,12949,18142
SZ,000620,1.84,12941,16265
SH,601133,6.38,12937,12981
SZ,300409,0.93,12859,14448
SH,600529,-1.32,12848,12848
SZ,301128,5.45,12836,14592
SH,603888,0.12,12833,12833
SZ,300459,-1.01,12820,13712
SH,688516,1.85,12808,12808
SZ,300296,0.73,12786,14970
SZ,002354,-0.24,12778,13005
SZ,001258,2.16,12777,12777
SH,603882,0.33,12764,12851
SH,603738,3.9,12754,12754
SH,600285,-1.52,12729,12743
SZ,002936,-1.08,12723,16457
SZ,000681,0.16,12711,13171
SH,600113,0.82,12705,13006
SH,688535,7.75,12702,13628
SH,603556,-2.42,12691,12691
SH,603515,-2.21,12652,12730
SZ,300133,0.66,12647,14249
SZ,300436,1.54,12636,14719
SZ,300182,-2.26,12630,14891
SH,688567,0.19,12588,12588
SH,601339,2.69,12581,12581
SZ,300179,9.95,12566,16320
SH,600827,-1.5,12563,13970
SH,600717,-0.9,12560,12560
SZ,002534,2.98,12537,12698
SH,600116,-1.79,12525,12525
SH,605599,0.81,12522,12522
SZ,002167,7.14,12519,12782
SZ,002091,-0.25,12515,12713
SZ,002901,0.19,12482,17919
SZ,000592,1.24,12467,12576
SZ,002929,6.48,12455,16470
SZ,002268,-0.6,12451,12456
SH,600211,-1.37,12429,12429
SZ,000069,1.69,12417,14468
SH,688116,0,12414,12414
SZ,301095,5.95,12411,14366
SH,688107,3.96,12406,12406
SZ,001339,6.45,12403,25054
SH,688143,12.32,12398,13047
SZ,002643,3.46,12396,12584
SZ,300034,0.37,12373,12855
SH,600702,-0.2,12372,12377
SZ,000762,1.8,12364,12364
SZ,000711,0.58,12359,15326
SZ,301015,-0.5,12340,12342
SZ,002755,-1.11,12335,12335
SH,600063,2.23,12332,12332
SH,600755,-0.51,12324,12355
SH,688603,7.73,12308,12308
SH,600776,-0.07,12304,16165
SZ,002827,6.33,12287,12334
SH,603031,3.25,12280,14602
SH,605507,-2.84,12275,12275
SH,603698,2.37,12269,12269
SZ,002400,1.57,12256,12378
SZ,002847,-0.62,12250,13574
SZ,002645,4.59,12244,13556
SZ,000758,2.15,12234,12281
SZ,002183,-0.62,12232,12232
SZ,300070,-1.1,12228,12902
SH,600589,-1.3,12227,12253
SZ,301238,0.97,12225,12225
SH,601107,-2.58,12219,17278
SZ,002531,-1.29,12204,12273
SZ,002440,1.02,12189,14477
SZ,301626,5.25,12184,26787
SH,688222,0.23,12177,12177
SH,688660,2.93,12173,12173
SZ,300682,-0.41,12159,12712
SZ,000070,4.81,12131,12296
SH,688809,5.7,12130,60648
SH,603267,3.43,12129,12129
SZ,000567,-0.47,12120,12158
SH,600986,0.5,12077,12077
SH,600343,1.34,12056,12056
SZ,002399,-1.52,12048,14174
SZ,000156,-1.25,12018,13100
SZ,000973,1.64,12006,30507
SZ,300761,1.78,11990,15928
SH,603078,10.02,11986,11986
SZ,300593,3.95,11964,14414
SH,603589,-1.37,11962,11962
SZ,002617,1.11,11960,12161
SZ,002416,-1.11,11933,12083
SZ,002174,-0.32,11908,11915
SZ,000035,2.39,11889,12274
SZ,301039,-0.6,11866,15312
SH,688028,9.62,11865,11865
SZ,920808,2.26,11810,12128
SH,605118,-1.19,11808,11877
SH,603389,3.22,11805,11805
SZ,300674,0.54,11804,11821
SZ,300468,0.41,11788,11807
SH,600315,-1.51,11784,11784
SZ,000901,0,11781,11781
SZ,000801,-0.68,11775,11779
SH,601222,-1.19,11737,11737
SZ,002096,-1.04,11735,11735
SZ,002287,-1.48,11733,11757
SH,601068,0,11723,13684
SZ,300720,6.54,11723,12406
SZ,002258,-0.47,11692,11710
SH,600635,1.05,11683,14260
SH,600268,-0.77,11678,11679
SH,601992,-1.4,11668,14949
SZ,300769,4.49,11664,12981
SH,600420,-1.02,11641,11641
SZ,300357,-1.06,11624,12576
SZ,002975,10,11622,17610
SH,688559,3.3,11620,11620
SH,603800,6.42,11615,11615
SZ,002597,-0.04,11606,11628
SZ,000553,-0.55,11604,12418
SZ,301029,0,11593,16276
SZ,301293,0.66,11583,11583
SZ,300835,8.21,11582,16525
SH,688306,0,11570,11570
SZ,300573,-0.49,11558,15050
SZ,300146,0.29,11521,17390
SZ,300775,-0.4,11505,11849
SZ,002779,2.57,11504,12821
SZ,002051,0.75,11504,11504
SH,600216,-0.81,11502,11626
SH,600461,-1.2,11493,11493
SH,603983,1.17,11481,11481
SH,688016,-0.5,11461,11461
SZ,002668,5.41,11416,11416
SH,600864,-0.53,11402,11402
SH,688059,16.06,11398,12178
SZ,300428,0.21,11386,13081
SZ,002024,0,11382,11396
SZ,300376,-0.8,11381,11385
SH,600882,0.36,11369,11369
SZ,002182,9.97,11355,13012
SZ,002745,5.12,11354,15836
SZ,002092,-1.56,11332,11396
SZ,002544,0.97,11323,11324
SZ,300638,1.14,11320,19190
SH,603297,10,11319,11319
SH,603118,5.43,11313,11313
SZ,001280,1.39,11296,134473
SZ,300827,-0.18,11289,14396
SH,601952,-0.96,11286,11286
SZ,300315,-1.1,11284,12022
SZ,000099,-1.01,11264,11264
SZ,300726,5.91,11252,21609
SH,601619,-2.32,11249,13457
SZ,300601,0,11219,13917
SZ,002217,-0.64,11210,11518
SZ,002947,4.23,11194,14438
SZ,002373,-0.36,11159,12800
SZ,002011,-0.18,11146,11282
SH,600006,-0.7,11140,11140
SZ,002310,-0.77,11129,15178
SH,688046,1.92,11128,11128
SH,688321,1.49,11125,12083
SH,600162,4.94,11113,11113
SH,600363,-10,11110,11110
SZ,002139,-1.42,11107,12930
SH,688063,0.94,11100,11100
SZ,301150,6.69,11099,11832
SZ,000839,-1.38,11093,11093
SZ,002246,1,11091,11091
SH,688382,2.35,11088,11088
SH,688198,-2.33,11083,11083
SH,600612,0.37,11080,18278
SZ,002698,-1.12,11067,13406
SZ,000990,0.31,11059,11059
SZ,000048,5.4,11057,11076
SZ,002583,-1.14,11057,15676
SH,600559,-1.46,11050,11050
SZ,300607,2.89,11043,15607
SH,603093,1.63,11042,13868
SH,603185,2.65,11027,11093
SH,603693,-0.47,11010,11010
SZ,000767,-0.25,11008,11631
SH,600908,-1.6,10996,12071
SZ,002083,2.75,10981,10981
SH,603906,2.58,10978,15427
SH,600446,3.19,10975,10975
SZ,002838,4.03,10974,12481
SH,603040,4.84,10973,11030
SH,601801,0.18,10964,10964
SZ,300185,-1.03,10962,11503
SH,603991,5.05,10953,18681
SZ,002348,9.98,10951,12037
SZ,300302,5.55,10943,14220
SZ,920116,2.86,10934,10934
SH,603989,7.25,10915,10915
SZ,300065,1.71,10911,11985
SZ,002807,-1.7,10895,10911
SH,688153,1.92,10893,11210
SH,603757,4.79,10892,10892
SZ,300049,-0.67,10885,12302
SZ,000810,1.45,10884,11272
SZ,000998,-1.07,10883,12167
SZ,002413,1.08,10882,11082
SZ,003018,10.01,10880,12005
SH,600376,-0.46,10860,10860
SH,600058,1.81,10848,10848
SZ,002839,-1.76,10843,10853
SZ,002539,1.92,10838,14710
SZ,000028,-1.09,10833,12612
SH,603281,1.12,10808,10808
SH,600572,-2.51,10785,10814
SZ,301123,5.26,10771,15313
SH,601022,0.24,10757,10757
SH,603393,-0.77,10755,10755
SZ,000555,0,10750,10763
SH,600509,0.9,10748,10748
SH,600248,-2.35,10747,10770
SZ,301047,7.5,10744,10929
SH,600480,-0.66,10737,10817
SZ,000899,-0.35,10732,10732
SZ,300777,0.16,10708,10927
SZ,300353,2.17,10699,12181
SZ,002276,-0.65,10665,10707
SZ,002003,0,10630,12364
SZ,300224,1.33,10627,10666
SZ,000061,-2.14,10622,11751
SZ,000949,0.31,10618,10621
SH,688202,1.22,10608,10608
SZ,002654,3.89,10608,10609
SH,601163,-0.52,10600,10600
SH,600728,-1.38,10599,10599
SZ,000690,-1.61,10590,10597
SZ,301267,-1.14,10583,13709
SH,688698,0.96,10582,10582
SH,688383,6.58,10566,10566
SZ,301071,8.15,10520,14310
SZ,002385,-0.97,10495,13029
SH,603099,-1.17,10486,10486
SH,603859,2.15,10473,11402
SZ,002081,1.02,10471,10515
SH,601900,0.34,10469,10469
SZ,000828,-0.19,10468,10468
SH,601949,-1.6,10453,10453
SH,603220,2.15,10427,10427
SH,600773,1.86,10420,10420
SZ,300077,1.44,10398,12450
SZ,002204,-1.27,10391,10391
SH,600395,-0.61,10390,10390
SH,603533,2.34,10384,10384
SH,603601,3.41,10384,10384
SZ,300139,11.21,10384,12177
SH,603218,-1.26,10382,10391
SZ,002439,-0.76,10368,17238
SZ,002254,2.87,10351,10363
SZ,002043,-0.53,10344,10629
SZ,002984,-1.29,10338,15005
SZ,301486,3.55,10328,18244
SH,688160,0.44,10325,10325
SZ,300204,1.47,10316,12310
SZ,003036,5.82,10315,10315
SZ,001399,3.81,10312,177405
SH,600936,5.11,10310,10310
SZ,300008,-0.78,10296,10800
SH,603235,-2.28,10292,10292
SZ,002792,5.91,10287,15951
SZ,000727,-1.29,10282,10282
SH,600184,3.4,10279,10279
SH,600662,0,10268,10298
SZ,000700,1.36,10254,10254
SZ,002897,6.01,10252,10778
SH,600383,-0.43,10248,10248
SZ,301087,-2.82,10245,12458
SZ,002063,0.35,10243,11091
SH,688663,-1.75,10233,10233
SZ,300188,2.22,10232,10279
SH,600718,-0.57,10230,10230
SZ,300009,-1.06,10211,13867
SZ,000917,-0.68,10192,10192
SZ,002297,5.21,10184,10184
SH,603300,-0.96,10176,10176
SZ,300913,1.17,10151,12172
SH,688105,6.28,10143,10143
SH,600458,2.01,10143,11113
SH,601005,0,10143,11723
SH,600123,0.15,10136,10136
SH,600993,-1.62,10134,10151
SH,600507,-1.78,10132,10132
SH,603027,-1.92,10127,10127
SH,600787,-1.05,10113,10113
SH,601882,-0.3,10111,10111
SZ,300580,-0.13,10099,10735
SH,600648,-0.1,10092,12062
SH,600373,-1.7,10092,10092
SZ,301031,3.82,10088,12832
SH,600163,-1.29,10086,10086
SZ,002891,-1.06,10085,10085
SH,605123,1.96,10073,10073
SH,601003,-1.25,10072,10352
SH,688275,4.87,10050,10050
SZ,301188,9,10046,10046
SZ,002832,1.9,10039,14713
SH,600556,9.92,10015,10015
SZ,300377,0.84,10005,10875
SH,688182,5.13,9996,9996
SZ,002647,0.31,9990,11122
SH,600391,1.44,9986,9986
SZ,002020,0.22,9969,11856
SZ,002565,1.95,9953,9953
SH,603713,2.52,9948,9948
SZ,002978,1.05,9945,12711
SZ,002931,2.23,9944,10726
SZ,002557,-0.14,9944,9975
SZ,000837,0,9943,10098
SZ,301382,2.44,9927,11995
SH,603011,3.24,9923,9923
SH,600037,-1.51,9909,9909
SZ,002387,0.57,9904,9917
SH,688319,4.81,9892,9892
SZ,300693,1.97,9886,11502
SH,603328,1.02,9885,9885
SZ,000065,0.43,9883,10778
SZ,300007,-0.3,9880,11434
SZ,300244,7.3,9879,12312
SZ,300951,9.21,9874,11048
SZ,000403,-0.09,9868,9970
SH,688032,-0.35,9856,9856
SZ,300328,2.14,9852,9901
SZ,002655,10,9850,9869
SH,603341,2.82,9843,19237
SZ,002865,2.49,9840,13702
SZ,300378,3.22,9835,9909
SH,601038,-2.24,9834,15102
SH,600033,0,9825,9825
SH,600094,5.24,9823,10741
SH,603619,-2.02,9811,9811
SZ,301338,6.55,9801,13451
SH,688508,8.74,9785,9785
SZ,300624,5.45,9779,11041
SZ,000510,10.03,9779,10455
SH,600666,3.17,9758,10730
SH,600072,-0.98,9739,13491
SZ,301127,6.21,9738,10030
SH,603052,3.35,9726,9726
SH,688726,3.56,9725,17924
SZ,301090,0.3,9708,9718
SH,600345,6.13,9704,15119
SH,688020,6.68,9703,9703
SH,603360,2.46,9696,9696
SH,600759,-1.26,9696,9709
SH,688068,5.63,9693,9693
SH,601811,-1.28,9677,15078
SZ,300303,0.69,9673,10314
SZ,000676,0.52,9669,9675
SH,600360,5.01,9661,9661
SH,600757,-2.2,9659,9661
SZ,300113,-0.77,9656,12789
SZ,002549,3.41,9651,9693
SZ,002922,2.61,9640,10805
SH,603103,0.66,9640,9640
SZ,300304,2.73,9639,9905
SZ,000410,-0.4,9638,12954
SH,600367,10,9633,10207
SH,688138,5.15,9633,9633
SZ,300684,4.62,9627,14095
SZ,000795,1.06,9622,9622
SH,688543,-0.84,9616,9616
SZ,002541,0.83,9606,13359
SZ,000600,0.57,9603,15886
SH,603100,0.37,9591,9622
SZ,301078,-0.25,9576,9586
SH,688327,0.53,9568,11918
SZ,002100,0.14,9557,9557
SH,603327,1.56,9545,9545
SH,601200,-0.83,9545,9545
SZ,002815,3.11,9543,15155
SZ,300486,7.02,9526,9529
SH,603323,-1.6,9525,9525
SZ,300415,1.01,9524,9849
SZ,000031,-0.88,9516,9516
SZ,002675,-0.69,9515,10555
SZ,002961,0.45,9515,9515
SH,600597,-1.7,9511,9511
SZ,300277,1.06,9507,18836
SZ,000552,-0.77,9501,13647
SZ,000401,-1.09,9499,9589
SH,603883,-1.25,9494,9494
SH,605060,5.41,9491,9556
SH,688797,7.94,9485,50454
SZ,301381,-1.13,9483,9491
SH,605318,6.02,9474,9474
SH,603303,2.37,9472,9472
SZ,300118,-0.28,9472,11651
SH,603599,-0.85,9467,9467
SH,600210,-0.63,9449,9449
SZ,301183,0.18,9443,12883
SZ,301091,1.25,9428,9428
SH,688209,3.68,9409,9409
SZ,300863,7.8,9407,9792
SH,600971,-1,9396,9396
SH,688611,0.11,9394,9394
SZ,002169,5.09,9392,9690
SZ,300331,6.53,9392,10979
SH,600198,0.56,9387,9399
SZ,002705,-0.16,9377,9426
SZ,300618,1.24,9366,10644
SH,600269,-1.71,9365,9365
SZ,300529,-1.34,9346,14567
SH,600328,-1.08,9340,9340
SH,603057,0.53,9340,9411
SH,601311,-0.49,9338,9338
SZ,000516,-1.39,9326,9471
SZ,000420,-0.25,9316,9319
SH,688125,9.46,9315,9340
SZ,000923,2.14,9305,9673
SZ,002061,-1.64,9305,9462
SH,688584,6.7,9300,18129
SH,603583,-2.52,9296,9382
SH,688359,9.01,9290,9290
SZ,301021,8.24,9289,9299
SH,601528,-0.98,9279,9811
SZ,002842,9.99,9278,11307
SH,603712,-0.57,9272,9272
SH,600307,-1.32,9270,9270
SH,603124,8.39,9268,17405
SZ,002368,-0.06,9266,9311
SZ,002293,1.92,9265,9343
SH,600326,-1.01,9265,9265
SZ,301177,0.92,9256,9262
SH,600649,-0.26,9245,9245
SZ,001308,5.33,9238,13350
SZ,001227,-1.34,9236,12474
SH,601860,-1.13,9234,9519
SH,605255,1.25,9231,9231
SH,605179,6.13,9231,9231
SZ,002511,-1.08,9222,9340
SZ,002426,1.5,9221,9221
SZ,001914,-2.22,9220,9220
SH,688090,8.71,9212,9212
SZ,002345,5.46,9210,9436
SH,603538,1.87,9198,9280
SH,603169,0.86,9196,9196
SZ,002580,5.18,9182,9214
SZ,002361,2.25,9182,10794
SZ,000656,-0.81,9181,12812
SZ,002170,0.78,9175,11286
SH,688128,0.18,9170,9170
SZ,300596,4.56,9167,9368
SZ,000833,2.18,9165,16202
SZ,300005,3.77,9160,9235
SH,603125,10.02,9153,9153
SZ,000950,-4.12,9146,9146
SH,600929,2.2,9135,9135
SZ,300263,4.35,9131,9688
SZ,300634,2.44,9124,9480
SZ,000536,0.92,9118,9128
SZ,920045,9.83,9102,30782
SZ,000006,0.6,9099,9099
SH,605016,1.17,9089,9089
SH,688165,1.87,9084,9084
SH,688697,3.28,9079,9079
SH,688139,-0.44,9077,9077
SZ,301216,1.59,9073,9666
SZ,002208,5.52,9059,9061
SZ,000848,-0.99,9050,9129
SH,600273,-0.71,9048,9048
SH,605006,7.2,9046,9046
SH,600740,-1.39,9044,9044
SH,688262,6.19,8998,8998
SH,688376,7.3,8989,8989
SH,603915,0.37,8983,9137
SZ,000818,0.15,8978,9002
SZ,000980,0,8976,8976
SZ,300766,3.25,8973,9896
SZ,002075,-0.23,8973,8973
SZ,002937,3.34,8970,8994
SZ,300850,-1.25,8969,12348
SH,600782,-1.37,8965,9074
SZ,300772,1.1,8954,10095
SZ,002062,1.53,8953,9849
SH,688231,6.27,8939,8939
SH,688662,11.3,8936,8936
SZ,300846,-0.32,8931,10822
SZ,001232,-2.87,8931,112234
SZ,301357,-0.13,8930,8930
SZ,002283,4.09,8925,10141
SZ,002243,0.54,8923,8971
SH,688289,-0.57,8923,8923
SZ,300687,6.46,8914,10839
SH,603508,-0.12,8910,8910
SH,600997,-2.25,8908,8908
SZ,002053,-0.61,8903,8903
SH,600481,-0.45,8897,8897
SZ,002173,1,8893,9324
SZ,002289,3.42,8889,9077
SZ,301606,2.71,8888,22351
SZ,300382,2.39,8882,8883
SH,688227,5.01,8879,8879
SH,600996,-0.27,8852,8852
SH,603690,5.72,8843,8843
SZ,300420,20.03,8830,8831
SH,600133,-1.3,8828,8828
SH,600645,-0.83,8827,8830
SH,688083,4.79,8793,8793
SZ,300042,5.33,8793,8794
SH,600389,-0.86,8790,8790
SZ,000712,9.98,8787,8790
SZ,301363,0.66,8781,13388
SH,603936,3.42,8763,8970
SZ,000930,-1.25,8762,8762
SZ,002115,1.21,8761,9451
SH,688076,1.32,8747,8747
SZ,002099,-1.45,8747,8757
SH,603809,-0.51,8743,8743
SH,600640,-0.8,8739,8739
SH,688325,4.32,8735,9192
SH,688190,1.35,8728,8728
SZ,000829,0,8726,8734
SH,688371,12.12,8722,8722
SH,601929,0.4,8690,8690
SZ,002985,0.61,8687,8711
SZ,300855,1.13,8680,11720
SH,688161,-0.59,8668,8668
SZ,300363,-1.34,8667,9505
SH,688261,4.56,8657,8696
SZ,000533,0.24,8650,8725
SZ,000550,-0.53,8648,14398
SZ,000761,-1.26,8641,9573
SZ,920186,4.65,8634,16508
SH,600020,-0.77,8630,8630
SZ,002928,1.66,8628,8628
SH,600129,-2.24,8608,8608
SH,605298,0.46,8605,8679
SZ,002019,-1.44,8594,12407
SZ,002392,0.68,8589,8833
SZ,002458,0.79,8582,12709
SZ,301013,4.91,8578,10596
SZ,301345,-0.67,8576,26697
SH,600686,1.44,8576,8576
SZ,300130,3.13,8575,11204
SZ,002626,-1.67,8575,8576
SZ,300101,0.6,8575,8604
SH,600478,-1.55,8571,8571
SZ,301109,-0.35,8559,10819
SH,600973,0.97,8557,8557
SZ,300483,1.65,8551,8557
SH,600508,-0.81,8550,8550
SZ,002350,6.69,8542,8732
SH,688486,2.22,8534,8534
SH,688789,0.23,8533,8533
SH,688586,0,8531,8531
SH,688677,2.23,8516,8516
SH,688507,12.02,8509,15401
SH,603612,-0.34,8503,8503
SZ,300053,1.79,8500,9101
SZ,002039,-0.09,8496,8496
SZ,300181,-1.73,8489,9876
SH,688035,5.79,8479,8479
SH,600266,-0.23,8469,8469
SH,603319,6.26,8469,8469
SZ,002706,-0.95,8467,10400
SZ,300145,1.14,8465,8507
SZ,002639,0.39,8463,9994
SH,600017,-0.35,8458,8458
SZ,002332,-1.03,8457,8497
SH,600567,-0.73,8452,8452
SH,600399,-0.46,8441,8441
SH,688239,2.41,8435,8435
SH,600693,0.31,8420,8429
SZ,002292,-0.83,8418,12229
SH,600751,-0.3,8389,9452
SH,605305,-0.62,8373,8373
SZ,002119,10.01,8369,8369
SZ,000719,-1.41,8366,12831
SZ,002190,-0.03,8362,8362
SH,601089,-1.01,8362,8362
SZ,002251,0.27,8356,10110
SH,605319,2.7,8356,8402
SZ,000823,4.7,8347,8347
SZ,002488,0,8345,9029
SH,603919,0,8334,8334
SH,603680,5.36,8323,8323
SH,603219,4.08,8309,8309
SH,603496,0.97,8306,8306
SZ,002004,-1.11,8305,8731
SZ,002221,-0.86,8298,8952
SZ,002239,-1.92,8296,8924
SH,605168,4.71,8294,8294
SH,603626,8.73,8290,8290
SZ,300480,6.94,8286,11355
SZ,000885,-1.22,8283,8283
SZ,000751,10.11,8272,8272
SH,688253,7.71,8267,8267
SZ,002585,4.02,8256,10626
SZ,300725,1.02,8240,9504
SH,688739,-1.22,8237,8333
SH,600055,-3.61,8233,8233
SZ,002036,10.01,8233,8249
SZ,300035,0.64,8231,9671
SH,603227,-0.89,8231,8231
SZ,300072,-0.83,8230,8295
SZ,300741,-0.66,8222,8222
SH,601890,-0.69,8203,8203
SH,688277,3.17,8195,8195
SZ,300440,8.54,8171,8202
SH,603995,9.99,8170,8170
SH,601595,-0.59,8162,8162
SH,603890,5,8159,8159
SZ,002216,0.7,8159,11377
SH,600812,-2.45,8150,8150
SH,688485,4.39,8141,8141
SH,688456,12.22,8137,8137
SH,600639,-1.33,8137,10741
SH,603112,3.27,8110,8191
SZ,002277,0,8100,8100
SZ,301196,10.94,8100,12339
SH,688091,-0.09,8095,8119
SZ,002017,-0.49,8092,8097
SH,605222,1.4,8089,8089
SZ,300790,1.92,8057,9170
SH,601828,-0.44,8056,9709
SZ,000860,-1.98,8056,8056
SZ,003009,0.49,8053,8055
SH,688112,5.36,8037,8037
SH,600935,-0.86,8032,8232
SH,605167,-0.56,8031,8031
SH,605116,-2.31,8022,8022
SZ,002516,1.48,8018,8075
SZ,000566,5.46,8014,8018
SZ,002267,-1.76,8007,8007
SZ,002125,0.71,7995,7995
SH,605333,-1.02,7991,7991
SH,688337,6.21,7985,9392
SZ,301327,-0.38,7981,7981
SH,688513,2.01,7979,7979
SZ,002960,0.98,7968,8672
SH,603399,3.74,7966,7966
SH,600502,-1.27,7965,7965
SZ,000869,-0.33,7960,11495
SZ,300770,-1.68,7952,7952
SH,688326,2.61,7949,8540
SH,688050,-0.21,7935,7935
SH,688612,2.83,7935,12957
SH,603033,1.56,7928,8074
SZ,300294,-0.75,7922,7922
SZ,002941,-1.35,7918,7918
SZ,300910,-0.36,7911,11296
SH,603053,-1.43,7902,7902
SH,601718,0.56,7894,7894
SZ,300497,5.58,7883,9383
SZ,002674,10.01,7879,7959
SZ,002761,-1.35,7875,9645
SZ,002309,-0.9,7868,9835
SH,688783,11.93,7844,117783
SZ,002346,10.01,7842,8832
SZ,300938,4.95,7840,9033
SH,603608,0.6,7825,7825
SZ,002718,2.91,7815,10764
SH,600587,-0.61,7814,7814
SZ,300527,1.72,7809,7809
SZ,002110,0,7797,7797
SH,600075,-1.29,7788,7788
SZ,002212,0.15,7783,7867
SH,600618,-1.04,7776,11992
SH,603043,-1.06,7773,7840
SH,688758,-1.35,7762,10841
SH,688605,6.58,7760,14494
SH,603181,1.38,7759,7759
SH,603163,5.26,7758,7758
SZ,002471,-0.16,7755,7898
SH,688155,2.58,7754,7754
SH,603687,6.18,7750,7750
SZ,002030,-1.07,7733,7733
SH,600736,1.36,7725,7725
SH,600335,-0.94,7720,7720
SZ,002980,10,7712,14421
SZ,000595,3.2,7709,7709
SH,605488,3.02,7708,8379
SZ,300031,2.91,7703,9166
SH,600861,-1.01,7699,7699
SZ,002434,0.86,7697,7705
SZ,000859,2.75,7696,7696
SZ,300641,0.69,7694,7694
SZ,300180,-0.43,7690,7907
SZ,002079,2.05,7689,8612
SZ,300327,2.95,7689,7746
SH,688622,-5.22,7688,7688
SH,600305,-0.7,7688,7700
SZ,301498,-0.71,7685,17160
SZ,000012,-0.75,7681,11926
SZ,002041,-0.79,7674,7674
SZ,300834,3.15,7661,7729
SH,603223,0.93,7658,7658
SH,605007,2.48,7641,7659
SZ,300595,-0.69,7634,10224
SZ,002150,1.04,7629,7679
SZ,002342,1.27,7628,7670
SH,688798,1.13,7623,13093
SH,600797,1.23,7614,7614
SZ,300416,1.49,7582,7633
SH,601908,-1.25,7582,7582
SH,600545,4.69,7581,7581
SZ,000628,0.69,7578,13887
SZ,002386,-0.16,7574,7576
SH,688093,0.78,7573,7573
SZ,002579,10,7573,7952
SZ,002533,-0.67,7560,8587
SZ,300168,0.19,7556,7563
SZ,300499,2.88,7553,8495
SH,600676,1.1,7549,7549
SZ,002515,-0.57,7548,8293
SZ,002023,3.94,7547,7616
SH,600917,-1.42,7540,7540
SH,603477,1.37,7539,7730
SH,600962,3.91,7523,7523
SZ,002759,-0.39,7519,7526
SH,603279,-0.14,7516,7516
SH,688416,10.46,7508,7508
SZ,300516,2.69,7505,7505
SZ,300895,-0.68,7503,7645
SZ,002730,2.22,7495,7843
SH,603050,0.92,7486,7486
SZ,301510,1.55,7481,10838
SZ,002588,-0.9,7479,10033
SH,600846,-1.47,7472,7472
SH,688515,10.59,7468,11992
SH,600468,2.08,7462,7462
SZ,000503,-0.12,7461,7462
SH,688480,4.01,7451,7451
SH,688087,3.17,7446,7722
SZ,301263,-0.14,7443,10431
SZ,002121,-1.12,7439,8814
SH,603055,-1.63,7433,7461
SH,603166,3.57,7432,7490
SH,601579,1.64,7432,7432
SH,605128,1.63,7420,7420
SZ,300482,-0.91,7419,8075
SH,688049,3.14,7417,7417
SZ,300098,-0.4,7416,8359
SH,605008,-0.08,7416,7416
SH,600657,-0.75,7415,7415
SH,605133,3.1,7411,7494
SZ,300276,1.15,7410,9821
SH,688305,0.56,7409,7429
SZ,000928,-0.57,7403,7403
SH,600866,-1.54,7394,7394
SH,688177,0.45,7391,7391
SZ,002681,-0.2,7391,8453
SH,600117,-0.86,7389,7389
SZ,002106,3.35,7387,7397
SZ,300986,8.81,7387,7392
SH,600789,-2.13,7385,7640
SZ,300492,-0.29,7384,7384
SH,600059,-0.73,7383,7383
SH,600903,-1.08,7380,7380
SZ,003039,-1.72,7379,7379
SZ,300298,1.79,7379,9171
SZ,002315,1.23,7375,11568
SZ,002215,-0.43,7370,9159
SZ,301228,-3.27,7356,7391
SH,688381,7.18,7353,7353
SZ,000402,-0.8,7352,7353
SH,603977,2.07,7349,7349
SZ,002034,-1.1,7348,7378
SH,600722,-3.13,7347,7347
SZ,301086,5.84,7347,13255
SZ,000498,-0.77,7334,7855
SH,600611,10.09,7332,11088
SZ,003013,0.55,7329,8390
SH,688108,4.04,7327,7327
SH,688252,1.94,7326,7326
SH,688428,5.8,7320,47465
SZ,002275,-1.57,7304,7703
SH,603985,1.97,7301,7301
SZ,002324,0.11,7289,10445
SZ,002782,1.5,7280,7368
SH,600590,1.53,7272,7352
SH,600724,-1.56,7268,7270
SZ,301189,3.61,7259,7521
SH,603045,10,7254,7254
SH,601226,-1.26,7252,7252
SH,600251,-0.52,7249,7249
SH,603299,0.32,7235,8851
SH,688669,4.23,7231,7231
SH,601096,-1.99,7229,11771
SZ,301137,2.32,7227,7227
SZ,002077,3.92,7225,7225
SH,603459,4.27,7224,68878
SH,603416,0.29,7217,8119
SH,688628,4.11,7215,7215
SZ,000059,-0.87,7213,7213
SH,600708,-1.21,7210,7221
SZ,002108,-0.22,7202,7204
SH,605100,1.03,7201,7235
SZ,301176,5.89,7199,7419
SZ,002006,0.36,7194,7194
SH,603580,2.31,7191,7191
SZ,300401,4.2,7183,7301
SH,600125,-0.89,7180,7180
SH,688556,2.37,7178,7178
SZ,301369,8.83,7175,13383
SZ,000777,2.52,7174,7174
SZ,300842,3.58,7169,8066
SZ,002093,0.28,7163,7163
SH,601330,-0.81,7151,10343
SZ,000650,-2,7150,7518
SZ,002546,1.25,7147,7440
SH,688563,-0.56,7142,23677
SZ,300576,6.05,7127,11323
SZ,300768,1.56,7126,10906
SZ,300348,0.93,7122,7921
SZ,002214,10,7104,8890
SH,688626,1.25,7104,7104
SZ,002721,9.88,7101,7101
SH,605011,-0.72,7098,7098
SZ,300861,2.25,7096,11300
SZ,300872,2.56,7095,8205
SZ,301069,0.97,7089,7527
SZ,300080,-1.04,7072,7081
SZ,002438,4,7071,7654
SH,688011,1.58,7069,7093
SH,601388,0.63,7066,7066
SZ,002284,0.73,7051,7118
SZ,002448,2.62,7047,7143
SH,600252,-1.77,7037,7037
SZ,300997,1.89,7036,7756
SZ,300171,-1.95,7033,9573
SZ,300678,-0.53,7032,7158
SZ,001298,2.19,7028,7461
SH,688176,5.77,7027,7027
SZ,301248,9.7,7024,9611
SH,688221,3.71,7012,7012
SZ,002421,0.57,7012,7422
SH,600771,-1.77,7010,7010
SH,600748,0,7009,7009
SZ,002445,0.34,7004,7035
SH,688418,2.65,7003,7003
SH,688631,0.54,7003,7003
SZ,300341,1.27,6999,7026
SH,688710,3.76,6992,10868
SH,600325,0,6990,6990
SH,600955,0.79,6985,6985
SZ,000813,-2.34,6982,6983
SZ,002446,3,6977,7534
SZ,000601,0.15,6970,7076
SH,605098,-2.8,6965,6965
SZ,301571,4.6,6961,10480
SH,600780,-1.29,6959,6959
SH,600510,3.53,6956,6956
SH,603211,5.28,6939,6939
SZ,300222,0.95,6938,8323
SH,603128,-1.11,6925,6925
SZ,002881,2.69,6920,11421
SH,600400,3.42,6920,6920
SZ,002242,-0.86,6908,6921
SZ,920394,3.62,6906,6957
SZ,002733,2.46,6905,7193
SH,600925,-0.68,6890,29553
SZ,002537,-0.16,6884,6903
SZ,300045,1.37,6882,8833
SZ,300153,2.37,6879,6915
SH,603931,6.79,6869,6869
SZ,920029,-0.86,6867,7057
SH,600169,0,6866,6866
SH,688678,4.99,6865,6865
SH,605365,-0.64,6863,6863
SH,600158,0,6861,6861
SZ,300685,-0.61,6860,6870
SZ,300265,1.66,6855,6860
SZ,000755,-1.26,6852,6852
SZ,300174,4.08,6842,6880
SZ,002219,-1.41,6838,7215
SH,600770,1.15,6838,6838
SH,600654,-0.33,6836,8394
SH,688550,7.45,6835,6835
SZ,002256,-0.58,6829,6918
SH,600078,2.59,6818,6964
SZ,301232,4.97,6816,11476
SZ,300444,-0.45,6814,8738
SH,688365,0.76,6812,6812
SZ,301061,-0.71,6809,10250
SH,600810,-1.09,6809,6871
SH,600828,-0.24,6804,6807
SH,600874,-0.89,6804,8684
SZ,002990,10,6803,12907
SH,688788,5.15,6797,6797
SZ,000756,-1.72,6785,9475
SH,601015,-0.29,6781,6781
SH,603778,1.54,6776,6957
SH,688312,6.78,6768,6768
SZ,301080,1.97,6764,8942
SZ,300598,4.39,6759,6761
SZ,000058,-1,6755,8446
SH,600429,-1.3,6754,6774
SZ,300109,0.69,6748,7522
SZ,300493,0.61,6733,6811
SH,688518,3.14,6731,6731
SH,600103,-1.29,6725,6812
SH,600775,0.4,6725,9148
SH,603466,1.53,6722,6722
SH,688708,-0.03,6715,18838
SZ,002690,-0.89,6714,13657
SZ,002970,6.7,6704,9756
SZ,002163,-0.23,6694,7038
SZ,301489,7.27,6676,11158
SZ,002650,2.9,6675,6676
SZ,000589,-1.13,6671,6715
SZ,000631,-1.35,6670,6670
SH,600195,-0.3,6668,6668
SZ,300191,2.24,6665,9642
SH,603311,3.63,6661,6661
SZ,000968,-2.26,6656,6656
SH,603071,-0.57,6656,6656
SH,600422,-2.97,6654,6654
SH,688328,6.94,6652,6652
SZ,301050,0.51,6636,7791
SH,603200,1.02,6630,6630
SZ,002935,0.57,6629,6773
SZ,002135,1.93,6629,7084
SH,600894,-0.24,6627,6659
SZ,002785,0.62,6616,7748
SZ,002467,-0.81,6615,6657
SH,603517,1.49,6605,6605
SZ,300284,-0.89,6603,6958
SH,605598,1,6598,6598
SZ,002840,2.86,6596,6642
SZ,300739,4.87,6596,8130
SH,688103,5.7,6590,6590
SH,688787,2.76,6589,6589
SH,600496,-0.59,6587,6587
SZ,301191,5.7,6587,8736
SZ,301291,-1.89,6585,12657
SH,600449,1.25,6580,6580
SZ,002955,5.52,6578,7956
SH,600966,-0.39,6577,6577
SZ,301209,6.14,6575,7696
SZ,000008,-0.81,6573,6574
SZ,002014,0.18,6569,6676
SH,603861,0.89,6560,6708
SZ,002810,0.69,6556,7063
SH,688062,4.9,6550,12709
SZ,002664,0.68,6550,6641
SH,603367,-1.49,6547,6547
SH,603277,-0.91,6543,6585
SZ,001391,-0.68,6533,52498
SZ,301339,-0.68,6524,6643
SH,688095,1.96,6519,6519
SH,600370,8,6517,6517
SZ,002042,-1.78,6514,6514
SZ,300868,12.03,6503,10242
SH,600713,-1.36,6501,6593
SZ,300324,-2.05,6498,6565
SH,688818,2.56,6497,85474
SZ,301522,0.09,6496,8728
SH,600682,-1.23,6495,7506
SZ,000551,1.98,6493,6495
SZ,002550,-1.7,6485,8818
SH,688488,10.23,6484,6484
SH,605188,0.08,6484,6484
SZ,000597,-1.7,6482,6564
SZ,300815,-0.29,6480,6617
SH,688191,8.4,6478,6478
SH,688685,-2.47,6459,6459
SH,600643,-1.21,6457,6468
SH,603065,5.98,6456,6456
SZ,300852,3.81,6452,6684
SH,603229,-0.88,6451,6451
SH,688577,3.86,6450,6450
SZ,300996,7.26,6450,7663
SZ,000905,0.35,6446,13403
SZ,001314,2.39,6444,7407
SH,600604,1.56,6432,8561
SH,600730,6.52,6424,6424
SZ,300137,4.4,6413,6493
SZ,002470,-0.5,6407,6408
SZ,002140,-0.87,6398,6408
SH,688293,-0.57,6387,7751
SZ,301286,3.16,6379,15824
SZ,002104,0.28,6375,7530
SH,603197,0.6,6373,6459
SZ,000572,-0.5,6372,6381
SH,605178,10,6365,6365
SZ,300134,0,6355,6355
SH,601515,-1.19,6351,6351
SH,688232,0.61,6349,6349
SH,601500,-0.24,6348,6373
SZ,002605,-1.31,6338,7825
SZ,002009,-1.1,6334,7196
SH,600525,-3.6,6330,6330
SZ,002796,3.66,6328,7013
SH,600683,3.39,6326,6326
SH,603108,1.65,6318,6318
SZ,300226,1.48,6313,6567
SZ,300343,0.85,6312,6325
SH,600368,0.51,6310,6310
SZ,300435,3.76,6308,6596
SZ,300358,-2.29,6301,6393
SH,603383,0.62,6291,6291
SZ,301326,6.66,6289,6344
SZ,000989,-2.05,6282,7746
SH,688290,2.5,6279,6279
SH,600501,0.82,6276,6276
SZ,300976,6.45,6259,9731
SZ,003006,-1.01,6257,6273
SZ,301678,3.71,6252,10778
SZ,000524,-0.63,6251,6253
SZ,002127,-0.94,6244,7684
SH,603969,-1.07,6242,6388
SH,688230,4.16,6241,6241
SZ,000090,-0.88,6241,6241
SZ,002123,0.7,6240,6975
SZ,000779,-1.53,6237,6238
SZ,300369,1.31,6235,6258
SZ,000722,-0.95,6229,7668
SZ,002527,1.55,6220,7798
SZ,000913,0,6210,6285
SH,688276,-1.11,6209,6209
SZ,300143,-1.31,6209,7258
SH,603489,0.88,6208,6208
SH,688478,8.4,6195,6195
SZ,300164,-5.67,6194,6249
SH,600841,0.17,6175,8216
SH,600975,0.61,6173,6173
SZ,300731,9.2,6173,6505
SZ,300819,4.59,6167,6828
SZ,003043,5.79,6167,9446
SZ,002885,3.92,6166,7041
SH,603567,-1.64,6162,6168
SZ,300048,-3.01,6160,6171
SZ,002606,-2.39,6156,6415
SH,600897,-0.4,6150,6150
SZ,002519,0.18,6147,6195
SZ,300214,1.07,6141,6141
SH,603213,-0.64,6140,6140
SZ,300192,2.59,6139,6212
SZ,000026,2.94,6132,6825
SH,603368,-1.02,6129,6129
SZ,301638,-0.48,6123,77806
SZ,301153,-0.74,6118,6558
SZ,301392,12.45,6116,14991
SZ,000541,-0.59,6116,7633
SZ,002052,0.68,6108,6667
SZ,002210,0,6107,6121
SZ,300043,-0.8,6106,6109
SH,688366,-1.52,6105,7199
SH,603867,1.84,6104,6155
SZ,002232,0.95,6100,6100
SH,688499,1.83,6091,6091
SZ,002437,-2.35,6090,6467
SZ,300256,1.88,6080,6147
SZ,300617,0.41,6079,7251
SH,600108,-0.31,6074,6074
SZ,000957,-0.67,6071,6071
SH,600313,-1.22,6071,6515
SZ,003041,6.1,6068,6386
SH,603877,-1.96,6059,6066
SH,688699,8.18,6054,6054
SZ,300063,1.36,6052,7327
SZ,300465,3.34,6044,6044
SZ,002678,-0.88,6041,6045
SZ,002971,10,6038,7898
SZ,300119,2.32,6035,8407
SZ,001330,-0.18,6035,7134
SH,600106,-0.86,6034,6034
SZ,300722,-0.76,6033,6033
SZ,300128,3.33,6033,6041
SH,603708,-1.35,6026,6026
SH,603010,3.13,6022,6172
SZ,002067,-0.43,6019,6637
SH,600488,0.73,6016,6016
SH,605005,-0.19,6015,6015
SH,605056,0.27,6015,6104
SH,600203,1.71,6013,6013
SZ,000025,-1.6,6006,6591
SH,688079,6.38,6005,6110
SZ,300393,2.45,6003,6843
SH,603155,3.8,6003,6003
SZ,300700,0.72,6003,6706
SH,603336,-1.68,6002,6002
SH,600617,-0.87,6001,6521
SZ,300981,-2.6,6001,6549
SH,605183,-0.2,5997,6037
SH,600983,-1.25,5994,5994
SH,688408,-0.39,5991,5991
SZ,001212,3.83,5989,6923
SZ,000948,0.98,5989,6000
SH,600433,0.29,5986,5986
SZ,000735,-1.51,5985,5988
SZ,920599,-0.11,5984,7895
SZ,301261,1.22,5977,6028
SH,688526,-0.61,5976,5976
SZ,002213,9.98,5966,6856
SH,600815,-3.71,5961,5961
SZ,300041,2.92,5956,6120
SZ,000915,-1.12,5948,5952
SZ,003010,0.69,5945,8178
SH,603660,1.36,5944,5944
SZ,000793,-0.88,5942,9798
SH,603123,0,5942,7276
SH,605018,3.18,5942,5942
SZ,300820,16.43,5940,11808
SH,600586,-1.4,5939,5939
SZ,300983,3.32,5938,6715
SZ,002068,1.89,5931,5934
SH,600826,0.49,5931,5931
SH,600644,-1.72,5928,5928
SZ,002101,-1.31,5927,5932
SZ,002452,0.44,5925,7097
SH,600963,-1.74,5923,5923
SZ,002272,4.32,5918,7031
SZ,300079,-1.06,5908,6574
SZ,300969,3.64,5907,12384
SZ,300470,-0.88,5906,6223
SH,600255,-0.29,5906,5906
SZ,300579,-0.6,5905,6121
SZ,301292,3,5904,15442
SZ,301000,1.34,5903,6253
SZ,000881,-1.05,5901,6174
SZ,300047,-0.09,5900,6556
SZ,000561,-0.9,5899,6567
SH,605366,3.95,5897,5897
SZ,002382,-1,5887,5945
SH,600851,-0.49,5884,9620
SZ,002631,4.37,5880,5908
SZ,002965,6.53,5871,8182
SZ,301182,4.18,5863,6429
SZ,002538,-0.14,5860,5864
SZ,300258,0.29,5858,6014
SH,603776,8.87,5857,5857
SH,688610,13.11,5853,9723
SZ,000670,4.76,5846,5955
SH,603135,1.42,5842,5886
SH,688109,3.67,5841,5841
SZ,000036,1.46,5836,5840
SH,688709,3.5,5832,16749
SZ,300467,3.57,5832,6962
SH,605277,1.46,5830,5937
SH,688185,-0.85,5825,12582
SZ,001236,-0.51,5822,7740
SZ,301101,-0.46,5815,6037
SZ,002082,2.5,5815,6264
SH,600230,0.86,5812,5812
SZ,002943,5.71,5807,8205
SZ,002302,-1.7,5807,5807
SH,688717,1.58,5804,9376
SZ,002803,-1.46,5803,8929
SZ,300909,4.39,5798,7766
SH,600691,-1.2,5796,5797
SH,603990,5.68,5794,5794
SH,601968,1.34,5792,5792
SZ,002029,-0.45,5789,6134
SZ,300129,0.12,5786,8926
SZ,300217,0.65,5785,6887
SZ,300159,-0.31,5785,10332
SZ,300046,2.39,5783,5783
SH,605555,0.59,5780,5780
SZ,002141,2.01,5774,5774
SH,600592,0.35,5774,5774
SZ,300540,6.36,5772,6354
SZ,002635,3.7,5771,9625
SH,601116,-0.37,5767,5767
SZ,002073,-2.06,5760,5818
SZ,300525,3.66,5759,7020
SZ,002218,-0.71,5759,5844
SH,603887,0.21,5755,5755
SZ,002298,-0.79,5755,6446
SH,688562,-0.27,5752,5752
SH,688334,-0.37,5750,5831
SH,600054,-0.7,5744,8162
SZ,002510,0.71,5738,5796
SH,600477,-0.81,5732,5732
SZ,300400,7.06,5724,5743
SH,603507,2.41,5716,5780
SH,600982,-0.77,5711,5711
SZ,002860,-1.01,5700,5835
SZ,300127,3.13,5699,7978
SZ,300592,9.01,5698,6483
SZ,002263,0,5691,5691
SZ,300212,-0.72,5686,5860
SH,688767,-0.25,5685,5685
SZ,300203,1.52,5685,5690
SZ,300708,0,5678,7424
SZ,300221,2.08,5674,5818
SZ,002997,0.59,5671,5671
SH,688757,6.8,5663,12603
SZ,000912,-1.09,5660,5660
SH,688658,0.16,5657,5657
SZ,002882,-0.73,5656,9922
SZ,002992,10,5654,6546
SH,600292,0.23,5654,61315
SZ,002132,1,5653,5662
SZ,000900,-0.79,5646,5646
SH,688598,5.84,5645,5756
SZ,002206,0.38,5644,6205
SZ,002956,2.56,5644,5645
SZ,301155,1.82,5642,9950
SH,605288,-2.93,5641,5679
SH,603130,0.02,5634,5634
SH,688620,6.77,5629,5629
SH,600881,-1.68,5624,5624
SZ,920493,-0.58,5618,7625
SH,600742,-0.78,5618,5618
SZ,300019,0.79,5614,5987
SH,605339,-1.26,5613,5613
SH,600223,-1.77,5611,5611
SZ,000571,2.99,5608,5782
SH,600035,-0.56,5603,5603
SH,601121,0.86,5600,6890
SH,688352,3.53,5592,18153
SH,603855,-1.12,5590,5623
SZ,300451,-1.07,5588,5670
SH,603609,-0.15,5587,5587
SH,600425,-0.84,5584,5584
SH,603366,-0.86,5569,5569
SZ,000697,0.12,5564,11895
SZ,002255,0.11,5563,7245
SH,603012,1.18,5560,5560
SZ,300985,3.44,5556,5556
SH,688553,0.92,5556,6854
SZ,300566,1.83,5551,6419
SZ,300841,-0.29,5551,6066
SH,688315,0.53,5548,5548
SH,603686,-0.14,5546,5546
SZ,300197,-1.05,5545,5545
SZ,002279,-0.56,5537,6001
SZ,300151,4.82,5530,7988
SH,688151,-1.4,5529,5529
SH,688510,-1.56,5529,5529
SZ,300709,4.8,5528,6885
SZ,300706,7.32,5523,7450
SH,600694,-0.74,5519,5519
SZ,300581,-0.68,5518,5518
SH,603194,-0.93,5514,13991
SZ,300792,1.37,5513,6144
SZ,920368,0.82,5508,5790
SH,688733,3.41,5508,5508
SZ,301328,4.48,5505,7617
SZ,002951,0.51,5503,5557
SZ,002649,9.97,5503,6068
SH,688173,4.21,5500,5552
SH,688226,2.21,5499,5712
SZ,000042,0.61,5499,5505
SH,688656,1.32,5498,5498
SH,603595,4.23,5497,5497
SZ,300925,0.58,5494,6739
SZ,002572,-1.05,5492,8118
SZ,301607,5.76,5492,8471
SH,688776,0.7,5490,5490
SZ,300825,3.38,5484,5602
SZ,002793,-1.36,5484,5492
SH,603098,-0.09,5480,5487
SH,688707,1.13,5479,5479
SZ,000501,-1.51,5478,5483
SH,600081,-0.59,5469,5469
SZ,300278,-1.01,5469,5486
SH,603901,1.16,5461,5537
SH,600698,-1.49,5456,7021
SH,603587,-1.02,5450,5450
SZ,300293,2.09,5449,5449
SH,601008,-0.22,5446,5446
SZ,301099,6.56,5437,8934
SZ,000908,-0.47,5437,10874
SH,688135,7.51,5436,5436
SZ,300990,4.58,5436,11968
SZ,002708,2.14,5425,5902
SZ,002349,-1.9,5422,5535
SZ,300756,5.26,5420,6229
SH,600720,0,5419,12322
SH,688307,6.47,5416,5416
SH,600829,-3,5416,5416
SZ,301301,-1.57,5412,19488
SH,603897,1.39,5411,5411
SZ,000717,-0.44,5405,5405
SZ,000531,-0.82,5404,6186
SZ,300696,1.2,5403,5953
SZ,002685,0,5400,5401
SH,600769,1.84,5400,5400
SZ,002196,0.73,5397,5479
SZ,002777,-1.1,5392,5442
SZ,300626,5.31,5392,5395
SZ,000920,2.43,5388,5388
SH,600278,-0.78,5387,5387
SH,603269,1.3,5386,5386
SH,600603,0.22,5386,5386
SZ,002229,-1.26,5385,5418
SH,600756,2.6,5380,5804
SZ,000557,-0.8,5380,5381
SH,603668,0.38,5377,5377
SZ,002164,0.09,5373,5960
SH,603848,-0.36,5372,5372
SZ,002351,-1.33,5372,9167
SH,688689,7.48,5372,5372
SH,603153,-0.81,5370,5451
SZ,000404,-0.25,5369,5394
SZ,001323,0.53,5363,7496
SZ,300905,3.56,5361,6872
SZ,300926,-1.04,5361,7814
SZ,300066,0,5360,5585
SH,600981,-0.41,5359,5359
SZ,300633,-1,5356,8747
SH,688117,2.14,5354,5354
SZ,300093,-3.08,5354,12517
SZ,301580,5.28,5351,7919
SZ,000411,-1.14,5350,5360
SH,688345,8.6,5349,5375
SZ,301306,6.48,5345,7743
SZ,301307,9.57,5343,10345
SZ,300067,-1.21,5333,6568
SZ,003012,-1.25,5333,5438
SZ,300918,0.57,5330,5330
SH,688505,0,5329,7774
SZ,002060,0.89,5329,12802
SH,600825,-0.38,5329,5329
SZ,300300,0.13,5328,5328
SH,603610,0.53,5323,5323
SZ,300531,-1.38,5322,5484
SZ,300082,1.55,5318,5332
SZ,300084,2.08,5317,6195
SZ,300036,-0.41,5314,5884
SH,603889,0,5314,5354
SZ,002640,-0.57,5311,5344
SZ,002657,-0.05,5304,5366
SH,688309,1.04,5304,5304
SH,601177,-0.22,5304,5374
SH,600237,3.16,5297,5347
SZ,301312,9,5296,10527
SZ,002697,-1.06,5291,6283
SH,605228,5.32,5291,5313
SZ,300006,-1.37,5290,5290
SZ,000517,1.92,5283,6750
SZ,300283,6.6,5277,7142
SH,600868,-0.35,5277,5277
SH,688575,-1.17,5274,5274
SZ,002358,-1.55,5272,5272
SZ,301012,0.07,5269,5269
SZ,000409,-0.88,5267,6045
SZ,002300,-1.48,5266,5266
SZ,002833,0.5,5263,7706
SH,601086,-0.74,5261,5261
SZ,002191,-0.26,5260,5302
SZ,300057,1.28,5260,6353
SZ,002530,3.7,5255,5891
SH,688711,4.98,5254,5254
SZ,002424,-0.21,5253,6373
SH,603170,-0.14,5252,5252
SZ,002713,3.1,5249,9486
SZ,002577,1.19,5249,5249
SZ,002988,1.16,5243,5243
SH,600217,-1.85,5238,5238
SH,601199,-0.17,5237,5237
SH,601518,-0.71,5237,5237
SZ,300443,-0.08,5237,6905
SH,688225,3.08,5228,5228
SH,600189,-0.53,5228,5228
SZ,002489,-1.43,5223,5921
SH,600191,4.57,5213,5213
SH,605050,-1.76,5209,5209
SH,688170,12.63,5207,5207
SZ,300287,-1.24,5207,5669
SH,688323,5.92,5200,5200
SZ,300446,-0.06,5200,11768
SZ,001359,9.99,5195,20780
SZ,301368,0.89,5194,5194
SZ,002419,-1.29,5193,5193
SH,603380,3.12,5190,5190
SZ,301321,6.65,5187,6551
SH,600743,1.38,5185,5185
SZ,300528,0.36,5183,5183
SH,603682,7.56,5174,5174
SH,605287,-2.24,5173,5173
SH,600569,-1.09,5170,5170
SZ,002567,0,5168,5173
SZ,002274,-0.53,5168,5248
SH,603173,0.12,5166,5166
SZ,000796,-0.76,5163,6223
SH,605009,-0.9,5161,5161
SZ,000880,1.2,5156,10534
SZ,002383,-0.7,5153,5153
SZ,002695,-2.6,5150,5635
SZ,003040,0.27,5149,5197
SZ,301362,9.34,5148,18351
SZ,000560,-0.44,5145,5182
SH,603158,5.33,5143,5143
SH,600784,2.84,5142,5142
SZ,002787,5.18,5135,6881
SH,688101,0.39,5133,5133
SH,600138,-0.97,5132,5132
SZ,300507,0.91,5130,5300
SH,600984,2,5129,5129
SZ,000608,4.25,5121,5152
SZ,002291,2.26,5119,5508
SZ,000652,-1.39,5118,5122
SZ,300695,1.4,5117,5117
SH,603685,-0.26,5115,6422
SH,600199,-1.01,5111,5111
SH,600300,-0.93,5110,5110
SH,603701,2.14,5107,5107
SH,601002,4.09,5106,5106
SZ,301413,9.52,5103,8547
SZ,002870,1.25,5100,5224
SZ,000888,-0.91,5095,5095
SZ,300856,-1.06,5094,5271
SZ,000525,-1.28,5092,5968
SH,603727,-0.49,5088,5088
SZ,002805,4.65,5086,5108
SZ,000925,0.93,5081,5120
SH,600234,5.8,5080,5080
SZ,300291,-0.35,5077,5143
SZ,300039,-1.94,5071,5784
SZ,301323,5.51,5070,7882
SH,688348,-0.48,5070,5070
SZ,002134,4.23,5070,5073
SH,688237,8.65,5069,5069
SH,600279,-0.69,5068,5068
SZ,300959,5.22,5065,7780
SH,603499,1.19,5062,5062
SH,603666,3.02,5044,5044
SH,600939,-1.84,5042,5042
SZ,300161,0.43,5041,5136
SH,688115,3.93,5039,5039
SH,605299,1.39,5039,5039
SH,605377,-0.54,5038,5038
SZ,300783,-0.21,5037,7218
SH,605580,2.63,5034,5034
SZ,301529,4.1,5031,9373
SH,601279,-1.24,5027,5027
SZ,000852,-2.21,5027,5056
SZ,002047,0.61,5018,5019
SZ,002307,-0.64,5018,5078
SH,600979,-0.73,5016,5094
SZ,001313,-0.54,5013,5019
SH,688181,6.53,5011,5011
SH,600593,-0.32,5004,5068
SH,688566,1.43,5003,5003
SZ,002303,5.3,4999,7917
SZ,300680,0.73,4998,6494
SH,600284,-1.71,4997,4997
SZ,301589,2.93,4996,13402
SH,600610,-0.41,4989,7542
SH,688410,0.81,4989,4989
SZ,300488,1.49,4988,5878
SH,603353,1.85,4981,4981
SH,600336,0.48,4980,4980
SZ,300788,-1.72,4978,4978
SZ,300785,-0.41,4978,8091
SZ,301162,-1.59,4976,7669
SZ,300569,-1.4,4976,4991
SH,600889,0.37,4975,7966
SZ,002376,-0.62,4975,5123
SZ,002819,0.43,4971,6265
SZ,301070,0.74,4968,7390
SZ,003033,6.15,4963,5024
SZ,300158,-0.78,4957,4962
SH,688679,-1.17,4957,4957
SZ,920576,4.31,4956,5005
SZ,002637,0.66,4947,5005
SZ,300368,0,4946,4946
SH,688007,1.32,4945,4945
SH,600571,1.12,4944,5036
SZ,301053,3.73,4942,5322
SZ,002301,-0.71,4940,4981
SZ,002334,-0.87,4939,5511
SZ,002892,-0.5,4931,7311
SZ,300406,-1.01,4930,6811
SH,603598,-2.86,4927,4933
SZ,002166,-1.32,4926,4947
SZ,002824,4.61,4926,6777
SH,600817,-0.42,4919,4943
SZ,301333,0.53,4916,4923
SZ,300648,2.52,4916,6457
SZ,301583,3.51,4913,29555
SZ,002638,1.11,4910,5215
SZ,002757,-0.1,4908,5141
SZ,002201,1.49,4906,5311
SZ,002528,-0.63,4905,5598
SZ,002238,-1.92,4904,4904
SH,600513,-0.28,4901,4901
SH,600197,-0.85,4897,4897
SH,603212,1.54,4896,4896
SH,688207,6.54,4892,4892
SH,603843,2.64,4890,4890
SZ,001328,0.57,4890,5207
SH,600790,0.3,4881,4881
SZ,001208,0.13,4877,9767
SZ,002189,0.38,4876,4877
SZ,300261,0,4874,4980
SH,688057,-0.61,4871,4871
SH,600308,-1.22,4869,4869
SH,603988,10.02,4857,4857
SZ,300219,2.23,4855,4864
SH,600814,-1.19,4852,4852
SZ,002122,0.41,4850,4884
SH,603111,-0.33,4850,4991
SZ,301004,-2.24,4850,5195
SZ,002038,-1.21,4847,5846
SZ,301256,2.54,4843,4843
SZ,300233,-1.2,4841,5025
SH,603777,1.62,4839,4839
SZ,002915,1.39,4834,5626
SH,600084,0.23,4832,4832
SZ,301048,0.22,4827,4827
SH,601789,-1.1,4825,6768
SZ,002045,-0.11,4825,4832
SZ,301330,2.56,4821,5839
SH,600073,-0.76,4820,4820
SZ,301268,0.08,4818,5327
SZ,002165,0.3,4817,4867
SZ,002590,1.46,4816,5050
SZ,300681,1.56,4814,6384
SH,601566,-1.64,4810,4810
SH,603590,-0.02,4808,4832
SH,688386,3.55,4806,5260
SZ,300249,2.07,4804,5886
SH,603286,2.01,4803,4848
SH,605368,-0.87,4802,4802
SZ,002662,-0.92,4800,4800
SH,600231,-1.16,4793,4854
SZ,002102,-0.87,4792,5570
SZ,002033,0,4791,4792
SZ,002154,-1.45,4790,5925
SH,603137,0.58,4787,4787
SZ,300755,-1.45,4787,4789
SZ,002479,0,4781,4792
SZ,002959,-0.43,4781,5330
SH,688448,3.53,4779,4779
SH,603106,1.55,4778,4778
SH,688282,1.25,4776,4776
SH,688539,1.99,4773,4773
SH,600207,0.69,4771,4771
SH,688377,0.39,4767,4767
SH,600990,-0.05,4767,4767
SZ,300147,6.62,4766,4794
SZ,300232,-0.54,4765,5850
SZ,300215,-0.46,4764,4764
SH,600551,-0.13,4760,4760
SZ,300227,5.78,4760,6214
SH,603110,5.26,4755,4755
SH,600088,0.76,4753,4753
SZ,002570,-0.22,4752,4752
SH,603511,-1.16,4750,4797
SZ,002066,2.29,4747,4827
SZ,300027,0,4744,5133
SH,603206,9.98,4743,4743
SH,603196,1.06,4742,8378
SZ,000753,-1.43,4739,4739
SZ,300689,2.37,4739,5385
SZ,300663,-2.45,4737,4923
SZ,301179,1.58,4733,8060
SZ,002559,2.18,4733,6027
SZ,002880,2.81,4727,4727
SZ,300259,2.25,4723,4724
SZ,300490,0.25,4723,4788
SZ,002632,0.37,4722,5134
SZ,002482,-0.78,4717,4726
SZ,002501,-3.61,4717,4722
SH,600121,-0.25,4715,4715
SH,688330,-0.37,4712,4712
SZ,002526,-1.47,4711,4742
SZ,300697,2.67,4710,6152
SH,603162,3.82,4704,15315
SH,600605,1.88,4703,4703
SH,688696,1.22,4702,4702
SZ,002940,0.52,4700,5118
SZ,000993,-0.38,4694,4694
SH,688580,0.41,4693,4693
SH,688320,4.72,4689,4689
SZ,002749,-1.25,4681,4786
SZ,301349,7.49,4681,5928
SH,688691,4.7,4679,7696
SH,688389,-0.08,4679,4679
SH,603191,-0.83,4679,4679
SZ,002111,-0.3,4677,5091
SH,688720,10.17,4677,7336
SH,688609,0.11,4675,4880
SZ,001317,1.09,4673,4678
SZ,002375,-0.84,4672,4703
SZ,002401,0.64,4668,4672
SH,603070,0,4668,4668
SZ,000417,2.04,4666,4672
SH,600715,-1.8,4666,6618
SZ,002523,-0.89,4658,4675
SH,688683,3.21,4656,4656
SZ,002194,-0.1,4654,6225
SH,600351,-2.32,4650,4650
SZ,000936,-0.37,4642,4643
SZ,300087,-0.38,4638,4869
SH,688073,0.75,4638,4638
SZ,002919,1.56,4634,4668
SH,603217,0.77,4634,4634
SH,688667,2.93,4634,4634
SH,603408,-0.18,4632,4632
SH,688786,6.34,4632,4632
SZ,300388,-0.72,4631,4631
SZ,002483,-0.56,4630,4636
SZ,300586,4.34,4630,6159
SZ,002481,-0.95,4629,5108
SH,603711,-1.22,4624,4624
SZ,300149,0.84,4623,4848
SZ,300271,2.28,4623,4725
SH,603365,-0.55,4622,4646
SH,603216,2.47,4616,4616
SZ,301379,6.19,4616,5858
SZ,002556,0,4614,4619
SH,603767,-0.19,4614,4614
SZ,300138,-0.08,4612,5594
SH,600495,-1.29,4603,4603
SZ,301265,5.84,4598,5711
SH,600523,0,4598,4601
SH,603976,3.24,4598,4598
SZ,301488,8.32,4597,11220
SZ,002478,-0.15,4597,5729
SZ,301629,7.06,4595,9989
SH,603097,3.23,4590,4698
SH,603187,-0.65,4588,4637
SZ,300523,-0.09,4587,4588
SH,688665,0.62,4586,4586
SZ,002235,0.24,4584,4799
SH,688085,-0.37,4579,4791
SZ,300688,-4.55,4569,5154
SZ,002728,-1.4,4567,4676
SZ,002573,-0.61,4564,4571
SZ,301325,1.93,4560,4560
SZ,000863,0,4560,4628
SZ,300968,5.55,4560,4560
SH,600626,-0.57,4557,4557
SZ,301239,-1.8,4548,4791
SZ,002455,0.88,4546,4971
SH,603348,-0.2,4544,4544
SZ,301391,1.94,4542,4649
SH,605338,-0.51,4542,4542
SH,600681,-2.01,4542,4545
SZ,000665,-0.74,4537,4537
SZ,002522,0.2,4534,4538
SZ,301365,4.28,4531,6713
SZ,000045,0.61,4529,5020
SH,688635,7.14,4528,23886
SZ,001207,-0.18,4524,4687
SH,601588,-0.57,4522,5724
SH,603980,-1.03,4521,4521
SZ,300727,2.09,4521,5024
SZ,002026,-1.15,4515,4515
SH,600880,1.23,4514,4515
SZ,301211,-0.36,4510,4510
SZ,300737,1.4,4507,5640
SH,603822,3.35,4502,4502
SH,688119,0,4500,4500
SH,603387,-1.87,4498,4498
SZ,000759,-0.71,4498,4545
SZ,000886,-1.7,4498,4549
SH,603222,-1.26,4495,4495
SZ,301603,4.11,4490,14370
SZ,300506,1.5,4489,8710
SZ,002112,-1.71,4487,5036
SH,600283,0.38,4487,4487
SZ,300878,1.3,4487,4507
SZ,000507,-0.39,4485,4571
SZ,300561,1.2,4484,6103
SZ,300016,-0.49,4480,4636
SZ,300461,2.45,4474,4871
SZ,300463,-1.4,4474,5502
SH,603528,1.28,4469,4469
SZ,002627,0,4468,4516
SH,600178,-1.02,4464,4464
SZ,002707,-0.95,4463,5071
SH,600658,1.01,4463,4463
SZ,301367,0.64,4461,5697
SZ,002989,3.39,4459,4544
SZ,300547,2.54,4459,5427
SH,603122,-0.26,4458,4458
SZ,000821,1.1,4456,4591
SZ,002727,-1.72,4452,6635
SZ,000720,-0.55,4448,4448
SH,601218,-1.28,4448,4448
SH,603611,-0.16,4441,4441
SZ,300917,0.38,4440,4440
SH,603032,7.93,4436,4443
SZ,301487,0.56,4433,7469
SZ,002884,-0.05,4429,5802
SZ,300267,-0.63,4424,6415
SZ,301075,2.68,4422,4422
SH,605300,-0.6,4421,4421
SZ,000558,-0.86,4420,4422
SZ,002540,-1.33,4420,6425
SZ,301045,20,4417,6990
SZ,002651,-1.63,4416,8071
SH,600558,0.2,4416,4416
SH,601065,-0.28,4416,4416
SH,603060,-0.35,4414,4414
SZ,301230,1.38,4414,4907
SZ,300123,-3.26,4413,4537
SH,603661,0.64,4407,4407
SZ,001338,-0.56,4405,4405
SZ,002454,-1.37,4404,4413
SH,688655,4.53,4402,4402
SZ,300871,2.64,4401,4401
SZ,300397,1.41,4400,5580
SZ,002124,-0.44,4398,4955
SH,688796,-2.56,4397,50893
SH,600382,-0.15,4396,4396
SZ,002059,-0.66,4394,4526
SZ,300963,2.27,4393,5990
SZ,300210,0.67,4392,4392
SH,600173,0.48,4392,4392
SZ,300018,1.34,4390,5894
SH,600071,1.04,4390,4390
SH,603209,0.89,4385,4433
SH,688267,2.24,4382,4382
SZ,003004,2.99,4382,5219
SZ,002146,-1.74,4381,4870
SZ,002543,-2.49,4380,4923
SZ,002641,-1.27,4377,4744
SH,688210,4.15,4371,4371
SZ,001283,0.93,4370,5480
SZ,301055,3.36,4363,4458
SZ,300491,3.36,4362,4918
SZ,002907,-1.36,4359,5420
SH,600758,-1.48,4358,4363
SH,603018,-1.65,4358,4358
SZ,002774,4.34,4339,5185
SH,603683,3.79,4338,4383
SH,605088,1.99,4334,4367
SZ,000521,-1.19,4332,5098
SH,688218,8.02,4331,4331
SZ,300071,-1.5,4330,4415
SH,603916,0.29,4329,4329
SH,603016,0.07,4329,4329
SZ,002264,0.3,4329,4787
SZ,002393,-0.88,4323,4439
SH,600340,-2.62,4322,4322
SZ,002443,1.59,4320,4320
SH,688379,6.02,4318,4552
SH,603803,2.94,4317,4317
SH,603726,4.33,4316,4338
SZ,300692,-0.35,4315,4729
SZ,002480,0.18,4314,4323
SH,688196,-2.15,4313,4313
SZ,301007,3.79,4310,4367
SZ,000078,-1.79,4305,4315
SH,600609,-1.78,4305,4305
SZ,002746,-1.45,4301,5215
SZ,300441,-0.57,4300,4427
SH,603165,-0.42,4300,4300
SZ,301458,4.39,4299,9757
SH,600650,5.77,4296,6068
SZ,300429,5.11,4294,5709
SH,600976,-1.98,4294,4297
SH,605208,1.96,4289,4289
SZ,002117,0.24,4288,4289
SZ,300802,2.92,4284,6014
SH,603322,3.15,4283,4283
SH,603439,0.66,4281,4281
SH,605086,2.89,4276,4276
SH,688639,0.53,4274,4274
SZ,300532,-0.97,4274,4494
SZ,300654,9.1,4270,4434
SH,600819,-1.09,4270,5284
SZ,000526,0.14,4270,4283
SZ,000718,-1.57,4267,5675
SZ,002367,-0.55,4267,4284
SH,605577,-1.53,4267,4267
SH,600714,6.4,4265,4265
SZ,920077,0.79,4263,8278
SZ,300847,-0.75,4257,4257
SZ,300196,4.75,4251,7036
SZ,000011,0.88,4249,4810
SZ,002285,0,4247,4285
SZ,002427,0,4243,4247
SH,600168,-1.6,4242,4242
SH,603069,0.98,4241,4241
SH,688010,4.47,4237,4237
SH,603339,3.72,4230,4230
SH,688236,-1.47,4225,5619
SH,600152,1.53,4222,4222
SH,603015,0.68,4220,4220
SZ,301058,-0.59,4216,4286
SH,603150,1.25,4210,4210
SH,603912,-1.01,4208,4208
SZ,300326,1.38,4207,4209
SZ,002765,0.43,4207,4604
SZ,301235,5.6,4204,5617
SH,688719,3.87,4195,5394
SH,688350,1.6,4191,4191
SZ,300767,4.3,4191,4827
SZ,300984,5.43,4190,6501
SZ,300539,0.73,4188,5153
SZ,300518,12.3,4187,4188
SH,688023,1.76,4185,4185
SH,688186,0.95,4185,4185
SH,688646,1.32,4184,6488
SH,603960,0.19,4182,4182
SZ,300061,-0.29,4181,4428
SZ,002380,-0.06,4179,7053
SH,603681,2.57,4177,4177
SZ,300541,0.09,4175,4627
SZ,300859,0.64,4173,4173
SZ,002902,0.9,4171,5518
SZ,300228,0.81,4164,4451
SZ,301252,2.23,4161,5188
SH,603178,2.63,4156,4156
SZ,000016,0.78,4151,6261
SH,603636,-0.41,4150,4150
SZ,300893,-1.3,4150,7823
SH,605028,-1.51,4149,4149
SZ,002512,0.53,4148,4178
SZ,000428,1.75,4147,4147
SZ,300505,0.32,4145,5242
SZ,300793,-0.44,4145,4239
SH,603697,0.1,4144,4144
SH,603058,1.83,4142,4143
SH,688551,8.42,4142,4142
SZ,920593,1.07,4140,4857
SZ,300121,1.47,4139,4292
SH,600379,1.46,4137,4137
SH,600222,-1.19,4134,4134
SH,603072,0.4,4133,8653
SH,603998,-1.46,4127,4127
SZ,002418,0.55,4125,4125
SH,688356,2.8,4121,4121
SH,600505,-1.13,4120,4120
SH,603167,-0.33,4119,4119
SZ,300248,20.02,4119,4797
SH,688061,3.73,4116,4116
SZ,300105,0.38,4113,4116
SZ,000678,0.56,4109,4109
SZ,300733,0.36,4109,5572
SH,603869,0.96,4104,4104
SZ,300403,0.52,4104,5795
SH,688512,0.24,4103,5977
SH,603398,2.27,4102,4102
SH,603519,-2.77,4101,4101
SH,603966,0,4100,4106
SZ,300290,5.08,4099,4101
SH,688311,0.99,4098,4098
SZ,002161,0.73,4097,4098
SH,603318,1.71,4095,4948
SZ,300189,-0.21,4094,4731
SZ,002876,2.42,4093,4778
SZ,920522,7.57,4088,4929
SZ,002788,-0.27,4086,4157
SH,603088,0.65,4085,4687
SZ,300206,0.25,4084,6997
SZ,002406,-0.14,4083,4951
SZ,002005,-1.68,4082,4083
SZ,301160,-0.31,4081,6142
SZ,300882,0,4077,4382
SH,603121,2.03,4076,4076
SH,600076,1,4074,4074
SH,688360,1.18,4072,4072
SZ,300091,-0.39,4072,7077
SZ,300669,3.1,4070,4297
SH,603928,10.05,4068,4068
SZ,000655,-0.43,4066,4066
SZ,002560,-0.15,4066,4720
SZ,300662,3.81,4064,4076
SZ,002758,-0.87,4063,4067
SH,600227,-2.74,4063,5370
SZ,301370,-1.47,4061,4061
SZ,300571,2.63,4061,4900
SH,603669,1.06,4060,4060
SH,600479,-1.11,4055,4770
SZ,003019,3.3,4055,4150
SZ,920139,3.11,4054,4196
SZ,002520,-0.69,4054,4239
SZ,300705,-1.61,4051,5478
SH,603429,-1.02,4049,4049
SZ,002843,2.41,4048,4073
SZ,002490,-0.79,4047,6152
SH,600261,-0.97,4045,4045
SH,603271,1.64,4045,8474
SH,605268,-0.1,4044,4044
SZ,920239,0.54,4044,4093
SZ,000599,-0.19,4043,12093
SH,688269,1.58,4039,4039
SZ,300964,4.7,4037,5501
SZ,002321,-1.03,4035,4052
SZ,301016,11.63,4034,4207
SH,688039,2.73,4034,4034
SZ,300320,0,4033,4996
SZ,300355,-1,4031,4733
SZ,003026,5.01,4030,5235
SH,603758,-0.74,4028,4028
SH,603978,0.58,4026,4026
SZ,300481,2.29,4023,4048
SZ,300643,2.9,4020,4030
SH,603386,3.18,4020,4020
SH,603790,0.96,4019,4019
SZ,300421,1.28,4016,5128
SZ,301282,3.6,4015,4797
SH,688429,-1.85,4008,4008
SZ,300588,1.25,4003,4335
SH,688633,1.82,4003,4003
SH,600135,-0.81,4000,4000
SZ,301187,-0.81,3997,3997
SZ,001316,1.64,3997,4284
SH,603967,1.05,3990,3990
SZ,002950,-0.95,3987,5877
SZ,300557,2,3987,4007
SH,605189,4.89,3986,3986
SZ,300715,6,3984,4813
SZ,002160,-0.51,3979,3987
SZ,300668,7.14,3978,4803
SH,600729,-0.23,3975,9095
SH,688768,-1.91,3968,4001
SZ,300004,1.47,3965,3965
SZ,001288,-1.09,3964,6101
SZ,300632,1.65,3962,5466
SZ,300010,1.28,3959,4919
SZ,002040,-0.36,3957,3957
SZ,002449,-0.15,3952,3952
SH,603261,2.19,3948,3948
SZ,000520,1.04,3947,3947
SH,605286,0.64,3946,3946
SZ,301102,1.46,3946,3946
SZ,300349,2.69,3945,4452
SZ,300183,-0.08,3944,4918
SH,603719,1.54,3944,3944
SZ,920946,-0.31,3944,3945
SH,600727,0.54,3943,3943
SZ,301376,5.38,3943,8194
SH,603933,2.93,3939,3939
SZ,300534,-1.05,3939,3956
SZ,300712,-1.12,3938,3955
SH,688489,2.09,3938,3968
SZ,002886,3.41,3935,4953
SH,605055,1.82,3934,3934
SH,688558,1.29,3932,3932
SZ,002644,-1.78,3932,3932
SZ,300231,1.26,3931,3932
SH,688653,6.98,3930,5272
SZ,002328,1.03,3927,5310
SZ,300380,1.21,3927,4268
SZ,301280,4.64,3926,7560
SZ,301116,-1.46,3924,3924
SZ,000096,-1.78,3923,4055
SZ,300711,0,3920,4425
SH,600725,0.63,3919,3919
SZ,000919,-0.93,3917,3918
SH,603956,-4.31,3915,3915
SH,603315,0.91,3915,3915
SH,688211,1.08,3913,3913
SH,603138,1.57,3907,3978
SH,603689,-0.52,3905,3923
SZ,300022,0.64,3904,3904
SZ,002116,-0.69,3904,3952
SH,603090,3.75,3901,3901
SH,600628,-0.98,3901,3901
SZ,300745,4.26,3899,4619
SZ,300686,20,3899,3925
SH,688459,-0.72,3898,3898
SZ,002693,-1.95,3896,3931
SH,600792,-1.12,3896,3896
SZ,301115,8.17,3893,4788
SH,603239,0.56,3890,3890
SH,603520,0,3889,3889
SH,603085,2.62,3888,3888
SH,600798,-0.3,3885,3885
SH,688238,2.74,3878,3888
SZ,000782,5.46,3877,5040
SH,601368,-0.67,3876,3876
SZ,301169,6.01,3874,3876
SH,603607,6.27,3874,3874
SZ,002772,0,3872,3905
SZ,300590,2.08,3868,4997
SH,603324,5.69,3868,3868
SZ,301008,-0.41,3867,4379
SH,688807,2.8,3865,19327
SZ,300332,-1.03,3859,4027
SZ,300911,3.69,3855,4125
SH,688588,1.23,3849,3849
SH,600857,2.02,3849,3849
SZ,300317,-0.42,3846,3852
SH,603679,0.28,3845,3845
SZ,002930,-0.1,3844,4063
SZ,301398,5.86,3844,3944
SZ,300880,-1.05,3842,3842
SH,600526,-0.89,3841,3910
SZ,301517,2.18,3840,5953
SZ,002586,1.15,3839,4039
SZ,300111,-0.66,3836,3836
SZ,000906,-0.9,3836,3882
SH,688590,2.8,3829,4255
SZ,300629,0.63,3828,4440
SZ,300044,2.5,3820,4079
SZ,001380,-0.48,3819,4445
SH,688247,-2.08,3817,3817
SZ,000523,-1.36,3816,5286
SH,600067,-1.07,3813,3813
SZ,000822,-2.28,3813,3813
SZ,002197,-1.1,3813,4387
SZ,300318,-1.42,3812,3929
SH,603615,2.34,3811,3811
SH,688298,-0.83,3808,3808
SZ,300606,10.53,3806,4474
SZ,002786,0.26,3805,3816
SH,603175,7.19,3803,36544
SH,603676,-1.01,3795,3795
SZ,300873,9.08,3794,5227
SZ,000850,-0.49,3792,3794
SZ,300299,-0.35,3792,3797
SZ,002090,-1.03,3791,3813
SH,603421,0.87,3789,3789
SZ,002564,-0.67,3788,3788
SH,603081,0.79,3786,3786
SH,603113,-1.1,3784,3784
SH,688168,5.68,3781,3781
SH,603020,2.34,3779,3779
SH,601113,-1.15,3776,4631
SZ,002612,-0.53,3776,6566
SZ,002554,-1.38,3774,3774
SH,605162,-0.34,3773,3773
SZ,002370,0.2,3773,3773
SZ,920809,3.02,3772,4912
SH,600568,-1.3,3772,4504
SZ,300055,0.17,3772,4987
SH,600734,-0.56,3768,3768
SZ,002688,-1.36,3767,3878
SH,600960,-0.99,3764,3764
SH,603716,0.18,3764,3764
SZ,002766,10.03,3762,3775
SZ,920799,2.12,3762,6553
SH,688136,1.03,3761,3761
SH,600527,-1.8,3758,3758
SH,603703,0.44,3756,3756
SZ,002589,-1.42,3755,4138
SZ,300907,2.98,3754,3754
SZ,002322,-0.08,3749,3900
SZ,002228,-1.27,3737,3749
SZ,301186,4.97,3734,3971
SH,601188,-1.03,3734,3734
SH,600794,-1.57,3732,3732
SZ,301085,-1.79,3724,5485
SZ,300758,0.98,3723,4131
SZ,002457,3.14,3723,3725
SH,600337,-0.37,3722,3722
SH,600824,-0.55,3721,3721
SZ,300933,2.87,3720,3720
SH,600800,0.3,3718,3719
SZ,301038,-0.53,3717,3717
SZ,002187,-1.29,3715,3715
SH,600576,-0.34,3711,5927
SZ,300553,4.21,3707,4837
SH,600805,-0.9,3707,3710
SZ,000797,-1.25,3706,3707
SZ,002986,1.41,3701,4660
SZ,000532,0.75,3697,3709
SZ,001269,-0.35,3696,3696
SZ,300068,0,3688,3881
SH,605337,-0.31,3686,3686
SZ,300901,0.26,3686,3686
SZ,002562,-0.65,3685,5177
SH,600520,4.22,3680,3680
SH,688299,0.55,3676,3676
SZ,300448,-0.34,3675,3870
SH,603126,-0.98,3675,3675
SH,603926,2.91,3675,3709
SZ,301003,5.39,3673,4748
SZ,300471,1.45,3669,4603
SZ,002596,0,3669,3672
SZ,002669,3.24,3666,3674
SH,603291,0.81,3665,3665
SH,600333,0.67,3660,3660
SH,600860,-0.23,3650,4500
SZ,300809,1.68,3650,6146
SH,688571,0,3648,3648
SH,605378,0.36,3646,3646
SZ,002162,-0.49,3646,3651
SZ,002095,0.21,3645,3659
SZ,002469,-1.18,3645,3763
SZ,300508,5.23,3640,4836
SH,600830,-0.36,3639,3639
SZ,000626,0.56,3637,3658
SZ,002677,0,3634,4257
SZ,001238,-1.64,3634,3885
SZ,300559,-0.08,3634,4666
SZ,300200,1.42,3633,3693
SH,603232,0.97,3627,3646
SH,603105,-0.81,3625,3625
SZ,301609,-0.64,3623,6012
SH,605058,2.51,3622,3622
SH,688045,4.44,3618,3618
SZ,300572,4.34,3616,4568
SZ,002584,2.25,3616,4518
SZ,300822,2.37,3615,3897
SZ,300434,1.54,3613,4242
SH,603559,-2.16,3611,3611
SH,603038,2.83,3611,3611
SH,688212,-2.14,3610,3610
SZ,300424,0.36,3606,3608
SZ,300494,1.69,3605,4439
SZ,002676,-1.18,3593,3593
SZ,300639,-0.86,3592,3685
SZ,000903,2.19,3591,3618
SZ,301120,-1.54,3587,5929
SZ,002016,1.61,3584,3584
SZ,002609,-0.37,3584,5025
SZ,300194,-1.32,3583,4402
SH,603639,-0.18,3582,3685
SZ,300533,-0.05,3582,5091
SH,688533,0.05,3580,3580
SH,688530,15.07,3580,8210
SH,688075,-0.55,3579,3579
SZ,300611,-0.93,3577,5091
SH,688133,4.07,3577,3577
SZ,301017,-0.21,3575,5605
SH,600127,-1.23,3575,3575
SH,603199,-0.27,3574,3574
SZ,002912,4.76,3574,3762
SH,603706,-0.04,3572,3572
SH,603551,-0.2,3567,3612
SH,688199,3.71,3565,3565
SH,688148,1.6,3561,3561
SH,605388,-0.49,3561,3561
SH,603566,-1.33,3558,3558
SZ,002225,0,3557,4347
SZ,002305,1.99,3555,3555
SH,603665,0.73,3551,3551
SZ,300781,-0.06,3551,4812
SZ,300414,-0.6,3549,3691
SZ,300099,-0.32,3548,4497
SH,603109,-0.05,3548,3548
SZ,300402,0.07,3547,3593
SH,688033,0,3542,3542
SH,603316,5.1,3541,3618
SH,605068,1.63,3539,3539
SH,688606,-1.05,3536,3536
SH,603657,10.02,3534,3534
SZ,300120,1.67,3529,3843
SZ,002356,0,3527,3527
SH,688569,0.42,3527,3527
SH,600581,-0.85,3526,3526
SH,600579,0.14,3524,3524
SZ,000505,-1.23,3522,4049
SZ,300943,5.14,3521,5379
SZ,300894,2.92,3520,4848
SH,601599,-2.87,3516,3516
SZ,000659,0,3510,3510
SH,601033,-0.13,3506,13149
SZ,300427,0.72,3506,3544
SZ,301112,0.28,3505,3505
SZ,001257,1.11,3504,46982
SZ,002339,-1.47,3504,3690
SZ,000862,-0.88,3504,5122
SZ,000407,-1.71,3503,3520
SH,688157,-0.42,3503,3503
SZ,002333,-1.49,3499,3543
SZ,000965,-0.62,3496,3496
SZ,000726,-0.66,3495,4848
SZ,300652,0.55,3495,3894
SH,603569,-0.68,3494,3494
SZ,301373,9.46,3491,9285
SZ,300962,0.92,3490,3490
SZ,300399,0.63,3487,3488
SH,603390,1.02,3486,3492
SZ,002107,-1.6,3486,3521
SZ,300190,0.27,3484,3498
SH,600834,-1.21,3480,3480
SZ,002582,1.1,3477,4522
SZ,300885,1.17,3476,5164
SZ,300736,1.38,3476,3566
SH,603139,3.42,3474,3474
SH,600980,1.1,3473,3546
SZ,301322,4.55,3472,5148
SZ,002628,0.88,3467,3483
SZ,301656,-0.17,3466,40930
SH,600192,1.82,3463,3463
SZ,300213,-1.09,3462,3727
SZ,002412,-0.85,3460,3497
SZ,000716,-0.2,3458,3539
SZ,301110,1.17,3457,4915
SZ,300622,-1.73,3452,5050
SZ,301076,3.76,3452,5163
SZ,301479,2.13,3451,6028
SZ,300521,5.67,3447,3490
SZ,301259,6.07,3445,5372
SH,688750,1.51,3445,6840
SZ,300270,4.76,3444,3997
SH,688339,0.4,3442,4229
SH,605158,-0.58,3442,3442
SH,603815,0.91,3441,3441
SH,603813,-0.14,3440,3440
SZ,301630,6.69,3440,9183
SH,688398,0.49,3440,3440
SZ,002462,-1.08,3439,3442
SZ,301026,19.99,3439,4762
SZ,002783,0.13,3435,3720
SH,688098,-0.23,3429,3429
SH,688785,6.86,3426,17124
SH,605398,-0.13,3420,3420
SZ,301096,1.08,3419,4495
SZ,300453,-1.03,3419,4960
SH,688602,0,3417,3417
SH,603014,-0.23,3416,14062
SZ,300522,8.17,3415,4185
SH,603101,-0.81,3415,3415
SH,605303,0.47,3415,3415
SH,688215,9.66,3414,3414
SZ,002927,0.72,3408,3446
SZ,301315,1.6,3403,3403
SH,603630,-0.58,3403,3403
SH,688522,0.51,3401,8375
SH,603309,1.57,3400,3400
SZ,301302,2.39,3400,3812
SZ,002822,1.27,3399,6201
SZ,000037,-0.68,3399,6046
SH,603007,1.66,3399,4325
SZ,300812,3.64,3399,3746
SH,688583,2.87,3398,9752
SZ,301175,-0.9,3395,8036
SZ,300021,-0.76,3389,3967
SH,603396,0.04,3386,3386
SZ,301289,-0.17,3385,3407
SZ,300078,0.33,3385,3398
SZ,002474,0.79,3385,3982
SZ,000926,0.94,3382,3425
SH,603577,0.2,3381,3381
SH,601366,-0.55,3378,3378
SH,688399,0.41,3378,3378
SH,603116,1.91,3377,3377
SZ,000889,-1.01,3375,3633
SZ,301408,0.34,3370,5888
SZ,920725,8.96,3370,6962
SZ,300879,0.3,3369,3392
SZ,301246,1.59,3369,7924
SZ,300530,-1.15,3365,3365
SH,688286,5.19,3364,3364
SZ,001400,3.29,3364,6113
SH,603357,-1.47,3363,3363
SZ,300552,20.02,3361,5303
SZ,003037,-0.52,3361,3361
SH,600262,0.57,3361,3361
SZ,301201,4.03,3359,4788
SZ,002849,7.12,3359,3387
SH,688443,1.12,3357,8584
SH,688302,2.26,3357,3357
SZ,002362,0.19,3355,3950
SH,600721,9.97,3349,3349
SZ,301682,4.33,3349,15849
SH,600503,-0.94,3349,3349
SZ,300729,-0.77,3348,3478
SZ,300132,-0.74,3348,3404
SH,605066,-1.76,3346,3346
SZ,301421,5.97,3346,8361
SH,600318,0.15,3343,3343
SZ,301617,3.19,3343,8423
SZ,002374,0.33,3342,3342
SZ,000721,0,3341,3742
SZ,301499,1.47,3339,3339
SH,605186,2.89,3337,3337
SZ,000509,1.3,3337,3337
SZ,003032,10.04,3337,4721
SH,600229,-1.36,3337,3337
SZ,300473,3.84,3335,3826
SZ,920819,-0.35,3332,3371
SH,603798,-1.8,3331,3331
SH,688283,2.59,3331,3331
SH,688607,15.07,3331,3701
SZ,301213,0.9,3330,5152
SZ,002269,-0.69,3328,3568
SH,603313,1.22,3327,3327
SZ,300370,-0.46,3326,3334
SZ,300545,2.39,3323,5154
SZ,300840,3.76,3320,4500
SH,603759,-1.5,3320,3320
SZ,002791,-1.09,3318,5393
SZ,300056,-0.45,3317,3319
SH,603095,1.42,3316,3316
SZ,002735,1.84,3315,4364
SH,603201,10,3315,3344
SH,688053,1.25,3314,3314
SZ,300241,2.04,3312,3949
SZ,301551,-1.1,3311,8568
SZ,300551,0.31,3309,3319
SZ,000007,2.8,3305,3305
SZ,000488,-1.01,3304,5736
SZ,301310,6.53,3302,10339
SH,603535,-0.14,3301,3301
SZ,300664,-1.29,3300,3426
SZ,301199,-0.69,3297,3426
SH,600843,-0.27,3294,5006
SZ,002395,0.24,3293,3294
SZ,003000,-0.73,3293,4820
SH,600539,1.85,3291,3291
SZ,300466,-0.67,3290,3925
SH,603811,-0.82,3290,3290
SH,601999,-0.99,3289,3289
SH,600218,-0.78,3289,3289
SZ,301051,5.89,3288,4139
SZ,300160,-1.14,3285,3331
SH,600865,-0.22,3285,3285
SH,605108,-1.01,3284,3284
SZ,301613,0.85,3281,5624
SZ,002109,-0.76,3280,3280
SZ,300656,3.26,3280,4223
SH,605136,0.24,3280,3280
SZ,002094,-1.03,3280,3282
SH,603648,-0.76,3276,3276
SZ,002037,-1.16,3276,3276
SH,603948,1.72,3276,3276
SH,605077,-0.99,3276,3315
SZ,000514,-0.5,3274,3274
SZ,300419,5.33,3273,3273
SZ,002055,0.18,3273,3331
SZ,000701,0,3272,3275
SH,688636,1.24,3271,3271
SZ,300069,2.38,3270,3270
SH,688163,2.97,3268,3268
SZ,000736,-1.12,3265,3265
SZ,300407,0.64,3264,4365
SZ,300385,0.18,3264,3741
SH,600853,-1.52,3264,3264
SZ,300801,5.4,3260,5203
SZ,002178,-1.28,3260,3262
SH,688084,0.63,3259,3259
SH,600467,-1.32,3258,3258
SZ,002801,-0.77,3256,6457
SH,600822,-0.11,3256,4077
SZ,301082,5.85,3256,3513
SZ,300848,0.16,3255,5503
SH,605566,2.43,3255,3255
SH,600622,-0.45,3254,3254
SZ,000546,3.78,3254,3632
SH,603351,0.25,3252,3252
SH,600679,-1.35,3251,4685
SZ,000803,0.57,3251,3297
SH,688813,7.24,3249,17282
SZ,300578,2.44,3247,3248
SZ,300683,-0.33,3242,3477
SZ,301311,-0.29,3240,3240
SH,600130,9.92,3240,3240
SZ,000789,-0.97,3238,3238
SH,603258,-0.36,3236,3255
SZ,002646,-1.3,3236,3258
SH,688358,-0.54,3235,3239
SZ,301468,7.14,3232,5607
SZ,002672,1.42,3231,3946
SZ,000607,-1.34,3230,3715
SH,688722,1.26,3229,3229
SH,600280,-0.68,3227,3227
SH,603856,0.18,3227,3227
SH,605399,1.47,3226,3229
SH,603051,0.35,3221,3221
SH,688171,2.42,3220,3220
SH,600716,-0.28,3220,3220
SZ,002818,-1,3219,8076
SH,600052,0.79,3216,3216
SH,600053,-1.58,3213,3213
SH,600228,-1.39,3212,3217
SZ,300550,0.49,3211,3214
SH,603230,-0.76,3210,3210
SH,603656,0.69,3207,3207
SH,600512,-0.97,3207,3207
SZ,300225,0.89,3205,3228
SH,600293,0,3202,3202
SH,601616,-3.59,3201,3201
SH,605588,4.06,3200,3208
SH,603278,1.3,3199,3199
SZ,301193,3.64,3197,4182
SZ,001217,-1.21,3197,3229
SH,600156,1.92,3197,3197
SZ,002199,2.29,3196,3369
SZ,002571,1.13,3195,4198
SH,603898,1.04,3194,3194
SZ,002369,0.71,3193,3198
SH,600791,5.37,3193,3197
SH,603987,-0.8,3193,3193
SH,603817,-0.87,3192,3192
SZ,300234,3.11,3192,4669
SH,603999,-1.76,3191,3191
SZ,300125,1.84,3190,5886
SZ,002451,-0.54,3188,3199
SZ,920179,6.49,3186,3972
SZ,002548,1.54,3186,3280
SZ,301073,2.4,3184,3483
SZ,002327,-0.6,3182,5403
SZ,300311,6.67,3181,3988
SZ,002441,-0.74,3180,4345
SZ,002021,2.7,3180,3180
SZ,300515,-1.12,3180,3243
SZ,300193,-0.38,3179,3610
SZ,300157,-1.35,3178,3329
SZ,000691,8.26,3178,4767
SZ,300110,-1.81,3177,3180
SZ,301270,-4.67,3176,3361
SZ,301696,2.09,3175,42221
SZ,920037,-0.33,3173,5190
SZ,300608,-0.28,3171,3626
SZ,300867,-0.41,3170,4495
SH,600327,-1.37,3168,3168
SZ,301223,-0.05,3167,3167
SZ,300504,2.18,3167,3933
SH,603210,-0.14,3167,4633
SZ,300352,-0.79,3165,3596
SZ,300932,4.32,3163,4441
SZ,300836,4.51,3163,4620
SH,603600,-0.61,3162,3162
SZ,001215,-0.11,3161,3169
SH,688229,2.63,3159,3159
SH,600749,0.07,3157,3157
SZ,000731,-1.7,3156,3156
SZ,002175,-1.19,3154,3154
SZ,002845,1.45,3153,4127
SZ,301136,-0.6,3150,3154
SZ,301602,-1.56,3144,6459
SH,603192,-0.65,3144,3770
SH,688071,-0.9,3141,3141
SH,688317,-1.24,3140,3140
SH,603696,0,3138,3138
SH,688682,1.28,3137,3137
SH,603500,6.32,3133,3135
SZ,002973,3.03,3132,4029
SH,600530,-10.01,3131,3131
SZ,002542,-0.55,3131,3215
SH,603958,1.71,3130,3130
SH,688373,-0.2,3130,3130
SZ,300948,15.32,3129,3315
SH,605259,-0.32,3129,3129
SH,603266,1.42,3128,3128
SH,688030,2.12,3127,3127
SZ,300050,1.59,3126,3127
SH,600731,-1.02,3126,3196
SH,600354,-0.83,3125,3125
SZ,300936,6.23,3123,4953
SZ,301226,0.91,3123,3123
SH,603903,7,3123,3123
SH,688162,1.02,3122,3122
SZ,300243,3.72,3118,3897
SZ,301257,1.32,3116,3268
SZ,002365,-0.62,3113,3740
SZ,301028,1.22,3112,4798
SZ,300062,-0.28,3112,4277
SZ,300955,2.05,3112,3112
SH,605138,-0.87,3111,3111
SZ,000788,-1.68,3111,3111
SZ,002137,2.35,3108,4528
SZ,001221,0.42,3107,16168
SZ,300289,-0.16,3107,3112
SZ,002686,0.85,3105,3363
SZ,000890,2.21,3104,3104
SH,603788,0,3101,3101
SZ,300746,-0.85,3098,3129
SZ,300698,2.71,3096,3500
SZ,300247,-0.76,3096,3096
SZ,001318,0.27,3092,3092
SH,688618,4.11,3091,3091
SZ,000421,-0.73,3090,3090
SZ,300609,2.88,3089,3094
SZ,920047,2.76,3089,4704
SH,688081,3.17,3087,3087
SH,688273,1.95,3087,3087
SH,600712,3.8,3086,3121
SH,603725,1.81,3079,3079
SZ,300310,0,3077,3923
SZ,300798,-4.4,3075,3738
SH,688458,4,3070,3653
SZ,002623,-1.78,3069,3075
SZ,300749,3.95,3064,3995
SZ,301206,-0.71,3064,4759
SZ,002659,0.99,3063,3063
SZ,300094,-1.41,3062,3125
SZ,001229,7.87,3061,5954
SZ,002933,1.43,3061,3077
SZ,000151,0,3061,3488
SH,688280,-1.66,3061,3471
SH,688216,6.01,3057,3291
SZ,300052,-3.14,3056,3056
SH,688159,0.86,3054,3054
SZ,002355,10.02,3054,3302
SH,603637,1.92,3048,3048
SZ,002313,0.49,3047,3048
SH,600719,0,3047,3047
SZ,301448,0.75,3046,4495
SZ,000609,4.91,3044,3130
SZ,301348,2.51,3044,4709
SH,603527,1.8,3043,3043
SZ,002889,0.58,3038,4566
SZ,300187,2.16,3036,3054
SZ,300542,1.07,3033,3657
SZ,300927,-0.22,3032,3108
SZ,000576,-0.28,3028,3046
SH,600969,-1.67,3027,3027
SZ,000802,0,3027,3028
SZ,000931,-0.97,3027,3035
SZ,300589,0.16,3026,4876
SZ,002724,-0.55,3026,4112
SZ,300721,4.34,3024,3604
SZ,300946,0.33,3023,6222
SZ,002826,-0.6,3020,3118
SZ,301568,6,3019,6550
SZ,002829,1.42,3019,4295
SZ,300135,-1.5,3014,3014
SZ,301020,0.78,3013,3013
SZ,301111,1.13,3013,3013
SH,603008,0.49,3013,3013
SZ,000710,-1.07,3012,3231
SH,688070,2.31,3011,3011
SZ,300603,-1.22,3010,3742
SH,601956,-2.41,3009,3009
SH,688015,-0.49,3006,3006
SH,688370,-0.63,3003,3003
SH,688175,3.72,3002,3002
SZ,002012,0.31,3002,3002
SH,600668,-1.35,3002,3002
SZ,301132,4.04,2998,4687
SZ,300011,-1,2998,3579
SZ,300973,0.48,2996,4279
SZ,003029,-0.52,2995,3293
SZ,300691,2.19,2993,3648
SZ,300831,2.4,2992,5190
SZ,301419,3.07,2992,4526
SZ,300864,1.46,2990,2990
SZ,000530,-0.79,2989,4199
SZ,300818,2.29,2988,4612
SZ,920418,1.12,2986,3092
SZ,301237,6.09,2984,4098
SZ,300600,0.1,2984,2984
SZ,300563,1.47,2983,4288
SH,600738,-2.48,2982,2984
SZ,300238,-0.79,2977,2978
SZ,301600,1.47,2976,9641
SZ,000615,0.94,2970,5738
SZ,300982,0,2961,3160
SZ,002878,-0.15,2958,3285
SZ,002286,0.38,2954,3036
SZ,300032,0,2948,2948
SH,603048,3.35,2946,2946
SZ,001388,5,2945,5503
SH,600684,-1.42,2944,3816
SZ,300795,8.6,2944,5057
SZ,002587,-0.17,2941,3613
SZ,002394,0.89,2940,2946
SZ,002921,2.28,2939,3408
SZ,300875,-2.44,2938,3340
SZ,301172,3.03,2937,3970
SH,688391,0.87,2936,2936
SZ,300908,-1.15,2935,3472
SH,600322,2.32,2930,2930
SZ,300826,1.99,2929,3044
SZ,002259,0.78,2927,2927
SH,600838,-0.67,2926,2926
SZ,002086,-1.59,2925,3624
SZ,300329,2.57,2922,2931
SZ,000798,-1.11,2919,2920
SH,688511,3.95,2918,2918
SZ,301068,3.86,2914,4105
SZ,300860,7.51,2914,5018
SZ,300359,2.22,2913,2913
SH,603330,0.85,2912,3098
SH,600212,-0.53,2911,3859
SH,688557,2.29,2910,2910
SZ,300051,0.89,2910,2946
SZ,003020,-0.8,2907,3937
SH,688056,14.7,2905,2905
SZ,002323,3.01,2905,2906
SZ,002485,-1.28,2905,2905
SZ,002823,0.23,2905,4357
SH,603896,-1.34,2904,2904
SZ,301313,3.88,2902,3822
SZ,002347,-0.33,2901,2968
SZ,002521,0.29,2901,3876
SH,600470,-0.53,2900,2900
SH,688152,1.46,2900,2900
SH,603949,1.03,2899,2906
SZ,301066,-0.15,2898,2920
SZ,000668,2.65,2896,2896
SZ,002811,1.89,2894,3154
SH,603739,-1.2,2892,2892
SZ,300833,3.13,2887,4494
SZ,301218,8.05,2886,4697
SZ,000892,-2.63,2886,3983
SZ,300830,2.15,2885,3866
SH,600620,-0.93,2884,2884
SZ,300877,0.42,2880,2880
SZ,000068,-0.68,2879,2879
SH,600265,0.23,2876,2876
SZ,300816,3.51,2876,3942
SZ,300148,-0.55,2874,2976
SH,605218,0.6,2873,3278
SZ,300266,-1.06,2873,2875
SZ,301133,1.65,2873,3140
SZ,002981,2.3,2872,3226
SZ,002899,0.67,2872,2872
SH,603722,0.98,2870,2931
SZ,002996,0,2869,4191
SZ,301266,-0.74,2866,3021
SH,603335,10.03,2864,2864
SZ,002692,-1.96,2864,2865
SZ,002148,-0.62,2863,3548
SZ,300537,4.26,2861,3906
SZ,300239,-1.01,2860,2879
SZ,001311,1.32,2857,6511
SZ,300242,-1.74,2855,2855
SZ,300889,2.25,2854,4294
SZ,300510,-1.69,2853,2853
SH,603808,-1,2852,2852
SZ,000910,-0.37,2851,2852
SH,603310,0,2850,5073
SZ,000897,-0.55,2846,2846
SZ,300890,0.85,2845,3113
SZ,300163,0.97,2845,2953
SZ,301608,0.46,2844,6337
SZ,301148,8.69,2843,5626
SZ,002795,0.15,2841,2889
SZ,301535,-0.88,2841,7115
SZ,300237,0,2841,2841
SZ,301234,2.76,2840,4808
SZ,300511,-0.75,2839,3332
SH,600844,-0.85,2838,3507
SZ,002667,0.67,2837,3124
SZ,000978,0.83,2837,2837
SH,688338,0.53,2835,2835
SZ,300560,6.47,2833,3481
SH,601112,0,2832,26976
SZ,002278,-1.37,2827,3062
SZ,002798,1.11,2827,3214
SZ,001256,2.52,2825,3768
SZ,301305,2.81,2820,5488
SZ,300404,-0.89,2818,3807
SH,605169,-1.57,2817,2817
SH,605080,-0.88,2814,2825
SZ,002722,-0.46,2813,2813
SH,688687,-0.47,2812,2812
SZ,300945,2.52,2812,3087
SZ,301525,0.62,2810,5365
SH,600630,-0.29,2808,2808
SH,688292,2.72,2806,2806
SZ,002725,1.08,2806,2885
SH,600215,-0.31,2805,2805
SZ,301158,0.34,2805,2876
SZ,003007,2.63,2805,4620
SZ,300858,0.63,2803,3773
SZ,002186,-1.07,2801,2802
SH,688265,0.67,2800,2800
SZ,002168,0.28,2799,2799
SZ,002331,-1.13,2798,2982
SZ,002224,-1.13,2798,3130
SH,688255,0.91,2798,2798
SZ,002866,1.18,2798,4470
SZ,300501,0.1,2797,2807
SZ,002314,-1.41,2797,5659
SH,603655,-0.1,2795,2795
SH,605500,-0.43,2793,2793
SZ,002923,-0.54,2792,3624
SZ,002357,0.91,2790,2790
SH,603458,-0.75,2789,2789
SZ,002875,1.79,2785,2785
SZ,002547,0.4,2784,2843
SH,600249,-0.38,2783,2783
SH,603829,1.01,2781,2781
SZ,300321,6.38,2781,2784
SH,688570,-0.93,2780,6395
SH,600136,0,2779,2918
SH,600594,-1.93,2777,2777
SH,603280,0.47,2774,2774
SZ,001210,10,2774,4564
SH,603955,2.77,2773,2773
SH,603878,-0.59,2772,2772
SZ,301439,-0.06,2771,5883
SZ,301622,0.87,2771,4968
SZ,002903,4.8,2770,4069
SZ,002403,0.11,2770,3175
SZ,001299,-0.09,2769,3076
SZ,002846,1.53,2768,4469
SZ,002616,-1.45,2767,4047
SZ,301197,6.13,2767,3067
SZ,000570,-0.79,2762,3507
SZ,002726,-1.92,2761,2763
SH,605089,-0.49,2761,2761
SH,600661,2.77,2759,2759
SZ,300175,1.21,2759,2759
SH,600408,-0.35,2759,2759
SH,603970,-0.76,2758,2758
SH,688137,-2.73,2756,2756
SH,603006,1.88,2756,2756
SZ,920735,1.26,2755,3115
SZ,002689,0.38,2753,2754
SZ,300479,0.29,2751,2753
SH,600785,0.69,2748,2748
SZ,001218,0.35,2747,3080
SH,600876,-0.85,2746,4481
SZ,300447,-0.72,2746,4257
SZ,002561,-1.33,2744,2752
SZ,300584,0.39,2743,4009
SZ,300389,0.4,2743,4614
SH,600616,-1.9,2743,2743
SH,688066,4.41,2741,2741
SZ,300810,0.17,2741,2838
SZ,000159,-2.05,2740,2740
SH,688285,-0.67,2739,2739
SZ,301042,5.66,2739,2873
SZ,002476,-0.66,2736,2736
SH,600735,0.94,2731,2753
SZ,002663,-0.61,2731,2757
SZ,301273,1.2,2731,3559
SZ,002054,0.28,2730,3428
SZ,300345,-0.52,2729,3302
SZ,002248,0.34,2721,2721
SZ,301255,-0.28,2718,3097
SZ,002953,-1.01,2717,4749
SZ,300279,0.54,2717,2729
SH,600419,-1.36,2717,2717
SH,603161,1.64,2716,2768
SZ,300384,-0.31,2716,3937
SZ,920491,1.12,2715,3308
SH,688369,10.92,2715,2715
SH,603518,-1.24,2711,2721
SZ,000017,1.32,2711,4238
SH,600537,-2.13,2711,2711
SZ,300410,2.5,2709,2709
SZ,002917,-0.28,2707,3612
SH,688479,1.53,2705,6293
SZ,002578,0.32,2704,2947
SH,603202,-0.87,2704,8616
SZ,301151,1.46,2702,2704
SZ,002962,2.46,2701,3765
SZ,003025,0.42,2699,3385
SZ,003015,0.74,2698,3069
SH,603585,-0.39,2694,2740
SZ,001369,0.08,2689,14865
SH,603037,0.5,2688,2692
SZ,300449,1.16,2683,2683
SZ,300095,0.84,2681,3329
SZ,000809,0,2681,2681
SZ,300374,-1.17,2680,2680
SH,600671,-0.76,2679,2679
SZ,000529,-1.04,2678,2744
SZ,301296,-1.09,2678,2678
SZ,300020,-0.56,2675,2773
SZ,300425,-1.49,2675,2681
SH,603107,-0.23,2675,4136
SZ,002404,-0.16,2674,3288
SH,603838,0.72,2672,2672
SZ,301565,0.38,2672,8348
SZ,301631,1.95,2671,7841
SH,688500,4.49,2669,2707
SZ,301202,1.85,2669,4572
SH,601996,2.15,2668,2668
SZ,002853,0.39,2667,3790
SZ,300477,-1.81,2666,2884
SH,605166,-0.69,2666,2666
SZ,002022,-0.95,2664,2665
SZ,301092,6.17,2663,5879
SH,603237,-1.88,2663,2750
SZ,300301,-0.87,2662,2797
SZ,301081,2.86,2660,2770
SH,688246,1.2,2660,2660
SZ,002337,-1.3,2658,2661
SH,601798,-1.18,2655,2655
SH,600405,2.12,2654,2654
SH,600386,-1.49,2653,2653
SZ,000504,-0.61,2653,2660
SZ,300230,-0.7,2652,3424
SH,603030,0.5,2647,2647
SH,603863,3.69,2646,2646
SZ,300141,-2.8,2645,2679
SZ,001223,-4.12,2642,4944
SZ,002905,-0.52,2642,2845
SZ,002363,-1.08,2640,2647
SH,603080,0.76,2639,2639
SH,688316,-0.89,2638,2638
SH,603617,0.15,2637,2659
SZ,300445,1.9,2635,3983
SH,688589,1.63,2633,2633
SH,603895,3.35,2632,2632
SZ,002072,-0.68,2632,2633
SZ,301149,0.26,2629,4321
SZ,300789,3.4,2628,2709
SZ,300162,1.59,2628,3222
SH,603768,-1.24,2627,2627
SH,605155,4.38,2627,2679
SZ,300887,-0.13,2626,3957
SH,600289,0.22,2626,2928
SZ,300154,1.34,2625,3745
SH,603215,-1.12,2625,3009
SH,603066,-0.88,2624,2624
SZ,000812,-0.85,2624,2624
SH,601010,-2.02,2623,2623
SH,600624,-0.25,2622,2622
SH,600250,-0.35,2621,2621
SH,688367,0.74,2621,2621
SZ,002136,1.16,2621,2628
SZ,002658,-0.13,2617,4641
SZ,300653,-1.21,2617,2617
SH,603839,0.45,2616,2616
SH,603042,0.89,2616,2616
SH,600358,2.57,2616,6025
SZ,002863,-1.35,2614,2614
SZ,300386,0.1,2610,4352
SZ,002879,1.44,2610,3675
SZ,300577,2.8,2609,4401
SZ,002103,-2.03,2608,3590
SZ,301281,1.86,2607,3980
SZ,002712,-0.61,2607,2623
SZ,301380,2.61,2607,3274
SZ,002976,6.1,2605,4165
SZ,300942,-1.82,2605,2605
SZ,920068,3.67,2604,9827
SZ,000698,-0.29,2601,2713
SZ,301221,3.3,2601,3825
SH,603159,0.27,2597,2597
SH,688080,0.2,2596,2596
SZ,002599,-0.15,2596,3395
SH,600665,1.01,2592,2592
SZ,001324,-1.46,2592,2592
SZ,300218,-0.41,2591,2600
SZ,300920,2.67,2589,3897
SZ,300998,0.92,2589,3298
SZ,300536,-0.22,2587,2587
SH,603189,2.9,2585,2585
SZ,301222,2.32,2584,3402
SH,688529,0.33,2583,2583
SZ,300272,-1.23,2582,3400
SH,603586,-0.82,2582,2582
SZ,301393,4.6,2580,6339
SZ,002453,0,2579,3477
SH,603628,-0.52,2577,2582
SZ,300591,-0.53,2576,2982
SZ,301190,-1.52,2574,3861
SZ,300631,0.86,2573,2646
SZ,301337,0.56,2573,2630
SZ,300853,5.14,2572,3844
SZ,001300,1.25,2572,2572
SH,603017,-0.42,2571,2571
SZ,300288,-0.78,2563,3376
SZ,300952,0.06,2559,4161
SH,600538,0,2558,2558
SZ,301181,0.74,2556,3274
SZ,920190,3.59,2556,2570
SZ,002769,-1,2555,2557
SZ,002748,2.21,2554,2554
SZ,002613,-0.89,2553,3632
SH,600793,-2.49,2549,2549
SZ,300250,3.59,2546,3456
SZ,001282,5.18,2544,3702
SH,601007,-0.9,2543,2543
SZ,002816,0.59,2540,2540
SH,603677,-0.37,2538,2538
SZ,920571,2.76,2537,4760
SH,603602,0.64,2537,2537
SZ,000826,-1.65,2537,2537
SZ,300439,-1.8,2535,3332
SH,603886,0,2532,2532
SZ,002952,1.32,2528,3155
SH,603801,-1.01,2524,2524
SZ,000019,-0.81,2522,6984
SH,688619,2.1,2522,2522
SZ,301262,-2.54,2520,8607
SZ,000565,-1.68,2519,2519
SZ,002869,-0.24,2517,2827
SH,688765,1.19,2515,12491
SZ,000153,-1.07,2515,2546
SH,605266,-1.62,2511,2511
SZ,301178,1.67,2511,3403
SH,688693,5.91,2509,4753
SZ,300366,1.07,2509,2874
SZ,301669,1.63,2509,14707
SH,603828,1.69,2509,2509
SZ,002813,-0.47,2509,2512
SZ,300585,2.45,2507,2507
SZ,920002,1.54,2506,3580
SZ,301025,1.01,2505,3619
SZ,001333,2.89,2502,2502
SZ,300562,1.84,2497,3270
SH,688129,-0.85,2496,2496
SZ,301251,6.83,2495,6225
SZ,300991,5.38,2491,3892
SZ,300485,-0.54,2489,4378
SZ,002682,-0.44,2486,2486
SZ,301046,4.72,2485,3218
SZ,300647,3.23,2484,2488
SZ,002871,3.87,2484,4191
SZ,000545,-0.78,2483,2487
SZ,002828,2.32,2482,2482
SZ,920402,3.53,2478,3832
SZ,300365,-0.4,2477,2903
SH,600356,-0.83,2476,2732
SZ,002983,2.49,2476,4311
SZ,300636,-1.6,2476,2830
SZ,300269,0.21,2471,2571
SZ,300555,1.22,2467,2492
SZ,002388,1.04,2465,2487
SZ,002172,-2.41,2464,2466
SH,600560,-0.71,2462,2462
SZ,300334,1.62,2462,2462
SH,603488,4.85,2461,2461
SZ,301119,1.65,2461,3043
SH,600257,-1.15,2459,2459
SH,688468,-0.48,2459,2459
SH,600858,-0.83,2458,2470
SZ,920019,2.3,2458,3085
SZ,000707,-1.54,2451,2602
SZ,002343,0,2449,2449
SZ,301027,5.21,2448,2969
SH,603320,-0.05,2447,2447
SZ,300824,-1.02,2443,2519
SZ,300921,0.67,2443,3874
SZ,002908,10.01,2440,3270
SH,688455,2.26,2438,2438
SZ,000669,-0.27,2436,2436
SZ,300667,1.58,2436,2887
SZ,002868,0.67,2436,3523
SZ,000014,-0.39,2435,2435
SH,605033,-0.21,2435,2435
SZ,002431,0,2433,2433
SZ,300354,1.56,2428,4130
SZ,002391,-0.56,2427,3397
SZ,301531,5.92,2424,11360
SZ,001376,-0.17,2423,5217
SZ,301002,2.3,2423,3847
SZ,301658,-0.15,2423,10256
SZ,002861,2.87,2422,3005
SZ,300092,-0.42,2420,3158
SH,600573,-1.11,2418,2418
SZ,300025,0.21,2417,2427
SZ,300805,-1.05,2416,3557
SH,603331,0.93,2416,2416
SZ,002593,-1.14,2416,3465
SZ,300452,-1.05,2413,2849
SZ,002442,0.2,2413,2472
SH,603076,0.5,2413,2413
SH,603836,-1.02,2410,2473
SZ,002330,-1.55,2407,2408
SZ,301125,0.07,2405,2713
SH,600992,-0.4,2404,2404
SH,603373,3.42,2403,5687
SZ,300173,1.55,2403,2403
SH,603059,0.17,2402,2406
SZ,002058,0.36,2401,2407
SZ,300701,1.6,2401,2662
SZ,300690,-0.73,2399,3555
SH,603136,-0.55,2399,2399
SZ,300988,1.16,2397,2913
SZ,300993,-0.79,2397,3054
SZ,301040,-0.81,2396,2539
SZ,002855,0.1,2396,2398
SH,603289,-0.23,2394,2394
SZ,301563,5.61,2393,10587
SZ,002700,-1.01,2391,2416
SH,605151,1.25,2390,2390
SZ,002729,-0.72,2386,2488
SZ,002496,1,2386,3045
SH,603086,-1.25,2383,2383
SZ,002574,-0.43,2381,2381
SZ,003001,-0.42,2381,3634
SZ,300426,-0.33,2380,2680
SH,603917,1.39,2377,2377
SZ,300460,1.32,2376,2376
SZ,300235,1.56,2375,2943
SZ,002098,-1.62,2374,2374
SH,688560,1.03,2371,2371
SH,600831,-0.59,2367,2367
SZ,301225,1.17,2367,7754
SZ,301106,1.22,2366,2366
SZ,300987,-0.57,2365,2365
SZ,300097,5.8,2363,2525
SZ,301397,3.02,2362,5165
SZ,300796,-1.2,2358,2358
SZ,002184,-0.9,2356,3449
SZ,301356,0.87,2355,4015
SH,600463,0.26,2355,2355
SZ,002576,-2.93,2354,2399
SH,688244,-0.12,2353,2353
SH,600613,-2.18,2353,2622
SZ,300172,0,2353,3045
SZ,301122,0.88,2353,3803
SZ,300198,3.62,2350,2362
SH,603721,-3.72,2349,2349
SZ,300103,2.35,2348,2350
SZ,000790,-2.57,2347,2351
SZ,301043,2.08,2345,2810
SZ,301592,1.82,2343,7020
SH,600381,-1.47,2342,2342
SZ,301279,0.5,2341,3023
SZ,000635,-0.61,2340,2515
SZ,002806,3.31,2338,2854
SH,688501,2.45,2337,2337
SZ,300898,0,2335,2523
SZ,000715,-0.82,2334,2594
SH,603332,-1.09,2334,2334
SZ,001219,-1.28,2334,2392
SZ,301283,0.16,2333,2968
SZ,301665,-0.39,2332,10076
SZ,301108,2.1,2329,4043
SH,603909,-0.55,2328,2328
SH,603818,-0.87,2327,2327
SH,600892,10.05,2327,2327
SZ,300281,0,2324,2451
SH,603797,-0.48,2324,2324
SZ,000573,0.82,2323,2342
SZ,300965,0.75,2323,2576
SZ,301185,-0.58,2320,2567
SZ,301059,0.36,2317,2594
SZ,301195,0.65,2317,3489
SZ,300340,-0.11,2316,2334
SZ,300275,-0.8,2316,2627
SZ,000752,6.56,2313,2313
SH,605199,-0.85,2313,2313
SZ,002932,0.14,2312,3444
SZ,300891,1.61,2311,2772
SZ,002660,-0.73,2308,2400
SH,603557,-0.79,2307,2307
SH,603307,-1.89,2306,2343
SZ,002661,-1.44,2304,2419
SH,688727,7.38,2303,19154
SZ,000554,-0.92,2303,3060
SH,603700,3.41,2302,2302
SH,603787,-2.62,2301,2301
SZ,300615,19.97,2299,2899
SZ,301317,4.96,2299,6924
SH,688178,6.42,2297,2297
SZ,300658,1.07,2297,3461
SZ,920125,14.02,2291,7806
SZ,001201,-0.08,2288,2928
SH,688718,2.57,2285,2285
SZ,300849,0.78,2285,3108
SZ,001368,0.33,2284,2390
SZ,002069,-1.52,2280,2283
SH,600319,0.86,2280,2280
SZ,301588,3.67,2279,3693
SZ,300411,-1.06,2278,2996
SH,600359,-1.31,2278,2278
SZ,002114,2.48,2273,2273
SZ,300956,1.7,2271,2324
SH,603188,-1.23,2269,2269
SZ,300422,-0.67,2268,2344
SH,603180,-0.73,2268,2268
SH,603375,3.62,2266,3577
SZ,001205,0.67,2266,2559
SH,600854,-1.12,2265,2265
SZ,002771,0.62,2263,2721
SH,605258,1.54,2263,2263
SH,688201,-0.13,2261,2261
SH,688310,-0.06,2261,2261
SZ,301072,2.81,2261,3537
SZ,300829,-0.88,2260,3277
SZ,003023,3.07,2260,2265
SZ,002420,-0.7,2258,2295
SZ,300513,0.42,2257,2259
SZ,300694,1.66,2257,2260
SZ,002397,-1.68,2255,2602
SZ,300583,-1.37,2254,2297
SH,688113,0.57,2254,2254
SH,603096,-1.27,2252,2252
SZ,300464,0.32,2252,2963
SZ,920971,5.04,2251,2730
SZ,002084,-0.84,2249,2255
SZ,301387,4.88,2249,5656
SH,600239,0,2248,2248
SH,603937,0.75,2246,2246
SH,603755,0.13,2245,2245
SH,600187,-1.41,2243,2243
SZ,002377,-0.76,2242,2355
SZ,002767,1.89,2241,2582
SH,605069,0.57,2240,2240
SZ,300752,2.45,2238,3238
SH,600540,0,2238,2238
SZ,301088,-0.82,2237,2712
SH,600753,0.73,2236,2236
SZ,300512,-1.42,2235,2824
SZ,002775,-0.25,2230,2478
SZ,301118,1.2,2230,2318
SH,600182,0.69,2229,4457
SH,603021,0.14,2227,2227
SH,603172,0.42,2226,2226
SH,688597,1.22,2225,2225
SZ,002319,-0.74,2223,2223
SZ,301628,2.42,2219,6001
SZ,300931,2.99,2219,2760
SZ,000955,0.24,2218,2218
SH,603378,-1.51,2216,2216
SZ,300800,-0.52,2214,2237
SZ,300922,2.33,2214,2821
SZ,000586,1.94,2212,2238
SZ,002887,3.46,2211,3115
SZ,300205,2.59,2210,2210
SZ,300786,4.57,2209,2777
SZ,300771,2.82,2208,2803
SZ,300703,-0.81,2208,2396
SZ,301079,1.31,2208,3113
SH,688581,0.26,2208,4329
SZ,002702,-1.02,2207,2673
SH,600423,-1.07,2204,2204
SZ,001367,-0.92,2204,2761
SZ,001228,1.17,2203,2866
SZ,301332,-1.3,2201,3836
SZ,301258,-0.87,2201,2265
SZ,001393,1.78,2200,11417
SZ,002763,-0.95,2198,2968
SZ,300989,-6.96,2197,2840
SH,601083,0.09,2197,14649
SZ,301011,-0.98,2197,2314
SH,603193,-0.64,2197,8602
SZ,300884,0.53,2195,2912
SZ,300732,-0.16,2195,2197
SZ,002492,0.73,2192,2232
SH,600232,0,2192,2192
SH,600281,0,2191,2191
SH,605003,-1.18,2191,2191
SZ,301596,0.56,2190,5397
SZ,002852,-1.78,2189,2635
SZ,920510,0.78,2189,4289
SZ,300107,-1.4,2189,3546
SZ,002633,1.95,2188,2196
SH,688737,1.61,2184,2184
SH,600533,0.48,2184,2184
SZ,300940,1.39,2180,3081
SH,688648,0.26,2179,4262
SZ,300808,1.22,2175,2926
SH,600302,2.61,2173,2173
SH,600833,-1.41,2168,2168
SZ,301220,-0.7,2168,3140
SZ,002836,1.18,2168,2168
SZ,301019,0.81,2167,2955
SZ,001365,1.26,2165,19766
SZ,001259,0.26,2164,3350
SZ,002963,10.01,2163,2645
SH,603536,-0.21,2162,2179
SZ,000548,-1.13,2162,2162
SZ,002825,0.72,2161,2879
SH,603102,-1.19,2158,2158
SZ,002234,0.42,2155,2495
SH,603091,0.2,2155,7006
SZ,300565,0.53,2150,2352
SH,603880,8.47,2148,2148
SZ,300649,-0.19,2147,2679
SZ,300546,0.44,2145,2984
SZ,300211,1.56,2143,2182
SZ,301089,-0.03,2141,2994
SH,603079,-1.04,2138,2138
SZ,002329,-0.9,2137,2730
SZ,920344,-0.2,2137,2289
SH,600965,-1.13,2137,2137
SH,688517,1.1,2137,2137
SH,688355,3.17,2136,2136
SZ,002991,-0.99,2135,3986
SZ,920261,0.3,2134,3878
SZ,301331,-0.66,2134,2139
SH,688251,2.4,2128,2143
SH,603183,2.15,2128,2128
SZ,920060,3.18,2126,3409
SZ,301290,1.41,2125,2675
SH,603381,-0.26,2124,3545
SH,603578,1.47,2123,2755
SZ,301117,0.66,2122,3313
SZ,002295,0.24,2121,2123
SH,603151,-0.47,2120,2120
SZ,002857,-1.13,2120,2154
SZ,300774,1.17,2120,4247
SZ,300165,1.2,2119,2497
SH,688623,0.18,2119,5103
SZ,300484,-0.38,2119,2639
SH,600148,-1.24,2117,2117
SH,688272,1.24,2116,2116
SZ,300673,2.01,2115,3259
SZ,300947,-0.84,2114,2114
SH,603959,0.7,2113,2113
SH,605001,-1.09,2110,2110
SH,688811,5.39,2106,11468
SZ,300980,0.75,2105,2956
SH,603356,2.33,2105,2105
SZ,300375,-0.74,2104,3018
SZ,002253,-0.98,2104,2261
SZ,001390,0.06,2100,3536
SH,603382,-0.81,2098,3293
SH,688197,1.93,2097,4872
SZ,002848,-2.16,2093,2114
SZ,300778,-0.76,2091,2092
SZ,002671,-1.03,2090,2128
SZ,300970,1.67,2090,2707
SZ,920699,6.48,2088,4564
SH,603238,-0.58,2088,2088
SZ,002799,-1.65,2087,2087
SH,603321,-1.93,2085,2111
SH,600241,-0.13,2084,2084
SZ,002732,-1.25,2082,2093
SZ,300710,1.71,2081,2776
SZ,002900,4.03,2078,4081
SZ,002864,-0.74,2078,2882
SH,603176,0.22,2078,2139
SZ,001332,0.45,2078,4783
SZ,002942,-0.59,2077,2328
SZ,300335,0.37,2074,2576
SZ,920017,-0.23,2071,2094
SZ,300665,0.85,2071,2181
SZ,000679,0,2071,2071
SZ,300599,0.46,2070,3943
SZ,300719,-0.16,2065,2924
SZ,300753,-0.58,2065,2961
SZ,301428,-0.02,2064,2925
SH,603326,-1.51,2062,2062
SZ,002998,4.1,2061,2704
SZ,300780,4.19,2058,2807
SH,603089,-1.03,2055,2360
SZ,001230,0.59,2054,3508
SZ,300960,-0.94,2051,2263
SZ,002918,-0.3,2050,3912
SZ,300387,-0.41,2049,2049
SH,688613,1.22,2048,2048
SZ,300305,2.08,2048,2391
SZ,301161,2.87,2044,3178
SZ,920978,0.45,2044,3646
SZ,002995,-0.26,2044,3226
SZ,300509,-1.54,2044,2451
SH,600615,-0.76,2043,2046
SZ,002666,-1.2,2043,3215
SZ,300902,2.38,2042,2974
SZ,000757,0,2040,2040
SH,688060,-0.87,2039,2039
SH,603377,-0.34,2038,2038
SZ,002687,0.61,2038,2489
SZ,000953,-1.58,2036,2036
SZ,002679,-1.14,2032,2032
SZ,000692,-1.03,2030,2030
SZ,000605,-0.68,2028,2028
SZ,920111,2.4,2025,4174
SZ,000590,-2.41,2025,2026
SH,603285,3.01,2025,5200
SZ,300597,-0.79,2024,2033
SH,603900,0.68,2022,2023
SH,603329,-0.9,2020,2448
SH,688156,1.26,2020,2020
SZ,920247,2.08,2019,2783
SH,688203,-0.59,2019,2019
SH,688721,4.92,2019,5038
SZ,300350,-0.46,2018,2405
SH,603968,-1.29,2016,2016
SH,688038,1.05,2016,2016
SZ,300637,1.42,2014,2017
SH,688716,3.9,2014,3504
SH,600371,-0.42,2013,2013
SZ,920208,1.96,2012,2324
SZ,002656,-0.67,2012,2088
SH,688132,-1.26,2011,2011
SZ,300240,-1.24,2009,2055
SZ,000952,-2.01,2005,2006
SH,688118,2.33,2005,2005
SZ,301299,1.63,2005,2716
SZ,300295,-0.24,2002,2266
SZ,300074,-1.61,2001,2003
SZ,002615,0.46,2000,3706
SH,603262,-0.2,1999,7664
SZ,301371,-1.22,1999,13335
SH,688013,-0.72,1998,1998
SH,688426,-0.21,1998,2002
SZ,300176,-0.76,1994,1994
SH,600802,-0.67,1993,1993
SZ,301212,1.05,1990,2293
SH,600287,-1.08,1983,1983
SH,603982,-1.01,1983,2132
SZ,301052,0.9,1981,2444
SZ,002133,-1.14,1979,1990
SZ,920879,-0.14,1975,2639
SZ,002105,-1.09,1972,1981
SH,600128,-1.23,1972,2011
SH,603616,0.2,1971,1986
SZ,300807,2.49,1971,2581
SH,688096,1.57,1971,1971
SZ,000020,0.18,1969,3078
SH,600159,-0.83,1967,1967
SZ,002893,-0.09,1967,2557
SH,600774,-2.05,1967,1968
SH,603182,-0.66,1966,1966
SH,605180,-0.08,1965,1965
SZ,300412,-1.4,1965,2091
SH,600097,-1.56,1964,1964
SZ,301208,0.1,1963,3565
SH,688193,0.41,1963,1963
SZ,300112,-1.07,1963,2379
SH,688755,-1.43,1962,2810
SZ,301024,-2.74,1961,2026
SH,600238,-2.21,1959,1972
SZ,000633,-1.54,1956,1956
SH,603168,-2.41,1956,1964
SZ,300966,2.33,1955,2940
SH,600807,-1.19,1952,2194
SZ,002762,2.1,1949,3264
SZ,300817,-0.18,1947,3392
SH,603385,-2.1,1945,1945
SZ,000909,0.91,1943,1943
SH,603825,1.99,1943,1943
SZ,002622,-0.85,1940,1940
SZ,301599,2.93,1940,15305
SZ,001266,0.21,1939,3457
SZ,300659,-0.28,1938,2666
SZ,300423,-0.16,1936,2891
SZ,002800,-0.45,1934,1991
SZ,300916,2.99,1934,2994
SZ,002742,-0.8,1933,2524
SH,603282,-1.69,1932,1932
SH,600444,-1.26,1930,1930
SH,688026,0.88,1929,1930
SH,600706,-0.9,1928,1936
SZ,001360,1.92,1927,3133
SZ,301318,0.88,1927,2798
SZ,920189,5.83,1925,3207
SH,600768,1.48,1922,1922
SZ,001211,1.93,1922,2059
SZ,002524,1.08,1920,1938
SZ,002652,-1.31,1920,1920
SH,600678,-0.89,1919,1919
SH,603041,-0.46,1919,1919
SZ,001237,0.99,1917,8159
SZ,301198,1.64,1916,1996
SZ,300650,0.45,1916,2716
SH,688657,4.05,1916,3062
SH,603208,0.28,1915,1915
SZ,300881,0.48,1915,3670
SZ,300935,1.34,1915,2524
SZ,920961,2.85,1914,2630
SZ,301557,0.5,1912,4769
SH,603435,7.46,1911,24593
SZ,301077,1.42,1909,3400
SZ,300437,1.2,1908,2692
SZ,000995,1.22,1907,1907
SZ,300575,-1.78,1905,2632
SZ,001255,1.23,1901,2140
SH,688420,-0.59,1899,1899
SZ,300854,-2.51,1898,2328
SH,600235,-1.99,1897,1897
SZ,000985,-1.74,1897,1897
SZ,300150,-0.72,1896,2393
SH,603922,0.57,1896,1896
SZ,002205,-0.19,1896,1896
SH,603810,-0.68,1895,1895
SZ,920021,0,1894,2364
SZ,300897,1.05,1891,3030
SZ,000056,10,1889,2471
SZ,002598,-0.59,1885,2053
SZ,300906,0.46,1883,2085
SH,600491,-1.59,1882,1882
SZ,001260,-1.32,1881,1881
SZ,300644,0.42,1881,2360
SZ,300967,0.87,1879,2825
SZ,301180,0.79,1879,4580
SH,600107,-1.13,1879,1879
SZ,002909,-1.19,1879,1927
SZ,300543,-1.3,1879,2301
SZ,300396,-1.42,1879,1882
SZ,002486,-2.13,1879,1888
SH,603028,0,1878,1897
SH,688051,2.67,1875,1875
SH,605177,-0.59,1875,1893
SZ,301335,-0.74,1875,2711
SZ,300081,-1.26,1875,1875
SZ,300254,-0.11,1873,2119
SZ,300743,-0.93,1873,2223
SZ,002968,-1.23,1872,1989
SH,603506,-0.19,1872,1872
SH,600303,-0.35,1870,1887
SH,600847,0.66,1866,1866
SH,600051,-0.82,1865,1865
SH,605122,-0.27,1865,1865
SH,603718,-1.02,1863,1871
SZ,002760,1.59,1860,1860
SZ,002873,-1.14,1858,1892
SZ,920914,1.3,1857,1858
SZ,002778,0.27,1855,1875
SH,688616,-1.51,1855,1855
SZ,002856,-1.63,1852,2023
SZ,300883,-1.57,1848,1934
SZ,002715,0.07,1848,1848
SH,600099,-1.51,1847,1847
SZ,002551,-1.62,1846,2553
SZ,001268,1.98,1842,2943
SH,603418,-0.5,1842,8595
SZ,000705,-2.09,1841,2182
SH,688004,0.83,1840,1840
SH,603214,-0.81,1840,1840
SZ,001234,-0.83,1840,2184
SZ,301041,2.56,1838,2482
SZ,001356,-0.9,1835,5109
SH,603325,-0.47,1833,4289
SH,688288,2.63,1832,1832
SZ,002159,-0.67,1829,2342
SZ,002820,-0.1,1826,1826
SZ,300941,0.89,1824,3018
SZ,920405,0,1824,2342
SZ,002717,0,1822,1929
SH,600202,-1.65,1821,1821
SZ,001366,-1.47,1821,1821
SH,600080,-1.41,1818,1818
SZ,300717,0.39,1815,1831
SH,600082,0.35,1814,1848
SZ,301590,1.43,1813,4380
SZ,300651,0.57,1813,2477
SH,688670,-1.2,1812,1812
SH,603879,1.82,1811,1811
SZ,301231,1.47,1810,2335
SZ,002630,-0.58,1809,1984
SZ,301309,-0.12,1808,3001
SZ,002696,-0.73,1805,1867
SH,603177,-2.42,1803,1803
SZ,300645,0.08,1801,1837
SZ,300675,-1.67,1800,1800
SZ,003005,2.31,1798,3276
SZ,002753,-0.64,1795,2602
SH,603120,5.65,1793,4278
SZ,002535,-1.22,1791,1924
SH,600149,-1.87,1791,1791
SZ,002817,-1.9,1790,1845
SZ,300076,-1.62,1789,1789
SZ,920476,5.92,1789,1890
SZ,920178,5.36,1789,6126
SZ,301010,-0.35,1786,1786
SH,603029,-0.87,1784,1784
SZ,002569,0.63,1784,1835
SZ,003017,0.19,1783,2161
SZ,301138,0.74,1782,3119
SZ,301141,7.04,1781,4961
SH,603709,0.65,1773,1779
SH,603270,0.89,1772,5491
SH,688435,1.18,1772,2639
SZ,301159,4.55,1768,2580
SZ,300912,-10.26,1766,2339
SZ,002529,-2.01,1763,1763
SZ,003038,-0.08,1758,2612
SH,688189,-1.67,1757,1757
SZ,000856,-2.14,1757,1757
SZ,300556,-0.3,1757,1968
SZ,300030,-1.37,1756,1994
SZ,001285,-0.58,1754,7614
SZ,000911,-1.34,1753,1753
SZ,301062,0.63,1753,2760
SZ,300642,-1.39,1752,2064
SZ,002862,0,1751,2308
SZ,300992,1.72,1748,2136
SH,688393,-1.21,1747,1747
SH,600165,0.42,1744,3846
SZ,301030,-1.25,1744,1747
SH,603272,-1.91,1744,1744
SZ,301585,0.04,1744,2662
SZ,920339,-6.48,1742,2537
SZ,003030,1.95,1737,2678
SZ,301056,-0.59,1737,2633
SZ,301067,5.75,1736,2645
SH,605567,-1.47,1734,1734
SZ,920015,2.73,1733,5871
SZ,001206,-0.36,1732,2997
SH,600448,-1.07,1726,1726
SZ,300929,0.29,1720,1813
SZ,002877,-0.68,1720,2544
SH,688058,-0.91,1718,1718
SH,603092,-2.54,1718,19880
SZ,300195,3.99,1717,2318
SZ,003027,0.86,1716,2139
SZ,002858,0.87,1714,2171
SZ,301057,0.24,1714,2474
SH,688296,1.85,1713,1713
SZ,002972,2.5,1713,3129
SZ,301388,-0.12,1712,2414
SZ,300787,1.28,1712,2730
SZ,002198,0.9,1710,1710
SZ,300876,3.5,1710,2293
SZ,301121,1.2,1709,3338
SZ,301360,4.28,1707,3499
SZ,300971,0.49,1706,2174
SZ,920509,3.32,1701,3246
SZ,002381,-1.3,1700,2173
SZ,300707,-0.74,1700,2059
SZ,002780,-0.75,1700,2151
SH,603860,-1.54,1698,1698
SH,603717,0.34,1697,1697
SZ,301538,1.68,1696,4260
SH,601026,0.66,1695,10062
SZ,300923,-0.3,1693,1743
SH,600818,-0.41,1687,2279
SZ,001233,0.11,1684,8306
SH,600137,-1.92,1684,1684
SZ,002209,-1.01,1681,2178
SZ,002360,-0.57,1680,2073
SH,688681,-0.98,1678,1678
SZ,301227,5.55,1674,2978
SZ,300245,-0.17,1674,1739
SH,603908,-2.06,1673,1673
SZ,002620,2.92,1672,1997
SZ,301667,0.03,1670,7857
SZ,300538,2.45,1668,2509
SZ,301063,-0.8,1662,1795
SZ,002211,1.86,1661,1661
SZ,002743,-1.28,1660,1663
SZ,301586,-0.5,1658,2600
SZ,920038,67,1658,5072
SH,603022,-1.3,1658,1658
SZ,300472,-0.14,1655,1852
SZ,300169,-0.53,1654,1860
SH,600180,-3.17,1652,1652
SZ,300614,-0.38,1651,1651
SZ,301595,3.51,1649,4373
SZ,002802,-0.98,1648,1996
SZ,000619,-1.71,1645,2016
SH,688759,2.93,1645,10283
SZ,301361,-1.04,1644,3396
SZ,301509,0.7,1644,3489
SH,600778,-1.85,1643,1645
SH,688078,-2.33,1643,1643
SH,603402,-0.36,1643,6571
SZ,002629,-1.3,1641,1930
SZ,301135,-0.78,1641,2109
SH,603255,1.92,1639,3637
SH,603312,0.25,1637,5144
SZ,000929,0,1633,1633
SZ,000663,-0.73,1633,1795
SZ,300950,-0.17,1628,2550
SH,603257,0.65,1623,7824
SH,688466,-2.06,1621,1621
SZ,920087,3.24,1621,1632
SZ,000639,-2.59,1619,1619
SZ,920839,1.06,1618,2933
SZ,301618,2.16,1615,4235
SH,603400,-1.12,1613,5780
SZ,001386,-0.19,1612,17912
SH,603789,-1.73,1612,1644
SZ,300961,1.05,1609,1877
SZ,301520,7.05,1608,4583
SH,600697,-1.14,1608,1647
SZ,300616,0.88,1606,2324
SZ,301098,4.67,1602,1921
SZ,920892,0.86,1598,1804
SH,688509,-0.94,1597,3196
SZ,300610,-1.02,1595,2042
SZ,001222,-0.83,1594,2693
SH,603231,-0.52,1590,2864
SZ,920106,0.75,1590,2061
SZ,301065,-1.28,1585,1948
SZ,001209,0.86,1583,2166
SZ,301680,1.92,1582,7796
SZ,300554,2.2,1582,2284
SZ,301336,-1.64,1581,2043
SZ,002592,0.33,1580,1707
SZ,300937,-0.48,1579,2329
SZ,003028,0.5,1577,3215
SH,600493,-0.33,1575,1575
SH,688781,2.26,1572,38500
SZ,300995,0.74,1571,2383
SZ,003042,-0.85,1570,1814
SZ,002495,-1.73,1568,2115
SZ,300220,-1.13,1566,1568
SZ,301587,0,1566,3141
SZ,301456,-1.84,1564,3469
SZ,920026,3.97,1564,2074
SZ,301032,-0.4,1559,2351
SH,600243,1.43,1558,1558
SH,688712,3.17,1557,14241
SZ,002949,-1.53,1554,2006
SZ,002789,-2.83,1551,1582
SZ,300462,-0.17,1550,2035
SH,600796,-1.18,1548,4307
SZ,301229,-0.16,1542,2169
SZ,001395,0.51,1542,3363
SZ,301022,0.48,1541,2281
SH,688450,2.08,1538,2074
SZ,002982,0.6,1538,2402
SZ,920953,1.99,1536,3286
SZ,920174,2,1535,5967
SH,600689,-0.48,1534,2026
SH,688565,-2.28,1532,1532
SZ,002835,-0.49,1531,2641
SZ,002910,0.34,1528,1746
SZ,002227,-1.42,1527,1539
SZ,000632,-1.79,1527,1527
SZ,301383,-0.5,1527,3530
SZ,002207,-0.5,1526,1533
SZ,301581,1.07,1521,2877
SZ,301023,0.69,1518,2736
SZ,301636,0.38,1516,2597
SZ,300167,3.13,1515,1782
SH,688021,0,1515,1515
SZ,300514,-0.1,1514,1890
SH,603275,0.39,1512,5415
SZ,001202,0.86,1512,2157
SZ,300845,-0.09,1510,2159
SZ,002694,-1.4,1509,1602
SZ,300306,-0.41,1505,2569
SZ,920010,-0.22,1504,2024
SZ,300500,-1.85,1503,1561
SZ,001378,1.6,1501,3085
SH,688659,0.32,1501,1501
SH,600692,-1.5,1499,2068
SZ,300625,-1.17,1492,2573
SZ,300977,-0.56,1491,2395
SZ,301677,-1.29,1487,6935
SZ,301036,0.57,1485,2108
SZ,002566,-0.77,1483,2118
SZ,301166,-1.49,1480,2260
SZ,002306,1.68,1479,1583
SZ,002977,1.93,1475,2658
SZ,002316,-2.69,1472,1698
SH,603082,0.47,1471,6042
SZ,301210,1.06,1470,3850
SZ,002790,-1.9,1470,2357
SZ,301518,1.75,1470,3641
SZ,920238,-2.77,1470,7214
SH,688793,-1.36,1469,1469
SZ,920088,-3.64,1469,3972
SZ,301555,1.17,1467,2800
SH,603395,-1.3,1466,5866
SH,600455,-1.38,1466,1466
SZ,300268,-2.05,1461,1904
SZ,301558,-1.18,1460,5246
SZ,301683,0.7,1460,6457
SZ,301633,-3.08,1456,3178
SZ,000677,-1.74,1451,1451
SZ,300813,-1.18,1450,2311
SZ,301505,-0.68,1448,1817
SZ,301390,-1.82,1446,1768
SH,688067,-0.92,1445,1445
SZ,301512,0.99,1444,2213
SZ,300892,2.9,1444,2236
SH,688329,0,1440,1440
SH,600476,-0.88,1438,1438
SZ,301203,1.24,1437,2622
SZ,920821,10.35,1437,2728
SZ,000010,-3.1,1431,1793
SZ,002513,-0.59,1431,1859
SZ,301508,2.58,1427,5485
SZ,300314,-1.67,1426,2857
SZ,301276,0.2,1425,2556
SZ,301320,-0.39,1424,2270
SZ,002144,-0.66,1423,1828
SZ,003008,-0.04,1421,1901
SZ,920751,2.33,1420,1484
SZ,003011,-0.42,1418,1894
SZ,301167,-0.14,1418,1502
SZ,300640,-0.15,1417,1997
SZ,301560,-0.89,1416,2820
SZ,301130,-1.83,1413,1832
SH,603062,0.85,1411,4109
SZ,300621,-2.1,1410,1448
SZ,301129,-1.22,1410,2838
SZ,002247,-2.22,1409,1863
SZ,301152,0.92,1407,2353
SZ,920200,5.35,1406,3219
SH,688022,-0.86,1405,1405
SZ,000702,-1.12,1405,1827
SZ,002691,0.97,1401,1418
SZ,301303,-0.93,1399,5596
SZ,301100,-0.05,1397,3167
SZ,301278,-0.9,1395,2435
SZ,001226,-0.53,1387,3052
SH,688805,1.7,1385,6924
SZ,300371,-1.29,1382,1986
SH,603391,2.79,1376,5506
SZ,002581,-2.82,1375,2263
SZ,300635,-2.97,1374,1598
SZ,001296,0.96,1374,2666
SZ,920371,1.29,1371,1446
SZ,300605,-3.38,1369,1789
SZ,300549,-0.94,1367,1804
SH,603248,-1.33,1364,8777
SZ,920857,-0.96,1357,1357
SZ,000637,-0.79,1356,1934
SZ,002591,-0.15,1354,1819
SZ,300155,-1.43,1354,2307
SZ,301355,0.21,1351,1887
SZ,300928,-0.42,1349,2014
SH,688806,2.05,1349,12172
SZ,001387,-0.25,1348,2118
SZ,920790,5.49,1347,1957
SZ,002200,-1.14,1347,3104
SZ,002809,-0.49,1344,1900
SZ,301009,-1.55,1338,2409
SZ,301507,-1.05,1335,4325
SZ,920533,1.78,1335,2386
SZ,920207,2.33,1334,2183
SZ,920701,1.6,1333,1825
SZ,920837,0.93,1330,1485
SZ,000610,-1.39,1328,1335
SZ,001239,0.69,1327,2794
SZ,300838,-1.57,1327,1799
SZ,301601,-1.5,1325,2203
SZ,300670,-0.5,1323,1867
SZ,300564,-1.01,1322,1884
SZ,001358,2.25,1322,3195
SZ,920682,-0.5,1321,2278
SH,688592,-0.33,1317,2764
SZ,300594,0,1311,1324
SH,603293,1.83,1308,6673
SZ,001326,5.34,1307,3984
SZ,301298,-1.38,1306,1772
SZ,002494,-2.14,1305,1717
SZ,002883,-1.15,1302,1326
SZ,000820,1.88,1289,2806
SZ,920083,4.06,1286,3019
SZ,300865,-0.3,1284,2137
SZ,301097,0.24,1284,2675
SZ,002888,3.01,1283,2529
SZ,301591,4.48,1282,3136
SZ,301329,0.68,1280,3298
SZ,301288,-0.84,1279,1768
SZ,300828,0.8,1278,2521
SZ,001278,-1.5,1278,1854
SZ,301131,-0.84,1277,1783
SZ,920046,1.52,1272,2300
SZ,300994,-1.26,1272,2541
SZ,301126,-0.96,1268,1890
SZ,920119,1.75,1268,4818
SZ,920284,7.26,1267,1980
SZ,920523,2.49,1266,1582
SZ,301295,5.15,1266,4339
SH,688576,-0.7,1260,2638
SZ,001277,-0.6,1260,2102
SZ,300126,-1.31,1255,1812
SZ,301233,0.03,1253,2283
SZ,920225,3.07,1251,1918
SZ,920092,26.29,1243,2386
SZ,301163,-0.03,1242,1852
SZ,301501,-0.13,1241,4218
SH,600543,-0.25,1240,1240
SH,688089,0.4,1239,1239
SZ,920274,2.71,1235,1235
SH,603352,0.67,1234,6168
SH,688217,-2.98,1232,1232
SZ,301503,-0.64,1232,2221
SZ,920211,2.5,1229,3647
SZ,301469,-0.51,1228,2386
SZ,920039,0,1227,1227
SZ,003003,-0.56,1226,1840
SH,603207,-0.65,1225,3604
SZ,301559,-3.12,1224,8160
SZ,300430,-0.41,1221,1283
SZ,301372,2.92,1217,2028
SH,688790,1.16,1217,9555
SZ,920237,2.76,1217,1240
SZ,301378,0.49,1215,2556
SH,688130,3.07,1215,2436
SH,603344,1.13,1212,4363
SZ,301272,-1.35,1212,1915
SZ,920396,8.86,1211,1704
SH,603350,-0.97,1209,3193
SZ,920403,0.7,1209,2033
SZ,920130,-5.04,1208,1944
SZ,002830,2.2,1208,2419
SZ,001319,0,1208,2691
SZ,301515,-2.13,1207,1787
SZ,301502,5.16,1202,2908
SZ,300517,0.64,1198,1902
SH,603004,10.01,1191,4762
SZ,920171,2.63,1186,1758
SZ,301584,-0.53,1184,9289
SZ,301001,-1.33,1182,1880
SZ,920304,0.93,1182,1468
SZ,300535,-0.33,1180,1556
SZ,301157,1.73,1176,3415
SZ,301300,-0.42,1174,1954
SH,603370,0.3,1170,5850
SZ,300405,-3.44,1164,1513
SZ,920273,2.42,1163,1748
SZ,920033,1.01,1163,1673
SZ,920690,16.51,1159,1782
SZ,920489,4.87,1158,1820
SZ,920089,0,1158,2033
SH,600365,-1.45,1154,1226
SZ,301083,0.45,1151,2392
SZ,300930,1.37,1151,2443
SZ,920981,2.27,1145,2277
SZ,920152,1.38,1143,1533
SH,603276,2.86,1142,3142
SZ,300915,-0.79,1140,2493
SZ,920099,1.93,1139,1841
SZ,300899,-0.85,1134,1767
SZ,301632,-0.57,1134,6479
SZ,300851,-0.94,1132,1995
SZ,301359,-0.24,1128,1906
SZ,300713,-1.17,1127,2001
SZ,301446,0.06,1125,3684
SZ,301491,-0.52,1122,5062
SZ,001373,-1.47,1119,1832
SZ,001336,-1.08,1112,1807
SH,688184,-1.64,1109,1771
SZ,920592,2.32,1108,1781
SH,688671,0.38,1105,1852
SZ,002514,-0.49,1103,1433
SZ,301516,0.84,1100,4399
SZ,001382,-1.57,1099,7189
SZ,920566,0.1,1099,1413
SZ,301113,-2.36,1091,1801
SZ,300152,0,1091,1091
SZ,301006,-1.06,1088,1808
SZ,002872,0.2,1087,1609
SZ,920932,1.89,1083,1308
SZ,920001,2.57,1079,1841
SZ,920885,3.16,1068,2062
SZ,920184,2.41,1065,1570
SH,688651,-0.03,1064,2320
SZ,300949,-2.72,1062,1857
SZ,301418,2.42,1061,2642
SZ,301539,-1.46,1058,2087
SZ,920526,5.11,1055,1666
SZ,920642,2.43,1055,1094
SZ,300886,-0.84,1050,1670
SZ,920199,0.44,1050,1885
SZ,300804,-0.59,1049,2822
SZ,001379,-0.5,1045,3106
SH,603334,-0.78,1042,4698
SZ,920985,-0.41,1040,1467
SZ,300338,0.68,1039,1196
SZ,920792,3.66,1037,1689
SZ,920505,15.84,1030,1853
SZ,920062,1.71,1028,1461
SZ,920429,1.23,1027,1127
SZ,920575,2.06,1026,1534
SZ,920357,2.39,1024,1694
SH,688695,-1.28,1024,1630
SZ,300958,-1.57,1023,1762
SZ,002193,0.26,1023,1023
SH,603729,-0.08,1011,1011
SZ,920167,0,1008,1697
SZ,920419,0.1,1006,1074
SZ,920415,1.09,1004,1304
SZ,301513,1.47,1004,4983
SZ,920270,2.24,1000,1287
SH,603359,-1.31,999,999
SZ,001279,-0.07,994,3976
SH,688816,1.8,991,5140
SZ,920018,-0.28,990,2850
SH,603406,-1.09,990,10796
SZ,920924,1.49,982,1612
SZ,301616,0.26,981,2762
SZ,301577,2.85,981,2344
SZ,920124,0.08,976,1895
SZ,920651,-2.44,974,1434
SZ,001231,-0.88,970,1897
SZ,920206,4.04,963,2503
SZ,920100,2.42,963,3632
SZ,920786,3.6,954,1445
SZ,001225,10,951,2965
SZ,920098,0.82,950,1395
SZ,920169,1.85,950,1509
SZ,002719,-0.84,945,1017
SZ,920436,2.43,940,1001
SZ,920223,3.88,939,1809
SH,603190,0.31,936,2835
SZ,920496,-0.76,934,1066
SH,603409,-0.62,932,3247
SZ,301192,-0.46,931,1915
SZ,301173,-1.01,929,2647
SZ,920161,7.66,923,3401
SZ,920028,2.54,917,2321
SZ,301668,-3.07,917,4147
SZ,301459,1.66,913,3642
SZ,300904,0.07,905,2980
SZ,920873,2.73,901,1153
SZ,920726,1.39,900,1630
SZ,301105,-2.61,899,2269
SZ,301386,-0.64,896,2789
SZ,920748,2.71,894,1862
SZ,920220,2.44,887,2834
SZ,920156,4.66,882,4230
SZ,300417,-1.85,881,1418
SZ,920020,-0.37,881,3563
SZ,920770,0.85,877,1394
SZ,920694,0.14,876,1844
SZ,920541,0.83,871,1322
SZ,301519,-0.34,867,1843
SH,603205,-0.84,864,3260
SZ,920195,0.16,863,1195
SZ,920693,1.69,860,1708
SZ,920926,4.08,859,946
SZ,301399,0.71,854,2890
SZ,920266,-0.68,851,890
SH,688573,-0.05,842,1547
SZ,301598,-0.3,842,2825
SZ,301037,-2.97,841,1720
SH,603376,0.34,841,10508
SZ,920122,1.08,838,2068
SH,688638,-1.42,837,1771
SZ,920193,4.14,837,3697
SZ,301170,-0.81,832,2188
SZ,920000,0.07,829,1320
SZ,920855,0.41,823,918
SZ,920027,0.35,817,1168
SZ,001306,1.7,816,3314
SZ,301049,-1.14,812,1788
SZ,920221,1.23,811,1558
SZ,920433,-0.62,808,1221
SZ,001335,0.16,803,2948
SH,603075,0.05,802,7609
SZ,920976,-0.7,802,1289
SH,603073,-3.73,800,1824
SZ,301449,-0.56,793,3526
SZ,920378,0.14,792,1106
SZ,920663,0.98,791,1649
SZ,920519,-0.19,790,889
SH,603273,-0.77,785,3016
SZ,001396,-0.13,783,3686
SZ,920260,0,780,817
SZ,920974,0.5,780,994
SZ,920689,0.15,771,1492
SZ,920078,3.78,771,2372
SZ,920299,-0.23,767,1521
SZ,920832,-0.48,759,851
SZ,920058,-1.11,759,1541
SZ,920685,-2.83,757,1189
SZ,920395,0.7,753,1094
SZ,920833,0.12,750,993
SZ,920242,3.42,749,1339
SZ,920870,2.62,749,1521
SZ,920363,2.42,747,1315
SZ,920943,-0.27,747,1463
SZ,920781,3.88,741,952
SZ,920768,-0.57,740,1070
SZ,920639,-0.47,737,1252
SZ,920263,0.28,734,1011
SZ,301552,0,730,2922
SZ,301314,1.63,727,2201
SZ,920181,4.23,726,3129
SZ,920634,6.29,719,1134
SZ,920564,1.67,717,1559
SZ,301429,-2.33,715,1921
SZ,920445,-0.89,715,981
SZ,301533,-0.58,714,2467
SZ,920942,1.65,714,1054
SH,603284,-1.19,713,2912
SZ,920117,29.97,711,3160
SZ,920375,-1.51,709,1187
SZ,301353,1.7,708,2201
SZ,920061,7.37,705,1268
SZ,920925,3.33,704,1256
SZ,001325,-0.68,704,2816
SZ,920720,0.42,704,2519
SZ,920370,-1.1,703,805
SZ,301567,0.3,702,2379
SZ,920081,2.77,697,2959
SZ,001220,-0.98,695,2779
SZ,920346,2.61,689,1239
SZ,920163,-0.25,686,1454
SZ,920008,0.55,684,1279
SZ,920245,0.47,678,881
SZ,920547,0.06,676,1391
SZ,920079,1.56,675,6249
SZ,920627,2.79,673,1358
SZ,920187,0.25,668,1821
SZ,920101,1.25,664,2129
SZ,920475,4.79,664,1195
SZ,300784,-0.45,661,2210
SZ,920108,1.01,659,1555
SZ,920964,0.22,659,1165
SZ,301575,-0.73,658,3275
SZ,920579,1.17,657,1910
SZ,920876,2.39,657,1074
SZ,920527,3.45,656,846
SZ,301578,-1.31,655,2305
SZ,920608,0.9,651,840
SZ,920300,1.56,649,837
SZ,920176,6.93,647,4792
SZ,920065,-1.27,641,3675
SZ,920175,0.75,638,958
SZ,920204,0.95,635,1198
SZ,920570,1.06,632,1245
SZ,920422,-1.85,630,842
SZ,920553,0.46,619,948
SZ,920118,1.24,612,1009
SZ,920580,3.2,600,942
SZ,920471,1.72,597,936
SZ,920014,-0.55,595,1082
SZ,920469,3.42,595,810
SZ,920641,0.86,587,972
SZ,920086,0.94,586,1792
SZ,920856,-2.81,585,1048
SZ,920719,0.38,584,731
SZ,920675,0.96,579,1262
SZ,920096,3.53,579,2467
SZ,920992,0.6,578,1141
SZ,301287,-2.22,574,2248
SZ,920057,0,570,886
SZ,920679,-0.64,569,855
SZ,920455,0,567,1035
SZ,920665,3.29,564,1143
SZ,920906,1.38,564,1099
SZ,920112,-0.36,563,1918
SZ,920198,2.7,562,1288
SH,688121,-0.35,559,645
SZ,920075,-0.43,554,1021
SZ,920810,-2.74,552,849
SZ,920146,0.2,547,680
SZ,920271,0.64,546,1235
SZ,920005,1.93,544,2101
SZ,920374,2.23,544,1334
SZ,920896,0.82,544,1240
SZ,920454,0.46,543,1159
SZ,920090,-0.26,541,724
SZ,920262,2.21,534,1150
SZ,920662,2.87,523,1697
SZ,920267,5.45,520,909
SZ,920834,0.24,519,992
SZ,920056,0.85,511,1353
SZ,920729,0,508,1793
SZ,920871,0.93,508,916
SZ,920703,0.21,504,1427
SZ,920149,-0.24,502,607
SZ,920030,0.68,502,798
SZ,920050,0.47,502,1875
SZ,920069,0.62,500,1792
SZ,920826,1.14,499,1121
SZ,920753,0.73,499,1242
SZ,920779,5.47,498,1991
SZ,920023,-0.53,497,606
SZ,920080,1.94,496,1790
SZ,920392,-0.28,494,1052
SZ,920160,0.37,488,2170
SZ,920230,-0.38,487,1035
SZ,920145,1.64,484,700
SZ,920082,-0.23,476,1693
SZ,920166,1.22,472,1495
SZ,002731,5.67,471,525
SZ,920126,1.35,468,1950
SZ,920076,0.63,467,1485
SZ,920351,2.37,465,1028
SZ,920177,2.45,465,1313
SZ,920414,0.25,457,650
SZ,920950,-0.3,454,931
SZ,920091,2.02,453,1920
SZ,920718,0.31,453,882
SZ,920168,0.13,450,1200
SZ,920656,-0.06,447,1380
SZ,920128,2.69,445,1487
SZ,920158,0.97,445,1663
SZ,920136,4.09,443,1688
SZ,920427,1.29,441,893
SZ,920016,-0.7,433,974
SZ,920188,1.11,432,1810
SZ,920036,3.39,431,1795
SZ,920180,0.17,422,1399
SZ,920970,0.17,420,664
SZ,920110,-0.53,418,1004
SZ,920055,0.33,418,1857
SZ,920159,1.53,401,2119
SZ,920007,4.38,399,1668
SZ,920072,1.62,398,2108
SZ,920957,-0.32,392,986
SZ,920035,2.32,382,1687
SZ,920802,-0.37,379,858
SZ,920895,0.16,366,720
SZ,920011,1.3,362,1609
SZ,920009,0.06,362,2784
SZ,920717,-3.1,359,929
SZ,920191,0.23,352,1563
SZ,920222,3.41,347,2569
SZ,920066,0,333,1052
SZ,920121,0.69,331,1834
SZ,920003,-0.11,325,1511
SZ,920022,0.89,319,1157
SZ,920132,0.36,310,913
SZ,301139,-1.96,303,484
SZ,920504,-0.17,289,733
SZ,920931,0.63,277,905
SH,688496,-3.25,212,401
