股票代码,名称,流通市值,市值分位
301583,N托伦斯,66.81,1
2185,华天科技,840.96,3
300475,香农芯创,1219.6,4
600118,中国卫星,1064.48,4
2594,比亚迪,3137.95,4
688041,海光信息,8204.91,4
600879,XD航天电,768.41,3
2241,歌尔股份,709.99,3
2202,金风科技,752.08,3
300065,海兰信,189.12,2
603019,中科曙光,1572.78,4
938,紫光股份,1098.55,4
603259,药明康德,3049.55,4
603083,剑桥科技,548.67,3
600519,贵州茅台,15063.23,4
600410,华胜天成,181.58,2
547,航天发展,288.74,2
2354,天娱数科,138.83,2
300102,乾照光电,221.01,2
600360,华微电子,161.23,2
601698,中国卫通,1388.98,4
600150,中国船舶,2787.49,4
2938,鹏鼎控股,2275.47,4
600396,华电辽能,189.98,2
2131,利欧股份,269.91,2
301005,超捷股份,211.54,2
2414,高德红外,497.56,2
300394,天孚通信,2950.84,4
2402,和而泰,215.42,2
2465,海格通信,336.5,2
603127,昭衍新药,272.44,2
600498,XD烽火通,723.17,3
2342,巨力索具,105.68,2
300058,蓝色光标,480.3,2
2049,紫光国微,729.14,3
2815,崇达技术,140.51,2
858,五 粮 液,2860.29,4
601288,农业银行,19888.91,4
688012,中微公司,4093.94,4
300255,常山药业,241.7,2
600362,江西铜业,890.07,3
300458,全志科技,325.93,2
2149,西部材料,220.64,2
688361,中科飞测,1480.28,4
603538,美诺华,104.04,2
300442,润泽科技,1345.8,4
603698,航天工程,236.32,2
601899,紫金矿业,5710.82,4
603993,洛阳钼业,3055.65,4
300861,美畅股份,92.6,2
2484,江海股份,711.35,3
600988,赤峰黄金,546.43,3
933,神火股份,527.92,3
962,东方钽业,327.17,2
2714,牧原股份,1251.18,4
300342,天银机电,194.91,2
2008,大族激光,1246.62,4
2126,银轮股份,433.36,2
600010,包钢股份,679.61,3
620,盈新发展,169.58,2
1270,铖昌科技,340.59,2
603929,亚翔集成,457.83,2
300115,长盈精密,405.57,2
34,神州数码,251.52,2
811,冰轮环境,523.15,3
688668,鼎通科技,463.23,2
2361,神剑股份,102.99,2
807,云铝股份,802.82,3
603228,景旺电子,687.52,3
601615,明阳智能,257.13,2
688629,华丰科技,931.21,3
688409,富创精密,796.15,3
2317,众生药业,224.98,2
300782,卓胜微,424.45,2
901,航天科技,143.12,2
603236,移远通信,219.45,2
2558,巨人网络,561.81,3
2230,科大讯飞,945.56,3
600900,长江电力,6858.44,4
605090,九丰能源,267.58,2
605376,博迁新材,522.55,3
600821,金开新能,120.2,2
300570,太辰光,406.76,2
601600,中国铝业,1102.48,4
300071,福石控股,46.42,1
603296,华勤技术,661.24,3
2413,雷科防务,124.62,2
1267,汇绿生态,264.05,2
2050,三花智控,1591.57,4
601991,大唐发电,823.1,3
2929,润建股份,133.16,2
2151,北斗星通,144.4,2
2158,汉钟精机,196.83,2
688323,瑞华泰,75.37,1
600050,中国联通,1301.6,4
600986,浙文互联,104.12,2
688387,信科移动-U,449.34,2
2044,美年健康,179.76,2
2681,奋达科技,78.15,1
2519,银河电子,66.83,1
688300,联瑞新材,442.3,2
880,潍柴重机,54.9,1
688122,西部超导,368.55,2
601398,工商银行,19762.58,4
300456,赛微电子,243.64,2
2038,双鹭药业,54.35,1
2792,通宇通讯,116.21,2
300454,深信服,320.37,2
2865,钧达股份,125.04,2
600343,航天动力,176.91,2
688167,炬光科技,367.12,2
2472,双环传动,326.01,2
688200,华峰测控,1012.9,4
601628,中国人寿,7792.16,4
603690,至纯科技,127.6,2
887,中鼎股份,271.81,2
1208,华菱线缆,50.97,1
600031,三一重工,1598.27,4
600664,哈药股份,84.87,1
2657,中科金财,55.06,1
688257,新锐股份,292.45,2
600685,中船防务,234.93,2
601689,拓普集团,996.82,3
301200,大族数控,1428.8,4
688818,电科蓝天,103.37,2
688025,杰普特,393.52,2
2565,顺灏股份,118.19,2
603186,华正新材,280.34,2
600276,恒瑞医药,3556.29,4
301196,唯科科技,122.88,2
300903,科翔股份,279.46,2
600376,首开股份,94.41,2
603931,格林达,115.7,2
688099,晶晨股份,429.03,2
3009,中天火箭,99.87,2
2821,凯莱英,524.42,3
600151,航天机电,161.64,2
688102,斯瑞新材,358.95,2
600233,圆通速递,573.0,3
2902,铭普光磁,48.71,1
600895,张江高科,544.67,3
600863,华能蒙电,311.33,2
300747,锐科激光,212.81,2
630,铜陵有色,679.72,3
688523,航天环宇,248.93,2
300503,昊志机电,220.66,2
975,山金国际,505.4,3
300069,金利华电,43.13,1
601985,中国核电,1682.5,4
601012,隆基绿能,917.7,3
688432,有研硅,707.67,3
600839,四川长虹,315.2,2
301205,联特科技,221.56,2
810,创维数字,142.6,2
779,甘咨询,49.27,1
301526,国际复材,530.44,3
601888,中国中免,1029.54,4
600481,双良节能,94.95,2
2636,金安国纪,699.98,3
600887,伊利股份,1565.93,4
300184,力源信息,177.06,2
21,深科技,911.59,3
2881,美格智能,68.63,1
300323,华灿光电,188.25,2
600489,中金黄金,985.94,3
300657,弘信电子,187.12,2
301306,西测测试,97.76,2
688331,荣昌生物,476.97,2
2272,川润股份,96.89,2
301232,飞沃科技,111.89,2
2653,海思科,372.15,2
603667,五洲新春,225.21,2
301392,汇成真空,111.39,2
688256,寒武纪,8796.1,4
688568,中科星图,338.99,2
300759,康龙化成,481.96,2
600372,中航机载,560.34,3
600048,保利发展,575.78,3
300568,星源材质,212.34,2
733,振华科技,261.2,2
300489,光智科技,353.55,2
2943,宇晶股份,82.26,1
300170,汉得信息,156.58,2
300726,宏达电子,144.64,2
2422,科伦药业,572.3,3
603155,新亚强,89.3,1
601608,中信重工,230.81,2
564,供销大集,205.29,2
2824,和胜股份,69.41,1
2517,恺英网络,319.63,2
603110,东方材料,46.66,1
48,京基智农,127.56,2
688111,金山办公,1084.68,4
301165,锐捷网络,1153.84,4
301310,鑫宏业,35.76,1
600418,江淮汽车,538.8,3
600919,XD江苏银,2033.33,4
600428,中远海特,219.83,2
601319,中国人保,2506.14,4
2015,协鑫能科,241.55,2
301021,英诺激光,145.54,2
300699,光威复材,235.83,2
600629,华建集团,146.6,2
688311,盟升电子,56.72,1
601658,邮储银行,3655.4,4
600011,华能国际,752.24,3
600795,国电电力,848.98,3
300105,龙源技术,42.17,1
2850,科达利,420.22,2
688376,美埃科技,130.61,2
688388,嘉元科技,221.79,2
603823,百合花,275.47,2
2693,双成药业,42.95,1
603118,共进股份,111.79,2
688538,和辉光电-U,144.38,2
300474,景嘉微,258.64,2
2730,电光科技,97.23,2
300738,奥飞数据,205.15,2
300042,朗科科技,126.84,2
600157,永泰能源,338.18,2
300142,沃森生物,207.24,2
300709,精研科技,70.82,1
601727,上海电气,860.39,3
300762,上海瀚讯,285.28,2
301183,东田微,130.49,2
2471,中超控股,78.19,1
300487,蓝晓科技,249.16,2
3036,泰坦股份,171.4,2
603256,宏和科技,1812.5,4
568,泸州老窖,1150.07,4
301171,易点天下,156.14,2
601377,兴业证券,531.98,3
301092,争光股份,33.52,1
688123,聚辰股份,324.18,2
600595,中孚实业,238.07,2
301128,强瑞技术,186.12,2
300347,泰格医药,267.77,2
600399,抚顺特钢,81.45,1
300990,同飞股份,84.79,1
600690,海尔智家,1272.49,4
661,长春高新,277.73,2
600547,山东黄金,902.17,3
688722,同益中,41.03,1
600072,中船科技,96.53,2
301511,德福科技,436.52,2
2493,荣盛石化,1022.52,4
301379,天山电子,77.5,1
301191,菲菱科思,89.74,1
688775,影石创新,359.47,2
688202,美迪西,116.89,2
688403,汇成股份,352.77,2
2970,锐明技术,74.39,1
601077,渝农商行,556.81,3
603087,甘李药业,373.0,2
158,常山北明,212.46,2
2115,三维通信,81.72,1
920,沃顿科技,60.26,1
603881,数据港,218.27,2
2544,普天科技,128.4,2
1400,江顺科技,48.03,1
1359,平安电工,71.0,1
2437,誉衡药业,65.73,1
600718,东软集团,95.72,2
688433,华曙高科,351.45,2
300053,航宇微,109.86,2
600436,片仔癀,706.18,3
2236,大华股份,413.43,2
301536,星宸科技,220.91,2
2532,天山铝业,458.74,2
688726,拉普拉斯,109.02,2
600733,北汽蓝谷,268.33,2
688295,中复神鹰,447.03,2
603010,万盛股份,86.13,1
603322,超讯科技,48.95,1
2602,世纪华通,954.27,3
603163,圣晖集成,114.99,2
688120,华海清科,1605.9,4
688772,珠海冠宇,204.21,2
2128,电投能源,537.98,3
688343,云天励飞-U,313.32,2
688222,成都先导,143.72,2
688101,三达膜,56.81,1
300331,苏大维格,144.39,2
300043,星辉娱乐,72.13,1
600027,华电国际,414.71,2
600783,鲁信创投,148.5,2
970,中科三环,188.68,2
300008,天海防务,102.96,2
2,万  科Ａ,302.2,2
2364,中恒电气,312.82,2
688519,南亚新材,780.8,3
688690,纳微科技,161.93,2
3043,华亚智能,87.79,1
300790,宇瞳光学,99.55,2
300868,杰美特,104.18,2
688266,泽璟制药-U,383.83,2
603131,上海沪工,61.79,1
510,新金路,114.65,2
2254,泰和新材,120.79,2
2739,儒意电影,217.15,2
300005,探路者,184.08,2
2432,九安医疗,273.58,2
2121,科陆电子,75.38,1
601929,吉视传媒,81.66,1
300918,南山智尚,62.61,1
300684,中石科技,142.22,2
601699,潞安环能,443.63,2
600711,盛屯矿业,331.93,2
688669,聚石化学,105.43,2
2920,德赛西威,530.87,3
2459,晶澳科技,251.65,2
2957,科瑞技术,187.19,2
300786,国林科技,34.99,1
600227,赤天化,32.71,1
600016,民生银行,1184.43,4
561,烽火电子,58.84,1
300129,泰胜风能,68.42,1
338,潍柴动力,1365.61,4
300580,贝斯特,108.32,2
688578,艾力斯,553.23,3
300153,科泰电源,76.11,1
981,山子高科,260.67,2
603162,海通发展,42.69,1
301123,奕东电子,173.15,2
960,锡业股份,599.76,3
2606,大连电瓷,57.7,1
300593,新雷能,123.24,2
600536,中国软件,247.36,2
600129,太极集团,91.43,2
688261,东微半导,107.46,2
601231,环旭电子,725.28,3
688456,有研粉材,112.99,2
600196,复星医药,496.79,2
688375,国博电子,673.56,3
300249,依米康,63.26,1
688507,索辰科技,102.41,2
688383,新益昌,155.87,2
2446,盛路通信,89.19,1
2274,华昌化工,54.02,1
1896,豫能控股,218.49,2
300627,华测导航,189.61,2
600345,长江通信,130.91,2
603270,金帝股份,21.95,1
688153,唯捷创芯,138.66,2
601868,中国能建,826.93,3
603267,鸿远电子,141.47,2
603212,赛伍技术,50.4,1
2303,美盈森,43.8,1
603882,金域医学,113.29,2
301188,力诺药包,122.34,2
688543,国科军工,100.12,2
601778,晶科科技,147.43,2
923,河钢资源,82.57,1
1298,好上好,87.27,1
2183,怡 亚 通,125.95,2
301312,智立方,78.59,1
603712,七一二,98.89,2
300735,光弘科技,173.83,2
300760,迈瑞医疗,1714.98,4
300689,澄天伟业,74.87,1
688636,智明达,71.3,1
688660,电气风电,114.67,2
2428,云南锗业,654.73,3
601858,中国科传,147.67,2
600592,龙溪股份,58.14,1
301517,陕西华达,49.52,1
301319,唯特偶,180.5,2
62,深圳华强,329.25,2
601166,兴业银行,3667.52,4
600221,海航控股,574.13,3
300777,中简科技,120.18,2
600000,浦发银行,3017.51,4
300070,碧水源,118.16,2
3020,立方制药,31.59,1
600170,上海建工,202.6,2
688150,莱特光电,219.57,2
300953,震裕科技,219.65,2
605289,罗曼股份,190.6,2
688279,峰岹科技,213.32,2
2989,中天精装,61.84,1
688498,源杰科技,1977.33,4
601838,成都银行,805.3,3
2219,新里程,64.78,1
600023,浙能电力,724.07,3
301529,福赛科技,71.01,1
600585,海螺水泥,684.35,3
600415,小商品城,557.68,3
300607,拓斯达,130.17,2
603223,恒通股份,96.84,2
603211,晋拓股份,102.96,2
688001,华兴源创,303.59,2
2975,博杰股份,165.92,2
600737,中粮糖业,262.65,2
300455,航天智装,163.69,2
2340,格林美,331.97,2
688598,金博股份,90.59,2
600666,奥瑞德,91.83,2
766,通化金马,159.39,2
600219,南山铝业,468.54,2
651,格力电器,2112.17,4
603,盛达资源,150.68,2
301362,民爆光电,58.15,1
300481,濮阳惠成,49.05,1
2440,闰土股份,92.55,2
300251,光线传媒,353.86,2
600501,航天晨光,67.64,1
601137,博威合金,175.73,2
878,云南铜业,305.35,2
895,双汇发展,809.59,3
600580,卧龙电驱,524.14,3
799,酒鬼酒,128.85,2
300118,东方日升,101.76,2
625,长安汽车,587.8,3
601998,中信银行,2914.55,4
300121,阳谷华泰,50.11,1
2444,巨星科技,342.64,2
605598,上海港湾,90.89,2
2536,飞龙股份,287.66,2
601916,浙商银行,592.47,3
301516,中远通,14.49,1
600637,东方明珠,274.33,2
600513,联环药业,44.22,1
688550,瑞联新材,92.58,2
603301,振德医疗,230.34,2
688699,明微电子,80.19,1
300872,天阳科技,67.44,1
688090,瑞松科技,145.83,2
688710,益诺思,70.62,1
300322,硕贝德,97.86,2
600674,川投能源,715.1,3
605178,时空科技,100.62,2
600293,三峡新材,32.37,1
601100,XD恒立液,1488.45,4
688545,兴福电子,202.3,2
301596,瑞迪智驱,25.83,1
600855,航天长峰,64.63,1
2157,正邦科技,231.29,2
301382,蜂助手,96.91,2
300434,金石亚药,40.92,1
600482,中国动力,749.66,3
2142,宁波银行,2026.03,4
300496,中科创达,221.37,2
300775,三角防务,118.29,2
600363,联创光电,153.8,2
603017,中衡设计,27.26,1
300397,天和防务,50.94,1
600941,中国移动,812.31,3
600352,浙江龙盛,387.8,2
688601,力芯微,75.47,1
300063,天龙集团,53.25,1
600029,南方航空,688.67,3
600800,渤海化学,35.62,1
600699,均胜电子,292.01,2
603286,日盈电子,62.38,1
601133,柏诚股份,189.15,2
688480,赛恩斯,80.07,1
301150,中一科技,149.94,2
600905,三峡能源,1069.18,4
301626,苏州天脉,164.7,2
1331,胜通能源,176.39,2
2346,柘中股份,85.52,1
301367,瑞迈特,44.13,1
987,越秀资本,405.58,2
300045,华力创通,91.39,2
688418,震有科技,94.35,2
300725,药石科技,77.6,1
600660,福耀玻璃,1017.32,4
603556,海兴电力,111.35,2
601665,齐鲁银行,364.92,2
601933,永辉超市,285.6,2
301018,申菱环境,338.14,2
2640,跨境通,45.36,1
995,皇台酒业,17.69,1
682,东方电子,161.68,2
600188,兖矿能源,1082.58,4
688653,康希通信,51.58,1
2479,富春环保,41.95,1
2163,海南发展,66.05,1
600325,华发股份,67.98,1
600100,同方股份,233.18,2
603045,福达合金,96.5,2
603606,东方电缆,329.76,2
2548,金新农,33.71,1
603976,正川股份,41.18,1
2913,奥士康,163.94,2
600030,中信证券,3458.14,4
2065,东华软件,208.21,2
300253,卫宁健康,132.23,2
601186,中国铁建,709.75,3
300498,温氏股份,793.18,3
300339,润和软件,302.36,2
2838,道恩股份,140.74,2
688371,菲沃泰,151.13,2
2048,宁波华翔,163.54,2
2829,星网宇达,28.48,1
2379,宏桥控股,164.21,2
2001,新 和 成,871.58,3
603009,北特科技,162.94,2
688807,优迅股份,55.68,1
605123,派克新材,114.26,2
538,云南白药,865.55,3
600126,杭钢股份,201.28,2
2400,省广集团,106.85,2
688419,耐科装备,78.33,1
600438,通威股份,511.43,3
300459,汤姆猫,116.7,2
573,粤宏远Ａ,23.36,1
2430,杭氧股份,254.17,2
300943,春晖智控,56.01,1
688307,中润光学,81.37,1
902,新洋丰,137.13,2
688238,和元生物,43.02,1
603977,国泰集团,79.71,1
300900,广联航空,105.87,2
301236,软通动力,328.66,2
963,华东医药,515.04,3
603888,新华网,118.75,2
688539,高华科技,64.33,1
600992,贵绳股份,26.1,1
700,模塑科技,143.3,2
601880,辽港股份,261.47,2
300680,隆盛科技,58.52,1
688608,恒玄科技,280.0,2
688386,泛亚微透,69.94,1
300018,中元股份,49.18,1
300779,惠城环保,128.35,2
688617,惠泰医疗,289.96,2
300136,信维通信,820.08,3
300835,龙磁科技,140.97,2
603601,再升科技,121.2,2
600456,宝钛股份,132.82,2
601390,中国中铁,869.86,3
688181,八亿时空,70.33,1
600996,贵广网络,80.67,1
681,视觉中国,125.08,2
603031,安孚科技,149.87,2
2706,良信股份,93.08,2
300357,我武生物,114.35,2
300217,东方电热,55.12,1
600518,康美药业,176.93,2
601825,沪农商行,718.08,3
600075,新疆天业,70.53,1
2976,瑞玛精密,32.44,1
688352,颀中科技,80.5,1
2687,乔治白,24.18,1
688079,美迪凯,90.43,2
425,徐工机械,758.75,3
600963,岳阳林纸,53.96,1
600995,南网储能,382.88,2
301588,美新科技,40.66,1
600113,浙江东日,136.1,2
301326,捷邦科技,108.09,2
688010,福光股份,65.06,1
688239,航宇科技,105.77,2
300909,汇创达,72.32,1
688291,金橙子,50.7,1
426,兴业银锡,585.82,3
300687,赛意信息,99.61,2
600776,东方通信,124.18,2
2458,益生股份,85.43,1
39,中集集团,188.72,2
2169,智光电气,99.84,2
300905,宝丽迪,62.92,1
300933,中辰股份,36.0,1
300723,一品红,166.63,2
2239,奥特佳,64.91,1
603341,龙旗科技,113.06,2
688336,三生国健,472.21,2
300265,通光线缆,73.97,1
300283,温州宏丰,63.16,1
601636,旗滨集团,209.47,2
601336,新华保险,1313.41,4
688107,安路科技,173.09,2
688499,利元亨,69.85,1
688359,三孚新科,189.49,2
601169,XD北京银,1036.01,4
300007,汉威科技,108.4,2
795,英洛华,96.22,2
2623,亚玛顿,31.26,1
300415,伊之密,93.93,2
603339,四方科技,50.28,1
300596,利安隆,101.81,2
2966,苏州银行,321.75,2
600416,湘电股份,136.95,2
603311,金海高科,72.44,1
600192,长城电工,29.42,1
2625,光启技术,643.36,3
600909,华安证券,473.78,2
300718,长盛轴承,128.81,2
300638,广和通,96.06,2
601127,赛力斯,932.76,3
605488,福莱新材,82.54,1
301369,联动科技,121.43,2
300740,水羊股份,72.35,1
300270,中威电子,34.52,1
300031,宝通科技,79.88,1
601997,贵阳银行,192.68,2
601111,中国国航,698.29,3
600115,中国东航,623.11,3
2534,西子洁能,144.52,2
688561,奇安信-U,176.64,2
300588,熙菱信息,43.85,1
301656,联合动力,37.18,1
2615,哈尔斯,22.3,1
882,华联股份,36.93,1
768,中航西飞,568.89,3
603000,人民网,173.7,2
1314,亿道信息,76.18,1
300939,秋田微,68.52,1
300363,博腾股份,91.28,2
2980,华盛昌,97.67,2
688036,传音控股,788.56,3
600704,XD物产中,247.7,2
600857,宁波中百,45.29,1
301218,华是科技,29.72,1
300034,钢研高纳,127.95,2
685,中山公用,139.87,2
603278,大业股份,34.35,1
300227,光韵达,45.32,1
563,陕国投Ａ,146.77,2
2144,宏达高科,14.83,1
300528,幸福蓝海,59.24,1
688416,恒烁股份,125.94,2
300122,智飞生物,172.12,2
526,学大教育,33.65,1
601233,桐昆股份,490.61,2
603068,XD博通集,59.27,1
300408,三环集团,2375.59,4
2408,齐翔腾达,134.8,2
601908,京运通,73.4,1
301683,慧谷新材,17.62,1
2979,雷赛智能,147.06,2
300592,华凯易佰,64.44,1
603898,好莱客,45.85,1
600184,光电股份,127.91,2
1365,天海电子,28.75,1
688221,前沿生物-U,102.26,2
688485,九州一轨,46.27,1
767,晋控电力,101.05,2
688277,天智航-U,86.01,1
738,航发控制,236.21,2
300144,宋城演艺,153.86,2
925,众合科技,56.58,1
300677,英科医疗,214.18,2
688595,芯海科技,58.3,1
990,诚志股份,106.33,2
600066,宇通客车,628.76,3
2271,东方雨虹,220.17,2
601818,光大银行,1420.05,4
300321,同大股份,41.79,1
600143,金发科技,400.76,2
300004,南风股份,44.88,1
26,飞亚达,71.24,1
600383,金地集团,101.13,2
301050,雷电微力,72.75,1
300145,南方泵业,118.47,2
2080,中材科技,1189.62,4
688306,均普智能,124.06,2
300896,爱美客,182.88,2
2787,华源控股,67.4,1
601766,中国中车,1338.03,4
300226,上海钢联,59.2,1
600758,辽宁能源,40.55,1
2895,川恒股份,171.17,2
600975,新五丰,64.61,1
2470,金正大,63.41,1
300428,立中集团,106.04,2
300398,飞凯材料,265.04,2
301590,优优绿能,24.25,1
2311,海大集团,741.9,3
603766,隆鑫通用,243.34,2
300606,金太阳,41.16,1
300895,铜牛信息,72.13,1
301,东方盛虹,829.35,3
688039,当虹科技,45.52,1
301285,鸿日达,212.87,2
688677,海泰新光,104.99,2
600480,凌云股份,106.76,2
300337,银邦股份,79.75,1
688758,赛分科技,63.27,1
2828,贝肯能源,27.09,1
688698,伟创电气,117.05,2
88,盐 田 港,133.47,2
600606,绿地控股,178.49,2
600575,淮河能源,123.58,2
688757,胜科纳米,92.35,2
603305,旭升集团,139.49,2
301117,佳缘科技,23.51,1
688049,炬芯科技,78.39,1
2167,东方锆业,149.09,2
300191,潜能恒信,58.0,1
600642,申能股份,434.08,2
603220,中贝通信,89.5,1
605222,起帆电缆,86.3,1
300590,移为通信,53.6,1
300724,捷佳伟创,185.37,2
3001,中岩大地,16.25,1
603578,三星新材,24.11,1
603519,立霸股份,39.2,1
600019,宝钢股份,1173.49,4
603317,天味食品,147.1,2
603156,养元饮品,577.21,3
603040,新坐标,125.26,2
300660,江苏雷利,167.77,2
688028,沃尔德,199.25,2
600133,东湖高新,84.55,1
300015,爱尔眼科,664.42,3
301280,珠城科技,47.98,1
300436,广生堂,134.52,2
603843,*ST正平,45.41,1
688312,燕麦科技,94.07,2
688035,德邦科技,125.88,2
301328,维峰电子,81.23,1
688131,皓元医药,187.26,2
922,佳电股份,85.72,1
688270,ST臻镭,286.58,2
600521,华海药业,252.14,2
300656,民德电子,44.36,1
601058,赛轮轮胎,409.04,2
688046,药康生物,104.39,2
300400,劲拓股份,74.14,1
543,皖能电力,173.42,2
600769,祥龙电业,66.07,1
759,中百集团,43.67,1
2146,荣盛发展,43.42,1
601298,青岛港,436.76,2
600973,宝胜股份,85.98,1
2774,快意电梯,44.8,1
2728,特一药业,47.93,1
603177,德创环保,17.66,1
966,长源电力,131.58,2
600032,浙江新能,159.91,2
600979,广安爱众,46.94,1
601965,中国汽研,127.9,2
600310,广西能源,58.19,1
688811,有研复材,26.78,1
301421,波长光电,48.13,1
600886,国投电力,1023.46,4
302132,中航成飞,334.65,2
600361,创新新材,128.78,2
300003,乐普医疗,194.21,2
600351,亚宝药业,43.32,1
301070,开勒股份,74.08,1
688796,百奥赛图,43.39,1
2969,嘉美包装,144.9,2
829,天音控股,81.21,1
601992,金隅集团,116.68,2
603298,杭叉集团,327.06,2
2421,达实智能,63.11,1
838,*ST发展,23.29,1
2524,光正眼科,19.31,1
300766,每日互动,76.96,1
301235,华康洁净,47.25,1
688305,科德数控,88.89,1
600298,安琪酵母,313.12,2
600085,同仁堂,324.76,2
600282,南钢股份,286.06,2
2605,姚记科技,69.03,1
600731,湖南海利,29.96,1
601808,中海油服,334.24,2
2629,仁智股份,16.52,1
301568,思泰克,44.51,1
603859,能科科技,111.73,2
688556,高测股份,89.72,1
301566,达利凯普,58.03,1
300715,凯伦股份,47.54,1
300693,盛弘股份,108.89,2
300252,金信诺,79.62,1
2292,奥飞娱乐,78.78,1
301317,鑫磊股份,32.36,1
300801,泰和科技,35.59,1
2718,友邦吊顶,97.77,2
300825,阿尔特,57.8,1
688585,上纬新材,576.81,3
603757,大元泵业,144.63,2
2170,芭田股份,84.3,1
2555,三七互娱,304.46,2
601669,XD中国电,609.13,3
300998,宁波方正,30.34,1
300626,华瑞股份,57.39,1
688260,昀冢科技,118.66,2
601018,宁波港,638.1,3
688788,科思科技,91.72,2
90,天健集团,60.72,1
600867,通化东宝,158.84,2
301069,凯盛新材,77.8,1
560,我爱我家,48.41,1
603001,奥康国际,29.03,1
2983,芯瑞达,30.98,1
605555,德昌股份,60.32,1
300672,国科微,507.73,3
600559,老白干酒,102.45,2
301211,亨迪药业,48.65,1
603683,晶华新材,87.91,1
603867,新化股份,68.29,1
301510,固高科技,91.9,2
300446,航天智造,62.09,1
601866,中远海发,226.25,2
300151,昌红科技,80.23,1
688063,派能科技,115.86,2
2252,上海莱士,301.74,2
605198,安德利,159.64,2
300101,振芯科技,92.99,2
778,新兴铸管,141.72,2
300435,中泰股份,75.84,1
600131,国网信通,174.6,2
3021,兆威机电,179.87,2
688563,XD航材股,59.55,1
2251,步步高,75.12,1
2860,星帅尔,56.14,1
612,焦作万方,119.34,2
600586,金晶科技,60.8,1
601118,海南橡胶,211.4,2
301031,中熔电气,122.08,2
2269,美邦服饰,32.34,1
301002,崧盛股份,31.84,1
600332,白云山,299.31,2
2053,云南能投,86.46,1
301151,冠龙节能,38.8,1
2639,雪人集团,83.05,1
600101,明星电力,43.45,1
422,湖北宜化,139.85,2
603682,锦和商管,41.01,1
603626,科森科技,94.39,2
601728,中国电信,4378.32,4
603392,万泰生物,363.39,2
600877,电科芯片,200.46,2
27,深圳能源,286.39,2
605196,华通线缆,122.81,2
300095,华伍股份,28.97,1
300124,汇川技术,1528.86,4
603833,欧派家居,197.0,2
688168,安博通,64.3,1
534,万泽股份,146.29,2
603559,中通国脉,35.23,1
600726,华电能源,463.47,2
300617,安靠智电,66.49,1
603108,润达医疗,56.77,1
603135,中重科技,80.77,1
2427,尤夫股份,42.73,1
2256,兆新股份,69.29,1
688165,埃夫特-U,104.15,2
300036,超图软件,50.07,1
301349,信德新材,57.08,1
301589,诺瓦星云,51.04,1
600271,航天信息,127.11,2
688180,君实生物-U,288.16,2
601015,陕西黑猫,62.09,1
2468,申通快递,236.6,2
603527,众源新材,32.43,1
688378,奥来德,123.47,2
300581,晨曦航空,55.84,1
601677,明泰铝业,190.1,2
2985,北摩高科,87.24,1
600868,梅雁吉祥,48.02,1
2779,中坚科技,124.36,2
2845,同兴达,38.94,1
2597,金禾实业,111.12,2
601800,中国交建,696.34,3
2410,广联达,132.36,2
301127,武汉天源,117.86,2
603800,洪田股份,175.51,2
300137,先河环保,90.37,2
301115,联检科技,48.91,1
688093,世华科技,85.77,1
2701,奥瑞金,117.64,2
300863,卡倍亿,136.01,2
688061,灿瑞科技,58.66,1
2655,共达电声,133.79,2
605399,晨光新材,41.68,1
2457,青龙管业,52.52,1
300969,恒帅股份,78.42,1
2023,海特高新,85.72,1
605319,无锡振华,85.96,1
603004,鼎龙科技,13.36,1
2531,天顺风能,135.08,2
2171,楚江新材,190.42,2
2583,海能达,105.7,2
2745,木林森,136.63,2
688173,希荻微,74.72,1
603726,朗迪集团,60.39,1
727,冠捷科技,105.54,2
688056,莱伯泰科,34.99,1
600531,豫光金铅,163.01,2
601187,厦门银行,186.44,2
723,美锦能源,148.12,2
300700,岱勒新材,55.69,1
605318,法狮龙,114.14,2
600292,电投水电,53.2,1
400,许继电气,205.27,2
688484,南芯科技,189.33,2
603337,杰克科技,176.23,2
688667,菱电电控,59.42,1
898,鞍钢股份,151.99,2
601106,中国一重,209.85,2
2262,恩华药业,176.22,2
2345,潮宏基,87.24,1
600037,歌华有线,88.38,1
300640,德艺文创,13.73,1
892,欢瑞世纪,29.86,1
600926,杭州银行,1097.5,4
601696,中银证券,327.8,2
603699,纽威股份,354.81,2
688391,钜泉科技,39.64,1
893,亚钾国际,321.88,2
600570,恒生电子,403.73,2
300447,全信股份,28.4,1
300049,福瑞医科,101.03,2
603225,新凤鸣,293.66,2
300506,名家汇,48.27,1
2588,史丹利,69.89,1
688199,久日新材,46.87,1
600210,紫江企业,94.04,2
37,深南电A,28.47,1
600872,XD中炬高,137.24,2
301059,金三江,25.82,1
301555,惠柏新材,18.24,1
600604,市北高新,59.11,1
1393,维通利,23.02,1
300629,新劲刚,41.99,1
301295,美硕科技,14.67,1
2947,恒铭达,140.18,2
600933,爱柯迪,135.97,2
301175,中科环保,30.78,1
601619,嘉泽新能,102.5,2
600623,华谊集团,153.83,2
603151,邦基科技,20.38,1
600702,舍得酒业,114.82,2
688522,纳睿雷达,37.62,1
600339,中油工程,176.99,2
688349,三一重能,224.43,2
600252,中恒集团,62.73,1
301079,邵阳液压,25.62,1
688408,中信博,60.11,1
601128,常熟银行,220.71,2
601011,宝泰隆,50.77,1
2831,裕同科技,206.62,2
688610,埃科光电,92.55,2
2218,拓日新能,51.76,1
600871,石化油服,284.49,2
688365,光云科技,68.34,1
603610,麒盛科技,51.78,1
605100,华丰股份,84.81,1
2405,四维图新,157.13,2
600562,国睿科技,264.64,2
603020,爱普股份,52.7,1
603456,九洲药业,130.23,2
688808,联讯仪器,402.32,2
2334,英威腾,51.67,1
605189,富春染织,33.28,1
300668,杰恩股份,56.62,1
301225,恒勃股份,27.93,1
301076,新瀚新材,37.53,1
603662,柯力传感,179.28,2
688286,敏芯股份,52.33,1
600708,光明地产,73.88,1
300755,华致酒行,47.78,1
301528,多浦乐,33.41,1
603313,梦百合,41.42,1
2807,江阴银行,104.36,2
300558,贝达药业,276.21,2
688439,振华风光,92.9,2
603123,翠微股份,53.23,1
301618,长联科技,20.5,1
601890,亚星锚链,80.49,1
688218,江苏北人,54.39,1
2675,东诚药业,95.38,2
300932,三友联众,30.93,1
600280,中央商场,30.69,1
688510,航亚科技,64.62,1
603599,广信股份,88.21,1
600022,山东钢铁,138.02,2
2084,海鸥住工,24.49,1
2033,丽江股份,45.94,1
301199,迈赫股份,35.92,1
600517,国网英大,269.34,2
600663,陆家嘴,207.96,2
300311,ST任子行,29.4,1
603416,信捷电气,79.5,1
688591,泰凌微,58.66,1
603077,和邦生物,190.76,2
2225,濮耐股份,40.98,1
600523,贵航股份,45.98,1
876,新 希 望,321.3,2
601005,重庆钢铁,98.1,2
603198,迎驾贡酒,258.48,2
600556,天下秀,80.63,1
300907,康平科技,49.56,1
600179,安通控股,173.8,2
600736,XD苏州高,80.25,1
2309,中利集团,62.08,1
688192,迪哲医药-U,215.66,2
688160,步科股份,109.57,2
603693,江苏新能,104.57,2
600930,华电新能,151.16,2
300833,浩洋股份,29.17,1
2595,豪迈科技,527.26,3
300649,杭州园林,31.93,1
600117,西宁特钢,70.96,1
2716,湖南白银,184.36,2
2244,滨江集团,222.81,2
2935,天奥电子,89.83,1
688625,呈和科技,183.07,2
815,美利云,97.82,2
300385,ST雪浪,34.3,1
600251,冠农股份,67.99,1
603948,建业股份,37.37,1
688133,泰坦科技,33.33,1
601009,南京银行,1315.48,4
688558,国盛智科,45.46,1
831,中国稀土,507.48,3
301197,工大科雅,26.31,1
688029,南微医学,137.35,2
601222,林洋能源,111.04,2
600468,百利电气,57.11,1
2279,久其软件,45.74,1
623,吉林敖东,210.13,2
2100,天康生物,88.06,1
2698,博实股份,105.43,2
2180,奔图科技,224.99,2
2214,*ST大立,62.77,1
603324,盛剑科技,60.18,1
603082,北自科技,15.19,1
301297,富乐德,169.4,2
603980,吉华集团,40.81,1
688562,航天软件,60.96,1
600728,佳都科技,91.49,2
601607,上海医药,449.9,2
301286,侨源股份,82.74,1
300773,拉卡拉,153.78,2
2111,威海广泰,45.26,1
300765,石药创新,543.58,3
300758,七彩化学,39.79,1
2092,中泰化学,100.45,2
688011,新光光电,62.47,1
600880,博瑞传播,42.63,1
601828,美凯龙,76.94,1
2875,安奈儿,24.7,1
2006,精工科技,76.88,1
600502,安徽建工,77.42,1
2007,华兰生物,201.41,2
601000,唐山港,246.52,2
301039,中集车辆,101.23,2
300921,南凌科技,26.32,1
301053,远信工业,51.07,1
2541,鸿路钢构,97.55,2
554,泰山石油,21.31,1
605389,长龄液压,157.02,2
600962,国投中鲁,64.58,1
601117,中国化学,449.91,2
300488,恒锋工具,65.08,1
688166,博瑞医药,135.92,2
558,天府文旅,42.14,1
301231,荣信文化,16.75,1
600710,苏美达,130.02,2
300853,申昊科技,27.4,1
2601,龙佰集团,318.02,2
603099,XD长白山,95.43,2
2139,拓邦股份,105.18,2
301222,浙江恒威,31.18,1
2229,鸿博股份,49.41,1
688326,经纬恒润-W,77.43,1
600058,五矿发展,121.98,2
600189,泉阳泉,50.64,1
2748,世龙实业,26.93,1
300099,尤洛卡,36.59,1
657,中钨高新,1085.48,4
301667,纳百川,15.05,1
600199,金种子酒,42.49,1
785,居然智家,121.89,2
600279,重庆港,46.88,1
2547,*ST春兴,27.95,1
600273,嘉化能源,86.02,1
301307,美利信,102.3,2
2328,新朋股份,41.9,1
600797,XD浙大网,66.58,1
688355,明志科技,26.03,1
2373,千方科技,99.88,2
301007,德迈仕,46.61,1
2839,张家港行,99.88,2
2223,鱼跃医疗,245.18,2
2125,湘潭电化,74.03,1
688231,隆达股份,117.83,2
600908,无锡银行,103.56,2
153,丰原药业,25.19,1
3816,中国广核,1518.34,4
2385,大北农,103.91,2
600578,京能电力,394.31,2
600651,飞乐音响,141.65,2
688272,富吉瑞,27.19,1
600380,健康元,183.49,2
600488,津药药业,60.93,1
600693,东百集团,70.99,1
300484,蓝海华腾,22.96,1
300696,爱乐达,62.9,1
603885,吉祥航空,222.97,2
300802,矩子科技,41.2,1
603288,海天味业,1875.03,4
600313,农发种业,56.82,1
600255,鑫科材料,54.73,1
300510,金冠股份,26.31,1
300259,新天科技,61.43,1
600452,涪陵电力,139.67,2
300185,通裕重工,105.39,2
2350,北京科锐,78.2,1
2054,德美化工,26.96,1
1395,亚联机械,14.89,1
300341,麦克奥迪,64.88,1
2713,*ST东易,57.76,1
2927,泰永长征,38.18,1
601360,三六零,634.16,3
711,ST京蓝,127.16,2
2324,普利特,81.35,1
301520,万邦医药,14.77,1
1979,招商蛇口,556.98,3
688059,华锐精密,156.37,2
688023,安恒信息,38.58,1
688767,博拓生物,55.52,1
603701,德宏股份,56.25,1
712,锦龙股份,76.67,1
603658,安图生物,175.88,2
1280,中国铀业,107.82,2
600506,统一股份,35.05,1
300887,谱尼测试,25.86,1
600138,中青旅,49.58,1
300575,中旗股份,17.73,1
600761,安徽合力,145.18,2
688551,科威尔,59.18,1
1311,多利科技,31.88,1
2998,优彩资源,19.29,1
2389,航天彩虹,181.29,2
300410,正业科技,31.09,1
531,穗恒运Ａ,51.49,1
565,渝三峡Ａ,25.37,1
731,四川美丰,31.83,1
300912,凯龙高科,21.6,1
600715,文投控股,44.65,1
2542,*ST中岩,24.45,1
601326,秦港股份,155.57,2
600408,安泰集团,25.07,1
603927,中科软,108.04,2
300611,美力科技,35.74,1
300414,中光防雷,33.74,1
2301,齐心集团,59.23,1
603466,风语筑,69.0,1
801,四川九洲,119.58,2
601168,西部矿业,725.39,3
301047,义翘神州,83.79,1
301078,孩子王,84.9,1
603130,云中马,53.07,1
629,钒钛股份,287.07,2
300554,三超新材,18.3,1
300465,高伟达,47.57,1
605068,明新旭腾,26.73,1
603707,健友股份,121.01,2
603175,超颖电子,36.84,1
300123,ST亚光,39.76,1
300504,天邑股份,36.19,1
600166,福田汽车,250.98,2
601975,招商南油,161.0,2
601963,重庆银行,199.13,2
2195,岩山科技,356.04,2
2392,北京利尔,85.31,1
2356,赫美集团,36.98,1
603733,仙鹤股份,154.82,2
2194,武汉凡谷,45.77,1
688188,柏楚电子,411.64,2
300416,苏试试验,93.62,2
300641,正丹股份,76.57,1
601928,凤凰传媒,232.35,2
601155,新城控股,244.28,2
688053,ST思科瑞,40.36,1
688210,统联精密,58.9,1
601996,丰林集团,25.0,1
600006,东风股份,105.4,2
2960,青鸟智控,81.23,1
600820,隧道股份,169.47,2
301282,金禄电子,44.99,1
688325,赛微微电,101.11,2
601002,晋亿实业,42.09,1
2958,青农商行,151.76,2
665,湖北广电,43.67,1
603355,莱克电气,162.62,2
300234,开尔新材,33.92,1
603607,京华激光,42.06,1
600258,首旅酒店,125.51,2
600004,白云机场,177.03,2
688186,广大特材,42.55,1
600567,山鹰国际,85.78,1
567,海德股份,116.33,2
600015,华夏银行,1043.25,4
600527,江南高纤,36.37,1
300922,天秦装备,21.96,1
813,德展健康,67.73,1
300483,首华燃气,67.85,1
601865,福莱特,184.97,2
1282,三联锻造,26.3,1
2250,联化科技,128.34,2
1289,龙源电力,789.57,3
600571,信雅达,44.91,1
3007,直真科技,28.16,1
600741,华域汽车,503.17,3
300963,中洲特材,40.67,1
600261,阳光照明,39.38,1
603697,有友食品,44.05,1
300562,乐心医疗,23.92,1
603949,雪龙集团,39.69,1
603979,金诚信,407.02,2
600649,城投控股,89.41,1
2896,中大力德,149.3,2
301595,太力科技,17.51,1
2005,ST德豪,42.22,1
300695,兆丰股份,56.96,1
2174,游族网络,124.76,2
839,国安股份,96.82,2
600576,祥源文旅,38.37,1
688607,康众医疗,37.86,1
300601,康泰生物,106.7,2
300987,川网传媒,21.97,1
603232,格尔软件,34.65,1
1215,千味央厨,33.65,1
301132,满坤科技,38.86,1
504,南华生物,26.53,1
600300,维维股份,48.03,1
603303,得邦照明,118.28,2
600116,三峡水利,109.76,2
600539,狮头股份,39.56,1
888,峨眉山Ａ,48.74,1
300836,佰奥智能,43.58,1
300024,机器人,255.6,2
300210,森远股份,42.51,1
600309,万华化学,2150.95,4
600409,三友化工,113.75,2
2108,沧州明珠,67.57,1
2264,新 华 都,38.83,1
300067,安诺其,45.27,1
600619,海立股份,109.46,2
688088,虹软科技,143.46,2
688682,霍莱沃,38.8,1
2553,南方精工,40.48,1
300615,欣天科技,14.8,1
603181,皇马科技,81.65,1
301012,扬电科技,46.56,1
524,岭南控股,66.13,1
830,鲁西化工,223.55,2
605208,永茂泰,62.23,1
166,申万宏源,1016.35,4
603596,伯特利,231.14,2
300441,鲍斯股份,42.06,1
603956,威派格,33.91,1
603660,苏州科达,60.01,1
600779,水井坊,134.55,2
600812,华北制药,79.1,1
2892,科力尔,46.1,1
2550,千红制药,64.66,1
600509,天富能源,101.98,2
688020,方邦股份,159.07,2
603722,阿科力,35.85,1
582,北部湾港,240.7,2
688095,福昕软件,55.68,1
601577,长沙银行,359.85,2
600507,方大特钢,93.45,2
688230,芯导科技,87.38,1
600771,广誉远,69.65,1
2608,江苏国信,258.04,2
603997,继峰股份,144.53,2
603518,锦泓集团,26.87,1
545,金浦钛业,26.41,1
2512,ST达华,39.07,1
300490,华自科技,48.13,1
603016,新宏泰,45.69,1
603936,博敏电子,122.17,2
603033,三维股份,84.04,1
301502,华阳智能,15.99,1
300972,万辰集团,352.07,2
603725,XD天安新,41.58,1
600927,永安期货,187.54,2
600503,华丽家族,33.01,1
601156,东航物流,155.48,2
600512,腾达建设,31.11,1
601177,杭齿前进,55.61,1
600935,华塑股份,78.57,1
2226,江南化工,118.67,2
601952,苏垦农发,106.66,2
603897,长城科技,57.86,1
688586,江航装备,87.84,1
603809,豪能股份,83.84,1
300176,鸿特科技,19.13,1
300444,双杰电气,70.84,1
300809,华辰装备,38.71,1
688600,皖仪科技,38.5,1
1308,康冠科技,92.62,2
2853,皮阿诺,28.7,1
300327,中颖电子,97.66,2
2455,百川股份,44.34,1
2233,塔牌集团,87.65,1
300098,高新兴,69.38,1
688515,裕太微-U,102.03,2
2647,仁东控股,118.28,2
301080,百普赛斯,63.93,1
301093,华兰股份,168.4,2
601616,广电电气,28.77,1
2127,南极电商,56.25,1
2383,合众思壮,52.86,1
300461,田中精机,51.27,1
300986,志特新材,68.35,1
2586,ST围海,42.96,1
600328,中盐化工,87.54,1
603338,浙江鼎力,258.24,2
1386,马可波罗,15.41,1
301256,华融化学,53.66,1
688560,明冠新材,22.75,1
600982,宁波能源,51.97,1
300894,火星人,36.26,1
300471,厚普股份,34.38,1
688259,创耀科技,42.26,1
600807,济高发展,19.12,1
61,农 产 品,101.38,2
603051,鹿山新材,36.98,1
2725,跃岭股份,28.71,1
600572,康恩贝,104.31,2
600299,XD安迪苏,243.3,2
603565,中谷物流,208.33,2
688084,晶品特装,36.88,1
301257,普蕊斯,37.8,1
301267,华厦眼科,97.14,2
301193,家联科技,32.84,1
2073,软控股份,53.03,1
600511,国药股份,148.63,2
709,河钢股份,204.64,2
688283,坤恒顺维,40.38,1
600841,动力新科,66.13,1
600060,海信视像,350.4,2
603128,华贸物流,68.07,1
688211,中科微至,47.1,1
601218,吉鑫科技,40.6,1
998,隆平高科,102.92,2
605588,冠石科技,43.18,1
300491,通合科技,50.64,1
688119,中钢洛耐,49.27,1
301558,三态股份,13.7,1
688009,中国通号,430.19,2
603032,德新科技,49.84,1
301099,雅创电子,85.83,1
718,苏宁环球,41.53,1
688289,圣湘生物,86.85,1
300449,汉邦高科,26.87,1
1283,豪鹏科技,46.22,1
301563,云汉芯城,29.58,1
2376,新北洋,47.62,1
688219,会通股份,63.04,1
2363,隆基机械,26.03,1
603583,捷昌驱动,89.83,1
603969,银龙股份,65.16,1
2082,ST万邦,69.79,1
688622,*ST禾信,79.85,1
301189,奥尼电子,84.99,1
301592,六九一二,29.15,1
601528,瑞丰银行,84.62,1
600751,海航科技,73.08,1
300324,旋极信息,68.06,1
688228,开普云,51.55,1
600881,亚泰集团,48.48,1
600717,天津港,116.92,2
601568,北元化工,136.64,2
301479,弘景光电,40.81,1
600212,绿能慧充,26.72,1
603817,海峡环保,30.56,1
688577,浙海德曼,78.24,1
2297,博云新材,137.72,2
600008,首创环保,206.27,2
600955,维远股份,80.14,1
301665,泰禾股份,24.22,1
2659,凯文教育,23.69,1
300044,*ST赛为,41.13,1
688339,亿华通-U,37.3,1
300009,安科生物,101.25,2
300527,ST应急,77.88,1
886,海南高速,41.85,1
688282,理工导航,57.23,1
2855,捷荣技术,23.32,1
890,法尔胜,30.96,1
600713,南京医药,65.65,1
600266,城建发展,84.69,1
301323,新莱福,55.4,1
688552,航天南湖,95.07,2
544,中原环保,68.91,1
2305,*ST南置,34.86,1
151,中成股份,28.76,1
600169,ST太重,67.33,1
301329,信音电子,12.44,1
603826,坤彩科技,147.49,2
301600,慧翰股份,26.69,1
603255,鼎际得,20.02,1
688639,华恒生物,41.04,1
2901,大博医疗,129.09,2
300634,彩讯股份,85.64,1
2871,伟隆股份,29.64,1
688076,ST诺泰,90.42,2
600231,凌钢股份,46.8,1
301230,泓博医药,50.44,1
2060,广东建工,49.07,1
688611,杭州柯林,103.03,2
603836,海程邦达,22.84,1
605099,共创草坪,129.03,2
300948,冠中生态,36.15,1
688655,迅捷兴,50.54,1
301118,恒光股份,24.53,1
600067,冠城新材,38.27,1
600335,国机汽车,73.78,1
300366,ST创意,25.36,1
301616,浙江华业,10.28,1
2390,信邦制药,53.59,1
603132,金徽股份,145.72,2
301265,华新科技,63.55,1
605258,协和电子,23.87,1
300039,上海凯宝,41.17,1
300256,星星科技,58.33,1
300597,吉大通信,19.59,1
601311,骆驼股份,89.16,1
301638,南网数字,55.83,1
300961,深水海纳,20.6,1
600098,广州发展,211.05,2
2801,微光股份,32.63,1
603335,迪生力,30.44,1
2206,海 利 得,55.39,1
300211,*ST亿通,22.83,1
300075,数字政通,53.81,1
600528,中铁工业,151.07,2
301275,汉朔科技,126.27,2
3040,楚天龙,47.79,1
301365,矩阵股份,44.61,1
603360,百傲化学,104.94,2
600848,上海临港,184.57,2
300048,合康新能,53.91,1
603373,安邦护卫,21.4,1
2416,爱施德,108.44,2
688363,华熙生物,172.01,2
300875,捷强装备,26.64,1
300834,星辉环材,76.59,1
603915,国茂股份,93.04,2
688081,兴图新科,39.53,1
300697,电工合金,46.04,1
2310,东方新能,94.58,2
2040,南 京 港,37.62,1
2757,南兴股份,50.77,1
2339,积成电子,32.07,1
600622,光大嘉宝,30.44,1
2362,汉王科技,32.16,1
600307,酒钢宏兴,88.31,1
300200,高盟新材,41.88,1
300387,富邦科技,20.2,1
2196,方正电机,58.41,1
300857,协创数据,1353.28,4
600161,天坛生物,238.87,2
2299,圣农发展,192.17,2
601500,通用股份,60.47,1
603567,珍宝岛,44.9,1
688785,恒运昌,50.78,1
1288,运机集团,35.37,1
600269,赣粤高速,94.82,2
301277,新天地,38.7,1
69,华侨城Ａ,116.59,2
301577,美信科技,11.61,1
2791,坚朗五金,33.03,1
2921,联诚精密,34.6,1
300246,宝莱特,31.87,1
2369,卓翼科技,30.35,1
2886,沃特股份,46.85,1
688663,新风光,115.25,2
600103,青山纸业,63.94,1
2181,粤 传 媒,103.24,2
2404,嘉欣丝绸,26.19,1
2003,伟星股份,85.96,1
300756,金马游乐,53.99,1
600354,敦煌种业,26.13,1
2936,郑州银行,118.8,2
300286,安科瑞,43.34,1
300688,创业黑马,38.96,1
301499,维科精密,9.86,1
600132,重庆啤酒,202.06,2
2737,葵花药业,73.18,1
603202,天有为,25.48,1
603890,春秋电子,102.41,2
2937,兴瑞科技,131.75,2
601588,北辰实业,43.89,1
600744,华银电力,113.13,2
601633,长城汽车,949.2,3
688182,灿勤科技,149.24,2
300026,红日药业,95.14,2
301559,中集环科,11.6,1
603075,热威股份,9.31,1
2474,榕基软件,30.62,1
601827,三峰环境,126.57,2
301368,丰立智能,51.28,1
301413,安培龙,52.61,1
2207,*ST准油,15.78,1
300849,锦盛新材,26.19,1
301176,逸豪新材,83.98,1
2124,天邦食品,45.56,1
600186,莲花控股,195.37,2
603257,中国瑞林,18.08,1
301035,润丰股份,168.15,2
603213,镇洋发展,64.33,1
601816,京沪高铁,2279.94,4
300913,兆龙互连,112.08,2
600461,洪城环境,115.45,2
300748,金力永磁,324.21,2
875,电投绿能,164.78,2
601033,永兴股份,31.99,1
300334,津膜科技,27.88,1
603528,多伦科技,42.0,1
605303,园林股份,36.42,1
600593,大连圣亚,49.46,1
300971,博亚精工,17.47,1
300628,亿联网络,249.92,2
716,黑芝麻,32.43,1
2708,光洋股份,58.38,1
300525,博思软件,46.99,1
688350,富淼科技,42.09,1
1218,丽臣实业,28.03,1
300371,汇中股份,13.9,1
300930,屹通新材,11.8,1
300920,润阳科技,28.82,1
300551,古鳌科技,31.94,1
300146,汤臣倍健,104.34,2
1210,金房能源,27.14,1
688618,三旺通信,31.12,1
600835,上海机电,173.24,2
300517,海波重科,12.52,1
300550,和仁科技,38.09,1
688356,键凯科技,47.19,1
600818,ST中路,13.59,1
959,首钢股份,253.35,2
603665,康隆达,42.73,1
600057,厦门象屿,120.32,2
301291,明阳电气,60.52,1
800,一汽解放,302.14,2
601279,英利汽车,48.21,1
688018,乐鑫科技,290.1,2
600368,五洲交通,58.11,1
300792,壹网壹创,53.03,1
2291,遥望科技,42.07,1
600153,建发股份,248.78,2
589,贵州轮胎,65.47,1
603383,顶点软件,55.55,1
600483,福能股份,287.47,2
300563,神宇股份,33.6,1
603679,华体科技,33.55,1
300761,立华股份,118.31,2
600262,北方股份,33.86,1
688038,中科通达,20.7,1
601188,龙江交通,36.94,1
688288,鸿泉技术,17.63,1
688718,唯赛勃,26.06,1
2062,宏润建设,84.8,1
529,广弘控股,26.21,1
2514,*ST宝馨,11.25,1
688070,纵横股份,33.77,1
300605,恒锋信息,11.74,1
603197,保隆科技,59.14,1
301177,迪阿股份,89.32,1
688816,易思维,10.81,1
301327,华宝新能,79.27,1
300665,飞鹿股份,20.58,1
601686,友发集团,74.12,1
2567,唐人神,51.68,1
688579,地纬智能,31.52,1
688696,极米科技,45.08,1
2483,润邦股份,44.26,1
601089,福元医药,83.04,1
2918,蒙娜丽莎,20.14,1
605333,沪光股份,77.17,1
2063,远光软件,91.82,2
603266,天龙股份,33.11,1
603959,ST百利,22.65,1
603035,常熟汽饰,39.53,1
2551,尚荣医疗,17.6,1
1366,播恩集团,17.96,1
68,华控赛格,27.38,1
601212,白银有色,365.8,2
300946,恒而达,30.03,1
688787,海天瑞声,77.38,1
300576,容大感光,101.15,2
300486,东杰智能,100.89,2
300333,兆日科技,25.74,1
300701,森霸传感,23.42,1
605507,国邦医药,117.98,2
2199,*ST东晶,27.64,1
301172,君逸数码,26.29,1
688455,科捷智能,28.65,1
301081,严牌股份,29.59,1
301138,华研精机,20.18,1
603332,苏州龙杰,22.11,1
600320,振华重工,135.72,2
600281,华阳新材,20.42,1
603978,深圳新星,48.38,1
722,湖南发展,51.06,1
688592,司南导航,15.44,1
753,漳州发展,44.32,1
498,山东路桥,70.58,1
300594,ST朗进,12.86,1
603095,越剑智能,34.48,1
600390,五矿资本,213.66,2
300080,易成新能,64.92,1
2511,中顺洁柔,88.3,1
688338,赛科希德,31.21,1
600787,中储股份,95.48,2
300451,创业慧康,52.06,1
300976,达瑞电子,83.51,1
2182,宝武镁业,111.13,2
688517,金冠电气,23.29,1
300902,国安达,19.48,1
300141,和顺电气,24.19,1
688613,奥精医疗,21.83,1
301166,优宁维,14.99,1
603816,顾家家居,181.44,2
2177,御银股份,36.18,1
2442,龙星科技,24.08,1
688293,XD奥浦迈,55.08,1
605186,健麾信息,44.58,1
688196,卓越新能,43.74,1
2568,百润股份,131.77,2
1213,中铁特货,153.33,2
603227,雪峰科技,76.2,1
2992,宝明科技,62.81,1
301226,祥明智能,33.3,1
600822,上海物贸,31.53,1
2338,奥普光电,131.83,2
1316,润贝航科,46.94,1
601860,紫金银行,88.43,1
2772,众兴菌业,47.27,1
900,现代投资,54.64,1
523,红棉股份,35.65,1
2320,海峡股份,142.64,2
603719,良品铺子,36.09,1
301085,亚康股份,35.97,1
989,九芝堂,56.64,1
586,汇源通信,23.48,1
680,山推股份,133.97,2
300307,慈星股份,53.75,1
301302,华如科技,33.62,1
600550,保变电气,200.54,2
688712,北芯生命,13.94,1
2391,长青股份,23.62,1
3005,竞业达,16.05,1
688118,普元信息,19.4,1
300613,富瀚微,149.76,2
601061,中信金属,522.34,3
603995,甬金股份,79.59,1
2933,新兴装备,30.94,1
877,天山股份,260.24,2
301383,天键股份,15.87,1
600843,上工申贝,34.53,1
603557,*ST起步,26.75,1
688606,奥泰生物,33.53,1
2570,贝因美,43.42,1
688125,安达智能,126.07,2
688768,容知日新,39.27,1
600626,申达股份,35.57,1
300242,佳云科技,28.36,1
2692,远程股份,27.13,1
2215,诺 普 信,71.28,1
701,厦门信达,31.25,1
300180,华峰超纤,68.68,1
600844,金煤科技,20.82,1
1236,弘业期货,52.99,1
300149,睿智医药,42.47,1
300161,华中数控,55.92,1
715,中兴商业,23.2,1
301513,尚水智能,11.41,1
2603,以岭药业,213.5,2
300772,运达股份,79.35,1
600228,返利科技,28.33,1
600295,鄂尔多斯,228.18,2
28,国药一致,106.33,2
600308,华泰股份,48.69,1
2577,雷柏科技,51.87,1
600998,九州通,252.63,2
2870,香山股份,48.75,1
600505,西昌电力,38.17,1
600526,菲达环保,37.19,1
2204,大连重工,100.43,2
2210,飞马国际,57.62,1
603165,荣晟环保,43.0,1
300172,中电环保,22.07,1
600653,申华控股,31.14,1
601333,广深铁路,165.61,2
300138,晨光生物,39.07,1
601330,绿色动力,68.64,1
603988,中电电机,38.13,1
600739,辽宁成大,153.75,2
300970,华绿生物,21.97,1
300818,耐普矿机,25.38,1
603899,晨光股份,196.44,2
2351,漫步者,48.88,1
301101,明月镜片,55.66,1
301213,观想科技,32.95,1
300703,创源股份,21.05,1
300513,恒实科技,20.25,1
2278,神开股份,27.41,1
688805,健信超导,14.29,1
688398,赛特新材,43.43,1
958,电投产融,287.47,2
603262,技源集团,9.88,1
301696,三瑞智能,37.66,1
600780,通宝能源,66.61,1
300230,永利股份,26.07,1
603344,星德胜,13.09,1
603042,华脉科技,25.51,1
603506,南都物业,18.21,1
1388,信通电子,22.67,1
603356,华菱精工,21.73,1
1325,元创股份,6.9,1
300880,迦南智能,39.14,1
688358,祥生医疗,37.28,1
603013,亚普股份,83.81,1
300135,宝利国际,28.85,1
2164,宁波东力,54.31,1
600020,中原高速,84.5,1
601399,国机重装,232.28,2
2803,吉宏股份,67.87,1
301033,迈普医学,31.51,1
300165,天瑞仪器,21.41,1
603289,泰瑞机器,24.5,1
2313,日海智能,30.06,1
300266,兴源环境,28.42,1
600874,创业环保,68.29,1
301087,可孚医疗,94.42,2
688215,瑞晟智能,34.85,1
300783,三只松鼠,45.97,1
301190,善水科技,22.35,1
2227,*ST特迅,15.89,1
603933,睿能科技,46.61,1
300858,科拓生物,28.62,1
600598,北大荒,211.9,2
300713,英可瑞,10.92,1
603279,景津装备,70.89,1
2722,物产金轮,26.91,1
603680,今创集团,77.74,1
598,兴蓉环境,200.5,2
300375,鹏翎股份,20.71,1
300884,狄耐克,22.2,1
301159,三维天地,15.9,1
300119,瑞普生物,51.95,1
301239,普瑞眼科,42.33,1
600720,中交设计,50.45,1
300148,天舟文化,26.54,1
600486,扬农化工,200.72,2
600665,天地源,26.53,1
300267,尔康制药,46.8,1
603505,金石资源,140.64,2
688109,品茗科技,59.82,1
600635,大众公用,105.22,2
300916,朗特智能,20.09,1
301439,泓淋电力,26.22,1
600633,浙数文化,133.53,2
2431,ST棕榈,23.97,1
301315,威士顿,33.43,1
600094,大名城,84.2,1
688583,思看科技,31.96,1
301168,通灵股份,38.26,1
600081,东风科技,51.27,1
300201,海伦哲,162.89,2
600791,京能置业,37.32,1
600698,湖南天雁,48.91,1
2462,嘉事堂,32.79,1
603396,金辰股份,34.35,1
600289,ST信通,32.65,1
688393,安必平,17.25,1
603025,大豪科技,149.74,2
300092,科新机电,23.99,1
600061,国投资本,415.61,2
2061,浙江交科,91.23,2
2312,川发龙蟒,154.28,2
2978,安宁股份,94.54,2
603728,鸣志电器,252.84,2
605098,行动教育,63.64,1
2120,韵达股份,189.18,2
301296,新巨丰,27.42,1
300508,维宏股份,38.72,1
300941,创识科技,17.03,1
300708,聚灿光电,56.44,1
301548,崇德科技,21.62,1
49,德赛电池,91.83,2
603214,爱婴室,17.41,1
300804,广康生化,8.82,1
603272,*ST联翔,22.88,1
2596,海南瑞泽,32.68,1
1376,百通能源,21.6,1
1367,海森药业,22.98,1
703,恒逸石化,522.07,3
626,远大控股,32.49,1
300470,中密控股,56.78,1
600180,*ST瑞茂,15.32,1
1226,拓山重工,15.41,1
300795,米奥会展,14.65,1
600373,中文传媒,91.49,2
2835,同为股份,14.71,1
1319,铭科精技,13.31,1
1287,中电港,235.8,2
600425,青松建化,53.44,1
2752,昇兴股份,60.19,1
600546,山煤国际,233.53,2
2942,新农股份,20.08,1
603917,合力科技,26.44,1
2972,科安达,22.84,1
301276,嘉曼服饰,18.26,1
301130,西点药业,14.67,1
300923,研奥股份,16.15,1
601801,皖新传媒,98.48,2
600628,新世界,37.84,1
2573,清新环境,43.8,1
615,*ST美谷,29.33,1
863,三湘印象,49.55,1
688062,迈威生物-U,73.38,1
688115,思林杰,51.32,1
603277,银都股份,63.35,1
2154,报 喜 鸟,43.42,1
600956,新天绿能,161.31,2
603866,桃李面包,61.59,1
300160,秀强股份,32.85,1
688195,腾景科技,288.86,2
2746,仙坛股份,37.75,1
603329,上海雅仕,20.45,1
301221,光庭信息,25.18,1
600782,新钢股份,81.79,1
603153,上海建科,54.23,1
600643,爱建集团,61.55,1
688114,华大智造,234.84,2
301203,国泰环保,17.05,1
600467,好当家,30.53,1
688659,元琛科技,16.19,1
1306,夏厦精密,8.48,1
301121,紫建电子,18.71,1
300996,普联软件,37.18,1
603926,铁流股份,39.36,1
428,华天酒店,31.69,1
603057,紫燕食品,91.92,2
600815,厦工股份,46.66,1
603284,林平发展,6.84,1
1965,招商公路,652.33,3
2888,惠威科技,13.85,1
2820,桂发祥,17.38,1
932,华菱钢铁,239.84,2
300823,建科智能,12.36,1
603194,中力股份,52.35,1
603668,天马科技,60.39,1
688229,博睿数据,33.97,1
600966,博汇纸业,65.51,1
300130,新国都,78.32,1
300539,横河精密,46.93,1
600903,贵州燃气,72.05,1
688208,道通科技,167.88,2
905,厦门港务,58.53,1
300443,金雷股份,47.71,1
600017,日照港,79.97,1
603041,美思德,19.1,1
300275,梅安森,21.93,1
2981,朝阳科技,24.84,1
688716,中研股份,24.6,1
300813,泰林生物,16.73,1
688513,苑东生物,98.63,2
566,海南海药,64.19,1
603577,汇金通,31.71,1
2482,广田集团,47.17,1
300572,安车检测,41.57,1
603611,诺力股份,43.87,1
2786,银宝山新,37.5,1
601618,中国中冶,458.81,2
300402,宝色股份,34.5,1
601139,深圳燃气,168.58,2
603170,宝立食品,46.76,1
600477,杭萧钢构,56.38,1
2304,洋河股份,582.23,3
600597,光明乳业,87.81,1
631,顺发恒能,65.78,1
688065,凯赛生物,261.65,2
600475,华光环能,125.78,2
603516,淳中科技,216.52,2
301533,威马农机,6.88,1
301309,万得凯,18.07,1
950,重药控股,88.72,1
2816,*ST和科,28.97,1
300482,万孚生物,72.42,1
600854,春兰股份,21.82,1
688680,海优新材,36.4,1
601702,华峰铝业,144.19,2
688565,力源科技,13.88,1
300182,捷成股份,109.81,2
2961,瑞达期货,90.52,2
993,闽东电力,44.88,1
2685,华东重机,58.64,1
2800,天顺股份,18.95,1
601065,江盐集团,43.71,1
690,宝新能源,98.5,2
2523,天桥起重,42.21,1
1209,洪兴股份,15.65,1
601010,ST文峰,31.23,1
688087,英科再生,67.42,1
600644,乐山电力,45.86,1
603111,康尼机电,49.42,1
300965,恒宇信通,22.91,1
301185,鸥玛软件,21.49,1
605369,拱东医疗,39.25,1
1872,招商港口,473.11,2
300890,翔丰华,30.44,1
2986,宇新股份,37.37,1
300585,奥联电子,25.36,1
1285,瑞立科密,16.97,1
300662,科锐国际,34.34,1
600814,杭州解百,47.05,1
600582,天地科技,192.03,2
2321,华英农业,39.93,1
688334,西高院,56.28,1
603856,东宏股份,36.92,1
600827,百联股份,121.46,2
600846,同济科技,70.66,1
603376,大明电子,7.8,1
600365,ST通葡,11.19,1
300958,建工修复,10.03,1
300817,双飞集团,20.1,1
300040,九洲集团,28.25,1
301131,聚赛龙,12.45,1
2637,赞宇科技,49.61,1
2041,登海种业,72.16,1
300955,嘉亨家化,35.19,1
603097,江苏华辰,37.63,1
603709,中源家居,16.99,1
537,绿发电力,146.57,2
825,太钢不锈,194.24,2
300173,ST福能,24.03,1
300467,迅游科技,59.07,1
601700,风范股份,50.9,1
600624,ST复华,25.2,1
600059,古越龙山,69.73,1
605268,王力安防,41.54,1
301539,宏鑫科技,10.55,1
1312,福恩股份,10.33,1
300577,开润股份,24.03,1
688665,四方光电,56.32,1
927,中国铁物,142.18,2
600136,ST明诚,27.4,1
688496,*ST清越,2.19,1
300279,和晶科技,27.66,1
2959,小熊电器,44.9,1
300423,昇辉科技,18.73,1
300698,万马科技,31.18,1
603488,展鹏科技,26.02,1
2189,中光学,51.84,1
2478,常宝股份,44.01,1
603173,福斯达,53.14,1
688575,亚辉龙,52.05,1
301160,翔楼新材,47.76,1
1382,新亚电缆,9.53,1
2872,ST天圣,10.49,1
301428,世纪恒通,21.78,1
301163,宏德股份,12.38,1
600817,宇通重工,48.16,1
600613,神奇制药,22.67,1
1258,立新能源,62.35,1
301355,南王科技,13.41,1
600802,福建水泥,19.57,1
603535,嘉诚国际,31.01,1
301320,豪江智能,14.15,1
603737,三棵树,203.99,2
300616,尚品宅配,15.93,1
650,仁和药业,70.03,1
603533,掌阅科技,84.84,1
600959,江苏有线,150.02,2
605158,华达新材,32.63,1
409,云鼎科技,49.01,1
688553,汇宇制药-W,64.09,1
300997,欢乐家,55.72,1
708,中信特钢,646.03,3
605218,伟时电子,31.37,1
300781,因赛集团,32.03,1
603217,元利科技,42.14,1
3000,劲仔食品,31.08,1
603982,泉峰汽车,19.18,1
601038,一拖股份,86.63,1
600051,宁波联合,18.28,1
603536,惠发食品,19.48,1
600082,ST海泰,17.7,1
301109,军信股份,30.43,1
300719,安达维尔,20.55,1
670,盈方微,58.52,1
603406,天富龙,9.46,1
603073,彩蝶实业,7.75,1
688576,西山科技,13.64,1
2932,*ST明德,22.32,1
300453,三鑫医疗,33.65,1
2216,三全食品,76.98,1
301015,百洋医药,120.46,2
301397,溯联股份,26.56,1
600875,东方电气,636.91,3
2587,奥拓电子,31.22,1
605033,美邦股份,23.48,1
688177,百奥泰,77.23,1
2365,永安药业,25.66,1
600326,西藏天路,87.61,1
600749,西藏旅游,33.7,1
2300,太阳电缆,46.08,1
600568,ST中珠,41.06,1
603863,松炀资源,26.58,1
301560,众捷汽车,15.62,1
605288,凯迪股份,71.47,1
301360,荣旗科技,21.79,1
2198,ST嘉应,17.41,1
301024,霍普股份,19.43,1
2102,ST能特,53.45,1
301206,三元生物,30.24,1
600561,江西长运,14.59,1
833,粤桂股份,93.64,2
600697,欧亚集团,15.3,1
688105,诺唯赞,93.37,2
2526,山东矿机,45.69,1
600939,重庆建工,48.51,1
2818,富森美,31.12,1
688429,时创能源,39.36,1
301399,英特科技,8.98,1
883,湖北能源,290.29,2
300962,中金辐照,33.61,1
688132,邦彦技术,20.15,1
301288,清研环境,12.86,1
301298,东利机械,12.67,1
603706,东方环宇,35.19,1
605003,众望布艺,22.7,1
600724,宁波富达,78.46,1
600491,ST龙元,17.13,1
301512,智信精密,10.48,1
603855,华荣股份,55.5,1
300169,天晟新材,14.21,1
301633,港迪技术,11.63,1
300791,仙乐健康,41.49,1
300239,东宝生物,31.02,1
300865,大宏立,12.98,1
603613,国联股份,131.21,2
600617,国新能源,49.36,1
852,石化机械,47.51,1
300530,领湃科技,28.37,1
300982,苏文电能,30.17,1
603248,XD锡华科,13.97,1
301370,国科恒泰,27.52,1
2715,登云股份,19.94,1
300847,中船汉光,39.46,1
2911,佛燃能源,126.2,2
688475,萤石网络,218.53,2
600495,XD晋西车,43.98,1
688370,丛麟科技,30.16,1
301153,中科江南,54.34,1
603312,西典新能,16.97,1
89,深圳机场,127.76,2
600256,广汇能源,334.3,2
603903,中持股份,40.65,1
300237,ST美晨,28.12,1
2726,ST龙大,20.76,1
300993,玉马科技,23.07,1
2337,赛象科技,26.22,1
300891,惠云钛业,21.58,1
301043,绿岛风,27.59,1
2224,三 力 士,27.01,1
595,宝塔实业,64.22,1
300743,天地数码,18.3,1
688597,煜邦电力,23.05,1
301090,华润材料,93.7,2
688500,慧辰股份,30.5,1
603121,华培动力,39.41,1
1323,慕思股份,50.55,1
688026,洁特生物,19.64,1
1222,源飞宠物,15.2,1
300374,中铁装配,24.81,1
603053,成都燃气,75.56,1
2973,侨银股份,32.24,1
603357,设计总院,34.92,1
2732,燕塘乳业,19.96,1
300844,山水比德,20.13,1
300851,交大思诺,11.09,1
300462,ST华铭,14.38,1
688067,爱威科技,13.91,1
301056,森赫股份,18.8,1
603382,海阳科技,19.33,1
603093,南华期货,103.96,2
2763,汇洁股份,21.16,1
600583,海油工程,229.47,2
603860,中公高科,16.27,1
603291,联合水务,34.83,1
2150,正泰电源,88.55,1
2375,亚厦股份,44.85,1
603076,乐惠国际,24.99,1
300631,久吾高科,27.13,1
1268,联合精密,24.15,1
603609,禾丰股份,59.04,1
600336,澳柯玛,48.52,1
301209,联合化学,65.1,1
600463,空港股份,23.1,1
603126,中材节能,36.57,1
688162,巨一科技,31.9,1
2368,太极股份,89.56,1
300258,精锻科技,61.78,1
2024,ST易购,111.96,2
601388,怡球资源,62.51,1
600790,轻纺城,47.93,1
2211,ST宏达,16.3,1
30,富奥股份,66.5,1
58,深 赛 格,60.27,1
2742,冀衡医药,19.33,1
688526,科前生物,59.9,1
600007,中国国贸,197.63,2
2287,奇正藏药,114.42,2
605300,佳禾食品,40.08,1
603060,国检集团,43.66,1
2103,广博股份,23.29,1
2507,涪陵榨菜,126.82,2
719,中原传媒,75.72,1
600866,星湖科技,57.77,1
2650,ST加加,67.2,1
603381,永臻股份,20.92,1
300276,三丰智能,74.53,1
200625,长  安Ｂ,52.86,1
301135,瑞德智能,15.98,1
300614,百川畅银,15.66,1
401,金隅冀东,91.83,2
300150,世纪瑞尔,18.08,1
300388,节能国祯,46.45,1
301598,博科测试,8.74,1
752,*ST西发,20.63,1
2398,垒知集团,22.67,1
300784,利安科技,6.73,1
601068,中铝国际,109.55,2
603517,ST绝味,61.21,1
603380,易德龙,66.28,1
603117,万林物流,20.91,1
603307,扬州金泉,23.29,1
688348,昱能科技,50.01,1
300134,大富科技,61.94,1
600239,ST云城,23.12,1
600798,宁波海运,37.04,1
2172,澳洋健康,22.72,1
603182,嘉华股份,19.42,1
301273,瑞晨环保,22.29,1
2953,日丰股份,24.75,1
603568,伟明环保,326.73,2
546,金圆股份,31.91,1
600191,华资实业,42.92,1
603901,永创智能,54.83,1
2695,煌上煌,54.11,1
600611,大众交通,58.31,1
301632,广东建科,10.92,1
603209,兴通股份,43.21,1
300213,佳讯飞鸿,33.8,1
2660,茂硕电源,22.16,1
600892,大晟文化,18.85,1
300549,优德精密,13.51,1
600845,宝信软件,426.81,2
300386,飞天诚信,25.75,1
688016,心脉医疗,111.02,2
3019,宸展光电,47.21,1
600639,浦东金桥,80.09,1
605599,菜百股份,107.96,2
300087,ST荃银,43.4,1
3017,大洋生物,18.58,1
300032,金龙机电,28.99,1
3003,天元股份,11.98,1
603008,ST喜临门,29.91,1
603120,肯特催化,18.98,1
300313,天山生物,16.6,1
300329,海伦钢琴,27.66,1
600305,恒顺醋业,71.8,1
603275,众辰科技,15.64,1
603987,康德莱,31.58,1
301113,雅艺科技,11.19,1
301283,聚胶股份,21.87,1
600223,福瑞达,54.69,1
301148,嘉戎技术,29.14,1
301233,盛帮股份,13.14,1
603112,华翔股份,85.38,1
3028,振邦智能,15.74,1
2370,亚太药业,40.56,1
301141,中科磁业,16.87,1
600928,XD西安银,151.72,2
603508,思维列控,83.77,1
2486,嘉麟杰,19.03,1
605500,森林包装,26.56,1
2861,瀛通通讯,31.76,1
3012,东鹏控股,51.74,1
639,ST西王,15.0,1
301372,科净源,12.5,1
600755,厦门国贸,126.86,2
2562,兄弟科技,34.98,1
301491,汉桑科技,10.98,1
301169,零点有数,45.49,1
2302,西部建设,55.92,1
532,华金资本,36.18,1
301501,恒鑫生活,11.88,1
600333,长春燃气,33.98,1
603368,柳药集团,60.69,1
300405,科隆股份,11.18,1
2184,海得控制,22.45,1
300732,设研院,21.73,1
301061,匠心家居,64.3,1
688567,孚能科技,116.1,2
2397,梦洁股份,24.16,1
601107,四川成渝,112.25,2
951,中国重汽,249.11,2
603813,原尚股份,36.74,1
300573,兴齐眼药,111.38,2
605179,一鸣食品,52.33,1
688528,秦川物联,15.0,1
2423,中粮资本,202.07,2
2863,今飞凯达,25.78,1
688299,长阳科技,40.26,1
600448,华纺股份,16.38,1
2159,三特索道,17.5,1
603708,家家悦,57.58,1
688620,安凯微,65.46,1
605388,均瑶健康,29.9,1
300290,ST荣科,27.24,1
301003,江苏博云,39.45,1
7,全新好,38.46,1
1358,兴欣新材,12.0,1
688468,科美诊断,24.11,1
300403,汉宇集团,42.75,1
600054,黄山旅游,55.85,1
530,冰山冷热,30.31,1
688015,交控科技,30.38,1
2646,天佑德酒,30.69,1
301278,快可电子,13.65,1
2694,*ST顾地,15.38,1
301162,国能日新,47.97,1
1360,南矿集团,19.59,1
301336,趣睡科技,15.35,1
605151,西上海,24.77,1
688533,上声电子,35.31,1
688580,伟思医疗,55.66,1
2014,永新股份,64.13,1
601798,蓝科高新,24.6,1
45,深纺织Ａ,43.97,1
600423,*ST柳化,19.57,1
300856,科思股份,47.9,1
300343,联创股份,60.88,1
601229,上海银行,1266.03,4
603122,合富中国,42.59,1
600603,广汇物流,52.45,1
688410,DR山外山,46.09,1
301587,中瑞股份,15.1,1
909,*ST数源,19.22,1
688683,莱尔科技,54.58,1
603237,五芳斋,24.43,1
688157,松井股份,38.48,1
600234,科新发展,62.27,1
600215,派斯林,27.46,1
2566,益盛药业,14.16,1
605018,长华集团,61.67,1
2893,京能热力,19.3,1
301535,浙江华远,22.55,1
601158,重庆水务,194.88,2
2611,东方精工,173.79,2
603321,梅轮电梯,20.23,1
603207,小方制药,12.68,1
517,荣安地产,43.86,1
600097,开创国际,19.47,1
603297,永新光学,133.82,2
300218,安利股份,27.99,1
2873,新天药业,18.41,1
688687,凯因科技,28.65,1
603677,奇精机械,24.19,1
300106,西部牧业,20.46,1
688382,益方生物-U,129.89,2
301215,中汽股份,68.24,1
603196,璞源材料,51.66,1
2689,ST远智,27.53,1
301022,海泰科,15.4,1
600278,东方创业,52.49,1
301161,唯万密封,31.04,1
301119,正强股份,27.8,1
301448,开创电气,27.54,1
301105,鸿铭股份,8.56,1
300876,蒙泰高新,16.92,1
301107,瑜欣电子,17.51,1
819,岳阳兴长,41.29,1
603062,麦加芯彩,14.42,1
601999,出版传媒,32.61,1
2034,旺能环境,72.81,1
300515,三德科技,26.35,1
2633,申科股份,22.48,1
603409,汇通控股,9.71,1
3030,祖名股份,17.54,1
688176,亚虹医药-U,73.24,1
2822,ST中装,34.95,1
605069,正和生态,27.37,1
570,苏常柴Ａ,27.01,1
300304,云意电气,123.65,2
2777,久远银海,50.04,1
603365,水星家纺,43.56,1
2778,中晟高科,18.61,1
2314,南山控股,27.44,1
603235,天新药业,100.3,2
200539,粤电力Ｂ,16.21,1
200429,粤高速Ｂ,33.41,1
2360,ST同德,16.89,1
688175,高凌信息,48.23,1
1233,海安集团,15.67,1
2110,三钢闽光,70.93,1
603199,九华旅游,34.52,1
301332,德尔玛,20.55,1
688083,中望软件,94.8,2
1332,锡装股份,21.43,1
300417,南华仪器,8.6,1
600764,中国海防,129.76,2
2702,海欣食品,20.78,1
200012,南  玻Ｂ,16.33,1
300384,三联虹普,26.22,1
200030,富奥B,1.29,1
603320,迪贝电气,24.85,1
200570,苏常柴Ｂ,2.85,1
2347,泰尔股份,27.88,1
301378,通达海,10.89,1
301195,北路智控,23.71,1
300824,北鼎股份,23.07,1
607,华媒控股,29.03,1
300899,上海凯鑫,11.43,1
603096,新经典,21.16,1
600918,中泰证券,241.83,2
600530,交大昂立,41.38,1
688693,锴威特,33.48,1
2656,*ST摩登,19.57,1
605180,华生科技,19.5,1
605088,冠盛股份,57.96,1
2105,信隆健康,18.37,1
2193,ST如意,11.1,1
300096,ST易联众,38.83,1
301303,真兰仪表,15.81,1
300667,必创科技,28.29,1
301353,普莱得,6.79,1
419,通程控股,25.44,1
407,胜利股份,33.02,1
2501,*ST利源,46.46,1
600218,全柴动力,31.76,1
698,ST沈化,24.59,1
688426,康为世纪,19.21,1
1279,强邦新材,10.75,1
301519,舜禹股份,8.41,1
2879,长缆科技,17.96,1
2867,周大生,127.98,2
600455,博通股份,14.02,1
1380,华纬科技,37.0,1
906,浙商中拓,36.74,1
300143,盈康生命,58.44,1
2441,众业达,30.33,1
688269,凯立新材,40.19,1
301613,新铝时代,34.01,1
300610,晨化股份,15.63,1
300805,电声股份,21.51,1
2088,鲁阳节能,38.76,1
301395,仁信新材,14.29,1
603109,神驰机电,34.67,1
2533,金杯电工,67.14,1
600422,昆药集团,62.68,1
688670,金迪克,19.17,1
603306,华懋科技,294.77,2
3042,中农联合,15.38,1
1338,永顺泰,43.1,1
900920,动力Ｂ股,0.99,1
300741,华宝股份,78.71,1
1255,博菲电气,18.85,1
200055,方大Ｂ,4.97,1
900945,海控B股,0.81,1
603970,中农立华,26.96,1
900902,市北B股,0.75,1
900947,振华Ｂ股,4.98,1
1219,青岛食品,22.7,1
2991,甘源食品,20.49,1
688078,龙软科技,16.01,1
603798,康普顿,33.7,1
301041,金百泽,21.82,1
1225,和泰机电,8.45,1
600618,氯碱化工,75.21,1
603900,莱绅通灵,19.64,1
2691,*ST冀凯,13.98,1
900938,海科B,0.71,1
603370,华新精科,11.87,1
900921,金煤B股,0.32,1
300288,朗玛信息,23.32,1
200011,深物业B,1.6,1
200016,*ST康佳B,5.84,1
200017,深中华B,3.5,1
200019,深粮B,1.62,1
200020,深华发Ｂ,2.21,1
200025,特  力Ｂ,1.43,1
200026,飞亚达Ｂ,3.19,1
605336,*ST帅电,18.89,1
2890,弘宇股份,22.99,1
2799,环球印务,19.49,1
600768,宁波富邦,20.34,1
2846,英联股份,25.7,1
300977,深圳瑞捷,14.36,1
3025,思进智能,29.43,1
301290,东星医疗,21.33,1
605001,威奥股份,21.65,1
301606,绿联科技,94.92,2
300881,盛德鑫泰,20.98,1
300463,迈克生物,43.95,1
301060,兰卫医学,31.12,1
301268,铭利达,49.06,1
603187,海容冷链,45.65,1
900948,伊泰Ｂ股,35.59,1
601366,利群股份,33.02,1
300691,联合光电,31.28,1
663,永安林业,15.81,1
600970,中材国际,189.82,2
300859,西域旅游,40.38,1
603496,恒为科技,82.36,1
300430,*ST益通,12.11,1
2556,辉隆股份,43.4,1
603828,*ST利达,25.8,1
301522,上大股份,69.68,1
600370,*ST三房,73.21,1
603172,万丰股份,22.1,1
581,威孚高科,139.73,2
900910,海立Ｂ股,1.79,1
600738,丽尚国潮,28.75,1
600729,重百集团,37.21,1
300885,海昌新材,39.65,1
600689,上海三毛,15.14,1
2571,德力股份,31.05,1
603869,ST智知,41.75,1
601886,江河集团,88.94,1
300860,锋尚文化,27.72,1
603210,泰鸿万立,30.97,1
812,陕西金叶,24.2,1
605339,南侨食品,50.41,1
2898,赛隆退,0.35,1
300421,力星股份,44.15,1
600329,XD达仁堂,210.11,2
301578,辰奕智能,6.24,1
603656,泰禾智能,31.1,1
2116,中国海诚,37.22,1
2827,高争民爆,63.09,1
301508,中机认检,13.51,1
603176,汇通集团,20.09,1
603825,ST华扬,17.71,1
688395,正弦电气,18.36,1
603192,汇得科技,24.27,1
301048,金鹰重工,46.4,1
600727,鲁北化工,36.0,1
301097,天益医疗,13.37,1
301390,经纬股份,15.28,1
300925,法本信息,50.19,1
300669,沪宁股份,45.48,1
1231,农心科技,9.58,1
605136,丽人丽妆,29.07,1
301585,蓝宇股份,17.02,1
2852,道道全,21.21,1
300788,中信出版,44.97,1
300840,酷特智能,37.9,1
2395,双象股份,33.34,1
603310,巍华新材,28.87,1
2569,*ST步森,20.33,1
688198,佰仁医疗,118.3,2
301212,联盛化学,22.57,1
603273,天元智能,7.59,1
605338,巴比食品,45.09,1
300358,楚天科技,56.88,1
688569,铁科轨道,35.56,1
300906,日月明,17.36,1
1202,炬申股份,16.58,1
300404,博济医药,27.07,1
603700,宁水集团,23.04,1
2019,亿帆医药,83.16,1
603759,海天股份,32.83,1
2755,奥赛康,136.9,2
2168,ST惠程,28.07,1
1277,速达股份,12.3,1
603205,健尔康,8.79,1
507,珠海港,41.96,1
2267,陕天然气,76.4,1
301429,森泰股份,7.04,1
301449,天溯计量,7.29,1
603048,浙江黎明,26.54,1
300393,中来股份,62.52,1
605577,龙版传媒,40.44,1
688004,博汇科技,14.26,1
2234,民和股份,21.67,1
603998,方盛制药,40.79,1
300956,英力股份,22.35,1
2343,慈文传媒,22.36,1
2295,精艺股份,20.91,1
301129,瑞纳智能,13.52,1
603363,傲农生物,63.11,1
600272,开开实业,17.26,1
603085,天成自控,43.52,1
300736,百邦科技,37.75,1
600894,广日股份,63.57,1
688129,东来技术,27.1,1
2022,科华生物,25.05,1
688013,天臣医疗,19.85,1
301586,佳力奇,16.86,1
603587,地素时尚,54.17,1
603676,卫信康,38.12,1
596,古井贡酒,326.02,2
605,渤海股份,19.47,1
600965,*ST福成,22.35,1
2982,湘佳股份,15.81,1
600833,第一医药,21.46,1
600830,香溢融通,36.62,1
603201,常润股份,25.69,1
2876,三利谱,47.01,1
301503,智迪科技,8.68,1
603348,文灿股份,42.55,1
603336,宏辉果蔬,46.38,1
300797,钢研纳克,48.93,1
300995,奇德新材,16.14,1
600681,百川能源,45.29,1
300675,建科院,17.47,1
301601,惠通科技,12.97,1
688060,云涌科技,20.28,1
1211,双枪科技,19.98,1
300348,长亮科技,63.11,1
603261,立航科技,43.3,1
2043,兔 宝 宝,88.91,1
603021,*ST华鹏,22.4,1
688203,海正生材,19.8,1
301198,喜悦智行,19.49,1
301515,港通医疗,11.57,1
600816,建元信托,133.45,2
2999,天禾股份,18.96,1
2540,亚太科技,40.85,1
600433,冠豪高新,56.53,1
600987,航民股份,65.03,1
301028,鼎熔岩,39.19,1
300518,新迅达,56.38,1
605108,同庆楼,30.47,1
605169,洪通燃气,25.66,1
300079,数码视讯,54.46,1
300407,凯发电气,26.97,1
2749,国光股份,43.38,1
300852,四会富仕,86.03,1
2543,万和电气,42.87,1
603400,华之杰,14.32,1
300500,启迪设计,15.03,1
300862,蓝盾光电,28.55,1
601375,中原证券,138.94,2
96,广聚能源,37.09,1
300837,浙矿股份,17.28,1
600137,浪莎股份,16.27,1
200028,一致Ｂ,9.16,1
603326,我乐家居,20.08,1
2836,新宏泽,21.38,1
2884,凌霄泵业,44.1,1
603043,广州酒家,74.24,1
2248,华东数控,27.18,1
688152,麒麟信安,27.89,1
2676,顺威股份,35.93,1
2651,利君股份,42.75,1
2802,洪汇新材,15.85,1
688793,倍轻松,13.78,1
921,海信家电,227.51,2
603038,华立股份,39.79,1
300639,凯普生物,33.22,1
603219,富佳股份,83.26,1
605337,李子园,33.31,1
200029,深深房Ｂ,4.79,1
601900,南方传媒,99.31,2
200045,深纺织Ｂ,1.86,1
603350,安乃达,13.18,1
301314,科瑞思,7.66,1
2112,三变科技,40.6,1
605266,健之佳,24.03,1
603958,哈森股份,34.29,1
2510,天汽模,53.86,1
2589,瑞康医药,36.05,1
2097,山河智能,76.48,1
600106,XD重庆路,61.8,1
2265,建设工业,180.78,2
300707,威唐工业,16.02,1
603107,上海汽配,25.07,1
600765,中航重机,205.86,2
688466,金科环境,15.64,1
2327,富安娜,30.15,1
601512,中新集团,118.86,2
688701,卓锦股份,9.57,1
301170,锡南科技,8.28,1
2719,ST麦趣,9.44,1
600073,光明肉业,46.98,1
600829,人民同泰,47.32,1
688681,科汇股份,15.33,1
301063,海锅股份,15.87,1
688739,成大生物,81.75,1
603221,爱丽家居,29.19,1
603359,*ST东珠,10.62,1
600917,重庆燃气,74.62,1
2705,新宝股份,90.7,2
9,中国宝安,158.94,2
605567,春雪食品,16.62,1
300370,安控科技,32.48,1
300112,万讯自控,14.49,1
300264,佳创视讯,28.89,1
301575,艾芬达,6.58,1
688420,美腾科技,18.52,1
300293,蓝英装备,60.58,1
301552,科力装备,6.89,1
600302,ST标准,28.17,1
2849,威星智能,32.74,1
603551,奥普科技,34.95,1
2592,ST八菱,16.37,1
300220,金运激光,15.27,1
300360,炬华科技,57.53,1
919,金陵药业,38.11,1
603351,威尔药业,34.92,1
603739,蔚蓝生物,29.98,1
688021,奥福科技,15.13,1
2663,普邦股份,25.44,1
600997,开滦股份,79.55,1
301387,光大同创,31.54,1
200581,苏威孚Ｂ,21.84,1
601598,中国外运,273.35,2
2808,恒久退,0.39,1
603390,通达电气,35.58,1
848,承德露露,80.18,1
300749,顶固集创,36.99,1
688296,和达科技,14.01,1
2530,金财互联,46.64,1
2917,金奥博,26.37,1
688248,南网科技,331.48,2
2091,江苏国泰,116.97,2
301036,双乐股份,14.61,1
301255,通力科技,28.07,1
600650,锦江在线,38.9,1
688616,西力科技,18.4,1
2012,凯恩股份,28.57,1
605255,天普股份,94.69,2
301272,英华特,10.41,1
301102,兆讯传媒,37.03,1
603727,博迈科,45.95,1
603689,皖天然气,37.74,1
603755,日辰股份,22.85,1
688220,翱捷科技-U,494.68,2
200596,古井贡Ｂ,62.08,1
603352,至信股份,11.3,1
2494,华斯股份,13.22,1
600012,皖通高速,193.72,2
619,海螺新材,15.84,1
300437,清水源,18.31,1
2538,ST司特,52.12,1
301156,美农生物,12.78,1
688151,华强科技,53.02,1
300247,融捷健康,29.83,1
600444,国机通用,19.02,1
603070,万控智造,46.03,1
603615,茶花股份,40.87,1
600479,千金药业,39.97,1
600662,外服控股,94.49,2
900941,东信Ｂ股,1.43,1
2753,永东股份,17.54,1
300519,新光药业,14.25,1
301279,金道科技,27.67,1
600248,陕建股份,103.76,2
2780,三夫户外,16.45,1
600033,福建高速,93.86,2
600679,上海凤凰,30.9,1
601007,金陵饭店,24.3,1
301371,敷尔佳,20.21,1
301192,泰祥股份,9.12,1
200056,*ST皇庭B,1.44,1
600327,大东方,29.82,1
601163,XD三角轮,103.44,2
301088,戎美股份,22.62,1
605296,神农集团,149.33,2
600694,大商股份,53.18,1
301459,丰茂股份,8.84,1
300867,圣元环保,32.35,1
301299,卓创资讯,19.28,1
603071,物产环能,63.66,1
603569,长久物流,33.07,1
688679,通源环境,43.79,1
300582,英飞特,25.97,1
600742,富维股份,53.72,1
601811,新华文轩,90.2,2
300673,佩蒂股份,21.45,1
301359,东南电子,11.06,1
2598,ST章鼓,19.48,1
301011,华立科技,20.99,1
300952,恒辉安防,28.13,1
600686,金龙汽车,81.96,1
300193,佳士科技,32.33,1
600243,*ST海华,15.05,1
300908,仲景食品,28.41,1
300957,贝泰妮,133.55,2
603877,太平鸟,60.12,1
603012,创力集团,53.4,1
300281,金明精机,25.15,1
601022,宁波远洋,100.76,2
1259,利仁科技,28.44,1
300652,雷迪克,38.59,1
300589,江龙船艇,29.26,1
1324,长青科技,26.83,1
603617,君禾股份,25.29,1
600750,华润江中,147.96,2
600551,时代出版,44.75,1
4,国华退,0.58,1
300886,华业香料,10.52,1
603282,亚光股份,18.64,1
900936,鄂资Ｂ股,9.84,1
900939,汇丽B,0.45,1
900940,大名城B,0.43,1
900943,开开Ｂ股,0.32,1
900946,天雁B股,0.41,1
900942,黄山Ｂ股,1.46,1
301126,达嘉维康,12.39,1
688573,信宇人,8.51,1
301173,毓恬冠佳,9.33,1
600712,南宁百货,26.07,1
200553,安道麦B,4.54,1
2790,瑞尔特,14.44,1
2419,天虹股份,50.1,1
605378,野马电池,35.28,1
605011,杭州热电,65.34,1
900932,陆家Ｂ股,4.05,1
900913,国新B股,0.33,1
603639,海利尔,34.77,1
600654,中安科,61.88,1
600535,天士力,210.35,2
688357,建龙微纳,25.55,1
688695,中创股份,9.88,1
601113,华鼎股份,35.77,1
603215,比依股份,27.05,1
300950,德固特,15.97,1
1228,永泰运,21.48,1
300625,三雄极光,14.71,1
688058,宝兰德,16.15,1
300205,*ST天喻,20.21,1
603055,台华新材,74.33,1
900934,锦江Ｂ股,2.26,1
900929,锦旅Ｂ股,0.61,1
200761,本钢板Ｂ,3.36,1
900905,老凤祥Ｂ,6.42,1
688516,奥特维,157.38,2
200058,深赛格B,3.67,1
200468,宁通信B,3.16,1
200505,京粮B,1.17,1
200512,闽灿坤Ｂ,4.25,1
200521,虹美菱B,4.28,1
200530,冰山B,3.74,1
200541,粤照明Ｂ,5.69,1
200550,江  铃Ｂ,33.2,1
200726,鲁  泰Ｂ,9.38,1
200992,中  鲁Ｂ,2.53,1
201872,招港B,29.36,1
900901,云赛Ｂ股,2.0,1
900904,神奇B股,0.24,1
900906,中毅达B,0.79,1
900928,临港B股,0.74,1
900908,氯碱Ｂ股,2.76,1
900909,华谊B股,1.21,1
900911,金桥Ｂ股,2.08,1
900914,锦在线B,0.68,1
900915,ST中路B,0.17,1
900916,凤凰B股,0.58,1
900917,海欣Ｂ股,1.21,1
900918,耀皮Ｂ股,0.61,1
900922,三毛B股,0.3,1
900923,百联Ｂ股,1.04,1
900924,上工Ｂ股,0.74,1
900925,机电Ｂ股,3.03,1
900926,宝信Ｂ,6.54,1
900927,物贸Ｂ股,0.32,1
600202,哈空调,17.56,1
900912,外高Ｂ股,1.36,1
2516,旷达科技,76.47,1
200488,ST晨鸣B,4.1,1
600796,钱江生化,14.92,1
301167,建研设计,13.28,1
1387,雪祺电气,14.01,1
301009,可靠股份,12.57,1
688267,中触媒,41.5,1
601567,三星电气,196.03,2
591,太阳能,166.68,2
300810,中科海讯,28.62,1
688509,正元地信,15.35,1
603058,永吉股份,36.91,1
600897,厦门空港,61.16,1
688089,嘉必优,18.03,1
603230,内蒙新华,31.57,1
860,顺鑫农业,74.55,1
300198,*ST纳川,22.37,1
2535,林州重机,17.16,1
2626,金达威,83.49,1
603185,弘元绿能,100.5,2
301223,中荣股份,30.92,1
200869,张  裕Ｂ,16.16,1
803,山高环能,30.39,1
301037,保立佳,7.87,1
688506,百利天恒,1283.62,4
603586,金麒麟,25.27,1
605138,盛泰集团,32.56,1
301023,奕帆传动,15.98,1
600238,*ST椰岛,20.35,1
603206,嘉环科技,43.06,1
300030,阳普医疗,16.8,1
688755,汉邦科技,20.01,1
1260,坤泰股份,18.7,1
688096,京源环保,21.6,1
600268,国电南自,109.27,2
688022,ST瀚川,14.18,1
603515,欧普照明,127.02,2
688602,康鹏科技,19.26,1
300140,节能环境,51.41,1
300583,赛托生物,22.0,1
600119,*ST长投,16.51,1
601199,江南水务,54.52,1
600706,曲江文旅,17.76,1
2900,哈三联,15.79,1
300645,正元智慧,16.63,1
600661,昂立教育,21.0,1
603327,福蓉科技,85.73,1
2811,郑中设计,31.28,1
688161,威高骨科,88.28,1
301004,嘉益股份,43.2,1
601008,连云港,51.61,1
603022,新通联,16.08,1
603102,百合股份,20.76,1
881,中广核技,55.94,1
603238,诺邦股份,20.11,1
1356,富岭股份,16.83,1
300621,维业股份,13.14,1
688329,艾隆科技,15.86,1
605080,浙江自然,27.93,1
300335,迪森股份,18.75,1
600211,西藏药业,122.58,2
301318,维海德,18.81,1
900903,大众Ｂ股,1.42,1
605007,五洲特纸,71.19,1
2915,中欣氟材,53.03,1
900937,华电B股,0.98,1
300787,海能实业,17.06,1
300352,ST信源,33.43,1
600303,曙光股份,17.28,1
903,ST云动,34.95,1
2557,洽洽食品,99.85,2
300452,山河药辅,23.88,1
688727,恒坤新材,34.12,1
600688,上海石化,212.54,2
600864,哈投股份,109.23,2
782,恒申新材,39.45,1
603868,飞科电器,131.99,2
300910,瑞丰新材,75.01,1
688309,恒誉环保,51.56,1
2939,长城证券,292.54,2
300006,莱美药业,51.21,1
600249,两面针,25.96,1
600819,耀皮玻璃,40.21,1
300298,三诺生物,65.09,1
600850,电科数字,126.52,2
521,长虹美菱,47.96,1
600508,上海能源,81.25,1
605028,世茂能源,34.05,1
603180,金牌家居,22.12,1
603637,镇海股份,32.34,1
837,秦川机床,107.99,2
2123,梦网科技,62.4,1
603776,永安行,54.75,1
300472,*ST新元,16.08,1
655,金岭矿业,37.51,1
2449,国星光电,42.3,1
720,新能泰山,42.09,1
862,银星能源,29.51,1
603768,常青股份,23.46,1
603276,恒兴新材,11.72,1
2883,*ST中设,13.17,1
300901,中胤时尚,33.84,1
2316,亚联发展,14.01,1
2817,黄山胶囊,17.72,1
301380,挖金客,21.65,1
20,深华发Ａ,19.2,1
2021,中捷资源,29.41,1
300245,ST天玑,17.14,1
688247,宣泰医药,40.39,1
2228,合兴包装,37.01,1
300702,天宇股份,43.51,1
2332,仙琚制药,81.23,1
603636,南威软件,46.14,1
603150,万朗磁塑,55.99,1
600620,天宸股份,27.4,1
603375,XD盛景微,29.02,1
2591,恒大高新,13.81,1
688100,威胜信息,141.02,2
688765,禾元生物-U,23.51,1
1269,欧晶科技,38.08,1
2322,理工能科,34.65,1
603069,海汽集团,39.82,1
652,泰达股份,49.14,1
603138,海量数据,39.1,1
300514,友讯达,14.78,1
600053,*ST九鼎,35.03,1
550,江铃汽车,84.41,1
2496,辉丰股份,24.57,1
1201,东瑞股份,23.67,1
301077,星华新材,21.18,1
2826,易明医药,30.85,1
2984,森麒麟,96.95,2
603193,润本股份,19.29,1
2678,珠江钢琴,57.97,1
600062,华润双鹤,172.03,2
300904,威力传动,8.51,1
301287,康力源,5.53,1
600195,中牧股份,62.19,1
603089,正裕工业,19.99,1
603896,寿仙谷,27.46,1
688232,新点软件,59.31,1
600078,澄星股份,71.96,1
603967,中创物流,38.51,1
605086,龙高股份,42.47,1
300647,超频三,24.52,1
600381,*ST春天,25.77,1
688707,振华新材,55.05,1
301258,富士莱,21.38,1
601368,绿城水务,38.06,1
300774,倍杰特,20.11,1
99,中信海直,108.06,2
300712,永福股份,42.88,1
300897,山科智能,17.2,1
688330,宏力达,45.78,1
601026,道生天合,15.49,1
600287,苏豪时尚,19.79,1
789,万年青,30.86,1
600971,恒源煤电,84.36,1
2032,苏 泊 尔,339.38,2
2758,浙农股份,39.13,1
688032,禾迈股份,98.39,2
600732,爱旭股份,250.74,2
2661,克明食品,22.97,1
600778,友好集团,15.75,1
600638,XD新黄浦,30.17,1
2912,中新赛克,29.96,1
2286,保龄宝,30.06,1
601518,吉林高速,50.67,1
1318,阳光乳业,28.77,1
3027,同兴科技,16.91,1
600125,铁龙物流,68.93,1
688092,爱科科技,18.17,1
300978,东箭科技,23.54,1
301446,福事特,10.73,1
603628,清源股份,25.18,1
300642,透景生命,17.28,1
605008,长鸿高科,76.55,1
688630,芯碁微装,612.62,3
3010,若羽臣,51.31,1
300822,贝仕达克,32.97,1
688435,英方软件,16.95,1
603909,建发合诚,22.81,1
301019,宁波色母,22.69,1
688050,爱博医疗,80.39,1
600716,凤凰股份,31.36,1
300294,博雅生物,74.12,1
603879,永悦科技,16.03,1
605183,确成股份,59.02,1
1396,誉帆科技,8.02,1
300898,熊猫乳品,21.73,1
2789,*ST建艺,15.98,1
937,冀中能源,160.13,2
2731,*ST萃华,6.57,1
600883,博闻科技,16.64,1
599,青岛双星,35.77,1
2109,ST兴化,33.18,1
600235,民丰特纸,18.27,1
2862,实丰文化,16.61,1
603919,金徽酒,74.21,1
2133,广宇集团,19.25,1
603377,ST东时,20.6,1
600395,盘江股份,98.74,2
300212,*ST易录,64.26,1
301125,腾亚精工,22.24,1
300511,雪榕生物,29.92,1
688315,诺禾致源,54.65,1
300770,新媒股份,73.89,1
301106,骏成科技,25.46,1
300171,东富龙,65.72,1
688255,凯尔达,28.49,1
300466,赛摩智能,32.18,1
301567,贝隆精密,7.36,1
300167,ST迪威迅,15.97,1
301571,国科天成,80.45,1
2963,豪尔赛,23.92,1
605009,豪悦护理,50.66,1
300411,金盾股份,21.58,1
600648,外高桥,97.17,2
2599,盛通股份,21.09,1
856,冀东装备,16.78,1
2616,长青集团,27.26,1
300512,中亚股份,21.93,1
603168,莎普爱思,18.55,1
300819,聚杰微纤,79.51,1
301668,昊创瑞通,7.57,1
2877,智能自控,17.12,1
603106,恒银科技,35.66,1
300155,安居宝,13.24,1
600322,津投城开,31.4,1
19,深粮控股,24.56,1
600533,栖霞建设,20.79,1
957,中通客车,55.26,1
301083,百胜智能,11.18,1
603188,亚邦股份,22.18,1
600148,长春一东,20.85,1
603208,江山欧派,18.82,1
300789,唐源电气,14.08,1
300937,药易购,12.68,1
300215,电科院,47.12,1
300571,平治信息,43.28,1
1234,泰慕士,18.32,1
300168,万达信息,68.79,1
603280,南方路机,27.37,1
301020,密封科技,29.76,1
2186,全 聚 德,26.35,1
533,顺钠股份,60.96,1
600222,太龙药业,41.45,1
600123,兰花科创,83.53,1
600684,珠江股份,26.2,1
301581,黄山谷捷,16.22,1
301398,星源卓镁,43.28,1
301100,风光股份,12.82,1
576,甘化科工,30.93,1
603858,步长制药,163.35,2
301557,常友科技,22.06,1
796,凯撒旅业,49.5,1
2941,新疆交建,69.4,1
688709,成都华微,81.51,1
688033,*ST天宜,38.79,1
603300,海南华铁,89.96,1
300798,锦鸡股份,26.13,1
1317,三羊马,38.29,1
2769,普路通,24.21,1
2232,启明信息,58.63,1
755,山西高速,66.32,1
600388,龙净环保,201.81,2
600865,百大集团,31.83,1
798,中水渔业,26.85,1
301260,格力博,28.09,1
2243,力合科创,78.99,1
2293,罗莱生活,89.75,1
2765,蓝黛科技,43.92,1
600612,老凤祥,107.88,2
603848,好太太,57.66,1
603801,志邦家居,23.89,1
2809,红墙股份,12.92,1
2631,德尔未来,76.82,1
601579,会稽山,70.67,1
301001,凯淳股份,11.43,1
600745,*ST闻泰,265.47,2
2638,勤上股份,52.48,1
301266,宇邦新材,28.28,1
2762,金发拉比,16.97,1
688051,佳华科技,17.36,1
600746,江苏索普,61.55,1
603908,牧高笛,16.32,1
601228,广州港,222.56,2
600983,惠而浦,55.26,1
300746,汉嘉数智,22.49,1
910,大亚圣象,29.38,1
603028,赛福天,18.73,1
603918,金桥信息,35.31,1
688638,誉辰智能,7.86,1
3037,三和管桩,37.08,1
300314,戴维医疗,13.55,1
300016,北陆药业,46.04,1
300340,科恒股份,22.04,1
600981,苏豪汇鸿,50.9,1
300538,同益股份,17.97,1
300928,华安鑫创,14.1,1
2122,ST汇洲,48.9,1
600569,安阳钢铁,48.26,1
42,中洲控股,51.67,1
603657,春光科技,31.07,1
301357,北方长龙,75.66,1
300842,帝科股份,100.71,2
548,湖南投资,20.87,1
605259,绿田机械,30.72,1
820,*ST节能,8.58,1
2508,老板电器,141.43,2
688529,豪森智能,25.23,1
688193,仁度生物,19.45,1
600615,鑫源智造,21.15,1
300306,远方信息,14.69,1
600356,恒丰纸业,23.75,1
1335,信凯科技,8.37,1
600543,*ST莫高,12.65,1
301010,晶雪节能,17.03,1
2101,广东鸿图,59.27,1
300076,*ST宁视,18.78,1
2724,海洋王,27.82,1
688113,联测科技,23.25,1
2909,集泰股份,18.26,1
3011,海象新材,14.34,1
300869,康泰医学,27.88,1
603418,友升股份,18.18,1
301456,盘古智能,14.18,1
300425,中建环能,26.28,1
2004,华邦健康,77.78,1
3008,开普检测,13.61,1
603968,醋化股份,19.1,1
688285,高铁电气,26.94,1
300254,仟源医药,18.61,1
301006,迈拓股份,10.74,1
2813,路畅科技,22.93,1
301263,泰恩康,76.39,1
300587,天铁科技,38.21,1
300879,大叶股份,31.3,1
300800,力合科技,22.21,1
301158,德石股份,26.85,1
600400,红豆股份,70.57,1
300396,ST迪瑞,17.67,1
200037,深南电B,5.78,1
600834,申通地铁,32.27,1
869,张  裕Ａ,74.14,1
301584,建发致新,11.03,1
688488,艾迪药业,60.26,1
605199,ST葫芦娃,23.17,1
2683,广东宏大,190.7,2
756,新华制药,71.64,1
300240,飞力达,18.82,1
300935,盈建科,15.31,1
688251,井松智能,22.63,1
1229,魅视科技,35.08,1
2275,桂林三金,73.09,1
600671,天目药业,23.39,1
603169,兰石重装,82.56,1
688450,光格科技,26.46,1
600337,ST美克,44.98,1
300608,思特奇,30.04,1
688217,睿昂基因,12.36,1
603797,联泰环保,22.43,1
2949,华阳国际,15.28,1
300737,科顺股份,51.99,1
300670,大烨智能,14.47,1
2031,巨轮智能,104.87,2
688321,微芯生物,113.13,2
2825,纳尔股份,20.97,1
688489,三未信安,41.73,1
600516,方大炭素,207.34,2
2622,皓宸医疗,18.14,1
300320,海达股份,40.91,1
603696,安记食品,27.28,1
603566,普莱柯,35.37,1
301469,恒达新材,12.27,1
603387,基蛋生物,41.99,1
300521,爱司凯,35.38,1
702,正虹科技,13.57,1
688178,万德斯,27.43,1
600476,*ST湘邮,14.48,1
2205,国统股份,19.16,1
2576,通达动力,22.55,1
603787,新日股份,21.86,1
603161,科华控股,24.34,1
31,大悦城,93.44,2
300892,品渥食品,12.48,1
600858,银座股份,23.76,1
603059,倍加洁,24.7,1
520,凤凰航运,43.92,1
1296,长江材料,13.81,1
300492,华图山鼎,67.34,1
300622,博士眼镜,30.34,1
300025,华星创业,22.14,1
300710,万隆光电,21.88,1
601878,浙商证券,437.71,2
2095,生 意 宝,32.8,1
2679,福建金森,19.03,1
828,东莞控股,99.17,2
600346,恒力石化,1111.47,4
603655,朗博科技,31.88,1
600590,泰豪科技,77.86,1
3023,彩虹集团,20.06,1
590,古汉医药,19.6,1
301289,国缆检测,34.95,1
688459,哈铁科技,39.12,1
300126,锐奇股份,12.15,1
301116,益客食品,40.18,1
300778,新城市,19.36,1
300113,顺网科技,92.64,2
300917,特发服务,40.1,1
300685,艾德生物,67.86,1
1336,楚环科技,10.83,1
2868,绿康生化,26.09,1
600084,*ST尼雅,48.54,1
601968,宝钢包装,52.94,1
985,大庆华科,18.75,1
301335,天元宠物,17.33,1
2282,博深股份,28.84,1
301388,欣灵电气,16.56,1
300994,久祺股份,12.14,1
603822,ST嘉澳,47.62,1
1328,登康口腔,42.74,1
300460,ST惠伦,27.8,1
600099,林海股份,18.27,1
603385,惠达卫浴,19.11,1
603136,天目湖,23.18,1
605005,合兴股份,62.52,1
688360,德马科技,43.89,1
301361,众智科技,16.17,1
603511,爱慕股份,47.9,1
301068,大地海洋,29.9,1
3002,壶化股份,30.75,1
300686,智动力,39.02,1
600537,*ST亿晶,30.42,1
603408,建霖家居,44.4,1
603029,天鹅股份,17.39,1
601882,海天精工,99.81,2
603711,香飘飘,46.82,1
603912,佳力图,40.7,1
2066,瑞泰科技,46.82,1
300949,奥雅股份,10.25,1
603191,望变电气,47.55,1
301032,新柴股份,15.88,1
600735,ST新华锦,26.8,1
603378,*ST亚士,25.03,1
2098,浔兴股份,23.13,1
301220,亚香股份,23.23,1
300532,今天国际,38.04,1
600969,郴电国际,27.49,1
600318,新力金融,31.17,1
603159,上海亚虹,25.7,1
603231,索宝蛋白,16.16,1
300826,测绘股份,27.53,1
2451,摩恩电气,29.91,1
2880,卫光生物,47.97,1
300535,达威股份,11.12,1
601918,新集能源,243.77,2
600560,金自天正,24.0,1
603685,晨丰科技,59.94,1
300081,ST恒信,21.95,1
1220,世盟股份,6.36,1
601116,三江购物,54.49,1
600824,益民集团,36.68,1
301311,昆船智能,31.49,1
2783,凯龙股份,32.51,1
688189,ST南新,17.52,1
603815,交建股份,42.02,1
600566,济川药业,220.1,2
300228,富瑞特装,43.09,1
688389,普门科技,45.03,1
2387,维信诺,112.71,2
301622,英思特,27.41,1
2011,盾安环境,108.09,2
300422,博世科,22.94,1
605162,新中港,33.43,1
301210,金杨精密,17.92,1
301270,汉仪股份,24.71,1
2977,*ST天箭,16.06,1
688314,康拓医疗,25.94,1
2581,*ST未名,13.23,1
2476,新叶股份,27.66,1
300109,新开源,72.76,1
600754,锦江酒店,163.72,2
2323,*ST雅博,30.32,1
999,华润三九,395.06,2
600748,上实发展,68.25,1
930,中粮科技,82.98,1
300927,江天化学,29.87,1
1300,三柏硕,28.81,1
600429,三元股份,61.85,1
601611,中国核建,311.03,2
300427,红相股份,32.34,1
300543,朗科智能,18.09,1
2221,东华能源,77.43,1
488,ST晨鸣,33.88,1
600128,苏豪弘业,19.25,1
605365,立达信,69.38,1
1368,通达创智,22.83,1
78,ST海王,49.62,1
2956,西麦食品,66.72,1
600853,龙建股份,31.73,1
300094,国联水产,29.19,1
2513,蓝丰生化,14.11,1
301016,雷尔伟,39.14,1
600616,金枫酒业,25.96,1
300785,值得买,44.87,1
2858,力盛体育,15.82,1
603829,洛凯股份,28.48,1
1299,美能能源,28.2,1
600217,中再资环,48.24,1
603716,塞力医疗,32.42,1
301157,华塑科技,12.13,1
2403,爱仕达,29.15,1
603258,电魂网络,28.74,1
600470,六国化工,36.3,1
688501,青达环保,22.57,1
2743,富煌钢构,17.21,1
600420,国药现代,116.55,2
300850,新强联,74.41,1
600610,中毅达,45.0,1
600149,廊坊发展,17.64,1
707,双环科技,23.4,1
605089,味知香,27.37,1
601226,华电科工,71.83,1
11,深物业A,33.85,1
603529,爱玛科技,171.89,2
2094,青岛金王,30.24,1
603072,天和磁材,42.38,1
300338,*ST开元,10.15,1
688130,晶华微,16.57,1
2666,德联集团,19.43,1
635,英 力 特,22.12,1
300796,贝斯美,22.75,1
603648,畅联股份,34.18,1
301281,科源制药,35.77,1
603811,诚意药业,33.5,1
600587,新华医疗,72.92,1
301525,儒竞科技,31.61,1
300501,海顺新材,33.79,1
601083,锦江航运,19.9,1
2697,红旗连锁,50.62,1
600375,汉马科技,58.21,1
300664,鹏鹞环保,31.62,1
695,滨海能源,27.75,1
679,大连友谊,21.31,1
2887,绿茵生态,22.48,1
603810,丰山集团,18.57,1
603086,先达股份,23.26,1
301052,果麦文化,18.3,1
600135,乐凯胶片,42.49,1
603788,宁波高发,30.34,1
688619,罗普特,25.59,1
688253,英诺特,73.88,1
600229,城市传媒,31.85,1
600449,宁夏建材,60.49,1
688737,中自科技,21.2,1
603500,祥和实业,33.89,1
3015,日久光电,28.66,1
603066,音飞储存,29.71,1
300509,新美星,20.39,1
1217,华尔泰,28.19,1
603125,常青科技,108.5,2
603065,宿迁联盛,81.49,1
300985,致远新能,85.98,1
600968,海油发展,353.75,2
688097,博众精工,243.24,2
600847,万里股份,19.02,1
301325,曼恩斯特,46.35,1
2016,世荣兆业,32.69,1
300991,创益通,29.07,1
726,鲁  泰Ａ,32.77,1
2348,高乐股份,99.21,2
301339,通行宝,58.69,1
2068,黑猫股份,80.63,1
603030,全筑股份,26.47,1
2649,博彦科技,44.3,1
603079,圣达生物,21.4,1
2630,*ST华西,18.09,1
2069,獐子岛,22.23,1
600861,北京人力,67.48,1
688273,麦澜德,38.15,1
3039,顺控发展,68.3,1
633,合金投资,18.68,1
300011,鼎汉技术,29.47,1
600265,*ST景谷,28.8,1
2401,中远海科,43.37,1
1216,华瓷股份,34.23,1
2333,罗普斯金,32.39,1
600743,华远控股,50.21,1
600232,金鹰股份,21.85,1
603023,威帝股份,20.37,1
2394,联发股份,29.73,1
404,长虹华意,52.3,1
411,英特集团,52.48,1
605286,同力天启,42.05,1
600515,海南机场,257.85,2
301122,采纳股份,21.28,1
603630,拉芳家化,30.15,1
3032,传智教育,14.79,1
688317,之江生物,29.75,1
2085,万丰奥威,224.22,2
603999,XD读者传,29.89,1
600655,豫园股份,169.21,2
600525,ST长园,67.39,1
300381,溢多利,27.99,1
688366,昊海生科,60.08,1
2259,升达林业,27.31,1
300326,ST凯利,43.22,1
600558,大西洋,42.73,1
605128,上海沿浦,72.81,1
300243,瑞丰高材,34.46,1
603838,*ST四通,27.36,1
603600,永艺股份,30.4,1
300828,锐新科技,14.66,1
301103,何氏眼科,19.15,1
603092,德力佳,17.59,1
688656,浩欧博,61.44,1
600803,新奥股份,476.12,2
420,吉林化纤,92.91,2
301181,标榜股份,25.5,1
603195,公牛集团,674.52,3
688098,申联生物,37.57,1
301112,信邦智能,38.23,1
300477,ST合纵,23.19,1
300599,雄塑科技,18.41,1
300771,智莱科技,19.89,1
2253,川大智胜,19.9,1
2140,东华科技,62.43,1
603767,中马传动,45.55,1
688066,*ST航图,30.36,1
301602,超研股份,29.04,1
603839,安正时尚,22.49,1
3038,鑫铂股份,17.92,1
601019,山东出版,143.79,2
601200,上海环境,91.95,2
688252,天德钰,90.68,2
688589,力合微,31.27,1
300942,易瑞生物,24.99,1
301631,壹连科技,30.94,1
2490,山东墨龙,41.6,1
6,深振业Ａ,95.58,2
301089,拓新药业,20.64,1
2627,三峡旅游,39.86,1
605050,福然德,47.36,1
603018,华设集团,43.25,1
300268,佳沃食品,14.57,1
688292,浩瀚深度,28.98,1
885,城发环境,78.78,1
301305,朗坤科技,30.38,1
2529,海源复材,17.6,1
735,罗 牛 山,57.54,1
300022,吉峰科技,38.01,1
603006,联明股份,31.71,1
603718,*ST海利,18.63,1
301187,欧圣电气,36.76,1
603105,芯能科技,33.55,1
600120,浙江东方,165.3,2
300419,ST浩丰,26.81,1
911,*ST广糖,17.17,1
300412,迦南科技,19.56,1
301505,苏州规划,12.24,1
603886,元祖股份,29.54,1
688750,金天钛业,35.24,1
300177,中海达,37.77,1
822,山东海化,35.98,1
541,佛山照明,61.28,1
2609,捷顺科技,33.63,1
603015,弘讯科技,42.85,1
1278,一彬科技,12.81,1
421,南京公用,29.75,1
2178,延华智能,31.25,1
301337,亚华电子,26.66,1
600774,汉商集团,19.29,1
603421,鼎信通讯,38.81,1
600386,北巴传媒,26.21,1
301186,超达装备,39.11,1
1223,欧克科技,26.06,1
761,本钢板材,83.07,1
301075,多瑞医药,50.72,1
301261,恒工精密,68.87,1
2923,润都股份,27.54,1
1333,光华股份,24.32,1
603922,ST金鸿顺,22.18,1
603281,江瀚新材,115.4,2
301065,本立科技,15.64,1
913,钱江摩托,53.83,1
300678,中科信息,65.46,1
2593,日上集团,22.92,1
300448,浩云科技,35.47,1
301229,纽泰格,15.63,1
557,西部创业,52.05,1
300981,中红医疗,39.65,1
2258,利尔化学,107.33,2
300637,扬帆新材,20.68,1
301202,朗威股份,30.12,1
603871,嘉友国际,153.9,2
300729,乐歌股份,31.94,1
603713,密尔克卫,117.95,2
600581,*ST八钢,34.8,1
2017,东信和平,79.3,1
2358,森源电气,49.37,1
301348,蓝箭电子,42.42,1
2209,达 意 隆,15.91,1
2582,好想你,30.47,1
300878,维康药业,47.58,1
605155,西大门,23.04,1
301381,赛维时代,35.89,1
300107,建新股份,20.04,1
2090,金智科技,35.76,1
2381,双箭股份,16.84,1
2968,新大正,17.98,1
301073,君亭酒店,30.49,1
600493,XD凤竹纺,15.97,1
600980,北矿科技,32.78,1
3016,欣贺股份,25.89,1
2760,凤形股份,17.86,1
605122,四方新材,18.55,1
605133,嵘泰股份,95.36,2
2664,信质集团,71.3,1
600080,ST金花,17.8,1
2561,徐家汇,26.61,1
688201,ST信安,23.25,1
300564,筑博设计,13.95,1
2200,交投生态,12.43,1
2857,三晖电气,20.25,1
603081,大丰实业,36.76,1
300915,海融科技,11.5,1
600315,上海家化,118.85,2
608,阳光股份,45.02,1
600805,悦达投资,35.97,1
300815,玉禾田,66.05,1
300380,安硕信息,36.68,1
600757,长江传媒,89.92,1
603729,ST龙韵,10.08,1
603116,红蜻蜓,34.28,1
301330,熵基科技,47.1,1
300644,南京聚隆,20.08,1
301227,森鹰窗业,19.07,1
300838,浙江力诺,13.02,1
301058,中粮科工,40.73,1
2644,佛慈制药,36.82,1
300839,博汇股份,33.31,1
600756,浪潮软件,45.08,1
300653,正海生物,26.06,1
600382,广东明珠,42.84,1
600052,东望时代,31.4,1
301331,恩威医药,20.75,1
821,ST京机,46.8,1
600063,皖维高新,125.59,2
300021,大禹节水,36.25,1
688246,嘉和美康,26.83,1
2037,保利联合,29.37,1
601718,ST际华,77.63,1
816,智慧农业,35.27,1
688345,博力威,52.01,1
601956,东贝集团,29.78,1
300882,万胜智能,40.56,1
688377,迪威尔,51.78,1
300767,震安科技,48.65,1
603883,老百姓,86.59,1
2393,力生制药,43.77,1
2869,金溢科技,24.38,1
603229,奥翔药业,67.17,1
603014,威高血净,34.13,1
2357,富临运业,28.09,1
605066,天正电气,32.16,1
603489,八方股份,59.8,1
300225,金力泰,34.46,1
300731,科创新源,87.66,1
600348,华阳股份,302.31,2
301498,乖宝宠物,70.05,1
301556,托普云农,17.09,1
688298,东方生物,38.91,1
603330,天洋新材,31.85,1
300807,天迈科技,19.98,1
300542,新晨科技,27.58,1
600925,苏能股份,68.9,1
300827,上能电气,96.53,2
300967,晓鸣股份,19.76,1
2469,三维化学,35.25,1
300609,汇纳科技,34.78,1
2489,浙江永强,52.61,1
300066,三川智慧,52.0,1
2782,可立克,84.66,1
600371,万向德农,19.51,1
601599,浙文影业,34.0,1
600753,ST海钦,25.79,1
2987,京北方,98.18,2
301636,泽润新能,15.19,1
603966,法兰泰克,43.34,1
603091,众鑫股份,22.38,1
928,中钢国际,70.15,1
301066,万事利,27.25,1
637,茂化实华,12.98,1
2135,东南网架,65.76,1
1239,永达股份,14.55,1
2212,天融信,67.44,1
528,柳    工,160.73,2
300355,蒙草生态,38.12,1
600676,交运股份,70.76,1
300235,方直科技,24.27,1
600692,亚通股份,14.05,1
600510,黑牡丹,71.21,1
300424,航新科技,37.4,1
600319,亚星化学,23.34,1
301551,无线传媒,31.75,1
603101,汇嘉时代,32.32,1
301136,招标股份,31.86,1
300829,金丹科技,21.99,1
603189,*ST网达,27.09,1
300600,国瑞科技,29.16,1
2766,索菱股份,30.59,1
603395,红四方,13.4,1
603389,亚振家居,152.34,2
868,安凯客车,31.94,1
600165,ST宁科,19.86,1
2329,皇氏集团,21.18,1
692,惠天热电,20.67,1
2010,传化智联,126.56,2
2634,*ST棒杰,19.02,1
600178,东安动力,41.52,1
2572,索菲亚,50.1,1
600064,南京高科,126.66,2
2614,奥佳华,20.12,1
610,*ST西旅,13.24,1
2908,德生科技,20.85,1
2086,东方海洋,28.15,1
301338,凯格精机,133.09,2
300445,康斯特,28.19,1
603579,荣泰健康,35.83,1
605077,华康股份,31.56,1
2162,悦心健康,32.97,1
688367,工大高科,25.98,1
600785,新华百货,30.04,1
603669,灵康药业,44.02,1
300349,金卡智能,37.97,1
688571,杭华股份,39.28,1
300603,立昂技术,28.34,1
980,众泰汽车,89.76,1
301111,粤万年青,36.4,1
300643,万通智控,40.37,1
601086,国芳集团,45.95,1
603239,浙江仙通,37.49,1
156,华数传媒,111.17,2
600257,大湖股份,21.46,1
300097,智云股份,22.9,1
600152,维科技术,44.76,1
600250,南京商旅,24.71,1
300632,光莆股份,47.73,1
603369,今世缘,309.83,2
605177,东亚药业,18.63,1
2399,海普瑞,118.98,2
300187,永清环保,32.35,1
688236,春立医疗,42.72,1
2467,二六三,63.83,1
300556,丝路视觉,17.87,1
301262,海看股份,23.27,1
300464,星徽股份,22.27,1
972,中基健康,27.61,1
600573,惠泉啤酒,22.43,1
688557,兰剑智能,31.3,1
603098,森特股份,53.99,1
603299,苏盐井神,70.87,1
688692,达梦数据,179.68,2
2882,金龙羽,43.56,1
300378,鼎捷数智,91.85,2
2030,达安基因,71.72,1
2136,安 纳 达,25.69,1
603100,川仪股份,90.59,2
601717,中创智领,220.53,2
300873,海晨股份,69.48,1
300717,华信新材,24.55,1
300027,ST华谊,43.85,1
2035,华帝股份,36.05,1
790,华神科技,22.97,1
2093,国脉科技,65.08,1
2612,朗姿股份,28.32,1
688075,安旭生物,36.85,1
2712,思美传媒,23.31,1
2500,山西证券,190.26,2
2242,九阳股份,61.47,1
300110,华仁药业,31.77,1
300479,神思电子,26.19,1
2188,中天服务,12.51,1
600675,中华企业,129.39,2
669,ST金鸿,24.83,1
301252,同星科技,53.51,1
1238,浙江正特,38.77,1
300888,稳健医疗,160.59,2
600609,金杯汽车,41.22,1
603499,翔港科技,54.1,1
300389,艾比森,27.93,1
600359,新农开发,21.75,1
603429,*ST集友,40.39,1
2889,东方嘉盛,28.59,1
600088,中视传媒,45.54,1
688623,双元科技,23.44,1
600267,海正药业,127.12,2
300318,博晖创新,36.06,1
301030,*ST仕净,18.49,1
600177,雅戈尔,342.71,2
2658,雪迪龙,26.1,1
2454,松芝股份,42.29,1
301488,豪恩汽电,48.63,1
899,赣能股份,94.06,2
301609,山大电力,11.49,1
2059,云南旅游,42.47,1
601112,振石股份,28.15,1
300345,华民股份,32.8,1
553,安道麦A,125.62,2
301026,浩通科技,28.36,1
688581,安杰思,21.99,1
300960,通业科技,20.05,1
2306,ST云网,15.52,1
600469,风神股份,39.39,1
1322,箭牌家居,48.63,1
688628,优利德,97.95,2
301507,民生健康,13.32,1
600350,山东高速,573.86,3
2344,海宁皮城,46.51,1
2495,佳隆股份,15.06,1
603808,歌力思,27.64,1
600691,潞化科技,53.45,1
2823,凯中精密,30.16,1
300808,久量股份,23.3,1
603758,秦安股份,42.17,1
300295,*ST三六,16.89,1
1337,四川黄金,159.1,2
301599,理奇智能,21.68,1
2528,*ST英飞,46.52,1
603333,福华尚纬,49.22,1
300658,延江股份,24.6,1
300830,金现代,26.29,1
603309,维力医疗,34.5,1
301178,天亿马,25.38,1
300845,捷安高科,17.18,1
301137,哈焊华通,58.73,1
600876,凯盛新能,27.26,1
300947,德必集团,18.96,1
301458,钧崴电子,55.15,1
2686,亿利达,27.81,1
688055,龙腾光电,155.67,2
2700,万憬能源,23.46,1
2682,龙洲股份,24.18,1
300507,苏奥传感,55.95,1
600173,卧龙新能,41.18,1
2723,小崧股份,27.2,1
603037,凯众股份,26.14,1
2878,元隆雅图,27.18,1
757,浩物股份,19.39,1
1914,招商积余,89.78,1
300711,广哈通信,39.67,1
603080,新疆火炬,27.62,1
2997,瑞鹄模具,60.39,1
605116,奥锐特,82.09,1
300988,津荣天宇,24.01,1
301363,美好医疗,104.35,2
2029,七 匹 狼,53.23,1
603895,天永智能,32.51,1
301082,久盛电气,23.48,1
889,中嘉博创,26.88,1
713,国投丰乐,33.83,1
688335,复洁科技,33.31,1
603367,辰欣药业,61.94,1
300305,裕兴股份,16.49,1
688303,大全能源,354.39,2
688511,天微电子,40.61,1
688671,碧兴物联,12.42,1
300332,天壕能源,35.99,1
688458,美芯晟,35.76,1
301108,洁雅股份,19.8,1
2492,恒基达鑫,21.13,1
2926,华西证券,217.61,2
600826,兰生股份,66.2,1
601515,衢州东峰,59.85,1
2775,文科股份,18.82,1
603486,科沃斯,296.31,2
300183,东软载波,37.59,1
601339,百隆东方,108.87,2
301373,凌玮科技,48.69,1
300203,聚光科技,56.63,1
605188,国光连锁,59.66,1
600163,中闽能源,91.53,2
300439,美康生物,24.73,1
601595,上海电影,77.0,1
603819,神力股份,29.57,1
301149,隆华新材,27.24,1
2190,成飞集成,81.68,1
600,建投能源,87.53,1
2952,亚世光电,26.36,1
300690,双一科技,24.17,1
688479,友车科技,31.82,1
600810,神马股份,62.9,1
603681,XD永冠新,45.84,1
926,福星股份,31.31,1
300301,ST长方,28.67,1
601096,宏盛华源,68.02,1
300231,银信科技,34.79,1
300426,华智数媒,22.36,1
300056,中创环保,29.66,1
601799,星宇股份,266.65,2
600156,华升股份,33.74,1
600127,金健米业,34.98,1
601236,红塔证券,323.83,2
850,华茂股份,35.47,1
600340,*ST华幸,45.16,1
600198,大唐电信,109.36,2
300409,道氏技术,128.08,2
600197,伊力特,46.32,1
965,天保基建,33.85,1
2485,ST雪发,31.55,1
2319,乐通股份,23.46,1
2055,ST得润,39.74,1
688700,东威科技,216.1,2
605055,迎丰股份,44.0,1
2696,百洋股份,17.98,1
601021,春秋航空,450.33,2
688244,永信至诚,22.51,1
600828,茂业商业,62.85,1
2488,金固股份,82.16,1
301062,上海艾录,15.72,1
601179,中国西电,687.89,3
600901,江苏金租,345.11,2
300722,新余国科,64.51,1
300584,海辰药业,28.25,1
600794,保税科技,36.12,1
2641,公元股份,46.38,1
2950,奥美医疗,37.85,1
953,中哲精化,19.37,1
36,华联控股,57.52,1
2761,浙江建投,75.08,1
2642,荣联科技,45.25,1
2734,利民股份,67.98,1
2448,中原内配,65.71,1
300877,金春股份,36.01,1
300534,陇神戎发,22.65,1
514,渝 开 发,31.89,1
300992,泰福泵业,19.94,1
601566,九牧王,47.52,1
601969,海南矿业,156.61,2
600168,武汉控股,41.52,1
300399,天利科技,36.06,1
300983,尤安设计,55.78,1
600984,建设机械,48.14,1
2201,九鼎新材,53.7,1
603178,圣龙股份,39.67,1
688612,威迈斯,82.74,1
300633,开立医疗,49.27,1
2481,双塔食品,44.73,1
300278,华昌达,53.7,1
301038,深水规院,42.47,1
603605,珀莱雅,228.56,2
301139,*ST元道,2.48,1
300926,博俊科技,50.93,1
14,沙河股份,22.27,1
2425,凯撒文化,25.31,1
25,特  力Ａ,52.4,1
301386,未来电器,9.05,1
2386,天原股份,73.53,1
2866,传艺科技,26.33,1
300478,杭州高新,44.34,1
2160,常铝股份,37.31,1
300271,华宇软件,39.96,1
1379,腾达科技,10.54,1
300300,海峡创新,48.48,1
2578,闽发铝业,26.09,1
2045,国光电器,43.08,1
600740,山西焦化,85.57,1
300546,雄帝科技,20.0,1
300618,寒锐钴业,90.22,2
603955,大千生态,25.85,1
300125,*ST聆达,30.42,1
688799,华纳药厂,70.96,1
2246,北化股份,98.0,2
600159,大龙地产,19.34,1
603790,雅运股份,42.0,1
603391,力聚热能,12.98,1
600725,云维股份,39.32,1
1391,国货航,63.05,1
2967,广电计量,101.07,2
300648,星云股份,53.72,1
915,华特达因,57.42,1
603585,苏利股份,25.35,1
688137,近岸蛋白,27.27,1
2461,珠江啤酒,172.42,2
600985,淮北矿业,376.25,2
603889,新澳股份,49.27,1
600540,新赛股份,19.65,1
600241,时代万恒,19.42,1
600035,楚天高速,56.03,1
603190,亚通精工,9.89,1
688626,翔宇医疗,75.97,1
300152,*ST动力,11.26,1
688310,迈得医疗,25.73,1
301376,致欧科技,36.42,1
300175,朗源股份,25.52,1
301017,漱玉平民,33.14,1
603589,口子窖,111.49,2
600548,深高速,148.13,2
600107,*ST尔雅,22.68,1
300578,会畅科技,32.25,1
300636,同和药业,24.5,1
912,泸天化,52.84,1
300272,开能健康,25.22,1
600419,天润乳业,24.39,1
301246,宏源药业,37.89,1
603530,神马电力,206.34,2
603880,南卫股份,20.52,1
552,甘肃能化,89.05,1
2382,蓝帆医疗,52.28,1
600230,沧州大化,54.31,1
301098,金埔园林,16.65,1
605058,澳弘电子,40.96,1
2727,一心堂,39.76,1
688599,天合光能,304.07,2
603661,恒林股份,52.98,1
300061,旗天科技,40.07,1
2995,天地在线,18.86,1
2026,山东威达,46.56,1
600557,康缘药业,70.2,1
601966,玲珑轮胎,155.13,2
603331,百达精工,22.02,1
301680,固德电材,17.49,1
601949,中国出版,91.77,2
1206,依依股份,21.45,1
600358,国旅联合,26.56,1
688276,百克生物,60.81,1
16,*ST康佳A,39.76,1
600207,安彩高科,50.22,1
600391,航发科技,101.98,2
603730,岱美股份,233.98,2
513,丽珠集团,171.81,2
301046,能辉科技,34.54,1
826,*ST启环,26.79,1
2424,ST百灵,51.95,1
2380,科远智慧,45.32,1
688790,昂瑞微-UW,16.18,1
688128,中国电研,92.31,2
300091,*ST金灵,43.67,1
600478,科力远,78.61,1
600285,羚锐制药,123.04,2
300111,向日葵,37.33,1
300579,数字认证,54.44,1
300520,科大国创,75.21,1
300473,德尔股份,38.25,1
300289,利德曼,30.09,1
300082,奥克股份,52.77,1
600055,万东医疗,76.42,1
300931,通用电梯,31.75,1
2580,圣阳股份,83.14,1
300181,佐力药业,81.15,1
300485,赛升药业,26.64,1
301300,远翔新材,11.72,1
2721,金一文化,60.37,1
601939,建设银行,962.24,3
688265,南模生物,28.3,1
2374,中锐股份,32.66,1
300619,金银河,53.91,1
2096,易普力,109.16,2
688648,中邮科技,22.78,1
300871,回盛生物,45.62,1
300730,科创信息,26.44,1
601921,浙版传媒,154.22,2
600777,新潮能源,263.56,2
603633,徕木股份,28.0,1
159,国际实业,26.63,1
2819,东方中科,49.31,1
688225,亚信安全,52.56,1
603171,税友股份,164.47,2
300674,宇信科技,103.55,2
600770,综艺股份,86.06,1
300074,华平股份,19.13,1
688789,宏华数科,88.13,1
1339,智微智能,157.09,2
2307,北新路桥,48.71,1
603167,XD渤海轮,39.27,1
688651,XR盛邦安,10.55,1
601777,千里科技,352.19,2
600851,海欣股份,64.81,1
688091,上海谊众,88.68,1
600719,大连热电,31.52,1
600809,山西汾酒,1345.62,4
2377,国创高新,23.99,1
688071,华依科技,28.57,1
2237,恒邦股份,153.1,2
2717,*ST岭南,17.53,1
2247,聚力文化,13.96,1
600056,中国医药,135.93,2
688646,ST逸飞,39.23,1
301518,长华化学,13.1,1
688425,铁建重工,219.74,2
601098,XD中南传,176.37,2
605398,新炬网络,33.98,1
301049,超越科技,7.78,1
600121,郑州煤电,43.13,1
603218,日月股份,98.78,2
300659,中孚信息,18.26,1
301208,中亦科技,18.83,1
1266,宏英智能,23.49,1
2187,广百股份,33.64,1
2996,顺博合金,27.69,1
301133,金钟股份,39.33,1
983,山西焦煤,347.44,2
605368,蓝天燃气,46.02,1
929,兰州黄河,16.27,1
2453,华软科技,24.89,1
600960,渤海汽车,37.07,1
300889,爱克股份,32.79,1
300238,冠昊生物,30.76,1
2620,*ST瑞和,16.63,1
2153,石基信息,123.82,2
300269,联建光电,27.33,1
2922,伊戈尔,108.27,2
697,炼石航空,58.84,1
301207,华兰疫苗,101.57,2
301500,飞南资源,37.87,1
688085,三友医疗,43.44,1
600187,*ST国中,23.88,1
300569,天能重工,47.62,1
301301,川宁生物,52.2,1
600605,汇通能源,54.64,1
603458,勘设股份,26.6,1
600283,XD钱江水,47.39,1
2165,红 宝 丽,41.84,1
301120,新特电气,33.91,1
2688,金河生物,36.7,1
3029,吉大正元,28.69,1
688570,天玛智控,27.93,1
2945,华林证券,355.32,2
688278,特宝生物,227.36,2
603789,ST星农,17.63,1
300241,瑞丰光电,35.82,1
688030,山石网科,27.41,1
797,中国武夷,36.12,1
2906,华阳集团,129.11,2
603119,浙江荣泰,161.65,2
603960,克来机电,42.34,1
603226,菲林格尔,180.77,2
301040,中环海陆,23.29,1
603334,丰倍生物,10.22,1
300552,万集科技,29.48,1
603721,中广天择,21.4,1
300635,中达安,12.8,1
2107,沃华医药,35.83,1
688080,映翰通,28.03,1
1256,炜冈科技,29.63,1
2796,世嘉科技,76.31,1
603158,腾龙股份,55.56,1
717,中南股份,51.14,1
65,北方国际,86.97,1
688290,景业智能,64.38,1
688428,诺诚健华,80.64,1
300284,苏交科,61.24,1
600338,西藏珠峰,121.13,2
301180,万祥科技,19.4,1
300951,博硕科技,68.05,1
300261,雅本化学,42.33,1
2117,东港股份,41.83,1
600439,瑞贝卡,24.56,1
603985,恒润股份,94.26,2
2662,峰璟股份,50.25,1
603887,城地香江,54.66,1
2632,道明光学,51.12,1
603602,纵横通信,25.19,1
2197,证通电子,30.49,1
300010,ST豆神,35.43,1
300529,健帆生物,82.24,1
2058,威尔泰,25.87,1
603115,海星股份,229.38,2
300365,恒华科技,23.08,1
429,粤高速Ａ,175.95,2
410,沈阳机床,90.67,2
2114,罗平锌电,20.96,1
2955,鸿合科技,62.45,1
605166,聚合顺,26.72,1
2009,天奇股份,65.92,1
688190,云路股份,90.47,2
301152,天力锂能,15.4,1
301182,凯旺科技,77.42,1
603612,索通发展,79.75,1
505,京粮控股,33.77,1
688212,澳华内镜,37.61,1
600775,南京熊猫,63.02,1
605299,舒华体育,51.37,1
668,荣丰控股,32.63,1
603786,科博达,167.2,2
2563,森马服饰,122.27,2
600071,凤凰光学,45.0,1
301629,矽电股份,69.11,1
301418,协昌科技,12.55,1
300194,福安药业,34.96,1
503,国新健康,62.67,1
2574,明牌珠宝,22.65,1
705,浙江震元,17.54,1
300147,*ST香雪,60.28,1
688281,华秦科技,189.65,2
2988,豪美新材,53.06,1
688156,路德科技,26.19,1
603878,武进不锈,27.78,1
300984,金沃股份,54.44,1
688136,科兴制药,43.29,1
300158,振东制药,48.58,1
603325,博隆技术,17.68,1
688777,中控技术,833.49,3
300052,中青宝,29.59,1
600579,中化装备,38.45,1
300413,芒果超媒,156.83,2
300132,青松股份,28.96,1
600929,雪天盐业,76.1,1
2075,沙钢股份,74.59,1
301067,显盈科技,19.4,1
2564,天沃科技,37.19,1
300224,正海磁材,113.87,2
1212,中旗新材,67.92,1
603216,梦天家居,45.34,1
600640,国脉文化,82.8,1
2843,泰嘉股份,58.3,1
2767,先锋电子,23.7,1
2672,东江环保,30.86,1
2847,盐津铺子,109.75,2
300694,蠡湖股份,24.52,1
605277,新亚电子,61.5,1
300612,宣亚国际,20.48,1
600668,尖峰集团,29.6,1
300195,长荣股份,16.73,1
2064,华峰化学,500.65,3
688588,凌志软件,36.36,1
2130,沃尔核材,202.09,2
1390,古麒绒材,21.8,1
300555,ST路通,25.74,1
603050,科林电气,77.52,1
809,和展能源,25.24,1
688819,天能股份,211.33,2
2276,万马股份,98.19,2
1369,双欣材料,25.0,1
688520,神州细胞,166.42,2
688159,有方科技,35.4,1
601099,太平洋,231.75,2
688302,海创药业-U,38.22,1
688121,*ST卓然,6.34,1
600889,*ST京化,57.77,1
600312,平高电气,223.76,2
1373,翔腾新材,11.51,1
2161,远 望 谷,39.05,1
600860,京城股份,36.41,1
600831,广电网络,22.25,1
600182,S佳通,22.92,1
600446,金证股份,95.73,2
301322,绿通科技,43.46,1
952,广济药业,19.4,1
931,中 关 村,31.92,1
688369,致远互联,22.18,1
600630,龙头股份,29.1,1
300929,华骐环保,15.81,1
600236,桂冠电力,748.04,3
600916,中国黄金,119.62,2
603345,安井食品,239.06,2
300565,科信技术,22.02,1
601609,金田股份,184.96,2
2175,*ST东智,35.49,1
555,神州信息,98.83,2
300602,飞荣达,183.82,2
603916,苏博特,48.59,1
2042,华孚时尚,62.76,1
600784,鲁银投资,50.34,1
603616,韩建河山,21.9,1
301608,博实结,28.38,1
603393,新天然气,94.32,2
688566,吉贝尔,52.59,1
788,北大医药,31.17,1
2270,华明装备,163.02,2
683,博源化工,183.82,2
300940,南极光,22.03,1
605016,百龙创园,96.69,2
603983,丸美生物,118.5,2
603233,大参林,201.01,2
600167,联美控股,126.95,2
2671,龙泉股份,21.39,1
600789,鲁抗医药,70.01,1
605298,必得科技,91.8,2
603036,如通股份,26.45,1
2438,江苏神通,62.97,1
688399,XR硕世生,40.08,1
600993,马应龙,100.05,2
603271,永杰新材,41.65,1
1378,德冠新材,17.28,1
2296,辉煌科技,31.19,1
301057,汇隆新材,17.31,1
301662,宏工科技,34.55,1
600284,浦东建设,47.74,1
601990,南京证券,280.56,2
55,方大集团,22.03,1
300681,英搏尔,61.18,1
300315,掌趣科技,103.69,2
2420,毅昌科技,21.65,1
603717,天域生物,18.77,1
603703,盛洋科技,42.12,1
1227,兰州银行,85.62,1
301237,和顺科技,39.31,1
603353,和顺石油,57.86,1
603939,益丰药房,243.81,2
688443,智翔金泰-U,35.4,1
688069,德林海,55.13,1
688717,艾罗能源,66.06,1
737,北方铜业,237.5,2
600682,南京新百,63.56,1
603063,禾望电气,196.22,2
300705,九典制药,38.51,1
605566,福莱蒽特,38.38,1
605580,恒盛能源,57.43,1
300317,珈伟新能,30.75,1
603803,瑞斯康达,48.65,1
936,华西股份,45.36,1
603779,威龙股份,26.17,1
300848,美瑞新材,32.53,1
2355,兴民智通,26.27,1
1326,联域股份,12.92,1
301055,张小泉,56.62,1
301259,艾布鲁,37.0,1
2330,得利斯,23.25,1
897,津滨发展,27.33,1
1221,悍高集团,13.41,1
2052,同洲电子,55.7,1
300911,亿田智能,38.06,1
600369,西南证券,271.78,2
300663,科蓝软件,30.52,1
2951,金时科技,58.2,1
600529,山东药玻,120.51,2
601003,柳钢股份,87.39,1
2832,比音勒芬,80.57,1
601020,XD华钰矿,170.55,2
300816,艾可蓝,35.11,1
2729,好利科技,24.9,1
688057,XD金达莱,49.62,1
300598,诚迈科技,61.32,1
300793,佳禾智能,40.26,1
688472,阿特斯,368.32,2
301008,宏昌科技,37.81,1
2072,凯瑞德,27.23,1
300893,松原安全,40.09,1
603316,诚邦股份,49.15,1
300204,舒泰神,109.83,2
301591,肯特股份,16.03,1
2919,名臣健康,50.33,1
2674,兴业科技,90.11,2
710,贝瑞基因,25.8,1
605377,华旺科技,56.39,1
603366,日出东方,53.66,1
603269,海鸥股份,72.87,1
300013,新宁物流,21.58,1
601,韶能股份,67.49,1
2628,成都路桥,38.97,1
688633,星球石墨,44.39,1
688171,DR纬德信,32.69,1
600406,国电南瑞,1765.0,4
603777,来伊份,52.17,1
300864,南大环境,31.63,1
300035,中科电气,77.18,1
603507,振江股份,56.24,1
516,国际医学,90.4,2
300843,胜蓝股份,229.14,2
600721,百花医药,26.15,1
300250,初灵信息,22.81,1
301389,隆扬电子,190.17,2
688139,海尔生物,86.4,1
793,*ST华闻,66.62,1
2856,*ST美芝,22.25,1
300499,高澜股份,104.76,2
423,东阿阿胶,298.85,2
2020,京新药业,103.67,2
603049,中策橡胶,240.37,2
917,电广传媒,96.39,2
2690,美亚光电,62.29,1
688505,复旦张江,55.14,1
2283,天润工业,93.26,2
300968,格林精密,36.54,1
300505,川金诺,45.45,1
1313,粤海饲料,56.63,1
300733,西菱动力,34.48,1
600859,王府井,107.1,2
688381,帝奥微,102.39,2
603293,埃泰克,13.67,1
2928,华夏航空,82.57,1
300536,农尚环境,26.31,1
688379,XD华光新,59.23,1
688502,茂莱光学,323.1,2
688631,莱斯信息,72.65,1
688185,康希诺,58.65,1
688657,浩辰软件,21.44,1
600594,益佰制药,26.04,1
601606,长城军工,202.93,2
600678,ST金顶,22.2,1
603315,福鞍股份,42.61,1
601136,首创证券,386.77,2
300302,同有科技,148.67,2
300752,隆利科技,26.58,1
600426,DR华鲁恒,512.25,3
300292,吴通控股,49.99,1
688503,聚和材料,242.15,2
300945,曼卡龙,25.66,1
603088,宁波精达,40.9,1
600714,金瑞矿业,45.19,1
600459,贵研铂业,163.49,2
736,中交发展,29.21,1
300050,世纪鼎利,29.29,1
601456,国联民生,388.24,2
688385,复旦微电,399.15,2
3041,真爱美家,59.74,1
601919,中远海控,1755.4,4
300989,蕾奥规划,20.52,1
2798,帝欧水华,26.72,1
2277,友阿股份,81.56,1
600976,健民集团,42.33,1
603666,亿嘉和,58.88,1
300368,汇金股份,40.99,1
600658,电子城,45.08,1
300192,科德教育,51.65,1
300159,新研股份,58.59,1
603992,松霖科技,114.39,2
2768,国恩股份,147.01,2
2331,皖通科技,28.32,1
688686,奥普特,185.05,2
600645,中源协和,85.93,1
2905,金逸影视,26.1,1
300650,太龙股份,21.74,1
300051,琏升科技,30.46,1
301509,金凯生科,17.39,1
600323,瀚蓝环境,227.48,2
2145,钛能化学,164.44,2
301658,首航新能,24.2,1
600435,北方导航,172.26,2
539,粤电力Ａ,154.35,2
2521,齐峰新材,28.08,1
603090,宏盛股份,48.5,1
2788,鹭燕医药,39.25,1
603318,水发燃气,35.67,1
301682,宏明电子,38.28,1
688163,赛伦生物,41.99,1
300062,中能电气,25.26,1
300383,光环新网,234.52,2
300221,银禧科技,66.43,1
2349,精华制药,53.49,1
301091,深城交,84.47,1
300351,永贵电器,39.01,1
300547,川环科技,63.8,1
300406,九强生物,47.65,1
301391,卡莱特,49.23,1
688280,精进电动-W,26.76,1
300973,立高食品,29.11,1
300233,金城医药,49.0,1
597,东北制药,63.56,1
301630,同宇新材,45.27,1
300494,盛天网络,34.34,1
2284,亚太股份,69.34,1
301333,诺思格,50.58,1
688776,国光电气,62.0,1
301025,读客文化,22.75,1
688068,热景生物,115.29,2
300086,康芝药业,27.54,1
300591,万里马,22.57,1
402,金 融 街,74.12,1
300753,爱朋医疗,17.12,1
300291,百纳千成,46.87,1
603402,陕西旅游,15.11,1
688226,威腾电气,69.71,1
688148,芳源股份,38.31,1
600130,波导股份,31.05,1
300516,久之洋,84.19,1
300354,东华测试,28.38,1
301000,肇民科技,64.34,1
300999,金龙鱼,132.46,2
301531,春光集团,26.82,1
2148,北纬科技,28.54,1
691,亚太实业,36.79,1
200725,京东方Ｂ,35.48,1
600076,康欣新材,43.29,1
300206,理邦仪器,40.74,1
300595,欧普康视,71.6,1
2613,北玻股份,25.76,1
2848,高斯贝尔,22.83,1
1230,劲旅环境,19.36,1
300854,中兰环保,19.74,1
301313,凡拓数创,32.05,1
600893,航发动力,953.32,3
430,张家界,25.49,1
2166,莱茵生物,46.83,1
600602,云赛智联,184.46,2
10,*ST美丽,15.37,1
603558,健盛集团,39.88,1
3033,征和工业,56.69,1
601555,东吴证券,397.5,2
600657,信达地产,68.16,1
300936,中英科技,46.52,1
688733,壹石通,82.91,1
678,襄阳轴承,38.93,1
688373,盟科药业-U,34.06,1
301628,强达电路,24.49,1
2367,康力电梯,48.23,1
300127,银河磁体,59.11,1
1237,惠康科技,20.62,1
1207,联科科技,45.33,1
300012,华测检测,193.65,2
2707,众信旅游,41.95,1
301179,泽宇智能,48.16,1
300716,*ST泉为,28.0,1
300248,新开普,31.41,1
600377,宁沪高速,476.03,2
2046,国机精工,332.74,2
2191,劲嘉股份,52.74,1
300078,思创智联,32.4,1
688759,必贝特-U,16.77,1
601789,XD宁波建,44.12,1
60,中金岭南,288.23,2
600039,四川路桥,733.91,3
2916,深南电路,2832.09,4
600792,云煤能源,36.63,1
2480,新筑股份,38.92,1
2099,海翔药业,84.72,1
300721,怡达股份,39.04,1
603052,可川科技,130.55,2
2554,惠博普,40.27,1
601088,中国神华,6932.83,4
688077,大地熊,32.45,1
300189,神农种业,37.67,1
600825,新华传媒,51.3,1
688609,九联科技,51.85,1
688798,艾为电子,93.66,2
688778,厦钨新能,250.58,2
301393,昊帆生物,27.99,1
300457,赢合科技,125.06,2
300395,菲利华,528.69,3
403,派林生物,86.73,1
688697,纽威数控,89.96,1
688045,必易微,50.33,1
301468,博盈特焊,35.89,1
2795,永和智控,28.02,1
601198,东兴证券,445.43,2
600155,华创云信,118.42,2
300654,世纪天鸿,36.6,1
300745,欣锐科技,68.2,1
688512,慧智微-U,49.76,1
2810,山东赫达,66.68,1
3004,声迅股份,57.06,1
300683,海特生物,31.64,1
601238,广汽集团,383.21,2
2263,大东南,54.47,1
739,普洛药业,208.44,2
3035,南网能源,208.71,2
2546,新联电子,61.61,1
603113,金能科技,35.38,1
301487,盟固利,47.14,1
301027,华蓝集团,23.73,1
300676,华大基因,150.65,2
688351,微电生理,103.11,2
300979,华利集团,351.26,2
603323,苏农银行,89.7,1
721,西安饮食,28.69,1
2925,盈趣科技,164.49,2
300084,海默科技,54.16,1
2806,华锋股份,27.37,1
2930,宏川智慧,38.78,1
300523,辰安科技,45.46,1
676,智度股份,67.11,1
2833,弘亚数控,49.13,1
603139,康惠股份,40.79,1
688320,禾川科技,53.47,1
300359,全通教育,22.99,1
603686,福龙马,53.38,1
2335,科华数据,238.16,2
2238,天威视讯,45.02,1
300541,先进数通,39.69,1
688781,视涯科技-UW,18.36,1
605228,神通科技,68.28,1
603200,上海洗霸,68.28,1
2736,国信证券,966.05,3
300560,中富通,35.34,1
2537,海联金汇,62.63,1
2840,华统股份,62.54,1
600801,华新建材,230.77,2
802,北京文化,27.33,1
605056,咸亨国际,59.58,1
300832,新产业,297.7,2
688297,中无人机,284.04,2
506,招金黄金,127.6,2
688593,新相微,155.18,2
300277,汽轮科技,106.47,2
603103,横店影视,94.37,2
301029,怡合达,133.85,2
603598,引力传媒,44.83,1
688007,光峰科技,54.0,1
29,深深房Ａ,201.69,2
300310,宜通世纪,28.69,1
603520,司太立,42.26,1
59,华锦股份,64.94,1
2081,金 螳 螂,107.89,2
300720,海川智能,174.53,2
157,中联重科,513.26,3
300072,海新能科,79.27,1
300692,中赋科技,41.97,1
2907,华森制药,47.62,1
688197,首药控股-U,26.3,1
300870,欧陆通,417.59,2
300103,达刚控股,23.55,1
603166,福达股份,69.65,1
300190,维尔利,37.96,1
300222,科大智能,72.44,1
603595,ST东尼,69.5,1
978,桂林旅游,25.18,1
600734,*ST实达,37.68,1
2624,完美世界,208.0,2
300174,元力股份,84.17,1
2899,英派斯,30.12,1
688184,ST帕瓦,11.06,1
688590,新致软件,35.75,1
2036,联创电子,71.35,1
677,ST海龙,14.17,1
2785,万里石,70.49,1
301072,中捷精工,27.78,1
300197,节能铁汉,56.64,1
301071,力量钻石,144.72,2
301538,骏鼎达,19.37,1
300559,佳发教育,32.2,1
2315,焦点科技,61.94,1
609,*ST中迪,34.14,1
300751,迈为股份,514.91,3
2498,汉缆股份,202.27,2
2076,星光股份,22.41,1
301248,杰创智能,88.54,1
601016,节能风电,207.72,2
2560,通达股份,43.45,1
688615,合合信息,155.15,2
300188,国投智能,86.83,1
605168,三人行,94.49,2
300682,朗新科技,104.27,2
300055,万邦达,37.4,1
301228,实朴检测,88.51,1
300586,美联新材,62.92,1
300350,华鹏飞,19.0,1
603358,华达科技,190.02,2
605118,力鼎光电,137.46,2
300812,易天股份,40.55,1
2590,万安科技,47.27,1
2552,宝鼎科技,222.35,2
301045,天禄科技,64.84,1
605167,利柏特,81.84,1
2965,祥鑫科技,97.89,2
301603,乔锋智能,52.47,1
600201,生物股份,135.41,2
600398,海澜之家,268.96,2
948,南天信息,51.76,1
300120,经纬辉开,41.83,1
2668,TCL智家,113.61,2
632,ST三木,15.69,1
688116,天奈科技,135.18,2
301687,新广益,18.26,1
2962,五方光电,30.12,1
600389,江山股份,79.67,1
2667,*ST威领,26.62,1
300966,共同药业,23.1,1
600882,妙可蓝多,98.54,2
600538,国发股份,27.63,1
688235,百济神州,308.16,2
300841,康华生物,56.7,1
600730,*ST高科,60.72,1
300299,富春股份,34.94,1
2406,远东传动,39.2,1
601788,光大证券,585.22,3
688191,智洋创新,87.68,1
301617,博苑新材,37.01,1
600009,上海机场,467.37,2
688559,海目星,152.42,2
300057,万顺新材,58.09,1
2047,宝鹰股份,60.65,1
600316,洪都航空,205.17,2
750,国海证券,215.62,2
603386,骏亚科技,49.96,1
600838,上海九百,28.3,1
600967,内蒙一机,185.84,2
600873,梅花生物,226.02,2
600588,用友网络,330.42,2
758,中色股份,114.21,2
300232,洲明科技,44.9,1
603439,三力制药,48.38,1
688448,磁谷科技,59.02,1
2434,万里扬,78.68,1
35,中国天楹,105.94,2
300100,双林股份,141.61,2
2673,西部证券,290.97,2
300846,首都在线,88.85,1
603027,千禾味业,87.85,1
2372,伟星新材,117.37,2
603129,春风动力,386.79,2
688318,财富趋势,257.67,2
3013,地铁设计,61.62,1
955,欣龙控股,22.93,1
2735,王子新材,35.89,1
301356,天振股份,29.91,1
300980,祥源新材,30.06,1
688708,佳驰科技,71.6,1
300401,花园生物,88.77,1
968,蓝焰控股,60.47,1
56,*ST皇庭,18.98,1
301096,百诚医药,42.13,1
300959,线上线下,64.79,1
300768,迪普科技,67.77,1
600600,青岛啤酒,379.38,2
300651,金陵体育,17.49,1
2946,新乳业,118.42,2
600216,浙江医药,112.55,2
600158,中体产业,62.75,1
2067,景兴纸业,54.57,1
2352,顺丰控股,1527.83,4
2255,海陆重工,53.91,1
603459,红板科技,71.98,1
2891,中宠股份,87.23,1
300296,利亚德,122.07,2
509,华塑控股,34.45,1
600038,中直股份,169.98,2
2290,禾盛新材,203.99,2
300780,德恩精工,37.05,1
600683,京投发展,76.67,1
300020,ST银江,24.45,1
300002,神州泰岳,155.49,2
688313,仕佳光子,667.27,3
600458,时代新材,109.61,2
688143,长盈通,191.64,2
2268,电科网安,129.66,2
300533,冰川网络,41.34,1
600108,亚盛集团,56.85,1
2285,世联行,41.28,1
729,燕京啤酒,272.29,2
688073,毕得医药,48.21,1
2298,中电鑫龙,47.44,1
300047,天源迪科,54.58,1
300855,图南股份,93.19,2
300068,ST南都,39.35,1
600499,科达制造,276.75,2
2575,群兴玩具,28.46,1
600808,马钢股份,146.21,2
601881,中国银河,937.3,3
603991,领先股份,144.43,2
300493,润欣科技,69.96,1
2771,真视通,23.04,1
2213,大为股份,68.18,1
603861,白云电器,68.93,1
301408,华人健康,33.38,1
2443,金洲管道,48.84,1
777,中核科技,65.22,1
300820,英杰电气,75.46,1
600288,大恒科技,72.25,1
301238,瑞泰新材,127.45,2
776,广发证券,1284.13,4
408,藏格矿业,1087.25,4
2173,创新医疗,73.95,1
1205,盛航股份,22.16,1
2445,中南文化,65.55,1
2830,名雕股份,15.23,1
605366,宏柏新材,79.68,1
600021,上海电力,395.06,2
3006,百亚股份,58.67,1
2152,广电运通,254.92,2
301042,安联锐视,63.72,1
600185,珠免集团,84.45,1
592,平潭发展,117.01,2
603285,键邦股份,25.95,1
935,四川双马,203.69,2
600621,华鑫股份,142.37,2
300468,四方精创,106.33,2
688127,蓝特光学,321.07,2
688112,鼎阳科技,110.15,2
603011,合锻智能,121.63,2
2948,青岛银行,188.44,2
2793,罗欣药业,49.95,1
603818,曲美家居,23.69,1
301565,中仑新材,26.57,1
859,国风新材,77.23,1
301216,万凯新材,100.15,2
601059,信达证券,538.01,3
300866,安克创新,325.79,2
603477,巨星农牧,79.83,1
300219,鸿利智汇,53.7,1
2452,长高电气,57.9,1
688678,福立旺,85.18,1
301155,海力风电,50.54,1
603328,依顿电子,108.73,2
2607,中公教育,105.33,2
2134,天津普林,67.47,1
300157,新锦动力,28.05,1
688172,燕东微,938.86,3
908,石药景峰,59.38,1
300093,金刚光伏,48.99,1
501,武商集团,52.78,1
300938,信测标准,127.48,2
1257,盛龙股份,34.46,1
603590,康辰药业,50.52,1
600490,鹏欣资源,117.76,2
688779,五矿新能,144.31,2
155,川能动力,201.23,2
600403,大有能源,117.39,2
688327,云从科技-UW,101.02,2
2366,融发核电,97.51,2
600095,湘财股份,213.3,2
601877,正泰电器,521.98,3
300287,飞利信,51.15,1
688319,欧林生物,179.92,2
600763,通策医疗,153.6,2
2388,新亚制程,22.73,1
301219,腾远钴业,130.85,2
603876,鼎胜新材,195.15,2
751,锌业股份,68.24,1
3022,联泓新科,277.43,2
600793,宜宾纸业,29.08,1
818,航锦科技,93.66,2
688117,圣诺生物,64.36,1
688621,阳光诺和,57.8,1
688169,石头科技,259.31,2
603398,*ST沐邦,58.85,1
791,甘肃能源,140.91,2
2545,东方铁塔,186.82,2
301110,青木科技,33.41,1
600722,金牛化工,54.7,1
300083,创世纪,198.6,2
300739,明阳电路,97.39,2
17,深中华A,26.41,1
967,盈峰环境,304.88,2
2487,大金重工,291.55,2
688209,英集芯,119.94,2
1286,陕西能源,133.78,2
300229,拓尔思,119.78,2
600018,上港集团,1176.28,4
2078,太阳纸业,363.83,2
2885,京泉华,80.83,1
997,新 大 陆,164.51,2
301669,高特电子,27.81,1
600990,四创电子,51.81,1
417,合百集团,60.61,1
601001,晋控煤业,285.87,2
603183,建研院,22.07,1
2039,黔源电力,80.51,1
688332,中科蓝讯,244.61,2
525,红太阳,45.14,1
300154,瑞凌股份,27.2,1
2520,日发精机,48.21,1
603007,顺景科技,36.56,1
300376,易事特,118.23,2
301293,三博脑科,103.92,2
601121,宝地矿业,51.36,1
603608,天创时尚,110.76,2
603407,长裕集团,24.58,1
2522,浙江众成,47.06,1
572,海马汽车,58.63,1
2515,金字火腿,92.45,2
600079,ST人福,267.43,2
300196,长海股份,50.91,1
300883,龙利得,19.94,1
603435,嘉德利,18.86,1
300803,指南针,492.2,2
300522,世名科技,45.96,1
688368,晶丰明源,223.62,2
2412,汉森制药,29.87,1
2910,庄园牧场,18.2,1
300257,开山股份,259.68,2
2506,协鑫集成,157.8,2
688508,芯朋微,118.09,2
300166,东方国信,144.92,2
300128,锦富技术,65.78,1
300001,特锐德,330.33,2
300831,ST派瑞,31.71,1
601126,四方股份,450.08,2
2439,启明星辰,97.49,2
2266,浙富控股,252.3,2
2741,光华科技,129.7,2
688380,中微半导,232.33,2
600773,西藏城投,116.09,2
2083,孚日股份,88.04,1
300369,绿盟科技,53.39,1
300139,晓程科技,89.21,1
300133,华策影视,124.31,2
2418,康盛股份,41.36,1
601216,君正集团,367.05,2
600109,国金证券,316.44,2
601666,平煤股份,187.92,2
300679,电连技术,204.41,2
688031,星环科技-U,130.9,2
688108,赛诺医疗,81.04,1
300179,四方达,180.45,2
659,珠海中富,35.36,1
2645,华宏科技,150.74,2
2864,盘龙药业,20.79,1
688337,普源精电,101.47,2
300557,理工光科,47.73,1
300919,中伟新材,353.08,2
300207,欣旺达,296.68,2
688719,爱科赛博,58.8,1
688206,概伦电子,205.89,2
600208,衢州发展,247.58,2
2652,扬子新材,21.15,1
600496,精工钢构,64.08,1
688155,先惠技术,83.99,1
688158,优刻得-W,152.43,2
300046,台基股份,69.4,1
300429,强力新材,61.74,1
603937,丽岛新材,23.35,1
688658,悦康药业,62.77,1
2733,雄韬股份,85.98,1
600392,盛和资源,425.76,2
605287,德才股份,60.9,1
688316,青云科技-U,26.09,1
300537,广信材料,38.59,1
688685,迈信林,71.3,1
2318,久立特材,179.58,2
2549,凯美特气,112.92,2
600552,凯盛科技,209.04,2
2797,第一创业,272.32,2
571,新大洲A,52.1,1
688582,芯动联科,230.6,2
2527,新时达,60.93,1
2079,苏州固锝,110.29,2
605305,中际联合,90.6,2
301419,阿莱德,37.86,1
12,南  玻Ａ,81.7,1
688237,超卓航科,47.82,1
2289,宇顺电子,118.09,2
300316,晶盛机电,582.28,3
949,新乡化纤,91.27,2
601069,西部黄金,220.91,2
300163,先锋新材,28.72,1
656,金科股份,99.39,2
2669,康达新材,40.99,1
301366,一博科技,60.41,1
600759,ST洲际,104.42,2
300420,五洋自控,93.21,2
600936,北投科技,76.87,1
603319,美湖股份,106.49,2
600331,宏达股份,216.2,2
301377,鼎泰高科,461.62,2
688390,固德威,178.7,2
688486,龙迅股份,108.83,2
600301,华锡有色,135.99,2
300438,鹏辉能源,262.59,2
600104,上汽集团,1163.32,4
2635,安洁科技,68.66,1
600397,江钨装备,186.51,2
2670,国盛证券,187.66,2
603124,江南新材,116.27,2
2203,海亮股份,431.37,2
600869,XD远东股,496.69,2
617,中油资本,855.87,3
603039,泛微网络,104.07,2
50,深天马Ａ,188.77,2
688170,德龙激光,64.68,1
2940,昂利康,50.23,1
1696,宗申动力,165.98,2
600379,宝光股份,48.8,1
601601,中国太保,2027.5,4
600589,大位科技,128.77,2
2559,亚威股份,59.42,1
600162,香江控股,78.77,1
300604,长川科技,1724.46,4
2155,湖南黄金,371.25,2
559,万向钱潮,398.38,2
300545,联得装备,38.64,1
1330,博纳影业,61.86,1
2222,福晶科技,362.58,2
688006,杭可科技,156.41,2
301486,致尚科技,144.86,2
300561,汇金科技,41.05,1
786,北新建材,291.78,2
301678,新恒汇,82.55,1
2584,西陇科学,41.03,1
601857,中国石油,15010.18,4
300497,富祥股份,82.91,1
603160,汇顶科技,272.6,2
688005,容百科技,190.73,2
301051,信濠光电,46.52,1
689009,九号公司-WD,212.64,2
2703,浙江世宝,78.94,1
600025,华能水电,1792.31,4
300553,集智股份,66.96,1
601898,中煤能源,1159.56,4
2132,恒星科技,76.12,1
688721,龙图光罩,30.69,1
600577,精达股份,186.38,2
605499,东鹏饮料,821.43,3
300377,赢时胜,96.18,2
2378,章源钨业,327.1,2
688227,品高股份,105.71,2
300162,雷曼光电,36.17,1
688800,瑞可达,228.29,2
688223,晶科能源,450.83,2
601901,方正证券,587.77,3
605060,联德股份,117.56,2
3018,金富科技,153.35,2
2654,万润科技,150.12,2
2805,丰元股份,61.53,1
2759,天际股份,105.6,2
600862,中航高科,273.46,2
2051,中工国际,109.76,2
300199,翰宇药业,189.57,2
688271,联影医疗,898.33,3
603638,艾迪精密,200.18,2
600885,宏发股份,537.02,3
300432,富临精工,282.18,2
688676,金盘科技,357.76,2
2077,大港股份,111.25,2
688786,悦安新材,63.16,1
600999,招商证券,1525.96,4
2773,康弘药业,153.22,2
2057,中钢天源,68.78,1
601995,中金公司,1057.45,4
301550,斯菱智驱,185.75,2
518,四环生物,41.8,1
2585,双星新材,88.59,1
2235,安妮股份,48.05,1
2176,江特电机,147.55,2
301345,涛涛车业,90.38,2
603444,吉比特,259.49,2
603399,永杉锂业,83.09,1
688535,华海诚科,226.46,2
301580,爱迪特,54.33,1
600026,中远海能,603.67,3
688138,清溢光电,137.88,2
300440,运达科技,93.81,2
688003,天准科技,187.95,2
688661,和林微纳,213.22,2
688216,气派科技,39.63,1
688478,晶升股份,92.15,2
603920,世运电路,300.92,2
601519,大智慧,159.53,2
2539,云图控股,90.85,2
600259,中稀有色,282.03,2
2648,卫星化学,763.52,3
603619,中曼石油,88.45,1
2518,科士达,231.66,2
2217,ST合力泰,117.2,2
2137,实益达,47.65,1
300624,万兴科技,89.26,1
603938,三孚股份,201.99,2
762,西藏矿业,122.34,2
2104,恒宝股份,60.33,1
600171,上海贝岭,200.48,2
601668,中国建筑,1896.61,4
2842,翔鹭钨业,94.9,2
688205,德科立,270.23,2
688603,天承科技,174.64,2
688635,长进光子,69.43,1
300244,迪安诊断,102.6,2
300531,优博讯,50.14,1
688262,国芯科技,147.84,2
2249,大洋电机,136.29,2
300263,隆华科技,127.21,2
301607,富特科技,84.34,1
300469,信息发展,148.37,2
603179,新泉股份,332.53,2
688213,思特威-W,321.44,2
688711,宏微科技,70.97,1
601006,XD大秦铁,929.58,3
728,国元证券,316.37,2
603773,沃格光电,265.44,2
603738,泰晶科技,179.71,2
688027,国盾量子,359.03,2
2027,分众传媒,694.67,3
301095,广立微,180.69,2
300303,聚飞光电,117.05,2
2141,贤丰控股,53.2,1
672,上峰材料,190.49,2
593,德龙汇能,79.8,1
601101,昊华能源,152.35,2
688353,华盛锂电,149.48,2
600888,新疆众和,182.49,2
300727,润禾材料,54.78,1
603067,振华股份,304.17,2
603379,三美股份,378.8,2
519,中兵红箭,243.98,2
2993,奥海科技,133.03,2
688449,联芸科技,228.7,2
2106,莱宝高科,82.05,1
969,安泰科技,208.06,2
415,渤海租赁,225.96,2
2859,洁美科技,335.8,2
600111,北方稀土,1536.76,4
300073,当升科技,216.96,2
300763,锦浪科技,206.01,2
603990,麦迪科技,61.81,1
688518,联赢激光,80.04,1
2294,信立泰,413.84,2
3026,中晶科技,56.19,1
300353,东土科技,106.93,2
300019,硅宝科技,74.13,1
600961,株冶集团,199.38,2
300566,激智科技,69.61,1
1248,华润新能,154.05,2
688308,欧科亿,211.18,2
2074,国轩高科,440.44,2
605006,山东玻纤,109.48,2
601225,陕西煤业,2222.09,4
603778,国晟科技,72.77,1
688531,日联科技,205.29,2
301292,海科新源,52.0,1
600545,卓郎智能,96.73,2
603002,宏昌电子,215.47,2
2738,中矿资源,368.42,2
301251,威尔高,39.27,1
2261,拓维信息,367.67,2
300540,蜀道装备,92.9,2
600366,宁波韵升,167.6,2
301321,翰博高新,70.41,1
600114,东睦股份,201.8,2
300814,中富电路,313.56,2
2426,胜利精密,114.33,2
2931,锋龙股份,118.02,2
688662,富信科技,124.52,2
600237,铜峰电子,66.58,1
551,创元科技,90.37,2
301201,诚达药业,40.03,1
300209,行云科技,184.08,2
600520,三佳科技,55.45,1
688322,奥比中光-W,374.71,2
603308,XD应流股,366.35,2
603688,石英股份,354.8,2
688783,西安奕材-U,94.81,2
600203,福日电子,75.43,1
32,深桑达Ａ,246.71,2
823,超声电子,107.39,2
603989,艾华集团,152.73,2
603687,大胜达,83.49,1
603806,福斯特,371.49,2
300085,银之杰,202.78,2
600096,云天化,497.13,2
300480,光力科技,104.74,2
688596,正帆科技,200.1,2
600938,XD中国海,841.68,3
300975,商络电子,175.67,2
600977,中国电影,259.14,2
603061,金海通,390.41,2
536,华映科技,93.94,2
688052,纳芯微,357.18,2
600596,新安股份,169.91,2
601678,滨化股份,111.16,2
600906,财达证券,151.25,2
688392,骄成超声,235.97,2
601688,华泰证券,1474.5,4
688179,阿拉丁,93.83,2
601988,XD中国银,12203.32,4
300964,本川智能,53.64,1
301316,慧博云通,170.98,2
688401,路维光电,162.41,2
688400,XD凌云光,251.6,2
688147,微导纳米,645.46,3
300033,同花顺,994.4,3
1,平安银行,2027.89,4
605020,永和股份,177.88,2
686,东北证券,190.75,2
301358,湖南裕能,482.67,2
688017,XD绿的谐,742.49,3
600760,中航沈飞,1141.72,4
300776,帝尔激光,281.54,2
2643,万润股份,161.68,2
688207,格灵深瞳,58.74,1
688103,国力电子,98.18,2
603137,恒尚节能,48.93,1
973,佛塑科技,117.54,2
600884,杉杉股份,215.81,2
2245,蔚蓝锂芯,307.5,2
601958,金钼股份,722.76,3
300811,铂科新材,283.29,2
688530,欧莱新材,53.52,1
688301,奕瑞科技,329.71,2
605111,新洁能,304.6,2
600563,法拉电子,323.21,2
688,国城矿业,368.2,2
603222,济民健康,51.88,1
601108,财通证券,396.11,2
628,高新发展,80.64,1
1203,大中矿业,377.42,2
600500,中化国际,231.45,2
605117,德业股份,1069.51,4
1301,尚太科技,127.0,2
603260,合盛硅业,482.1,2
2409,雅克科技,659.88,3
688813,泰金新能,51.11,1
603799,华友钴业,783.55,3
688275,万润新能,122.83,2
300328,宜安科技,82.79,1
603893,瑞芯微,883.0,3
603203,快克智能,192.69,2
2326,永太科技,161.71,2
601318,中国平安,5274.6,4
688809,强一股份,141.48,2
300164,通源石油,51.67,1
603678,火炬电子,282.72,2
688258,卓易信息,164.4,2
688372,伟测科技,291.95,2
2429,兆驰股份,466.01,2
3031,中瓷电子,483.16,2
300382,斯莱克,129.15,2
688802,沐曦股份-U,168.49,2
300450,先导智能,565.29,3
603928,兴业股份,64.05,1
301611,珂玛科技,213.38,2
301489,思泉新材,107.15,2
603618,杭电股份,243.43,2
600036,XD招商银,7607.95,4
688187,时代电气,442.45,2
600641,先导基电,397.38,2
300623,捷捷微电,285.07,2
603283,赛腾股份,232.49,2
601162,天风证券,319.84,2
603290,斯达半导,296.49,2
688135,利扬芯片,99.14,2
301086,鸿富瀚,107.51,2
300364,中文在线,163.46,2
603588,高能环境,225.59,2
603906,龙蟠科技,124.76,2
603950,长源东谷,231.57,2
688536,思瑞浦,419.16,2
603268,松发股份,372.45,2
601328,XD交通银,1723.39,4
2600,领益智造,1091.48,4
603659,璞泰来,527.47,3
2903,宇环数控,35.58,1
300706,阿石创,74.08,1
600141,兴发集团,408.95,2
333,美的集团,5420.54,4
688047,龙芯中科,589.87,3
603501,豪威集团,1245.5,4
603026,石大胜华,159.77,2
300088,长信科技,211.27,2
688411,海博思创,288.1,2
300260,新莱应材,239.75,2
688183,生益电子,1030.24,4
600673,东阳光,1115.08,4
1389,广合科技,267.02,2
600989,宝丰能源,1490.14,4
600105,永鼎股份,716.96,3
300620,光库科技,718.58,3
600028,中国石化,4510.22,4
300131,英唐智控,196.99,2
300806,斯迪克,262.02,2
600367,红星发展,132.59,2
70,特发信息,154.21,2
600707,彩虹股份,428.73,2
600497,驰宏锌锗,479.34,2
600549,厦门钨业,984.42,3
300769,德方纳米,129.0,2
2579,中京电子,103.5,2
300661,圣邦股份,747.07,3
688627,精智达,434.8,2
688019,安集科技,711.6,3
2971,和远气体,86.12,1
2119,康强电子,120.95,2
688548,广钢气体,301.37,2
2456,欧菲光,314.18,2
600958,东方证券,681.22,3
688689,银河微电,76.78,1
2273,水晶光电,421.02,2
603663,三祥新材,313.45,2
688328,深科达,111.68,2
2897,意华股份,151.84,2
600089,特变电工,1013.59,4
603629,利通电子,420.6,2
2756,永兴材料,186.8,2
301396,宏景科技,368.14,2
688037,芯源微,772.7,3
2129,TCL中环,430.64,2
2353,杰瑞股份,1044.85,4
300017,网宿科技,354.96,2
600226,亨通股份,244.2,2
601872,XD招商轮,1249.13,4
688605,先锋精科,110.36,2
1399,惠科股份,159.44,2
300548,长芯博创,604.41,3
300236,上海新阳,333.42,2
600206,有研新材,507.93,3
688691,灿芯股份,78.44,1
300655,晶瑞电材,197.27,2
2747,埃斯顿,334.71,2
301666,大普微-UW,149.1,2
2281,光迅科技,1822.07,4
603078,江化微,179.63,2
792,盐湖股份,1344.05,4
300077,国民技术,144.92,2
2138,顺络电子,409.34,2
300041,回天新材,81.99,1
688333,铂力特,304.63,2
688766,普冉股份,1045.39,4
688048,长光华芯,785.5,3
600110,诺德股份,222.45,2
300418,昆仑万维,580.85,3
688728,格科微,543.51,3
605589,圣泉集团,443.09,2
600330,天通股份,294.79,2
600353,旭光电子,349.76,2
601066,中信建投,1770.07,4
300319,麦捷科技,175.53,2
2179,中航光电,819.7,3
688110,东芯股份,725.5,3
688249,晶合集成,1086.51,4
688002,睿创微纳,700.23,3
688234,天岳先进,609.24,3
2837,英维克,831.34,3
688233,神工股份,294.65,2
783,长江证券,483.33,2
603650,彤程新材,508.48,3
300757,罗博特科,794.95,3
688082,盛美上海,1875.71,4
603005,晶方科技,286.76,2
2208,合肥城建,156.04,2
600183,生益科技,3577.15,4
601211,国泰海通,2469.93,4
688106,金宏气体,184.12,2
688720,艾森股份,82.36,1
2436,兴森科技,624.32,3
2990,盛视科技,81.38,1
63,中兴通讯,1632.39,4
988,华工科技,1588.58,4
688729,屹唐股份,639.51,3
2491,通鼎互联,259.76,2
688652,京仪装备,251.16,2
600378,昊华科技,649.76,3
2841,视源股份,273.45,2
300346,南大光电,487.2,2
301013,利和兴,105.41,2
688584,上海合晶,148.92,2
66,中国长城,627.37,3
605358,立昂微,471.5,2
300014,亿纬锂能,1160.6,4
2056,横店东磁,434.7,2
688268,华特气体,249.26,2
300037,新宙邦,396.85,2
301269,华大九天,613.07,3
688362,甬矽电子,485.64,2
600601,方正科技,549.64,3
300671,富满微,194.25,2
688141,杰华特,687.42,3
2025,航天电器,359.87,2
2497,雅化集团,198.14,2
300666,江丰电子,752.77,3
601208,东材科技,551.66,3
300223,北京君正,927.31,3
2396,星网锐捷,208.06,2
600246,万通发展,374.3,2
2415,海康威视,3116.49,4
2028,思源电气,926.78,3
688126,沪硅产业,1034.52,4
301217,铜冠铜箔,1095.05,4
2851,麦格米特,741.41,3
2617,露笑科技,158.47,2
2460,赣锋锂业,649.58,3
2192,融捷股份,184.36,2
2466,天齐锂业,705.4,3
601869,长飞光纤,1686.43,4
2156,通富微电,1076.63,4
688795,摩尔线程-U,211.88,2
2240,盛新锂能,311.3,2
688797,臻宝科技,129.98,2
2812,恩捷股份,450.82,2
300373,扬杰科技,643.36,3
2371,北方华创,5808.13,4
2475,立讯精密,4551.8,4
600176,中国巨石,2212.17,4
688469,芯联集成-U,528.87,3
300821,东岳硅材,323.46,2
688702,盛科通信-U,768.69,3
688347,华虹宏力,1508.14,4
688396,华润微,1050.61,4
600460,士兰微,740.68,3
688549,中巨芯-U,172.85,2
600172,黄河旋风,216.96,2
300502,新易盛,6560.32,4
600160,巨化股份,1172.23,4
2463,沪电股份,2488.89,4
2407,多氟多,443.37,2
600703,三安光电,845.14,3
2709,天赐材料,604.51,3
100,TCL科技,1030.06,4
688820,盛合晶微,331.9,2
300390,天华新能,441.68,2
300285,国瓷材料,632.57,3
300059,东方财富,2696.03,4
636,风华高科,694.32,3
600667,太极实业,528.32,3
301308,江波龙,1656.16,4
300433,蓝思科技,2168.78,4
300054,鼎龙股份,617.57,3
600487,亨通光电,1908.69,4
1309,德明利,1320.51,4
688521,芯原股份,1535.67,4
600522,中天科技,1566.89,4
688146,中船特气,426.2,2
688981,中芯国际,3259.69,4
688525,佰维存储,1832.04,4
600584,长电科技,1809.28,4
2384,东山精密,3359.06,4
300274,阳光电源,1822.32,4
688008,澜起科技,3068.66,4
300476,胜宏科技,2353.33,4
601138,工业富联,13150.68,4
977,浪潮信息,1313.11,4
300750,宁德时代,14846.84,4
725,京东方Ａ,2684.37,4
300308,中际旭创,12142.52,4
603986,兆易创新,4091.17,4
688072,拓荆科技,2352.01,4
603580,艾艾精工,40.09,1
601369,陕鼓动力,154.41,2
600405,动力源,28.25,1
301234,五洲医疗,13.66,1
300567,精测电子,674.56,3
300214,日科化学,47.65,1
200706,瓦轴B,4.44,1
2677,浙江美大,39.87,1
8,神州高铁,64.1,1
